engine,version,renderer,runId,sceneId,scenario,metric,unit,sample,value
Atlas,1c2e54b3b8df+bench,SVG,instrument-2026-10-07T06-46-37.937Z,points-3000-seed-41544c53,load,load_promise_ms,ms,0,13.5
Atlas,1c2e54b3b8df+bench,SVG,instrument-2026-10-07T06-46-37.937Z,points-3000-seed-41544c53,load,create_to_raf_opportunities_ms,ms,0,77.59999990463257
Atlas,1c2e54b3b8df+bench,SVG,instrument-2026-10-07T06-46-37.937Z,points-3000-seed-41544c53,load,semantic_roots,count,0,3000
Atlas,1c2e54b3b8df+bench,SVG,instrument-2026-10-07T06-46-37.937Z,points-3000-seed-41544c53,load,owned_points,count,0,0
Atlas,1c2e54b3b8df+bench,SVG,instrument-2026-10-07T06-46-37.937Z,points-3000-seed-41544c53,load,visual_primitives,count,0,3000
Atlas,1c2e54b3b8df+bench,SVG,instrument-2026-10-07T06-46-37.937Z,points-3000-seed-41544c53,load,svg_element_nodes,count,0,6002
Atlas,1c2e54b3b8df+bench,SVG,instrument-2026-10-07T06-46-37.937Z,points-3000-seed-41544c53,load,shadow_element_nodes,count,0,6003
Atlas,1c2e54b3b8df+bench,SVG,instrument-2026-10-07T06-46-37.937Z,points-3000-seed-41544c53,load,shadow_dom_nodes,count,0,6006
Atlas,1c2e54b3b8df+bench,SVG,instrument-2026-10-07T06-46-37.937Z,points-3000-seed-41544c53,load,root_iterator_creations,count,0,4
Atlas,1c2e54b3b8df+bench,SVG,instrument-2026-10-07T06-46-37.937Z,points-3000-seed-41544c53,load,root_iterator_next_calls,count,0,6004
Atlas,1c2e54b3b8df+bench,SVG,instrument-2026-10-07T06-46-37.937Z,points-3000-seed-41544c53,load,svg_attribute_writes,count,0,24008
Atlas,1c2e54b3b8df+bench,SVG,instrument-2026-10-07T06-46-37.937Z,points-3000-seed-41544c53,load,renderer_calls,count,0,2
Atlas,1c2e54b3b8df+bench,SVG,instrument-2026-10-07T06-46-37.937Z,points-3000-seed-41544c53,load,renderer_scene_reads,count,0,2
Atlas,1c2e54b3b8df+bench,SVG,instrument-2026-10-07T06-46-37.937Z,points-3000-seed-41544c53,load,svg_attribute_removals,count,0,3000
Atlas,1c2e54b3b8df+bench,SVG,instrument-2026-10-07T06-46-37.937Z,points-3000-seed-41544c53,load,layout_rect_reads,count,0,0
Atlas,1c2e54b3b8df+bench,SVG,instrument-2026-10-07T06-46-37.937Z,points-3000-seed-41544c53,load,instrumented_renderer_callback_ms,ms,0,0.09999990463256836
Atlas,1c2e54b3b8df+bench,SVG,instrument-2026-10-07T06-46-37.937Z,points-3000-seed-41544c53,load,instrumented_renderer_callback_ms,ms,1,3.9000000953674316
Atlas,1c2e54b3b8df+bench,SVG,instrument-2026-10-07T06-46-37.937Z,points-3000-seed-41544c53,load,instrumented_prepare_promise_ms,ms,0,7.299999952316284
Atlas,1c2e54b3b8df+bench,SVG,instrument-2026-10-07T06-46-37.937Z,points-3000-seed-41544c53,load,cleanup_renderer_calls,count,0,0
Atlas,1c2e54b3b8df+bench,SVG,instrument-2026-10-07T06-46-37.937Z,points-3000-seed-41544c53,load,cleanup_stage_children,count,0,0
Atlas,1c2e54b3b8df+bench,SVG,instrument-2026-10-07T06-46-37.937Z,points-3000-seed-41544c53,pan,frame_interval_ms,ms,0,16.699999999982538
Atlas,1c2e54b3b8df+bench,SVG,instrument-2026-10-07T06-46-37.937Z,points-3000-seed-41544c53,pan,camera_api_sync_ms,ms,0,0
Atlas,1c2e54b3b8df+bench,SVG,instrument-2026-10-07T06-46-37.937Z,points-3000-seed-41544c53,pan,frame_interval_ms,ms,1,16.60000000000582
Atlas,1c2e54b3b8df+bench,SVG,instrument-2026-10-07T06-46-37.937Z,points-3000-seed-41544c53,pan,camera_api_sync_ms,ms,1,0
Atlas,1c2e54b3b8df+bench,SVG,instrument-2026-10-07T06-46-37.937Z,points-3000-seed-41544c53,pan,frame_interval_ms,ms,2,16.70000000001164
Atlas,1c2e54b3b8df+bench,SVG,instrument-2026-10-07T06-46-37.937Z,points-3000-seed-41544c53,pan,camera_api_sync_ms,ms,2,0
Atlas,1c2e54b3b8df+bench,SVG,instrument-2026-10-07T06-46-37.937Z,points-3000-seed-41544c53,pan,frame_interval_ms,ms,3,16.699999999982538
Atlas,1c2e54b3b8df+bench,SVG,instrument-2026-10-07T06-46-37.937Z,points-3000-seed-41544c53,pan,camera_api_sync_ms,ms,3,0
Atlas,1c2e54b3b8df+bench,SVG,instrument-2026-10-07T06-46-37.937Z,points-3000-seed-41544c53,pan,frame_interval_ms,ms,4,16.70000000001164
Atlas,1c2e54b3b8df+bench,SVG,instrument-2026-10-07T06-46-37.937Z,points-3000-seed-41544c53,pan,camera_api_sync_ms,ms,4,0
Atlas,1c2e54b3b8df+bench,SVG,instrument-2026-10-07T06-46-37.937Z,points-3000-seed-41544c53,pan,frame_interval_ms,ms,5,16.60000000000582
Atlas,1c2e54b3b8df+bench,SVG,instrument-2026-10-07T06-46-37.937Z,points-3000-seed-41544c53,pan,camera_api_sync_ms,ms,5,0.09999990463256836
Atlas,1c2e54b3b8df+bench,SVG,instrument-2026-10-07T06-46-37.937Z,points-3000-seed-41544c53,pan,frame_interval_ms,ms,6,16.699999999982538
Atlas,1c2e54b3b8df+bench,SVG,instrument-2026-10-07T06-46-37.937Z,points-3000-seed-41544c53,pan,camera_api_sync_ms,ms,6,0
Atlas,1c2e54b3b8df+bench,SVG,instrument-2026-10-07T06-46-37.937Z,points-3000-seed-41544c53,pan,frame_interval_ms,ms,7,16.70000000001164
Atlas,1c2e54b3b8df+bench,SVG,instrument-2026-10-07T06-46-37.937Z,points-3000-seed-41544c53,pan,camera_api_sync_ms,ms,7,0.5999999046325684
Atlas,1c2e54b3b8df+bench,SVG,instrument-2026-10-07T06-46-37.937Z,points-3000-seed-41544c53,pan,frame_interval_ms,ms,8,16.60000000000582
Atlas,1c2e54b3b8df+bench,SVG,instrument-2026-10-07T06-46-37.937Z,points-3000-seed-41544c53,pan,camera_api_sync_ms,ms,8,0
Atlas,1c2e54b3b8df+bench,SVG,instrument-2026-10-07T06-46-37.937Z,points-3000-seed-41544c53,pan,frame_interval_ms,ms,9,16.699999999982538
Atlas,1c2e54b3b8df+bench,SVG,instrument-2026-10-07T06-46-37.937Z,points-3000-seed-41544c53,pan,camera_api_sync_ms,ms,9,0
Atlas,1c2e54b3b8df+bench,SVG,instrument-2026-10-07T06-46-37.937Z,points-3000-seed-41544c53,pan,frame_interval_ms,ms,10,16.60000000000582
Atlas,1c2e54b3b8df+bench,SVG,instrument-2026-10-07T06-46-37.937Z,points-3000-seed-41544c53,pan,camera_api_sync_ms,ms,10,0
Atlas,1c2e54b3b8df+bench,SVG,instrument-2026-10-07T06-46-37.937Z,points-3000-seed-41544c53,pan,frame_interval_ms,ms,11,33.39999999999418
Atlas,1c2e54b3b8df+bench,SVG,instrument-2026-10-07T06-46-37.937Z,points-3000-seed-41544c53,pan,camera_api_sync_ms,ms,11,0
Atlas,1c2e54b3b8df+bench,SVG,instrument-2026-10-07T06-46-37.937Z,points-3000-seed-41544c53,pan,frame_interval_ms,ms,12,16.60000000000582
Atlas,1c2e54b3b8df+bench,SVG,instrument-2026-10-07T06-46-37.937Z,points-3000-seed-41544c53,pan,camera_api_sync_ms,ms,12,0
Atlas,1c2e54b3b8df+bench,SVG,instrument-2026-10-07T06-46-37.937Z,points-3000-seed-41544c53,pan,frame_interval_ms,ms,13,16.79999999998836
Atlas,1c2e54b3b8df+bench,SVG,instrument-2026-10-07T06-46-37.937Z,points-3000-seed-41544c53,pan,camera_api_sync_ms,ms,13,0
Atlas,1c2e54b3b8df+bench,SVG,instrument-2026-10-07T06-46-37.937Z,points-3000-seed-41544c53,pan,frame_interval_ms,ms,14,16.5
Atlas,1c2e54b3b8df+bench,SVG,instrument-2026-10-07T06-46-37.937Z,points-3000-seed-41544c53,pan,camera_api_sync_ms,ms,14,0
Atlas,1c2e54b3b8df+bench,SVG,instrument-2026-10-07T06-46-37.937Z,points-3000-seed-41544c53,pan,frame_interval_ms,ms,15,16.70000000001164
Atlas,1c2e54b3b8df+bench,SVG,instrument-2026-10-07T06-46-37.937Z,points-3000-seed-41544c53,pan,camera_api_sync_ms,ms,15,0
Atlas,1c2e54b3b8df+bench,SVG,instrument-2026-10-07T06-46-37.937Z,points-3000-seed-41544c53,pan,frame_interval_ms,ms,16,16.70000000001164
Atlas,1c2e54b3b8df+bench,SVG,instrument-2026-10-07T06-46-37.937Z,points-3000-seed-41544c53,pan,camera_api_sync_ms,ms,16,0
Atlas,1c2e54b3b8df+bench,SVG,instrument-2026-10-07T06-46-37.937Z,points-3000-seed-41544c53,pan,frame_interval_ms,ms,17,16.599999999976717
Atlas,1c2e54b3b8df+bench,SVG,instrument-2026-10-07T06-46-37.937Z,points-3000-seed-41544c53,pan,camera_api_sync_ms,ms,17,0
Atlas,1c2e54b3b8df+bench,SVG,instrument-2026-10-07T06-46-37.937Z,points-3000-seed-41544c53,pan,frame_interval_ms,ms,18,16.70000000001164
Atlas,1c2e54b3b8df+bench,SVG,instrument-2026-10-07T06-46-37.937Z,points-3000-seed-41544c53,pan,camera_api_sync_ms,ms,18,0
Atlas,1c2e54b3b8df+bench,SVG,instrument-2026-10-07T06-46-37.937Z,points-3000-seed-41544c53,pan,frame_interval_ms,ms,19,16.70000000001164
Atlas,1c2e54b3b8df+bench,SVG,instrument-2026-10-07T06-46-37.937Z,points-3000-seed-41544c53,pan,camera_api_sync_ms,ms,19,0
Atlas,1c2e54b3b8df+bench,SVG,instrument-2026-10-07T06-46-37.937Z,points-3000-seed-41544c53,pan,frame_interval_ms,ms,20,16.599999999976717
Atlas,1c2e54b3b8df+bench,SVG,instrument-2026-10-07T06-46-37.937Z,points-3000-seed-41544c53,pan,camera_api_sync_ms,ms,20,0
Atlas,1c2e54b3b8df+bench,SVG,instrument-2026-10-07T06-46-37.937Z,points-3000-seed-41544c53,pan,frame_interval_ms,ms,21,16.70000000001164
Atlas,1c2e54b3b8df+bench,SVG,instrument-2026-10-07T06-46-37.937Z,points-3000-seed-41544c53,pan,camera_api_sync_ms,ms,21,0
Atlas,1c2e54b3b8df+bench,SVG,instrument-2026-10-07T06-46-37.937Z,points-3000-seed-41544c53,pan,frame_interval_ms,ms,22,16.70000000001164
Atlas,1c2e54b3b8df+bench,SVG,instrument-2026-10-07T06-46-37.937Z,points-3000-seed-41544c53,pan,camera_api_sync_ms,ms,22,0
Atlas,1c2e54b3b8df+bench,SVG,instrument-2026-10-07T06-46-37.937Z,points-3000-seed-41544c53,pan,frame_interval_ms,ms,23,16.599999999976717
Atlas,1c2e54b3b8df+bench,SVG,instrument-2026-10-07T06-46-37.937Z,points-3000-seed-41544c53,pan,camera_api_sync_ms,ms,23,0
Atlas,1c2e54b3b8df+bench,SVG,instrument-2026-10-07T06-46-37.937Z,points-3000-seed-41544c53,pan,frame_interval_ms,ms,24,16.800000000017462
Atlas,1c2e54b3b8df+bench,SVG,instrument-2026-10-07T06-46-37.937Z,points-3000-seed-41544c53,pan,camera_api_sync_ms,ms,24,0
Atlas,1c2e54b3b8df+bench,SVG,instrument-2026-10-07T06-46-37.937Z,points-3000-seed-41544c53,pan,frame_interval_ms,ms,25,16.60000000000582
Atlas,1c2e54b3b8df+bench,SVG,instrument-2026-10-07T06-46-37.937Z,points-3000-seed-41544c53,pan,camera_api_sync_ms,ms,25,0
Atlas,1c2e54b3b8df+bench,SVG,instrument-2026-10-07T06-46-37.937Z,points-3000-seed-41544c53,pan,frame_interval_ms,ms,26,16.699999999982538
Atlas,1c2e54b3b8df+bench,SVG,instrument-2026-10-07T06-46-37.937Z,points-3000-seed-41544c53,pan,camera_api_sync_ms,ms,26,0
Atlas,1c2e54b3b8df+bench,SVG,instrument-2026-10-07T06-46-37.937Z,points-3000-seed-41544c53,pan,frame_interval_ms,ms,27,16.60000000000582
Atlas,1c2e54b3b8df+bench,SVG,instrument-2026-10-07T06-46-37.937Z,points-3000-seed-41544c53,pan,camera_api_sync_ms,ms,27,0
Atlas,1c2e54b3b8df+bench,SVG,instrument-2026-10-07T06-46-37.937Z,points-3000-seed-41544c53,pan,frame_interval_ms,ms,28,16.70000000001164
Atlas,1c2e54b3b8df+bench,SVG,instrument-2026-10-07T06-46-37.937Z,points-3000-seed-41544c53,pan,camera_api_sync_ms,ms,28,0
Atlas,1c2e54b3b8df+bench,SVG,instrument-2026-10-07T06-46-37.937Z,points-3000-seed-41544c53,pan,frame_interval_ms,ms,29,16.599999999976717
Atlas,1c2e54b3b8df+bench,SVG,instrument-2026-10-07T06-46-37.937Z,points-3000-seed-41544c53,pan,camera_api_sync_ms,ms,29,0
Atlas,1c2e54b3b8df+bench,SVG,instrument-2026-10-07T06-46-37.937Z,points-3000-seed-41544c53,pan,frame_interval_ms,ms,30,16.70000000001164
Atlas,1c2e54b3b8df+bench,SVG,instrument-2026-10-07T06-46-37.937Z,points-3000-seed-41544c53,pan,camera_api_sync_ms,ms,30,0
Atlas,1c2e54b3b8df+bench,SVG,instrument-2026-10-07T06-46-37.937Z,points-3000-seed-41544c53,pan,frame_interval_ms,ms,31,16.70000000001164
Atlas,1c2e54b3b8df+bench,SVG,instrument-2026-10-07T06-46-37.937Z,points-3000-seed-41544c53,pan,camera_api_sync_ms,ms,31,0.09999990463256836
Atlas,1c2e54b3b8df+bench,SVG,instrument-2026-10-07T06-46-37.937Z,points-3000-seed-41544c53,pan,frame_interval_ms,ms,32,16.699999999982538
Atlas,1c2e54b3b8df+bench,SVG,instrument-2026-10-07T06-46-37.937Z,points-3000-seed-41544c53,pan,camera_api_sync_ms,ms,32,0.10000014305114746
Atlas,1c2e54b3b8df+bench,SVG,instrument-2026-10-07T06-46-37.937Z,points-3000-seed-41544c53,pan,frame_interval_ms,ms,33,16.70000000001164
Atlas,1c2e54b3b8df+bench,SVG,instrument-2026-10-07T06-46-37.937Z,points-3000-seed-41544c53,pan,camera_api_sync_ms,ms,33,0
Atlas,1c2e54b3b8df+bench,SVG,instrument-2026-10-07T06-46-37.937Z,points-3000-seed-41544c53,pan,frame_interval_ms,ms,34,16.60000000000582
Atlas,1c2e54b3b8df+bench,SVG,instrument-2026-10-07T06-46-37.937Z,points-3000-seed-41544c53,pan,camera_api_sync_ms,ms,34,0
Atlas,1c2e54b3b8df+bench,SVG,instrument-2026-10-07T06-46-37.937Z,points-3000-seed-41544c53,pan,frame_interval_ms,ms,35,16.599999999976717
Atlas,1c2e54b3b8df+bench,SVG,instrument-2026-10-07T06-46-37.937Z,points-3000-seed-41544c53,pan,camera_api_sync_ms,ms,35,0
Atlas,1c2e54b3b8df+bench,SVG,instrument-2026-10-07T06-46-37.937Z,points-3000-seed-41544c53,pan,frame_interval_ms,ms,36,16.800000000017462
Atlas,1c2e54b3b8df+bench,SVG,instrument-2026-10-07T06-46-37.937Z,points-3000-seed-41544c53,pan,camera_api_sync_ms,ms,36,0
Atlas,1c2e54b3b8df+bench,SVG,instrument-2026-10-07T06-46-37.937Z,points-3000-seed-41544c53,pan,frame_interval_ms,ms,37,16.60000000000582
Atlas,1c2e54b3b8df+bench,SVG,instrument-2026-10-07T06-46-37.937Z,points-3000-seed-41544c53,pan,camera_api_sync_ms,ms,37,0
Atlas,1c2e54b3b8df+bench,SVG,instrument-2026-10-07T06-46-37.937Z,points-3000-seed-41544c53,pan,frame_interval_ms,ms,38,16.699999999982538
Atlas,1c2e54b3b8df+bench,SVG,instrument-2026-10-07T06-46-37.937Z,points-3000-seed-41544c53,pan,camera_api_sync_ms,ms,38,0
Atlas,1c2e54b3b8df+bench,SVG,instrument-2026-10-07T06-46-37.937Z,points-3000-seed-41544c53,pan,frame_interval_ms,ms,39,16.60000000000582
Atlas,1c2e54b3b8df+bench,SVG,instrument-2026-10-07T06-46-37.937Z,points-3000-seed-41544c53,pan,camera_api_sync_ms,ms,39,0
Atlas,1c2e54b3b8df+bench,SVG,instrument-2026-10-07T06-46-37.937Z,points-3000-seed-41544c53,pan,frame_interval_ms,ms,40,16.70000000001164
Atlas,1c2e54b3b8df+bench,SVG,instrument-2026-10-07T06-46-37.937Z,points-3000-seed-41544c53,pan,camera_api_sync_ms,ms,40,0
Atlas,1c2e54b3b8df+bench,SVG,instrument-2026-10-07T06-46-37.937Z,points-3000-seed-41544c53,pan,frame_interval_ms,ms,41,16.699999999982538
Atlas,1c2e54b3b8df+bench,SVG,instrument-2026-10-07T06-46-37.937Z,points-3000-seed-41544c53,pan,camera_api_sync_ms,ms,41,0
Atlas,1c2e54b3b8df+bench,SVG,instrument-2026-10-07T06-46-37.937Z,points-3000-seed-41544c53,pan,frame_interval_ms,ms,42,16.60000000000582
Atlas,1c2e54b3b8df+bench,SVG,instrument-2026-10-07T06-46-37.937Z,points-3000-seed-41544c53,pan,camera_api_sync_ms,ms,42,0
Atlas,1c2e54b3b8df+bench,SVG,instrument-2026-10-07T06-46-37.937Z,points-3000-seed-41544c53,pan,frame_interval_ms,ms,43,16.70000000001164
Atlas,1c2e54b3b8df+bench,SVG,instrument-2026-10-07T06-46-37.937Z,points-3000-seed-41544c53,pan,camera_api_sync_ms,ms,43,0
Atlas,1c2e54b3b8df+bench,SVG,instrument-2026-10-07T06-46-37.937Z,points-3000-seed-41544c53,pan,frame_interval_ms,ms,44,16.599999999976717
Atlas,1c2e54b3b8df+bench,SVG,instrument-2026-10-07T06-46-37.937Z,points-3000-seed-41544c53,pan,camera_api_sync_ms,ms,44,0.10000014305114746
Atlas,1c2e54b3b8df+bench,SVG,instrument-2026-10-07T06-46-37.937Z,points-3000-seed-41544c53,pan,frame_interval_ms,ms,45,16.70000000001164
Atlas,1c2e54b3b8df+bench,SVG,instrument-2026-10-07T06-46-37.937Z,points-3000-seed-41544c53,pan,camera_api_sync_ms,ms,45,0
Atlas,1c2e54b3b8df+bench,SVG,instrument-2026-10-07T06-46-37.937Z,points-3000-seed-41544c53,pan,frame_interval_ms,ms,46,16.70000000001164
Atlas,1c2e54b3b8df+bench,SVG,instrument-2026-10-07T06-46-37.937Z,points-3000-seed-41544c53,pan,camera_api_sync_ms,ms,46,0.10000014305114746
Atlas,1c2e54b3b8df+bench,SVG,instrument-2026-10-07T06-46-37.937Z,points-3000-seed-41544c53,pan,frame_interval_ms,ms,47,16.599999999976717
Atlas,1c2e54b3b8df+bench,SVG,instrument-2026-10-07T06-46-37.937Z,points-3000-seed-41544c53,pan,camera_api_sync_ms,ms,47,0
Atlas,1c2e54b3b8df+bench,SVG,instrument-2026-10-07T06-46-37.937Z,points-3000-seed-41544c53,pan,frame_interval_ms,ms,48,16.70000000001164
Atlas,1c2e54b3b8df+bench,SVG,instrument-2026-10-07T06-46-37.937Z,points-3000-seed-41544c53,pan,camera_api_sync_ms,ms,48,0
Atlas,1c2e54b3b8df+bench,SVG,instrument-2026-10-07T06-46-37.937Z,points-3000-seed-41544c53,pan,frame_interval_ms,ms,49,16.70000000001164
Atlas,1c2e54b3b8df+bench,SVG,instrument-2026-10-07T06-46-37.937Z,points-3000-seed-41544c53,pan,camera_api_sync_ms,ms,49,0
Atlas,1c2e54b3b8df+bench,SVG,instrument-2026-10-07T06-46-37.937Z,points-3000-seed-41544c53,pan,frame_interval_ms,ms,50,16.699999999982538
Atlas,1c2e54b3b8df+bench,SVG,instrument-2026-10-07T06-46-37.937Z,points-3000-seed-41544c53,pan,camera_api_sync_ms,ms,50,0
Atlas,1c2e54b3b8df+bench,SVG,instrument-2026-10-07T06-46-37.937Z,points-3000-seed-41544c53,pan,frame_interval_ms,ms,51,16.60000000000582
Atlas,1c2e54b3b8df+bench,SVG,instrument-2026-10-07T06-46-37.937Z,points-3000-seed-41544c53,pan,camera_api_sync_ms,ms,51,0
Atlas,1c2e54b3b8df+bench,SVG,instrument-2026-10-07T06-46-37.937Z,points-3000-seed-41544c53,pan,frame_interval_ms,ms,52,16.70000000001164
Atlas,1c2e54b3b8df+bench,SVG,instrument-2026-10-07T06-46-37.937Z,points-3000-seed-41544c53,pan,camera_api_sync_ms,ms,52,0
Atlas,1c2e54b3b8df+bench,SVG,instrument-2026-10-07T06-46-37.937Z,points-3000-seed-41544c53,pan,frame_interval_ms,ms,53,16.599999999976717
Atlas,1c2e54b3b8df+bench,SVG,instrument-2026-10-07T06-46-37.937Z,points-3000-seed-41544c53,pan,camera_api_sync_ms,ms,53,0
Atlas,1c2e54b3b8df+bench,SVG,instrument-2026-10-07T06-46-37.937Z,points-3000-seed-41544c53,pan,frame_interval_ms,ms,54,16.70000000001164
Atlas,1c2e54b3b8df+bench,SVG,instrument-2026-10-07T06-46-37.937Z,points-3000-seed-41544c53,pan,camera_api_sync_ms,ms,54,0
Atlas,1c2e54b3b8df+bench,SVG,instrument-2026-10-07T06-46-37.937Z,points-3000-seed-41544c53,pan,frame_interval_ms,ms,55,16.70000000001164
Atlas,1c2e54b3b8df+bench,SVG,instrument-2026-10-07T06-46-37.937Z,points-3000-seed-41544c53,pan,camera_api_sync_ms,ms,55,0
Atlas,1c2e54b3b8df+bench,SVG,instrument-2026-10-07T06-46-37.937Z,points-3000-seed-41544c53,pan,frame_interval_ms,ms,56,16.599999999976717
Atlas,1c2e54b3b8df+bench,SVG,instrument-2026-10-07T06-46-37.937Z,points-3000-seed-41544c53,pan,camera_api_sync_ms,ms,56,0
Atlas,1c2e54b3b8df+bench,SVG,instrument-2026-10-07T06-46-37.937Z,points-3000-seed-41544c53,pan,frame_interval_ms,ms,57,16.70000000001164
Atlas,1c2e54b3b8df+bench,SVG,instrument-2026-10-07T06-46-37.937Z,points-3000-seed-41544c53,pan,camera_api_sync_ms,ms,57,0
Atlas,1c2e54b3b8df+bench,SVG,instrument-2026-10-07T06-46-37.937Z,points-3000-seed-41544c53,pan,frame_interval_ms,ms,58,16.70000000001164
Atlas,1c2e54b3b8df+bench,SVG,instrument-2026-10-07T06-46-37.937Z,points-3000-seed-41544c53,pan,camera_api_sync_ms,ms,58,0
Atlas,1c2e54b3b8df+bench,SVG,instrument-2026-10-07T06-46-37.937Z,points-3000-seed-41544c53,pan,frame_interval_ms,ms,59,16.599999999976717
Atlas,1c2e54b3b8df+bench,SVG,instrument-2026-10-07T06-46-37.937Z,points-3000-seed-41544c53,pan,camera_api_sync_ms,ms,59,0
Atlas,1c2e54b3b8df+bench,SVG,instrument-2026-10-07T06-46-37.937Z,points-3000-seed-41544c53,pan,frame_interval_ms,ms,60,16.70000000001164
Atlas,1c2e54b3b8df+bench,SVG,instrument-2026-10-07T06-46-37.937Z,points-3000-seed-41544c53,pan,camera_api_sync_ms,ms,60,0
Atlas,1c2e54b3b8df+bench,SVG,instrument-2026-10-07T06-46-37.937Z,points-3000-seed-41544c53,pan,frame_interval_ms,ms,61,16.60000000000582
Atlas,1c2e54b3b8df+bench,SVG,instrument-2026-10-07T06-46-37.937Z,points-3000-seed-41544c53,pan,camera_api_sync_ms,ms,61,0
Atlas,1c2e54b3b8df+bench,SVG,instrument-2026-10-07T06-46-37.937Z,points-3000-seed-41544c53,pan,frame_interval_ms,ms,62,16.699999999982538
Atlas,1c2e54b3b8df+bench,SVG,instrument-2026-10-07T06-46-37.937Z,points-3000-seed-41544c53,pan,camera_api_sync_ms,ms,62,0.10000014305114746
Atlas,1c2e54b3b8df+bench,SVG,instrument-2026-10-07T06-46-37.937Z,points-3000-seed-41544c53,pan,frame_interval_ms,ms,63,16.70000000001164
Atlas,1c2e54b3b8df+bench,SVG,instrument-2026-10-07T06-46-37.937Z,points-3000-seed-41544c53,pan,camera_api_sync_ms,ms,63,0
Atlas,1c2e54b3b8df+bench,SVG,instrument-2026-10-07T06-46-37.937Z,points-3000-seed-41544c53,pan,frame_interval_ms,ms,64,16.70000000001164
Atlas,1c2e54b3b8df+bench,SVG,instrument-2026-10-07T06-46-37.937Z,points-3000-seed-41544c53,pan,camera_api_sync_ms,ms,64,0
Atlas,1c2e54b3b8df+bench,SVG,instrument-2026-10-07T06-46-37.937Z,points-3000-seed-41544c53,pan,frame_interval_ms,ms,65,16.599999999976717
Atlas,1c2e54b3b8df+bench,SVG,instrument-2026-10-07T06-46-37.937Z,points-3000-seed-41544c53,pan,camera_api_sync_ms,ms,65,0
Atlas,1c2e54b3b8df+bench,SVG,instrument-2026-10-07T06-46-37.937Z,points-3000-seed-41544c53,pan,frame_interval_ms,ms,66,16.70000000001164
Atlas,1c2e54b3b8df+bench,SVG,instrument-2026-10-07T06-46-37.937Z,points-3000-seed-41544c53,pan,camera_api_sync_ms,ms,66,0
Atlas,1c2e54b3b8df+bench,SVG,instrument-2026-10-07T06-46-37.937Z,points-3000-seed-41544c53,pan,frame_interval_ms,ms,67,16.70000000001164
Atlas,1c2e54b3b8df+bench,SVG,instrument-2026-10-07T06-46-37.937Z,points-3000-seed-41544c53,pan,camera_api_sync_ms,ms,67,0.10000014305114746
Atlas,1c2e54b3b8df+bench,SVG,instrument-2026-10-07T06-46-37.937Z,points-3000-seed-41544c53,pan,frame_interval_ms,ms,68,16.599999999976717
Atlas,1c2e54b3b8df+bench,SVG,instrument-2026-10-07T06-46-37.937Z,points-3000-seed-41544c53,pan,camera_api_sync_ms,ms,68,0
Atlas,1c2e54b3b8df+bench,SVG,instrument-2026-10-07T06-46-37.937Z,points-3000-seed-41544c53,pan,frame_interval_ms,ms,69,16.70000000001164
Atlas,1c2e54b3b8df+bench,SVG,instrument-2026-10-07T06-46-37.937Z,points-3000-seed-41544c53,pan,camera_api_sync_ms,ms,69,0
Atlas,1c2e54b3b8df+bench,SVG,instrument-2026-10-07T06-46-37.937Z,points-3000-seed-41544c53,pan,frame_interval_ms,ms,70,16.60000000000582
Atlas,1c2e54b3b8df+bench,SVG,instrument-2026-10-07T06-46-37.937Z,points-3000-seed-41544c53,pan,camera_api_sync_ms,ms,70,0
Atlas,1c2e54b3b8df+bench,SVG,instrument-2026-10-07T06-46-37.937Z,points-3000-seed-41544c53,pan,frame_interval_ms,ms,71,16.699999999982538
Atlas,1c2e54b3b8df+bench,SVG,instrument-2026-10-07T06-46-37.937Z,points-3000-seed-41544c53,pan,camera_api_sync_ms,ms,71,0
Atlas,1c2e54b3b8df+bench,SVG,instrument-2026-10-07T06-46-37.937Z,points-3000-seed-41544c53,pan,frame_interval_ms,ms,72,16.70000000001164
Atlas,1c2e54b3b8df+bench,SVG,instrument-2026-10-07T06-46-37.937Z,points-3000-seed-41544c53,pan,camera_api_sync_ms,ms,72,0
Atlas,1c2e54b3b8df+bench,SVG,instrument-2026-10-07T06-46-37.937Z,points-3000-seed-41544c53,pan,frame_interval_ms,ms,73,16.70000000001164
Atlas,1c2e54b3b8df+bench,SVG,instrument-2026-10-07T06-46-37.937Z,points-3000-seed-41544c53,pan,camera_api_sync_ms,ms,73,0
Atlas,1c2e54b3b8df+bench,SVG,instrument-2026-10-07T06-46-37.937Z,points-3000-seed-41544c53,pan,frame_interval_ms,ms,74,16.599999999976717
Atlas,1c2e54b3b8df+bench,SVG,instrument-2026-10-07T06-46-37.937Z,points-3000-seed-41544c53,pan,camera_api_sync_ms,ms,74,0
Atlas,1c2e54b3b8df+bench,SVG,instrument-2026-10-07T06-46-37.937Z,points-3000-seed-41544c53,pan,frame_interval_ms,ms,75,16.70000000001164
Atlas,1c2e54b3b8df+bench,SVG,instrument-2026-10-07T06-46-37.937Z,points-3000-seed-41544c53,pan,camera_api_sync_ms,ms,75,0.09999990463256836
Atlas,1c2e54b3b8df+bench,SVG,instrument-2026-10-07T06-46-37.937Z,points-3000-seed-41544c53,pan,frame_interval_ms,ms,76,16.70000000001164
Atlas,1c2e54b3b8df+bench,SVG,instrument-2026-10-07T06-46-37.937Z,points-3000-seed-41544c53,pan,camera_api_sync_ms,ms,76,0.10000014305114746
Atlas,1c2e54b3b8df+bench,SVG,instrument-2026-10-07T06-46-37.937Z,points-3000-seed-41544c53,pan,frame_interval_ms,ms,77,16.699999999982538
Atlas,1c2e54b3b8df+bench,SVG,instrument-2026-10-07T06-46-37.937Z,points-3000-seed-41544c53,pan,camera_api_sync_ms,ms,77,0
Atlas,1c2e54b3b8df+bench,SVG,instrument-2026-10-07T06-46-37.937Z,points-3000-seed-41544c53,pan,frame_interval_ms,ms,78,16.60000000000582
Atlas,1c2e54b3b8df+bench,SVG,instrument-2026-10-07T06-46-37.937Z,points-3000-seed-41544c53,pan,camera_api_sync_ms,ms,78,0
Atlas,1c2e54b3b8df+bench,SVG,instrument-2026-10-07T06-46-37.937Z,points-3000-seed-41544c53,pan,frame_interval_ms,ms,79,16.70000000001164
Atlas,1c2e54b3b8df+bench,SVG,instrument-2026-10-07T06-46-37.937Z,points-3000-seed-41544c53,pan,camera_api_sync_ms,ms,79,0
Atlas,1c2e54b3b8df+bench,SVG,instrument-2026-10-07T06-46-37.937Z,points-3000-seed-41544c53,pan,frame_interval_ms,ms,80,16.599999999976717
Atlas,1c2e54b3b8df+bench,SVG,instrument-2026-10-07T06-46-37.937Z,points-3000-seed-41544c53,pan,camera_api_sync_ms,ms,80,0
Atlas,1c2e54b3b8df+bench,SVG,instrument-2026-10-07T06-46-37.937Z,points-3000-seed-41544c53,pan,frame_interval_ms,ms,81,16.70000000001164
Atlas,1c2e54b3b8df+bench,SVG,instrument-2026-10-07T06-46-37.937Z,points-3000-seed-41544c53,pan,camera_api_sync_ms,ms,81,0
Atlas,1c2e54b3b8df+bench,SVG,instrument-2026-10-07T06-46-37.937Z,points-3000-seed-41544c53,pan,frame_interval_ms,ms,82,16.70000000001164
Atlas,1c2e54b3b8df+bench,SVG,instrument-2026-10-07T06-46-37.937Z,points-3000-seed-41544c53,pan,camera_api_sync_ms,ms,82,0
Atlas,1c2e54b3b8df+bench,SVG,instrument-2026-10-07T06-46-37.937Z,points-3000-seed-41544c53,pan,frame_interval_ms,ms,83,16.599999999976717
Atlas,1c2e54b3b8df+bench,SVG,instrument-2026-10-07T06-46-37.937Z,points-3000-seed-41544c53,pan,camera_api_sync_ms,ms,83,0
Atlas,1c2e54b3b8df+bench,SVG,instrument-2026-10-07T06-46-37.937Z,points-3000-seed-41544c53,pan,frame_interval_ms,ms,84,16.70000000001164
Atlas,1c2e54b3b8df+bench,SVG,instrument-2026-10-07T06-46-37.937Z,points-3000-seed-41544c53,pan,camera_api_sync_ms,ms,84,0
Atlas,1c2e54b3b8df+bench,SVG,instrument-2026-10-07T06-46-37.937Z,points-3000-seed-41544c53,pan,frame_interval_ms,ms,85,16.60000000000582
Atlas,1c2e54b3b8df+bench,SVG,instrument-2026-10-07T06-46-37.937Z,points-3000-seed-41544c53,pan,camera_api_sync_ms,ms,85,0
Atlas,1c2e54b3b8df+bench,SVG,instrument-2026-10-07T06-46-37.937Z,points-3000-seed-41544c53,pan,frame_interval_ms,ms,86,16.699999999982538
Atlas,1c2e54b3b8df+bench,SVG,instrument-2026-10-07T06-46-37.937Z,points-3000-seed-41544c53,pan,camera_api_sync_ms,ms,86,0
Atlas,1c2e54b3b8df+bench,SVG,instrument-2026-10-07T06-46-37.937Z,points-3000-seed-41544c53,pan,frame_interval_ms,ms,87,16.70000000001164
Atlas,1c2e54b3b8df+bench,SVG,instrument-2026-10-07T06-46-37.937Z,points-3000-seed-41544c53,pan,camera_api_sync_ms,ms,87,0
Atlas,1c2e54b3b8df+bench,SVG,instrument-2026-10-07T06-46-37.937Z,points-3000-seed-41544c53,pan,frame_interval_ms,ms,88,16.60000000000582
Atlas,1c2e54b3b8df+bench,SVG,instrument-2026-10-07T06-46-37.937Z,points-3000-seed-41544c53,pan,camera_api_sync_ms,ms,88,0
Atlas,1c2e54b3b8df+bench,SVG,instrument-2026-10-07T06-46-37.937Z,points-3000-seed-41544c53,pan,frame_interval_ms,ms,89,16.699999999982538
Atlas,1c2e54b3b8df+bench,SVG,instrument-2026-10-07T06-46-37.937Z,points-3000-seed-41544c53,pan,camera_api_sync_ms,ms,89,0
Atlas,1c2e54b3b8df+bench,SVG,instrument-2026-10-07T06-46-37.937Z,points-3000-seed-41544c53,pan,motion_elapsed_ms,ms,0,1516.5999999999767
Atlas,1c2e54b3b8df+bench,SVG,instrument-2026-10-07T06-46-37.937Z,points-3000-seed-41544c53,pan,camera_updates,count,0,90
Atlas,1c2e54b3b8df+bench,SVG,instrument-2026-10-07T06-46-37.937Z,points-3000-seed-41544c53,pan,renderer_scene_reads,count,0,90
Atlas,1c2e54b3b8df+bench,SVG,instrument-2026-10-07T06-46-37.937Z,points-3000-seed-41544c53,pan,svg_attribute_writes,count,0,90
Atlas,1c2e54b3b8df+bench,SVG,instrument-2026-10-07T06-46-37.937Z,points-3000-seed-41544c53,pan,renderer_calls,count,0,90
Atlas,1c2e54b3b8df+bench,SVG,instrument-2026-10-07T06-46-37.937Z,points-3000-seed-41544c53,pan,layout_rect_reads,count,0,0
Atlas,1c2e54b3b8df+bench,SVG,instrument-2026-10-07T06-46-37.937Z,points-3000-seed-41544c53,pan,instrumented_renderer_callback_ms,ms,0,0.09999990463256836
Atlas,1c2e54b3b8df+bench,SVG,instrument-2026-10-07T06-46-37.937Z,points-3000-seed-41544c53,pan,instrumented_renderer_callback_ms,ms,1,0.09999990463256836
Atlas,1c2e54b3b8df+bench,SVG,instrument-2026-10-07T06-46-37.937Z,points-3000-seed-41544c53,pan,instrumented_renderer_callback_ms,ms,2,0.10000014305114746
Atlas,1c2e54b3b8df+bench,SVG,instrument-2026-10-07T06-46-37.937Z,points-3000-seed-41544c53,pan,instrumented_renderer_callback_ms,ms,3,0
Atlas,1c2e54b3b8df+bench,SVG,instrument-2026-10-07T06-46-37.937Z,points-3000-seed-41544c53,pan,instrumented_renderer_callback_ms,ms,4,0
Atlas,1c2e54b3b8df+bench,SVG,instrument-2026-10-07T06-46-37.937Z,points-3000-seed-41544c53,pan,instrumented_renderer_callback_ms,ms,5,0
Atlas,1c2e54b3b8df+bench,SVG,instrument-2026-10-07T06-46-37.937Z,points-3000-seed-41544c53,pan,instrumented_renderer_callback_ms,ms,6,0.10000014305114746
Atlas,1c2e54b3b8df+bench,SVG,instrument-2026-10-07T06-46-37.937Z,points-3000-seed-41544c53,pan,instrumented_renderer_callback_ms,ms,7,0.09999990463256836
Atlas,1c2e54b3b8df+bench,SVG,instrument-2026-10-07T06-46-37.937Z,points-3000-seed-41544c53,pan,instrumented_renderer_callback_ms,ms,8,0.09999990463256836
Atlas,1c2e54b3b8df+bench,SVG,instrument-2026-10-07T06-46-37.937Z,points-3000-seed-41544c53,pan,instrumented_renderer_callback_ms,ms,9,0
Atlas,1c2e54b3b8df+bench,SVG,instrument-2026-10-07T06-46-37.937Z,points-3000-seed-41544c53,pan,instrumented_renderer_callback_ms,ms,10,0
Atlas,1c2e54b3b8df+bench,SVG,instrument-2026-10-07T06-46-37.937Z,points-3000-seed-41544c53,pan,instrumented_renderer_callback_ms,ms,11,0.09999990463256836
Atlas,1c2e54b3b8df+bench,SVG,instrument-2026-10-07T06-46-37.937Z,points-3000-seed-41544c53,pan,instrumented_renderer_callback_ms,ms,12,0
Atlas,1c2e54b3b8df+bench,SVG,instrument-2026-10-07T06-46-37.937Z,points-3000-seed-41544c53,pan,instrumented_renderer_callback_ms,ms,13,0
Atlas,1c2e54b3b8df+bench,SVG,instrument-2026-10-07T06-46-37.937Z,points-3000-seed-41544c53,pan,instrumented_renderer_callback_ms,ms,14,0
Atlas,1c2e54b3b8df+bench,SVG,instrument-2026-10-07T06-46-37.937Z,points-3000-seed-41544c53,pan,instrumented_renderer_callback_ms,ms,15,0
Atlas,1c2e54b3b8df+bench,SVG,instrument-2026-10-07T06-46-37.937Z,points-3000-seed-41544c53,pan,instrumented_renderer_callback_ms,ms,16,0
Atlas,1c2e54b3b8df+bench,SVG,instrument-2026-10-07T06-46-37.937Z,points-3000-seed-41544c53,pan,instrumented_renderer_callback_ms,ms,17,0
Atlas,1c2e54b3b8df+bench,SVG,instrument-2026-10-07T06-46-37.937Z,points-3000-seed-41544c53,pan,instrumented_renderer_callback_ms,ms,18,0
Atlas,1c2e54b3b8df+bench,SVG,instrument-2026-10-07T06-46-37.937Z,points-3000-seed-41544c53,pan,instrumented_renderer_callback_ms,ms,19,0
Atlas,1c2e54b3b8df+bench,SVG,instrument-2026-10-07T06-46-37.937Z,points-3000-seed-41544c53,pan,instrumented_renderer_callback_ms,ms,20,0
Atlas,1c2e54b3b8df+bench,SVG,instrument-2026-10-07T06-46-37.937Z,points-3000-seed-41544c53,pan,instrumented_renderer_callback_ms,ms,21,0.10000014305114746
Atlas,1c2e54b3b8df+bench,SVG,instrument-2026-10-07T06-46-37.937Z,points-3000-seed-41544c53,pan,instrumented_renderer_callback_ms,ms,22,0.09999990463256836
Atlas,1c2e54b3b8df+bench,SVG,instrument-2026-10-07T06-46-37.937Z,points-3000-seed-41544c53,pan,instrumented_renderer_callback_ms,ms,23,0
Atlas,1c2e54b3b8df+bench,SVG,instrument-2026-10-07T06-46-37.937Z,points-3000-seed-41544c53,pan,instrumented_renderer_callback_ms,ms,24,0.10000014305114746
Atlas,1c2e54b3b8df+bench,SVG,instrument-2026-10-07T06-46-37.937Z,points-3000-seed-41544c53,pan,instrumented_renderer_callback_ms,ms,25,0
Atlas,1c2e54b3b8df+bench,SVG,instrument-2026-10-07T06-46-37.937Z,points-3000-seed-41544c53,pan,instrumented_renderer_callback_ms,ms,26,0
Atlas,1c2e54b3b8df+bench,SVG,instrument-2026-10-07T06-46-37.937Z,points-3000-seed-41544c53,pan,instrumented_renderer_callback_ms,ms,27,0.10000014305114746
Atlas,1c2e54b3b8df+bench,SVG,instrument-2026-10-07T06-46-37.937Z,points-3000-seed-41544c53,pan,instrumented_renderer_callback_ms,ms,28,0
Atlas,1c2e54b3b8df+bench,SVG,instrument-2026-10-07T06-46-37.937Z,points-3000-seed-41544c53,pan,instrumented_renderer_callback_ms,ms,29,0
Atlas,1c2e54b3b8df+bench,SVG,instrument-2026-10-07T06-46-37.937Z,points-3000-seed-41544c53,pan,instrumented_renderer_callback_ms,ms,30,0
Atlas,1c2e54b3b8df+bench,SVG,instrument-2026-10-07T06-46-37.937Z,points-3000-seed-41544c53,pan,instrumented_renderer_callback_ms,ms,31,0
Atlas,1c2e54b3b8df+bench,SVG,instrument-2026-10-07T06-46-37.937Z,points-3000-seed-41544c53,pan,instrumented_renderer_callback_ms,ms,32,0
Atlas,1c2e54b3b8df+bench,SVG,instrument-2026-10-07T06-46-37.937Z,points-3000-seed-41544c53,pan,instrumented_renderer_callback_ms,ms,33,0
Atlas,1c2e54b3b8df+bench,SVG,instrument-2026-10-07T06-46-37.937Z,points-3000-seed-41544c53,pan,instrumented_renderer_callback_ms,ms,34,0
Atlas,1c2e54b3b8df+bench,SVG,instrument-2026-10-07T06-46-37.937Z,points-3000-seed-41544c53,pan,instrumented_renderer_callback_ms,ms,35,0
Atlas,1c2e54b3b8df+bench,SVG,instrument-2026-10-07T06-46-37.937Z,points-3000-seed-41544c53,pan,instrumented_renderer_callback_ms,ms,36,0
Atlas,1c2e54b3b8df+bench,SVG,instrument-2026-10-07T06-46-37.937Z,points-3000-seed-41544c53,pan,instrumented_renderer_callback_ms,ms,37,0
Atlas,1c2e54b3b8df+bench,SVG,instrument-2026-10-07T06-46-37.937Z,points-3000-seed-41544c53,pan,instrumented_renderer_callback_ms,ms,38,0
Atlas,1c2e54b3b8df+bench,SVG,instrument-2026-10-07T06-46-37.937Z,points-3000-seed-41544c53,pan,instrumented_renderer_callback_ms,ms,39,0
Atlas,1c2e54b3b8df+bench,SVG,instrument-2026-10-07T06-46-37.937Z,points-3000-seed-41544c53,pan,instrumented_renderer_callback_ms,ms,40,0.10000014305114746
Atlas,1c2e54b3b8df+bench,SVG,instrument-2026-10-07T06-46-37.937Z,points-3000-seed-41544c53,pan,instrumented_renderer_callback_ms,ms,41,0
Atlas,1c2e54b3b8df+bench,SVG,instrument-2026-10-07T06-46-37.937Z,points-3000-seed-41544c53,pan,instrumented_renderer_callback_ms,ms,42,0.09999990463256836
Atlas,1c2e54b3b8df+bench,SVG,instrument-2026-10-07T06-46-37.937Z,points-3000-seed-41544c53,pan,instrumented_renderer_callback_ms,ms,43,0
Atlas,1c2e54b3b8df+bench,SVG,instrument-2026-10-07T06-46-37.937Z,points-3000-seed-41544c53,pan,instrumented_renderer_callback_ms,ms,44,0.09999990463256836
Atlas,1c2e54b3b8df+bench,SVG,instrument-2026-10-07T06-46-37.937Z,points-3000-seed-41544c53,pan,instrumented_renderer_callback_ms,ms,45,0
Atlas,1c2e54b3b8df+bench,SVG,instrument-2026-10-07T06-46-37.937Z,points-3000-seed-41544c53,pan,instrumented_renderer_callback_ms,ms,46,0
Atlas,1c2e54b3b8df+bench,SVG,instrument-2026-10-07T06-46-37.937Z,points-3000-seed-41544c53,pan,instrumented_renderer_callback_ms,ms,47,0
Atlas,1c2e54b3b8df+bench,SVG,instrument-2026-10-07T06-46-37.937Z,points-3000-seed-41544c53,pan,instrumented_renderer_callback_ms,ms,48,0
Atlas,1c2e54b3b8df+bench,SVG,instrument-2026-10-07T06-46-37.937Z,points-3000-seed-41544c53,pan,instrumented_renderer_callback_ms,ms,49,0
Atlas,1c2e54b3b8df+bench,SVG,instrument-2026-10-07T06-46-37.937Z,points-3000-seed-41544c53,pan,instrumented_renderer_callback_ms,ms,50,0
Atlas,1c2e54b3b8df+bench,SVG,instrument-2026-10-07T06-46-37.937Z,points-3000-seed-41544c53,pan,instrumented_renderer_callback_ms,ms,51,0
Atlas,1c2e54b3b8df+bench,SVG,instrument-2026-10-07T06-46-37.937Z,points-3000-seed-41544c53,pan,instrumented_renderer_callback_ms,ms,52,0.10000014305114746
Atlas,1c2e54b3b8df+bench,SVG,instrument-2026-10-07T06-46-37.937Z,points-3000-seed-41544c53,pan,instrumented_renderer_callback_ms,ms,53,0
Atlas,1c2e54b3b8df+bench,SVG,instrument-2026-10-07T06-46-37.937Z,points-3000-seed-41544c53,pan,instrumented_renderer_callback_ms,ms,54,0
Atlas,1c2e54b3b8df+bench,SVG,instrument-2026-10-07T06-46-37.937Z,points-3000-seed-41544c53,pan,instrumented_renderer_callback_ms,ms,55,0
Atlas,1c2e54b3b8df+bench,SVG,instrument-2026-10-07T06-46-37.937Z,points-3000-seed-41544c53,pan,instrumented_renderer_callback_ms,ms,56,0
Atlas,1c2e54b3b8df+bench,SVG,instrument-2026-10-07T06-46-37.937Z,points-3000-seed-41544c53,pan,instrumented_renderer_callback_ms,ms,57,0
Atlas,1c2e54b3b8df+bench,SVG,instrument-2026-10-07T06-46-37.937Z,points-3000-seed-41544c53,pan,instrumented_renderer_callback_ms,ms,58,0
Atlas,1c2e54b3b8df+bench,SVG,instrument-2026-10-07T06-46-37.937Z,points-3000-seed-41544c53,pan,instrumented_renderer_callback_ms,ms,59,0
Atlas,1c2e54b3b8df+bench,SVG,instrument-2026-10-07T06-46-37.937Z,points-3000-seed-41544c53,pan,instrumented_renderer_callback_ms,ms,60,0.10000014305114746
Atlas,1c2e54b3b8df+bench,SVG,instrument-2026-10-07T06-46-37.937Z,points-3000-seed-41544c53,pan,instrumented_renderer_callback_ms,ms,61,0
Atlas,1c2e54b3b8df+bench,SVG,instrument-2026-10-07T06-46-37.937Z,points-3000-seed-41544c53,pan,instrumented_renderer_callback_ms,ms,62,0
Atlas,1c2e54b3b8df+bench,SVG,instrument-2026-10-07T06-46-37.937Z,points-3000-seed-41544c53,pan,instrumented_renderer_callback_ms,ms,63,0.10000014305114746
Atlas,1c2e54b3b8df+bench,SVG,instrument-2026-10-07T06-46-37.937Z,points-3000-seed-41544c53,pan,instrumented_renderer_callback_ms,ms,64,0
Atlas,1c2e54b3b8df+bench,SVG,instrument-2026-10-07T06-46-37.937Z,points-3000-seed-41544c53,pan,instrumented_renderer_callback_ms,ms,65,0.09999990463256836
Atlas,1c2e54b3b8df+bench,SVG,instrument-2026-10-07T06-46-37.937Z,points-3000-seed-41544c53,pan,instrumented_renderer_callback_ms,ms,66,0
Atlas,1c2e54b3b8df+bench,SVG,instrument-2026-10-07T06-46-37.937Z,points-3000-seed-41544c53,pan,instrumented_renderer_callback_ms,ms,67,0
Atlas,1c2e54b3b8df+bench,SVG,instrument-2026-10-07T06-46-37.937Z,points-3000-seed-41544c53,pan,instrumented_renderer_callback_ms,ms,68,0
Atlas,1c2e54b3b8df+bench,SVG,instrument-2026-10-07T06-46-37.937Z,points-3000-seed-41544c53,pan,instrumented_renderer_callback_ms,ms,69,0
Atlas,1c2e54b3b8df+bench,SVG,instrument-2026-10-07T06-46-37.937Z,points-3000-seed-41544c53,pan,instrumented_renderer_callback_ms,ms,70,0.10000014305114746
Atlas,1c2e54b3b8df+bench,SVG,instrument-2026-10-07T06-46-37.937Z,points-3000-seed-41544c53,pan,instrumented_renderer_callback_ms,ms,71,0
Atlas,1c2e54b3b8df+bench,SVG,instrument-2026-10-07T06-46-37.937Z,points-3000-seed-41544c53,pan,instrumented_renderer_callback_ms,ms,72,0.09999990463256836
Atlas,1c2e54b3b8df+bench,SVG,instrument-2026-10-07T06-46-37.937Z,points-3000-seed-41544c53,pan,instrumented_renderer_callback_ms,ms,73,0
Atlas,1c2e54b3b8df+bench,SVG,instrument-2026-10-07T06-46-37.937Z,points-3000-seed-41544c53,pan,instrumented_renderer_callback_ms,ms,74,0
Atlas,1c2e54b3b8df+bench,SVG,instrument-2026-10-07T06-46-37.937Z,points-3000-seed-41544c53,pan,instrumented_renderer_callback_ms,ms,75,0
Atlas,1c2e54b3b8df+bench,SVG,instrument-2026-10-07T06-46-37.937Z,points-3000-seed-41544c53,pan,instrumented_renderer_callback_ms,ms,76,0
Atlas,1c2e54b3b8df+bench,SVG,instrument-2026-10-07T06-46-37.937Z,points-3000-seed-41544c53,pan,instrumented_renderer_callback_ms,ms,77,0
Atlas,1c2e54b3b8df+bench,SVG,instrument-2026-10-07T06-46-37.937Z,points-3000-seed-41544c53,pan,instrumented_renderer_callback_ms,ms,78,0
Atlas,1c2e54b3b8df+bench,SVG,instrument-2026-10-07T06-46-37.937Z,points-3000-seed-41544c53,pan,instrumented_renderer_callback_ms,ms,79,0
Atlas,1c2e54b3b8df+bench,SVG,instrument-2026-10-07T06-46-37.937Z,points-3000-seed-41544c53,pan,instrumented_renderer_callback_ms,ms,80,0
Atlas,1c2e54b3b8df+bench,SVG,instrument-2026-10-07T06-46-37.937Z,points-3000-seed-41544c53,pan,instrumented_renderer_callback_ms,ms,81,0
Atlas,1c2e54b3b8df+bench,SVG,instrument-2026-10-07T06-46-37.937Z,points-3000-seed-41544c53,pan,instrumented_renderer_callback_ms,ms,82,0
Atlas,1c2e54b3b8df+bench,SVG,instrument-2026-10-07T06-46-37.937Z,points-3000-seed-41544c53,pan,instrumented_renderer_callback_ms,ms,83,0
Atlas,1c2e54b3b8df+bench,SVG,instrument-2026-10-07T06-46-37.937Z,points-3000-seed-41544c53,pan,instrumented_renderer_callback_ms,ms,84,0
Atlas,1c2e54b3b8df+bench,SVG,instrument-2026-10-07T06-46-37.937Z,points-3000-seed-41544c53,pan,instrumented_renderer_callback_ms,ms,85,0
Atlas,1c2e54b3b8df+bench,SVG,instrument-2026-10-07T06-46-37.937Z,points-3000-seed-41544c53,pan,instrumented_renderer_callback_ms,ms,86,0.09999990463256836
Atlas,1c2e54b3b8df+bench,SVG,instrument-2026-10-07T06-46-37.937Z,points-3000-seed-41544c53,pan,instrumented_renderer_callback_ms,ms,87,0
Atlas,1c2e54b3b8df+bench,SVG,instrument-2026-10-07T06-46-37.937Z,points-3000-seed-41544c53,pan,instrumented_renderer_callback_ms,ms,88,0
Atlas,1c2e54b3b8df+bench,SVG,instrument-2026-10-07T06-46-37.937Z,points-3000-seed-41544c53,pan,instrumented_renderer_callback_ms,ms,89,0.10000014305114746
Atlas,1c2e54b3b8df+bench,SVG,instrument-2026-10-07T06-46-37.937Z,points-3000-seed-41544c53,pan,cleanup_renderer_calls,count,0,0
Atlas,1c2e54b3b8df+bench,SVG,instrument-2026-10-07T06-46-37.937Z,points-3000-seed-41544c53,pan,cleanup_stage_children,count,0,0
Atlas,1c2e54b3b8df+bench,SVG,instrument-2026-10-07T06-46-37.937Z,points-3000-seed-41544c53,zoom,frame_interval_ms,ms,0,16.60000000000582
Atlas,1c2e54b3b8df+bench,SVG,instrument-2026-10-07T06-46-37.937Z,points-3000-seed-41544c53,zoom,camera_api_sync_ms,ms,0,0
Atlas,1c2e54b3b8df+bench,SVG,instrument-2026-10-07T06-46-37.937Z,points-3000-seed-41544c53,zoom,frame_interval_ms,ms,1,16.60000000000582
Atlas,1c2e54b3b8df+bench,SVG,instrument-2026-10-07T06-46-37.937Z,points-3000-seed-41544c53,zoom,camera_api_sync_ms,ms,1,0
Atlas,1c2e54b3b8df+bench,SVG,instrument-2026-10-07T06-46-37.937Z,points-3000-seed-41544c53,zoom,frame_interval_ms,ms,2,16.699999999982538
Atlas,1c2e54b3b8df+bench,SVG,instrument-2026-10-07T06-46-37.937Z,points-3000-seed-41544c53,zoom,camera_api_sync_ms,ms,2,0
Atlas,1c2e54b3b8df+bench,SVG,instrument-2026-10-07T06-46-37.937Z,points-3000-seed-41544c53,zoom,frame_interval_ms,ms,3,16.70000000001164
Atlas,1c2e54b3b8df+bench,SVG,instrument-2026-10-07T06-46-37.937Z,points-3000-seed-41544c53,zoom,camera_api_sync_ms,ms,3,0
Atlas,1c2e54b3b8df+bench,SVG,instrument-2026-10-07T06-46-37.937Z,points-3000-seed-41544c53,zoom,frame_interval_ms,ms,4,16.70000000001164
Atlas,1c2e54b3b8df+bench,SVG,instrument-2026-10-07T06-46-37.937Z,points-3000-seed-41544c53,zoom,camera_api_sync_ms,ms,4,0
Atlas,1c2e54b3b8df+bench,SVG,instrument-2026-10-07T06-46-37.937Z,points-3000-seed-41544c53,zoom,frame_interval_ms,ms,5,16.599999999976717
Atlas,1c2e54b3b8df+bench,SVG,instrument-2026-10-07T06-46-37.937Z,points-3000-seed-41544c53,zoom,camera_api_sync_ms,ms,5,0.09999990463256836
Atlas,1c2e54b3b8df+bench,SVG,instrument-2026-10-07T06-46-37.937Z,points-3000-seed-41544c53,zoom,frame_interval_ms,ms,6,16.70000000001164
Atlas,1c2e54b3b8df+bench,SVG,instrument-2026-10-07T06-46-37.937Z,points-3000-seed-41544c53,zoom,camera_api_sync_ms,ms,6,0
Atlas,1c2e54b3b8df+bench,SVG,instrument-2026-10-07T06-46-37.937Z,points-3000-seed-41544c53,zoom,frame_interval_ms,ms,7,16.70000000001164
Atlas,1c2e54b3b8df+bench,SVG,instrument-2026-10-07T06-46-37.937Z,points-3000-seed-41544c53,zoom,camera_api_sync_ms,ms,7,0
Atlas,1c2e54b3b8df+bench,SVG,instrument-2026-10-07T06-46-37.937Z,points-3000-seed-41544c53,zoom,frame_interval_ms,ms,8,16.599999999976717
Atlas,1c2e54b3b8df+bench,SVG,instrument-2026-10-07T06-46-37.937Z,points-3000-seed-41544c53,zoom,camera_api_sync_ms,ms,8,0
Atlas,1c2e54b3b8df+bench,SVG,instrument-2026-10-07T06-46-37.937Z,points-3000-seed-41544c53,zoom,frame_interval_ms,ms,9,16.70000000001164
Atlas,1c2e54b3b8df+bench,SVG,instrument-2026-10-07T06-46-37.937Z,points-3000-seed-41544c53,zoom,camera_api_sync_ms,ms,9,0
Atlas,1c2e54b3b8df+bench,SVG,instrument-2026-10-07T06-46-37.937Z,points-3000-seed-41544c53,zoom,frame_interval_ms,ms,10,16.60000000000582
Atlas,1c2e54b3b8df+bench,SVG,instrument-2026-10-07T06-46-37.937Z,points-3000-seed-41544c53,zoom,camera_api_sync_ms,ms,10,0
Atlas,1c2e54b3b8df+bench,SVG,instrument-2026-10-07T06-46-37.937Z,points-3000-seed-41544c53,zoom,frame_interval_ms,ms,11,16.699999999982538
Atlas,1c2e54b3b8df+bench,SVG,instrument-2026-10-07T06-46-37.937Z,points-3000-seed-41544c53,zoom,camera_api_sync_ms,ms,11,0
Atlas,1c2e54b3b8df+bench,SVG,instrument-2026-10-07T06-46-37.937Z,points-3000-seed-41544c53,zoom,frame_interval_ms,ms,12,16.70000000001164
Atlas,1c2e54b3b8df+bench,SVG,instrument-2026-10-07T06-46-37.937Z,points-3000-seed-41544c53,zoom,camera_api_sync_ms,ms,12,0
Atlas,1c2e54b3b8df+bench,SVG,instrument-2026-10-07T06-46-37.937Z,points-3000-seed-41544c53,zoom,frame_interval_ms,ms,13,16.60000000000582
Atlas,1c2e54b3b8df+bench,SVG,instrument-2026-10-07T06-46-37.937Z,points-3000-seed-41544c53,zoom,camera_api_sync_ms,ms,13,0
Atlas,1c2e54b3b8df+bench,SVG,instrument-2026-10-07T06-46-37.937Z,points-3000-seed-41544c53,zoom,frame_interval_ms,ms,14,16.699999999982538
Atlas,1c2e54b3b8df+bench,SVG,instrument-2026-10-07T06-46-37.937Z,points-3000-seed-41544c53,zoom,camera_api_sync_ms,ms,14,0.10000014305114746
Atlas,1c2e54b3b8df+bench,SVG,instrument-2026-10-07T06-46-37.937Z,points-3000-seed-41544c53,zoom,frame_interval_ms,ms,15,16.70000000001164
Atlas,1c2e54b3b8df+bench,SVG,instrument-2026-10-07T06-46-37.937Z,points-3000-seed-41544c53,zoom,camera_api_sync_ms,ms,15,0
Atlas,1c2e54b3b8df+bench,SVG,instrument-2026-10-07T06-46-37.937Z,points-3000-seed-41544c53,zoom,frame_interval_ms,ms,16,16.70000000001164
Atlas,1c2e54b3b8df+bench,SVG,instrument-2026-10-07T06-46-37.937Z,points-3000-seed-41544c53,zoom,camera_api_sync_ms,ms,16,0
Atlas,1c2e54b3b8df+bench,SVG,instrument-2026-10-07T06-46-37.937Z,points-3000-seed-41544c53,zoom,frame_interval_ms,ms,17,16.599999999976717
Atlas,1c2e54b3b8df+bench,SVG,instrument-2026-10-07T06-46-37.937Z,points-3000-seed-41544c53,zoom,camera_api_sync_ms,ms,17,0
Atlas,1c2e54b3b8df+bench,SVG,instrument-2026-10-07T06-46-37.937Z,points-3000-seed-41544c53,zoom,frame_interval_ms,ms,18,16.60000000000582
Atlas,1c2e54b3b8df+bench,SVG,instrument-2026-10-07T06-46-37.937Z,points-3000-seed-41544c53,zoom,camera_api_sync_ms,ms,18,0
Atlas,1c2e54b3b8df+bench,SVG,instrument-2026-10-07T06-46-37.937Z,points-3000-seed-41544c53,zoom,frame_interval_ms,ms,19,16.800000000017462
Atlas,1c2e54b3b8df+bench,SVG,instrument-2026-10-07T06-46-37.937Z,points-3000-seed-41544c53,zoom,camera_api_sync_ms,ms,19,0
Atlas,1c2e54b3b8df+bench,SVG,instrument-2026-10-07T06-46-37.937Z,points-3000-seed-41544c53,zoom,frame_interval_ms,ms,20,16.599999999976717
Atlas,1c2e54b3b8df+bench,SVG,instrument-2026-10-07T06-46-37.937Z,points-3000-seed-41544c53,zoom,camera_api_sync_ms,ms,20,0
Atlas,1c2e54b3b8df+bench,SVG,instrument-2026-10-07T06-46-37.937Z,points-3000-seed-41544c53,zoom,frame_interval_ms,ms,21,16.60000000000582
Atlas,1c2e54b3b8df+bench,SVG,instrument-2026-10-07T06-46-37.937Z,points-3000-seed-41544c53,zoom,camera_api_sync_ms,ms,21,0
Atlas,1c2e54b3b8df+bench,SVG,instrument-2026-10-07T06-46-37.937Z,points-3000-seed-41544c53,zoom,frame_interval_ms,ms,22,16.70000000001164
Atlas,1c2e54b3b8df+bench,SVG,instrument-2026-10-07T06-46-37.937Z,points-3000-seed-41544c53,zoom,camera_api_sync_ms,ms,22,0
Atlas,1c2e54b3b8df+bench,SVG,instrument-2026-10-07T06-46-37.937Z,points-3000-seed-41544c53,zoom,frame_interval_ms,ms,23,16.699999999982538
Atlas,1c2e54b3b8df+bench,SVG,instrument-2026-10-07T06-46-37.937Z,points-3000-seed-41544c53,zoom,camera_api_sync_ms,ms,23,0.10000014305114746
Atlas,1c2e54b3b8df+bench,SVG,instrument-2026-10-07T06-46-37.937Z,points-3000-seed-41544c53,zoom,frame_interval_ms,ms,24,16.70000000001164
Atlas,1c2e54b3b8df+bench,SVG,instrument-2026-10-07T06-46-37.937Z,points-3000-seed-41544c53,zoom,camera_api_sync_ms,ms,24,0
Atlas,1c2e54b3b8df+bench,SVG,instrument-2026-10-07T06-46-37.937Z,points-3000-seed-41544c53,zoom,frame_interval_ms,ms,25,16.60000000000582
Atlas,1c2e54b3b8df+bench,SVG,instrument-2026-10-07T06-46-37.937Z,points-3000-seed-41544c53,zoom,camera_api_sync_ms,ms,25,0
Atlas,1c2e54b3b8df+bench,SVG,instrument-2026-10-07T06-46-37.937Z,points-3000-seed-41544c53,zoom,frame_interval_ms,ms,26,16.699999999982538
Atlas,1c2e54b3b8df+bench,SVG,instrument-2026-10-07T06-46-37.937Z,points-3000-seed-41544c53,zoom,camera_api_sync_ms,ms,26,0
Atlas,1c2e54b3b8df+bench,SVG,instrument-2026-10-07T06-46-37.937Z,points-3000-seed-41544c53,zoom,frame_interval_ms,ms,27,16.70000000001164
Atlas,1c2e54b3b8df+bench,SVG,instrument-2026-10-07T06-46-37.937Z,points-3000-seed-41544c53,zoom,camera_api_sync_ms,ms,27,0
Atlas,1c2e54b3b8df+bench,SVG,instrument-2026-10-07T06-46-37.937Z,points-3000-seed-41544c53,zoom,frame_interval_ms,ms,28,16.70000000001164
Atlas,1c2e54b3b8df+bench,SVG,instrument-2026-10-07T06-46-37.937Z,points-3000-seed-41544c53,zoom,camera_api_sync_ms,ms,28,0.10000014305114746
Atlas,1c2e54b3b8df+bench,SVG,instrument-2026-10-07T06-46-37.937Z,points-3000-seed-41544c53,zoom,frame_interval_ms,ms,29,16.599999999976717
Atlas,1c2e54b3b8df+bench,SVG,instrument-2026-10-07T06-46-37.937Z,points-3000-seed-41544c53,zoom,camera_api_sync_ms,ms,29,0
Atlas,1c2e54b3b8df+bench,SVG,instrument-2026-10-07T06-46-37.937Z,points-3000-seed-41544c53,zoom,frame_interval_ms,ms,30,33.30000000001746
Atlas,1c2e54b3b8df+bench,SVG,instrument-2026-10-07T06-46-37.937Z,points-3000-seed-41544c53,zoom,camera_api_sync_ms,ms,30,0
Atlas,1c2e54b3b8df+bench,SVG,instrument-2026-10-07T06-46-37.937Z,points-3000-seed-41544c53,zoom,frame_interval_ms,ms,31,16.699999999982538
Atlas,1c2e54b3b8df+bench,SVG,instrument-2026-10-07T06-46-37.937Z,points-3000-seed-41544c53,zoom,camera_api_sync_ms,ms,31,0
Atlas,1c2e54b3b8df+bench,SVG,instrument-2026-10-07T06-46-37.937Z,points-3000-seed-41544c53,zoom,frame_interval_ms,ms,32,16.70000000001164
Atlas,1c2e54b3b8df+bench,SVG,instrument-2026-10-07T06-46-37.937Z,points-3000-seed-41544c53,zoom,camera_api_sync_ms,ms,32,0
Atlas,1c2e54b3b8df+bench,SVG,instrument-2026-10-07T06-46-37.937Z,points-3000-seed-41544c53,zoom,frame_interval_ms,ms,33,16.60000000000582
Atlas,1c2e54b3b8df+bench,SVG,instrument-2026-10-07T06-46-37.937Z,points-3000-seed-41544c53,zoom,camera_api_sync_ms,ms,33,0
Atlas,1c2e54b3b8df+bench,SVG,instrument-2026-10-07T06-46-37.937Z,points-3000-seed-41544c53,zoom,frame_interval_ms,ms,34,16.60000000000582
Atlas,1c2e54b3b8df+bench,SVG,instrument-2026-10-07T06-46-37.937Z,points-3000-seed-41544c53,zoom,camera_api_sync_ms,ms,34,0
Atlas,1c2e54b3b8df+bench,SVG,instrument-2026-10-07T06-46-37.937Z,points-3000-seed-41544c53,zoom,frame_interval_ms,ms,35,16.79999999998836
Atlas,1c2e54b3b8df+bench,SVG,instrument-2026-10-07T06-46-37.937Z,points-3000-seed-41544c53,zoom,camera_api_sync_ms,ms,35,0.10000014305114746
Atlas,1c2e54b3b8df+bench,SVG,instrument-2026-10-07T06-46-37.937Z,points-3000-seed-41544c53,zoom,frame_interval_ms,ms,36,16.60000000000582
Atlas,1c2e54b3b8df+bench,SVG,instrument-2026-10-07T06-46-37.937Z,points-3000-seed-41544c53,zoom,camera_api_sync_ms,ms,36,0
Atlas,1c2e54b3b8df+bench,SVG,instrument-2026-10-07T06-46-37.937Z,points-3000-seed-41544c53,zoom,frame_interval_ms,ms,37,16.699999999982538
Atlas,1c2e54b3b8df+bench,SVG,instrument-2026-10-07T06-46-37.937Z,points-3000-seed-41544c53,zoom,camera_api_sync_ms,ms,37,0
Atlas,1c2e54b3b8df+bench,SVG,instrument-2026-10-07T06-46-37.937Z,points-3000-seed-41544c53,zoom,frame_interval_ms,ms,38,16.70000000001164
Atlas,1c2e54b3b8df+bench,SVG,instrument-2026-10-07T06-46-37.937Z,points-3000-seed-41544c53,zoom,camera_api_sync_ms,ms,38,0
Atlas,1c2e54b3b8df+bench,SVG,instrument-2026-10-07T06-46-37.937Z,points-3000-seed-41544c53,zoom,frame_interval_ms,ms,39,16.60000000000582
Atlas,1c2e54b3b8df+bench,SVG,instrument-2026-10-07T06-46-37.937Z,points-3000-seed-41544c53,zoom,camera_api_sync_ms,ms,39,0
Atlas,1c2e54b3b8df+bench,SVG,instrument-2026-10-07T06-46-37.937Z,points-3000-seed-41544c53,zoom,frame_interval_ms,ms,40,16.699999999982538
Atlas,1c2e54b3b8df+bench,SVG,instrument-2026-10-07T06-46-37.937Z,points-3000-seed-41544c53,zoom,camera_api_sync_ms,ms,40,0
Atlas,1c2e54b3b8df+bench,SVG,instrument-2026-10-07T06-46-37.937Z,points-3000-seed-41544c53,zoom,frame_interval_ms,ms,41,16.70000000001164
Atlas,1c2e54b3b8df+bench,SVG,instrument-2026-10-07T06-46-37.937Z,points-3000-seed-41544c53,zoom,camera_api_sync_ms,ms,41,0
Atlas,1c2e54b3b8df+bench,SVG,instrument-2026-10-07T06-46-37.937Z,points-3000-seed-41544c53,zoom,frame_interval_ms,ms,42,16.70000000001164
Atlas,1c2e54b3b8df+bench,SVG,instrument-2026-10-07T06-46-37.937Z,points-3000-seed-41544c53,zoom,camera_api_sync_ms,ms,42,0
Atlas,1c2e54b3b8df+bench,SVG,instrument-2026-10-07T06-46-37.937Z,points-3000-seed-41544c53,zoom,frame_interval_ms,ms,43,16.599999999976717
Atlas,1c2e54b3b8df+bench,SVG,instrument-2026-10-07T06-46-37.937Z,points-3000-seed-41544c53,zoom,camera_api_sync_ms,ms,43,0
Atlas,1c2e54b3b8df+bench,SVG,instrument-2026-10-07T06-46-37.937Z,points-3000-seed-41544c53,zoom,frame_interval_ms,ms,44,16.60000000000582
Atlas,1c2e54b3b8df+bench,SVG,instrument-2026-10-07T06-46-37.937Z,points-3000-seed-41544c53,zoom,camera_api_sync_ms,ms,44,0
Atlas,1c2e54b3b8df+bench,SVG,instrument-2026-10-07T06-46-37.937Z,points-3000-seed-41544c53,zoom,frame_interval_ms,ms,45,16.70000000001164
Atlas,1c2e54b3b8df+bench,SVG,instrument-2026-10-07T06-46-37.937Z,points-3000-seed-41544c53,zoom,camera_api_sync_ms,ms,45,0
Atlas,1c2e54b3b8df+bench,SVG,instrument-2026-10-07T06-46-37.937Z,points-3000-seed-41544c53,zoom,frame_interval_ms,ms,46,16.699999999982538
Atlas,1c2e54b3b8df+bench,SVG,instrument-2026-10-07T06-46-37.937Z,points-3000-seed-41544c53,zoom,camera_api_sync_ms,ms,46,0
Atlas,1c2e54b3b8df+bench,SVG,instrument-2026-10-07T06-46-37.937Z,points-3000-seed-41544c53,zoom,frame_interval_ms,ms,47,16.70000000001164
Atlas,1c2e54b3b8df+bench,SVG,instrument-2026-10-07T06-46-37.937Z,points-3000-seed-41544c53,zoom,camera_api_sync_ms,ms,47,0
Atlas,1c2e54b3b8df+bench,SVG,instrument-2026-10-07T06-46-37.937Z,points-3000-seed-41544c53,zoom,frame_interval_ms,ms,48,16.70000000001164
Atlas,1c2e54b3b8df+bench,SVG,instrument-2026-10-07T06-46-37.937Z,points-3000-seed-41544c53,zoom,camera_api_sync_ms,ms,48,0
Atlas,1c2e54b3b8df+bench,SVG,instrument-2026-10-07T06-46-37.937Z,points-3000-seed-41544c53,zoom,frame_interval_ms,ms,49,16.599999999976717
Atlas,1c2e54b3b8df+bench,SVG,instrument-2026-10-07T06-46-37.937Z,points-3000-seed-41544c53,zoom,camera_api_sync_ms,ms,49,0
Atlas,1c2e54b3b8df+bench,SVG,instrument-2026-10-07T06-46-37.937Z,points-3000-seed-41544c53,zoom,frame_interval_ms,ms,50,16.70000000001164
Atlas,1c2e54b3b8df+bench,SVG,instrument-2026-10-07T06-46-37.937Z,points-3000-seed-41544c53,zoom,camera_api_sync_ms,ms,50,0
Atlas,1c2e54b3b8df+bench,SVG,instrument-2026-10-07T06-46-37.937Z,points-3000-seed-41544c53,zoom,frame_interval_ms,ms,51,16.60000000000582
Atlas,1c2e54b3b8df+bench,SVG,instrument-2026-10-07T06-46-37.937Z,points-3000-seed-41544c53,zoom,camera_api_sync_ms,ms,51,0
Atlas,1c2e54b3b8df+bench,SVG,instrument-2026-10-07T06-46-37.937Z,points-3000-seed-41544c53,zoom,frame_interval_ms,ms,52,16.60000000000582
Atlas,1c2e54b3b8df+bench,SVG,instrument-2026-10-07T06-46-37.937Z,points-3000-seed-41544c53,zoom,camera_api_sync_ms,ms,52,0
Atlas,1c2e54b3b8df+bench,SVG,instrument-2026-10-07T06-46-37.937Z,points-3000-seed-41544c53,zoom,frame_interval_ms,ms,53,16.79999999998836
Atlas,1c2e54b3b8df+bench,SVG,instrument-2026-10-07T06-46-37.937Z,points-3000-seed-41544c53,zoom,camera_api_sync_ms,ms,53,0
Atlas,1c2e54b3b8df+bench,SVG,instrument-2026-10-07T06-46-37.937Z,points-3000-seed-41544c53,zoom,frame_interval_ms,ms,54,16.60000000000582
Atlas,1c2e54b3b8df+bench,SVG,instrument-2026-10-07T06-46-37.937Z,points-3000-seed-41544c53,zoom,camera_api_sync_ms,ms,54,0
Atlas,1c2e54b3b8df+bench,SVG,instrument-2026-10-07T06-46-37.937Z,points-3000-seed-41544c53,zoom,frame_interval_ms,ms,55,16.699999999982538
Atlas,1c2e54b3b8df+bench,SVG,instrument-2026-10-07T06-46-37.937Z,points-3000-seed-41544c53,zoom,camera_api_sync_ms,ms,55,0
Atlas,1c2e54b3b8df+bench,SVG,instrument-2026-10-07T06-46-37.937Z,points-3000-seed-41544c53,zoom,frame_interval_ms,ms,56,16.70000000001164
Atlas,1c2e54b3b8df+bench,SVG,instrument-2026-10-07T06-46-37.937Z,points-3000-seed-41544c53,zoom,camera_api_sync_ms,ms,56,0.09999990463256836
Atlas,1c2e54b3b8df+bench,SVG,instrument-2026-10-07T06-46-37.937Z,points-3000-seed-41544c53,zoom,frame_interval_ms,ms,57,16.60000000000582
Atlas,1c2e54b3b8df+bench,SVG,instrument-2026-10-07T06-46-37.937Z,points-3000-seed-41544c53,zoom,camera_api_sync_ms,ms,57,0
Atlas,1c2e54b3b8df+bench,SVG,instrument-2026-10-07T06-46-37.937Z,points-3000-seed-41544c53,zoom,frame_interval_ms,ms,58,16.699999999982538
Atlas,1c2e54b3b8df+bench,SVG,instrument-2026-10-07T06-46-37.937Z,points-3000-seed-41544c53,zoom,camera_api_sync_ms,ms,58,0
Atlas,1c2e54b3b8df+bench,SVG,instrument-2026-10-07T06-46-37.937Z,points-3000-seed-41544c53,zoom,frame_interval_ms,ms,59,16.60000000000582
Atlas,1c2e54b3b8df+bench,SVG,instrument-2026-10-07T06-46-37.937Z,points-3000-seed-41544c53,zoom,camera_api_sync_ms,ms,59,0
Atlas,1c2e54b3b8df+bench,SVG,instrument-2026-10-07T06-46-37.937Z,points-3000-seed-41544c53,zoom,frame_interval_ms,ms,60,16.800000000017462
Atlas,1c2e54b3b8df+bench,SVG,instrument-2026-10-07T06-46-37.937Z,points-3000-seed-41544c53,zoom,camera_api_sync_ms,ms,60,0.09999990463256836
Atlas,1c2e54b3b8df+bench,SVG,instrument-2026-10-07T06-46-37.937Z,points-3000-seed-41544c53,zoom,frame_interval_ms,ms,61,16.599999999976717
Atlas,1c2e54b3b8df+bench,SVG,instrument-2026-10-07T06-46-37.937Z,points-3000-seed-41544c53,zoom,camera_api_sync_ms,ms,61,0
Atlas,1c2e54b3b8df+bench,SVG,instrument-2026-10-07T06-46-37.937Z,points-3000-seed-41544c53,zoom,frame_interval_ms,ms,62,16.60000000000582
Atlas,1c2e54b3b8df+bench,SVG,instrument-2026-10-07T06-46-37.937Z,points-3000-seed-41544c53,zoom,camera_api_sync_ms,ms,62,0
Atlas,1c2e54b3b8df+bench,SVG,instrument-2026-10-07T06-46-37.937Z,points-3000-seed-41544c53,zoom,frame_interval_ms,ms,63,16.70000000001164
Atlas,1c2e54b3b8df+bench,SVG,instrument-2026-10-07T06-46-37.937Z,points-3000-seed-41544c53,zoom,camera_api_sync_ms,ms,63,0
Atlas,1c2e54b3b8df+bench,SVG,instrument-2026-10-07T06-46-37.937Z,points-3000-seed-41544c53,zoom,frame_interval_ms,ms,64,16.699999999982538
Atlas,1c2e54b3b8df+bench,SVG,instrument-2026-10-07T06-46-37.937Z,points-3000-seed-41544c53,zoom,camera_api_sync_ms,ms,64,0
Atlas,1c2e54b3b8df+bench,SVG,instrument-2026-10-07T06-46-37.937Z,points-3000-seed-41544c53,zoom,frame_interval_ms,ms,65,16.60000000000582
Atlas,1c2e54b3b8df+bench,SVG,instrument-2026-10-07T06-46-37.937Z,points-3000-seed-41544c53,zoom,camera_api_sync_ms,ms,65,0
Atlas,1c2e54b3b8df+bench,SVG,instrument-2026-10-07T06-46-37.937Z,points-3000-seed-41544c53,zoom,frame_interval_ms,ms,66,16.70000000001164
Atlas,1c2e54b3b8df+bench,SVG,instrument-2026-10-07T06-46-37.937Z,points-3000-seed-41544c53,zoom,camera_api_sync_ms,ms,66,0
Atlas,1c2e54b3b8df+bench,SVG,instrument-2026-10-07T06-46-37.937Z,points-3000-seed-41544c53,zoom,frame_interval_ms,ms,67,16.60000000000582
Atlas,1c2e54b3b8df+bench,SVG,instrument-2026-10-07T06-46-37.937Z,points-3000-seed-41544c53,zoom,camera_api_sync_ms,ms,67,0
Atlas,1c2e54b3b8df+bench,SVG,instrument-2026-10-07T06-46-37.937Z,points-3000-seed-41544c53,zoom,frame_interval_ms,ms,68,16.699999999982538
Atlas,1c2e54b3b8df+bench,SVG,instrument-2026-10-07T06-46-37.937Z,points-3000-seed-41544c53,zoom,camera_api_sync_ms,ms,68,0
Atlas,1c2e54b3b8df+bench,SVG,instrument-2026-10-07T06-46-37.937Z,points-3000-seed-41544c53,zoom,frame_interval_ms,ms,69,16.70000000001164
Atlas,1c2e54b3b8df+bench,SVG,instrument-2026-10-07T06-46-37.937Z,points-3000-seed-41544c53,zoom,camera_api_sync_ms,ms,69,0
Atlas,1c2e54b3b8df+bench,SVG,instrument-2026-10-07T06-46-37.937Z,points-3000-seed-41544c53,zoom,frame_interval_ms,ms,70,16.699999999982538
Atlas,1c2e54b3b8df+bench,SVG,instrument-2026-10-07T06-46-37.937Z,points-3000-seed-41544c53,zoom,camera_api_sync_ms,ms,70,0
Atlas,1c2e54b3b8df+bench,SVG,instrument-2026-10-07T06-46-37.937Z,points-3000-seed-41544c53,zoom,frame_interval_ms,ms,71,16.70000000001164
Atlas,1c2e54b3b8df+bench,SVG,instrument-2026-10-07T06-46-37.937Z,points-3000-seed-41544c53,zoom,camera_api_sync_ms,ms,71,0
Atlas,1c2e54b3b8df+bench,SVG,instrument-2026-10-07T06-46-37.937Z,points-3000-seed-41544c53,zoom,frame_interval_ms,ms,72,16.60000000000582
Atlas,1c2e54b3b8df+bench,SVG,instrument-2026-10-07T06-46-37.937Z,points-3000-seed-41544c53,zoom,camera_api_sync_ms,ms,72,0.09999990463256836
Atlas,1c2e54b3b8df+bench,SVG,instrument-2026-10-07T06-46-37.937Z,points-3000-seed-41544c53,zoom,frame_interval_ms,ms,73,16.699999999982538
Atlas,1c2e54b3b8df+bench,SVG,instrument-2026-10-07T06-46-37.937Z,points-3000-seed-41544c53,zoom,camera_api_sync_ms,ms,73,0
Atlas,1c2e54b3b8df+bench,SVG,instrument-2026-10-07T06-46-37.937Z,points-3000-seed-41544c53,zoom,frame_interval_ms,ms,74,16.70000000001164
Atlas,1c2e54b3b8df+bench,SVG,instrument-2026-10-07T06-46-37.937Z,points-3000-seed-41544c53,zoom,camera_api_sync_ms,ms,74,0
Atlas,1c2e54b3b8df+bench,SVG,instrument-2026-10-07T06-46-37.937Z,points-3000-seed-41544c53,zoom,frame_interval_ms,ms,75,16.60000000000582
Atlas,1c2e54b3b8df+bench,SVG,instrument-2026-10-07T06-46-37.937Z,points-3000-seed-41544c53,zoom,camera_api_sync_ms,ms,75,0
Atlas,1c2e54b3b8df+bench,SVG,instrument-2026-10-07T06-46-37.937Z,points-3000-seed-41544c53,zoom,frame_interval_ms,ms,76,16.60000000000582
Atlas,1c2e54b3b8df+bench,SVG,instrument-2026-10-07T06-46-37.937Z,points-3000-seed-41544c53,zoom,camera_api_sync_ms,ms,76,0
Atlas,1c2e54b3b8df+bench,SVG,instrument-2026-10-07T06-46-37.937Z,points-3000-seed-41544c53,zoom,frame_interval_ms,ms,77,16.699999999982538
Atlas,1c2e54b3b8df+bench,SVG,instrument-2026-10-07T06-46-37.937Z,points-3000-seed-41544c53,zoom,camera_api_sync_ms,ms,77,0
Atlas,1c2e54b3b8df+bench,SVG,instrument-2026-10-07T06-46-37.937Z,points-3000-seed-41544c53,zoom,frame_interval_ms,ms,78,16.70000000001164
Atlas,1c2e54b3b8df+bench,SVG,instrument-2026-10-07T06-46-37.937Z,points-3000-seed-41544c53,zoom,camera_api_sync_ms,ms,78,0
Atlas,1c2e54b3b8df+bench,SVG,instrument-2026-10-07T06-46-37.937Z,points-3000-seed-41544c53,zoom,frame_interval_ms,ms,79,16.699999999982538
Atlas,1c2e54b3b8df+bench,SVG,instrument-2026-10-07T06-46-37.937Z,points-3000-seed-41544c53,zoom,camera_api_sync_ms,ms,79,0
Atlas,1c2e54b3b8df+bench,SVG,instrument-2026-10-07T06-46-37.937Z,points-3000-seed-41544c53,zoom,frame_interval_ms,ms,80,16.60000000000582
Atlas,1c2e54b3b8df+bench,SVG,instrument-2026-10-07T06-46-37.937Z,points-3000-seed-41544c53,zoom,camera_api_sync_ms,ms,80,0
Atlas,1c2e54b3b8df+bench,SVG,instrument-2026-10-07T06-46-37.937Z,points-3000-seed-41544c53,zoom,frame_interval_ms,ms,81,16.70000000001164
Atlas,1c2e54b3b8df+bench,SVG,instrument-2026-10-07T06-46-37.937Z,points-3000-seed-41544c53,zoom,camera_api_sync_ms,ms,81,0
Atlas,1c2e54b3b8df+bench,SVG,instrument-2026-10-07T06-46-37.937Z,points-3000-seed-41544c53,zoom,frame_interval_ms,ms,82,16.60000000000582
Atlas,1c2e54b3b8df+bench,SVG,instrument-2026-10-07T06-46-37.937Z,points-3000-seed-41544c53,zoom,camera_api_sync_ms,ms,82,0
Atlas,1c2e54b3b8df+bench,SVG,instrument-2026-10-07T06-46-37.937Z,points-3000-seed-41544c53,zoom,frame_interval_ms,ms,83,16.79999999998836
Atlas,1c2e54b3b8df+bench,SVG,instrument-2026-10-07T06-46-37.937Z,points-3000-seed-41544c53,zoom,camera_api_sync_ms,ms,83,0
Atlas,1c2e54b3b8df+bench,SVG,instrument-2026-10-07T06-46-37.937Z,points-3000-seed-41544c53,zoom,frame_interval_ms,ms,84,16.60000000000582
Atlas,1c2e54b3b8df+bench,SVG,instrument-2026-10-07T06-46-37.937Z,points-3000-seed-41544c53,zoom,camera_api_sync_ms,ms,84,0
Atlas,1c2e54b3b8df+bench,SVG,instrument-2026-10-07T06-46-37.937Z,points-3000-seed-41544c53,zoom,frame_interval_ms,ms,85,16.699999999982538
Atlas,1c2e54b3b8df+bench,SVG,instrument-2026-10-07T06-46-37.937Z,points-3000-seed-41544c53,zoom,camera_api_sync_ms,ms,85,0
Atlas,1c2e54b3b8df+bench,SVG,instrument-2026-10-07T06-46-37.937Z,points-3000-seed-41544c53,zoom,frame_interval_ms,ms,86,16.60000000000582
Atlas,1c2e54b3b8df+bench,SVG,instrument-2026-10-07T06-46-37.937Z,points-3000-seed-41544c53,zoom,camera_api_sync_ms,ms,86,0
Atlas,1c2e54b3b8df+bench,SVG,instrument-2026-10-07T06-46-37.937Z,points-3000-seed-41544c53,zoom,frame_interval_ms,ms,87,16.70000000001164
Atlas,1c2e54b3b8df+bench,SVG,instrument-2026-10-07T06-46-37.937Z,points-3000-seed-41544c53,zoom,camera_api_sync_ms,ms,87,0
Atlas,1c2e54b3b8df+bench,SVG,instrument-2026-10-07T06-46-37.937Z,points-3000-seed-41544c53,zoom,frame_interval_ms,ms,88,16.699999999982538
Atlas,1c2e54b3b8df+bench,SVG,instrument-2026-10-07T06-46-37.937Z,points-3000-seed-41544c53,zoom,camera_api_sync_ms,ms,88,0
Atlas,1c2e54b3b8df+bench,SVG,instrument-2026-10-07T06-46-37.937Z,points-3000-seed-41544c53,zoom,frame_interval_ms,ms,89,16.70000000001164
Atlas,1c2e54b3b8df+bench,SVG,instrument-2026-10-07T06-46-37.937Z,points-3000-seed-41544c53,zoom,camera_api_sync_ms,ms,89,0
Atlas,1c2e54b3b8df+bench,SVG,instrument-2026-10-07T06-46-37.937Z,points-3000-seed-41544c53,zoom,motion_elapsed_ms,ms,0,1516.6000000000058
Atlas,1c2e54b3b8df+bench,SVG,instrument-2026-10-07T06-46-37.937Z,points-3000-seed-41544c53,zoom,camera_updates,count,0,90
Atlas,1c2e54b3b8df+bench,SVG,instrument-2026-10-07T06-46-37.937Z,points-3000-seed-41544c53,zoom,renderer_scene_reads,count,0,90
Atlas,1c2e54b3b8df+bench,SVG,instrument-2026-10-07T06-46-37.937Z,points-3000-seed-41544c53,zoom,svg_attribute_writes,count,0,270090
Atlas,1c2e54b3b8df+bench,SVG,instrument-2026-10-07T06-46-37.937Z,points-3000-seed-41544c53,zoom,renderer_calls,count,0,90
Atlas,1c2e54b3b8df+bench,SVG,instrument-2026-10-07T06-46-37.937Z,points-3000-seed-41544c53,zoom,layout_rect_reads,count,0,0
Atlas,1c2e54b3b8df+bench,SVG,instrument-2026-10-07T06-46-37.937Z,points-3000-seed-41544c53,zoom,instrumented_renderer_callback_ms,ms,0,1.4000000953674316
Atlas,1c2e54b3b8df+bench,SVG,instrument-2026-10-07T06-46-37.937Z,points-3000-seed-41544c53,zoom,instrumented_renderer_callback_ms,ms,1,0.9000000953674316
Atlas,1c2e54b3b8df+bench,SVG,instrument-2026-10-07T06-46-37.937Z,points-3000-seed-41544c53,zoom,instrumented_renderer_callback_ms,ms,2,0.9000000953674316
Atlas,1c2e54b3b8df+bench,SVG,instrument-2026-10-07T06-46-37.937Z,points-3000-seed-41544c53,zoom,instrumented_renderer_callback_ms,ms,3,0.9000000953674316
Atlas,1c2e54b3b8df+bench,SVG,instrument-2026-10-07T06-46-37.937Z,points-3000-seed-41544c53,zoom,instrumented_renderer_callback_ms,ms,4,0.9000000953674316
Atlas,1c2e54b3b8df+bench,SVG,instrument-2026-10-07T06-46-37.937Z,points-3000-seed-41544c53,zoom,instrumented_renderer_callback_ms,ms,5,1
Atlas,1c2e54b3b8df+bench,SVG,instrument-2026-10-07T06-46-37.937Z,points-3000-seed-41544c53,zoom,instrumented_renderer_callback_ms,ms,6,1
Atlas,1c2e54b3b8df+bench,SVG,instrument-2026-10-07T06-46-37.937Z,points-3000-seed-41544c53,zoom,instrumented_renderer_callback_ms,ms,7,1
Atlas,1c2e54b3b8df+bench,SVG,instrument-2026-10-07T06-46-37.937Z,points-3000-seed-41544c53,zoom,instrumented_renderer_callback_ms,ms,8,0.9000000953674316
Atlas,1c2e54b3b8df+bench,SVG,instrument-2026-10-07T06-46-37.937Z,points-3000-seed-41544c53,zoom,instrumented_renderer_callback_ms,ms,9,1
Atlas,1c2e54b3b8df+bench,SVG,instrument-2026-10-07T06-46-37.937Z,points-3000-seed-41544c53,zoom,instrumented_renderer_callback_ms,ms,10,2
Atlas,1c2e54b3b8df+bench,SVG,instrument-2026-10-07T06-46-37.937Z,points-3000-seed-41544c53,zoom,instrumented_renderer_callback_ms,ms,11,1
Atlas,1c2e54b3b8df+bench,SVG,instrument-2026-10-07T06-46-37.937Z,points-3000-seed-41544c53,zoom,instrumented_renderer_callback_ms,ms,12,1
Atlas,1c2e54b3b8df+bench,SVG,instrument-2026-10-07T06-46-37.937Z,points-3000-seed-41544c53,zoom,instrumented_renderer_callback_ms,ms,13,0.8999998569488525
Atlas,1c2e54b3b8df+bench,SVG,instrument-2026-10-07T06-46-37.937Z,points-3000-seed-41544c53,zoom,instrumented_renderer_callback_ms,ms,14,1
Atlas,1c2e54b3b8df+bench,SVG,instrument-2026-10-07T06-46-37.937Z,points-3000-seed-41544c53,zoom,instrumented_renderer_callback_ms,ms,15,1
Atlas,1c2e54b3b8df+bench,SVG,instrument-2026-10-07T06-46-37.937Z,points-3000-seed-41544c53,zoom,instrumented_renderer_callback_ms,ms,16,0.9000000953674316
Atlas,1c2e54b3b8df+bench,SVG,instrument-2026-10-07T06-46-37.937Z,points-3000-seed-41544c53,zoom,instrumented_renderer_callback_ms,ms,17,1
Atlas,1c2e54b3b8df+bench,SVG,instrument-2026-10-07T06-46-37.937Z,points-3000-seed-41544c53,zoom,instrumented_renderer_callback_ms,ms,18,1
Atlas,1c2e54b3b8df+bench,SVG,instrument-2026-10-07T06-46-37.937Z,points-3000-seed-41544c53,zoom,instrumented_renderer_callback_ms,ms,19,0.9000000953674316
Atlas,1c2e54b3b8df+bench,SVG,instrument-2026-10-07T06-46-37.937Z,points-3000-seed-41544c53,zoom,instrumented_renderer_callback_ms,ms,20,1.5
Atlas,1c2e54b3b8df+bench,SVG,instrument-2026-10-07T06-46-37.937Z,points-3000-seed-41544c53,zoom,instrumented_renderer_callback_ms,ms,21,0.9000000953674316
Atlas,1c2e54b3b8df+bench,SVG,instrument-2026-10-07T06-46-37.937Z,points-3000-seed-41544c53,zoom,instrumented_renderer_callback_ms,ms,22,1.5
Atlas,1c2e54b3b8df+bench,SVG,instrument-2026-10-07T06-46-37.937Z,points-3000-seed-41544c53,zoom,instrumented_renderer_callback_ms,ms,23,2.4000000953674316
Atlas,1c2e54b3b8df+bench,SVG,instrument-2026-10-07T06-46-37.937Z,points-3000-seed-41544c53,zoom,instrumented_renderer_callback_ms,ms,24,1.2000000476837158
Atlas,1c2e54b3b8df+bench,SVG,instrument-2026-10-07T06-46-37.937Z,points-3000-seed-41544c53,zoom,instrumented_renderer_callback_ms,ms,25,1.2000000476837158
Atlas,1c2e54b3b8df+bench,SVG,instrument-2026-10-07T06-46-37.937Z,points-3000-seed-41544c53,zoom,instrumented_renderer_callback_ms,ms,26,1.3000001907348633
Atlas,1c2e54b3b8df+bench,SVG,instrument-2026-10-07T06-46-37.937Z,points-3000-seed-41544c53,zoom,instrumented_renderer_callback_ms,ms,27,1.1999998092651367
Atlas,1c2e54b3b8df+bench,SVG,instrument-2026-10-07T06-46-37.937Z,points-3000-seed-41544c53,zoom,instrumented_renderer_callback_ms,ms,28,1.2999999523162842
Atlas,1c2e54b3b8df+bench,SVG,instrument-2026-10-07T06-46-37.937Z,points-3000-seed-41544c53,zoom,instrumented_renderer_callback_ms,ms,29,1.1000001430511475
Atlas,1c2e54b3b8df+bench,SVG,instrument-2026-10-07T06-46-37.937Z,points-3000-seed-41544c53,zoom,instrumented_renderer_callback_ms,ms,30,1.2000000476837158
Atlas,1c2e54b3b8df+bench,SVG,instrument-2026-10-07T06-46-37.937Z,points-3000-seed-41544c53,zoom,instrumented_renderer_callback_ms,ms,31,0.7000000476837158
Atlas,1c2e54b3b8df+bench,SVG,instrument-2026-10-07T06-46-37.937Z,points-3000-seed-41544c53,zoom,instrumented_renderer_callback_ms,ms,32,0.8000001907348633
Atlas,1c2e54b3b8df+bench,SVG,instrument-2026-10-07T06-46-37.937Z,points-3000-seed-41544c53,zoom,instrumented_renderer_callback_ms,ms,33,0.8999998569488525
Atlas,1c2e54b3b8df+bench,SVG,instrument-2026-10-07T06-46-37.937Z,points-3000-seed-41544c53,zoom,instrumented_renderer_callback_ms,ms,34,0.7999999523162842
Atlas,1c2e54b3b8df+bench,SVG,instrument-2026-10-07T06-46-37.937Z,points-3000-seed-41544c53,zoom,instrumented_renderer_callback_ms,ms,35,0.7999999523162842
Atlas,1c2e54b3b8df+bench,SVG,instrument-2026-10-07T06-46-37.937Z,points-3000-seed-41544c53,zoom,instrumented_renderer_callback_ms,ms,36,0.9000000953674316
Atlas,1c2e54b3b8df+bench,SVG,instrument-2026-10-07T06-46-37.937Z,points-3000-seed-41544c53,zoom,instrumented_renderer_callback_ms,ms,37,0.8999998569488525
Atlas,1c2e54b3b8df+bench,SVG,instrument-2026-10-07T06-46-37.937Z,points-3000-seed-41544c53,zoom,instrumented_renderer_callback_ms,ms,38,0.9000000953674316
Atlas,1c2e54b3b8df+bench,SVG,instrument-2026-10-07T06-46-37.937Z,points-3000-seed-41544c53,zoom,instrumented_renderer_callback_ms,ms,39,0.9000000953674316
Atlas,1c2e54b3b8df+bench,SVG,instrument-2026-10-07T06-46-37.937Z,points-3000-seed-41544c53,zoom,instrumented_renderer_callback_ms,ms,40,0.9000000953674316
Atlas,1c2e54b3b8df+bench,SVG,instrument-2026-10-07T06-46-37.937Z,points-3000-seed-41544c53,zoom,instrumented_renderer_callback_ms,ms,41,0.8000001907348633
Atlas,1c2e54b3b8df+bench,SVG,instrument-2026-10-07T06-46-37.937Z,points-3000-seed-41544c53,zoom,instrumented_renderer_callback_ms,ms,42,0.8999998569488525
Atlas,1c2e54b3b8df+bench,SVG,instrument-2026-10-07T06-46-37.937Z,points-3000-seed-41544c53,zoom,instrumented_renderer_callback_ms,ms,43,0.7999999523162842
Atlas,1c2e54b3b8df+bench,SVG,instrument-2026-10-07T06-46-37.937Z,points-3000-seed-41544c53,zoom,instrumented_renderer_callback_ms,ms,44,0.7999999523162842
Atlas,1c2e54b3b8df+bench,SVG,instrument-2026-10-07T06-46-37.937Z,points-3000-seed-41544c53,zoom,instrumented_renderer_callback_ms,ms,45,0.9000000953674316
Atlas,1c2e54b3b8df+bench,SVG,instrument-2026-10-07T06-46-37.937Z,points-3000-seed-41544c53,zoom,instrumented_renderer_callback_ms,ms,46,0.7999999523162842
Atlas,1c2e54b3b8df+bench,SVG,instrument-2026-10-07T06-46-37.937Z,points-3000-seed-41544c53,zoom,instrumented_renderer_callback_ms,ms,47,0.9000000953674316
Atlas,1c2e54b3b8df+bench,SVG,instrument-2026-10-07T06-46-37.937Z,points-3000-seed-41544c53,zoom,instrumented_renderer_callback_ms,ms,48,1
Atlas,1c2e54b3b8df+bench,SVG,instrument-2026-10-07T06-46-37.937Z,points-3000-seed-41544c53,zoom,instrumented_renderer_callback_ms,ms,49,0.8999998569488525
Atlas,1c2e54b3b8df+bench,SVG,instrument-2026-10-07T06-46-37.937Z,points-3000-seed-41544c53,zoom,instrumented_renderer_callback_ms,ms,50,0.9000000953674316
Atlas,1c2e54b3b8df+bench,SVG,instrument-2026-10-07T06-46-37.937Z,points-3000-seed-41544c53,zoom,instrumented_renderer_callback_ms,ms,51,0.7999999523162842
Atlas,1c2e54b3b8df+bench,SVG,instrument-2026-10-07T06-46-37.937Z,points-3000-seed-41544c53,zoom,instrumented_renderer_callback_ms,ms,52,0.8999998569488525
Atlas,1c2e54b3b8df+bench,SVG,instrument-2026-10-07T06-46-37.937Z,points-3000-seed-41544c53,zoom,instrumented_renderer_callback_ms,ms,53,0.9000000953674316
Atlas,1c2e54b3b8df+bench,SVG,instrument-2026-10-07T06-46-37.937Z,points-3000-seed-41544c53,zoom,instrumented_renderer_callback_ms,ms,54,0.7999999523162842
Atlas,1c2e54b3b8df+bench,SVG,instrument-2026-10-07T06-46-37.937Z,points-3000-seed-41544c53,zoom,instrumented_renderer_callback_ms,ms,55,0.7000000476837158
Atlas,1c2e54b3b8df+bench,SVG,instrument-2026-10-07T06-46-37.937Z,points-3000-seed-41544c53,zoom,instrumented_renderer_callback_ms,ms,56,0.9000000953674316
Atlas,1c2e54b3b8df+bench,SVG,instrument-2026-10-07T06-46-37.937Z,points-3000-seed-41544c53,zoom,instrumented_renderer_callback_ms,ms,57,0.8999998569488525
Atlas,1c2e54b3b8df+bench,SVG,instrument-2026-10-07T06-46-37.937Z,points-3000-seed-41544c53,zoom,instrumented_renderer_callback_ms,ms,58,0.9000000953674316
Atlas,1c2e54b3b8df+bench,SVG,instrument-2026-10-07T06-46-37.937Z,points-3000-seed-41544c53,zoom,instrumented_renderer_callback_ms,ms,59,0.7000000476837158
Atlas,1c2e54b3b8df+bench,SVG,instrument-2026-10-07T06-46-37.937Z,points-3000-seed-41544c53,zoom,instrumented_renderer_callback_ms,ms,60,0.9000000953674316
Atlas,1c2e54b3b8df+bench,SVG,instrument-2026-10-07T06-46-37.937Z,points-3000-seed-41544c53,zoom,instrumented_renderer_callback_ms,ms,61,0.8999998569488525
Atlas,1c2e54b3b8df+bench,SVG,instrument-2026-10-07T06-46-37.937Z,points-3000-seed-41544c53,zoom,instrumented_renderer_callback_ms,ms,62,0.9000000953674316
Atlas,1c2e54b3b8df+bench,SVG,instrument-2026-10-07T06-46-37.937Z,points-3000-seed-41544c53,zoom,instrumented_renderer_callback_ms,ms,63,0.7999999523162842
Atlas,1c2e54b3b8df+bench,SVG,instrument-2026-10-07T06-46-37.937Z,points-3000-seed-41544c53,zoom,instrumented_renderer_callback_ms,ms,64,0.7999999523162842
Atlas,1c2e54b3b8df+bench,SVG,instrument-2026-10-07T06-46-37.937Z,points-3000-seed-41544c53,zoom,instrumented_renderer_callback_ms,ms,65,0.9000000953674316
Atlas,1c2e54b3b8df+bench,SVG,instrument-2026-10-07T06-46-37.937Z,points-3000-seed-41544c53,zoom,instrumented_renderer_callback_ms,ms,66,0.7999999523162842
Atlas,1c2e54b3b8df+bench,SVG,instrument-2026-10-07T06-46-37.937Z,points-3000-seed-41544c53,zoom,instrumented_renderer_callback_ms,ms,67,0.8999998569488525
Atlas,1c2e54b3b8df+bench,SVG,instrument-2026-10-07T06-46-37.937Z,points-3000-seed-41544c53,zoom,instrumented_renderer_callback_ms,ms,68,0.8999998569488525
Atlas,1c2e54b3b8df+bench,SVG,instrument-2026-10-07T06-46-37.937Z,points-3000-seed-41544c53,zoom,instrumented_renderer_callback_ms,ms,69,0.7000000476837158
Atlas,1c2e54b3b8df+bench,SVG,instrument-2026-10-07T06-46-37.937Z,points-3000-seed-41544c53,zoom,instrumented_renderer_callback_ms,ms,70,0.8999998569488525
Atlas,1c2e54b3b8df+bench,SVG,instrument-2026-10-07T06-46-37.937Z,points-3000-seed-41544c53,zoom,instrumented_renderer_callback_ms,ms,71,1
Atlas,1c2e54b3b8df+bench,SVG,instrument-2026-10-07T06-46-37.937Z,points-3000-seed-41544c53,zoom,instrumented_renderer_callback_ms,ms,72,0.8999998569488525
Atlas,1c2e54b3b8df+bench,SVG,instrument-2026-10-07T06-46-37.937Z,points-3000-seed-41544c53,zoom,instrumented_renderer_callback_ms,ms,73,0.7999999523162842
Atlas,1c2e54b3b8df+bench,SVG,instrument-2026-10-07T06-46-37.937Z,points-3000-seed-41544c53,zoom,instrumented_renderer_callback_ms,ms,74,0.8000001907348633
Atlas,1c2e54b3b8df+bench,SVG,instrument-2026-10-07T06-46-37.937Z,points-3000-seed-41544c53,zoom,instrumented_renderer_callback_ms,ms,75,0.7999999523162842
Atlas,1c2e54b3b8df+bench,SVG,instrument-2026-10-07T06-46-37.937Z,points-3000-seed-41544c53,zoom,instrumented_renderer_callback_ms,ms,76,0.8999998569488525
Atlas,1c2e54b3b8df+bench,SVG,instrument-2026-10-07T06-46-37.937Z,points-3000-seed-41544c53,zoom,instrumented_renderer_callback_ms,ms,77,0.8000001907348633
Atlas,1c2e54b3b8df+bench,SVG,instrument-2026-10-07T06-46-37.937Z,points-3000-seed-41544c53,zoom,instrumented_renderer_callback_ms,ms,78,0.9000000953674316
Atlas,1c2e54b3b8df+bench,SVG,instrument-2026-10-07T06-46-37.937Z,points-3000-seed-41544c53,zoom,instrumented_renderer_callback_ms,ms,79,0.7999999523162842
Atlas,1c2e54b3b8df+bench,SVG,instrument-2026-10-07T06-46-37.937Z,points-3000-seed-41544c53,zoom,instrumented_renderer_callback_ms,ms,80,0.8000001907348633
Atlas,1c2e54b3b8df+bench,SVG,instrument-2026-10-07T06-46-37.937Z,points-3000-seed-41544c53,zoom,instrumented_renderer_callback_ms,ms,81,0.7999999523162842
Atlas,1c2e54b3b8df+bench,SVG,instrument-2026-10-07T06-46-37.937Z,points-3000-seed-41544c53,zoom,instrumented_renderer_callback_ms,ms,82,0.9000000953674316
Atlas,1c2e54b3b8df+bench,SVG,instrument-2026-10-07T06-46-37.937Z,points-3000-seed-41544c53,zoom,instrumented_renderer_callback_ms,ms,83,0.8000001907348633
Atlas,1c2e54b3b8df+bench,SVG,instrument-2026-10-07T06-46-37.937Z,points-3000-seed-41544c53,zoom,instrumented_renderer_callback_ms,ms,84,0.8999998569488525
Atlas,1c2e54b3b8df+bench,SVG,instrument-2026-10-07T06-46-37.937Z,points-3000-seed-41544c53,zoom,instrumented_renderer_callback_ms,ms,85,0.8999998569488525
Atlas,1c2e54b3b8df+bench,SVG,instrument-2026-10-07T06-46-37.937Z,points-3000-seed-41544c53,zoom,instrumented_renderer_callback_ms,ms,86,0.8000001907348633
Atlas,1c2e54b3b8df+bench,SVG,instrument-2026-10-07T06-46-37.937Z,points-3000-seed-41544c53,zoom,instrumented_renderer_callback_ms,ms,87,0.7999999523162842
Atlas,1c2e54b3b8df+bench,SVG,instrument-2026-10-07T06-46-37.937Z,points-3000-seed-41544c53,zoom,instrumented_renderer_callback_ms,ms,88,0.8999998569488525
Atlas,1c2e54b3b8df+bench,SVG,instrument-2026-10-07T06-46-37.937Z,points-3000-seed-41544c53,zoom,instrumented_renderer_callback_ms,ms,89,0.7000000476837158
Atlas,1c2e54b3b8df+bench,SVG,instrument-2026-10-07T06-46-37.937Z,points-3000-seed-41544c53,zoom,cleanup_renderer_calls,count,0,0
Atlas,1c2e54b3b8df+bench,SVG,instrument-2026-10-07T06-46-37.937Z,points-3000-seed-41544c53,zoom,cleanup_stage_children,count,0,0
Atlas,1c2e54b3b8df+bench,SVG,instrument-2026-10-07T06-46-37.937Z,points-3000-seed-41544c53,hit,spatial_hit_test_sync_ms,ms,0,0
Atlas,1c2e54b3b8df+bench,SVG,instrument-2026-10-07T06-46-37.937Z,points-3000-seed-41544c53,hit,spatial_hit_test_sync_ms,ms,1,0
Atlas,1c2e54b3b8df+bench,SVG,instrument-2026-10-07T06-46-37.937Z,points-3000-seed-41544c53,hit,spatial_hit_test_sync_ms,ms,2,0
Atlas,1c2e54b3b8df+bench,SVG,instrument-2026-10-07T06-46-37.937Z,points-3000-seed-41544c53,hit,spatial_hit_test_sync_ms,ms,3,0
Atlas,1c2e54b3b8df+bench,SVG,instrument-2026-10-07T06-46-37.937Z,points-3000-seed-41544c53,hit,spatial_hit_test_sync_ms,ms,4,0
Atlas,1c2e54b3b8df+bench,SVG,instrument-2026-10-07T06-46-37.937Z,points-3000-seed-41544c53,hit,spatial_hit_test_sync_ms,ms,5,0
Atlas,1c2e54b3b8df+bench,SVG,instrument-2026-10-07T06-46-37.937Z,points-3000-seed-41544c53,hit,spatial_hit_test_sync_ms,ms,6,0
Atlas,1c2e54b3b8df+bench,SVG,instrument-2026-10-07T06-46-37.937Z,points-3000-seed-41544c53,hit,spatial_hit_test_sync_ms,ms,7,0
Atlas,1c2e54b3b8df+bench,SVG,instrument-2026-10-07T06-46-37.937Z,points-3000-seed-41544c53,hit,spatial_hit_test_sync_ms,ms,8,0
Atlas,1c2e54b3b8df+bench,SVG,instrument-2026-10-07T06-46-37.937Z,points-3000-seed-41544c53,hit,spatial_hit_test_sync_ms,ms,9,0
Atlas,1c2e54b3b8df+bench,SVG,instrument-2026-10-07T06-46-37.937Z,points-3000-seed-41544c53,hit,spatial_hit_test_sync_ms,ms,10,0
Atlas,1c2e54b3b8df+bench,SVG,instrument-2026-10-07T06-46-37.937Z,points-3000-seed-41544c53,hit,spatial_hit_test_sync_ms,ms,11,0
Atlas,1c2e54b3b8df+bench,SVG,instrument-2026-10-07T06-46-37.937Z,points-3000-seed-41544c53,hit,spatial_hit_test_sync_ms,ms,12,0
Atlas,1c2e54b3b8df+bench,SVG,instrument-2026-10-07T06-46-37.937Z,points-3000-seed-41544c53,hit,spatial_hit_test_sync_ms,ms,13,0
Atlas,1c2e54b3b8df+bench,SVG,instrument-2026-10-07T06-46-37.937Z,points-3000-seed-41544c53,hit,spatial_hit_test_sync_ms,ms,14,0
Atlas,1c2e54b3b8df+bench,SVG,instrument-2026-10-07T06-46-37.937Z,points-3000-seed-41544c53,hit,spatial_hit_test_sync_ms,ms,15,0
Atlas,1c2e54b3b8df+bench,SVG,instrument-2026-10-07T06-46-37.937Z,points-3000-seed-41544c53,hit,spatial_hit_test_sync_ms,ms,16,0
Atlas,1c2e54b3b8df+bench,SVG,instrument-2026-10-07T06-46-37.937Z,points-3000-seed-41544c53,hit,spatial_hit_test_sync_ms,ms,17,0
Atlas,1c2e54b3b8df+bench,SVG,instrument-2026-10-07T06-46-37.937Z,points-3000-seed-41544c53,hit,spatial_hit_test_sync_ms,ms,18,0
Atlas,1c2e54b3b8df+bench,SVG,instrument-2026-10-07T06-46-37.937Z,points-3000-seed-41544c53,hit,spatial_hit_test_sync_ms,ms,19,0
Atlas,1c2e54b3b8df+bench,SVG,instrument-2026-10-07T06-46-37.937Z,points-3000-seed-41544c53,hit,spatial_hit_test_sync_ms,ms,20,0
Atlas,1c2e54b3b8df+bench,SVG,instrument-2026-10-07T06-46-37.937Z,points-3000-seed-41544c53,hit,spatial_hit_test_sync_ms,ms,21,0
Atlas,1c2e54b3b8df+bench,SVG,instrument-2026-10-07T06-46-37.937Z,points-3000-seed-41544c53,hit,spatial_hit_test_sync_ms,ms,22,0
Atlas,1c2e54b3b8df+bench,SVG,instrument-2026-10-07T06-46-37.937Z,points-3000-seed-41544c53,hit,spatial_hit_test_sync_ms,ms,23,0
Atlas,1c2e54b3b8df+bench,SVG,instrument-2026-10-07T06-46-37.937Z,points-3000-seed-41544c53,hit,spatial_hit_test_sync_ms,ms,24,0
Atlas,1c2e54b3b8df+bench,SVG,instrument-2026-10-07T06-46-37.937Z,points-3000-seed-41544c53,hit,spatial_hit_test_sync_ms,ms,25,0
Atlas,1c2e54b3b8df+bench,SVG,instrument-2026-10-07T06-46-37.937Z,points-3000-seed-41544c53,hit,spatial_hit_test_sync_ms,ms,26,0
Atlas,1c2e54b3b8df+bench,SVG,instrument-2026-10-07T06-46-37.937Z,points-3000-seed-41544c53,hit,spatial_hit_test_sync_ms,ms,27,0
Atlas,1c2e54b3b8df+bench,SVG,instrument-2026-10-07T06-46-37.937Z,points-3000-seed-41544c53,hit,spatial_hit_test_sync_ms,ms,28,0
Atlas,1c2e54b3b8df+bench,SVG,instrument-2026-10-07T06-46-37.937Z,points-3000-seed-41544c53,hit,spatial_hit_test_sync_ms,ms,29,0
Atlas,1c2e54b3b8df+bench,SVG,instrument-2026-10-07T06-46-37.937Z,points-3000-seed-41544c53,hit,spatial_hit_test_sync_ms,ms,30,0
Atlas,1c2e54b3b8df+bench,SVG,instrument-2026-10-07T06-46-37.937Z,points-3000-seed-41544c53,hit,spatial_hit_test_sync_ms,ms,31,0
Atlas,1c2e54b3b8df+bench,SVG,instrument-2026-10-07T06-46-37.937Z,points-3000-seed-41544c53,hit,spatial_hit_test_sync_ms,ms,32,0
Atlas,1c2e54b3b8df+bench,SVG,instrument-2026-10-07T06-46-37.937Z,points-3000-seed-41544c53,hit,spatial_hit_test_sync_ms,ms,33,0
Atlas,1c2e54b3b8df+bench,SVG,instrument-2026-10-07T06-46-37.937Z,points-3000-seed-41544c53,hit,spatial_hit_test_sync_ms,ms,34,0
Atlas,1c2e54b3b8df+bench,SVG,instrument-2026-10-07T06-46-37.937Z,points-3000-seed-41544c53,hit,spatial_hit_test_sync_ms,ms,35,0
Atlas,1c2e54b3b8df+bench,SVG,instrument-2026-10-07T06-46-37.937Z,points-3000-seed-41544c53,hit,spatial_hit_test_sync_ms,ms,36,0
Atlas,1c2e54b3b8df+bench,SVG,instrument-2026-10-07T06-46-37.937Z,points-3000-seed-41544c53,hit,spatial_hit_test_sync_ms,ms,37,0
Atlas,1c2e54b3b8df+bench,SVG,instrument-2026-10-07T06-46-37.937Z,points-3000-seed-41544c53,hit,spatial_hit_test_sync_ms,ms,38,0
Atlas,1c2e54b3b8df+bench,SVG,instrument-2026-10-07T06-46-37.937Z,points-3000-seed-41544c53,hit,spatial_hit_test_sync_ms,ms,39,0
Atlas,1c2e54b3b8df+bench,SVG,instrument-2026-10-07T06-46-37.937Z,points-3000-seed-41544c53,hit,spatial_hit_test_sync_ms,ms,40,0
Atlas,1c2e54b3b8df+bench,SVG,instrument-2026-10-07T06-46-37.937Z,points-3000-seed-41544c53,hit,spatial_hit_test_sync_ms,ms,41,0
Atlas,1c2e54b3b8df+bench,SVG,instrument-2026-10-07T06-46-37.937Z,points-3000-seed-41544c53,hit,spatial_hit_test_sync_ms,ms,42,0
Atlas,1c2e54b3b8df+bench,SVG,instrument-2026-10-07T06-46-37.937Z,points-3000-seed-41544c53,hit,spatial_hit_test_sync_ms,ms,43,0
Atlas,1c2e54b3b8df+bench,SVG,instrument-2026-10-07T06-46-37.937Z,points-3000-seed-41544c53,hit,spatial_hit_test_sync_ms,ms,44,0
Atlas,1c2e54b3b8df+bench,SVG,instrument-2026-10-07T06-46-37.937Z,points-3000-seed-41544c53,hit,spatial_hit_test_sync_ms,ms,45,0
Atlas,1c2e54b3b8df+bench,SVG,instrument-2026-10-07T06-46-37.937Z,points-3000-seed-41544c53,hit,spatial_hit_test_sync_ms,ms,46,0
Atlas,1c2e54b3b8df+bench,SVG,instrument-2026-10-07T06-46-37.937Z,points-3000-seed-41544c53,hit,spatial_hit_test_sync_ms,ms,47,0
Atlas,1c2e54b3b8df+bench,SVG,instrument-2026-10-07T06-46-37.937Z,points-3000-seed-41544c53,hit,spatial_hit_test_sync_ms,ms,48,0
Atlas,1c2e54b3b8df+bench,SVG,instrument-2026-10-07T06-46-37.937Z,points-3000-seed-41544c53,hit,spatial_hit_test_sync_ms,ms,49,0
Atlas,1c2e54b3b8df+bench,SVG,instrument-2026-10-07T06-46-37.937Z,points-3000-seed-41544c53,hit,spatial_hit_test_sync_ms,ms,50,0
Atlas,1c2e54b3b8df+bench,SVG,instrument-2026-10-07T06-46-37.937Z,points-3000-seed-41544c53,hit,spatial_hit_test_sync_ms,ms,51,0
Atlas,1c2e54b3b8df+bench,SVG,instrument-2026-10-07T06-46-37.937Z,points-3000-seed-41544c53,hit,spatial_hit_test_sync_ms,ms,52,0
Atlas,1c2e54b3b8df+bench,SVG,instrument-2026-10-07T06-46-37.937Z,points-3000-seed-41544c53,hit,spatial_hit_test_sync_ms,ms,53,0
Atlas,1c2e54b3b8df+bench,SVG,instrument-2026-10-07T06-46-37.937Z,points-3000-seed-41544c53,hit,spatial_hit_test_sync_ms,ms,54,0
Atlas,1c2e54b3b8df+bench,SVG,instrument-2026-10-07T06-46-37.937Z,points-3000-seed-41544c53,hit,spatial_hit_test_sync_ms,ms,55,0
Atlas,1c2e54b3b8df+bench,SVG,instrument-2026-10-07T06-46-37.937Z,points-3000-seed-41544c53,hit,spatial_hit_test_sync_ms,ms,56,0
Atlas,1c2e54b3b8df+bench,SVG,instrument-2026-10-07T06-46-37.937Z,points-3000-seed-41544c53,hit,spatial_hit_test_sync_ms,ms,57,0
Atlas,1c2e54b3b8df+bench,SVG,instrument-2026-10-07T06-46-37.937Z,points-3000-seed-41544c53,hit,spatial_hit_test_sync_ms,ms,58,0
Atlas,1c2e54b3b8df+bench,SVG,instrument-2026-10-07T06-46-37.937Z,points-3000-seed-41544c53,hit,spatial_hit_test_sync_ms,ms,59,0
Atlas,1c2e54b3b8df+bench,SVG,instrument-2026-10-07T06-46-37.937Z,points-3000-seed-41544c53,hit,spatial_hit_test_sync_ms,ms,60,0
Atlas,1c2e54b3b8df+bench,SVG,instrument-2026-10-07T06-46-37.937Z,points-3000-seed-41544c53,hit,spatial_hit_test_sync_ms,ms,61,0
Atlas,1c2e54b3b8df+bench,SVG,instrument-2026-10-07T06-46-37.937Z,points-3000-seed-41544c53,hit,spatial_hit_test_sync_ms,ms,62,0
Atlas,1c2e54b3b8df+bench,SVG,instrument-2026-10-07T06-46-37.937Z,points-3000-seed-41544c53,hit,spatial_hit_test_sync_ms,ms,63,0
Atlas,1c2e54b3b8df+bench,SVG,instrument-2026-10-07T06-46-37.937Z,points-3000-seed-41544c53,hit,spatial_hit_test_sync_ms,ms,64,0
Atlas,1c2e54b3b8df+bench,SVG,instrument-2026-10-07T06-46-37.937Z,points-3000-seed-41544c53,hit,spatial_hit_test_sync_ms,ms,65,0
Atlas,1c2e54b3b8df+bench,SVG,instrument-2026-10-07T06-46-37.937Z,points-3000-seed-41544c53,hit,spatial_hit_test_sync_ms,ms,66,0
Atlas,1c2e54b3b8df+bench,SVG,instrument-2026-10-07T06-46-37.937Z,points-3000-seed-41544c53,hit,spatial_hit_test_sync_ms,ms,67,0
Atlas,1c2e54b3b8df+bench,SVG,instrument-2026-10-07T06-46-37.937Z,points-3000-seed-41544c53,hit,spatial_hit_test_sync_ms,ms,68,0
Atlas,1c2e54b3b8df+bench,SVG,instrument-2026-10-07T06-46-37.937Z,points-3000-seed-41544c53,hit,spatial_hit_test_sync_ms,ms,69,0
Atlas,1c2e54b3b8df+bench,SVG,instrument-2026-10-07T06-46-37.937Z,points-3000-seed-41544c53,hit,spatial_hit_test_sync_ms,ms,70,0
Atlas,1c2e54b3b8df+bench,SVG,instrument-2026-10-07T06-46-37.937Z,points-3000-seed-41544c53,hit,spatial_hit_test_sync_ms,ms,71,0
Atlas,1c2e54b3b8df+bench,SVG,instrument-2026-10-07T06-46-37.937Z,points-3000-seed-41544c53,hit,spatial_hit_test_sync_ms,ms,72,0
Atlas,1c2e54b3b8df+bench,SVG,instrument-2026-10-07T06-46-37.937Z,points-3000-seed-41544c53,hit,spatial_hit_test_sync_ms,ms,73,0
Atlas,1c2e54b3b8df+bench,SVG,instrument-2026-10-07T06-46-37.937Z,points-3000-seed-41544c53,hit,spatial_hit_test_sync_ms,ms,74,0
Atlas,1c2e54b3b8df+bench,SVG,instrument-2026-10-07T06-46-37.937Z,points-3000-seed-41544c53,hit,spatial_hit_test_sync_ms,ms,75,0
Atlas,1c2e54b3b8df+bench,SVG,instrument-2026-10-07T06-46-37.937Z,points-3000-seed-41544c53,hit,spatial_hit_test_sync_ms,ms,76,0
Atlas,1c2e54b3b8df+bench,SVG,instrument-2026-10-07T06-46-37.937Z,points-3000-seed-41544c53,hit,spatial_hit_test_sync_ms,ms,77,0
Atlas,1c2e54b3b8df+bench,SVG,instrument-2026-10-07T06-46-37.937Z,points-3000-seed-41544c53,hit,spatial_hit_test_sync_ms,ms,78,0
Atlas,1c2e54b3b8df+bench,SVG,instrument-2026-10-07T06-46-37.937Z,points-3000-seed-41544c53,hit,spatial_hit_test_sync_ms,ms,79,0
Atlas,1c2e54b3b8df+bench,SVG,instrument-2026-10-07T06-46-37.937Z,points-3000-seed-41544c53,hit,spatial_hit_test_sync_ms,ms,80,0
Atlas,1c2e54b3b8df+bench,SVG,instrument-2026-10-07T06-46-37.937Z,points-3000-seed-41544c53,hit,spatial_hit_test_sync_ms,ms,81,0
Atlas,1c2e54b3b8df+bench,SVG,instrument-2026-10-07T06-46-37.937Z,points-3000-seed-41544c53,hit,spatial_hit_test_sync_ms,ms,82,0
Atlas,1c2e54b3b8df+bench,SVG,instrument-2026-10-07T06-46-37.937Z,points-3000-seed-41544c53,hit,spatial_hit_test_sync_ms,ms,83,0
Atlas,1c2e54b3b8df+bench,SVG,instrument-2026-10-07T06-46-37.937Z,points-3000-seed-41544c53,hit,spatial_hit_test_sync_ms,ms,84,0
Atlas,1c2e54b3b8df+bench,SVG,instrument-2026-10-07T06-46-37.937Z,points-3000-seed-41544c53,hit,spatial_hit_test_sync_ms,ms,85,0
Atlas,1c2e54b3b8df+bench,SVG,instrument-2026-10-07T06-46-37.937Z,points-3000-seed-41544c53,hit,spatial_hit_test_sync_ms,ms,86,0
Atlas,1c2e54b3b8df+bench,SVG,instrument-2026-10-07T06-46-37.937Z,points-3000-seed-41544c53,hit,spatial_hit_test_sync_ms,ms,87,0
Atlas,1c2e54b3b8df+bench,SVG,instrument-2026-10-07T06-46-37.937Z,points-3000-seed-41544c53,hit,spatial_hit_test_sync_ms,ms,88,0
Atlas,1c2e54b3b8df+bench,SVG,instrument-2026-10-07T06-46-37.937Z,points-3000-seed-41544c53,hit,spatial_hit_test_sync_ms,ms,89,0
Atlas,1c2e54b3b8df+bench,SVG,instrument-2026-10-07T06-46-37.937Z,points-3000-seed-41544c53,hit,spatial_hit_test_sync_ms,ms,90,0
Atlas,1c2e54b3b8df+bench,SVG,instrument-2026-10-07T06-46-37.937Z,points-3000-seed-41544c53,hit,spatial_hit_test_sync_ms,ms,91,0
Atlas,1c2e54b3b8df+bench,SVG,instrument-2026-10-07T06-46-37.937Z,points-3000-seed-41544c53,hit,spatial_hit_test_sync_ms,ms,92,0
Atlas,1c2e54b3b8df+bench,SVG,instrument-2026-10-07T06-46-37.937Z,points-3000-seed-41544c53,hit,spatial_hit_test_sync_ms,ms,93,0
Atlas,1c2e54b3b8df+bench,SVG,instrument-2026-10-07T06-46-37.937Z,points-3000-seed-41544c53,hit,spatial_hit_test_sync_ms,ms,94,0
Atlas,1c2e54b3b8df+bench,SVG,instrument-2026-10-07T06-46-37.937Z,points-3000-seed-41544c53,hit,spatial_hit_test_sync_ms,ms,95,0
Atlas,1c2e54b3b8df+bench,SVG,instrument-2026-10-07T06-46-37.937Z,points-3000-seed-41544c53,hit,spatial_hit_test_sync_ms,ms,96,0
Atlas,1c2e54b3b8df+bench,SVG,instrument-2026-10-07T06-46-37.937Z,points-3000-seed-41544c53,hit,spatial_hit_test_sync_ms,ms,97,0
Atlas,1c2e54b3b8df+bench,SVG,instrument-2026-10-07T06-46-37.937Z,points-3000-seed-41544c53,hit,spatial_hit_test_sync_ms,ms,98,0
Atlas,1c2e54b3b8df+bench,SVG,instrument-2026-10-07T06-46-37.937Z,points-3000-seed-41544c53,hit,spatial_hit_test_sync_ms,ms,99,0
Atlas,1c2e54b3b8df+bench,SVG,instrument-2026-10-07T06-46-37.937Z,points-3000-seed-41544c53,hit,spatial_hit_test_sync_ms,ms,100,0
Atlas,1c2e54b3b8df+bench,SVG,instrument-2026-10-07T06-46-37.937Z,points-3000-seed-41544c53,hit,spatial_hit_test_sync_ms,ms,101,0
Atlas,1c2e54b3b8df+bench,SVG,instrument-2026-10-07T06-46-37.937Z,points-3000-seed-41544c53,hit,spatial_hit_test_sync_ms,ms,102,0
Atlas,1c2e54b3b8df+bench,SVG,instrument-2026-10-07T06-46-37.937Z,points-3000-seed-41544c53,hit,spatial_hit_test_sync_ms,ms,103,0
Atlas,1c2e54b3b8df+bench,SVG,instrument-2026-10-07T06-46-37.937Z,points-3000-seed-41544c53,hit,spatial_hit_test_sync_ms,ms,104,0
Atlas,1c2e54b3b8df+bench,SVG,instrument-2026-10-07T06-46-37.937Z,points-3000-seed-41544c53,hit,spatial_hit_test_sync_ms,ms,105,0
Atlas,1c2e54b3b8df+bench,SVG,instrument-2026-10-07T06-46-37.937Z,points-3000-seed-41544c53,hit,spatial_hit_test_sync_ms,ms,106,0
Atlas,1c2e54b3b8df+bench,SVG,instrument-2026-10-07T06-46-37.937Z,points-3000-seed-41544c53,hit,spatial_hit_test_sync_ms,ms,107,0
Atlas,1c2e54b3b8df+bench,SVG,instrument-2026-10-07T06-46-37.937Z,points-3000-seed-41544c53,hit,spatial_hit_test_sync_ms,ms,108,0
Atlas,1c2e54b3b8df+bench,SVG,instrument-2026-10-07T06-46-37.937Z,points-3000-seed-41544c53,hit,spatial_hit_test_sync_ms,ms,109,0
Atlas,1c2e54b3b8df+bench,SVG,instrument-2026-10-07T06-46-37.937Z,points-3000-seed-41544c53,hit,spatial_hit_test_sync_ms,ms,110,0
Atlas,1c2e54b3b8df+bench,SVG,instrument-2026-10-07T06-46-37.937Z,points-3000-seed-41544c53,hit,spatial_hit_test_sync_ms,ms,111,0
Atlas,1c2e54b3b8df+bench,SVG,instrument-2026-10-07T06-46-37.937Z,points-3000-seed-41544c53,hit,spatial_hit_test_sync_ms,ms,112,0
Atlas,1c2e54b3b8df+bench,SVG,instrument-2026-10-07T06-46-37.937Z,points-3000-seed-41544c53,hit,spatial_hit_test_sync_ms,ms,113,0
Atlas,1c2e54b3b8df+bench,SVG,instrument-2026-10-07T06-46-37.937Z,points-3000-seed-41544c53,hit,spatial_hit_test_sync_ms,ms,114,0
Atlas,1c2e54b3b8df+bench,SVG,instrument-2026-10-07T06-46-37.937Z,points-3000-seed-41544c53,hit,spatial_hit_test_sync_ms,ms,115,0
Atlas,1c2e54b3b8df+bench,SVG,instrument-2026-10-07T06-46-37.937Z,points-3000-seed-41544c53,hit,spatial_hit_test_sync_ms,ms,116,0
Atlas,1c2e54b3b8df+bench,SVG,instrument-2026-10-07T06-46-37.937Z,points-3000-seed-41544c53,hit,spatial_hit_test_sync_ms,ms,117,0
Atlas,1c2e54b3b8df+bench,SVG,instrument-2026-10-07T06-46-37.937Z,points-3000-seed-41544c53,hit,spatial_hit_test_sync_ms,ms,118,0
Atlas,1c2e54b3b8df+bench,SVG,instrument-2026-10-07T06-46-37.937Z,points-3000-seed-41544c53,hit,spatial_hit_test_sync_ms,ms,119,0
Atlas,1c2e54b3b8df+bench,SVG,instrument-2026-10-07T06-46-37.937Z,points-3000-seed-41544c53,hit,spatial_hit_test_sync_ms,ms,120,0
Atlas,1c2e54b3b8df+bench,SVG,instrument-2026-10-07T06-46-37.937Z,points-3000-seed-41544c53,hit,spatial_hit_test_sync_ms,ms,121,0
Atlas,1c2e54b3b8df+bench,SVG,instrument-2026-10-07T06-46-37.937Z,points-3000-seed-41544c53,hit,spatial_hit_test_sync_ms,ms,122,0
Atlas,1c2e54b3b8df+bench,SVG,instrument-2026-10-07T06-46-37.937Z,points-3000-seed-41544c53,hit,spatial_hit_test_sync_ms,ms,123,0
Atlas,1c2e54b3b8df+bench,SVG,instrument-2026-10-07T06-46-37.937Z,points-3000-seed-41544c53,hit,spatial_hit_test_sync_ms,ms,124,0
Atlas,1c2e54b3b8df+bench,SVG,instrument-2026-10-07T06-46-37.937Z,points-3000-seed-41544c53,hit,spatial_hit_test_sync_ms,ms,125,0
Atlas,1c2e54b3b8df+bench,SVG,instrument-2026-10-07T06-46-37.937Z,points-3000-seed-41544c53,hit,spatial_hit_test_sync_ms,ms,126,0
Atlas,1c2e54b3b8df+bench,SVG,instrument-2026-10-07T06-46-37.937Z,points-3000-seed-41544c53,hit,spatial_hit_test_sync_ms,ms,127,0
Atlas,1c2e54b3b8df+bench,SVG,instrument-2026-10-07T06-46-37.937Z,points-3000-seed-41544c53,hit,spatial_hit_test_sync_ms,ms,128,0
Atlas,1c2e54b3b8df+bench,SVG,instrument-2026-10-07T06-46-37.937Z,points-3000-seed-41544c53,hit,spatial_hit_test_sync_ms,ms,129,0
Atlas,1c2e54b3b8df+bench,SVG,instrument-2026-10-07T06-46-37.937Z,points-3000-seed-41544c53,hit,spatial_hit_test_sync_ms,ms,130,0
Atlas,1c2e54b3b8df+bench,SVG,instrument-2026-10-07T06-46-37.937Z,points-3000-seed-41544c53,hit,spatial_hit_test_sync_ms,ms,131,0
Atlas,1c2e54b3b8df+bench,SVG,instrument-2026-10-07T06-46-37.937Z,points-3000-seed-41544c53,hit,spatial_hit_test_sync_ms,ms,132,0
Atlas,1c2e54b3b8df+bench,SVG,instrument-2026-10-07T06-46-37.937Z,points-3000-seed-41544c53,hit,spatial_hit_test_sync_ms,ms,133,0
Atlas,1c2e54b3b8df+bench,SVG,instrument-2026-10-07T06-46-37.937Z,points-3000-seed-41544c53,hit,spatial_hit_test_sync_ms,ms,134,0
Atlas,1c2e54b3b8df+bench,SVG,instrument-2026-10-07T06-46-37.937Z,points-3000-seed-41544c53,hit,spatial_hit_test_sync_ms,ms,135,0
Atlas,1c2e54b3b8df+bench,SVG,instrument-2026-10-07T06-46-37.937Z,points-3000-seed-41544c53,hit,spatial_hit_test_sync_ms,ms,136,0
Atlas,1c2e54b3b8df+bench,SVG,instrument-2026-10-07T06-46-37.937Z,points-3000-seed-41544c53,hit,spatial_hit_test_sync_ms,ms,137,0
Atlas,1c2e54b3b8df+bench,SVG,instrument-2026-10-07T06-46-37.937Z,points-3000-seed-41544c53,hit,spatial_hit_test_sync_ms,ms,138,0
Atlas,1c2e54b3b8df+bench,SVG,instrument-2026-10-07T06-46-37.937Z,points-3000-seed-41544c53,hit,spatial_hit_test_sync_ms,ms,139,0
Atlas,1c2e54b3b8df+bench,SVG,instrument-2026-10-07T06-46-37.937Z,points-3000-seed-41544c53,hit,spatial_hit_test_sync_ms,ms,140,0
Atlas,1c2e54b3b8df+bench,SVG,instrument-2026-10-07T06-46-37.937Z,points-3000-seed-41544c53,hit,spatial_hit_test_sync_ms,ms,141,0
Atlas,1c2e54b3b8df+bench,SVG,instrument-2026-10-07T06-46-37.937Z,points-3000-seed-41544c53,hit,spatial_hit_test_sync_ms,ms,142,0
Atlas,1c2e54b3b8df+bench,SVG,instrument-2026-10-07T06-46-37.937Z,points-3000-seed-41544c53,hit,spatial_hit_test_sync_ms,ms,143,0
Atlas,1c2e54b3b8df+bench,SVG,instrument-2026-10-07T06-46-37.937Z,points-3000-seed-41544c53,hit,spatial_hit_test_sync_ms,ms,144,0
Atlas,1c2e54b3b8df+bench,SVG,instrument-2026-10-07T06-46-37.937Z,points-3000-seed-41544c53,hit,spatial_hit_test_sync_ms,ms,145,0
Atlas,1c2e54b3b8df+bench,SVG,instrument-2026-10-07T06-46-37.937Z,points-3000-seed-41544c53,hit,spatial_hit_test_sync_ms,ms,146,0
Atlas,1c2e54b3b8df+bench,SVG,instrument-2026-10-07T06-46-37.937Z,points-3000-seed-41544c53,hit,spatial_hit_test_sync_ms,ms,147,0
Atlas,1c2e54b3b8df+bench,SVG,instrument-2026-10-07T06-46-37.937Z,points-3000-seed-41544c53,hit,spatial_hit_test_sync_ms,ms,148,0
Atlas,1c2e54b3b8df+bench,SVG,instrument-2026-10-07T06-46-37.937Z,points-3000-seed-41544c53,hit,spatial_hit_test_sync_ms,ms,149,0
Atlas,1c2e54b3b8df+bench,SVG,instrument-2026-10-07T06-46-37.937Z,points-3000-seed-41544c53,hit,spatial_hit_test_sync_ms,ms,150,0
Atlas,1c2e54b3b8df+bench,SVG,instrument-2026-10-07T06-46-37.937Z,points-3000-seed-41544c53,hit,spatial_hit_test_sync_ms,ms,151,0
Atlas,1c2e54b3b8df+bench,SVG,instrument-2026-10-07T06-46-37.937Z,points-3000-seed-41544c53,hit,spatial_hit_test_sync_ms,ms,152,0
Atlas,1c2e54b3b8df+bench,SVG,instrument-2026-10-07T06-46-37.937Z,points-3000-seed-41544c53,hit,spatial_hit_test_sync_ms,ms,153,0
Atlas,1c2e54b3b8df+bench,SVG,instrument-2026-10-07T06-46-37.937Z,points-3000-seed-41544c53,hit,spatial_hit_test_sync_ms,ms,154,0
Atlas,1c2e54b3b8df+bench,SVG,instrument-2026-10-07T06-46-37.937Z,points-3000-seed-41544c53,hit,spatial_hit_test_sync_ms,ms,155,0
Atlas,1c2e54b3b8df+bench,SVG,instrument-2026-10-07T06-46-37.937Z,points-3000-seed-41544c53,hit,spatial_hit_test_sync_ms,ms,156,0
Atlas,1c2e54b3b8df+bench,SVG,instrument-2026-10-07T06-46-37.937Z,points-3000-seed-41544c53,hit,spatial_hit_test_sync_ms,ms,157,0
Atlas,1c2e54b3b8df+bench,SVG,instrument-2026-10-07T06-46-37.937Z,points-3000-seed-41544c53,hit,spatial_hit_test_sync_ms,ms,158,0
Atlas,1c2e54b3b8df+bench,SVG,instrument-2026-10-07T06-46-37.937Z,points-3000-seed-41544c53,hit,spatial_hit_test_sync_ms,ms,159,0
Atlas,1c2e54b3b8df+bench,SVG,instrument-2026-10-07T06-46-37.937Z,points-3000-seed-41544c53,hit,spatial_hit_test_sync_ms,ms,160,0
Atlas,1c2e54b3b8df+bench,SVG,instrument-2026-10-07T06-46-37.937Z,points-3000-seed-41544c53,hit,spatial_hit_test_sync_ms,ms,161,0
Atlas,1c2e54b3b8df+bench,SVG,instrument-2026-10-07T06-46-37.937Z,points-3000-seed-41544c53,hit,spatial_hit_test_sync_ms,ms,162,0
Atlas,1c2e54b3b8df+bench,SVG,instrument-2026-10-07T06-46-37.937Z,points-3000-seed-41544c53,hit,spatial_hit_test_sync_ms,ms,163,0
Atlas,1c2e54b3b8df+bench,SVG,instrument-2026-10-07T06-46-37.937Z,points-3000-seed-41544c53,hit,spatial_hit_test_sync_ms,ms,164,0
Atlas,1c2e54b3b8df+bench,SVG,instrument-2026-10-07T06-46-37.937Z,points-3000-seed-41544c53,hit,spatial_hit_test_sync_ms,ms,165,0
Atlas,1c2e54b3b8df+bench,SVG,instrument-2026-10-07T06-46-37.937Z,points-3000-seed-41544c53,hit,spatial_hit_test_sync_ms,ms,166,0
Atlas,1c2e54b3b8df+bench,SVG,instrument-2026-10-07T06-46-37.937Z,points-3000-seed-41544c53,hit,spatial_hit_test_sync_ms,ms,167,0
Atlas,1c2e54b3b8df+bench,SVG,instrument-2026-10-07T06-46-37.937Z,points-3000-seed-41544c53,hit,spatial_hit_test_sync_ms,ms,168,0
Atlas,1c2e54b3b8df+bench,SVG,instrument-2026-10-07T06-46-37.937Z,points-3000-seed-41544c53,hit,spatial_hit_test_sync_ms,ms,169,0
Atlas,1c2e54b3b8df+bench,SVG,instrument-2026-10-07T06-46-37.937Z,points-3000-seed-41544c53,hit,spatial_hit_test_sync_ms,ms,170,0
Atlas,1c2e54b3b8df+bench,SVG,instrument-2026-10-07T06-46-37.937Z,points-3000-seed-41544c53,hit,spatial_hit_test_sync_ms,ms,171,0
Atlas,1c2e54b3b8df+bench,SVG,instrument-2026-10-07T06-46-37.937Z,points-3000-seed-41544c53,hit,spatial_hit_test_sync_ms,ms,172,0
Atlas,1c2e54b3b8df+bench,SVG,instrument-2026-10-07T06-46-37.937Z,points-3000-seed-41544c53,hit,spatial_hit_test_sync_ms,ms,173,0
Atlas,1c2e54b3b8df+bench,SVG,instrument-2026-10-07T06-46-37.937Z,points-3000-seed-41544c53,hit,spatial_hit_test_sync_ms,ms,174,0
Atlas,1c2e54b3b8df+bench,SVG,instrument-2026-10-07T06-46-37.937Z,points-3000-seed-41544c53,hit,spatial_hit_test_sync_ms,ms,175,0
Atlas,1c2e54b3b8df+bench,SVG,instrument-2026-10-07T06-46-37.937Z,points-3000-seed-41544c53,hit,spatial_hit_test_sync_ms,ms,176,0
Atlas,1c2e54b3b8df+bench,SVG,instrument-2026-10-07T06-46-37.937Z,points-3000-seed-41544c53,hit,spatial_hit_test_sync_ms,ms,177,0
Atlas,1c2e54b3b8df+bench,SVG,instrument-2026-10-07T06-46-37.937Z,points-3000-seed-41544c53,hit,spatial_hit_test_sync_ms,ms,178,0
Atlas,1c2e54b3b8df+bench,SVG,instrument-2026-10-07T06-46-37.937Z,points-3000-seed-41544c53,hit,spatial_hit_test_sync_ms,ms,179,0
Atlas,1c2e54b3b8df+bench,SVG,instrument-2026-10-07T06-46-37.937Z,points-3000-seed-41544c53,hit,spatial_hit_test_sync_ms,ms,180,0
Atlas,1c2e54b3b8df+bench,SVG,instrument-2026-10-07T06-46-37.937Z,points-3000-seed-41544c53,hit,spatial_hit_test_sync_ms,ms,181,0
Atlas,1c2e54b3b8df+bench,SVG,instrument-2026-10-07T06-46-37.937Z,points-3000-seed-41544c53,hit,spatial_hit_test_sync_ms,ms,182,0
Atlas,1c2e54b3b8df+bench,SVG,instrument-2026-10-07T06-46-37.937Z,points-3000-seed-41544c53,hit,spatial_hit_test_sync_ms,ms,183,0
Atlas,1c2e54b3b8df+bench,SVG,instrument-2026-10-07T06-46-37.937Z,points-3000-seed-41544c53,hit,spatial_hit_test_sync_ms,ms,184,0
Atlas,1c2e54b3b8df+bench,SVG,instrument-2026-10-07T06-46-37.937Z,points-3000-seed-41544c53,hit,spatial_hit_test_sync_ms,ms,185,0
Atlas,1c2e54b3b8df+bench,SVG,instrument-2026-10-07T06-46-37.937Z,points-3000-seed-41544c53,hit,spatial_hit_test_sync_ms,ms,186,0
Atlas,1c2e54b3b8df+bench,SVG,instrument-2026-10-07T06-46-37.937Z,points-3000-seed-41544c53,hit,spatial_hit_test_sync_ms,ms,187,0
Atlas,1c2e54b3b8df+bench,SVG,instrument-2026-10-07T06-46-37.937Z,points-3000-seed-41544c53,hit,spatial_hit_test_sync_ms,ms,188,0
Atlas,1c2e54b3b8df+bench,SVG,instrument-2026-10-07T06-46-37.937Z,points-3000-seed-41544c53,hit,spatial_hit_test_sync_ms,ms,189,0
Atlas,1c2e54b3b8df+bench,SVG,instrument-2026-10-07T06-46-37.937Z,points-3000-seed-41544c53,hit,spatial_hit_test_sync_ms,ms,190,0
Atlas,1c2e54b3b8df+bench,SVG,instrument-2026-10-07T06-46-37.937Z,points-3000-seed-41544c53,hit,spatial_hit_test_sync_ms,ms,191,0
Atlas,1c2e54b3b8df+bench,SVG,instrument-2026-10-07T06-46-37.937Z,points-3000-seed-41544c53,hit,spatial_hit_test_sync_ms,ms,192,0
Atlas,1c2e54b3b8df+bench,SVG,instrument-2026-10-07T06-46-37.937Z,points-3000-seed-41544c53,hit,spatial_hit_test_sync_ms,ms,193,0
Atlas,1c2e54b3b8df+bench,SVG,instrument-2026-10-07T06-46-37.937Z,points-3000-seed-41544c53,hit,spatial_hit_test_sync_ms,ms,194,0
Atlas,1c2e54b3b8df+bench,SVG,instrument-2026-10-07T06-46-37.937Z,points-3000-seed-41544c53,hit,spatial_hit_test_sync_ms,ms,195,0
Atlas,1c2e54b3b8df+bench,SVG,instrument-2026-10-07T06-46-37.937Z,points-3000-seed-41544c53,hit,spatial_hit_test_sync_ms,ms,196,0
Atlas,1c2e54b3b8df+bench,SVG,instrument-2026-10-07T06-46-37.937Z,points-3000-seed-41544c53,hit,spatial_hit_test_sync_ms,ms,197,0
Atlas,1c2e54b3b8df+bench,SVG,instrument-2026-10-07T06-46-37.937Z,points-3000-seed-41544c53,hit,spatial_hit_test_sync_ms,ms,198,0
Atlas,1c2e54b3b8df+bench,SVG,instrument-2026-10-07T06-46-37.937Z,points-3000-seed-41544c53,hit,spatial_hit_test_sync_ms,ms,199,0
Atlas,1c2e54b3b8df+bench,SVG,instrument-2026-10-07T06-46-37.937Z,points-3000-seed-41544c53,hit,root_iterator_creations,count,0,1
Atlas,1c2e54b3b8df+bench,SVG,instrument-2026-10-07T06-46-37.937Z,points-3000-seed-41544c53,hit,root_iterator_next_calls,count,0,3001
Atlas,1c2e54b3b8df+bench,SVG,instrument-2026-10-07T06-46-37.937Z,points-3000-seed-41544c53,hit,layout_rect_reads,count,0,0
Atlas,1c2e54b3b8df+bench,SVG,instrument-2026-10-07T06-46-37.937Z,points-3000-seed-41544c53,hit,cleanup_renderer_calls,count,0,0
Atlas,1c2e54b3b8df+bench,SVG,instrument-2026-10-07T06-46-37.937Z,points-3000-seed-41544c53,hit,cleanup_stage_children,count,0,0
Atlas,1c2e54b3b8df+bench,SVG,instrument-2026-10-07T06-46-37.937Z,points-3000-seed-41544c53,miss,spatial_hit_test_sync_ms,ms,0,0.5999999046325684
Atlas,1c2e54b3b8df+bench,SVG,instrument-2026-10-07T06-46-37.937Z,points-3000-seed-41544c53,miss,spatial_hit_test_sync_ms,ms,1,0.40000009536743164
Atlas,1c2e54b3b8df+bench,SVG,instrument-2026-10-07T06-46-37.937Z,points-3000-seed-41544c53,miss,spatial_hit_test_sync_ms,ms,2,0.39999985694885254
Atlas,1c2e54b3b8df+bench,SVG,instrument-2026-10-07T06-46-37.937Z,points-3000-seed-41544c53,miss,spatial_hit_test_sync_ms,ms,3,0.40000009536743164
Atlas,1c2e54b3b8df+bench,SVG,instrument-2026-10-07T06-46-37.937Z,points-3000-seed-41544c53,miss,spatial_hit_test_sync_ms,ms,4,0.5
Atlas,1c2e54b3b8df+bench,SVG,instrument-2026-10-07T06-46-37.937Z,points-3000-seed-41544c53,miss,spatial_hit_test_sync_ms,ms,5,0.39999985694885254
Atlas,1c2e54b3b8df+bench,SVG,instrument-2026-10-07T06-46-37.937Z,points-3000-seed-41544c53,miss,spatial_hit_test_sync_ms,ms,6,0.40000009536743164
Atlas,1c2e54b3b8df+bench,SVG,instrument-2026-10-07T06-46-37.937Z,points-3000-seed-41544c53,miss,spatial_hit_test_sync_ms,ms,7,0.40000009536743164
Atlas,1c2e54b3b8df+bench,SVG,instrument-2026-10-07T06-46-37.937Z,points-3000-seed-41544c53,miss,spatial_hit_test_sync_ms,ms,8,0.5
Atlas,1c2e54b3b8df+bench,SVG,instrument-2026-10-07T06-46-37.937Z,points-3000-seed-41544c53,miss,spatial_hit_test_sync_ms,ms,9,0.39999985694885254
Atlas,1c2e54b3b8df+bench,SVG,instrument-2026-10-07T06-46-37.937Z,points-3000-seed-41544c53,miss,spatial_hit_test_sync_ms,ms,10,0.40000009536743164
Atlas,1c2e54b3b8df+bench,SVG,instrument-2026-10-07T06-46-37.937Z,points-3000-seed-41544c53,miss,spatial_hit_test_sync_ms,ms,11,0.39999985694885254
Atlas,1c2e54b3b8df+bench,SVG,instrument-2026-10-07T06-46-37.937Z,points-3000-seed-41544c53,miss,spatial_hit_test_sync_ms,ms,12,0.5
Atlas,1c2e54b3b8df+bench,SVG,instrument-2026-10-07T06-46-37.937Z,points-3000-seed-41544c53,miss,spatial_hit_test_sync_ms,ms,13,0.3000001907348633
Atlas,1c2e54b3b8df+bench,SVG,instrument-2026-10-07T06-46-37.937Z,points-3000-seed-41544c53,miss,spatial_hit_test_sync_ms,ms,14,0.5
Atlas,1c2e54b3b8df+bench,SVG,instrument-2026-10-07T06-46-37.937Z,points-3000-seed-41544c53,miss,spatial_hit_test_sync_ms,ms,15,0.39999985694885254
Atlas,1c2e54b3b8df+bench,SVG,instrument-2026-10-07T06-46-37.937Z,points-3000-seed-41544c53,miss,spatial_hit_test_sync_ms,ms,16,0.40000009536743164
Atlas,1c2e54b3b8df+bench,SVG,instrument-2026-10-07T06-46-37.937Z,points-3000-seed-41544c53,miss,spatial_hit_test_sync_ms,ms,17,0.39999985694885254
Atlas,1c2e54b3b8df+bench,SVG,instrument-2026-10-07T06-46-37.937Z,points-3000-seed-41544c53,miss,spatial_hit_test_sync_ms,ms,18,0.40000009536743164
Atlas,1c2e54b3b8df+bench,SVG,instrument-2026-10-07T06-46-37.937Z,points-3000-seed-41544c53,miss,spatial_hit_test_sync_ms,ms,19,0.40000009536743164
Atlas,1c2e54b3b8df+bench,SVG,instrument-2026-10-07T06-46-37.937Z,points-3000-seed-41544c53,miss,spatial_hit_test_sync_ms,ms,20,0.5
Atlas,1c2e54b3b8df+bench,SVG,instrument-2026-10-07T06-46-37.937Z,points-3000-seed-41544c53,miss,spatial_hit_test_sync_ms,ms,21,0.39999985694885254
Atlas,1c2e54b3b8df+bench,SVG,instrument-2026-10-07T06-46-37.937Z,points-3000-seed-41544c53,miss,spatial_hit_test_sync_ms,ms,22,0.40000009536743164
Atlas,1c2e54b3b8df+bench,SVG,instrument-2026-10-07T06-46-37.937Z,points-3000-seed-41544c53,miss,spatial_hit_test_sync_ms,ms,23,0.5
Atlas,1c2e54b3b8df+bench,SVG,instrument-2026-10-07T06-46-37.937Z,points-3000-seed-41544c53,miss,spatial_hit_test_sync_ms,ms,24,0.2999999523162842
Atlas,1c2e54b3b8df+bench,SVG,instrument-2026-10-07T06-46-37.937Z,points-3000-seed-41544c53,miss,spatial_hit_test_sync_ms,ms,25,0.5
Atlas,1c2e54b3b8df+bench,SVG,instrument-2026-10-07T06-46-37.937Z,points-3000-seed-41544c53,miss,spatial_hit_test_sync_ms,ms,26,0.40000009536743164
Atlas,1c2e54b3b8df+bench,SVG,instrument-2026-10-07T06-46-37.937Z,points-3000-seed-41544c53,miss,spatial_hit_test_sync_ms,ms,27,0.39999985694885254
Atlas,1c2e54b3b8df+bench,SVG,instrument-2026-10-07T06-46-37.937Z,points-3000-seed-41544c53,miss,spatial_hit_test_sync_ms,ms,28,0.5
Atlas,1c2e54b3b8df+bench,SVG,instrument-2026-10-07T06-46-37.937Z,points-3000-seed-41544c53,miss,spatial_hit_test_sync_ms,ms,29,0.2999999523162842
Atlas,1c2e54b3b8df+bench,SVG,instrument-2026-10-07T06-46-37.937Z,points-3000-seed-41544c53,miss,spatial_hit_test_sync_ms,ms,30,0.40000009536743164
Atlas,1c2e54b3b8df+bench,SVG,instrument-2026-10-07T06-46-37.937Z,points-3000-seed-41544c53,miss,spatial_hit_test_sync_ms,ms,31,0.40000009536743164
Atlas,1c2e54b3b8df+bench,SVG,instrument-2026-10-07T06-46-37.937Z,points-3000-seed-41544c53,miss,spatial_hit_test_sync_ms,ms,32,0.5
Atlas,1c2e54b3b8df+bench,SVG,instrument-2026-10-07T06-46-37.937Z,points-3000-seed-41544c53,miss,spatial_hit_test_sync_ms,ms,33,0.5
Atlas,1c2e54b3b8df+bench,SVG,instrument-2026-10-07T06-46-37.937Z,points-3000-seed-41544c53,miss,spatial_hit_test_sync_ms,ms,34,0.39999985694885254
Atlas,1c2e54b3b8df+bench,SVG,instrument-2026-10-07T06-46-37.937Z,points-3000-seed-41544c53,miss,spatial_hit_test_sync_ms,ms,35,0.40000009536743164
Atlas,1c2e54b3b8df+bench,SVG,instrument-2026-10-07T06-46-37.937Z,points-3000-seed-41544c53,miss,spatial_hit_test_sync_ms,ms,36,0.2999999523162842
Atlas,1c2e54b3b8df+bench,SVG,instrument-2026-10-07T06-46-37.937Z,points-3000-seed-41544c53,miss,spatial_hit_test_sync_ms,ms,37,0.5
Atlas,1c2e54b3b8df+bench,SVG,instrument-2026-10-07T06-46-37.937Z,points-3000-seed-41544c53,miss,spatial_hit_test_sync_ms,ms,38,0.40000009536743164
Atlas,1c2e54b3b8df+bench,SVG,instrument-2026-10-07T06-46-37.937Z,points-3000-seed-41544c53,miss,spatial_hit_test_sync_ms,ms,39,0.39999985694885254
Atlas,1c2e54b3b8df+bench,SVG,instrument-2026-10-07T06-46-37.937Z,points-3000-seed-41544c53,miss,spatial_hit_test_sync_ms,ms,40,0.40000009536743164
Atlas,1c2e54b3b8df+bench,SVG,instrument-2026-10-07T06-46-37.937Z,points-3000-seed-41544c53,miss,spatial_hit_test_sync_ms,ms,41,0.39999985694885254
Atlas,1c2e54b3b8df+bench,SVG,instrument-2026-10-07T06-46-37.937Z,points-3000-seed-41544c53,miss,spatial_hit_test_sync_ms,ms,42,0.5
Atlas,1c2e54b3b8df+bench,SVG,instrument-2026-10-07T06-46-37.937Z,points-3000-seed-41544c53,miss,spatial_hit_test_sync_ms,ms,43,0.40000009536743164
Atlas,1c2e54b3b8df+bench,SVG,instrument-2026-10-07T06-46-37.937Z,points-3000-seed-41544c53,miss,spatial_hit_test_sync_ms,ms,44,0.40000009536743164
Atlas,1c2e54b3b8df+bench,SVG,instrument-2026-10-07T06-46-37.937Z,points-3000-seed-41544c53,miss,spatial_hit_test_sync_ms,ms,45,0.5
Atlas,1c2e54b3b8df+bench,SVG,instrument-2026-10-07T06-46-37.937Z,points-3000-seed-41544c53,miss,spatial_hit_test_sync_ms,ms,46,0.39999985694885254
Atlas,1c2e54b3b8df+bench,SVG,instrument-2026-10-07T06-46-37.937Z,points-3000-seed-41544c53,miss,spatial_hit_test_sync_ms,ms,47,0.40000009536743164
Atlas,1c2e54b3b8df+bench,SVG,instrument-2026-10-07T06-46-37.937Z,points-3000-seed-41544c53,miss,spatial_hit_test_sync_ms,ms,48,0.39999985694885254
Atlas,1c2e54b3b8df+bench,SVG,instrument-2026-10-07T06-46-37.937Z,points-3000-seed-41544c53,miss,spatial_hit_test_sync_ms,ms,49,0.40000009536743164
Atlas,1c2e54b3b8df+bench,SVG,instrument-2026-10-07T06-46-37.937Z,points-3000-seed-41544c53,miss,spatial_hit_test_sync_ms,ms,50,0.5
Atlas,1c2e54b3b8df+bench,SVG,instrument-2026-10-07T06-46-37.937Z,points-3000-seed-41544c53,miss,spatial_hit_test_sync_ms,ms,51,0.40000009536743164
Atlas,1c2e54b3b8df+bench,SVG,instrument-2026-10-07T06-46-37.937Z,points-3000-seed-41544c53,miss,spatial_hit_test_sync_ms,ms,52,0.39999985694885254
Atlas,1c2e54b3b8df+bench,SVG,instrument-2026-10-07T06-46-37.937Z,points-3000-seed-41544c53,miss,spatial_hit_test_sync_ms,ms,53,0.40000009536743164
Atlas,1c2e54b3b8df+bench,SVG,instrument-2026-10-07T06-46-37.937Z,points-3000-seed-41544c53,miss,spatial_hit_test_sync_ms,ms,54,0.5
Atlas,1c2e54b3b8df+bench,SVG,instrument-2026-10-07T06-46-37.937Z,points-3000-seed-41544c53,miss,spatial_hit_test_sync_ms,ms,55,0.2999999523162842
Atlas,1c2e54b3b8df+bench,SVG,instrument-2026-10-07T06-46-37.937Z,points-3000-seed-41544c53,miss,spatial_hit_test_sync_ms,ms,56,0.5
Atlas,1c2e54b3b8df+bench,SVG,instrument-2026-10-07T06-46-37.937Z,points-3000-seed-41544c53,miss,spatial_hit_test_sync_ms,ms,57,0.40000009536743164
Atlas,1c2e54b3b8df+bench,SVG,instrument-2026-10-07T06-46-37.937Z,points-3000-seed-41544c53,miss,spatial_hit_test_sync_ms,ms,58,0.39999985694885254
Atlas,1c2e54b3b8df+bench,SVG,instrument-2026-10-07T06-46-37.937Z,points-3000-seed-41544c53,miss,spatial_hit_test_sync_ms,ms,59,0.40000009536743164
Atlas,1c2e54b3b8df+bench,SVG,instrument-2026-10-07T06-46-37.937Z,points-3000-seed-41544c53,miss,spatial_hit_test_sync_ms,ms,60,0.5
Atlas,1c2e54b3b8df+bench,SVG,instrument-2026-10-07T06-46-37.937Z,points-3000-seed-41544c53,miss,spatial_hit_test_sync_ms,ms,61,0.2999999523162842
Atlas,1c2e54b3b8df+bench,SVG,instrument-2026-10-07T06-46-37.937Z,points-3000-seed-41544c53,miss,spatial_hit_test_sync_ms,ms,62,0.5
Atlas,1c2e54b3b8df+bench,SVG,instrument-2026-10-07T06-46-37.937Z,points-3000-seed-41544c53,miss,spatial_hit_test_sync_ms,ms,63,0.2999999523162842
Atlas,1c2e54b3b8df+bench,SVG,instrument-2026-10-07T06-46-37.937Z,points-3000-seed-41544c53,miss,spatial_hit_test_sync_ms,ms,64,0.5
Atlas,1c2e54b3b8df+bench,SVG,instrument-2026-10-07T06-46-37.937Z,points-3000-seed-41544c53,miss,spatial_hit_test_sync_ms,ms,65,0.40000009536743164
Atlas,1c2e54b3b8df+bench,SVG,instrument-2026-10-07T06-46-37.937Z,points-3000-seed-41544c53,miss,spatial_hit_test_sync_ms,ms,66,0.5
Atlas,1c2e54b3b8df+bench,SVG,instrument-2026-10-07T06-46-37.937Z,points-3000-seed-41544c53,miss,spatial_hit_test_sync_ms,ms,67,0.39999985694885254
Atlas,1c2e54b3b8df+bench,SVG,instrument-2026-10-07T06-46-37.937Z,points-3000-seed-41544c53,miss,spatial_hit_test_sync_ms,ms,68,0.40000009536743164
Atlas,1c2e54b3b8df+bench,SVG,instrument-2026-10-07T06-46-37.937Z,points-3000-seed-41544c53,miss,spatial_hit_test_sync_ms,ms,69,0.40000009536743164
Atlas,1c2e54b3b8df+bench,SVG,instrument-2026-10-07T06-46-37.937Z,points-3000-seed-41544c53,miss,spatial_hit_test_sync_ms,ms,70,0.5
Atlas,1c2e54b3b8df+bench,SVG,instrument-2026-10-07T06-46-37.937Z,points-3000-seed-41544c53,miss,spatial_hit_test_sync_ms,ms,71,0.39999985694885254
Atlas,1c2e54b3b8df+bench,SVG,instrument-2026-10-07T06-46-37.937Z,points-3000-seed-41544c53,miss,spatial_hit_test_sync_ms,ms,72,0.40000009536743164
Atlas,1c2e54b3b8df+bench,SVG,instrument-2026-10-07T06-46-37.937Z,points-3000-seed-41544c53,miss,spatial_hit_test_sync_ms,ms,73,0.39999985694885254
Atlas,1c2e54b3b8df+bench,SVG,instrument-2026-10-07T06-46-37.937Z,points-3000-seed-41544c53,miss,spatial_hit_test_sync_ms,ms,74,0.6000001430511475
Atlas,1c2e54b3b8df+bench,SVG,instrument-2026-10-07T06-46-37.937Z,points-3000-seed-41544c53,miss,spatial_hit_test_sync_ms,ms,75,0.5
Atlas,1c2e54b3b8df+bench,SVG,instrument-2026-10-07T06-46-37.937Z,points-3000-seed-41544c53,miss,spatial_hit_test_sync_ms,ms,76,0.5
Atlas,1c2e54b3b8df+bench,SVG,instrument-2026-10-07T06-46-37.937Z,points-3000-seed-41544c53,miss,spatial_hit_test_sync_ms,ms,77,0.8999998569488525
Atlas,1c2e54b3b8df+bench,SVG,instrument-2026-10-07T06-46-37.937Z,points-3000-seed-41544c53,miss,spatial_hit_test_sync_ms,ms,78,0.8000001907348633
Atlas,1c2e54b3b8df+bench,SVG,instrument-2026-10-07T06-46-37.937Z,points-3000-seed-41544c53,miss,spatial_hit_test_sync_ms,ms,79,2.0999999046325684
Atlas,1c2e54b3b8df+bench,SVG,instrument-2026-10-07T06-46-37.937Z,points-3000-seed-41544c53,miss,spatial_hit_test_sync_ms,ms,80,0.40000009536743164
Atlas,1c2e54b3b8df+bench,SVG,instrument-2026-10-07T06-46-37.937Z,points-3000-seed-41544c53,miss,spatial_hit_test_sync_ms,ms,81,0.39999985694885254
Atlas,1c2e54b3b8df+bench,SVG,instrument-2026-10-07T06-46-37.937Z,points-3000-seed-41544c53,miss,spatial_hit_test_sync_ms,ms,82,0.40000009536743164
Atlas,1c2e54b3b8df+bench,SVG,instrument-2026-10-07T06-46-37.937Z,points-3000-seed-41544c53,miss,spatial_hit_test_sync_ms,ms,83,0.39999985694885254
Atlas,1c2e54b3b8df+bench,SVG,instrument-2026-10-07T06-46-37.937Z,points-3000-seed-41544c53,miss,spatial_hit_test_sync_ms,ms,84,0.5
Atlas,1c2e54b3b8df+bench,SVG,instrument-2026-10-07T06-46-37.937Z,points-3000-seed-41544c53,miss,spatial_hit_test_sync_ms,ms,85,0.40000009536743164
Atlas,1c2e54b3b8df+bench,SVG,instrument-2026-10-07T06-46-37.937Z,points-3000-seed-41544c53,miss,spatial_hit_test_sync_ms,ms,86,0.40000009536743164
Atlas,1c2e54b3b8df+bench,SVG,instrument-2026-10-07T06-46-37.937Z,points-3000-seed-41544c53,miss,spatial_hit_test_sync_ms,ms,87,0.39999985694885254
Atlas,1c2e54b3b8df+bench,SVG,instrument-2026-10-07T06-46-37.937Z,points-3000-seed-41544c53,miss,spatial_hit_test_sync_ms,ms,88,0.40000009536743164
Atlas,1c2e54b3b8df+bench,SVG,instrument-2026-10-07T06-46-37.937Z,points-3000-seed-41544c53,miss,spatial_hit_test_sync_ms,ms,89,0.2999999523162842
Atlas,1c2e54b3b8df+bench,SVG,instrument-2026-10-07T06-46-37.937Z,points-3000-seed-41544c53,miss,spatial_hit_test_sync_ms,ms,90,0.40000009536743164
Atlas,1c2e54b3b8df+bench,SVG,instrument-2026-10-07T06-46-37.937Z,points-3000-seed-41544c53,miss,spatial_hit_test_sync_ms,ms,91,0.5
Atlas,1c2e54b3b8df+bench,SVG,instrument-2026-10-07T06-46-37.937Z,points-3000-seed-41544c53,miss,spatial_hit_test_sync_ms,ms,92,0.39999985694885254
Atlas,1c2e54b3b8df+bench,SVG,instrument-2026-10-07T06-46-37.937Z,points-3000-seed-41544c53,miss,spatial_hit_test_sync_ms,ms,93,0.40000009536743164
Atlas,1c2e54b3b8df+bench,SVG,instrument-2026-10-07T06-46-37.937Z,points-3000-seed-41544c53,miss,spatial_hit_test_sync_ms,ms,94,0.39999985694885254
Atlas,1c2e54b3b8df+bench,SVG,instrument-2026-10-07T06-46-37.937Z,points-3000-seed-41544c53,miss,spatial_hit_test_sync_ms,ms,95,0.3000001907348633
Atlas,1c2e54b3b8df+bench,SVG,instrument-2026-10-07T06-46-37.937Z,points-3000-seed-41544c53,miss,spatial_hit_test_sync_ms,ms,96,0.5
Atlas,1c2e54b3b8df+bench,SVG,instrument-2026-10-07T06-46-37.937Z,points-3000-seed-41544c53,miss,spatial_hit_test_sync_ms,ms,97,0.39999985694885254
Atlas,1c2e54b3b8df+bench,SVG,instrument-2026-10-07T06-46-37.937Z,points-3000-seed-41544c53,miss,spatial_hit_test_sync_ms,ms,98,0.40000009536743164
Atlas,1c2e54b3b8df+bench,SVG,instrument-2026-10-07T06-46-37.937Z,points-3000-seed-41544c53,miss,spatial_hit_test_sync_ms,ms,99,0.2999999523162842
Atlas,1c2e54b3b8df+bench,SVG,instrument-2026-10-07T06-46-37.937Z,points-3000-seed-41544c53,miss,spatial_hit_test_sync_ms,ms,100,0.40000009536743164
Atlas,1c2e54b3b8df+bench,SVG,instrument-2026-10-07T06-46-37.937Z,points-3000-seed-41544c53,miss,spatial_hit_test_sync_ms,ms,101,0.39999985694885254
Atlas,1c2e54b3b8df+bench,SVG,instrument-2026-10-07T06-46-37.937Z,points-3000-seed-41544c53,miss,spatial_hit_test_sync_ms,ms,102,0.5
Atlas,1c2e54b3b8df+bench,SVG,instrument-2026-10-07T06-46-37.937Z,points-3000-seed-41544c53,miss,spatial_hit_test_sync_ms,ms,103,0.40000009536743164
Atlas,1c2e54b3b8df+bench,SVG,instrument-2026-10-07T06-46-37.937Z,points-3000-seed-41544c53,miss,spatial_hit_test_sync_ms,ms,104,0.2999999523162842
Atlas,1c2e54b3b8df+bench,SVG,instrument-2026-10-07T06-46-37.937Z,points-3000-seed-41544c53,miss,spatial_hit_test_sync_ms,ms,105,0.40000009536743164
Atlas,1c2e54b3b8df+bench,SVG,instrument-2026-10-07T06-46-37.937Z,points-3000-seed-41544c53,miss,spatial_hit_test_sync_ms,ms,106,0.39999985694885254
Atlas,1c2e54b3b8df+bench,SVG,instrument-2026-10-07T06-46-37.937Z,points-3000-seed-41544c53,miss,spatial_hit_test_sync_ms,ms,107,0.40000009536743164
Atlas,1c2e54b3b8df+bench,SVG,instrument-2026-10-07T06-46-37.937Z,points-3000-seed-41544c53,miss,spatial_hit_test_sync_ms,ms,108,0.39999985694885254
Atlas,1c2e54b3b8df+bench,SVG,instrument-2026-10-07T06-46-37.937Z,points-3000-seed-41544c53,miss,spatial_hit_test_sync_ms,ms,109,0.40000009536743164
Atlas,1c2e54b3b8df+bench,SVG,instrument-2026-10-07T06-46-37.937Z,points-3000-seed-41544c53,miss,spatial_hit_test_sync_ms,ms,110,0.40000009536743164
Atlas,1c2e54b3b8df+bench,SVG,instrument-2026-10-07T06-46-37.937Z,points-3000-seed-41544c53,miss,spatial_hit_test_sync_ms,ms,111,0.39999985694885254
Atlas,1c2e54b3b8df+bench,SVG,instrument-2026-10-07T06-46-37.937Z,points-3000-seed-41544c53,miss,spatial_hit_test_sync_ms,ms,112,0.40000009536743164
Atlas,1c2e54b3b8df+bench,SVG,instrument-2026-10-07T06-46-37.937Z,points-3000-seed-41544c53,miss,spatial_hit_test_sync_ms,ms,113,0.39999985694885254
Atlas,1c2e54b3b8df+bench,SVG,instrument-2026-10-07T06-46-37.937Z,points-3000-seed-41544c53,miss,spatial_hit_test_sync_ms,ms,114,0.3000001907348633
Atlas,1c2e54b3b8df+bench,SVG,instrument-2026-10-07T06-46-37.937Z,points-3000-seed-41544c53,miss,spatial_hit_test_sync_ms,ms,115,0.39999985694885254
Atlas,1c2e54b3b8df+bench,SVG,instrument-2026-10-07T06-46-37.937Z,points-3000-seed-41544c53,miss,spatial_hit_test_sync_ms,ms,116,0.40000009536743164
Atlas,1c2e54b3b8df+bench,SVG,instrument-2026-10-07T06-46-37.937Z,points-3000-seed-41544c53,miss,spatial_hit_test_sync_ms,ms,117,0.39999985694885254
Atlas,1c2e54b3b8df+bench,SVG,instrument-2026-10-07T06-46-37.937Z,points-3000-seed-41544c53,miss,spatial_hit_test_sync_ms,ms,118,0.5
Atlas,1c2e54b3b8df+bench,SVG,instrument-2026-10-07T06-46-37.937Z,points-3000-seed-41544c53,miss,spatial_hit_test_sync_ms,ms,119,0.40000009536743164
Atlas,1c2e54b3b8df+bench,SVG,instrument-2026-10-07T06-46-37.937Z,points-3000-seed-41544c53,miss,spatial_hit_test_sync_ms,ms,120,0.2999999523162842
Atlas,1c2e54b3b8df+bench,SVG,instrument-2026-10-07T06-46-37.937Z,points-3000-seed-41544c53,miss,spatial_hit_test_sync_ms,ms,121,0.40000009536743164
Atlas,1c2e54b3b8df+bench,SVG,instrument-2026-10-07T06-46-37.937Z,points-3000-seed-41544c53,miss,spatial_hit_test_sync_ms,ms,122,0.39999985694885254
Atlas,1c2e54b3b8df+bench,SVG,instrument-2026-10-07T06-46-37.937Z,points-3000-seed-41544c53,miss,spatial_hit_test_sync_ms,ms,123,0.40000009536743164
Atlas,1c2e54b3b8df+bench,SVG,instrument-2026-10-07T06-46-37.937Z,points-3000-seed-41544c53,miss,spatial_hit_test_sync_ms,ms,124,0.40000009536743164
Atlas,1c2e54b3b8df+bench,SVG,instrument-2026-10-07T06-46-37.937Z,points-3000-seed-41544c53,miss,spatial_hit_test_sync_ms,ms,125,0.39999985694885254
Atlas,1c2e54b3b8df+bench,SVG,instrument-2026-10-07T06-46-37.937Z,points-3000-seed-41544c53,miss,spatial_hit_test_sync_ms,ms,126,0.40000009536743164
Atlas,1c2e54b3b8df+bench,SVG,instrument-2026-10-07T06-46-37.937Z,points-3000-seed-41544c53,miss,spatial_hit_test_sync_ms,ms,127,0.2999999523162842
Atlas,1c2e54b3b8df+bench,SVG,instrument-2026-10-07T06-46-37.937Z,points-3000-seed-41544c53,miss,spatial_hit_test_sync_ms,ms,128,0.40000009536743164
Atlas,1c2e54b3b8df+bench,SVG,instrument-2026-10-07T06-46-37.937Z,points-3000-seed-41544c53,miss,spatial_hit_test_sync_ms,ms,129,0.39999985694885254
Atlas,1c2e54b3b8df+bench,SVG,instrument-2026-10-07T06-46-37.937Z,points-3000-seed-41544c53,miss,spatial_hit_test_sync_ms,ms,130,0.40000009536743164
Atlas,1c2e54b3b8df+bench,SVG,instrument-2026-10-07T06-46-37.937Z,points-3000-seed-41544c53,miss,spatial_hit_test_sync_ms,ms,131,0.39999985694885254
Atlas,1c2e54b3b8df+bench,SVG,instrument-2026-10-07T06-46-37.937Z,points-3000-seed-41544c53,miss,spatial_hit_test_sync_ms,ms,132,0.40000009536743164
Atlas,1c2e54b3b8df+bench,SVG,instrument-2026-10-07T06-46-37.937Z,points-3000-seed-41544c53,miss,spatial_hit_test_sync_ms,ms,133,0.40000009536743164
Atlas,1c2e54b3b8df+bench,SVG,instrument-2026-10-07T06-46-37.937Z,points-3000-seed-41544c53,miss,spatial_hit_test_sync_ms,ms,134,0.39999985694885254
Atlas,1c2e54b3b8df+bench,SVG,instrument-2026-10-07T06-46-37.937Z,points-3000-seed-41544c53,miss,spatial_hit_test_sync_ms,ms,135,0.40000009536743164
Atlas,1c2e54b3b8df+bench,SVG,instrument-2026-10-07T06-46-37.937Z,points-3000-seed-41544c53,miss,spatial_hit_test_sync_ms,ms,136,0.39999985694885254
Atlas,1c2e54b3b8df+bench,SVG,instrument-2026-10-07T06-46-37.937Z,points-3000-seed-41544c53,miss,spatial_hit_test_sync_ms,ms,137,0.40000009536743164
Atlas,1c2e54b3b8df+bench,SVG,instrument-2026-10-07T06-46-37.937Z,points-3000-seed-41544c53,miss,spatial_hit_test_sync_ms,ms,138,0.40000009536743164
Atlas,1c2e54b3b8df+bench,SVG,instrument-2026-10-07T06-46-37.937Z,points-3000-seed-41544c53,miss,spatial_hit_test_sync_ms,ms,139,0.5
Atlas,1c2e54b3b8df+bench,SVG,instrument-2026-10-07T06-46-37.937Z,points-3000-seed-41544c53,miss,spatial_hit_test_sync_ms,ms,140,0.2999999523162842
Atlas,1c2e54b3b8df+bench,SVG,instrument-2026-10-07T06-46-37.937Z,points-3000-seed-41544c53,miss,spatial_hit_test_sync_ms,ms,141,0.39999985694885254
Atlas,1c2e54b3b8df+bench,SVG,instrument-2026-10-07T06-46-37.937Z,points-3000-seed-41544c53,miss,spatial_hit_test_sync_ms,ms,142,0.40000009536743164
Atlas,1c2e54b3b8df+bench,SVG,instrument-2026-10-07T06-46-37.937Z,points-3000-seed-41544c53,miss,spatial_hit_test_sync_ms,ms,143,0.40000009536743164
Atlas,1c2e54b3b8df+bench,SVG,instrument-2026-10-07T06-46-37.937Z,points-3000-seed-41544c53,miss,spatial_hit_test_sync_ms,ms,144,0.39999985694885254
Atlas,1c2e54b3b8df+bench,SVG,instrument-2026-10-07T06-46-37.937Z,points-3000-seed-41544c53,miss,spatial_hit_test_sync_ms,ms,145,0.2999999523162842
Atlas,1c2e54b3b8df+bench,SVG,instrument-2026-10-07T06-46-37.937Z,points-3000-seed-41544c53,miss,spatial_hit_test_sync_ms,ms,146,0.40000009536743164
Atlas,1c2e54b3b8df+bench,SVG,instrument-2026-10-07T06-46-37.937Z,points-3000-seed-41544c53,miss,spatial_hit_test_sync_ms,ms,147,0.40000009536743164
Atlas,1c2e54b3b8df+bench,SVG,instrument-2026-10-07T06-46-37.937Z,points-3000-seed-41544c53,miss,spatial_hit_test_sync_ms,ms,148,0.39999985694885254
Atlas,1c2e54b3b8df+bench,SVG,instrument-2026-10-07T06-46-37.937Z,points-3000-seed-41544c53,miss,spatial_hit_test_sync_ms,ms,149,0.5
Atlas,1c2e54b3b8df+bench,SVG,instrument-2026-10-07T06-46-37.937Z,points-3000-seed-41544c53,miss,spatial_hit_test_sync_ms,ms,150,0.2999999523162842
Atlas,1c2e54b3b8df+bench,SVG,instrument-2026-10-07T06-46-37.937Z,points-3000-seed-41544c53,miss,spatial_hit_test_sync_ms,ms,151,0.5
Atlas,1c2e54b3b8df+bench,SVG,instrument-2026-10-07T06-46-37.937Z,points-3000-seed-41544c53,miss,spatial_hit_test_sync_ms,ms,152,0.40000009536743164
Atlas,1c2e54b3b8df+bench,SVG,instrument-2026-10-07T06-46-37.937Z,points-3000-seed-41544c53,miss,spatial_hit_test_sync_ms,ms,153,0.2999999523162842
Atlas,1c2e54b3b8df+bench,SVG,instrument-2026-10-07T06-46-37.937Z,points-3000-seed-41544c53,miss,spatial_hit_test_sync_ms,ms,154,0.40000009536743164
Atlas,1c2e54b3b8df+bench,SVG,instrument-2026-10-07T06-46-37.937Z,points-3000-seed-41544c53,miss,spatial_hit_test_sync_ms,ms,155,0.39999985694885254
Atlas,1c2e54b3b8df+bench,SVG,instrument-2026-10-07T06-46-37.937Z,points-3000-seed-41544c53,miss,spatial_hit_test_sync_ms,ms,156,0.40000009536743164
Atlas,1c2e54b3b8df+bench,SVG,instrument-2026-10-07T06-46-37.937Z,points-3000-seed-41544c53,miss,spatial_hit_test_sync_ms,ms,157,0.40000009536743164
Atlas,1c2e54b3b8df+bench,SVG,instrument-2026-10-07T06-46-37.937Z,points-3000-seed-41544c53,miss,spatial_hit_test_sync_ms,ms,158,0.39999985694885254
Atlas,1c2e54b3b8df+bench,SVG,instrument-2026-10-07T06-46-37.937Z,points-3000-seed-41544c53,miss,spatial_hit_test_sync_ms,ms,159,0.40000009536743164
Atlas,1c2e54b3b8df+bench,SVG,instrument-2026-10-07T06-46-37.937Z,points-3000-seed-41544c53,miss,spatial_hit_test_sync_ms,ms,160,0.5
Atlas,1c2e54b3b8df+bench,SVG,instrument-2026-10-07T06-46-37.937Z,points-3000-seed-41544c53,miss,spatial_hit_test_sync_ms,ms,161,0.2999999523162842
Atlas,1c2e54b3b8df+bench,SVG,instrument-2026-10-07T06-46-37.937Z,points-3000-seed-41544c53,miss,spatial_hit_test_sync_ms,ms,162,0.40000009536743164
Atlas,1c2e54b3b8df+bench,SVG,instrument-2026-10-07T06-46-37.937Z,points-3000-seed-41544c53,miss,spatial_hit_test_sync_ms,ms,163,0.39999985694885254
Atlas,1c2e54b3b8df+bench,SVG,instrument-2026-10-07T06-46-37.937Z,points-3000-seed-41544c53,miss,spatial_hit_test_sync_ms,ms,164,2.4000000953674316
Atlas,1c2e54b3b8df+bench,SVG,instrument-2026-10-07T06-46-37.937Z,points-3000-seed-41544c53,miss,spatial_hit_test_sync_ms,ms,165,0.39999985694885254
Atlas,1c2e54b3b8df+bench,SVG,instrument-2026-10-07T06-46-37.937Z,points-3000-seed-41544c53,miss,spatial_hit_test_sync_ms,ms,166,0.40000009536743164
Atlas,1c2e54b3b8df+bench,SVG,instrument-2026-10-07T06-46-37.937Z,points-3000-seed-41544c53,miss,spatial_hit_test_sync_ms,ms,167,0.2999999523162842
Atlas,1c2e54b3b8df+bench,SVG,instrument-2026-10-07T06-46-37.937Z,points-3000-seed-41544c53,miss,spatial_hit_test_sync_ms,ms,168,0.40000009536743164
Atlas,1c2e54b3b8df+bench,SVG,instrument-2026-10-07T06-46-37.937Z,points-3000-seed-41544c53,miss,spatial_hit_test_sync_ms,ms,169,0.39999985694885254
Atlas,1c2e54b3b8df+bench,SVG,instrument-2026-10-07T06-46-37.937Z,points-3000-seed-41544c53,miss,spatial_hit_test_sync_ms,ms,170,0.40000009536743164
Atlas,1c2e54b3b8df+bench,SVG,instrument-2026-10-07T06-46-37.937Z,points-3000-seed-41544c53,miss,spatial_hit_test_sync_ms,ms,171,0.5
Atlas,1c2e54b3b8df+bench,SVG,instrument-2026-10-07T06-46-37.937Z,points-3000-seed-41544c53,miss,spatial_hit_test_sync_ms,ms,172,0.40000009536743164
Atlas,1c2e54b3b8df+bench,SVG,instrument-2026-10-07T06-46-37.937Z,points-3000-seed-41544c53,miss,spatial_hit_test_sync_ms,ms,173,0.19999980926513672
Atlas,1c2e54b3b8df+bench,SVG,instrument-2026-10-07T06-46-37.937Z,points-3000-seed-41544c53,miss,spatial_hit_test_sync_ms,ms,174,0.5
Atlas,1c2e54b3b8df+bench,SVG,instrument-2026-10-07T06-46-37.937Z,points-3000-seed-41544c53,miss,spatial_hit_test_sync_ms,ms,175,0.3000001907348633
Atlas,1c2e54b3b8df+bench,SVG,instrument-2026-10-07T06-46-37.937Z,points-3000-seed-41544c53,miss,spatial_hit_test_sync_ms,ms,176,0.2999999523162842
Atlas,1c2e54b3b8df+bench,SVG,instrument-2026-10-07T06-46-37.937Z,points-3000-seed-41544c53,miss,spatial_hit_test_sync_ms,ms,177,0.39999985694885254
Atlas,1c2e54b3b8df+bench,SVG,instrument-2026-10-07T06-46-37.937Z,points-3000-seed-41544c53,miss,spatial_hit_test_sync_ms,ms,178,0.40000009536743164
Atlas,1c2e54b3b8df+bench,SVG,instrument-2026-10-07T06-46-37.937Z,points-3000-seed-41544c53,miss,spatial_hit_test_sync_ms,ms,179,0.40000009536743164
Atlas,1c2e54b3b8df+bench,SVG,instrument-2026-10-07T06-46-37.937Z,points-3000-seed-41544c53,miss,spatial_hit_test_sync_ms,ms,180,0.2999999523162842
Atlas,1c2e54b3b8df+bench,SVG,instrument-2026-10-07T06-46-37.937Z,points-3000-seed-41544c53,miss,spatial_hit_test_sync_ms,ms,181,0.39999985694885254
Atlas,1c2e54b3b8df+bench,SVG,instrument-2026-10-07T06-46-37.937Z,points-3000-seed-41544c53,miss,spatial_hit_test_sync_ms,ms,182,0.3000001907348633
Atlas,1c2e54b3b8df+bench,SVG,instrument-2026-10-07T06-46-37.937Z,points-3000-seed-41544c53,miss,spatial_hit_test_sync_ms,ms,183,0.39999985694885254
Atlas,1c2e54b3b8df+bench,SVG,instrument-2026-10-07T06-46-37.937Z,points-3000-seed-41544c53,miss,spatial_hit_test_sync_ms,ms,184,0.2999999523162842
Atlas,1c2e54b3b8df+bench,SVG,instrument-2026-10-07T06-46-37.937Z,points-3000-seed-41544c53,miss,spatial_hit_test_sync_ms,ms,185,0.5
Atlas,1c2e54b3b8df+bench,SVG,instrument-2026-10-07T06-46-37.937Z,points-3000-seed-41544c53,miss,spatial_hit_test_sync_ms,ms,186,0.3000001907348633
Atlas,1c2e54b3b8df+bench,SVG,instrument-2026-10-07T06-46-37.937Z,points-3000-seed-41544c53,miss,spatial_hit_test_sync_ms,ms,187,0.39999985694885254
Atlas,1c2e54b3b8df+bench,SVG,instrument-2026-10-07T06-46-37.937Z,points-3000-seed-41544c53,miss,spatial_hit_test_sync_ms,ms,188,0.40000009536743164
Atlas,1c2e54b3b8df+bench,SVG,instrument-2026-10-07T06-46-37.937Z,points-3000-seed-41544c53,miss,spatial_hit_test_sync_ms,ms,189,0.2999999523162842
Atlas,1c2e54b3b8df+bench,SVG,instrument-2026-10-07T06-46-37.937Z,points-3000-seed-41544c53,miss,spatial_hit_test_sync_ms,ms,190,0.40000009536743164
Atlas,1c2e54b3b8df+bench,SVG,instrument-2026-10-07T06-46-37.937Z,points-3000-seed-41544c53,miss,spatial_hit_test_sync_ms,ms,191,0.39999985694885254
Atlas,1c2e54b3b8df+bench,SVG,instrument-2026-10-07T06-46-37.937Z,points-3000-seed-41544c53,miss,spatial_hit_test_sync_ms,ms,192,0.40000009536743164
Atlas,1c2e54b3b8df+bench,SVG,instrument-2026-10-07T06-46-37.937Z,points-3000-seed-41544c53,miss,spatial_hit_test_sync_ms,ms,193,0.2999999523162842
Atlas,1c2e54b3b8df+bench,SVG,instrument-2026-10-07T06-46-37.937Z,points-3000-seed-41544c53,miss,spatial_hit_test_sync_ms,ms,194,0.2999999523162842
Atlas,1c2e54b3b8df+bench,SVG,instrument-2026-10-07T06-46-37.937Z,points-3000-seed-41544c53,miss,spatial_hit_test_sync_ms,ms,195,0.5
Atlas,1c2e54b3b8df+bench,SVG,instrument-2026-10-07T06-46-37.937Z,points-3000-seed-41544c53,miss,spatial_hit_test_sync_ms,ms,196,0.2999999523162842
Atlas,1c2e54b3b8df+bench,SVG,instrument-2026-10-07T06-46-37.937Z,points-3000-seed-41544c53,miss,spatial_hit_test_sync_ms,ms,197,0.3000001907348633
Atlas,1c2e54b3b8df+bench,SVG,instrument-2026-10-07T06-46-37.937Z,points-3000-seed-41544c53,miss,spatial_hit_test_sync_ms,ms,198,0.5
Atlas,1c2e54b3b8df+bench,SVG,instrument-2026-10-07T06-46-37.937Z,points-3000-seed-41544c53,miss,spatial_hit_test_sync_ms,ms,199,0.39999985694885254
Atlas,1c2e54b3b8df+bench,SVG,instrument-2026-10-07T06-46-37.937Z,points-3000-seed-41544c53,miss,root_iterator_creations,count,0,1
Atlas,1c2e54b3b8df+bench,SVG,instrument-2026-10-07T06-46-37.937Z,points-3000-seed-41544c53,miss,root_iterator_next_calls,count,0,3001
Atlas,1c2e54b3b8df+bench,SVG,instrument-2026-10-07T06-46-37.937Z,points-3000-seed-41544c53,miss,layout_rect_reads,count,0,0
Atlas,1c2e54b3b8df+bench,SVG,instrument-2026-10-07T06-46-37.937Z,points-3000-seed-41544c53,miss,cleanup_renderer_calls,count,0,0
Atlas,1c2e54b3b8df+bench,SVG,instrument-2026-10-07T06-46-37.937Z,points-3000-seed-41544c53,miss,cleanup_stage_children,count,0,0
Atlas,1c2e54b3b8df+bench,SVG,instrument-2026-10-07T06-46-37.937Z,points-3000-seed-41544c53,position-single,operation_sync_ms,ms,0,0
Atlas,1c2e54b3b8df+bench,SVG,instrument-2026-10-07T06-46-37.937Z,points-3000-seed-41544c53,position-single,operation_to_raf_opportunities_ms,ms,0,16.299999952316284
Atlas,1c2e54b3b8df+bench,SVG,instrument-2026-10-07T06-46-37.937Z,points-3000-seed-41544c53,position-single,root_iterator_creations,count,0,1
Atlas,1c2e54b3b8df+bench,SVG,instrument-2026-10-07T06-46-37.937Z,points-3000-seed-41544c53,position-single,root_iterator_next_calls,count,0,3001
Atlas,1c2e54b3b8df+bench,SVG,instrument-2026-10-07T06-46-37.937Z,points-3000-seed-41544c53,position-single,renderer_scene_reads,count,0,1
Atlas,1c2e54b3b8df+bench,SVG,instrument-2026-10-07T06-46-37.937Z,points-3000-seed-41544c53,position-single,svg_attribute_writes,count,0,1
Atlas,1c2e54b3b8df+bench,SVG,instrument-2026-10-07T06-46-37.937Z,points-3000-seed-41544c53,position-single,renderer_calls,count,0,1
Atlas,1c2e54b3b8df+bench,SVG,instrument-2026-10-07T06-46-37.937Z,points-3000-seed-41544c53,position-single,layout_rect_reads,count,0,0
Atlas,1c2e54b3b8df+bench,SVG,instrument-2026-10-07T06-46-37.937Z,points-3000-seed-41544c53,position-single,instrumented_renderer_callback_ms,ms,0,0
Atlas,1c2e54b3b8df+bench,SVG,instrument-2026-10-07T06-46-37.937Z,points-3000-seed-41544c53,position-single,cleanup_renderer_calls,count,0,0
Atlas,1c2e54b3b8df+bench,SVG,instrument-2026-10-07T06-46-37.937Z,points-3000-seed-41544c53,position-single,cleanup_stage_children,count,0,0
Atlas,1c2e54b3b8df+bench,SVG,instrument-2026-10-07T06-46-37.937Z,points-3000-seed-41544c53,position-series,operation_sync_ms,ms,0,0.09999990463256836
Atlas,1c2e54b3b8df+bench,SVG,instrument-2026-10-07T06-46-37.937Z,points-3000-seed-41544c53,position-series,operation_to_raf_opportunities_ms,ms,0,17.700000047683716
Atlas,1c2e54b3b8df+bench,SVG,instrument-2026-10-07T06-46-37.937Z,points-3000-seed-41544c53,position-series,root_iterator_creations,count,0,1
Atlas,1c2e54b3b8df+bench,SVG,instrument-2026-10-07T06-46-37.937Z,points-3000-seed-41544c53,position-series,root_iterator_next_calls,count,0,3001
Atlas,1c2e54b3b8df+bench,SVG,instrument-2026-10-07T06-46-37.937Z,points-3000-seed-41544c53,position-series,renderer_scene_reads,count,0,1
Atlas,1c2e54b3b8df+bench,SVG,instrument-2026-10-07T06-46-37.937Z,points-3000-seed-41544c53,position-series,svg_attribute_writes,count,0,100
Atlas,1c2e54b3b8df+bench,SVG,instrument-2026-10-07T06-46-37.937Z,points-3000-seed-41544c53,position-series,renderer_calls,count,0,1
Atlas,1c2e54b3b8df+bench,SVG,instrument-2026-10-07T06-46-37.937Z,points-3000-seed-41544c53,position-series,layout_rect_reads,count,0,0
Atlas,1c2e54b3b8df+bench,SVG,instrument-2026-10-07T06-46-37.937Z,points-3000-seed-41544c53,position-series,instrumented_renderer_callback_ms,ms,0,0.20000004768371582
Atlas,1c2e54b3b8df+bench,SVG,instrument-2026-10-07T06-46-37.937Z,points-3000-seed-41544c53,position-series,cleanup_renderer_calls,count,0,0
Atlas,1c2e54b3b8df+bench,SVG,instrument-2026-10-07T06-46-37.937Z,points-3000-seed-41544c53,position-series,cleanup_stage_children,count,0,0
Atlas,1c2e54b3b8df+bench,SVG,instrument-2026-10-07T06-46-37.937Z,points-3000-seed-41544c53,add-100,operation_sync_ms,ms,0,25.600000143051147
Atlas,1c2e54b3b8df+bench,SVG,instrument-2026-10-07T06-46-37.937Z,points-3000-seed-41544c53,add-100,cumulative_operation_ms,ms,100,25.600000143051147
Atlas,1c2e54b3b8df+bench,SVG,instrument-2026-10-07T06-46-37.937Z,points-3000-seed-41544c53,add-100,operation_to_raf_opportunities_ms,ms,0,41.10000014305115
Atlas,1c2e54b3b8df+bench,SVG,instrument-2026-10-07T06-46-37.937Z,points-3000-seed-41544c53,add-100,root_iterator_creations,count,0,102
Atlas,1c2e54b3b8df+bench,SVG,instrument-2026-10-07T06-46-37.937Z,points-3000-seed-41544c53,add-100,root_iterator_next_calls,count,0,311152
Atlas,1c2e54b3b8df+bench,SVG,instrument-2026-10-07T06-46-37.937Z,points-3000-seed-41544c53,add-100,renderer_scene_reads,count,0,1
Atlas,1c2e54b3b8df+bench,SVG,instrument-2026-10-07T06-46-37.937Z,points-3000-seed-41544c53,add-100,renderer_scene_membership_changes,count,0,1
Atlas,1c2e54b3b8df+bench,SVG,instrument-2026-10-07T06-46-37.937Z,points-3000-seed-41544c53,add-100,svg_attribute_writes,count,0,800
Atlas,1c2e54b3b8df+bench,SVG,instrument-2026-10-07T06-46-37.937Z,points-3000-seed-41544c53,add-100,svg_attribute_removals,count,0,100
Atlas,1c2e54b3b8df+bench,SVG,instrument-2026-10-07T06-46-37.937Z,points-3000-seed-41544c53,add-100,renderer_calls,count,0,1
Atlas,1c2e54b3b8df+bench,SVG,instrument-2026-10-07T06-46-37.937Z,points-3000-seed-41544c53,add-100,layout_rect_reads,count,0,0
Atlas,1c2e54b3b8df+bench,SVG,instrument-2026-10-07T06-46-37.937Z,points-3000-seed-41544c53,add-100,instrumented_renderer_callback_ms,ms,0,1.6000001430511475
Atlas,1c2e54b3b8df+bench,SVG,instrument-2026-10-07T06-46-37.937Z,points-3000-seed-41544c53,add-100,cleanup_renderer_calls,count,0,0
Atlas,1c2e54b3b8df+bench,SVG,instrument-2026-10-07T06-46-37.937Z,points-3000-seed-41544c53,add-100,cleanup_stage_children,count,0,0
Atlas,1c2e54b3b8df+bench,SVG,instrument-2026-10-07T06-46-37.937Z,points-3000-seed-41544c53,add-500,operation_sync_ms,ms,0,134.10000014305115
Atlas,1c2e54b3b8df+bench,SVG,instrument-2026-10-07T06-46-37.937Z,points-3000-seed-41544c53,add-500,cumulative_operation_ms,ms,100,25.700000047683716
Atlas,1c2e54b3b8df+bench,SVG,instrument-2026-10-07T06-46-37.937Z,points-3000-seed-41544c53,add-500,cumulative_operation_ms,ms,200,53.5
Atlas,1c2e54b3b8df+bench,SVG,instrument-2026-10-07T06-46-37.937Z,points-3000-seed-41544c53,add-500,cumulative_operation_ms,ms,300,79.30000019073486
Atlas,1c2e54b3b8df+bench,SVG,instrument-2026-10-07T06-46-37.937Z,points-3000-seed-41544c53,add-500,cumulative_operation_ms,ms,400,106.60000014305115
Atlas,1c2e54b3b8df+bench,SVG,instrument-2026-10-07T06-46-37.937Z,points-3000-seed-41544c53,add-500,cumulative_operation_ms,ms,500,134.10000014305115
Atlas,1c2e54b3b8df+bench,SVG,instrument-2026-10-07T06-46-37.937Z,points-3000-seed-41544c53,add-500,operation_to_raf_opportunities_ms,ms,0,149.70000004768372
Atlas,1c2e54b3b8df+bench,SVG,instrument-2026-10-07T06-46-37.937Z,points-3000-seed-41544c53,add-500,root_iterator_creations,count,0,502
Atlas,1c2e54b3b8df+bench,SVG,instrument-2026-10-07T06-46-37.937Z,points-3000-seed-41544c53,add-500,root_iterator_next_calls,count,0,1631752
Atlas,1c2e54b3b8df+bench,SVG,instrument-2026-10-07T06-46-37.937Z,points-3000-seed-41544c53,add-500,renderer_scene_reads,count,0,1
Atlas,1c2e54b3b8df+bench,SVG,instrument-2026-10-07T06-46-37.937Z,points-3000-seed-41544c53,add-500,renderer_scene_membership_changes,count,0,1
Atlas,1c2e54b3b8df+bench,SVG,instrument-2026-10-07T06-46-37.937Z,points-3000-seed-41544c53,add-500,svg_attribute_writes,count,0,4000
Atlas,1c2e54b3b8df+bench,SVG,instrument-2026-10-07T06-46-37.937Z,points-3000-seed-41544c53,add-500,svg_attribute_removals,count,0,500
Atlas,1c2e54b3b8df+bench,SVG,instrument-2026-10-07T06-46-37.937Z,points-3000-seed-41544c53,add-500,renderer_calls,count,0,1
Atlas,1c2e54b3b8df+bench,SVG,instrument-2026-10-07T06-46-37.937Z,points-3000-seed-41544c53,add-500,layout_rect_reads,count,0,0
Atlas,1c2e54b3b8df+bench,SVG,instrument-2026-10-07T06-46-37.937Z,points-3000-seed-41544c53,add-500,instrumented_renderer_callback_ms,ms,0,2.700000047683716
Atlas,1c2e54b3b8df+bench,SVG,instrument-2026-10-07T06-46-37.937Z,points-3000-seed-41544c53,add-500,cleanup_renderer_calls,count,0,0
Atlas,1c2e54b3b8df+bench,SVG,instrument-2026-10-07T06-46-37.937Z,points-3000-seed-41544c53,add-500,cleanup_stage_children,count,0,0
Atlas,1c2e54b3b8df+bench,SVG,instrument-2026-10-07T06-46-37.937Z,points-3000-seed-41544c53,add-1000,operation_sync_ms,ms,0,282.90000009536743
Atlas,1c2e54b3b8df+bench,SVG,instrument-2026-10-07T06-46-37.937Z,points-3000-seed-41544c53,add-1000,cumulative_operation_ms,ms,100,25.40000009536743
Atlas,1c2e54b3b8df+bench,SVG,instrument-2026-10-07T06-46-37.937Z,points-3000-seed-41544c53,add-1000,cumulative_operation_ms,ms,200,52.60000014305115
Atlas,1c2e54b3b8df+bench,SVG,instrument-2026-10-07T06-46-37.937Z,points-3000-seed-41544c53,add-1000,cumulative_operation_ms,ms,300,78.20000004768372
Atlas,1c2e54b3b8df+bench,SVG,instrument-2026-10-07T06-46-37.937Z,points-3000-seed-41544c53,add-1000,cumulative_operation_ms,ms,400,104.70000004768372
Atlas,1c2e54b3b8df+bench,SVG,instrument-2026-10-07T06-46-37.937Z,points-3000-seed-41544c53,add-1000,cumulative_operation_ms,ms,500,132.20000004768372
Atlas,1c2e54b3b8df+bench,SVG,instrument-2026-10-07T06-46-37.937Z,points-3000-seed-41544c53,add-1000,cumulative_operation_ms,ms,600,160.80000019073486
Atlas,1c2e54b3b8df+bench,SVG,instrument-2026-10-07T06-46-37.937Z,points-3000-seed-41544c53,add-1000,cumulative_operation_ms,ms,700,189.40000009536743
Atlas,1c2e54b3b8df+bench,SVG,instrument-2026-10-07T06-46-37.937Z,points-3000-seed-41544c53,add-1000,cumulative_operation_ms,ms,800,219.40000009536743
Atlas,1c2e54b3b8df+bench,SVG,instrument-2026-10-07T06-46-37.937Z,points-3000-seed-41544c53,add-1000,cumulative_operation_ms,ms,900,249.80000019073486
Atlas,1c2e54b3b8df+bench,SVG,instrument-2026-10-07T06-46-37.937Z,points-3000-seed-41544c53,add-1000,cumulative_operation_ms,ms,1000,282.90000009536743
Atlas,1c2e54b3b8df+bench,SVG,instrument-2026-10-07T06-46-37.937Z,points-3000-seed-41544c53,add-1000,operation_to_raf_opportunities_ms,ms,0,303.80000019073486
Atlas,1c2e54b3b8df+bench,SVG,instrument-2026-10-07T06-46-37.937Z,points-3000-seed-41544c53,add-1000,root_iterator_creations,count,0,1002
Atlas,1c2e54b3b8df+bench,SVG,instrument-2026-10-07T06-46-37.937Z,points-3000-seed-41544c53,add-1000,root_iterator_next_calls,count,0,3507502
Atlas,1c2e54b3b8df+bench,SVG,instrument-2026-10-07T06-46-37.937Z,points-3000-seed-41544c53,add-1000,renderer_scene_reads,count,0,1
Atlas,1c2e54b3b8df+bench,SVG,instrument-2026-10-07T06-46-37.937Z,points-3000-seed-41544c53,add-1000,renderer_scene_membership_changes,count,0,1
Atlas,1c2e54b3b8df+bench,SVG,instrument-2026-10-07T06-46-37.937Z,points-3000-seed-41544c53,add-1000,svg_attribute_writes,count,0,8000
Atlas,1c2e54b3b8df+bench,SVG,instrument-2026-10-07T06-46-37.937Z,points-3000-seed-41544c53,add-1000,svg_attribute_removals,count,0,1000
Atlas,1c2e54b3b8df+bench,SVG,instrument-2026-10-07T06-46-37.937Z,points-3000-seed-41544c53,add-1000,renderer_calls,count,0,1
Atlas,1c2e54b3b8df+bench,SVG,instrument-2026-10-07T06-46-37.937Z,points-3000-seed-41544c53,add-1000,layout_rect_reads,count,0,0
Atlas,1c2e54b3b8df+bench,SVG,instrument-2026-10-07T06-46-37.937Z,points-3000-seed-41544c53,add-1000,instrumented_renderer_callback_ms,ms,0,4.700000047683716
Atlas,1c2e54b3b8df+bench,SVG,instrument-2026-10-07T06-46-37.937Z,points-3000-seed-41544c53,add-1000,cleanup_renderer_calls,count,0,0
Atlas,1c2e54b3b8df+bench,SVG,instrument-2026-10-07T06-46-37.937Z,points-3000-seed-41544c53,add-1000,cleanup_stage_children,count,0,0
Atlas,1c2e54b3b8df+bench,SVG,instrument-2026-10-07T06-46-37.937Z,points-3000-seed-41544c53,remove-100,operation_sync_ms,ms,0,28.700000047683716
Atlas,1c2e54b3b8df+bench,SVG,instrument-2026-10-07T06-46-37.937Z,points-3000-seed-41544c53,remove-100,cumulative_operation_ms,ms,100,28.700000047683716
Atlas,1c2e54b3b8df+bench,SVG,instrument-2026-10-07T06-46-37.937Z,points-3000-seed-41544c53,remove-100,operation_to_raf_opportunities_ms,ms,0,42
Atlas,1c2e54b3b8df+bench,SVG,instrument-2026-10-07T06-46-37.937Z,points-3000-seed-41544c53,remove-100,root_iterator_creations,count,0,102
Atlas,1c2e54b3b8df+bench,SVG,instrument-2026-10-07T06-46-37.937Z,points-3000-seed-41544c53,remove-100,root_iterator_next_calls,count,0,300952
Atlas,1c2e54b3b8df+bench,SVG,instrument-2026-10-07T06-46-37.937Z,points-3000-seed-41544c53,remove-100,renderer_scene_reads,count,0,1
Atlas,1c2e54b3b8df+bench,SVG,instrument-2026-10-07T06-46-37.937Z,points-3000-seed-41544c53,remove-100,renderer_scene_membership_changes,count,0,1
Atlas,1c2e54b3b8df+bench,SVG,instrument-2026-10-07T06-46-37.937Z,points-3000-seed-41544c53,remove-100,renderer_calls,count,0,1
Atlas,1c2e54b3b8df+bench,SVG,instrument-2026-10-07T06-46-37.937Z,points-3000-seed-41544c53,remove-100,layout_rect_reads,count,0,0
Atlas,1c2e54b3b8df+bench,SVG,instrument-2026-10-07T06-46-37.937Z,points-3000-seed-41544c53,remove-100,instrumented_renderer_callback_ms,ms,0,1.0999999046325684
Atlas,1c2e54b3b8df+bench,SVG,instrument-2026-10-07T06-46-37.937Z,points-3000-seed-41544c53,remove-100,cleanup_renderer_calls,count,0,0
Atlas,1c2e54b3b8df+bench,SVG,instrument-2026-10-07T06-46-37.937Z,points-3000-seed-41544c53,remove-100,cleanup_stage_children,count,0,0
Atlas,1c2e54b3b8df+bench,SVG,instrument-2026-10-07T06-46-37.937Z,points-3000-seed-41544c53,remove-500,operation_sync_ms,ms,0,130.20000004768372
Atlas,1c2e54b3b8df+bench,SVG,instrument-2026-10-07T06-46-37.937Z,points-3000-seed-41544c53,remove-500,cumulative_operation_ms,ms,100,32.80000019073486
Atlas,1c2e54b3b8df+bench,SVG,instrument-2026-10-07T06-46-37.937Z,points-3000-seed-41544c53,remove-500,cumulative_operation_ms,ms,200,57.80000019073486
Atlas,1c2e54b3b8df+bench,SVG,instrument-2026-10-07T06-46-37.937Z,points-3000-seed-41544c53,remove-500,cumulative_operation_ms,ms,300,83
Atlas,1c2e54b3b8df+bench,SVG,instrument-2026-10-07T06-46-37.937Z,points-3000-seed-41544c53,remove-500,cumulative_operation_ms,ms,400,107
Atlas,1c2e54b3b8df+bench,SVG,instrument-2026-10-07T06-46-37.937Z,points-3000-seed-41544c53,remove-500,cumulative_operation_ms,ms,500,130.20000004768372
Atlas,1c2e54b3b8df+bench,SVG,instrument-2026-10-07T06-46-37.937Z,points-3000-seed-41544c53,remove-500,operation_to_raf_opportunities_ms,ms,0,141.40000009536743
Atlas,1c2e54b3b8df+bench,SVG,instrument-2026-10-07T06-46-37.937Z,points-3000-seed-41544c53,remove-500,root_iterator_creations,count,0,502
Atlas,1c2e54b3b8df+bench,SVG,instrument-2026-10-07T06-46-37.937Z,points-3000-seed-41544c53,remove-500,root_iterator_next_calls,count,0,1380752
Atlas,1c2e54b3b8df+bench,SVG,instrument-2026-10-07T06-46-37.937Z,points-3000-seed-41544c53,remove-500,renderer_scene_reads,count,0,1
Atlas,1c2e54b3b8df+bench,SVG,instrument-2026-10-07T06-46-37.937Z,points-3000-seed-41544c53,remove-500,renderer_scene_membership_changes,count,0,1
Atlas,1c2e54b3b8df+bench,SVG,instrument-2026-10-07T06-46-37.937Z,points-3000-seed-41544c53,remove-500,renderer_calls,count,0,1
Atlas,1c2e54b3b8df+bench,SVG,instrument-2026-10-07T06-46-37.937Z,points-3000-seed-41544c53,remove-500,layout_rect_reads,count,0,0
Atlas,1c2e54b3b8df+bench,SVG,instrument-2026-10-07T06-46-37.937Z,points-3000-seed-41544c53,remove-500,instrumented_renderer_callback_ms,ms,0,1.1999998092651367
Atlas,1c2e54b3b8df+bench,SVG,instrument-2026-10-07T06-46-37.937Z,points-3000-seed-41544c53,remove-500,cleanup_renderer_calls,count,0,0
Atlas,1c2e54b3b8df+bench,SVG,instrument-2026-10-07T06-46-37.937Z,points-3000-seed-41544c53,remove-500,cleanup_stage_children,count,0,0
Atlas,1c2e54b3b8df+bench,SVG,instrument-2026-10-07T06-46-37.937Z,points-3000-seed-41544c53,remove-1000,operation_sync_ms,ms,0,244.5
Atlas,1c2e54b3b8df+bench,SVG,instrument-2026-10-07T06-46-37.937Z,points-3000-seed-41544c53,remove-1000,cumulative_operation_ms,ms,100,31.299999952316284
Atlas,1c2e54b3b8df+bench,SVG,instrument-2026-10-07T06-46-37.937Z,points-3000-seed-41544c53,remove-1000,cumulative_operation_ms,ms,200,60.89999985694885
Atlas,1c2e54b3b8df+bench,SVG,instrument-2026-10-07T06-46-37.937Z,points-3000-seed-41544c53,remove-1000,cumulative_operation_ms,ms,300,85.79999995231628
Atlas,1c2e54b3b8df+bench,SVG,instrument-2026-10-07T06-46-37.937Z,points-3000-seed-41544c53,remove-1000,cumulative_operation_ms,ms,400,114
Atlas,1c2e54b3b8df+bench,SVG,instrument-2026-10-07T06-46-37.937Z,points-3000-seed-41544c53,remove-1000,cumulative_operation_ms,ms,500,139.69999980926514
Atlas,1c2e54b3b8df+bench,SVG,instrument-2026-10-07T06-46-37.937Z,points-3000-seed-41544c53,remove-1000,cumulative_operation_ms,ms,600,163.59999990463257
Atlas,1c2e54b3b8df+bench,SVG,instrument-2026-10-07T06-46-37.937Z,points-3000-seed-41544c53,remove-1000,cumulative_operation_ms,ms,700,185.5
Atlas,1c2e54b3b8df+bench,SVG,instrument-2026-10-07T06-46-37.937Z,points-3000-seed-41544c53,remove-1000,cumulative_operation_ms,ms,800,206.19999980926514
Atlas,1c2e54b3b8df+bench,SVG,instrument-2026-10-07T06-46-37.937Z,points-3000-seed-41544c53,remove-1000,cumulative_operation_ms,ms,900,226.5
Atlas,1c2e54b3b8df+bench,SVG,instrument-2026-10-07T06-46-37.937Z,points-3000-seed-41544c53,remove-1000,cumulative_operation_ms,ms,1000,244.5
Atlas,1c2e54b3b8df+bench,SVG,instrument-2026-10-07T06-46-37.937Z,points-3000-seed-41544c53,remove-1000,operation_to_raf_opportunities_ms,ms,0,256.19999980926514
Atlas,1c2e54b3b8df+bench,SVG,instrument-2026-10-07T06-46-37.937Z,points-3000-seed-41544c53,remove-1000,root_iterator_creations,count,0,1002
Atlas,1c2e54b3b8df+bench,SVG,instrument-2026-10-07T06-46-37.937Z,points-3000-seed-41544c53,remove-1000,root_iterator_next_calls,count,0,2505502
Atlas,1c2e54b3b8df+bench,SVG,instrument-2026-10-07T06-46-37.937Z,points-3000-seed-41544c53,remove-1000,renderer_scene_reads,count,0,1
Atlas,1c2e54b3b8df+bench,SVG,instrument-2026-10-07T06-46-37.937Z,points-3000-seed-41544c53,remove-1000,renderer_scene_membership_changes,count,0,1
Atlas,1c2e54b3b8df+bench,SVG,instrument-2026-10-07T06-46-37.937Z,points-3000-seed-41544c53,remove-1000,renderer_calls,count,0,1
Atlas,1c2e54b3b8df+bench,SVG,instrument-2026-10-07T06-46-37.937Z,points-3000-seed-41544c53,remove-1000,layout_rect_reads,count,0,0
Atlas,1c2e54b3b8df+bench,SVG,instrument-2026-10-07T06-46-37.937Z,points-3000-seed-41544c53,remove-1000,instrumented_renderer_callback_ms,ms,0,2.200000047683716
Atlas,1c2e54b3b8df+bench,SVG,instrument-2026-10-07T06-46-37.937Z,points-3000-seed-41544c53,remove-1000,cleanup_renderer_calls,count,0,0
Atlas,1c2e54b3b8df+bench,SVG,instrument-2026-10-07T06-46-37.937Z,points-3000-seed-41544c53,remove-1000,cleanup_stage_children,count,0,0
Atlas,1c2e54b3b8df+bench,SVG,instrument-2026-10-07T06-46-37.937Z,points-3000-seed-41544c53,wheel-input,synthetic_wheel_dispatch_sync_ms,ms,0,0.09999990463256836
Atlas,1c2e54b3b8df+bench,SVG,instrument-2026-10-07T06-46-37.937Z,points-3000-seed-41544c53,wheel-input,synthetic_wheel_dispatch_sync_ms,ms,1,0.09999990463256836
Atlas,1c2e54b3b8df+bench,SVG,instrument-2026-10-07T06-46-37.937Z,points-3000-seed-41544c53,wheel-input,synthetic_wheel_dispatch_sync_ms,ms,2,0
Atlas,1c2e54b3b8df+bench,SVG,instrument-2026-10-07T06-46-37.937Z,points-3000-seed-41544c53,wheel-input,synthetic_wheel_dispatch_sync_ms,ms,3,0.09999990463256836
Atlas,1c2e54b3b8df+bench,SVG,instrument-2026-10-07T06-46-37.937Z,points-3000-seed-41544c53,wheel-input,synthetic_wheel_dispatch_sync_ms,ms,4,0
Atlas,1c2e54b3b8df+bench,SVG,instrument-2026-10-07T06-46-37.937Z,points-3000-seed-41544c53,wheel-input,synthetic_wheel_dispatch_sync_ms,ms,5,0.20000004768371582
Atlas,1c2e54b3b8df+bench,SVG,instrument-2026-10-07T06-46-37.937Z,points-3000-seed-41544c53,wheel-input,synthetic_wheel_dispatch_sync_ms,ms,6,0
Atlas,1c2e54b3b8df+bench,SVG,instrument-2026-10-07T06-46-37.937Z,points-3000-seed-41544c53,wheel-input,synthetic_wheel_dispatch_sync_ms,ms,7,0
Atlas,1c2e54b3b8df+bench,SVG,instrument-2026-10-07T06-46-37.937Z,points-3000-seed-41544c53,wheel-input,synthetic_wheel_dispatch_sync_ms,ms,8,0.19999980926513672
Atlas,1c2e54b3b8df+bench,SVG,instrument-2026-10-07T06-46-37.937Z,points-3000-seed-41544c53,wheel-input,synthetic_wheel_dispatch_sync_ms,ms,9,0.20000004768371582
Atlas,1c2e54b3b8df+bench,SVG,instrument-2026-10-07T06-46-37.937Z,points-3000-seed-41544c53,wheel-input,layout_rect_reads,count,0,52
Atlas,1c2e54b3b8df+bench,SVG,instrument-2026-10-07T06-46-37.937Z,points-3000-seed-41544c53,wheel-input,renderer_scene_reads,count,0,10
Atlas,1c2e54b3b8df+bench,SVG,instrument-2026-10-07T06-46-37.937Z,points-3000-seed-41544c53,wheel-input,svg_attribute_writes,count,0,30010
Atlas,1c2e54b3b8df+bench,SVG,instrument-2026-10-07T06-46-37.937Z,points-3000-seed-41544c53,wheel-input,renderer_calls,count,0,10
Atlas,1c2e54b3b8df+bench,SVG,instrument-2026-10-07T06-46-37.937Z,points-3000-seed-41544c53,wheel-input,instrumented_renderer_callback_ms,ms,0,1.3000001907348633
Atlas,1c2e54b3b8df+bench,SVG,instrument-2026-10-07T06-46-37.937Z,points-3000-seed-41544c53,wheel-input,instrumented_renderer_callback_ms,ms,1,1.0999999046325684
Atlas,1c2e54b3b8df+bench,SVG,instrument-2026-10-07T06-46-37.937Z,points-3000-seed-41544c53,wheel-input,instrumented_renderer_callback_ms,ms,2,1.1999998092651367
Atlas,1c2e54b3b8df+bench,SVG,instrument-2026-10-07T06-46-37.937Z,points-3000-seed-41544c53,wheel-input,instrumented_renderer_callback_ms,ms,3,1.2000000476837158
Atlas,1c2e54b3b8df+bench,SVG,instrument-2026-10-07T06-46-37.937Z,points-3000-seed-41544c53,wheel-input,instrumented_renderer_callback_ms,ms,4,1.1999998092651367
Atlas,1c2e54b3b8df+bench,SVG,instrument-2026-10-07T06-46-37.937Z,points-3000-seed-41544c53,wheel-input,instrumented_renderer_callback_ms,ms,5,1
Atlas,1c2e54b3b8df+bench,SVG,instrument-2026-10-07T06-46-37.937Z,points-3000-seed-41544c53,wheel-input,instrumented_renderer_callback_ms,ms,6,1.1000001430511475
Atlas,1c2e54b3b8df+bench,SVG,instrument-2026-10-07T06-46-37.937Z,points-3000-seed-41544c53,wheel-input,instrumented_renderer_callback_ms,ms,7,1.2000000476837158
Atlas,1c2e54b3b8df+bench,SVG,instrument-2026-10-07T06-46-37.937Z,points-3000-seed-41544c53,wheel-input,instrumented_renderer_callback_ms,ms,8,1.2000000476837158
Atlas,1c2e54b3b8df+bench,SVG,instrument-2026-10-07T06-46-37.937Z,points-3000-seed-41544c53,wheel-input,instrumented_renderer_callback_ms,ms,9,1.9000000953674316
Atlas,1c2e54b3b8df+bench,SVG,instrument-2026-10-07T06-46-37.937Z,points-3000-seed-41544c53,wheel-input,cleanup_renderer_calls,count,0,0
Atlas,1c2e54b3b8df+bench,SVG,instrument-2026-10-07T06-46-37.937Z,points-3000-seed-41544c53,wheel-input,cleanup_stage_children,count,0,0
Atlas,1c2e54b3b8df+bench,SVG,instrument-2026-10-07T06-46-37.937Z,points-5000-seed-41544c53,load,load_promise_ms,ms,0,16.90000009536743
Atlas,1c2e54b3b8df+bench,SVG,instrument-2026-10-07T06-46-37.937Z,points-5000-seed-41544c53,load,create_to_raf_opportunities_ms,ms,0,113.79999995231628
Atlas,1c2e54b3b8df+bench,SVG,instrument-2026-10-07T06-46-37.937Z,points-5000-seed-41544c53,load,semantic_roots,count,0,5000
Atlas,1c2e54b3b8df+bench,SVG,instrument-2026-10-07T06-46-37.937Z,points-5000-seed-41544c53,load,owned_points,count,0,0
Atlas,1c2e54b3b8df+bench,SVG,instrument-2026-10-07T06-46-37.937Z,points-5000-seed-41544c53,load,visual_primitives,count,0,5000
Atlas,1c2e54b3b8df+bench,SVG,instrument-2026-10-07T06-46-37.937Z,points-5000-seed-41544c53,load,svg_element_nodes,count,0,10002
Atlas,1c2e54b3b8df+bench,SVG,instrument-2026-10-07T06-46-37.937Z,points-5000-seed-41544c53,load,shadow_element_nodes,count,0,10003
Atlas,1c2e54b3b8df+bench,SVG,instrument-2026-10-07T06-46-37.937Z,points-5000-seed-41544c53,load,shadow_dom_nodes,count,0,10006
Atlas,1c2e54b3b8df+bench,SVG,instrument-2026-10-07T06-46-37.937Z,points-5000-seed-41544c53,load,root_iterator_creations,count,0,4
Atlas,1c2e54b3b8df+bench,SVG,instrument-2026-10-07T06-46-37.937Z,points-5000-seed-41544c53,load,root_iterator_next_calls,count,0,10004
Atlas,1c2e54b3b8df+bench,SVG,instrument-2026-10-07T06-46-37.937Z,points-5000-seed-41544c53,load,svg_attribute_writes,count,0,40007
Atlas,1c2e54b3b8df+bench,SVG,instrument-2026-10-07T06-46-37.937Z,points-5000-seed-41544c53,load,renderer_calls,count,0,2
Atlas,1c2e54b3b8df+bench,SVG,instrument-2026-10-07T06-46-37.937Z,points-5000-seed-41544c53,load,renderer_scene_reads,count,0,2
Atlas,1c2e54b3b8df+bench,SVG,instrument-2026-10-07T06-46-37.937Z,points-5000-seed-41544c53,load,svg_attribute_removals,count,0,5000
Atlas,1c2e54b3b8df+bench,SVG,instrument-2026-10-07T06-46-37.937Z,points-5000-seed-41544c53,load,layout_rect_reads,count,0,0
Atlas,1c2e54b3b8df+bench,SVG,instrument-2026-10-07T06-46-37.937Z,points-5000-seed-41544c53,load,instrumented_renderer_callback_ms,ms,0,0
Atlas,1c2e54b3b8df+bench,SVG,instrument-2026-10-07T06-46-37.937Z,points-5000-seed-41544c53,load,instrumented_renderer_callback_ms,ms,1,8.600000143051147
Atlas,1c2e54b3b8df+bench,SVG,instrument-2026-10-07T06-46-37.937Z,points-5000-seed-41544c53,load,instrumented_prepare_promise_ms,ms,0,8.100000143051147
Atlas,1c2e54b3b8df+bench,SVG,instrument-2026-10-07T06-46-37.937Z,points-5000-seed-41544c53,load,cleanup_renderer_calls,count,0,0
Atlas,1c2e54b3b8df+bench,SVG,instrument-2026-10-07T06-46-37.937Z,points-5000-seed-41544c53,load,cleanup_stage_children,count,0,0
Atlas,1c2e54b3b8df+bench,SVG,instrument-2026-10-07T06-46-37.937Z,points-5000-seed-41544c53,pan,frame_interval_ms,ms,0,16.70000000001164
Atlas,1c2e54b3b8df+bench,SVG,instrument-2026-10-07T06-46-37.937Z,points-5000-seed-41544c53,pan,camera_api_sync_ms,ms,0,0
Atlas,1c2e54b3b8df+bench,SVG,instrument-2026-10-07T06-46-37.937Z,points-5000-seed-41544c53,pan,frame_interval_ms,ms,1,16.60000000000582
Atlas,1c2e54b3b8df+bench,SVG,instrument-2026-10-07T06-46-37.937Z,points-5000-seed-41544c53,pan,camera_api_sync_ms,ms,1,0
Atlas,1c2e54b3b8df+bench,SVG,instrument-2026-10-07T06-46-37.937Z,points-5000-seed-41544c53,pan,frame_interval_ms,ms,2,16.699999999982538
Atlas,1c2e54b3b8df+bench,SVG,instrument-2026-10-07T06-46-37.937Z,points-5000-seed-41544c53,pan,camera_api_sync_ms,ms,2,0
Atlas,1c2e54b3b8df+bench,SVG,instrument-2026-10-07T06-46-37.937Z,points-5000-seed-41544c53,pan,frame_interval_ms,ms,3,33.40000000002328
Atlas,1c2e54b3b8df+bench,SVG,instrument-2026-10-07T06-46-37.937Z,points-5000-seed-41544c53,pan,camera_api_sync_ms,ms,3,0
Atlas,1c2e54b3b8df+bench,SVG,instrument-2026-10-07T06-46-37.937Z,points-5000-seed-41544c53,pan,frame_interval_ms,ms,4,16.599999999976717
Atlas,1c2e54b3b8df+bench,SVG,instrument-2026-10-07T06-46-37.937Z,points-5000-seed-41544c53,pan,camera_api_sync_ms,ms,4,0
Atlas,1c2e54b3b8df+bench,SVG,instrument-2026-10-07T06-46-37.937Z,points-5000-seed-41544c53,pan,frame_interval_ms,ms,5,16.70000000001164
Atlas,1c2e54b3b8df+bench,SVG,instrument-2026-10-07T06-46-37.937Z,points-5000-seed-41544c53,pan,camera_api_sync_ms,ms,5,0
Atlas,1c2e54b3b8df+bench,SVG,instrument-2026-10-07T06-46-37.937Z,points-5000-seed-41544c53,pan,frame_interval_ms,ms,6,16.60000000000582
Atlas,1c2e54b3b8df+bench,SVG,instrument-2026-10-07T06-46-37.937Z,points-5000-seed-41544c53,pan,camera_api_sync_ms,ms,6,0.09999990463256836
Atlas,1c2e54b3b8df+bench,SVG,instrument-2026-10-07T06-46-37.937Z,points-5000-seed-41544c53,pan,frame_interval_ms,ms,7,16.79999999998836
Atlas,1c2e54b3b8df+bench,SVG,instrument-2026-10-07T06-46-37.937Z,points-5000-seed-41544c53,pan,camera_api_sync_ms,ms,7,0
Atlas,1c2e54b3b8df+bench,SVG,instrument-2026-10-07T06-46-37.937Z,points-5000-seed-41544c53,pan,frame_interval_ms,ms,8,16.60000000000582
Atlas,1c2e54b3b8df+bench,SVG,instrument-2026-10-07T06-46-37.937Z,points-5000-seed-41544c53,pan,camera_api_sync_ms,ms,8,0
Atlas,1c2e54b3b8df+bench,SVG,instrument-2026-10-07T06-46-37.937Z,points-5000-seed-41544c53,pan,frame_interval_ms,ms,9,16.60000000000582
Atlas,1c2e54b3b8df+bench,SVG,instrument-2026-10-07T06-46-37.937Z,points-5000-seed-41544c53,pan,camera_api_sync_ms,ms,9,0
Atlas,1c2e54b3b8df+bench,SVG,instrument-2026-10-07T06-46-37.937Z,points-5000-seed-41544c53,pan,frame_interval_ms,ms,10,16.699999999982538
Atlas,1c2e54b3b8df+bench,SVG,instrument-2026-10-07T06-46-37.937Z,points-5000-seed-41544c53,pan,camera_api_sync_ms,ms,10,0
Atlas,1c2e54b3b8df+bench,SVG,instrument-2026-10-07T06-46-37.937Z,points-5000-seed-41544c53,pan,frame_interval_ms,ms,11,16.70000000001164
Atlas,1c2e54b3b8df+bench,SVG,instrument-2026-10-07T06-46-37.937Z,points-5000-seed-41544c53,pan,camera_api_sync_ms,ms,11,0
Atlas,1c2e54b3b8df+bench,SVG,instrument-2026-10-07T06-46-37.937Z,points-5000-seed-41544c53,pan,frame_interval_ms,ms,12,16.70000000001164
Atlas,1c2e54b3b8df+bench,SVG,instrument-2026-10-07T06-46-37.937Z,points-5000-seed-41544c53,pan,camera_api_sync_ms,ms,12,0.10000014305114746
Atlas,1c2e54b3b8df+bench,SVG,instrument-2026-10-07T06-46-37.937Z,points-5000-seed-41544c53,pan,frame_interval_ms,ms,13,33.29999999998836
Atlas,1c2e54b3b8df+bench,SVG,instrument-2026-10-07T06-46-37.937Z,points-5000-seed-41544c53,pan,camera_api_sync_ms,ms,13,0
Atlas,1c2e54b3b8df+bench,SVG,instrument-2026-10-07T06-46-37.937Z,points-5000-seed-41544c53,pan,frame_interval_ms,ms,14,16.70000000001164
Atlas,1c2e54b3b8df+bench,SVG,instrument-2026-10-07T06-46-37.937Z,points-5000-seed-41544c53,pan,camera_api_sync_ms,ms,14,0.09999990463256836
Atlas,1c2e54b3b8df+bench,SVG,instrument-2026-10-07T06-46-37.937Z,points-5000-seed-41544c53,pan,frame_interval_ms,ms,15,16.599999999976717
Atlas,1c2e54b3b8df+bench,SVG,instrument-2026-10-07T06-46-37.937Z,points-5000-seed-41544c53,pan,camera_api_sync_ms,ms,15,0
Atlas,1c2e54b3b8df+bench,SVG,instrument-2026-10-07T06-46-37.937Z,points-5000-seed-41544c53,pan,frame_interval_ms,ms,16,33.30000000001746
Atlas,1c2e54b3b8df+bench,SVG,instrument-2026-10-07T06-46-37.937Z,points-5000-seed-41544c53,pan,camera_api_sync_ms,ms,16,0
Atlas,1c2e54b3b8df+bench,SVG,instrument-2026-10-07T06-46-37.937Z,points-5000-seed-41544c53,pan,frame_interval_ms,ms,17,16.699999999982538
Atlas,1c2e54b3b8df+bench,SVG,instrument-2026-10-07T06-46-37.937Z,points-5000-seed-41544c53,pan,camera_api_sync_ms,ms,17,0
Atlas,1c2e54b3b8df+bench,SVG,instrument-2026-10-07T06-46-37.937Z,points-5000-seed-41544c53,pan,frame_interval_ms,ms,18,33.40000000002328
Atlas,1c2e54b3b8df+bench,SVG,instrument-2026-10-07T06-46-37.937Z,points-5000-seed-41544c53,pan,camera_api_sync_ms,ms,18,0
Atlas,1c2e54b3b8df+bench,SVG,instrument-2026-10-07T06-46-37.937Z,points-5000-seed-41544c53,pan,frame_interval_ms,ms,19,16.599999999976717
Atlas,1c2e54b3b8df+bench,SVG,instrument-2026-10-07T06-46-37.937Z,points-5000-seed-41544c53,pan,camera_api_sync_ms,ms,19,0
Atlas,1c2e54b3b8df+bench,SVG,instrument-2026-10-07T06-46-37.937Z,points-5000-seed-41544c53,pan,frame_interval_ms,ms,20,33.40000000002328
Atlas,1c2e54b3b8df+bench,SVG,instrument-2026-10-07T06-46-37.937Z,points-5000-seed-41544c53,pan,camera_api_sync_ms,ms,20,0
Atlas,1c2e54b3b8df+bench,SVG,instrument-2026-10-07T06-46-37.937Z,points-5000-seed-41544c53,pan,frame_interval_ms,ms,21,16.599999999976717
Atlas,1c2e54b3b8df+bench,SVG,instrument-2026-10-07T06-46-37.937Z,points-5000-seed-41544c53,pan,camera_api_sync_ms,ms,21,0
Atlas,1c2e54b3b8df+bench,SVG,instrument-2026-10-07T06-46-37.937Z,points-5000-seed-41544c53,pan,frame_interval_ms,ms,22,16.60000000000582
Atlas,1c2e54b3b8df+bench,SVG,instrument-2026-10-07T06-46-37.937Z,points-5000-seed-41544c53,pan,camera_api_sync_ms,ms,22,0
Atlas,1c2e54b3b8df+bench,SVG,instrument-2026-10-07T06-46-37.937Z,points-5000-seed-41544c53,pan,frame_interval_ms,ms,23,16.70000000001164
Atlas,1c2e54b3b8df+bench,SVG,instrument-2026-10-07T06-46-37.937Z,points-5000-seed-41544c53,pan,camera_api_sync_ms,ms,23,0
Atlas,1c2e54b3b8df+bench,SVG,instrument-2026-10-07T06-46-37.937Z,points-5000-seed-41544c53,pan,frame_interval_ms,ms,24,16.699999999982538
Atlas,1c2e54b3b8df+bench,SVG,instrument-2026-10-07T06-46-37.937Z,points-5000-seed-41544c53,pan,camera_api_sync_ms,ms,24,0
Atlas,1c2e54b3b8df+bench,SVG,instrument-2026-10-07T06-46-37.937Z,points-5000-seed-41544c53,pan,frame_interval_ms,ms,25,16.70000000001164
Atlas,1c2e54b3b8df+bench,SVG,instrument-2026-10-07T06-46-37.937Z,points-5000-seed-41544c53,pan,camera_api_sync_ms,ms,25,0
Atlas,1c2e54b3b8df+bench,SVG,instrument-2026-10-07T06-46-37.937Z,points-5000-seed-41544c53,pan,frame_interval_ms,ms,26,16.60000000000582
Atlas,1c2e54b3b8df+bench,SVG,instrument-2026-10-07T06-46-37.937Z,points-5000-seed-41544c53,pan,camera_api_sync_ms,ms,26,0
Atlas,1c2e54b3b8df+bench,SVG,instrument-2026-10-07T06-46-37.937Z,points-5000-seed-41544c53,pan,frame_interval_ms,ms,27,16.699999999982538
Atlas,1c2e54b3b8df+bench,SVG,instrument-2026-10-07T06-46-37.937Z,points-5000-seed-41544c53,pan,camera_api_sync_ms,ms,27,0.09999990463256836
Atlas,1c2e54b3b8df+bench,SVG,instrument-2026-10-07T06-46-37.937Z,points-5000-seed-41544c53,pan,frame_interval_ms,ms,28,33.40000000002328
Atlas,1c2e54b3b8df+bench,SVG,instrument-2026-10-07T06-46-37.937Z,points-5000-seed-41544c53,pan,camera_api_sync_ms,ms,28,0
Atlas,1c2e54b3b8df+bench,SVG,instrument-2026-10-07T06-46-37.937Z,points-5000-seed-41544c53,pan,frame_interval_ms,ms,29,16.599999999976717
Atlas,1c2e54b3b8df+bench,SVG,instrument-2026-10-07T06-46-37.937Z,points-5000-seed-41544c53,pan,camera_api_sync_ms,ms,29,0
Atlas,1c2e54b3b8df+bench,SVG,instrument-2026-10-07T06-46-37.937Z,points-5000-seed-41544c53,pan,frame_interval_ms,ms,30,16.60000000000582
Atlas,1c2e54b3b8df+bench,SVG,instrument-2026-10-07T06-46-37.937Z,points-5000-seed-41544c53,pan,camera_api_sync_ms,ms,30,0
Atlas,1c2e54b3b8df+bench,SVG,instrument-2026-10-07T06-46-37.937Z,points-5000-seed-41544c53,pan,frame_interval_ms,ms,31,16.70000000001164
Atlas,1c2e54b3b8df+bench,SVG,instrument-2026-10-07T06-46-37.937Z,points-5000-seed-41544c53,pan,camera_api_sync_ms,ms,31,0
Atlas,1c2e54b3b8df+bench,SVG,instrument-2026-10-07T06-46-37.937Z,points-5000-seed-41544c53,pan,frame_interval_ms,ms,32,16.699999999982538
Atlas,1c2e54b3b8df+bench,SVG,instrument-2026-10-07T06-46-37.937Z,points-5000-seed-41544c53,pan,camera_api_sync_ms,ms,32,0
Atlas,1c2e54b3b8df+bench,SVG,instrument-2026-10-07T06-46-37.937Z,points-5000-seed-41544c53,pan,frame_interval_ms,ms,33,16.60000000000582
Atlas,1c2e54b3b8df+bench,SVG,instrument-2026-10-07T06-46-37.937Z,points-5000-seed-41544c53,pan,camera_api_sync_ms,ms,33,0
Atlas,1c2e54b3b8df+bench,SVG,instrument-2026-10-07T06-46-37.937Z,points-5000-seed-41544c53,pan,frame_interval_ms,ms,34,16.70000000001164
Atlas,1c2e54b3b8df+bench,SVG,instrument-2026-10-07T06-46-37.937Z,points-5000-seed-41544c53,pan,camera_api_sync_ms,ms,34,0.09999990463256836
Atlas,1c2e54b3b8df+bench,SVG,instrument-2026-10-07T06-46-37.937Z,points-5000-seed-41544c53,pan,frame_interval_ms,ms,35,16.699999999982538
Atlas,1c2e54b3b8df+bench,SVG,instrument-2026-10-07T06-46-37.937Z,points-5000-seed-41544c53,pan,camera_api_sync_ms,ms,35,0
Atlas,1c2e54b3b8df+bench,SVG,instrument-2026-10-07T06-46-37.937Z,points-5000-seed-41544c53,pan,frame_interval_ms,ms,36,33.30000000001746
Atlas,1c2e54b3b8df+bench,SVG,instrument-2026-10-07T06-46-37.937Z,points-5000-seed-41544c53,pan,camera_api_sync_ms,ms,36,0.10000014305114746
Atlas,1c2e54b3b8df+bench,SVG,instrument-2026-10-07T06-46-37.937Z,points-5000-seed-41544c53,pan,frame_interval_ms,ms,37,16.699999999982538
Atlas,1c2e54b3b8df+bench,SVG,instrument-2026-10-07T06-46-37.937Z,points-5000-seed-41544c53,pan,camera_api_sync_ms,ms,37,0
Atlas,1c2e54b3b8df+bench,SVG,instrument-2026-10-07T06-46-37.937Z,points-5000-seed-41544c53,pan,frame_interval_ms,ms,38,16.60000000000582
Atlas,1c2e54b3b8df+bench,SVG,instrument-2026-10-07T06-46-37.937Z,points-5000-seed-41544c53,pan,camera_api_sync_ms,ms,38,0
Atlas,1c2e54b3b8df+bench,SVG,instrument-2026-10-07T06-46-37.937Z,points-5000-seed-41544c53,pan,frame_interval_ms,ms,39,33.39999999999418
Atlas,1c2e54b3b8df+bench,SVG,instrument-2026-10-07T06-46-37.937Z,points-5000-seed-41544c53,pan,camera_api_sync_ms,ms,39,0
Atlas,1c2e54b3b8df+bench,SVG,instrument-2026-10-07T06-46-37.937Z,points-5000-seed-41544c53,pan,frame_interval_ms,ms,40,16.60000000000582
Atlas,1c2e54b3b8df+bench,SVG,instrument-2026-10-07T06-46-37.937Z,points-5000-seed-41544c53,pan,camera_api_sync_ms,ms,40,0
Atlas,1c2e54b3b8df+bench,SVG,instrument-2026-10-07T06-46-37.937Z,points-5000-seed-41544c53,pan,frame_interval_ms,ms,41,16.70000000001164
Atlas,1c2e54b3b8df+bench,SVG,instrument-2026-10-07T06-46-37.937Z,points-5000-seed-41544c53,pan,camera_api_sync_ms,ms,41,0
Atlas,1c2e54b3b8df+bench,SVG,instrument-2026-10-07T06-46-37.937Z,points-5000-seed-41544c53,pan,frame_interval_ms,ms,42,16.60000000000582
Atlas,1c2e54b3b8df+bench,SVG,instrument-2026-10-07T06-46-37.937Z,points-5000-seed-41544c53,pan,camera_api_sync_ms,ms,42,0
Atlas,1c2e54b3b8df+bench,SVG,instrument-2026-10-07T06-46-37.937Z,points-5000-seed-41544c53,pan,frame_interval_ms,ms,43,16.79999999998836
Atlas,1c2e54b3b8df+bench,SVG,instrument-2026-10-07T06-46-37.937Z,points-5000-seed-41544c53,pan,camera_api_sync_ms,ms,43,0
Atlas,1c2e54b3b8df+bench,SVG,instrument-2026-10-07T06-46-37.937Z,points-5000-seed-41544c53,pan,frame_interval_ms,ms,44,16.70000000001164
Atlas,1c2e54b3b8df+bench,SVG,instrument-2026-10-07T06-46-37.937Z,points-5000-seed-41544c53,pan,camera_api_sync_ms,ms,44,0
Atlas,1c2e54b3b8df+bench,SVG,instrument-2026-10-07T06-46-37.937Z,points-5000-seed-41544c53,pan,frame_interval_ms,ms,45,16.599999999976717
Atlas,1c2e54b3b8df+bench,SVG,instrument-2026-10-07T06-46-37.937Z,points-5000-seed-41544c53,pan,camera_api_sync_ms,ms,45,0
Atlas,1c2e54b3b8df+bench,SVG,instrument-2026-10-07T06-46-37.937Z,points-5000-seed-41544c53,pan,frame_interval_ms,ms,46,16.60000000000582
Atlas,1c2e54b3b8df+bench,SVG,instrument-2026-10-07T06-46-37.937Z,points-5000-seed-41544c53,pan,camera_api_sync_ms,ms,46,0
Atlas,1c2e54b3b8df+bench,SVG,instrument-2026-10-07T06-46-37.937Z,points-5000-seed-41544c53,pan,frame_interval_ms,ms,47,16.70000000001164
Atlas,1c2e54b3b8df+bench,SVG,instrument-2026-10-07T06-46-37.937Z,points-5000-seed-41544c53,pan,camera_api_sync_ms,ms,47,0
Atlas,1c2e54b3b8df+bench,SVG,instrument-2026-10-07T06-46-37.937Z,points-5000-seed-41544c53,pan,frame_interval_ms,ms,48,16.699999999982538
Atlas,1c2e54b3b8df+bench,SVG,instrument-2026-10-07T06-46-37.937Z,points-5000-seed-41544c53,pan,camera_api_sync_ms,ms,48,0
Atlas,1c2e54b3b8df+bench,SVG,instrument-2026-10-07T06-46-37.937Z,points-5000-seed-41544c53,pan,frame_interval_ms,ms,49,16.70000000001164
Atlas,1c2e54b3b8df+bench,SVG,instrument-2026-10-07T06-46-37.937Z,points-5000-seed-41544c53,pan,camera_api_sync_ms,ms,49,0
Atlas,1c2e54b3b8df+bench,SVG,instrument-2026-10-07T06-46-37.937Z,points-5000-seed-41544c53,pan,frame_interval_ms,ms,50,16.60000000000582
Atlas,1c2e54b3b8df+bench,SVG,instrument-2026-10-07T06-46-37.937Z,points-5000-seed-41544c53,pan,camera_api_sync_ms,ms,50,0
Atlas,1c2e54b3b8df+bench,SVG,instrument-2026-10-07T06-46-37.937Z,points-5000-seed-41544c53,pan,frame_interval_ms,ms,51,16.699999999982538
Atlas,1c2e54b3b8df+bench,SVG,instrument-2026-10-07T06-46-37.937Z,points-5000-seed-41544c53,pan,camera_api_sync_ms,ms,51,0
Atlas,1c2e54b3b8df+bench,SVG,instrument-2026-10-07T06-46-37.937Z,points-5000-seed-41544c53,pan,frame_interval_ms,ms,52,16.70000000001164
Atlas,1c2e54b3b8df+bench,SVG,instrument-2026-10-07T06-46-37.937Z,points-5000-seed-41544c53,pan,camera_api_sync_ms,ms,52,0
Atlas,1c2e54b3b8df+bench,SVG,instrument-2026-10-07T06-46-37.937Z,points-5000-seed-41544c53,pan,frame_interval_ms,ms,53,16.60000000000582
Atlas,1c2e54b3b8df+bench,SVG,instrument-2026-10-07T06-46-37.937Z,points-5000-seed-41544c53,pan,camera_api_sync_ms,ms,53,0
Atlas,1c2e54b3b8df+bench,SVG,instrument-2026-10-07T06-46-37.937Z,points-5000-seed-41544c53,pan,frame_interval_ms,ms,54,16.699999999982538
Atlas,1c2e54b3b8df+bench,SVG,instrument-2026-10-07T06-46-37.937Z,points-5000-seed-41544c53,pan,camera_api_sync_ms,ms,54,0
Atlas,1c2e54b3b8df+bench,SVG,instrument-2026-10-07T06-46-37.937Z,points-5000-seed-41544c53,pan,frame_interval_ms,ms,55,16.70000000001164
Atlas,1c2e54b3b8df+bench,SVG,instrument-2026-10-07T06-46-37.937Z,points-5000-seed-41544c53,pan,camera_api_sync_ms,ms,55,0
Atlas,1c2e54b3b8df+bench,SVG,instrument-2026-10-07T06-46-37.937Z,points-5000-seed-41544c53,pan,frame_interval_ms,ms,56,16.60000000000582
Atlas,1c2e54b3b8df+bench,SVG,instrument-2026-10-07T06-46-37.937Z,points-5000-seed-41544c53,pan,camera_api_sync_ms,ms,56,0.09999990463256836
Atlas,1c2e54b3b8df+bench,SVG,instrument-2026-10-07T06-46-37.937Z,points-5000-seed-41544c53,pan,frame_interval_ms,ms,57,16.699999999982538
Atlas,1c2e54b3b8df+bench,SVG,instrument-2026-10-07T06-46-37.937Z,points-5000-seed-41544c53,pan,camera_api_sync_ms,ms,57,0
Atlas,1c2e54b3b8df+bench,SVG,instrument-2026-10-07T06-46-37.937Z,points-5000-seed-41544c53,pan,frame_interval_ms,ms,58,16.60000000000582
Atlas,1c2e54b3b8df+bench,SVG,instrument-2026-10-07T06-46-37.937Z,points-5000-seed-41544c53,pan,camera_api_sync_ms,ms,58,0
Atlas,1c2e54b3b8df+bench,SVG,instrument-2026-10-07T06-46-37.937Z,points-5000-seed-41544c53,pan,frame_interval_ms,ms,59,16.70000000001164
Atlas,1c2e54b3b8df+bench,SVG,instrument-2026-10-07T06-46-37.937Z,points-5000-seed-41544c53,pan,camera_api_sync_ms,ms,59,0
Atlas,1c2e54b3b8df+bench,SVG,instrument-2026-10-07T06-46-37.937Z,points-5000-seed-41544c53,pan,frame_interval_ms,ms,60,16.699999999982538
Atlas,1c2e54b3b8df+bench,SVG,instrument-2026-10-07T06-46-37.937Z,points-5000-seed-41544c53,pan,camera_api_sync_ms,ms,60,0
Atlas,1c2e54b3b8df+bench,SVG,instrument-2026-10-07T06-46-37.937Z,points-5000-seed-41544c53,pan,frame_interval_ms,ms,61,16.60000000000582
Atlas,1c2e54b3b8df+bench,SVG,instrument-2026-10-07T06-46-37.937Z,points-5000-seed-41544c53,pan,camera_api_sync_ms,ms,61,0
Atlas,1c2e54b3b8df+bench,SVG,instrument-2026-10-07T06-46-37.937Z,points-5000-seed-41544c53,pan,frame_interval_ms,ms,62,16.70000000001164
Atlas,1c2e54b3b8df+bench,SVG,instrument-2026-10-07T06-46-37.937Z,points-5000-seed-41544c53,pan,camera_api_sync_ms,ms,62,0
Atlas,1c2e54b3b8df+bench,SVG,instrument-2026-10-07T06-46-37.937Z,points-5000-seed-41544c53,pan,frame_interval_ms,ms,63,16.60000000000582
Atlas,1c2e54b3b8df+bench,SVG,instrument-2026-10-07T06-46-37.937Z,points-5000-seed-41544c53,pan,camera_api_sync_ms,ms,63,0
Atlas,1c2e54b3b8df+bench,SVG,instrument-2026-10-07T06-46-37.937Z,points-5000-seed-41544c53,pan,frame_interval_ms,ms,64,16.699999999982538
Atlas,1c2e54b3b8df+bench,SVG,instrument-2026-10-07T06-46-37.937Z,points-5000-seed-41544c53,pan,camera_api_sync_ms,ms,64,0
Atlas,1c2e54b3b8df+bench,SVG,instrument-2026-10-07T06-46-37.937Z,points-5000-seed-41544c53,pan,frame_interval_ms,ms,65,16.70000000001164
Atlas,1c2e54b3b8df+bench,SVG,instrument-2026-10-07T06-46-37.937Z,points-5000-seed-41544c53,pan,camera_api_sync_ms,ms,65,0.09999990463256836
Atlas,1c2e54b3b8df+bench,SVG,instrument-2026-10-07T06-46-37.937Z,points-5000-seed-41544c53,pan,frame_interval_ms,ms,66,16.699999999982538
Atlas,1c2e54b3b8df+bench,SVG,instrument-2026-10-07T06-46-37.937Z,points-5000-seed-41544c53,pan,camera_api_sync_ms,ms,66,0
Atlas,1c2e54b3b8df+bench,SVG,instrument-2026-10-07T06-46-37.937Z,points-5000-seed-41544c53,pan,frame_interval_ms,ms,67,16.60000000000582
Atlas,1c2e54b3b8df+bench,SVG,instrument-2026-10-07T06-46-37.937Z,points-5000-seed-41544c53,pan,camera_api_sync_ms,ms,67,0
Atlas,1c2e54b3b8df+bench,SVG,instrument-2026-10-07T06-46-37.937Z,points-5000-seed-41544c53,pan,frame_interval_ms,ms,68,16.70000000001164
Atlas,1c2e54b3b8df+bench,SVG,instrument-2026-10-07T06-46-37.937Z,points-5000-seed-41544c53,pan,camera_api_sync_ms,ms,68,0
Atlas,1c2e54b3b8df+bench,SVG,instrument-2026-10-07T06-46-37.937Z,points-5000-seed-41544c53,pan,frame_interval_ms,ms,69,16.699999999982538
Atlas,1c2e54b3b8df+bench,SVG,instrument-2026-10-07T06-46-37.937Z,points-5000-seed-41544c53,pan,camera_api_sync_ms,ms,69,0
Atlas,1c2e54b3b8df+bench,SVG,instrument-2026-10-07T06-46-37.937Z,points-5000-seed-41544c53,pan,frame_interval_ms,ms,70,16.60000000000582
Atlas,1c2e54b3b8df+bench,SVG,instrument-2026-10-07T06-46-37.937Z,points-5000-seed-41544c53,pan,camera_api_sync_ms,ms,70,0
Atlas,1c2e54b3b8df+bench,SVG,instrument-2026-10-07T06-46-37.937Z,points-5000-seed-41544c53,pan,frame_interval_ms,ms,71,16.70000000001164
Atlas,1c2e54b3b8df+bench,SVG,instrument-2026-10-07T06-46-37.937Z,points-5000-seed-41544c53,pan,camera_api_sync_ms,ms,71,0
Atlas,1c2e54b3b8df+bench,SVG,instrument-2026-10-07T06-46-37.937Z,points-5000-seed-41544c53,pan,frame_interval_ms,ms,72,16.60000000000582
Atlas,1c2e54b3b8df+bench,SVG,instrument-2026-10-07T06-46-37.937Z,points-5000-seed-41544c53,pan,camera_api_sync_ms,ms,72,0
Atlas,1c2e54b3b8df+bench,SVG,instrument-2026-10-07T06-46-37.937Z,points-5000-seed-41544c53,pan,frame_interval_ms,ms,73,16.79999999998836
Atlas,1c2e54b3b8df+bench,SVG,instrument-2026-10-07T06-46-37.937Z,points-5000-seed-41544c53,pan,camera_api_sync_ms,ms,73,0
Atlas,1c2e54b3b8df+bench,SVG,instrument-2026-10-07T06-46-37.937Z,points-5000-seed-41544c53,pan,frame_interval_ms,ms,74,16.60000000000582
Atlas,1c2e54b3b8df+bench,SVG,instrument-2026-10-07T06-46-37.937Z,points-5000-seed-41544c53,pan,camera_api_sync_ms,ms,74,0.09999990463256836
Atlas,1c2e54b3b8df+bench,SVG,instrument-2026-10-07T06-46-37.937Z,points-5000-seed-41544c53,pan,frame_interval_ms,ms,75,16.699999999982538
Atlas,1c2e54b3b8df+bench,SVG,instrument-2026-10-07T06-46-37.937Z,points-5000-seed-41544c53,pan,camera_api_sync_ms,ms,75,0
Atlas,1c2e54b3b8df+bench,SVG,instrument-2026-10-07T06-46-37.937Z,points-5000-seed-41544c53,pan,frame_interval_ms,ms,76,16.60000000000582
Atlas,1c2e54b3b8df+bench,SVG,instrument-2026-10-07T06-46-37.937Z,points-5000-seed-41544c53,pan,camera_api_sync_ms,ms,76,0
Atlas,1c2e54b3b8df+bench,SVG,instrument-2026-10-07T06-46-37.937Z,points-5000-seed-41544c53,pan,frame_interval_ms,ms,77,16.70000000001164
Atlas,1c2e54b3b8df+bench,SVG,instrument-2026-10-07T06-46-37.937Z,points-5000-seed-41544c53,pan,camera_api_sync_ms,ms,77,0
Atlas,1c2e54b3b8df+bench,SVG,instrument-2026-10-07T06-46-37.937Z,points-5000-seed-41544c53,pan,frame_interval_ms,ms,78,16.699999999982538
Atlas,1c2e54b3b8df+bench,SVG,instrument-2026-10-07T06-46-37.937Z,points-5000-seed-41544c53,pan,camera_api_sync_ms,ms,78,0
Atlas,1c2e54b3b8df+bench,SVG,instrument-2026-10-07T06-46-37.937Z,points-5000-seed-41544c53,pan,frame_interval_ms,ms,79,16.60000000000582
Atlas,1c2e54b3b8df+bench,SVG,instrument-2026-10-07T06-46-37.937Z,points-5000-seed-41544c53,pan,camera_api_sync_ms,ms,79,0
Atlas,1c2e54b3b8df+bench,SVG,instrument-2026-10-07T06-46-37.937Z,points-5000-seed-41544c53,pan,frame_interval_ms,ms,80,16.70000000001164
Atlas,1c2e54b3b8df+bench,SVG,instrument-2026-10-07T06-46-37.937Z,points-5000-seed-41544c53,pan,camera_api_sync_ms,ms,80,0
Atlas,1c2e54b3b8df+bench,SVG,instrument-2026-10-07T06-46-37.937Z,points-5000-seed-41544c53,pan,frame_interval_ms,ms,81,16.60000000000582
Atlas,1c2e54b3b8df+bench,SVG,instrument-2026-10-07T06-46-37.937Z,points-5000-seed-41544c53,pan,camera_api_sync_ms,ms,81,0
Atlas,1c2e54b3b8df+bench,SVG,instrument-2026-10-07T06-46-37.937Z,points-5000-seed-41544c53,pan,frame_interval_ms,ms,82,16.699999999982538
Atlas,1c2e54b3b8df+bench,SVG,instrument-2026-10-07T06-46-37.937Z,points-5000-seed-41544c53,pan,camera_api_sync_ms,ms,82,0
Atlas,1c2e54b3b8df+bench,SVG,instrument-2026-10-07T06-46-37.937Z,points-5000-seed-41544c53,pan,motion_elapsed_ms,ms,0,1516.6000000000058
Atlas,1c2e54b3b8df+bench,SVG,instrument-2026-10-07T06-46-37.937Z,points-5000-seed-41544c53,pan,camera_updates,count,0,83
Atlas,1c2e54b3b8df+bench,SVG,instrument-2026-10-07T06-46-37.937Z,points-5000-seed-41544c53,pan,renderer_scene_reads,count,0,83
Atlas,1c2e54b3b8df+bench,SVG,instrument-2026-10-07T06-46-37.937Z,points-5000-seed-41544c53,pan,svg_attribute_writes,count,0,83
Atlas,1c2e54b3b8df+bench,SVG,instrument-2026-10-07T06-46-37.937Z,points-5000-seed-41544c53,pan,renderer_calls,count,0,83
Atlas,1c2e54b3b8df+bench,SVG,instrument-2026-10-07T06-46-37.937Z,points-5000-seed-41544c53,pan,layout_rect_reads,count,0,0
Atlas,1c2e54b3b8df+bench,SVG,instrument-2026-10-07T06-46-37.937Z,points-5000-seed-41544c53,pan,instrumented_renderer_callback_ms,ms,0,0
Atlas,1c2e54b3b8df+bench,SVG,instrument-2026-10-07T06-46-37.937Z,points-5000-seed-41544c53,pan,instrumented_renderer_callback_ms,ms,1,0.10000014305114746
Atlas,1c2e54b3b8df+bench,SVG,instrument-2026-10-07T06-46-37.937Z,points-5000-seed-41544c53,pan,instrumented_renderer_callback_ms,ms,2,0.10000014305114746
Atlas,1c2e54b3b8df+bench,SVG,instrument-2026-10-07T06-46-37.937Z,points-5000-seed-41544c53,pan,instrumented_renderer_callback_ms,ms,3,0
Atlas,1c2e54b3b8df+bench,SVG,instrument-2026-10-07T06-46-37.937Z,points-5000-seed-41544c53,pan,instrumented_renderer_callback_ms,ms,4,0.09999990463256836
Atlas,1c2e54b3b8df+bench,SVG,instrument-2026-10-07T06-46-37.937Z,points-5000-seed-41544c53,pan,instrumented_renderer_callback_ms,ms,5,0
Atlas,1c2e54b3b8df+bench,SVG,instrument-2026-10-07T06-46-37.937Z,points-5000-seed-41544c53,pan,instrumented_renderer_callback_ms,ms,6,0
Atlas,1c2e54b3b8df+bench,SVG,instrument-2026-10-07T06-46-37.937Z,points-5000-seed-41544c53,pan,instrumented_renderer_callback_ms,ms,7,0
Atlas,1c2e54b3b8df+bench,SVG,instrument-2026-10-07T06-46-37.937Z,points-5000-seed-41544c53,pan,instrumented_renderer_callback_ms,ms,8,0
Atlas,1c2e54b3b8df+bench,SVG,instrument-2026-10-07T06-46-37.937Z,points-5000-seed-41544c53,pan,instrumented_renderer_callback_ms,ms,9,0
Atlas,1c2e54b3b8df+bench,SVG,instrument-2026-10-07T06-46-37.937Z,points-5000-seed-41544c53,pan,instrumented_renderer_callback_ms,ms,10,0
Atlas,1c2e54b3b8df+bench,SVG,instrument-2026-10-07T06-46-37.937Z,points-5000-seed-41544c53,pan,instrumented_renderer_callback_ms,ms,11,0
Atlas,1c2e54b3b8df+bench,SVG,instrument-2026-10-07T06-46-37.937Z,points-5000-seed-41544c53,pan,instrumented_renderer_callback_ms,ms,12,0
Atlas,1c2e54b3b8df+bench,SVG,instrument-2026-10-07T06-46-37.937Z,points-5000-seed-41544c53,pan,instrumented_renderer_callback_ms,ms,13,0
Atlas,1c2e54b3b8df+bench,SVG,instrument-2026-10-07T06-46-37.937Z,points-5000-seed-41544c53,pan,instrumented_renderer_callback_ms,ms,14,0.09999990463256836
Atlas,1c2e54b3b8df+bench,SVG,instrument-2026-10-07T06-46-37.937Z,points-5000-seed-41544c53,pan,instrumented_renderer_callback_ms,ms,15,0
Atlas,1c2e54b3b8df+bench,SVG,instrument-2026-10-07T06-46-37.937Z,points-5000-seed-41544c53,pan,instrumented_renderer_callback_ms,ms,16,0.10000014305114746
Atlas,1c2e54b3b8df+bench,SVG,instrument-2026-10-07T06-46-37.937Z,points-5000-seed-41544c53,pan,instrumented_renderer_callback_ms,ms,17,0
Atlas,1c2e54b3b8df+bench,SVG,instrument-2026-10-07T06-46-37.937Z,points-5000-seed-41544c53,pan,instrumented_renderer_callback_ms,ms,18,0
Atlas,1c2e54b3b8df+bench,SVG,instrument-2026-10-07T06-46-37.937Z,points-5000-seed-41544c53,pan,instrumented_renderer_callback_ms,ms,19,0
Atlas,1c2e54b3b8df+bench,SVG,instrument-2026-10-07T06-46-37.937Z,points-5000-seed-41544c53,pan,instrumented_renderer_callback_ms,ms,20,0
Atlas,1c2e54b3b8df+bench,SVG,instrument-2026-10-07T06-46-37.937Z,points-5000-seed-41544c53,pan,instrumented_renderer_callback_ms,ms,21,0
Atlas,1c2e54b3b8df+bench,SVG,instrument-2026-10-07T06-46-37.937Z,points-5000-seed-41544c53,pan,instrumented_renderer_callback_ms,ms,22,0
Atlas,1c2e54b3b8df+bench,SVG,instrument-2026-10-07T06-46-37.937Z,points-5000-seed-41544c53,pan,instrumented_renderer_callback_ms,ms,23,0
Atlas,1c2e54b3b8df+bench,SVG,instrument-2026-10-07T06-46-37.937Z,points-5000-seed-41544c53,pan,instrumented_renderer_callback_ms,ms,24,0
Atlas,1c2e54b3b8df+bench,SVG,instrument-2026-10-07T06-46-37.937Z,points-5000-seed-41544c53,pan,instrumented_renderer_callback_ms,ms,25,0
Atlas,1c2e54b3b8df+bench,SVG,instrument-2026-10-07T06-46-37.937Z,points-5000-seed-41544c53,pan,instrumented_renderer_callback_ms,ms,26,0
Atlas,1c2e54b3b8df+bench,SVG,instrument-2026-10-07T06-46-37.937Z,points-5000-seed-41544c53,pan,instrumented_renderer_callback_ms,ms,27,0
Atlas,1c2e54b3b8df+bench,SVG,instrument-2026-10-07T06-46-37.937Z,points-5000-seed-41544c53,pan,instrumented_renderer_callback_ms,ms,28,0.09999990463256836
Atlas,1c2e54b3b8df+bench,SVG,instrument-2026-10-07T06-46-37.937Z,points-5000-seed-41544c53,pan,instrumented_renderer_callback_ms,ms,29,0
Atlas,1c2e54b3b8df+bench,SVG,instrument-2026-10-07T06-46-37.937Z,points-5000-seed-41544c53,pan,instrumented_renderer_callback_ms,ms,30,0
Atlas,1c2e54b3b8df+bench,SVG,instrument-2026-10-07T06-46-37.937Z,points-5000-seed-41544c53,pan,instrumented_renderer_callback_ms,ms,31,0
Atlas,1c2e54b3b8df+bench,SVG,instrument-2026-10-07T06-46-37.937Z,points-5000-seed-41544c53,pan,instrumented_renderer_callback_ms,ms,32,0.09999990463256836
Atlas,1c2e54b3b8df+bench,SVG,instrument-2026-10-07T06-46-37.937Z,points-5000-seed-41544c53,pan,instrumented_renderer_callback_ms,ms,33,0
Atlas,1c2e54b3b8df+bench,SVG,instrument-2026-10-07T06-46-37.937Z,points-5000-seed-41544c53,pan,instrumented_renderer_callback_ms,ms,34,0.09999990463256836
Atlas,1c2e54b3b8df+bench,SVG,instrument-2026-10-07T06-46-37.937Z,points-5000-seed-41544c53,pan,instrumented_renderer_callback_ms,ms,35,0
Atlas,1c2e54b3b8df+bench,SVG,instrument-2026-10-07T06-46-37.937Z,points-5000-seed-41544c53,pan,instrumented_renderer_callback_ms,ms,36,0
Atlas,1c2e54b3b8df+bench,SVG,instrument-2026-10-07T06-46-37.937Z,points-5000-seed-41544c53,pan,instrumented_renderer_callback_ms,ms,37,0
Atlas,1c2e54b3b8df+bench,SVG,instrument-2026-10-07T06-46-37.937Z,points-5000-seed-41544c53,pan,instrumented_renderer_callback_ms,ms,38,0
Atlas,1c2e54b3b8df+bench,SVG,instrument-2026-10-07T06-46-37.937Z,points-5000-seed-41544c53,pan,instrumented_renderer_callback_ms,ms,39,0
Atlas,1c2e54b3b8df+bench,SVG,instrument-2026-10-07T06-46-37.937Z,points-5000-seed-41544c53,pan,instrumented_renderer_callback_ms,ms,40,0.09999990463256836
Atlas,1c2e54b3b8df+bench,SVG,instrument-2026-10-07T06-46-37.937Z,points-5000-seed-41544c53,pan,instrumented_renderer_callback_ms,ms,41,0
Atlas,1c2e54b3b8df+bench,SVG,instrument-2026-10-07T06-46-37.937Z,points-5000-seed-41544c53,pan,instrumented_renderer_callback_ms,ms,42,0
Atlas,1c2e54b3b8df+bench,SVG,instrument-2026-10-07T06-46-37.937Z,points-5000-seed-41544c53,pan,instrumented_renderer_callback_ms,ms,43,0
Atlas,1c2e54b3b8df+bench,SVG,instrument-2026-10-07T06-46-37.937Z,points-5000-seed-41544c53,pan,instrumented_renderer_callback_ms,ms,44,0
Atlas,1c2e54b3b8df+bench,SVG,instrument-2026-10-07T06-46-37.937Z,points-5000-seed-41544c53,pan,instrumented_renderer_callback_ms,ms,45,0
Atlas,1c2e54b3b8df+bench,SVG,instrument-2026-10-07T06-46-37.937Z,points-5000-seed-41544c53,pan,instrumented_renderer_callback_ms,ms,46,0.09999990463256836
Atlas,1c2e54b3b8df+bench,SVG,instrument-2026-10-07T06-46-37.937Z,points-5000-seed-41544c53,pan,instrumented_renderer_callback_ms,ms,47,0
Atlas,1c2e54b3b8df+bench,SVG,instrument-2026-10-07T06-46-37.937Z,points-5000-seed-41544c53,pan,instrumented_renderer_callback_ms,ms,48,0
Atlas,1c2e54b3b8df+bench,SVG,instrument-2026-10-07T06-46-37.937Z,points-5000-seed-41544c53,pan,instrumented_renderer_callback_ms,ms,49,0.09999990463256836
Atlas,1c2e54b3b8df+bench,SVG,instrument-2026-10-07T06-46-37.937Z,points-5000-seed-41544c53,pan,instrumented_renderer_callback_ms,ms,50,0
Atlas,1c2e54b3b8df+bench,SVG,instrument-2026-10-07T06-46-37.937Z,points-5000-seed-41544c53,pan,instrumented_renderer_callback_ms,ms,51,0
Atlas,1c2e54b3b8df+bench,SVG,instrument-2026-10-07T06-46-37.937Z,points-5000-seed-41544c53,pan,instrumented_renderer_callback_ms,ms,52,0
Atlas,1c2e54b3b8df+bench,SVG,instrument-2026-10-07T06-46-37.937Z,points-5000-seed-41544c53,pan,instrumented_renderer_callback_ms,ms,53,0.09999990463256836
Atlas,1c2e54b3b8df+bench,SVG,instrument-2026-10-07T06-46-37.937Z,points-5000-seed-41544c53,pan,instrumented_renderer_callback_ms,ms,54,0
Atlas,1c2e54b3b8df+bench,SVG,instrument-2026-10-07T06-46-37.937Z,points-5000-seed-41544c53,pan,instrumented_renderer_callback_ms,ms,55,0
Atlas,1c2e54b3b8df+bench,SVG,instrument-2026-10-07T06-46-37.937Z,points-5000-seed-41544c53,pan,instrumented_renderer_callback_ms,ms,56,0
Atlas,1c2e54b3b8df+bench,SVG,instrument-2026-10-07T06-46-37.937Z,points-5000-seed-41544c53,pan,instrumented_renderer_callback_ms,ms,57,0
Atlas,1c2e54b3b8df+bench,SVG,instrument-2026-10-07T06-46-37.937Z,points-5000-seed-41544c53,pan,instrumented_renderer_callback_ms,ms,58,0
Atlas,1c2e54b3b8df+bench,SVG,instrument-2026-10-07T06-46-37.937Z,points-5000-seed-41544c53,pan,instrumented_renderer_callback_ms,ms,59,0
Atlas,1c2e54b3b8df+bench,SVG,instrument-2026-10-07T06-46-37.937Z,points-5000-seed-41544c53,pan,instrumented_renderer_callback_ms,ms,60,0
Atlas,1c2e54b3b8df+bench,SVG,instrument-2026-10-07T06-46-37.937Z,points-5000-seed-41544c53,pan,instrumented_renderer_callback_ms,ms,61,0.09999990463256836
Atlas,1c2e54b3b8df+bench,SVG,instrument-2026-10-07T06-46-37.937Z,points-5000-seed-41544c53,pan,instrumented_renderer_callback_ms,ms,62,0
Atlas,1c2e54b3b8df+bench,SVG,instrument-2026-10-07T06-46-37.937Z,points-5000-seed-41544c53,pan,instrumented_renderer_callback_ms,ms,63,0
Atlas,1c2e54b3b8df+bench,SVG,instrument-2026-10-07T06-46-37.937Z,points-5000-seed-41544c53,pan,instrumented_renderer_callback_ms,ms,64,0
Atlas,1c2e54b3b8df+bench,SVG,instrument-2026-10-07T06-46-37.937Z,points-5000-seed-41544c53,pan,instrumented_renderer_callback_ms,ms,65,0
Atlas,1c2e54b3b8df+bench,SVG,instrument-2026-10-07T06-46-37.937Z,points-5000-seed-41544c53,pan,instrumented_renderer_callback_ms,ms,66,0.10000014305114746
Atlas,1c2e54b3b8df+bench,SVG,instrument-2026-10-07T06-46-37.937Z,points-5000-seed-41544c53,pan,instrumented_renderer_callback_ms,ms,67,0
Atlas,1c2e54b3b8df+bench,SVG,instrument-2026-10-07T06-46-37.937Z,points-5000-seed-41544c53,pan,instrumented_renderer_callback_ms,ms,68,0.09999990463256836
Atlas,1c2e54b3b8df+bench,SVG,instrument-2026-10-07T06-46-37.937Z,points-5000-seed-41544c53,pan,instrumented_renderer_callback_ms,ms,69,0
Atlas,1c2e54b3b8df+bench,SVG,instrument-2026-10-07T06-46-37.937Z,points-5000-seed-41544c53,pan,instrumented_renderer_callback_ms,ms,70,0.10000014305114746
Atlas,1c2e54b3b8df+bench,SVG,instrument-2026-10-07T06-46-37.937Z,points-5000-seed-41544c53,pan,instrumented_renderer_callback_ms,ms,71,0
Atlas,1c2e54b3b8df+bench,SVG,instrument-2026-10-07T06-46-37.937Z,points-5000-seed-41544c53,pan,instrumented_renderer_callback_ms,ms,72,0
Atlas,1c2e54b3b8df+bench,SVG,instrument-2026-10-07T06-46-37.937Z,points-5000-seed-41544c53,pan,instrumented_renderer_callback_ms,ms,73,0
Atlas,1c2e54b3b8df+bench,SVG,instrument-2026-10-07T06-46-37.937Z,points-5000-seed-41544c53,pan,instrumented_renderer_callback_ms,ms,74,0
Atlas,1c2e54b3b8df+bench,SVG,instrument-2026-10-07T06-46-37.937Z,points-5000-seed-41544c53,pan,instrumented_renderer_callback_ms,ms,75,0
Atlas,1c2e54b3b8df+bench,SVG,instrument-2026-10-07T06-46-37.937Z,points-5000-seed-41544c53,pan,instrumented_renderer_callback_ms,ms,76,0
Atlas,1c2e54b3b8df+bench,SVG,instrument-2026-10-07T06-46-37.937Z,points-5000-seed-41544c53,pan,instrumented_renderer_callback_ms,ms,77,0
Atlas,1c2e54b3b8df+bench,SVG,instrument-2026-10-07T06-46-37.937Z,points-5000-seed-41544c53,pan,instrumented_renderer_callback_ms,ms,78,0
Atlas,1c2e54b3b8df+bench,SVG,instrument-2026-10-07T06-46-37.937Z,points-5000-seed-41544c53,pan,instrumented_renderer_callback_ms,ms,79,0
Atlas,1c2e54b3b8df+bench,SVG,instrument-2026-10-07T06-46-37.937Z,points-5000-seed-41544c53,pan,instrumented_renderer_callback_ms,ms,80,0.09999990463256836
Atlas,1c2e54b3b8df+bench,SVG,instrument-2026-10-07T06-46-37.937Z,points-5000-seed-41544c53,pan,instrumented_renderer_callback_ms,ms,81,0
Atlas,1c2e54b3b8df+bench,SVG,instrument-2026-10-07T06-46-37.937Z,points-5000-seed-41544c53,pan,instrumented_renderer_callback_ms,ms,82,0
Atlas,1c2e54b3b8df+bench,SVG,instrument-2026-10-07T06-46-37.937Z,points-5000-seed-41544c53,pan,cleanup_renderer_calls,count,0,0
Atlas,1c2e54b3b8df+bench,SVG,instrument-2026-10-07T06-46-37.937Z,points-5000-seed-41544c53,pan,cleanup_stage_children,count,0,0
Atlas,1c2e54b3b8df+bench,SVG,instrument-2026-10-07T06-46-37.937Z,points-5000-seed-41544c53,zoom,frame_interval_ms,ms,0,16.60000000000582
Atlas,1c2e54b3b8df+bench,SVG,instrument-2026-10-07T06-46-37.937Z,points-5000-seed-41544c53,zoom,camera_api_sync_ms,ms,0,0
Atlas,1c2e54b3b8df+bench,SVG,instrument-2026-10-07T06-46-37.937Z,points-5000-seed-41544c53,zoom,frame_interval_ms,ms,1,16.79999999998836
Atlas,1c2e54b3b8df+bench,SVG,instrument-2026-10-07T06-46-37.937Z,points-5000-seed-41544c53,zoom,camera_api_sync_ms,ms,1,0
Atlas,1c2e54b3b8df+bench,SVG,instrument-2026-10-07T06-46-37.937Z,points-5000-seed-41544c53,zoom,frame_interval_ms,ms,2,16.60000000000582
Atlas,1c2e54b3b8df+bench,SVG,instrument-2026-10-07T06-46-37.937Z,points-5000-seed-41544c53,zoom,camera_api_sync_ms,ms,2,0
Atlas,1c2e54b3b8df+bench,SVG,instrument-2026-10-07T06-46-37.937Z,points-5000-seed-41544c53,zoom,frame_interval_ms,ms,3,33.29999999998836
Atlas,1c2e54b3b8df+bench,SVG,instrument-2026-10-07T06-46-37.937Z,points-5000-seed-41544c53,zoom,camera_api_sync_ms,ms,3,0
Atlas,1c2e54b3b8df+bench,SVG,instrument-2026-10-07T06-46-37.937Z,points-5000-seed-41544c53,zoom,frame_interval_ms,ms,4,16.60000000000582
Atlas,1c2e54b3b8df+bench,SVG,instrument-2026-10-07T06-46-37.937Z,points-5000-seed-41544c53,zoom,camera_api_sync_ms,ms,4,0
Atlas,1c2e54b3b8df+bench,SVG,instrument-2026-10-07T06-46-37.937Z,points-5000-seed-41544c53,zoom,frame_interval_ms,ms,5,33.39999999999418
Atlas,1c2e54b3b8df+bench,SVG,instrument-2026-10-07T06-46-37.937Z,points-5000-seed-41544c53,zoom,camera_api_sync_ms,ms,5,0
Atlas,1c2e54b3b8df+bench,SVG,instrument-2026-10-07T06-46-37.937Z,points-5000-seed-41544c53,zoom,frame_interval_ms,ms,6,16.70000000001164
Atlas,1c2e54b3b8df+bench,SVG,instrument-2026-10-07T06-46-37.937Z,points-5000-seed-41544c53,zoom,camera_api_sync_ms,ms,6,0
Atlas,1c2e54b3b8df+bench,SVG,instrument-2026-10-07T06-46-37.937Z,points-5000-seed-41544c53,zoom,frame_interval_ms,ms,7,33.29999999998836
Atlas,1c2e54b3b8df+bench,SVG,instrument-2026-10-07T06-46-37.937Z,points-5000-seed-41544c53,zoom,camera_api_sync_ms,ms,7,0
Atlas,1c2e54b3b8df+bench,SVG,instrument-2026-10-07T06-46-37.937Z,points-5000-seed-41544c53,zoom,frame_interval_ms,ms,8,16.60000000000582
Atlas,1c2e54b3b8df+bench,SVG,instrument-2026-10-07T06-46-37.937Z,points-5000-seed-41544c53,zoom,camera_api_sync_ms,ms,8,0
Atlas,1c2e54b3b8df+bench,SVG,instrument-2026-10-07T06-46-37.937Z,points-5000-seed-41544c53,zoom,frame_interval_ms,ms,9,33.39999999999418
Atlas,1c2e54b3b8df+bench,SVG,instrument-2026-10-07T06-46-37.937Z,points-5000-seed-41544c53,zoom,camera_api_sync_ms,ms,9,0
Atlas,1c2e54b3b8df+bench,SVG,instrument-2026-10-07T06-46-37.937Z,points-5000-seed-41544c53,zoom,frame_interval_ms,ms,10,16.70000000001164
Atlas,1c2e54b3b8df+bench,SVG,instrument-2026-10-07T06-46-37.937Z,points-5000-seed-41544c53,zoom,camera_api_sync_ms,ms,10,0.09999990463256836
Atlas,1c2e54b3b8df+bench,SVG,instrument-2026-10-07T06-46-37.937Z,points-5000-seed-41544c53,zoom,frame_interval_ms,ms,11,33.29999999998836
Atlas,1c2e54b3b8df+bench,SVG,instrument-2026-10-07T06-46-37.937Z,points-5000-seed-41544c53,zoom,camera_api_sync_ms,ms,11,0
Atlas,1c2e54b3b8df+bench,SVG,instrument-2026-10-07T06-46-37.937Z,points-5000-seed-41544c53,zoom,frame_interval_ms,ms,12,16.70000000001164
Atlas,1c2e54b3b8df+bench,SVG,instrument-2026-10-07T06-46-37.937Z,points-5000-seed-41544c53,zoom,camera_api_sync_ms,ms,12,0
Atlas,1c2e54b3b8df+bench,SVG,instrument-2026-10-07T06-46-37.937Z,points-5000-seed-41544c53,zoom,frame_interval_ms,ms,13,33.29999999998836
Atlas,1c2e54b3b8df+bench,SVG,instrument-2026-10-07T06-46-37.937Z,points-5000-seed-41544c53,zoom,camera_api_sync_ms,ms,13,0
Atlas,1c2e54b3b8df+bench,SVG,instrument-2026-10-07T06-46-37.937Z,points-5000-seed-41544c53,zoom,frame_interval_ms,ms,14,16.70000000001164
Atlas,1c2e54b3b8df+bench,SVG,instrument-2026-10-07T06-46-37.937Z,points-5000-seed-41544c53,zoom,camera_api_sync_ms,ms,14,0
Atlas,1c2e54b3b8df+bench,SVG,instrument-2026-10-07T06-46-37.937Z,points-5000-seed-41544c53,zoom,frame_interval_ms,ms,15,33.29999999998836
Atlas,1c2e54b3b8df+bench,SVG,instrument-2026-10-07T06-46-37.937Z,points-5000-seed-41544c53,zoom,camera_api_sync_ms,ms,15,0
Atlas,1c2e54b3b8df+bench,SVG,instrument-2026-10-07T06-46-37.937Z,points-5000-seed-41544c53,zoom,frame_interval_ms,ms,16,16.60000000000582
Atlas,1c2e54b3b8df+bench,SVG,instrument-2026-10-07T06-46-37.937Z,points-5000-seed-41544c53,zoom,camera_api_sync_ms,ms,16,0
Atlas,1c2e54b3b8df+bench,SVG,instrument-2026-10-07T06-46-37.937Z,points-5000-seed-41544c53,zoom,frame_interval_ms,ms,17,33.39999999999418
Atlas,1c2e54b3b8df+bench,SVG,instrument-2026-10-07T06-46-37.937Z,points-5000-seed-41544c53,zoom,camera_api_sync_ms,ms,17,0.09999990463256836
Atlas,1c2e54b3b8df+bench,SVG,instrument-2026-10-07T06-46-37.937Z,points-5000-seed-41544c53,zoom,frame_interval_ms,ms,18,16.60000000000582
Atlas,1c2e54b3b8df+bench,SVG,instrument-2026-10-07T06-46-37.937Z,points-5000-seed-41544c53,zoom,camera_api_sync_ms,ms,18,0
Atlas,1c2e54b3b8df+bench,SVG,instrument-2026-10-07T06-46-37.937Z,points-5000-seed-41544c53,zoom,frame_interval_ms,ms,19,33.39999999999418
Atlas,1c2e54b3b8df+bench,SVG,instrument-2026-10-07T06-46-37.937Z,points-5000-seed-41544c53,zoom,camera_api_sync_ms,ms,19,0
Atlas,1c2e54b3b8df+bench,SVG,instrument-2026-10-07T06-46-37.937Z,points-5000-seed-41544c53,zoom,frame_interval_ms,ms,20,33.30000000001746
Atlas,1c2e54b3b8df+bench,SVG,instrument-2026-10-07T06-46-37.937Z,points-5000-seed-41544c53,zoom,camera_api_sync_ms,ms,20,0
Atlas,1c2e54b3b8df+bench,SVG,instrument-2026-10-07T06-46-37.937Z,points-5000-seed-41544c53,zoom,frame_interval_ms,ms,21,16.699999999982538
Atlas,1c2e54b3b8df+bench,SVG,instrument-2026-10-07T06-46-37.937Z,points-5000-seed-41544c53,zoom,camera_api_sync_ms,ms,21,0
Atlas,1c2e54b3b8df+bench,SVG,instrument-2026-10-07T06-46-37.937Z,points-5000-seed-41544c53,zoom,frame_interval_ms,ms,22,33.30000000001746
Atlas,1c2e54b3b8df+bench,SVG,instrument-2026-10-07T06-46-37.937Z,points-5000-seed-41544c53,zoom,camera_api_sync_ms,ms,22,0
Atlas,1c2e54b3b8df+bench,SVG,instrument-2026-10-07T06-46-37.937Z,points-5000-seed-41544c53,zoom,frame_interval_ms,ms,23,16.699999999982538
Atlas,1c2e54b3b8df+bench,SVG,instrument-2026-10-07T06-46-37.937Z,points-5000-seed-41544c53,zoom,camera_api_sync_ms,ms,23,0
Atlas,1c2e54b3b8df+bench,SVG,instrument-2026-10-07T06-46-37.937Z,points-5000-seed-41544c53,zoom,frame_interval_ms,ms,24,16.70000000001164
Atlas,1c2e54b3b8df+bench,SVG,instrument-2026-10-07T06-46-37.937Z,points-5000-seed-41544c53,zoom,camera_api_sync_ms,ms,24,0
Atlas,1c2e54b3b8df+bench,SVG,instrument-2026-10-07T06-46-37.937Z,points-5000-seed-41544c53,zoom,frame_interval_ms,ms,25,33.29999999998836
Atlas,1c2e54b3b8df+bench,SVG,instrument-2026-10-07T06-46-37.937Z,points-5000-seed-41544c53,zoom,camera_api_sync_ms,ms,25,0
Atlas,1c2e54b3b8df+bench,SVG,instrument-2026-10-07T06-46-37.937Z,points-5000-seed-41544c53,zoom,frame_interval_ms,ms,26,16.60000000000582
Atlas,1c2e54b3b8df+bench,SVG,instrument-2026-10-07T06-46-37.937Z,points-5000-seed-41544c53,zoom,camera_api_sync_ms,ms,26,0
Atlas,1c2e54b3b8df+bench,SVG,instrument-2026-10-07T06-46-37.937Z,points-5000-seed-41544c53,zoom,frame_interval_ms,ms,27,33.39999999999418
Atlas,1c2e54b3b8df+bench,SVG,instrument-2026-10-07T06-46-37.937Z,points-5000-seed-41544c53,zoom,camera_api_sync_ms,ms,27,0
Atlas,1c2e54b3b8df+bench,SVG,instrument-2026-10-07T06-46-37.937Z,points-5000-seed-41544c53,zoom,frame_interval_ms,ms,28,16.70000000001164
Atlas,1c2e54b3b8df+bench,SVG,instrument-2026-10-07T06-46-37.937Z,points-5000-seed-41544c53,zoom,camera_api_sync_ms,ms,28,0
Atlas,1c2e54b3b8df+bench,SVG,instrument-2026-10-07T06-46-37.937Z,points-5000-seed-41544c53,zoom,frame_interval_ms,ms,29,16.699999999982538
Atlas,1c2e54b3b8df+bench,SVG,instrument-2026-10-07T06-46-37.937Z,points-5000-seed-41544c53,zoom,camera_api_sync_ms,ms,29,0
Atlas,1c2e54b3b8df+bench,SVG,instrument-2026-10-07T06-46-37.937Z,points-5000-seed-41544c53,zoom,frame_interval_ms,ms,30,16.60000000000582
Atlas,1c2e54b3b8df+bench,SVG,instrument-2026-10-07T06-46-37.937Z,points-5000-seed-41544c53,zoom,camera_api_sync_ms,ms,30,0
Atlas,1c2e54b3b8df+bench,SVG,instrument-2026-10-07T06-46-37.937Z,points-5000-seed-41544c53,zoom,frame_interval_ms,ms,31,16.70000000001164
Atlas,1c2e54b3b8df+bench,SVG,instrument-2026-10-07T06-46-37.937Z,points-5000-seed-41544c53,zoom,camera_api_sync_ms,ms,31,0
Atlas,1c2e54b3b8df+bench,SVG,instrument-2026-10-07T06-46-37.937Z,points-5000-seed-41544c53,zoom,frame_interval_ms,ms,32,33.29999999998836
Atlas,1c2e54b3b8df+bench,SVG,instrument-2026-10-07T06-46-37.937Z,points-5000-seed-41544c53,zoom,camera_api_sync_ms,ms,32,0.09999990463256836
Atlas,1c2e54b3b8df+bench,SVG,instrument-2026-10-07T06-46-37.937Z,points-5000-seed-41544c53,zoom,frame_interval_ms,ms,33,16.60000000000582
Atlas,1c2e54b3b8df+bench,SVG,instrument-2026-10-07T06-46-37.937Z,points-5000-seed-41544c53,zoom,camera_api_sync_ms,ms,33,0.09999990463256836
Atlas,1c2e54b3b8df+bench,SVG,instrument-2026-10-07T06-46-37.937Z,points-5000-seed-41544c53,zoom,frame_interval_ms,ms,34,16.70000000001164
Atlas,1c2e54b3b8df+bench,SVG,instrument-2026-10-07T06-46-37.937Z,points-5000-seed-41544c53,zoom,camera_api_sync_ms,ms,34,0
Atlas,1c2e54b3b8df+bench,SVG,instrument-2026-10-07T06-46-37.937Z,points-5000-seed-41544c53,zoom,frame_interval_ms,ms,35,16.699999999982538
Atlas,1c2e54b3b8df+bench,SVG,instrument-2026-10-07T06-46-37.937Z,points-5000-seed-41544c53,zoom,camera_api_sync_ms,ms,35,0
Atlas,1c2e54b3b8df+bench,SVG,instrument-2026-10-07T06-46-37.937Z,points-5000-seed-41544c53,zoom,frame_interval_ms,ms,36,33.30000000001746
Atlas,1c2e54b3b8df+bench,SVG,instrument-2026-10-07T06-46-37.937Z,points-5000-seed-41544c53,zoom,camera_api_sync_ms,ms,36,0
Atlas,1c2e54b3b8df+bench,SVG,instrument-2026-10-07T06-46-37.937Z,points-5000-seed-41544c53,zoom,frame_interval_ms,ms,37,16.599999999976717
Atlas,1c2e54b3b8df+bench,SVG,instrument-2026-10-07T06-46-37.937Z,points-5000-seed-41544c53,zoom,camera_api_sync_ms,ms,37,0
Atlas,1c2e54b3b8df+bench,SVG,instrument-2026-10-07T06-46-37.937Z,points-5000-seed-41544c53,zoom,frame_interval_ms,ms,38,16.70000000001164
Atlas,1c2e54b3b8df+bench,SVG,instrument-2026-10-07T06-46-37.937Z,points-5000-seed-41544c53,zoom,camera_api_sync_ms,ms,38,0.09999990463256836
Atlas,1c2e54b3b8df+bench,SVG,instrument-2026-10-07T06-46-37.937Z,points-5000-seed-41544c53,zoom,frame_interval_ms,ms,39,16.70000000001164
Atlas,1c2e54b3b8df+bench,SVG,instrument-2026-10-07T06-46-37.937Z,points-5000-seed-41544c53,zoom,camera_api_sync_ms,ms,39,0
Atlas,1c2e54b3b8df+bench,SVG,instrument-2026-10-07T06-46-37.937Z,points-5000-seed-41544c53,zoom,frame_interval_ms,ms,40,16.699999999982538
Atlas,1c2e54b3b8df+bench,SVG,instrument-2026-10-07T06-46-37.937Z,points-5000-seed-41544c53,zoom,camera_api_sync_ms,ms,40,0
Atlas,1c2e54b3b8df+bench,SVG,instrument-2026-10-07T06-46-37.937Z,points-5000-seed-41544c53,zoom,frame_interval_ms,ms,41,16.70000000001164
Atlas,1c2e54b3b8df+bench,SVG,instrument-2026-10-07T06-46-37.937Z,points-5000-seed-41544c53,zoom,camera_api_sync_ms,ms,41,0
Atlas,1c2e54b3b8df+bench,SVG,instrument-2026-10-07T06-46-37.937Z,points-5000-seed-41544c53,zoom,frame_interval_ms,ms,42,33.29999999998836
Atlas,1c2e54b3b8df+bench,SVG,instrument-2026-10-07T06-46-37.937Z,points-5000-seed-41544c53,zoom,camera_api_sync_ms,ms,42,0
Atlas,1c2e54b3b8df+bench,SVG,instrument-2026-10-07T06-46-37.937Z,points-5000-seed-41544c53,zoom,frame_interval_ms,ms,43,16.60000000000582
Atlas,1c2e54b3b8df+bench,SVG,instrument-2026-10-07T06-46-37.937Z,points-5000-seed-41544c53,zoom,camera_api_sync_ms,ms,43,0
Atlas,1c2e54b3b8df+bench,SVG,instrument-2026-10-07T06-46-37.937Z,points-5000-seed-41544c53,zoom,frame_interval_ms,ms,44,16.70000000001164
Atlas,1c2e54b3b8df+bench,SVG,instrument-2026-10-07T06-46-37.937Z,points-5000-seed-41544c53,zoom,camera_api_sync_ms,ms,44,0
Atlas,1c2e54b3b8df+bench,SVG,instrument-2026-10-07T06-46-37.937Z,points-5000-seed-41544c53,zoom,frame_interval_ms,ms,45,16.699999999982538
Atlas,1c2e54b3b8df+bench,SVG,instrument-2026-10-07T06-46-37.937Z,points-5000-seed-41544c53,zoom,camera_api_sync_ms,ms,45,0
Atlas,1c2e54b3b8df+bench,SVG,instrument-2026-10-07T06-46-37.937Z,points-5000-seed-41544c53,zoom,frame_interval_ms,ms,46,33.30000000001746
Atlas,1c2e54b3b8df+bench,SVG,instrument-2026-10-07T06-46-37.937Z,points-5000-seed-41544c53,zoom,camera_api_sync_ms,ms,46,0
Atlas,1c2e54b3b8df+bench,SVG,instrument-2026-10-07T06-46-37.937Z,points-5000-seed-41544c53,zoom,frame_interval_ms,ms,47,16.699999999982538
Atlas,1c2e54b3b8df+bench,SVG,instrument-2026-10-07T06-46-37.937Z,points-5000-seed-41544c53,zoom,camera_api_sync_ms,ms,47,0
Atlas,1c2e54b3b8df+bench,SVG,instrument-2026-10-07T06-46-37.937Z,points-5000-seed-41544c53,zoom,frame_interval_ms,ms,48,16.60000000000582
Atlas,1c2e54b3b8df+bench,SVG,instrument-2026-10-07T06-46-37.937Z,points-5000-seed-41544c53,zoom,camera_api_sync_ms,ms,48,0
Atlas,1c2e54b3b8df+bench,SVG,instrument-2026-10-07T06-46-37.937Z,points-5000-seed-41544c53,zoom,frame_interval_ms,ms,49,33.29999999998836
Atlas,1c2e54b3b8df+bench,SVG,instrument-2026-10-07T06-46-37.937Z,points-5000-seed-41544c53,zoom,camera_api_sync_ms,ms,49,0
Atlas,1c2e54b3b8df+bench,SVG,instrument-2026-10-07T06-46-37.937Z,points-5000-seed-41544c53,zoom,frame_interval_ms,ms,50,16.70000000001164
Atlas,1c2e54b3b8df+bench,SVG,instrument-2026-10-07T06-46-37.937Z,points-5000-seed-41544c53,zoom,camera_api_sync_ms,ms,50,0
Atlas,1c2e54b3b8df+bench,SVG,instrument-2026-10-07T06-46-37.937Z,points-5000-seed-41544c53,zoom,frame_interval_ms,ms,51,16.70000000001164
Atlas,1c2e54b3b8df+bench,SVG,instrument-2026-10-07T06-46-37.937Z,points-5000-seed-41544c53,zoom,camera_api_sync_ms,ms,51,0
Atlas,1c2e54b3b8df+bench,SVG,instrument-2026-10-07T06-46-37.937Z,points-5000-seed-41544c53,zoom,frame_interval_ms,ms,52,33.39999999999418
Atlas,1c2e54b3b8df+bench,SVG,instrument-2026-10-07T06-46-37.937Z,points-5000-seed-41544c53,zoom,camera_api_sync_ms,ms,52,0
Atlas,1c2e54b3b8df+bench,SVG,instrument-2026-10-07T06-46-37.937Z,points-5000-seed-41544c53,zoom,frame_interval_ms,ms,53,16.60000000000582
Atlas,1c2e54b3b8df+bench,SVG,instrument-2026-10-07T06-46-37.937Z,points-5000-seed-41544c53,zoom,camera_api_sync_ms,ms,53,0
Atlas,1c2e54b3b8df+bench,SVG,instrument-2026-10-07T06-46-37.937Z,points-5000-seed-41544c53,zoom,frame_interval_ms,ms,54,16.599999999976717
Atlas,1c2e54b3b8df+bench,SVG,instrument-2026-10-07T06-46-37.937Z,points-5000-seed-41544c53,zoom,camera_api_sync_ms,ms,54,0
Atlas,1c2e54b3b8df+bench,SVG,instrument-2026-10-07T06-46-37.937Z,points-5000-seed-41544c53,zoom,frame_interval_ms,ms,55,33.40000000002328
Atlas,1c2e54b3b8df+bench,SVG,instrument-2026-10-07T06-46-37.937Z,points-5000-seed-41544c53,zoom,camera_api_sync_ms,ms,55,0
Atlas,1c2e54b3b8df+bench,SVG,instrument-2026-10-07T06-46-37.937Z,points-5000-seed-41544c53,zoom,frame_interval_ms,ms,56,16.699999999982538
Atlas,1c2e54b3b8df+bench,SVG,instrument-2026-10-07T06-46-37.937Z,points-5000-seed-41544c53,zoom,camera_api_sync_ms,ms,56,0
Atlas,1c2e54b3b8df+bench,SVG,instrument-2026-10-07T06-46-37.937Z,points-5000-seed-41544c53,zoom,frame_interval_ms,ms,57,33.30000000001746
Atlas,1c2e54b3b8df+bench,SVG,instrument-2026-10-07T06-46-37.937Z,points-5000-seed-41544c53,zoom,camera_api_sync_ms,ms,57,0
Atlas,1c2e54b3b8df+bench,SVG,instrument-2026-10-07T06-46-37.937Z,points-5000-seed-41544c53,zoom,frame_interval_ms,ms,58,16.699999999982538
Atlas,1c2e54b3b8df+bench,SVG,instrument-2026-10-07T06-46-37.937Z,points-5000-seed-41544c53,zoom,camera_api_sync_ms,ms,58,0
Atlas,1c2e54b3b8df+bench,SVG,instrument-2026-10-07T06-46-37.937Z,points-5000-seed-41544c53,zoom,frame_interval_ms,ms,59,33.30000000001746
Atlas,1c2e54b3b8df+bench,SVG,instrument-2026-10-07T06-46-37.937Z,points-5000-seed-41544c53,zoom,camera_api_sync_ms,ms,59,0
Atlas,1c2e54b3b8df+bench,SVG,instrument-2026-10-07T06-46-37.937Z,points-5000-seed-41544c53,zoom,frame_interval_ms,ms,60,16.699999999982538
Atlas,1c2e54b3b8df+bench,SVG,instrument-2026-10-07T06-46-37.937Z,points-5000-seed-41544c53,zoom,camera_api_sync_ms,ms,60,0
Atlas,1c2e54b3b8df+bench,SVG,instrument-2026-10-07T06-46-37.937Z,points-5000-seed-41544c53,zoom,frame_interval_ms,ms,61,33.30000000001746
Atlas,1c2e54b3b8df+bench,SVG,instrument-2026-10-07T06-46-37.937Z,points-5000-seed-41544c53,zoom,camera_api_sync_ms,ms,61,0
Atlas,1c2e54b3b8df+bench,SVG,instrument-2026-10-07T06-46-37.937Z,points-5000-seed-41544c53,zoom,frame_interval_ms,ms,62,16.699999999982538
Atlas,1c2e54b3b8df+bench,SVG,instrument-2026-10-07T06-46-37.937Z,points-5000-seed-41544c53,zoom,camera_api_sync_ms,ms,62,0.10000014305114746
Atlas,1c2e54b3b8df+bench,SVG,instrument-2026-10-07T06-46-37.937Z,points-5000-seed-41544c53,zoom,frame_interval_ms,ms,63,33.30000000001746
Atlas,1c2e54b3b8df+bench,SVG,instrument-2026-10-07T06-46-37.937Z,points-5000-seed-41544c53,zoom,camera_api_sync_ms,ms,63,0.09999990463256836
Atlas,1c2e54b3b8df+bench,SVG,instrument-2026-10-07T06-46-37.937Z,points-5000-seed-41544c53,zoom,frame_interval_ms,ms,64,16.599999999976717
Atlas,1c2e54b3b8df+bench,SVG,instrument-2026-10-07T06-46-37.937Z,points-5000-seed-41544c53,zoom,camera_api_sync_ms,ms,64,0
Atlas,1c2e54b3b8df+bench,SVG,instrument-2026-10-07T06-46-37.937Z,points-5000-seed-41544c53,zoom,frame_interval_ms,ms,65,33.40000000002328
Atlas,1c2e54b3b8df+bench,SVG,instrument-2026-10-07T06-46-37.937Z,points-5000-seed-41544c53,zoom,camera_api_sync_ms,ms,65,0
Atlas,1c2e54b3b8df+bench,SVG,instrument-2026-10-07T06-46-37.937Z,points-5000-seed-41544c53,zoom,motion_elapsed_ms,ms,0,1516.6000000000058
Atlas,1c2e54b3b8df+bench,SVG,instrument-2026-10-07T06-46-37.937Z,points-5000-seed-41544c53,zoom,camera_updates,count,0,66
Atlas,1c2e54b3b8df+bench,SVG,instrument-2026-10-07T06-46-37.937Z,points-5000-seed-41544c53,zoom,renderer_scene_reads,count,0,66
Atlas,1c2e54b3b8df+bench,SVG,instrument-2026-10-07T06-46-37.937Z,points-5000-seed-41544c53,zoom,svg_attribute_writes,count,0,330066
Atlas,1c2e54b3b8df+bench,SVG,instrument-2026-10-07T06-46-37.937Z,points-5000-seed-41544c53,zoom,renderer_calls,count,0,66
Atlas,1c2e54b3b8df+bench,SVG,instrument-2026-10-07T06-46-37.937Z,points-5000-seed-41544c53,zoom,layout_rect_reads,count,0,0
Atlas,1c2e54b3b8df+bench,SVG,instrument-2026-10-07T06-46-37.937Z,points-5000-seed-41544c53,zoom,instrumented_renderer_callback_ms,ms,0,2.0999999046325684
Atlas,1c2e54b3b8df+bench,SVG,instrument-2026-10-07T06-46-37.937Z,points-5000-seed-41544c53,zoom,instrumented_renderer_callback_ms,ms,1,1.4000000953674316
Atlas,1c2e54b3b8df+bench,SVG,instrument-2026-10-07T06-46-37.937Z,points-5000-seed-41544c53,zoom,instrumented_renderer_callback_ms,ms,2,1.7000000476837158
Atlas,1c2e54b3b8df+bench,SVG,instrument-2026-10-07T06-46-37.937Z,points-5000-seed-41544c53,zoom,instrumented_renderer_callback_ms,ms,3,1.5
Atlas,1c2e54b3b8df+bench,SVG,instrument-2026-10-07T06-46-37.937Z,points-5000-seed-41544c53,zoom,instrumented_renderer_callback_ms,ms,4,1.3999998569488525
Atlas,1c2e54b3b8df+bench,SVG,instrument-2026-10-07T06-46-37.937Z,points-5000-seed-41544c53,zoom,instrumented_renderer_callback_ms,ms,5,1.5999999046325684
Atlas,1c2e54b3b8df+bench,SVG,instrument-2026-10-07T06-46-37.937Z,points-5000-seed-41544c53,zoom,instrumented_renderer_callback_ms,ms,6,1.5999999046325684
Atlas,1c2e54b3b8df+bench,SVG,instrument-2026-10-07T06-46-37.937Z,points-5000-seed-41544c53,zoom,instrumented_renderer_callback_ms,ms,7,1.5
Atlas,1c2e54b3b8df+bench,SVG,instrument-2026-10-07T06-46-37.937Z,points-5000-seed-41544c53,zoom,instrumented_renderer_callback_ms,ms,8,1.6000001430511475
Atlas,1c2e54b3b8df+bench,SVG,instrument-2026-10-07T06-46-37.937Z,points-5000-seed-41544c53,zoom,instrumented_renderer_callback_ms,ms,9,1.4000000953674316
Atlas,1c2e54b3b8df+bench,SVG,instrument-2026-10-07T06-46-37.937Z,points-5000-seed-41544c53,zoom,instrumented_renderer_callback_ms,ms,10,1.9000000953674316
Atlas,1c2e54b3b8df+bench,SVG,instrument-2026-10-07T06-46-37.937Z,points-5000-seed-41544c53,zoom,instrumented_renderer_callback_ms,ms,11,1.6000001430511475
Atlas,1c2e54b3b8df+bench,SVG,instrument-2026-10-07T06-46-37.937Z,points-5000-seed-41544c53,zoom,instrumented_renderer_callback_ms,ms,12,1.6000001430511475
Atlas,1c2e54b3b8df+bench,SVG,instrument-2026-10-07T06-46-37.937Z,points-5000-seed-41544c53,zoom,instrumented_renderer_callback_ms,ms,13,1.5
Atlas,1c2e54b3b8df+bench,SVG,instrument-2026-10-07T06-46-37.937Z,points-5000-seed-41544c53,zoom,instrumented_renderer_callback_ms,ms,14,1.6999998092651367
Atlas,1c2e54b3b8df+bench,SVG,instrument-2026-10-07T06-46-37.937Z,points-5000-seed-41544c53,zoom,instrumented_renderer_callback_ms,ms,15,1.5999999046325684
Atlas,1c2e54b3b8df+bench,SVG,instrument-2026-10-07T06-46-37.937Z,points-5000-seed-41544c53,zoom,instrumented_renderer_callback_ms,ms,16,2.4000000953674316
Atlas,1c2e54b3b8df+bench,SVG,instrument-2026-10-07T06-46-37.937Z,points-5000-seed-41544c53,zoom,instrumented_renderer_callback_ms,ms,17,2.3000001907348633
Atlas,1c2e54b3b8df+bench,SVG,instrument-2026-10-07T06-46-37.937Z,points-5000-seed-41544c53,zoom,instrumented_renderer_callback_ms,ms,18,9.400000095367432
Atlas,1c2e54b3b8df+bench,SVG,instrument-2026-10-07T06-46-37.937Z,points-5000-seed-41544c53,zoom,instrumented_renderer_callback_ms,ms,19,2
Atlas,1c2e54b3b8df+bench,SVG,instrument-2026-10-07T06-46-37.937Z,points-5000-seed-41544c53,zoom,instrumented_renderer_callback_ms,ms,20,1.6999998092651367
Atlas,1c2e54b3b8df+bench,SVG,instrument-2026-10-07T06-46-37.937Z,points-5000-seed-41544c53,zoom,instrumented_renderer_callback_ms,ms,21,1.4000000953674316
Atlas,1c2e54b3b8df+bench,SVG,instrument-2026-10-07T06-46-37.937Z,points-5000-seed-41544c53,zoom,instrumented_renderer_callback_ms,ms,22,1.5999999046325684
Atlas,1c2e54b3b8df+bench,SVG,instrument-2026-10-07T06-46-37.937Z,points-5000-seed-41544c53,zoom,instrumented_renderer_callback_ms,ms,23,1.5
Atlas,1c2e54b3b8df+bench,SVG,instrument-2026-10-07T06-46-37.937Z,points-5000-seed-41544c53,zoom,instrumented_renderer_callback_ms,ms,24,1.7000000476837158
Atlas,1c2e54b3b8df+bench,SVG,instrument-2026-10-07T06-46-37.937Z,points-5000-seed-41544c53,zoom,instrumented_renderer_callback_ms,ms,25,1.5
Atlas,1c2e54b3b8df+bench,SVG,instrument-2026-10-07T06-46-37.937Z,points-5000-seed-41544c53,zoom,instrumented_renderer_callback_ms,ms,26,1.5
Atlas,1c2e54b3b8df+bench,SVG,instrument-2026-10-07T06-46-37.937Z,points-5000-seed-41544c53,zoom,instrumented_renderer_callback_ms,ms,27,1.5
Atlas,1c2e54b3b8df+bench,SVG,instrument-2026-10-07T06-46-37.937Z,points-5000-seed-41544c53,zoom,instrumented_renderer_callback_ms,ms,28,1.3999998569488525
Atlas,1c2e54b3b8df+bench,SVG,instrument-2026-10-07T06-46-37.937Z,points-5000-seed-41544c53,zoom,instrumented_renderer_callback_ms,ms,29,1.3999998569488525
Atlas,1c2e54b3b8df+bench,SVG,instrument-2026-10-07T06-46-37.937Z,points-5000-seed-41544c53,zoom,instrumented_renderer_callback_ms,ms,30,1.5
Atlas,1c2e54b3b8df+bench,SVG,instrument-2026-10-07T06-46-37.937Z,points-5000-seed-41544c53,zoom,instrumented_renderer_callback_ms,ms,31,1.5999999046325684
Atlas,1c2e54b3b8df+bench,SVG,instrument-2026-10-07T06-46-37.937Z,points-5000-seed-41544c53,zoom,instrumented_renderer_callback_ms,ms,32,1.5
Atlas,1c2e54b3b8df+bench,SVG,instrument-2026-10-07T06-46-37.937Z,points-5000-seed-41544c53,zoom,instrumented_renderer_callback_ms,ms,33,1.3999998569488525
Atlas,1c2e54b3b8df+bench,SVG,instrument-2026-10-07T06-46-37.937Z,points-5000-seed-41544c53,zoom,instrumented_renderer_callback_ms,ms,34,1.5
Atlas,1c2e54b3b8df+bench,SVG,instrument-2026-10-07T06-46-37.937Z,points-5000-seed-41544c53,zoom,instrumented_renderer_callback_ms,ms,35,1.3999998569488525
Atlas,1c2e54b3b8df+bench,SVG,instrument-2026-10-07T06-46-37.937Z,points-5000-seed-41544c53,zoom,instrumented_renderer_callback_ms,ms,36,1.5
Atlas,1c2e54b3b8df+bench,SVG,instrument-2026-10-07T06-46-37.937Z,points-5000-seed-41544c53,zoom,instrumented_renderer_callback_ms,ms,37,1.2999999523162842
Atlas,1c2e54b3b8df+bench,SVG,instrument-2026-10-07T06-46-37.937Z,points-5000-seed-41544c53,zoom,instrumented_renderer_callback_ms,ms,38,1.3999998569488525
Atlas,1c2e54b3b8df+bench,SVG,instrument-2026-10-07T06-46-37.937Z,points-5000-seed-41544c53,zoom,instrumented_renderer_callback_ms,ms,39,1.3999998569488525
Atlas,1c2e54b3b8df+bench,SVG,instrument-2026-10-07T06-46-37.937Z,points-5000-seed-41544c53,zoom,instrumented_renderer_callback_ms,ms,40,1.4000000953674316
Atlas,1c2e54b3b8df+bench,SVG,instrument-2026-10-07T06-46-37.937Z,points-5000-seed-41544c53,zoom,instrumented_renderer_callback_ms,ms,41,1.5
Atlas,1c2e54b3b8df+bench,SVG,instrument-2026-10-07T06-46-37.937Z,points-5000-seed-41544c53,zoom,instrumented_renderer_callback_ms,ms,42,1.5
Atlas,1c2e54b3b8df+bench,SVG,instrument-2026-10-07T06-46-37.937Z,points-5000-seed-41544c53,zoom,instrumented_renderer_callback_ms,ms,43,1.7000000476837158
Atlas,1c2e54b3b8df+bench,SVG,instrument-2026-10-07T06-46-37.937Z,points-5000-seed-41544c53,zoom,instrumented_renderer_callback_ms,ms,44,1.7000000476837158
Atlas,1c2e54b3b8df+bench,SVG,instrument-2026-10-07T06-46-37.937Z,points-5000-seed-41544c53,zoom,instrumented_renderer_callback_ms,ms,45,1.5
Atlas,1c2e54b3b8df+bench,SVG,instrument-2026-10-07T06-46-37.937Z,points-5000-seed-41544c53,zoom,instrumented_renderer_callback_ms,ms,46,1.4000000953674316
Atlas,1c2e54b3b8df+bench,SVG,instrument-2026-10-07T06-46-37.937Z,points-5000-seed-41544c53,zoom,instrumented_renderer_callback_ms,ms,47,1.5
Atlas,1c2e54b3b8df+bench,SVG,instrument-2026-10-07T06-46-37.937Z,points-5000-seed-41544c53,zoom,instrumented_renderer_callback_ms,ms,48,1.2999999523162842
Atlas,1c2e54b3b8df+bench,SVG,instrument-2026-10-07T06-46-37.937Z,points-5000-seed-41544c53,zoom,instrumented_renderer_callback_ms,ms,49,1.5
Atlas,1c2e54b3b8df+bench,SVG,instrument-2026-10-07T06-46-37.937Z,points-5000-seed-41544c53,zoom,instrumented_renderer_callback_ms,ms,50,1.6000001430511475
Atlas,1c2e54b3b8df+bench,SVG,instrument-2026-10-07T06-46-37.937Z,points-5000-seed-41544c53,zoom,instrumented_renderer_callback_ms,ms,51,1.5
Atlas,1c2e54b3b8df+bench,SVG,instrument-2026-10-07T06-46-37.937Z,points-5000-seed-41544c53,zoom,instrumented_renderer_callback_ms,ms,52,1.5
Atlas,1c2e54b3b8df+bench,SVG,instrument-2026-10-07T06-46-37.937Z,points-5000-seed-41544c53,zoom,instrumented_renderer_callback_ms,ms,53,1.5
Atlas,1c2e54b3b8df+bench,SVG,instrument-2026-10-07T06-46-37.937Z,points-5000-seed-41544c53,zoom,instrumented_renderer_callback_ms,ms,54,1.5
Atlas,1c2e54b3b8df+bench,SVG,instrument-2026-10-07T06-46-37.937Z,points-5000-seed-41544c53,zoom,instrumented_renderer_callback_ms,ms,55,1.5
Atlas,1c2e54b3b8df+bench,SVG,instrument-2026-10-07T06-46-37.937Z,points-5000-seed-41544c53,zoom,instrumented_renderer_callback_ms,ms,56,1.6000001430511475
Atlas,1c2e54b3b8df+bench,SVG,instrument-2026-10-07T06-46-37.937Z,points-5000-seed-41544c53,zoom,instrumented_renderer_callback_ms,ms,57,1.5
Atlas,1c2e54b3b8df+bench,SVG,instrument-2026-10-07T06-46-37.937Z,points-5000-seed-41544c53,zoom,instrumented_renderer_callback_ms,ms,58,1.7000000476837158
Atlas,1c2e54b3b8df+bench,SVG,instrument-2026-10-07T06-46-37.937Z,points-5000-seed-41544c53,zoom,instrumented_renderer_callback_ms,ms,59,1.5
Atlas,1c2e54b3b8df+bench,SVG,instrument-2026-10-07T06-46-37.937Z,points-5000-seed-41544c53,zoom,instrumented_renderer_callback_ms,ms,60,1.6000001430511475
Atlas,1c2e54b3b8df+bench,SVG,instrument-2026-10-07T06-46-37.937Z,points-5000-seed-41544c53,zoom,instrumented_renderer_callback_ms,ms,61,1.3999998569488525
Atlas,1c2e54b3b8df+bench,SVG,instrument-2026-10-07T06-46-37.937Z,points-5000-seed-41544c53,zoom,instrumented_renderer_callback_ms,ms,62,1.6000001430511475
Atlas,1c2e54b3b8df+bench,SVG,instrument-2026-10-07T06-46-37.937Z,points-5000-seed-41544c53,zoom,instrumented_renderer_callback_ms,ms,63,1.5999999046325684
Atlas,1c2e54b3b8df+bench,SVG,instrument-2026-10-07T06-46-37.937Z,points-5000-seed-41544c53,zoom,instrumented_renderer_callback_ms,ms,64,2
Atlas,1c2e54b3b8df+bench,SVG,instrument-2026-10-07T06-46-37.937Z,points-5000-seed-41544c53,zoom,instrumented_renderer_callback_ms,ms,65,2.3000001907348633
Atlas,1c2e54b3b8df+bench,SVG,instrument-2026-10-07T06-46-37.937Z,points-5000-seed-41544c53,zoom,cleanup_renderer_calls,count,0,0
Atlas,1c2e54b3b8df+bench,SVG,instrument-2026-10-07T06-46-37.937Z,points-5000-seed-41544c53,zoom,cleanup_stage_children,count,0,0
Atlas,1c2e54b3b8df+bench,SVG,instrument-2026-10-07T06-46-37.937Z,points-5000-seed-41544c53,hit,spatial_hit_test_sync_ms,ms,0,0
Atlas,1c2e54b3b8df+bench,SVG,instrument-2026-10-07T06-46-37.937Z,points-5000-seed-41544c53,hit,spatial_hit_test_sync_ms,ms,1,0
Atlas,1c2e54b3b8df+bench,SVG,instrument-2026-10-07T06-46-37.937Z,points-5000-seed-41544c53,hit,spatial_hit_test_sync_ms,ms,2,0
Atlas,1c2e54b3b8df+bench,SVG,instrument-2026-10-07T06-46-37.937Z,points-5000-seed-41544c53,hit,spatial_hit_test_sync_ms,ms,3,0
Atlas,1c2e54b3b8df+bench,SVG,instrument-2026-10-07T06-46-37.937Z,points-5000-seed-41544c53,hit,spatial_hit_test_sync_ms,ms,4,0
Atlas,1c2e54b3b8df+bench,SVG,instrument-2026-10-07T06-46-37.937Z,points-5000-seed-41544c53,hit,spatial_hit_test_sync_ms,ms,5,0.10000014305114746
Atlas,1c2e54b3b8df+bench,SVG,instrument-2026-10-07T06-46-37.937Z,points-5000-seed-41544c53,hit,spatial_hit_test_sync_ms,ms,6,0
Atlas,1c2e54b3b8df+bench,SVG,instrument-2026-10-07T06-46-37.937Z,points-5000-seed-41544c53,hit,spatial_hit_test_sync_ms,ms,7,0
Atlas,1c2e54b3b8df+bench,SVG,instrument-2026-10-07T06-46-37.937Z,points-5000-seed-41544c53,hit,spatial_hit_test_sync_ms,ms,8,0
Atlas,1c2e54b3b8df+bench,SVG,instrument-2026-10-07T06-46-37.937Z,points-5000-seed-41544c53,hit,spatial_hit_test_sync_ms,ms,9,0
Atlas,1c2e54b3b8df+bench,SVG,instrument-2026-10-07T06-46-37.937Z,points-5000-seed-41544c53,hit,spatial_hit_test_sync_ms,ms,10,0
Atlas,1c2e54b3b8df+bench,SVG,instrument-2026-10-07T06-46-37.937Z,points-5000-seed-41544c53,hit,spatial_hit_test_sync_ms,ms,11,0
Atlas,1c2e54b3b8df+bench,SVG,instrument-2026-10-07T06-46-37.937Z,points-5000-seed-41544c53,hit,spatial_hit_test_sync_ms,ms,12,0
Atlas,1c2e54b3b8df+bench,SVG,instrument-2026-10-07T06-46-37.937Z,points-5000-seed-41544c53,hit,spatial_hit_test_sync_ms,ms,13,0
Atlas,1c2e54b3b8df+bench,SVG,instrument-2026-10-07T06-46-37.937Z,points-5000-seed-41544c53,hit,spatial_hit_test_sync_ms,ms,14,0
Atlas,1c2e54b3b8df+bench,SVG,instrument-2026-10-07T06-46-37.937Z,points-5000-seed-41544c53,hit,spatial_hit_test_sync_ms,ms,15,0
Atlas,1c2e54b3b8df+bench,SVG,instrument-2026-10-07T06-46-37.937Z,points-5000-seed-41544c53,hit,spatial_hit_test_sync_ms,ms,16,0
Atlas,1c2e54b3b8df+bench,SVG,instrument-2026-10-07T06-46-37.937Z,points-5000-seed-41544c53,hit,spatial_hit_test_sync_ms,ms,17,0
Atlas,1c2e54b3b8df+bench,SVG,instrument-2026-10-07T06-46-37.937Z,points-5000-seed-41544c53,hit,spatial_hit_test_sync_ms,ms,18,0
Atlas,1c2e54b3b8df+bench,SVG,instrument-2026-10-07T06-46-37.937Z,points-5000-seed-41544c53,hit,spatial_hit_test_sync_ms,ms,19,0
Atlas,1c2e54b3b8df+bench,SVG,instrument-2026-10-07T06-46-37.937Z,points-5000-seed-41544c53,hit,spatial_hit_test_sync_ms,ms,20,0
Atlas,1c2e54b3b8df+bench,SVG,instrument-2026-10-07T06-46-37.937Z,points-5000-seed-41544c53,hit,spatial_hit_test_sync_ms,ms,21,0
Atlas,1c2e54b3b8df+bench,SVG,instrument-2026-10-07T06-46-37.937Z,points-5000-seed-41544c53,hit,spatial_hit_test_sync_ms,ms,22,0
Atlas,1c2e54b3b8df+bench,SVG,instrument-2026-10-07T06-46-37.937Z,points-5000-seed-41544c53,hit,spatial_hit_test_sync_ms,ms,23,0
Atlas,1c2e54b3b8df+bench,SVG,instrument-2026-10-07T06-46-37.937Z,points-5000-seed-41544c53,hit,spatial_hit_test_sync_ms,ms,24,0
Atlas,1c2e54b3b8df+bench,SVG,instrument-2026-10-07T06-46-37.937Z,points-5000-seed-41544c53,hit,spatial_hit_test_sync_ms,ms,25,0
Atlas,1c2e54b3b8df+bench,SVG,instrument-2026-10-07T06-46-37.937Z,points-5000-seed-41544c53,hit,spatial_hit_test_sync_ms,ms,26,0
Atlas,1c2e54b3b8df+bench,SVG,instrument-2026-10-07T06-46-37.937Z,points-5000-seed-41544c53,hit,spatial_hit_test_sync_ms,ms,27,0
Atlas,1c2e54b3b8df+bench,SVG,instrument-2026-10-07T06-46-37.937Z,points-5000-seed-41544c53,hit,spatial_hit_test_sync_ms,ms,28,0
Atlas,1c2e54b3b8df+bench,SVG,instrument-2026-10-07T06-46-37.937Z,points-5000-seed-41544c53,hit,spatial_hit_test_sync_ms,ms,29,0
Atlas,1c2e54b3b8df+bench,SVG,instrument-2026-10-07T06-46-37.937Z,points-5000-seed-41544c53,hit,spatial_hit_test_sync_ms,ms,30,0
Atlas,1c2e54b3b8df+bench,SVG,instrument-2026-10-07T06-46-37.937Z,points-5000-seed-41544c53,hit,spatial_hit_test_sync_ms,ms,31,0
Atlas,1c2e54b3b8df+bench,SVG,instrument-2026-10-07T06-46-37.937Z,points-5000-seed-41544c53,hit,spatial_hit_test_sync_ms,ms,32,0
Atlas,1c2e54b3b8df+bench,SVG,instrument-2026-10-07T06-46-37.937Z,points-5000-seed-41544c53,hit,spatial_hit_test_sync_ms,ms,33,0
Atlas,1c2e54b3b8df+bench,SVG,instrument-2026-10-07T06-46-37.937Z,points-5000-seed-41544c53,hit,spatial_hit_test_sync_ms,ms,34,0
Atlas,1c2e54b3b8df+bench,SVG,instrument-2026-10-07T06-46-37.937Z,points-5000-seed-41544c53,hit,spatial_hit_test_sync_ms,ms,35,0
Atlas,1c2e54b3b8df+bench,SVG,instrument-2026-10-07T06-46-37.937Z,points-5000-seed-41544c53,hit,spatial_hit_test_sync_ms,ms,36,0
Atlas,1c2e54b3b8df+bench,SVG,instrument-2026-10-07T06-46-37.937Z,points-5000-seed-41544c53,hit,spatial_hit_test_sync_ms,ms,37,0
Atlas,1c2e54b3b8df+bench,SVG,instrument-2026-10-07T06-46-37.937Z,points-5000-seed-41544c53,hit,spatial_hit_test_sync_ms,ms,38,0
Atlas,1c2e54b3b8df+bench,SVG,instrument-2026-10-07T06-46-37.937Z,points-5000-seed-41544c53,hit,spatial_hit_test_sync_ms,ms,39,0
Atlas,1c2e54b3b8df+bench,SVG,instrument-2026-10-07T06-46-37.937Z,points-5000-seed-41544c53,hit,spatial_hit_test_sync_ms,ms,40,0
Atlas,1c2e54b3b8df+bench,SVG,instrument-2026-10-07T06-46-37.937Z,points-5000-seed-41544c53,hit,spatial_hit_test_sync_ms,ms,41,0
Atlas,1c2e54b3b8df+bench,SVG,instrument-2026-10-07T06-46-37.937Z,points-5000-seed-41544c53,hit,spatial_hit_test_sync_ms,ms,42,0
Atlas,1c2e54b3b8df+bench,SVG,instrument-2026-10-07T06-46-37.937Z,points-5000-seed-41544c53,hit,spatial_hit_test_sync_ms,ms,43,0
Atlas,1c2e54b3b8df+bench,SVG,instrument-2026-10-07T06-46-37.937Z,points-5000-seed-41544c53,hit,spatial_hit_test_sync_ms,ms,44,0
Atlas,1c2e54b3b8df+bench,SVG,instrument-2026-10-07T06-46-37.937Z,points-5000-seed-41544c53,hit,spatial_hit_test_sync_ms,ms,45,0
Atlas,1c2e54b3b8df+bench,SVG,instrument-2026-10-07T06-46-37.937Z,points-5000-seed-41544c53,hit,spatial_hit_test_sync_ms,ms,46,0
Atlas,1c2e54b3b8df+bench,SVG,instrument-2026-10-07T06-46-37.937Z,points-5000-seed-41544c53,hit,spatial_hit_test_sync_ms,ms,47,0
Atlas,1c2e54b3b8df+bench,SVG,instrument-2026-10-07T06-46-37.937Z,points-5000-seed-41544c53,hit,spatial_hit_test_sync_ms,ms,48,0
Atlas,1c2e54b3b8df+bench,SVG,instrument-2026-10-07T06-46-37.937Z,points-5000-seed-41544c53,hit,spatial_hit_test_sync_ms,ms,49,0
Atlas,1c2e54b3b8df+bench,SVG,instrument-2026-10-07T06-46-37.937Z,points-5000-seed-41544c53,hit,spatial_hit_test_sync_ms,ms,50,0
Atlas,1c2e54b3b8df+bench,SVG,instrument-2026-10-07T06-46-37.937Z,points-5000-seed-41544c53,hit,spatial_hit_test_sync_ms,ms,51,0
Atlas,1c2e54b3b8df+bench,SVG,instrument-2026-10-07T06-46-37.937Z,points-5000-seed-41544c53,hit,spatial_hit_test_sync_ms,ms,52,0
Atlas,1c2e54b3b8df+bench,SVG,instrument-2026-10-07T06-46-37.937Z,points-5000-seed-41544c53,hit,spatial_hit_test_sync_ms,ms,53,0
Atlas,1c2e54b3b8df+bench,SVG,instrument-2026-10-07T06-46-37.937Z,points-5000-seed-41544c53,hit,spatial_hit_test_sync_ms,ms,54,0
Atlas,1c2e54b3b8df+bench,SVG,instrument-2026-10-07T06-46-37.937Z,points-5000-seed-41544c53,hit,spatial_hit_test_sync_ms,ms,55,0
Atlas,1c2e54b3b8df+bench,SVG,instrument-2026-10-07T06-46-37.937Z,points-5000-seed-41544c53,hit,spatial_hit_test_sync_ms,ms,56,0
Atlas,1c2e54b3b8df+bench,SVG,instrument-2026-10-07T06-46-37.937Z,points-5000-seed-41544c53,hit,spatial_hit_test_sync_ms,ms,57,0
Atlas,1c2e54b3b8df+bench,SVG,instrument-2026-10-07T06-46-37.937Z,points-5000-seed-41544c53,hit,spatial_hit_test_sync_ms,ms,58,0
Atlas,1c2e54b3b8df+bench,SVG,instrument-2026-10-07T06-46-37.937Z,points-5000-seed-41544c53,hit,spatial_hit_test_sync_ms,ms,59,0
Atlas,1c2e54b3b8df+bench,SVG,instrument-2026-10-07T06-46-37.937Z,points-5000-seed-41544c53,hit,spatial_hit_test_sync_ms,ms,60,0
Atlas,1c2e54b3b8df+bench,SVG,instrument-2026-10-07T06-46-37.937Z,points-5000-seed-41544c53,hit,spatial_hit_test_sync_ms,ms,61,0
Atlas,1c2e54b3b8df+bench,SVG,instrument-2026-10-07T06-46-37.937Z,points-5000-seed-41544c53,hit,spatial_hit_test_sync_ms,ms,62,0
Atlas,1c2e54b3b8df+bench,SVG,instrument-2026-10-07T06-46-37.937Z,points-5000-seed-41544c53,hit,spatial_hit_test_sync_ms,ms,63,0
Atlas,1c2e54b3b8df+bench,SVG,instrument-2026-10-07T06-46-37.937Z,points-5000-seed-41544c53,hit,spatial_hit_test_sync_ms,ms,64,0
Atlas,1c2e54b3b8df+bench,SVG,instrument-2026-10-07T06-46-37.937Z,points-5000-seed-41544c53,hit,spatial_hit_test_sync_ms,ms,65,0
Atlas,1c2e54b3b8df+bench,SVG,instrument-2026-10-07T06-46-37.937Z,points-5000-seed-41544c53,hit,spatial_hit_test_sync_ms,ms,66,0
Atlas,1c2e54b3b8df+bench,SVG,instrument-2026-10-07T06-46-37.937Z,points-5000-seed-41544c53,hit,spatial_hit_test_sync_ms,ms,67,0
Atlas,1c2e54b3b8df+bench,SVG,instrument-2026-10-07T06-46-37.937Z,points-5000-seed-41544c53,hit,spatial_hit_test_sync_ms,ms,68,0
Atlas,1c2e54b3b8df+bench,SVG,instrument-2026-10-07T06-46-37.937Z,points-5000-seed-41544c53,hit,spatial_hit_test_sync_ms,ms,69,0
Atlas,1c2e54b3b8df+bench,SVG,instrument-2026-10-07T06-46-37.937Z,points-5000-seed-41544c53,hit,spatial_hit_test_sync_ms,ms,70,0
Atlas,1c2e54b3b8df+bench,SVG,instrument-2026-10-07T06-46-37.937Z,points-5000-seed-41544c53,hit,spatial_hit_test_sync_ms,ms,71,0
Atlas,1c2e54b3b8df+bench,SVG,instrument-2026-10-07T06-46-37.937Z,points-5000-seed-41544c53,hit,spatial_hit_test_sync_ms,ms,72,0
Atlas,1c2e54b3b8df+bench,SVG,instrument-2026-10-07T06-46-37.937Z,points-5000-seed-41544c53,hit,spatial_hit_test_sync_ms,ms,73,0
Atlas,1c2e54b3b8df+bench,SVG,instrument-2026-10-07T06-46-37.937Z,points-5000-seed-41544c53,hit,spatial_hit_test_sync_ms,ms,74,0
Atlas,1c2e54b3b8df+bench,SVG,instrument-2026-10-07T06-46-37.937Z,points-5000-seed-41544c53,hit,spatial_hit_test_sync_ms,ms,75,0
Atlas,1c2e54b3b8df+bench,SVG,instrument-2026-10-07T06-46-37.937Z,points-5000-seed-41544c53,hit,spatial_hit_test_sync_ms,ms,76,0
Atlas,1c2e54b3b8df+bench,SVG,instrument-2026-10-07T06-46-37.937Z,points-5000-seed-41544c53,hit,spatial_hit_test_sync_ms,ms,77,0
Atlas,1c2e54b3b8df+bench,SVG,instrument-2026-10-07T06-46-37.937Z,points-5000-seed-41544c53,hit,spatial_hit_test_sync_ms,ms,78,0
Atlas,1c2e54b3b8df+bench,SVG,instrument-2026-10-07T06-46-37.937Z,points-5000-seed-41544c53,hit,spatial_hit_test_sync_ms,ms,79,0
Atlas,1c2e54b3b8df+bench,SVG,instrument-2026-10-07T06-46-37.937Z,points-5000-seed-41544c53,hit,spatial_hit_test_sync_ms,ms,80,0
Atlas,1c2e54b3b8df+bench,SVG,instrument-2026-10-07T06-46-37.937Z,points-5000-seed-41544c53,hit,spatial_hit_test_sync_ms,ms,81,0
Atlas,1c2e54b3b8df+bench,SVG,instrument-2026-10-07T06-46-37.937Z,points-5000-seed-41544c53,hit,spatial_hit_test_sync_ms,ms,82,0
Atlas,1c2e54b3b8df+bench,SVG,instrument-2026-10-07T06-46-37.937Z,points-5000-seed-41544c53,hit,spatial_hit_test_sync_ms,ms,83,0
Atlas,1c2e54b3b8df+bench,SVG,instrument-2026-10-07T06-46-37.937Z,points-5000-seed-41544c53,hit,spatial_hit_test_sync_ms,ms,84,0
Atlas,1c2e54b3b8df+bench,SVG,instrument-2026-10-07T06-46-37.937Z,points-5000-seed-41544c53,hit,spatial_hit_test_sync_ms,ms,85,0
Atlas,1c2e54b3b8df+bench,SVG,instrument-2026-10-07T06-46-37.937Z,points-5000-seed-41544c53,hit,spatial_hit_test_sync_ms,ms,86,0
Atlas,1c2e54b3b8df+bench,SVG,instrument-2026-10-07T06-46-37.937Z,points-5000-seed-41544c53,hit,spatial_hit_test_sync_ms,ms,87,0
Atlas,1c2e54b3b8df+bench,SVG,instrument-2026-10-07T06-46-37.937Z,points-5000-seed-41544c53,hit,spatial_hit_test_sync_ms,ms,88,0
Atlas,1c2e54b3b8df+bench,SVG,instrument-2026-10-07T06-46-37.937Z,points-5000-seed-41544c53,hit,spatial_hit_test_sync_ms,ms,89,0
Atlas,1c2e54b3b8df+bench,SVG,instrument-2026-10-07T06-46-37.937Z,points-5000-seed-41544c53,hit,spatial_hit_test_sync_ms,ms,90,0
Atlas,1c2e54b3b8df+bench,SVG,instrument-2026-10-07T06-46-37.937Z,points-5000-seed-41544c53,hit,spatial_hit_test_sync_ms,ms,91,0
Atlas,1c2e54b3b8df+bench,SVG,instrument-2026-10-07T06-46-37.937Z,points-5000-seed-41544c53,hit,spatial_hit_test_sync_ms,ms,92,0
Atlas,1c2e54b3b8df+bench,SVG,instrument-2026-10-07T06-46-37.937Z,points-5000-seed-41544c53,hit,spatial_hit_test_sync_ms,ms,93,0
Atlas,1c2e54b3b8df+bench,SVG,instrument-2026-10-07T06-46-37.937Z,points-5000-seed-41544c53,hit,spatial_hit_test_sync_ms,ms,94,0
Atlas,1c2e54b3b8df+bench,SVG,instrument-2026-10-07T06-46-37.937Z,points-5000-seed-41544c53,hit,spatial_hit_test_sync_ms,ms,95,0
Atlas,1c2e54b3b8df+bench,SVG,instrument-2026-10-07T06-46-37.937Z,points-5000-seed-41544c53,hit,spatial_hit_test_sync_ms,ms,96,0
Atlas,1c2e54b3b8df+bench,SVG,instrument-2026-10-07T06-46-37.937Z,points-5000-seed-41544c53,hit,spatial_hit_test_sync_ms,ms,97,0
Atlas,1c2e54b3b8df+bench,SVG,instrument-2026-10-07T06-46-37.937Z,points-5000-seed-41544c53,hit,spatial_hit_test_sync_ms,ms,98,0
Atlas,1c2e54b3b8df+bench,SVG,instrument-2026-10-07T06-46-37.937Z,points-5000-seed-41544c53,hit,spatial_hit_test_sync_ms,ms,99,0
Atlas,1c2e54b3b8df+bench,SVG,instrument-2026-10-07T06-46-37.937Z,points-5000-seed-41544c53,hit,spatial_hit_test_sync_ms,ms,100,0
Atlas,1c2e54b3b8df+bench,SVG,instrument-2026-10-07T06-46-37.937Z,points-5000-seed-41544c53,hit,spatial_hit_test_sync_ms,ms,101,0
Atlas,1c2e54b3b8df+bench,SVG,instrument-2026-10-07T06-46-37.937Z,points-5000-seed-41544c53,hit,spatial_hit_test_sync_ms,ms,102,0
Atlas,1c2e54b3b8df+bench,SVG,instrument-2026-10-07T06-46-37.937Z,points-5000-seed-41544c53,hit,spatial_hit_test_sync_ms,ms,103,0
Atlas,1c2e54b3b8df+bench,SVG,instrument-2026-10-07T06-46-37.937Z,points-5000-seed-41544c53,hit,spatial_hit_test_sync_ms,ms,104,0
Atlas,1c2e54b3b8df+bench,SVG,instrument-2026-10-07T06-46-37.937Z,points-5000-seed-41544c53,hit,spatial_hit_test_sync_ms,ms,105,0
Atlas,1c2e54b3b8df+bench,SVG,instrument-2026-10-07T06-46-37.937Z,points-5000-seed-41544c53,hit,spatial_hit_test_sync_ms,ms,106,0
Atlas,1c2e54b3b8df+bench,SVG,instrument-2026-10-07T06-46-37.937Z,points-5000-seed-41544c53,hit,spatial_hit_test_sync_ms,ms,107,0
Atlas,1c2e54b3b8df+bench,SVG,instrument-2026-10-07T06-46-37.937Z,points-5000-seed-41544c53,hit,spatial_hit_test_sync_ms,ms,108,0
Atlas,1c2e54b3b8df+bench,SVG,instrument-2026-10-07T06-46-37.937Z,points-5000-seed-41544c53,hit,spatial_hit_test_sync_ms,ms,109,0
Atlas,1c2e54b3b8df+bench,SVG,instrument-2026-10-07T06-46-37.937Z,points-5000-seed-41544c53,hit,spatial_hit_test_sync_ms,ms,110,0
Atlas,1c2e54b3b8df+bench,SVG,instrument-2026-10-07T06-46-37.937Z,points-5000-seed-41544c53,hit,spatial_hit_test_sync_ms,ms,111,0
Atlas,1c2e54b3b8df+bench,SVG,instrument-2026-10-07T06-46-37.937Z,points-5000-seed-41544c53,hit,spatial_hit_test_sync_ms,ms,112,0
Atlas,1c2e54b3b8df+bench,SVG,instrument-2026-10-07T06-46-37.937Z,points-5000-seed-41544c53,hit,spatial_hit_test_sync_ms,ms,113,0
Atlas,1c2e54b3b8df+bench,SVG,instrument-2026-10-07T06-46-37.937Z,points-5000-seed-41544c53,hit,spatial_hit_test_sync_ms,ms,114,0
Atlas,1c2e54b3b8df+bench,SVG,instrument-2026-10-07T06-46-37.937Z,points-5000-seed-41544c53,hit,spatial_hit_test_sync_ms,ms,115,0
Atlas,1c2e54b3b8df+bench,SVG,instrument-2026-10-07T06-46-37.937Z,points-5000-seed-41544c53,hit,spatial_hit_test_sync_ms,ms,116,0
Atlas,1c2e54b3b8df+bench,SVG,instrument-2026-10-07T06-46-37.937Z,points-5000-seed-41544c53,hit,spatial_hit_test_sync_ms,ms,117,0
Atlas,1c2e54b3b8df+bench,SVG,instrument-2026-10-07T06-46-37.937Z,points-5000-seed-41544c53,hit,spatial_hit_test_sync_ms,ms,118,0
Atlas,1c2e54b3b8df+bench,SVG,instrument-2026-10-07T06-46-37.937Z,points-5000-seed-41544c53,hit,spatial_hit_test_sync_ms,ms,119,0
Atlas,1c2e54b3b8df+bench,SVG,instrument-2026-10-07T06-46-37.937Z,points-5000-seed-41544c53,hit,spatial_hit_test_sync_ms,ms,120,0
Atlas,1c2e54b3b8df+bench,SVG,instrument-2026-10-07T06-46-37.937Z,points-5000-seed-41544c53,hit,spatial_hit_test_sync_ms,ms,121,0
Atlas,1c2e54b3b8df+bench,SVG,instrument-2026-10-07T06-46-37.937Z,points-5000-seed-41544c53,hit,spatial_hit_test_sync_ms,ms,122,0
Atlas,1c2e54b3b8df+bench,SVG,instrument-2026-10-07T06-46-37.937Z,points-5000-seed-41544c53,hit,spatial_hit_test_sync_ms,ms,123,0
Atlas,1c2e54b3b8df+bench,SVG,instrument-2026-10-07T06-46-37.937Z,points-5000-seed-41544c53,hit,spatial_hit_test_sync_ms,ms,124,0
Atlas,1c2e54b3b8df+bench,SVG,instrument-2026-10-07T06-46-37.937Z,points-5000-seed-41544c53,hit,spatial_hit_test_sync_ms,ms,125,0
Atlas,1c2e54b3b8df+bench,SVG,instrument-2026-10-07T06-46-37.937Z,points-5000-seed-41544c53,hit,spatial_hit_test_sync_ms,ms,126,0
Atlas,1c2e54b3b8df+bench,SVG,instrument-2026-10-07T06-46-37.937Z,points-5000-seed-41544c53,hit,spatial_hit_test_sync_ms,ms,127,0
Atlas,1c2e54b3b8df+bench,SVG,instrument-2026-10-07T06-46-37.937Z,points-5000-seed-41544c53,hit,spatial_hit_test_sync_ms,ms,128,0
Atlas,1c2e54b3b8df+bench,SVG,instrument-2026-10-07T06-46-37.937Z,points-5000-seed-41544c53,hit,spatial_hit_test_sync_ms,ms,129,0
Atlas,1c2e54b3b8df+bench,SVG,instrument-2026-10-07T06-46-37.937Z,points-5000-seed-41544c53,hit,spatial_hit_test_sync_ms,ms,130,0
Atlas,1c2e54b3b8df+bench,SVG,instrument-2026-10-07T06-46-37.937Z,points-5000-seed-41544c53,hit,spatial_hit_test_sync_ms,ms,131,0
Atlas,1c2e54b3b8df+bench,SVG,instrument-2026-10-07T06-46-37.937Z,points-5000-seed-41544c53,hit,spatial_hit_test_sync_ms,ms,132,0
Atlas,1c2e54b3b8df+bench,SVG,instrument-2026-10-07T06-46-37.937Z,points-5000-seed-41544c53,hit,spatial_hit_test_sync_ms,ms,133,0
Atlas,1c2e54b3b8df+bench,SVG,instrument-2026-10-07T06-46-37.937Z,points-5000-seed-41544c53,hit,spatial_hit_test_sync_ms,ms,134,0
Atlas,1c2e54b3b8df+bench,SVG,instrument-2026-10-07T06-46-37.937Z,points-5000-seed-41544c53,hit,spatial_hit_test_sync_ms,ms,135,0
Atlas,1c2e54b3b8df+bench,SVG,instrument-2026-10-07T06-46-37.937Z,points-5000-seed-41544c53,hit,spatial_hit_test_sync_ms,ms,136,0
Atlas,1c2e54b3b8df+bench,SVG,instrument-2026-10-07T06-46-37.937Z,points-5000-seed-41544c53,hit,spatial_hit_test_sync_ms,ms,137,0
Atlas,1c2e54b3b8df+bench,SVG,instrument-2026-10-07T06-46-37.937Z,points-5000-seed-41544c53,hit,spatial_hit_test_sync_ms,ms,138,0
Atlas,1c2e54b3b8df+bench,SVG,instrument-2026-10-07T06-46-37.937Z,points-5000-seed-41544c53,hit,spatial_hit_test_sync_ms,ms,139,0
Atlas,1c2e54b3b8df+bench,SVG,instrument-2026-10-07T06-46-37.937Z,points-5000-seed-41544c53,hit,spatial_hit_test_sync_ms,ms,140,0
Atlas,1c2e54b3b8df+bench,SVG,instrument-2026-10-07T06-46-37.937Z,points-5000-seed-41544c53,hit,spatial_hit_test_sync_ms,ms,141,0
Atlas,1c2e54b3b8df+bench,SVG,instrument-2026-10-07T06-46-37.937Z,points-5000-seed-41544c53,hit,spatial_hit_test_sync_ms,ms,142,0
Atlas,1c2e54b3b8df+bench,SVG,instrument-2026-10-07T06-46-37.937Z,points-5000-seed-41544c53,hit,spatial_hit_test_sync_ms,ms,143,0
Atlas,1c2e54b3b8df+bench,SVG,instrument-2026-10-07T06-46-37.937Z,points-5000-seed-41544c53,hit,spatial_hit_test_sync_ms,ms,144,0
Atlas,1c2e54b3b8df+bench,SVG,instrument-2026-10-07T06-46-37.937Z,points-5000-seed-41544c53,hit,spatial_hit_test_sync_ms,ms,145,0
Atlas,1c2e54b3b8df+bench,SVG,instrument-2026-10-07T06-46-37.937Z,points-5000-seed-41544c53,hit,spatial_hit_test_sync_ms,ms,146,0
Atlas,1c2e54b3b8df+bench,SVG,instrument-2026-10-07T06-46-37.937Z,points-5000-seed-41544c53,hit,spatial_hit_test_sync_ms,ms,147,0
Atlas,1c2e54b3b8df+bench,SVG,instrument-2026-10-07T06-46-37.937Z,points-5000-seed-41544c53,hit,spatial_hit_test_sync_ms,ms,148,0
Atlas,1c2e54b3b8df+bench,SVG,instrument-2026-10-07T06-46-37.937Z,points-5000-seed-41544c53,hit,spatial_hit_test_sync_ms,ms,149,0
Atlas,1c2e54b3b8df+bench,SVG,instrument-2026-10-07T06-46-37.937Z,points-5000-seed-41544c53,hit,spatial_hit_test_sync_ms,ms,150,0
Atlas,1c2e54b3b8df+bench,SVG,instrument-2026-10-07T06-46-37.937Z,points-5000-seed-41544c53,hit,spatial_hit_test_sync_ms,ms,151,0
Atlas,1c2e54b3b8df+bench,SVG,instrument-2026-10-07T06-46-37.937Z,points-5000-seed-41544c53,hit,spatial_hit_test_sync_ms,ms,152,0
Atlas,1c2e54b3b8df+bench,SVG,instrument-2026-10-07T06-46-37.937Z,points-5000-seed-41544c53,hit,spatial_hit_test_sync_ms,ms,153,0
Atlas,1c2e54b3b8df+bench,SVG,instrument-2026-10-07T06-46-37.937Z,points-5000-seed-41544c53,hit,spatial_hit_test_sync_ms,ms,154,0
Atlas,1c2e54b3b8df+bench,SVG,instrument-2026-10-07T06-46-37.937Z,points-5000-seed-41544c53,hit,spatial_hit_test_sync_ms,ms,155,0
Atlas,1c2e54b3b8df+bench,SVG,instrument-2026-10-07T06-46-37.937Z,points-5000-seed-41544c53,hit,spatial_hit_test_sync_ms,ms,156,0
Atlas,1c2e54b3b8df+bench,SVG,instrument-2026-10-07T06-46-37.937Z,points-5000-seed-41544c53,hit,spatial_hit_test_sync_ms,ms,157,0
Atlas,1c2e54b3b8df+bench,SVG,instrument-2026-10-07T06-46-37.937Z,points-5000-seed-41544c53,hit,spatial_hit_test_sync_ms,ms,158,0
Atlas,1c2e54b3b8df+bench,SVG,instrument-2026-10-07T06-46-37.937Z,points-5000-seed-41544c53,hit,spatial_hit_test_sync_ms,ms,159,0
Atlas,1c2e54b3b8df+bench,SVG,instrument-2026-10-07T06-46-37.937Z,points-5000-seed-41544c53,hit,spatial_hit_test_sync_ms,ms,160,0
Atlas,1c2e54b3b8df+bench,SVG,instrument-2026-10-07T06-46-37.937Z,points-5000-seed-41544c53,hit,spatial_hit_test_sync_ms,ms,161,0
Atlas,1c2e54b3b8df+bench,SVG,instrument-2026-10-07T06-46-37.937Z,points-5000-seed-41544c53,hit,spatial_hit_test_sync_ms,ms,162,0
Atlas,1c2e54b3b8df+bench,SVG,instrument-2026-10-07T06-46-37.937Z,points-5000-seed-41544c53,hit,spatial_hit_test_sync_ms,ms,163,0
Atlas,1c2e54b3b8df+bench,SVG,instrument-2026-10-07T06-46-37.937Z,points-5000-seed-41544c53,hit,spatial_hit_test_sync_ms,ms,164,0
Atlas,1c2e54b3b8df+bench,SVG,instrument-2026-10-07T06-46-37.937Z,points-5000-seed-41544c53,hit,spatial_hit_test_sync_ms,ms,165,0
Atlas,1c2e54b3b8df+bench,SVG,instrument-2026-10-07T06-46-37.937Z,points-5000-seed-41544c53,hit,spatial_hit_test_sync_ms,ms,166,0
Atlas,1c2e54b3b8df+bench,SVG,instrument-2026-10-07T06-46-37.937Z,points-5000-seed-41544c53,hit,spatial_hit_test_sync_ms,ms,167,0
Atlas,1c2e54b3b8df+bench,SVG,instrument-2026-10-07T06-46-37.937Z,points-5000-seed-41544c53,hit,spatial_hit_test_sync_ms,ms,168,0
Atlas,1c2e54b3b8df+bench,SVG,instrument-2026-10-07T06-46-37.937Z,points-5000-seed-41544c53,hit,spatial_hit_test_sync_ms,ms,169,0
Atlas,1c2e54b3b8df+bench,SVG,instrument-2026-10-07T06-46-37.937Z,points-5000-seed-41544c53,hit,spatial_hit_test_sync_ms,ms,170,0
Atlas,1c2e54b3b8df+bench,SVG,instrument-2026-10-07T06-46-37.937Z,points-5000-seed-41544c53,hit,spatial_hit_test_sync_ms,ms,171,0
Atlas,1c2e54b3b8df+bench,SVG,instrument-2026-10-07T06-46-37.937Z,points-5000-seed-41544c53,hit,spatial_hit_test_sync_ms,ms,172,0
Atlas,1c2e54b3b8df+bench,SVG,instrument-2026-10-07T06-46-37.937Z,points-5000-seed-41544c53,hit,spatial_hit_test_sync_ms,ms,173,0
Atlas,1c2e54b3b8df+bench,SVG,instrument-2026-10-07T06-46-37.937Z,points-5000-seed-41544c53,hit,spatial_hit_test_sync_ms,ms,174,0
Atlas,1c2e54b3b8df+bench,SVG,instrument-2026-10-07T06-46-37.937Z,points-5000-seed-41544c53,hit,spatial_hit_test_sync_ms,ms,175,0
Atlas,1c2e54b3b8df+bench,SVG,instrument-2026-10-07T06-46-37.937Z,points-5000-seed-41544c53,hit,spatial_hit_test_sync_ms,ms,176,0
Atlas,1c2e54b3b8df+bench,SVG,instrument-2026-10-07T06-46-37.937Z,points-5000-seed-41544c53,hit,spatial_hit_test_sync_ms,ms,177,0
Atlas,1c2e54b3b8df+bench,SVG,instrument-2026-10-07T06-46-37.937Z,points-5000-seed-41544c53,hit,spatial_hit_test_sync_ms,ms,178,0
Atlas,1c2e54b3b8df+bench,SVG,instrument-2026-10-07T06-46-37.937Z,points-5000-seed-41544c53,hit,spatial_hit_test_sync_ms,ms,179,0
Atlas,1c2e54b3b8df+bench,SVG,instrument-2026-10-07T06-46-37.937Z,points-5000-seed-41544c53,hit,spatial_hit_test_sync_ms,ms,180,0
Atlas,1c2e54b3b8df+bench,SVG,instrument-2026-10-07T06-46-37.937Z,points-5000-seed-41544c53,hit,spatial_hit_test_sync_ms,ms,181,0
Atlas,1c2e54b3b8df+bench,SVG,instrument-2026-10-07T06-46-37.937Z,points-5000-seed-41544c53,hit,spatial_hit_test_sync_ms,ms,182,0
Atlas,1c2e54b3b8df+bench,SVG,instrument-2026-10-07T06-46-37.937Z,points-5000-seed-41544c53,hit,spatial_hit_test_sync_ms,ms,183,0
Atlas,1c2e54b3b8df+bench,SVG,instrument-2026-10-07T06-46-37.937Z,points-5000-seed-41544c53,hit,spatial_hit_test_sync_ms,ms,184,0
Atlas,1c2e54b3b8df+bench,SVG,instrument-2026-10-07T06-46-37.937Z,points-5000-seed-41544c53,hit,spatial_hit_test_sync_ms,ms,185,0
Atlas,1c2e54b3b8df+bench,SVG,instrument-2026-10-07T06-46-37.937Z,points-5000-seed-41544c53,hit,spatial_hit_test_sync_ms,ms,186,0
Atlas,1c2e54b3b8df+bench,SVG,instrument-2026-10-07T06-46-37.937Z,points-5000-seed-41544c53,hit,spatial_hit_test_sync_ms,ms,187,0
Atlas,1c2e54b3b8df+bench,SVG,instrument-2026-10-07T06-46-37.937Z,points-5000-seed-41544c53,hit,spatial_hit_test_sync_ms,ms,188,0
Atlas,1c2e54b3b8df+bench,SVG,instrument-2026-10-07T06-46-37.937Z,points-5000-seed-41544c53,hit,spatial_hit_test_sync_ms,ms,189,0
Atlas,1c2e54b3b8df+bench,SVG,instrument-2026-10-07T06-46-37.937Z,points-5000-seed-41544c53,hit,spatial_hit_test_sync_ms,ms,190,0
Atlas,1c2e54b3b8df+bench,SVG,instrument-2026-10-07T06-46-37.937Z,points-5000-seed-41544c53,hit,spatial_hit_test_sync_ms,ms,191,0
Atlas,1c2e54b3b8df+bench,SVG,instrument-2026-10-07T06-46-37.937Z,points-5000-seed-41544c53,hit,spatial_hit_test_sync_ms,ms,192,0
Atlas,1c2e54b3b8df+bench,SVG,instrument-2026-10-07T06-46-37.937Z,points-5000-seed-41544c53,hit,spatial_hit_test_sync_ms,ms,193,0
Atlas,1c2e54b3b8df+bench,SVG,instrument-2026-10-07T06-46-37.937Z,points-5000-seed-41544c53,hit,spatial_hit_test_sync_ms,ms,194,0
Atlas,1c2e54b3b8df+bench,SVG,instrument-2026-10-07T06-46-37.937Z,points-5000-seed-41544c53,hit,spatial_hit_test_sync_ms,ms,195,0
Atlas,1c2e54b3b8df+bench,SVG,instrument-2026-10-07T06-46-37.937Z,points-5000-seed-41544c53,hit,spatial_hit_test_sync_ms,ms,196,0
Atlas,1c2e54b3b8df+bench,SVG,instrument-2026-10-07T06-46-37.937Z,points-5000-seed-41544c53,hit,spatial_hit_test_sync_ms,ms,197,0
Atlas,1c2e54b3b8df+bench,SVG,instrument-2026-10-07T06-46-37.937Z,points-5000-seed-41544c53,hit,spatial_hit_test_sync_ms,ms,198,0.09999990463256836
Atlas,1c2e54b3b8df+bench,SVG,instrument-2026-10-07T06-46-37.937Z,points-5000-seed-41544c53,hit,spatial_hit_test_sync_ms,ms,199,0
Atlas,1c2e54b3b8df+bench,SVG,instrument-2026-10-07T06-46-37.937Z,points-5000-seed-41544c53,hit,root_iterator_creations,count,0,1
Atlas,1c2e54b3b8df+bench,SVG,instrument-2026-10-07T06-46-37.937Z,points-5000-seed-41544c53,hit,root_iterator_next_calls,count,0,5001
Atlas,1c2e54b3b8df+bench,SVG,instrument-2026-10-07T06-46-37.937Z,points-5000-seed-41544c53,hit,layout_rect_reads,count,0,0
Atlas,1c2e54b3b8df+bench,SVG,instrument-2026-10-07T06-46-37.937Z,points-5000-seed-41544c53,hit,cleanup_renderer_calls,count,0,0
Atlas,1c2e54b3b8df+bench,SVG,instrument-2026-10-07T06-46-37.937Z,points-5000-seed-41544c53,hit,cleanup_stage_children,count,0,0
Atlas,1c2e54b3b8df+bench,SVG,instrument-2026-10-07T06-46-37.937Z,points-5000-seed-41544c53,miss,spatial_hit_test_sync_ms,ms,0,1
Atlas,1c2e54b3b8df+bench,SVG,instrument-2026-10-07T06-46-37.937Z,points-5000-seed-41544c53,miss,spatial_hit_test_sync_ms,ms,1,0.7999999523162842
Atlas,1c2e54b3b8df+bench,SVG,instrument-2026-10-07T06-46-37.937Z,points-5000-seed-41544c53,miss,spatial_hit_test_sync_ms,ms,2,0.8000001907348633
Atlas,1c2e54b3b8df+bench,SVG,instrument-2026-10-07T06-46-37.937Z,points-5000-seed-41544c53,miss,spatial_hit_test_sync_ms,ms,3,0.7999999523162842
Atlas,1c2e54b3b8df+bench,SVG,instrument-2026-10-07T06-46-37.937Z,points-5000-seed-41544c53,miss,spatial_hit_test_sync_ms,ms,4,0.8999998569488525
Atlas,1c2e54b3b8df+bench,SVG,instrument-2026-10-07T06-46-37.937Z,points-5000-seed-41544c53,miss,spatial_hit_test_sync_ms,ms,5,0.8000001907348633
Atlas,1c2e54b3b8df+bench,SVG,instrument-2026-10-07T06-46-37.937Z,points-5000-seed-41544c53,miss,spatial_hit_test_sync_ms,ms,6,0.6999998092651367
Atlas,1c2e54b3b8df+bench,SVG,instrument-2026-10-07T06-46-37.937Z,points-5000-seed-41544c53,miss,spatial_hit_test_sync_ms,ms,7,0.8000001907348633
Atlas,1c2e54b3b8df+bench,SVG,instrument-2026-10-07T06-46-37.937Z,points-5000-seed-41544c53,miss,spatial_hit_test_sync_ms,ms,8,0.8999998569488525
Atlas,1c2e54b3b8df+bench,SVG,instrument-2026-10-07T06-46-37.937Z,points-5000-seed-41544c53,miss,spatial_hit_test_sync_ms,ms,9,0.7000000476837158
Atlas,1c2e54b3b8df+bench,SVG,instrument-2026-10-07T06-46-37.937Z,points-5000-seed-41544c53,miss,spatial_hit_test_sync_ms,ms,10,0.7999999523162842
Atlas,1c2e54b3b8df+bench,SVG,instrument-2026-10-07T06-46-37.937Z,points-5000-seed-41544c53,miss,spatial_hit_test_sync_ms,ms,11,0.9000000953674316
Atlas,1c2e54b3b8df+bench,SVG,instrument-2026-10-07T06-46-37.937Z,points-5000-seed-41544c53,miss,spatial_hit_test_sync_ms,ms,12,0.7999999523162842
Atlas,1c2e54b3b8df+bench,SVG,instrument-2026-10-07T06-46-37.937Z,points-5000-seed-41544c53,miss,spatial_hit_test_sync_ms,ms,13,0.7999999523162842
Atlas,1c2e54b3b8df+bench,SVG,instrument-2026-10-07T06-46-37.937Z,points-5000-seed-41544c53,miss,spatial_hit_test_sync_ms,ms,14,0.7999999523162842
Atlas,1c2e54b3b8df+bench,SVG,instrument-2026-10-07T06-46-37.937Z,points-5000-seed-41544c53,miss,spatial_hit_test_sync_ms,ms,15,0.8000001907348633
Atlas,1c2e54b3b8df+bench,SVG,instrument-2026-10-07T06-46-37.937Z,points-5000-seed-41544c53,miss,spatial_hit_test_sync_ms,ms,16,0.7999999523162842
Atlas,1c2e54b3b8df+bench,SVG,instrument-2026-10-07T06-46-37.937Z,points-5000-seed-41544c53,miss,spatial_hit_test_sync_ms,ms,17,0.7000000476837158
Atlas,1c2e54b3b8df+bench,SVG,instrument-2026-10-07T06-46-37.937Z,points-5000-seed-41544c53,miss,spatial_hit_test_sync_ms,ms,18,0.7999999523162842
Atlas,1c2e54b3b8df+bench,SVG,instrument-2026-10-07T06-46-37.937Z,points-5000-seed-41544c53,miss,spatial_hit_test_sync_ms,ms,19,0.7000000476837158
Atlas,1c2e54b3b8df+bench,SVG,instrument-2026-10-07T06-46-37.937Z,points-5000-seed-41544c53,miss,spatial_hit_test_sync_ms,ms,20,0.7999999523162842
Atlas,1c2e54b3b8df+bench,SVG,instrument-2026-10-07T06-46-37.937Z,points-5000-seed-41544c53,miss,spatial_hit_test_sync_ms,ms,21,0.7999999523162842
Atlas,1c2e54b3b8df+bench,SVG,instrument-2026-10-07T06-46-37.937Z,points-5000-seed-41544c53,miss,spatial_hit_test_sync_ms,ms,22,0.7000000476837158
Atlas,1c2e54b3b8df+bench,SVG,instrument-2026-10-07T06-46-37.937Z,points-5000-seed-41544c53,miss,spatial_hit_test_sync_ms,ms,23,0.7999999523162842
Atlas,1c2e54b3b8df+bench,SVG,instrument-2026-10-07T06-46-37.937Z,points-5000-seed-41544c53,miss,spatial_hit_test_sync_ms,ms,24,0.7999999523162842
Atlas,1c2e54b3b8df+bench,SVG,instrument-2026-10-07T06-46-37.937Z,points-5000-seed-41544c53,miss,spatial_hit_test_sync_ms,ms,25,0.7000000476837158
Atlas,1c2e54b3b8df+bench,SVG,instrument-2026-10-07T06-46-37.937Z,points-5000-seed-41544c53,miss,spatial_hit_test_sync_ms,ms,26,0.9000000953674316
Atlas,1c2e54b3b8df+bench,SVG,instrument-2026-10-07T06-46-37.937Z,points-5000-seed-41544c53,miss,spatial_hit_test_sync_ms,ms,27,0.7999999523162842
Atlas,1c2e54b3b8df+bench,SVG,instrument-2026-10-07T06-46-37.937Z,points-5000-seed-41544c53,miss,spatial_hit_test_sync_ms,ms,28,0.7000000476837158
Atlas,1c2e54b3b8df+bench,SVG,instrument-2026-10-07T06-46-37.937Z,points-5000-seed-41544c53,miss,spatial_hit_test_sync_ms,ms,29,0.7999999523162842
Atlas,1c2e54b3b8df+bench,SVG,instrument-2026-10-07T06-46-37.937Z,points-5000-seed-41544c53,miss,spatial_hit_test_sync_ms,ms,30,0.7000000476837158
Atlas,1c2e54b3b8df+bench,SVG,instrument-2026-10-07T06-46-37.937Z,points-5000-seed-41544c53,miss,spatial_hit_test_sync_ms,ms,31,0.7999999523162842
Atlas,1c2e54b3b8df+bench,SVG,instrument-2026-10-07T06-46-37.937Z,points-5000-seed-41544c53,miss,spatial_hit_test_sync_ms,ms,32,0.7000000476837158
Atlas,1c2e54b3b8df+bench,SVG,instrument-2026-10-07T06-46-37.937Z,points-5000-seed-41544c53,miss,spatial_hit_test_sync_ms,ms,33,0.7999999523162842
Atlas,1c2e54b3b8df+bench,SVG,instrument-2026-10-07T06-46-37.937Z,points-5000-seed-41544c53,miss,spatial_hit_test_sync_ms,ms,34,0.7000000476837158
Atlas,1c2e54b3b8df+bench,SVG,instrument-2026-10-07T06-46-37.937Z,points-5000-seed-41544c53,miss,spatial_hit_test_sync_ms,ms,35,0.8999998569488525
Atlas,1c2e54b3b8df+bench,SVG,instrument-2026-10-07T06-46-37.937Z,points-5000-seed-41544c53,miss,spatial_hit_test_sync_ms,ms,36,0.7999999523162842
Atlas,1c2e54b3b8df+bench,SVG,instrument-2026-10-07T06-46-37.937Z,points-5000-seed-41544c53,miss,spatial_hit_test_sync_ms,ms,37,0.8000001907348633
Atlas,1c2e54b3b8df+bench,SVG,instrument-2026-10-07T06-46-37.937Z,points-5000-seed-41544c53,miss,spatial_hit_test_sync_ms,ms,38,0.6999998092651367
Atlas,1c2e54b3b8df+bench,SVG,instrument-2026-10-07T06-46-37.937Z,points-5000-seed-41544c53,miss,spatial_hit_test_sync_ms,ms,39,0.8000001907348633
Atlas,1c2e54b3b8df+bench,SVG,instrument-2026-10-07T06-46-37.937Z,points-5000-seed-41544c53,miss,spatial_hit_test_sync_ms,ms,40,0.6999998092651367
Atlas,1c2e54b3b8df+bench,SVG,instrument-2026-10-07T06-46-37.937Z,points-5000-seed-41544c53,miss,spatial_hit_test_sync_ms,ms,41,0.8000001907348633
Atlas,1c2e54b3b8df+bench,SVG,instrument-2026-10-07T06-46-37.937Z,points-5000-seed-41544c53,miss,spatial_hit_test_sync_ms,ms,42,0.6999998092651367
Atlas,1c2e54b3b8df+bench,SVG,instrument-2026-10-07T06-46-37.937Z,points-5000-seed-41544c53,miss,spatial_hit_test_sync_ms,ms,43,0.8000001907348633
Atlas,1c2e54b3b8df+bench,SVG,instrument-2026-10-07T06-46-37.937Z,points-5000-seed-41544c53,miss,spatial_hit_test_sync_ms,ms,44,0.7999999523162842
Atlas,1c2e54b3b8df+bench,SVG,instrument-2026-10-07T06-46-37.937Z,points-5000-seed-41544c53,miss,spatial_hit_test_sync_ms,ms,45,0.7000000476837158
Atlas,1c2e54b3b8df+bench,SVG,instrument-2026-10-07T06-46-37.937Z,points-5000-seed-41544c53,miss,spatial_hit_test_sync_ms,ms,46,0.7999999523162842
Atlas,1c2e54b3b8df+bench,SVG,instrument-2026-10-07T06-46-37.937Z,points-5000-seed-41544c53,miss,spatial_hit_test_sync_ms,ms,47,0.7999999523162842
Atlas,1c2e54b3b8df+bench,SVG,instrument-2026-10-07T06-46-37.937Z,points-5000-seed-41544c53,miss,spatial_hit_test_sync_ms,ms,48,0.7000000476837158
Atlas,1c2e54b3b8df+bench,SVG,instrument-2026-10-07T06-46-37.937Z,points-5000-seed-41544c53,miss,spatial_hit_test_sync_ms,ms,49,0.7999999523162842
Atlas,1c2e54b3b8df+bench,SVG,instrument-2026-10-07T06-46-37.937Z,points-5000-seed-41544c53,miss,spatial_hit_test_sync_ms,ms,50,0.7999999523162842
Atlas,1c2e54b3b8df+bench,SVG,instrument-2026-10-07T06-46-37.937Z,points-5000-seed-41544c53,miss,spatial_hit_test_sync_ms,ms,51,0.7000000476837158
Atlas,1c2e54b3b8df+bench,SVG,instrument-2026-10-07T06-46-37.937Z,points-5000-seed-41544c53,miss,spatial_hit_test_sync_ms,ms,52,0.7999999523162842
Atlas,1c2e54b3b8df+bench,SVG,instrument-2026-10-07T06-46-37.937Z,points-5000-seed-41544c53,miss,spatial_hit_test_sync_ms,ms,53,0.7000000476837158
Atlas,1c2e54b3b8df+bench,SVG,instrument-2026-10-07T06-46-37.937Z,points-5000-seed-41544c53,miss,spatial_hit_test_sync_ms,ms,54,0.7999999523162842
Atlas,1c2e54b3b8df+bench,SVG,instrument-2026-10-07T06-46-37.937Z,points-5000-seed-41544c53,miss,spatial_hit_test_sync_ms,ms,55,0.7999999523162842
Atlas,1c2e54b3b8df+bench,SVG,instrument-2026-10-07T06-46-37.937Z,points-5000-seed-41544c53,miss,spatial_hit_test_sync_ms,ms,56,0.7000000476837158
Atlas,1c2e54b3b8df+bench,SVG,instrument-2026-10-07T06-46-37.937Z,points-5000-seed-41544c53,miss,spatial_hit_test_sync_ms,ms,57,0.7999999523162842
Atlas,1c2e54b3b8df+bench,SVG,instrument-2026-10-07T06-46-37.937Z,points-5000-seed-41544c53,miss,spatial_hit_test_sync_ms,ms,58,0.8000001907348633
Atlas,1c2e54b3b8df+bench,SVG,instrument-2026-10-07T06-46-37.937Z,points-5000-seed-41544c53,miss,spatial_hit_test_sync_ms,ms,59,0.7999999523162842
Atlas,1c2e54b3b8df+bench,SVG,instrument-2026-10-07T06-46-37.937Z,points-5000-seed-41544c53,miss,spatial_hit_test_sync_ms,ms,60,0.7000000476837158
Atlas,1c2e54b3b8df+bench,SVG,instrument-2026-10-07T06-46-37.937Z,points-5000-seed-41544c53,miss,spatial_hit_test_sync_ms,ms,61,0.8999998569488525
Atlas,1c2e54b3b8df+bench,SVG,instrument-2026-10-07T06-46-37.937Z,points-5000-seed-41544c53,miss,spatial_hit_test_sync_ms,ms,62,3.9000000953674316
Atlas,1c2e54b3b8df+bench,SVG,instrument-2026-10-07T06-46-37.937Z,points-5000-seed-41544c53,miss,spatial_hit_test_sync_ms,ms,63,0.7000000476837158
Atlas,1c2e54b3b8df+bench,SVG,instrument-2026-10-07T06-46-37.937Z,points-5000-seed-41544c53,miss,spatial_hit_test_sync_ms,ms,64,0.7999999523162842
Atlas,1c2e54b3b8df+bench,SVG,instrument-2026-10-07T06-46-37.937Z,points-5000-seed-41544c53,miss,spatial_hit_test_sync_ms,ms,65,0.7999999523162842
Atlas,1c2e54b3b8df+bench,SVG,instrument-2026-10-07T06-46-37.937Z,points-5000-seed-41544c53,miss,spatial_hit_test_sync_ms,ms,66,0.7000000476837158
Atlas,1c2e54b3b8df+bench,SVG,instrument-2026-10-07T06-46-37.937Z,points-5000-seed-41544c53,miss,spatial_hit_test_sync_ms,ms,67,0.7999999523162842
Atlas,1c2e54b3b8df+bench,SVG,instrument-2026-10-07T06-46-37.937Z,points-5000-seed-41544c53,miss,spatial_hit_test_sync_ms,ms,68,0.7000000476837158
Atlas,1c2e54b3b8df+bench,SVG,instrument-2026-10-07T06-46-37.937Z,points-5000-seed-41544c53,miss,spatial_hit_test_sync_ms,ms,69,0.7999999523162842
Atlas,1c2e54b3b8df+bench,SVG,instrument-2026-10-07T06-46-37.937Z,points-5000-seed-41544c53,miss,spatial_hit_test_sync_ms,ms,70,0.7000000476837158
Atlas,1c2e54b3b8df+bench,SVG,instrument-2026-10-07T06-46-37.937Z,points-5000-seed-41544c53,miss,spatial_hit_test_sync_ms,ms,71,0.7000000476837158
Atlas,1c2e54b3b8df+bench,SVG,instrument-2026-10-07T06-46-37.937Z,points-5000-seed-41544c53,miss,spatial_hit_test_sync_ms,ms,72,0.8999998569488525
Atlas,1c2e54b3b8df+bench,SVG,instrument-2026-10-07T06-46-37.937Z,points-5000-seed-41544c53,miss,spatial_hit_test_sync_ms,ms,73,0.7000000476837158
Atlas,1c2e54b3b8df+bench,SVG,instrument-2026-10-07T06-46-37.937Z,points-5000-seed-41544c53,miss,spatial_hit_test_sync_ms,ms,74,0.7000000476837158
Atlas,1c2e54b3b8df+bench,SVG,instrument-2026-10-07T06-46-37.937Z,points-5000-seed-41544c53,miss,spatial_hit_test_sync_ms,ms,75,0.7999999523162842
Atlas,1c2e54b3b8df+bench,SVG,instrument-2026-10-07T06-46-37.937Z,points-5000-seed-41544c53,miss,spatial_hit_test_sync_ms,ms,76,0.7999999523162842
Atlas,1c2e54b3b8df+bench,SVG,instrument-2026-10-07T06-46-37.937Z,points-5000-seed-41544c53,miss,spatial_hit_test_sync_ms,ms,77,0.7999999523162842
Atlas,1c2e54b3b8df+bench,SVG,instrument-2026-10-07T06-46-37.937Z,points-5000-seed-41544c53,miss,spatial_hit_test_sync_ms,ms,78,0.8000001907348633
Atlas,1c2e54b3b8df+bench,SVG,instrument-2026-10-07T06-46-37.937Z,points-5000-seed-41544c53,miss,spatial_hit_test_sync_ms,ms,79,0.6999998092651367
Atlas,1c2e54b3b8df+bench,SVG,instrument-2026-10-07T06-46-37.937Z,points-5000-seed-41544c53,miss,spatial_hit_test_sync_ms,ms,80,0.8000001907348633
Atlas,1c2e54b3b8df+bench,SVG,instrument-2026-10-07T06-46-37.937Z,points-5000-seed-41544c53,miss,spatial_hit_test_sync_ms,ms,81,0.6999998092651367
Atlas,1c2e54b3b8df+bench,SVG,instrument-2026-10-07T06-46-37.937Z,points-5000-seed-41544c53,miss,spatial_hit_test_sync_ms,ms,82,0.8000001907348633
Atlas,1c2e54b3b8df+bench,SVG,instrument-2026-10-07T06-46-37.937Z,points-5000-seed-41544c53,miss,spatial_hit_test_sync_ms,ms,83,0.6999998092651367
Atlas,1c2e54b3b8df+bench,SVG,instrument-2026-10-07T06-46-37.937Z,points-5000-seed-41544c53,miss,spatial_hit_test_sync_ms,ms,84,0.8000001907348633
Atlas,1c2e54b3b8df+bench,SVG,instrument-2026-10-07T06-46-37.937Z,points-5000-seed-41544c53,miss,spatial_hit_test_sync_ms,ms,85,0.6999998092651367
Atlas,1c2e54b3b8df+bench,SVG,instrument-2026-10-07T06-46-37.937Z,points-5000-seed-41544c53,miss,spatial_hit_test_sync_ms,ms,86,0.8000001907348633
Atlas,1c2e54b3b8df+bench,SVG,instrument-2026-10-07T06-46-37.937Z,points-5000-seed-41544c53,miss,spatial_hit_test_sync_ms,ms,87,0.6999998092651367
Atlas,1c2e54b3b8df+bench,SVG,instrument-2026-10-07T06-46-37.937Z,points-5000-seed-41544c53,miss,spatial_hit_test_sync_ms,ms,88,0.8000001907348633
Atlas,1c2e54b3b8df+bench,SVG,instrument-2026-10-07T06-46-37.937Z,points-5000-seed-41544c53,miss,spatial_hit_test_sync_ms,ms,89,0.6999998092651367
Atlas,1c2e54b3b8df+bench,SVG,instrument-2026-10-07T06-46-37.937Z,points-5000-seed-41544c53,miss,spatial_hit_test_sync_ms,ms,90,0.7000000476837158
Atlas,1c2e54b3b8df+bench,SVG,instrument-2026-10-07T06-46-37.937Z,points-5000-seed-41544c53,miss,spatial_hit_test_sync_ms,ms,91,0.9000000953674316
Atlas,1c2e54b3b8df+bench,SVG,instrument-2026-10-07T06-46-37.937Z,points-5000-seed-41544c53,miss,spatial_hit_test_sync_ms,ms,92,0.5999999046325684
Atlas,1c2e54b3b8df+bench,SVG,instrument-2026-10-07T06-46-37.937Z,points-5000-seed-41544c53,miss,spatial_hit_test_sync_ms,ms,93,0.9000000953674316
Atlas,1c2e54b3b8df+bench,SVG,instrument-2026-10-07T06-46-37.937Z,points-5000-seed-41544c53,miss,spatial_hit_test_sync_ms,ms,94,0.5999999046325684
Atlas,1c2e54b3b8df+bench,SVG,instrument-2026-10-07T06-46-37.937Z,points-5000-seed-41544c53,miss,spatial_hit_test_sync_ms,ms,95,0.7999999523162842
Atlas,1c2e54b3b8df+bench,SVG,instrument-2026-10-07T06-46-37.937Z,points-5000-seed-41544c53,miss,spatial_hit_test_sync_ms,ms,96,0.8000001907348633
Atlas,1c2e54b3b8df+bench,SVG,instrument-2026-10-07T06-46-37.937Z,points-5000-seed-41544c53,miss,spatial_hit_test_sync_ms,ms,97,0.7999999523162842
Atlas,1c2e54b3b8df+bench,SVG,instrument-2026-10-07T06-46-37.937Z,points-5000-seed-41544c53,miss,spatial_hit_test_sync_ms,ms,98,0.7000000476837158
Atlas,1c2e54b3b8df+bench,SVG,instrument-2026-10-07T06-46-37.937Z,points-5000-seed-41544c53,miss,spatial_hit_test_sync_ms,ms,99,0.7999999523162842
Atlas,1c2e54b3b8df+bench,SVG,instrument-2026-10-07T06-46-37.937Z,points-5000-seed-41544c53,miss,spatial_hit_test_sync_ms,ms,100,0.7999999523162842
Atlas,1c2e54b3b8df+bench,SVG,instrument-2026-10-07T06-46-37.937Z,points-5000-seed-41544c53,miss,spatial_hit_test_sync_ms,ms,101,0.7000000476837158
Atlas,1c2e54b3b8df+bench,SVG,instrument-2026-10-07T06-46-37.937Z,points-5000-seed-41544c53,miss,spatial_hit_test_sync_ms,ms,102,0.7999999523162842
Atlas,1c2e54b3b8df+bench,SVG,instrument-2026-10-07T06-46-37.937Z,points-5000-seed-41544c53,miss,spatial_hit_test_sync_ms,ms,103,0.7000000476837158
Atlas,1c2e54b3b8df+bench,SVG,instrument-2026-10-07T06-46-37.937Z,points-5000-seed-41544c53,miss,spatial_hit_test_sync_ms,ms,104,0.7999999523162842
Atlas,1c2e54b3b8df+bench,SVG,instrument-2026-10-07T06-46-37.937Z,points-5000-seed-41544c53,miss,spatial_hit_test_sync_ms,ms,105,0.7000000476837158
Atlas,1c2e54b3b8df+bench,SVG,instrument-2026-10-07T06-46-37.937Z,points-5000-seed-41544c53,miss,spatial_hit_test_sync_ms,ms,106,0.7999999523162842
Atlas,1c2e54b3b8df+bench,SVG,instrument-2026-10-07T06-46-37.937Z,points-5000-seed-41544c53,miss,spatial_hit_test_sync_ms,ms,107,0.7999999523162842
Atlas,1c2e54b3b8df+bench,SVG,instrument-2026-10-07T06-46-37.937Z,points-5000-seed-41544c53,miss,spatial_hit_test_sync_ms,ms,108,0.7000000476837158
Atlas,1c2e54b3b8df+bench,SVG,instrument-2026-10-07T06-46-37.937Z,points-5000-seed-41544c53,miss,spatial_hit_test_sync_ms,ms,109,0.7000000476837158
Atlas,1c2e54b3b8df+bench,SVG,instrument-2026-10-07T06-46-37.937Z,points-5000-seed-41544c53,miss,spatial_hit_test_sync_ms,ms,110,0.7999999523162842
Atlas,1c2e54b3b8df+bench,SVG,instrument-2026-10-07T06-46-37.937Z,points-5000-seed-41544c53,miss,spatial_hit_test_sync_ms,ms,111,0.7999999523162842
Atlas,1c2e54b3b8df+bench,SVG,instrument-2026-10-07T06-46-37.937Z,points-5000-seed-41544c53,miss,spatial_hit_test_sync_ms,ms,112,0.7000000476837158
Atlas,1c2e54b3b8df+bench,SVG,instrument-2026-10-07T06-46-37.937Z,points-5000-seed-41544c53,miss,spatial_hit_test_sync_ms,ms,113,0.7000000476837158
Atlas,1c2e54b3b8df+bench,SVG,instrument-2026-10-07T06-46-37.937Z,points-5000-seed-41544c53,miss,spatial_hit_test_sync_ms,ms,114,0.7999999523162842
Atlas,1c2e54b3b8df+bench,SVG,instrument-2026-10-07T06-46-37.937Z,points-5000-seed-41544c53,miss,spatial_hit_test_sync_ms,ms,115,0.7000000476837158
Atlas,1c2e54b3b8df+bench,SVG,instrument-2026-10-07T06-46-37.937Z,points-5000-seed-41544c53,miss,spatial_hit_test_sync_ms,ms,116,0.7999999523162842
Atlas,1c2e54b3b8df+bench,SVG,instrument-2026-10-07T06-46-37.937Z,points-5000-seed-41544c53,miss,spatial_hit_test_sync_ms,ms,117,0.7000000476837158
Atlas,1c2e54b3b8df+bench,SVG,instrument-2026-10-07T06-46-37.937Z,points-5000-seed-41544c53,miss,spatial_hit_test_sync_ms,ms,118,0.7999999523162842
Atlas,1c2e54b3b8df+bench,SVG,instrument-2026-10-07T06-46-37.937Z,points-5000-seed-41544c53,miss,spatial_hit_test_sync_ms,ms,119,0.7999999523162842
Atlas,1c2e54b3b8df+bench,SVG,instrument-2026-10-07T06-46-37.937Z,points-5000-seed-41544c53,miss,spatial_hit_test_sync_ms,ms,120,0.7999999523162842
Atlas,1c2e54b3b8df+bench,SVG,instrument-2026-10-07T06-46-37.937Z,points-5000-seed-41544c53,miss,spatial_hit_test_sync_ms,ms,121,0.7000000476837158
Atlas,1c2e54b3b8df+bench,SVG,instrument-2026-10-07T06-46-37.937Z,points-5000-seed-41544c53,miss,spatial_hit_test_sync_ms,ms,122,0.7000000476837158
Atlas,1c2e54b3b8df+bench,SVG,instrument-2026-10-07T06-46-37.937Z,points-5000-seed-41544c53,miss,spatial_hit_test_sync_ms,ms,123,0.7999999523162842
Atlas,1c2e54b3b8df+bench,SVG,instrument-2026-10-07T06-46-37.937Z,points-5000-seed-41544c53,miss,spatial_hit_test_sync_ms,ms,124,0.7999999523162842
Atlas,1c2e54b3b8df+bench,SVG,instrument-2026-10-07T06-46-37.937Z,points-5000-seed-41544c53,miss,spatial_hit_test_sync_ms,ms,125,0.7000000476837158
Atlas,1c2e54b3b8df+bench,SVG,instrument-2026-10-07T06-46-37.937Z,points-5000-seed-41544c53,miss,spatial_hit_test_sync_ms,ms,126,0.7999999523162842
Atlas,1c2e54b3b8df+bench,SVG,instrument-2026-10-07T06-46-37.937Z,points-5000-seed-41544c53,miss,spatial_hit_test_sync_ms,ms,127,0.7000000476837158
Atlas,1c2e54b3b8df+bench,SVG,instrument-2026-10-07T06-46-37.937Z,points-5000-seed-41544c53,miss,spatial_hit_test_sync_ms,ms,128,0.7999999523162842
Atlas,1c2e54b3b8df+bench,SVG,instrument-2026-10-07T06-46-37.937Z,points-5000-seed-41544c53,miss,spatial_hit_test_sync_ms,ms,129,0.7000000476837158
Atlas,1c2e54b3b8df+bench,SVG,instrument-2026-10-07T06-46-37.937Z,points-5000-seed-41544c53,miss,spatial_hit_test_sync_ms,ms,130,0.7999999523162842
Atlas,1c2e54b3b8df+bench,SVG,instrument-2026-10-07T06-46-37.937Z,points-5000-seed-41544c53,miss,spatial_hit_test_sync_ms,ms,131,0.7000000476837158
Atlas,1c2e54b3b8df+bench,SVG,instrument-2026-10-07T06-46-37.937Z,points-5000-seed-41544c53,miss,spatial_hit_test_sync_ms,ms,132,0.7000000476837158
Atlas,1c2e54b3b8df+bench,SVG,instrument-2026-10-07T06-46-37.937Z,points-5000-seed-41544c53,miss,spatial_hit_test_sync_ms,ms,133,0.7999999523162842
Atlas,1c2e54b3b8df+bench,SVG,instrument-2026-10-07T06-46-37.937Z,points-5000-seed-41544c53,miss,spatial_hit_test_sync_ms,ms,134,0.7000000476837158
Atlas,1c2e54b3b8df+bench,SVG,instrument-2026-10-07T06-46-37.937Z,points-5000-seed-41544c53,miss,spatial_hit_test_sync_ms,ms,135,0.7999999523162842
Atlas,1c2e54b3b8df+bench,SVG,instrument-2026-10-07T06-46-37.937Z,points-5000-seed-41544c53,miss,spatial_hit_test_sync_ms,ms,136,0.7999999523162842
Atlas,1c2e54b3b8df+bench,SVG,instrument-2026-10-07T06-46-37.937Z,points-5000-seed-41544c53,miss,spatial_hit_test_sync_ms,ms,137,0.8000001907348633
Atlas,1c2e54b3b8df+bench,SVG,instrument-2026-10-07T06-46-37.937Z,points-5000-seed-41544c53,miss,spatial_hit_test_sync_ms,ms,138,0.6999998092651367
Atlas,1c2e54b3b8df+bench,SVG,instrument-2026-10-07T06-46-37.937Z,points-5000-seed-41544c53,miss,spatial_hit_test_sync_ms,ms,139,0.8000001907348633
Atlas,1c2e54b3b8df+bench,SVG,instrument-2026-10-07T06-46-37.937Z,points-5000-seed-41544c53,miss,spatial_hit_test_sync_ms,ms,140,0.6999998092651367
Atlas,1c2e54b3b8df+bench,SVG,instrument-2026-10-07T06-46-37.937Z,points-5000-seed-41544c53,miss,spatial_hit_test_sync_ms,ms,141,0.8000001907348633
Atlas,1c2e54b3b8df+bench,SVG,instrument-2026-10-07T06-46-37.937Z,points-5000-seed-41544c53,miss,spatial_hit_test_sync_ms,ms,142,0.7999999523162842
Atlas,1c2e54b3b8df+bench,SVG,instrument-2026-10-07T06-46-37.937Z,points-5000-seed-41544c53,miss,spatial_hit_test_sync_ms,ms,143,0.7999999523162842
Atlas,1c2e54b3b8df+bench,SVG,instrument-2026-10-07T06-46-37.937Z,points-5000-seed-41544c53,miss,spatial_hit_test_sync_ms,ms,144,0.7000000476837158
Atlas,1c2e54b3b8df+bench,SVG,instrument-2026-10-07T06-46-37.937Z,points-5000-seed-41544c53,miss,spatial_hit_test_sync_ms,ms,145,0.7000000476837158
Atlas,1c2e54b3b8df+bench,SVG,instrument-2026-10-07T06-46-37.937Z,points-5000-seed-41544c53,miss,spatial_hit_test_sync_ms,ms,146,0.7999999523162842
Atlas,1c2e54b3b8df+bench,SVG,instrument-2026-10-07T06-46-37.937Z,points-5000-seed-41544c53,miss,spatial_hit_test_sync_ms,ms,147,0.7000000476837158
Atlas,1c2e54b3b8df+bench,SVG,instrument-2026-10-07T06-46-37.937Z,points-5000-seed-41544c53,miss,spatial_hit_test_sync_ms,ms,148,0.7999999523162842
Atlas,1c2e54b3b8df+bench,SVG,instrument-2026-10-07T06-46-37.937Z,points-5000-seed-41544c53,miss,spatial_hit_test_sync_ms,ms,149,0.7000000476837158
Atlas,1c2e54b3b8df+bench,SVG,instrument-2026-10-07T06-46-37.937Z,points-5000-seed-41544c53,miss,spatial_hit_test_sync_ms,ms,150,0.6999998092651367
Atlas,1c2e54b3b8df+bench,SVG,instrument-2026-10-07T06-46-37.937Z,points-5000-seed-41544c53,miss,spatial_hit_test_sync_ms,ms,151,0.8000001907348633
Atlas,1c2e54b3b8df+bench,SVG,instrument-2026-10-07T06-46-37.937Z,points-5000-seed-41544c53,miss,spatial_hit_test_sync_ms,ms,152,0.7999999523162842
Atlas,1c2e54b3b8df+bench,SVG,instrument-2026-10-07T06-46-37.937Z,points-5000-seed-41544c53,miss,spatial_hit_test_sync_ms,ms,153,0.7000000476837158
Atlas,1c2e54b3b8df+bench,SVG,instrument-2026-10-07T06-46-37.937Z,points-5000-seed-41544c53,miss,spatial_hit_test_sync_ms,ms,154,0.7999999523162842
Atlas,1c2e54b3b8df+bench,SVG,instrument-2026-10-07T06-46-37.937Z,points-5000-seed-41544c53,miss,spatial_hit_test_sync_ms,ms,155,0.7999999523162842
Atlas,1c2e54b3b8df+bench,SVG,instrument-2026-10-07T06-46-37.937Z,points-5000-seed-41544c53,miss,spatial_hit_test_sync_ms,ms,156,0.7000000476837158
Atlas,1c2e54b3b8df+bench,SVG,instrument-2026-10-07T06-46-37.937Z,points-5000-seed-41544c53,miss,spatial_hit_test_sync_ms,ms,157,0.7000000476837158
Atlas,1c2e54b3b8df+bench,SVG,instrument-2026-10-07T06-46-37.937Z,points-5000-seed-41544c53,miss,spatial_hit_test_sync_ms,ms,158,0.7999999523162842
Atlas,1c2e54b3b8df+bench,SVG,instrument-2026-10-07T06-46-37.937Z,points-5000-seed-41544c53,miss,spatial_hit_test_sync_ms,ms,159,0.7999999523162842
Atlas,1c2e54b3b8df+bench,SVG,instrument-2026-10-07T06-46-37.937Z,points-5000-seed-41544c53,miss,spatial_hit_test_sync_ms,ms,160,0.7000000476837158
Atlas,1c2e54b3b8df+bench,SVG,instrument-2026-10-07T06-46-37.937Z,points-5000-seed-41544c53,miss,spatial_hit_test_sync_ms,ms,161,0.7999999523162842
Atlas,1c2e54b3b8df+bench,SVG,instrument-2026-10-07T06-46-37.937Z,points-5000-seed-41544c53,miss,spatial_hit_test_sync_ms,ms,162,0.7000000476837158
Atlas,1c2e54b3b8df+bench,SVG,instrument-2026-10-07T06-46-37.937Z,points-5000-seed-41544c53,miss,spatial_hit_test_sync_ms,ms,163,0.7999999523162842
Atlas,1c2e54b3b8df+bench,SVG,instrument-2026-10-07T06-46-37.937Z,points-5000-seed-41544c53,miss,spatial_hit_test_sync_ms,ms,164,0.7999999523162842
Atlas,1c2e54b3b8df+bench,SVG,instrument-2026-10-07T06-46-37.937Z,points-5000-seed-41544c53,miss,spatial_hit_test_sync_ms,ms,165,0.7999999523162842
Atlas,1c2e54b3b8df+bench,SVG,instrument-2026-10-07T06-46-37.937Z,points-5000-seed-41544c53,miss,spatial_hit_test_sync_ms,ms,166,0.7000000476837158
Atlas,1c2e54b3b8df+bench,SVG,instrument-2026-10-07T06-46-37.937Z,points-5000-seed-41544c53,miss,spatial_hit_test_sync_ms,ms,167,0.7999999523162842
Atlas,1c2e54b3b8df+bench,SVG,instrument-2026-10-07T06-46-37.937Z,points-5000-seed-41544c53,miss,spatial_hit_test_sync_ms,ms,168,0.7000000476837158
Atlas,1c2e54b3b8df+bench,SVG,instrument-2026-10-07T06-46-37.937Z,points-5000-seed-41544c53,miss,spatial_hit_test_sync_ms,ms,169,0.7999999523162842
Atlas,1c2e54b3b8df+bench,SVG,instrument-2026-10-07T06-46-37.937Z,points-5000-seed-41544c53,miss,spatial_hit_test_sync_ms,ms,170,0.8000001907348633
Atlas,1c2e54b3b8df+bench,SVG,instrument-2026-10-07T06-46-37.937Z,points-5000-seed-41544c53,miss,spatial_hit_test_sync_ms,ms,171,0.6999998092651367
Atlas,1c2e54b3b8df+bench,SVG,instrument-2026-10-07T06-46-37.937Z,points-5000-seed-41544c53,miss,spatial_hit_test_sync_ms,ms,172,0.7000000476837158
Atlas,1c2e54b3b8df+bench,SVG,instrument-2026-10-07T06-46-37.937Z,points-5000-seed-41544c53,miss,spatial_hit_test_sync_ms,ms,173,0.7000000476837158
Atlas,1c2e54b3b8df+bench,SVG,instrument-2026-10-07T06-46-37.937Z,points-5000-seed-41544c53,miss,spatial_hit_test_sync_ms,ms,174,0.7999999523162842
Atlas,1c2e54b3b8df+bench,SVG,instrument-2026-10-07T06-46-37.937Z,points-5000-seed-41544c53,miss,spatial_hit_test_sync_ms,ms,175,0.7999999523162842
Atlas,1c2e54b3b8df+bench,SVG,instrument-2026-10-07T06-46-37.937Z,points-5000-seed-41544c53,miss,spatial_hit_test_sync_ms,ms,176,0.8000001907348633
Atlas,1c2e54b3b8df+bench,SVG,instrument-2026-10-07T06-46-37.937Z,points-5000-seed-41544c53,miss,spatial_hit_test_sync_ms,ms,177,0.6999998092651367
Atlas,1c2e54b3b8df+bench,SVG,instrument-2026-10-07T06-46-37.937Z,points-5000-seed-41544c53,miss,spatial_hit_test_sync_ms,ms,178,0.7000000476837158
Atlas,1c2e54b3b8df+bench,SVG,instrument-2026-10-07T06-46-37.937Z,points-5000-seed-41544c53,miss,spatial_hit_test_sync_ms,ms,179,0.7999999523162842
Atlas,1c2e54b3b8df+bench,SVG,instrument-2026-10-07T06-46-37.937Z,points-5000-seed-41544c53,miss,spatial_hit_test_sync_ms,ms,180,0.8000001907348633
Atlas,1c2e54b3b8df+bench,SVG,instrument-2026-10-07T06-46-37.937Z,points-5000-seed-41544c53,miss,spatial_hit_test_sync_ms,ms,181,0.6999998092651367
Atlas,1c2e54b3b8df+bench,SVG,instrument-2026-10-07T06-46-37.937Z,points-5000-seed-41544c53,miss,spatial_hit_test_sync_ms,ms,182,0.7000000476837158
Atlas,1c2e54b3b8df+bench,SVG,instrument-2026-10-07T06-46-37.937Z,points-5000-seed-41544c53,miss,spatial_hit_test_sync_ms,ms,183,0.7000000476837158
Atlas,1c2e54b3b8df+bench,SVG,instrument-2026-10-07T06-46-37.937Z,points-5000-seed-41544c53,miss,spatial_hit_test_sync_ms,ms,184,0.7999999523162842
Atlas,1c2e54b3b8df+bench,SVG,instrument-2026-10-07T06-46-37.937Z,points-5000-seed-41544c53,miss,spatial_hit_test_sync_ms,ms,185,0.7999999523162842
Atlas,1c2e54b3b8df+bench,SVG,instrument-2026-10-07T06-46-37.937Z,points-5000-seed-41544c53,miss,spatial_hit_test_sync_ms,ms,186,0.8000001907348633
Atlas,1c2e54b3b8df+bench,SVG,instrument-2026-10-07T06-46-37.937Z,points-5000-seed-41544c53,miss,spatial_hit_test_sync_ms,ms,187,0.6999998092651367
Atlas,1c2e54b3b8df+bench,SVG,instrument-2026-10-07T06-46-37.937Z,points-5000-seed-41544c53,miss,spatial_hit_test_sync_ms,ms,188,0.7000000476837158
Atlas,1c2e54b3b8df+bench,SVG,instrument-2026-10-07T06-46-37.937Z,points-5000-seed-41544c53,miss,spatial_hit_test_sync_ms,ms,189,0.7999999523162842
Atlas,1c2e54b3b8df+bench,SVG,instrument-2026-10-07T06-46-37.937Z,points-5000-seed-41544c53,miss,spatial_hit_test_sync_ms,ms,190,0.8000001907348633
Atlas,1c2e54b3b8df+bench,SVG,instrument-2026-10-07T06-46-37.937Z,points-5000-seed-41544c53,miss,spatial_hit_test_sync_ms,ms,191,0.6999998092651367
Atlas,1c2e54b3b8df+bench,SVG,instrument-2026-10-07T06-46-37.937Z,points-5000-seed-41544c53,miss,spatial_hit_test_sync_ms,ms,192,0.8000001907348633
Atlas,1c2e54b3b8df+bench,SVG,instrument-2026-10-07T06-46-37.937Z,points-5000-seed-41544c53,miss,spatial_hit_test_sync_ms,ms,193,0.6999998092651367
Atlas,1c2e54b3b8df+bench,SVG,instrument-2026-10-07T06-46-37.937Z,points-5000-seed-41544c53,miss,spatial_hit_test_sync_ms,ms,194,0.8000001907348633
Atlas,1c2e54b3b8df+bench,SVG,instrument-2026-10-07T06-46-37.937Z,points-5000-seed-41544c53,miss,spatial_hit_test_sync_ms,ms,195,0.6999998092651367
Atlas,1c2e54b3b8df+bench,SVG,instrument-2026-10-07T06-46-37.937Z,points-5000-seed-41544c53,miss,spatial_hit_test_sync_ms,ms,196,0.8000001907348633
Atlas,1c2e54b3b8df+bench,SVG,instrument-2026-10-07T06-46-37.937Z,points-5000-seed-41544c53,miss,spatial_hit_test_sync_ms,ms,197,0.6999998092651367
Atlas,1c2e54b3b8df+bench,SVG,instrument-2026-10-07T06-46-37.937Z,points-5000-seed-41544c53,miss,spatial_hit_test_sync_ms,ms,198,0.8000001907348633
Atlas,1c2e54b3b8df+bench,SVG,instrument-2026-10-07T06-46-37.937Z,points-5000-seed-41544c53,miss,spatial_hit_test_sync_ms,ms,199,0.7999999523162842
Atlas,1c2e54b3b8df+bench,SVG,instrument-2026-10-07T06-46-37.937Z,points-5000-seed-41544c53,miss,root_iterator_creations,count,0,1
Atlas,1c2e54b3b8df+bench,SVG,instrument-2026-10-07T06-46-37.937Z,points-5000-seed-41544c53,miss,root_iterator_next_calls,count,0,5001
Atlas,1c2e54b3b8df+bench,SVG,instrument-2026-10-07T06-46-37.937Z,points-5000-seed-41544c53,miss,layout_rect_reads,count,0,0
Atlas,1c2e54b3b8df+bench,SVG,instrument-2026-10-07T06-46-37.937Z,points-5000-seed-41544c53,miss,cleanup_renderer_calls,count,0,0
Atlas,1c2e54b3b8df+bench,SVG,instrument-2026-10-07T06-46-37.937Z,points-5000-seed-41544c53,miss,cleanup_stage_children,count,0,0
Atlas,1c2e54b3b8df+bench,SVG,instrument-2026-10-07T06-46-37.937Z,points-5000-seed-41544c53,position-single,operation_sync_ms,ms,0,0.09999990463256836
Atlas,1c2e54b3b8df+bench,SVG,instrument-2026-10-07T06-46-37.937Z,points-5000-seed-41544c53,position-single,operation_to_raf_opportunities_ms,ms,0,29.299999952316284
Atlas,1c2e54b3b8df+bench,SVG,instrument-2026-10-07T06-46-37.937Z,points-5000-seed-41544c53,position-single,root_iterator_creations,count,0,1
Atlas,1c2e54b3b8df+bench,SVG,instrument-2026-10-07T06-46-37.937Z,points-5000-seed-41544c53,position-single,root_iterator_next_calls,count,0,5001
Atlas,1c2e54b3b8df+bench,SVG,instrument-2026-10-07T06-46-37.937Z,points-5000-seed-41544c53,position-single,renderer_scene_reads,count,0,1
Atlas,1c2e54b3b8df+bench,SVG,instrument-2026-10-07T06-46-37.937Z,points-5000-seed-41544c53,position-single,svg_attribute_writes,count,0,1
Atlas,1c2e54b3b8df+bench,SVG,instrument-2026-10-07T06-46-37.937Z,points-5000-seed-41544c53,position-single,renderer_calls,count,0,1
Atlas,1c2e54b3b8df+bench,SVG,instrument-2026-10-07T06-46-37.937Z,points-5000-seed-41544c53,position-single,layout_rect_reads,count,0,0
Atlas,1c2e54b3b8df+bench,SVG,instrument-2026-10-07T06-46-37.937Z,points-5000-seed-41544c53,position-single,instrumented_renderer_callback_ms,ms,0,0
Atlas,1c2e54b3b8df+bench,SVG,instrument-2026-10-07T06-46-37.937Z,points-5000-seed-41544c53,position-single,cleanup_renderer_calls,count,0,0
Atlas,1c2e54b3b8df+bench,SVG,instrument-2026-10-07T06-46-37.937Z,points-5000-seed-41544c53,position-single,cleanup_stage_children,count,0,0
Atlas,1c2e54b3b8df+bench,SVG,instrument-2026-10-07T06-46-37.937Z,points-5000-seed-41544c53,position-series,operation_sync_ms,ms,0,0
Atlas,1c2e54b3b8df+bench,SVG,instrument-2026-10-07T06-46-37.937Z,points-5000-seed-41544c53,position-series,operation_to_raf_opportunities_ms,ms,0,22.200000047683716
Atlas,1c2e54b3b8df+bench,SVG,instrument-2026-10-07T06-46-37.937Z,points-5000-seed-41544c53,position-series,root_iterator_creations,count,0,1
Atlas,1c2e54b3b8df+bench,SVG,instrument-2026-10-07T06-46-37.937Z,points-5000-seed-41544c53,position-series,root_iterator_next_calls,count,0,5001
Atlas,1c2e54b3b8df+bench,SVG,instrument-2026-10-07T06-46-37.937Z,points-5000-seed-41544c53,position-series,renderer_scene_reads,count,0,1
Atlas,1c2e54b3b8df+bench,SVG,instrument-2026-10-07T06-46-37.937Z,points-5000-seed-41544c53,position-series,svg_attribute_writes,count,0,100
Atlas,1c2e54b3b8df+bench,SVG,instrument-2026-10-07T06-46-37.937Z,points-5000-seed-41544c53,position-series,renderer_calls,count,0,1
Atlas,1c2e54b3b8df+bench,SVG,instrument-2026-10-07T06-46-37.937Z,points-5000-seed-41544c53,position-series,layout_rect_reads,count,0,0
Atlas,1c2e54b3b8df+bench,SVG,instrument-2026-10-07T06-46-37.937Z,points-5000-seed-41544c53,position-series,instrumented_renderer_callback_ms,ms,0,0.20000004768371582
Atlas,1c2e54b3b8df+bench,SVG,instrument-2026-10-07T06-46-37.937Z,points-5000-seed-41544c53,position-series,cleanup_renderer_calls,count,0,0
Atlas,1c2e54b3b8df+bench,SVG,instrument-2026-10-07T06-46-37.937Z,points-5000-seed-41544c53,position-series,cleanup_stage_children,count,0,0
Atlas,1c2e54b3b8df+bench,SVG,instrument-2026-10-07T06-46-37.937Z,points-5000-seed-41544c53,add-100,operation_sync_ms,ms,0,51.299999952316284
Atlas,1c2e54b3b8df+bench,SVG,instrument-2026-10-07T06-46-37.937Z,points-5000-seed-41544c53,add-100,cumulative_operation_ms,ms,100,51.299999952316284
Atlas,1c2e54b3b8df+bench,SVG,instrument-2026-10-07T06-46-37.937Z,points-5000-seed-41544c53,add-100,operation_to_raf_opportunities_ms,ms,0,69.5
Atlas,1c2e54b3b8df+bench,SVG,instrument-2026-10-07T06-46-37.937Z,points-5000-seed-41544c53,add-100,root_iterator_creations,count,0,102
Atlas,1c2e54b3b8df+bench,SVG,instrument-2026-10-07T06-46-37.937Z,points-5000-seed-41544c53,add-100,root_iterator_next_calls,count,0,515152
Atlas,1c2e54b3b8df+bench,SVG,instrument-2026-10-07T06-46-37.937Z,points-5000-seed-41544c53,add-100,renderer_scene_reads,count,0,1
Atlas,1c2e54b3b8df+bench,SVG,instrument-2026-10-07T06-46-37.937Z,points-5000-seed-41544c53,add-100,renderer_scene_membership_changes,count,0,1
Atlas,1c2e54b3b8df+bench,SVG,instrument-2026-10-07T06-46-37.937Z,points-5000-seed-41544c53,add-100,svg_attribute_writes,count,0,800
Atlas,1c2e54b3b8df+bench,SVG,instrument-2026-10-07T06-46-37.937Z,points-5000-seed-41544c53,add-100,svg_attribute_removals,count,0,100
Atlas,1c2e54b3b8df+bench,SVG,instrument-2026-10-07T06-46-37.937Z,points-5000-seed-41544c53,add-100,renderer_calls,count,0,1
Atlas,1c2e54b3b8df+bench,SVG,instrument-2026-10-07T06-46-37.937Z,points-5000-seed-41544c53,add-100,layout_rect_reads,count,0,0
Atlas,1c2e54b3b8df+bench,SVG,instrument-2026-10-07T06-46-37.937Z,points-5000-seed-41544c53,add-100,instrumented_renderer_callback_ms,ms,0,2.3999998569488525
Atlas,1c2e54b3b8df+bench,SVG,instrument-2026-10-07T06-46-37.937Z,points-5000-seed-41544c53,add-100,cleanup_renderer_calls,count,0,0
Atlas,1c2e54b3b8df+bench,SVG,instrument-2026-10-07T06-46-37.937Z,points-5000-seed-41544c53,add-100,cleanup_stage_children,count,0,0
Atlas,1c2e54b3b8df+bench,SVG,instrument-2026-10-07T06-46-37.937Z,points-5000-seed-41544c53,add-500,operation_sync_ms,ms,0,211
Atlas,1c2e54b3b8df+bench,SVG,instrument-2026-10-07T06-46-37.937Z,points-5000-seed-41544c53,add-500,cumulative_operation_ms,ms,100,42.5
Atlas,1c2e54b3b8df+bench,SVG,instrument-2026-10-07T06-46-37.937Z,points-5000-seed-41544c53,add-500,cumulative_operation_ms,ms,200,83.10000014305115
Atlas,1c2e54b3b8df+bench,SVG,instrument-2026-10-07T06-46-37.937Z,points-5000-seed-41544c53,add-500,cumulative_operation_ms,ms,300,125.60000014305115
Atlas,1c2e54b3b8df+bench,SVG,instrument-2026-10-07T06-46-37.937Z,points-5000-seed-41544c53,add-500,cumulative_operation_ms,ms,400,167.90000009536743
Atlas,1c2e54b3b8df+bench,SVG,instrument-2026-10-07T06-46-37.937Z,points-5000-seed-41544c53,add-500,cumulative_operation_ms,ms,500,211
Atlas,1c2e54b3b8df+bench,SVG,instrument-2026-10-07T06-46-37.937Z,points-5000-seed-41544c53,add-500,operation_to_raf_opportunities_ms,ms,0,232
Atlas,1c2e54b3b8df+bench,SVG,instrument-2026-10-07T06-46-37.937Z,points-5000-seed-41544c53,add-500,root_iterator_creations,count,0,502
Atlas,1c2e54b3b8df+bench,SVG,instrument-2026-10-07T06-46-37.937Z,points-5000-seed-41544c53,add-500,root_iterator_next_calls,count,0,2635752
Atlas,1c2e54b3b8df+bench,SVG,instrument-2026-10-07T06-46-37.937Z,points-5000-seed-41544c53,add-500,renderer_scene_reads,count,0,1
Atlas,1c2e54b3b8df+bench,SVG,instrument-2026-10-07T06-46-37.937Z,points-5000-seed-41544c53,add-500,renderer_scene_membership_changes,count,0,1
Atlas,1c2e54b3b8df+bench,SVG,instrument-2026-10-07T06-46-37.937Z,points-5000-seed-41544c53,add-500,svg_attribute_writes,count,0,4000
Atlas,1c2e54b3b8df+bench,SVG,instrument-2026-10-07T06-46-37.937Z,points-5000-seed-41544c53,add-500,svg_attribute_removals,count,0,500
Atlas,1c2e54b3b8df+bench,SVG,instrument-2026-10-07T06-46-37.937Z,points-5000-seed-41544c53,add-500,renderer_calls,count,0,1
Atlas,1c2e54b3b8df+bench,SVG,instrument-2026-10-07T06-46-37.937Z,points-5000-seed-41544c53,add-500,layout_rect_reads,count,0,0
Atlas,1c2e54b3b8df+bench,SVG,instrument-2026-10-07T06-46-37.937Z,points-5000-seed-41544c53,add-500,instrumented_renderer_callback_ms,ms,0,3.4000000953674316
Atlas,1c2e54b3b8df+bench,SVG,instrument-2026-10-07T06-46-37.937Z,points-5000-seed-41544c53,add-500,cleanup_renderer_calls,count,0,0
Atlas,1c2e54b3b8df+bench,SVG,instrument-2026-10-07T06-46-37.937Z,points-5000-seed-41544c53,add-500,cleanup_stage_children,count,0,0
Atlas,1c2e54b3b8df+bench,SVG,instrument-2026-10-07T06-46-37.937Z,points-5000-seed-41544c53,add-1000,operation_sync_ms,ms,0,468.5
Atlas,1c2e54b3b8df+bench,SVG,instrument-2026-10-07T06-46-37.937Z,points-5000-seed-41544c53,add-1000,cumulative_operation_ms,ms,100,59.09999990463257
Atlas,1c2e54b3b8df+bench,SVG,instrument-2026-10-07T06-46-37.937Z,points-5000-seed-41544c53,add-1000,cumulative_operation_ms,ms,200,103.20000004768372
Atlas,1c2e54b3b8df+bench,SVG,instrument-2026-10-07T06-46-37.937Z,points-5000-seed-41544c53,add-1000,cumulative_operation_ms,ms,300,146.29999995231628
Atlas,1c2e54b3b8df+bench,SVG,instrument-2026-10-07T06-46-37.937Z,points-5000-seed-41544c53,add-1000,cumulative_operation_ms,ms,400,189.5
Atlas,1c2e54b3b8df+bench,SVG,instrument-2026-10-07T06-46-37.937Z,points-5000-seed-41544c53,add-1000,cumulative_operation_ms,ms,500,235.09999990463257
Atlas,1c2e54b3b8df+bench,SVG,instrument-2026-10-07T06-46-37.937Z,points-5000-seed-41544c53,add-1000,cumulative_operation_ms,ms,600,280
Atlas,1c2e54b3b8df+bench,SVG,instrument-2026-10-07T06-46-37.937Z,points-5000-seed-41544c53,add-1000,cumulative_operation_ms,ms,700,326
Atlas,1c2e54b3b8df+bench,SVG,instrument-2026-10-07T06-46-37.937Z,points-5000-seed-41544c53,add-1000,cumulative_operation_ms,ms,800,371.7000000476837
Atlas,1c2e54b3b8df+bench,SVG,instrument-2026-10-07T06-46-37.937Z,points-5000-seed-41544c53,add-1000,cumulative_operation_ms,ms,900,421
Atlas,1c2e54b3b8df+bench,SVG,instrument-2026-10-07T06-46-37.937Z,points-5000-seed-41544c53,add-1000,cumulative_operation_ms,ms,1000,468.5
Atlas,1c2e54b3b8df+bench,SVG,instrument-2026-10-07T06-46-37.937Z,points-5000-seed-41544c53,add-1000,operation_to_raf_opportunities_ms,ms,0,494.2999999523163
Atlas,1c2e54b3b8df+bench,SVG,instrument-2026-10-07T06-46-37.937Z,points-5000-seed-41544c53,add-1000,root_iterator_creations,count,0,1002
Atlas,1c2e54b3b8df+bench,SVG,instrument-2026-10-07T06-46-37.937Z,points-5000-seed-41544c53,add-1000,root_iterator_next_calls,count,0,5511502
Atlas,1c2e54b3b8df+bench,SVG,instrument-2026-10-07T06-46-37.937Z,points-5000-seed-41544c53,add-1000,renderer_scene_reads,count,0,1
Atlas,1c2e54b3b8df+bench,SVG,instrument-2026-10-07T06-46-37.937Z,points-5000-seed-41544c53,add-1000,renderer_scene_membership_changes,count,0,1
Atlas,1c2e54b3b8df+bench,SVG,instrument-2026-10-07T06-46-37.937Z,points-5000-seed-41544c53,add-1000,svg_attribute_writes,count,0,8000
Atlas,1c2e54b3b8df+bench,SVG,instrument-2026-10-07T06-46-37.937Z,points-5000-seed-41544c53,add-1000,svg_attribute_removals,count,0,1000
Atlas,1c2e54b3b8df+bench,SVG,instrument-2026-10-07T06-46-37.937Z,points-5000-seed-41544c53,add-1000,renderer_calls,count,0,1
Atlas,1c2e54b3b8df+bench,SVG,instrument-2026-10-07T06-46-37.937Z,points-5000-seed-41544c53,add-1000,layout_rect_reads,count,0,0
Atlas,1c2e54b3b8df+bench,SVG,instrument-2026-10-07T06-46-37.937Z,points-5000-seed-41544c53,add-1000,instrumented_renderer_callback_ms,ms,0,5.200000047683716
Atlas,1c2e54b3b8df+bench,SVG,instrument-2026-10-07T06-46-37.937Z,points-5000-seed-41544c53,add-1000,cleanup_renderer_calls,count,0,0
Atlas,1c2e54b3b8df+bench,SVG,instrument-2026-10-07T06-46-37.937Z,points-5000-seed-41544c53,add-1000,cleanup_stage_children,count,0,0
Atlas,1c2e54b3b8df+bench,SVG,instrument-2026-10-07T06-46-37.937Z,points-5000-seed-41544c53,remove-100,operation_sync_ms,ms,0,48.69999980926514
Atlas,1c2e54b3b8df+bench,SVG,instrument-2026-10-07T06-46-37.937Z,points-5000-seed-41544c53,remove-100,cumulative_operation_ms,ms,100,48.69999980926514
Atlas,1c2e54b3b8df+bench,SVG,instrument-2026-10-07T06-46-37.937Z,points-5000-seed-41544c53,remove-100,operation_to_raf_opportunities_ms,ms,0,65
Atlas,1c2e54b3b8df+bench,SVG,instrument-2026-10-07T06-46-37.937Z,points-5000-seed-41544c53,remove-100,root_iterator_creations,count,0,102
Atlas,1c2e54b3b8df+bench,SVG,instrument-2026-10-07T06-46-37.937Z,points-5000-seed-41544c53,remove-100,root_iterator_next_calls,count,0,504952
Atlas,1c2e54b3b8df+bench,SVG,instrument-2026-10-07T06-46-37.937Z,points-5000-seed-41544c53,remove-100,renderer_scene_reads,count,0,1
Atlas,1c2e54b3b8df+bench,SVG,instrument-2026-10-07T06-46-37.937Z,points-5000-seed-41544c53,remove-100,renderer_scene_membership_changes,count,0,1
Atlas,1c2e54b3b8df+bench,SVG,instrument-2026-10-07T06-46-37.937Z,points-5000-seed-41544c53,remove-100,renderer_calls,count,0,1
Atlas,1c2e54b3b8df+bench,SVG,instrument-2026-10-07T06-46-37.937Z,points-5000-seed-41544c53,remove-100,layout_rect_reads,count,0,0
Atlas,1c2e54b3b8df+bench,SVG,instrument-2026-10-07T06-46-37.937Z,points-5000-seed-41544c53,remove-100,instrumented_renderer_callback_ms,ms,0,1.9000000953674316
Atlas,1c2e54b3b8df+bench,SVG,instrument-2026-10-07T06-46-37.937Z,points-5000-seed-41544c53,remove-100,cleanup_renderer_calls,count,0,0
Atlas,1c2e54b3b8df+bench,SVG,instrument-2026-10-07T06-46-37.937Z,points-5000-seed-41544c53,remove-100,cleanup_stage_children,count,0,0
Atlas,1c2e54b3b8df+bench,SVG,instrument-2026-10-07T06-46-37.937Z,points-5000-seed-41544c53,remove-500,operation_sync_ms,ms,0,215.5
Atlas,1c2e54b3b8df+bench,SVG,instrument-2026-10-07T06-46-37.937Z,points-5000-seed-41544c53,remove-500,cumulative_operation_ms,ms,100,47.89999985694885
Atlas,1c2e54b3b8df+bench,SVG,instrument-2026-10-07T06-46-37.937Z,points-5000-seed-41544c53,remove-500,cumulative_operation_ms,ms,200,91.09999990463257
Atlas,1c2e54b3b8df+bench,SVG,instrument-2026-10-07T06-46-37.937Z,points-5000-seed-41544c53,remove-500,cumulative_operation_ms,ms,300,133.79999995231628
Atlas,1c2e54b3b8df+bench,SVG,instrument-2026-10-07T06-46-37.937Z,points-5000-seed-41544c53,remove-500,cumulative_operation_ms,ms,400,175.29999995231628
Atlas,1c2e54b3b8df+bench,SVG,instrument-2026-10-07T06-46-37.937Z,points-5000-seed-41544c53,remove-500,cumulative_operation_ms,ms,500,215.5
Atlas,1c2e54b3b8df+bench,SVG,instrument-2026-10-07T06-46-37.937Z,points-5000-seed-41544c53,remove-500,operation_to_raf_opportunities_ms,ms,0,231.79999995231628
Atlas,1c2e54b3b8df+bench,SVG,instrument-2026-10-07T06-46-37.937Z,points-5000-seed-41544c53,remove-500,root_iterator_creations,count,0,502
Atlas,1c2e54b3b8df+bench,SVG,instrument-2026-10-07T06-46-37.937Z,points-5000-seed-41544c53,remove-500,root_iterator_next_calls,count,0,2384752
Atlas,1c2e54b3b8df+bench,SVG,instrument-2026-10-07T06-46-37.937Z,points-5000-seed-41544c53,remove-500,renderer_scene_reads,count,0,1
Atlas,1c2e54b3b8df+bench,SVG,instrument-2026-10-07T06-46-37.937Z,points-5000-seed-41544c53,remove-500,renderer_scene_membership_changes,count,0,1
Atlas,1c2e54b3b8df+bench,SVG,instrument-2026-10-07T06-46-37.937Z,points-5000-seed-41544c53,remove-500,renderer_calls,count,0,1
Atlas,1c2e54b3b8df+bench,SVG,instrument-2026-10-07T06-46-37.937Z,points-5000-seed-41544c53,remove-500,layout_rect_reads,count,0,0
Atlas,1c2e54b3b8df+bench,SVG,instrument-2026-10-07T06-46-37.937Z,points-5000-seed-41544c53,remove-500,instrumented_renderer_callback_ms,ms,0,2
Atlas,1c2e54b3b8df+bench,SVG,instrument-2026-10-07T06-46-37.937Z,points-5000-seed-41544c53,remove-500,cleanup_renderer_calls,count,0,0
Atlas,1c2e54b3b8df+bench,SVG,instrument-2026-10-07T06-46-37.937Z,points-5000-seed-41544c53,remove-500,cleanup_stage_children,count,0,0
Atlas,1c2e54b3b8df+bench,SVG,instrument-2026-10-07T06-46-37.937Z,points-5000-seed-41544c53,remove-1000,operation_sync_ms,ms,0,405
Atlas,1c2e54b3b8df+bench,SVG,instrument-2026-10-07T06-46-37.937Z,points-5000-seed-41544c53,remove-1000,cumulative_operation_ms,ms,100,48.40000009536743
Atlas,1c2e54b3b8df+bench,SVG,instrument-2026-10-07T06-46-37.937Z,points-5000-seed-41544c53,remove-1000,cumulative_operation_ms,ms,200,91.30000019073486
Atlas,1c2e54b3b8df+bench,SVG,instrument-2026-10-07T06-46-37.937Z,points-5000-seed-41544c53,remove-1000,cumulative_operation_ms,ms,300,133.5
Atlas,1c2e54b3b8df+bench,SVG,instrument-2026-10-07T06-46-37.937Z,points-5000-seed-41544c53,remove-1000,cumulative_operation_ms,ms,400,175.20000004768372
Atlas,1c2e54b3b8df+bench,SVG,instrument-2026-10-07T06-46-37.937Z,points-5000-seed-41544c53,remove-1000,cumulative_operation_ms,ms,500,216.10000014305115
Atlas,1c2e54b3b8df+bench,SVG,instrument-2026-10-07T06-46-37.937Z,points-5000-seed-41544c53,remove-1000,cumulative_operation_ms,ms,600,255.40000009536743
Atlas,1c2e54b3b8df+bench,SVG,instrument-2026-10-07T06-46-37.937Z,points-5000-seed-41544c53,remove-1000,cumulative_operation_ms,ms,700,295
Atlas,1c2e54b3b8df+bench,SVG,instrument-2026-10-07T06-46-37.937Z,points-5000-seed-41544c53,remove-1000,cumulative_operation_ms,ms,800,332.40000009536743
Atlas,1c2e54b3b8df+bench,SVG,instrument-2026-10-07T06-46-37.937Z,points-5000-seed-41544c53,remove-1000,cumulative_operation_ms,ms,900,368.80000019073486
Atlas,1c2e54b3b8df+bench,SVG,instrument-2026-10-07T06-46-37.937Z,points-5000-seed-41544c53,remove-1000,cumulative_operation_ms,ms,1000,405
Atlas,1c2e54b3b8df+bench,SVG,instrument-2026-10-07T06-46-37.937Z,points-5000-seed-41544c53,remove-1000,operation_to_raf_opportunities_ms,ms,0,420.7000000476837
Atlas,1c2e54b3b8df+bench,SVG,instrument-2026-10-07T06-46-37.937Z,points-5000-seed-41544c53,remove-1000,root_iterator_creations,count,0,1002
Atlas,1c2e54b3b8df+bench,SVG,instrument-2026-10-07T06-46-37.937Z,points-5000-seed-41544c53,remove-1000,root_iterator_next_calls,count,0,4509502
Atlas,1c2e54b3b8df+bench,SVG,instrument-2026-10-07T06-46-37.937Z,points-5000-seed-41544c53,remove-1000,renderer_scene_reads,count,0,1
Atlas,1c2e54b3b8df+bench,SVG,instrument-2026-10-07T06-46-37.937Z,points-5000-seed-41544c53,remove-1000,renderer_scene_membership_changes,count,0,1
Atlas,1c2e54b3b8df+bench,SVG,instrument-2026-10-07T06-46-37.937Z,points-5000-seed-41544c53,remove-1000,renderer_calls,count,0,1
Atlas,1c2e54b3b8df+bench,SVG,instrument-2026-10-07T06-46-37.937Z,points-5000-seed-41544c53,remove-1000,layout_rect_reads,count,0,0
Atlas,1c2e54b3b8df+bench,SVG,instrument-2026-10-07T06-46-37.937Z,points-5000-seed-41544c53,remove-1000,instrumented_renderer_callback_ms,ms,0,1.9000000953674316
Atlas,1c2e54b3b8df+bench,SVG,instrument-2026-10-07T06-46-37.937Z,points-5000-seed-41544c53,remove-1000,cleanup_renderer_calls,count,0,0
Atlas,1c2e54b3b8df+bench,SVG,instrument-2026-10-07T06-46-37.937Z,points-5000-seed-41544c53,remove-1000,cleanup_stage_children,count,0,0
Atlas,1c2e54b3b8df+bench,SVG,instrument-2026-10-07T06-46-37.937Z,points-5000-seed-41544c53,wheel-input,synthetic_wheel_dispatch_sync_ms,ms,0,0
Atlas,1c2e54b3b8df+bench,SVG,instrument-2026-10-07T06-46-37.937Z,points-5000-seed-41544c53,wheel-input,synthetic_wheel_dispatch_sync_ms,ms,1,0.09999990463256836
Atlas,1c2e54b3b8df+bench,SVG,instrument-2026-10-07T06-46-37.937Z,points-5000-seed-41544c53,wheel-input,synthetic_wheel_dispatch_sync_ms,ms,2,0
Atlas,1c2e54b3b8df+bench,SVG,instrument-2026-10-07T06-46-37.937Z,points-5000-seed-41544c53,wheel-input,synthetic_wheel_dispatch_sync_ms,ms,3,0
Atlas,1c2e54b3b8df+bench,SVG,instrument-2026-10-07T06-46-37.937Z,points-5000-seed-41544c53,wheel-input,synthetic_wheel_dispatch_sync_ms,ms,4,0
Atlas,1c2e54b3b8df+bench,SVG,instrument-2026-10-07T06-46-37.937Z,points-5000-seed-41544c53,wheel-input,synthetic_wheel_dispatch_sync_ms,ms,5,0.09999990463256836
Atlas,1c2e54b3b8df+bench,SVG,instrument-2026-10-07T06-46-37.937Z,points-5000-seed-41544c53,wheel-input,synthetic_wheel_dispatch_sync_ms,ms,6,0
Atlas,1c2e54b3b8df+bench,SVG,instrument-2026-10-07T06-46-37.937Z,points-5000-seed-41544c53,wheel-input,synthetic_wheel_dispatch_sync_ms,ms,7,0.09999990463256836
Atlas,1c2e54b3b8df+bench,SVG,instrument-2026-10-07T06-46-37.937Z,points-5000-seed-41544c53,wheel-input,synthetic_wheel_dispatch_sync_ms,ms,8,0
Atlas,1c2e54b3b8df+bench,SVG,instrument-2026-10-07T06-46-37.937Z,points-5000-seed-41544c53,wheel-input,synthetic_wheel_dispatch_sync_ms,ms,9,0
Atlas,1c2e54b3b8df+bench,SVG,instrument-2026-10-07T06-46-37.937Z,points-5000-seed-41544c53,wheel-input,layout_rect_reads,count,0,52
Atlas,1c2e54b3b8df+bench,SVG,instrument-2026-10-07T06-46-37.937Z,points-5000-seed-41544c53,wheel-input,renderer_scene_reads,count,0,10
Atlas,1c2e54b3b8df+bench,SVG,instrument-2026-10-07T06-46-37.937Z,points-5000-seed-41544c53,wheel-input,svg_attribute_writes,count,0,50010
Atlas,1c2e54b3b8df+bench,SVG,instrument-2026-10-07T06-46-37.937Z,points-5000-seed-41544c53,wheel-input,renderer_calls,count,0,10
Atlas,1c2e54b3b8df+bench,SVG,instrument-2026-10-07T06-46-37.937Z,points-5000-seed-41544c53,wheel-input,instrumented_renderer_callback_ms,ms,0,2.0999999046325684
Atlas,1c2e54b3b8df+bench,SVG,instrument-2026-10-07T06-46-37.937Z,points-5000-seed-41544c53,wheel-input,instrumented_renderer_callback_ms,ms,1,2.1000001430511475
Atlas,1c2e54b3b8df+bench,SVG,instrument-2026-10-07T06-46-37.937Z,points-5000-seed-41544c53,wheel-input,instrumented_renderer_callback_ms,ms,2,1.7000000476837158
Atlas,1c2e54b3b8df+bench,SVG,instrument-2026-10-07T06-46-37.937Z,points-5000-seed-41544c53,wheel-input,instrumented_renderer_callback_ms,ms,3,1.5999999046325684
Atlas,1c2e54b3b8df+bench,SVG,instrument-2026-10-07T06-46-37.937Z,points-5000-seed-41544c53,wheel-input,instrumented_renderer_callback_ms,ms,4,1.5
Atlas,1c2e54b3b8df+bench,SVG,instrument-2026-10-07T06-46-37.937Z,points-5000-seed-41544c53,wheel-input,instrumented_renderer_callback_ms,ms,5,1.5999999046325684
Atlas,1c2e54b3b8df+bench,SVG,instrument-2026-10-07T06-46-37.937Z,points-5000-seed-41544c53,wheel-input,instrumented_renderer_callback_ms,ms,6,1.8000001907348633
Atlas,1c2e54b3b8df+bench,SVG,instrument-2026-10-07T06-46-37.937Z,points-5000-seed-41544c53,wheel-input,instrumented_renderer_callback_ms,ms,7,1.5999999046325684
Atlas,1c2e54b3b8df+bench,SVG,instrument-2026-10-07T06-46-37.937Z,points-5000-seed-41544c53,wheel-input,instrumented_renderer_callback_ms,ms,8,1.5999999046325684
Atlas,1c2e54b3b8df+bench,SVG,instrument-2026-10-07T06-46-37.937Z,points-5000-seed-41544c53,wheel-input,instrumented_renderer_callback_ms,ms,9,1.5999999046325684
Atlas,1c2e54b3b8df+bench,SVG,instrument-2026-10-07T06-46-37.937Z,points-5000-seed-41544c53,wheel-input,cleanup_renderer_calls,count,0,0
Atlas,1c2e54b3b8df+bench,SVG,instrument-2026-10-07T06-46-37.937Z,points-5000-seed-41544c53,wheel-input,cleanup_stage_children,count,0,0
Atlas,1c2e54b3b8df+bench,SVG,instrument-2026-10-07T06-46-37.937Z,mixed-3000-seed-41544c53,load,load_promise_ms,ms,0,28.899999856948853
Atlas,1c2e54b3b8df+bench,SVG,instrument-2026-10-07T06-46-37.937Z,mixed-3000-seed-41544c53,load,create_to_raf_opportunities_ms,ms,0,139.90000009536743
Atlas,1c2e54b3b8df+bench,SVG,instrument-2026-10-07T06-46-37.937Z,mixed-3000-seed-41544c53,load,semantic_roots,count,0,3000
Atlas,1c2e54b3b8df+bench,SVG,instrument-2026-10-07T06-46-37.937Z,mixed-3000-seed-41544c53,load,owned_points,count,0,5400
Atlas,1c2e54b3b8df+bench,SVG,instrument-2026-10-07T06-46-37.937Z,mixed-3000-seed-41544c53,load,visual_primitives,count,0,7200
Atlas,1c2e54b3b8df+bench,SVG,instrument-2026-10-07T06-46-37.937Z,mixed-3000-seed-41544c53,load,svg_element_nodes,count,0,14402
Atlas,1c2e54b3b8df+bench,SVG,instrument-2026-10-07T06-46-37.937Z,mixed-3000-seed-41544c53,load,shadow_element_nodes,count,0,14403
Atlas,1c2e54b3b8df+bench,SVG,instrument-2026-10-07T06-46-37.937Z,mixed-3000-seed-41544c53,load,shadow_dom_nodes,count,0,14406
Atlas,1c2e54b3b8df+bench,SVG,instrument-2026-10-07T06-46-37.937Z,mixed-3000-seed-41544c53,load,root_iterator_creations,count,0,4
Atlas,1c2e54b3b8df+bench,SVG,instrument-2026-10-07T06-46-37.937Z,mixed-3000-seed-41544c53,load,root_iterator_next_calls,count,0,6004
Atlas,1c2e54b3b8df+bench,SVG,instrument-2026-10-07T06-46-37.937Z,mixed-3000-seed-41544c53,load,svg_attribute_writes,count,0,61807
Atlas,1c2e54b3b8df+bench,SVG,instrument-2026-10-07T06-46-37.937Z,mixed-3000-seed-41544c53,load,renderer_calls,count,0,2
Atlas,1c2e54b3b8df+bench,SVG,instrument-2026-10-07T06-46-37.937Z,mixed-3000-seed-41544c53,load,route_membership_reads,count,0,1200
Atlas,1c2e54b3b8df+bench,SVG,instrument-2026-10-07T06-46-37.937Z,mixed-3000-seed-41544c53,load,renderer_scene_reads,count,0,2
Atlas,1c2e54b3b8df+bench,SVG,instrument-2026-10-07T06-46-37.937Z,mixed-3000-seed-41544c53,load,svg_attribute_removals,count,0,7200
Atlas,1c2e54b3b8df+bench,SVG,instrument-2026-10-07T06-46-37.937Z,mixed-3000-seed-41544c53,load,layout_rect_reads,count,0,0
Atlas,1c2e54b3b8df+bench,SVG,instrument-2026-10-07T06-46-37.937Z,mixed-3000-seed-41544c53,load,instrumented_renderer_callback_ms,ms,0,0.09999990463256836
Atlas,1c2e54b3b8df+bench,SVG,instrument-2026-10-07T06-46-37.937Z,mixed-3000-seed-41544c53,load,instrumented_renderer_callback_ms,ms,1,12.599999904632568
Atlas,1c2e54b3b8df+bench,SVG,instrument-2026-10-07T06-46-37.937Z,mixed-3000-seed-41544c53,load,instrumented_prepare_promise_ms,ms,0,12.800000190734863
Atlas,1c2e54b3b8df+bench,SVG,instrument-2026-10-07T06-46-37.937Z,mixed-3000-seed-41544c53,load,cleanup_renderer_calls,count,0,0
Atlas,1c2e54b3b8df+bench,SVG,instrument-2026-10-07T06-46-37.937Z,mixed-3000-seed-41544c53,load,cleanup_stage_children,count,0,0
Atlas,1c2e54b3b8df+bench,SVG,instrument-2026-10-07T06-46-37.937Z,mixed-3000-seed-41544c53,pan,frame_interval_ms,ms,0,16.70000000001164
Atlas,1c2e54b3b8df+bench,SVG,instrument-2026-10-07T06-46-37.937Z,mixed-3000-seed-41544c53,pan,camera_api_sync_ms,ms,0,0.10000014305114746
Atlas,1c2e54b3b8df+bench,SVG,instrument-2026-10-07T06-46-37.937Z,mixed-3000-seed-41544c53,pan,frame_interval_ms,ms,1,16.699999999982538
Atlas,1c2e54b3b8df+bench,SVG,instrument-2026-10-07T06-46-37.937Z,mixed-3000-seed-41544c53,pan,camera_api_sync_ms,ms,1,0
Atlas,1c2e54b3b8df+bench,SVG,instrument-2026-10-07T06-46-37.937Z,mixed-3000-seed-41544c53,pan,frame_interval_ms,ms,2,16.60000000000582
Atlas,1c2e54b3b8df+bench,SVG,instrument-2026-10-07T06-46-37.937Z,mixed-3000-seed-41544c53,pan,camera_api_sync_ms,ms,2,0.10000014305114746
Atlas,1c2e54b3b8df+bench,SVG,instrument-2026-10-07T06-46-37.937Z,mixed-3000-seed-41544c53,pan,frame_interval_ms,ms,3,33.39999999999418
Atlas,1c2e54b3b8df+bench,SVG,instrument-2026-10-07T06-46-37.937Z,mixed-3000-seed-41544c53,pan,camera_api_sync_ms,ms,3,0
Atlas,1c2e54b3b8df+bench,SVG,instrument-2026-10-07T06-46-37.937Z,mixed-3000-seed-41544c53,pan,frame_interval_ms,ms,4,16.60000000000582
Atlas,1c2e54b3b8df+bench,SVG,instrument-2026-10-07T06-46-37.937Z,mixed-3000-seed-41544c53,pan,camera_api_sync_ms,ms,4,0
Atlas,1c2e54b3b8df+bench,SVG,instrument-2026-10-07T06-46-37.937Z,mixed-3000-seed-41544c53,pan,frame_interval_ms,ms,5,33.39999999999418
Atlas,1c2e54b3b8df+bench,SVG,instrument-2026-10-07T06-46-37.937Z,mixed-3000-seed-41544c53,pan,camera_api_sync_ms,ms,5,0
Atlas,1c2e54b3b8df+bench,SVG,instrument-2026-10-07T06-46-37.937Z,mixed-3000-seed-41544c53,pan,frame_interval_ms,ms,6,16.70000000001164
Atlas,1c2e54b3b8df+bench,SVG,instrument-2026-10-07T06-46-37.937Z,mixed-3000-seed-41544c53,pan,camera_api_sync_ms,ms,6,0
Atlas,1c2e54b3b8df+bench,SVG,instrument-2026-10-07T06-46-37.937Z,mixed-3000-seed-41544c53,pan,frame_interval_ms,ms,7,16.60000000000582
Atlas,1c2e54b3b8df+bench,SVG,instrument-2026-10-07T06-46-37.937Z,mixed-3000-seed-41544c53,pan,camera_api_sync_ms,ms,7,0
Atlas,1c2e54b3b8df+bench,SVG,instrument-2026-10-07T06-46-37.937Z,mixed-3000-seed-41544c53,pan,frame_interval_ms,ms,8,16.599999999976717
Atlas,1c2e54b3b8df+bench,SVG,instrument-2026-10-07T06-46-37.937Z,mixed-3000-seed-41544c53,pan,camera_api_sync_ms,ms,8,0
Atlas,1c2e54b3b8df+bench,SVG,instrument-2026-10-07T06-46-37.937Z,mixed-3000-seed-41544c53,pan,frame_interval_ms,ms,9,33.40000000002328
Atlas,1c2e54b3b8df+bench,SVG,instrument-2026-10-07T06-46-37.937Z,mixed-3000-seed-41544c53,pan,camera_api_sync_ms,ms,9,0
Atlas,1c2e54b3b8df+bench,SVG,instrument-2026-10-07T06-46-37.937Z,mixed-3000-seed-41544c53,pan,frame_interval_ms,ms,10,16.599999999976717
Atlas,1c2e54b3b8df+bench,SVG,instrument-2026-10-07T06-46-37.937Z,mixed-3000-seed-41544c53,pan,camera_api_sync_ms,ms,10,0
Atlas,1c2e54b3b8df+bench,SVG,instrument-2026-10-07T06-46-37.937Z,mixed-3000-seed-41544c53,pan,frame_interval_ms,ms,11,50
Atlas,1c2e54b3b8df+bench,SVG,instrument-2026-10-07T06-46-37.937Z,mixed-3000-seed-41544c53,pan,camera_api_sync_ms,ms,11,0
Atlas,1c2e54b3b8df+bench,SVG,instrument-2026-10-07T06-46-37.937Z,mixed-3000-seed-41544c53,pan,frame_interval_ms,ms,12,16.70000000001164
Atlas,1c2e54b3b8df+bench,SVG,instrument-2026-10-07T06-46-37.937Z,mixed-3000-seed-41544c53,pan,camera_api_sync_ms,ms,12,0
Atlas,1c2e54b3b8df+bench,SVG,instrument-2026-10-07T06-46-37.937Z,mixed-3000-seed-41544c53,pan,frame_interval_ms,ms,13,16.60000000000582
Atlas,1c2e54b3b8df+bench,SVG,instrument-2026-10-07T06-46-37.937Z,mixed-3000-seed-41544c53,pan,camera_api_sync_ms,ms,13,0.10000014305114746
Atlas,1c2e54b3b8df+bench,SVG,instrument-2026-10-07T06-46-37.937Z,mixed-3000-seed-41544c53,pan,frame_interval_ms,ms,14,50.10000000000582
Atlas,1c2e54b3b8df+bench,SVG,instrument-2026-10-07T06-46-37.937Z,mixed-3000-seed-41544c53,pan,camera_api_sync_ms,ms,14,0.09999990463256836
Atlas,1c2e54b3b8df+bench,SVG,instrument-2026-10-07T06-46-37.937Z,mixed-3000-seed-41544c53,pan,frame_interval_ms,ms,15,16.599999999976717
Atlas,1c2e54b3b8df+bench,SVG,instrument-2026-10-07T06-46-37.937Z,mixed-3000-seed-41544c53,pan,camera_api_sync_ms,ms,15,0
Atlas,1c2e54b3b8df+bench,SVG,instrument-2026-10-07T06-46-37.937Z,mixed-3000-seed-41544c53,pan,frame_interval_ms,ms,16,16.70000000001164
Atlas,1c2e54b3b8df+bench,SVG,instrument-2026-10-07T06-46-37.937Z,mixed-3000-seed-41544c53,pan,camera_api_sync_ms,ms,16,0.09999990463256836
Atlas,1c2e54b3b8df+bench,SVG,instrument-2026-10-07T06-46-37.937Z,mixed-3000-seed-41544c53,pan,frame_interval_ms,ms,17,33.39999999999418
Atlas,1c2e54b3b8df+bench,SVG,instrument-2026-10-07T06-46-37.937Z,mixed-3000-seed-41544c53,pan,camera_api_sync_ms,ms,17,0.10000014305114746
Atlas,1c2e54b3b8df+bench,SVG,instrument-2026-10-07T06-46-37.937Z,mixed-3000-seed-41544c53,pan,frame_interval_ms,ms,18,50
Atlas,1c2e54b3b8df+bench,SVG,instrument-2026-10-07T06-46-37.937Z,mixed-3000-seed-41544c53,pan,camera_api_sync_ms,ms,18,0
Atlas,1c2e54b3b8df+bench,SVG,instrument-2026-10-07T06-46-37.937Z,mixed-3000-seed-41544c53,pan,frame_interval_ms,ms,19,16.60000000000582
Atlas,1c2e54b3b8df+bench,SVG,instrument-2026-10-07T06-46-37.937Z,mixed-3000-seed-41544c53,pan,camera_api_sync_ms,ms,19,0
Atlas,1c2e54b3b8df+bench,SVG,instrument-2026-10-07T06-46-37.937Z,mixed-3000-seed-41544c53,pan,frame_interval_ms,ms,20,16.60000000000582
Atlas,1c2e54b3b8df+bench,SVG,instrument-2026-10-07T06-46-37.937Z,mixed-3000-seed-41544c53,pan,camera_api_sync_ms,ms,20,0
Atlas,1c2e54b3b8df+bench,SVG,instrument-2026-10-07T06-46-37.937Z,mixed-3000-seed-41544c53,pan,frame_interval_ms,ms,21,33.39999999999418
Atlas,1c2e54b3b8df+bench,SVG,instrument-2026-10-07T06-46-37.937Z,mixed-3000-seed-41544c53,pan,camera_api_sync_ms,ms,21,0
Atlas,1c2e54b3b8df+bench,SVG,instrument-2026-10-07T06-46-37.937Z,mixed-3000-seed-41544c53,pan,frame_interval_ms,ms,22,16.70000000001164
Atlas,1c2e54b3b8df+bench,SVG,instrument-2026-10-07T06-46-37.937Z,mixed-3000-seed-41544c53,pan,camera_api_sync_ms,ms,22,0
Atlas,1c2e54b3b8df+bench,SVG,instrument-2026-10-07T06-46-37.937Z,mixed-3000-seed-41544c53,pan,frame_interval_ms,ms,23,16.599999999976717
Atlas,1c2e54b3b8df+bench,SVG,instrument-2026-10-07T06-46-37.937Z,mixed-3000-seed-41544c53,pan,camera_api_sync_ms,ms,23,0
Atlas,1c2e54b3b8df+bench,SVG,instrument-2026-10-07T06-46-37.937Z,mixed-3000-seed-41544c53,pan,frame_interval_ms,ms,24,33.40000000002328
Atlas,1c2e54b3b8df+bench,SVG,instrument-2026-10-07T06-46-37.937Z,mixed-3000-seed-41544c53,pan,camera_api_sync_ms,ms,24,0
Atlas,1c2e54b3b8df+bench,SVG,instrument-2026-10-07T06-46-37.937Z,mixed-3000-seed-41544c53,pan,frame_interval_ms,ms,25,49.89999999999418
Atlas,1c2e54b3b8df+bench,SVG,instrument-2026-10-07T06-46-37.937Z,mixed-3000-seed-41544c53,pan,camera_api_sync_ms,ms,25,0
Atlas,1c2e54b3b8df+bench,SVG,instrument-2026-10-07T06-46-37.937Z,mixed-3000-seed-41544c53,pan,frame_interval_ms,ms,26,33.39999999999418
Atlas,1c2e54b3b8df+bench,SVG,instrument-2026-10-07T06-46-37.937Z,mixed-3000-seed-41544c53,pan,camera_api_sync_ms,ms,26,0
Atlas,1c2e54b3b8df+bench,SVG,instrument-2026-10-07T06-46-37.937Z,mixed-3000-seed-41544c53,pan,frame_interval_ms,ms,27,50
Atlas,1c2e54b3b8df+bench,SVG,instrument-2026-10-07T06-46-37.937Z,mixed-3000-seed-41544c53,pan,camera_api_sync_ms,ms,27,0
Atlas,1c2e54b3b8df+bench,SVG,instrument-2026-10-07T06-46-37.937Z,mixed-3000-seed-41544c53,pan,frame_interval_ms,ms,28,16.70000000001164
Atlas,1c2e54b3b8df+bench,SVG,instrument-2026-10-07T06-46-37.937Z,mixed-3000-seed-41544c53,pan,camera_api_sync_ms,ms,28,0
Atlas,1c2e54b3b8df+bench,SVG,instrument-2026-10-07T06-46-37.937Z,mixed-3000-seed-41544c53,pan,frame_interval_ms,ms,29,16.599999999976717
Atlas,1c2e54b3b8df+bench,SVG,instrument-2026-10-07T06-46-37.937Z,mixed-3000-seed-41544c53,pan,camera_api_sync_ms,ms,29,0
Atlas,1c2e54b3b8df+bench,SVG,instrument-2026-10-07T06-46-37.937Z,mixed-3000-seed-41544c53,pan,frame_interval_ms,ms,30,16.70000000001164
Atlas,1c2e54b3b8df+bench,SVG,instrument-2026-10-07T06-46-37.937Z,mixed-3000-seed-41544c53,pan,camera_api_sync_ms,ms,30,0
Atlas,1c2e54b3b8df+bench,SVG,instrument-2026-10-07T06-46-37.937Z,mixed-3000-seed-41544c53,pan,frame_interval_ms,ms,31,33.29999999998836
Atlas,1c2e54b3b8df+bench,SVG,instrument-2026-10-07T06-46-37.937Z,mixed-3000-seed-41544c53,pan,camera_api_sync_ms,ms,31,0
Atlas,1c2e54b3b8df+bench,SVG,instrument-2026-10-07T06-46-37.937Z,mixed-3000-seed-41544c53,pan,frame_interval_ms,ms,32,16.70000000001164
Atlas,1c2e54b3b8df+bench,SVG,instrument-2026-10-07T06-46-37.937Z,mixed-3000-seed-41544c53,pan,camera_api_sync_ms,ms,32,0
Atlas,1c2e54b3b8df+bench,SVG,instrument-2026-10-07T06-46-37.937Z,mixed-3000-seed-41544c53,pan,frame_interval_ms,ms,33,33.29999999998836
Atlas,1c2e54b3b8df+bench,SVG,instrument-2026-10-07T06-46-37.937Z,mixed-3000-seed-41544c53,pan,camera_api_sync_ms,ms,33,0
Atlas,1c2e54b3b8df+bench,SVG,instrument-2026-10-07T06-46-37.937Z,mixed-3000-seed-41544c53,pan,frame_interval_ms,ms,34,16.70000000001164
Atlas,1c2e54b3b8df+bench,SVG,instrument-2026-10-07T06-46-37.937Z,mixed-3000-seed-41544c53,pan,camera_api_sync_ms,ms,34,0
Atlas,1c2e54b3b8df+bench,SVG,instrument-2026-10-07T06-46-37.937Z,mixed-3000-seed-41544c53,pan,frame_interval_ms,ms,35,16.60000000000582
Atlas,1c2e54b3b8df+bench,SVG,instrument-2026-10-07T06-46-37.937Z,mixed-3000-seed-41544c53,pan,camera_api_sync_ms,ms,35,0
Atlas,1c2e54b3b8df+bench,SVG,instrument-2026-10-07T06-46-37.937Z,mixed-3000-seed-41544c53,pan,frame_interval_ms,ms,36,16.699999999982538
Atlas,1c2e54b3b8df+bench,SVG,instrument-2026-10-07T06-46-37.937Z,mixed-3000-seed-41544c53,pan,camera_api_sync_ms,ms,36,0
Atlas,1c2e54b3b8df+bench,SVG,instrument-2026-10-07T06-46-37.937Z,mixed-3000-seed-41544c53,pan,frame_interval_ms,ms,37,50
Atlas,1c2e54b3b8df+bench,SVG,instrument-2026-10-07T06-46-37.937Z,mixed-3000-seed-41544c53,pan,camera_api_sync_ms,ms,37,0
Atlas,1c2e54b3b8df+bench,SVG,instrument-2026-10-07T06-46-37.937Z,mixed-3000-seed-41544c53,pan,frame_interval_ms,ms,38,16.70000000001164
Atlas,1c2e54b3b8df+bench,SVG,instrument-2026-10-07T06-46-37.937Z,mixed-3000-seed-41544c53,pan,camera_api_sync_ms,ms,38,0
Atlas,1c2e54b3b8df+bench,SVG,instrument-2026-10-07T06-46-37.937Z,mixed-3000-seed-41544c53,pan,frame_interval_ms,ms,39,33.39999999999418
Atlas,1c2e54b3b8df+bench,SVG,instrument-2026-10-07T06-46-37.937Z,mixed-3000-seed-41544c53,pan,camera_api_sync_ms,ms,39,0
Atlas,1c2e54b3b8df+bench,SVG,instrument-2026-10-07T06-46-37.937Z,mixed-3000-seed-41544c53,pan,frame_interval_ms,ms,40,16.60000000000582
Atlas,1c2e54b3b8df+bench,SVG,instrument-2026-10-07T06-46-37.937Z,mixed-3000-seed-41544c53,pan,camera_api_sync_ms,ms,40,0
Atlas,1c2e54b3b8df+bench,SVG,instrument-2026-10-07T06-46-37.937Z,mixed-3000-seed-41544c53,pan,frame_interval_ms,ms,41,16.60000000000582
Atlas,1c2e54b3b8df+bench,SVG,instrument-2026-10-07T06-46-37.937Z,mixed-3000-seed-41544c53,pan,camera_api_sync_ms,ms,41,0
Atlas,1c2e54b3b8df+bench,SVG,instrument-2026-10-07T06-46-37.937Z,mixed-3000-seed-41544c53,pan,frame_interval_ms,ms,42,16.699999999982538
Atlas,1c2e54b3b8df+bench,SVG,instrument-2026-10-07T06-46-37.937Z,mixed-3000-seed-41544c53,pan,camera_api_sync_ms,ms,42,0.10000014305114746
Atlas,1c2e54b3b8df+bench,SVG,instrument-2026-10-07T06-46-37.937Z,mixed-3000-seed-41544c53,pan,frame_interval_ms,ms,43,33.40000000002328
Atlas,1c2e54b3b8df+bench,SVG,instrument-2026-10-07T06-46-37.937Z,mixed-3000-seed-41544c53,pan,camera_api_sync_ms,ms,43,0
Atlas,1c2e54b3b8df+bench,SVG,instrument-2026-10-07T06-46-37.937Z,mixed-3000-seed-41544c53,pan,frame_interval_ms,ms,44,33.29999999998836
Atlas,1c2e54b3b8df+bench,SVG,instrument-2026-10-07T06-46-37.937Z,mixed-3000-seed-41544c53,pan,camera_api_sync_ms,ms,44,0
Atlas,1c2e54b3b8df+bench,SVG,instrument-2026-10-07T06-46-37.937Z,mixed-3000-seed-41544c53,pan,frame_interval_ms,ms,45,16.70000000001164
Atlas,1c2e54b3b8df+bench,SVG,instrument-2026-10-07T06-46-37.937Z,mixed-3000-seed-41544c53,pan,camera_api_sync_ms,ms,45,0
Atlas,1c2e54b3b8df+bench,SVG,instrument-2026-10-07T06-46-37.937Z,mixed-3000-seed-41544c53,pan,frame_interval_ms,ms,46,16.599999999976717
Atlas,1c2e54b3b8df+bench,SVG,instrument-2026-10-07T06-46-37.937Z,mixed-3000-seed-41544c53,pan,camera_api_sync_ms,ms,46,0
Atlas,1c2e54b3b8df+bench,SVG,instrument-2026-10-07T06-46-37.937Z,mixed-3000-seed-41544c53,pan,frame_interval_ms,ms,47,16.60000000000582
Atlas,1c2e54b3b8df+bench,SVG,instrument-2026-10-07T06-46-37.937Z,mixed-3000-seed-41544c53,pan,camera_api_sync_ms,ms,47,0
Atlas,1c2e54b3b8df+bench,SVG,instrument-2026-10-07T06-46-37.937Z,mixed-3000-seed-41544c53,pan,frame_interval_ms,ms,48,33.39999999999418
Atlas,1c2e54b3b8df+bench,SVG,instrument-2026-10-07T06-46-37.937Z,mixed-3000-seed-41544c53,pan,camera_api_sync_ms,ms,48,0
Atlas,1c2e54b3b8df+bench,SVG,instrument-2026-10-07T06-46-37.937Z,mixed-3000-seed-41544c53,pan,frame_interval_ms,ms,49,16.70000000001164
Atlas,1c2e54b3b8df+bench,SVG,instrument-2026-10-07T06-46-37.937Z,mixed-3000-seed-41544c53,pan,camera_api_sync_ms,ms,49,0
Atlas,1c2e54b3b8df+bench,SVG,instrument-2026-10-07T06-46-37.937Z,mixed-3000-seed-41544c53,pan,frame_interval_ms,ms,50,16.60000000000582
Atlas,1c2e54b3b8df+bench,SVG,instrument-2026-10-07T06-46-37.937Z,mixed-3000-seed-41544c53,pan,camera_api_sync_ms,ms,50,0
Atlas,1c2e54b3b8df+bench,SVG,instrument-2026-10-07T06-46-37.937Z,mixed-3000-seed-41544c53,pan,frame_interval_ms,ms,51,16.79999999998836
Atlas,1c2e54b3b8df+bench,SVG,instrument-2026-10-07T06-46-37.937Z,mixed-3000-seed-41544c53,pan,camera_api_sync_ms,ms,51,0
Atlas,1c2e54b3b8df+bench,SVG,instrument-2026-10-07T06-46-37.937Z,mixed-3000-seed-41544c53,pan,frame_interval_ms,ms,52,49.89999999999418
Atlas,1c2e54b3b8df+bench,SVG,instrument-2026-10-07T06-46-37.937Z,mixed-3000-seed-41544c53,pan,camera_api_sync_ms,ms,52,0
Atlas,1c2e54b3b8df+bench,SVG,instrument-2026-10-07T06-46-37.937Z,mixed-3000-seed-41544c53,pan,frame_interval_ms,ms,53,16.70000000001164
Atlas,1c2e54b3b8df+bench,SVG,instrument-2026-10-07T06-46-37.937Z,mixed-3000-seed-41544c53,pan,camera_api_sync_ms,ms,53,0
Atlas,1c2e54b3b8df+bench,SVG,instrument-2026-10-07T06-46-37.937Z,mixed-3000-seed-41544c53,pan,frame_interval_ms,ms,54,33.29999999998836
Atlas,1c2e54b3b8df+bench,SVG,instrument-2026-10-07T06-46-37.937Z,mixed-3000-seed-41544c53,pan,camera_api_sync_ms,ms,54,0
Atlas,1c2e54b3b8df+bench,SVG,instrument-2026-10-07T06-46-37.937Z,mixed-3000-seed-41544c53,pan,frame_interval_ms,ms,55,16.70000000001164
Atlas,1c2e54b3b8df+bench,SVG,instrument-2026-10-07T06-46-37.937Z,mixed-3000-seed-41544c53,pan,camera_api_sync_ms,ms,55,0
Atlas,1c2e54b3b8df+bench,SVG,instrument-2026-10-07T06-46-37.937Z,mixed-3000-seed-41544c53,pan,frame_interval_ms,ms,56,16.60000000000582
Atlas,1c2e54b3b8df+bench,SVG,instrument-2026-10-07T06-46-37.937Z,mixed-3000-seed-41544c53,pan,camera_api_sync_ms,ms,56,0
Atlas,1c2e54b3b8df+bench,SVG,instrument-2026-10-07T06-46-37.937Z,mixed-3000-seed-41544c53,pan,frame_interval_ms,ms,57,33.39999999999418
Atlas,1c2e54b3b8df+bench,SVG,instrument-2026-10-07T06-46-37.937Z,mixed-3000-seed-41544c53,pan,camera_api_sync_ms,ms,57,0
Atlas,1c2e54b3b8df+bench,SVG,instrument-2026-10-07T06-46-37.937Z,mixed-3000-seed-41544c53,pan,frame_interval_ms,ms,58,16.60000000000582
Atlas,1c2e54b3b8df+bench,SVG,instrument-2026-10-07T06-46-37.937Z,mixed-3000-seed-41544c53,pan,camera_api_sync_ms,ms,58,0
Atlas,1c2e54b3b8df+bench,SVG,instrument-2026-10-07T06-46-37.937Z,mixed-3000-seed-41544c53,pan,frame_interval_ms,ms,59,16.699999999982538
Atlas,1c2e54b3b8df+bench,SVG,instrument-2026-10-07T06-46-37.937Z,mixed-3000-seed-41544c53,pan,camera_api_sync_ms,ms,59,0
Atlas,1c2e54b3b8df+bench,SVG,instrument-2026-10-07T06-46-37.937Z,mixed-3000-seed-41544c53,pan,frame_interval_ms,ms,60,16.70000000001164
Atlas,1c2e54b3b8df+bench,SVG,instrument-2026-10-07T06-46-37.937Z,mixed-3000-seed-41544c53,pan,camera_api_sync_ms,ms,60,0
Atlas,1c2e54b3b8df+bench,SVG,instrument-2026-10-07T06-46-37.937Z,mixed-3000-seed-41544c53,pan,motion_elapsed_ms,ms,0,1500
Atlas,1c2e54b3b8df+bench,SVG,instrument-2026-10-07T06-46-37.937Z,mixed-3000-seed-41544c53,pan,camera_updates,count,0,61
Atlas,1c2e54b3b8df+bench,SVG,instrument-2026-10-07T06-46-37.937Z,mixed-3000-seed-41544c53,pan,renderer_scene_reads,count,0,61
Atlas,1c2e54b3b8df+bench,SVG,instrument-2026-10-07T06-46-37.937Z,mixed-3000-seed-41544c53,pan,svg_attribute_writes,count,0,61
Atlas,1c2e54b3b8df+bench,SVG,instrument-2026-10-07T06-46-37.937Z,mixed-3000-seed-41544c53,pan,renderer_calls,count,0,61
Atlas,1c2e54b3b8df+bench,SVG,instrument-2026-10-07T06-46-37.937Z,mixed-3000-seed-41544c53,pan,layout_rect_reads,count,0,0
Atlas,1c2e54b3b8df+bench,SVG,instrument-2026-10-07T06-46-37.937Z,mixed-3000-seed-41544c53,pan,instrumented_renderer_callback_ms,ms,0,0.09999990463256836
Atlas,1c2e54b3b8df+bench,SVG,instrument-2026-10-07T06-46-37.937Z,mixed-3000-seed-41544c53,pan,instrumented_renderer_callback_ms,ms,1,0
Atlas,1c2e54b3b8df+bench,SVG,instrument-2026-10-07T06-46-37.937Z,mixed-3000-seed-41544c53,pan,instrumented_renderer_callback_ms,ms,2,0
Atlas,1c2e54b3b8df+bench,SVG,instrument-2026-10-07T06-46-37.937Z,mixed-3000-seed-41544c53,pan,instrumented_renderer_callback_ms,ms,3,0.09999990463256836
Atlas,1c2e54b3b8df+bench,SVG,instrument-2026-10-07T06-46-37.937Z,mixed-3000-seed-41544c53,pan,instrumented_renderer_callback_ms,ms,4,0
Atlas,1c2e54b3b8df+bench,SVG,instrument-2026-10-07T06-46-37.937Z,mixed-3000-seed-41544c53,pan,instrumented_renderer_callback_ms,ms,5,0
Atlas,1c2e54b3b8df+bench,SVG,instrument-2026-10-07T06-46-37.937Z,mixed-3000-seed-41544c53,pan,instrumented_renderer_callback_ms,ms,6,0
Atlas,1c2e54b3b8df+bench,SVG,instrument-2026-10-07T06-46-37.937Z,mixed-3000-seed-41544c53,pan,instrumented_renderer_callback_ms,ms,7,0
Atlas,1c2e54b3b8df+bench,SVG,instrument-2026-10-07T06-46-37.937Z,mixed-3000-seed-41544c53,pan,instrumented_renderer_callback_ms,ms,8,0
Atlas,1c2e54b3b8df+bench,SVG,instrument-2026-10-07T06-46-37.937Z,mixed-3000-seed-41544c53,pan,instrumented_renderer_callback_ms,ms,9,0.09999990463256836
Atlas,1c2e54b3b8df+bench,SVG,instrument-2026-10-07T06-46-37.937Z,mixed-3000-seed-41544c53,pan,instrumented_renderer_callback_ms,ms,10,0
Atlas,1c2e54b3b8df+bench,SVG,instrument-2026-10-07T06-46-37.937Z,mixed-3000-seed-41544c53,pan,instrumented_renderer_callback_ms,ms,11,0
Atlas,1c2e54b3b8df+bench,SVG,instrument-2026-10-07T06-46-37.937Z,mixed-3000-seed-41544c53,pan,instrumented_renderer_callback_ms,ms,12,0
Atlas,1c2e54b3b8df+bench,SVG,instrument-2026-10-07T06-46-37.937Z,mixed-3000-seed-41544c53,pan,instrumented_renderer_callback_ms,ms,13,0
Atlas,1c2e54b3b8df+bench,SVG,instrument-2026-10-07T06-46-37.937Z,mixed-3000-seed-41544c53,pan,instrumented_renderer_callback_ms,ms,14,0
Atlas,1c2e54b3b8df+bench,SVG,instrument-2026-10-07T06-46-37.937Z,mixed-3000-seed-41544c53,pan,instrumented_renderer_callback_ms,ms,15,0
Atlas,1c2e54b3b8df+bench,SVG,instrument-2026-10-07T06-46-37.937Z,mixed-3000-seed-41544c53,pan,instrumented_renderer_callback_ms,ms,16,0
Atlas,1c2e54b3b8df+bench,SVG,instrument-2026-10-07T06-46-37.937Z,mixed-3000-seed-41544c53,pan,instrumented_renderer_callback_ms,ms,17,0.10000014305114746
Atlas,1c2e54b3b8df+bench,SVG,instrument-2026-10-07T06-46-37.937Z,mixed-3000-seed-41544c53,pan,instrumented_renderer_callback_ms,ms,18,0
Atlas,1c2e54b3b8df+bench,SVG,instrument-2026-10-07T06-46-37.937Z,mixed-3000-seed-41544c53,pan,instrumented_renderer_callback_ms,ms,19,0
Atlas,1c2e54b3b8df+bench,SVG,instrument-2026-10-07T06-46-37.937Z,mixed-3000-seed-41544c53,pan,instrumented_renderer_callback_ms,ms,20,0
Atlas,1c2e54b3b8df+bench,SVG,instrument-2026-10-07T06-46-37.937Z,mixed-3000-seed-41544c53,pan,instrumented_renderer_callback_ms,ms,21,0
Atlas,1c2e54b3b8df+bench,SVG,instrument-2026-10-07T06-46-37.937Z,mixed-3000-seed-41544c53,pan,instrumented_renderer_callback_ms,ms,22,0.10000014305114746
Atlas,1c2e54b3b8df+bench,SVG,instrument-2026-10-07T06-46-37.937Z,mixed-3000-seed-41544c53,pan,instrumented_renderer_callback_ms,ms,23,0
Atlas,1c2e54b3b8df+bench,SVG,instrument-2026-10-07T06-46-37.937Z,mixed-3000-seed-41544c53,pan,instrumented_renderer_callback_ms,ms,24,0
Atlas,1c2e54b3b8df+bench,SVG,instrument-2026-10-07T06-46-37.937Z,mixed-3000-seed-41544c53,pan,instrumented_renderer_callback_ms,ms,25,0.09999990463256836
Atlas,1c2e54b3b8df+bench,SVG,instrument-2026-10-07T06-46-37.937Z,mixed-3000-seed-41544c53,pan,instrumented_renderer_callback_ms,ms,26,0
Atlas,1c2e54b3b8df+bench,SVG,instrument-2026-10-07T06-46-37.937Z,mixed-3000-seed-41544c53,pan,instrumented_renderer_callback_ms,ms,27,0
Atlas,1c2e54b3b8df+bench,SVG,instrument-2026-10-07T06-46-37.937Z,mixed-3000-seed-41544c53,pan,instrumented_renderer_callback_ms,ms,28,0
Atlas,1c2e54b3b8df+bench,SVG,instrument-2026-10-07T06-46-37.937Z,mixed-3000-seed-41544c53,pan,instrumented_renderer_callback_ms,ms,29,0
Atlas,1c2e54b3b8df+bench,SVG,instrument-2026-10-07T06-46-37.937Z,mixed-3000-seed-41544c53,pan,instrumented_renderer_callback_ms,ms,30,0
Atlas,1c2e54b3b8df+bench,SVG,instrument-2026-10-07T06-46-37.937Z,mixed-3000-seed-41544c53,pan,instrumented_renderer_callback_ms,ms,31,0
Atlas,1c2e54b3b8df+bench,SVG,instrument-2026-10-07T06-46-37.937Z,mixed-3000-seed-41544c53,pan,instrumented_renderer_callback_ms,ms,32,0
Atlas,1c2e54b3b8df+bench,SVG,instrument-2026-10-07T06-46-37.937Z,mixed-3000-seed-41544c53,pan,instrumented_renderer_callback_ms,ms,33,0
Atlas,1c2e54b3b8df+bench,SVG,instrument-2026-10-07T06-46-37.937Z,mixed-3000-seed-41544c53,pan,instrumented_renderer_callback_ms,ms,34,0
Atlas,1c2e54b3b8df+bench,SVG,instrument-2026-10-07T06-46-37.937Z,mixed-3000-seed-41544c53,pan,instrumented_renderer_callback_ms,ms,35,0
Atlas,1c2e54b3b8df+bench,SVG,instrument-2026-10-07T06-46-37.937Z,mixed-3000-seed-41544c53,pan,instrumented_renderer_callback_ms,ms,36,0
Atlas,1c2e54b3b8df+bench,SVG,instrument-2026-10-07T06-46-37.937Z,mixed-3000-seed-41544c53,pan,instrumented_renderer_callback_ms,ms,37,0
Atlas,1c2e54b3b8df+bench,SVG,instrument-2026-10-07T06-46-37.937Z,mixed-3000-seed-41544c53,pan,instrumented_renderer_callback_ms,ms,38,0
Atlas,1c2e54b3b8df+bench,SVG,instrument-2026-10-07T06-46-37.937Z,mixed-3000-seed-41544c53,pan,instrumented_renderer_callback_ms,ms,39,0
Atlas,1c2e54b3b8df+bench,SVG,instrument-2026-10-07T06-46-37.937Z,mixed-3000-seed-41544c53,pan,instrumented_renderer_callback_ms,ms,40,0
Atlas,1c2e54b3b8df+bench,SVG,instrument-2026-10-07T06-46-37.937Z,mixed-3000-seed-41544c53,pan,instrumented_renderer_callback_ms,ms,41,0
Atlas,1c2e54b3b8df+bench,SVG,instrument-2026-10-07T06-46-37.937Z,mixed-3000-seed-41544c53,pan,instrumented_renderer_callback_ms,ms,42,0
Atlas,1c2e54b3b8df+bench,SVG,instrument-2026-10-07T06-46-37.937Z,mixed-3000-seed-41544c53,pan,instrumented_renderer_callback_ms,ms,43,0.09999990463256836
Atlas,1c2e54b3b8df+bench,SVG,instrument-2026-10-07T06-46-37.937Z,mixed-3000-seed-41544c53,pan,instrumented_renderer_callback_ms,ms,44,0
Atlas,1c2e54b3b8df+bench,SVG,instrument-2026-10-07T06-46-37.937Z,mixed-3000-seed-41544c53,pan,instrumented_renderer_callback_ms,ms,45,0
Atlas,1c2e54b3b8df+bench,SVG,instrument-2026-10-07T06-46-37.937Z,mixed-3000-seed-41544c53,pan,instrumented_renderer_callback_ms,ms,46,0
Atlas,1c2e54b3b8df+bench,SVG,instrument-2026-10-07T06-46-37.937Z,mixed-3000-seed-41544c53,pan,instrumented_renderer_callback_ms,ms,47,0
Atlas,1c2e54b3b8df+bench,SVG,instrument-2026-10-07T06-46-37.937Z,mixed-3000-seed-41544c53,pan,instrumented_renderer_callback_ms,ms,48,0
Atlas,1c2e54b3b8df+bench,SVG,instrument-2026-10-07T06-46-37.937Z,mixed-3000-seed-41544c53,pan,instrumented_renderer_callback_ms,ms,49,0
Atlas,1c2e54b3b8df+bench,SVG,instrument-2026-10-07T06-46-37.937Z,mixed-3000-seed-41544c53,pan,instrumented_renderer_callback_ms,ms,50,0
Atlas,1c2e54b3b8df+bench,SVG,instrument-2026-10-07T06-46-37.937Z,mixed-3000-seed-41544c53,pan,instrumented_renderer_callback_ms,ms,51,0
Atlas,1c2e54b3b8df+bench,SVG,instrument-2026-10-07T06-46-37.937Z,mixed-3000-seed-41544c53,pan,instrumented_renderer_callback_ms,ms,52,0
Atlas,1c2e54b3b8df+bench,SVG,instrument-2026-10-07T06-46-37.937Z,mixed-3000-seed-41544c53,pan,instrumented_renderer_callback_ms,ms,53,0
Atlas,1c2e54b3b8df+bench,SVG,instrument-2026-10-07T06-46-37.937Z,mixed-3000-seed-41544c53,pan,instrumented_renderer_callback_ms,ms,54,0
Atlas,1c2e54b3b8df+bench,SVG,instrument-2026-10-07T06-46-37.937Z,mixed-3000-seed-41544c53,pan,instrumented_renderer_callback_ms,ms,55,0.10000014305114746
Atlas,1c2e54b3b8df+bench,SVG,instrument-2026-10-07T06-46-37.937Z,mixed-3000-seed-41544c53,pan,instrumented_renderer_callback_ms,ms,56,0.09999990463256836
Atlas,1c2e54b3b8df+bench,SVG,instrument-2026-10-07T06-46-37.937Z,mixed-3000-seed-41544c53,pan,instrumented_renderer_callback_ms,ms,57,0
Atlas,1c2e54b3b8df+bench,SVG,instrument-2026-10-07T06-46-37.937Z,mixed-3000-seed-41544c53,pan,instrumented_renderer_callback_ms,ms,58,0
Atlas,1c2e54b3b8df+bench,SVG,instrument-2026-10-07T06-46-37.937Z,mixed-3000-seed-41544c53,pan,instrumented_renderer_callback_ms,ms,59,0
Atlas,1c2e54b3b8df+bench,SVG,instrument-2026-10-07T06-46-37.937Z,mixed-3000-seed-41544c53,pan,instrumented_renderer_callback_ms,ms,60,0
Atlas,1c2e54b3b8df+bench,SVG,instrument-2026-10-07T06-46-37.937Z,mixed-3000-seed-41544c53,pan,cleanup_renderer_calls,count,0,0
Atlas,1c2e54b3b8df+bench,SVG,instrument-2026-10-07T06-46-37.937Z,mixed-3000-seed-41544c53,pan,cleanup_stage_children,count,0,0
Atlas,1c2e54b3b8df+bench,SVG,instrument-2026-10-07T06-46-37.937Z,mixed-3000-seed-41544c53,zoom,frame_interval_ms,ms,0,16.60000000000582
Atlas,1c2e54b3b8df+bench,SVG,instrument-2026-10-07T06-46-37.937Z,mixed-3000-seed-41544c53,zoom,camera_api_sync_ms,ms,0,0
Atlas,1c2e54b3b8df+bench,SVG,instrument-2026-10-07T06-46-37.937Z,mixed-3000-seed-41544c53,zoom,frame_interval_ms,ms,1,16.70000000001164
Atlas,1c2e54b3b8df+bench,SVG,instrument-2026-10-07T06-46-37.937Z,mixed-3000-seed-41544c53,zoom,camera_api_sync_ms,ms,1,0
Atlas,1c2e54b3b8df+bench,SVG,instrument-2026-10-07T06-46-37.937Z,mixed-3000-seed-41544c53,zoom,frame_interval_ms,ms,2,16.699999999982538
Atlas,1c2e54b3b8df+bench,SVG,instrument-2026-10-07T06-46-37.937Z,mixed-3000-seed-41544c53,zoom,camera_api_sync_ms,ms,2,0.10000014305114746
Atlas,1c2e54b3b8df+bench,SVG,instrument-2026-10-07T06-46-37.937Z,mixed-3000-seed-41544c53,zoom,frame_interval_ms,ms,3,50
Atlas,1c2e54b3b8df+bench,SVG,instrument-2026-10-07T06-46-37.937Z,mixed-3000-seed-41544c53,zoom,camera_api_sync_ms,ms,3,0
Atlas,1c2e54b3b8df+bench,SVG,instrument-2026-10-07T06-46-37.937Z,mixed-3000-seed-41544c53,zoom,frame_interval_ms,ms,4,16.60000000000582
Atlas,1c2e54b3b8df+bench,SVG,instrument-2026-10-07T06-46-37.937Z,mixed-3000-seed-41544c53,zoom,camera_api_sync_ms,ms,4,0
Atlas,1c2e54b3b8df+bench,SVG,instrument-2026-10-07T06-46-37.937Z,mixed-3000-seed-41544c53,zoom,frame_interval_ms,ms,5,50.10000000000582
Atlas,1c2e54b3b8df+bench,SVG,instrument-2026-10-07T06-46-37.937Z,mixed-3000-seed-41544c53,zoom,camera_api_sync_ms,ms,5,0
Atlas,1c2e54b3b8df+bench,SVG,instrument-2026-10-07T06-46-37.937Z,mixed-3000-seed-41544c53,zoom,frame_interval_ms,ms,6,16.60000000000582
Atlas,1c2e54b3b8df+bench,SVG,instrument-2026-10-07T06-46-37.937Z,mixed-3000-seed-41544c53,zoom,camera_api_sync_ms,ms,6,0.09999990463256836
Atlas,1c2e54b3b8df+bench,SVG,instrument-2026-10-07T06-46-37.937Z,mixed-3000-seed-41544c53,zoom,frame_interval_ms,ms,7,50
Atlas,1c2e54b3b8df+bench,SVG,instrument-2026-10-07T06-46-37.937Z,mixed-3000-seed-41544c53,zoom,camera_api_sync_ms,ms,7,0
Atlas,1c2e54b3b8df+bench,SVG,instrument-2026-10-07T06-46-37.937Z,mixed-3000-seed-41544c53,zoom,frame_interval_ms,ms,8,16.699999999982538
Atlas,1c2e54b3b8df+bench,SVG,instrument-2026-10-07T06-46-37.937Z,mixed-3000-seed-41544c53,zoom,camera_api_sync_ms,ms,8,0
Atlas,1c2e54b3b8df+bench,SVG,instrument-2026-10-07T06-46-37.937Z,mixed-3000-seed-41544c53,zoom,frame_interval_ms,ms,9,50
Atlas,1c2e54b3b8df+bench,SVG,instrument-2026-10-07T06-46-37.937Z,mixed-3000-seed-41544c53,zoom,camera_api_sync_ms,ms,9,0
Atlas,1c2e54b3b8df+bench,SVG,instrument-2026-10-07T06-46-37.937Z,mixed-3000-seed-41544c53,zoom,frame_interval_ms,ms,10,16.70000000001164
Atlas,1c2e54b3b8df+bench,SVG,instrument-2026-10-07T06-46-37.937Z,mixed-3000-seed-41544c53,zoom,camera_api_sync_ms,ms,10,0
Atlas,1c2e54b3b8df+bench,SVG,instrument-2026-10-07T06-46-37.937Z,mixed-3000-seed-41544c53,zoom,frame_interval_ms,ms,11,33.29999999998836
Atlas,1c2e54b3b8df+bench,SVG,instrument-2026-10-07T06-46-37.937Z,mixed-3000-seed-41544c53,zoom,camera_api_sync_ms,ms,11,0
Atlas,1c2e54b3b8df+bench,SVG,instrument-2026-10-07T06-46-37.937Z,mixed-3000-seed-41544c53,zoom,frame_interval_ms,ms,12,33.30000000001746
Atlas,1c2e54b3b8df+bench,SVG,instrument-2026-10-07T06-46-37.937Z,mixed-3000-seed-41544c53,zoom,camera_api_sync_ms,ms,12,0
Atlas,1c2e54b3b8df+bench,SVG,instrument-2026-10-07T06-46-37.937Z,mixed-3000-seed-41544c53,zoom,frame_interval_ms,ms,13,33.29999999998836
Atlas,1c2e54b3b8df+bench,SVG,instrument-2026-10-07T06-46-37.937Z,mixed-3000-seed-41544c53,zoom,camera_api_sync_ms,ms,13,0
Atlas,1c2e54b3b8df+bench,SVG,instrument-2026-10-07T06-46-37.937Z,mixed-3000-seed-41544c53,zoom,frame_interval_ms,ms,14,33.39999999999418
Atlas,1c2e54b3b8df+bench,SVG,instrument-2026-10-07T06-46-37.937Z,mixed-3000-seed-41544c53,zoom,camera_api_sync_ms,ms,14,0
Atlas,1c2e54b3b8df+bench,SVG,instrument-2026-10-07T06-46-37.937Z,mixed-3000-seed-41544c53,zoom,frame_interval_ms,ms,15,33.30000000001746
Atlas,1c2e54b3b8df+bench,SVG,instrument-2026-10-07T06-46-37.937Z,mixed-3000-seed-41544c53,zoom,camera_api_sync_ms,ms,15,0
Atlas,1c2e54b3b8df+bench,SVG,instrument-2026-10-07T06-46-37.937Z,mixed-3000-seed-41544c53,zoom,frame_interval_ms,ms,16,33.29999999998836
Atlas,1c2e54b3b8df+bench,SVG,instrument-2026-10-07T06-46-37.937Z,mixed-3000-seed-41544c53,zoom,camera_api_sync_ms,ms,16,0
Atlas,1c2e54b3b8df+bench,SVG,instrument-2026-10-07T06-46-37.937Z,mixed-3000-seed-41544c53,zoom,frame_interval_ms,ms,17,16.70000000001164
Atlas,1c2e54b3b8df+bench,SVG,instrument-2026-10-07T06-46-37.937Z,mixed-3000-seed-41544c53,zoom,camera_api_sync_ms,ms,17,0
Atlas,1c2e54b3b8df+bench,SVG,instrument-2026-10-07T06-46-37.937Z,mixed-3000-seed-41544c53,zoom,frame_interval_ms,ms,18,33.39999999999418
Atlas,1c2e54b3b8df+bench,SVG,instrument-2026-10-07T06-46-37.937Z,mixed-3000-seed-41544c53,zoom,camera_api_sync_ms,ms,18,0
Atlas,1c2e54b3b8df+bench,SVG,instrument-2026-10-07T06-46-37.937Z,mixed-3000-seed-41544c53,zoom,frame_interval_ms,ms,19,33.29999999998836
Atlas,1c2e54b3b8df+bench,SVG,instrument-2026-10-07T06-46-37.937Z,mixed-3000-seed-41544c53,zoom,camera_api_sync_ms,ms,19,0.09999990463256836
Atlas,1c2e54b3b8df+bench,SVG,instrument-2026-10-07T06-46-37.937Z,mixed-3000-seed-41544c53,zoom,frame_interval_ms,ms,20,33.30000000001746
Atlas,1c2e54b3b8df+bench,SVG,instrument-2026-10-07T06-46-37.937Z,mixed-3000-seed-41544c53,zoom,camera_api_sync_ms,ms,20,0
Atlas,1c2e54b3b8df+bench,SVG,instrument-2026-10-07T06-46-37.937Z,mixed-3000-seed-41544c53,zoom,frame_interval_ms,ms,21,33.29999999998836
Atlas,1c2e54b3b8df+bench,SVG,instrument-2026-10-07T06-46-37.937Z,mixed-3000-seed-41544c53,zoom,camera_api_sync_ms,ms,21,0
Atlas,1c2e54b3b8df+bench,SVG,instrument-2026-10-07T06-46-37.937Z,mixed-3000-seed-41544c53,zoom,frame_interval_ms,ms,22,33.39999999999418
Atlas,1c2e54b3b8df+bench,SVG,instrument-2026-10-07T06-46-37.937Z,mixed-3000-seed-41544c53,zoom,camera_api_sync_ms,ms,22,0
Atlas,1c2e54b3b8df+bench,SVG,instrument-2026-10-07T06-46-37.937Z,mixed-3000-seed-41544c53,zoom,frame_interval_ms,ms,23,33.30000000001746
Atlas,1c2e54b3b8df+bench,SVG,instrument-2026-10-07T06-46-37.937Z,mixed-3000-seed-41544c53,zoom,camera_api_sync_ms,ms,23,0
Atlas,1c2e54b3b8df+bench,SVG,instrument-2026-10-07T06-46-37.937Z,mixed-3000-seed-41544c53,zoom,frame_interval_ms,ms,24,33.29999999998836
Atlas,1c2e54b3b8df+bench,SVG,instrument-2026-10-07T06-46-37.937Z,mixed-3000-seed-41544c53,zoom,camera_api_sync_ms,ms,24,0
Atlas,1c2e54b3b8df+bench,SVG,instrument-2026-10-07T06-46-37.937Z,mixed-3000-seed-41544c53,zoom,frame_interval_ms,ms,25,33.39999999999418
Atlas,1c2e54b3b8df+bench,SVG,instrument-2026-10-07T06-46-37.937Z,mixed-3000-seed-41544c53,zoom,camera_api_sync_ms,ms,25,0.09999990463256836
Atlas,1c2e54b3b8df+bench,SVG,instrument-2026-10-07T06-46-37.937Z,mixed-3000-seed-41544c53,zoom,frame_interval_ms,ms,26,33.30000000001746
Atlas,1c2e54b3b8df+bench,SVG,instrument-2026-10-07T06-46-37.937Z,mixed-3000-seed-41544c53,zoom,camera_api_sync_ms,ms,26,0
Atlas,1c2e54b3b8df+bench,SVG,instrument-2026-10-07T06-46-37.937Z,mixed-3000-seed-41544c53,zoom,frame_interval_ms,ms,27,33.39999999999418
Atlas,1c2e54b3b8df+bench,SVG,instrument-2026-10-07T06-46-37.937Z,mixed-3000-seed-41544c53,zoom,camera_api_sync_ms,ms,27,0
Atlas,1c2e54b3b8df+bench,SVG,instrument-2026-10-07T06-46-37.937Z,mixed-3000-seed-41544c53,zoom,frame_interval_ms,ms,28,16.60000000000582
Atlas,1c2e54b3b8df+bench,SVG,instrument-2026-10-07T06-46-37.937Z,mixed-3000-seed-41544c53,zoom,camera_api_sync_ms,ms,28,0
Atlas,1c2e54b3b8df+bench,SVG,instrument-2026-10-07T06-46-37.937Z,mixed-3000-seed-41544c53,zoom,frame_interval_ms,ms,29,33.29999999998836
Atlas,1c2e54b3b8df+bench,SVG,instrument-2026-10-07T06-46-37.937Z,mixed-3000-seed-41544c53,zoom,camera_api_sync_ms,ms,29,0
Atlas,1c2e54b3b8df+bench,SVG,instrument-2026-10-07T06-46-37.937Z,mixed-3000-seed-41544c53,zoom,frame_interval_ms,ms,30,33.39999999999418
Atlas,1c2e54b3b8df+bench,SVG,instrument-2026-10-07T06-46-37.937Z,mixed-3000-seed-41544c53,zoom,camera_api_sync_ms,ms,30,0
Atlas,1c2e54b3b8df+bench,SVG,instrument-2026-10-07T06-46-37.937Z,mixed-3000-seed-41544c53,zoom,frame_interval_ms,ms,31,16.60000000000582
Atlas,1c2e54b3b8df+bench,SVG,instrument-2026-10-07T06-46-37.937Z,mixed-3000-seed-41544c53,zoom,camera_api_sync_ms,ms,31,0
Atlas,1c2e54b3b8df+bench,SVG,instrument-2026-10-07T06-46-37.937Z,mixed-3000-seed-41544c53,zoom,frame_interval_ms,ms,32,33.39999999999418
Atlas,1c2e54b3b8df+bench,SVG,instrument-2026-10-07T06-46-37.937Z,mixed-3000-seed-41544c53,zoom,camera_api_sync_ms,ms,32,0
Atlas,1c2e54b3b8df+bench,SVG,instrument-2026-10-07T06-46-37.937Z,mixed-3000-seed-41544c53,zoom,frame_interval_ms,ms,33,33.30000000001746
Atlas,1c2e54b3b8df+bench,SVG,instrument-2026-10-07T06-46-37.937Z,mixed-3000-seed-41544c53,zoom,camera_api_sync_ms,ms,33,0
Atlas,1c2e54b3b8df+bench,SVG,instrument-2026-10-07T06-46-37.937Z,mixed-3000-seed-41544c53,zoom,frame_interval_ms,ms,34,33.29999999998836
Atlas,1c2e54b3b8df+bench,SVG,instrument-2026-10-07T06-46-37.937Z,mixed-3000-seed-41544c53,zoom,camera_api_sync_ms,ms,34,0
Atlas,1c2e54b3b8df+bench,SVG,instrument-2026-10-07T06-46-37.937Z,mixed-3000-seed-41544c53,zoom,frame_interval_ms,ms,35,33.30000000001746
Atlas,1c2e54b3b8df+bench,SVG,instrument-2026-10-07T06-46-37.937Z,mixed-3000-seed-41544c53,zoom,camera_api_sync_ms,ms,35,0
Atlas,1c2e54b3b8df+bench,SVG,instrument-2026-10-07T06-46-37.937Z,mixed-3000-seed-41544c53,zoom,frame_interval_ms,ms,36,16.699999999982538
Atlas,1c2e54b3b8df+bench,SVG,instrument-2026-10-07T06-46-37.937Z,mixed-3000-seed-41544c53,zoom,camera_api_sync_ms,ms,36,0.10000014305114746
Atlas,1c2e54b3b8df+bench,SVG,instrument-2026-10-07T06-46-37.937Z,mixed-3000-seed-41544c53,zoom,frame_interval_ms,ms,37,33.39999999999418
Atlas,1c2e54b3b8df+bench,SVG,instrument-2026-10-07T06-46-37.937Z,mixed-3000-seed-41544c53,zoom,camera_api_sync_ms,ms,37,0
Atlas,1c2e54b3b8df+bench,SVG,instrument-2026-10-07T06-46-37.937Z,mixed-3000-seed-41544c53,zoom,frame_interval_ms,ms,38,33.30000000001746
Atlas,1c2e54b3b8df+bench,SVG,instrument-2026-10-07T06-46-37.937Z,mixed-3000-seed-41544c53,zoom,camera_api_sync_ms,ms,38,0
Atlas,1c2e54b3b8df+bench,SVG,instrument-2026-10-07T06-46-37.937Z,mixed-3000-seed-41544c53,zoom,frame_interval_ms,ms,39,16.60000000000582
Atlas,1c2e54b3b8df+bench,SVG,instrument-2026-10-07T06-46-37.937Z,mixed-3000-seed-41544c53,zoom,camera_api_sync_ms,ms,39,0
Atlas,1c2e54b3b8df+bench,SVG,instrument-2026-10-07T06-46-37.937Z,mixed-3000-seed-41544c53,zoom,frame_interval_ms,ms,40,33.39999999999418
Atlas,1c2e54b3b8df+bench,SVG,instrument-2026-10-07T06-46-37.937Z,mixed-3000-seed-41544c53,zoom,camera_api_sync_ms,ms,40,0
Atlas,1c2e54b3b8df+bench,SVG,instrument-2026-10-07T06-46-37.937Z,mixed-3000-seed-41544c53,zoom,frame_interval_ms,ms,41,33.29999999998836
Atlas,1c2e54b3b8df+bench,SVG,instrument-2026-10-07T06-46-37.937Z,mixed-3000-seed-41544c53,zoom,camera_api_sync_ms,ms,41,0
Atlas,1c2e54b3b8df+bench,SVG,instrument-2026-10-07T06-46-37.937Z,mixed-3000-seed-41544c53,zoom,frame_interval_ms,ms,42,33.30000000001746
Atlas,1c2e54b3b8df+bench,SVG,instrument-2026-10-07T06-46-37.937Z,mixed-3000-seed-41544c53,zoom,camera_api_sync_ms,ms,42,0
Atlas,1c2e54b3b8df+bench,SVG,instrument-2026-10-07T06-46-37.937Z,mixed-3000-seed-41544c53,zoom,frame_interval_ms,ms,43,33.29999999998836
Atlas,1c2e54b3b8df+bench,SVG,instrument-2026-10-07T06-46-37.937Z,mixed-3000-seed-41544c53,zoom,camera_api_sync_ms,ms,43,0
Atlas,1c2e54b3b8df+bench,SVG,instrument-2026-10-07T06-46-37.937Z,mixed-3000-seed-41544c53,zoom,frame_interval_ms,ms,44,33.39999999999418
Atlas,1c2e54b3b8df+bench,SVG,instrument-2026-10-07T06-46-37.937Z,mixed-3000-seed-41544c53,zoom,camera_api_sync_ms,ms,44,0
Atlas,1c2e54b3b8df+bench,SVG,instrument-2026-10-07T06-46-37.937Z,mixed-3000-seed-41544c53,zoom,frame_interval_ms,ms,45,33.39999999999418
Atlas,1c2e54b3b8df+bench,SVG,instrument-2026-10-07T06-46-37.937Z,mixed-3000-seed-41544c53,zoom,camera_api_sync_ms,ms,45,0
Atlas,1c2e54b3b8df+bench,SVG,instrument-2026-10-07T06-46-37.937Z,mixed-3000-seed-41544c53,zoom,frame_interval_ms,ms,46,33.20000000001164
Atlas,1c2e54b3b8df+bench,SVG,instrument-2026-10-07T06-46-37.937Z,mixed-3000-seed-41544c53,zoom,camera_api_sync_ms,ms,46,0
Atlas,1c2e54b3b8df+bench,SVG,instrument-2026-10-07T06-46-37.937Z,mixed-3000-seed-41544c53,zoom,frame_interval_ms,ms,47,16.79999999998836
Atlas,1c2e54b3b8df+bench,SVG,instrument-2026-10-07T06-46-37.937Z,mixed-3000-seed-41544c53,zoom,camera_api_sync_ms,ms,47,0
Atlas,1c2e54b3b8df+bench,SVG,instrument-2026-10-07T06-46-37.937Z,mixed-3000-seed-41544c53,zoom,frame_interval_ms,ms,48,49.90000000002328
Atlas,1c2e54b3b8df+bench,SVG,instrument-2026-10-07T06-46-37.937Z,mixed-3000-seed-41544c53,zoom,camera_api_sync_ms,ms,48,0.10000014305114746
Atlas,1c2e54b3b8df+bench,SVG,instrument-2026-10-07T06-46-37.937Z,mixed-3000-seed-41544c53,zoom,frame_interval_ms,ms,49,16.699999999982538
Atlas,1c2e54b3b8df+bench,SVG,instrument-2026-10-07T06-46-37.937Z,mixed-3000-seed-41544c53,zoom,camera_api_sync_ms,ms,49,0
Atlas,1c2e54b3b8df+bench,SVG,instrument-2026-10-07T06-46-37.937Z,mixed-3000-seed-41544c53,zoom,motion_elapsed_ms,ms,0,1516.6000000000058
Atlas,1c2e54b3b8df+bench,SVG,instrument-2026-10-07T06-46-37.937Z,mixed-3000-seed-41544c53,zoom,camera_updates,count,0,50
Atlas,1c2e54b3b8df+bench,SVG,instrument-2026-10-07T06-46-37.937Z,mixed-3000-seed-41544c53,zoom,renderer_scene_reads,count,0,50
Atlas,1c2e54b3b8df+bench,SVG,instrument-2026-10-07T06-46-37.937Z,mixed-3000-seed-41544c53,zoom,svg_attribute_writes,count,0,300050
Atlas,1c2e54b3b8df+bench,SVG,instrument-2026-10-07T06-46-37.937Z,mixed-3000-seed-41544c53,zoom,renderer_calls,count,0,50
Atlas,1c2e54b3b8df+bench,SVG,instrument-2026-10-07T06-46-37.937Z,mixed-3000-seed-41544c53,zoom,layout_rect_reads,count,0,0
Atlas,1c2e54b3b8df+bench,SVG,instrument-2026-10-07T06-46-37.937Z,mixed-3000-seed-41544c53,zoom,instrumented_renderer_callback_ms,ms,0,2.700000047683716
Atlas,1c2e54b3b8df+bench,SVG,instrument-2026-10-07T06-46-37.937Z,mixed-3000-seed-41544c53,zoom,instrumented_renderer_callback_ms,ms,1,1.7999999523162842
Atlas,1c2e54b3b8df+bench,SVG,instrument-2026-10-07T06-46-37.937Z,mixed-3000-seed-41544c53,zoom,instrumented_renderer_callback_ms,ms,2,2
Atlas,1c2e54b3b8df+bench,SVG,instrument-2026-10-07T06-46-37.937Z,mixed-3000-seed-41544c53,zoom,instrumented_renderer_callback_ms,ms,3,1.8999998569488525
Atlas,1c2e54b3b8df+bench,SVG,instrument-2026-10-07T06-46-37.937Z,mixed-3000-seed-41544c53,zoom,instrumented_renderer_callback_ms,ms,4,2.0999999046325684
Atlas,1c2e54b3b8df+bench,SVG,instrument-2026-10-07T06-46-37.937Z,mixed-3000-seed-41544c53,zoom,instrumented_renderer_callback_ms,ms,5,1.9000000953674316
Atlas,1c2e54b3b8df+bench,SVG,instrument-2026-10-07T06-46-37.937Z,mixed-3000-seed-41544c53,zoom,instrumented_renderer_callback_ms,ms,6,2.200000047683716
Atlas,1c2e54b3b8df+bench,SVG,instrument-2026-10-07T06-46-37.937Z,mixed-3000-seed-41544c53,zoom,instrumented_renderer_callback_ms,ms,7,2
Atlas,1c2e54b3b8df+bench,SVG,instrument-2026-10-07T06-46-37.937Z,mixed-3000-seed-41544c53,zoom,instrumented_renderer_callback_ms,ms,8,2.299999952316284
Atlas,1c2e54b3b8df+bench,SVG,instrument-2026-10-07T06-46-37.937Z,mixed-3000-seed-41544c53,zoom,instrumented_renderer_callback_ms,ms,9,2.299999952316284
Atlas,1c2e54b3b8df+bench,SVG,instrument-2026-10-07T06-46-37.937Z,mixed-3000-seed-41544c53,zoom,instrumented_renderer_callback_ms,ms,10,2.1999998092651367
Atlas,1c2e54b3b8df+bench,SVG,instrument-2026-10-07T06-46-37.937Z,mixed-3000-seed-41544c53,zoom,instrumented_renderer_callback_ms,ms,11,2.5
Atlas,1c2e54b3b8df+bench,SVG,instrument-2026-10-07T06-46-37.937Z,mixed-3000-seed-41544c53,zoom,instrumented_renderer_callback_ms,ms,12,2.6999998092651367
Atlas,1c2e54b3b8df+bench,SVG,instrument-2026-10-07T06-46-37.937Z,mixed-3000-seed-41544c53,zoom,instrumented_renderer_callback_ms,ms,13,2.1999998092651367
Atlas,1c2e54b3b8df+bench,SVG,instrument-2026-10-07T06-46-37.937Z,mixed-3000-seed-41544c53,zoom,instrumented_renderer_callback_ms,ms,14,2.200000047683716
Atlas,1c2e54b3b8df+bench,SVG,instrument-2026-10-07T06-46-37.937Z,mixed-3000-seed-41544c53,zoom,instrumented_renderer_callback_ms,ms,15,2.799999952316284
Atlas,1c2e54b3b8df+bench,SVG,instrument-2026-10-07T06-46-37.937Z,mixed-3000-seed-41544c53,zoom,instrumented_renderer_callback_ms,ms,16,2.1999998092651367
Atlas,1c2e54b3b8df+bench,SVG,instrument-2026-10-07T06-46-37.937Z,mixed-3000-seed-41544c53,zoom,instrumented_renderer_callback_ms,ms,17,2.200000047683716
Atlas,1c2e54b3b8df+bench,SVG,instrument-2026-10-07T06-46-37.937Z,mixed-3000-seed-41544c53,zoom,instrumented_renderer_callback_ms,ms,18,2.1000001430511475
Atlas,1c2e54b3b8df+bench,SVG,instrument-2026-10-07T06-46-37.937Z,mixed-3000-seed-41544c53,zoom,instrumented_renderer_callback_ms,ms,19,2
Atlas,1c2e54b3b8df+bench,SVG,instrument-2026-10-07T06-46-37.937Z,mixed-3000-seed-41544c53,zoom,instrumented_renderer_callback_ms,ms,20,2.200000047683716
Atlas,1c2e54b3b8df+bench,SVG,instrument-2026-10-07T06-46-37.937Z,mixed-3000-seed-41544c53,zoom,instrumented_renderer_callback_ms,ms,21,2.9000000953674316
Atlas,1c2e54b3b8df+bench,SVG,instrument-2026-10-07T06-46-37.937Z,mixed-3000-seed-41544c53,zoom,instrumented_renderer_callback_ms,ms,22,3.1000001430511475
Atlas,1c2e54b3b8df+bench,SVG,instrument-2026-10-07T06-46-37.937Z,mixed-3000-seed-41544c53,zoom,instrumented_renderer_callback_ms,ms,23,2.799999952316284
Atlas,1c2e54b3b8df+bench,SVG,instrument-2026-10-07T06-46-37.937Z,mixed-3000-seed-41544c53,zoom,instrumented_renderer_callback_ms,ms,24,11.600000143051147
Atlas,1c2e54b3b8df+bench,SVG,instrument-2026-10-07T06-46-37.937Z,mixed-3000-seed-41544c53,zoom,instrumented_renderer_callback_ms,ms,25,2.4000000953674316
Atlas,1c2e54b3b8df+bench,SVG,instrument-2026-10-07T06-46-37.937Z,mixed-3000-seed-41544c53,zoom,instrumented_renderer_callback_ms,ms,26,2
Atlas,1c2e54b3b8df+bench,SVG,instrument-2026-10-07T06-46-37.937Z,mixed-3000-seed-41544c53,zoom,instrumented_renderer_callback_ms,ms,27,2.1000001430511475
Atlas,1c2e54b3b8df+bench,SVG,instrument-2026-10-07T06-46-37.937Z,mixed-3000-seed-41544c53,zoom,instrumented_renderer_callback_ms,ms,28,2.1999998092651367
Atlas,1c2e54b3b8df+bench,SVG,instrument-2026-10-07T06-46-37.937Z,mixed-3000-seed-41544c53,zoom,instrumented_renderer_callback_ms,ms,29,2.1999998092651367
Atlas,1c2e54b3b8df+bench,SVG,instrument-2026-10-07T06-46-37.937Z,mixed-3000-seed-41544c53,zoom,instrumented_renderer_callback_ms,ms,30,2
Atlas,1c2e54b3b8df+bench,SVG,instrument-2026-10-07T06-46-37.937Z,mixed-3000-seed-41544c53,zoom,instrumented_renderer_callback_ms,ms,31,2.1000001430511475
Atlas,1c2e54b3b8df+bench,SVG,instrument-2026-10-07T06-46-37.937Z,mixed-3000-seed-41544c53,zoom,instrumented_renderer_callback_ms,ms,32,2
Atlas,1c2e54b3b8df+bench,SVG,instrument-2026-10-07T06-46-37.937Z,mixed-3000-seed-41544c53,zoom,instrumented_renderer_callback_ms,ms,33,2
Atlas,1c2e54b3b8df+bench,SVG,instrument-2026-10-07T06-46-37.937Z,mixed-3000-seed-41544c53,zoom,instrumented_renderer_callback_ms,ms,34,1.9000000953674316
Atlas,1c2e54b3b8df+bench,SVG,instrument-2026-10-07T06-46-37.937Z,mixed-3000-seed-41544c53,zoom,instrumented_renderer_callback_ms,ms,35,1.8999998569488525
Atlas,1c2e54b3b8df+bench,SVG,instrument-2026-10-07T06-46-37.937Z,mixed-3000-seed-41544c53,zoom,instrumented_renderer_callback_ms,ms,36,1.8999998569488525
Atlas,1c2e54b3b8df+bench,SVG,instrument-2026-10-07T06-46-37.937Z,mixed-3000-seed-41544c53,zoom,instrumented_renderer_callback_ms,ms,37,2
Atlas,1c2e54b3b8df+bench,SVG,instrument-2026-10-07T06-46-37.937Z,mixed-3000-seed-41544c53,zoom,instrumented_renderer_callback_ms,ms,38,1.9000000953674316
Atlas,1c2e54b3b8df+bench,SVG,instrument-2026-10-07T06-46-37.937Z,mixed-3000-seed-41544c53,zoom,instrumented_renderer_callback_ms,ms,39,2.0999999046325684
Atlas,1c2e54b3b8df+bench,SVG,instrument-2026-10-07T06-46-37.937Z,mixed-3000-seed-41544c53,zoom,instrumented_renderer_callback_ms,ms,40,1.8999998569488525
Atlas,1c2e54b3b8df+bench,SVG,instrument-2026-10-07T06-46-37.937Z,mixed-3000-seed-41544c53,zoom,instrumented_renderer_callback_ms,ms,41,2.200000047683716
Atlas,1c2e54b3b8df+bench,SVG,instrument-2026-10-07T06-46-37.937Z,mixed-3000-seed-41544c53,zoom,instrumented_renderer_callback_ms,ms,42,2.299999952316284
Atlas,1c2e54b3b8df+bench,SVG,instrument-2026-10-07T06-46-37.937Z,mixed-3000-seed-41544c53,zoom,instrumented_renderer_callback_ms,ms,43,2.1000001430511475
Atlas,1c2e54b3b8df+bench,SVG,instrument-2026-10-07T06-46-37.937Z,mixed-3000-seed-41544c53,zoom,instrumented_renderer_callback_ms,ms,44,2.0999999046325684
Atlas,1c2e54b3b8df+bench,SVG,instrument-2026-10-07T06-46-37.937Z,mixed-3000-seed-41544c53,zoom,instrumented_renderer_callback_ms,ms,45,2.0999999046325684
Atlas,1c2e54b3b8df+bench,SVG,instrument-2026-10-07T06-46-37.937Z,mixed-3000-seed-41544c53,zoom,instrumented_renderer_callback_ms,ms,46,2
Atlas,1c2e54b3b8df+bench,SVG,instrument-2026-10-07T06-46-37.937Z,mixed-3000-seed-41544c53,zoom,instrumented_renderer_callback_ms,ms,47,2.0999999046325684
Atlas,1c2e54b3b8df+bench,SVG,instrument-2026-10-07T06-46-37.937Z,mixed-3000-seed-41544c53,zoom,instrumented_renderer_callback_ms,ms,48,1.8999998569488525
Atlas,1c2e54b3b8df+bench,SVG,instrument-2026-10-07T06-46-37.937Z,mixed-3000-seed-41544c53,zoom,instrumented_renderer_callback_ms,ms,49,2.200000047683716
Atlas,1c2e54b3b8df+bench,SVG,instrument-2026-10-07T06-46-37.937Z,mixed-3000-seed-41544c53,zoom,cleanup_renderer_calls,count,0,0
Atlas,1c2e54b3b8df+bench,SVG,instrument-2026-10-07T06-46-37.937Z,mixed-3000-seed-41544c53,zoom,cleanup_stage_children,count,0,0
Atlas,1c2e54b3b8df+bench,SVG,instrument-2026-10-07T06-46-37.937Z,mixed-3000-seed-41544c53,hit,spatial_hit_test_sync_ms,ms,0,0
Atlas,1c2e54b3b8df+bench,SVG,instrument-2026-10-07T06-46-37.937Z,mixed-3000-seed-41544c53,hit,spatial_hit_test_sync_ms,ms,1,0
Atlas,1c2e54b3b8df+bench,SVG,instrument-2026-10-07T06-46-37.937Z,mixed-3000-seed-41544c53,hit,spatial_hit_test_sync_ms,ms,2,0
Atlas,1c2e54b3b8df+bench,SVG,instrument-2026-10-07T06-46-37.937Z,mixed-3000-seed-41544c53,hit,spatial_hit_test_sync_ms,ms,3,0
Atlas,1c2e54b3b8df+bench,SVG,instrument-2026-10-07T06-46-37.937Z,mixed-3000-seed-41544c53,hit,spatial_hit_test_sync_ms,ms,4,0
Atlas,1c2e54b3b8df+bench,SVG,instrument-2026-10-07T06-46-37.937Z,mixed-3000-seed-41544c53,hit,spatial_hit_test_sync_ms,ms,5,0
Atlas,1c2e54b3b8df+bench,SVG,instrument-2026-10-07T06-46-37.937Z,mixed-3000-seed-41544c53,hit,spatial_hit_test_sync_ms,ms,6,0
Atlas,1c2e54b3b8df+bench,SVG,instrument-2026-10-07T06-46-37.937Z,mixed-3000-seed-41544c53,hit,spatial_hit_test_sync_ms,ms,7,0.09999990463256836
Atlas,1c2e54b3b8df+bench,SVG,instrument-2026-10-07T06-46-37.937Z,mixed-3000-seed-41544c53,hit,spatial_hit_test_sync_ms,ms,8,0
Atlas,1c2e54b3b8df+bench,SVG,instrument-2026-10-07T06-46-37.937Z,mixed-3000-seed-41544c53,hit,spatial_hit_test_sync_ms,ms,9,0
Atlas,1c2e54b3b8df+bench,SVG,instrument-2026-10-07T06-46-37.937Z,mixed-3000-seed-41544c53,hit,spatial_hit_test_sync_ms,ms,10,0
Atlas,1c2e54b3b8df+bench,SVG,instrument-2026-10-07T06-46-37.937Z,mixed-3000-seed-41544c53,hit,spatial_hit_test_sync_ms,ms,11,0
Atlas,1c2e54b3b8df+bench,SVG,instrument-2026-10-07T06-46-37.937Z,mixed-3000-seed-41544c53,hit,spatial_hit_test_sync_ms,ms,12,0
Atlas,1c2e54b3b8df+bench,SVG,instrument-2026-10-07T06-46-37.937Z,mixed-3000-seed-41544c53,hit,spatial_hit_test_sync_ms,ms,13,0
Atlas,1c2e54b3b8df+bench,SVG,instrument-2026-10-07T06-46-37.937Z,mixed-3000-seed-41544c53,hit,spatial_hit_test_sync_ms,ms,14,0
Atlas,1c2e54b3b8df+bench,SVG,instrument-2026-10-07T06-46-37.937Z,mixed-3000-seed-41544c53,hit,spatial_hit_test_sync_ms,ms,15,0
Atlas,1c2e54b3b8df+bench,SVG,instrument-2026-10-07T06-46-37.937Z,mixed-3000-seed-41544c53,hit,spatial_hit_test_sync_ms,ms,16,0
Atlas,1c2e54b3b8df+bench,SVG,instrument-2026-10-07T06-46-37.937Z,mixed-3000-seed-41544c53,hit,spatial_hit_test_sync_ms,ms,17,0
Atlas,1c2e54b3b8df+bench,SVG,instrument-2026-10-07T06-46-37.937Z,mixed-3000-seed-41544c53,hit,spatial_hit_test_sync_ms,ms,18,0
Atlas,1c2e54b3b8df+bench,SVG,instrument-2026-10-07T06-46-37.937Z,mixed-3000-seed-41544c53,hit,spatial_hit_test_sync_ms,ms,19,0
Atlas,1c2e54b3b8df+bench,SVG,instrument-2026-10-07T06-46-37.937Z,mixed-3000-seed-41544c53,hit,spatial_hit_test_sync_ms,ms,20,0
Atlas,1c2e54b3b8df+bench,SVG,instrument-2026-10-07T06-46-37.937Z,mixed-3000-seed-41544c53,hit,spatial_hit_test_sync_ms,ms,21,0
Atlas,1c2e54b3b8df+bench,SVG,instrument-2026-10-07T06-46-37.937Z,mixed-3000-seed-41544c53,hit,spatial_hit_test_sync_ms,ms,22,0
Atlas,1c2e54b3b8df+bench,SVG,instrument-2026-10-07T06-46-37.937Z,mixed-3000-seed-41544c53,hit,spatial_hit_test_sync_ms,ms,23,0
Atlas,1c2e54b3b8df+bench,SVG,instrument-2026-10-07T06-46-37.937Z,mixed-3000-seed-41544c53,hit,spatial_hit_test_sync_ms,ms,24,0
Atlas,1c2e54b3b8df+bench,SVG,instrument-2026-10-07T06-46-37.937Z,mixed-3000-seed-41544c53,hit,spatial_hit_test_sync_ms,ms,25,0
Atlas,1c2e54b3b8df+bench,SVG,instrument-2026-10-07T06-46-37.937Z,mixed-3000-seed-41544c53,hit,spatial_hit_test_sync_ms,ms,26,0
Atlas,1c2e54b3b8df+bench,SVG,instrument-2026-10-07T06-46-37.937Z,mixed-3000-seed-41544c53,hit,spatial_hit_test_sync_ms,ms,27,0
Atlas,1c2e54b3b8df+bench,SVG,instrument-2026-10-07T06-46-37.937Z,mixed-3000-seed-41544c53,hit,spatial_hit_test_sync_ms,ms,28,0
Atlas,1c2e54b3b8df+bench,SVG,instrument-2026-10-07T06-46-37.937Z,mixed-3000-seed-41544c53,hit,spatial_hit_test_sync_ms,ms,29,0
Atlas,1c2e54b3b8df+bench,SVG,instrument-2026-10-07T06-46-37.937Z,mixed-3000-seed-41544c53,hit,spatial_hit_test_sync_ms,ms,30,0
Atlas,1c2e54b3b8df+bench,SVG,instrument-2026-10-07T06-46-37.937Z,mixed-3000-seed-41544c53,hit,spatial_hit_test_sync_ms,ms,31,0
Atlas,1c2e54b3b8df+bench,SVG,instrument-2026-10-07T06-46-37.937Z,mixed-3000-seed-41544c53,hit,spatial_hit_test_sync_ms,ms,32,0
Atlas,1c2e54b3b8df+bench,SVG,instrument-2026-10-07T06-46-37.937Z,mixed-3000-seed-41544c53,hit,spatial_hit_test_sync_ms,ms,33,0
Atlas,1c2e54b3b8df+bench,SVG,instrument-2026-10-07T06-46-37.937Z,mixed-3000-seed-41544c53,hit,spatial_hit_test_sync_ms,ms,34,0
Atlas,1c2e54b3b8df+bench,SVG,instrument-2026-10-07T06-46-37.937Z,mixed-3000-seed-41544c53,hit,spatial_hit_test_sync_ms,ms,35,0
Atlas,1c2e54b3b8df+bench,SVG,instrument-2026-10-07T06-46-37.937Z,mixed-3000-seed-41544c53,hit,spatial_hit_test_sync_ms,ms,36,0
Atlas,1c2e54b3b8df+bench,SVG,instrument-2026-10-07T06-46-37.937Z,mixed-3000-seed-41544c53,hit,spatial_hit_test_sync_ms,ms,37,0
Atlas,1c2e54b3b8df+bench,SVG,instrument-2026-10-07T06-46-37.937Z,mixed-3000-seed-41544c53,hit,spatial_hit_test_sync_ms,ms,38,0
Atlas,1c2e54b3b8df+bench,SVG,instrument-2026-10-07T06-46-37.937Z,mixed-3000-seed-41544c53,hit,spatial_hit_test_sync_ms,ms,39,0
Atlas,1c2e54b3b8df+bench,SVG,instrument-2026-10-07T06-46-37.937Z,mixed-3000-seed-41544c53,hit,spatial_hit_test_sync_ms,ms,40,0
Atlas,1c2e54b3b8df+bench,SVG,instrument-2026-10-07T06-46-37.937Z,mixed-3000-seed-41544c53,hit,spatial_hit_test_sync_ms,ms,41,0
Atlas,1c2e54b3b8df+bench,SVG,instrument-2026-10-07T06-46-37.937Z,mixed-3000-seed-41544c53,hit,spatial_hit_test_sync_ms,ms,42,0
Atlas,1c2e54b3b8df+bench,SVG,instrument-2026-10-07T06-46-37.937Z,mixed-3000-seed-41544c53,hit,spatial_hit_test_sync_ms,ms,43,0
Atlas,1c2e54b3b8df+bench,SVG,instrument-2026-10-07T06-46-37.937Z,mixed-3000-seed-41544c53,hit,spatial_hit_test_sync_ms,ms,44,0.09999990463256836
Atlas,1c2e54b3b8df+bench,SVG,instrument-2026-10-07T06-46-37.937Z,mixed-3000-seed-41544c53,hit,spatial_hit_test_sync_ms,ms,45,0
Atlas,1c2e54b3b8df+bench,SVG,instrument-2026-10-07T06-46-37.937Z,mixed-3000-seed-41544c53,hit,spatial_hit_test_sync_ms,ms,46,0
Atlas,1c2e54b3b8df+bench,SVG,instrument-2026-10-07T06-46-37.937Z,mixed-3000-seed-41544c53,hit,spatial_hit_test_sync_ms,ms,47,0
Atlas,1c2e54b3b8df+bench,SVG,instrument-2026-10-07T06-46-37.937Z,mixed-3000-seed-41544c53,hit,spatial_hit_test_sync_ms,ms,48,0
Atlas,1c2e54b3b8df+bench,SVG,instrument-2026-10-07T06-46-37.937Z,mixed-3000-seed-41544c53,hit,spatial_hit_test_sync_ms,ms,49,0
Atlas,1c2e54b3b8df+bench,SVG,instrument-2026-10-07T06-46-37.937Z,mixed-3000-seed-41544c53,hit,spatial_hit_test_sync_ms,ms,50,0
Atlas,1c2e54b3b8df+bench,SVG,instrument-2026-10-07T06-46-37.937Z,mixed-3000-seed-41544c53,hit,spatial_hit_test_sync_ms,ms,51,0
Atlas,1c2e54b3b8df+bench,SVG,instrument-2026-10-07T06-46-37.937Z,mixed-3000-seed-41544c53,hit,spatial_hit_test_sync_ms,ms,52,0
Atlas,1c2e54b3b8df+bench,SVG,instrument-2026-10-07T06-46-37.937Z,mixed-3000-seed-41544c53,hit,spatial_hit_test_sync_ms,ms,53,0
Atlas,1c2e54b3b8df+bench,SVG,instrument-2026-10-07T06-46-37.937Z,mixed-3000-seed-41544c53,hit,spatial_hit_test_sync_ms,ms,54,0
Atlas,1c2e54b3b8df+bench,SVG,instrument-2026-10-07T06-46-37.937Z,mixed-3000-seed-41544c53,hit,spatial_hit_test_sync_ms,ms,55,0
Atlas,1c2e54b3b8df+bench,SVG,instrument-2026-10-07T06-46-37.937Z,mixed-3000-seed-41544c53,hit,spatial_hit_test_sync_ms,ms,56,0
Atlas,1c2e54b3b8df+bench,SVG,instrument-2026-10-07T06-46-37.937Z,mixed-3000-seed-41544c53,hit,spatial_hit_test_sync_ms,ms,57,0
Atlas,1c2e54b3b8df+bench,SVG,instrument-2026-10-07T06-46-37.937Z,mixed-3000-seed-41544c53,hit,spatial_hit_test_sync_ms,ms,58,0
Atlas,1c2e54b3b8df+bench,SVG,instrument-2026-10-07T06-46-37.937Z,mixed-3000-seed-41544c53,hit,spatial_hit_test_sync_ms,ms,59,0
Atlas,1c2e54b3b8df+bench,SVG,instrument-2026-10-07T06-46-37.937Z,mixed-3000-seed-41544c53,hit,spatial_hit_test_sync_ms,ms,60,0
Atlas,1c2e54b3b8df+bench,SVG,instrument-2026-10-07T06-46-37.937Z,mixed-3000-seed-41544c53,hit,spatial_hit_test_sync_ms,ms,61,0
Atlas,1c2e54b3b8df+bench,SVG,instrument-2026-10-07T06-46-37.937Z,mixed-3000-seed-41544c53,hit,spatial_hit_test_sync_ms,ms,62,0
Atlas,1c2e54b3b8df+bench,SVG,instrument-2026-10-07T06-46-37.937Z,mixed-3000-seed-41544c53,hit,spatial_hit_test_sync_ms,ms,63,0
Atlas,1c2e54b3b8df+bench,SVG,instrument-2026-10-07T06-46-37.937Z,mixed-3000-seed-41544c53,hit,spatial_hit_test_sync_ms,ms,64,0
Atlas,1c2e54b3b8df+bench,SVG,instrument-2026-10-07T06-46-37.937Z,mixed-3000-seed-41544c53,hit,spatial_hit_test_sync_ms,ms,65,0
Atlas,1c2e54b3b8df+bench,SVG,instrument-2026-10-07T06-46-37.937Z,mixed-3000-seed-41544c53,hit,spatial_hit_test_sync_ms,ms,66,0
Atlas,1c2e54b3b8df+bench,SVG,instrument-2026-10-07T06-46-37.937Z,mixed-3000-seed-41544c53,hit,spatial_hit_test_sync_ms,ms,67,0
Atlas,1c2e54b3b8df+bench,SVG,instrument-2026-10-07T06-46-37.937Z,mixed-3000-seed-41544c53,hit,spatial_hit_test_sync_ms,ms,68,0
Atlas,1c2e54b3b8df+bench,SVG,instrument-2026-10-07T06-46-37.937Z,mixed-3000-seed-41544c53,hit,spatial_hit_test_sync_ms,ms,69,0
Atlas,1c2e54b3b8df+bench,SVG,instrument-2026-10-07T06-46-37.937Z,mixed-3000-seed-41544c53,hit,spatial_hit_test_sync_ms,ms,70,0
Atlas,1c2e54b3b8df+bench,SVG,instrument-2026-10-07T06-46-37.937Z,mixed-3000-seed-41544c53,hit,spatial_hit_test_sync_ms,ms,71,0
Atlas,1c2e54b3b8df+bench,SVG,instrument-2026-10-07T06-46-37.937Z,mixed-3000-seed-41544c53,hit,spatial_hit_test_sync_ms,ms,72,0
Atlas,1c2e54b3b8df+bench,SVG,instrument-2026-10-07T06-46-37.937Z,mixed-3000-seed-41544c53,hit,spatial_hit_test_sync_ms,ms,73,0
Atlas,1c2e54b3b8df+bench,SVG,instrument-2026-10-07T06-46-37.937Z,mixed-3000-seed-41544c53,hit,spatial_hit_test_sync_ms,ms,74,0
Atlas,1c2e54b3b8df+bench,SVG,instrument-2026-10-07T06-46-37.937Z,mixed-3000-seed-41544c53,hit,spatial_hit_test_sync_ms,ms,75,0
Atlas,1c2e54b3b8df+bench,SVG,instrument-2026-10-07T06-46-37.937Z,mixed-3000-seed-41544c53,hit,spatial_hit_test_sync_ms,ms,76,0
Atlas,1c2e54b3b8df+bench,SVG,instrument-2026-10-07T06-46-37.937Z,mixed-3000-seed-41544c53,hit,spatial_hit_test_sync_ms,ms,77,0
Atlas,1c2e54b3b8df+bench,SVG,instrument-2026-10-07T06-46-37.937Z,mixed-3000-seed-41544c53,hit,spatial_hit_test_sync_ms,ms,78,0
Atlas,1c2e54b3b8df+bench,SVG,instrument-2026-10-07T06-46-37.937Z,mixed-3000-seed-41544c53,hit,spatial_hit_test_sync_ms,ms,79,0
Atlas,1c2e54b3b8df+bench,SVG,instrument-2026-10-07T06-46-37.937Z,mixed-3000-seed-41544c53,hit,spatial_hit_test_sync_ms,ms,80,0.10000014305114746
Atlas,1c2e54b3b8df+bench,SVG,instrument-2026-10-07T06-46-37.937Z,mixed-3000-seed-41544c53,hit,spatial_hit_test_sync_ms,ms,81,0
Atlas,1c2e54b3b8df+bench,SVG,instrument-2026-10-07T06-46-37.937Z,mixed-3000-seed-41544c53,hit,spatial_hit_test_sync_ms,ms,82,0
Atlas,1c2e54b3b8df+bench,SVG,instrument-2026-10-07T06-46-37.937Z,mixed-3000-seed-41544c53,hit,spatial_hit_test_sync_ms,ms,83,0
Atlas,1c2e54b3b8df+bench,SVG,instrument-2026-10-07T06-46-37.937Z,mixed-3000-seed-41544c53,hit,spatial_hit_test_sync_ms,ms,84,0
Atlas,1c2e54b3b8df+bench,SVG,instrument-2026-10-07T06-46-37.937Z,mixed-3000-seed-41544c53,hit,spatial_hit_test_sync_ms,ms,85,0
Atlas,1c2e54b3b8df+bench,SVG,instrument-2026-10-07T06-46-37.937Z,mixed-3000-seed-41544c53,hit,spatial_hit_test_sync_ms,ms,86,0
Atlas,1c2e54b3b8df+bench,SVG,instrument-2026-10-07T06-46-37.937Z,mixed-3000-seed-41544c53,hit,spatial_hit_test_sync_ms,ms,87,0
Atlas,1c2e54b3b8df+bench,SVG,instrument-2026-10-07T06-46-37.937Z,mixed-3000-seed-41544c53,hit,spatial_hit_test_sync_ms,ms,88,0
Atlas,1c2e54b3b8df+bench,SVG,instrument-2026-10-07T06-46-37.937Z,mixed-3000-seed-41544c53,hit,spatial_hit_test_sync_ms,ms,89,0
Atlas,1c2e54b3b8df+bench,SVG,instrument-2026-10-07T06-46-37.937Z,mixed-3000-seed-41544c53,hit,spatial_hit_test_sync_ms,ms,90,0
Atlas,1c2e54b3b8df+bench,SVG,instrument-2026-10-07T06-46-37.937Z,mixed-3000-seed-41544c53,hit,spatial_hit_test_sync_ms,ms,91,0
Atlas,1c2e54b3b8df+bench,SVG,instrument-2026-10-07T06-46-37.937Z,mixed-3000-seed-41544c53,hit,spatial_hit_test_sync_ms,ms,92,0
Atlas,1c2e54b3b8df+bench,SVG,instrument-2026-10-07T06-46-37.937Z,mixed-3000-seed-41544c53,hit,spatial_hit_test_sync_ms,ms,93,0
Atlas,1c2e54b3b8df+bench,SVG,instrument-2026-10-07T06-46-37.937Z,mixed-3000-seed-41544c53,hit,spatial_hit_test_sync_ms,ms,94,0
Atlas,1c2e54b3b8df+bench,SVG,instrument-2026-10-07T06-46-37.937Z,mixed-3000-seed-41544c53,hit,spatial_hit_test_sync_ms,ms,95,0
Atlas,1c2e54b3b8df+bench,SVG,instrument-2026-10-07T06-46-37.937Z,mixed-3000-seed-41544c53,hit,spatial_hit_test_sync_ms,ms,96,0
Atlas,1c2e54b3b8df+bench,SVG,instrument-2026-10-07T06-46-37.937Z,mixed-3000-seed-41544c53,hit,spatial_hit_test_sync_ms,ms,97,0
Atlas,1c2e54b3b8df+bench,SVG,instrument-2026-10-07T06-46-37.937Z,mixed-3000-seed-41544c53,hit,spatial_hit_test_sync_ms,ms,98,0
Atlas,1c2e54b3b8df+bench,SVG,instrument-2026-10-07T06-46-37.937Z,mixed-3000-seed-41544c53,hit,spatial_hit_test_sync_ms,ms,99,0
Atlas,1c2e54b3b8df+bench,SVG,instrument-2026-10-07T06-46-37.937Z,mixed-3000-seed-41544c53,hit,spatial_hit_test_sync_ms,ms,100,0
Atlas,1c2e54b3b8df+bench,SVG,instrument-2026-10-07T06-46-37.937Z,mixed-3000-seed-41544c53,hit,spatial_hit_test_sync_ms,ms,101,0
Atlas,1c2e54b3b8df+bench,SVG,instrument-2026-10-07T06-46-37.937Z,mixed-3000-seed-41544c53,hit,spatial_hit_test_sync_ms,ms,102,0
Atlas,1c2e54b3b8df+bench,SVG,instrument-2026-10-07T06-46-37.937Z,mixed-3000-seed-41544c53,hit,spatial_hit_test_sync_ms,ms,103,0.09999990463256836
Atlas,1c2e54b3b8df+bench,SVG,instrument-2026-10-07T06-46-37.937Z,mixed-3000-seed-41544c53,hit,spatial_hit_test_sync_ms,ms,104,0
Atlas,1c2e54b3b8df+bench,SVG,instrument-2026-10-07T06-46-37.937Z,mixed-3000-seed-41544c53,hit,spatial_hit_test_sync_ms,ms,105,0
Atlas,1c2e54b3b8df+bench,SVG,instrument-2026-10-07T06-46-37.937Z,mixed-3000-seed-41544c53,hit,spatial_hit_test_sync_ms,ms,106,0
Atlas,1c2e54b3b8df+bench,SVG,instrument-2026-10-07T06-46-37.937Z,mixed-3000-seed-41544c53,hit,spatial_hit_test_sync_ms,ms,107,0
Atlas,1c2e54b3b8df+bench,SVG,instrument-2026-10-07T06-46-37.937Z,mixed-3000-seed-41544c53,hit,spatial_hit_test_sync_ms,ms,108,0
Atlas,1c2e54b3b8df+bench,SVG,instrument-2026-10-07T06-46-37.937Z,mixed-3000-seed-41544c53,hit,spatial_hit_test_sync_ms,ms,109,0
Atlas,1c2e54b3b8df+bench,SVG,instrument-2026-10-07T06-46-37.937Z,mixed-3000-seed-41544c53,hit,spatial_hit_test_sync_ms,ms,110,0
Atlas,1c2e54b3b8df+bench,SVG,instrument-2026-10-07T06-46-37.937Z,mixed-3000-seed-41544c53,hit,spatial_hit_test_sync_ms,ms,111,0
Atlas,1c2e54b3b8df+bench,SVG,instrument-2026-10-07T06-46-37.937Z,mixed-3000-seed-41544c53,hit,spatial_hit_test_sync_ms,ms,112,0
Atlas,1c2e54b3b8df+bench,SVG,instrument-2026-10-07T06-46-37.937Z,mixed-3000-seed-41544c53,hit,spatial_hit_test_sync_ms,ms,113,0
Atlas,1c2e54b3b8df+bench,SVG,instrument-2026-10-07T06-46-37.937Z,mixed-3000-seed-41544c53,hit,spatial_hit_test_sync_ms,ms,114,0
Atlas,1c2e54b3b8df+bench,SVG,instrument-2026-10-07T06-46-37.937Z,mixed-3000-seed-41544c53,hit,spatial_hit_test_sync_ms,ms,115,0
Atlas,1c2e54b3b8df+bench,SVG,instrument-2026-10-07T06-46-37.937Z,mixed-3000-seed-41544c53,hit,spatial_hit_test_sync_ms,ms,116,0
Atlas,1c2e54b3b8df+bench,SVG,instrument-2026-10-07T06-46-37.937Z,mixed-3000-seed-41544c53,hit,spatial_hit_test_sync_ms,ms,117,0
Atlas,1c2e54b3b8df+bench,SVG,instrument-2026-10-07T06-46-37.937Z,mixed-3000-seed-41544c53,hit,spatial_hit_test_sync_ms,ms,118,0
Atlas,1c2e54b3b8df+bench,SVG,instrument-2026-10-07T06-46-37.937Z,mixed-3000-seed-41544c53,hit,spatial_hit_test_sync_ms,ms,119,0
Atlas,1c2e54b3b8df+bench,SVG,instrument-2026-10-07T06-46-37.937Z,mixed-3000-seed-41544c53,hit,spatial_hit_test_sync_ms,ms,120,0
Atlas,1c2e54b3b8df+bench,SVG,instrument-2026-10-07T06-46-37.937Z,mixed-3000-seed-41544c53,hit,spatial_hit_test_sync_ms,ms,121,0
Atlas,1c2e54b3b8df+bench,SVG,instrument-2026-10-07T06-46-37.937Z,mixed-3000-seed-41544c53,hit,spatial_hit_test_sync_ms,ms,122,0
Atlas,1c2e54b3b8df+bench,SVG,instrument-2026-10-07T06-46-37.937Z,mixed-3000-seed-41544c53,hit,spatial_hit_test_sync_ms,ms,123,0
Atlas,1c2e54b3b8df+bench,SVG,instrument-2026-10-07T06-46-37.937Z,mixed-3000-seed-41544c53,hit,spatial_hit_test_sync_ms,ms,124,0
Atlas,1c2e54b3b8df+bench,SVG,instrument-2026-10-07T06-46-37.937Z,mixed-3000-seed-41544c53,hit,spatial_hit_test_sync_ms,ms,125,0
Atlas,1c2e54b3b8df+bench,SVG,instrument-2026-10-07T06-46-37.937Z,mixed-3000-seed-41544c53,hit,spatial_hit_test_sync_ms,ms,126,0
Atlas,1c2e54b3b8df+bench,SVG,instrument-2026-10-07T06-46-37.937Z,mixed-3000-seed-41544c53,hit,spatial_hit_test_sync_ms,ms,127,0
Atlas,1c2e54b3b8df+bench,SVG,instrument-2026-10-07T06-46-37.937Z,mixed-3000-seed-41544c53,hit,spatial_hit_test_sync_ms,ms,128,0
Atlas,1c2e54b3b8df+bench,SVG,instrument-2026-10-07T06-46-37.937Z,mixed-3000-seed-41544c53,hit,spatial_hit_test_sync_ms,ms,129,0
Atlas,1c2e54b3b8df+bench,SVG,instrument-2026-10-07T06-46-37.937Z,mixed-3000-seed-41544c53,hit,spatial_hit_test_sync_ms,ms,130,0
Atlas,1c2e54b3b8df+bench,SVG,instrument-2026-10-07T06-46-37.937Z,mixed-3000-seed-41544c53,hit,spatial_hit_test_sync_ms,ms,131,0
Atlas,1c2e54b3b8df+bench,SVG,instrument-2026-10-07T06-46-37.937Z,mixed-3000-seed-41544c53,hit,spatial_hit_test_sync_ms,ms,132,0.10000014305114746
Atlas,1c2e54b3b8df+bench,SVG,instrument-2026-10-07T06-46-37.937Z,mixed-3000-seed-41544c53,hit,spatial_hit_test_sync_ms,ms,133,0
Atlas,1c2e54b3b8df+bench,SVG,instrument-2026-10-07T06-46-37.937Z,mixed-3000-seed-41544c53,hit,spatial_hit_test_sync_ms,ms,134,0
Atlas,1c2e54b3b8df+bench,SVG,instrument-2026-10-07T06-46-37.937Z,mixed-3000-seed-41544c53,hit,spatial_hit_test_sync_ms,ms,135,0
Atlas,1c2e54b3b8df+bench,SVG,instrument-2026-10-07T06-46-37.937Z,mixed-3000-seed-41544c53,hit,spatial_hit_test_sync_ms,ms,136,0
Atlas,1c2e54b3b8df+bench,SVG,instrument-2026-10-07T06-46-37.937Z,mixed-3000-seed-41544c53,hit,spatial_hit_test_sync_ms,ms,137,0
Atlas,1c2e54b3b8df+bench,SVG,instrument-2026-10-07T06-46-37.937Z,mixed-3000-seed-41544c53,hit,spatial_hit_test_sync_ms,ms,138,0
Atlas,1c2e54b3b8df+bench,SVG,instrument-2026-10-07T06-46-37.937Z,mixed-3000-seed-41544c53,hit,spatial_hit_test_sync_ms,ms,139,0
Atlas,1c2e54b3b8df+bench,SVG,instrument-2026-10-07T06-46-37.937Z,mixed-3000-seed-41544c53,hit,spatial_hit_test_sync_ms,ms,140,0
Atlas,1c2e54b3b8df+bench,SVG,instrument-2026-10-07T06-46-37.937Z,mixed-3000-seed-41544c53,hit,spatial_hit_test_sync_ms,ms,141,0
Atlas,1c2e54b3b8df+bench,SVG,instrument-2026-10-07T06-46-37.937Z,mixed-3000-seed-41544c53,hit,spatial_hit_test_sync_ms,ms,142,0
Atlas,1c2e54b3b8df+bench,SVG,instrument-2026-10-07T06-46-37.937Z,mixed-3000-seed-41544c53,hit,spatial_hit_test_sync_ms,ms,143,0
Atlas,1c2e54b3b8df+bench,SVG,instrument-2026-10-07T06-46-37.937Z,mixed-3000-seed-41544c53,hit,spatial_hit_test_sync_ms,ms,144,0
Atlas,1c2e54b3b8df+bench,SVG,instrument-2026-10-07T06-46-37.937Z,mixed-3000-seed-41544c53,hit,spatial_hit_test_sync_ms,ms,145,0
Atlas,1c2e54b3b8df+bench,SVG,instrument-2026-10-07T06-46-37.937Z,mixed-3000-seed-41544c53,hit,spatial_hit_test_sync_ms,ms,146,0
Atlas,1c2e54b3b8df+bench,SVG,instrument-2026-10-07T06-46-37.937Z,mixed-3000-seed-41544c53,hit,spatial_hit_test_sync_ms,ms,147,0
Atlas,1c2e54b3b8df+bench,SVG,instrument-2026-10-07T06-46-37.937Z,mixed-3000-seed-41544c53,hit,spatial_hit_test_sync_ms,ms,148,0
Atlas,1c2e54b3b8df+bench,SVG,instrument-2026-10-07T06-46-37.937Z,mixed-3000-seed-41544c53,hit,spatial_hit_test_sync_ms,ms,149,0
Atlas,1c2e54b3b8df+bench,SVG,instrument-2026-10-07T06-46-37.937Z,mixed-3000-seed-41544c53,hit,spatial_hit_test_sync_ms,ms,150,0
Atlas,1c2e54b3b8df+bench,SVG,instrument-2026-10-07T06-46-37.937Z,mixed-3000-seed-41544c53,hit,spatial_hit_test_sync_ms,ms,151,0
Atlas,1c2e54b3b8df+bench,SVG,instrument-2026-10-07T06-46-37.937Z,mixed-3000-seed-41544c53,hit,spatial_hit_test_sync_ms,ms,152,0
Atlas,1c2e54b3b8df+bench,SVG,instrument-2026-10-07T06-46-37.937Z,mixed-3000-seed-41544c53,hit,spatial_hit_test_sync_ms,ms,153,0
Atlas,1c2e54b3b8df+bench,SVG,instrument-2026-10-07T06-46-37.937Z,mixed-3000-seed-41544c53,hit,spatial_hit_test_sync_ms,ms,154,0
Atlas,1c2e54b3b8df+bench,SVG,instrument-2026-10-07T06-46-37.937Z,mixed-3000-seed-41544c53,hit,spatial_hit_test_sync_ms,ms,155,0
Atlas,1c2e54b3b8df+bench,SVG,instrument-2026-10-07T06-46-37.937Z,mixed-3000-seed-41544c53,hit,spatial_hit_test_sync_ms,ms,156,0
Atlas,1c2e54b3b8df+bench,SVG,instrument-2026-10-07T06-46-37.937Z,mixed-3000-seed-41544c53,hit,spatial_hit_test_sync_ms,ms,157,0
Atlas,1c2e54b3b8df+bench,SVG,instrument-2026-10-07T06-46-37.937Z,mixed-3000-seed-41544c53,hit,spatial_hit_test_sync_ms,ms,158,0.09999990463256836
Atlas,1c2e54b3b8df+bench,SVG,instrument-2026-10-07T06-46-37.937Z,mixed-3000-seed-41544c53,hit,spatial_hit_test_sync_ms,ms,159,0
Atlas,1c2e54b3b8df+bench,SVG,instrument-2026-10-07T06-46-37.937Z,mixed-3000-seed-41544c53,hit,spatial_hit_test_sync_ms,ms,160,0
Atlas,1c2e54b3b8df+bench,SVG,instrument-2026-10-07T06-46-37.937Z,mixed-3000-seed-41544c53,hit,spatial_hit_test_sync_ms,ms,161,0
Atlas,1c2e54b3b8df+bench,SVG,instrument-2026-10-07T06-46-37.937Z,mixed-3000-seed-41544c53,hit,spatial_hit_test_sync_ms,ms,162,0
Atlas,1c2e54b3b8df+bench,SVG,instrument-2026-10-07T06-46-37.937Z,mixed-3000-seed-41544c53,hit,spatial_hit_test_sync_ms,ms,163,0
Atlas,1c2e54b3b8df+bench,SVG,instrument-2026-10-07T06-46-37.937Z,mixed-3000-seed-41544c53,hit,spatial_hit_test_sync_ms,ms,164,0
Atlas,1c2e54b3b8df+bench,SVG,instrument-2026-10-07T06-46-37.937Z,mixed-3000-seed-41544c53,hit,spatial_hit_test_sync_ms,ms,165,0
Atlas,1c2e54b3b8df+bench,SVG,instrument-2026-10-07T06-46-37.937Z,mixed-3000-seed-41544c53,hit,spatial_hit_test_sync_ms,ms,166,0
Atlas,1c2e54b3b8df+bench,SVG,instrument-2026-10-07T06-46-37.937Z,mixed-3000-seed-41544c53,hit,spatial_hit_test_sync_ms,ms,167,0
Atlas,1c2e54b3b8df+bench,SVG,instrument-2026-10-07T06-46-37.937Z,mixed-3000-seed-41544c53,hit,spatial_hit_test_sync_ms,ms,168,0
Atlas,1c2e54b3b8df+bench,SVG,instrument-2026-10-07T06-46-37.937Z,mixed-3000-seed-41544c53,hit,spatial_hit_test_sync_ms,ms,169,0
Atlas,1c2e54b3b8df+bench,SVG,instrument-2026-10-07T06-46-37.937Z,mixed-3000-seed-41544c53,hit,spatial_hit_test_sync_ms,ms,170,0
Atlas,1c2e54b3b8df+bench,SVG,instrument-2026-10-07T06-46-37.937Z,mixed-3000-seed-41544c53,hit,spatial_hit_test_sync_ms,ms,171,0
Atlas,1c2e54b3b8df+bench,SVG,instrument-2026-10-07T06-46-37.937Z,mixed-3000-seed-41544c53,hit,spatial_hit_test_sync_ms,ms,172,0
Atlas,1c2e54b3b8df+bench,SVG,instrument-2026-10-07T06-46-37.937Z,mixed-3000-seed-41544c53,hit,spatial_hit_test_sync_ms,ms,173,0
Atlas,1c2e54b3b8df+bench,SVG,instrument-2026-10-07T06-46-37.937Z,mixed-3000-seed-41544c53,hit,spatial_hit_test_sync_ms,ms,174,0
Atlas,1c2e54b3b8df+bench,SVG,instrument-2026-10-07T06-46-37.937Z,mixed-3000-seed-41544c53,hit,spatial_hit_test_sync_ms,ms,175,0.09999990463256836
Atlas,1c2e54b3b8df+bench,SVG,instrument-2026-10-07T06-46-37.937Z,mixed-3000-seed-41544c53,hit,spatial_hit_test_sync_ms,ms,176,0
Atlas,1c2e54b3b8df+bench,SVG,instrument-2026-10-07T06-46-37.937Z,mixed-3000-seed-41544c53,hit,spatial_hit_test_sync_ms,ms,177,0
Atlas,1c2e54b3b8df+bench,SVG,instrument-2026-10-07T06-46-37.937Z,mixed-3000-seed-41544c53,hit,spatial_hit_test_sync_ms,ms,178,0
Atlas,1c2e54b3b8df+bench,SVG,instrument-2026-10-07T06-46-37.937Z,mixed-3000-seed-41544c53,hit,spatial_hit_test_sync_ms,ms,179,0
Atlas,1c2e54b3b8df+bench,SVG,instrument-2026-10-07T06-46-37.937Z,mixed-3000-seed-41544c53,hit,spatial_hit_test_sync_ms,ms,180,0
Atlas,1c2e54b3b8df+bench,SVG,instrument-2026-10-07T06-46-37.937Z,mixed-3000-seed-41544c53,hit,spatial_hit_test_sync_ms,ms,181,0
Atlas,1c2e54b3b8df+bench,SVG,instrument-2026-10-07T06-46-37.937Z,mixed-3000-seed-41544c53,hit,spatial_hit_test_sync_ms,ms,182,0
Atlas,1c2e54b3b8df+bench,SVG,instrument-2026-10-07T06-46-37.937Z,mixed-3000-seed-41544c53,hit,spatial_hit_test_sync_ms,ms,183,0
Atlas,1c2e54b3b8df+bench,SVG,instrument-2026-10-07T06-46-37.937Z,mixed-3000-seed-41544c53,hit,spatial_hit_test_sync_ms,ms,184,0
Atlas,1c2e54b3b8df+bench,SVG,instrument-2026-10-07T06-46-37.937Z,mixed-3000-seed-41544c53,hit,spatial_hit_test_sync_ms,ms,185,0
Atlas,1c2e54b3b8df+bench,SVG,instrument-2026-10-07T06-46-37.937Z,mixed-3000-seed-41544c53,hit,spatial_hit_test_sync_ms,ms,186,0
Atlas,1c2e54b3b8df+bench,SVG,instrument-2026-10-07T06-46-37.937Z,mixed-3000-seed-41544c53,hit,spatial_hit_test_sync_ms,ms,187,0
Atlas,1c2e54b3b8df+bench,SVG,instrument-2026-10-07T06-46-37.937Z,mixed-3000-seed-41544c53,hit,spatial_hit_test_sync_ms,ms,188,0
Atlas,1c2e54b3b8df+bench,SVG,instrument-2026-10-07T06-46-37.937Z,mixed-3000-seed-41544c53,hit,spatial_hit_test_sync_ms,ms,189,0
Atlas,1c2e54b3b8df+bench,SVG,instrument-2026-10-07T06-46-37.937Z,mixed-3000-seed-41544c53,hit,spatial_hit_test_sync_ms,ms,190,0
Atlas,1c2e54b3b8df+bench,SVG,instrument-2026-10-07T06-46-37.937Z,mixed-3000-seed-41544c53,hit,spatial_hit_test_sync_ms,ms,191,0
Atlas,1c2e54b3b8df+bench,SVG,instrument-2026-10-07T06-46-37.937Z,mixed-3000-seed-41544c53,hit,spatial_hit_test_sync_ms,ms,192,0
Atlas,1c2e54b3b8df+bench,SVG,instrument-2026-10-07T06-46-37.937Z,mixed-3000-seed-41544c53,hit,spatial_hit_test_sync_ms,ms,193,0
Atlas,1c2e54b3b8df+bench,SVG,instrument-2026-10-07T06-46-37.937Z,mixed-3000-seed-41544c53,hit,spatial_hit_test_sync_ms,ms,194,0
Atlas,1c2e54b3b8df+bench,SVG,instrument-2026-10-07T06-46-37.937Z,mixed-3000-seed-41544c53,hit,spatial_hit_test_sync_ms,ms,195,0
Atlas,1c2e54b3b8df+bench,SVG,instrument-2026-10-07T06-46-37.937Z,mixed-3000-seed-41544c53,hit,spatial_hit_test_sync_ms,ms,196,0
Atlas,1c2e54b3b8df+bench,SVG,instrument-2026-10-07T06-46-37.937Z,mixed-3000-seed-41544c53,hit,spatial_hit_test_sync_ms,ms,197,0
Atlas,1c2e54b3b8df+bench,SVG,instrument-2026-10-07T06-46-37.937Z,mixed-3000-seed-41544c53,hit,spatial_hit_test_sync_ms,ms,198,0
Atlas,1c2e54b3b8df+bench,SVG,instrument-2026-10-07T06-46-37.937Z,mixed-3000-seed-41544c53,hit,spatial_hit_test_sync_ms,ms,199,0
Atlas,1c2e54b3b8df+bench,SVG,instrument-2026-10-07T06-46-37.937Z,mixed-3000-seed-41544c53,hit,root_iterator_creations,count,0,1
Atlas,1c2e54b3b8df+bench,SVG,instrument-2026-10-07T06-46-37.937Z,mixed-3000-seed-41544c53,hit,root_iterator_next_calls,count,0,3001
Atlas,1c2e54b3b8df+bench,SVG,instrument-2026-10-07T06-46-37.937Z,mixed-3000-seed-41544c53,hit,route_membership_reads,count,0,1200
Atlas,1c2e54b3b8df+bench,SVG,instrument-2026-10-07T06-46-37.937Z,mixed-3000-seed-41544c53,hit,layout_rect_reads,count,0,0
Atlas,1c2e54b3b8df+bench,SVG,instrument-2026-10-07T06-46-37.937Z,mixed-3000-seed-41544c53,hit,cleanup_renderer_calls,count,0,0
Atlas,1c2e54b3b8df+bench,SVG,instrument-2026-10-07T06-46-37.937Z,mixed-3000-seed-41544c53,hit,cleanup_stage_children,count,0,0
Atlas,1c2e54b3b8df+bench,SVG,instrument-2026-10-07T06-46-37.937Z,mixed-3000-seed-41544c53,miss,spatial_hit_test_sync_ms,ms,0,2.5999999046325684
Atlas,1c2e54b3b8df+bench,SVG,instrument-2026-10-07T06-46-37.937Z,mixed-3000-seed-41544c53,miss,spatial_hit_test_sync_ms,ms,1,2.4000000953674316
Atlas,1c2e54b3b8df+bench,SVG,instrument-2026-10-07T06-46-37.937Z,mixed-3000-seed-41544c53,miss,spatial_hit_test_sync_ms,ms,2,2.299999952316284
Atlas,1c2e54b3b8df+bench,SVG,instrument-2026-10-07T06-46-37.937Z,mixed-3000-seed-41544c53,miss,spatial_hit_test_sync_ms,ms,3,2.5
Atlas,1c2e54b3b8df+bench,SVG,instrument-2026-10-07T06-46-37.937Z,mixed-3000-seed-41544c53,miss,spatial_hit_test_sync_ms,ms,4,2.299999952316284
Atlas,1c2e54b3b8df+bench,SVG,instrument-2026-10-07T06-46-37.937Z,mixed-3000-seed-41544c53,miss,spatial_hit_test_sync_ms,ms,5,2.5
Atlas,1c2e54b3b8df+bench,SVG,instrument-2026-10-07T06-46-37.937Z,mixed-3000-seed-41544c53,miss,spatial_hit_test_sync_ms,ms,6,2.299999952316284
Atlas,1c2e54b3b8df+bench,SVG,instrument-2026-10-07T06-46-37.937Z,mixed-3000-seed-41544c53,miss,spatial_hit_test_sync_ms,ms,7,2.1000001430511475
Atlas,1c2e54b3b8df+bench,SVG,instrument-2026-10-07T06-46-37.937Z,mixed-3000-seed-41544c53,miss,spatial_hit_test_sync_ms,ms,8,2.3999998569488525
Atlas,1c2e54b3b8df+bench,SVG,instrument-2026-10-07T06-46-37.937Z,mixed-3000-seed-41544c53,miss,spatial_hit_test_sync_ms,ms,9,2.200000047683716
Atlas,1c2e54b3b8df+bench,SVG,instrument-2026-10-07T06-46-37.937Z,mixed-3000-seed-41544c53,miss,spatial_hit_test_sync_ms,ms,10,2.299999952316284
Atlas,1c2e54b3b8df+bench,SVG,instrument-2026-10-07T06-46-37.937Z,mixed-3000-seed-41544c53,miss,spatial_hit_test_sync_ms,ms,11,2.200000047683716
Atlas,1c2e54b3b8df+bench,SVG,instrument-2026-10-07T06-46-37.937Z,mixed-3000-seed-41544c53,miss,spatial_hit_test_sync_ms,ms,12,2.299999952316284
Atlas,1c2e54b3b8df+bench,SVG,instrument-2026-10-07T06-46-37.937Z,mixed-3000-seed-41544c53,miss,spatial_hit_test_sync_ms,ms,13,2.5
Atlas,1c2e54b3b8df+bench,SVG,instrument-2026-10-07T06-46-37.937Z,mixed-3000-seed-41544c53,miss,spatial_hit_test_sync_ms,ms,14,2.200000047683716
Atlas,1c2e54b3b8df+bench,SVG,instrument-2026-10-07T06-46-37.937Z,mixed-3000-seed-41544c53,miss,spatial_hit_test_sync_ms,ms,15,2.200000047683716
Atlas,1c2e54b3b8df+bench,SVG,instrument-2026-10-07T06-46-37.937Z,mixed-3000-seed-41544c53,miss,spatial_hit_test_sync_ms,ms,16,2.299999952316284
Atlas,1c2e54b3b8df+bench,SVG,instrument-2026-10-07T06-46-37.937Z,mixed-3000-seed-41544c53,miss,spatial_hit_test_sync_ms,ms,17,2.299999952316284
Atlas,1c2e54b3b8df+bench,SVG,instrument-2026-10-07T06-46-37.937Z,mixed-3000-seed-41544c53,miss,spatial_hit_test_sync_ms,ms,18,2.200000047683716
Atlas,1c2e54b3b8df+bench,SVG,instrument-2026-10-07T06-46-37.937Z,mixed-3000-seed-41544c53,miss,spatial_hit_test_sync_ms,ms,19,2.200000047683716
Atlas,1c2e54b3b8df+bench,SVG,instrument-2026-10-07T06-46-37.937Z,mixed-3000-seed-41544c53,miss,spatial_hit_test_sync_ms,ms,20,2.299999952316284
Atlas,1c2e54b3b8df+bench,SVG,instrument-2026-10-07T06-46-37.937Z,mixed-3000-seed-41544c53,miss,spatial_hit_test_sync_ms,ms,21,2.299999952316284
Atlas,1c2e54b3b8df+bench,SVG,instrument-2026-10-07T06-46-37.937Z,mixed-3000-seed-41544c53,miss,spatial_hit_test_sync_ms,ms,22,2.299999952316284
Atlas,1c2e54b3b8df+bench,SVG,instrument-2026-10-07T06-46-37.937Z,mixed-3000-seed-41544c53,miss,spatial_hit_test_sync_ms,ms,23,2.3000001907348633
Atlas,1c2e54b3b8df+bench,SVG,instrument-2026-10-07T06-46-37.937Z,mixed-3000-seed-41544c53,miss,spatial_hit_test_sync_ms,ms,24,2.299999952316284
Atlas,1c2e54b3b8df+bench,SVG,instrument-2026-10-07T06-46-37.937Z,mixed-3000-seed-41544c53,miss,spatial_hit_test_sync_ms,ms,25,2.200000047683716
Atlas,1c2e54b3b8df+bench,SVG,instrument-2026-10-07T06-46-37.937Z,mixed-3000-seed-41544c53,miss,spatial_hit_test_sync_ms,ms,26,2.299999952316284
Atlas,1c2e54b3b8df+bench,SVG,instrument-2026-10-07T06-46-37.937Z,mixed-3000-seed-41544c53,miss,spatial_hit_test_sync_ms,ms,27,9.599999904632568
Atlas,1c2e54b3b8df+bench,SVG,instrument-2026-10-07T06-46-37.937Z,mixed-3000-seed-41544c53,miss,spatial_hit_test_sync_ms,ms,28,2.4000000953674316
Atlas,1c2e54b3b8df+bench,SVG,instrument-2026-10-07T06-46-37.937Z,mixed-3000-seed-41544c53,miss,spatial_hit_test_sync_ms,ms,29,2.200000047683716
Atlas,1c2e54b3b8df+bench,SVG,instrument-2026-10-07T06-46-37.937Z,mixed-3000-seed-41544c53,miss,spatial_hit_test_sync_ms,ms,30,2.299999952316284
Atlas,1c2e54b3b8df+bench,SVG,instrument-2026-10-07T06-46-37.937Z,mixed-3000-seed-41544c53,miss,spatial_hit_test_sync_ms,ms,31,2.200000047683716
Atlas,1c2e54b3b8df+bench,SVG,instrument-2026-10-07T06-46-37.937Z,mixed-3000-seed-41544c53,miss,spatial_hit_test_sync_ms,ms,32,2.1999998092651367
Atlas,1c2e54b3b8df+bench,SVG,instrument-2026-10-07T06-46-37.937Z,mixed-3000-seed-41544c53,miss,spatial_hit_test_sync_ms,ms,33,2.3000001907348633
Atlas,1c2e54b3b8df+bench,SVG,instrument-2026-10-07T06-46-37.937Z,mixed-3000-seed-41544c53,miss,spatial_hit_test_sync_ms,ms,34,2.0999999046325684
Atlas,1c2e54b3b8df+bench,SVG,instrument-2026-10-07T06-46-37.937Z,mixed-3000-seed-41544c53,miss,spatial_hit_test_sync_ms,ms,35,2.299999952316284
Atlas,1c2e54b3b8df+bench,SVG,instrument-2026-10-07T06-46-37.937Z,mixed-3000-seed-41544c53,miss,spatial_hit_test_sync_ms,ms,36,2.299999952316284
Atlas,1c2e54b3b8df+bench,SVG,instrument-2026-10-07T06-46-37.937Z,mixed-3000-seed-41544c53,miss,spatial_hit_test_sync_ms,ms,37,2.1000001430511475
Atlas,1c2e54b3b8df+bench,SVG,instrument-2026-10-07T06-46-37.937Z,mixed-3000-seed-41544c53,miss,spatial_hit_test_sync_ms,ms,38,2.299999952316284
Atlas,1c2e54b3b8df+bench,SVG,instrument-2026-10-07T06-46-37.937Z,mixed-3000-seed-41544c53,miss,spatial_hit_test_sync_ms,ms,39,2.200000047683716
Atlas,1c2e54b3b8df+bench,SVG,instrument-2026-10-07T06-46-37.937Z,mixed-3000-seed-41544c53,miss,spatial_hit_test_sync_ms,ms,40,2.200000047683716
Atlas,1c2e54b3b8df+bench,SVG,instrument-2026-10-07T06-46-37.937Z,mixed-3000-seed-41544c53,miss,spatial_hit_test_sync_ms,ms,41,2.299999952316284
Atlas,1c2e54b3b8df+bench,SVG,instrument-2026-10-07T06-46-37.937Z,mixed-3000-seed-41544c53,miss,spatial_hit_test_sync_ms,ms,42,2.200000047683716
Atlas,1c2e54b3b8df+bench,SVG,instrument-2026-10-07T06-46-37.937Z,mixed-3000-seed-41544c53,miss,spatial_hit_test_sync_ms,ms,43,2.1999998092651367
Atlas,1c2e54b3b8df+bench,SVG,instrument-2026-10-07T06-46-37.937Z,mixed-3000-seed-41544c53,miss,spatial_hit_test_sync_ms,ms,44,2.200000047683716
Atlas,1c2e54b3b8df+bench,SVG,instrument-2026-10-07T06-46-37.937Z,mixed-3000-seed-41544c53,miss,spatial_hit_test_sync_ms,ms,45,2.200000047683716
Atlas,1c2e54b3b8df+bench,SVG,instrument-2026-10-07T06-46-37.937Z,mixed-3000-seed-41544c53,miss,spatial_hit_test_sync_ms,ms,46,2.200000047683716
Atlas,1c2e54b3b8df+bench,SVG,instrument-2026-10-07T06-46-37.937Z,mixed-3000-seed-41544c53,miss,spatial_hit_test_sync_ms,ms,47,2.299999952316284
Atlas,1c2e54b3b8df+bench,SVG,instrument-2026-10-07T06-46-37.937Z,mixed-3000-seed-41544c53,miss,spatial_hit_test_sync_ms,ms,48,2.200000047683716
Atlas,1c2e54b3b8df+bench,SVG,instrument-2026-10-07T06-46-37.937Z,mixed-3000-seed-41544c53,miss,spatial_hit_test_sync_ms,ms,49,2.200000047683716
Atlas,1c2e54b3b8df+bench,SVG,instrument-2026-10-07T06-46-37.937Z,mixed-3000-seed-41544c53,miss,spatial_hit_test_sync_ms,ms,50,2.1999998092651367
Atlas,1c2e54b3b8df+bench,SVG,instrument-2026-10-07T06-46-37.937Z,mixed-3000-seed-41544c53,miss,spatial_hit_test_sync_ms,ms,51,2.3000001907348633
Atlas,1c2e54b3b8df+bench,SVG,instrument-2026-10-07T06-46-37.937Z,mixed-3000-seed-41544c53,miss,spatial_hit_test_sync_ms,ms,52,2.1999998092651367
Atlas,1c2e54b3b8df+bench,SVG,instrument-2026-10-07T06-46-37.937Z,mixed-3000-seed-41544c53,miss,spatial_hit_test_sync_ms,ms,53,2.3000001907348633
Atlas,1c2e54b3b8df+bench,SVG,instrument-2026-10-07T06-46-37.937Z,mixed-3000-seed-41544c53,miss,spatial_hit_test_sync_ms,ms,54,2.1999998092651367
Atlas,1c2e54b3b8df+bench,SVG,instrument-2026-10-07T06-46-37.937Z,mixed-3000-seed-41544c53,miss,spatial_hit_test_sync_ms,ms,55,2.1000001430511475
Atlas,1c2e54b3b8df+bench,SVG,instrument-2026-10-07T06-46-37.937Z,mixed-3000-seed-41544c53,miss,spatial_hit_test_sync_ms,ms,56,2.299999952316284
Atlas,1c2e54b3b8df+bench,SVG,instrument-2026-10-07T06-46-37.937Z,mixed-3000-seed-41544c53,miss,spatial_hit_test_sync_ms,ms,57,2.200000047683716
Atlas,1c2e54b3b8df+bench,SVG,instrument-2026-10-07T06-46-37.937Z,mixed-3000-seed-41544c53,miss,spatial_hit_test_sync_ms,ms,58,2.200000047683716
Atlas,1c2e54b3b8df+bench,SVG,instrument-2026-10-07T06-46-37.937Z,mixed-3000-seed-41544c53,miss,spatial_hit_test_sync_ms,ms,59,2.299999952316284
Atlas,1c2e54b3b8df+bench,SVG,instrument-2026-10-07T06-46-37.937Z,mixed-3000-seed-41544c53,miss,spatial_hit_test_sync_ms,ms,60,2.200000047683716
Atlas,1c2e54b3b8df+bench,SVG,instrument-2026-10-07T06-46-37.937Z,mixed-3000-seed-41544c53,miss,spatial_hit_test_sync_ms,ms,61,2.1999998092651367
Atlas,1c2e54b3b8df+bench,SVG,instrument-2026-10-07T06-46-37.937Z,mixed-3000-seed-41544c53,miss,spatial_hit_test_sync_ms,ms,62,2.200000047683716
Atlas,1c2e54b3b8df+bench,SVG,instrument-2026-10-07T06-46-37.937Z,mixed-3000-seed-41544c53,miss,spatial_hit_test_sync_ms,ms,63,2.200000047683716
Atlas,1c2e54b3b8df+bench,SVG,instrument-2026-10-07T06-46-37.937Z,mixed-3000-seed-41544c53,miss,spatial_hit_test_sync_ms,ms,64,2.200000047683716
Atlas,1c2e54b3b8df+bench,SVG,instrument-2026-10-07T06-46-37.937Z,mixed-3000-seed-41544c53,miss,spatial_hit_test_sync_ms,ms,65,2.299999952316284
Atlas,1c2e54b3b8df+bench,SVG,instrument-2026-10-07T06-46-37.937Z,mixed-3000-seed-41544c53,miss,spatial_hit_test_sync_ms,ms,66,2.200000047683716
Atlas,1c2e54b3b8df+bench,SVG,instrument-2026-10-07T06-46-37.937Z,mixed-3000-seed-41544c53,miss,spatial_hit_test_sync_ms,ms,67,2.200000047683716
Atlas,1c2e54b3b8df+bench,SVG,instrument-2026-10-07T06-46-37.937Z,mixed-3000-seed-41544c53,miss,spatial_hit_test_sync_ms,ms,68,2.1999998092651367
Atlas,1c2e54b3b8df+bench,SVG,instrument-2026-10-07T06-46-37.937Z,mixed-3000-seed-41544c53,miss,spatial_hit_test_sync_ms,ms,69,2.3000001907348633
Atlas,1c2e54b3b8df+bench,SVG,instrument-2026-10-07T06-46-37.937Z,mixed-3000-seed-41544c53,miss,spatial_hit_test_sync_ms,ms,70,2.1999998092651367
Atlas,1c2e54b3b8df+bench,SVG,instrument-2026-10-07T06-46-37.937Z,mixed-3000-seed-41544c53,miss,spatial_hit_test_sync_ms,ms,71,2.200000047683716
Atlas,1c2e54b3b8df+bench,SVG,instrument-2026-10-07T06-46-37.937Z,mixed-3000-seed-41544c53,miss,spatial_hit_test_sync_ms,ms,72,2.200000047683716
Atlas,1c2e54b3b8df+bench,SVG,instrument-2026-10-07T06-46-37.937Z,mixed-3000-seed-41544c53,miss,spatial_hit_test_sync_ms,ms,73,2.200000047683716
Atlas,1c2e54b3b8df+bench,SVG,instrument-2026-10-07T06-46-37.937Z,mixed-3000-seed-41544c53,miss,spatial_hit_test_sync_ms,ms,74,2.200000047683716
Atlas,1c2e54b3b8df+bench,SVG,instrument-2026-10-07T06-46-37.937Z,mixed-3000-seed-41544c53,miss,spatial_hit_test_sync_ms,ms,75,2.1999998092651367
Atlas,1c2e54b3b8df+bench,SVG,instrument-2026-10-07T06-46-37.937Z,mixed-3000-seed-41544c53,miss,spatial_hit_test_sync_ms,ms,76,2.200000047683716
Atlas,1c2e54b3b8df+bench,SVG,instrument-2026-10-07T06-46-37.937Z,mixed-3000-seed-41544c53,miss,spatial_hit_test_sync_ms,ms,77,2.299999952316284
Atlas,1c2e54b3b8df+bench,SVG,instrument-2026-10-07T06-46-37.937Z,mixed-3000-seed-41544c53,miss,spatial_hit_test_sync_ms,ms,78,2.200000047683716
Atlas,1c2e54b3b8df+bench,SVG,instrument-2026-10-07T06-46-37.937Z,mixed-3000-seed-41544c53,miss,spatial_hit_test_sync_ms,ms,79,2.200000047683716
Atlas,1c2e54b3b8df+bench,SVG,instrument-2026-10-07T06-46-37.937Z,mixed-3000-seed-41544c53,miss,spatial_hit_test_sync_ms,ms,80,2.299999952316284
Atlas,1c2e54b3b8df+bench,SVG,instrument-2026-10-07T06-46-37.937Z,mixed-3000-seed-41544c53,miss,spatial_hit_test_sync_ms,ms,81,2.1000001430511475
Atlas,1c2e54b3b8df+bench,SVG,instrument-2026-10-07T06-46-37.937Z,mixed-3000-seed-41544c53,miss,spatial_hit_test_sync_ms,ms,82,2.299999952316284
Atlas,1c2e54b3b8df+bench,SVG,instrument-2026-10-07T06-46-37.937Z,mixed-3000-seed-41544c53,miss,spatial_hit_test_sync_ms,ms,83,2.200000047683716
Atlas,1c2e54b3b8df+bench,SVG,instrument-2026-10-07T06-46-37.937Z,mixed-3000-seed-41544c53,miss,spatial_hit_test_sync_ms,ms,84,2.299999952316284
Atlas,1c2e54b3b8df+bench,SVG,instrument-2026-10-07T06-46-37.937Z,mixed-3000-seed-41544c53,miss,spatial_hit_test_sync_ms,ms,85,2.200000047683716
Atlas,1c2e54b3b8df+bench,SVG,instrument-2026-10-07T06-46-37.937Z,mixed-3000-seed-41544c53,miss,spatial_hit_test_sync_ms,ms,86,2.1999998092651367
Atlas,1c2e54b3b8df+bench,SVG,instrument-2026-10-07T06-46-37.937Z,mixed-3000-seed-41544c53,miss,spatial_hit_test_sync_ms,ms,87,2.200000047683716
Atlas,1c2e54b3b8df+bench,SVG,instrument-2026-10-07T06-46-37.937Z,mixed-3000-seed-41544c53,miss,spatial_hit_test_sync_ms,ms,88,2.200000047683716
Atlas,1c2e54b3b8df+bench,SVG,instrument-2026-10-07T06-46-37.937Z,mixed-3000-seed-41544c53,miss,spatial_hit_test_sync_ms,ms,89,2.299999952316284
Atlas,1c2e54b3b8df+bench,SVG,instrument-2026-10-07T06-46-37.937Z,mixed-3000-seed-41544c53,miss,spatial_hit_test_sync_ms,ms,90,2.200000047683716
Atlas,1c2e54b3b8df+bench,SVG,instrument-2026-10-07T06-46-37.937Z,mixed-3000-seed-41544c53,miss,spatial_hit_test_sync_ms,ms,91,2.200000047683716
Atlas,1c2e54b3b8df+bench,SVG,instrument-2026-10-07T06-46-37.937Z,mixed-3000-seed-41544c53,miss,spatial_hit_test_sync_ms,ms,92,2.200000047683716
Atlas,1c2e54b3b8df+bench,SVG,instrument-2026-10-07T06-46-37.937Z,mixed-3000-seed-41544c53,miss,spatial_hit_test_sync_ms,ms,93,2.1999998092651367
Atlas,1c2e54b3b8df+bench,SVG,instrument-2026-10-07T06-46-37.937Z,mixed-3000-seed-41544c53,miss,spatial_hit_test_sync_ms,ms,94,2.200000047683716
Atlas,1c2e54b3b8df+bench,SVG,instrument-2026-10-07T06-46-37.937Z,mixed-3000-seed-41544c53,miss,spatial_hit_test_sync_ms,ms,95,2.200000047683716
Atlas,1c2e54b3b8df+bench,SVG,instrument-2026-10-07T06-46-37.937Z,mixed-3000-seed-41544c53,miss,spatial_hit_test_sync_ms,ms,96,2.299999952316284
Atlas,1c2e54b3b8df+bench,SVG,instrument-2026-10-07T06-46-37.937Z,mixed-3000-seed-41544c53,miss,spatial_hit_test_sync_ms,ms,97,2.1000001430511475
Atlas,1c2e54b3b8df+bench,SVG,instrument-2026-10-07T06-46-37.937Z,mixed-3000-seed-41544c53,miss,spatial_hit_test_sync_ms,ms,98,2.299999952316284
Atlas,1c2e54b3b8df+bench,SVG,instrument-2026-10-07T06-46-37.937Z,mixed-3000-seed-41544c53,miss,spatial_hit_test_sync_ms,ms,99,2.299999952316284
Atlas,1c2e54b3b8df+bench,SVG,instrument-2026-10-07T06-46-37.937Z,mixed-3000-seed-41544c53,miss,spatial_hit_test_sync_ms,ms,100,2.0999999046325684
Atlas,1c2e54b3b8df+bench,SVG,instrument-2026-10-07T06-46-37.937Z,mixed-3000-seed-41544c53,miss,spatial_hit_test_sync_ms,ms,101,2.3000001907348633
Atlas,1c2e54b3b8df+bench,SVG,instrument-2026-10-07T06-46-37.937Z,mixed-3000-seed-41544c53,miss,spatial_hit_test_sync_ms,ms,102,2.0999999046325684
Atlas,1c2e54b3b8df+bench,SVG,instrument-2026-10-07T06-46-37.937Z,mixed-3000-seed-41544c53,miss,spatial_hit_test_sync_ms,ms,103,2.200000047683716
Atlas,1c2e54b3b8df+bench,SVG,instrument-2026-10-07T06-46-37.937Z,mixed-3000-seed-41544c53,miss,spatial_hit_test_sync_ms,ms,104,2.200000047683716
Atlas,1c2e54b3b8df+bench,SVG,instrument-2026-10-07T06-46-37.937Z,mixed-3000-seed-41544c53,miss,spatial_hit_test_sync_ms,ms,105,2.299999952316284
Atlas,1c2e54b3b8df+bench,SVG,instrument-2026-10-07T06-46-37.937Z,mixed-3000-seed-41544c53,miss,spatial_hit_test_sync_ms,ms,106,2.200000047683716
Atlas,1c2e54b3b8df+bench,SVG,instrument-2026-10-07T06-46-37.937Z,mixed-3000-seed-41544c53,miss,spatial_hit_test_sync_ms,ms,107,2.3999998569488525
Atlas,1c2e54b3b8df+bench,SVG,instrument-2026-10-07T06-46-37.937Z,mixed-3000-seed-41544c53,miss,spatial_hit_test_sync_ms,ms,108,2.4000000953674316
Atlas,1c2e54b3b8df+bench,SVG,instrument-2026-10-07T06-46-37.937Z,mixed-3000-seed-41544c53,miss,spatial_hit_test_sync_ms,ms,109,2.299999952316284
Atlas,1c2e54b3b8df+bench,SVG,instrument-2026-10-07T06-46-37.937Z,mixed-3000-seed-41544c53,miss,spatial_hit_test_sync_ms,ms,110,2.4000000953674316
Atlas,1c2e54b3b8df+bench,SVG,instrument-2026-10-07T06-46-37.937Z,mixed-3000-seed-41544c53,miss,spatial_hit_test_sync_ms,ms,111,2.3999998569488525
Atlas,1c2e54b3b8df+bench,SVG,instrument-2026-10-07T06-46-37.937Z,mixed-3000-seed-41544c53,miss,spatial_hit_test_sync_ms,ms,112,2.6000001430511475
Atlas,1c2e54b3b8df+bench,SVG,instrument-2026-10-07T06-46-37.937Z,mixed-3000-seed-41544c53,miss,spatial_hit_test_sync_ms,ms,113,2.5999999046325684
Atlas,1c2e54b3b8df+bench,SVG,instrument-2026-10-07T06-46-37.937Z,mixed-3000-seed-41544c53,miss,spatial_hit_test_sync_ms,ms,114,2.299999952316284
Atlas,1c2e54b3b8df+bench,SVG,instrument-2026-10-07T06-46-37.937Z,mixed-3000-seed-41544c53,miss,spatial_hit_test_sync_ms,ms,115,2.5
Atlas,1c2e54b3b8df+bench,SVG,instrument-2026-10-07T06-46-37.937Z,mixed-3000-seed-41544c53,miss,spatial_hit_test_sync_ms,ms,116,2.4000000953674316
Atlas,1c2e54b3b8df+bench,SVG,instrument-2026-10-07T06-46-37.937Z,mixed-3000-seed-41544c53,miss,spatial_hit_test_sync_ms,ms,117,2.5
Atlas,1c2e54b3b8df+bench,SVG,instrument-2026-10-07T06-46-37.937Z,mixed-3000-seed-41544c53,miss,spatial_hit_test_sync_ms,ms,118,2.3999998569488525
Atlas,1c2e54b3b8df+bench,SVG,instrument-2026-10-07T06-46-37.937Z,mixed-3000-seed-41544c53,miss,spatial_hit_test_sync_ms,ms,119,2.4000000953674316
Atlas,1c2e54b3b8df+bench,SVG,instrument-2026-10-07T06-46-37.937Z,mixed-3000-seed-41544c53,miss,spatial_hit_test_sync_ms,ms,120,2.4000000953674316
Atlas,1c2e54b3b8df+bench,SVG,instrument-2026-10-07T06-46-37.937Z,mixed-3000-seed-41544c53,miss,spatial_hit_test_sync_ms,ms,121,2.299999952316284
Atlas,1c2e54b3b8df+bench,SVG,instrument-2026-10-07T06-46-37.937Z,mixed-3000-seed-41544c53,miss,spatial_hit_test_sync_ms,ms,122,2.3999998569488525
Atlas,1c2e54b3b8df+bench,SVG,instrument-2026-10-07T06-46-37.937Z,mixed-3000-seed-41544c53,miss,spatial_hit_test_sync_ms,ms,123,2.200000047683716
Atlas,1c2e54b3b8df+bench,SVG,instrument-2026-10-07T06-46-37.937Z,mixed-3000-seed-41544c53,miss,spatial_hit_test_sync_ms,ms,124,2.200000047683716
Atlas,1c2e54b3b8df+bench,SVG,instrument-2026-10-07T06-46-37.937Z,mixed-3000-seed-41544c53,miss,spatial_hit_test_sync_ms,ms,125,2.200000047683716
Atlas,1c2e54b3b8df+bench,SVG,instrument-2026-10-07T06-46-37.937Z,mixed-3000-seed-41544c53,miss,spatial_hit_test_sync_ms,ms,126,2.3999998569488525
Atlas,1c2e54b3b8df+bench,SVG,instrument-2026-10-07T06-46-37.937Z,mixed-3000-seed-41544c53,miss,spatial_hit_test_sync_ms,ms,127,2.4000000953674316
Atlas,1c2e54b3b8df+bench,SVG,instrument-2026-10-07T06-46-37.937Z,mixed-3000-seed-41544c53,miss,spatial_hit_test_sync_ms,ms,128,2.4000000953674316
Atlas,1c2e54b3b8df+bench,SVG,instrument-2026-10-07T06-46-37.937Z,mixed-3000-seed-41544c53,miss,spatial_hit_test_sync_ms,ms,129,2.5
Atlas,1c2e54b3b8df+bench,SVG,instrument-2026-10-07T06-46-37.937Z,mixed-3000-seed-41544c53,miss,spatial_hit_test_sync_ms,ms,130,2.5
Atlas,1c2e54b3b8df+bench,SVG,instrument-2026-10-07T06-46-37.937Z,mixed-3000-seed-41544c53,miss,spatial_hit_test_sync_ms,ms,131,2.3999998569488525
Atlas,1c2e54b3b8df+bench,SVG,instrument-2026-10-07T06-46-37.937Z,mixed-3000-seed-41544c53,miss,spatial_hit_test_sync_ms,ms,132,2.200000047683716
Atlas,1c2e54b3b8df+bench,SVG,instrument-2026-10-07T06-46-37.937Z,mixed-3000-seed-41544c53,miss,spatial_hit_test_sync_ms,ms,133,2.4000000953674316
Atlas,1c2e54b3b8df+bench,SVG,instrument-2026-10-07T06-46-37.937Z,mixed-3000-seed-41544c53,miss,spatial_hit_test_sync_ms,ms,134,2.3999998569488525
Atlas,1c2e54b3b8df+bench,SVG,instrument-2026-10-07T06-46-37.937Z,mixed-3000-seed-41544c53,miss,spatial_hit_test_sync_ms,ms,135,2.299999952316284
Atlas,1c2e54b3b8df+bench,SVG,instrument-2026-10-07T06-46-37.937Z,mixed-3000-seed-41544c53,miss,spatial_hit_test_sync_ms,ms,136,2.4000000953674316
Atlas,1c2e54b3b8df+bench,SVG,instrument-2026-10-07T06-46-37.937Z,mixed-3000-seed-41544c53,miss,spatial_hit_test_sync_ms,ms,137,2.299999952316284
Atlas,1c2e54b3b8df+bench,SVG,instrument-2026-10-07T06-46-37.937Z,mixed-3000-seed-41544c53,miss,spatial_hit_test_sync_ms,ms,138,2.299999952316284
Atlas,1c2e54b3b8df+bench,SVG,instrument-2026-10-07T06-46-37.937Z,mixed-3000-seed-41544c53,miss,spatial_hit_test_sync_ms,ms,139,2.4000000953674316
Atlas,1c2e54b3b8df+bench,SVG,instrument-2026-10-07T06-46-37.937Z,mixed-3000-seed-41544c53,miss,spatial_hit_test_sync_ms,ms,140,2.299999952316284
Atlas,1c2e54b3b8df+bench,SVG,instrument-2026-10-07T06-46-37.937Z,mixed-3000-seed-41544c53,miss,spatial_hit_test_sync_ms,ms,141,2.4000000953674316
Atlas,1c2e54b3b8df+bench,SVG,instrument-2026-10-07T06-46-37.937Z,mixed-3000-seed-41544c53,miss,spatial_hit_test_sync_ms,ms,142,2.3999998569488525
Atlas,1c2e54b3b8df+bench,SVG,instrument-2026-10-07T06-46-37.937Z,mixed-3000-seed-41544c53,miss,spatial_hit_test_sync_ms,ms,143,2.3000001907348633
Atlas,1c2e54b3b8df+bench,SVG,instrument-2026-10-07T06-46-37.937Z,mixed-3000-seed-41544c53,miss,spatial_hit_test_sync_ms,ms,144,2.1999998092651367
Atlas,1c2e54b3b8df+bench,SVG,instrument-2026-10-07T06-46-37.937Z,mixed-3000-seed-41544c53,miss,spatial_hit_test_sync_ms,ms,145,2.3000001907348633
Atlas,1c2e54b3b8df+bench,SVG,instrument-2026-10-07T06-46-37.937Z,mixed-3000-seed-41544c53,miss,spatial_hit_test_sync_ms,ms,146,3.799999952316284
Atlas,1c2e54b3b8df+bench,SVG,instrument-2026-10-07T06-46-37.937Z,mixed-3000-seed-41544c53,miss,spatial_hit_test_sync_ms,ms,147,2.3999998569488525
Atlas,1c2e54b3b8df+bench,SVG,instrument-2026-10-07T06-46-37.937Z,mixed-3000-seed-41544c53,miss,spatial_hit_test_sync_ms,ms,148,2.4000000953674316
Atlas,1c2e54b3b8df+bench,SVG,instrument-2026-10-07T06-46-37.937Z,mixed-3000-seed-41544c53,miss,spatial_hit_test_sync_ms,ms,149,2.299999952316284
Atlas,1c2e54b3b8df+bench,SVG,instrument-2026-10-07T06-46-37.937Z,mixed-3000-seed-41544c53,miss,spatial_hit_test_sync_ms,ms,150,2.299999952316284
Atlas,1c2e54b3b8df+bench,SVG,instrument-2026-10-07T06-46-37.937Z,mixed-3000-seed-41544c53,miss,spatial_hit_test_sync_ms,ms,151,2.200000047683716
Atlas,1c2e54b3b8df+bench,SVG,instrument-2026-10-07T06-46-37.937Z,mixed-3000-seed-41544c53,miss,spatial_hit_test_sync_ms,ms,152,2.5
Atlas,1c2e54b3b8df+bench,SVG,instrument-2026-10-07T06-46-37.937Z,mixed-3000-seed-41544c53,miss,spatial_hit_test_sync_ms,ms,153,2.299999952316284
Atlas,1c2e54b3b8df+bench,SVG,instrument-2026-10-07T06-46-37.937Z,mixed-3000-seed-41544c53,miss,spatial_hit_test_sync_ms,ms,154,2.3000001907348633
Atlas,1c2e54b3b8df+bench,SVG,instrument-2026-10-07T06-46-37.937Z,mixed-3000-seed-41544c53,miss,spatial_hit_test_sync_ms,ms,155,2.299999952316284
Atlas,1c2e54b3b8df+bench,SVG,instrument-2026-10-07T06-46-37.937Z,mixed-3000-seed-41544c53,miss,spatial_hit_test_sync_ms,ms,156,2.3999998569488525
Atlas,1c2e54b3b8df+bench,SVG,instrument-2026-10-07T06-46-37.937Z,mixed-3000-seed-41544c53,miss,spatial_hit_test_sync_ms,ms,157,2.200000047683716
Atlas,1c2e54b3b8df+bench,SVG,instrument-2026-10-07T06-46-37.937Z,mixed-3000-seed-41544c53,miss,spatial_hit_test_sync_ms,ms,158,2.299999952316284
Atlas,1c2e54b3b8df+bench,SVG,instrument-2026-10-07T06-46-37.937Z,mixed-3000-seed-41544c53,miss,spatial_hit_test_sync_ms,ms,159,2.200000047683716
Atlas,1c2e54b3b8df+bench,SVG,instrument-2026-10-07T06-46-37.937Z,mixed-3000-seed-41544c53,miss,spatial_hit_test_sync_ms,ms,160,2.200000047683716
Atlas,1c2e54b3b8df+bench,SVG,instrument-2026-10-07T06-46-37.937Z,mixed-3000-seed-41544c53,miss,spatial_hit_test_sync_ms,ms,161,2.299999952316284
Atlas,1c2e54b3b8df+bench,SVG,instrument-2026-10-07T06-46-37.937Z,mixed-3000-seed-41544c53,miss,spatial_hit_test_sync_ms,ms,162,2.4000000953674316
Atlas,1c2e54b3b8df+bench,SVG,instrument-2026-10-07T06-46-37.937Z,mixed-3000-seed-41544c53,miss,spatial_hit_test_sync_ms,ms,163,2.3999998569488525
Atlas,1c2e54b3b8df+bench,SVG,instrument-2026-10-07T06-46-37.937Z,mixed-3000-seed-41544c53,miss,spatial_hit_test_sync_ms,ms,164,2.200000047683716
Atlas,1c2e54b3b8df+bench,SVG,instrument-2026-10-07T06-46-37.937Z,mixed-3000-seed-41544c53,miss,spatial_hit_test_sync_ms,ms,165,2.200000047683716
Atlas,1c2e54b3b8df+bench,SVG,instrument-2026-10-07T06-46-37.937Z,mixed-3000-seed-41544c53,miss,spatial_hit_test_sync_ms,ms,166,2.4000000953674316
Atlas,1c2e54b3b8df+bench,SVG,instrument-2026-10-07T06-46-37.937Z,mixed-3000-seed-41544c53,miss,spatial_hit_test_sync_ms,ms,167,2.299999952316284
Atlas,1c2e54b3b8df+bench,SVG,instrument-2026-10-07T06-46-37.937Z,mixed-3000-seed-41544c53,miss,spatial_hit_test_sync_ms,ms,168,2.200000047683716
Atlas,1c2e54b3b8df+bench,SVG,instrument-2026-10-07T06-46-37.937Z,mixed-3000-seed-41544c53,miss,spatial_hit_test_sync_ms,ms,169,2.299999952316284
Atlas,1c2e54b3b8df+bench,SVG,instrument-2026-10-07T06-46-37.937Z,mixed-3000-seed-41544c53,miss,spatial_hit_test_sync_ms,ms,170,2.299999952316284
Atlas,1c2e54b3b8df+bench,SVG,instrument-2026-10-07T06-46-37.937Z,mixed-3000-seed-41544c53,miss,spatial_hit_test_sync_ms,ms,171,2.299999952316284
Atlas,1c2e54b3b8df+bench,SVG,instrument-2026-10-07T06-46-37.937Z,mixed-3000-seed-41544c53,miss,spatial_hit_test_sync_ms,ms,172,2.200000047683716
Atlas,1c2e54b3b8df+bench,SVG,instrument-2026-10-07T06-46-37.937Z,mixed-3000-seed-41544c53,miss,spatial_hit_test_sync_ms,ms,173,2.299999952316284
Atlas,1c2e54b3b8df+bench,SVG,instrument-2026-10-07T06-46-37.937Z,mixed-3000-seed-41544c53,miss,spatial_hit_test_sync_ms,ms,174,2.299999952316284
Atlas,1c2e54b3b8df+bench,SVG,instrument-2026-10-07T06-46-37.937Z,mixed-3000-seed-41544c53,miss,spatial_hit_test_sync_ms,ms,175,2.1000001430511475
Atlas,1c2e54b3b8df+bench,SVG,instrument-2026-10-07T06-46-37.937Z,mixed-3000-seed-41544c53,miss,spatial_hit_test_sync_ms,ms,176,2.299999952316284
Atlas,1c2e54b3b8df+bench,SVG,instrument-2026-10-07T06-46-37.937Z,mixed-3000-seed-41544c53,miss,spatial_hit_test_sync_ms,ms,177,2.299999952316284
Atlas,1c2e54b3b8df+bench,SVG,instrument-2026-10-07T06-46-37.937Z,mixed-3000-seed-41544c53,miss,spatial_hit_test_sync_ms,ms,178,2.299999952316284
Atlas,1c2e54b3b8df+bench,SVG,instrument-2026-10-07T06-46-37.937Z,mixed-3000-seed-41544c53,miss,spatial_hit_test_sync_ms,ms,179,2.200000047683716
Atlas,1c2e54b3b8df+bench,SVG,instrument-2026-10-07T06-46-37.937Z,mixed-3000-seed-41544c53,miss,spatial_hit_test_sync_ms,ms,180,2.299999952316284
Atlas,1c2e54b3b8df+bench,SVG,instrument-2026-10-07T06-46-37.937Z,mixed-3000-seed-41544c53,miss,spatial_hit_test_sync_ms,ms,181,2.1000001430511475
Atlas,1c2e54b3b8df+bench,SVG,instrument-2026-10-07T06-46-37.937Z,mixed-3000-seed-41544c53,miss,spatial_hit_test_sync_ms,ms,182,2.299999952316284
Atlas,1c2e54b3b8df+bench,SVG,instrument-2026-10-07T06-46-37.937Z,mixed-3000-seed-41544c53,miss,spatial_hit_test_sync_ms,ms,183,2.200000047683716
Atlas,1c2e54b3b8df+bench,SVG,instrument-2026-10-07T06-46-37.937Z,mixed-3000-seed-41544c53,miss,spatial_hit_test_sync_ms,ms,184,2.3999998569488525
Atlas,1c2e54b3b8df+bench,SVG,instrument-2026-10-07T06-46-37.937Z,mixed-3000-seed-41544c53,miss,spatial_hit_test_sync_ms,ms,185,2.3000001907348633
Atlas,1c2e54b3b8df+bench,SVG,instrument-2026-10-07T06-46-37.937Z,mixed-3000-seed-41544c53,miss,spatial_hit_test_sync_ms,ms,186,2.1999998092651367
Atlas,1c2e54b3b8df+bench,SVG,instrument-2026-10-07T06-46-37.937Z,mixed-3000-seed-41544c53,miss,spatial_hit_test_sync_ms,ms,187,2.200000047683716
Atlas,1c2e54b3b8df+bench,SVG,instrument-2026-10-07T06-46-37.937Z,mixed-3000-seed-41544c53,miss,spatial_hit_test_sync_ms,ms,188,2.299999952316284
Atlas,1c2e54b3b8df+bench,SVG,instrument-2026-10-07T06-46-37.937Z,mixed-3000-seed-41544c53,miss,spatial_hit_test_sync_ms,ms,189,2.3000001907348633
Atlas,1c2e54b3b8df+bench,SVG,instrument-2026-10-07T06-46-37.937Z,mixed-3000-seed-41544c53,miss,spatial_hit_test_sync_ms,ms,190,2.0999999046325684
Atlas,1c2e54b3b8df+bench,SVG,instrument-2026-10-07T06-46-37.937Z,mixed-3000-seed-41544c53,miss,spatial_hit_test_sync_ms,ms,191,2.5
Atlas,1c2e54b3b8df+bench,SVG,instrument-2026-10-07T06-46-37.937Z,mixed-3000-seed-41544c53,miss,spatial_hit_test_sync_ms,ms,192,2.299999952316284
Atlas,1c2e54b3b8df+bench,SVG,instrument-2026-10-07T06-46-37.937Z,mixed-3000-seed-41544c53,miss,spatial_hit_test_sync_ms,ms,193,2.200000047683716
Atlas,1c2e54b3b8df+bench,SVG,instrument-2026-10-07T06-46-37.937Z,mixed-3000-seed-41544c53,miss,spatial_hit_test_sync_ms,ms,194,2.299999952316284
Atlas,1c2e54b3b8df+bench,SVG,instrument-2026-10-07T06-46-37.937Z,mixed-3000-seed-41544c53,miss,spatial_hit_test_sync_ms,ms,195,2.1000001430511475
Atlas,1c2e54b3b8df+bench,SVG,instrument-2026-10-07T06-46-37.937Z,mixed-3000-seed-41544c53,miss,spatial_hit_test_sync_ms,ms,196,2.299999952316284
Atlas,1c2e54b3b8df+bench,SVG,instrument-2026-10-07T06-46-37.937Z,mixed-3000-seed-41544c53,miss,spatial_hit_test_sync_ms,ms,197,2.299999952316284
Atlas,1c2e54b3b8df+bench,SVG,instrument-2026-10-07T06-46-37.937Z,mixed-3000-seed-41544c53,miss,spatial_hit_test_sync_ms,ms,198,2.200000047683716
Atlas,1c2e54b3b8df+bench,SVG,instrument-2026-10-07T06-46-37.937Z,mixed-3000-seed-41544c53,miss,spatial_hit_test_sync_ms,ms,199,2.3999998569488525
Atlas,1c2e54b3b8df+bench,SVG,instrument-2026-10-07T06-46-37.937Z,mixed-3000-seed-41544c53,miss,root_iterator_creations,count,0,1
Atlas,1c2e54b3b8df+bench,SVG,instrument-2026-10-07T06-46-37.937Z,mixed-3000-seed-41544c53,miss,root_iterator_next_calls,count,0,3001
Atlas,1c2e54b3b8df+bench,SVG,instrument-2026-10-07T06-46-37.937Z,mixed-3000-seed-41544c53,miss,route_membership_reads,count,0,1200
Atlas,1c2e54b3b8df+bench,SVG,instrument-2026-10-07T06-46-37.937Z,mixed-3000-seed-41544c53,miss,layout_rect_reads,count,0,0
Atlas,1c2e54b3b8df+bench,SVG,instrument-2026-10-07T06-46-37.937Z,mixed-3000-seed-41544c53,miss,cleanup_renderer_calls,count,0,0
Atlas,1c2e54b3b8df+bench,SVG,instrument-2026-10-07T06-46-37.937Z,mixed-3000-seed-41544c53,miss,cleanup_stage_children,count,0,0
Atlas,1c2e54b3b8df+bench,SVG,instrument-2026-10-07T06-46-37.937Z,mixed-3000-seed-41544c53,position-single,operation_sync_ms,ms,0,0.09999990463256836
Atlas,1c2e54b3b8df+bench,SVG,instrument-2026-10-07T06-46-37.937Z,mixed-3000-seed-41544c53,position-single,operation_to_raf_opportunities_ms,ms,0,32.5
Atlas,1c2e54b3b8df+bench,SVG,instrument-2026-10-07T06-46-37.937Z,mixed-3000-seed-41544c53,position-single,root_iterator_creations,count,0,1
Atlas,1c2e54b3b8df+bench,SVG,instrument-2026-10-07T06-46-37.937Z,mixed-3000-seed-41544c53,position-single,root_iterator_next_calls,count,0,3001
Atlas,1c2e54b3b8df+bench,SVG,instrument-2026-10-07T06-46-37.937Z,mixed-3000-seed-41544c53,position-single,renderer_scene_reads,count,0,1
Atlas,1c2e54b3b8df+bench,SVG,instrument-2026-10-07T06-46-37.937Z,mixed-3000-seed-41544c53,position-single,svg_attribute_writes,count,0,1
Atlas,1c2e54b3b8df+bench,SVG,instrument-2026-10-07T06-46-37.937Z,mixed-3000-seed-41544c53,position-single,renderer_calls,count,0,1
Atlas,1c2e54b3b8df+bench,SVG,instrument-2026-10-07T06-46-37.937Z,mixed-3000-seed-41544c53,position-single,layout_rect_reads,count,0,0
Atlas,1c2e54b3b8df+bench,SVG,instrument-2026-10-07T06-46-37.937Z,mixed-3000-seed-41544c53,position-single,instrumented_renderer_callback_ms,ms,0,0.10000014305114746
Atlas,1c2e54b3b8df+bench,SVG,instrument-2026-10-07T06-46-37.937Z,mixed-3000-seed-41544c53,position-single,cleanup_renderer_calls,count,0,0
Atlas,1c2e54b3b8df+bench,SVG,instrument-2026-10-07T06-46-37.937Z,mixed-3000-seed-41544c53,position-single,cleanup_stage_children,count,0,0
Atlas,1c2e54b3b8df+bench,SVG,instrument-2026-10-07T06-46-37.937Z,mixed-3000-seed-41544c53,position-series,operation_sync_ms,ms,0,0.09999990463256836
Atlas,1c2e54b3b8df+bench,SVG,instrument-2026-10-07T06-46-37.937Z,mixed-3000-seed-41544c53,position-series,operation_to_raf_opportunities_ms,ms,0,26.799999952316284
Atlas,1c2e54b3b8df+bench,SVG,instrument-2026-10-07T06-46-37.937Z,mixed-3000-seed-41544c53,position-series,root_iterator_creations,count,0,1
Atlas,1c2e54b3b8df+bench,SVG,instrument-2026-10-07T06-46-37.937Z,mixed-3000-seed-41544c53,position-series,root_iterator_next_calls,count,0,3001
Atlas,1c2e54b3b8df+bench,SVG,instrument-2026-10-07T06-46-37.937Z,mixed-3000-seed-41544c53,position-series,route_membership_reads,count,0,20
Atlas,1c2e54b3b8df+bench,SVG,instrument-2026-10-07T06-46-37.937Z,mixed-3000-seed-41544c53,position-series,renderer_scene_reads,count,0,1
Atlas,1c2e54b3b8df+bench,SVG,instrument-2026-10-07T06-46-37.937Z,mixed-3000-seed-41544c53,position-series,svg_attribute_writes,count,0,140
Atlas,1c2e54b3b8df+bench,SVG,instrument-2026-10-07T06-46-37.937Z,mixed-3000-seed-41544c53,position-series,renderer_calls,count,0,1
Atlas,1c2e54b3b8df+bench,SVG,instrument-2026-10-07T06-46-37.937Z,mixed-3000-seed-41544c53,position-series,layout_rect_reads,count,0,0
Atlas,1c2e54b3b8df+bench,SVG,instrument-2026-10-07T06-46-37.937Z,mixed-3000-seed-41544c53,position-series,instrumented_renderer_callback_ms,ms,0,0.5
Atlas,1c2e54b3b8df+bench,SVG,instrument-2026-10-07T06-46-37.937Z,mixed-3000-seed-41544c53,position-series,cleanup_renderer_calls,count,0,0
Atlas,1c2e54b3b8df+bench,SVG,instrument-2026-10-07T06-46-37.937Z,mixed-3000-seed-41544c53,position-series,cleanup_stage_children,count,0,0
Atlas,1c2e54b3b8df+bench,SVG,instrument-2026-10-07T06-46-37.937Z,mixed-3000-seed-41544c53,add-100,operation_sync_ms,ms,0,32.799999952316284
Atlas,1c2e54b3b8df+bench,SVG,instrument-2026-10-07T06-46-37.937Z,mixed-3000-seed-41544c53,add-100,cumulative_operation_ms,ms,100,32.799999952316284
Atlas,1c2e54b3b8df+bench,SVG,instrument-2026-10-07T06-46-37.937Z,mixed-3000-seed-41544c53,add-100,operation_to_raf_opportunities_ms,ms,0,54.5
Atlas,1c2e54b3b8df+bench,SVG,instrument-2026-10-07T06-46-37.937Z,mixed-3000-seed-41544c53,add-100,root_iterator_creations,count,0,102
Atlas,1c2e54b3b8df+bench,SVG,instrument-2026-10-07T06-46-37.937Z,mixed-3000-seed-41544c53,add-100,root_iterator_next_calls,count,0,311152
Atlas,1c2e54b3b8df+bench,SVG,instrument-2026-10-07T06-46-37.937Z,mixed-3000-seed-41544c53,add-100,renderer_scene_reads,count,0,1
Atlas,1c2e54b3b8df+bench,SVG,instrument-2026-10-07T06-46-37.937Z,mixed-3000-seed-41544c53,add-100,route_membership_reads,count,0,600
Atlas,1c2e54b3b8df+bench,SVG,instrument-2026-10-07T06-46-37.937Z,mixed-3000-seed-41544c53,add-100,renderer_scene_membership_changes,count,0,1
Atlas,1c2e54b3b8df+bench,SVG,instrument-2026-10-07T06-46-37.937Z,mixed-3000-seed-41544c53,add-100,svg_attribute_writes,count,0,800
Atlas,1c2e54b3b8df+bench,SVG,instrument-2026-10-07T06-46-37.937Z,mixed-3000-seed-41544c53,add-100,svg_attribute_removals,count,0,100
Atlas,1c2e54b3b8df+bench,SVG,instrument-2026-10-07T06-46-37.937Z,mixed-3000-seed-41544c53,add-100,renderer_calls,count,0,1
Atlas,1c2e54b3b8df+bench,SVG,instrument-2026-10-07T06-46-37.937Z,mixed-3000-seed-41544c53,add-100,layout_rect_reads,count,0,0
Atlas,1c2e54b3b8df+bench,SVG,instrument-2026-10-07T06-46-37.937Z,mixed-3000-seed-41544c53,add-100,instrumented_renderer_callback_ms,ms,0,3.1000001430511475
Atlas,1c2e54b3b8df+bench,SVG,instrument-2026-10-07T06-46-37.937Z,mixed-3000-seed-41544c53,add-100,cleanup_renderer_calls,count,0,0
Atlas,1c2e54b3b8df+bench,SVG,instrument-2026-10-07T06-46-37.937Z,mixed-3000-seed-41544c53,add-100,cleanup_stage_children,count,0,0
Atlas,1c2e54b3b8df+bench,SVG,instrument-2026-10-07T06-46-37.937Z,mixed-3000-seed-41544c53,add-500,operation_sync_ms,ms,0,132.59999990463257
Atlas,1c2e54b3b8df+bench,SVG,instrument-2026-10-07T06-46-37.937Z,mixed-3000-seed-41544c53,add-500,cumulative_operation_ms,ms,100,30.199999809265137
Atlas,1c2e54b3b8df+bench,SVG,instrument-2026-10-07T06-46-37.937Z,mixed-3000-seed-41544c53,add-500,cumulative_operation_ms,ms,200,54.39999985694885
Atlas,1c2e54b3b8df+bench,SVG,instrument-2026-10-07T06-46-37.937Z,mixed-3000-seed-41544c53,add-500,cumulative_operation_ms,ms,300,79.59999990463257
Atlas,1c2e54b3b8df+bench,SVG,instrument-2026-10-07T06-46-37.937Z,mixed-3000-seed-41544c53,add-500,cumulative_operation_ms,ms,400,106
Atlas,1c2e54b3b8df+bench,SVG,instrument-2026-10-07T06-46-37.937Z,mixed-3000-seed-41544c53,add-500,cumulative_operation_ms,ms,500,132.59999990463257
Atlas,1c2e54b3b8df+bench,SVG,instrument-2026-10-07T06-46-37.937Z,mixed-3000-seed-41544c53,add-500,operation_to_raf_opportunities_ms,ms,0,159
Atlas,1c2e54b3b8df+bench,SVG,instrument-2026-10-07T06-46-37.937Z,mixed-3000-seed-41544c53,add-500,root_iterator_creations,count,0,502
Atlas,1c2e54b3b8df+bench,SVG,instrument-2026-10-07T06-46-37.937Z,mixed-3000-seed-41544c53,add-500,root_iterator_next_calls,count,0,1631752
Atlas,1c2e54b3b8df+bench,SVG,instrument-2026-10-07T06-46-37.937Z,mixed-3000-seed-41544c53,add-500,renderer_scene_reads,count,0,1
Atlas,1c2e54b3b8df+bench,SVG,instrument-2026-10-07T06-46-37.937Z,mixed-3000-seed-41544c53,add-500,route_membership_reads,count,0,600
Atlas,1c2e54b3b8df+bench,SVG,instrument-2026-10-07T06-46-37.937Z,mixed-3000-seed-41544c53,add-500,renderer_scene_membership_changes,count,0,1
Atlas,1c2e54b3b8df+bench,SVG,instrument-2026-10-07T06-46-37.937Z,mixed-3000-seed-41544c53,add-500,svg_attribute_writes,count,0,4000
Atlas,1c2e54b3b8df+bench,SVG,instrument-2026-10-07T06-46-37.937Z,mixed-3000-seed-41544c53,add-500,svg_attribute_removals,count,0,500
Atlas,1c2e54b3b8df+bench,SVG,instrument-2026-10-07T06-46-37.937Z,mixed-3000-seed-41544c53,add-500,renderer_calls,count,0,1
Atlas,1c2e54b3b8df+bench,SVG,instrument-2026-10-07T06-46-37.937Z,mixed-3000-seed-41544c53,add-500,layout_rect_reads,count,0,0
Atlas,1c2e54b3b8df+bench,SVG,instrument-2026-10-07T06-46-37.937Z,mixed-3000-seed-41544c53,add-500,instrumented_renderer_callback_ms,ms,0,4.3999998569488525
Atlas,1c2e54b3b8df+bench,SVG,instrument-2026-10-07T06-46-37.937Z,mixed-3000-seed-41544c53,add-500,cleanup_renderer_calls,count,0,0
Atlas,1c2e54b3b8df+bench,SVG,instrument-2026-10-07T06-46-37.937Z,mixed-3000-seed-41544c53,add-500,cleanup_stage_children,count,0,0
Atlas,1c2e54b3b8df+bench,SVG,instrument-2026-10-07T06-46-37.937Z,mixed-3000-seed-41544c53,add-1000,operation_sync_ms,ms,0,289.09999990463257
Atlas,1c2e54b3b8df+bench,SVG,instrument-2026-10-07T06-46-37.937Z,mixed-3000-seed-41544c53,add-1000,cumulative_operation_ms,ms,100,35.200000047683716
Atlas,1c2e54b3b8df+bench,SVG,instrument-2026-10-07T06-46-37.937Z,mixed-3000-seed-41544c53,add-1000,cumulative_operation_ms,ms,200,59.799999952316284
Atlas,1c2e54b3b8df+bench,SVG,instrument-2026-10-07T06-46-37.937Z,mixed-3000-seed-41544c53,add-1000,cumulative_operation_ms,ms,300,85.79999995231628
Atlas,1c2e54b3b8df+bench,SVG,instrument-2026-10-07T06-46-37.937Z,mixed-3000-seed-41544c53,add-1000,cumulative_operation_ms,ms,400,112.40000009536743
Atlas,1c2e54b3b8df+bench,SVG,instrument-2026-10-07T06-46-37.937Z,mixed-3000-seed-41544c53,add-1000,cumulative_operation_ms,ms,500,140.09999990463257
Atlas,1c2e54b3b8df+bench,SVG,instrument-2026-10-07T06-46-37.937Z,mixed-3000-seed-41544c53,add-1000,cumulative_operation_ms,ms,600,167.79999995231628
Atlas,1c2e54b3b8df+bench,SVG,instrument-2026-10-07T06-46-37.937Z,mixed-3000-seed-41544c53,add-1000,cumulative_operation_ms,ms,700,197.79999995231628
Atlas,1c2e54b3b8df+bench,SVG,instrument-2026-10-07T06-46-37.937Z,mixed-3000-seed-41544c53,add-1000,cumulative_operation_ms,ms,800,227.70000004768372
Atlas,1c2e54b3b8df+bench,SVG,instrument-2026-10-07T06-46-37.937Z,mixed-3000-seed-41544c53,add-1000,cumulative_operation_ms,ms,900,257.7000000476837
Atlas,1c2e54b3b8df+bench,SVG,instrument-2026-10-07T06-46-37.937Z,mixed-3000-seed-41544c53,add-1000,cumulative_operation_ms,ms,1000,289
Atlas,1c2e54b3b8df+bench,SVG,instrument-2026-10-07T06-46-37.937Z,mixed-3000-seed-41544c53,add-1000,operation_to_raf_opportunities_ms,ms,0,317.2999999523163
Atlas,1c2e54b3b8df+bench,SVG,instrument-2026-10-07T06-46-37.937Z,mixed-3000-seed-41544c53,add-1000,root_iterator_creations,count,0,1002
Atlas,1c2e54b3b8df+bench,SVG,instrument-2026-10-07T06-46-37.937Z,mixed-3000-seed-41544c53,add-1000,root_iterator_next_calls,count,0,3507502
Atlas,1c2e54b3b8df+bench,SVG,instrument-2026-10-07T06-46-37.937Z,mixed-3000-seed-41544c53,add-1000,renderer_scene_reads,count,0,1
Atlas,1c2e54b3b8df+bench,SVG,instrument-2026-10-07T06-46-37.937Z,mixed-3000-seed-41544c53,add-1000,route_membership_reads,count,0,600
Atlas,1c2e54b3b8df+bench,SVG,instrument-2026-10-07T06-46-37.937Z,mixed-3000-seed-41544c53,add-1000,renderer_scene_membership_changes,count,0,1
Atlas,1c2e54b3b8df+bench,SVG,instrument-2026-10-07T06-46-37.937Z,mixed-3000-seed-41544c53,add-1000,svg_attribute_writes,count,0,8000
Atlas,1c2e54b3b8df+bench,SVG,instrument-2026-10-07T06-46-37.937Z,mixed-3000-seed-41544c53,add-1000,svg_attribute_removals,count,0,1000
Atlas,1c2e54b3b8df+bench,SVG,instrument-2026-10-07T06-46-37.937Z,mixed-3000-seed-41544c53,add-1000,renderer_calls,count,0,1
Atlas,1c2e54b3b8df+bench,SVG,instrument-2026-10-07T06-46-37.937Z,mixed-3000-seed-41544c53,add-1000,layout_rect_reads,count,0,0
Atlas,1c2e54b3b8df+bench,SVG,instrument-2026-10-07T06-46-37.937Z,mixed-3000-seed-41544c53,add-1000,instrumented_renderer_callback_ms,ms,0,5.8999998569488525
Atlas,1c2e54b3b8df+bench,SVG,instrument-2026-10-07T06-46-37.937Z,mixed-3000-seed-41544c53,add-1000,cleanup_renderer_calls,count,0,0
Atlas,1c2e54b3b8df+bench,SVG,instrument-2026-10-07T06-46-37.937Z,mixed-3000-seed-41544c53,add-1000,cleanup_stage_children,count,0,0
Atlas,1c2e54b3b8df+bench,SVG,instrument-2026-10-07T06-46-37.937Z,mixed-3000-seed-41544c53,remove-100,operation_sync_ms,ms,0,30.59999990463257
Atlas,1c2e54b3b8df+bench,SVG,instrument-2026-10-07T06-46-37.937Z,mixed-3000-seed-41544c53,remove-100,cumulative_operation_ms,ms,100,30.59999990463257
Atlas,1c2e54b3b8df+bench,SVG,instrument-2026-10-07T06-46-37.937Z,mixed-3000-seed-41544c53,remove-100,operation_to_raf_opportunities_ms,ms,0,61.299999952316284
Atlas,1c2e54b3b8df+bench,SVG,instrument-2026-10-07T06-46-37.937Z,mixed-3000-seed-41544c53,remove-100,root_iterator_creations,count,0,102
Atlas,1c2e54b3b8df+bench,SVG,instrument-2026-10-07T06-46-37.937Z,mixed-3000-seed-41544c53,remove-100,root_iterator_next_calls,count,0,300952
Atlas,1c2e54b3b8df+bench,SVG,instrument-2026-10-07T06-46-37.937Z,mixed-3000-seed-41544c53,remove-100,renderer_scene_reads,count,0,1
Atlas,1c2e54b3b8df+bench,SVG,instrument-2026-10-07T06-46-37.937Z,mixed-3000-seed-41544c53,remove-100,route_membership_reads,count,0,580
Atlas,1c2e54b3b8df+bench,SVG,instrument-2026-10-07T06-46-37.937Z,mixed-3000-seed-41544c53,remove-100,renderer_scene_membership_changes,count,0,1
Atlas,1c2e54b3b8df+bench,SVG,instrument-2026-10-07T06-46-37.937Z,mixed-3000-seed-41544c53,remove-100,renderer_calls,count,0,1
Atlas,1c2e54b3b8df+bench,SVG,instrument-2026-10-07T06-46-37.937Z,mixed-3000-seed-41544c53,remove-100,layout_rect_reads,count,0,0
Atlas,1c2e54b3b8df+bench,SVG,instrument-2026-10-07T06-46-37.937Z,mixed-3000-seed-41544c53,remove-100,instrumented_renderer_callback_ms,ms,0,7.099999904632568
Atlas,1c2e54b3b8df+bench,SVG,instrument-2026-10-07T06-46-37.937Z,mixed-3000-seed-41544c53,remove-100,cleanup_renderer_calls,count,0,0
Atlas,1c2e54b3b8df+bench,SVG,instrument-2026-10-07T06-46-37.937Z,mixed-3000-seed-41544c53,remove-100,cleanup_stage_children,count,0,0
Atlas,1c2e54b3b8df+bench,SVG,instrument-2026-10-07T06-46-37.937Z,mixed-3000-seed-41544c53,remove-500,operation_sync_ms,ms,0,131.79999995231628
Atlas,1c2e54b3b8df+bench,SVG,instrument-2026-10-07T06-46-37.937Z,mixed-3000-seed-41544c53,remove-500,cumulative_operation_ms,ms,100,35.799999952316284
Atlas,1c2e54b3b8df+bench,SVG,instrument-2026-10-07T06-46-37.937Z,mixed-3000-seed-41544c53,remove-500,cumulative_operation_ms,ms,200,61.09999990463257
Atlas,1c2e54b3b8df+bench,SVG,instrument-2026-10-07T06-46-37.937Z,mixed-3000-seed-41544c53,remove-500,cumulative_operation_ms,ms,300,85.79999995231628
Atlas,1c2e54b3b8df+bench,SVG,instrument-2026-10-07T06-46-37.937Z,mixed-3000-seed-41544c53,remove-500,cumulative_operation_ms,ms,400,108.69999980926514
Atlas,1c2e54b3b8df+bench,SVG,instrument-2026-10-07T06-46-37.937Z,mixed-3000-seed-41544c53,remove-500,cumulative_operation_ms,ms,500,131.79999995231628
Atlas,1c2e54b3b8df+bench,SVG,instrument-2026-10-07T06-46-37.937Z,mixed-3000-seed-41544c53,remove-500,operation_to_raf_opportunities_ms,ms,0,150
Atlas,1c2e54b3b8df+bench,SVG,instrument-2026-10-07T06-46-37.937Z,mixed-3000-seed-41544c53,remove-500,root_iterator_creations,count,0,502
Atlas,1c2e54b3b8df+bench,SVG,instrument-2026-10-07T06-46-37.937Z,mixed-3000-seed-41544c53,remove-500,root_iterator_next_calls,count,0,1380752
Atlas,1c2e54b3b8df+bench,SVG,instrument-2026-10-07T06-46-37.937Z,mixed-3000-seed-41544c53,remove-500,renderer_scene_reads,count,0,1
Atlas,1c2e54b3b8df+bench,SVG,instrument-2026-10-07T06-46-37.937Z,mixed-3000-seed-41544c53,remove-500,route_membership_reads,count,0,500
Atlas,1c2e54b3b8df+bench,SVG,instrument-2026-10-07T06-46-37.937Z,mixed-3000-seed-41544c53,remove-500,renderer_scene_membership_changes,count,0,1
Atlas,1c2e54b3b8df+bench,SVG,instrument-2026-10-07T06-46-37.937Z,mixed-3000-seed-41544c53,remove-500,renderer_calls,count,0,1
Atlas,1c2e54b3b8df+bench,SVG,instrument-2026-10-07T06-46-37.937Z,mixed-3000-seed-41544c53,remove-500,layout_rect_reads,count,0,0
Atlas,1c2e54b3b8df+bench,SVG,instrument-2026-10-07T06-46-37.937Z,mixed-3000-seed-41544c53,remove-500,instrumented_renderer_callback_ms,ms,0,2.799999952316284
Atlas,1c2e54b3b8df+bench,SVG,instrument-2026-10-07T06-46-37.937Z,mixed-3000-seed-41544c53,remove-500,cleanup_renderer_calls,count,0,0
Atlas,1c2e54b3b8df+bench,SVG,instrument-2026-10-07T06-46-37.937Z,mixed-3000-seed-41544c53,remove-500,cleanup_stage_children,count,0,0
Atlas,1c2e54b3b8df+bench,SVG,instrument-2026-10-07T06-46-37.937Z,mixed-3000-seed-41544c53,remove-1000,operation_sync_ms,ms,0,227.5
Atlas,1c2e54b3b8df+bench,SVG,instrument-2026-10-07T06-46-37.937Z,mixed-3000-seed-41544c53,remove-1000,cumulative_operation_ms,ms,100,30.59999990463257
Atlas,1c2e54b3b8df+bench,SVG,instrument-2026-10-07T06-46-37.937Z,mixed-3000-seed-41544c53,remove-1000,cumulative_operation_ms,ms,200,56.5
Atlas,1c2e54b3b8df+bench,SVG,instrument-2026-10-07T06-46-37.937Z,mixed-3000-seed-41544c53,remove-1000,cumulative_operation_ms,ms,300,80.69999980926514
Atlas,1c2e54b3b8df+bench,SVG,instrument-2026-10-07T06-46-37.937Z,mixed-3000-seed-41544c53,remove-1000,cumulative_operation_ms,ms,400,104.29999995231628
Atlas,1c2e54b3b8df+bench,SVG,instrument-2026-10-07T06-46-37.937Z,mixed-3000-seed-41544c53,remove-1000,cumulative_operation_ms,ms,500,126.89999985694885
Atlas,1c2e54b3b8df+bench,SVG,instrument-2026-10-07T06-46-37.937Z,mixed-3000-seed-41544c53,remove-1000,cumulative_operation_ms,ms,600,148.79999995231628
Atlas,1c2e54b3b8df+bench,SVG,instrument-2026-10-07T06-46-37.937Z,mixed-3000-seed-41544c53,remove-1000,cumulative_operation_ms,ms,700,169.19999980926514
Atlas,1c2e54b3b8df+bench,SVG,instrument-2026-10-07T06-46-37.937Z,mixed-3000-seed-41544c53,remove-1000,cumulative_operation_ms,ms,800,189.39999985694885
Atlas,1c2e54b3b8df+bench,SVG,instrument-2026-10-07T06-46-37.937Z,mixed-3000-seed-41544c53,remove-1000,cumulative_operation_ms,ms,900,209.09999990463257
Atlas,1c2e54b3b8df+bench,SVG,instrument-2026-10-07T06-46-37.937Z,mixed-3000-seed-41544c53,remove-1000,cumulative_operation_ms,ms,1000,227.5
Atlas,1c2e54b3b8df+bench,SVG,instrument-2026-10-07T06-46-37.937Z,mixed-3000-seed-41544c53,remove-1000,operation_to_raf_opportunities_ms,ms,0,249.79999995231628
Atlas,1c2e54b3b8df+bench,SVG,instrument-2026-10-07T06-46-37.937Z,mixed-3000-seed-41544c53,remove-1000,root_iterator_creations,count,0,1002
Atlas,1c2e54b3b8df+bench,SVG,instrument-2026-10-07T06-46-37.937Z,mixed-3000-seed-41544c53,remove-1000,root_iterator_next_calls,count,0,2505502
Atlas,1c2e54b3b8df+bench,SVG,instrument-2026-10-07T06-46-37.937Z,mixed-3000-seed-41544c53,remove-1000,renderer_scene_reads,count,0,1
Atlas,1c2e54b3b8df+bench,SVG,instrument-2026-10-07T06-46-37.937Z,mixed-3000-seed-41544c53,remove-1000,route_membership_reads,count,0,400
Atlas,1c2e54b3b8df+bench,SVG,instrument-2026-10-07T06-46-37.937Z,mixed-3000-seed-41544c53,remove-1000,renderer_scene_membership_changes,count,0,1
Atlas,1c2e54b3b8df+bench,SVG,instrument-2026-10-07T06-46-37.937Z,mixed-3000-seed-41544c53,remove-1000,renderer_calls,count,0,1
Atlas,1c2e54b3b8df+bench,SVG,instrument-2026-10-07T06-46-37.937Z,mixed-3000-seed-41544c53,remove-1000,layout_rect_reads,count,0,0
Atlas,1c2e54b3b8df+bench,SVG,instrument-2026-10-07T06-46-37.937Z,mixed-3000-seed-41544c53,remove-1000,instrumented_renderer_callback_ms,ms,0,3.3999998569488525
Atlas,1c2e54b3b8df+bench,SVG,instrument-2026-10-07T06-46-37.937Z,mixed-3000-seed-41544c53,remove-1000,cleanup_renderer_calls,count,0,0
Atlas,1c2e54b3b8df+bench,SVG,instrument-2026-10-07T06-46-37.937Z,mixed-3000-seed-41544c53,remove-1000,cleanup_stage_children,count,0,0
Atlas,1c2e54b3b8df+bench,SVG,instrument-2026-10-07T06-46-37.937Z,mixed-3000-seed-41544c53,route-update,operation_sync_ms,ms,0,1.4000000953674316
Atlas,1c2e54b3b8df+bench,SVG,instrument-2026-10-07T06-46-37.937Z,mixed-3000-seed-41544c53,route-update,operation_to_raf_opportunities_ms,ms,0,29.100000143051147
Atlas,1c2e54b3b8df+bench,SVG,instrument-2026-10-07T06-46-37.937Z,mixed-3000-seed-41544c53,route-update,root_iterator_creations,count,0,2
Atlas,1c2e54b3b8df+bench,SVG,instrument-2026-10-07T06-46-37.937Z,mixed-3000-seed-41544c53,route-update,root_iterator_next_calls,count,0,6002
Atlas,1c2e54b3b8df+bench,SVG,instrument-2026-10-07T06-46-37.937Z,mixed-3000-seed-41544c53,route-update,route_membership_reads,count,0,602
Atlas,1c2e54b3b8df+bench,SVG,instrument-2026-10-07T06-46-37.937Z,mixed-3000-seed-41544c53,route-update,renderer_scene_reads,count,0,1
Atlas,1c2e54b3b8df+bench,SVG,instrument-2026-10-07T06-46-37.937Z,mixed-3000-seed-41544c53,route-update,renderer_scene_membership_changes,count,0,1
Atlas,1c2e54b3b8df+bench,SVG,instrument-2026-10-07T06-46-37.937Z,mixed-3000-seed-41544c53,route-update,svg_attribute_writes,count,0,17
Atlas,1c2e54b3b8df+bench,SVG,instrument-2026-10-07T06-46-37.937Z,mixed-3000-seed-41544c53,route-update,svg_attribute_removals,count,0,2
Atlas,1c2e54b3b8df+bench,SVG,instrument-2026-10-07T06-46-37.937Z,mixed-3000-seed-41544c53,route-update,renderer_calls,count,0,1
Atlas,1c2e54b3b8df+bench,SVG,instrument-2026-10-07T06-46-37.937Z,mixed-3000-seed-41544c53,route-update,layout_rect_reads,count,0,0
Atlas,1c2e54b3b8df+bench,SVG,instrument-2026-10-07T06-46-37.937Z,mixed-3000-seed-41544c53,route-update,instrumented_renderer_callback_ms,ms,0,2.5999999046325684
Atlas,1c2e54b3b8df+bench,SVG,instrument-2026-10-07T06-46-37.937Z,mixed-3000-seed-41544c53,route-update,cleanup_renderer_calls,count,0,0
Atlas,1c2e54b3b8df+bench,SVG,instrument-2026-10-07T06-46-37.937Z,mixed-3000-seed-41544c53,route-update,cleanup_stage_children,count,0,0
Atlas,1c2e54b3b8df+bench,SVG,instrument-2026-10-07T06-46-37.937Z,mixed-3000-seed-41544c53,wheel-input,synthetic_wheel_dispatch_sync_ms,ms,0,0
Atlas,1c2e54b3b8df+bench,SVG,instrument-2026-10-07T06-46-37.937Z,mixed-3000-seed-41544c53,wheel-input,synthetic_wheel_dispatch_sync_ms,ms,1,0
Atlas,1c2e54b3b8df+bench,SVG,instrument-2026-10-07T06-46-37.937Z,mixed-3000-seed-41544c53,wheel-input,synthetic_wheel_dispatch_sync_ms,ms,2,0.09999990463256836
Atlas,1c2e54b3b8df+bench,SVG,instrument-2026-10-07T06-46-37.937Z,mixed-3000-seed-41544c53,wheel-input,synthetic_wheel_dispatch_sync_ms,ms,3,0
Atlas,1c2e54b3b8df+bench,SVG,instrument-2026-10-07T06-46-37.937Z,mixed-3000-seed-41544c53,wheel-input,synthetic_wheel_dispatch_sync_ms,ms,4,0
Atlas,1c2e54b3b8df+bench,SVG,instrument-2026-10-07T06-46-37.937Z,mixed-3000-seed-41544c53,wheel-input,synthetic_wheel_dispatch_sync_ms,ms,5,0
Atlas,1c2e54b3b8df+bench,SVG,instrument-2026-10-07T06-46-37.937Z,mixed-3000-seed-41544c53,wheel-input,synthetic_wheel_dispatch_sync_ms,ms,6,0.09999990463256836
Atlas,1c2e54b3b8df+bench,SVG,instrument-2026-10-07T06-46-37.937Z,mixed-3000-seed-41544c53,wheel-input,synthetic_wheel_dispatch_sync_ms,ms,7,0
Atlas,1c2e54b3b8df+bench,SVG,instrument-2026-10-07T06-46-37.937Z,mixed-3000-seed-41544c53,wheel-input,synthetic_wheel_dispatch_sync_ms,ms,8,0
Atlas,1c2e54b3b8df+bench,SVG,instrument-2026-10-07T06-46-37.937Z,mixed-3000-seed-41544c53,wheel-input,synthetic_wheel_dispatch_sync_ms,ms,9,0
Atlas,1c2e54b3b8df+bench,SVG,instrument-2026-10-07T06-46-37.937Z,mixed-3000-seed-41544c53,wheel-input,layout_rect_reads,count,0,52
Atlas,1c2e54b3b8df+bench,SVG,instrument-2026-10-07T06-46-37.937Z,mixed-3000-seed-41544c53,wheel-input,renderer_scene_reads,count,0,10
Atlas,1c2e54b3b8df+bench,SVG,instrument-2026-10-07T06-46-37.937Z,mixed-3000-seed-41544c53,wheel-input,svg_attribute_writes,count,0,60010
Atlas,1c2e54b3b8df+bench,SVG,instrument-2026-10-07T06-46-37.937Z,mixed-3000-seed-41544c53,wheel-input,renderer_calls,count,0,10
Atlas,1c2e54b3b8df+bench,SVG,instrument-2026-10-07T06-46-37.937Z,mixed-3000-seed-41544c53,wheel-input,instrumented_renderer_callback_ms,ms,0,2.299999952316284
Atlas,1c2e54b3b8df+bench,SVG,instrument-2026-10-07T06-46-37.937Z,mixed-3000-seed-41544c53,wheel-input,instrumented_renderer_callback_ms,ms,1,2.1000001430511475
Atlas,1c2e54b3b8df+bench,SVG,instrument-2026-10-07T06-46-37.937Z,mixed-3000-seed-41544c53,wheel-input,instrumented_renderer_callback_ms,ms,2,1.9000000953674316
Atlas,1c2e54b3b8df+bench,SVG,instrument-2026-10-07T06-46-37.937Z,mixed-3000-seed-41544c53,wheel-input,instrumented_renderer_callback_ms,ms,3,1.8999998569488525
Atlas,1c2e54b3b8df+bench,SVG,instrument-2026-10-07T06-46-37.937Z,mixed-3000-seed-41544c53,wheel-input,instrumented_renderer_callback_ms,ms,4,2
Atlas,1c2e54b3b8df+bench,SVG,instrument-2026-10-07T06-46-37.937Z,mixed-3000-seed-41544c53,wheel-input,instrumented_renderer_callback_ms,ms,5,2.1000001430511475
Atlas,1c2e54b3b8df+bench,SVG,instrument-2026-10-07T06-46-37.937Z,mixed-3000-seed-41544c53,wheel-input,instrumented_renderer_callback_ms,ms,6,2
Atlas,1c2e54b3b8df+bench,SVG,instrument-2026-10-07T06-46-37.937Z,mixed-3000-seed-41544c53,wheel-input,instrumented_renderer_callback_ms,ms,7,2
Atlas,1c2e54b3b8df+bench,SVG,instrument-2026-10-07T06-46-37.937Z,mixed-3000-seed-41544c53,wheel-input,instrumented_renderer_callback_ms,ms,8,2.1999998092651367
Atlas,1c2e54b3b8df+bench,SVG,instrument-2026-10-07T06-46-37.937Z,mixed-3000-seed-41544c53,wheel-input,instrumented_renderer_callback_ms,ms,9,2.200000047683716
Atlas,1c2e54b3b8df+bench,SVG,instrument-2026-10-07T06-46-37.937Z,mixed-3000-seed-41544c53,wheel-input,cleanup_renderer_calls,count,0,0
Atlas,1c2e54b3b8df+bench,SVG,instrument-2026-10-07T06-46-37.937Z,mixed-3000-seed-41544c53,wheel-input,cleanup_stage_children,count,0,0
Atlas,1c2e54b3b8df+bench,SVG,instrument-2026-10-07T06-46-37.937Z,mixed-5000-seed-41544c53,load,load_promise_ms,ms,0,45
Atlas,1c2e54b3b8df+bench,SVG,instrument-2026-10-07T06-46-37.937Z,mixed-5000-seed-41544c53,load,create_to_raf_opportunities_ms,ms,0,197.19999980926514
Atlas,1c2e54b3b8df+bench,SVG,instrument-2026-10-07T06-46-37.937Z,mixed-5000-seed-41544c53,load,semantic_roots,count,0,5000
Atlas,1c2e54b3b8df+bench,SVG,instrument-2026-10-07T06-46-37.937Z,mixed-5000-seed-41544c53,load,owned_points,count,0,8996
Atlas,1c2e54b3b8df+bench,SVG,instrument-2026-10-07T06-46-37.937Z,mixed-5000-seed-41544c53,load,visual_primitives,count,0,11996
Atlas,1c2e54b3b8df+bench,SVG,instrument-2026-10-07T06-46-37.937Z,mixed-5000-seed-41544c53,load,svg_element_nodes,count,0,23994
Atlas,1c2e54b3b8df+bench,SVG,instrument-2026-10-07T06-46-37.937Z,mixed-5000-seed-41544c53,load,shadow_element_nodes,count,0,23995
Atlas,1c2e54b3b8df+bench,SVG,instrument-2026-10-07T06-46-37.937Z,mixed-5000-seed-41544c53,load,shadow_dom_nodes,count,0,23998
Atlas,1c2e54b3b8df+bench,SVG,instrument-2026-10-07T06-46-37.937Z,mixed-5000-seed-41544c53,load,root_iterator_creations,count,0,4
Atlas,1c2e54b3b8df+bench,SVG,instrument-2026-10-07T06-46-37.937Z,mixed-5000-seed-41544c53,load,root_iterator_next_calls,count,0,10004
Atlas,1c2e54b3b8df+bench,SVG,instrument-2026-10-07T06-46-37.937Z,mixed-5000-seed-41544c53,load,svg_attribute_writes,count,0,102975
Atlas,1c2e54b3b8df+bench,SVG,instrument-2026-10-07T06-46-37.937Z,mixed-5000-seed-41544c53,load,renderer_calls,count,0,2
Atlas,1c2e54b3b8df+bench,SVG,instrument-2026-10-07T06-46-37.937Z,mixed-5000-seed-41544c53,load,route_membership_reads,count,0,2000
Atlas,1c2e54b3b8df+bench,SVG,instrument-2026-10-07T06-46-37.937Z,mixed-5000-seed-41544c53,load,renderer_scene_reads,count,0,2
Atlas,1c2e54b3b8df+bench,SVG,instrument-2026-10-07T06-46-37.937Z,mixed-5000-seed-41544c53,load,svg_attribute_removals,count,0,11996
Atlas,1c2e54b3b8df+bench,SVG,instrument-2026-10-07T06-46-37.937Z,mixed-5000-seed-41544c53,load,layout_rect_reads,count,0,0
Atlas,1c2e54b3b8df+bench,SVG,instrument-2026-10-07T06-46-37.937Z,mixed-5000-seed-41544c53,load,instrumented_renderer_callback_ms,ms,0,0
Atlas,1c2e54b3b8df+bench,SVG,instrument-2026-10-07T06-46-37.937Z,mixed-5000-seed-41544c53,load,instrumented_renderer_callback_ms,ms,1,19.90000009536743
Atlas,1c2e54b3b8df+bench,SVG,instrument-2026-10-07T06-46-37.937Z,mixed-5000-seed-41544c53,load,instrumented_prepare_promise_ms,ms,0,24.90000009536743
Atlas,1c2e54b3b8df+bench,SVG,instrument-2026-10-07T06-46-37.937Z,mixed-5000-seed-41544c53,load,cleanup_renderer_calls,count,0,0
Atlas,1c2e54b3b8df+bench,SVG,instrument-2026-10-07T06-46-37.937Z,mixed-5000-seed-41544c53,load,cleanup_stage_children,count,0,0
Atlas,1c2e54b3b8df+bench,SVG,instrument-2026-10-07T06-46-37.937Z,mixed-5000-seed-41544c53,pan,frame_interval_ms,ms,0,16.60000000000582
Atlas,1c2e54b3b8df+bench,SVG,instrument-2026-10-07T06-46-37.937Z,mixed-5000-seed-41544c53,pan,camera_api_sync_ms,ms,0,0
Atlas,1c2e54b3b8df+bench,SVG,instrument-2026-10-07T06-46-37.937Z,mixed-5000-seed-41544c53,pan,frame_interval_ms,ms,1,16.70000000001164
Atlas,1c2e54b3b8df+bench,SVG,instrument-2026-10-07T06-46-37.937Z,mixed-5000-seed-41544c53,pan,camera_api_sync_ms,ms,1,0
Atlas,1c2e54b3b8df+bench,SVG,instrument-2026-10-07T06-46-37.937Z,mixed-5000-seed-41544c53,pan,frame_interval_ms,ms,2,33.29999999998836
Atlas,1c2e54b3b8df+bench,SVG,instrument-2026-10-07T06-46-37.937Z,mixed-5000-seed-41544c53,pan,camera_api_sync_ms,ms,2,0
Atlas,1c2e54b3b8df+bench,SVG,instrument-2026-10-07T06-46-37.937Z,mixed-5000-seed-41544c53,pan,frame_interval_ms,ms,3,50.10000000000582
Atlas,1c2e54b3b8df+bench,SVG,instrument-2026-10-07T06-46-37.937Z,mixed-5000-seed-41544c53,pan,camera_api_sync_ms,ms,3,0
Atlas,1c2e54b3b8df+bench,SVG,instrument-2026-10-07T06-46-37.937Z,mixed-5000-seed-41544c53,pan,frame_interval_ms,ms,4,33.29999999998836
Atlas,1c2e54b3b8df+bench,SVG,instrument-2026-10-07T06-46-37.937Z,mixed-5000-seed-41544c53,pan,camera_api_sync_ms,ms,4,0
Atlas,1c2e54b3b8df+bench,SVG,instrument-2026-10-07T06-46-37.937Z,mixed-5000-seed-41544c53,pan,frame_interval_ms,ms,5,16.60000000000582
Atlas,1c2e54b3b8df+bench,SVG,instrument-2026-10-07T06-46-37.937Z,mixed-5000-seed-41544c53,pan,camera_api_sync_ms,ms,5,0
Atlas,1c2e54b3b8df+bench,SVG,instrument-2026-10-07T06-46-37.937Z,mixed-5000-seed-41544c53,pan,frame_interval_ms,ms,6,50
Atlas,1c2e54b3b8df+bench,SVG,instrument-2026-10-07T06-46-37.937Z,mixed-5000-seed-41544c53,pan,camera_api_sync_ms,ms,6,0
Atlas,1c2e54b3b8df+bench,SVG,instrument-2026-10-07T06-46-37.937Z,mixed-5000-seed-41544c53,pan,frame_interval_ms,ms,7,33.29999999998836
Atlas,1c2e54b3b8df+bench,SVG,instrument-2026-10-07T06-46-37.937Z,mixed-5000-seed-41544c53,pan,camera_api_sync_ms,ms,7,0
Atlas,1c2e54b3b8df+bench,SVG,instrument-2026-10-07T06-46-37.937Z,mixed-5000-seed-41544c53,pan,frame_interval_ms,ms,8,33.40000000002328
Atlas,1c2e54b3b8df+bench,SVG,instrument-2026-10-07T06-46-37.937Z,mixed-5000-seed-41544c53,pan,camera_api_sync_ms,ms,8,0.09999990463256836
Atlas,1c2e54b3b8df+bench,SVG,instrument-2026-10-07T06-46-37.937Z,mixed-5000-seed-41544c53,pan,frame_interval_ms,ms,9,33.29999999998836
Atlas,1c2e54b3b8df+bench,SVG,instrument-2026-10-07T06-46-37.937Z,mixed-5000-seed-41544c53,pan,camera_api_sync_ms,ms,9,0
Atlas,1c2e54b3b8df+bench,SVG,instrument-2026-10-07T06-46-37.937Z,mixed-5000-seed-41544c53,pan,frame_interval_ms,ms,10,50
Atlas,1c2e54b3b8df+bench,SVG,instrument-2026-10-07T06-46-37.937Z,mixed-5000-seed-41544c53,pan,camera_api_sync_ms,ms,10,0
Atlas,1c2e54b3b8df+bench,SVG,instrument-2026-10-07T06-46-37.937Z,mixed-5000-seed-41544c53,pan,frame_interval_ms,ms,11,33.39999999999418
Atlas,1c2e54b3b8df+bench,SVG,instrument-2026-10-07T06-46-37.937Z,mixed-5000-seed-41544c53,pan,camera_api_sync_ms,ms,11,0
Atlas,1c2e54b3b8df+bench,SVG,instrument-2026-10-07T06-46-37.937Z,mixed-5000-seed-41544c53,pan,frame_interval_ms,ms,12,33.30000000001746
Atlas,1c2e54b3b8df+bench,SVG,instrument-2026-10-07T06-46-37.937Z,mixed-5000-seed-41544c53,pan,camera_api_sync_ms,ms,12,0
Atlas,1c2e54b3b8df+bench,SVG,instrument-2026-10-07T06-46-37.937Z,mixed-5000-seed-41544c53,pan,frame_interval_ms,ms,13,50
Atlas,1c2e54b3b8df+bench,SVG,instrument-2026-10-07T06-46-37.937Z,mixed-5000-seed-41544c53,pan,camera_api_sync_ms,ms,13,0
Atlas,1c2e54b3b8df+bench,SVG,instrument-2026-10-07T06-46-37.937Z,mixed-5000-seed-41544c53,pan,frame_interval_ms,ms,14,49.89999999999418
Atlas,1c2e54b3b8df+bench,SVG,instrument-2026-10-07T06-46-37.937Z,mixed-5000-seed-41544c53,pan,camera_api_sync_ms,ms,14,0
Atlas,1c2e54b3b8df+bench,SVG,instrument-2026-10-07T06-46-37.937Z,mixed-5000-seed-41544c53,pan,frame_interval_ms,ms,15,33.39999999999418
Atlas,1c2e54b3b8df+bench,SVG,instrument-2026-10-07T06-46-37.937Z,mixed-5000-seed-41544c53,pan,camera_api_sync_ms,ms,15,0
Atlas,1c2e54b3b8df+bench,SVG,instrument-2026-10-07T06-46-37.937Z,mixed-5000-seed-41544c53,pan,frame_interval_ms,ms,16,50
Atlas,1c2e54b3b8df+bench,SVG,instrument-2026-10-07T06-46-37.937Z,mixed-5000-seed-41544c53,pan,camera_api_sync_ms,ms,16,2.0999999046325684
Atlas,1c2e54b3b8df+bench,SVG,instrument-2026-10-07T06-46-37.937Z,mixed-5000-seed-41544c53,pan,frame_interval_ms,ms,17,50
Atlas,1c2e54b3b8df+bench,SVG,instrument-2026-10-07T06-46-37.937Z,mixed-5000-seed-41544c53,pan,camera_api_sync_ms,ms,17,0
Atlas,1c2e54b3b8df+bench,SVG,instrument-2026-10-07T06-46-37.937Z,mixed-5000-seed-41544c53,pan,frame_interval_ms,ms,18,50
Atlas,1c2e54b3b8df+bench,SVG,instrument-2026-10-07T06-46-37.937Z,mixed-5000-seed-41544c53,pan,camera_api_sync_ms,ms,18,0
Atlas,1c2e54b3b8df+bench,SVG,instrument-2026-10-07T06-46-37.937Z,mixed-5000-seed-41544c53,pan,frame_interval_ms,ms,19,33.29999999998836
Atlas,1c2e54b3b8df+bench,SVG,instrument-2026-10-07T06-46-37.937Z,mixed-5000-seed-41544c53,pan,camera_api_sync_ms,ms,19,0
Atlas,1c2e54b3b8df+bench,SVG,instrument-2026-10-07T06-46-37.937Z,mixed-5000-seed-41544c53,pan,frame_interval_ms,ms,20,83.40000000002328
Atlas,1c2e54b3b8df+bench,SVG,instrument-2026-10-07T06-46-37.937Z,mixed-5000-seed-41544c53,pan,camera_api_sync_ms,ms,20,0
Atlas,1c2e54b3b8df+bench,SVG,instrument-2026-10-07T06-46-37.937Z,mixed-5000-seed-41544c53,pan,frame_interval_ms,ms,21,33.29999999998836
Atlas,1c2e54b3b8df+bench,SVG,instrument-2026-10-07T06-46-37.937Z,mixed-5000-seed-41544c53,pan,camera_api_sync_ms,ms,21,0
Atlas,1c2e54b3b8df+bench,SVG,instrument-2026-10-07T06-46-37.937Z,mixed-5000-seed-41544c53,pan,frame_interval_ms,ms,22,50
Atlas,1c2e54b3b8df+bench,SVG,instrument-2026-10-07T06-46-37.937Z,mixed-5000-seed-41544c53,pan,camera_api_sync_ms,ms,22,0
Atlas,1c2e54b3b8df+bench,SVG,instrument-2026-10-07T06-46-37.937Z,mixed-5000-seed-41544c53,pan,frame_interval_ms,ms,23,50
Atlas,1c2e54b3b8df+bench,SVG,instrument-2026-10-07T06-46-37.937Z,mixed-5000-seed-41544c53,pan,camera_api_sync_ms,ms,23,0
Atlas,1c2e54b3b8df+bench,SVG,instrument-2026-10-07T06-46-37.937Z,mixed-5000-seed-41544c53,pan,frame_interval_ms,ms,24,33.29999999998836
Atlas,1c2e54b3b8df+bench,SVG,instrument-2026-10-07T06-46-37.937Z,mixed-5000-seed-41544c53,pan,camera_api_sync_ms,ms,24,0
Atlas,1c2e54b3b8df+bench,SVG,instrument-2026-10-07T06-46-37.937Z,mixed-5000-seed-41544c53,pan,frame_interval_ms,ms,25,50
Atlas,1c2e54b3b8df+bench,SVG,instrument-2026-10-07T06-46-37.937Z,mixed-5000-seed-41544c53,pan,camera_api_sync_ms,ms,25,0
Atlas,1c2e54b3b8df+bench,SVG,instrument-2026-10-07T06-46-37.937Z,mixed-5000-seed-41544c53,pan,frame_interval_ms,ms,26,33.40000000002328
Atlas,1c2e54b3b8df+bench,SVG,instrument-2026-10-07T06-46-37.937Z,mixed-5000-seed-41544c53,pan,camera_api_sync_ms,ms,26,0
Atlas,1c2e54b3b8df+bench,SVG,instrument-2026-10-07T06-46-37.937Z,mixed-5000-seed-41544c53,pan,frame_interval_ms,ms,27,50
Atlas,1c2e54b3b8df+bench,SVG,instrument-2026-10-07T06-46-37.937Z,mixed-5000-seed-41544c53,pan,camera_api_sync_ms,ms,27,0
Atlas,1c2e54b3b8df+bench,SVG,instrument-2026-10-07T06-46-37.937Z,mixed-5000-seed-41544c53,pan,frame_interval_ms,ms,28,33.29999999998836
Atlas,1c2e54b3b8df+bench,SVG,instrument-2026-10-07T06-46-37.937Z,mixed-5000-seed-41544c53,pan,camera_api_sync_ms,ms,28,0
Atlas,1c2e54b3b8df+bench,SVG,instrument-2026-10-07T06-46-37.937Z,mixed-5000-seed-41544c53,pan,frame_interval_ms,ms,29,33.29999999998836
Atlas,1c2e54b3b8df+bench,SVG,instrument-2026-10-07T06-46-37.937Z,mixed-5000-seed-41544c53,pan,camera_api_sync_ms,ms,29,0
Atlas,1c2e54b3b8df+bench,SVG,instrument-2026-10-07T06-46-37.937Z,mixed-5000-seed-41544c53,pan,frame_interval_ms,ms,30,33.40000000002328
Atlas,1c2e54b3b8df+bench,SVG,instrument-2026-10-07T06-46-37.937Z,mixed-5000-seed-41544c53,pan,camera_api_sync_ms,ms,30,0
Atlas,1c2e54b3b8df+bench,SVG,instrument-2026-10-07T06-46-37.937Z,mixed-5000-seed-41544c53,pan,frame_interval_ms,ms,31,33.29999999998836
Atlas,1c2e54b3b8df+bench,SVG,instrument-2026-10-07T06-46-37.937Z,mixed-5000-seed-41544c53,pan,camera_api_sync_ms,ms,31,0
Atlas,1c2e54b3b8df+bench,SVG,instrument-2026-10-07T06-46-37.937Z,mixed-5000-seed-41544c53,pan,frame_interval_ms,ms,32,33.29999999998836
Atlas,1c2e54b3b8df+bench,SVG,instrument-2026-10-07T06-46-37.937Z,mixed-5000-seed-41544c53,pan,camera_api_sync_ms,ms,32,0
Atlas,1c2e54b3b8df+bench,SVG,instrument-2026-10-07T06-46-37.937Z,mixed-5000-seed-41544c53,pan,frame_interval_ms,ms,33,33.40000000002328
Atlas,1c2e54b3b8df+bench,SVG,instrument-2026-10-07T06-46-37.937Z,mixed-5000-seed-41544c53,pan,camera_api_sync_ms,ms,33,0
Atlas,1c2e54b3b8df+bench,SVG,instrument-2026-10-07T06-46-37.937Z,mixed-5000-seed-41544c53,pan,frame_interval_ms,ms,34,33.29999999998836
Atlas,1c2e54b3b8df+bench,SVG,instrument-2026-10-07T06-46-37.937Z,mixed-5000-seed-41544c53,pan,camera_api_sync_ms,ms,34,0
Atlas,1c2e54b3b8df+bench,SVG,instrument-2026-10-07T06-46-37.937Z,mixed-5000-seed-41544c53,pan,frame_interval_ms,ms,35,33.29999999998836
Atlas,1c2e54b3b8df+bench,SVG,instrument-2026-10-07T06-46-37.937Z,mixed-5000-seed-41544c53,pan,camera_api_sync_ms,ms,35,0
Atlas,1c2e54b3b8df+bench,SVG,instrument-2026-10-07T06-46-37.937Z,mixed-5000-seed-41544c53,pan,frame_interval_ms,ms,36,33.40000000002328
Atlas,1c2e54b3b8df+bench,SVG,instrument-2026-10-07T06-46-37.937Z,mixed-5000-seed-41544c53,pan,camera_api_sync_ms,ms,36,0
Atlas,1c2e54b3b8df+bench,SVG,instrument-2026-10-07T06-46-37.937Z,mixed-5000-seed-41544c53,pan,frame_interval_ms,ms,37,49.89999999999418
Atlas,1c2e54b3b8df+bench,SVG,instrument-2026-10-07T06-46-37.937Z,mixed-5000-seed-41544c53,pan,camera_api_sync_ms,ms,37,0
Atlas,1c2e54b3b8df+bench,SVG,instrument-2026-10-07T06-46-37.937Z,mixed-5000-seed-41544c53,pan,frame_interval_ms,ms,38,50.10000000000582
Atlas,1c2e54b3b8df+bench,SVG,instrument-2026-10-07T06-46-37.937Z,mixed-5000-seed-41544c53,pan,camera_api_sync_ms,ms,38,0
Atlas,1c2e54b3b8df+bench,SVG,instrument-2026-10-07T06-46-37.937Z,mixed-5000-seed-41544c53,pan,motion_elapsed_ms,ms,0,1533.3000000000175
Atlas,1c2e54b3b8df+bench,SVG,instrument-2026-10-07T06-46-37.937Z,mixed-5000-seed-41544c53,pan,camera_updates,count,0,39
Atlas,1c2e54b3b8df+bench,SVG,instrument-2026-10-07T06-46-37.937Z,mixed-5000-seed-41544c53,pan,renderer_scene_reads,count,0,39
Atlas,1c2e54b3b8df+bench,SVG,instrument-2026-10-07T06-46-37.937Z,mixed-5000-seed-41544c53,pan,svg_attribute_writes,count,0,39
Atlas,1c2e54b3b8df+bench,SVG,instrument-2026-10-07T06-46-37.937Z,mixed-5000-seed-41544c53,pan,renderer_calls,count,0,39
Atlas,1c2e54b3b8df+bench,SVG,instrument-2026-10-07T06-46-37.937Z,mixed-5000-seed-41544c53,pan,layout_rect_reads,count,0,0
Atlas,1c2e54b3b8df+bench,SVG,instrument-2026-10-07T06-46-37.937Z,mixed-5000-seed-41544c53,pan,instrumented_renderer_callback_ms,ms,0,0.10000014305114746
Atlas,1c2e54b3b8df+bench,SVG,instrument-2026-10-07T06-46-37.937Z,mixed-5000-seed-41544c53,pan,instrumented_renderer_callback_ms,ms,1,0.09999990463256836
Atlas,1c2e54b3b8df+bench,SVG,instrument-2026-10-07T06-46-37.937Z,mixed-5000-seed-41544c53,pan,instrumented_renderer_callback_ms,ms,2,0
Atlas,1c2e54b3b8df+bench,SVG,instrument-2026-10-07T06-46-37.937Z,mixed-5000-seed-41544c53,pan,instrumented_renderer_callback_ms,ms,3,0.10000014305114746
Atlas,1c2e54b3b8df+bench,SVG,instrument-2026-10-07T06-46-37.937Z,mixed-5000-seed-41544c53,pan,instrumented_renderer_callback_ms,ms,4,0
Atlas,1c2e54b3b8df+bench,SVG,instrument-2026-10-07T06-46-37.937Z,mixed-5000-seed-41544c53,pan,instrumented_renderer_callback_ms,ms,5,0
Atlas,1c2e54b3b8df+bench,SVG,instrument-2026-10-07T06-46-37.937Z,mixed-5000-seed-41544c53,pan,instrumented_renderer_callback_ms,ms,6,0
Atlas,1c2e54b3b8df+bench,SVG,instrument-2026-10-07T06-46-37.937Z,mixed-5000-seed-41544c53,pan,instrumented_renderer_callback_ms,ms,7,0
Atlas,1c2e54b3b8df+bench,SVG,instrument-2026-10-07T06-46-37.937Z,mixed-5000-seed-41544c53,pan,instrumented_renderer_callback_ms,ms,8,0
Atlas,1c2e54b3b8df+bench,SVG,instrument-2026-10-07T06-46-37.937Z,mixed-5000-seed-41544c53,pan,instrumented_renderer_callback_ms,ms,9,0
Atlas,1c2e54b3b8df+bench,SVG,instrument-2026-10-07T06-46-37.937Z,mixed-5000-seed-41544c53,pan,instrumented_renderer_callback_ms,ms,10,0
Atlas,1c2e54b3b8df+bench,SVG,instrument-2026-10-07T06-46-37.937Z,mixed-5000-seed-41544c53,pan,instrumented_renderer_callback_ms,ms,11,0
Atlas,1c2e54b3b8df+bench,SVG,instrument-2026-10-07T06-46-37.937Z,mixed-5000-seed-41544c53,pan,instrumented_renderer_callback_ms,ms,12,0
Atlas,1c2e54b3b8df+bench,SVG,instrument-2026-10-07T06-46-37.937Z,mixed-5000-seed-41544c53,pan,instrumented_renderer_callback_ms,ms,13,0
Atlas,1c2e54b3b8df+bench,SVG,instrument-2026-10-07T06-46-37.937Z,mixed-5000-seed-41544c53,pan,instrumented_renderer_callback_ms,ms,14,0
Atlas,1c2e54b3b8df+bench,SVG,instrument-2026-10-07T06-46-37.937Z,mixed-5000-seed-41544c53,pan,instrumented_renderer_callback_ms,ms,15,0
Atlas,1c2e54b3b8df+bench,SVG,instrument-2026-10-07T06-46-37.937Z,mixed-5000-seed-41544c53,pan,instrumented_renderer_callback_ms,ms,16,0
Atlas,1c2e54b3b8df+bench,SVG,instrument-2026-10-07T06-46-37.937Z,mixed-5000-seed-41544c53,pan,instrumented_renderer_callback_ms,ms,17,0.10000014305114746
Atlas,1c2e54b3b8df+bench,SVG,instrument-2026-10-07T06-46-37.937Z,mixed-5000-seed-41544c53,pan,instrumented_renderer_callback_ms,ms,18,0.09999990463256836
Atlas,1c2e54b3b8df+bench,SVG,instrument-2026-10-07T06-46-37.937Z,mixed-5000-seed-41544c53,pan,instrumented_renderer_callback_ms,ms,19,0
Atlas,1c2e54b3b8df+bench,SVG,instrument-2026-10-07T06-46-37.937Z,mixed-5000-seed-41544c53,pan,instrumented_renderer_callback_ms,ms,20,0.09999990463256836
Atlas,1c2e54b3b8df+bench,SVG,instrument-2026-10-07T06-46-37.937Z,mixed-5000-seed-41544c53,pan,instrumented_renderer_callback_ms,ms,21,0
Atlas,1c2e54b3b8df+bench,SVG,instrument-2026-10-07T06-46-37.937Z,mixed-5000-seed-41544c53,pan,instrumented_renderer_callback_ms,ms,22,0.09999990463256836
Atlas,1c2e54b3b8df+bench,SVG,instrument-2026-10-07T06-46-37.937Z,mixed-5000-seed-41544c53,pan,instrumented_renderer_callback_ms,ms,23,0.10000014305114746
Atlas,1c2e54b3b8df+bench,SVG,instrument-2026-10-07T06-46-37.937Z,mixed-5000-seed-41544c53,pan,instrumented_renderer_callback_ms,ms,24,0.10000014305114746
Atlas,1c2e54b3b8df+bench,SVG,instrument-2026-10-07T06-46-37.937Z,mixed-5000-seed-41544c53,pan,instrumented_renderer_callback_ms,ms,25,0
Atlas,1c2e54b3b8df+bench,SVG,instrument-2026-10-07T06-46-37.937Z,mixed-5000-seed-41544c53,pan,instrumented_renderer_callback_ms,ms,26,0
Atlas,1c2e54b3b8df+bench,SVG,instrument-2026-10-07T06-46-37.937Z,mixed-5000-seed-41544c53,pan,instrumented_renderer_callback_ms,ms,27,0
Atlas,1c2e54b3b8df+bench,SVG,instrument-2026-10-07T06-46-37.937Z,mixed-5000-seed-41544c53,pan,instrumented_renderer_callback_ms,ms,28,0
Atlas,1c2e54b3b8df+bench,SVG,instrument-2026-10-07T06-46-37.937Z,mixed-5000-seed-41544c53,pan,instrumented_renderer_callback_ms,ms,29,0
Atlas,1c2e54b3b8df+bench,SVG,instrument-2026-10-07T06-46-37.937Z,mixed-5000-seed-41544c53,pan,instrumented_renderer_callback_ms,ms,30,0
Atlas,1c2e54b3b8df+bench,SVG,instrument-2026-10-07T06-46-37.937Z,mixed-5000-seed-41544c53,pan,instrumented_renderer_callback_ms,ms,31,0
Atlas,1c2e54b3b8df+bench,SVG,instrument-2026-10-07T06-46-37.937Z,mixed-5000-seed-41544c53,pan,instrumented_renderer_callback_ms,ms,32,0
Atlas,1c2e54b3b8df+bench,SVG,instrument-2026-10-07T06-46-37.937Z,mixed-5000-seed-41544c53,pan,instrumented_renderer_callback_ms,ms,33,0
Atlas,1c2e54b3b8df+bench,SVG,instrument-2026-10-07T06-46-37.937Z,mixed-5000-seed-41544c53,pan,instrumented_renderer_callback_ms,ms,34,0
Atlas,1c2e54b3b8df+bench,SVG,instrument-2026-10-07T06-46-37.937Z,mixed-5000-seed-41544c53,pan,instrumented_renderer_callback_ms,ms,35,0.09999990463256836
Atlas,1c2e54b3b8df+bench,SVG,instrument-2026-10-07T06-46-37.937Z,mixed-5000-seed-41544c53,pan,instrumented_renderer_callback_ms,ms,36,0
Atlas,1c2e54b3b8df+bench,SVG,instrument-2026-10-07T06-46-37.937Z,mixed-5000-seed-41544c53,pan,instrumented_renderer_callback_ms,ms,37,0
Atlas,1c2e54b3b8df+bench,SVG,instrument-2026-10-07T06-46-37.937Z,mixed-5000-seed-41544c53,pan,instrumented_renderer_callback_ms,ms,38,0
Atlas,1c2e54b3b8df+bench,SVG,instrument-2026-10-07T06-46-37.937Z,mixed-5000-seed-41544c53,pan,cleanup_renderer_calls,count,0,0
Atlas,1c2e54b3b8df+bench,SVG,instrument-2026-10-07T06-46-37.937Z,mixed-5000-seed-41544c53,pan,cleanup_stage_children,count,0,0
Atlas,1c2e54b3b8df+bench,SVG,instrument-2026-10-07T06-46-37.937Z,mixed-5000-seed-41544c53,zoom,frame_interval_ms,ms,0,16.60000000000582
Atlas,1c2e54b3b8df+bench,SVG,instrument-2026-10-07T06-46-37.937Z,mixed-5000-seed-41544c53,zoom,camera_api_sync_ms,ms,0,0.09999990463256836
Atlas,1c2e54b3b8df+bench,SVG,instrument-2026-10-07T06-46-37.937Z,mixed-5000-seed-41544c53,zoom,frame_interval_ms,ms,1,16.699999999982538
Atlas,1c2e54b3b8df+bench,SVG,instrument-2026-10-07T06-46-37.937Z,mixed-5000-seed-41544c53,zoom,camera_api_sync_ms,ms,1,0
Atlas,1c2e54b3b8df+bench,SVG,instrument-2026-10-07T06-46-37.937Z,mixed-5000-seed-41544c53,zoom,frame_interval_ms,ms,2,33.39999999999418
Atlas,1c2e54b3b8df+bench,SVG,instrument-2026-10-07T06-46-37.937Z,mixed-5000-seed-41544c53,zoom,camera_api_sync_ms,ms,2,0
Atlas,1c2e54b3b8df+bench,SVG,instrument-2026-10-07T06-46-37.937Z,mixed-5000-seed-41544c53,zoom,frame_interval_ms,ms,3,66.70000000001164
Atlas,1c2e54b3b8df+bench,SVG,instrument-2026-10-07T06-46-37.937Z,mixed-5000-seed-41544c53,zoom,camera_api_sync_ms,ms,3,0
Atlas,1c2e54b3b8df+bench,SVG,instrument-2026-10-07T06-46-37.937Z,mixed-5000-seed-41544c53,zoom,frame_interval_ms,ms,4,49.89999999999418
Atlas,1c2e54b3b8df+bench,SVG,instrument-2026-10-07T06-46-37.937Z,mixed-5000-seed-41544c53,zoom,camera_api_sync_ms,ms,4,0
Atlas,1c2e54b3b8df+bench,SVG,instrument-2026-10-07T06-46-37.937Z,mixed-5000-seed-41544c53,zoom,frame_interval_ms,ms,5,50
Atlas,1c2e54b3b8df+bench,SVG,instrument-2026-10-07T06-46-37.937Z,mixed-5000-seed-41544c53,zoom,camera_api_sync_ms,ms,5,0
Atlas,1c2e54b3b8df+bench,SVG,instrument-2026-10-07T06-46-37.937Z,mixed-5000-seed-41544c53,zoom,frame_interval_ms,ms,6,50.10000000000582
Atlas,1c2e54b3b8df+bench,SVG,instrument-2026-10-07T06-46-37.937Z,mixed-5000-seed-41544c53,zoom,camera_api_sync_ms,ms,6,0
Atlas,1c2e54b3b8df+bench,SVG,instrument-2026-10-07T06-46-37.937Z,mixed-5000-seed-41544c53,zoom,frame_interval_ms,ms,7,50
Atlas,1c2e54b3b8df+bench,SVG,instrument-2026-10-07T06-46-37.937Z,mixed-5000-seed-41544c53,zoom,camera_api_sync_ms,ms,7,0
Atlas,1c2e54b3b8df+bench,SVG,instrument-2026-10-07T06-46-37.937Z,mixed-5000-seed-41544c53,zoom,frame_interval_ms,ms,8,49.89999999999418
Atlas,1c2e54b3b8df+bench,SVG,instrument-2026-10-07T06-46-37.937Z,mixed-5000-seed-41544c53,zoom,camera_api_sync_ms,ms,8,0
Atlas,1c2e54b3b8df+bench,SVG,instrument-2026-10-07T06-46-37.937Z,mixed-5000-seed-41544c53,zoom,frame_interval_ms,ms,9,33.30000000001746
Atlas,1c2e54b3b8df+bench,SVG,instrument-2026-10-07T06-46-37.937Z,mixed-5000-seed-41544c53,zoom,camera_api_sync_ms,ms,9,0
Atlas,1c2e54b3b8df+bench,SVG,instrument-2026-10-07T06-46-37.937Z,mixed-5000-seed-41544c53,zoom,frame_interval_ms,ms,10,50.09999999997672
Atlas,1c2e54b3b8df+bench,SVG,instrument-2026-10-07T06-46-37.937Z,mixed-5000-seed-41544c53,zoom,camera_api_sync_ms,ms,10,0
Atlas,1c2e54b3b8df+bench,SVG,instrument-2026-10-07T06-46-37.937Z,mixed-5000-seed-41544c53,zoom,frame_interval_ms,ms,11,50
Atlas,1c2e54b3b8df+bench,SVG,instrument-2026-10-07T06-46-37.937Z,mixed-5000-seed-41544c53,zoom,camera_api_sync_ms,ms,11,0
Atlas,1c2e54b3b8df+bench,SVG,instrument-2026-10-07T06-46-37.937Z,mixed-5000-seed-41544c53,zoom,frame_interval_ms,ms,12,50
Atlas,1c2e54b3b8df+bench,SVG,instrument-2026-10-07T06-46-37.937Z,mixed-5000-seed-41544c53,zoom,camera_api_sync_ms,ms,12,0
Atlas,1c2e54b3b8df+bench,SVG,instrument-2026-10-07T06-46-37.937Z,mixed-5000-seed-41544c53,zoom,frame_interval_ms,ms,13,50
Atlas,1c2e54b3b8df+bench,SVG,instrument-2026-10-07T06-46-37.937Z,mixed-5000-seed-41544c53,zoom,camera_api_sync_ms,ms,13,0
Atlas,1c2e54b3b8df+bench,SVG,instrument-2026-10-07T06-46-37.937Z,mixed-5000-seed-41544c53,zoom,frame_interval_ms,ms,14,49.90000000002328
Atlas,1c2e54b3b8df+bench,SVG,instrument-2026-10-07T06-46-37.937Z,mixed-5000-seed-41544c53,zoom,camera_api_sync_ms,ms,14,0
Atlas,1c2e54b3b8df+bench,SVG,instrument-2026-10-07T06-46-37.937Z,mixed-5000-seed-41544c53,zoom,frame_interval_ms,ms,15,50
Atlas,1c2e54b3b8df+bench,SVG,instrument-2026-10-07T06-46-37.937Z,mixed-5000-seed-41544c53,zoom,camera_api_sync_ms,ms,15,0
Atlas,1c2e54b3b8df+bench,SVG,instrument-2026-10-07T06-46-37.937Z,mixed-5000-seed-41544c53,zoom,frame_interval_ms,ms,16,33.39999999999418
Atlas,1c2e54b3b8df+bench,SVG,instrument-2026-10-07T06-46-37.937Z,mixed-5000-seed-41544c53,zoom,camera_api_sync_ms,ms,16,0
Atlas,1c2e54b3b8df+bench,SVG,instrument-2026-10-07T06-46-37.937Z,mixed-5000-seed-41544c53,zoom,frame_interval_ms,ms,17,50
Atlas,1c2e54b3b8df+bench,SVG,instrument-2026-10-07T06-46-37.937Z,mixed-5000-seed-41544c53,zoom,camera_api_sync_ms,ms,17,0
Atlas,1c2e54b3b8df+bench,SVG,instrument-2026-10-07T06-46-37.937Z,mixed-5000-seed-41544c53,zoom,frame_interval_ms,ms,18,33.29999999998836
Atlas,1c2e54b3b8df+bench,SVG,instrument-2026-10-07T06-46-37.937Z,mixed-5000-seed-41544c53,zoom,camera_api_sync_ms,ms,18,0
Atlas,1c2e54b3b8df+bench,SVG,instrument-2026-10-07T06-46-37.937Z,mixed-5000-seed-41544c53,zoom,frame_interval_ms,ms,19,50.10000000000582
Atlas,1c2e54b3b8df+bench,SVG,instrument-2026-10-07T06-46-37.937Z,mixed-5000-seed-41544c53,zoom,camera_api_sync_ms,ms,19,0
Atlas,1c2e54b3b8df+bench,SVG,instrument-2026-10-07T06-46-37.937Z,mixed-5000-seed-41544c53,zoom,frame_interval_ms,ms,20,49.89999999999418
Atlas,1c2e54b3b8df+bench,SVG,instrument-2026-10-07T06-46-37.937Z,mixed-5000-seed-41544c53,zoom,camera_api_sync_ms,ms,20,0
Atlas,1c2e54b3b8df+bench,SVG,instrument-2026-10-07T06-46-37.937Z,mixed-5000-seed-41544c53,zoom,frame_interval_ms,ms,21,33.39999999999418
Atlas,1c2e54b3b8df+bench,SVG,instrument-2026-10-07T06-46-37.937Z,mixed-5000-seed-41544c53,zoom,camera_api_sync_ms,ms,21,0
Atlas,1c2e54b3b8df+bench,SVG,instrument-2026-10-07T06-46-37.937Z,mixed-5000-seed-41544c53,zoom,frame_interval_ms,ms,22,50
Atlas,1c2e54b3b8df+bench,SVG,instrument-2026-10-07T06-46-37.937Z,mixed-5000-seed-41544c53,zoom,camera_api_sync_ms,ms,22,0
Atlas,1c2e54b3b8df+bench,SVG,instrument-2026-10-07T06-46-37.937Z,mixed-5000-seed-41544c53,zoom,frame_interval_ms,ms,23,66.60000000000582
Atlas,1c2e54b3b8df+bench,SVG,instrument-2026-10-07T06-46-37.937Z,mixed-5000-seed-41544c53,zoom,camera_api_sync_ms,ms,23,0
Atlas,1c2e54b3b8df+bench,SVG,instrument-2026-10-07T06-46-37.937Z,mixed-5000-seed-41544c53,zoom,frame_interval_ms,ms,24,50
Atlas,1c2e54b3b8df+bench,SVG,instrument-2026-10-07T06-46-37.937Z,mixed-5000-seed-41544c53,zoom,camera_api_sync_ms,ms,24,0
Atlas,1c2e54b3b8df+bench,SVG,instrument-2026-10-07T06-46-37.937Z,mixed-5000-seed-41544c53,zoom,frame_interval_ms,ms,25,83.30000000001746
Atlas,1c2e54b3b8df+bench,SVG,instrument-2026-10-07T06-46-37.937Z,mixed-5000-seed-41544c53,zoom,camera_api_sync_ms,ms,25,0
Atlas,1c2e54b3b8df+bench,SVG,instrument-2026-10-07T06-46-37.937Z,mixed-5000-seed-41544c53,zoom,frame_interval_ms,ms,26,66.69999999998254
Atlas,1c2e54b3b8df+bench,SVG,instrument-2026-10-07T06-46-37.937Z,mixed-5000-seed-41544c53,zoom,camera_api_sync_ms,ms,26,0
Atlas,1c2e54b3b8df+bench,SVG,instrument-2026-10-07T06-46-37.937Z,mixed-5000-seed-41544c53,zoom,frame_interval_ms,ms,27,66.60000000000582
Atlas,1c2e54b3b8df+bench,SVG,instrument-2026-10-07T06-46-37.937Z,mixed-5000-seed-41544c53,zoom,camera_api_sync_ms,ms,27,0
Atlas,1c2e54b3b8df+bench,SVG,instrument-2026-10-07T06-46-37.937Z,mixed-5000-seed-41544c53,zoom,frame_interval_ms,ms,28,83.39999999999418
Atlas,1c2e54b3b8df+bench,SVG,instrument-2026-10-07T06-46-37.937Z,mixed-5000-seed-41544c53,zoom,camera_api_sync_ms,ms,28,0.09999990463256836
Atlas,1c2e54b3b8df+bench,SVG,instrument-2026-10-07T06-46-37.937Z,mixed-5000-seed-41544c53,zoom,frame_interval_ms,ms,29,66.70000000001164
Atlas,1c2e54b3b8df+bench,SVG,instrument-2026-10-07T06-46-37.937Z,mixed-5000-seed-41544c53,zoom,camera_api_sync_ms,ms,29,0
Atlas,1c2e54b3b8df+bench,SVG,instrument-2026-10-07T06-46-37.937Z,mixed-5000-seed-41544c53,zoom,motion_elapsed_ms,ms,0,1500
Atlas,1c2e54b3b8df+bench,SVG,instrument-2026-10-07T06-46-37.937Z,mixed-5000-seed-41544c53,zoom,camera_updates,count,0,30
Atlas,1c2e54b3b8df+bench,SVG,instrument-2026-10-07T06-46-37.937Z,mixed-5000-seed-41544c53,zoom,renderer_scene_reads,count,0,30
Atlas,1c2e54b3b8df+bench,SVG,instrument-2026-10-07T06-46-37.937Z,mixed-5000-seed-41544c53,zoom,svg_attribute_writes,count,0,299910
Atlas,1c2e54b3b8df+bench,SVG,instrument-2026-10-07T06-46-37.937Z,mixed-5000-seed-41544c53,zoom,renderer_calls,count,0,30
Atlas,1c2e54b3b8df+bench,SVG,instrument-2026-10-07T06-46-37.937Z,mixed-5000-seed-41544c53,zoom,layout_rect_reads,count,0,0
Atlas,1c2e54b3b8df+bench,SVG,instrument-2026-10-07T06-46-37.937Z,mixed-5000-seed-41544c53,zoom,instrumented_renderer_callback_ms,ms,0,4.5
Atlas,1c2e54b3b8df+bench,SVG,instrument-2026-10-07T06-46-37.937Z,mixed-5000-seed-41544c53,zoom,instrumented_renderer_callback_ms,ms,1,4.1000001430511475
Atlas,1c2e54b3b8df+bench,SVG,instrument-2026-10-07T06-46-37.937Z,mixed-5000-seed-41544c53,zoom,instrumented_renderer_callback_ms,ms,2,3.9000000953674316
Atlas,1c2e54b3b8df+bench,SVG,instrument-2026-10-07T06-46-37.937Z,mixed-5000-seed-41544c53,zoom,instrumented_renderer_callback_ms,ms,3,4
Atlas,1c2e54b3b8df+bench,SVG,instrument-2026-10-07T06-46-37.937Z,mixed-5000-seed-41544c53,zoom,instrumented_renderer_callback_ms,ms,4,3.9000000953674316
Atlas,1c2e54b3b8df+bench,SVG,instrument-2026-10-07T06-46-37.937Z,mixed-5000-seed-41544c53,zoom,instrumented_renderer_callback_ms,ms,5,3.799999952316284
Atlas,1c2e54b3b8df+bench,SVG,instrument-2026-10-07T06-46-37.937Z,mixed-5000-seed-41544c53,zoom,instrumented_renderer_callback_ms,ms,6,3.9000000953674316
Atlas,1c2e54b3b8df+bench,SVG,instrument-2026-10-07T06-46-37.937Z,mixed-5000-seed-41544c53,zoom,instrumented_renderer_callback_ms,ms,7,4.1000001430511475
Atlas,1c2e54b3b8df+bench,SVG,instrument-2026-10-07T06-46-37.937Z,mixed-5000-seed-41544c53,zoom,instrumented_renderer_callback_ms,ms,8,3.6000001430511475
Atlas,1c2e54b3b8df+bench,SVG,instrument-2026-10-07T06-46-37.937Z,mixed-5000-seed-41544c53,zoom,instrumented_renderer_callback_ms,ms,9,3.8999998569488525
Atlas,1c2e54b3b8df+bench,SVG,instrument-2026-10-07T06-46-37.937Z,mixed-5000-seed-41544c53,zoom,instrumented_renderer_callback_ms,ms,10,4
Atlas,1c2e54b3b8df+bench,SVG,instrument-2026-10-07T06-46-37.937Z,mixed-5000-seed-41544c53,zoom,instrumented_renderer_callback_ms,ms,11,4.1000001430511475
Atlas,1c2e54b3b8df+bench,SVG,instrument-2026-10-07T06-46-37.937Z,mixed-5000-seed-41544c53,zoom,instrumented_renderer_callback_ms,ms,12,4.299999952316284
Atlas,1c2e54b3b8df+bench,SVG,instrument-2026-10-07T06-46-37.937Z,mixed-5000-seed-41544c53,zoom,instrumented_renderer_callback_ms,ms,13,4.099999904632568
Atlas,1c2e54b3b8df+bench,SVG,instrument-2026-10-07T06-46-37.937Z,mixed-5000-seed-41544c53,zoom,instrumented_renderer_callback_ms,ms,14,4.099999904632568
Atlas,1c2e54b3b8df+bench,SVG,instrument-2026-10-07T06-46-37.937Z,mixed-5000-seed-41544c53,zoom,instrumented_renderer_callback_ms,ms,15,4.200000047683716
Atlas,1c2e54b3b8df+bench,SVG,instrument-2026-10-07T06-46-37.937Z,mixed-5000-seed-41544c53,zoom,instrumented_renderer_callback_ms,ms,16,4.099999904632568
Atlas,1c2e54b3b8df+bench,SVG,instrument-2026-10-07T06-46-37.937Z,mixed-5000-seed-41544c53,zoom,instrumented_renderer_callback_ms,ms,17,4.299999952316284
Atlas,1c2e54b3b8df+bench,SVG,instrument-2026-10-07T06-46-37.937Z,mixed-5000-seed-41544c53,zoom,instrumented_renderer_callback_ms,ms,18,4
Atlas,1c2e54b3b8df+bench,SVG,instrument-2026-10-07T06-46-37.937Z,mixed-5000-seed-41544c53,zoom,instrumented_renderer_callback_ms,ms,19,4.1000001430511475
Atlas,1c2e54b3b8df+bench,SVG,instrument-2026-10-07T06-46-37.937Z,mixed-5000-seed-41544c53,zoom,instrumented_renderer_callback_ms,ms,20,4.299999952316284
Atlas,1c2e54b3b8df+bench,SVG,instrument-2026-10-07T06-46-37.937Z,mixed-5000-seed-41544c53,zoom,instrumented_renderer_callback_ms,ms,21,4.299999952316284
Atlas,1c2e54b3b8df+bench,SVG,instrument-2026-10-07T06-46-37.937Z,mixed-5000-seed-41544c53,zoom,instrumented_renderer_callback_ms,ms,22,4.699999809265137
Atlas,1c2e54b3b8df+bench,SVG,instrument-2026-10-07T06-46-37.937Z,mixed-5000-seed-41544c53,zoom,instrumented_renderer_callback_ms,ms,23,9.900000095367432
Atlas,1c2e54b3b8df+bench,SVG,instrument-2026-10-07T06-46-37.937Z,mixed-5000-seed-41544c53,zoom,instrumented_renderer_callback_ms,ms,24,7.1000001430511475
Atlas,1c2e54b3b8df+bench,SVG,instrument-2026-10-07T06-46-37.937Z,mixed-5000-seed-41544c53,zoom,instrumented_renderer_callback_ms,ms,25,4.400000095367432
Atlas,1c2e54b3b8df+bench,SVG,instrument-2026-10-07T06-46-37.937Z,mixed-5000-seed-41544c53,zoom,instrumented_renderer_callback_ms,ms,26,7.1000001430511475
Atlas,1c2e54b3b8df+bench,SVG,instrument-2026-10-07T06-46-37.937Z,mixed-5000-seed-41544c53,zoom,instrumented_renderer_callback_ms,ms,27,4.5
Atlas,1c2e54b3b8df+bench,SVG,instrument-2026-10-07T06-46-37.937Z,mixed-5000-seed-41544c53,zoom,instrumented_renderer_callback_ms,ms,28,4.5
Atlas,1c2e54b3b8df+bench,SVG,instrument-2026-10-07T06-46-37.937Z,mixed-5000-seed-41544c53,zoom,instrumented_renderer_callback_ms,ms,29,4.5
Atlas,1c2e54b3b8df+bench,SVG,instrument-2026-10-07T06-46-37.937Z,mixed-5000-seed-41544c53,zoom,cleanup_renderer_calls,count,0,0
Atlas,1c2e54b3b8df+bench,SVG,instrument-2026-10-07T06-46-37.937Z,mixed-5000-seed-41544c53,zoom,cleanup_stage_children,count,0,0
Atlas,1c2e54b3b8df+bench,SVG,instrument-2026-10-07T06-46-37.937Z,mixed-5000-seed-41544c53,hit,spatial_hit_test_sync_ms,ms,0,0
Atlas,1c2e54b3b8df+bench,SVG,instrument-2026-10-07T06-46-37.937Z,mixed-5000-seed-41544c53,hit,spatial_hit_test_sync_ms,ms,1,0
Atlas,1c2e54b3b8df+bench,SVG,instrument-2026-10-07T06-46-37.937Z,mixed-5000-seed-41544c53,hit,spatial_hit_test_sync_ms,ms,2,0
Atlas,1c2e54b3b8df+bench,SVG,instrument-2026-10-07T06-46-37.937Z,mixed-5000-seed-41544c53,hit,spatial_hit_test_sync_ms,ms,3,0
Atlas,1c2e54b3b8df+bench,SVG,instrument-2026-10-07T06-46-37.937Z,mixed-5000-seed-41544c53,hit,spatial_hit_test_sync_ms,ms,4,0
Atlas,1c2e54b3b8df+bench,SVG,instrument-2026-10-07T06-46-37.937Z,mixed-5000-seed-41544c53,hit,spatial_hit_test_sync_ms,ms,5,0.10000014305114746
Atlas,1c2e54b3b8df+bench,SVG,instrument-2026-10-07T06-46-37.937Z,mixed-5000-seed-41544c53,hit,spatial_hit_test_sync_ms,ms,6,0
Atlas,1c2e54b3b8df+bench,SVG,instrument-2026-10-07T06-46-37.937Z,mixed-5000-seed-41544c53,hit,spatial_hit_test_sync_ms,ms,7,0
Atlas,1c2e54b3b8df+bench,SVG,instrument-2026-10-07T06-46-37.937Z,mixed-5000-seed-41544c53,hit,spatial_hit_test_sync_ms,ms,8,0
Atlas,1c2e54b3b8df+bench,SVG,instrument-2026-10-07T06-46-37.937Z,mixed-5000-seed-41544c53,hit,spatial_hit_test_sync_ms,ms,9,0
Atlas,1c2e54b3b8df+bench,SVG,instrument-2026-10-07T06-46-37.937Z,mixed-5000-seed-41544c53,hit,spatial_hit_test_sync_ms,ms,10,0
Atlas,1c2e54b3b8df+bench,SVG,instrument-2026-10-07T06-46-37.937Z,mixed-5000-seed-41544c53,hit,spatial_hit_test_sync_ms,ms,11,0
Atlas,1c2e54b3b8df+bench,SVG,instrument-2026-10-07T06-46-37.937Z,mixed-5000-seed-41544c53,hit,spatial_hit_test_sync_ms,ms,12,0
Atlas,1c2e54b3b8df+bench,SVG,instrument-2026-10-07T06-46-37.937Z,mixed-5000-seed-41544c53,hit,spatial_hit_test_sync_ms,ms,13,0
Atlas,1c2e54b3b8df+bench,SVG,instrument-2026-10-07T06-46-37.937Z,mixed-5000-seed-41544c53,hit,spatial_hit_test_sync_ms,ms,14,0
Atlas,1c2e54b3b8df+bench,SVG,instrument-2026-10-07T06-46-37.937Z,mixed-5000-seed-41544c53,hit,spatial_hit_test_sync_ms,ms,15,0
Atlas,1c2e54b3b8df+bench,SVG,instrument-2026-10-07T06-46-37.937Z,mixed-5000-seed-41544c53,hit,spatial_hit_test_sync_ms,ms,16,0
Atlas,1c2e54b3b8df+bench,SVG,instrument-2026-10-07T06-46-37.937Z,mixed-5000-seed-41544c53,hit,spatial_hit_test_sync_ms,ms,17,0
Atlas,1c2e54b3b8df+bench,SVG,instrument-2026-10-07T06-46-37.937Z,mixed-5000-seed-41544c53,hit,spatial_hit_test_sync_ms,ms,18,0
Atlas,1c2e54b3b8df+bench,SVG,instrument-2026-10-07T06-46-37.937Z,mixed-5000-seed-41544c53,hit,spatial_hit_test_sync_ms,ms,19,0
Atlas,1c2e54b3b8df+bench,SVG,instrument-2026-10-07T06-46-37.937Z,mixed-5000-seed-41544c53,hit,spatial_hit_test_sync_ms,ms,20,0
Atlas,1c2e54b3b8df+bench,SVG,instrument-2026-10-07T06-46-37.937Z,mixed-5000-seed-41544c53,hit,spatial_hit_test_sync_ms,ms,21,0
Atlas,1c2e54b3b8df+bench,SVG,instrument-2026-10-07T06-46-37.937Z,mixed-5000-seed-41544c53,hit,spatial_hit_test_sync_ms,ms,22,0
Atlas,1c2e54b3b8df+bench,SVG,instrument-2026-10-07T06-46-37.937Z,mixed-5000-seed-41544c53,hit,spatial_hit_test_sync_ms,ms,23,0
Atlas,1c2e54b3b8df+bench,SVG,instrument-2026-10-07T06-46-37.937Z,mixed-5000-seed-41544c53,hit,spatial_hit_test_sync_ms,ms,24,0
Atlas,1c2e54b3b8df+bench,SVG,instrument-2026-10-07T06-46-37.937Z,mixed-5000-seed-41544c53,hit,spatial_hit_test_sync_ms,ms,25,0
Atlas,1c2e54b3b8df+bench,SVG,instrument-2026-10-07T06-46-37.937Z,mixed-5000-seed-41544c53,hit,spatial_hit_test_sync_ms,ms,26,0.09999990463256836
Atlas,1c2e54b3b8df+bench,SVG,instrument-2026-10-07T06-46-37.937Z,mixed-5000-seed-41544c53,hit,spatial_hit_test_sync_ms,ms,27,0
Atlas,1c2e54b3b8df+bench,SVG,instrument-2026-10-07T06-46-37.937Z,mixed-5000-seed-41544c53,hit,spatial_hit_test_sync_ms,ms,28,0
Atlas,1c2e54b3b8df+bench,SVG,instrument-2026-10-07T06-46-37.937Z,mixed-5000-seed-41544c53,hit,spatial_hit_test_sync_ms,ms,29,0
Atlas,1c2e54b3b8df+bench,SVG,instrument-2026-10-07T06-46-37.937Z,mixed-5000-seed-41544c53,hit,spatial_hit_test_sync_ms,ms,30,0
Atlas,1c2e54b3b8df+bench,SVG,instrument-2026-10-07T06-46-37.937Z,mixed-5000-seed-41544c53,hit,spatial_hit_test_sync_ms,ms,31,0
Atlas,1c2e54b3b8df+bench,SVG,instrument-2026-10-07T06-46-37.937Z,mixed-5000-seed-41544c53,hit,spatial_hit_test_sync_ms,ms,32,0
Atlas,1c2e54b3b8df+bench,SVG,instrument-2026-10-07T06-46-37.937Z,mixed-5000-seed-41544c53,hit,spatial_hit_test_sync_ms,ms,33,0
Atlas,1c2e54b3b8df+bench,SVG,instrument-2026-10-07T06-46-37.937Z,mixed-5000-seed-41544c53,hit,spatial_hit_test_sync_ms,ms,34,0
Atlas,1c2e54b3b8df+bench,SVG,instrument-2026-10-07T06-46-37.937Z,mixed-5000-seed-41544c53,hit,spatial_hit_test_sync_ms,ms,35,0
Atlas,1c2e54b3b8df+bench,SVG,instrument-2026-10-07T06-46-37.937Z,mixed-5000-seed-41544c53,hit,spatial_hit_test_sync_ms,ms,36,0
Atlas,1c2e54b3b8df+bench,SVG,instrument-2026-10-07T06-46-37.937Z,mixed-5000-seed-41544c53,hit,spatial_hit_test_sync_ms,ms,37,0
Atlas,1c2e54b3b8df+bench,SVG,instrument-2026-10-07T06-46-37.937Z,mixed-5000-seed-41544c53,hit,spatial_hit_test_sync_ms,ms,38,0
Atlas,1c2e54b3b8df+bench,SVG,instrument-2026-10-07T06-46-37.937Z,mixed-5000-seed-41544c53,hit,spatial_hit_test_sync_ms,ms,39,0
Atlas,1c2e54b3b8df+bench,SVG,instrument-2026-10-07T06-46-37.937Z,mixed-5000-seed-41544c53,hit,spatial_hit_test_sync_ms,ms,40,0
Atlas,1c2e54b3b8df+bench,SVG,instrument-2026-10-07T06-46-37.937Z,mixed-5000-seed-41544c53,hit,spatial_hit_test_sync_ms,ms,41,0
Atlas,1c2e54b3b8df+bench,SVG,instrument-2026-10-07T06-46-37.937Z,mixed-5000-seed-41544c53,hit,spatial_hit_test_sync_ms,ms,42,0
Atlas,1c2e54b3b8df+bench,SVG,instrument-2026-10-07T06-46-37.937Z,mixed-5000-seed-41544c53,hit,spatial_hit_test_sync_ms,ms,43,0
Atlas,1c2e54b3b8df+bench,SVG,instrument-2026-10-07T06-46-37.937Z,mixed-5000-seed-41544c53,hit,spatial_hit_test_sync_ms,ms,44,0
Atlas,1c2e54b3b8df+bench,SVG,instrument-2026-10-07T06-46-37.937Z,mixed-5000-seed-41544c53,hit,spatial_hit_test_sync_ms,ms,45,0
Atlas,1c2e54b3b8df+bench,SVG,instrument-2026-10-07T06-46-37.937Z,mixed-5000-seed-41544c53,hit,spatial_hit_test_sync_ms,ms,46,0
Atlas,1c2e54b3b8df+bench,SVG,instrument-2026-10-07T06-46-37.937Z,mixed-5000-seed-41544c53,hit,spatial_hit_test_sync_ms,ms,47,0
Atlas,1c2e54b3b8df+bench,SVG,instrument-2026-10-07T06-46-37.937Z,mixed-5000-seed-41544c53,hit,spatial_hit_test_sync_ms,ms,48,0
Atlas,1c2e54b3b8df+bench,SVG,instrument-2026-10-07T06-46-37.937Z,mixed-5000-seed-41544c53,hit,spatial_hit_test_sync_ms,ms,49,0
Atlas,1c2e54b3b8df+bench,SVG,instrument-2026-10-07T06-46-37.937Z,mixed-5000-seed-41544c53,hit,spatial_hit_test_sync_ms,ms,50,0
Atlas,1c2e54b3b8df+bench,SVG,instrument-2026-10-07T06-46-37.937Z,mixed-5000-seed-41544c53,hit,spatial_hit_test_sync_ms,ms,51,0
Atlas,1c2e54b3b8df+bench,SVG,instrument-2026-10-07T06-46-37.937Z,mixed-5000-seed-41544c53,hit,spatial_hit_test_sync_ms,ms,52,0
Atlas,1c2e54b3b8df+bench,SVG,instrument-2026-10-07T06-46-37.937Z,mixed-5000-seed-41544c53,hit,spatial_hit_test_sync_ms,ms,53,0
Atlas,1c2e54b3b8df+bench,SVG,instrument-2026-10-07T06-46-37.937Z,mixed-5000-seed-41544c53,hit,spatial_hit_test_sync_ms,ms,54,0
Atlas,1c2e54b3b8df+bench,SVG,instrument-2026-10-07T06-46-37.937Z,mixed-5000-seed-41544c53,hit,spatial_hit_test_sync_ms,ms,55,0
Atlas,1c2e54b3b8df+bench,SVG,instrument-2026-10-07T06-46-37.937Z,mixed-5000-seed-41544c53,hit,spatial_hit_test_sync_ms,ms,56,0
Atlas,1c2e54b3b8df+bench,SVG,instrument-2026-10-07T06-46-37.937Z,mixed-5000-seed-41544c53,hit,spatial_hit_test_sync_ms,ms,57,0
Atlas,1c2e54b3b8df+bench,SVG,instrument-2026-10-07T06-46-37.937Z,mixed-5000-seed-41544c53,hit,spatial_hit_test_sync_ms,ms,58,0
Atlas,1c2e54b3b8df+bench,SVG,instrument-2026-10-07T06-46-37.937Z,mixed-5000-seed-41544c53,hit,spatial_hit_test_sync_ms,ms,59,0
Atlas,1c2e54b3b8df+bench,SVG,instrument-2026-10-07T06-46-37.937Z,mixed-5000-seed-41544c53,hit,spatial_hit_test_sync_ms,ms,60,0
Atlas,1c2e54b3b8df+bench,SVG,instrument-2026-10-07T06-46-37.937Z,mixed-5000-seed-41544c53,hit,spatial_hit_test_sync_ms,ms,61,0
Atlas,1c2e54b3b8df+bench,SVG,instrument-2026-10-07T06-46-37.937Z,mixed-5000-seed-41544c53,hit,spatial_hit_test_sync_ms,ms,62,0
Atlas,1c2e54b3b8df+bench,SVG,instrument-2026-10-07T06-46-37.937Z,mixed-5000-seed-41544c53,hit,spatial_hit_test_sync_ms,ms,63,0
Atlas,1c2e54b3b8df+bench,SVG,instrument-2026-10-07T06-46-37.937Z,mixed-5000-seed-41544c53,hit,spatial_hit_test_sync_ms,ms,64,0
Atlas,1c2e54b3b8df+bench,SVG,instrument-2026-10-07T06-46-37.937Z,mixed-5000-seed-41544c53,hit,spatial_hit_test_sync_ms,ms,65,0
Atlas,1c2e54b3b8df+bench,SVG,instrument-2026-10-07T06-46-37.937Z,mixed-5000-seed-41544c53,hit,spatial_hit_test_sync_ms,ms,66,0
Atlas,1c2e54b3b8df+bench,SVG,instrument-2026-10-07T06-46-37.937Z,mixed-5000-seed-41544c53,hit,spatial_hit_test_sync_ms,ms,67,0
Atlas,1c2e54b3b8df+bench,SVG,instrument-2026-10-07T06-46-37.937Z,mixed-5000-seed-41544c53,hit,spatial_hit_test_sync_ms,ms,68,0
Atlas,1c2e54b3b8df+bench,SVG,instrument-2026-10-07T06-46-37.937Z,mixed-5000-seed-41544c53,hit,spatial_hit_test_sync_ms,ms,69,0.09999990463256836
Atlas,1c2e54b3b8df+bench,SVG,instrument-2026-10-07T06-46-37.937Z,mixed-5000-seed-41544c53,hit,spatial_hit_test_sync_ms,ms,70,0
Atlas,1c2e54b3b8df+bench,SVG,instrument-2026-10-07T06-46-37.937Z,mixed-5000-seed-41544c53,hit,spatial_hit_test_sync_ms,ms,71,0
Atlas,1c2e54b3b8df+bench,SVG,instrument-2026-10-07T06-46-37.937Z,mixed-5000-seed-41544c53,hit,spatial_hit_test_sync_ms,ms,72,0
Atlas,1c2e54b3b8df+bench,SVG,instrument-2026-10-07T06-46-37.937Z,mixed-5000-seed-41544c53,hit,spatial_hit_test_sync_ms,ms,73,0
Atlas,1c2e54b3b8df+bench,SVG,instrument-2026-10-07T06-46-37.937Z,mixed-5000-seed-41544c53,hit,spatial_hit_test_sync_ms,ms,74,0
Atlas,1c2e54b3b8df+bench,SVG,instrument-2026-10-07T06-46-37.937Z,mixed-5000-seed-41544c53,hit,spatial_hit_test_sync_ms,ms,75,0
Atlas,1c2e54b3b8df+bench,SVG,instrument-2026-10-07T06-46-37.937Z,mixed-5000-seed-41544c53,hit,spatial_hit_test_sync_ms,ms,76,0
Atlas,1c2e54b3b8df+bench,SVG,instrument-2026-10-07T06-46-37.937Z,mixed-5000-seed-41544c53,hit,spatial_hit_test_sync_ms,ms,77,0
Atlas,1c2e54b3b8df+bench,SVG,instrument-2026-10-07T06-46-37.937Z,mixed-5000-seed-41544c53,hit,spatial_hit_test_sync_ms,ms,78,0
Atlas,1c2e54b3b8df+bench,SVG,instrument-2026-10-07T06-46-37.937Z,mixed-5000-seed-41544c53,hit,spatial_hit_test_sync_ms,ms,79,0
Atlas,1c2e54b3b8df+bench,SVG,instrument-2026-10-07T06-46-37.937Z,mixed-5000-seed-41544c53,hit,spatial_hit_test_sync_ms,ms,80,0
Atlas,1c2e54b3b8df+bench,SVG,instrument-2026-10-07T06-46-37.937Z,mixed-5000-seed-41544c53,hit,spatial_hit_test_sync_ms,ms,81,0
Atlas,1c2e54b3b8df+bench,SVG,instrument-2026-10-07T06-46-37.937Z,mixed-5000-seed-41544c53,hit,spatial_hit_test_sync_ms,ms,82,0
Atlas,1c2e54b3b8df+bench,SVG,instrument-2026-10-07T06-46-37.937Z,mixed-5000-seed-41544c53,hit,spatial_hit_test_sync_ms,ms,83,0
Atlas,1c2e54b3b8df+bench,SVG,instrument-2026-10-07T06-46-37.937Z,mixed-5000-seed-41544c53,hit,spatial_hit_test_sync_ms,ms,84,0
Atlas,1c2e54b3b8df+bench,SVG,instrument-2026-10-07T06-46-37.937Z,mixed-5000-seed-41544c53,hit,spatial_hit_test_sync_ms,ms,85,0
Atlas,1c2e54b3b8df+bench,SVG,instrument-2026-10-07T06-46-37.937Z,mixed-5000-seed-41544c53,hit,spatial_hit_test_sync_ms,ms,86,0.10000014305114746
Atlas,1c2e54b3b8df+bench,SVG,instrument-2026-10-07T06-46-37.937Z,mixed-5000-seed-41544c53,hit,spatial_hit_test_sync_ms,ms,87,0
Atlas,1c2e54b3b8df+bench,SVG,instrument-2026-10-07T06-46-37.937Z,mixed-5000-seed-41544c53,hit,spatial_hit_test_sync_ms,ms,88,0
Atlas,1c2e54b3b8df+bench,SVG,instrument-2026-10-07T06-46-37.937Z,mixed-5000-seed-41544c53,hit,spatial_hit_test_sync_ms,ms,89,0
Atlas,1c2e54b3b8df+bench,SVG,instrument-2026-10-07T06-46-37.937Z,mixed-5000-seed-41544c53,hit,spatial_hit_test_sync_ms,ms,90,0
Atlas,1c2e54b3b8df+bench,SVG,instrument-2026-10-07T06-46-37.937Z,mixed-5000-seed-41544c53,hit,spatial_hit_test_sync_ms,ms,91,0
Atlas,1c2e54b3b8df+bench,SVG,instrument-2026-10-07T06-46-37.937Z,mixed-5000-seed-41544c53,hit,spatial_hit_test_sync_ms,ms,92,0
Atlas,1c2e54b3b8df+bench,SVG,instrument-2026-10-07T06-46-37.937Z,mixed-5000-seed-41544c53,hit,spatial_hit_test_sync_ms,ms,93,0
Atlas,1c2e54b3b8df+bench,SVG,instrument-2026-10-07T06-46-37.937Z,mixed-5000-seed-41544c53,hit,spatial_hit_test_sync_ms,ms,94,0
Atlas,1c2e54b3b8df+bench,SVG,instrument-2026-10-07T06-46-37.937Z,mixed-5000-seed-41544c53,hit,spatial_hit_test_sync_ms,ms,95,0
Atlas,1c2e54b3b8df+bench,SVG,instrument-2026-10-07T06-46-37.937Z,mixed-5000-seed-41544c53,hit,spatial_hit_test_sync_ms,ms,96,0
Atlas,1c2e54b3b8df+bench,SVG,instrument-2026-10-07T06-46-37.937Z,mixed-5000-seed-41544c53,hit,spatial_hit_test_sync_ms,ms,97,0
Atlas,1c2e54b3b8df+bench,SVG,instrument-2026-10-07T06-46-37.937Z,mixed-5000-seed-41544c53,hit,spatial_hit_test_sync_ms,ms,98,0
Atlas,1c2e54b3b8df+bench,SVG,instrument-2026-10-07T06-46-37.937Z,mixed-5000-seed-41544c53,hit,spatial_hit_test_sync_ms,ms,99,0
Atlas,1c2e54b3b8df+bench,SVG,instrument-2026-10-07T06-46-37.937Z,mixed-5000-seed-41544c53,hit,spatial_hit_test_sync_ms,ms,100,0
Atlas,1c2e54b3b8df+bench,SVG,instrument-2026-10-07T06-46-37.937Z,mixed-5000-seed-41544c53,hit,spatial_hit_test_sync_ms,ms,101,0
Atlas,1c2e54b3b8df+bench,SVG,instrument-2026-10-07T06-46-37.937Z,mixed-5000-seed-41544c53,hit,spatial_hit_test_sync_ms,ms,102,0
Atlas,1c2e54b3b8df+bench,SVG,instrument-2026-10-07T06-46-37.937Z,mixed-5000-seed-41544c53,hit,spatial_hit_test_sync_ms,ms,103,0
Atlas,1c2e54b3b8df+bench,SVG,instrument-2026-10-07T06-46-37.937Z,mixed-5000-seed-41544c53,hit,spatial_hit_test_sync_ms,ms,104,0
Atlas,1c2e54b3b8df+bench,SVG,instrument-2026-10-07T06-46-37.937Z,mixed-5000-seed-41544c53,hit,spatial_hit_test_sync_ms,ms,105,0
Atlas,1c2e54b3b8df+bench,SVG,instrument-2026-10-07T06-46-37.937Z,mixed-5000-seed-41544c53,hit,spatial_hit_test_sync_ms,ms,106,0
Atlas,1c2e54b3b8df+bench,SVG,instrument-2026-10-07T06-46-37.937Z,mixed-5000-seed-41544c53,hit,spatial_hit_test_sync_ms,ms,107,0
Atlas,1c2e54b3b8df+bench,SVG,instrument-2026-10-07T06-46-37.937Z,mixed-5000-seed-41544c53,hit,spatial_hit_test_sync_ms,ms,108,0
Atlas,1c2e54b3b8df+bench,SVG,instrument-2026-10-07T06-46-37.937Z,mixed-5000-seed-41544c53,hit,spatial_hit_test_sync_ms,ms,109,0
Atlas,1c2e54b3b8df+bench,SVG,instrument-2026-10-07T06-46-37.937Z,mixed-5000-seed-41544c53,hit,spatial_hit_test_sync_ms,ms,110,0
Atlas,1c2e54b3b8df+bench,SVG,instrument-2026-10-07T06-46-37.937Z,mixed-5000-seed-41544c53,hit,spatial_hit_test_sync_ms,ms,111,0
Atlas,1c2e54b3b8df+bench,SVG,instrument-2026-10-07T06-46-37.937Z,mixed-5000-seed-41544c53,hit,spatial_hit_test_sync_ms,ms,112,0
Atlas,1c2e54b3b8df+bench,SVG,instrument-2026-10-07T06-46-37.937Z,mixed-5000-seed-41544c53,hit,spatial_hit_test_sync_ms,ms,113,0
Atlas,1c2e54b3b8df+bench,SVG,instrument-2026-10-07T06-46-37.937Z,mixed-5000-seed-41544c53,hit,spatial_hit_test_sync_ms,ms,114,0
Atlas,1c2e54b3b8df+bench,SVG,instrument-2026-10-07T06-46-37.937Z,mixed-5000-seed-41544c53,hit,spatial_hit_test_sync_ms,ms,115,0
Atlas,1c2e54b3b8df+bench,SVG,instrument-2026-10-07T06-46-37.937Z,mixed-5000-seed-41544c53,hit,spatial_hit_test_sync_ms,ms,116,0
Atlas,1c2e54b3b8df+bench,SVG,instrument-2026-10-07T06-46-37.937Z,mixed-5000-seed-41544c53,hit,spatial_hit_test_sync_ms,ms,117,0
Atlas,1c2e54b3b8df+bench,SVG,instrument-2026-10-07T06-46-37.937Z,mixed-5000-seed-41544c53,hit,spatial_hit_test_sync_ms,ms,118,0
Atlas,1c2e54b3b8df+bench,SVG,instrument-2026-10-07T06-46-37.937Z,mixed-5000-seed-41544c53,hit,spatial_hit_test_sync_ms,ms,119,0
Atlas,1c2e54b3b8df+bench,SVG,instrument-2026-10-07T06-46-37.937Z,mixed-5000-seed-41544c53,hit,spatial_hit_test_sync_ms,ms,120,0
Atlas,1c2e54b3b8df+bench,SVG,instrument-2026-10-07T06-46-37.937Z,mixed-5000-seed-41544c53,hit,spatial_hit_test_sync_ms,ms,121,0
Atlas,1c2e54b3b8df+bench,SVG,instrument-2026-10-07T06-46-37.937Z,mixed-5000-seed-41544c53,hit,spatial_hit_test_sync_ms,ms,122,0
Atlas,1c2e54b3b8df+bench,SVG,instrument-2026-10-07T06-46-37.937Z,mixed-5000-seed-41544c53,hit,spatial_hit_test_sync_ms,ms,123,0
Atlas,1c2e54b3b8df+bench,SVG,instrument-2026-10-07T06-46-37.937Z,mixed-5000-seed-41544c53,hit,spatial_hit_test_sync_ms,ms,124,0
Atlas,1c2e54b3b8df+bench,SVG,instrument-2026-10-07T06-46-37.937Z,mixed-5000-seed-41544c53,hit,spatial_hit_test_sync_ms,ms,125,0
Atlas,1c2e54b3b8df+bench,SVG,instrument-2026-10-07T06-46-37.937Z,mixed-5000-seed-41544c53,hit,spatial_hit_test_sync_ms,ms,126,0
Atlas,1c2e54b3b8df+bench,SVG,instrument-2026-10-07T06-46-37.937Z,mixed-5000-seed-41544c53,hit,spatial_hit_test_sync_ms,ms,127,0
Atlas,1c2e54b3b8df+bench,SVG,instrument-2026-10-07T06-46-37.937Z,mixed-5000-seed-41544c53,hit,spatial_hit_test_sync_ms,ms,128,0.09999990463256836
Atlas,1c2e54b3b8df+bench,SVG,instrument-2026-10-07T06-46-37.937Z,mixed-5000-seed-41544c53,hit,spatial_hit_test_sync_ms,ms,129,0
Atlas,1c2e54b3b8df+bench,SVG,instrument-2026-10-07T06-46-37.937Z,mixed-5000-seed-41544c53,hit,spatial_hit_test_sync_ms,ms,130,0
Atlas,1c2e54b3b8df+bench,SVG,instrument-2026-10-07T06-46-37.937Z,mixed-5000-seed-41544c53,hit,spatial_hit_test_sync_ms,ms,131,0
Atlas,1c2e54b3b8df+bench,SVG,instrument-2026-10-07T06-46-37.937Z,mixed-5000-seed-41544c53,hit,spatial_hit_test_sync_ms,ms,132,0
Atlas,1c2e54b3b8df+bench,SVG,instrument-2026-10-07T06-46-37.937Z,mixed-5000-seed-41544c53,hit,spatial_hit_test_sync_ms,ms,133,0
Atlas,1c2e54b3b8df+bench,SVG,instrument-2026-10-07T06-46-37.937Z,mixed-5000-seed-41544c53,hit,spatial_hit_test_sync_ms,ms,134,0
Atlas,1c2e54b3b8df+bench,SVG,instrument-2026-10-07T06-46-37.937Z,mixed-5000-seed-41544c53,hit,spatial_hit_test_sync_ms,ms,135,0
Atlas,1c2e54b3b8df+bench,SVG,instrument-2026-10-07T06-46-37.937Z,mixed-5000-seed-41544c53,hit,spatial_hit_test_sync_ms,ms,136,0
Atlas,1c2e54b3b8df+bench,SVG,instrument-2026-10-07T06-46-37.937Z,mixed-5000-seed-41544c53,hit,spatial_hit_test_sync_ms,ms,137,0
Atlas,1c2e54b3b8df+bench,SVG,instrument-2026-10-07T06-46-37.937Z,mixed-5000-seed-41544c53,hit,spatial_hit_test_sync_ms,ms,138,0
Atlas,1c2e54b3b8df+bench,SVG,instrument-2026-10-07T06-46-37.937Z,mixed-5000-seed-41544c53,hit,spatial_hit_test_sync_ms,ms,139,0
Atlas,1c2e54b3b8df+bench,SVG,instrument-2026-10-07T06-46-37.937Z,mixed-5000-seed-41544c53,hit,spatial_hit_test_sync_ms,ms,140,0
Atlas,1c2e54b3b8df+bench,SVG,instrument-2026-10-07T06-46-37.937Z,mixed-5000-seed-41544c53,hit,spatial_hit_test_sync_ms,ms,141,0
Atlas,1c2e54b3b8df+bench,SVG,instrument-2026-10-07T06-46-37.937Z,mixed-5000-seed-41544c53,hit,spatial_hit_test_sync_ms,ms,142,0
Atlas,1c2e54b3b8df+bench,SVG,instrument-2026-10-07T06-46-37.937Z,mixed-5000-seed-41544c53,hit,spatial_hit_test_sync_ms,ms,143,0
Atlas,1c2e54b3b8df+bench,SVG,instrument-2026-10-07T06-46-37.937Z,mixed-5000-seed-41544c53,hit,spatial_hit_test_sync_ms,ms,144,0
Atlas,1c2e54b3b8df+bench,SVG,instrument-2026-10-07T06-46-37.937Z,mixed-5000-seed-41544c53,hit,spatial_hit_test_sync_ms,ms,145,0
Atlas,1c2e54b3b8df+bench,SVG,instrument-2026-10-07T06-46-37.937Z,mixed-5000-seed-41544c53,hit,spatial_hit_test_sync_ms,ms,146,0
Atlas,1c2e54b3b8df+bench,SVG,instrument-2026-10-07T06-46-37.937Z,mixed-5000-seed-41544c53,hit,spatial_hit_test_sync_ms,ms,147,0
Atlas,1c2e54b3b8df+bench,SVG,instrument-2026-10-07T06-46-37.937Z,mixed-5000-seed-41544c53,hit,spatial_hit_test_sync_ms,ms,148,0
Atlas,1c2e54b3b8df+bench,SVG,instrument-2026-10-07T06-46-37.937Z,mixed-5000-seed-41544c53,hit,spatial_hit_test_sync_ms,ms,149,0
Atlas,1c2e54b3b8df+bench,SVG,instrument-2026-10-07T06-46-37.937Z,mixed-5000-seed-41544c53,hit,spatial_hit_test_sync_ms,ms,150,0
Atlas,1c2e54b3b8df+bench,SVG,instrument-2026-10-07T06-46-37.937Z,mixed-5000-seed-41544c53,hit,spatial_hit_test_sync_ms,ms,151,0
Atlas,1c2e54b3b8df+bench,SVG,instrument-2026-10-07T06-46-37.937Z,mixed-5000-seed-41544c53,hit,spatial_hit_test_sync_ms,ms,152,0
Atlas,1c2e54b3b8df+bench,SVG,instrument-2026-10-07T06-46-37.937Z,mixed-5000-seed-41544c53,hit,spatial_hit_test_sync_ms,ms,153,0
Atlas,1c2e54b3b8df+bench,SVG,instrument-2026-10-07T06-46-37.937Z,mixed-5000-seed-41544c53,hit,spatial_hit_test_sync_ms,ms,154,0
Atlas,1c2e54b3b8df+bench,SVG,instrument-2026-10-07T06-46-37.937Z,mixed-5000-seed-41544c53,hit,spatial_hit_test_sync_ms,ms,155,0
Atlas,1c2e54b3b8df+bench,SVG,instrument-2026-10-07T06-46-37.937Z,mixed-5000-seed-41544c53,hit,spatial_hit_test_sync_ms,ms,156,0
Atlas,1c2e54b3b8df+bench,SVG,instrument-2026-10-07T06-46-37.937Z,mixed-5000-seed-41544c53,hit,spatial_hit_test_sync_ms,ms,157,0
Atlas,1c2e54b3b8df+bench,SVG,instrument-2026-10-07T06-46-37.937Z,mixed-5000-seed-41544c53,hit,spatial_hit_test_sync_ms,ms,158,0
Atlas,1c2e54b3b8df+bench,SVG,instrument-2026-10-07T06-46-37.937Z,mixed-5000-seed-41544c53,hit,spatial_hit_test_sync_ms,ms,159,0
Atlas,1c2e54b3b8df+bench,SVG,instrument-2026-10-07T06-46-37.937Z,mixed-5000-seed-41544c53,hit,spatial_hit_test_sync_ms,ms,160,0
Atlas,1c2e54b3b8df+bench,SVG,instrument-2026-10-07T06-46-37.937Z,mixed-5000-seed-41544c53,hit,spatial_hit_test_sync_ms,ms,161,0
Atlas,1c2e54b3b8df+bench,SVG,instrument-2026-10-07T06-46-37.937Z,mixed-5000-seed-41544c53,hit,spatial_hit_test_sync_ms,ms,162,0
Atlas,1c2e54b3b8df+bench,SVG,instrument-2026-10-07T06-46-37.937Z,mixed-5000-seed-41544c53,hit,spatial_hit_test_sync_ms,ms,163,0
Atlas,1c2e54b3b8df+bench,SVG,instrument-2026-10-07T06-46-37.937Z,mixed-5000-seed-41544c53,hit,spatial_hit_test_sync_ms,ms,164,0
Atlas,1c2e54b3b8df+bench,SVG,instrument-2026-10-07T06-46-37.937Z,mixed-5000-seed-41544c53,hit,spatial_hit_test_sync_ms,ms,165,0
Atlas,1c2e54b3b8df+bench,SVG,instrument-2026-10-07T06-46-37.937Z,mixed-5000-seed-41544c53,hit,spatial_hit_test_sync_ms,ms,166,0
Atlas,1c2e54b3b8df+bench,SVG,instrument-2026-10-07T06-46-37.937Z,mixed-5000-seed-41544c53,hit,spatial_hit_test_sync_ms,ms,167,0
Atlas,1c2e54b3b8df+bench,SVG,instrument-2026-10-07T06-46-37.937Z,mixed-5000-seed-41544c53,hit,spatial_hit_test_sync_ms,ms,168,0
Atlas,1c2e54b3b8df+bench,SVG,instrument-2026-10-07T06-46-37.937Z,mixed-5000-seed-41544c53,hit,spatial_hit_test_sync_ms,ms,169,0
Atlas,1c2e54b3b8df+bench,SVG,instrument-2026-10-07T06-46-37.937Z,mixed-5000-seed-41544c53,hit,spatial_hit_test_sync_ms,ms,170,0
Atlas,1c2e54b3b8df+bench,SVG,instrument-2026-10-07T06-46-37.937Z,mixed-5000-seed-41544c53,hit,spatial_hit_test_sync_ms,ms,171,0
Atlas,1c2e54b3b8df+bench,SVG,instrument-2026-10-07T06-46-37.937Z,mixed-5000-seed-41544c53,hit,spatial_hit_test_sync_ms,ms,172,0
Atlas,1c2e54b3b8df+bench,SVG,instrument-2026-10-07T06-46-37.937Z,mixed-5000-seed-41544c53,hit,spatial_hit_test_sync_ms,ms,173,0
Atlas,1c2e54b3b8df+bench,SVG,instrument-2026-10-07T06-46-37.937Z,mixed-5000-seed-41544c53,hit,spatial_hit_test_sync_ms,ms,174,0.10000014305114746
Atlas,1c2e54b3b8df+bench,SVG,instrument-2026-10-07T06-46-37.937Z,mixed-5000-seed-41544c53,hit,spatial_hit_test_sync_ms,ms,175,0
Atlas,1c2e54b3b8df+bench,SVG,instrument-2026-10-07T06-46-37.937Z,mixed-5000-seed-41544c53,hit,spatial_hit_test_sync_ms,ms,176,0
Atlas,1c2e54b3b8df+bench,SVG,instrument-2026-10-07T06-46-37.937Z,mixed-5000-seed-41544c53,hit,spatial_hit_test_sync_ms,ms,177,0
Atlas,1c2e54b3b8df+bench,SVG,instrument-2026-10-07T06-46-37.937Z,mixed-5000-seed-41544c53,hit,spatial_hit_test_sync_ms,ms,178,0
Atlas,1c2e54b3b8df+bench,SVG,instrument-2026-10-07T06-46-37.937Z,mixed-5000-seed-41544c53,hit,spatial_hit_test_sync_ms,ms,179,0
Atlas,1c2e54b3b8df+bench,SVG,instrument-2026-10-07T06-46-37.937Z,mixed-5000-seed-41544c53,hit,spatial_hit_test_sync_ms,ms,180,0
Atlas,1c2e54b3b8df+bench,SVG,instrument-2026-10-07T06-46-37.937Z,mixed-5000-seed-41544c53,hit,spatial_hit_test_sync_ms,ms,181,0
Atlas,1c2e54b3b8df+bench,SVG,instrument-2026-10-07T06-46-37.937Z,mixed-5000-seed-41544c53,hit,spatial_hit_test_sync_ms,ms,182,0
Atlas,1c2e54b3b8df+bench,SVG,instrument-2026-10-07T06-46-37.937Z,mixed-5000-seed-41544c53,hit,spatial_hit_test_sync_ms,ms,183,0
Atlas,1c2e54b3b8df+bench,SVG,instrument-2026-10-07T06-46-37.937Z,mixed-5000-seed-41544c53,hit,spatial_hit_test_sync_ms,ms,184,0
Atlas,1c2e54b3b8df+bench,SVG,instrument-2026-10-07T06-46-37.937Z,mixed-5000-seed-41544c53,hit,spatial_hit_test_sync_ms,ms,185,0
Atlas,1c2e54b3b8df+bench,SVG,instrument-2026-10-07T06-46-37.937Z,mixed-5000-seed-41544c53,hit,spatial_hit_test_sync_ms,ms,186,0
Atlas,1c2e54b3b8df+bench,SVG,instrument-2026-10-07T06-46-37.937Z,mixed-5000-seed-41544c53,hit,spatial_hit_test_sync_ms,ms,187,0
Atlas,1c2e54b3b8df+bench,SVG,instrument-2026-10-07T06-46-37.937Z,mixed-5000-seed-41544c53,hit,spatial_hit_test_sync_ms,ms,188,0
Atlas,1c2e54b3b8df+bench,SVG,instrument-2026-10-07T06-46-37.937Z,mixed-5000-seed-41544c53,hit,spatial_hit_test_sync_ms,ms,189,0
Atlas,1c2e54b3b8df+bench,SVG,instrument-2026-10-07T06-46-37.937Z,mixed-5000-seed-41544c53,hit,spatial_hit_test_sync_ms,ms,190,0
Atlas,1c2e54b3b8df+bench,SVG,instrument-2026-10-07T06-46-37.937Z,mixed-5000-seed-41544c53,hit,spatial_hit_test_sync_ms,ms,191,0
Atlas,1c2e54b3b8df+bench,SVG,instrument-2026-10-07T06-46-37.937Z,mixed-5000-seed-41544c53,hit,spatial_hit_test_sync_ms,ms,192,0
Atlas,1c2e54b3b8df+bench,SVG,instrument-2026-10-07T06-46-37.937Z,mixed-5000-seed-41544c53,hit,spatial_hit_test_sync_ms,ms,193,0
Atlas,1c2e54b3b8df+bench,SVG,instrument-2026-10-07T06-46-37.937Z,mixed-5000-seed-41544c53,hit,spatial_hit_test_sync_ms,ms,194,0
Atlas,1c2e54b3b8df+bench,SVG,instrument-2026-10-07T06-46-37.937Z,mixed-5000-seed-41544c53,hit,spatial_hit_test_sync_ms,ms,195,0
Atlas,1c2e54b3b8df+bench,SVG,instrument-2026-10-07T06-46-37.937Z,mixed-5000-seed-41544c53,hit,spatial_hit_test_sync_ms,ms,196,0
Atlas,1c2e54b3b8df+bench,SVG,instrument-2026-10-07T06-46-37.937Z,mixed-5000-seed-41544c53,hit,spatial_hit_test_sync_ms,ms,197,0
Atlas,1c2e54b3b8df+bench,SVG,instrument-2026-10-07T06-46-37.937Z,mixed-5000-seed-41544c53,hit,spatial_hit_test_sync_ms,ms,198,0
Atlas,1c2e54b3b8df+bench,SVG,instrument-2026-10-07T06-46-37.937Z,mixed-5000-seed-41544c53,hit,spatial_hit_test_sync_ms,ms,199,0
Atlas,1c2e54b3b8df+bench,SVG,instrument-2026-10-07T06-46-37.937Z,mixed-5000-seed-41544c53,hit,root_iterator_creations,count,0,1
Atlas,1c2e54b3b8df+bench,SVG,instrument-2026-10-07T06-46-37.937Z,mixed-5000-seed-41544c53,hit,root_iterator_next_calls,count,0,5001
Atlas,1c2e54b3b8df+bench,SVG,instrument-2026-10-07T06-46-37.937Z,mixed-5000-seed-41544c53,hit,route_membership_reads,count,0,2000
Atlas,1c2e54b3b8df+bench,SVG,instrument-2026-10-07T06-46-37.937Z,mixed-5000-seed-41544c53,hit,layout_rect_reads,count,0,0
Atlas,1c2e54b3b8df+bench,SVG,instrument-2026-10-07T06-46-37.937Z,mixed-5000-seed-41544c53,hit,cleanup_renderer_calls,count,0,0
Atlas,1c2e54b3b8df+bench,SVG,instrument-2026-10-07T06-46-37.937Z,mixed-5000-seed-41544c53,hit,cleanup_stage_children,count,0,0
Atlas,1c2e54b3b8df+bench,SVG,instrument-2026-10-07T06-46-37.937Z,mixed-5000-seed-41544c53,miss,spatial_hit_test_sync_ms,ms,0,4.200000047683716
Atlas,1c2e54b3b8df+bench,SVG,instrument-2026-10-07T06-46-37.937Z,mixed-5000-seed-41544c53,miss,spatial_hit_test_sync_ms,ms,1,4
Atlas,1c2e54b3b8df+bench,SVG,instrument-2026-10-07T06-46-37.937Z,mixed-5000-seed-41544c53,miss,spatial_hit_test_sync_ms,ms,2,4.200000047683716
Atlas,1c2e54b3b8df+bench,SVG,instrument-2026-10-07T06-46-37.937Z,mixed-5000-seed-41544c53,miss,spatial_hit_test_sync_ms,ms,3,4
Atlas,1c2e54b3b8df+bench,SVG,instrument-2026-10-07T06-46-37.937Z,mixed-5000-seed-41544c53,miss,spatial_hit_test_sync_ms,ms,4,4.099999904632568
Atlas,1c2e54b3b8df+bench,SVG,instrument-2026-10-07T06-46-37.937Z,mixed-5000-seed-41544c53,miss,spatial_hit_test_sync_ms,ms,5,4
Atlas,1c2e54b3b8df+bench,SVG,instrument-2026-10-07T06-46-37.937Z,mixed-5000-seed-41544c53,miss,spatial_hit_test_sync_ms,ms,6,4
Atlas,1c2e54b3b8df+bench,SVG,instrument-2026-10-07T06-46-37.937Z,mixed-5000-seed-41544c53,miss,spatial_hit_test_sync_ms,ms,7,4
Atlas,1c2e54b3b8df+bench,SVG,instrument-2026-10-07T06-46-37.937Z,mixed-5000-seed-41544c53,miss,spatial_hit_test_sync_ms,ms,8,4
Atlas,1c2e54b3b8df+bench,SVG,instrument-2026-10-07T06-46-37.937Z,mixed-5000-seed-41544c53,miss,spatial_hit_test_sync_ms,ms,9,5
Atlas,1c2e54b3b8df+bench,SVG,instrument-2026-10-07T06-46-37.937Z,mixed-5000-seed-41544c53,miss,spatial_hit_test_sync_ms,ms,10,5.1000001430511475
Atlas,1c2e54b3b8df+bench,SVG,instrument-2026-10-07T06-46-37.937Z,mixed-5000-seed-41544c53,miss,spatial_hit_test_sync_ms,ms,11,5.3999998569488525
Atlas,1c2e54b3b8df+bench,SVG,instrument-2026-10-07T06-46-37.937Z,mixed-5000-seed-41544c53,miss,spatial_hit_test_sync_ms,ms,12,4.1000001430511475
Atlas,1c2e54b3b8df+bench,SVG,instrument-2026-10-07T06-46-37.937Z,mixed-5000-seed-41544c53,miss,spatial_hit_test_sync_ms,ms,13,4.099999904632568
Atlas,1c2e54b3b8df+bench,SVG,instrument-2026-10-07T06-46-37.937Z,mixed-5000-seed-41544c53,miss,spatial_hit_test_sync_ms,ms,14,4.1000001430511475
Atlas,1c2e54b3b8df+bench,SVG,instrument-2026-10-07T06-46-37.937Z,mixed-5000-seed-41544c53,miss,spatial_hit_test_sync_ms,ms,15,4
Atlas,1c2e54b3b8df+bench,SVG,instrument-2026-10-07T06-46-37.937Z,mixed-5000-seed-41544c53,miss,spatial_hit_test_sync_ms,ms,16,4.3999998569488525
Atlas,1c2e54b3b8df+bench,SVG,instrument-2026-10-07T06-46-37.937Z,mixed-5000-seed-41544c53,miss,spatial_hit_test_sync_ms,ms,17,4.5
Atlas,1c2e54b3b8df+bench,SVG,instrument-2026-10-07T06-46-37.937Z,mixed-5000-seed-41544c53,miss,spatial_hit_test_sync_ms,ms,18,4.1000001430511475
Atlas,1c2e54b3b8df+bench,SVG,instrument-2026-10-07T06-46-37.937Z,mixed-5000-seed-41544c53,miss,spatial_hit_test_sync_ms,ms,19,12.299999952316284
Atlas,1c2e54b3b8df+bench,SVG,instrument-2026-10-07T06-46-37.937Z,mixed-5000-seed-41544c53,miss,spatial_hit_test_sync_ms,ms,20,4.200000047683716
Atlas,1c2e54b3b8df+bench,SVG,instrument-2026-10-07T06-46-37.937Z,mixed-5000-seed-41544c53,miss,spatial_hit_test_sync_ms,ms,21,4.099999904632568
Atlas,1c2e54b3b8df+bench,SVG,instrument-2026-10-07T06-46-37.937Z,mixed-5000-seed-41544c53,miss,spatial_hit_test_sync_ms,ms,22,4
Atlas,1c2e54b3b8df+bench,SVG,instrument-2026-10-07T06-46-37.937Z,mixed-5000-seed-41544c53,miss,spatial_hit_test_sync_ms,ms,23,4
Atlas,1c2e54b3b8df+bench,SVG,instrument-2026-10-07T06-46-37.937Z,mixed-5000-seed-41544c53,miss,spatial_hit_test_sync_ms,ms,24,4
Atlas,1c2e54b3b8df+bench,SVG,instrument-2026-10-07T06-46-37.937Z,mixed-5000-seed-41544c53,miss,spatial_hit_test_sync_ms,ms,25,3.9000000953674316
Atlas,1c2e54b3b8df+bench,SVG,instrument-2026-10-07T06-46-37.937Z,mixed-5000-seed-41544c53,miss,spatial_hit_test_sync_ms,ms,26,4
Atlas,1c2e54b3b8df+bench,SVG,instrument-2026-10-07T06-46-37.937Z,mixed-5000-seed-41544c53,miss,spatial_hit_test_sync_ms,ms,27,4
Atlas,1c2e54b3b8df+bench,SVG,instrument-2026-10-07T06-46-37.937Z,mixed-5000-seed-41544c53,miss,spatial_hit_test_sync_ms,ms,28,3.8999998569488525
Atlas,1c2e54b3b8df+bench,SVG,instrument-2026-10-07T06-46-37.937Z,mixed-5000-seed-41544c53,miss,spatial_hit_test_sync_ms,ms,29,3.9000000953674316
Atlas,1c2e54b3b8df+bench,SVG,instrument-2026-10-07T06-46-37.937Z,mixed-5000-seed-41544c53,miss,spatial_hit_test_sync_ms,ms,30,3.8999998569488525
Atlas,1c2e54b3b8df+bench,SVG,instrument-2026-10-07T06-46-37.937Z,mixed-5000-seed-41544c53,miss,spatial_hit_test_sync_ms,ms,31,4.1000001430511475
Atlas,1c2e54b3b8df+bench,SVG,instrument-2026-10-07T06-46-37.937Z,mixed-5000-seed-41544c53,miss,spatial_hit_test_sync_ms,ms,32,4.099999904632568
Atlas,1c2e54b3b8df+bench,SVG,instrument-2026-10-07T06-46-37.937Z,mixed-5000-seed-41544c53,miss,spatial_hit_test_sync_ms,ms,33,4.1000001430511475
Atlas,1c2e54b3b8df+bench,SVG,instrument-2026-10-07T06-46-37.937Z,mixed-5000-seed-41544c53,miss,spatial_hit_test_sync_ms,ms,34,4.099999904632568
Atlas,1c2e54b3b8df+bench,SVG,instrument-2026-10-07T06-46-37.937Z,mixed-5000-seed-41544c53,miss,spatial_hit_test_sync_ms,ms,35,4.099999904632568
Atlas,1c2e54b3b8df+bench,SVG,instrument-2026-10-07T06-46-37.937Z,mixed-5000-seed-41544c53,miss,spatial_hit_test_sync_ms,ms,36,4
Atlas,1c2e54b3b8df+bench,SVG,instrument-2026-10-07T06-46-37.937Z,mixed-5000-seed-41544c53,miss,spatial_hit_test_sync_ms,ms,37,4
Atlas,1c2e54b3b8df+bench,SVG,instrument-2026-10-07T06-46-37.937Z,mixed-5000-seed-41544c53,miss,spatial_hit_test_sync_ms,ms,38,4.1000001430511475
Atlas,1c2e54b3b8df+bench,SVG,instrument-2026-10-07T06-46-37.937Z,mixed-5000-seed-41544c53,miss,spatial_hit_test_sync_ms,ms,39,4
Atlas,1c2e54b3b8df+bench,SVG,instrument-2026-10-07T06-46-37.937Z,mixed-5000-seed-41544c53,miss,spatial_hit_test_sync_ms,ms,40,4.200000047683716
Atlas,1c2e54b3b8df+bench,SVG,instrument-2026-10-07T06-46-37.937Z,mixed-5000-seed-41544c53,miss,spatial_hit_test_sync_ms,ms,41,4.099999904632568
Atlas,1c2e54b3b8df+bench,SVG,instrument-2026-10-07T06-46-37.937Z,mixed-5000-seed-41544c53,miss,spatial_hit_test_sync_ms,ms,42,4.200000047683716
Atlas,1c2e54b3b8df+bench,SVG,instrument-2026-10-07T06-46-37.937Z,mixed-5000-seed-41544c53,miss,spatial_hit_test_sync_ms,ms,43,4
Atlas,1c2e54b3b8df+bench,SVG,instrument-2026-10-07T06-46-37.937Z,mixed-5000-seed-41544c53,miss,spatial_hit_test_sync_ms,ms,44,4
Atlas,1c2e54b3b8df+bench,SVG,instrument-2026-10-07T06-46-37.937Z,mixed-5000-seed-41544c53,miss,spatial_hit_test_sync_ms,ms,45,4
Atlas,1c2e54b3b8df+bench,SVG,instrument-2026-10-07T06-46-37.937Z,mixed-5000-seed-41544c53,miss,spatial_hit_test_sync_ms,ms,46,4
Atlas,1c2e54b3b8df+bench,SVG,instrument-2026-10-07T06-46-37.937Z,mixed-5000-seed-41544c53,miss,spatial_hit_test_sync_ms,ms,47,4
Atlas,1c2e54b3b8df+bench,SVG,instrument-2026-10-07T06-46-37.937Z,mixed-5000-seed-41544c53,miss,spatial_hit_test_sync_ms,ms,48,4
Atlas,1c2e54b3b8df+bench,SVG,instrument-2026-10-07T06-46-37.937Z,mixed-5000-seed-41544c53,miss,spatial_hit_test_sync_ms,ms,49,3.799999952316284
Atlas,1c2e54b3b8df+bench,SVG,instrument-2026-10-07T06-46-37.937Z,mixed-5000-seed-41544c53,miss,spatial_hit_test_sync_ms,ms,50,4
Atlas,1c2e54b3b8df+bench,SVG,instrument-2026-10-07T06-46-37.937Z,mixed-5000-seed-41544c53,miss,spatial_hit_test_sync_ms,ms,51,4
Atlas,1c2e54b3b8df+bench,SVG,instrument-2026-10-07T06-46-37.937Z,mixed-5000-seed-41544c53,miss,spatial_hit_test_sync_ms,ms,52,4.099999904632568
Atlas,1c2e54b3b8df+bench,SVG,instrument-2026-10-07T06-46-37.937Z,mixed-5000-seed-41544c53,miss,spatial_hit_test_sync_ms,ms,53,4
Atlas,1c2e54b3b8df+bench,SVG,instrument-2026-10-07T06-46-37.937Z,mixed-5000-seed-41544c53,miss,spatial_hit_test_sync_ms,ms,54,3.9000000953674316
Atlas,1c2e54b3b8df+bench,SVG,instrument-2026-10-07T06-46-37.937Z,mixed-5000-seed-41544c53,miss,spatial_hit_test_sync_ms,ms,55,3.9000000953674316
Atlas,1c2e54b3b8df+bench,SVG,instrument-2026-10-07T06-46-37.937Z,mixed-5000-seed-41544c53,miss,spatial_hit_test_sync_ms,ms,56,3.8999998569488525
Atlas,1c2e54b3b8df+bench,SVG,instrument-2026-10-07T06-46-37.937Z,mixed-5000-seed-41544c53,miss,spatial_hit_test_sync_ms,ms,57,3.9000000953674316
Atlas,1c2e54b3b8df+bench,SVG,instrument-2026-10-07T06-46-37.937Z,mixed-5000-seed-41544c53,miss,spatial_hit_test_sync_ms,ms,58,3.8999998569488525
Atlas,1c2e54b3b8df+bench,SVG,instrument-2026-10-07T06-46-37.937Z,mixed-5000-seed-41544c53,miss,spatial_hit_test_sync_ms,ms,59,3.9000000953674316
Atlas,1c2e54b3b8df+bench,SVG,instrument-2026-10-07T06-46-37.937Z,mixed-5000-seed-41544c53,miss,spatial_hit_test_sync_ms,ms,60,3.9000000953674316
Atlas,1c2e54b3b8df+bench,SVG,instrument-2026-10-07T06-46-37.937Z,mixed-5000-seed-41544c53,miss,spatial_hit_test_sync_ms,ms,61,4
Atlas,1c2e54b3b8df+bench,SVG,instrument-2026-10-07T06-46-37.937Z,mixed-5000-seed-41544c53,miss,spatial_hit_test_sync_ms,ms,62,3.8999998569488525
Atlas,1c2e54b3b8df+bench,SVG,instrument-2026-10-07T06-46-37.937Z,mixed-5000-seed-41544c53,miss,spatial_hit_test_sync_ms,ms,63,4
Atlas,1c2e54b3b8df+bench,SVG,instrument-2026-10-07T06-46-37.937Z,mixed-5000-seed-41544c53,miss,spatial_hit_test_sync_ms,ms,64,3.9000000953674316
Atlas,1c2e54b3b8df+bench,SVG,instrument-2026-10-07T06-46-37.937Z,mixed-5000-seed-41544c53,miss,spatial_hit_test_sync_ms,ms,65,3.8999998569488525
Atlas,1c2e54b3b8df+bench,SVG,instrument-2026-10-07T06-46-37.937Z,mixed-5000-seed-41544c53,miss,spatial_hit_test_sync_ms,ms,66,4.1000001430511475
Atlas,1c2e54b3b8df+bench,SVG,instrument-2026-10-07T06-46-37.937Z,mixed-5000-seed-41544c53,miss,spatial_hit_test_sync_ms,ms,67,3.8999998569488525
Atlas,1c2e54b3b8df+bench,SVG,instrument-2026-10-07T06-46-37.937Z,mixed-5000-seed-41544c53,miss,spatial_hit_test_sync_ms,ms,68,4
Atlas,1c2e54b3b8df+bench,SVG,instrument-2026-10-07T06-46-37.937Z,mixed-5000-seed-41544c53,miss,spatial_hit_test_sync_ms,ms,69,3.9000000953674316
Atlas,1c2e54b3b8df+bench,SVG,instrument-2026-10-07T06-46-37.937Z,mixed-5000-seed-41544c53,miss,spatial_hit_test_sync_ms,ms,70,3.9000000953674316
Atlas,1c2e54b3b8df+bench,SVG,instrument-2026-10-07T06-46-37.937Z,mixed-5000-seed-41544c53,miss,spatial_hit_test_sync_ms,ms,71,4
Atlas,1c2e54b3b8df+bench,SVG,instrument-2026-10-07T06-46-37.937Z,mixed-5000-seed-41544c53,miss,spatial_hit_test_sync_ms,ms,72,4
Atlas,1c2e54b3b8df+bench,SVG,instrument-2026-10-07T06-46-37.937Z,mixed-5000-seed-41544c53,miss,spatial_hit_test_sync_ms,ms,73,3.799999952316284
Atlas,1c2e54b3b8df+bench,SVG,instrument-2026-10-07T06-46-37.937Z,mixed-5000-seed-41544c53,miss,spatial_hit_test_sync_ms,ms,74,3.8999998569488525
Atlas,1c2e54b3b8df+bench,SVG,instrument-2026-10-07T06-46-37.937Z,mixed-5000-seed-41544c53,miss,spatial_hit_test_sync_ms,ms,75,3.8000001907348633
Atlas,1c2e54b3b8df+bench,SVG,instrument-2026-10-07T06-46-37.937Z,mixed-5000-seed-41544c53,miss,spatial_hit_test_sync_ms,ms,76,3.8999998569488525
Atlas,1c2e54b3b8df+bench,SVG,instrument-2026-10-07T06-46-37.937Z,mixed-5000-seed-41544c53,miss,spatial_hit_test_sync_ms,ms,77,3.799999952316284
Atlas,1c2e54b3b8df+bench,SVG,instrument-2026-10-07T06-46-37.937Z,mixed-5000-seed-41544c53,miss,spatial_hit_test_sync_ms,ms,78,4
Atlas,1c2e54b3b8df+bench,SVG,instrument-2026-10-07T06-46-37.937Z,mixed-5000-seed-41544c53,miss,spatial_hit_test_sync_ms,ms,79,3.9000000953674316
Atlas,1c2e54b3b8df+bench,SVG,instrument-2026-10-07T06-46-37.937Z,mixed-5000-seed-41544c53,miss,spatial_hit_test_sync_ms,ms,80,3.700000047683716
Atlas,1c2e54b3b8df+bench,SVG,instrument-2026-10-07T06-46-37.937Z,mixed-5000-seed-41544c53,miss,spatial_hit_test_sync_ms,ms,81,3.8999998569488525
Atlas,1c2e54b3b8df+bench,SVG,instrument-2026-10-07T06-46-37.937Z,mixed-5000-seed-41544c53,miss,spatial_hit_test_sync_ms,ms,82,4
Atlas,1c2e54b3b8df+bench,SVG,instrument-2026-10-07T06-46-37.937Z,mixed-5000-seed-41544c53,miss,spatial_hit_test_sync_ms,ms,83,3.9000000953674316
Atlas,1c2e54b3b8df+bench,SVG,instrument-2026-10-07T06-46-37.937Z,mixed-5000-seed-41544c53,miss,spatial_hit_test_sync_ms,ms,84,4.099999904632568
Atlas,1c2e54b3b8df+bench,SVG,instrument-2026-10-07T06-46-37.937Z,mixed-5000-seed-41544c53,miss,spatial_hit_test_sync_ms,ms,85,4.1000001430511475
Atlas,1c2e54b3b8df+bench,SVG,instrument-2026-10-07T06-46-37.937Z,mixed-5000-seed-41544c53,miss,spatial_hit_test_sync_ms,ms,86,3.799999952316284
Atlas,1c2e54b3b8df+bench,SVG,instrument-2026-10-07T06-46-37.937Z,mixed-5000-seed-41544c53,miss,spatial_hit_test_sync_ms,ms,87,4
Atlas,1c2e54b3b8df+bench,SVG,instrument-2026-10-07T06-46-37.937Z,mixed-5000-seed-41544c53,miss,spatial_hit_test_sync_ms,ms,88,3.9000000953674316
Atlas,1c2e54b3b8df+bench,SVG,instrument-2026-10-07T06-46-37.937Z,mixed-5000-seed-41544c53,miss,spatial_hit_test_sync_ms,ms,89,4
Atlas,1c2e54b3b8df+bench,SVG,instrument-2026-10-07T06-46-37.937Z,mixed-5000-seed-41544c53,miss,spatial_hit_test_sync_ms,ms,90,3.799999952316284
Atlas,1c2e54b3b8df+bench,SVG,instrument-2026-10-07T06-46-37.937Z,mixed-5000-seed-41544c53,miss,spatial_hit_test_sync_ms,ms,91,4
Atlas,1c2e54b3b8df+bench,SVG,instrument-2026-10-07T06-46-37.937Z,mixed-5000-seed-41544c53,miss,spatial_hit_test_sync_ms,ms,92,5
Atlas,1c2e54b3b8df+bench,SVG,instrument-2026-10-07T06-46-37.937Z,mixed-5000-seed-41544c53,miss,spatial_hit_test_sync_ms,ms,93,4
Atlas,1c2e54b3b8df+bench,SVG,instrument-2026-10-07T06-46-37.937Z,mixed-5000-seed-41544c53,miss,spatial_hit_test_sync_ms,ms,94,4
Atlas,1c2e54b3b8df+bench,SVG,instrument-2026-10-07T06-46-37.937Z,mixed-5000-seed-41544c53,miss,spatial_hit_test_sync_ms,ms,95,3.8999998569488525
Atlas,1c2e54b3b8df+bench,SVG,instrument-2026-10-07T06-46-37.937Z,mixed-5000-seed-41544c53,miss,spatial_hit_test_sync_ms,ms,96,3.9000000953674316
Atlas,1c2e54b3b8df+bench,SVG,instrument-2026-10-07T06-46-37.937Z,mixed-5000-seed-41544c53,miss,spatial_hit_test_sync_ms,ms,97,3.9000000953674316
Atlas,1c2e54b3b8df+bench,SVG,instrument-2026-10-07T06-46-37.937Z,mixed-5000-seed-41544c53,miss,spatial_hit_test_sync_ms,ms,98,4
Atlas,1c2e54b3b8df+bench,SVG,instrument-2026-10-07T06-46-37.937Z,mixed-5000-seed-41544c53,miss,spatial_hit_test_sync_ms,ms,99,3.8999998569488525
Atlas,1c2e54b3b8df+bench,SVG,instrument-2026-10-07T06-46-37.937Z,mixed-5000-seed-41544c53,miss,spatial_hit_test_sync_ms,ms,100,3.9000000953674316
Atlas,1c2e54b3b8df+bench,SVG,instrument-2026-10-07T06-46-37.937Z,mixed-5000-seed-41544c53,miss,spatial_hit_test_sync_ms,ms,101,3.8999998569488525
Atlas,1c2e54b3b8df+bench,SVG,instrument-2026-10-07T06-46-37.937Z,mixed-5000-seed-41544c53,miss,spatial_hit_test_sync_ms,ms,102,3.9000000953674316
Atlas,1c2e54b3b8df+bench,SVG,instrument-2026-10-07T06-46-37.937Z,mixed-5000-seed-41544c53,miss,spatial_hit_test_sync_ms,ms,103,3.9000000953674316
Atlas,1c2e54b3b8df+bench,SVG,instrument-2026-10-07T06-46-37.937Z,mixed-5000-seed-41544c53,miss,spatial_hit_test_sync_ms,ms,104,3.8999998569488525
Atlas,1c2e54b3b8df+bench,SVG,instrument-2026-10-07T06-46-37.937Z,mixed-5000-seed-41544c53,miss,spatial_hit_test_sync_ms,ms,105,4
Atlas,1c2e54b3b8df+bench,SVG,instrument-2026-10-07T06-46-37.937Z,mixed-5000-seed-41544c53,miss,spatial_hit_test_sync_ms,ms,106,3.9000000953674316
Atlas,1c2e54b3b8df+bench,SVG,instrument-2026-10-07T06-46-37.937Z,mixed-5000-seed-41544c53,miss,spatial_hit_test_sync_ms,ms,107,3.8999998569488525
Atlas,1c2e54b3b8df+bench,SVG,instrument-2026-10-07T06-46-37.937Z,mixed-5000-seed-41544c53,miss,spatial_hit_test_sync_ms,ms,108,4
Atlas,1c2e54b3b8df+bench,SVG,instrument-2026-10-07T06-46-37.937Z,mixed-5000-seed-41544c53,miss,spatial_hit_test_sync_ms,ms,109,3.9000000953674316
Atlas,1c2e54b3b8df+bench,SVG,instrument-2026-10-07T06-46-37.937Z,mixed-5000-seed-41544c53,miss,spatial_hit_test_sync_ms,ms,110,4.099999904632568
Atlas,1c2e54b3b8df+bench,SVG,instrument-2026-10-07T06-46-37.937Z,mixed-5000-seed-41544c53,miss,spatial_hit_test_sync_ms,ms,111,3.9000000953674316
Atlas,1c2e54b3b8df+bench,SVG,instrument-2026-10-07T06-46-37.937Z,mixed-5000-seed-41544c53,miss,spatial_hit_test_sync_ms,ms,112,4.099999904632568
Atlas,1c2e54b3b8df+bench,SVG,instrument-2026-10-07T06-46-37.937Z,mixed-5000-seed-41544c53,miss,spatial_hit_test_sync_ms,ms,113,3.8000001907348633
Atlas,1c2e54b3b8df+bench,SVG,instrument-2026-10-07T06-46-37.937Z,mixed-5000-seed-41544c53,miss,spatial_hit_test_sync_ms,ms,114,3.8999998569488525
Atlas,1c2e54b3b8df+bench,SVG,instrument-2026-10-07T06-46-37.937Z,mixed-5000-seed-41544c53,miss,spatial_hit_test_sync_ms,ms,115,3.9000000953674316
Atlas,1c2e54b3b8df+bench,SVG,instrument-2026-10-07T06-46-37.937Z,mixed-5000-seed-41544c53,miss,spatial_hit_test_sync_ms,ms,116,3.8999998569488525
Atlas,1c2e54b3b8df+bench,SVG,instrument-2026-10-07T06-46-37.937Z,mixed-5000-seed-41544c53,miss,spatial_hit_test_sync_ms,ms,117,4
Atlas,1c2e54b3b8df+bench,SVG,instrument-2026-10-07T06-46-37.937Z,mixed-5000-seed-41544c53,miss,spatial_hit_test_sync_ms,ms,118,4
Atlas,1c2e54b3b8df+bench,SVG,instrument-2026-10-07T06-46-37.937Z,mixed-5000-seed-41544c53,miss,spatial_hit_test_sync_ms,ms,119,3.9000000953674316
Atlas,1c2e54b3b8df+bench,SVG,instrument-2026-10-07T06-46-37.937Z,mixed-5000-seed-41544c53,miss,spatial_hit_test_sync_ms,ms,120,3.9000000953674316
Atlas,1c2e54b3b8df+bench,SVG,instrument-2026-10-07T06-46-37.937Z,mixed-5000-seed-41544c53,miss,spatial_hit_test_sync_ms,ms,121,3.8999998569488525
Atlas,1c2e54b3b8df+bench,SVG,instrument-2026-10-07T06-46-37.937Z,mixed-5000-seed-41544c53,miss,spatial_hit_test_sync_ms,ms,122,3.9000000953674316
Atlas,1c2e54b3b8df+bench,SVG,instrument-2026-10-07T06-46-37.937Z,mixed-5000-seed-41544c53,miss,spatial_hit_test_sync_ms,ms,123,3.8999998569488525
Atlas,1c2e54b3b8df+bench,SVG,instrument-2026-10-07T06-46-37.937Z,mixed-5000-seed-41544c53,miss,spatial_hit_test_sync_ms,ms,124,3.9000000953674316
Atlas,1c2e54b3b8df+bench,SVG,instrument-2026-10-07T06-46-37.937Z,mixed-5000-seed-41544c53,miss,spatial_hit_test_sync_ms,ms,125,4
Atlas,1c2e54b3b8df+bench,SVG,instrument-2026-10-07T06-46-37.937Z,mixed-5000-seed-41544c53,miss,spatial_hit_test_sync_ms,ms,126,3.799999952316284
Atlas,1c2e54b3b8df+bench,SVG,instrument-2026-10-07T06-46-37.937Z,mixed-5000-seed-41544c53,miss,spatial_hit_test_sync_ms,ms,127,4
Atlas,1c2e54b3b8df+bench,SVG,instrument-2026-10-07T06-46-37.937Z,mixed-5000-seed-41544c53,miss,spatial_hit_test_sync_ms,ms,128,3.9000000953674316
Atlas,1c2e54b3b8df+bench,SVG,instrument-2026-10-07T06-46-37.937Z,mixed-5000-seed-41544c53,miss,spatial_hit_test_sync_ms,ms,129,4
Atlas,1c2e54b3b8df+bench,SVG,instrument-2026-10-07T06-46-37.937Z,mixed-5000-seed-41544c53,miss,spatial_hit_test_sync_ms,ms,130,3.8999998569488525
Atlas,1c2e54b3b8df+bench,SVG,instrument-2026-10-07T06-46-37.937Z,mixed-5000-seed-41544c53,miss,spatial_hit_test_sync_ms,ms,131,3.9000000953674316
Atlas,1c2e54b3b8df+bench,SVG,instrument-2026-10-07T06-46-37.937Z,mixed-5000-seed-41544c53,miss,spatial_hit_test_sync_ms,ms,132,3.9000000953674316
Atlas,1c2e54b3b8df+bench,SVG,instrument-2026-10-07T06-46-37.937Z,mixed-5000-seed-41544c53,miss,spatial_hit_test_sync_ms,ms,133,3.8999998569488525
Atlas,1c2e54b3b8df+bench,SVG,instrument-2026-10-07T06-46-37.937Z,mixed-5000-seed-41544c53,miss,spatial_hit_test_sync_ms,ms,134,3.9000000953674316
Atlas,1c2e54b3b8df+bench,SVG,instrument-2026-10-07T06-46-37.937Z,mixed-5000-seed-41544c53,miss,spatial_hit_test_sync_ms,ms,135,4
Atlas,1c2e54b3b8df+bench,SVG,instrument-2026-10-07T06-46-37.937Z,mixed-5000-seed-41544c53,miss,spatial_hit_test_sync_ms,ms,136,3.8999998569488525
Atlas,1c2e54b3b8df+bench,SVG,instrument-2026-10-07T06-46-37.937Z,mixed-5000-seed-41544c53,miss,spatial_hit_test_sync_ms,ms,137,3.9000000953674316
Atlas,1c2e54b3b8df+bench,SVG,instrument-2026-10-07T06-46-37.937Z,mixed-5000-seed-41544c53,miss,spatial_hit_test_sync_ms,ms,138,3.9000000953674316
Atlas,1c2e54b3b8df+bench,SVG,instrument-2026-10-07T06-46-37.937Z,mixed-5000-seed-41544c53,miss,spatial_hit_test_sync_ms,ms,139,3.8999998569488525
Atlas,1c2e54b3b8df+bench,SVG,instrument-2026-10-07T06-46-37.937Z,mixed-5000-seed-41544c53,miss,spatial_hit_test_sync_ms,ms,140,4
Atlas,1c2e54b3b8df+bench,SVG,instrument-2026-10-07T06-46-37.937Z,mixed-5000-seed-41544c53,miss,spatial_hit_test_sync_ms,ms,141,3.9000000953674316
Atlas,1c2e54b3b8df+bench,SVG,instrument-2026-10-07T06-46-37.937Z,mixed-5000-seed-41544c53,miss,spatial_hit_test_sync_ms,ms,142,3.8999998569488525
Atlas,1c2e54b3b8df+bench,SVG,instrument-2026-10-07T06-46-37.937Z,mixed-5000-seed-41544c53,miss,spatial_hit_test_sync_ms,ms,143,3.9000000953674316
Atlas,1c2e54b3b8df+bench,SVG,instrument-2026-10-07T06-46-37.937Z,mixed-5000-seed-41544c53,miss,spatial_hit_test_sync_ms,ms,144,3.799999952316284
Atlas,1c2e54b3b8df+bench,SVG,instrument-2026-10-07T06-46-37.937Z,mixed-5000-seed-41544c53,miss,spatial_hit_test_sync_ms,ms,145,3.9000000953674316
Atlas,1c2e54b3b8df+bench,SVG,instrument-2026-10-07T06-46-37.937Z,mixed-5000-seed-41544c53,miss,spatial_hit_test_sync_ms,ms,146,3.8999998569488525
Atlas,1c2e54b3b8df+bench,SVG,instrument-2026-10-07T06-46-37.937Z,mixed-5000-seed-41544c53,miss,spatial_hit_test_sync_ms,ms,147,3.8000001907348633
Atlas,1c2e54b3b8df+bench,SVG,instrument-2026-10-07T06-46-37.937Z,mixed-5000-seed-41544c53,miss,spatial_hit_test_sync_ms,ms,148,4
Atlas,1c2e54b3b8df+bench,SVG,instrument-2026-10-07T06-46-37.937Z,mixed-5000-seed-41544c53,miss,spatial_hit_test_sync_ms,ms,149,3.799999952316284
Atlas,1c2e54b3b8df+bench,SVG,instrument-2026-10-07T06-46-37.937Z,mixed-5000-seed-41544c53,miss,spatial_hit_test_sync_ms,ms,150,4
Atlas,1c2e54b3b8df+bench,SVG,instrument-2026-10-07T06-46-37.937Z,mixed-5000-seed-41544c53,miss,spatial_hit_test_sync_ms,ms,151,3.8999998569488525
Atlas,1c2e54b3b8df+bench,SVG,instrument-2026-10-07T06-46-37.937Z,mixed-5000-seed-41544c53,miss,spatial_hit_test_sync_ms,ms,152,3.9000000953674316
Atlas,1c2e54b3b8df+bench,SVG,instrument-2026-10-07T06-46-37.937Z,mixed-5000-seed-41544c53,miss,spatial_hit_test_sync_ms,ms,153,3.799999952316284
Atlas,1c2e54b3b8df+bench,SVG,instrument-2026-10-07T06-46-37.937Z,mixed-5000-seed-41544c53,miss,spatial_hit_test_sync_ms,ms,154,4
Atlas,1c2e54b3b8df+bench,SVG,instrument-2026-10-07T06-46-37.937Z,mixed-5000-seed-41544c53,miss,spatial_hit_test_sync_ms,ms,155,3.9000000953674316
Atlas,1c2e54b3b8df+bench,SVG,instrument-2026-10-07T06-46-37.937Z,mixed-5000-seed-41544c53,miss,spatial_hit_test_sync_ms,ms,156,3.8999998569488525
Atlas,1c2e54b3b8df+bench,SVG,instrument-2026-10-07T06-46-37.937Z,mixed-5000-seed-41544c53,miss,spatial_hit_test_sync_ms,ms,157,3.9000000953674316
Atlas,1c2e54b3b8df+bench,SVG,instrument-2026-10-07T06-46-37.937Z,mixed-5000-seed-41544c53,miss,spatial_hit_test_sync_ms,ms,158,3.9000000953674316
Atlas,1c2e54b3b8df+bench,SVG,instrument-2026-10-07T06-46-37.937Z,mixed-5000-seed-41544c53,miss,spatial_hit_test_sync_ms,ms,159,3.8999998569488525
Atlas,1c2e54b3b8df+bench,SVG,instrument-2026-10-07T06-46-37.937Z,mixed-5000-seed-41544c53,miss,spatial_hit_test_sync_ms,ms,160,3.799999952316284
Atlas,1c2e54b3b8df+bench,SVG,instrument-2026-10-07T06-46-37.937Z,mixed-5000-seed-41544c53,miss,spatial_hit_test_sync_ms,ms,161,4
Atlas,1c2e54b3b8df+bench,SVG,instrument-2026-10-07T06-46-37.937Z,mixed-5000-seed-41544c53,miss,spatial_hit_test_sync_ms,ms,162,3.9000000953674316
Atlas,1c2e54b3b8df+bench,SVG,instrument-2026-10-07T06-46-37.937Z,mixed-5000-seed-41544c53,miss,spatial_hit_test_sync_ms,ms,163,3.799999952316284
Atlas,1c2e54b3b8df+bench,SVG,instrument-2026-10-07T06-46-37.937Z,mixed-5000-seed-41544c53,miss,spatial_hit_test_sync_ms,ms,164,3.9000000953674316
Atlas,1c2e54b3b8df+bench,SVG,instrument-2026-10-07T06-46-37.937Z,mixed-5000-seed-41544c53,miss,spatial_hit_test_sync_ms,ms,165,4
Atlas,1c2e54b3b8df+bench,SVG,instrument-2026-10-07T06-46-37.937Z,mixed-5000-seed-41544c53,miss,spatial_hit_test_sync_ms,ms,166,3.799999952316284
Atlas,1c2e54b3b8df+bench,SVG,instrument-2026-10-07T06-46-37.937Z,mixed-5000-seed-41544c53,miss,spatial_hit_test_sync_ms,ms,167,4
Atlas,1c2e54b3b8df+bench,SVG,instrument-2026-10-07T06-46-37.937Z,mixed-5000-seed-41544c53,miss,spatial_hit_test_sync_ms,ms,168,3.9000000953674316
Atlas,1c2e54b3b8df+bench,SVG,instrument-2026-10-07T06-46-37.937Z,mixed-5000-seed-41544c53,miss,spatial_hit_test_sync_ms,ms,169,4
Atlas,1c2e54b3b8df+bench,SVG,instrument-2026-10-07T06-46-37.937Z,mixed-5000-seed-41544c53,miss,spatial_hit_test_sync_ms,ms,170,3.8999998569488525
Atlas,1c2e54b3b8df+bench,SVG,instrument-2026-10-07T06-46-37.937Z,mixed-5000-seed-41544c53,miss,spatial_hit_test_sync_ms,ms,171,3.9000000953674316
Atlas,1c2e54b3b8df+bench,SVG,instrument-2026-10-07T06-46-37.937Z,mixed-5000-seed-41544c53,miss,spatial_hit_test_sync_ms,ms,172,3.8999998569488525
Atlas,1c2e54b3b8df+bench,SVG,instrument-2026-10-07T06-46-37.937Z,mixed-5000-seed-41544c53,miss,spatial_hit_test_sync_ms,ms,173,3.9000000953674316
Atlas,1c2e54b3b8df+bench,SVG,instrument-2026-10-07T06-46-37.937Z,mixed-5000-seed-41544c53,miss,spatial_hit_test_sync_ms,ms,174,4
Atlas,1c2e54b3b8df+bench,SVG,instrument-2026-10-07T06-46-37.937Z,mixed-5000-seed-41544c53,miss,spatial_hit_test_sync_ms,ms,175,4
Atlas,1c2e54b3b8df+bench,SVG,instrument-2026-10-07T06-46-37.937Z,mixed-5000-seed-41544c53,miss,spatial_hit_test_sync_ms,ms,176,3.799999952316284
Atlas,1c2e54b3b8df+bench,SVG,instrument-2026-10-07T06-46-37.937Z,mixed-5000-seed-41544c53,miss,spatial_hit_test_sync_ms,ms,177,3.9000000953674316
Atlas,1c2e54b3b8df+bench,SVG,instrument-2026-10-07T06-46-37.937Z,mixed-5000-seed-41544c53,miss,spatial_hit_test_sync_ms,ms,178,4
Atlas,1c2e54b3b8df+bench,SVG,instrument-2026-10-07T06-46-37.937Z,mixed-5000-seed-41544c53,miss,spatial_hit_test_sync_ms,ms,179,4.099999904632568
Atlas,1c2e54b3b8df+bench,SVG,instrument-2026-10-07T06-46-37.937Z,mixed-5000-seed-41544c53,miss,spatial_hit_test_sync_ms,ms,180,3.9000000953674316
Atlas,1c2e54b3b8df+bench,SVG,instrument-2026-10-07T06-46-37.937Z,mixed-5000-seed-41544c53,miss,spatial_hit_test_sync_ms,ms,181,3.8999998569488525
Atlas,1c2e54b3b8df+bench,SVG,instrument-2026-10-07T06-46-37.937Z,mixed-5000-seed-41544c53,miss,spatial_hit_test_sync_ms,ms,182,3.9000000953674316
Atlas,1c2e54b3b8df+bench,SVG,instrument-2026-10-07T06-46-37.937Z,mixed-5000-seed-41544c53,miss,spatial_hit_test_sync_ms,ms,183,3.9000000953674316
Atlas,1c2e54b3b8df+bench,SVG,instrument-2026-10-07T06-46-37.937Z,mixed-5000-seed-41544c53,miss,spatial_hit_test_sync_ms,ms,184,4
Atlas,1c2e54b3b8df+bench,SVG,instrument-2026-10-07T06-46-37.937Z,mixed-5000-seed-41544c53,miss,spatial_hit_test_sync_ms,ms,185,3.8999998569488525
Atlas,1c2e54b3b8df+bench,SVG,instrument-2026-10-07T06-46-37.937Z,mixed-5000-seed-41544c53,miss,spatial_hit_test_sync_ms,ms,186,3.799999952316284
Atlas,1c2e54b3b8df+bench,SVG,instrument-2026-10-07T06-46-37.937Z,mixed-5000-seed-41544c53,miss,spatial_hit_test_sync_ms,ms,187,4
Atlas,1c2e54b3b8df+bench,SVG,instrument-2026-10-07T06-46-37.937Z,mixed-5000-seed-41544c53,miss,spatial_hit_test_sync_ms,ms,188,3.9000000953674316
Atlas,1c2e54b3b8df+bench,SVG,instrument-2026-10-07T06-46-37.937Z,mixed-5000-seed-41544c53,miss,spatial_hit_test_sync_ms,ms,189,3.9000000953674316
Atlas,1c2e54b3b8df+bench,SVG,instrument-2026-10-07T06-46-37.937Z,mixed-5000-seed-41544c53,miss,spatial_hit_test_sync_ms,ms,190,3.8999998569488525
Atlas,1c2e54b3b8df+bench,SVG,instrument-2026-10-07T06-46-37.937Z,mixed-5000-seed-41544c53,miss,spatial_hit_test_sync_ms,ms,191,4
Atlas,1c2e54b3b8df+bench,SVG,instrument-2026-10-07T06-46-37.937Z,mixed-5000-seed-41544c53,miss,spatial_hit_test_sync_ms,ms,192,3.9000000953674316
Atlas,1c2e54b3b8df+bench,SVG,instrument-2026-10-07T06-46-37.937Z,mixed-5000-seed-41544c53,miss,spatial_hit_test_sync_ms,ms,193,3.8999998569488525
Atlas,1c2e54b3b8df+bench,SVG,instrument-2026-10-07T06-46-37.937Z,mixed-5000-seed-41544c53,miss,spatial_hit_test_sync_ms,ms,194,3.9000000953674316
Atlas,1c2e54b3b8df+bench,SVG,instrument-2026-10-07T06-46-37.937Z,mixed-5000-seed-41544c53,miss,spatial_hit_test_sync_ms,ms,195,3.799999952316284
Atlas,1c2e54b3b8df+bench,SVG,instrument-2026-10-07T06-46-37.937Z,mixed-5000-seed-41544c53,miss,spatial_hit_test_sync_ms,ms,196,3.9000000953674316
Atlas,1c2e54b3b8df+bench,SVG,instrument-2026-10-07T06-46-37.937Z,mixed-5000-seed-41544c53,miss,spatial_hit_test_sync_ms,ms,197,4
Atlas,1c2e54b3b8df+bench,SVG,instrument-2026-10-07T06-46-37.937Z,mixed-5000-seed-41544c53,miss,spatial_hit_test_sync_ms,ms,198,3.799999952316284
Atlas,1c2e54b3b8df+bench,SVG,instrument-2026-10-07T06-46-37.937Z,mixed-5000-seed-41544c53,miss,spatial_hit_test_sync_ms,ms,199,4
Atlas,1c2e54b3b8df+bench,SVG,instrument-2026-10-07T06-46-37.937Z,mixed-5000-seed-41544c53,miss,root_iterator_creations,count,0,1
Atlas,1c2e54b3b8df+bench,SVG,instrument-2026-10-07T06-46-37.937Z,mixed-5000-seed-41544c53,miss,root_iterator_next_calls,count,0,5001
Atlas,1c2e54b3b8df+bench,SVG,instrument-2026-10-07T06-46-37.937Z,mixed-5000-seed-41544c53,miss,route_membership_reads,count,0,2000
Atlas,1c2e54b3b8df+bench,SVG,instrument-2026-10-07T06-46-37.937Z,mixed-5000-seed-41544c53,miss,layout_rect_reads,count,0,0
Atlas,1c2e54b3b8df+bench,SVG,instrument-2026-10-07T06-46-37.937Z,mixed-5000-seed-41544c53,miss,cleanup_renderer_calls,count,0,0
Atlas,1c2e54b3b8df+bench,SVG,instrument-2026-10-07T06-46-37.937Z,mixed-5000-seed-41544c53,miss,cleanup_stage_children,count,0,0
Atlas,1c2e54b3b8df+bench,SVG,instrument-2026-10-07T06-46-37.937Z,mixed-5000-seed-41544c53,position-single,operation_sync_ms,ms,0,0
Atlas,1c2e54b3b8df+bench,SVG,instrument-2026-10-07T06-46-37.937Z,mixed-5000-seed-41544c53,position-single,operation_to_raf_opportunities_ms,ms,0,33.5
Atlas,1c2e54b3b8df+bench,SVG,instrument-2026-10-07T06-46-37.937Z,mixed-5000-seed-41544c53,position-single,root_iterator_creations,count,0,1
Atlas,1c2e54b3b8df+bench,SVG,instrument-2026-10-07T06-46-37.937Z,mixed-5000-seed-41544c53,position-single,root_iterator_next_calls,count,0,5001
Atlas,1c2e54b3b8df+bench,SVG,instrument-2026-10-07T06-46-37.937Z,mixed-5000-seed-41544c53,position-single,renderer_scene_reads,count,0,1
Atlas,1c2e54b3b8df+bench,SVG,instrument-2026-10-07T06-46-37.937Z,mixed-5000-seed-41544c53,position-single,svg_attribute_writes,count,0,1
Atlas,1c2e54b3b8df+bench,SVG,instrument-2026-10-07T06-46-37.937Z,mixed-5000-seed-41544c53,position-single,renderer_calls,count,0,1
Atlas,1c2e54b3b8df+bench,SVG,instrument-2026-10-07T06-46-37.937Z,mixed-5000-seed-41544c53,position-single,layout_rect_reads,count,0,0
Atlas,1c2e54b3b8df+bench,SVG,instrument-2026-10-07T06-46-37.937Z,mixed-5000-seed-41544c53,position-single,instrumented_renderer_callback_ms,ms,0,0
Atlas,1c2e54b3b8df+bench,SVG,instrument-2026-10-07T06-46-37.937Z,mixed-5000-seed-41544c53,position-single,cleanup_renderer_calls,count,0,0
Atlas,1c2e54b3b8df+bench,SVG,instrument-2026-10-07T06-46-37.937Z,mixed-5000-seed-41544c53,position-single,cleanup_stage_children,count,0,0
Atlas,1c2e54b3b8df+bench,SVG,instrument-2026-10-07T06-46-37.937Z,mixed-5000-seed-41544c53,position-series,operation_sync_ms,ms,0,0.20000004768371582
Atlas,1c2e54b3b8df+bench,SVG,instrument-2026-10-07T06-46-37.937Z,mixed-5000-seed-41544c53,position-series,operation_to_raf_opportunities_ms,ms,0,31
Atlas,1c2e54b3b8df+bench,SVG,instrument-2026-10-07T06-46-37.937Z,mixed-5000-seed-41544c53,position-series,root_iterator_creations,count,0,1
Atlas,1c2e54b3b8df+bench,SVG,instrument-2026-10-07T06-46-37.937Z,mixed-5000-seed-41544c53,position-series,root_iterator_next_calls,count,0,5001
Atlas,1c2e54b3b8df+bench,SVG,instrument-2026-10-07T06-46-37.937Z,mixed-5000-seed-41544c53,position-series,route_membership_reads,count,0,20
Atlas,1c2e54b3b8df+bench,SVG,instrument-2026-10-07T06-46-37.937Z,mixed-5000-seed-41544c53,position-series,renderer_scene_reads,count,0,1
Atlas,1c2e54b3b8df+bench,SVG,instrument-2026-10-07T06-46-37.937Z,mixed-5000-seed-41544c53,position-series,svg_attribute_writes,count,0,140
Atlas,1c2e54b3b8df+bench,SVG,instrument-2026-10-07T06-46-37.937Z,mixed-5000-seed-41544c53,position-series,renderer_calls,count,0,1
Atlas,1c2e54b3b8df+bench,SVG,instrument-2026-10-07T06-46-37.937Z,mixed-5000-seed-41544c53,position-series,layout_rect_reads,count,0,0
Atlas,1c2e54b3b8df+bench,SVG,instrument-2026-10-07T06-46-37.937Z,mixed-5000-seed-41544c53,position-series,instrumented_renderer_callback_ms,ms,0,0.40000009536743164
Atlas,1c2e54b3b8df+bench,SVG,instrument-2026-10-07T06-46-37.937Z,mixed-5000-seed-41544c53,position-series,cleanup_renderer_calls,count,0,0
Atlas,1c2e54b3b8df+bench,SVG,instrument-2026-10-07T06-46-37.937Z,mixed-5000-seed-41544c53,position-series,cleanup_stage_children,count,0,0
Atlas,1c2e54b3b8df+bench,SVG,instrument-2026-10-07T06-46-37.937Z,mixed-5000-seed-41544c53,add-100,operation_sync_ms,ms,0,56.59999990463257
Atlas,1c2e54b3b8df+bench,SVG,instrument-2026-10-07T06-46-37.937Z,mixed-5000-seed-41544c53,add-100,cumulative_operation_ms,ms,100,56.59999990463257
Atlas,1c2e54b3b8df+bench,SVG,instrument-2026-10-07T06-46-37.937Z,mixed-5000-seed-41544c53,add-100,operation_to_raf_opportunities_ms,ms,0,95.09999990463257
Atlas,1c2e54b3b8df+bench,SVG,instrument-2026-10-07T06-46-37.937Z,mixed-5000-seed-41544c53,add-100,root_iterator_creations,count,0,102
Atlas,1c2e54b3b8df+bench,SVG,instrument-2026-10-07T06-46-37.937Z,mixed-5000-seed-41544c53,add-100,root_iterator_next_calls,count,0,515152
Atlas,1c2e54b3b8df+bench,SVG,instrument-2026-10-07T06-46-37.937Z,mixed-5000-seed-41544c53,add-100,renderer_scene_reads,count,0,1
Atlas,1c2e54b3b8df+bench,SVG,instrument-2026-10-07T06-46-37.937Z,mixed-5000-seed-41544c53,add-100,route_membership_reads,count,0,1000
Atlas,1c2e54b3b8df+bench,SVG,instrument-2026-10-07T06-46-37.937Z,mixed-5000-seed-41544c53,add-100,renderer_scene_membership_changes,count,0,1
Atlas,1c2e54b3b8df+bench,SVG,instrument-2026-10-07T06-46-37.937Z,mixed-5000-seed-41544c53,add-100,svg_attribute_writes,count,0,800
Atlas,1c2e54b3b8df+bench,SVG,instrument-2026-10-07T06-46-37.937Z,mixed-5000-seed-41544c53,add-100,svg_attribute_removals,count,0,100
Atlas,1c2e54b3b8df+bench,SVG,instrument-2026-10-07T06-46-37.937Z,mixed-5000-seed-41544c53,add-100,renderer_calls,count,0,1
Atlas,1c2e54b3b8df+bench,SVG,instrument-2026-10-07T06-46-37.937Z,mixed-5000-seed-41544c53,add-100,layout_rect_reads,count,0,0
Atlas,1c2e54b3b8df+bench,SVG,instrument-2026-10-07T06-46-37.937Z,mixed-5000-seed-41544c53,add-100,instrumented_renderer_callback_ms,ms,0,5.200000047683716
Atlas,1c2e54b3b8df+bench,SVG,instrument-2026-10-07T06-46-37.937Z,mixed-5000-seed-41544c53,add-100,cleanup_renderer_calls,count,0,0
Atlas,1c2e54b3b8df+bench,SVG,instrument-2026-10-07T06-46-37.937Z,mixed-5000-seed-41544c53,add-100,cleanup_stage_children,count,0,0
Atlas,1c2e54b3b8df+bench,SVG,instrument-2026-10-07T06-46-37.937Z,mixed-5000-seed-41544c53,add-500,operation_sync_ms,ms,0,214.59999990463257
Atlas,1c2e54b3b8df+bench,SVG,instrument-2026-10-07T06-46-37.937Z,mixed-5000-seed-41544c53,add-500,cumulative_operation_ms,ms,100,47.59999990463257
Atlas,1c2e54b3b8df+bench,SVG,instrument-2026-10-07T06-46-37.937Z,mixed-5000-seed-41544c53,add-500,cumulative_operation_ms,ms,200,88
Atlas,1c2e54b3b8df+bench,SVG,instrument-2026-10-07T06-46-37.937Z,mixed-5000-seed-41544c53,add-500,cumulative_operation_ms,ms,300,129.09999990463257
Atlas,1c2e54b3b8df+bench,SVG,instrument-2026-10-07T06-46-37.937Z,mixed-5000-seed-41544c53,add-500,cumulative_operation_ms,ms,400,170.90000009536743
Atlas,1c2e54b3b8df+bench,SVG,instrument-2026-10-07T06-46-37.937Z,mixed-5000-seed-41544c53,add-500,cumulative_operation_ms,ms,500,214.59999990463257
Atlas,1c2e54b3b8df+bench,SVG,instrument-2026-10-07T06-46-37.937Z,mixed-5000-seed-41544c53,add-500,operation_to_raf_opportunities_ms,ms,0,254.20000004768372
Atlas,1c2e54b3b8df+bench,SVG,instrument-2026-10-07T06-46-37.937Z,mixed-5000-seed-41544c53,add-500,root_iterator_creations,count,0,502
Atlas,1c2e54b3b8df+bench,SVG,instrument-2026-10-07T06-46-37.937Z,mixed-5000-seed-41544c53,add-500,root_iterator_next_calls,count,0,2635752
Atlas,1c2e54b3b8df+bench,SVG,instrument-2026-10-07T06-46-37.937Z,mixed-5000-seed-41544c53,add-500,renderer_scene_reads,count,0,1
Atlas,1c2e54b3b8df+bench,SVG,instrument-2026-10-07T06-46-37.937Z,mixed-5000-seed-41544c53,add-500,route_membership_reads,count,0,1000
Atlas,1c2e54b3b8df+bench,SVG,instrument-2026-10-07T06-46-37.937Z,mixed-5000-seed-41544c53,add-500,renderer_scene_membership_changes,count,0,1
Atlas,1c2e54b3b8df+bench,SVG,instrument-2026-10-07T06-46-37.937Z,mixed-5000-seed-41544c53,add-500,svg_attribute_writes,count,0,4000
Atlas,1c2e54b3b8df+bench,SVG,instrument-2026-10-07T06-46-37.937Z,mixed-5000-seed-41544c53,add-500,svg_attribute_removals,count,0,500
Atlas,1c2e54b3b8df+bench,SVG,instrument-2026-10-07T06-46-37.937Z,mixed-5000-seed-41544c53,add-500,renderer_calls,count,0,1
Atlas,1c2e54b3b8df+bench,SVG,instrument-2026-10-07T06-46-37.937Z,mixed-5000-seed-41544c53,add-500,layout_rect_reads,count,0,0
Atlas,1c2e54b3b8df+bench,SVG,instrument-2026-10-07T06-46-37.937Z,mixed-5000-seed-41544c53,add-500,instrumented_renderer_callback_ms,ms,0,7.700000047683716
Atlas,1c2e54b3b8df+bench,SVG,instrument-2026-10-07T06-46-37.937Z,mixed-5000-seed-41544c53,add-500,cleanup_renderer_calls,count,0,0
Atlas,1c2e54b3b8df+bench,SVG,instrument-2026-10-07T06-46-37.937Z,mixed-5000-seed-41544c53,add-500,cleanup_stage_children,count,0,0
Atlas,1c2e54b3b8df+bench,SVG,instrument-2026-10-07T06-46-37.937Z,mixed-5000-seed-41544c53,add-1000,operation_sync_ms,ms,0,452.2000000476837
Atlas,1c2e54b3b8df+bench,SVG,instrument-2026-10-07T06-46-37.937Z,mixed-5000-seed-41544c53,add-1000,cumulative_operation_ms,ms,100,50.299999952316284
Atlas,1c2e54b3b8df+bench,SVG,instrument-2026-10-07T06-46-37.937Z,mixed-5000-seed-41544c53,add-1000,cumulative_operation_ms,ms,200,94.20000004768372
Atlas,1c2e54b3b8df+bench,SVG,instrument-2026-10-07T06-46-37.937Z,mixed-5000-seed-41544c53,add-1000,cumulative_operation_ms,ms,300,135.79999995231628
Atlas,1c2e54b3b8df+bench,SVG,instrument-2026-10-07T06-46-37.937Z,mixed-5000-seed-41544c53,add-1000,cumulative_operation_ms,ms,400,178.09999990463257
Atlas,1c2e54b3b8df+bench,SVG,instrument-2026-10-07T06-46-37.937Z,mixed-5000-seed-41544c53,add-1000,cumulative_operation_ms,ms,500,221.89999985694885
Atlas,1c2e54b3b8df+bench,SVG,instrument-2026-10-07T06-46-37.937Z,mixed-5000-seed-41544c53,add-1000,cumulative_operation_ms,ms,600,266.7999999523163
Atlas,1c2e54b3b8df+bench,SVG,instrument-2026-10-07T06-46-37.937Z,mixed-5000-seed-41544c53,add-1000,cumulative_operation_ms,ms,700,312.5
Atlas,1c2e54b3b8df+bench,SVG,instrument-2026-10-07T06-46-37.937Z,mixed-5000-seed-41544c53,add-1000,cumulative_operation_ms,ms,800,358.09999990463257
Atlas,1c2e54b3b8df+bench,SVG,instrument-2026-10-07T06-46-37.937Z,mixed-5000-seed-41544c53,add-1000,cumulative_operation_ms,ms,900,405.2000000476837
Atlas,1c2e54b3b8df+bench,SVG,instrument-2026-10-07T06-46-37.937Z,mixed-5000-seed-41544c53,add-1000,cumulative_operation_ms,ms,1000,452.2000000476837
Atlas,1c2e54b3b8df+bench,SVG,instrument-2026-10-07T06-46-37.937Z,mixed-5000-seed-41544c53,add-1000,operation_to_raf_opportunities_ms,ms,0,492.89999985694885
Atlas,1c2e54b3b8df+bench,SVG,instrument-2026-10-07T06-46-37.937Z,mixed-5000-seed-41544c53,add-1000,root_iterator_creations,count,0,1002
Atlas,1c2e54b3b8df+bench,SVG,instrument-2026-10-07T06-46-37.937Z,mixed-5000-seed-41544c53,add-1000,root_iterator_next_calls,count,0,5511502
Atlas,1c2e54b3b8df+bench,SVG,instrument-2026-10-07T06-46-37.937Z,mixed-5000-seed-41544c53,add-1000,renderer_scene_reads,count,0,1
Atlas,1c2e54b3b8df+bench,SVG,instrument-2026-10-07T06-46-37.937Z,mixed-5000-seed-41544c53,add-1000,route_membership_reads,count,0,1000
Atlas,1c2e54b3b8df+bench,SVG,instrument-2026-10-07T06-46-37.937Z,mixed-5000-seed-41544c53,add-1000,renderer_scene_membership_changes,count,0,1
Atlas,1c2e54b3b8df+bench,SVG,instrument-2026-10-07T06-46-37.937Z,mixed-5000-seed-41544c53,add-1000,svg_attribute_writes,count,0,8000
Atlas,1c2e54b3b8df+bench,SVG,instrument-2026-10-07T06-46-37.937Z,mixed-5000-seed-41544c53,add-1000,svg_attribute_removals,count,0,1000
Atlas,1c2e54b3b8df+bench,SVG,instrument-2026-10-07T06-46-37.937Z,mixed-5000-seed-41544c53,add-1000,renderer_calls,count,0,1
Atlas,1c2e54b3b8df+bench,SVG,instrument-2026-10-07T06-46-37.937Z,mixed-5000-seed-41544c53,add-1000,layout_rect_reads,count,0,0
Atlas,1c2e54b3b8df+bench,SVG,instrument-2026-10-07T06-46-37.937Z,mixed-5000-seed-41544c53,add-1000,instrumented_renderer_callback_ms,ms,0,7.700000047683716
Atlas,1c2e54b3b8df+bench,SVG,instrument-2026-10-07T06-46-37.937Z,mixed-5000-seed-41544c53,add-1000,cleanup_renderer_calls,count,0,0
Atlas,1c2e54b3b8df+bench,SVG,instrument-2026-10-07T06-46-37.937Z,mixed-5000-seed-41544c53,add-1000,cleanup_stage_children,count,0,0
Atlas,1c2e54b3b8df+bench,SVG,instrument-2026-10-07T06-46-37.937Z,mixed-5000-seed-41544c53,remove-100,operation_sync_ms,ms,0,61
Atlas,1c2e54b3b8df+bench,SVG,instrument-2026-10-07T06-46-37.937Z,mixed-5000-seed-41544c53,remove-100,cumulative_operation_ms,ms,100,61
Atlas,1c2e54b3b8df+bench,SVG,instrument-2026-10-07T06-46-37.937Z,mixed-5000-seed-41544c53,remove-100,operation_to_raf_opportunities_ms,ms,0,98.29999995231628
Atlas,1c2e54b3b8df+bench,SVG,instrument-2026-10-07T06-46-37.937Z,mixed-5000-seed-41544c53,remove-100,root_iterator_creations,count,0,102
Atlas,1c2e54b3b8df+bench,SVG,instrument-2026-10-07T06-46-37.937Z,mixed-5000-seed-41544c53,remove-100,root_iterator_next_calls,count,0,504952
Atlas,1c2e54b3b8df+bench,SVG,instrument-2026-10-07T06-46-37.937Z,mixed-5000-seed-41544c53,remove-100,renderer_scene_reads,count,0,1
Atlas,1c2e54b3b8df+bench,SVG,instrument-2026-10-07T06-46-37.937Z,mixed-5000-seed-41544c53,remove-100,route_membership_reads,count,0,980
Atlas,1c2e54b3b8df+bench,SVG,instrument-2026-10-07T06-46-37.937Z,mixed-5000-seed-41544c53,remove-100,renderer_scene_membership_changes,count,0,1
Atlas,1c2e54b3b8df+bench,SVG,instrument-2026-10-07T06-46-37.937Z,mixed-5000-seed-41544c53,remove-100,renderer_calls,count,0,1
Atlas,1c2e54b3b8df+bench,SVG,instrument-2026-10-07T06-46-37.937Z,mixed-5000-seed-41544c53,remove-100,layout_rect_reads,count,0,0
Atlas,1c2e54b3b8df+bench,SVG,instrument-2026-10-07T06-46-37.937Z,mixed-5000-seed-41544c53,remove-100,instrumented_renderer_callback_ms,ms,0,4.3999998569488525
Atlas,1c2e54b3b8df+bench,SVG,instrument-2026-10-07T06-46-37.937Z,mixed-5000-seed-41544c53,remove-100,cleanup_renderer_calls,count,0,0
Atlas,1c2e54b3b8df+bench,SVG,instrument-2026-10-07T06-46-37.937Z,mixed-5000-seed-41544c53,remove-100,cleanup_stage_children,count,0,0
Atlas,1c2e54b3b8df+bench,SVG,instrument-2026-10-07T06-46-37.937Z,mixed-5000-seed-41544c53,remove-500,operation_sync_ms,ms,0,226.5
Atlas,1c2e54b3b8df+bench,SVG,instrument-2026-10-07T06-46-37.937Z,mixed-5000-seed-41544c53,remove-500,cumulative_operation_ms,ms,100,52.299999952316284
Atlas,1c2e54b3b8df+bench,SVG,instrument-2026-10-07T06-46-37.937Z,mixed-5000-seed-41544c53,remove-500,cumulative_operation_ms,ms,200,97.29999995231628
Atlas,1c2e54b3b8df+bench,SVG,instrument-2026-10-07T06-46-37.937Z,mixed-5000-seed-41544c53,remove-500,cumulative_operation_ms,ms,300,142.09999990463257
Atlas,1c2e54b3b8df+bench,SVG,instrument-2026-10-07T06-46-37.937Z,mixed-5000-seed-41544c53,remove-500,cumulative_operation_ms,ms,400,185.5
Atlas,1c2e54b3b8df+bench,SVG,instrument-2026-10-07T06-46-37.937Z,mixed-5000-seed-41544c53,remove-500,cumulative_operation_ms,ms,500,226.5
Atlas,1c2e54b3b8df+bench,SVG,instrument-2026-10-07T06-46-37.937Z,mixed-5000-seed-41544c53,remove-500,operation_to_raf_opportunities_ms,ms,0,256.59999990463257
Atlas,1c2e54b3b8df+bench,SVG,instrument-2026-10-07T06-46-37.937Z,mixed-5000-seed-41544c53,remove-500,root_iterator_creations,count,0,502
Atlas,1c2e54b3b8df+bench,SVG,instrument-2026-10-07T06-46-37.937Z,mixed-5000-seed-41544c53,remove-500,root_iterator_next_calls,count,0,2384752
Atlas,1c2e54b3b8df+bench,SVG,instrument-2026-10-07T06-46-37.937Z,mixed-5000-seed-41544c53,remove-500,renderer_scene_reads,count,0,1
Atlas,1c2e54b3b8df+bench,SVG,instrument-2026-10-07T06-46-37.937Z,mixed-5000-seed-41544c53,remove-500,route_membership_reads,count,0,900
Atlas,1c2e54b3b8df+bench,SVG,instrument-2026-10-07T06-46-37.937Z,mixed-5000-seed-41544c53,remove-500,renderer_scene_membership_changes,count,0,1
Atlas,1c2e54b3b8df+bench,SVG,instrument-2026-10-07T06-46-37.937Z,mixed-5000-seed-41544c53,remove-500,renderer_calls,count,0,1
Atlas,1c2e54b3b8df+bench,SVG,instrument-2026-10-07T06-46-37.937Z,mixed-5000-seed-41544c53,remove-500,layout_rect_reads,count,0,0
Atlas,1c2e54b3b8df+bench,SVG,instrument-2026-10-07T06-46-37.937Z,mixed-5000-seed-41544c53,remove-500,instrumented_renderer_callback_ms,ms,0,4.3999998569488525
Atlas,1c2e54b3b8df+bench,SVG,instrument-2026-10-07T06-46-37.937Z,mixed-5000-seed-41544c53,remove-500,cleanup_renderer_calls,count,0,0
Atlas,1c2e54b3b8df+bench,SVG,instrument-2026-10-07T06-46-37.937Z,mixed-5000-seed-41544c53,remove-500,cleanup_stage_children,count,0,0
Atlas,1c2e54b3b8df+bench,SVG,instrument-2026-10-07T06-46-37.937Z,mixed-5000-seed-41544c53,remove-1000,operation_sync_ms,ms,0,478.39999985694885
Atlas,1c2e54b3b8df+bench,SVG,instrument-2026-10-07T06-46-37.937Z,mixed-5000-seed-41544c53,remove-1000,cumulative_operation_ms,ms,100,100.5
Atlas,1c2e54b3b8df+bench,SVG,instrument-2026-10-07T06-46-37.937Z,mixed-5000-seed-41544c53,remove-1000,cumulative_operation_ms,ms,200,154.39999985694885
Atlas,1c2e54b3b8df+bench,SVG,instrument-2026-10-07T06-46-37.937Z,mixed-5000-seed-41544c53,remove-1000,cumulative_operation_ms,ms,300,201.79999995231628
Atlas,1c2e54b3b8df+bench,SVG,instrument-2026-10-07T06-46-37.937Z,mixed-5000-seed-41544c53,remove-1000,cumulative_operation_ms,ms,400,246
Atlas,1c2e54b3b8df+bench,SVG,instrument-2026-10-07T06-46-37.937Z,mixed-5000-seed-41544c53,remove-1000,cumulative_operation_ms,ms,500,287.2000000476837
Atlas,1c2e54b3b8df+bench,SVG,instrument-2026-10-07T06-46-37.937Z,mixed-5000-seed-41544c53,remove-1000,cumulative_operation_ms,ms,600,327.89999985694885
Atlas,1c2e54b3b8df+bench,SVG,instrument-2026-10-07T06-46-37.937Z,mixed-5000-seed-41544c53,remove-1000,cumulative_operation_ms,ms,700,366.09999990463257
Atlas,1c2e54b3b8df+bench,SVG,instrument-2026-10-07T06-46-37.937Z,mixed-5000-seed-41544c53,remove-1000,cumulative_operation_ms,ms,800,404.39999985694885
Atlas,1c2e54b3b8df+bench,SVG,instrument-2026-10-07T06-46-37.937Z,mixed-5000-seed-41544c53,remove-1000,cumulative_operation_ms,ms,900,441.2000000476837
Atlas,1c2e54b3b8df+bench,SVG,instrument-2026-10-07T06-46-37.937Z,mixed-5000-seed-41544c53,remove-1000,cumulative_operation_ms,ms,1000,478.39999985694885
Atlas,1c2e54b3b8df+bench,SVG,instrument-2026-10-07T06-46-37.937Z,mixed-5000-seed-41544c53,remove-1000,operation_to_raf_opportunities_ms,ms,0,532.7999999523163
Atlas,1c2e54b3b8df+bench,SVG,instrument-2026-10-07T06-46-37.937Z,mixed-5000-seed-41544c53,remove-1000,root_iterator_creations,count,0,1002
Atlas,1c2e54b3b8df+bench,SVG,instrument-2026-10-07T06-46-37.937Z,mixed-5000-seed-41544c53,remove-1000,root_iterator_next_calls,count,0,4509502
Atlas,1c2e54b3b8df+bench,SVG,instrument-2026-10-07T06-46-37.937Z,mixed-5000-seed-41544c53,remove-1000,renderer_scene_reads,count,0,1
Atlas,1c2e54b3b8df+bench,SVG,instrument-2026-10-07T06-46-37.937Z,mixed-5000-seed-41544c53,remove-1000,route_membership_reads,count,0,800
Atlas,1c2e54b3b8df+bench,SVG,instrument-2026-10-07T06-46-37.937Z,mixed-5000-seed-41544c53,remove-1000,renderer_scene_membership_changes,count,0,1
Atlas,1c2e54b3b8df+bench,SVG,instrument-2026-10-07T06-46-37.937Z,mixed-5000-seed-41544c53,remove-1000,renderer_calls,count,0,1
Atlas,1c2e54b3b8df+bench,SVG,instrument-2026-10-07T06-46-37.937Z,mixed-5000-seed-41544c53,remove-1000,layout_rect_reads,count,0,0
Atlas,1c2e54b3b8df+bench,SVG,instrument-2026-10-07T06-46-37.937Z,mixed-5000-seed-41544c53,remove-1000,instrumented_renderer_callback_ms,ms,0,7
Atlas,1c2e54b3b8df+bench,SVG,instrument-2026-10-07T06-46-37.937Z,mixed-5000-seed-41544c53,remove-1000,cleanup_renderer_calls,count,0,0
Atlas,1c2e54b3b8df+bench,SVG,instrument-2026-10-07T06-46-37.937Z,mixed-5000-seed-41544c53,remove-1000,cleanup_stage_children,count,0,0
Atlas,1c2e54b3b8df+bench,SVG,instrument-2026-10-07T06-46-37.937Z,mixed-5000-seed-41544c53,route-update,operation_sync_ms,ms,0,0.10000014305114746
Atlas,1c2e54b3b8df+bench,SVG,instrument-2026-10-07T06-46-37.937Z,mixed-5000-seed-41544c53,route-update,operation_to_raf_opportunities_ms,ms,0,44.700000047683716
Atlas,1c2e54b3b8df+bench,SVG,instrument-2026-10-07T06-46-37.937Z,mixed-5000-seed-41544c53,route-update,root_iterator_creations,count,0,2
Atlas,1c2e54b3b8df+bench,SVG,instrument-2026-10-07T06-46-37.937Z,mixed-5000-seed-41544c53,route-update,root_iterator_next_calls,count,0,10002
Atlas,1c2e54b3b8df+bench,SVG,instrument-2026-10-07T06-46-37.937Z,mixed-5000-seed-41544c53,route-update,route_membership_reads,count,0,1002
Atlas,1c2e54b3b8df+bench,SVG,instrument-2026-10-07T06-46-37.937Z,mixed-5000-seed-41544c53,route-update,renderer_scene_reads,count,0,1
Atlas,1c2e54b3b8df+bench,SVG,instrument-2026-10-07T06-46-37.937Z,mixed-5000-seed-41544c53,route-update,renderer_scene_membership_changes,count,0,1
Atlas,1c2e54b3b8df+bench,SVG,instrument-2026-10-07T06-46-37.937Z,mixed-5000-seed-41544c53,route-update,svg_attribute_writes,count,0,17
Atlas,1c2e54b3b8df+bench,SVG,instrument-2026-10-07T06-46-37.937Z,mixed-5000-seed-41544c53,route-update,svg_attribute_removals,count,0,2
Atlas,1c2e54b3b8df+bench,SVG,instrument-2026-10-07T06-46-37.937Z,mixed-5000-seed-41544c53,route-update,renderer_calls,count,0,1
Atlas,1c2e54b3b8df+bench,SVG,instrument-2026-10-07T06-46-37.937Z,mixed-5000-seed-41544c53,route-update,layout_rect_reads,count,0,0
Atlas,1c2e54b3b8df+bench,SVG,instrument-2026-10-07T06-46-37.937Z,mixed-5000-seed-41544c53,route-update,instrumented_renderer_callback_ms,ms,0,4.5
Atlas,1c2e54b3b8df+bench,SVG,instrument-2026-10-07T06-46-37.937Z,mixed-5000-seed-41544c53,route-update,cleanup_renderer_calls,count,0,0
Atlas,1c2e54b3b8df+bench,SVG,instrument-2026-10-07T06-46-37.937Z,mixed-5000-seed-41544c53,route-update,cleanup_stage_children,count,0,0
Atlas,1c2e54b3b8df+bench,SVG,instrument-2026-10-07T06-46-37.937Z,mixed-5000-seed-41544c53,wheel-input,synthetic_wheel_dispatch_sync_ms,ms,0,0
Atlas,1c2e54b3b8df+bench,SVG,instrument-2026-10-07T06-46-37.937Z,mixed-5000-seed-41544c53,wheel-input,synthetic_wheel_dispatch_sync_ms,ms,1,0.09999990463256836
Atlas,1c2e54b3b8df+bench,SVG,instrument-2026-10-07T06-46-37.937Z,mixed-5000-seed-41544c53,wheel-input,synthetic_wheel_dispatch_sync_ms,ms,2,0
Atlas,1c2e54b3b8df+bench,SVG,instrument-2026-10-07T06-46-37.937Z,mixed-5000-seed-41544c53,wheel-input,synthetic_wheel_dispatch_sync_ms,ms,3,0.09999990463256836
Atlas,1c2e54b3b8df+bench,SVG,instrument-2026-10-07T06-46-37.937Z,mixed-5000-seed-41544c53,wheel-input,synthetic_wheel_dispatch_sync_ms,ms,4,0.10000014305114746
Atlas,1c2e54b3b8df+bench,SVG,instrument-2026-10-07T06-46-37.937Z,mixed-5000-seed-41544c53,wheel-input,synthetic_wheel_dispatch_sync_ms,ms,5,0
Atlas,1c2e54b3b8df+bench,SVG,instrument-2026-10-07T06-46-37.937Z,mixed-5000-seed-41544c53,wheel-input,synthetic_wheel_dispatch_sync_ms,ms,6,0
Atlas,1c2e54b3b8df+bench,SVG,instrument-2026-10-07T06-46-37.937Z,mixed-5000-seed-41544c53,wheel-input,synthetic_wheel_dispatch_sync_ms,ms,7,0.09999990463256836
Atlas,1c2e54b3b8df+bench,SVG,instrument-2026-10-07T06-46-37.937Z,mixed-5000-seed-41544c53,wheel-input,synthetic_wheel_dispatch_sync_ms,ms,8,0.09999990463256836
Atlas,1c2e54b3b8df+bench,SVG,instrument-2026-10-07T06-46-37.937Z,mixed-5000-seed-41544c53,wheel-input,synthetic_wheel_dispatch_sync_ms,ms,9,0.09999990463256836
Atlas,1c2e54b3b8df+bench,SVG,instrument-2026-10-07T06-46-37.937Z,mixed-5000-seed-41544c53,wheel-input,layout_rect_reads,count,0,52
Atlas,1c2e54b3b8df+bench,SVG,instrument-2026-10-07T06-46-37.937Z,mixed-5000-seed-41544c53,wheel-input,renderer_scene_reads,count,0,10
Atlas,1c2e54b3b8df+bench,SVG,instrument-2026-10-07T06-46-37.937Z,mixed-5000-seed-41544c53,wheel-input,svg_attribute_writes,count,0,99970
Atlas,1c2e54b3b8df+bench,SVG,instrument-2026-10-07T06-46-37.937Z,mixed-5000-seed-41544c53,wheel-input,renderer_calls,count,0,10
Atlas,1c2e54b3b8df+bench,SVG,instrument-2026-10-07T06-46-37.937Z,mixed-5000-seed-41544c53,wheel-input,instrumented_renderer_callback_ms,ms,0,5.900000095367432
Atlas,1c2e54b3b8df+bench,SVG,instrument-2026-10-07T06-46-37.937Z,mixed-5000-seed-41544c53,wheel-input,instrumented_renderer_callback_ms,ms,1,4.099999904632568
Atlas,1c2e54b3b8df+bench,SVG,instrument-2026-10-07T06-46-37.937Z,mixed-5000-seed-41544c53,wheel-input,instrumented_renderer_callback_ms,ms,2,4
Atlas,1c2e54b3b8df+bench,SVG,instrument-2026-10-07T06-46-37.937Z,mixed-5000-seed-41544c53,wheel-input,instrumented_renderer_callback_ms,ms,3,4.200000047683716
Atlas,1c2e54b3b8df+bench,SVG,instrument-2026-10-07T06-46-37.937Z,mixed-5000-seed-41544c53,wheel-input,instrumented_renderer_callback_ms,ms,4,4
Atlas,1c2e54b3b8df+bench,SVG,instrument-2026-10-07T06-46-37.937Z,mixed-5000-seed-41544c53,wheel-input,instrumented_renderer_callback_ms,ms,5,4.200000047683716
Atlas,1c2e54b3b8df+bench,SVG,instrument-2026-10-07T06-46-37.937Z,mixed-5000-seed-41544c53,wheel-input,instrumented_renderer_callback_ms,ms,6,4.3999998569488525
Atlas,1c2e54b3b8df+bench,SVG,instrument-2026-10-07T06-46-37.937Z,mixed-5000-seed-41544c53,wheel-input,instrumented_renderer_callback_ms,ms,7,6.200000047683716
Atlas,1c2e54b3b8df+bench,SVG,instrument-2026-10-07T06-46-37.937Z,mixed-5000-seed-41544c53,wheel-input,instrumented_renderer_callback_ms,ms,8,4
Atlas,1c2e54b3b8df+bench,SVG,instrument-2026-10-07T06-46-37.937Z,mixed-5000-seed-41544c53,wheel-input,instrumented_renderer_callback_ms,ms,9,4.1000001430511475
Atlas,1c2e54b3b8df+bench,SVG,instrument-2026-10-07T06-46-37.937Z,mixed-5000-seed-41544c53,wheel-input,cleanup_renderer_calls,count,0,0
Atlas,1c2e54b3b8df+bench,SVG,instrument-2026-10-07T06-46-37.937Z,mixed-5000-seed-41544c53,wheel-input,cleanup_stage_children,count,0,0
