engine,version,renderer,runId,sceneId,scenario,metric,unit,sample,value
Atlas,1c2e54b3b8df+bench,SVG,instrument-2026-10-07T06-37-50.292Z,points-3000-seed-41544c53,load,load_promise_ms,ms,0,8
Atlas,1c2e54b3b8df+bench,SVG,instrument-2026-10-07T06-37-50.292Z,points-3000-seed-41544c53,load,create_to_raf_opportunities_ms,ms,0,61.40000009536743
Atlas,1c2e54b3b8df+bench,SVG,instrument-2026-10-07T06-37-50.292Z,points-3000-seed-41544c53,load,semantic_roots,count,0,3000
Atlas,1c2e54b3b8df+bench,SVG,instrument-2026-10-07T06-37-50.292Z,points-3000-seed-41544c53,load,owned_points,count,0,0
Atlas,1c2e54b3b8df+bench,SVG,instrument-2026-10-07T06-37-50.292Z,points-3000-seed-41544c53,load,visual_primitives,count,0,3000
Atlas,1c2e54b3b8df+bench,SVG,instrument-2026-10-07T06-37-50.292Z,points-3000-seed-41544c53,load,svg_element_nodes,count,0,6002
Atlas,1c2e54b3b8df+bench,SVG,instrument-2026-10-07T06-37-50.292Z,points-3000-seed-41544c53,load,shadow_element_nodes,count,0,6003
Atlas,1c2e54b3b8df+bench,SVG,instrument-2026-10-07T06-37-50.292Z,points-3000-seed-41544c53,load,shadow_dom_nodes,count,0,6006
Atlas,1c2e54b3b8df+bench,SVG,instrument-2026-10-07T06-37-50.292Z,points-3000-seed-41544c53,load,root_iterator_creations,count,0,6
Atlas,1c2e54b3b8df+bench,SVG,instrument-2026-10-07T06-37-50.292Z,points-3000-seed-41544c53,load,root_iterator_next_calls,count,0,12004
Atlas,1c2e54b3b8df+bench,SVG,instrument-2026-10-07T06-37-50.292Z,points-3000-seed-41544c53,load,svg_attribute_writes,count,0,24008
Atlas,1c2e54b3b8df+bench,SVG,instrument-2026-10-07T06-37-50.292Z,points-3000-seed-41544c53,load,renderer_calls,count,0,2
Atlas,1c2e54b3b8df+bench,SVG,instrument-2026-10-07T06-37-50.292Z,points-3000-seed-41544c53,load,renderer_scene_reads,count,0,2
Atlas,1c2e54b3b8df+bench,SVG,instrument-2026-10-07T06-37-50.292Z,points-3000-seed-41544c53,load,svg_attribute_removals,count,0,3000
Atlas,1c2e54b3b8df+bench,SVG,instrument-2026-10-07T06-37-50.292Z,points-3000-seed-41544c53,load,layout_rect_reads,count,0,0
Atlas,1c2e54b3b8df+bench,SVG,instrument-2026-10-07T06-37-50.292Z,points-3000-seed-41544c53,load,instrumented_renderer_callback_ms,ms,0,0
Atlas,1c2e54b3b8df+bench,SVG,instrument-2026-10-07T06-37-50.292Z,points-3000-seed-41544c53,load,instrumented_renderer_callback_ms,ms,1,3.5
Atlas,1c2e54b3b8df+bench,SVG,instrument-2026-10-07T06-37-50.292Z,points-3000-seed-41544c53,load,instrumented_prepare_promise_ms,ms,0,4.400000095367432
Atlas,1c2e54b3b8df+bench,SVG,instrument-2026-10-07T06-37-50.292Z,points-3000-seed-41544c53,load,cleanup_renderer_calls,count,0,0
Atlas,1c2e54b3b8df+bench,SVG,instrument-2026-10-07T06-37-50.292Z,points-3000-seed-41544c53,load,cleanup_stage_children,count,0,0
Atlas,1c2e54b3b8df+bench,SVG,instrument-2026-10-07T06-37-50.292Z,points-3000-seed-41544c53,pan,frame_interval_ms,ms,0,16.70000000001164
Atlas,1c2e54b3b8df+bench,SVG,instrument-2026-10-07T06-37-50.292Z,points-3000-seed-41544c53,pan,camera_api_sync_ms,ms,0,0
Atlas,1c2e54b3b8df+bench,SVG,instrument-2026-10-07T06-37-50.292Z,points-3000-seed-41544c53,pan,frame_interval_ms,ms,1,16.70000000001164
Atlas,1c2e54b3b8df+bench,SVG,instrument-2026-10-07T06-37-50.292Z,points-3000-seed-41544c53,pan,camera_api_sync_ms,ms,1,0
Atlas,1c2e54b3b8df+bench,SVG,instrument-2026-10-07T06-37-50.292Z,points-3000-seed-41544c53,pan,frame_interval_ms,ms,2,16.599999999976717
Atlas,1c2e54b3b8df+bench,SVG,instrument-2026-10-07T06-37-50.292Z,points-3000-seed-41544c53,pan,camera_api_sync_ms,ms,2,0
Atlas,1c2e54b3b8df+bench,SVG,instrument-2026-10-07T06-37-50.292Z,points-3000-seed-41544c53,pan,frame_interval_ms,ms,3,16.70000000001164
Atlas,1c2e54b3b8df+bench,SVG,instrument-2026-10-07T06-37-50.292Z,points-3000-seed-41544c53,pan,camera_api_sync_ms,ms,3,0
Atlas,1c2e54b3b8df+bench,SVG,instrument-2026-10-07T06-37-50.292Z,points-3000-seed-41544c53,pan,frame_interval_ms,ms,4,16.60000000000582
Atlas,1c2e54b3b8df+bench,SVG,instrument-2026-10-07T06-37-50.292Z,points-3000-seed-41544c53,pan,camera_api_sync_ms,ms,4,0.09999990463256836
Atlas,1c2e54b3b8df+bench,SVG,instrument-2026-10-07T06-37-50.292Z,points-3000-seed-41544c53,pan,frame_interval_ms,ms,5,16.699999999982538
Atlas,1c2e54b3b8df+bench,SVG,instrument-2026-10-07T06-37-50.292Z,points-3000-seed-41544c53,pan,camera_api_sync_ms,ms,5,0
Atlas,1c2e54b3b8df+bench,SVG,instrument-2026-10-07T06-37-50.292Z,points-3000-seed-41544c53,pan,frame_interval_ms,ms,6,16.70000000001164
Atlas,1c2e54b3b8df+bench,SVG,instrument-2026-10-07T06-37-50.292Z,points-3000-seed-41544c53,pan,camera_api_sync_ms,ms,6,0
Atlas,1c2e54b3b8df+bench,SVG,instrument-2026-10-07T06-37-50.292Z,points-3000-seed-41544c53,pan,frame_interval_ms,ms,7,16.60000000000582
Atlas,1c2e54b3b8df+bench,SVG,instrument-2026-10-07T06-37-50.292Z,points-3000-seed-41544c53,pan,camera_api_sync_ms,ms,7,0
Atlas,1c2e54b3b8df+bench,SVG,instrument-2026-10-07T06-37-50.292Z,points-3000-seed-41544c53,pan,frame_interval_ms,ms,8,16.699999999982538
Atlas,1c2e54b3b8df+bench,SVG,instrument-2026-10-07T06-37-50.292Z,points-3000-seed-41544c53,pan,camera_api_sync_ms,ms,8,0
Atlas,1c2e54b3b8df+bench,SVG,instrument-2026-10-07T06-37-50.292Z,points-3000-seed-41544c53,pan,frame_interval_ms,ms,9,16.70000000001164
Atlas,1c2e54b3b8df+bench,SVG,instrument-2026-10-07T06-37-50.292Z,points-3000-seed-41544c53,pan,camera_api_sync_ms,ms,9,0.10000014305114746
Atlas,1c2e54b3b8df+bench,SVG,instrument-2026-10-07T06-37-50.292Z,points-3000-seed-41544c53,pan,frame_interval_ms,ms,10,16.60000000000582
Atlas,1c2e54b3b8df+bench,SVG,instrument-2026-10-07T06-37-50.292Z,points-3000-seed-41544c53,pan,camera_api_sync_ms,ms,10,0
Atlas,1c2e54b3b8df+bench,SVG,instrument-2026-10-07T06-37-50.292Z,points-3000-seed-41544c53,pan,frame_interval_ms,ms,11,16.699999999982538
Atlas,1c2e54b3b8df+bench,SVG,instrument-2026-10-07T06-37-50.292Z,points-3000-seed-41544c53,pan,camera_api_sync_ms,ms,11,0
Atlas,1c2e54b3b8df+bench,SVG,instrument-2026-10-07T06-37-50.292Z,points-3000-seed-41544c53,pan,frame_interval_ms,ms,12,16.70000000001164
Atlas,1c2e54b3b8df+bench,SVG,instrument-2026-10-07T06-37-50.292Z,points-3000-seed-41544c53,pan,camera_api_sync_ms,ms,12,0
Atlas,1c2e54b3b8df+bench,SVG,instrument-2026-10-07T06-37-50.292Z,points-3000-seed-41544c53,pan,frame_interval_ms,ms,13,16.60000000000582
Atlas,1c2e54b3b8df+bench,SVG,instrument-2026-10-07T06-37-50.292Z,points-3000-seed-41544c53,pan,camera_api_sync_ms,ms,13,0
Atlas,1c2e54b3b8df+bench,SVG,instrument-2026-10-07T06-37-50.292Z,points-3000-seed-41544c53,pan,frame_interval_ms,ms,14,16.699999999982538
Atlas,1c2e54b3b8df+bench,SVG,instrument-2026-10-07T06-37-50.292Z,points-3000-seed-41544c53,pan,camera_api_sync_ms,ms,14,0
Atlas,1c2e54b3b8df+bench,SVG,instrument-2026-10-07T06-37-50.292Z,points-3000-seed-41544c53,pan,frame_interval_ms,ms,15,33.40000000002328
Atlas,1c2e54b3b8df+bench,SVG,instrument-2026-10-07T06-37-50.292Z,points-3000-seed-41544c53,pan,camera_api_sync_ms,ms,15,0
Atlas,1c2e54b3b8df+bench,SVG,instrument-2026-10-07T06-37-50.292Z,points-3000-seed-41544c53,pan,frame_interval_ms,ms,16,16.599999999976717
Atlas,1c2e54b3b8df+bench,SVG,instrument-2026-10-07T06-37-50.292Z,points-3000-seed-41544c53,pan,camera_api_sync_ms,ms,16,0
Atlas,1c2e54b3b8df+bench,SVG,instrument-2026-10-07T06-37-50.292Z,points-3000-seed-41544c53,pan,frame_interval_ms,ms,17,16.60000000000582
Atlas,1c2e54b3b8df+bench,SVG,instrument-2026-10-07T06-37-50.292Z,points-3000-seed-41544c53,pan,camera_api_sync_ms,ms,17,0
Atlas,1c2e54b3b8df+bench,SVG,instrument-2026-10-07T06-37-50.292Z,points-3000-seed-41544c53,pan,frame_interval_ms,ms,18,16.70000000001164
Atlas,1c2e54b3b8df+bench,SVG,instrument-2026-10-07T06-37-50.292Z,points-3000-seed-41544c53,pan,camera_api_sync_ms,ms,18,0
Atlas,1c2e54b3b8df+bench,SVG,instrument-2026-10-07T06-37-50.292Z,points-3000-seed-41544c53,pan,frame_interval_ms,ms,19,16.699999999982538
Atlas,1c2e54b3b8df+bench,SVG,instrument-2026-10-07T06-37-50.292Z,points-3000-seed-41544c53,pan,camera_api_sync_ms,ms,19,0
Atlas,1c2e54b3b8df+bench,SVG,instrument-2026-10-07T06-37-50.292Z,points-3000-seed-41544c53,pan,frame_interval_ms,ms,20,16.70000000001164
Atlas,1c2e54b3b8df+bench,SVG,instrument-2026-10-07T06-37-50.292Z,points-3000-seed-41544c53,pan,camera_api_sync_ms,ms,20,0
Atlas,1c2e54b3b8df+bench,SVG,instrument-2026-10-07T06-37-50.292Z,points-3000-seed-41544c53,pan,frame_interval_ms,ms,21,16.60000000000582
Atlas,1c2e54b3b8df+bench,SVG,instrument-2026-10-07T06-37-50.292Z,points-3000-seed-41544c53,pan,camera_api_sync_ms,ms,21,0
Atlas,1c2e54b3b8df+bench,SVG,instrument-2026-10-07T06-37-50.292Z,points-3000-seed-41544c53,pan,frame_interval_ms,ms,22,16.699999999982538
Atlas,1c2e54b3b8df+bench,SVG,instrument-2026-10-07T06-37-50.292Z,points-3000-seed-41544c53,pan,camera_api_sync_ms,ms,22,0
Atlas,1c2e54b3b8df+bench,SVG,instrument-2026-10-07T06-37-50.292Z,points-3000-seed-41544c53,pan,frame_interval_ms,ms,23,16.70000000001164
Atlas,1c2e54b3b8df+bench,SVG,instrument-2026-10-07T06-37-50.292Z,points-3000-seed-41544c53,pan,camera_api_sync_ms,ms,23,0
Atlas,1c2e54b3b8df+bench,SVG,instrument-2026-10-07T06-37-50.292Z,points-3000-seed-41544c53,pan,frame_interval_ms,ms,24,16.60000000000582
Atlas,1c2e54b3b8df+bench,SVG,instrument-2026-10-07T06-37-50.292Z,points-3000-seed-41544c53,pan,camera_api_sync_ms,ms,24,0
Atlas,1c2e54b3b8df+bench,SVG,instrument-2026-10-07T06-37-50.292Z,points-3000-seed-41544c53,pan,frame_interval_ms,ms,25,16.699999999982538
Atlas,1c2e54b3b8df+bench,SVG,instrument-2026-10-07T06-37-50.292Z,points-3000-seed-41544c53,pan,camera_api_sync_ms,ms,25,0
Atlas,1c2e54b3b8df+bench,SVG,instrument-2026-10-07T06-37-50.292Z,points-3000-seed-41544c53,pan,frame_interval_ms,ms,26,16.70000000001164
Atlas,1c2e54b3b8df+bench,SVG,instrument-2026-10-07T06-37-50.292Z,points-3000-seed-41544c53,pan,camera_api_sync_ms,ms,26,0
Atlas,1c2e54b3b8df+bench,SVG,instrument-2026-10-07T06-37-50.292Z,points-3000-seed-41544c53,pan,frame_interval_ms,ms,27,16.70000000001164
Atlas,1c2e54b3b8df+bench,SVG,instrument-2026-10-07T06-37-50.292Z,points-3000-seed-41544c53,pan,camera_api_sync_ms,ms,27,0
Atlas,1c2e54b3b8df+bench,SVG,instrument-2026-10-07T06-37-50.292Z,points-3000-seed-41544c53,pan,frame_interval_ms,ms,28,16.599999999976717
Atlas,1c2e54b3b8df+bench,SVG,instrument-2026-10-07T06-37-50.292Z,points-3000-seed-41544c53,pan,camera_api_sync_ms,ms,28,0
Atlas,1c2e54b3b8df+bench,SVG,instrument-2026-10-07T06-37-50.292Z,points-3000-seed-41544c53,pan,frame_interval_ms,ms,29,16.70000000001164
Atlas,1c2e54b3b8df+bench,SVG,instrument-2026-10-07T06-37-50.292Z,points-3000-seed-41544c53,pan,camera_api_sync_ms,ms,29,0
Atlas,1c2e54b3b8df+bench,SVG,instrument-2026-10-07T06-37-50.292Z,points-3000-seed-41544c53,pan,frame_interval_ms,ms,30,16.70000000001164
Atlas,1c2e54b3b8df+bench,SVG,instrument-2026-10-07T06-37-50.292Z,points-3000-seed-41544c53,pan,camera_api_sync_ms,ms,30,0
Atlas,1c2e54b3b8df+bench,SVG,instrument-2026-10-07T06-37-50.292Z,points-3000-seed-41544c53,pan,frame_interval_ms,ms,31,33.29999999998836
Atlas,1c2e54b3b8df+bench,SVG,instrument-2026-10-07T06-37-50.292Z,points-3000-seed-41544c53,pan,camera_api_sync_ms,ms,31,0
Atlas,1c2e54b3b8df+bench,SVG,instrument-2026-10-07T06-37-50.292Z,points-3000-seed-41544c53,pan,frame_interval_ms,ms,32,16.60000000000582
Atlas,1c2e54b3b8df+bench,SVG,instrument-2026-10-07T06-37-50.292Z,points-3000-seed-41544c53,pan,camera_api_sync_ms,ms,32,0
Atlas,1c2e54b3b8df+bench,SVG,instrument-2026-10-07T06-37-50.292Z,points-3000-seed-41544c53,pan,frame_interval_ms,ms,33,16.699999999982538
Atlas,1c2e54b3b8df+bench,SVG,instrument-2026-10-07T06-37-50.292Z,points-3000-seed-41544c53,pan,camera_api_sync_ms,ms,33,0
Atlas,1c2e54b3b8df+bench,SVG,instrument-2026-10-07T06-37-50.292Z,points-3000-seed-41544c53,pan,frame_interval_ms,ms,34,16.70000000001164
Atlas,1c2e54b3b8df+bench,SVG,instrument-2026-10-07T06-37-50.292Z,points-3000-seed-41544c53,pan,camera_api_sync_ms,ms,34,0
Atlas,1c2e54b3b8df+bench,SVG,instrument-2026-10-07T06-37-50.292Z,points-3000-seed-41544c53,pan,frame_interval_ms,ms,35,16.60000000000582
Atlas,1c2e54b3b8df+bench,SVG,instrument-2026-10-07T06-37-50.292Z,points-3000-seed-41544c53,pan,camera_api_sync_ms,ms,35,0
Atlas,1c2e54b3b8df+bench,SVG,instrument-2026-10-07T06-37-50.292Z,points-3000-seed-41544c53,pan,frame_interval_ms,ms,36,16.699999999982538
Atlas,1c2e54b3b8df+bench,SVG,instrument-2026-10-07T06-37-50.292Z,points-3000-seed-41544c53,pan,camera_api_sync_ms,ms,36,0
Atlas,1c2e54b3b8df+bench,SVG,instrument-2026-10-07T06-37-50.292Z,points-3000-seed-41544c53,pan,frame_interval_ms,ms,37,16.60000000000582
Atlas,1c2e54b3b8df+bench,SVG,instrument-2026-10-07T06-37-50.292Z,points-3000-seed-41544c53,pan,camera_api_sync_ms,ms,37,0
Atlas,1c2e54b3b8df+bench,SVG,instrument-2026-10-07T06-37-50.292Z,points-3000-seed-41544c53,pan,frame_interval_ms,ms,38,16.70000000001164
Atlas,1c2e54b3b8df+bench,SVG,instrument-2026-10-07T06-37-50.292Z,points-3000-seed-41544c53,pan,camera_api_sync_ms,ms,38,0
Atlas,1c2e54b3b8df+bench,SVG,instrument-2026-10-07T06-37-50.292Z,points-3000-seed-41544c53,pan,frame_interval_ms,ms,39,16.699999999982538
Atlas,1c2e54b3b8df+bench,SVG,instrument-2026-10-07T06-37-50.292Z,points-3000-seed-41544c53,pan,camera_api_sync_ms,ms,39,0
Atlas,1c2e54b3b8df+bench,SVG,instrument-2026-10-07T06-37-50.292Z,points-3000-seed-41544c53,pan,frame_interval_ms,ms,40,16.60000000000582
Atlas,1c2e54b3b8df+bench,SVG,instrument-2026-10-07T06-37-50.292Z,points-3000-seed-41544c53,pan,camera_api_sync_ms,ms,40,0
Atlas,1c2e54b3b8df+bench,SVG,instrument-2026-10-07T06-37-50.292Z,points-3000-seed-41544c53,pan,frame_interval_ms,ms,41,16.800000000017462
Atlas,1c2e54b3b8df+bench,SVG,instrument-2026-10-07T06-37-50.292Z,points-3000-seed-41544c53,pan,camera_api_sync_ms,ms,41,0
Atlas,1c2e54b3b8df+bench,SVG,instrument-2026-10-07T06-37-50.292Z,points-3000-seed-41544c53,pan,frame_interval_ms,ms,42,16.599999999976717
Atlas,1c2e54b3b8df+bench,SVG,instrument-2026-10-07T06-37-50.292Z,points-3000-seed-41544c53,pan,camera_api_sync_ms,ms,42,0
Atlas,1c2e54b3b8df+bench,SVG,instrument-2026-10-07T06-37-50.292Z,points-3000-seed-41544c53,pan,frame_interval_ms,ms,43,16.60000000000582
Atlas,1c2e54b3b8df+bench,SVG,instrument-2026-10-07T06-37-50.292Z,points-3000-seed-41544c53,pan,camera_api_sync_ms,ms,43,0
Atlas,1c2e54b3b8df+bench,SVG,instrument-2026-10-07T06-37-50.292Z,points-3000-seed-41544c53,pan,frame_interval_ms,ms,44,16.800000000017462
Atlas,1c2e54b3b8df+bench,SVG,instrument-2026-10-07T06-37-50.292Z,points-3000-seed-41544c53,pan,camera_api_sync_ms,ms,44,0
Atlas,1c2e54b3b8df+bench,SVG,instrument-2026-10-07T06-37-50.292Z,points-3000-seed-41544c53,pan,frame_interval_ms,ms,45,16.599999999976717
Atlas,1c2e54b3b8df+bench,SVG,instrument-2026-10-07T06-37-50.292Z,points-3000-seed-41544c53,pan,camera_api_sync_ms,ms,45,0
Atlas,1c2e54b3b8df+bench,SVG,instrument-2026-10-07T06-37-50.292Z,points-3000-seed-41544c53,pan,frame_interval_ms,ms,46,16.70000000001164
Atlas,1c2e54b3b8df+bench,SVG,instrument-2026-10-07T06-37-50.292Z,points-3000-seed-41544c53,pan,camera_api_sync_ms,ms,46,0
Atlas,1c2e54b3b8df+bench,SVG,instrument-2026-10-07T06-37-50.292Z,points-3000-seed-41544c53,pan,frame_interval_ms,ms,47,16.70000000001164
Atlas,1c2e54b3b8df+bench,SVG,instrument-2026-10-07T06-37-50.292Z,points-3000-seed-41544c53,pan,camera_api_sync_ms,ms,47,0
Atlas,1c2e54b3b8df+bench,SVG,instrument-2026-10-07T06-37-50.292Z,points-3000-seed-41544c53,pan,frame_interval_ms,ms,48,16.599999999976717
Atlas,1c2e54b3b8df+bench,SVG,instrument-2026-10-07T06-37-50.292Z,points-3000-seed-41544c53,pan,camera_api_sync_ms,ms,48,0
Atlas,1c2e54b3b8df+bench,SVG,instrument-2026-10-07T06-37-50.292Z,points-3000-seed-41544c53,pan,frame_interval_ms,ms,49,16.70000000001164
Atlas,1c2e54b3b8df+bench,SVG,instrument-2026-10-07T06-37-50.292Z,points-3000-seed-41544c53,pan,camera_api_sync_ms,ms,49,0
Atlas,1c2e54b3b8df+bench,SVG,instrument-2026-10-07T06-37-50.292Z,points-3000-seed-41544c53,pan,frame_interval_ms,ms,50,33.29999999998836
Atlas,1c2e54b3b8df+bench,SVG,instrument-2026-10-07T06-37-50.292Z,points-3000-seed-41544c53,pan,camera_api_sync_ms,ms,50,0
Atlas,1c2e54b3b8df+bench,SVG,instrument-2026-10-07T06-37-50.292Z,points-3000-seed-41544c53,pan,frame_interval_ms,ms,51,16.70000000001164
Atlas,1c2e54b3b8df+bench,SVG,instrument-2026-10-07T06-37-50.292Z,points-3000-seed-41544c53,pan,camera_api_sync_ms,ms,51,0
Atlas,1c2e54b3b8df+bench,SVG,instrument-2026-10-07T06-37-50.292Z,points-3000-seed-41544c53,pan,frame_interval_ms,ms,52,16.60000000000582
Atlas,1c2e54b3b8df+bench,SVG,instrument-2026-10-07T06-37-50.292Z,points-3000-seed-41544c53,pan,camera_api_sync_ms,ms,52,0
Atlas,1c2e54b3b8df+bench,SVG,instrument-2026-10-07T06-37-50.292Z,points-3000-seed-41544c53,pan,frame_interval_ms,ms,53,16.699999999982538
Atlas,1c2e54b3b8df+bench,SVG,instrument-2026-10-07T06-37-50.292Z,points-3000-seed-41544c53,pan,camera_api_sync_ms,ms,53,0
Atlas,1c2e54b3b8df+bench,SVG,instrument-2026-10-07T06-37-50.292Z,points-3000-seed-41544c53,pan,frame_interval_ms,ms,54,16.60000000000582
Atlas,1c2e54b3b8df+bench,SVG,instrument-2026-10-07T06-37-50.292Z,points-3000-seed-41544c53,pan,camera_api_sync_ms,ms,54,0
Atlas,1c2e54b3b8df+bench,SVG,instrument-2026-10-07T06-37-50.292Z,points-3000-seed-41544c53,pan,frame_interval_ms,ms,55,16.70000000001164
Atlas,1c2e54b3b8df+bench,SVG,instrument-2026-10-07T06-37-50.292Z,points-3000-seed-41544c53,pan,camera_api_sync_ms,ms,55,0
Atlas,1c2e54b3b8df+bench,SVG,instrument-2026-10-07T06-37-50.292Z,points-3000-seed-41544c53,pan,frame_interval_ms,ms,56,16.699999999982538
Atlas,1c2e54b3b8df+bench,SVG,instrument-2026-10-07T06-37-50.292Z,points-3000-seed-41544c53,pan,camera_api_sync_ms,ms,56,0
Atlas,1c2e54b3b8df+bench,SVG,instrument-2026-10-07T06-37-50.292Z,points-3000-seed-41544c53,pan,frame_interval_ms,ms,57,16.70000000001164
Atlas,1c2e54b3b8df+bench,SVG,instrument-2026-10-07T06-37-50.292Z,points-3000-seed-41544c53,pan,camera_api_sync_ms,ms,57,0
Atlas,1c2e54b3b8df+bench,SVG,instrument-2026-10-07T06-37-50.292Z,points-3000-seed-41544c53,pan,frame_interval_ms,ms,58,33.29999999998836
Atlas,1c2e54b3b8df+bench,SVG,instrument-2026-10-07T06-37-50.292Z,points-3000-seed-41544c53,pan,camera_api_sync_ms,ms,58,0
Atlas,1c2e54b3b8df+bench,SVG,instrument-2026-10-07T06-37-50.292Z,points-3000-seed-41544c53,pan,frame_interval_ms,ms,59,16.60000000000582
Atlas,1c2e54b3b8df+bench,SVG,instrument-2026-10-07T06-37-50.292Z,points-3000-seed-41544c53,pan,camera_api_sync_ms,ms,59,0
Atlas,1c2e54b3b8df+bench,SVG,instrument-2026-10-07T06-37-50.292Z,points-3000-seed-41544c53,pan,frame_interval_ms,ms,60,33.39999999999418
Atlas,1c2e54b3b8df+bench,SVG,instrument-2026-10-07T06-37-50.292Z,points-3000-seed-41544c53,pan,camera_api_sync_ms,ms,60,0
Atlas,1c2e54b3b8df+bench,SVG,instrument-2026-10-07T06-37-50.292Z,points-3000-seed-41544c53,pan,frame_interval_ms,ms,61,16.70000000001164
Atlas,1c2e54b3b8df+bench,SVG,instrument-2026-10-07T06-37-50.292Z,points-3000-seed-41544c53,pan,camera_api_sync_ms,ms,61,0
Atlas,1c2e54b3b8df+bench,SVG,instrument-2026-10-07T06-37-50.292Z,points-3000-seed-41544c53,pan,frame_interval_ms,ms,62,33.29999999998836
Atlas,1c2e54b3b8df+bench,SVG,instrument-2026-10-07T06-37-50.292Z,points-3000-seed-41544c53,pan,camera_api_sync_ms,ms,62,0
Atlas,1c2e54b3b8df+bench,SVG,instrument-2026-10-07T06-37-50.292Z,points-3000-seed-41544c53,pan,frame_interval_ms,ms,63,16.60000000000582
Atlas,1c2e54b3b8df+bench,SVG,instrument-2026-10-07T06-37-50.292Z,points-3000-seed-41544c53,pan,camera_api_sync_ms,ms,63,0
Atlas,1c2e54b3b8df+bench,SVG,instrument-2026-10-07T06-37-50.292Z,points-3000-seed-41544c53,pan,frame_interval_ms,ms,64,16.70000000001164
Atlas,1c2e54b3b8df+bench,SVG,instrument-2026-10-07T06-37-50.292Z,points-3000-seed-41544c53,pan,camera_api_sync_ms,ms,64,0
Atlas,1c2e54b3b8df+bench,SVG,instrument-2026-10-07T06-37-50.292Z,points-3000-seed-41544c53,pan,frame_interval_ms,ms,65,16.60000000000582
Atlas,1c2e54b3b8df+bench,SVG,instrument-2026-10-07T06-37-50.292Z,points-3000-seed-41544c53,pan,camera_api_sync_ms,ms,65,0
Atlas,1c2e54b3b8df+bench,SVG,instrument-2026-10-07T06-37-50.292Z,points-3000-seed-41544c53,pan,frame_interval_ms,ms,66,16.699999999982538
Atlas,1c2e54b3b8df+bench,SVG,instrument-2026-10-07T06-37-50.292Z,points-3000-seed-41544c53,pan,camera_api_sync_ms,ms,66,0
Atlas,1c2e54b3b8df+bench,SVG,instrument-2026-10-07T06-37-50.292Z,points-3000-seed-41544c53,pan,frame_interval_ms,ms,67,16.70000000001164
Atlas,1c2e54b3b8df+bench,SVG,instrument-2026-10-07T06-37-50.292Z,points-3000-seed-41544c53,pan,camera_api_sync_ms,ms,67,0
Atlas,1c2e54b3b8df+bench,SVG,instrument-2026-10-07T06-37-50.292Z,points-3000-seed-41544c53,pan,frame_interval_ms,ms,68,33.39999999999418
Atlas,1c2e54b3b8df+bench,SVG,instrument-2026-10-07T06-37-50.292Z,points-3000-seed-41544c53,pan,camera_api_sync_ms,ms,68,0
Atlas,1c2e54b3b8df+bench,SVG,instrument-2026-10-07T06-37-50.292Z,points-3000-seed-41544c53,pan,frame_interval_ms,ms,69,16.60000000000582
Atlas,1c2e54b3b8df+bench,SVG,instrument-2026-10-07T06-37-50.292Z,points-3000-seed-41544c53,pan,camera_api_sync_ms,ms,69,0
Atlas,1c2e54b3b8df+bench,SVG,instrument-2026-10-07T06-37-50.292Z,points-3000-seed-41544c53,pan,frame_interval_ms,ms,70,16.699999999982538
Atlas,1c2e54b3b8df+bench,SVG,instrument-2026-10-07T06-37-50.292Z,points-3000-seed-41544c53,pan,camera_api_sync_ms,ms,70,0.10000014305114746
Atlas,1c2e54b3b8df+bench,SVG,instrument-2026-10-07T06-37-50.292Z,points-3000-seed-41544c53,pan,frame_interval_ms,ms,71,16.60000000000582
Atlas,1c2e54b3b8df+bench,SVG,instrument-2026-10-07T06-37-50.292Z,points-3000-seed-41544c53,pan,camera_api_sync_ms,ms,71,0
Atlas,1c2e54b3b8df+bench,SVG,instrument-2026-10-07T06-37-50.292Z,points-3000-seed-41544c53,pan,frame_interval_ms,ms,72,16.70000000001164
Atlas,1c2e54b3b8df+bench,SVG,instrument-2026-10-07T06-37-50.292Z,points-3000-seed-41544c53,pan,camera_api_sync_ms,ms,72,0.09999990463256836
Atlas,1c2e54b3b8df+bench,SVG,instrument-2026-10-07T06-37-50.292Z,points-3000-seed-41544c53,pan,frame_interval_ms,ms,73,16.60000000000582
Atlas,1c2e54b3b8df+bench,SVG,instrument-2026-10-07T06-37-50.292Z,points-3000-seed-41544c53,pan,camera_api_sync_ms,ms,73,0
Atlas,1c2e54b3b8df+bench,SVG,instrument-2026-10-07T06-37-50.292Z,points-3000-seed-41544c53,pan,frame_interval_ms,ms,74,16.699999999982538
Atlas,1c2e54b3b8df+bench,SVG,instrument-2026-10-07T06-37-50.292Z,points-3000-seed-41544c53,pan,camera_api_sync_ms,ms,74,0
Atlas,1c2e54b3b8df+bench,SVG,instrument-2026-10-07T06-37-50.292Z,points-3000-seed-41544c53,pan,frame_interval_ms,ms,75,16.70000000001164
Atlas,1c2e54b3b8df+bench,SVG,instrument-2026-10-07T06-37-50.292Z,points-3000-seed-41544c53,pan,camera_api_sync_ms,ms,75,0
Atlas,1c2e54b3b8df+bench,SVG,instrument-2026-10-07T06-37-50.292Z,points-3000-seed-41544c53,pan,frame_interval_ms,ms,76,16.60000000000582
Atlas,1c2e54b3b8df+bench,SVG,instrument-2026-10-07T06-37-50.292Z,points-3000-seed-41544c53,pan,camera_api_sync_ms,ms,76,0
Atlas,1c2e54b3b8df+bench,SVG,instrument-2026-10-07T06-37-50.292Z,points-3000-seed-41544c53,pan,frame_interval_ms,ms,77,16.699999999982538
Atlas,1c2e54b3b8df+bench,SVG,instrument-2026-10-07T06-37-50.292Z,points-3000-seed-41544c53,pan,camera_api_sync_ms,ms,77,0
Atlas,1c2e54b3b8df+bench,SVG,instrument-2026-10-07T06-37-50.292Z,points-3000-seed-41544c53,pan,frame_interval_ms,ms,78,16.70000000001164
Atlas,1c2e54b3b8df+bench,SVG,instrument-2026-10-07T06-37-50.292Z,points-3000-seed-41544c53,pan,camera_api_sync_ms,ms,78,0.09999990463256836
Atlas,1c2e54b3b8df+bench,SVG,instrument-2026-10-07T06-37-50.292Z,points-3000-seed-41544c53,pan,frame_interval_ms,ms,79,16.699999999982538
Atlas,1c2e54b3b8df+bench,SVG,instrument-2026-10-07T06-37-50.292Z,points-3000-seed-41544c53,pan,camera_api_sync_ms,ms,79,0
Atlas,1c2e54b3b8df+bench,SVG,instrument-2026-10-07T06-37-50.292Z,points-3000-seed-41544c53,pan,frame_interval_ms,ms,80,16.60000000000582
Atlas,1c2e54b3b8df+bench,SVG,instrument-2026-10-07T06-37-50.292Z,points-3000-seed-41544c53,pan,camera_api_sync_ms,ms,80,0
Atlas,1c2e54b3b8df+bench,SVG,instrument-2026-10-07T06-37-50.292Z,points-3000-seed-41544c53,pan,frame_interval_ms,ms,81,16.70000000001164
Atlas,1c2e54b3b8df+bench,SVG,instrument-2026-10-07T06-37-50.292Z,points-3000-seed-41544c53,pan,camera_api_sync_ms,ms,81,0
Atlas,1c2e54b3b8df+bench,SVG,instrument-2026-10-07T06-37-50.292Z,points-3000-seed-41544c53,pan,frame_interval_ms,ms,82,16.699999999982538
Atlas,1c2e54b3b8df+bench,SVG,instrument-2026-10-07T06-37-50.292Z,points-3000-seed-41544c53,pan,camera_api_sync_ms,ms,82,0
Atlas,1c2e54b3b8df+bench,SVG,instrument-2026-10-07T06-37-50.292Z,points-3000-seed-41544c53,pan,motion_elapsed_ms,ms,0,1500
Atlas,1c2e54b3b8df+bench,SVG,instrument-2026-10-07T06-37-50.292Z,points-3000-seed-41544c53,pan,camera_updates,count,0,83
Atlas,1c2e54b3b8df+bench,SVG,instrument-2026-10-07T06-37-50.292Z,points-3000-seed-41544c53,pan,svg_attribute_writes,count,0,498249
Atlas,1c2e54b3b8df+bench,SVG,instrument-2026-10-07T06-37-50.292Z,points-3000-seed-41544c53,pan,renderer_scene_reads,count,0,83
Atlas,1c2e54b3b8df+bench,SVG,instrument-2026-10-07T06-37-50.292Z,points-3000-seed-41544c53,pan,root_iterator_creations,count,0,83
Atlas,1c2e54b3b8df+bench,SVG,instrument-2026-10-07T06-37-50.292Z,points-3000-seed-41544c53,pan,root_iterator_next_calls,count,0,249000
Atlas,1c2e54b3b8df+bench,SVG,instrument-2026-10-07T06-37-50.292Z,points-3000-seed-41544c53,pan,svg_attribute_removals,count,0,249000
Atlas,1c2e54b3b8df+bench,SVG,instrument-2026-10-07T06-37-50.292Z,points-3000-seed-41544c53,pan,renderer_calls,count,0,83
Atlas,1c2e54b3b8df+bench,SVG,instrument-2026-10-07T06-37-50.292Z,points-3000-seed-41544c53,pan,layout_rect_reads,count,0,0
Atlas,1c2e54b3b8df+bench,SVG,instrument-2026-10-07T06-37-50.292Z,points-3000-seed-41544c53,pan,instrumented_renderer_callback_ms,ms,0,3.6000001430511475
Atlas,1c2e54b3b8df+bench,SVG,instrument-2026-10-07T06-37-50.292Z,points-3000-seed-41544c53,pan,instrumented_renderer_callback_ms,ms,1,3.4000000953674316
Atlas,1c2e54b3b8df+bench,SVG,instrument-2026-10-07T06-37-50.292Z,points-3000-seed-41544c53,pan,instrumented_renderer_callback_ms,ms,2,3.3999998569488525
Atlas,1c2e54b3b8df+bench,SVG,instrument-2026-10-07T06-37-50.292Z,points-3000-seed-41544c53,pan,instrumented_renderer_callback_ms,ms,3,3.299999952316284
Atlas,1c2e54b3b8df+bench,SVG,instrument-2026-10-07T06-37-50.292Z,points-3000-seed-41544c53,pan,instrumented_renderer_callback_ms,ms,4,3.299999952316284
Atlas,1c2e54b3b8df+bench,SVG,instrument-2026-10-07T06-37-50.292Z,points-3000-seed-41544c53,pan,instrumented_renderer_callback_ms,ms,5,3.200000047683716
Atlas,1c2e54b3b8df+bench,SVG,instrument-2026-10-07T06-37-50.292Z,points-3000-seed-41544c53,pan,instrumented_renderer_callback_ms,ms,6,3.4000000953674316
Atlas,1c2e54b3b8df+bench,SVG,instrument-2026-10-07T06-37-50.292Z,points-3000-seed-41544c53,pan,instrumented_renderer_callback_ms,ms,7,3.3999998569488525
Atlas,1c2e54b3b8df+bench,SVG,instrument-2026-10-07T06-37-50.292Z,points-3000-seed-41544c53,pan,instrumented_renderer_callback_ms,ms,8,3.299999952316284
Atlas,1c2e54b3b8df+bench,SVG,instrument-2026-10-07T06-37-50.292Z,points-3000-seed-41544c53,pan,instrumented_renderer_callback_ms,ms,9,3.299999952316284
Atlas,1c2e54b3b8df+bench,SVG,instrument-2026-10-07T06-37-50.292Z,points-3000-seed-41544c53,pan,instrumented_renderer_callback_ms,ms,10,3.200000047683716
Atlas,1c2e54b3b8df+bench,SVG,instrument-2026-10-07T06-37-50.292Z,points-3000-seed-41544c53,pan,instrumented_renderer_callback_ms,ms,11,3.299999952316284
Atlas,1c2e54b3b8df+bench,SVG,instrument-2026-10-07T06-37-50.292Z,points-3000-seed-41544c53,pan,instrumented_renderer_callback_ms,ms,12,3.4000000953674316
Atlas,1c2e54b3b8df+bench,SVG,instrument-2026-10-07T06-37-50.292Z,points-3000-seed-41544c53,pan,instrumented_renderer_callback_ms,ms,13,3.5
Atlas,1c2e54b3b8df+bench,SVG,instrument-2026-10-07T06-37-50.292Z,points-3000-seed-41544c53,pan,instrumented_renderer_callback_ms,ms,14,3.299999952316284
Atlas,1c2e54b3b8df+bench,SVG,instrument-2026-10-07T06-37-50.292Z,points-3000-seed-41544c53,pan,instrumented_renderer_callback_ms,ms,15,3.3999998569488525
Atlas,1c2e54b3b8df+bench,SVG,instrument-2026-10-07T06-37-50.292Z,points-3000-seed-41544c53,pan,instrumented_renderer_callback_ms,ms,16,3.299999952316284
Atlas,1c2e54b3b8df+bench,SVG,instrument-2026-10-07T06-37-50.292Z,points-3000-seed-41544c53,pan,instrumented_renderer_callback_ms,ms,17,3.299999952316284
Atlas,1c2e54b3b8df+bench,SVG,instrument-2026-10-07T06-37-50.292Z,points-3000-seed-41544c53,pan,instrumented_renderer_callback_ms,ms,18,3.200000047683716
Atlas,1c2e54b3b8df+bench,SVG,instrument-2026-10-07T06-37-50.292Z,points-3000-seed-41544c53,pan,instrumented_renderer_callback_ms,ms,19,3.200000047683716
Atlas,1c2e54b3b8df+bench,SVG,instrument-2026-10-07T06-37-50.292Z,points-3000-seed-41544c53,pan,instrumented_renderer_callback_ms,ms,20,3.299999952316284
Atlas,1c2e54b3b8df+bench,SVG,instrument-2026-10-07T06-37-50.292Z,points-3000-seed-41544c53,pan,instrumented_renderer_callback_ms,ms,21,3.3000001907348633
Atlas,1c2e54b3b8df+bench,SVG,instrument-2026-10-07T06-37-50.292Z,points-3000-seed-41544c53,pan,instrumented_renderer_callback_ms,ms,22,3.299999952316284
Atlas,1c2e54b3b8df+bench,SVG,instrument-2026-10-07T06-37-50.292Z,points-3000-seed-41544c53,pan,instrumented_renderer_callback_ms,ms,23,3.1999998092651367
Atlas,1c2e54b3b8df+bench,SVG,instrument-2026-10-07T06-37-50.292Z,points-3000-seed-41544c53,pan,instrumented_renderer_callback_ms,ms,24,3.200000047683716
Atlas,1c2e54b3b8df+bench,SVG,instrument-2026-10-07T06-37-50.292Z,points-3000-seed-41544c53,pan,instrumented_renderer_callback_ms,ms,25,3.3000001907348633
Atlas,1c2e54b3b8df+bench,SVG,instrument-2026-10-07T06-37-50.292Z,points-3000-seed-41544c53,pan,instrumented_renderer_callback_ms,ms,26,3.299999952316284
Atlas,1c2e54b3b8df+bench,SVG,instrument-2026-10-07T06-37-50.292Z,points-3000-seed-41544c53,pan,instrumented_renderer_callback_ms,ms,27,3.4000000953674316
Atlas,1c2e54b3b8df+bench,SVG,instrument-2026-10-07T06-37-50.292Z,points-3000-seed-41544c53,pan,instrumented_renderer_callback_ms,ms,28,6.300000190734863
Atlas,1c2e54b3b8df+bench,SVG,instrument-2026-10-07T06-37-50.292Z,points-3000-seed-41544c53,pan,instrumented_renderer_callback_ms,ms,29,3.5
Atlas,1c2e54b3b8df+bench,SVG,instrument-2026-10-07T06-37-50.292Z,points-3000-seed-41544c53,pan,instrumented_renderer_callback_ms,ms,30,3.5
Atlas,1c2e54b3b8df+bench,SVG,instrument-2026-10-07T06-37-50.292Z,points-3000-seed-41544c53,pan,instrumented_renderer_callback_ms,ms,31,3.5
Atlas,1c2e54b3b8df+bench,SVG,instrument-2026-10-07T06-37-50.292Z,points-3000-seed-41544c53,pan,instrumented_renderer_callback_ms,ms,32,3.4000000953674316
Atlas,1c2e54b3b8df+bench,SVG,instrument-2026-10-07T06-37-50.292Z,points-3000-seed-41544c53,pan,instrumented_renderer_callback_ms,ms,33,3.5
Atlas,1c2e54b3b8df+bench,SVG,instrument-2026-10-07T06-37-50.292Z,points-3000-seed-41544c53,pan,instrumented_renderer_callback_ms,ms,34,3.3999998569488525
Atlas,1c2e54b3b8df+bench,SVG,instrument-2026-10-07T06-37-50.292Z,points-3000-seed-41544c53,pan,instrumented_renderer_callback_ms,ms,35,3.5999999046325684
Atlas,1c2e54b3b8df+bench,SVG,instrument-2026-10-07T06-37-50.292Z,points-3000-seed-41544c53,pan,instrumented_renderer_callback_ms,ms,36,3.5
Atlas,1c2e54b3b8df+bench,SVG,instrument-2026-10-07T06-37-50.292Z,points-3000-seed-41544c53,pan,instrumented_renderer_callback_ms,ms,37,3.5999999046325684
Atlas,1c2e54b3b8df+bench,SVG,instrument-2026-10-07T06-37-50.292Z,points-3000-seed-41544c53,pan,instrumented_renderer_callback_ms,ms,38,3.700000047683716
Atlas,1c2e54b3b8df+bench,SVG,instrument-2026-10-07T06-37-50.292Z,points-3000-seed-41544c53,pan,instrumented_renderer_callback_ms,ms,39,3.5999999046325684
Atlas,1c2e54b3b8df+bench,SVG,instrument-2026-10-07T06-37-50.292Z,points-3000-seed-41544c53,pan,instrumented_renderer_callback_ms,ms,40,3.5999999046325684
Atlas,1c2e54b3b8df+bench,SVG,instrument-2026-10-07T06-37-50.292Z,points-3000-seed-41544c53,pan,instrumented_renderer_callback_ms,ms,41,3.4000000953674316
Atlas,1c2e54b3b8df+bench,SVG,instrument-2026-10-07T06-37-50.292Z,points-3000-seed-41544c53,pan,instrumented_renderer_callback_ms,ms,42,3.700000047683716
Atlas,1c2e54b3b8df+bench,SVG,instrument-2026-10-07T06-37-50.292Z,points-3000-seed-41544c53,pan,instrumented_renderer_callback_ms,ms,43,3.5
Atlas,1c2e54b3b8df+bench,SVG,instrument-2026-10-07T06-37-50.292Z,points-3000-seed-41544c53,pan,instrumented_renderer_callback_ms,ms,44,3.5
Atlas,1c2e54b3b8df+bench,SVG,instrument-2026-10-07T06-37-50.292Z,points-3000-seed-41544c53,pan,instrumented_renderer_callback_ms,ms,45,3.6000001430511475
Atlas,1c2e54b3b8df+bench,SVG,instrument-2026-10-07T06-37-50.292Z,points-3000-seed-41544c53,pan,instrumented_renderer_callback_ms,ms,46,3.5999999046325684
Atlas,1c2e54b3b8df+bench,SVG,instrument-2026-10-07T06-37-50.292Z,points-3000-seed-41544c53,pan,instrumented_renderer_callback_ms,ms,47,3.5
Atlas,1c2e54b3b8df+bench,SVG,instrument-2026-10-07T06-37-50.292Z,points-3000-seed-41544c53,pan,instrumented_renderer_callback_ms,ms,48,3.700000047683716
Atlas,1c2e54b3b8df+bench,SVG,instrument-2026-10-07T06-37-50.292Z,points-3000-seed-41544c53,pan,instrumented_renderer_callback_ms,ms,49,3.700000047683716
Atlas,1c2e54b3b8df+bench,SVG,instrument-2026-10-07T06-37-50.292Z,points-3000-seed-41544c53,pan,instrumented_renderer_callback_ms,ms,50,3.8999998569488525
Atlas,1c2e54b3b8df+bench,SVG,instrument-2026-10-07T06-37-50.292Z,points-3000-seed-41544c53,pan,instrumented_renderer_callback_ms,ms,51,4.299999952316284
Atlas,1c2e54b3b8df+bench,SVG,instrument-2026-10-07T06-37-50.292Z,points-3000-seed-41544c53,pan,instrumented_renderer_callback_ms,ms,52,3.6999998092651367
Atlas,1c2e54b3b8df+bench,SVG,instrument-2026-10-07T06-37-50.292Z,points-3000-seed-41544c53,pan,instrumented_renderer_callback_ms,ms,53,3.6999998092651367
Atlas,1c2e54b3b8df+bench,SVG,instrument-2026-10-07T06-37-50.292Z,points-3000-seed-41544c53,pan,instrumented_renderer_callback_ms,ms,54,3.6000001430511475
Atlas,1c2e54b3b8df+bench,SVG,instrument-2026-10-07T06-37-50.292Z,points-3000-seed-41544c53,pan,instrumented_renderer_callback_ms,ms,55,4.299999952316284
Atlas,1c2e54b3b8df+bench,SVG,instrument-2026-10-07T06-37-50.292Z,points-3000-seed-41544c53,pan,instrumented_renderer_callback_ms,ms,56,3.799999952316284
Atlas,1c2e54b3b8df+bench,SVG,instrument-2026-10-07T06-37-50.292Z,points-3000-seed-41544c53,pan,instrumented_renderer_callback_ms,ms,57,7.6000001430511475
Atlas,1c2e54b3b8df+bench,SVG,instrument-2026-10-07T06-37-50.292Z,points-3000-seed-41544c53,pan,instrumented_renderer_callback_ms,ms,58,4.3999998569488525
Atlas,1c2e54b3b8df+bench,SVG,instrument-2026-10-07T06-37-50.292Z,points-3000-seed-41544c53,pan,instrumented_renderer_callback_ms,ms,59,3.8999998569488525
Atlas,1c2e54b3b8df+bench,SVG,instrument-2026-10-07T06-37-50.292Z,points-3000-seed-41544c53,pan,instrumented_renderer_callback_ms,ms,60,4
Atlas,1c2e54b3b8df+bench,SVG,instrument-2026-10-07T06-37-50.292Z,points-3000-seed-41544c53,pan,instrumented_renderer_callback_ms,ms,61,3.799999952316284
Atlas,1c2e54b3b8df+bench,SVG,instrument-2026-10-07T06-37-50.292Z,points-3000-seed-41544c53,pan,instrumented_renderer_callback_ms,ms,62,3.3999998569488525
Atlas,1c2e54b3b8df+bench,SVG,instrument-2026-10-07T06-37-50.292Z,points-3000-seed-41544c53,pan,instrumented_renderer_callback_ms,ms,63,3.5
Atlas,1c2e54b3b8df+bench,SVG,instrument-2026-10-07T06-37-50.292Z,points-3000-seed-41544c53,pan,instrumented_renderer_callback_ms,ms,64,3.5
Atlas,1c2e54b3b8df+bench,SVG,instrument-2026-10-07T06-37-50.292Z,points-3000-seed-41544c53,pan,instrumented_renderer_callback_ms,ms,65,3.299999952316284
Atlas,1c2e54b3b8df+bench,SVG,instrument-2026-10-07T06-37-50.292Z,points-3000-seed-41544c53,pan,instrumented_renderer_callback_ms,ms,66,3.4000000953674316
Atlas,1c2e54b3b8df+bench,SVG,instrument-2026-10-07T06-37-50.292Z,points-3000-seed-41544c53,pan,instrumented_renderer_callback_ms,ms,67,3.200000047683716
Atlas,1c2e54b3b8df+bench,SVG,instrument-2026-10-07T06-37-50.292Z,points-3000-seed-41544c53,pan,instrumented_renderer_callback_ms,ms,68,3.3000001907348633
Atlas,1c2e54b3b8df+bench,SVG,instrument-2026-10-07T06-37-50.292Z,points-3000-seed-41544c53,pan,instrumented_renderer_callback_ms,ms,69,3.3999998569488525
Atlas,1c2e54b3b8df+bench,SVG,instrument-2026-10-07T06-37-50.292Z,points-3000-seed-41544c53,pan,instrumented_renderer_callback_ms,ms,70,3.5
Atlas,1c2e54b3b8df+bench,SVG,instrument-2026-10-07T06-37-50.292Z,points-3000-seed-41544c53,pan,instrumented_renderer_callback_ms,ms,71,3.4000000953674316
Atlas,1c2e54b3b8df+bench,SVG,instrument-2026-10-07T06-37-50.292Z,points-3000-seed-41544c53,pan,instrumented_renderer_callback_ms,ms,72,3.4000000953674316
Atlas,1c2e54b3b8df+bench,SVG,instrument-2026-10-07T06-37-50.292Z,points-3000-seed-41544c53,pan,instrumented_renderer_callback_ms,ms,73,3.4000000953674316
Atlas,1c2e54b3b8df+bench,SVG,instrument-2026-10-07T06-37-50.292Z,points-3000-seed-41544c53,pan,instrumented_renderer_callback_ms,ms,74,3.299999952316284
Atlas,1c2e54b3b8df+bench,SVG,instrument-2026-10-07T06-37-50.292Z,points-3000-seed-41544c53,pan,instrumented_renderer_callback_ms,ms,75,3.299999952316284
Atlas,1c2e54b3b8df+bench,SVG,instrument-2026-10-07T06-37-50.292Z,points-3000-seed-41544c53,pan,instrumented_renderer_callback_ms,ms,76,3.299999952316284
Atlas,1c2e54b3b8df+bench,SVG,instrument-2026-10-07T06-37-50.292Z,points-3000-seed-41544c53,pan,instrumented_renderer_callback_ms,ms,77,3.4000000953674316
Atlas,1c2e54b3b8df+bench,SVG,instrument-2026-10-07T06-37-50.292Z,points-3000-seed-41544c53,pan,instrumented_renderer_callback_ms,ms,78,3.5
Atlas,1c2e54b3b8df+bench,SVG,instrument-2026-10-07T06-37-50.292Z,points-3000-seed-41544c53,pan,instrumented_renderer_callback_ms,ms,79,3.4000000953674316
Atlas,1c2e54b3b8df+bench,SVG,instrument-2026-10-07T06-37-50.292Z,points-3000-seed-41544c53,pan,instrumented_renderer_callback_ms,ms,80,3.4000000953674316
Atlas,1c2e54b3b8df+bench,SVG,instrument-2026-10-07T06-37-50.292Z,points-3000-seed-41544c53,pan,instrumented_renderer_callback_ms,ms,81,3.3999998569488525
Atlas,1c2e54b3b8df+bench,SVG,instrument-2026-10-07T06-37-50.292Z,points-3000-seed-41544c53,pan,instrumented_renderer_callback_ms,ms,82,3.4000000953674316
Atlas,1c2e54b3b8df+bench,SVG,instrument-2026-10-07T06-37-50.292Z,points-3000-seed-41544c53,pan,cleanup_renderer_calls,count,0,0
Atlas,1c2e54b3b8df+bench,SVG,instrument-2026-10-07T06-37-50.292Z,points-3000-seed-41544c53,pan,cleanup_stage_children,count,0,0
Atlas,1c2e54b3b8df+bench,SVG,instrument-2026-10-07T06-37-50.292Z,points-3000-seed-41544c53,zoom,frame_interval_ms,ms,0,16.60000000000582
Atlas,1c2e54b3b8df+bench,SVG,instrument-2026-10-07T06-37-50.292Z,points-3000-seed-41544c53,zoom,camera_api_sync_ms,ms,0,0
Atlas,1c2e54b3b8df+bench,SVG,instrument-2026-10-07T06-37-50.292Z,points-3000-seed-41544c53,zoom,frame_interval_ms,ms,1,16.70000000001164
Atlas,1c2e54b3b8df+bench,SVG,instrument-2026-10-07T06-37-50.292Z,points-3000-seed-41544c53,zoom,camera_api_sync_ms,ms,1,0
Atlas,1c2e54b3b8df+bench,SVG,instrument-2026-10-07T06-37-50.292Z,points-3000-seed-41544c53,zoom,frame_interval_ms,ms,2,16.699999999982538
Atlas,1c2e54b3b8df+bench,SVG,instrument-2026-10-07T06-37-50.292Z,points-3000-seed-41544c53,zoom,camera_api_sync_ms,ms,2,0
Atlas,1c2e54b3b8df+bench,SVG,instrument-2026-10-07T06-37-50.292Z,points-3000-seed-41544c53,zoom,frame_interval_ms,ms,3,16.70000000001164
Atlas,1c2e54b3b8df+bench,SVG,instrument-2026-10-07T06-37-50.292Z,points-3000-seed-41544c53,zoom,camera_api_sync_ms,ms,3,0.10000014305114746
Atlas,1c2e54b3b8df+bench,SVG,instrument-2026-10-07T06-37-50.292Z,points-3000-seed-41544c53,zoom,frame_interval_ms,ms,4,16.60000000000582
Atlas,1c2e54b3b8df+bench,SVG,instrument-2026-10-07T06-37-50.292Z,points-3000-seed-41544c53,zoom,camera_api_sync_ms,ms,4,0
Atlas,1c2e54b3b8df+bench,SVG,instrument-2026-10-07T06-37-50.292Z,points-3000-seed-41544c53,zoom,frame_interval_ms,ms,5,33.29999999998836
Atlas,1c2e54b3b8df+bench,SVG,instrument-2026-10-07T06-37-50.292Z,points-3000-seed-41544c53,zoom,camera_api_sync_ms,ms,5,0
Atlas,1c2e54b3b8df+bench,SVG,instrument-2026-10-07T06-37-50.292Z,points-3000-seed-41544c53,zoom,frame_interval_ms,ms,6,16.70000000001164
Atlas,1c2e54b3b8df+bench,SVG,instrument-2026-10-07T06-37-50.292Z,points-3000-seed-41544c53,zoom,camera_api_sync_ms,ms,6,0
Atlas,1c2e54b3b8df+bench,SVG,instrument-2026-10-07T06-37-50.292Z,points-3000-seed-41544c53,zoom,frame_interval_ms,ms,7,16.699999999982538
Atlas,1c2e54b3b8df+bench,SVG,instrument-2026-10-07T06-37-50.292Z,points-3000-seed-41544c53,zoom,camera_api_sync_ms,ms,7,0
Atlas,1c2e54b3b8df+bench,SVG,instrument-2026-10-07T06-37-50.292Z,points-3000-seed-41544c53,zoom,frame_interval_ms,ms,8,16.60000000000582
Atlas,1c2e54b3b8df+bench,SVG,instrument-2026-10-07T06-37-50.292Z,points-3000-seed-41544c53,zoom,camera_api_sync_ms,ms,8,0
Atlas,1c2e54b3b8df+bench,SVG,instrument-2026-10-07T06-37-50.292Z,points-3000-seed-41544c53,zoom,frame_interval_ms,ms,9,33.30000000001746
Atlas,1c2e54b3b8df+bench,SVG,instrument-2026-10-07T06-37-50.292Z,points-3000-seed-41544c53,zoom,camera_api_sync_ms,ms,9,0
Atlas,1c2e54b3b8df+bench,SVG,instrument-2026-10-07T06-37-50.292Z,points-3000-seed-41544c53,zoom,frame_interval_ms,ms,10,16.699999999982538
Atlas,1c2e54b3b8df+bench,SVG,instrument-2026-10-07T06-37-50.292Z,points-3000-seed-41544c53,zoom,camera_api_sync_ms,ms,10,0
Atlas,1c2e54b3b8df+bench,SVG,instrument-2026-10-07T06-37-50.292Z,points-3000-seed-41544c53,zoom,frame_interval_ms,ms,11,16.70000000001164
Atlas,1c2e54b3b8df+bench,SVG,instrument-2026-10-07T06-37-50.292Z,points-3000-seed-41544c53,zoom,camera_api_sync_ms,ms,11,0.10000014305114746
Atlas,1c2e54b3b8df+bench,SVG,instrument-2026-10-07T06-37-50.292Z,points-3000-seed-41544c53,zoom,frame_interval_ms,ms,12,16.699999999982538
Atlas,1c2e54b3b8df+bench,SVG,instrument-2026-10-07T06-37-50.292Z,points-3000-seed-41544c53,zoom,camera_api_sync_ms,ms,12,0
Atlas,1c2e54b3b8df+bench,SVG,instrument-2026-10-07T06-37-50.292Z,points-3000-seed-41544c53,zoom,frame_interval_ms,ms,13,16.60000000000582
Atlas,1c2e54b3b8df+bench,SVG,instrument-2026-10-07T06-37-50.292Z,points-3000-seed-41544c53,zoom,camera_api_sync_ms,ms,13,0
Atlas,1c2e54b3b8df+bench,SVG,instrument-2026-10-07T06-37-50.292Z,points-3000-seed-41544c53,zoom,frame_interval_ms,ms,14,16.70000000001164
Atlas,1c2e54b3b8df+bench,SVG,instrument-2026-10-07T06-37-50.292Z,points-3000-seed-41544c53,zoom,camera_api_sync_ms,ms,14,0
Atlas,1c2e54b3b8df+bench,SVG,instrument-2026-10-07T06-37-50.292Z,points-3000-seed-41544c53,zoom,frame_interval_ms,ms,15,33.39999999999418
Atlas,1c2e54b3b8df+bench,SVG,instrument-2026-10-07T06-37-50.292Z,points-3000-seed-41544c53,zoom,camera_api_sync_ms,ms,15,0
Atlas,1c2e54b3b8df+bench,SVG,instrument-2026-10-07T06-37-50.292Z,points-3000-seed-41544c53,zoom,frame_interval_ms,ms,16,16.5
Atlas,1c2e54b3b8df+bench,SVG,instrument-2026-10-07T06-37-50.292Z,points-3000-seed-41544c53,zoom,camera_api_sync_ms,ms,16,0
Atlas,1c2e54b3b8df+bench,SVG,instrument-2026-10-07T06-37-50.292Z,points-3000-seed-41544c53,zoom,frame_interval_ms,ms,17,16.70000000001164
Atlas,1c2e54b3b8df+bench,SVG,instrument-2026-10-07T06-37-50.292Z,points-3000-seed-41544c53,zoom,camera_api_sync_ms,ms,17,0
Atlas,1c2e54b3b8df+bench,SVG,instrument-2026-10-07T06-37-50.292Z,points-3000-seed-41544c53,zoom,frame_interval_ms,ms,18,16.699999999982538
Atlas,1c2e54b3b8df+bench,SVG,instrument-2026-10-07T06-37-50.292Z,points-3000-seed-41544c53,zoom,camera_api_sync_ms,ms,18,0.10000014305114746
Atlas,1c2e54b3b8df+bench,SVG,instrument-2026-10-07T06-37-50.292Z,points-3000-seed-41544c53,zoom,frame_interval_ms,ms,19,16.70000000001164
Atlas,1c2e54b3b8df+bench,SVG,instrument-2026-10-07T06-37-50.292Z,points-3000-seed-41544c53,zoom,camera_api_sync_ms,ms,19,0
Atlas,1c2e54b3b8df+bench,SVG,instrument-2026-10-07T06-37-50.292Z,points-3000-seed-41544c53,zoom,frame_interval_ms,ms,20,16.699999999982538
Atlas,1c2e54b3b8df+bench,SVG,instrument-2026-10-07T06-37-50.292Z,points-3000-seed-41544c53,zoom,camera_api_sync_ms,ms,20,0
Atlas,1c2e54b3b8df+bench,SVG,instrument-2026-10-07T06-37-50.292Z,points-3000-seed-41544c53,zoom,frame_interval_ms,ms,21,33.30000000001746
Atlas,1c2e54b3b8df+bench,SVG,instrument-2026-10-07T06-37-50.292Z,points-3000-seed-41544c53,zoom,camera_api_sync_ms,ms,21,0
Atlas,1c2e54b3b8df+bench,SVG,instrument-2026-10-07T06-37-50.292Z,points-3000-seed-41544c53,zoom,frame_interval_ms,ms,22,16.699999999982538
Atlas,1c2e54b3b8df+bench,SVG,instrument-2026-10-07T06-37-50.292Z,points-3000-seed-41544c53,zoom,camera_api_sync_ms,ms,22,0
Atlas,1c2e54b3b8df+bench,SVG,instrument-2026-10-07T06-37-50.292Z,points-3000-seed-41544c53,zoom,frame_interval_ms,ms,23,16.60000000000582
Atlas,1c2e54b3b8df+bench,SVG,instrument-2026-10-07T06-37-50.292Z,points-3000-seed-41544c53,zoom,camera_api_sync_ms,ms,23,0
Atlas,1c2e54b3b8df+bench,SVG,instrument-2026-10-07T06-37-50.292Z,points-3000-seed-41544c53,zoom,frame_interval_ms,ms,24,16.70000000001164
Atlas,1c2e54b3b8df+bench,SVG,instrument-2026-10-07T06-37-50.292Z,points-3000-seed-41544c53,zoom,camera_api_sync_ms,ms,24,0
Atlas,1c2e54b3b8df+bench,SVG,instrument-2026-10-07T06-37-50.292Z,points-3000-seed-41544c53,zoom,frame_interval_ms,ms,25,16.60000000000582
Atlas,1c2e54b3b8df+bench,SVG,instrument-2026-10-07T06-37-50.292Z,points-3000-seed-41544c53,zoom,camera_api_sync_ms,ms,25,0
Atlas,1c2e54b3b8df+bench,SVG,instrument-2026-10-07T06-37-50.292Z,points-3000-seed-41544c53,zoom,frame_interval_ms,ms,26,16.699999999982538
Atlas,1c2e54b3b8df+bench,SVG,instrument-2026-10-07T06-37-50.292Z,points-3000-seed-41544c53,zoom,camera_api_sync_ms,ms,26,0
Atlas,1c2e54b3b8df+bench,SVG,instrument-2026-10-07T06-37-50.292Z,points-3000-seed-41544c53,zoom,frame_interval_ms,ms,27,16.70000000001164
Atlas,1c2e54b3b8df+bench,SVG,instrument-2026-10-07T06-37-50.292Z,points-3000-seed-41544c53,zoom,camera_api_sync_ms,ms,27,0
Atlas,1c2e54b3b8df+bench,SVG,instrument-2026-10-07T06-37-50.292Z,points-3000-seed-41544c53,zoom,frame_interval_ms,ms,28,16.699999999982538
Atlas,1c2e54b3b8df+bench,SVG,instrument-2026-10-07T06-37-50.292Z,points-3000-seed-41544c53,zoom,camera_api_sync_ms,ms,28,0
Atlas,1c2e54b3b8df+bench,SVG,instrument-2026-10-07T06-37-50.292Z,points-3000-seed-41544c53,zoom,frame_interval_ms,ms,29,33.20000000001164
Atlas,1c2e54b3b8df+bench,SVG,instrument-2026-10-07T06-37-50.292Z,points-3000-seed-41544c53,zoom,camera_api_sync_ms,ms,29,0.09999990463256836
Atlas,1c2e54b3b8df+bench,SVG,instrument-2026-10-07T06-37-50.292Z,points-3000-seed-41544c53,zoom,frame_interval_ms,ms,30,16.79999999998836
Atlas,1c2e54b3b8df+bench,SVG,instrument-2026-10-07T06-37-50.292Z,points-3000-seed-41544c53,zoom,camera_api_sync_ms,ms,30,0
Atlas,1c2e54b3b8df+bench,SVG,instrument-2026-10-07T06-37-50.292Z,points-3000-seed-41544c53,zoom,frame_interval_ms,ms,31,16.60000000000582
Atlas,1c2e54b3b8df+bench,SVG,instrument-2026-10-07T06-37-50.292Z,points-3000-seed-41544c53,zoom,camera_api_sync_ms,ms,31,0
Atlas,1c2e54b3b8df+bench,SVG,instrument-2026-10-07T06-37-50.292Z,points-3000-seed-41544c53,zoom,frame_interval_ms,ms,32,33.30000000001746
Atlas,1c2e54b3b8df+bench,SVG,instrument-2026-10-07T06-37-50.292Z,points-3000-seed-41544c53,zoom,camera_api_sync_ms,ms,32,0.09999990463256836
Atlas,1c2e54b3b8df+bench,SVG,instrument-2026-10-07T06-37-50.292Z,points-3000-seed-41544c53,zoom,frame_interval_ms,ms,33,16.699999999982538
Atlas,1c2e54b3b8df+bench,SVG,instrument-2026-10-07T06-37-50.292Z,points-3000-seed-41544c53,zoom,camera_api_sync_ms,ms,33,0
Atlas,1c2e54b3b8df+bench,SVG,instrument-2026-10-07T06-37-50.292Z,points-3000-seed-41544c53,zoom,frame_interval_ms,ms,34,16.70000000001164
Atlas,1c2e54b3b8df+bench,SVG,instrument-2026-10-07T06-37-50.292Z,points-3000-seed-41544c53,zoom,camera_api_sync_ms,ms,34,0
Atlas,1c2e54b3b8df+bench,SVG,instrument-2026-10-07T06-37-50.292Z,points-3000-seed-41544c53,zoom,frame_interval_ms,ms,35,16.699999999982538
Atlas,1c2e54b3b8df+bench,SVG,instrument-2026-10-07T06-37-50.292Z,points-3000-seed-41544c53,zoom,camera_api_sync_ms,ms,35,0
Atlas,1c2e54b3b8df+bench,SVG,instrument-2026-10-07T06-37-50.292Z,points-3000-seed-41544c53,zoom,frame_interval_ms,ms,36,16.60000000000582
Atlas,1c2e54b3b8df+bench,SVG,instrument-2026-10-07T06-37-50.292Z,points-3000-seed-41544c53,zoom,camera_api_sync_ms,ms,36,0
Atlas,1c2e54b3b8df+bench,SVG,instrument-2026-10-07T06-37-50.292Z,points-3000-seed-41544c53,zoom,frame_interval_ms,ms,37,16.70000000001164
Atlas,1c2e54b3b8df+bench,SVG,instrument-2026-10-07T06-37-50.292Z,points-3000-seed-41544c53,zoom,camera_api_sync_ms,ms,37,0
Atlas,1c2e54b3b8df+bench,SVG,instrument-2026-10-07T06-37-50.292Z,points-3000-seed-41544c53,zoom,frame_interval_ms,ms,38,16.60000000000582
Atlas,1c2e54b3b8df+bench,SVG,instrument-2026-10-07T06-37-50.292Z,points-3000-seed-41544c53,zoom,camera_api_sync_ms,ms,38,0
Atlas,1c2e54b3b8df+bench,SVG,instrument-2026-10-07T06-37-50.292Z,points-3000-seed-41544c53,zoom,frame_interval_ms,ms,39,33.29999999998836
Atlas,1c2e54b3b8df+bench,SVG,instrument-2026-10-07T06-37-50.292Z,points-3000-seed-41544c53,zoom,camera_api_sync_ms,ms,39,0
Atlas,1c2e54b3b8df+bench,SVG,instrument-2026-10-07T06-37-50.292Z,points-3000-seed-41544c53,zoom,frame_interval_ms,ms,40,16.70000000001164
Atlas,1c2e54b3b8df+bench,SVG,instrument-2026-10-07T06-37-50.292Z,points-3000-seed-41544c53,zoom,camera_api_sync_ms,ms,40,0
Atlas,1c2e54b3b8df+bench,SVG,instrument-2026-10-07T06-37-50.292Z,points-3000-seed-41544c53,zoom,frame_interval_ms,ms,41,16.699999999982538
Atlas,1c2e54b3b8df+bench,SVG,instrument-2026-10-07T06-37-50.292Z,points-3000-seed-41544c53,zoom,camera_api_sync_ms,ms,41,0
Atlas,1c2e54b3b8df+bench,SVG,instrument-2026-10-07T06-37-50.292Z,points-3000-seed-41544c53,zoom,frame_interval_ms,ms,42,33.30000000001746
Atlas,1c2e54b3b8df+bench,SVG,instrument-2026-10-07T06-37-50.292Z,points-3000-seed-41544c53,zoom,camera_api_sync_ms,ms,42,0.10000014305114746
Atlas,1c2e54b3b8df+bench,SVG,instrument-2026-10-07T06-37-50.292Z,points-3000-seed-41544c53,zoom,frame_interval_ms,ms,43,16.699999999982538
Atlas,1c2e54b3b8df+bench,SVG,instrument-2026-10-07T06-37-50.292Z,points-3000-seed-41544c53,zoom,camera_api_sync_ms,ms,43,0
Atlas,1c2e54b3b8df+bench,SVG,instrument-2026-10-07T06-37-50.292Z,points-3000-seed-41544c53,zoom,frame_interval_ms,ms,44,16.60000000000582
Atlas,1c2e54b3b8df+bench,SVG,instrument-2026-10-07T06-37-50.292Z,points-3000-seed-41544c53,zoom,camera_api_sync_ms,ms,44,0
Atlas,1c2e54b3b8df+bench,SVG,instrument-2026-10-07T06-37-50.292Z,points-3000-seed-41544c53,zoom,frame_interval_ms,ms,45,16.79999999998836
Atlas,1c2e54b3b8df+bench,SVG,instrument-2026-10-07T06-37-50.292Z,points-3000-seed-41544c53,zoom,camera_api_sync_ms,ms,45,0
Atlas,1c2e54b3b8df+bench,SVG,instrument-2026-10-07T06-37-50.292Z,points-3000-seed-41544c53,zoom,frame_interval_ms,ms,46,16.60000000000582
Atlas,1c2e54b3b8df+bench,SVG,instrument-2026-10-07T06-37-50.292Z,points-3000-seed-41544c53,zoom,camera_api_sync_ms,ms,46,0
Atlas,1c2e54b3b8df+bench,SVG,instrument-2026-10-07T06-37-50.292Z,points-3000-seed-41544c53,zoom,frame_interval_ms,ms,47,16.60000000000582
Atlas,1c2e54b3b8df+bench,SVG,instrument-2026-10-07T06-37-50.292Z,points-3000-seed-41544c53,zoom,camera_api_sync_ms,ms,47,0
Atlas,1c2e54b3b8df+bench,SVG,instrument-2026-10-07T06-37-50.292Z,points-3000-seed-41544c53,zoom,frame_interval_ms,ms,48,16.70000000001164
Atlas,1c2e54b3b8df+bench,SVG,instrument-2026-10-07T06-37-50.292Z,points-3000-seed-41544c53,zoom,camera_api_sync_ms,ms,48,0
Atlas,1c2e54b3b8df+bench,SVG,instrument-2026-10-07T06-37-50.292Z,points-3000-seed-41544c53,zoom,frame_interval_ms,ms,49,16.699999999982538
Atlas,1c2e54b3b8df+bench,SVG,instrument-2026-10-07T06-37-50.292Z,points-3000-seed-41544c53,zoom,camera_api_sync_ms,ms,49,0
Atlas,1c2e54b3b8df+bench,SVG,instrument-2026-10-07T06-37-50.292Z,points-3000-seed-41544c53,zoom,frame_interval_ms,ms,50,16.60000000000582
Atlas,1c2e54b3b8df+bench,SVG,instrument-2026-10-07T06-37-50.292Z,points-3000-seed-41544c53,zoom,camera_api_sync_ms,ms,50,0
Atlas,1c2e54b3b8df+bench,SVG,instrument-2026-10-07T06-37-50.292Z,points-3000-seed-41544c53,zoom,frame_interval_ms,ms,51,16.70000000001164
Atlas,1c2e54b3b8df+bench,SVG,instrument-2026-10-07T06-37-50.292Z,points-3000-seed-41544c53,zoom,camera_api_sync_ms,ms,51,0.09999990463256836
Atlas,1c2e54b3b8df+bench,SVG,instrument-2026-10-07T06-37-50.292Z,points-3000-seed-41544c53,zoom,frame_interval_ms,ms,52,16.699999999982538
Atlas,1c2e54b3b8df+bench,SVG,instrument-2026-10-07T06-37-50.292Z,points-3000-seed-41544c53,zoom,camera_api_sync_ms,ms,52,0
Atlas,1c2e54b3b8df+bench,SVG,instrument-2026-10-07T06-37-50.292Z,points-3000-seed-41544c53,zoom,frame_interval_ms,ms,53,16.70000000001164
Atlas,1c2e54b3b8df+bench,SVG,instrument-2026-10-07T06-37-50.292Z,points-3000-seed-41544c53,zoom,camera_api_sync_ms,ms,53,0
Atlas,1c2e54b3b8df+bench,SVG,instrument-2026-10-07T06-37-50.292Z,points-3000-seed-41544c53,zoom,frame_interval_ms,ms,54,16.699999999982538
Atlas,1c2e54b3b8df+bench,SVG,instrument-2026-10-07T06-37-50.292Z,points-3000-seed-41544c53,zoom,camera_api_sync_ms,ms,54,0
Atlas,1c2e54b3b8df+bench,SVG,instrument-2026-10-07T06-37-50.292Z,points-3000-seed-41544c53,zoom,frame_interval_ms,ms,55,33.20000000001164
Atlas,1c2e54b3b8df+bench,SVG,instrument-2026-10-07T06-37-50.292Z,points-3000-seed-41544c53,zoom,camera_api_sync_ms,ms,55,0
Atlas,1c2e54b3b8df+bench,SVG,instrument-2026-10-07T06-37-50.292Z,points-3000-seed-41544c53,zoom,frame_interval_ms,ms,56,16.70000000001164
Atlas,1c2e54b3b8df+bench,SVG,instrument-2026-10-07T06-37-50.292Z,points-3000-seed-41544c53,zoom,camera_api_sync_ms,ms,56,0
Atlas,1c2e54b3b8df+bench,SVG,instrument-2026-10-07T06-37-50.292Z,points-3000-seed-41544c53,zoom,frame_interval_ms,ms,57,16.599999999976717
Atlas,1c2e54b3b8df+bench,SVG,instrument-2026-10-07T06-37-50.292Z,points-3000-seed-41544c53,zoom,camera_api_sync_ms,ms,57,0
Atlas,1c2e54b3b8df+bench,SVG,instrument-2026-10-07T06-37-50.292Z,points-3000-seed-41544c53,zoom,frame_interval_ms,ms,58,16.800000000017462
Atlas,1c2e54b3b8df+bench,SVG,instrument-2026-10-07T06-37-50.292Z,points-3000-seed-41544c53,zoom,camera_api_sync_ms,ms,58,0.10000014305114746
Atlas,1c2e54b3b8df+bench,SVG,instrument-2026-10-07T06-37-50.292Z,points-3000-seed-41544c53,zoom,frame_interval_ms,ms,59,16.699999999982538
Atlas,1c2e54b3b8df+bench,SVG,instrument-2026-10-07T06-37-50.292Z,points-3000-seed-41544c53,zoom,camera_api_sync_ms,ms,59,0.09999990463256836
Atlas,1c2e54b3b8df+bench,SVG,instrument-2026-10-07T06-37-50.292Z,points-3000-seed-41544c53,zoom,frame_interval_ms,ms,60,16.60000000000582
Atlas,1c2e54b3b8df+bench,SVG,instrument-2026-10-07T06-37-50.292Z,points-3000-seed-41544c53,zoom,camera_api_sync_ms,ms,60,0
Atlas,1c2e54b3b8df+bench,SVG,instrument-2026-10-07T06-37-50.292Z,points-3000-seed-41544c53,zoom,frame_interval_ms,ms,61,16.70000000001164
Atlas,1c2e54b3b8df+bench,SVG,instrument-2026-10-07T06-37-50.292Z,points-3000-seed-41544c53,zoom,camera_api_sync_ms,ms,61,0.09999990463256836
Atlas,1c2e54b3b8df+bench,SVG,instrument-2026-10-07T06-37-50.292Z,points-3000-seed-41544c53,zoom,frame_interval_ms,ms,62,33.29999999998836
Atlas,1c2e54b3b8df+bench,SVG,instrument-2026-10-07T06-37-50.292Z,points-3000-seed-41544c53,zoom,camera_api_sync_ms,ms,62,0
Atlas,1c2e54b3b8df+bench,SVG,instrument-2026-10-07T06-37-50.292Z,points-3000-seed-41544c53,zoom,frame_interval_ms,ms,63,16.60000000000582
Atlas,1c2e54b3b8df+bench,SVG,instrument-2026-10-07T06-37-50.292Z,points-3000-seed-41544c53,zoom,camera_api_sync_ms,ms,63,0.09999990463256836
Atlas,1c2e54b3b8df+bench,SVG,instrument-2026-10-07T06-37-50.292Z,points-3000-seed-41544c53,zoom,frame_interval_ms,ms,64,16.70000000001164
Atlas,1c2e54b3b8df+bench,SVG,instrument-2026-10-07T06-37-50.292Z,points-3000-seed-41544c53,zoom,camera_api_sync_ms,ms,64,0
Atlas,1c2e54b3b8df+bench,SVG,instrument-2026-10-07T06-37-50.292Z,points-3000-seed-41544c53,zoom,frame_interval_ms,ms,65,16.699999999982538
Atlas,1c2e54b3b8df+bench,SVG,instrument-2026-10-07T06-37-50.292Z,points-3000-seed-41544c53,zoom,camera_api_sync_ms,ms,65,0
Atlas,1c2e54b3b8df+bench,SVG,instrument-2026-10-07T06-37-50.292Z,points-3000-seed-41544c53,zoom,frame_interval_ms,ms,66,16.70000000001164
Atlas,1c2e54b3b8df+bench,SVG,instrument-2026-10-07T06-37-50.292Z,points-3000-seed-41544c53,zoom,camera_api_sync_ms,ms,66,0
Atlas,1c2e54b3b8df+bench,SVG,instrument-2026-10-07T06-37-50.292Z,points-3000-seed-41544c53,zoom,frame_interval_ms,ms,67,16.60000000000582
Atlas,1c2e54b3b8df+bench,SVG,instrument-2026-10-07T06-37-50.292Z,points-3000-seed-41544c53,zoom,camera_api_sync_ms,ms,67,0
Atlas,1c2e54b3b8df+bench,SVG,instrument-2026-10-07T06-37-50.292Z,points-3000-seed-41544c53,zoom,frame_interval_ms,ms,68,33.29999999998836
Atlas,1c2e54b3b8df+bench,SVG,instrument-2026-10-07T06-37-50.292Z,points-3000-seed-41544c53,zoom,camera_api_sync_ms,ms,68,0
Atlas,1c2e54b3b8df+bench,SVG,instrument-2026-10-07T06-37-50.292Z,points-3000-seed-41544c53,zoom,frame_interval_ms,ms,69,16.70000000001164
Atlas,1c2e54b3b8df+bench,SVG,instrument-2026-10-07T06-37-50.292Z,points-3000-seed-41544c53,zoom,camera_api_sync_ms,ms,69,0
Atlas,1c2e54b3b8df+bench,SVG,instrument-2026-10-07T06-37-50.292Z,points-3000-seed-41544c53,zoom,frame_interval_ms,ms,70,16.599999999976717
Atlas,1c2e54b3b8df+bench,SVG,instrument-2026-10-07T06-37-50.292Z,points-3000-seed-41544c53,zoom,camera_api_sync_ms,ms,70,0.09999990463256836
Atlas,1c2e54b3b8df+bench,SVG,instrument-2026-10-07T06-37-50.292Z,points-3000-seed-41544c53,zoom,frame_interval_ms,ms,71,16.70000000001164
Atlas,1c2e54b3b8df+bench,SVG,instrument-2026-10-07T06-37-50.292Z,points-3000-seed-41544c53,zoom,camera_api_sync_ms,ms,71,0
Atlas,1c2e54b3b8df+bench,SVG,instrument-2026-10-07T06-37-50.292Z,points-3000-seed-41544c53,zoom,frame_interval_ms,ms,72,33.29999999998836
Atlas,1c2e54b3b8df+bench,SVG,instrument-2026-10-07T06-37-50.292Z,points-3000-seed-41544c53,zoom,camera_api_sync_ms,ms,72,0
Atlas,1c2e54b3b8df+bench,SVG,instrument-2026-10-07T06-37-50.292Z,points-3000-seed-41544c53,zoom,frame_interval_ms,ms,73,16.70000000001164
Atlas,1c2e54b3b8df+bench,SVG,instrument-2026-10-07T06-37-50.292Z,points-3000-seed-41544c53,zoom,camera_api_sync_ms,ms,73,0
Atlas,1c2e54b3b8df+bench,SVG,instrument-2026-10-07T06-37-50.292Z,points-3000-seed-41544c53,zoom,frame_interval_ms,ms,74,16.70000000001164
Atlas,1c2e54b3b8df+bench,SVG,instrument-2026-10-07T06-37-50.292Z,points-3000-seed-41544c53,zoom,camera_api_sync_ms,ms,74,0
Atlas,1c2e54b3b8df+bench,SVG,instrument-2026-10-07T06-37-50.292Z,points-3000-seed-41544c53,zoom,frame_interval_ms,ms,75,16.699999999982538
Atlas,1c2e54b3b8df+bench,SVG,instrument-2026-10-07T06-37-50.292Z,points-3000-seed-41544c53,zoom,camera_api_sync_ms,ms,75,0
Atlas,1c2e54b3b8df+bench,SVG,instrument-2026-10-07T06-37-50.292Z,points-3000-seed-41544c53,zoom,frame_interval_ms,ms,76,33.30000000001746
Atlas,1c2e54b3b8df+bench,SVG,instrument-2026-10-07T06-37-50.292Z,points-3000-seed-41544c53,zoom,camera_api_sync_ms,ms,76,0
Atlas,1c2e54b3b8df+bench,SVG,instrument-2026-10-07T06-37-50.292Z,points-3000-seed-41544c53,zoom,frame_interval_ms,ms,77,16.599999999976717
Atlas,1c2e54b3b8df+bench,SVG,instrument-2026-10-07T06-37-50.292Z,points-3000-seed-41544c53,zoom,camera_api_sync_ms,ms,77,0
Atlas,1c2e54b3b8df+bench,SVG,instrument-2026-10-07T06-37-50.292Z,points-3000-seed-41544c53,zoom,motion_elapsed_ms,ms,0,1516.5
Atlas,1c2e54b3b8df+bench,SVG,instrument-2026-10-07T06-37-50.292Z,points-3000-seed-41544c53,zoom,camera_updates,count,0,78
Atlas,1c2e54b3b8df+bench,SVG,instrument-2026-10-07T06-37-50.292Z,points-3000-seed-41544c53,zoom,svg_attribute_writes,count,0,468234
Atlas,1c2e54b3b8df+bench,SVG,instrument-2026-10-07T06-37-50.292Z,points-3000-seed-41544c53,zoom,renderer_scene_reads,count,0,78
Atlas,1c2e54b3b8df+bench,SVG,instrument-2026-10-07T06-37-50.292Z,points-3000-seed-41544c53,zoom,root_iterator_creations,count,0,78
Atlas,1c2e54b3b8df+bench,SVG,instrument-2026-10-07T06-37-50.292Z,points-3000-seed-41544c53,zoom,root_iterator_next_calls,count,0,234000
Atlas,1c2e54b3b8df+bench,SVG,instrument-2026-10-07T06-37-50.292Z,points-3000-seed-41544c53,zoom,svg_attribute_removals,count,0,234000
Atlas,1c2e54b3b8df+bench,SVG,instrument-2026-10-07T06-37-50.292Z,points-3000-seed-41544c53,zoom,renderer_calls,count,0,78
Atlas,1c2e54b3b8df+bench,SVG,instrument-2026-10-07T06-37-50.292Z,points-3000-seed-41544c53,zoom,layout_rect_reads,count,0,0
Atlas,1c2e54b3b8df+bench,SVG,instrument-2026-10-07T06-37-50.292Z,points-3000-seed-41544c53,zoom,instrumented_renderer_callback_ms,ms,0,3.700000047683716
Atlas,1c2e54b3b8df+bench,SVG,instrument-2026-10-07T06-37-50.292Z,points-3000-seed-41544c53,zoom,instrumented_renderer_callback_ms,ms,1,3.5
Atlas,1c2e54b3b8df+bench,SVG,instrument-2026-10-07T06-37-50.292Z,points-3000-seed-41544c53,zoom,instrumented_renderer_callback_ms,ms,2,3.3999998569488525
Atlas,1c2e54b3b8df+bench,SVG,instrument-2026-10-07T06-37-50.292Z,points-3000-seed-41544c53,zoom,instrumented_renderer_callback_ms,ms,3,3.4000000953674316
Atlas,1c2e54b3b8df+bench,SVG,instrument-2026-10-07T06-37-50.292Z,points-3000-seed-41544c53,zoom,instrumented_renderer_callback_ms,ms,4,3.4000000953674316
Atlas,1c2e54b3b8df+bench,SVG,instrument-2026-10-07T06-37-50.292Z,points-3000-seed-41544c53,zoom,instrumented_renderer_callback_ms,ms,5,3.299999952316284
Atlas,1c2e54b3b8df+bench,SVG,instrument-2026-10-07T06-37-50.292Z,points-3000-seed-41544c53,zoom,instrumented_renderer_callback_ms,ms,6,3.4000000953674316
Atlas,1c2e54b3b8df+bench,SVG,instrument-2026-10-07T06-37-50.292Z,points-3000-seed-41544c53,zoom,instrumented_renderer_callback_ms,ms,7,3.299999952316284
Atlas,1c2e54b3b8df+bench,SVG,instrument-2026-10-07T06-37-50.292Z,points-3000-seed-41544c53,zoom,instrumented_renderer_callback_ms,ms,8,3.299999952316284
Atlas,1c2e54b3b8df+bench,SVG,instrument-2026-10-07T06-37-50.292Z,points-3000-seed-41544c53,zoom,instrumented_renderer_callback_ms,ms,9,3.4000000953674316
Atlas,1c2e54b3b8df+bench,SVG,instrument-2026-10-07T06-37-50.292Z,points-3000-seed-41544c53,zoom,instrumented_renderer_callback_ms,ms,10,3.3999998569488525
Atlas,1c2e54b3b8df+bench,SVG,instrument-2026-10-07T06-37-50.292Z,points-3000-seed-41544c53,zoom,instrumented_renderer_callback_ms,ms,11,3.5
Atlas,1c2e54b3b8df+bench,SVG,instrument-2026-10-07T06-37-50.292Z,points-3000-seed-41544c53,zoom,instrumented_renderer_callback_ms,ms,12,3.4000000953674316
Atlas,1c2e54b3b8df+bench,SVG,instrument-2026-10-07T06-37-50.292Z,points-3000-seed-41544c53,zoom,instrumented_renderer_callback_ms,ms,13,3.4000000953674316
Atlas,1c2e54b3b8df+bench,SVG,instrument-2026-10-07T06-37-50.292Z,points-3000-seed-41544c53,zoom,instrumented_renderer_callback_ms,ms,14,3.5
Atlas,1c2e54b3b8df+bench,SVG,instrument-2026-10-07T06-37-50.292Z,points-3000-seed-41544c53,zoom,instrumented_renderer_callback_ms,ms,15,3.299999952316284
Atlas,1c2e54b3b8df+bench,SVG,instrument-2026-10-07T06-37-50.292Z,points-3000-seed-41544c53,zoom,instrumented_renderer_callback_ms,ms,16,3.5
Atlas,1c2e54b3b8df+bench,SVG,instrument-2026-10-07T06-37-50.292Z,points-3000-seed-41544c53,zoom,instrumented_renderer_callback_ms,ms,17,3.5
Atlas,1c2e54b3b8df+bench,SVG,instrument-2026-10-07T06-37-50.292Z,points-3000-seed-41544c53,zoom,instrumented_renderer_callback_ms,ms,18,3.6000001430511475
Atlas,1c2e54b3b8df+bench,SVG,instrument-2026-10-07T06-37-50.292Z,points-3000-seed-41544c53,zoom,instrumented_renderer_callback_ms,ms,19,3.6000001430511475
Atlas,1c2e54b3b8df+bench,SVG,instrument-2026-10-07T06-37-50.292Z,points-3000-seed-41544c53,zoom,instrumented_renderer_callback_ms,ms,20,3.3999998569488525
Atlas,1c2e54b3b8df+bench,SVG,instrument-2026-10-07T06-37-50.292Z,points-3000-seed-41544c53,zoom,instrumented_renderer_callback_ms,ms,21,3.4000000953674316
Atlas,1c2e54b3b8df+bench,SVG,instrument-2026-10-07T06-37-50.292Z,points-3000-seed-41544c53,zoom,instrumented_renderer_callback_ms,ms,22,3.5
Atlas,1c2e54b3b8df+bench,SVG,instrument-2026-10-07T06-37-50.292Z,points-3000-seed-41544c53,zoom,instrumented_renderer_callback_ms,ms,23,3.5
Atlas,1c2e54b3b8df+bench,SVG,instrument-2026-10-07T06-37-50.292Z,points-3000-seed-41544c53,zoom,instrumented_renderer_callback_ms,ms,24,3.5
Atlas,1c2e54b3b8df+bench,SVG,instrument-2026-10-07T06-37-50.292Z,points-3000-seed-41544c53,zoom,instrumented_renderer_callback_ms,ms,25,3.6000001430511475
Atlas,1c2e54b3b8df+bench,SVG,instrument-2026-10-07T06-37-50.292Z,points-3000-seed-41544c53,zoom,instrumented_renderer_callback_ms,ms,26,3.700000047683716
Atlas,1c2e54b3b8df+bench,SVG,instrument-2026-10-07T06-37-50.292Z,points-3000-seed-41544c53,zoom,instrumented_renderer_callback_ms,ms,27,8.5
Atlas,1c2e54b3b8df+bench,SVG,instrument-2026-10-07T06-37-50.292Z,points-3000-seed-41544c53,zoom,instrumented_renderer_callback_ms,ms,28,4.200000047683716
Atlas,1c2e54b3b8df+bench,SVG,instrument-2026-10-07T06-37-50.292Z,points-3000-seed-41544c53,zoom,instrumented_renderer_callback_ms,ms,29,4.199999809265137
Atlas,1c2e54b3b8df+bench,SVG,instrument-2026-10-07T06-37-50.292Z,points-3000-seed-41544c53,zoom,instrumented_renderer_callback_ms,ms,30,3.8999998569488525
Atlas,1c2e54b3b8df+bench,SVG,instrument-2026-10-07T06-37-50.292Z,points-3000-seed-41544c53,zoom,instrumented_renderer_callback_ms,ms,31,3.700000047683716
Atlas,1c2e54b3b8df+bench,SVG,instrument-2026-10-07T06-37-50.292Z,points-3000-seed-41544c53,zoom,instrumented_renderer_callback_ms,ms,32,3.5
Atlas,1c2e54b3b8df+bench,SVG,instrument-2026-10-07T06-37-50.292Z,points-3000-seed-41544c53,zoom,instrumented_renderer_callback_ms,ms,33,3.5999999046325684
Atlas,1c2e54b3b8df+bench,SVG,instrument-2026-10-07T06-37-50.292Z,points-3000-seed-41544c53,zoom,instrumented_renderer_callback_ms,ms,34,3.5
Atlas,1c2e54b3b8df+bench,SVG,instrument-2026-10-07T06-37-50.292Z,points-3000-seed-41544c53,zoom,instrumented_renderer_callback_ms,ms,35,3.5
Atlas,1c2e54b3b8df+bench,SVG,instrument-2026-10-07T06-37-50.292Z,points-3000-seed-41544c53,zoom,instrumented_renderer_callback_ms,ms,36,3.6999998092651367
Atlas,1c2e54b3b8df+bench,SVG,instrument-2026-10-07T06-37-50.292Z,points-3000-seed-41544c53,zoom,instrumented_renderer_callback_ms,ms,37,3.799999952316284
Atlas,1c2e54b3b8df+bench,SVG,instrument-2026-10-07T06-37-50.292Z,points-3000-seed-41544c53,zoom,instrumented_renderer_callback_ms,ms,38,3.5
Atlas,1c2e54b3b8df+bench,SVG,instrument-2026-10-07T06-37-50.292Z,points-3000-seed-41544c53,zoom,instrumented_renderer_callback_ms,ms,39,3.5
Atlas,1c2e54b3b8df+bench,SVG,instrument-2026-10-07T06-37-50.292Z,points-3000-seed-41544c53,zoom,instrumented_renderer_callback_ms,ms,40,3.700000047683716
Atlas,1c2e54b3b8df+bench,SVG,instrument-2026-10-07T06-37-50.292Z,points-3000-seed-41544c53,zoom,instrumented_renderer_callback_ms,ms,41,3.5
Atlas,1c2e54b3b8df+bench,SVG,instrument-2026-10-07T06-37-50.292Z,points-3000-seed-41544c53,zoom,instrumented_renderer_callback_ms,ms,42,3.9000000953674316
Atlas,1c2e54b3b8df+bench,SVG,instrument-2026-10-07T06-37-50.292Z,points-3000-seed-41544c53,zoom,instrumented_renderer_callback_ms,ms,43,3.5
Atlas,1c2e54b3b8df+bench,SVG,instrument-2026-10-07T06-37-50.292Z,points-3000-seed-41544c53,zoom,instrumented_renderer_callback_ms,ms,44,3.5
Atlas,1c2e54b3b8df+bench,SVG,instrument-2026-10-07T06-37-50.292Z,points-3000-seed-41544c53,zoom,instrumented_renderer_callback_ms,ms,45,3.4000000953674316
Atlas,1c2e54b3b8df+bench,SVG,instrument-2026-10-07T06-37-50.292Z,points-3000-seed-41544c53,zoom,instrumented_renderer_callback_ms,ms,46,3.5
Atlas,1c2e54b3b8df+bench,SVG,instrument-2026-10-07T06-37-50.292Z,points-3000-seed-41544c53,zoom,instrumented_renderer_callback_ms,ms,47,3.5
Atlas,1c2e54b3b8df+bench,SVG,instrument-2026-10-07T06-37-50.292Z,points-3000-seed-41544c53,zoom,instrumented_renderer_callback_ms,ms,48,3.700000047683716
Atlas,1c2e54b3b8df+bench,SVG,instrument-2026-10-07T06-37-50.292Z,points-3000-seed-41544c53,zoom,instrumented_renderer_callback_ms,ms,49,3.6000001430511475
Atlas,1c2e54b3b8df+bench,SVG,instrument-2026-10-07T06-37-50.292Z,points-3000-seed-41544c53,zoom,instrumented_renderer_callback_ms,ms,50,3.6000001430511475
Atlas,1c2e54b3b8df+bench,SVG,instrument-2026-10-07T06-37-50.292Z,points-3000-seed-41544c53,zoom,instrumented_renderer_callback_ms,ms,51,3.5999999046325684
Atlas,1c2e54b3b8df+bench,SVG,instrument-2026-10-07T06-37-50.292Z,points-3000-seed-41544c53,zoom,instrumented_renderer_callback_ms,ms,52,3.6000001430511475
Atlas,1c2e54b3b8df+bench,SVG,instrument-2026-10-07T06-37-50.292Z,points-3000-seed-41544c53,zoom,instrumented_renderer_callback_ms,ms,53,3.5
Atlas,1c2e54b3b8df+bench,SVG,instrument-2026-10-07T06-37-50.292Z,points-3000-seed-41544c53,zoom,instrumented_renderer_callback_ms,ms,54,3.4000000953674316
Atlas,1c2e54b3b8df+bench,SVG,instrument-2026-10-07T06-37-50.292Z,points-3000-seed-41544c53,zoom,instrumented_renderer_callback_ms,ms,55,3.3000001907348633
Atlas,1c2e54b3b8df+bench,SVG,instrument-2026-10-07T06-37-50.292Z,points-3000-seed-41544c53,zoom,instrumented_renderer_callback_ms,ms,56,3.5999999046325684
Atlas,1c2e54b3b8df+bench,SVG,instrument-2026-10-07T06-37-50.292Z,points-3000-seed-41544c53,zoom,instrumented_renderer_callback_ms,ms,57,3.5
Atlas,1c2e54b3b8df+bench,SVG,instrument-2026-10-07T06-37-50.292Z,points-3000-seed-41544c53,zoom,instrumented_renderer_callback_ms,ms,58,3.5
Atlas,1c2e54b3b8df+bench,SVG,instrument-2026-10-07T06-37-50.292Z,points-3000-seed-41544c53,zoom,instrumented_renderer_callback_ms,ms,59,3.3999998569488525
Atlas,1c2e54b3b8df+bench,SVG,instrument-2026-10-07T06-37-50.292Z,points-3000-seed-41544c53,zoom,instrumented_renderer_callback_ms,ms,60,3.5999999046325684
Atlas,1c2e54b3b8df+bench,SVG,instrument-2026-10-07T06-37-50.292Z,points-3000-seed-41544c53,zoom,instrumented_renderer_callback_ms,ms,61,3.4000000953674316
Atlas,1c2e54b3b8df+bench,SVG,instrument-2026-10-07T06-37-50.292Z,points-3000-seed-41544c53,zoom,instrumented_renderer_callback_ms,ms,62,3.200000047683716
Atlas,1c2e54b3b8df+bench,SVG,instrument-2026-10-07T06-37-50.292Z,points-3000-seed-41544c53,zoom,instrumented_renderer_callback_ms,ms,63,3.5
Atlas,1c2e54b3b8df+bench,SVG,instrument-2026-10-07T06-37-50.292Z,points-3000-seed-41544c53,zoom,instrumented_renderer_callback_ms,ms,64,3.4000000953674316
Atlas,1c2e54b3b8df+bench,SVG,instrument-2026-10-07T06-37-50.292Z,points-3000-seed-41544c53,zoom,instrumented_renderer_callback_ms,ms,65,3.5
Atlas,1c2e54b3b8df+bench,SVG,instrument-2026-10-07T06-37-50.292Z,points-3000-seed-41544c53,zoom,instrumented_renderer_callback_ms,ms,66,3.5
Atlas,1c2e54b3b8df+bench,SVG,instrument-2026-10-07T06-37-50.292Z,points-3000-seed-41544c53,zoom,instrumented_renderer_callback_ms,ms,67,3.299999952316284
Atlas,1c2e54b3b8df+bench,SVG,instrument-2026-10-07T06-37-50.292Z,points-3000-seed-41544c53,zoom,instrumented_renderer_callback_ms,ms,68,3.3999998569488525
Atlas,1c2e54b3b8df+bench,SVG,instrument-2026-10-07T06-37-50.292Z,points-3000-seed-41544c53,zoom,instrumented_renderer_callback_ms,ms,69,3.6000001430511475
Atlas,1c2e54b3b8df+bench,SVG,instrument-2026-10-07T06-37-50.292Z,points-3000-seed-41544c53,zoom,instrumented_renderer_callback_ms,ms,70,3.6000001430511475
Atlas,1c2e54b3b8df+bench,SVG,instrument-2026-10-07T06-37-50.292Z,points-3000-seed-41544c53,zoom,instrumented_renderer_callback_ms,ms,71,3.5
Atlas,1c2e54b3b8df+bench,SVG,instrument-2026-10-07T06-37-50.292Z,points-3000-seed-41544c53,zoom,instrumented_renderer_callback_ms,ms,72,3.4000000953674316
Atlas,1c2e54b3b8df+bench,SVG,instrument-2026-10-07T06-37-50.292Z,points-3000-seed-41544c53,zoom,instrumented_renderer_callback_ms,ms,73,3.5
Atlas,1c2e54b3b8df+bench,SVG,instrument-2026-10-07T06-37-50.292Z,points-3000-seed-41544c53,zoom,instrumented_renderer_callback_ms,ms,74,3.5999999046325684
Atlas,1c2e54b3b8df+bench,SVG,instrument-2026-10-07T06-37-50.292Z,points-3000-seed-41544c53,zoom,instrumented_renderer_callback_ms,ms,75,3.5
Atlas,1c2e54b3b8df+bench,SVG,instrument-2026-10-07T06-37-50.292Z,points-3000-seed-41544c53,zoom,instrumented_renderer_callback_ms,ms,76,3.4000000953674316
Atlas,1c2e54b3b8df+bench,SVG,instrument-2026-10-07T06-37-50.292Z,points-3000-seed-41544c53,zoom,instrumented_renderer_callback_ms,ms,77,3.5
Atlas,1c2e54b3b8df+bench,SVG,instrument-2026-10-07T06-37-50.292Z,points-3000-seed-41544c53,zoom,cleanup_renderer_calls,count,0,0
Atlas,1c2e54b3b8df+bench,SVG,instrument-2026-10-07T06-37-50.292Z,points-3000-seed-41544c53,zoom,cleanup_stage_children,count,0,0
Atlas,1c2e54b3b8df+bench,SVG,instrument-2026-10-07T06-37-50.292Z,points-3000-seed-41544c53,hit,spatial_hit_test_sync_ms,ms,0,0.20000004768371582
Atlas,1c2e54b3b8df+bench,SVG,instrument-2026-10-07T06-37-50.292Z,points-3000-seed-41544c53,hit,spatial_hit_test_sync_ms,ms,1,0.20000004768371582
Atlas,1c2e54b3b8df+bench,SVG,instrument-2026-10-07T06-37-50.292Z,points-3000-seed-41544c53,hit,spatial_hit_test_sync_ms,ms,2,0.20000004768371582
Atlas,1c2e54b3b8df+bench,SVG,instrument-2026-10-07T06-37-50.292Z,points-3000-seed-41544c53,hit,spatial_hit_test_sync_ms,ms,3,0.19999980926513672
Atlas,1c2e54b3b8df+bench,SVG,instrument-2026-10-07T06-37-50.292Z,points-3000-seed-41544c53,hit,spatial_hit_test_sync_ms,ms,4,0.3000001907348633
Atlas,1c2e54b3b8df+bench,SVG,instrument-2026-10-07T06-37-50.292Z,points-3000-seed-41544c53,hit,spatial_hit_test_sync_ms,ms,5,0.09999990463256836
Atlas,1c2e54b3b8df+bench,SVG,instrument-2026-10-07T06-37-50.292Z,points-3000-seed-41544c53,hit,spatial_hit_test_sync_ms,ms,6,0.20000004768371582
Atlas,1c2e54b3b8df+bench,SVG,instrument-2026-10-07T06-37-50.292Z,points-3000-seed-41544c53,hit,spatial_hit_test_sync_ms,ms,7,0.2999999523162842
Atlas,1c2e54b3b8df+bench,SVG,instrument-2026-10-07T06-37-50.292Z,points-3000-seed-41544c53,hit,spatial_hit_test_sync_ms,ms,8,0.20000004768371582
Atlas,1c2e54b3b8df+bench,SVG,instrument-2026-10-07T06-37-50.292Z,points-3000-seed-41544c53,hit,spatial_hit_test_sync_ms,ms,9,0.09999990463256836
Atlas,1c2e54b3b8df+bench,SVG,instrument-2026-10-07T06-37-50.292Z,points-3000-seed-41544c53,hit,spatial_hit_test_sync_ms,ms,10,0.20000004768371582
Atlas,1c2e54b3b8df+bench,SVG,instrument-2026-10-07T06-37-50.292Z,points-3000-seed-41544c53,hit,spatial_hit_test_sync_ms,ms,11,0.2999999523162842
Atlas,1c2e54b3b8df+bench,SVG,instrument-2026-10-07T06-37-50.292Z,points-3000-seed-41544c53,hit,spatial_hit_test_sync_ms,ms,12,0.20000004768371582
Atlas,1c2e54b3b8df+bench,SVG,instrument-2026-10-07T06-37-50.292Z,points-3000-seed-41544c53,hit,spatial_hit_test_sync_ms,ms,13,0.09999990463256836
Atlas,1c2e54b3b8df+bench,SVG,instrument-2026-10-07T06-37-50.292Z,points-3000-seed-41544c53,hit,spatial_hit_test_sync_ms,ms,14,0.20000004768371582
Atlas,1c2e54b3b8df+bench,SVG,instrument-2026-10-07T06-37-50.292Z,points-3000-seed-41544c53,hit,spatial_hit_test_sync_ms,ms,15,0.2999999523162842
Atlas,1c2e54b3b8df+bench,SVG,instrument-2026-10-07T06-37-50.292Z,points-3000-seed-41544c53,hit,spatial_hit_test_sync_ms,ms,16,0.20000004768371582
Atlas,1c2e54b3b8df+bench,SVG,instrument-2026-10-07T06-37-50.292Z,points-3000-seed-41544c53,hit,spatial_hit_test_sync_ms,ms,17,0.20000004768371582
Atlas,1c2e54b3b8df+bench,SVG,instrument-2026-10-07T06-37-50.292Z,points-3000-seed-41544c53,hit,spatial_hit_test_sync_ms,ms,18,0.20000004768371582
Atlas,1c2e54b3b8df+bench,SVG,instrument-2026-10-07T06-37-50.292Z,points-3000-seed-41544c53,hit,spatial_hit_test_sync_ms,ms,19,0.2999999523162842
Atlas,1c2e54b3b8df+bench,SVG,instrument-2026-10-07T06-37-50.292Z,points-3000-seed-41544c53,hit,spatial_hit_test_sync_ms,ms,20,0.20000004768371582
Atlas,1c2e54b3b8df+bench,SVG,instrument-2026-10-07T06-37-50.292Z,points-3000-seed-41544c53,hit,spatial_hit_test_sync_ms,ms,21,0.20000004768371582
Atlas,1c2e54b3b8df+bench,SVG,instrument-2026-10-07T06-37-50.292Z,points-3000-seed-41544c53,hit,spatial_hit_test_sync_ms,ms,22,0.09999990463256836
Atlas,1c2e54b3b8df+bench,SVG,instrument-2026-10-07T06-37-50.292Z,points-3000-seed-41544c53,hit,spatial_hit_test_sync_ms,ms,23,0.2999999523162842
Atlas,1c2e54b3b8df+bench,SVG,instrument-2026-10-07T06-37-50.292Z,points-3000-seed-41544c53,hit,spatial_hit_test_sync_ms,ms,24,0.20000004768371582
Atlas,1c2e54b3b8df+bench,SVG,instrument-2026-10-07T06-37-50.292Z,points-3000-seed-41544c53,hit,spatial_hit_test_sync_ms,ms,25,0.20000004768371582
Atlas,1c2e54b3b8df+bench,SVG,instrument-2026-10-07T06-37-50.292Z,points-3000-seed-41544c53,hit,spatial_hit_test_sync_ms,ms,26,0.20000004768371582
Atlas,1c2e54b3b8df+bench,SVG,instrument-2026-10-07T06-37-50.292Z,points-3000-seed-41544c53,hit,spatial_hit_test_sync_ms,ms,27,0.19999980926513672
Atlas,1c2e54b3b8df+bench,SVG,instrument-2026-10-07T06-37-50.292Z,points-3000-seed-41544c53,hit,spatial_hit_test_sync_ms,ms,28,0.20000004768371582
Atlas,1c2e54b3b8df+bench,SVG,instrument-2026-10-07T06-37-50.292Z,points-3000-seed-41544c53,hit,spatial_hit_test_sync_ms,ms,29,0.20000004768371582
Atlas,1c2e54b3b8df+bench,SVG,instrument-2026-10-07T06-37-50.292Z,points-3000-seed-41544c53,hit,spatial_hit_test_sync_ms,ms,30,0.20000004768371582
Atlas,1c2e54b3b8df+bench,SVG,instrument-2026-10-07T06-37-50.292Z,points-3000-seed-41544c53,hit,spatial_hit_test_sync_ms,ms,31,0.20000004768371582
Atlas,1c2e54b3b8df+bench,SVG,instrument-2026-10-07T06-37-50.292Z,points-3000-seed-41544c53,hit,spatial_hit_test_sync_ms,ms,32,0.2999999523162842
Atlas,1c2e54b3b8df+bench,SVG,instrument-2026-10-07T06-37-50.292Z,points-3000-seed-41544c53,hit,spatial_hit_test_sync_ms,ms,33,0.09999990463256836
Atlas,1c2e54b3b8df+bench,SVG,instrument-2026-10-07T06-37-50.292Z,points-3000-seed-41544c53,hit,spatial_hit_test_sync_ms,ms,34,0.20000004768371582
Atlas,1c2e54b3b8df+bench,SVG,instrument-2026-10-07T06-37-50.292Z,points-3000-seed-41544c53,hit,spatial_hit_test_sync_ms,ms,35,0.20000004768371582
Atlas,1c2e54b3b8df+bench,SVG,instrument-2026-10-07T06-37-50.292Z,points-3000-seed-41544c53,hit,spatial_hit_test_sync_ms,ms,36,0.20000004768371582
Atlas,1c2e54b3b8df+bench,SVG,instrument-2026-10-07T06-37-50.292Z,points-3000-seed-41544c53,hit,spatial_hit_test_sync_ms,ms,37,0.2999999523162842
Atlas,1c2e54b3b8df+bench,SVG,instrument-2026-10-07T06-37-50.292Z,points-3000-seed-41544c53,hit,spatial_hit_test_sync_ms,ms,38,0.20000004768371582
Atlas,1c2e54b3b8df+bench,SVG,instrument-2026-10-07T06-37-50.292Z,points-3000-seed-41544c53,hit,spatial_hit_test_sync_ms,ms,39,0.19999980926513672
Atlas,1c2e54b3b8df+bench,SVG,instrument-2026-10-07T06-37-50.292Z,points-3000-seed-41544c53,hit,spatial_hit_test_sync_ms,ms,40,0.10000014305114746
Atlas,1c2e54b3b8df+bench,SVG,instrument-2026-10-07T06-37-50.292Z,points-3000-seed-41544c53,hit,spatial_hit_test_sync_ms,ms,41,0.20000004768371582
Atlas,1c2e54b3b8df+bench,SVG,instrument-2026-10-07T06-37-50.292Z,points-3000-seed-41544c53,hit,spatial_hit_test_sync_ms,ms,42,0.20000004768371582
Atlas,1c2e54b3b8df+bench,SVG,instrument-2026-10-07T06-37-50.292Z,points-3000-seed-41544c53,hit,spatial_hit_test_sync_ms,ms,43,0.20000004768371582
Atlas,1c2e54b3b8df+bench,SVG,instrument-2026-10-07T06-37-50.292Z,points-3000-seed-41544c53,hit,spatial_hit_test_sync_ms,ms,44,0.19999980926513672
Atlas,1c2e54b3b8df+bench,SVG,instrument-2026-10-07T06-37-50.292Z,points-3000-seed-41544c53,hit,spatial_hit_test_sync_ms,ms,45,0.20000004768371582
Atlas,1c2e54b3b8df+bench,SVG,instrument-2026-10-07T06-37-50.292Z,points-3000-seed-41544c53,hit,spatial_hit_test_sync_ms,ms,46,0.20000004768371582
Atlas,1c2e54b3b8df+bench,SVG,instrument-2026-10-07T06-37-50.292Z,points-3000-seed-41544c53,hit,spatial_hit_test_sync_ms,ms,47,0.20000004768371582
Atlas,1c2e54b3b8df+bench,SVG,instrument-2026-10-07T06-37-50.292Z,points-3000-seed-41544c53,hit,spatial_hit_test_sync_ms,ms,48,0.20000004768371582
Atlas,1c2e54b3b8df+bench,SVG,instrument-2026-10-07T06-37-50.292Z,points-3000-seed-41544c53,hit,spatial_hit_test_sync_ms,ms,49,0.19999980926513672
Atlas,1c2e54b3b8df+bench,SVG,instrument-2026-10-07T06-37-50.292Z,points-3000-seed-41544c53,hit,spatial_hit_test_sync_ms,ms,50,0.20000004768371582
Atlas,1c2e54b3b8df+bench,SVG,instrument-2026-10-07T06-37-50.292Z,points-3000-seed-41544c53,hit,spatial_hit_test_sync_ms,ms,51,0.20000004768371582
Atlas,1c2e54b3b8df+bench,SVG,instrument-2026-10-07T06-37-50.292Z,points-3000-seed-41544c53,hit,spatial_hit_test_sync_ms,ms,52,0.20000004768371582
Atlas,1c2e54b3b8df+bench,SVG,instrument-2026-10-07T06-37-50.292Z,points-3000-seed-41544c53,hit,spatial_hit_test_sync_ms,ms,53,0.20000004768371582
Atlas,1c2e54b3b8df+bench,SVG,instrument-2026-10-07T06-37-50.292Z,points-3000-seed-41544c53,hit,spatial_hit_test_sync_ms,ms,54,0.2999999523162842
Atlas,1c2e54b3b8df+bench,SVG,instrument-2026-10-07T06-37-50.292Z,points-3000-seed-41544c53,hit,spatial_hit_test_sync_ms,ms,55,0.20000004768371582
Atlas,1c2e54b3b8df+bench,SVG,instrument-2026-10-07T06-37-50.292Z,points-3000-seed-41544c53,hit,spatial_hit_test_sync_ms,ms,56,0.09999990463256836
Atlas,1c2e54b3b8df+bench,SVG,instrument-2026-10-07T06-37-50.292Z,points-3000-seed-41544c53,hit,spatial_hit_test_sync_ms,ms,57,0.20000004768371582
Atlas,1c2e54b3b8df+bench,SVG,instrument-2026-10-07T06-37-50.292Z,points-3000-seed-41544c53,hit,spatial_hit_test_sync_ms,ms,58,0.20000004768371582
Atlas,1c2e54b3b8df+bench,SVG,instrument-2026-10-07T06-37-50.292Z,points-3000-seed-41544c53,hit,spatial_hit_test_sync_ms,ms,59,0.19999980926513672
Atlas,1c2e54b3b8df+bench,SVG,instrument-2026-10-07T06-37-50.292Z,points-3000-seed-41544c53,hit,spatial_hit_test_sync_ms,ms,60,0.20000004768371582
Atlas,1c2e54b3b8df+bench,SVG,instrument-2026-10-07T06-37-50.292Z,points-3000-seed-41544c53,hit,spatial_hit_test_sync_ms,ms,61,0.20000004768371582
Atlas,1c2e54b3b8df+bench,SVG,instrument-2026-10-07T06-37-50.292Z,points-3000-seed-41544c53,hit,spatial_hit_test_sync_ms,ms,62,0.20000004768371582
Atlas,1c2e54b3b8df+bench,SVG,instrument-2026-10-07T06-37-50.292Z,points-3000-seed-41544c53,hit,spatial_hit_test_sync_ms,ms,63,0.20000004768371582
Atlas,1c2e54b3b8df+bench,SVG,instrument-2026-10-07T06-37-50.292Z,points-3000-seed-41544c53,hit,spatial_hit_test_sync_ms,ms,64,0.19999980926513672
Atlas,1c2e54b3b8df+bench,SVG,instrument-2026-10-07T06-37-50.292Z,points-3000-seed-41544c53,hit,spatial_hit_test_sync_ms,ms,65,0.20000004768371582
Atlas,1c2e54b3b8df+bench,SVG,instrument-2026-10-07T06-37-50.292Z,points-3000-seed-41544c53,hit,spatial_hit_test_sync_ms,ms,66,0.10000014305114746
Atlas,1c2e54b3b8df+bench,SVG,instrument-2026-10-07T06-37-50.292Z,points-3000-seed-41544c53,hit,spatial_hit_test_sync_ms,ms,67,0.2999999523162842
Atlas,1c2e54b3b8df+bench,SVG,instrument-2026-10-07T06-37-50.292Z,points-3000-seed-41544c53,hit,spatial_hit_test_sync_ms,ms,68,0.20000004768371582
Atlas,1c2e54b3b8df+bench,SVG,instrument-2026-10-07T06-37-50.292Z,points-3000-seed-41544c53,hit,spatial_hit_test_sync_ms,ms,69,0.19999980926513672
Atlas,1c2e54b3b8df+bench,SVG,instrument-2026-10-07T06-37-50.292Z,points-3000-seed-41544c53,hit,spatial_hit_test_sync_ms,ms,70,0.20000004768371582
Atlas,1c2e54b3b8df+bench,SVG,instrument-2026-10-07T06-37-50.292Z,points-3000-seed-41544c53,hit,spatial_hit_test_sync_ms,ms,71,0.20000004768371582
Atlas,1c2e54b3b8df+bench,SVG,instrument-2026-10-07T06-37-50.292Z,points-3000-seed-41544c53,hit,spatial_hit_test_sync_ms,ms,72,0.20000004768371582
Atlas,1c2e54b3b8df+bench,SVG,instrument-2026-10-07T06-37-50.292Z,points-3000-seed-41544c53,hit,spatial_hit_test_sync_ms,ms,73,0.20000004768371582
Atlas,1c2e54b3b8df+bench,SVG,instrument-2026-10-07T06-37-50.292Z,points-3000-seed-41544c53,hit,spatial_hit_test_sync_ms,ms,74,0.19999980926513672
Atlas,1c2e54b3b8df+bench,SVG,instrument-2026-10-07T06-37-50.292Z,points-3000-seed-41544c53,hit,spatial_hit_test_sync_ms,ms,75,0.20000004768371582
Atlas,1c2e54b3b8df+bench,SVG,instrument-2026-10-07T06-37-50.292Z,points-3000-seed-41544c53,hit,spatial_hit_test_sync_ms,ms,76,0.20000004768371582
Atlas,1c2e54b3b8df+bench,SVG,instrument-2026-10-07T06-37-50.292Z,points-3000-seed-41544c53,hit,spatial_hit_test_sync_ms,ms,77,0.20000004768371582
Atlas,1c2e54b3b8df+bench,SVG,instrument-2026-10-07T06-37-50.292Z,points-3000-seed-41544c53,hit,spatial_hit_test_sync_ms,ms,78,0.20000004768371582
Atlas,1c2e54b3b8df+bench,SVG,instrument-2026-10-07T06-37-50.292Z,points-3000-seed-41544c53,hit,spatial_hit_test_sync_ms,ms,79,0.19999980926513672
Atlas,1c2e54b3b8df+bench,SVG,instrument-2026-10-07T06-37-50.292Z,points-3000-seed-41544c53,hit,spatial_hit_test_sync_ms,ms,80,0.20000004768371582
Atlas,1c2e54b3b8df+bench,SVG,instrument-2026-10-07T06-37-50.292Z,points-3000-seed-41544c53,hit,spatial_hit_test_sync_ms,ms,81,0.2999999523162842
Atlas,1c2e54b3b8df+bench,SVG,instrument-2026-10-07T06-37-50.292Z,points-3000-seed-41544c53,hit,spatial_hit_test_sync_ms,ms,82,1.1000001430511475
Atlas,1c2e54b3b8df+bench,SVG,instrument-2026-10-07T06-37-50.292Z,points-3000-seed-41544c53,hit,spatial_hit_test_sync_ms,ms,83,0.2999999523162842
Atlas,1c2e54b3b8df+bench,SVG,instrument-2026-10-07T06-37-50.292Z,points-3000-seed-41544c53,hit,spatial_hit_test_sync_ms,ms,84,0.20000004768371582
Atlas,1c2e54b3b8df+bench,SVG,instrument-2026-10-07T06-37-50.292Z,points-3000-seed-41544c53,hit,spatial_hit_test_sync_ms,ms,85,0.20000004768371582
Atlas,1c2e54b3b8df+bench,SVG,instrument-2026-10-07T06-37-50.292Z,points-3000-seed-41544c53,hit,spatial_hit_test_sync_ms,ms,86,0.19999980926513672
Atlas,1c2e54b3b8df+bench,SVG,instrument-2026-10-07T06-37-50.292Z,points-3000-seed-41544c53,hit,spatial_hit_test_sync_ms,ms,87,0.20000004768371582
Atlas,1c2e54b3b8df+bench,SVG,instrument-2026-10-07T06-37-50.292Z,points-3000-seed-41544c53,hit,spatial_hit_test_sync_ms,ms,88,0.20000004768371582
Atlas,1c2e54b3b8df+bench,SVG,instrument-2026-10-07T06-37-50.292Z,points-3000-seed-41544c53,hit,spatial_hit_test_sync_ms,ms,89,0.20000004768371582
Atlas,1c2e54b3b8df+bench,SVG,instrument-2026-10-07T06-37-50.292Z,points-3000-seed-41544c53,hit,spatial_hit_test_sync_ms,ms,90,0.20000004768371582
Atlas,1c2e54b3b8df+bench,SVG,instrument-2026-10-07T06-37-50.292Z,points-3000-seed-41544c53,hit,spatial_hit_test_sync_ms,ms,91,0.19999980926513672
Atlas,1c2e54b3b8df+bench,SVG,instrument-2026-10-07T06-37-50.292Z,points-3000-seed-41544c53,hit,spatial_hit_test_sync_ms,ms,92,0.20000004768371582
Atlas,1c2e54b3b8df+bench,SVG,instrument-2026-10-07T06-37-50.292Z,points-3000-seed-41544c53,hit,spatial_hit_test_sync_ms,ms,93,0.20000004768371582
Atlas,1c2e54b3b8df+bench,SVG,instrument-2026-10-07T06-37-50.292Z,points-3000-seed-41544c53,hit,spatial_hit_test_sync_ms,ms,94,0.20000004768371582
Atlas,1c2e54b3b8df+bench,SVG,instrument-2026-10-07T06-37-50.292Z,points-3000-seed-41544c53,hit,spatial_hit_test_sync_ms,ms,95,0.20000004768371582
Atlas,1c2e54b3b8df+bench,SVG,instrument-2026-10-07T06-37-50.292Z,points-3000-seed-41544c53,hit,spatial_hit_test_sync_ms,ms,96,0.09999990463256836
Atlas,1c2e54b3b8df+bench,SVG,instrument-2026-10-07T06-37-50.292Z,points-3000-seed-41544c53,hit,spatial_hit_test_sync_ms,ms,97,0.2999999523162842
Atlas,1c2e54b3b8df+bench,SVG,instrument-2026-10-07T06-37-50.292Z,points-3000-seed-41544c53,hit,spatial_hit_test_sync_ms,ms,98,0.10000014305114746
Atlas,1c2e54b3b8df+bench,SVG,instrument-2026-10-07T06-37-50.292Z,points-3000-seed-41544c53,hit,spatial_hit_test_sync_ms,ms,99,0.2999999523162842
Atlas,1c2e54b3b8df+bench,SVG,instrument-2026-10-07T06-37-50.292Z,points-3000-seed-41544c53,hit,spatial_hit_test_sync_ms,ms,100,0.09999990463256836
Atlas,1c2e54b3b8df+bench,SVG,instrument-2026-10-07T06-37-50.292Z,points-3000-seed-41544c53,hit,spatial_hit_test_sync_ms,ms,101,0.20000004768371582
Atlas,1c2e54b3b8df+bench,SVG,instrument-2026-10-07T06-37-50.292Z,points-3000-seed-41544c53,hit,spatial_hit_test_sync_ms,ms,102,0.20000004768371582
Atlas,1c2e54b3b8df+bench,SVG,instrument-2026-10-07T06-37-50.292Z,points-3000-seed-41544c53,hit,spatial_hit_test_sync_ms,ms,103,0.20000004768371582
Atlas,1c2e54b3b8df+bench,SVG,instrument-2026-10-07T06-37-50.292Z,points-3000-seed-41544c53,hit,spatial_hit_test_sync_ms,ms,104,0.19999980926513672
Atlas,1c2e54b3b8df+bench,SVG,instrument-2026-10-07T06-37-50.292Z,points-3000-seed-41544c53,hit,spatial_hit_test_sync_ms,ms,105,0.20000004768371582
Atlas,1c2e54b3b8df+bench,SVG,instrument-2026-10-07T06-37-50.292Z,points-3000-seed-41544c53,hit,spatial_hit_test_sync_ms,ms,106,0.20000004768371582
Atlas,1c2e54b3b8df+bench,SVG,instrument-2026-10-07T06-37-50.292Z,points-3000-seed-41544c53,hit,spatial_hit_test_sync_ms,ms,107,0.20000004768371582
Atlas,1c2e54b3b8df+bench,SVG,instrument-2026-10-07T06-37-50.292Z,points-3000-seed-41544c53,hit,spatial_hit_test_sync_ms,ms,108,0.20000004768371582
Atlas,1c2e54b3b8df+bench,SVG,instrument-2026-10-07T06-37-50.292Z,points-3000-seed-41544c53,hit,spatial_hit_test_sync_ms,ms,109,0.19999980926513672
Atlas,1c2e54b3b8df+bench,SVG,instrument-2026-10-07T06-37-50.292Z,points-3000-seed-41544c53,hit,spatial_hit_test_sync_ms,ms,110,0.20000004768371582
Atlas,1c2e54b3b8df+bench,SVG,instrument-2026-10-07T06-37-50.292Z,points-3000-seed-41544c53,hit,spatial_hit_test_sync_ms,ms,111,0.20000004768371582
Atlas,1c2e54b3b8df+bench,SVG,instrument-2026-10-07T06-37-50.292Z,points-3000-seed-41544c53,hit,spatial_hit_test_sync_ms,ms,112,0.20000004768371582
Atlas,1c2e54b3b8df+bench,SVG,instrument-2026-10-07T06-37-50.292Z,points-3000-seed-41544c53,hit,spatial_hit_test_sync_ms,ms,113,0.20000004768371582
Atlas,1c2e54b3b8df+bench,SVG,instrument-2026-10-07T06-37-50.292Z,points-3000-seed-41544c53,hit,spatial_hit_test_sync_ms,ms,114,0.09999990463256836
Atlas,1c2e54b3b8df+bench,SVG,instrument-2026-10-07T06-37-50.292Z,points-3000-seed-41544c53,hit,spatial_hit_test_sync_ms,ms,115,0.2999999523162842
Atlas,1c2e54b3b8df+bench,SVG,instrument-2026-10-07T06-37-50.292Z,points-3000-seed-41544c53,hit,spatial_hit_test_sync_ms,ms,116,0.20000004768371582
Atlas,1c2e54b3b8df+bench,SVG,instrument-2026-10-07T06-37-50.292Z,points-3000-seed-41544c53,hit,spatial_hit_test_sync_ms,ms,117,0.20000004768371582
Atlas,1c2e54b3b8df+bench,SVG,instrument-2026-10-07T06-37-50.292Z,points-3000-seed-41544c53,hit,spatial_hit_test_sync_ms,ms,118,0.20000004768371582
Atlas,1c2e54b3b8df+bench,SVG,instrument-2026-10-07T06-37-50.292Z,points-3000-seed-41544c53,hit,spatial_hit_test_sync_ms,ms,119,0.09999990463256836
Atlas,1c2e54b3b8df+bench,SVG,instrument-2026-10-07T06-37-50.292Z,points-3000-seed-41544c53,hit,spatial_hit_test_sync_ms,ms,120,0.2999999523162842
Atlas,1c2e54b3b8df+bench,SVG,instrument-2026-10-07T06-37-50.292Z,points-3000-seed-41544c53,hit,spatial_hit_test_sync_ms,ms,121,0.10000014305114746
Atlas,1c2e54b3b8df+bench,SVG,instrument-2026-10-07T06-37-50.292Z,points-3000-seed-41544c53,hit,spatial_hit_test_sync_ms,ms,122,0.19999980926513672
Atlas,1c2e54b3b8df+bench,SVG,instrument-2026-10-07T06-37-50.292Z,points-3000-seed-41544c53,hit,spatial_hit_test_sync_ms,ms,123,0.20000004768371582
Atlas,1c2e54b3b8df+bench,SVG,instrument-2026-10-07T06-37-50.292Z,points-3000-seed-41544c53,hit,spatial_hit_test_sync_ms,ms,124,0.20000004768371582
Atlas,1c2e54b3b8df+bench,SVG,instrument-2026-10-07T06-37-50.292Z,points-3000-seed-41544c53,hit,spatial_hit_test_sync_ms,ms,125,0.20000004768371582
Atlas,1c2e54b3b8df+bench,SVG,instrument-2026-10-07T06-37-50.292Z,points-3000-seed-41544c53,hit,spatial_hit_test_sync_ms,ms,126,0.09999990463256836
Atlas,1c2e54b3b8df+bench,SVG,instrument-2026-10-07T06-37-50.292Z,points-3000-seed-41544c53,hit,spatial_hit_test_sync_ms,ms,127,0.2999999523162842
Atlas,1c2e54b3b8df+bench,SVG,instrument-2026-10-07T06-37-50.292Z,points-3000-seed-41544c53,hit,spatial_hit_test_sync_ms,ms,128,0.20000004768371582
Atlas,1c2e54b3b8df+bench,SVG,instrument-2026-10-07T06-37-50.292Z,points-3000-seed-41544c53,hit,spatial_hit_test_sync_ms,ms,129,0.20000004768371582
Atlas,1c2e54b3b8df+bench,SVG,instrument-2026-10-07T06-37-50.292Z,points-3000-seed-41544c53,hit,spatial_hit_test_sync_ms,ms,130,0.09999990463256836
Atlas,1c2e54b3b8df+bench,SVG,instrument-2026-10-07T06-37-50.292Z,points-3000-seed-41544c53,hit,spatial_hit_test_sync_ms,ms,131,0.20000004768371582
Atlas,1c2e54b3b8df+bench,SVG,instrument-2026-10-07T06-37-50.292Z,points-3000-seed-41544c53,hit,spatial_hit_test_sync_ms,ms,132,0.2999999523162842
Atlas,1c2e54b3b8df+bench,SVG,instrument-2026-10-07T06-37-50.292Z,points-3000-seed-41544c53,hit,spatial_hit_test_sync_ms,ms,133,0.20000004768371582
Atlas,1c2e54b3b8df+bench,SVG,instrument-2026-10-07T06-37-50.292Z,points-3000-seed-41544c53,hit,spatial_hit_test_sync_ms,ms,134,0.20000004768371582
Atlas,1c2e54b3b8df+bench,SVG,instrument-2026-10-07T06-37-50.292Z,points-3000-seed-41544c53,hit,spatial_hit_test_sync_ms,ms,135,0.09999990463256836
Atlas,1c2e54b3b8df+bench,SVG,instrument-2026-10-07T06-37-50.292Z,points-3000-seed-41544c53,hit,spatial_hit_test_sync_ms,ms,136,0.3000001907348633
Atlas,1c2e54b3b8df+bench,SVG,instrument-2026-10-07T06-37-50.292Z,points-3000-seed-41544c53,hit,spatial_hit_test_sync_ms,ms,137,0.09999990463256836
Atlas,1c2e54b3b8df+bench,SVG,instrument-2026-10-07T06-37-50.292Z,points-3000-seed-41544c53,hit,spatial_hit_test_sync_ms,ms,138,0.20000004768371582
Atlas,1c2e54b3b8df+bench,SVG,instrument-2026-10-07T06-37-50.292Z,points-3000-seed-41544c53,hit,spatial_hit_test_sync_ms,ms,139,0.2999999523162842
Atlas,1c2e54b3b8df+bench,SVG,instrument-2026-10-07T06-37-50.292Z,points-3000-seed-41544c53,hit,spatial_hit_test_sync_ms,ms,140,0.09999990463256836
Atlas,1c2e54b3b8df+bench,SVG,instrument-2026-10-07T06-37-50.292Z,points-3000-seed-41544c53,hit,spatial_hit_test_sync_ms,ms,141,0.20000004768371582
Atlas,1c2e54b3b8df+bench,SVG,instrument-2026-10-07T06-37-50.292Z,points-3000-seed-41544c53,hit,spatial_hit_test_sync_ms,ms,142,0.20000004768371582
Atlas,1c2e54b3b8df+bench,SVG,instrument-2026-10-07T06-37-50.292Z,points-3000-seed-41544c53,hit,spatial_hit_test_sync_ms,ms,143,0.20000004768371582
Atlas,1c2e54b3b8df+bench,SVG,instrument-2026-10-07T06-37-50.292Z,points-3000-seed-41544c53,hit,spatial_hit_test_sync_ms,ms,144,0.20000004768371582
Atlas,1c2e54b3b8df+bench,SVG,instrument-2026-10-07T06-37-50.292Z,points-3000-seed-41544c53,hit,spatial_hit_test_sync_ms,ms,145,0.19999980926513672
Atlas,1c2e54b3b8df+bench,SVG,instrument-2026-10-07T06-37-50.292Z,points-3000-seed-41544c53,hit,spatial_hit_test_sync_ms,ms,146,0.20000004768371582
Atlas,1c2e54b3b8df+bench,SVG,instrument-2026-10-07T06-37-50.292Z,points-3000-seed-41544c53,hit,spatial_hit_test_sync_ms,ms,147,0.20000004768371582
Atlas,1c2e54b3b8df+bench,SVG,instrument-2026-10-07T06-37-50.292Z,points-3000-seed-41544c53,hit,spatial_hit_test_sync_ms,ms,148,0.20000004768371582
Atlas,1c2e54b3b8df+bench,SVG,instrument-2026-10-07T06-37-50.292Z,points-3000-seed-41544c53,hit,spatial_hit_test_sync_ms,ms,149,0.09999990463256836
Atlas,1c2e54b3b8df+bench,SVG,instrument-2026-10-07T06-37-50.292Z,points-3000-seed-41544c53,hit,spatial_hit_test_sync_ms,ms,150,0.20000004768371582
Atlas,1c2e54b3b8df+bench,SVG,instrument-2026-10-07T06-37-50.292Z,points-3000-seed-41544c53,hit,spatial_hit_test_sync_ms,ms,151,0.2999999523162842
Atlas,1c2e54b3b8df+bench,SVG,instrument-2026-10-07T06-37-50.292Z,points-3000-seed-41544c53,hit,spatial_hit_test_sync_ms,ms,152,0.20000004768371582
Atlas,1c2e54b3b8df+bench,SVG,instrument-2026-10-07T06-37-50.292Z,points-3000-seed-41544c53,hit,spatial_hit_test_sync_ms,ms,153,0.09999990463256836
Atlas,1c2e54b3b8df+bench,SVG,instrument-2026-10-07T06-37-50.292Z,points-3000-seed-41544c53,hit,spatial_hit_test_sync_ms,ms,154,0.20000004768371582
Atlas,1c2e54b3b8df+bench,SVG,instrument-2026-10-07T06-37-50.292Z,points-3000-seed-41544c53,hit,spatial_hit_test_sync_ms,ms,155,0.2999999523162842
Atlas,1c2e54b3b8df+bench,SVG,instrument-2026-10-07T06-37-50.292Z,points-3000-seed-41544c53,hit,spatial_hit_test_sync_ms,ms,156,0.10000014305114746
Atlas,1c2e54b3b8df+bench,SVG,instrument-2026-10-07T06-37-50.292Z,points-3000-seed-41544c53,hit,spatial_hit_test_sync_ms,ms,157,0.20000004768371582
Atlas,1c2e54b3b8df+bench,SVG,instrument-2026-10-07T06-37-50.292Z,points-3000-seed-41544c53,hit,spatial_hit_test_sync_ms,ms,158,0.19999980926513672
Atlas,1c2e54b3b8df+bench,SVG,instrument-2026-10-07T06-37-50.292Z,points-3000-seed-41544c53,hit,spatial_hit_test_sync_ms,ms,159,0.20000004768371582
Atlas,1c2e54b3b8df+bench,SVG,instrument-2026-10-07T06-37-50.292Z,points-3000-seed-41544c53,hit,spatial_hit_test_sync_ms,ms,160,0.20000004768371582
Atlas,1c2e54b3b8df+bench,SVG,instrument-2026-10-07T06-37-50.292Z,points-3000-seed-41544c53,hit,spatial_hit_test_sync_ms,ms,161,0.09999990463256836
Atlas,1c2e54b3b8df+bench,SVG,instrument-2026-10-07T06-37-50.292Z,points-3000-seed-41544c53,hit,spatial_hit_test_sync_ms,ms,162,0.3000001907348633
Atlas,1c2e54b3b8df+bench,SVG,instrument-2026-10-07T06-37-50.292Z,points-3000-seed-41544c53,hit,spatial_hit_test_sync_ms,ms,163,0.19999980926513672
Atlas,1c2e54b3b8df+bench,SVG,instrument-2026-10-07T06-37-50.292Z,points-3000-seed-41544c53,hit,spatial_hit_test_sync_ms,ms,164,0.10000014305114746
Atlas,1c2e54b3b8df+bench,SVG,instrument-2026-10-07T06-37-50.292Z,points-3000-seed-41544c53,hit,spatial_hit_test_sync_ms,ms,165,0.20000004768371582
Atlas,1c2e54b3b8df+bench,SVG,instrument-2026-10-07T06-37-50.292Z,points-3000-seed-41544c53,hit,spatial_hit_test_sync_ms,ms,166,0.19999980926513672
Atlas,1c2e54b3b8df+bench,SVG,instrument-2026-10-07T06-37-50.292Z,points-3000-seed-41544c53,hit,spatial_hit_test_sync_ms,ms,167,0.20000004768371582
Atlas,1c2e54b3b8df+bench,SVG,instrument-2026-10-07T06-37-50.292Z,points-3000-seed-41544c53,hit,spatial_hit_test_sync_ms,ms,168,0.20000004768371582
Atlas,1c2e54b3b8df+bench,SVG,instrument-2026-10-07T06-37-50.292Z,points-3000-seed-41544c53,hit,spatial_hit_test_sync_ms,ms,169,0.20000004768371582
Atlas,1c2e54b3b8df+bench,SVG,instrument-2026-10-07T06-37-50.292Z,points-3000-seed-41544c53,hit,spatial_hit_test_sync_ms,ms,170,0.20000004768371582
Atlas,1c2e54b3b8df+bench,SVG,instrument-2026-10-07T06-37-50.292Z,points-3000-seed-41544c53,hit,spatial_hit_test_sync_ms,ms,171,0.19999980926513672
Atlas,1c2e54b3b8df+bench,SVG,instrument-2026-10-07T06-37-50.292Z,points-3000-seed-41544c53,hit,spatial_hit_test_sync_ms,ms,172,0.20000004768371582
Atlas,1c2e54b3b8df+bench,SVG,instrument-2026-10-07T06-37-50.292Z,points-3000-seed-41544c53,hit,spatial_hit_test_sync_ms,ms,173,0.20000004768371582
Atlas,1c2e54b3b8df+bench,SVG,instrument-2026-10-07T06-37-50.292Z,points-3000-seed-41544c53,hit,spatial_hit_test_sync_ms,ms,174,0.09999990463256836
Atlas,1c2e54b3b8df+bench,SVG,instrument-2026-10-07T06-37-50.292Z,points-3000-seed-41544c53,hit,spatial_hit_test_sync_ms,ms,175,0.20000004768371582
Atlas,1c2e54b3b8df+bench,SVG,instrument-2026-10-07T06-37-50.292Z,points-3000-seed-41544c53,hit,spatial_hit_test_sync_ms,ms,176,0.20000004768371582
Atlas,1c2e54b3b8df+bench,SVG,instrument-2026-10-07T06-37-50.292Z,points-3000-seed-41544c53,hit,spatial_hit_test_sync_ms,ms,177,0.20000004768371582
Atlas,1c2e54b3b8df+bench,SVG,instrument-2026-10-07T06-37-50.292Z,points-3000-seed-41544c53,hit,spatial_hit_test_sync_ms,ms,178,0.20000004768371582
Atlas,1c2e54b3b8df+bench,SVG,instrument-2026-10-07T06-37-50.292Z,points-3000-seed-41544c53,hit,spatial_hit_test_sync_ms,ms,179,0.19999980926513672
Atlas,1c2e54b3b8df+bench,SVG,instrument-2026-10-07T06-37-50.292Z,points-3000-seed-41544c53,hit,spatial_hit_test_sync_ms,ms,180,0.20000004768371582
Atlas,1c2e54b3b8df+bench,SVG,instrument-2026-10-07T06-37-50.292Z,points-3000-seed-41544c53,hit,spatial_hit_test_sync_ms,ms,181,0.20000004768371582
Atlas,1c2e54b3b8df+bench,SVG,instrument-2026-10-07T06-37-50.292Z,points-3000-seed-41544c53,hit,spatial_hit_test_sync_ms,ms,182,0.20000004768371582
Atlas,1c2e54b3b8df+bench,SVG,instrument-2026-10-07T06-37-50.292Z,points-3000-seed-41544c53,hit,spatial_hit_test_sync_ms,ms,183,0.2999999523162842
Atlas,1c2e54b3b8df+bench,SVG,instrument-2026-10-07T06-37-50.292Z,points-3000-seed-41544c53,hit,spatial_hit_test_sync_ms,ms,184,0.20000004768371582
Atlas,1c2e54b3b8df+bench,SVG,instrument-2026-10-07T06-37-50.292Z,points-3000-seed-41544c53,hit,spatial_hit_test_sync_ms,ms,185,0.20000004768371582
Atlas,1c2e54b3b8df+bench,SVG,instrument-2026-10-07T06-37-50.292Z,points-3000-seed-41544c53,hit,spatial_hit_test_sync_ms,ms,186,0.09999990463256836
Atlas,1c2e54b3b8df+bench,SVG,instrument-2026-10-07T06-37-50.292Z,points-3000-seed-41544c53,hit,spatial_hit_test_sync_ms,ms,187,0.20000004768371582
Atlas,1c2e54b3b8df+bench,SVG,instrument-2026-10-07T06-37-50.292Z,points-3000-seed-41544c53,hit,spatial_hit_test_sync_ms,ms,188,1.7000000476837158
Atlas,1c2e54b3b8df+bench,SVG,instrument-2026-10-07T06-37-50.292Z,points-3000-seed-41544c53,hit,spatial_hit_test_sync_ms,ms,189,0.19999980926513672
Atlas,1c2e54b3b8df+bench,SVG,instrument-2026-10-07T06-37-50.292Z,points-3000-seed-41544c53,hit,spatial_hit_test_sync_ms,ms,190,0.20000004768371582
Atlas,1c2e54b3b8df+bench,SVG,instrument-2026-10-07T06-37-50.292Z,points-3000-seed-41544c53,hit,spatial_hit_test_sync_ms,ms,191,0.20000004768371582
Atlas,1c2e54b3b8df+bench,SVG,instrument-2026-10-07T06-37-50.292Z,points-3000-seed-41544c53,hit,spatial_hit_test_sync_ms,ms,192,0.20000004768371582
Atlas,1c2e54b3b8df+bench,SVG,instrument-2026-10-07T06-37-50.292Z,points-3000-seed-41544c53,hit,spatial_hit_test_sync_ms,ms,193,0.20000004768371582
Atlas,1c2e54b3b8df+bench,SVG,instrument-2026-10-07T06-37-50.292Z,points-3000-seed-41544c53,hit,spatial_hit_test_sync_ms,ms,194,0.09999990463256836
Atlas,1c2e54b3b8df+bench,SVG,instrument-2026-10-07T06-37-50.292Z,points-3000-seed-41544c53,hit,spatial_hit_test_sync_ms,ms,195,0.20000004768371582
Atlas,1c2e54b3b8df+bench,SVG,instrument-2026-10-07T06-37-50.292Z,points-3000-seed-41544c53,hit,spatial_hit_test_sync_ms,ms,196,0.20000004768371582
Atlas,1c2e54b3b8df+bench,SVG,instrument-2026-10-07T06-37-50.292Z,points-3000-seed-41544c53,hit,spatial_hit_test_sync_ms,ms,197,0.19999980926513672
Atlas,1c2e54b3b8df+bench,SVG,instrument-2026-10-07T06-37-50.292Z,points-3000-seed-41544c53,hit,spatial_hit_test_sync_ms,ms,198,0.20000004768371582
Atlas,1c2e54b3b8df+bench,SVG,instrument-2026-10-07T06-37-50.292Z,points-3000-seed-41544c53,hit,spatial_hit_test_sync_ms,ms,199,0.2999999523162842
Atlas,1c2e54b3b8df+bench,SVG,instrument-2026-10-07T06-37-50.292Z,points-3000-seed-41544c53,hit,root_iterator_creations,count,0,201
Atlas,1c2e54b3b8df+bench,SVG,instrument-2026-10-07T06-37-50.292Z,points-3000-seed-41544c53,hit,root_iterator_next_calls,count,0,603001
Atlas,1c2e54b3b8df+bench,SVG,instrument-2026-10-07T06-37-50.292Z,points-3000-seed-41544c53,hit,layout_rect_reads,count,0,0
Atlas,1c2e54b3b8df+bench,SVG,instrument-2026-10-07T06-37-50.292Z,points-3000-seed-41544c53,hit,cleanup_renderer_calls,count,0,0
Atlas,1c2e54b3b8df+bench,SVG,instrument-2026-10-07T06-37-50.292Z,points-3000-seed-41544c53,hit,cleanup_stage_children,count,0,0
Atlas,1c2e54b3b8df+bench,SVG,instrument-2026-10-07T06-37-50.292Z,points-3000-seed-41544c53,miss,spatial_hit_test_sync_ms,ms,0,0.8999998569488525
Atlas,1c2e54b3b8df+bench,SVG,instrument-2026-10-07T06-37-50.292Z,points-3000-seed-41544c53,miss,spatial_hit_test_sync_ms,ms,1,0.6000001430511475
Atlas,1c2e54b3b8df+bench,SVG,instrument-2026-10-07T06-37-50.292Z,points-3000-seed-41544c53,miss,spatial_hit_test_sync_ms,ms,2,0.7000000476837158
Atlas,1c2e54b3b8df+bench,SVG,instrument-2026-10-07T06-37-50.292Z,points-3000-seed-41544c53,miss,spatial_hit_test_sync_ms,ms,3,0.5999999046325684
Atlas,1c2e54b3b8df+bench,SVG,instrument-2026-10-07T06-37-50.292Z,points-3000-seed-41544c53,miss,spatial_hit_test_sync_ms,ms,4,0.7000000476837158
Atlas,1c2e54b3b8df+bench,SVG,instrument-2026-10-07T06-37-50.292Z,points-3000-seed-41544c53,miss,spatial_hit_test_sync_ms,ms,5,0.5
Atlas,1c2e54b3b8df+bench,SVG,instrument-2026-10-07T06-37-50.292Z,points-3000-seed-41544c53,miss,spatial_hit_test_sync_ms,ms,6,0.7000000476837158
Atlas,1c2e54b3b8df+bench,SVG,instrument-2026-10-07T06-37-50.292Z,points-3000-seed-41544c53,miss,spatial_hit_test_sync_ms,ms,7,0.5999999046325684
Atlas,1c2e54b3b8df+bench,SVG,instrument-2026-10-07T06-37-50.292Z,points-3000-seed-41544c53,miss,spatial_hit_test_sync_ms,ms,8,0.5999999046325684
Atlas,1c2e54b3b8df+bench,SVG,instrument-2026-10-07T06-37-50.292Z,points-3000-seed-41544c53,miss,spatial_hit_test_sync_ms,ms,9,0.6000001430511475
Atlas,1c2e54b3b8df+bench,SVG,instrument-2026-10-07T06-37-50.292Z,points-3000-seed-41544c53,miss,spatial_hit_test_sync_ms,ms,10,0.7000000476837158
Atlas,1c2e54b3b8df+bench,SVG,instrument-2026-10-07T06-37-50.292Z,points-3000-seed-41544c53,miss,spatial_hit_test_sync_ms,ms,11,0.5999999046325684
Atlas,1c2e54b3b8df+bench,SVG,instrument-2026-10-07T06-37-50.292Z,points-3000-seed-41544c53,miss,spatial_hit_test_sync_ms,ms,12,0.5999999046325684
Atlas,1c2e54b3b8df+bench,SVG,instrument-2026-10-07T06-37-50.292Z,points-3000-seed-41544c53,miss,spatial_hit_test_sync_ms,ms,13,0.7000000476837158
Atlas,1c2e54b3b8df+bench,SVG,instrument-2026-10-07T06-37-50.292Z,points-3000-seed-41544c53,miss,spatial_hit_test_sync_ms,ms,14,0.6000001430511475
Atlas,1c2e54b3b8df+bench,SVG,instrument-2026-10-07T06-37-50.292Z,points-3000-seed-41544c53,miss,spatial_hit_test_sync_ms,ms,15,0.5
Atlas,1c2e54b3b8df+bench,SVG,instrument-2026-10-07T06-37-50.292Z,points-3000-seed-41544c53,miss,spatial_hit_test_sync_ms,ms,16,0.5999999046325684
Atlas,1c2e54b3b8df+bench,SVG,instrument-2026-10-07T06-37-50.292Z,points-3000-seed-41544c53,miss,spatial_hit_test_sync_ms,ms,17,0.7000000476837158
Atlas,1c2e54b3b8df+bench,SVG,instrument-2026-10-07T06-37-50.292Z,points-3000-seed-41544c53,miss,spatial_hit_test_sync_ms,ms,18,0.5999999046325684
Atlas,1c2e54b3b8df+bench,SVG,instrument-2026-10-07T06-37-50.292Z,points-3000-seed-41544c53,miss,spatial_hit_test_sync_ms,ms,19,0.6000001430511475
Atlas,1c2e54b3b8df+bench,SVG,instrument-2026-10-07T06-37-50.292Z,points-3000-seed-41544c53,miss,spatial_hit_test_sync_ms,ms,20,0.5999999046325684
Atlas,1c2e54b3b8df+bench,SVG,instrument-2026-10-07T06-37-50.292Z,points-3000-seed-41544c53,miss,spatial_hit_test_sync_ms,ms,21,0.5
Atlas,1c2e54b3b8df+bench,SVG,instrument-2026-10-07T06-37-50.292Z,points-3000-seed-41544c53,miss,spatial_hit_test_sync_ms,ms,22,0.5999999046325684
Atlas,1c2e54b3b8df+bench,SVG,instrument-2026-10-07T06-37-50.292Z,points-3000-seed-41544c53,miss,spatial_hit_test_sync_ms,ms,23,0.6000001430511475
Atlas,1c2e54b3b8df+bench,SVG,instrument-2026-10-07T06-37-50.292Z,points-3000-seed-41544c53,miss,spatial_hit_test_sync_ms,ms,24,0.7000000476837158
Atlas,1c2e54b3b8df+bench,SVG,instrument-2026-10-07T06-37-50.292Z,points-3000-seed-41544c53,miss,spatial_hit_test_sync_ms,ms,25,0.5999999046325684
Atlas,1c2e54b3b8df+bench,SVG,instrument-2026-10-07T06-37-50.292Z,points-3000-seed-41544c53,miss,spatial_hit_test_sync_ms,ms,26,0.5999999046325684
Atlas,1c2e54b3b8df+bench,SVG,instrument-2026-10-07T06-37-50.292Z,points-3000-seed-41544c53,miss,spatial_hit_test_sync_ms,ms,27,0.5
Atlas,1c2e54b3b8df+bench,SVG,instrument-2026-10-07T06-37-50.292Z,points-3000-seed-41544c53,miss,spatial_hit_test_sync_ms,ms,28,0.7000000476837158
Atlas,1c2e54b3b8df+bench,SVG,instrument-2026-10-07T06-37-50.292Z,points-3000-seed-41544c53,miss,spatial_hit_test_sync_ms,ms,29,0.6000001430511475
Atlas,1c2e54b3b8df+bench,SVG,instrument-2026-10-07T06-37-50.292Z,points-3000-seed-41544c53,miss,spatial_hit_test_sync_ms,ms,30,0.5
Atlas,1c2e54b3b8df+bench,SVG,instrument-2026-10-07T06-37-50.292Z,points-3000-seed-41544c53,miss,spatial_hit_test_sync_ms,ms,31,0.5999999046325684
Atlas,1c2e54b3b8df+bench,SVG,instrument-2026-10-07T06-37-50.292Z,points-3000-seed-41544c53,miss,spatial_hit_test_sync_ms,ms,32,0.5999999046325684
Atlas,1c2e54b3b8df+bench,SVG,instrument-2026-10-07T06-37-50.292Z,points-3000-seed-41544c53,miss,spatial_hit_test_sync_ms,ms,33,0.6000001430511475
Atlas,1c2e54b3b8df+bench,SVG,instrument-2026-10-07T06-37-50.292Z,points-3000-seed-41544c53,miss,spatial_hit_test_sync_ms,ms,34,0.5999999046325684
Atlas,1c2e54b3b8df+bench,SVG,instrument-2026-10-07T06-37-50.292Z,points-3000-seed-41544c53,miss,spatial_hit_test_sync_ms,ms,35,0.6000001430511475
Atlas,1c2e54b3b8df+bench,SVG,instrument-2026-10-07T06-37-50.292Z,points-3000-seed-41544c53,miss,spatial_hit_test_sync_ms,ms,36,0.5999999046325684
Atlas,1c2e54b3b8df+bench,SVG,instrument-2026-10-07T06-37-50.292Z,points-3000-seed-41544c53,miss,spatial_hit_test_sync_ms,ms,37,0.5999999046325684
Atlas,1c2e54b3b8df+bench,SVG,instrument-2026-10-07T06-37-50.292Z,points-3000-seed-41544c53,miss,spatial_hit_test_sync_ms,ms,38,0.6000001430511475
Atlas,1c2e54b3b8df+bench,SVG,instrument-2026-10-07T06-37-50.292Z,points-3000-seed-41544c53,miss,spatial_hit_test_sync_ms,ms,39,0.5999999046325684
Atlas,1c2e54b3b8df+bench,SVG,instrument-2026-10-07T06-37-50.292Z,points-3000-seed-41544c53,miss,spatial_hit_test_sync_ms,ms,40,0.6000001430511475
Atlas,1c2e54b3b8df+bench,SVG,instrument-2026-10-07T06-37-50.292Z,points-3000-seed-41544c53,miss,spatial_hit_test_sync_ms,ms,41,0.6999998092651367
Atlas,1c2e54b3b8df+bench,SVG,instrument-2026-10-07T06-37-50.292Z,points-3000-seed-41544c53,miss,spatial_hit_test_sync_ms,ms,42,0.6000001430511475
Atlas,1c2e54b3b8df+bench,SVG,instrument-2026-10-07T06-37-50.292Z,points-3000-seed-41544c53,miss,spatial_hit_test_sync_ms,ms,43,0.5999999046325684
Atlas,1c2e54b3b8df+bench,SVG,instrument-2026-10-07T06-37-50.292Z,points-3000-seed-41544c53,miss,spatial_hit_test_sync_ms,ms,44,0.6000001430511475
Atlas,1c2e54b3b8df+bench,SVG,instrument-2026-10-07T06-37-50.292Z,points-3000-seed-41544c53,miss,spatial_hit_test_sync_ms,ms,45,0.5999999046325684
Atlas,1c2e54b3b8df+bench,SVG,instrument-2026-10-07T06-37-50.292Z,points-3000-seed-41544c53,miss,spatial_hit_test_sync_ms,ms,46,0.5999999046325684
Atlas,1c2e54b3b8df+bench,SVG,instrument-2026-10-07T06-37-50.292Z,points-3000-seed-41544c53,miss,spatial_hit_test_sync_ms,ms,47,0.6000001430511475
Atlas,1c2e54b3b8df+bench,SVG,instrument-2026-10-07T06-37-50.292Z,points-3000-seed-41544c53,miss,spatial_hit_test_sync_ms,ms,48,0.5999999046325684
Atlas,1c2e54b3b8df+bench,SVG,instrument-2026-10-07T06-37-50.292Z,points-3000-seed-41544c53,miss,spatial_hit_test_sync_ms,ms,49,0.6000001430511475
Atlas,1c2e54b3b8df+bench,SVG,instrument-2026-10-07T06-37-50.292Z,points-3000-seed-41544c53,miss,spatial_hit_test_sync_ms,ms,50,0.5999999046325684
Atlas,1c2e54b3b8df+bench,SVG,instrument-2026-10-07T06-37-50.292Z,points-3000-seed-41544c53,miss,spatial_hit_test_sync_ms,ms,51,0.5
Atlas,1c2e54b3b8df+bench,SVG,instrument-2026-10-07T06-37-50.292Z,points-3000-seed-41544c53,miss,spatial_hit_test_sync_ms,ms,52,0.7000000476837158
Atlas,1c2e54b3b8df+bench,SVG,instrument-2026-10-07T06-37-50.292Z,points-3000-seed-41544c53,miss,spatial_hit_test_sync_ms,ms,53,0.5999999046325684
Atlas,1c2e54b3b8df+bench,SVG,instrument-2026-10-07T06-37-50.292Z,points-3000-seed-41544c53,miss,spatial_hit_test_sync_ms,ms,54,0.6000001430511475
Atlas,1c2e54b3b8df+bench,SVG,instrument-2026-10-07T06-37-50.292Z,points-3000-seed-41544c53,miss,spatial_hit_test_sync_ms,ms,55,0.5999999046325684
Atlas,1c2e54b3b8df+bench,SVG,instrument-2026-10-07T06-37-50.292Z,points-3000-seed-41544c53,miss,spatial_hit_test_sync_ms,ms,56,0.5
Atlas,1c2e54b3b8df+bench,SVG,instrument-2026-10-07T06-37-50.292Z,points-3000-seed-41544c53,miss,spatial_hit_test_sync_ms,ms,57,0.7000000476837158
Atlas,1c2e54b3b8df+bench,SVG,instrument-2026-10-07T06-37-50.292Z,points-3000-seed-41544c53,miss,spatial_hit_test_sync_ms,ms,58,0.5
Atlas,1c2e54b3b8df+bench,SVG,instrument-2026-10-07T06-37-50.292Z,points-3000-seed-41544c53,miss,spatial_hit_test_sync_ms,ms,59,0.5999999046325684
Atlas,1c2e54b3b8df+bench,SVG,instrument-2026-10-07T06-37-50.292Z,points-3000-seed-41544c53,miss,spatial_hit_test_sync_ms,ms,60,0.7000000476837158
Atlas,1c2e54b3b8df+bench,SVG,instrument-2026-10-07T06-37-50.292Z,points-3000-seed-41544c53,miss,spatial_hit_test_sync_ms,ms,61,0.5999999046325684
Atlas,1c2e54b3b8df+bench,SVG,instrument-2026-10-07T06-37-50.292Z,points-3000-seed-41544c53,miss,spatial_hit_test_sync_ms,ms,62,0.6000001430511475
Atlas,1c2e54b3b8df+bench,SVG,instrument-2026-10-07T06-37-50.292Z,points-3000-seed-41544c53,miss,spatial_hit_test_sync_ms,ms,63,0.7000000476837158
Atlas,1c2e54b3b8df+bench,SVG,instrument-2026-10-07T06-37-50.292Z,points-3000-seed-41544c53,miss,spatial_hit_test_sync_ms,ms,64,0.5999999046325684
Atlas,1c2e54b3b8df+bench,SVG,instrument-2026-10-07T06-37-50.292Z,points-3000-seed-41544c53,miss,spatial_hit_test_sync_ms,ms,65,0.7000000476837158
Atlas,1c2e54b3b8df+bench,SVG,instrument-2026-10-07T06-37-50.292Z,points-3000-seed-41544c53,miss,spatial_hit_test_sync_ms,ms,66,0.5999999046325684
Atlas,1c2e54b3b8df+bench,SVG,instrument-2026-10-07T06-37-50.292Z,points-3000-seed-41544c53,miss,spatial_hit_test_sync_ms,ms,67,0.6000001430511475
Atlas,1c2e54b3b8df+bench,SVG,instrument-2026-10-07T06-37-50.292Z,points-3000-seed-41544c53,miss,spatial_hit_test_sync_ms,ms,68,0.6999998092651367
Atlas,1c2e54b3b8df+bench,SVG,instrument-2026-10-07T06-37-50.292Z,points-3000-seed-41544c53,miss,spatial_hit_test_sync_ms,ms,69,0.5
Atlas,1c2e54b3b8df+bench,SVG,instrument-2026-10-07T06-37-50.292Z,points-3000-seed-41544c53,miss,spatial_hit_test_sync_ms,ms,70,0.6000001430511475
Atlas,1c2e54b3b8df+bench,SVG,instrument-2026-10-07T06-37-50.292Z,points-3000-seed-41544c53,miss,spatial_hit_test_sync_ms,ms,71,0.5999999046325684
Atlas,1c2e54b3b8df+bench,SVG,instrument-2026-10-07T06-37-50.292Z,points-3000-seed-41544c53,miss,spatial_hit_test_sync_ms,ms,72,0.6000001430511475
Atlas,1c2e54b3b8df+bench,SVG,instrument-2026-10-07T06-37-50.292Z,points-3000-seed-41544c53,miss,spatial_hit_test_sync_ms,ms,73,0.6999998092651367
Atlas,1c2e54b3b8df+bench,SVG,instrument-2026-10-07T06-37-50.292Z,points-3000-seed-41544c53,miss,spatial_hit_test_sync_ms,ms,74,1.5
Atlas,1c2e54b3b8df+bench,SVG,instrument-2026-10-07T06-37-50.292Z,points-3000-seed-41544c53,miss,spatial_hit_test_sync_ms,ms,75,0.6000001430511475
Atlas,1c2e54b3b8df+bench,SVG,instrument-2026-10-07T06-37-50.292Z,points-3000-seed-41544c53,miss,spatial_hit_test_sync_ms,ms,76,0.7000000476837158
Atlas,1c2e54b3b8df+bench,SVG,instrument-2026-10-07T06-37-50.292Z,points-3000-seed-41544c53,miss,spatial_hit_test_sync_ms,ms,77,0.5999999046325684
Atlas,1c2e54b3b8df+bench,SVG,instrument-2026-10-07T06-37-50.292Z,points-3000-seed-41544c53,miss,spatial_hit_test_sync_ms,ms,78,0.5999999046325684
Atlas,1c2e54b3b8df+bench,SVG,instrument-2026-10-07T06-37-50.292Z,points-3000-seed-41544c53,miss,spatial_hit_test_sync_ms,ms,79,0.7000000476837158
Atlas,1c2e54b3b8df+bench,SVG,instrument-2026-10-07T06-37-50.292Z,points-3000-seed-41544c53,miss,spatial_hit_test_sync_ms,ms,80,0.7000000476837158
Atlas,1c2e54b3b8df+bench,SVG,instrument-2026-10-07T06-37-50.292Z,points-3000-seed-41544c53,miss,spatial_hit_test_sync_ms,ms,81,0.5
Atlas,1c2e54b3b8df+bench,SVG,instrument-2026-10-07T06-37-50.292Z,points-3000-seed-41544c53,miss,spatial_hit_test_sync_ms,ms,82,0.5999999046325684
Atlas,1c2e54b3b8df+bench,SVG,instrument-2026-10-07T06-37-50.292Z,points-3000-seed-41544c53,miss,spatial_hit_test_sync_ms,ms,83,0.7000000476837158
Atlas,1c2e54b3b8df+bench,SVG,instrument-2026-10-07T06-37-50.292Z,points-3000-seed-41544c53,miss,spatial_hit_test_sync_ms,ms,84,0.6000001430511475
Atlas,1c2e54b3b8df+bench,SVG,instrument-2026-10-07T06-37-50.292Z,points-3000-seed-41544c53,miss,spatial_hit_test_sync_ms,ms,85,0.5999999046325684
Atlas,1c2e54b3b8df+bench,SVG,instrument-2026-10-07T06-37-50.292Z,points-3000-seed-41544c53,miss,spatial_hit_test_sync_ms,ms,86,0.5999999046325684
Atlas,1c2e54b3b8df+bench,SVG,instrument-2026-10-07T06-37-50.292Z,points-3000-seed-41544c53,miss,spatial_hit_test_sync_ms,ms,87,0.7000000476837158
Atlas,1c2e54b3b8df+bench,SVG,instrument-2026-10-07T06-37-50.292Z,points-3000-seed-41544c53,miss,spatial_hit_test_sync_ms,ms,88,0.6000001430511475
Atlas,1c2e54b3b8df+bench,SVG,instrument-2026-10-07T06-37-50.292Z,points-3000-seed-41544c53,miss,spatial_hit_test_sync_ms,ms,89,0.6999998092651367
Atlas,1c2e54b3b8df+bench,SVG,instrument-2026-10-07T06-37-50.292Z,points-3000-seed-41544c53,miss,spatial_hit_test_sync_ms,ms,90,0.6000001430511475
Atlas,1c2e54b3b8df+bench,SVG,instrument-2026-10-07T06-37-50.292Z,points-3000-seed-41544c53,miss,spatial_hit_test_sync_ms,ms,91,0.7000000476837158
Atlas,1c2e54b3b8df+bench,SVG,instrument-2026-10-07T06-37-50.292Z,points-3000-seed-41544c53,miss,spatial_hit_test_sync_ms,ms,92,0.5999999046325684
Atlas,1c2e54b3b8df+bench,SVG,instrument-2026-10-07T06-37-50.292Z,points-3000-seed-41544c53,miss,spatial_hit_test_sync_ms,ms,93,0.7000000476837158
Atlas,1c2e54b3b8df+bench,SVG,instrument-2026-10-07T06-37-50.292Z,points-3000-seed-41544c53,miss,spatial_hit_test_sync_ms,ms,94,0.5999999046325684
Atlas,1c2e54b3b8df+bench,SVG,instrument-2026-10-07T06-37-50.292Z,points-3000-seed-41544c53,miss,spatial_hit_test_sync_ms,ms,95,0.7000000476837158
Atlas,1c2e54b3b8df+bench,SVG,instrument-2026-10-07T06-37-50.292Z,points-3000-seed-41544c53,miss,spatial_hit_test_sync_ms,ms,96,0.5999999046325684
Atlas,1c2e54b3b8df+bench,SVG,instrument-2026-10-07T06-37-50.292Z,points-3000-seed-41544c53,miss,spatial_hit_test_sync_ms,ms,97,0.6000001430511475
Atlas,1c2e54b3b8df+bench,SVG,instrument-2026-10-07T06-37-50.292Z,points-3000-seed-41544c53,miss,spatial_hit_test_sync_ms,ms,98,0.5999999046325684
Atlas,1c2e54b3b8df+bench,SVG,instrument-2026-10-07T06-37-50.292Z,points-3000-seed-41544c53,miss,spatial_hit_test_sync_ms,ms,99,0.6000001430511475
Atlas,1c2e54b3b8df+bench,SVG,instrument-2026-10-07T06-37-50.292Z,points-3000-seed-41544c53,miss,spatial_hit_test_sync_ms,ms,100,0.6999998092651367
Atlas,1c2e54b3b8df+bench,SVG,instrument-2026-10-07T06-37-50.292Z,points-3000-seed-41544c53,miss,spatial_hit_test_sync_ms,ms,101,0.7000000476837158
Atlas,1c2e54b3b8df+bench,SVG,instrument-2026-10-07T06-37-50.292Z,points-3000-seed-41544c53,miss,spatial_hit_test_sync_ms,ms,102,0.6000001430511475
Atlas,1c2e54b3b8df+bench,SVG,instrument-2026-10-07T06-37-50.292Z,points-3000-seed-41544c53,miss,spatial_hit_test_sync_ms,ms,103,0.5999999046325684
Atlas,1c2e54b3b8df+bench,SVG,instrument-2026-10-07T06-37-50.292Z,points-3000-seed-41544c53,miss,spatial_hit_test_sync_ms,ms,104,0.7000000476837158
Atlas,1c2e54b3b8df+bench,SVG,instrument-2026-10-07T06-37-50.292Z,points-3000-seed-41544c53,miss,spatial_hit_test_sync_ms,ms,105,0.5
Atlas,1c2e54b3b8df+bench,SVG,instrument-2026-10-07T06-37-50.292Z,points-3000-seed-41544c53,miss,spatial_hit_test_sync_ms,ms,106,0.7000000476837158
Atlas,1c2e54b3b8df+bench,SVG,instrument-2026-10-07T06-37-50.292Z,points-3000-seed-41544c53,miss,spatial_hit_test_sync_ms,ms,107,0.5999999046325684
Atlas,1c2e54b3b8df+bench,SVG,instrument-2026-10-07T06-37-50.292Z,points-3000-seed-41544c53,miss,spatial_hit_test_sync_ms,ms,108,0.5999999046325684
Atlas,1c2e54b3b8df+bench,SVG,instrument-2026-10-07T06-37-50.292Z,points-3000-seed-41544c53,miss,spatial_hit_test_sync_ms,ms,109,0.6000001430511475
Atlas,1c2e54b3b8df+bench,SVG,instrument-2026-10-07T06-37-50.292Z,points-3000-seed-41544c53,miss,spatial_hit_test_sync_ms,ms,110,0.5999999046325684
Atlas,1c2e54b3b8df+bench,SVG,instrument-2026-10-07T06-37-50.292Z,points-3000-seed-41544c53,miss,spatial_hit_test_sync_ms,ms,111,0.7000000476837158
Atlas,1c2e54b3b8df+bench,SVG,instrument-2026-10-07T06-37-50.292Z,points-3000-seed-41544c53,miss,spatial_hit_test_sync_ms,ms,112,0.5999999046325684
Atlas,1c2e54b3b8df+bench,SVG,instrument-2026-10-07T06-37-50.292Z,points-3000-seed-41544c53,miss,spatial_hit_test_sync_ms,ms,113,0.6000001430511475
Atlas,1c2e54b3b8df+bench,SVG,instrument-2026-10-07T06-37-50.292Z,points-3000-seed-41544c53,miss,spatial_hit_test_sync_ms,ms,114,0.7000000476837158
Atlas,1c2e54b3b8df+bench,SVG,instrument-2026-10-07T06-37-50.292Z,points-3000-seed-41544c53,miss,spatial_hit_test_sync_ms,ms,115,0.6999998092651367
Atlas,1c2e54b3b8df+bench,SVG,instrument-2026-10-07T06-37-50.292Z,points-3000-seed-41544c53,miss,spatial_hit_test_sync_ms,ms,116,0.6000001430511475
Atlas,1c2e54b3b8df+bench,SVG,instrument-2026-10-07T06-37-50.292Z,points-3000-seed-41544c53,miss,spatial_hit_test_sync_ms,ms,117,0.7000000476837158
Atlas,1c2e54b3b8df+bench,SVG,instrument-2026-10-07T06-37-50.292Z,points-3000-seed-41544c53,miss,spatial_hit_test_sync_ms,ms,118,0.5999999046325684
Atlas,1c2e54b3b8df+bench,SVG,instrument-2026-10-07T06-37-50.292Z,points-3000-seed-41544c53,miss,spatial_hit_test_sync_ms,ms,119,0.7000000476837158
Atlas,1c2e54b3b8df+bench,SVG,instrument-2026-10-07T06-37-50.292Z,points-3000-seed-41544c53,miss,spatial_hit_test_sync_ms,ms,120,0.7000000476837158
Atlas,1c2e54b3b8df+bench,SVG,instrument-2026-10-07T06-37-50.292Z,points-3000-seed-41544c53,miss,spatial_hit_test_sync_ms,ms,121,0.6999998092651367
Atlas,1c2e54b3b8df+bench,SVG,instrument-2026-10-07T06-37-50.292Z,points-3000-seed-41544c53,miss,spatial_hit_test_sync_ms,ms,122,0.6000001430511475
Atlas,1c2e54b3b8df+bench,SVG,instrument-2026-10-07T06-37-50.292Z,points-3000-seed-41544c53,miss,spatial_hit_test_sync_ms,ms,123,0.5999999046325684
Atlas,1c2e54b3b8df+bench,SVG,instrument-2026-10-07T06-37-50.292Z,points-3000-seed-41544c53,miss,spatial_hit_test_sync_ms,ms,124,0.7000000476837158
Atlas,1c2e54b3b8df+bench,SVG,instrument-2026-10-07T06-37-50.292Z,points-3000-seed-41544c53,miss,spatial_hit_test_sync_ms,ms,125,0.5999999046325684
Atlas,1c2e54b3b8df+bench,SVG,instrument-2026-10-07T06-37-50.292Z,points-3000-seed-41544c53,miss,spatial_hit_test_sync_ms,ms,126,0.6000001430511475
Atlas,1c2e54b3b8df+bench,SVG,instrument-2026-10-07T06-37-50.292Z,points-3000-seed-41544c53,miss,spatial_hit_test_sync_ms,ms,127,0.5999999046325684
Atlas,1c2e54b3b8df+bench,SVG,instrument-2026-10-07T06-37-50.292Z,points-3000-seed-41544c53,miss,spatial_hit_test_sync_ms,ms,128,0.6000001430511475
Atlas,1c2e54b3b8df+bench,SVG,instrument-2026-10-07T06-37-50.292Z,points-3000-seed-41544c53,miss,spatial_hit_test_sync_ms,ms,129,0.6999998092651367
Atlas,1c2e54b3b8df+bench,SVG,instrument-2026-10-07T06-37-50.292Z,points-3000-seed-41544c53,miss,spatial_hit_test_sync_ms,ms,130,0.7000000476837158
Atlas,1c2e54b3b8df+bench,SVG,instrument-2026-10-07T06-37-50.292Z,points-3000-seed-41544c53,miss,spatial_hit_test_sync_ms,ms,131,0.6000001430511475
Atlas,1c2e54b3b8df+bench,SVG,instrument-2026-10-07T06-37-50.292Z,points-3000-seed-41544c53,miss,spatial_hit_test_sync_ms,ms,132,0.5999999046325684
Atlas,1c2e54b3b8df+bench,SVG,instrument-2026-10-07T06-37-50.292Z,points-3000-seed-41544c53,miss,spatial_hit_test_sync_ms,ms,133,0.5999999046325684
Atlas,1c2e54b3b8df+bench,SVG,instrument-2026-10-07T06-37-50.292Z,points-3000-seed-41544c53,miss,spatial_hit_test_sync_ms,ms,134,0.6000001430511475
Atlas,1c2e54b3b8df+bench,SVG,instrument-2026-10-07T06-37-50.292Z,points-3000-seed-41544c53,miss,spatial_hit_test_sync_ms,ms,135,0.7000000476837158
Atlas,1c2e54b3b8df+bench,SVG,instrument-2026-10-07T06-37-50.292Z,points-3000-seed-41544c53,miss,spatial_hit_test_sync_ms,ms,136,0.5999999046325684
Atlas,1c2e54b3b8df+bench,SVG,instrument-2026-10-07T06-37-50.292Z,points-3000-seed-41544c53,miss,spatial_hit_test_sync_ms,ms,137,0.5999999046325684
Atlas,1c2e54b3b8df+bench,SVG,instrument-2026-10-07T06-37-50.292Z,points-3000-seed-41544c53,miss,spatial_hit_test_sync_ms,ms,138,0.6000001430511475
Atlas,1c2e54b3b8df+bench,SVG,instrument-2026-10-07T06-37-50.292Z,points-3000-seed-41544c53,miss,spatial_hit_test_sync_ms,ms,139,0.5999999046325684
Atlas,1c2e54b3b8df+bench,SVG,instrument-2026-10-07T06-37-50.292Z,points-3000-seed-41544c53,miss,spatial_hit_test_sync_ms,ms,140,0.6000001430511475
Atlas,1c2e54b3b8df+bench,SVG,instrument-2026-10-07T06-37-50.292Z,points-3000-seed-41544c53,miss,spatial_hit_test_sync_ms,ms,141,0.7999999523162842
Atlas,1c2e54b3b8df+bench,SVG,instrument-2026-10-07T06-37-50.292Z,points-3000-seed-41544c53,miss,spatial_hit_test_sync_ms,ms,142,0.5
Atlas,1c2e54b3b8df+bench,SVG,instrument-2026-10-07T06-37-50.292Z,points-3000-seed-41544c53,miss,spatial_hit_test_sync_ms,ms,143,0.7000000476837158
Atlas,1c2e54b3b8df+bench,SVG,instrument-2026-10-07T06-37-50.292Z,points-3000-seed-41544c53,miss,spatial_hit_test_sync_ms,ms,144,0.5999999046325684
Atlas,1c2e54b3b8df+bench,SVG,instrument-2026-10-07T06-37-50.292Z,points-3000-seed-41544c53,miss,spatial_hit_test_sync_ms,ms,145,0.7999999523162842
Atlas,1c2e54b3b8df+bench,SVG,instrument-2026-10-07T06-37-50.292Z,points-3000-seed-41544c53,miss,spatial_hit_test_sync_ms,ms,146,0.6000001430511475
Atlas,1c2e54b3b8df+bench,SVG,instrument-2026-10-07T06-37-50.292Z,points-3000-seed-41544c53,miss,spatial_hit_test_sync_ms,ms,147,0.5999999046325684
Atlas,1c2e54b3b8df+bench,SVG,instrument-2026-10-07T06-37-50.292Z,points-3000-seed-41544c53,miss,spatial_hit_test_sync_ms,ms,148,0.7000000476837158
Atlas,1c2e54b3b8df+bench,SVG,instrument-2026-10-07T06-37-50.292Z,points-3000-seed-41544c53,miss,spatial_hit_test_sync_ms,ms,149,0.5999999046325684
Atlas,1c2e54b3b8df+bench,SVG,instrument-2026-10-07T06-37-50.292Z,points-3000-seed-41544c53,miss,spatial_hit_test_sync_ms,ms,150,0.6000001430511475
Atlas,1c2e54b3b8df+bench,SVG,instrument-2026-10-07T06-37-50.292Z,points-3000-seed-41544c53,miss,spatial_hit_test_sync_ms,ms,151,0.5999999046325684
Atlas,1c2e54b3b8df+bench,SVG,instrument-2026-10-07T06-37-50.292Z,points-3000-seed-41544c53,miss,spatial_hit_test_sync_ms,ms,152,0.5999999046325684
Atlas,1c2e54b3b8df+bench,SVG,instrument-2026-10-07T06-37-50.292Z,points-3000-seed-41544c53,miss,spatial_hit_test_sync_ms,ms,153,0.6000001430511475
Atlas,1c2e54b3b8df+bench,SVG,instrument-2026-10-07T06-37-50.292Z,points-3000-seed-41544c53,miss,spatial_hit_test_sync_ms,ms,154,0.7000000476837158
Atlas,1c2e54b3b8df+bench,SVG,instrument-2026-10-07T06-37-50.292Z,points-3000-seed-41544c53,miss,spatial_hit_test_sync_ms,ms,155,0.5999999046325684
Atlas,1c2e54b3b8df+bench,SVG,instrument-2026-10-07T06-37-50.292Z,points-3000-seed-41544c53,miss,spatial_hit_test_sync_ms,ms,156,0.5999999046325684
Atlas,1c2e54b3b8df+bench,SVG,instrument-2026-10-07T06-37-50.292Z,points-3000-seed-41544c53,miss,spatial_hit_test_sync_ms,ms,157,2.200000047683716
Atlas,1c2e54b3b8df+bench,SVG,instrument-2026-10-07T06-37-50.292Z,points-3000-seed-41544c53,miss,spatial_hit_test_sync_ms,ms,158,0.6000001430511475
Atlas,1c2e54b3b8df+bench,SVG,instrument-2026-10-07T06-37-50.292Z,points-3000-seed-41544c53,miss,spatial_hit_test_sync_ms,ms,159,0.5999999046325684
Atlas,1c2e54b3b8df+bench,SVG,instrument-2026-10-07T06-37-50.292Z,points-3000-seed-41544c53,miss,spatial_hit_test_sync_ms,ms,160,0.5999999046325684
Atlas,1c2e54b3b8df+bench,SVG,instrument-2026-10-07T06-37-50.292Z,points-3000-seed-41544c53,miss,spatial_hit_test_sync_ms,ms,161,0.5
Atlas,1c2e54b3b8df+bench,SVG,instrument-2026-10-07T06-37-50.292Z,points-3000-seed-41544c53,miss,spatial_hit_test_sync_ms,ms,162,0.6000001430511475
Atlas,1c2e54b3b8df+bench,SVG,instrument-2026-10-07T06-37-50.292Z,points-3000-seed-41544c53,miss,spatial_hit_test_sync_ms,ms,163,0.5999999046325684
Atlas,1c2e54b3b8df+bench,SVG,instrument-2026-10-07T06-37-50.292Z,points-3000-seed-41544c53,miss,spatial_hit_test_sync_ms,ms,164,0.7000000476837158
Atlas,1c2e54b3b8df+bench,SVG,instrument-2026-10-07T06-37-50.292Z,points-3000-seed-41544c53,miss,spatial_hit_test_sync_ms,ms,165,0.5
Atlas,1c2e54b3b8df+bench,SVG,instrument-2026-10-07T06-37-50.292Z,points-3000-seed-41544c53,miss,spatial_hit_test_sync_ms,ms,166,0.7000000476837158
Atlas,1c2e54b3b8df+bench,SVG,instrument-2026-10-07T06-37-50.292Z,points-3000-seed-41544c53,miss,spatial_hit_test_sync_ms,ms,167,0.5
Atlas,1c2e54b3b8df+bench,SVG,instrument-2026-10-07T06-37-50.292Z,points-3000-seed-41544c53,miss,spatial_hit_test_sync_ms,ms,168,0.7000000476837158
Atlas,1c2e54b3b8df+bench,SVG,instrument-2026-10-07T06-37-50.292Z,points-3000-seed-41544c53,miss,spatial_hit_test_sync_ms,ms,169,0.5999999046325684
Atlas,1c2e54b3b8df+bench,SVG,instrument-2026-10-07T06-37-50.292Z,points-3000-seed-41544c53,miss,spatial_hit_test_sync_ms,ms,170,0.7000000476837158
Atlas,1c2e54b3b8df+bench,SVG,instrument-2026-10-07T06-37-50.292Z,points-3000-seed-41544c53,miss,spatial_hit_test_sync_ms,ms,171,0.5
Atlas,1c2e54b3b8df+bench,SVG,instrument-2026-10-07T06-37-50.292Z,points-3000-seed-41544c53,miss,spatial_hit_test_sync_ms,ms,172,0.7000000476837158
Atlas,1c2e54b3b8df+bench,SVG,instrument-2026-10-07T06-37-50.292Z,points-3000-seed-41544c53,miss,spatial_hit_test_sync_ms,ms,173,0.5999999046325684
Atlas,1c2e54b3b8df+bench,SVG,instrument-2026-10-07T06-37-50.292Z,points-3000-seed-41544c53,miss,spatial_hit_test_sync_ms,ms,174,0.5999999046325684
Atlas,1c2e54b3b8df+bench,SVG,instrument-2026-10-07T06-37-50.292Z,points-3000-seed-41544c53,miss,spatial_hit_test_sync_ms,ms,175,0.5
Atlas,1c2e54b3b8df+bench,SVG,instrument-2026-10-07T06-37-50.292Z,points-3000-seed-41544c53,miss,spatial_hit_test_sync_ms,ms,176,0.6000001430511475
Atlas,1c2e54b3b8df+bench,SVG,instrument-2026-10-07T06-37-50.292Z,points-3000-seed-41544c53,miss,spatial_hit_test_sync_ms,ms,177,0.7000000476837158
Atlas,1c2e54b3b8df+bench,SVG,instrument-2026-10-07T06-37-50.292Z,points-3000-seed-41544c53,miss,spatial_hit_test_sync_ms,ms,178,0.5999999046325684
Atlas,1c2e54b3b8df+bench,SVG,instrument-2026-10-07T06-37-50.292Z,points-3000-seed-41544c53,miss,spatial_hit_test_sync_ms,ms,179,0.5999999046325684
Atlas,1c2e54b3b8df+bench,SVG,instrument-2026-10-07T06-37-50.292Z,points-3000-seed-41544c53,miss,spatial_hit_test_sync_ms,ms,180,0.6000001430511475
Atlas,1c2e54b3b8df+bench,SVG,instrument-2026-10-07T06-37-50.292Z,points-3000-seed-41544c53,miss,spatial_hit_test_sync_ms,ms,181,0.5999999046325684
Atlas,1c2e54b3b8df+bench,SVG,instrument-2026-10-07T06-37-50.292Z,points-3000-seed-41544c53,miss,spatial_hit_test_sync_ms,ms,182,0.5
Atlas,1c2e54b3b8df+bench,SVG,instrument-2026-10-07T06-37-50.292Z,points-3000-seed-41544c53,miss,spatial_hit_test_sync_ms,ms,183,0.6000001430511475
Atlas,1c2e54b3b8df+bench,SVG,instrument-2026-10-07T06-37-50.292Z,points-3000-seed-41544c53,miss,spatial_hit_test_sync_ms,ms,184,0.6999998092651367
Atlas,1c2e54b3b8df+bench,SVG,instrument-2026-10-07T06-37-50.292Z,points-3000-seed-41544c53,miss,spatial_hit_test_sync_ms,ms,185,0.6000001430511475
Atlas,1c2e54b3b8df+bench,SVG,instrument-2026-10-07T06-37-50.292Z,points-3000-seed-41544c53,miss,spatial_hit_test_sync_ms,ms,186,0.5
Atlas,1c2e54b3b8df+bench,SVG,instrument-2026-10-07T06-37-50.292Z,points-3000-seed-41544c53,miss,spatial_hit_test_sync_ms,ms,187,0.7000000476837158
Atlas,1c2e54b3b8df+bench,SVG,instrument-2026-10-07T06-37-50.292Z,points-3000-seed-41544c53,miss,spatial_hit_test_sync_ms,ms,188,0.5
Atlas,1c2e54b3b8df+bench,SVG,instrument-2026-10-07T06-37-50.292Z,points-3000-seed-41544c53,miss,spatial_hit_test_sync_ms,ms,189,0.5999999046325684
Atlas,1c2e54b3b8df+bench,SVG,instrument-2026-10-07T06-37-50.292Z,points-3000-seed-41544c53,miss,spatial_hit_test_sync_ms,ms,190,0.5999999046325684
Atlas,1c2e54b3b8df+bench,SVG,instrument-2026-10-07T06-37-50.292Z,points-3000-seed-41544c53,miss,spatial_hit_test_sync_ms,ms,191,0.6000001430511475
Atlas,1c2e54b3b8df+bench,SVG,instrument-2026-10-07T06-37-50.292Z,points-3000-seed-41544c53,miss,spatial_hit_test_sync_ms,ms,192,0.5999999046325684
Atlas,1c2e54b3b8df+bench,SVG,instrument-2026-10-07T06-37-50.292Z,points-3000-seed-41544c53,miss,spatial_hit_test_sync_ms,ms,193,0.6000001430511475
Atlas,1c2e54b3b8df+bench,SVG,instrument-2026-10-07T06-37-50.292Z,points-3000-seed-41544c53,miss,spatial_hit_test_sync_ms,ms,194,0.6999998092651367
Atlas,1c2e54b3b8df+bench,SVG,instrument-2026-10-07T06-37-50.292Z,points-3000-seed-41544c53,miss,spatial_hit_test_sync_ms,ms,195,0.7000000476837158
Atlas,1c2e54b3b8df+bench,SVG,instrument-2026-10-07T06-37-50.292Z,points-3000-seed-41544c53,miss,spatial_hit_test_sync_ms,ms,196,0.5
Atlas,1c2e54b3b8df+bench,SVG,instrument-2026-10-07T06-37-50.292Z,points-3000-seed-41544c53,miss,spatial_hit_test_sync_ms,ms,197,0.7000000476837158
Atlas,1c2e54b3b8df+bench,SVG,instrument-2026-10-07T06-37-50.292Z,points-3000-seed-41544c53,miss,spatial_hit_test_sync_ms,ms,198,0.5999999046325684
Atlas,1c2e54b3b8df+bench,SVG,instrument-2026-10-07T06-37-50.292Z,points-3000-seed-41544c53,miss,spatial_hit_test_sync_ms,ms,199,0.6000001430511475
Atlas,1c2e54b3b8df+bench,SVG,instrument-2026-10-07T06-37-50.292Z,points-3000-seed-41544c53,miss,root_iterator_creations,count,0,201
Atlas,1c2e54b3b8df+bench,SVG,instrument-2026-10-07T06-37-50.292Z,points-3000-seed-41544c53,miss,root_iterator_next_calls,count,0,603001
Atlas,1c2e54b3b8df+bench,SVG,instrument-2026-10-07T06-37-50.292Z,points-3000-seed-41544c53,miss,layout_rect_reads,count,0,0
Atlas,1c2e54b3b8df+bench,SVG,instrument-2026-10-07T06-37-50.292Z,points-3000-seed-41544c53,miss,cleanup_renderer_calls,count,0,0
Atlas,1c2e54b3b8df+bench,SVG,instrument-2026-10-07T06-37-50.292Z,points-3000-seed-41544c53,miss,cleanup_stage_children,count,0,0
Atlas,1c2e54b3b8df+bench,SVG,instrument-2026-10-07T06-37-50.292Z,points-3000-seed-41544c53,position-single,operation_sync_ms,ms,0,0
Atlas,1c2e54b3b8df+bench,SVG,instrument-2026-10-07T06-37-50.292Z,points-3000-seed-41544c53,position-single,operation_to_raf_opportunities_ms,ms,0,28.200000047683716
Atlas,1c2e54b3b8df+bench,SVG,instrument-2026-10-07T06-37-50.292Z,points-3000-seed-41544c53,position-single,root_iterator_creations,count,0,2
Atlas,1c2e54b3b8df+bench,SVG,instrument-2026-10-07T06-37-50.292Z,points-3000-seed-41544c53,position-single,root_iterator_next_calls,count,0,6001
Atlas,1c2e54b3b8df+bench,SVG,instrument-2026-10-07T06-37-50.292Z,points-3000-seed-41544c53,position-single,svg_attribute_writes,count,0,6003
Atlas,1c2e54b3b8df+bench,SVG,instrument-2026-10-07T06-37-50.292Z,points-3000-seed-41544c53,position-single,renderer_scene_reads,count,0,1
Atlas,1c2e54b3b8df+bench,SVG,instrument-2026-10-07T06-37-50.292Z,points-3000-seed-41544c53,position-single,svg_attribute_removals,count,0,3000
Atlas,1c2e54b3b8df+bench,SVG,instrument-2026-10-07T06-37-50.292Z,points-3000-seed-41544c53,position-single,renderer_calls,count,0,1
Atlas,1c2e54b3b8df+bench,SVG,instrument-2026-10-07T06-37-50.292Z,points-3000-seed-41544c53,position-single,layout_rect_reads,count,0,0
Atlas,1c2e54b3b8df+bench,SVG,instrument-2026-10-07T06-37-50.292Z,points-3000-seed-41544c53,position-single,instrumented_renderer_callback_ms,ms,0,3
Atlas,1c2e54b3b8df+bench,SVG,instrument-2026-10-07T06-37-50.292Z,points-3000-seed-41544c53,position-single,cleanup_renderer_calls,count,0,0
Atlas,1c2e54b3b8df+bench,SVG,instrument-2026-10-07T06-37-50.292Z,points-3000-seed-41544c53,position-single,cleanup_stage_children,count,0,0
Atlas,1c2e54b3b8df+bench,SVG,instrument-2026-10-07T06-37-50.292Z,points-3000-seed-41544c53,position-series,operation_sync_ms,ms,0,0.10000014305114746
Atlas,1c2e54b3b8df+bench,SVG,instrument-2026-10-07T06-37-50.292Z,points-3000-seed-41544c53,position-series,operation_to_raf_opportunities_ms,ms,0,28.200000047683716
Atlas,1c2e54b3b8df+bench,SVG,instrument-2026-10-07T06-37-50.292Z,points-3000-seed-41544c53,position-series,root_iterator_creations,count,0,2
Atlas,1c2e54b3b8df+bench,SVG,instrument-2026-10-07T06-37-50.292Z,points-3000-seed-41544c53,position-series,root_iterator_next_calls,count,0,6001
Atlas,1c2e54b3b8df+bench,SVG,instrument-2026-10-07T06-37-50.292Z,points-3000-seed-41544c53,position-series,svg_attribute_writes,count,0,6003
Atlas,1c2e54b3b8df+bench,SVG,instrument-2026-10-07T06-37-50.292Z,points-3000-seed-41544c53,position-series,renderer_scene_reads,count,0,1
Atlas,1c2e54b3b8df+bench,SVG,instrument-2026-10-07T06-37-50.292Z,points-3000-seed-41544c53,position-series,svg_attribute_removals,count,0,3000
Atlas,1c2e54b3b8df+bench,SVG,instrument-2026-10-07T06-37-50.292Z,points-3000-seed-41544c53,position-series,renderer_calls,count,0,1
Atlas,1c2e54b3b8df+bench,SVG,instrument-2026-10-07T06-37-50.292Z,points-3000-seed-41544c53,position-series,layout_rect_reads,count,0,0
Atlas,1c2e54b3b8df+bench,SVG,instrument-2026-10-07T06-37-50.292Z,points-3000-seed-41544c53,position-series,instrumented_renderer_callback_ms,ms,0,2.8999998569488525
Atlas,1c2e54b3b8df+bench,SVG,instrument-2026-10-07T06-37-50.292Z,points-3000-seed-41544c53,position-series,cleanup_renderer_calls,count,0,0
Atlas,1c2e54b3b8df+bench,SVG,instrument-2026-10-07T06-37-50.292Z,points-3000-seed-41544c53,position-series,cleanup_stage_children,count,0,0
Atlas,1c2e54b3b8df+bench,SVG,instrument-2026-10-07T06-37-50.292Z,points-3000-seed-41544c53,add-100,operation_sync_ms,ms,0,30.700000047683716
Atlas,1c2e54b3b8df+bench,SVG,instrument-2026-10-07T06-37-50.292Z,points-3000-seed-41544c53,add-100,cumulative_operation_ms,ms,100,30.700000047683716
Atlas,1c2e54b3b8df+bench,SVG,instrument-2026-10-07T06-37-50.292Z,points-3000-seed-41544c53,add-100,operation_to_raf_opportunities_ms,ms,0,49
Atlas,1c2e54b3b8df+bench,SVG,instrument-2026-10-07T06-37-50.292Z,points-3000-seed-41544c53,add-100,root_iterator_creations,count,0,103
Atlas,1c2e54b3b8df+bench,SVG,instrument-2026-10-07T06-37-50.292Z,points-3000-seed-41544c53,add-100,root_iterator_next_calls,count,0,311152
Atlas,1c2e54b3b8df+bench,SVG,instrument-2026-10-07T06-37-50.292Z,points-3000-seed-41544c53,add-100,svg_attribute_writes,count,0,6803
Atlas,1c2e54b3b8df+bench,SVG,instrument-2026-10-07T06-37-50.292Z,points-3000-seed-41544c53,add-100,renderer_scene_reads,count,0,1
Atlas,1c2e54b3b8df+bench,SVG,instrument-2026-10-07T06-37-50.292Z,points-3000-seed-41544c53,add-100,renderer_scene_membership_changes,count,0,1
Atlas,1c2e54b3b8df+bench,SVG,instrument-2026-10-07T06-37-50.292Z,points-3000-seed-41544c53,add-100,svg_attribute_removals,count,0,3100
Atlas,1c2e54b3b8df+bench,SVG,instrument-2026-10-07T06-37-50.292Z,points-3000-seed-41544c53,add-100,renderer_calls,count,0,1
Atlas,1c2e54b3b8df+bench,SVG,instrument-2026-10-07T06-37-50.292Z,points-3000-seed-41544c53,add-100,layout_rect_reads,count,0,0
Atlas,1c2e54b3b8df+bench,SVG,instrument-2026-10-07T06-37-50.292Z,points-3000-seed-41544c53,add-100,instrumented_renderer_callback_ms,ms,0,4
Atlas,1c2e54b3b8df+bench,SVG,instrument-2026-10-07T06-37-50.292Z,points-3000-seed-41544c53,add-100,cleanup_renderer_calls,count,0,0
Atlas,1c2e54b3b8df+bench,SVG,instrument-2026-10-07T06-37-50.292Z,points-3000-seed-41544c53,add-100,cleanup_stage_children,count,0,0
Atlas,1c2e54b3b8df+bench,SVG,instrument-2026-10-07T06-37-50.292Z,points-3000-seed-41544c53,add-500,operation_sync_ms,ms,0,137.30000019073486
Atlas,1c2e54b3b8df+bench,SVG,instrument-2026-10-07T06-37-50.292Z,points-3000-seed-41544c53,add-500,cumulative_operation_ms,ms,100,28.600000143051147
Atlas,1c2e54b3b8df+bench,SVG,instrument-2026-10-07T06-37-50.292Z,points-3000-seed-41544c53,add-500,cumulative_operation_ms,ms,200,54.30000019073486
Atlas,1c2e54b3b8df+bench,SVG,instrument-2026-10-07T06-37-50.292Z,points-3000-seed-41544c53,add-500,cumulative_operation_ms,ms,300,81
Atlas,1c2e54b3b8df+bench,SVG,instrument-2026-10-07T06-37-50.292Z,points-3000-seed-41544c53,add-500,cumulative_operation_ms,ms,400,109.20000004768372
Atlas,1c2e54b3b8df+bench,SVG,instrument-2026-10-07T06-37-50.292Z,points-3000-seed-41544c53,add-500,cumulative_operation_ms,ms,500,137.30000019073486
Atlas,1c2e54b3b8df+bench,SVG,instrument-2026-10-07T06-37-50.292Z,points-3000-seed-41544c53,add-500,operation_to_raf_opportunities_ms,ms,0,158.60000014305115
Atlas,1c2e54b3b8df+bench,SVG,instrument-2026-10-07T06-37-50.292Z,points-3000-seed-41544c53,add-500,root_iterator_creations,count,0,503
Atlas,1c2e54b3b8df+bench,SVG,instrument-2026-10-07T06-37-50.292Z,points-3000-seed-41544c53,add-500,root_iterator_next_calls,count,0,1631752
Atlas,1c2e54b3b8df+bench,SVG,instrument-2026-10-07T06-37-50.292Z,points-3000-seed-41544c53,add-500,svg_attribute_writes,count,0,10003
Atlas,1c2e54b3b8df+bench,SVG,instrument-2026-10-07T06-37-50.292Z,points-3000-seed-41544c53,add-500,renderer_scene_reads,count,0,1
Atlas,1c2e54b3b8df+bench,SVG,instrument-2026-10-07T06-37-50.292Z,points-3000-seed-41544c53,add-500,renderer_scene_membership_changes,count,0,1
Atlas,1c2e54b3b8df+bench,SVG,instrument-2026-10-07T06-37-50.292Z,points-3000-seed-41544c53,add-500,svg_attribute_removals,count,0,3500
Atlas,1c2e54b3b8df+bench,SVG,instrument-2026-10-07T06-37-50.292Z,points-3000-seed-41544c53,add-500,renderer_calls,count,0,1
Atlas,1c2e54b3b8df+bench,SVG,instrument-2026-10-07T06-37-50.292Z,points-3000-seed-41544c53,add-500,layout_rect_reads,count,0,0
Atlas,1c2e54b3b8df+bench,SVG,instrument-2026-10-07T06-37-50.292Z,points-3000-seed-41544c53,add-500,instrumented_renderer_callback_ms,ms,0,5.099999904632568
Atlas,1c2e54b3b8df+bench,SVG,instrument-2026-10-07T06-37-50.292Z,points-3000-seed-41544c53,add-500,cleanup_renderer_calls,count,0,0
Atlas,1c2e54b3b8df+bench,SVG,instrument-2026-10-07T06-37-50.292Z,points-3000-seed-41544c53,add-500,cleanup_stage_children,count,0,0
Atlas,1c2e54b3b8df+bench,SVG,instrument-2026-10-07T06-37-50.292Z,points-3000-seed-41544c53,add-1000,operation_sync_ms,ms,0,296.60000014305115
Atlas,1c2e54b3b8df+bench,SVG,instrument-2026-10-07T06-37-50.292Z,points-3000-seed-41544c53,add-1000,cumulative_operation_ms,ms,100,26
Atlas,1c2e54b3b8df+bench,SVG,instrument-2026-10-07T06-37-50.292Z,points-3000-seed-41544c53,add-1000,cumulative_operation_ms,ms,200,55.90000009536743
Atlas,1c2e54b3b8df+bench,SVG,instrument-2026-10-07T06-37-50.292Z,points-3000-seed-41544c53,add-1000,cumulative_operation_ms,ms,300,83.40000009536743
Atlas,1c2e54b3b8df+bench,SVG,instrument-2026-10-07T06-37-50.292Z,points-3000-seed-41544c53,add-1000,cumulative_operation_ms,ms,400,113.40000009536743
Atlas,1c2e54b3b8df+bench,SVG,instrument-2026-10-07T06-37-50.292Z,points-3000-seed-41544c53,add-1000,cumulative_operation_ms,ms,500,141.40000009536743
Atlas,1c2e54b3b8df+bench,SVG,instrument-2026-10-07T06-37-50.292Z,points-3000-seed-41544c53,add-1000,cumulative_operation_ms,ms,600,170.70000004768372
Atlas,1c2e54b3b8df+bench,SVG,instrument-2026-10-07T06-37-50.292Z,points-3000-seed-41544c53,add-1000,cumulative_operation_ms,ms,700,201
Atlas,1c2e54b3b8df+bench,SVG,instrument-2026-10-07T06-37-50.292Z,points-3000-seed-41544c53,add-1000,cumulative_operation_ms,ms,800,232.20000004768372
Atlas,1c2e54b3b8df+bench,SVG,instrument-2026-10-07T06-37-50.292Z,points-3000-seed-41544c53,add-1000,cumulative_operation_ms,ms,900,264.30000019073486
Atlas,1c2e54b3b8df+bench,SVG,instrument-2026-10-07T06-37-50.292Z,points-3000-seed-41544c53,add-1000,cumulative_operation_ms,ms,1000,296.60000014305115
Atlas,1c2e54b3b8df+bench,SVG,instrument-2026-10-07T06-37-50.292Z,points-3000-seed-41544c53,add-1000,operation_to_raf_opportunities_ms,ms,0,323.10000014305115
Atlas,1c2e54b3b8df+bench,SVG,instrument-2026-10-07T06-37-50.292Z,points-3000-seed-41544c53,add-1000,root_iterator_creations,count,0,1003
Atlas,1c2e54b3b8df+bench,SVG,instrument-2026-10-07T06-37-50.292Z,points-3000-seed-41544c53,add-1000,root_iterator_next_calls,count,0,3507502
Atlas,1c2e54b3b8df+bench,SVG,instrument-2026-10-07T06-37-50.292Z,points-3000-seed-41544c53,add-1000,svg_attribute_writes,count,0,14003
Atlas,1c2e54b3b8df+bench,SVG,instrument-2026-10-07T06-37-50.292Z,points-3000-seed-41544c53,add-1000,renderer_scene_reads,count,0,1
Atlas,1c2e54b3b8df+bench,SVG,instrument-2026-10-07T06-37-50.292Z,points-3000-seed-41544c53,add-1000,renderer_scene_membership_changes,count,0,1
Atlas,1c2e54b3b8df+bench,SVG,instrument-2026-10-07T06-37-50.292Z,points-3000-seed-41544c53,add-1000,svg_attribute_removals,count,0,4000
Atlas,1c2e54b3b8df+bench,SVG,instrument-2026-10-07T06-37-50.292Z,points-3000-seed-41544c53,add-1000,renderer_calls,count,0,1
Atlas,1c2e54b3b8df+bench,SVG,instrument-2026-10-07T06-37-50.292Z,points-3000-seed-41544c53,add-1000,layout_rect_reads,count,0,0
Atlas,1c2e54b3b8df+bench,SVG,instrument-2026-10-07T06-37-50.292Z,points-3000-seed-41544c53,add-1000,instrumented_renderer_callback_ms,ms,0,6.099999904632568
Atlas,1c2e54b3b8df+bench,SVG,instrument-2026-10-07T06-37-50.292Z,points-3000-seed-41544c53,add-1000,cleanup_renderer_calls,count,0,0
Atlas,1c2e54b3b8df+bench,SVG,instrument-2026-10-07T06-37-50.292Z,points-3000-seed-41544c53,add-1000,cleanup_stage_children,count,0,0
Atlas,1c2e54b3b8df+bench,SVG,instrument-2026-10-07T06-37-50.292Z,points-3000-seed-41544c53,remove-100,operation_sync_ms,ms,0,26.799999952316284
Atlas,1c2e54b3b8df+bench,SVG,instrument-2026-10-07T06-37-50.292Z,points-3000-seed-41544c53,remove-100,cumulative_operation_ms,ms,100,26.799999952316284
Atlas,1c2e54b3b8df+bench,SVG,instrument-2026-10-07T06-37-50.292Z,points-3000-seed-41544c53,remove-100,operation_to_raf_opportunities_ms,ms,0,44.299999952316284
Atlas,1c2e54b3b8df+bench,SVG,instrument-2026-10-07T06-37-50.292Z,points-3000-seed-41544c53,remove-100,root_iterator_creations,count,0,103
Atlas,1c2e54b3b8df+bench,SVG,instrument-2026-10-07T06-37-50.292Z,points-3000-seed-41544c53,remove-100,root_iterator_next_calls,count,0,300952
Atlas,1c2e54b3b8df+bench,SVG,instrument-2026-10-07T06-37-50.292Z,points-3000-seed-41544c53,remove-100,svg_attribute_writes,count,0,5803
Atlas,1c2e54b3b8df+bench,SVG,instrument-2026-10-07T06-37-50.292Z,points-3000-seed-41544c53,remove-100,renderer_scene_reads,count,0,1
Atlas,1c2e54b3b8df+bench,SVG,instrument-2026-10-07T06-37-50.292Z,points-3000-seed-41544c53,remove-100,renderer_scene_membership_changes,count,0,1
Atlas,1c2e54b3b8df+bench,SVG,instrument-2026-10-07T06-37-50.292Z,points-3000-seed-41544c53,remove-100,svg_attribute_removals,count,0,2900
Atlas,1c2e54b3b8df+bench,SVG,instrument-2026-10-07T06-37-50.292Z,points-3000-seed-41544c53,remove-100,renderer_calls,count,0,1
Atlas,1c2e54b3b8df+bench,SVG,instrument-2026-10-07T06-37-50.292Z,points-3000-seed-41544c53,remove-100,layout_rect_reads,count,0,0
Atlas,1c2e54b3b8df+bench,SVG,instrument-2026-10-07T06-37-50.292Z,points-3000-seed-41544c53,remove-100,instrumented_renderer_callback_ms,ms,0,4.1000001430511475
Atlas,1c2e54b3b8df+bench,SVG,instrument-2026-10-07T06-37-50.292Z,points-3000-seed-41544c53,remove-100,cleanup_renderer_calls,count,0,0
Atlas,1c2e54b3b8df+bench,SVG,instrument-2026-10-07T06-37-50.292Z,points-3000-seed-41544c53,remove-100,cleanup_stage_children,count,0,0
Atlas,1c2e54b3b8df+bench,SVG,instrument-2026-10-07T06-37-50.292Z,points-3000-seed-41544c53,remove-500,operation_sync_ms,ms,0,123.70000004768372
Atlas,1c2e54b3b8df+bench,SVG,instrument-2026-10-07T06-37-50.292Z,points-3000-seed-41544c53,remove-500,cumulative_operation_ms,ms,100,28.299999952316284
Atlas,1c2e54b3b8df+bench,SVG,instrument-2026-10-07T06-37-50.292Z,points-3000-seed-41544c53,remove-500,cumulative_operation_ms,ms,200,54.10000014305115
Atlas,1c2e54b3b8df+bench,SVG,instrument-2026-10-07T06-37-50.292Z,points-3000-seed-41544c53,remove-500,cumulative_operation_ms,ms,300,78.10000014305115
Atlas,1c2e54b3b8df+bench,SVG,instrument-2026-10-07T06-37-50.292Z,points-3000-seed-41544c53,remove-500,cumulative_operation_ms,ms,400,101
Atlas,1c2e54b3b8df+bench,SVG,instrument-2026-10-07T06-37-50.292Z,points-3000-seed-41544c53,remove-500,cumulative_operation_ms,ms,500,123.70000004768372
Atlas,1c2e54b3b8df+bench,SVG,instrument-2026-10-07T06-37-50.292Z,points-3000-seed-41544c53,remove-500,operation_to_raf_opportunities_ms,ms,0,139.29999995231628
Atlas,1c2e54b3b8df+bench,SVG,instrument-2026-10-07T06-37-50.292Z,points-3000-seed-41544c53,remove-500,root_iterator_creations,count,0,503
Atlas,1c2e54b3b8df+bench,SVG,instrument-2026-10-07T06-37-50.292Z,points-3000-seed-41544c53,remove-500,root_iterator_next_calls,count,0,1380752
Atlas,1c2e54b3b8df+bench,SVG,instrument-2026-10-07T06-37-50.292Z,points-3000-seed-41544c53,remove-500,svg_attribute_writes,count,0,5003
Atlas,1c2e54b3b8df+bench,SVG,instrument-2026-10-07T06-37-50.292Z,points-3000-seed-41544c53,remove-500,renderer_scene_reads,count,0,1
Atlas,1c2e54b3b8df+bench,SVG,instrument-2026-10-07T06-37-50.292Z,points-3000-seed-41544c53,remove-500,renderer_scene_membership_changes,count,0,1
Atlas,1c2e54b3b8df+bench,SVG,instrument-2026-10-07T06-37-50.292Z,points-3000-seed-41544c53,remove-500,svg_attribute_removals,count,0,2500
Atlas,1c2e54b3b8df+bench,SVG,instrument-2026-10-07T06-37-50.292Z,points-3000-seed-41544c53,remove-500,renderer_calls,count,0,1
Atlas,1c2e54b3b8df+bench,SVG,instrument-2026-10-07T06-37-50.292Z,points-3000-seed-41544c53,remove-500,layout_rect_reads,count,0,0
Atlas,1c2e54b3b8df+bench,SVG,instrument-2026-10-07T06-37-50.292Z,points-3000-seed-41544c53,remove-500,instrumented_renderer_callback_ms,ms,0,3.299999952316284
Atlas,1c2e54b3b8df+bench,SVG,instrument-2026-10-07T06-37-50.292Z,points-3000-seed-41544c53,remove-500,cleanup_renderer_calls,count,0,0
Atlas,1c2e54b3b8df+bench,SVG,instrument-2026-10-07T06-37-50.292Z,points-3000-seed-41544c53,remove-500,cleanup_stage_children,count,0,0
Atlas,1c2e54b3b8df+bench,SVG,instrument-2026-10-07T06-37-50.292Z,points-3000-seed-41544c53,remove-1000,operation_sync_ms,ms,0,219.20000004768372
Atlas,1c2e54b3b8df+bench,SVG,instrument-2026-10-07T06-37-50.292Z,points-3000-seed-41544c53,remove-1000,cumulative_operation_ms,ms,100,27.200000047683716
Atlas,1c2e54b3b8df+bench,SVG,instrument-2026-10-07T06-37-50.292Z,points-3000-seed-41544c53,remove-1000,cumulative_operation_ms,ms,200,53.10000014305115
Atlas,1c2e54b3b8df+bench,SVG,instrument-2026-10-07T06-37-50.292Z,points-3000-seed-41544c53,remove-1000,cumulative_operation_ms,ms,300,76.80000019073486
Atlas,1c2e54b3b8df+bench,SVG,instrument-2026-10-07T06-37-50.292Z,points-3000-seed-41544c53,remove-1000,cumulative_operation_ms,ms,400,99.90000009536743
Atlas,1c2e54b3b8df+bench,SVG,instrument-2026-10-07T06-37-50.292Z,points-3000-seed-41544c53,remove-1000,cumulative_operation_ms,ms,500,121.90000009536743
Atlas,1c2e54b3b8df+bench,SVG,instrument-2026-10-07T06-37-50.292Z,points-3000-seed-41544c53,remove-1000,cumulative_operation_ms,ms,600,143.10000014305115
Atlas,1c2e54b3b8df+bench,SVG,instrument-2026-10-07T06-37-50.292Z,points-3000-seed-41544c53,remove-1000,cumulative_operation_ms,ms,700,163.5
Atlas,1c2e54b3b8df+bench,SVG,instrument-2026-10-07T06-37-50.292Z,points-3000-seed-41544c53,remove-1000,cumulative_operation_ms,ms,800,183.10000014305115
Atlas,1c2e54b3b8df+bench,SVG,instrument-2026-10-07T06-37-50.292Z,points-3000-seed-41544c53,remove-1000,cumulative_operation_ms,ms,900,201.40000009536743
Atlas,1c2e54b3b8df+bench,SVG,instrument-2026-10-07T06-37-50.292Z,points-3000-seed-41544c53,remove-1000,cumulative_operation_ms,ms,1000,219.20000004768372
Atlas,1c2e54b3b8df+bench,SVG,instrument-2026-10-07T06-37-50.292Z,points-3000-seed-41544c53,remove-1000,operation_to_raf_opportunities_ms,ms,0,233.5
Atlas,1c2e54b3b8df+bench,SVG,instrument-2026-10-07T06-37-50.292Z,points-3000-seed-41544c53,remove-1000,root_iterator_creations,count,0,1003
Atlas,1c2e54b3b8df+bench,SVG,instrument-2026-10-07T06-37-50.292Z,points-3000-seed-41544c53,remove-1000,root_iterator_next_calls,count,0,2505502
Atlas,1c2e54b3b8df+bench,SVG,instrument-2026-10-07T06-37-50.292Z,points-3000-seed-41544c53,remove-1000,svg_attribute_writes,count,0,4003
Atlas,1c2e54b3b8df+bench,SVG,instrument-2026-10-07T06-37-50.292Z,points-3000-seed-41544c53,remove-1000,renderer_scene_reads,count,0,1
Atlas,1c2e54b3b8df+bench,SVG,instrument-2026-10-07T06-37-50.292Z,points-3000-seed-41544c53,remove-1000,renderer_scene_membership_changes,count,0,1
Atlas,1c2e54b3b8df+bench,SVG,instrument-2026-10-07T06-37-50.292Z,points-3000-seed-41544c53,remove-1000,svg_attribute_removals,count,0,2000
Atlas,1c2e54b3b8df+bench,SVG,instrument-2026-10-07T06-37-50.292Z,points-3000-seed-41544c53,remove-1000,renderer_calls,count,0,1
Atlas,1c2e54b3b8df+bench,SVG,instrument-2026-10-07T06-37-50.292Z,points-3000-seed-41544c53,remove-1000,layout_rect_reads,count,0,0
Atlas,1c2e54b3b8df+bench,SVG,instrument-2026-10-07T06-37-50.292Z,points-3000-seed-41544c53,remove-1000,instrumented_renderer_callback_ms,ms,0,2.8000001907348633
Atlas,1c2e54b3b8df+bench,SVG,instrument-2026-10-07T06-37-50.292Z,points-3000-seed-41544c53,remove-1000,cleanup_renderer_calls,count,0,0
Atlas,1c2e54b3b8df+bench,SVG,instrument-2026-10-07T06-37-50.292Z,points-3000-seed-41544c53,remove-1000,cleanup_stage_children,count,0,0
Atlas,1c2e54b3b8df+bench,SVG,instrument-2026-10-07T06-37-50.292Z,points-3000-seed-41544c53,wheel-input,synthetic_wheel_dispatch_sync_ms,ms,0,0
Atlas,1c2e54b3b8df+bench,SVG,instrument-2026-10-07T06-37-50.292Z,points-3000-seed-41544c53,wheel-input,synthetic_wheel_dispatch_sync_ms,ms,1,0
Atlas,1c2e54b3b8df+bench,SVG,instrument-2026-10-07T06-37-50.292Z,points-3000-seed-41544c53,wheel-input,synthetic_wheel_dispatch_sync_ms,ms,2,0
Atlas,1c2e54b3b8df+bench,SVG,instrument-2026-10-07T06-37-50.292Z,points-3000-seed-41544c53,wheel-input,synthetic_wheel_dispatch_sync_ms,ms,3,0.09999990463256836
Atlas,1c2e54b3b8df+bench,SVG,instrument-2026-10-07T06-37-50.292Z,points-3000-seed-41544c53,wheel-input,synthetic_wheel_dispatch_sync_ms,ms,4,0
Atlas,1c2e54b3b8df+bench,SVG,instrument-2026-10-07T06-37-50.292Z,points-3000-seed-41544c53,wheel-input,synthetic_wheel_dispatch_sync_ms,ms,5,0
Atlas,1c2e54b3b8df+bench,SVG,instrument-2026-10-07T06-37-50.292Z,points-3000-seed-41544c53,wheel-input,synthetic_wheel_dispatch_sync_ms,ms,6,0.09999990463256836
Atlas,1c2e54b3b8df+bench,SVG,instrument-2026-10-07T06-37-50.292Z,points-3000-seed-41544c53,wheel-input,synthetic_wheel_dispatch_sync_ms,ms,7,0.10000014305114746
Atlas,1c2e54b3b8df+bench,SVG,instrument-2026-10-07T06-37-50.292Z,points-3000-seed-41544c53,wheel-input,synthetic_wheel_dispatch_sync_ms,ms,8,0
Atlas,1c2e54b3b8df+bench,SVG,instrument-2026-10-07T06-37-50.292Z,points-3000-seed-41544c53,wheel-input,synthetic_wheel_dispatch_sync_ms,ms,9,0
Atlas,1c2e54b3b8df+bench,SVG,instrument-2026-10-07T06-37-50.292Z,points-3000-seed-41544c53,wheel-input,layout_rect_reads,count,0,52
Atlas,1c2e54b3b8df+bench,SVG,instrument-2026-10-07T06-37-50.292Z,points-3000-seed-41544c53,wheel-input,svg_attribute_writes,count,0,60030
Atlas,1c2e54b3b8df+bench,SVG,instrument-2026-10-07T06-37-50.292Z,points-3000-seed-41544c53,wheel-input,renderer_scene_reads,count,0,10
Atlas,1c2e54b3b8df+bench,SVG,instrument-2026-10-07T06-37-50.292Z,points-3000-seed-41544c53,wheel-input,root_iterator_creations,count,0,10
Atlas,1c2e54b3b8df+bench,SVG,instrument-2026-10-07T06-37-50.292Z,points-3000-seed-41544c53,wheel-input,root_iterator_next_calls,count,0,30000
Atlas,1c2e54b3b8df+bench,SVG,instrument-2026-10-07T06-37-50.292Z,points-3000-seed-41544c53,wheel-input,svg_attribute_removals,count,0,30000
Atlas,1c2e54b3b8df+bench,SVG,instrument-2026-10-07T06-37-50.292Z,points-3000-seed-41544c53,wheel-input,renderer_calls,count,0,10
Atlas,1c2e54b3b8df+bench,SVG,instrument-2026-10-07T06-37-50.292Z,points-3000-seed-41544c53,wheel-input,instrumented_renderer_callback_ms,ms,0,3.4000000953674316
Atlas,1c2e54b3b8df+bench,SVG,instrument-2026-10-07T06-37-50.292Z,points-3000-seed-41544c53,wheel-input,instrumented_renderer_callback_ms,ms,1,3.299999952316284
Atlas,1c2e54b3b8df+bench,SVG,instrument-2026-10-07T06-37-50.292Z,points-3000-seed-41544c53,wheel-input,instrumented_renderer_callback_ms,ms,2,3.200000047683716
Atlas,1c2e54b3b8df+bench,SVG,instrument-2026-10-07T06-37-50.292Z,points-3000-seed-41544c53,wheel-input,instrumented_renderer_callback_ms,ms,3,3.3999998569488525
Atlas,1c2e54b3b8df+bench,SVG,instrument-2026-10-07T06-37-50.292Z,points-3000-seed-41544c53,wheel-input,instrumented_renderer_callback_ms,ms,4,3.299999952316284
Atlas,1c2e54b3b8df+bench,SVG,instrument-2026-10-07T06-37-50.292Z,points-3000-seed-41544c53,wheel-input,instrumented_renderer_callback_ms,ms,5,3.6000001430511475
Atlas,1c2e54b3b8df+bench,SVG,instrument-2026-10-07T06-37-50.292Z,points-3000-seed-41544c53,wheel-input,instrumented_renderer_callback_ms,ms,6,3.6999998092651367
Atlas,1c2e54b3b8df+bench,SVG,instrument-2026-10-07T06-37-50.292Z,points-3000-seed-41544c53,wheel-input,instrumented_renderer_callback_ms,ms,7,3.5
Atlas,1c2e54b3b8df+bench,SVG,instrument-2026-10-07T06-37-50.292Z,points-3000-seed-41544c53,wheel-input,instrumented_renderer_callback_ms,ms,8,4
Atlas,1c2e54b3b8df+bench,SVG,instrument-2026-10-07T06-37-50.292Z,points-3000-seed-41544c53,wheel-input,instrumented_renderer_callback_ms,ms,9,4
Atlas,1c2e54b3b8df+bench,SVG,instrument-2026-10-07T06-37-50.292Z,points-3000-seed-41544c53,wheel-input,cleanup_renderer_calls,count,0,0
Atlas,1c2e54b3b8df+bench,SVG,instrument-2026-10-07T06-37-50.292Z,points-3000-seed-41544c53,wheel-input,cleanup_stage_children,count,0,0
Atlas,1c2e54b3b8df+bench,SVG,instrument-2026-10-07T06-37-50.292Z,points-5000-seed-41544c53,load,load_promise_ms,ms,0,12.599999904632568
Atlas,1c2e54b3b8df+bench,SVG,instrument-2026-10-07T06-37-50.292Z,points-5000-seed-41544c53,load,create_to_raf_opportunities_ms,ms,0,90.40000009536743
Atlas,1c2e54b3b8df+bench,SVG,instrument-2026-10-07T06-37-50.292Z,points-5000-seed-41544c53,load,semantic_roots,count,0,5000
Atlas,1c2e54b3b8df+bench,SVG,instrument-2026-10-07T06-37-50.292Z,points-5000-seed-41544c53,load,owned_points,count,0,0
Atlas,1c2e54b3b8df+bench,SVG,instrument-2026-10-07T06-37-50.292Z,points-5000-seed-41544c53,load,visual_primitives,count,0,5000
Atlas,1c2e54b3b8df+bench,SVG,instrument-2026-10-07T06-37-50.292Z,points-5000-seed-41544c53,load,svg_element_nodes,count,0,10002
Atlas,1c2e54b3b8df+bench,SVG,instrument-2026-10-07T06-37-50.292Z,points-5000-seed-41544c53,load,shadow_element_nodes,count,0,10003
Atlas,1c2e54b3b8df+bench,SVG,instrument-2026-10-07T06-37-50.292Z,points-5000-seed-41544c53,load,shadow_dom_nodes,count,0,10006
Atlas,1c2e54b3b8df+bench,SVG,instrument-2026-10-07T06-37-50.292Z,points-5000-seed-41544c53,load,root_iterator_creations,count,0,6
Atlas,1c2e54b3b8df+bench,SVG,instrument-2026-10-07T06-37-50.292Z,points-5000-seed-41544c53,load,root_iterator_next_calls,count,0,20004
Atlas,1c2e54b3b8df+bench,SVG,instrument-2026-10-07T06-37-50.292Z,points-5000-seed-41544c53,load,svg_attribute_writes,count,0,40009
Atlas,1c2e54b3b8df+bench,SVG,instrument-2026-10-07T06-37-50.292Z,points-5000-seed-41544c53,load,renderer_calls,count,0,2
Atlas,1c2e54b3b8df+bench,SVG,instrument-2026-10-07T06-37-50.292Z,points-5000-seed-41544c53,load,renderer_scene_reads,count,0,2
Atlas,1c2e54b3b8df+bench,SVG,instrument-2026-10-07T06-37-50.292Z,points-5000-seed-41544c53,load,svg_attribute_removals,count,0,5000
Atlas,1c2e54b3b8df+bench,SVG,instrument-2026-10-07T06-37-50.292Z,points-5000-seed-41544c53,load,layout_rect_reads,count,0,0
Atlas,1c2e54b3b8df+bench,SVG,instrument-2026-10-07T06-37-50.292Z,points-5000-seed-41544c53,load,instrumented_renderer_callback_ms,ms,0,0
Atlas,1c2e54b3b8df+bench,SVG,instrument-2026-10-07T06-37-50.292Z,points-5000-seed-41544c53,load,instrumented_renderer_callback_ms,ms,1,5.799999952316284
Atlas,1c2e54b3b8df+bench,SVG,instrument-2026-10-07T06-37-50.292Z,points-5000-seed-41544c53,load,instrumented_prepare_promise_ms,ms,0,7.299999952316284
Atlas,1c2e54b3b8df+bench,SVG,instrument-2026-10-07T06-37-50.292Z,points-5000-seed-41544c53,load,cleanup_renderer_calls,count,0,0
Atlas,1c2e54b3b8df+bench,SVG,instrument-2026-10-07T06-37-50.292Z,points-5000-seed-41544c53,load,cleanup_stage_children,count,0,0
Atlas,1c2e54b3b8df+bench,SVG,instrument-2026-10-07T06-37-50.292Z,points-5000-seed-41544c53,pan,frame_interval_ms,ms,0,16.60000000000582
Atlas,1c2e54b3b8df+bench,SVG,instrument-2026-10-07T06-37-50.292Z,points-5000-seed-41544c53,pan,camera_api_sync_ms,ms,0,0
Atlas,1c2e54b3b8df+bench,SVG,instrument-2026-10-07T06-37-50.292Z,points-5000-seed-41544c53,pan,frame_interval_ms,ms,1,16.699999999982538
Atlas,1c2e54b3b8df+bench,SVG,instrument-2026-10-07T06-37-50.292Z,points-5000-seed-41544c53,pan,camera_api_sync_ms,ms,1,0
Atlas,1c2e54b3b8df+bench,SVG,instrument-2026-10-07T06-37-50.292Z,points-5000-seed-41544c53,pan,frame_interval_ms,ms,2,16.70000000001164
Atlas,1c2e54b3b8df+bench,SVG,instrument-2026-10-07T06-37-50.292Z,points-5000-seed-41544c53,pan,camera_api_sync_ms,ms,2,0
Atlas,1c2e54b3b8df+bench,SVG,instrument-2026-10-07T06-37-50.292Z,points-5000-seed-41544c53,pan,frame_interval_ms,ms,3,33.39999999999418
Atlas,1c2e54b3b8df+bench,SVG,instrument-2026-10-07T06-37-50.292Z,points-5000-seed-41544c53,pan,camera_api_sync_ms,ms,3,0
Atlas,1c2e54b3b8df+bench,SVG,instrument-2026-10-07T06-37-50.292Z,points-5000-seed-41544c53,pan,frame_interval_ms,ms,4,16.60000000000582
Atlas,1c2e54b3b8df+bench,SVG,instrument-2026-10-07T06-37-50.292Z,points-5000-seed-41544c53,pan,camera_api_sync_ms,ms,4,0
Atlas,1c2e54b3b8df+bench,SVG,instrument-2026-10-07T06-37-50.292Z,points-5000-seed-41544c53,pan,frame_interval_ms,ms,5,33.29999999998836
Atlas,1c2e54b3b8df+bench,SVG,instrument-2026-10-07T06-37-50.292Z,points-5000-seed-41544c53,pan,camera_api_sync_ms,ms,5,0
Atlas,1c2e54b3b8df+bench,SVG,instrument-2026-10-07T06-37-50.292Z,points-5000-seed-41544c53,pan,frame_interval_ms,ms,6,33.39999999999418
Atlas,1c2e54b3b8df+bench,SVG,instrument-2026-10-07T06-37-50.292Z,points-5000-seed-41544c53,pan,camera_api_sync_ms,ms,6,0
Atlas,1c2e54b3b8df+bench,SVG,instrument-2026-10-07T06-37-50.292Z,points-5000-seed-41544c53,pan,frame_interval_ms,ms,7,33.20000000001164
Atlas,1c2e54b3b8df+bench,SVG,instrument-2026-10-07T06-37-50.292Z,points-5000-seed-41544c53,pan,camera_api_sync_ms,ms,7,0
Atlas,1c2e54b3b8df+bench,SVG,instrument-2026-10-07T06-37-50.292Z,points-5000-seed-41544c53,pan,frame_interval_ms,ms,8,33.39999999999418
Atlas,1c2e54b3b8df+bench,SVG,instrument-2026-10-07T06-37-50.292Z,points-5000-seed-41544c53,pan,camera_api_sync_ms,ms,8,0.09999990463256836
Atlas,1c2e54b3b8df+bench,SVG,instrument-2026-10-07T06-37-50.292Z,points-5000-seed-41544c53,pan,frame_interval_ms,ms,9,33.39999999999418
Atlas,1c2e54b3b8df+bench,SVG,instrument-2026-10-07T06-37-50.292Z,points-5000-seed-41544c53,pan,camera_api_sync_ms,ms,9,0
Atlas,1c2e54b3b8df+bench,SVG,instrument-2026-10-07T06-37-50.292Z,points-5000-seed-41544c53,pan,frame_interval_ms,ms,10,33.20000000001164
Atlas,1c2e54b3b8df+bench,SVG,instrument-2026-10-07T06-37-50.292Z,points-5000-seed-41544c53,pan,camera_api_sync_ms,ms,10,0
Atlas,1c2e54b3b8df+bench,SVG,instrument-2026-10-07T06-37-50.292Z,points-5000-seed-41544c53,pan,frame_interval_ms,ms,11,33.39999999999418
Atlas,1c2e54b3b8df+bench,SVG,instrument-2026-10-07T06-37-50.292Z,points-5000-seed-41544c53,pan,camera_api_sync_ms,ms,11,0.10000014305114746
Atlas,1c2e54b3b8df+bench,SVG,instrument-2026-10-07T06-37-50.292Z,points-5000-seed-41544c53,pan,frame_interval_ms,ms,12,16.60000000000582
Atlas,1c2e54b3b8df+bench,SVG,instrument-2026-10-07T06-37-50.292Z,points-5000-seed-41544c53,pan,camera_api_sync_ms,ms,12,0
Atlas,1c2e54b3b8df+bench,SVG,instrument-2026-10-07T06-37-50.292Z,points-5000-seed-41544c53,pan,frame_interval_ms,ms,13,33.39999999999418
Atlas,1c2e54b3b8df+bench,SVG,instrument-2026-10-07T06-37-50.292Z,points-5000-seed-41544c53,pan,camera_api_sync_ms,ms,13,0
Atlas,1c2e54b3b8df+bench,SVG,instrument-2026-10-07T06-37-50.292Z,points-5000-seed-41544c53,pan,frame_interval_ms,ms,14,33.30000000001746
Atlas,1c2e54b3b8df+bench,SVG,instrument-2026-10-07T06-37-50.292Z,points-5000-seed-41544c53,pan,camera_api_sync_ms,ms,14,0
Atlas,1c2e54b3b8df+bench,SVG,instrument-2026-10-07T06-37-50.292Z,points-5000-seed-41544c53,pan,frame_interval_ms,ms,15,16.699999999982538
Atlas,1c2e54b3b8df+bench,SVG,instrument-2026-10-07T06-37-50.292Z,points-5000-seed-41544c53,pan,camera_api_sync_ms,ms,15,0
Atlas,1c2e54b3b8df+bench,SVG,instrument-2026-10-07T06-37-50.292Z,points-5000-seed-41544c53,pan,frame_interval_ms,ms,16,33.30000000001746
Atlas,1c2e54b3b8df+bench,SVG,instrument-2026-10-07T06-37-50.292Z,points-5000-seed-41544c53,pan,camera_api_sync_ms,ms,16,0
Atlas,1c2e54b3b8df+bench,SVG,instrument-2026-10-07T06-37-50.292Z,points-5000-seed-41544c53,pan,frame_interval_ms,ms,17,33.29999999998836
Atlas,1c2e54b3b8df+bench,SVG,instrument-2026-10-07T06-37-50.292Z,points-5000-seed-41544c53,pan,camera_api_sync_ms,ms,17,0
Atlas,1c2e54b3b8df+bench,SVG,instrument-2026-10-07T06-37-50.292Z,points-5000-seed-41544c53,pan,frame_interval_ms,ms,18,33.39999999999418
Atlas,1c2e54b3b8df+bench,SVG,instrument-2026-10-07T06-37-50.292Z,points-5000-seed-41544c53,pan,camera_api_sync_ms,ms,18,0
Atlas,1c2e54b3b8df+bench,SVG,instrument-2026-10-07T06-37-50.292Z,points-5000-seed-41544c53,pan,frame_interval_ms,ms,19,16.70000000001164
Atlas,1c2e54b3b8df+bench,SVG,instrument-2026-10-07T06-37-50.292Z,points-5000-seed-41544c53,pan,camera_api_sync_ms,ms,19,0
Atlas,1c2e54b3b8df+bench,SVG,instrument-2026-10-07T06-37-50.292Z,points-5000-seed-41544c53,pan,frame_interval_ms,ms,20,33.29999999998836
Atlas,1c2e54b3b8df+bench,SVG,instrument-2026-10-07T06-37-50.292Z,points-5000-seed-41544c53,pan,camera_api_sync_ms,ms,20,0
Atlas,1c2e54b3b8df+bench,SVG,instrument-2026-10-07T06-37-50.292Z,points-5000-seed-41544c53,pan,frame_interval_ms,ms,21,33.30000000001746
Atlas,1c2e54b3b8df+bench,SVG,instrument-2026-10-07T06-37-50.292Z,points-5000-seed-41544c53,pan,camera_api_sync_ms,ms,21,0
Atlas,1c2e54b3b8df+bench,SVG,instrument-2026-10-07T06-37-50.292Z,points-5000-seed-41544c53,pan,frame_interval_ms,ms,22,33.39999999999418
Atlas,1c2e54b3b8df+bench,SVG,instrument-2026-10-07T06-37-50.292Z,points-5000-seed-41544c53,pan,camera_api_sync_ms,ms,22,0
Atlas,1c2e54b3b8df+bench,SVG,instrument-2026-10-07T06-37-50.292Z,points-5000-seed-41544c53,pan,frame_interval_ms,ms,23,16.60000000000582
Atlas,1c2e54b3b8df+bench,SVG,instrument-2026-10-07T06-37-50.292Z,points-5000-seed-41544c53,pan,camera_api_sync_ms,ms,23,0
Atlas,1c2e54b3b8df+bench,SVG,instrument-2026-10-07T06-37-50.292Z,points-5000-seed-41544c53,pan,frame_interval_ms,ms,24,33.39999999999418
Atlas,1c2e54b3b8df+bench,SVG,instrument-2026-10-07T06-37-50.292Z,points-5000-seed-41544c53,pan,camera_api_sync_ms,ms,24,0.09999990463256836
Atlas,1c2e54b3b8df+bench,SVG,instrument-2026-10-07T06-37-50.292Z,points-5000-seed-41544c53,pan,frame_interval_ms,ms,25,16.60000000000582
Atlas,1c2e54b3b8df+bench,SVG,instrument-2026-10-07T06-37-50.292Z,points-5000-seed-41544c53,pan,camera_api_sync_ms,ms,25,0
Atlas,1c2e54b3b8df+bench,SVG,instrument-2026-10-07T06-37-50.292Z,points-5000-seed-41544c53,pan,frame_interval_ms,ms,26,33.29999999998836
Atlas,1c2e54b3b8df+bench,SVG,instrument-2026-10-07T06-37-50.292Z,points-5000-seed-41544c53,pan,camera_api_sync_ms,ms,26,0.10000014305114746
Atlas,1c2e54b3b8df+bench,SVG,instrument-2026-10-07T06-37-50.292Z,points-5000-seed-41544c53,pan,frame_interval_ms,ms,27,16.70000000001164
Atlas,1c2e54b3b8df+bench,SVG,instrument-2026-10-07T06-37-50.292Z,points-5000-seed-41544c53,pan,camera_api_sync_ms,ms,27,0
Atlas,1c2e54b3b8df+bench,SVG,instrument-2026-10-07T06-37-50.292Z,points-5000-seed-41544c53,pan,frame_interval_ms,ms,28,33.29999999998836
Atlas,1c2e54b3b8df+bench,SVG,instrument-2026-10-07T06-37-50.292Z,points-5000-seed-41544c53,pan,camera_api_sync_ms,ms,28,0
Atlas,1c2e54b3b8df+bench,SVG,instrument-2026-10-07T06-37-50.292Z,points-5000-seed-41544c53,pan,frame_interval_ms,ms,29,33.39999999999418
Atlas,1c2e54b3b8df+bench,SVG,instrument-2026-10-07T06-37-50.292Z,points-5000-seed-41544c53,pan,camera_api_sync_ms,ms,29,0.09999990463256836
Atlas,1c2e54b3b8df+bench,SVG,instrument-2026-10-07T06-37-50.292Z,points-5000-seed-41544c53,pan,frame_interval_ms,ms,30,16.60000000000582
Atlas,1c2e54b3b8df+bench,SVG,instrument-2026-10-07T06-37-50.292Z,points-5000-seed-41544c53,pan,camera_api_sync_ms,ms,30,0
Atlas,1c2e54b3b8df+bench,SVG,instrument-2026-10-07T06-37-50.292Z,points-5000-seed-41544c53,pan,frame_interval_ms,ms,31,33.39999999999418
Atlas,1c2e54b3b8df+bench,SVG,instrument-2026-10-07T06-37-50.292Z,points-5000-seed-41544c53,pan,camera_api_sync_ms,ms,31,0
Atlas,1c2e54b3b8df+bench,SVG,instrument-2026-10-07T06-37-50.292Z,points-5000-seed-41544c53,pan,frame_interval_ms,ms,32,16.60000000000582
Atlas,1c2e54b3b8df+bench,SVG,instrument-2026-10-07T06-37-50.292Z,points-5000-seed-41544c53,pan,camera_api_sync_ms,ms,32,0
Atlas,1c2e54b3b8df+bench,SVG,instrument-2026-10-07T06-37-50.292Z,points-5000-seed-41544c53,pan,frame_interval_ms,ms,33,33.29999999998836
Atlas,1c2e54b3b8df+bench,SVG,instrument-2026-10-07T06-37-50.292Z,points-5000-seed-41544c53,pan,camera_api_sync_ms,ms,33,0
Atlas,1c2e54b3b8df+bench,SVG,instrument-2026-10-07T06-37-50.292Z,points-5000-seed-41544c53,pan,frame_interval_ms,ms,34,33.40000000002328
Atlas,1c2e54b3b8df+bench,SVG,instrument-2026-10-07T06-37-50.292Z,points-5000-seed-41544c53,pan,camera_api_sync_ms,ms,34,0
Atlas,1c2e54b3b8df+bench,SVG,instrument-2026-10-07T06-37-50.292Z,points-5000-seed-41544c53,pan,frame_interval_ms,ms,35,16.699999999982538
Atlas,1c2e54b3b8df+bench,SVG,instrument-2026-10-07T06-37-50.292Z,points-5000-seed-41544c53,pan,camera_api_sync_ms,ms,35,0
Atlas,1c2e54b3b8df+bench,SVG,instrument-2026-10-07T06-37-50.292Z,points-5000-seed-41544c53,pan,frame_interval_ms,ms,36,33.39999999999418
Atlas,1c2e54b3b8df+bench,SVG,instrument-2026-10-07T06-37-50.292Z,points-5000-seed-41544c53,pan,camera_api_sync_ms,ms,36,0
Atlas,1c2e54b3b8df+bench,SVG,instrument-2026-10-07T06-37-50.292Z,points-5000-seed-41544c53,pan,frame_interval_ms,ms,37,33.30000000001746
Atlas,1c2e54b3b8df+bench,SVG,instrument-2026-10-07T06-37-50.292Z,points-5000-seed-41544c53,pan,camera_api_sync_ms,ms,37,0
Atlas,1c2e54b3b8df+bench,SVG,instrument-2026-10-07T06-37-50.292Z,points-5000-seed-41544c53,pan,frame_interval_ms,ms,38,16.60000000000582
Atlas,1c2e54b3b8df+bench,SVG,instrument-2026-10-07T06-37-50.292Z,points-5000-seed-41544c53,pan,camera_api_sync_ms,ms,38,0
Atlas,1c2e54b3b8df+bench,SVG,instrument-2026-10-07T06-37-50.292Z,points-5000-seed-41544c53,pan,frame_interval_ms,ms,39,33.39999999999418
Atlas,1c2e54b3b8df+bench,SVG,instrument-2026-10-07T06-37-50.292Z,points-5000-seed-41544c53,pan,camera_api_sync_ms,ms,39,0
Atlas,1c2e54b3b8df+bench,SVG,instrument-2026-10-07T06-37-50.292Z,points-5000-seed-41544c53,pan,frame_interval_ms,ms,40,16.60000000000582
Atlas,1c2e54b3b8df+bench,SVG,instrument-2026-10-07T06-37-50.292Z,points-5000-seed-41544c53,pan,camera_api_sync_ms,ms,40,0
Atlas,1c2e54b3b8df+bench,SVG,instrument-2026-10-07T06-37-50.292Z,points-5000-seed-41544c53,pan,frame_interval_ms,ms,41,33.39999999999418
Atlas,1c2e54b3b8df+bench,SVG,instrument-2026-10-07T06-37-50.292Z,points-5000-seed-41544c53,pan,camera_api_sync_ms,ms,41,0
Atlas,1c2e54b3b8df+bench,SVG,instrument-2026-10-07T06-37-50.292Z,points-5000-seed-41544c53,pan,frame_interval_ms,ms,42,33.19999999998254
Atlas,1c2e54b3b8df+bench,SVG,instrument-2026-10-07T06-37-50.292Z,points-5000-seed-41544c53,pan,camera_api_sync_ms,ms,42,0
Atlas,1c2e54b3b8df+bench,SVG,instrument-2026-10-07T06-37-50.292Z,points-5000-seed-41544c53,pan,frame_interval_ms,ms,43,16.70000000001164
Atlas,1c2e54b3b8df+bench,SVG,instrument-2026-10-07T06-37-50.292Z,points-5000-seed-41544c53,pan,camera_api_sync_ms,ms,43,0.10000014305114746
Atlas,1c2e54b3b8df+bench,SVG,instrument-2026-10-07T06-37-50.292Z,points-5000-seed-41544c53,pan,frame_interval_ms,ms,44,33.39999999999418
Atlas,1c2e54b3b8df+bench,SVG,instrument-2026-10-07T06-37-50.292Z,points-5000-seed-41544c53,pan,camera_api_sync_ms,ms,44,0
Atlas,1c2e54b3b8df+bench,SVG,instrument-2026-10-07T06-37-50.292Z,points-5000-seed-41544c53,pan,frame_interval_ms,ms,45,33.30000000001746
Atlas,1c2e54b3b8df+bench,SVG,instrument-2026-10-07T06-37-50.292Z,points-5000-seed-41544c53,pan,camera_api_sync_ms,ms,45,0
Atlas,1c2e54b3b8df+bench,SVG,instrument-2026-10-07T06-37-50.292Z,points-5000-seed-41544c53,pan,frame_interval_ms,ms,46,16.599999999976717
Atlas,1c2e54b3b8df+bench,SVG,instrument-2026-10-07T06-37-50.292Z,points-5000-seed-41544c53,pan,camera_api_sync_ms,ms,46,0
Atlas,1c2e54b3b8df+bench,SVG,instrument-2026-10-07T06-37-50.292Z,points-5000-seed-41544c53,pan,frame_interval_ms,ms,47,33.40000000002328
Atlas,1c2e54b3b8df+bench,SVG,instrument-2026-10-07T06-37-50.292Z,points-5000-seed-41544c53,pan,camera_api_sync_ms,ms,47,0
Atlas,1c2e54b3b8df+bench,SVG,instrument-2026-10-07T06-37-50.292Z,points-5000-seed-41544c53,pan,frame_interval_ms,ms,48,33.29999999998836
Atlas,1c2e54b3b8df+bench,SVG,instrument-2026-10-07T06-37-50.292Z,points-5000-seed-41544c53,pan,camera_api_sync_ms,ms,48,0
Atlas,1c2e54b3b8df+bench,SVG,instrument-2026-10-07T06-37-50.292Z,points-5000-seed-41544c53,pan,frame_interval_ms,ms,49,33.39999999999418
Atlas,1c2e54b3b8df+bench,SVG,instrument-2026-10-07T06-37-50.292Z,points-5000-seed-41544c53,pan,camera_api_sync_ms,ms,49,0
Atlas,1c2e54b3b8df+bench,SVG,instrument-2026-10-07T06-37-50.292Z,points-5000-seed-41544c53,pan,frame_interval_ms,ms,50,33.30000000001746
Atlas,1c2e54b3b8df+bench,SVG,instrument-2026-10-07T06-37-50.292Z,points-5000-seed-41544c53,pan,camera_api_sync_ms,ms,50,0.09999990463256836
Atlas,1c2e54b3b8df+bench,SVG,instrument-2026-10-07T06-37-50.292Z,points-5000-seed-41544c53,pan,frame_interval_ms,ms,51,16.599999999976717
Atlas,1c2e54b3b8df+bench,SVG,instrument-2026-10-07T06-37-50.292Z,points-5000-seed-41544c53,pan,camera_api_sync_ms,ms,51,0.09999990463256836
Atlas,1c2e54b3b8df+bench,SVG,instrument-2026-10-07T06-37-50.292Z,points-5000-seed-41544c53,pan,frame_interval_ms,ms,52,33.40000000002328
Atlas,1c2e54b3b8df+bench,SVG,instrument-2026-10-07T06-37-50.292Z,points-5000-seed-41544c53,pan,camera_api_sync_ms,ms,52,0
Atlas,1c2e54b3b8df+bench,SVG,instrument-2026-10-07T06-37-50.292Z,points-5000-seed-41544c53,pan,frame_interval_ms,ms,53,33.29999999998836
Atlas,1c2e54b3b8df+bench,SVG,instrument-2026-10-07T06-37-50.292Z,points-5000-seed-41544c53,pan,camera_api_sync_ms,ms,53,0
Atlas,1c2e54b3b8df+bench,SVG,instrument-2026-10-07T06-37-50.292Z,points-5000-seed-41544c53,pan,frame_interval_ms,ms,54,33.39999999999418
Atlas,1c2e54b3b8df+bench,SVG,instrument-2026-10-07T06-37-50.292Z,points-5000-seed-41544c53,pan,camera_api_sync_ms,ms,54,0
Atlas,1c2e54b3b8df+bench,SVG,instrument-2026-10-07T06-37-50.292Z,points-5000-seed-41544c53,pan,motion_elapsed_ms,ms,0,1533.2999999999884
Atlas,1c2e54b3b8df+bench,SVG,instrument-2026-10-07T06-37-50.292Z,points-5000-seed-41544c53,pan,camera_updates,count,0,55
Atlas,1c2e54b3b8df+bench,SVG,instrument-2026-10-07T06-37-50.292Z,points-5000-seed-41544c53,pan,svg_attribute_writes,count,0,550165
Atlas,1c2e54b3b8df+bench,SVG,instrument-2026-10-07T06-37-50.292Z,points-5000-seed-41544c53,pan,renderer_scene_reads,count,0,55
Atlas,1c2e54b3b8df+bench,SVG,instrument-2026-10-07T06-37-50.292Z,points-5000-seed-41544c53,pan,root_iterator_creations,count,0,55
Atlas,1c2e54b3b8df+bench,SVG,instrument-2026-10-07T06-37-50.292Z,points-5000-seed-41544c53,pan,root_iterator_next_calls,count,0,275000
Atlas,1c2e54b3b8df+bench,SVG,instrument-2026-10-07T06-37-50.292Z,points-5000-seed-41544c53,pan,svg_attribute_removals,count,0,275000
Atlas,1c2e54b3b8df+bench,SVG,instrument-2026-10-07T06-37-50.292Z,points-5000-seed-41544c53,pan,renderer_calls,count,0,55
Atlas,1c2e54b3b8df+bench,SVG,instrument-2026-10-07T06-37-50.292Z,points-5000-seed-41544c53,pan,layout_rect_reads,count,0,0
Atlas,1c2e54b3b8df+bench,SVG,instrument-2026-10-07T06-37-50.292Z,points-5000-seed-41544c53,pan,instrumented_renderer_callback_ms,ms,0,5.099999904632568
Atlas,1c2e54b3b8df+bench,SVG,instrument-2026-10-07T06-37-50.292Z,points-5000-seed-41544c53,pan,instrumented_renderer_callback_ms,ms,1,5.299999952316284
Atlas,1c2e54b3b8df+bench,SVG,instrument-2026-10-07T06-37-50.292Z,points-5000-seed-41544c53,pan,instrumented_renderer_callback_ms,ms,2,5.299999952316284
Atlas,1c2e54b3b8df+bench,SVG,instrument-2026-10-07T06-37-50.292Z,points-5000-seed-41544c53,pan,instrumented_renderer_callback_ms,ms,3,5.299999952316284
Atlas,1c2e54b3b8df+bench,SVG,instrument-2026-10-07T06-37-50.292Z,points-5000-seed-41544c53,pan,instrumented_renderer_callback_ms,ms,4,5.299999952316284
Atlas,1c2e54b3b8df+bench,SVG,instrument-2026-10-07T06-37-50.292Z,points-5000-seed-41544c53,pan,instrumented_renderer_callback_ms,ms,5,14.400000095367432
Atlas,1c2e54b3b8df+bench,SVG,instrument-2026-10-07T06-37-50.292Z,points-5000-seed-41544c53,pan,instrumented_renderer_callback_ms,ms,6,6.599999904632568
Atlas,1c2e54b3b8df+bench,SVG,instrument-2026-10-07T06-37-50.292Z,points-5000-seed-41544c53,pan,instrumented_renderer_callback_ms,ms,7,5.900000095367432
Atlas,1c2e54b3b8df+bench,SVG,instrument-2026-10-07T06-37-50.292Z,points-5000-seed-41544c53,pan,instrumented_renderer_callback_ms,ms,8,6
Atlas,1c2e54b3b8df+bench,SVG,instrument-2026-10-07T06-37-50.292Z,points-5000-seed-41544c53,pan,instrumented_renderer_callback_ms,ms,9,5.6000001430511475
Atlas,1c2e54b3b8df+bench,SVG,instrument-2026-10-07T06-37-50.292Z,points-5000-seed-41544c53,pan,instrumented_renderer_callback_ms,ms,10,5.299999952316284
Atlas,1c2e54b3b8df+bench,SVG,instrument-2026-10-07T06-37-50.292Z,points-5000-seed-41544c53,pan,instrumented_renderer_callback_ms,ms,11,5.5
Atlas,1c2e54b3b8df+bench,SVG,instrument-2026-10-07T06-37-50.292Z,points-5000-seed-41544c53,pan,instrumented_renderer_callback_ms,ms,12,5.299999952316284
Atlas,1c2e54b3b8df+bench,SVG,instrument-2026-10-07T06-37-50.292Z,points-5000-seed-41544c53,pan,instrumented_renderer_callback_ms,ms,13,5.299999952316284
Atlas,1c2e54b3b8df+bench,SVG,instrument-2026-10-07T06-37-50.292Z,points-5000-seed-41544c53,pan,instrumented_renderer_callback_ms,ms,14,5.599999904632568
Atlas,1c2e54b3b8df+bench,SVG,instrument-2026-10-07T06-37-50.292Z,points-5000-seed-41544c53,pan,instrumented_renderer_callback_ms,ms,15,5.400000095367432
Atlas,1c2e54b3b8df+bench,SVG,instrument-2026-10-07T06-37-50.292Z,points-5000-seed-41544c53,pan,instrumented_renderer_callback_ms,ms,16,5.5
Atlas,1c2e54b3b8df+bench,SVG,instrument-2026-10-07T06-37-50.292Z,points-5000-seed-41544c53,pan,instrumented_renderer_callback_ms,ms,17,5.5
Atlas,1c2e54b3b8df+bench,SVG,instrument-2026-10-07T06-37-50.292Z,points-5000-seed-41544c53,pan,instrumented_renderer_callback_ms,ms,18,5.799999952316284
Atlas,1c2e54b3b8df+bench,SVG,instrument-2026-10-07T06-37-50.292Z,points-5000-seed-41544c53,pan,instrumented_renderer_callback_ms,ms,19,5.6000001430511475
Atlas,1c2e54b3b8df+bench,SVG,instrument-2026-10-07T06-37-50.292Z,points-5000-seed-41544c53,pan,instrumented_renderer_callback_ms,ms,20,5.5
Atlas,1c2e54b3b8df+bench,SVG,instrument-2026-10-07T06-37-50.292Z,points-5000-seed-41544c53,pan,instrumented_renderer_callback_ms,ms,21,5.200000047683716
Atlas,1c2e54b3b8df+bench,SVG,instrument-2026-10-07T06-37-50.292Z,points-5000-seed-41544c53,pan,instrumented_renderer_callback_ms,ms,22,5.400000095367432
Atlas,1c2e54b3b8df+bench,SVG,instrument-2026-10-07T06-37-50.292Z,points-5000-seed-41544c53,pan,instrumented_renderer_callback_ms,ms,23,5.299999952316284
Atlas,1c2e54b3b8df+bench,SVG,instrument-2026-10-07T06-37-50.292Z,points-5000-seed-41544c53,pan,instrumented_renderer_callback_ms,ms,24,5.3999998569488525
Atlas,1c2e54b3b8df+bench,SVG,instrument-2026-10-07T06-37-50.292Z,points-5000-seed-41544c53,pan,instrumented_renderer_callback_ms,ms,25,5.299999952316284
Atlas,1c2e54b3b8df+bench,SVG,instrument-2026-10-07T06-37-50.292Z,points-5000-seed-41544c53,pan,instrumented_renderer_callback_ms,ms,26,5.5
Atlas,1c2e54b3b8df+bench,SVG,instrument-2026-10-07T06-37-50.292Z,points-5000-seed-41544c53,pan,instrumented_renderer_callback_ms,ms,27,5.400000095367432
Atlas,1c2e54b3b8df+bench,SVG,instrument-2026-10-07T06-37-50.292Z,points-5000-seed-41544c53,pan,instrumented_renderer_callback_ms,ms,28,5.400000095367432
Atlas,1c2e54b3b8df+bench,SVG,instrument-2026-10-07T06-37-50.292Z,points-5000-seed-41544c53,pan,instrumented_renderer_callback_ms,ms,29,5.3999998569488525
Atlas,1c2e54b3b8df+bench,SVG,instrument-2026-10-07T06-37-50.292Z,points-5000-seed-41544c53,pan,instrumented_renderer_callback_ms,ms,30,5.3999998569488525
Atlas,1c2e54b3b8df+bench,SVG,instrument-2026-10-07T06-37-50.292Z,points-5000-seed-41544c53,pan,instrumented_renderer_callback_ms,ms,31,5.599999904632568
Atlas,1c2e54b3b8df+bench,SVG,instrument-2026-10-07T06-37-50.292Z,points-5000-seed-41544c53,pan,instrumented_renderer_callback_ms,ms,32,5.5
Atlas,1c2e54b3b8df+bench,SVG,instrument-2026-10-07T06-37-50.292Z,points-5000-seed-41544c53,pan,instrumented_renderer_callback_ms,ms,33,5.400000095367432
Atlas,1c2e54b3b8df+bench,SVG,instrument-2026-10-07T06-37-50.292Z,points-5000-seed-41544c53,pan,instrumented_renderer_callback_ms,ms,34,5.6000001430511475
Atlas,1c2e54b3b8df+bench,SVG,instrument-2026-10-07T06-37-50.292Z,points-5000-seed-41544c53,pan,instrumented_renderer_callback_ms,ms,35,5.3999998569488525
Atlas,1c2e54b3b8df+bench,SVG,instrument-2026-10-07T06-37-50.292Z,points-5000-seed-41544c53,pan,instrumented_renderer_callback_ms,ms,36,5.400000095367432
Atlas,1c2e54b3b8df+bench,SVG,instrument-2026-10-07T06-37-50.292Z,points-5000-seed-41544c53,pan,instrumented_renderer_callback_ms,ms,37,5.700000047683716
Atlas,1c2e54b3b8df+bench,SVG,instrument-2026-10-07T06-37-50.292Z,points-5000-seed-41544c53,pan,instrumented_renderer_callback_ms,ms,38,5.5
Atlas,1c2e54b3b8df+bench,SVG,instrument-2026-10-07T06-37-50.292Z,points-5000-seed-41544c53,pan,instrumented_renderer_callback_ms,ms,39,5.599999904632568
Atlas,1c2e54b3b8df+bench,SVG,instrument-2026-10-07T06-37-50.292Z,points-5000-seed-41544c53,pan,instrumented_renderer_callback_ms,ms,40,5.5
Atlas,1c2e54b3b8df+bench,SVG,instrument-2026-10-07T06-37-50.292Z,points-5000-seed-41544c53,pan,instrumented_renderer_callback_ms,ms,41,5.5
Atlas,1c2e54b3b8df+bench,SVG,instrument-2026-10-07T06-37-50.292Z,points-5000-seed-41544c53,pan,instrumented_renderer_callback_ms,ms,42,5.599999904632568
Atlas,1c2e54b3b8df+bench,SVG,instrument-2026-10-07T06-37-50.292Z,points-5000-seed-41544c53,pan,instrumented_renderer_callback_ms,ms,43,5.700000047683716
Atlas,1c2e54b3b8df+bench,SVG,instrument-2026-10-07T06-37-50.292Z,points-5000-seed-41544c53,pan,instrumented_renderer_callback_ms,ms,44,11.399999856948853
Atlas,1c2e54b3b8df+bench,SVG,instrument-2026-10-07T06-37-50.292Z,points-5000-seed-41544c53,pan,instrumented_renderer_callback_ms,ms,45,5.900000095367432
Atlas,1c2e54b3b8df+bench,SVG,instrument-2026-10-07T06-37-50.292Z,points-5000-seed-41544c53,pan,instrumented_renderer_callback_ms,ms,46,5.900000095367432
Atlas,1c2e54b3b8df+bench,SVG,instrument-2026-10-07T06-37-50.292Z,points-5000-seed-41544c53,pan,instrumented_renderer_callback_ms,ms,47,6
Atlas,1c2e54b3b8df+bench,SVG,instrument-2026-10-07T06-37-50.292Z,points-5000-seed-41544c53,pan,instrumented_renderer_callback_ms,ms,48,5.900000095367432
Atlas,1c2e54b3b8df+bench,SVG,instrument-2026-10-07T06-37-50.292Z,points-5000-seed-41544c53,pan,instrumented_renderer_callback_ms,ms,49,5.799999952316284
Atlas,1c2e54b3b8df+bench,SVG,instrument-2026-10-07T06-37-50.292Z,points-5000-seed-41544c53,pan,instrumented_renderer_callback_ms,ms,50,6.1000001430511475
Atlas,1c2e54b3b8df+bench,SVG,instrument-2026-10-07T06-37-50.292Z,points-5000-seed-41544c53,pan,instrumented_renderer_callback_ms,ms,51,6
Atlas,1c2e54b3b8df+bench,SVG,instrument-2026-10-07T06-37-50.292Z,points-5000-seed-41544c53,pan,instrumented_renderer_callback_ms,ms,52,5.900000095367432
Atlas,1c2e54b3b8df+bench,SVG,instrument-2026-10-07T06-37-50.292Z,points-5000-seed-41544c53,pan,instrumented_renderer_callback_ms,ms,53,7.700000047683716
Atlas,1c2e54b3b8df+bench,SVG,instrument-2026-10-07T06-37-50.292Z,points-5000-seed-41544c53,pan,instrumented_renderer_callback_ms,ms,54,5.8999998569488525
Atlas,1c2e54b3b8df+bench,SVG,instrument-2026-10-07T06-37-50.292Z,points-5000-seed-41544c53,pan,cleanup_renderer_calls,count,0,0
Atlas,1c2e54b3b8df+bench,SVG,instrument-2026-10-07T06-37-50.292Z,points-5000-seed-41544c53,pan,cleanup_stage_children,count,0,0
Atlas,1c2e54b3b8df+bench,SVG,instrument-2026-10-07T06-37-50.292Z,points-5000-seed-41544c53,zoom,frame_interval_ms,ms,0,16.60000000000582
Atlas,1c2e54b3b8df+bench,SVG,instrument-2026-10-07T06-37-50.292Z,points-5000-seed-41544c53,zoom,camera_api_sync_ms,ms,0,0
Atlas,1c2e54b3b8df+bench,SVG,instrument-2026-10-07T06-37-50.292Z,points-5000-seed-41544c53,zoom,frame_interval_ms,ms,1,16.70000000001164
Atlas,1c2e54b3b8df+bench,SVG,instrument-2026-10-07T06-37-50.292Z,points-5000-seed-41544c53,zoom,camera_api_sync_ms,ms,1,0
Atlas,1c2e54b3b8df+bench,SVG,instrument-2026-10-07T06-37-50.292Z,points-5000-seed-41544c53,zoom,frame_interval_ms,ms,2,16.699999999982538
Atlas,1c2e54b3b8df+bench,SVG,instrument-2026-10-07T06-37-50.292Z,points-5000-seed-41544c53,zoom,camera_api_sync_ms,ms,2,0
Atlas,1c2e54b3b8df+bench,SVG,instrument-2026-10-07T06-37-50.292Z,points-5000-seed-41544c53,zoom,frame_interval_ms,ms,3,33.30000000001746
Atlas,1c2e54b3b8df+bench,SVG,instrument-2026-10-07T06-37-50.292Z,points-5000-seed-41544c53,zoom,camera_api_sync_ms,ms,3,0
Atlas,1c2e54b3b8df+bench,SVG,instrument-2026-10-07T06-37-50.292Z,points-5000-seed-41544c53,zoom,frame_interval_ms,ms,4,33.29999999998836
Atlas,1c2e54b3b8df+bench,SVG,instrument-2026-10-07T06-37-50.292Z,points-5000-seed-41544c53,zoom,camera_api_sync_ms,ms,4,0
Atlas,1c2e54b3b8df+bench,SVG,instrument-2026-10-07T06-37-50.292Z,points-5000-seed-41544c53,zoom,frame_interval_ms,ms,5,33.39999999999418
Atlas,1c2e54b3b8df+bench,SVG,instrument-2026-10-07T06-37-50.292Z,points-5000-seed-41544c53,zoom,camera_api_sync_ms,ms,5,0
Atlas,1c2e54b3b8df+bench,SVG,instrument-2026-10-07T06-37-50.292Z,points-5000-seed-41544c53,zoom,frame_interval_ms,ms,6,33.20000000001164
Atlas,1c2e54b3b8df+bench,SVG,instrument-2026-10-07T06-37-50.292Z,points-5000-seed-41544c53,zoom,camera_api_sync_ms,ms,6,0.10000014305114746
Atlas,1c2e54b3b8df+bench,SVG,instrument-2026-10-07T06-37-50.292Z,points-5000-seed-41544c53,zoom,frame_interval_ms,ms,7,16.699999999982538
Atlas,1c2e54b3b8df+bench,SVG,instrument-2026-10-07T06-37-50.292Z,points-5000-seed-41544c53,zoom,camera_api_sync_ms,ms,7,0
Atlas,1c2e54b3b8df+bench,SVG,instrument-2026-10-07T06-37-50.292Z,points-5000-seed-41544c53,zoom,frame_interval_ms,ms,8,33.40000000002328
Atlas,1c2e54b3b8df+bench,SVG,instrument-2026-10-07T06-37-50.292Z,points-5000-seed-41544c53,zoom,camera_api_sync_ms,ms,8,0
Atlas,1c2e54b3b8df+bench,SVG,instrument-2026-10-07T06-37-50.292Z,points-5000-seed-41544c53,zoom,frame_interval_ms,ms,9,33.29999999998836
Atlas,1c2e54b3b8df+bench,SVG,instrument-2026-10-07T06-37-50.292Z,points-5000-seed-41544c53,zoom,camera_api_sync_ms,ms,9,0
Atlas,1c2e54b3b8df+bench,SVG,instrument-2026-10-07T06-37-50.292Z,points-5000-seed-41544c53,zoom,frame_interval_ms,ms,10,33.39999999999418
Atlas,1c2e54b3b8df+bench,SVG,instrument-2026-10-07T06-37-50.292Z,points-5000-seed-41544c53,zoom,camera_api_sync_ms,ms,10,0
Atlas,1c2e54b3b8df+bench,SVG,instrument-2026-10-07T06-37-50.292Z,points-5000-seed-41544c53,zoom,frame_interval_ms,ms,11,33.20000000001164
Atlas,1c2e54b3b8df+bench,SVG,instrument-2026-10-07T06-37-50.292Z,points-5000-seed-41544c53,zoom,camera_api_sync_ms,ms,11,0.10000014305114746
Atlas,1c2e54b3b8df+bench,SVG,instrument-2026-10-07T06-37-50.292Z,points-5000-seed-41544c53,zoom,frame_interval_ms,ms,12,33.39999999999418
Atlas,1c2e54b3b8df+bench,SVG,instrument-2026-10-07T06-37-50.292Z,points-5000-seed-41544c53,zoom,camera_api_sync_ms,ms,12,0
Atlas,1c2e54b3b8df+bench,SVG,instrument-2026-10-07T06-37-50.292Z,points-5000-seed-41544c53,zoom,frame_interval_ms,ms,13,16.70000000001164
Atlas,1c2e54b3b8df+bench,SVG,instrument-2026-10-07T06-37-50.292Z,points-5000-seed-41544c53,zoom,camera_api_sync_ms,ms,13,0
Atlas,1c2e54b3b8df+bench,SVG,instrument-2026-10-07T06-37-50.292Z,points-5000-seed-41544c53,zoom,frame_interval_ms,ms,14,33.29999999998836
Atlas,1c2e54b3b8df+bench,SVG,instrument-2026-10-07T06-37-50.292Z,points-5000-seed-41544c53,zoom,camera_api_sync_ms,ms,14,0.10000014305114746
Atlas,1c2e54b3b8df+bench,SVG,instrument-2026-10-07T06-37-50.292Z,points-5000-seed-41544c53,zoom,frame_interval_ms,ms,15,33.29999999998836
Atlas,1c2e54b3b8df+bench,SVG,instrument-2026-10-07T06-37-50.292Z,points-5000-seed-41544c53,zoom,camera_api_sync_ms,ms,15,0
Atlas,1c2e54b3b8df+bench,SVG,instrument-2026-10-07T06-37-50.292Z,points-5000-seed-41544c53,zoom,frame_interval_ms,ms,16,16.70000000001164
Atlas,1c2e54b3b8df+bench,SVG,instrument-2026-10-07T06-37-50.292Z,points-5000-seed-41544c53,zoom,camera_api_sync_ms,ms,16,0
Atlas,1c2e54b3b8df+bench,SVG,instrument-2026-10-07T06-37-50.292Z,points-5000-seed-41544c53,zoom,frame_interval_ms,ms,17,33.29999999998836
Atlas,1c2e54b3b8df+bench,SVG,instrument-2026-10-07T06-37-50.292Z,points-5000-seed-41544c53,zoom,camera_api_sync_ms,ms,17,0
Atlas,1c2e54b3b8df+bench,SVG,instrument-2026-10-07T06-37-50.292Z,points-5000-seed-41544c53,zoom,frame_interval_ms,ms,18,33.40000000002328
Atlas,1c2e54b3b8df+bench,SVG,instrument-2026-10-07T06-37-50.292Z,points-5000-seed-41544c53,zoom,camera_api_sync_ms,ms,18,0
Atlas,1c2e54b3b8df+bench,SVG,instrument-2026-10-07T06-37-50.292Z,points-5000-seed-41544c53,zoom,frame_interval_ms,ms,19,16.599999999976717
Atlas,1c2e54b3b8df+bench,SVG,instrument-2026-10-07T06-37-50.292Z,points-5000-seed-41544c53,zoom,camera_api_sync_ms,ms,19,0
Atlas,1c2e54b3b8df+bench,SVG,instrument-2026-10-07T06-37-50.292Z,points-5000-seed-41544c53,zoom,frame_interval_ms,ms,20,33.40000000002328
Atlas,1c2e54b3b8df+bench,SVG,instrument-2026-10-07T06-37-50.292Z,points-5000-seed-41544c53,zoom,camera_api_sync_ms,ms,20,0
Atlas,1c2e54b3b8df+bench,SVG,instrument-2026-10-07T06-37-50.292Z,points-5000-seed-41544c53,zoom,frame_interval_ms,ms,21,33.19999999998254
Atlas,1c2e54b3b8df+bench,SVG,instrument-2026-10-07T06-37-50.292Z,points-5000-seed-41544c53,zoom,camera_api_sync_ms,ms,21,0
Atlas,1c2e54b3b8df+bench,SVG,instrument-2026-10-07T06-37-50.292Z,points-5000-seed-41544c53,zoom,frame_interval_ms,ms,22,33.39999999999418
Atlas,1c2e54b3b8df+bench,SVG,instrument-2026-10-07T06-37-50.292Z,points-5000-seed-41544c53,zoom,camera_api_sync_ms,ms,22,0
Atlas,1c2e54b3b8df+bench,SVG,instrument-2026-10-07T06-37-50.292Z,points-5000-seed-41544c53,zoom,frame_interval_ms,ms,23,16.60000000000582
Atlas,1c2e54b3b8df+bench,SVG,instrument-2026-10-07T06-37-50.292Z,points-5000-seed-41544c53,zoom,camera_api_sync_ms,ms,23,0
Atlas,1c2e54b3b8df+bench,SVG,instrument-2026-10-07T06-37-50.292Z,points-5000-seed-41544c53,zoom,frame_interval_ms,ms,24,33.39999999999418
Atlas,1c2e54b3b8df+bench,SVG,instrument-2026-10-07T06-37-50.292Z,points-5000-seed-41544c53,zoom,camera_api_sync_ms,ms,24,0
Atlas,1c2e54b3b8df+bench,SVG,instrument-2026-10-07T06-37-50.292Z,points-5000-seed-41544c53,zoom,frame_interval_ms,ms,25,33.30000000001746
Atlas,1c2e54b3b8df+bench,SVG,instrument-2026-10-07T06-37-50.292Z,points-5000-seed-41544c53,zoom,camera_api_sync_ms,ms,25,0
Atlas,1c2e54b3b8df+bench,SVG,instrument-2026-10-07T06-37-50.292Z,points-5000-seed-41544c53,zoom,frame_interval_ms,ms,26,16.699999999982538
Atlas,1c2e54b3b8df+bench,SVG,instrument-2026-10-07T06-37-50.292Z,points-5000-seed-41544c53,zoom,camera_api_sync_ms,ms,26,0
Atlas,1c2e54b3b8df+bench,SVG,instrument-2026-10-07T06-37-50.292Z,points-5000-seed-41544c53,zoom,frame_interval_ms,ms,27,33.40000000002328
Atlas,1c2e54b3b8df+bench,SVG,instrument-2026-10-07T06-37-50.292Z,points-5000-seed-41544c53,zoom,camera_api_sync_ms,ms,27,0
Atlas,1c2e54b3b8df+bench,SVG,instrument-2026-10-07T06-37-50.292Z,points-5000-seed-41544c53,zoom,frame_interval_ms,ms,28,33.29999999998836
Atlas,1c2e54b3b8df+bench,SVG,instrument-2026-10-07T06-37-50.292Z,points-5000-seed-41544c53,zoom,camera_api_sync_ms,ms,28,0
Atlas,1c2e54b3b8df+bench,SVG,instrument-2026-10-07T06-37-50.292Z,points-5000-seed-41544c53,zoom,frame_interval_ms,ms,29,16.70000000001164
Atlas,1c2e54b3b8df+bench,SVG,instrument-2026-10-07T06-37-50.292Z,points-5000-seed-41544c53,zoom,camera_api_sync_ms,ms,29,0
Atlas,1c2e54b3b8df+bench,SVG,instrument-2026-10-07T06-37-50.292Z,points-5000-seed-41544c53,zoom,frame_interval_ms,ms,30,33.29999999998836
Atlas,1c2e54b3b8df+bench,SVG,instrument-2026-10-07T06-37-50.292Z,points-5000-seed-41544c53,zoom,camera_api_sync_ms,ms,30,0
Atlas,1c2e54b3b8df+bench,SVG,instrument-2026-10-07T06-37-50.292Z,points-5000-seed-41544c53,zoom,frame_interval_ms,ms,31,33.29999999998836
Atlas,1c2e54b3b8df+bench,SVG,instrument-2026-10-07T06-37-50.292Z,points-5000-seed-41544c53,zoom,camera_api_sync_ms,ms,31,0
Atlas,1c2e54b3b8df+bench,SVG,instrument-2026-10-07T06-37-50.292Z,points-5000-seed-41544c53,zoom,frame_interval_ms,ms,32,16.70000000001164
Atlas,1c2e54b3b8df+bench,SVG,instrument-2026-10-07T06-37-50.292Z,points-5000-seed-41544c53,zoom,camera_api_sync_ms,ms,32,0.09999990463256836
Atlas,1c2e54b3b8df+bench,SVG,instrument-2026-10-07T06-37-50.292Z,points-5000-seed-41544c53,zoom,frame_interval_ms,ms,33,33.29999999998836
Atlas,1c2e54b3b8df+bench,SVG,instrument-2026-10-07T06-37-50.292Z,points-5000-seed-41544c53,zoom,camera_api_sync_ms,ms,33,0
Atlas,1c2e54b3b8df+bench,SVG,instrument-2026-10-07T06-37-50.292Z,points-5000-seed-41544c53,zoom,frame_interval_ms,ms,34,33.40000000002328
Atlas,1c2e54b3b8df+bench,SVG,instrument-2026-10-07T06-37-50.292Z,points-5000-seed-41544c53,zoom,camera_api_sync_ms,ms,34,0
Atlas,1c2e54b3b8df+bench,SVG,instrument-2026-10-07T06-37-50.292Z,points-5000-seed-41544c53,zoom,frame_interval_ms,ms,35,33.29999999998836
Atlas,1c2e54b3b8df+bench,SVG,instrument-2026-10-07T06-37-50.292Z,points-5000-seed-41544c53,zoom,camera_api_sync_ms,ms,35,0
Atlas,1c2e54b3b8df+bench,SVG,instrument-2026-10-07T06-37-50.292Z,points-5000-seed-41544c53,zoom,frame_interval_ms,ms,36,33.29999999998836
Atlas,1c2e54b3b8df+bench,SVG,instrument-2026-10-07T06-37-50.292Z,points-5000-seed-41544c53,zoom,camera_api_sync_ms,ms,36,0
Atlas,1c2e54b3b8df+bench,SVG,instrument-2026-10-07T06-37-50.292Z,points-5000-seed-41544c53,zoom,frame_interval_ms,ms,37,16.60000000000582
Atlas,1c2e54b3b8df+bench,SVG,instrument-2026-10-07T06-37-50.292Z,points-5000-seed-41544c53,zoom,camera_api_sync_ms,ms,37,0
Atlas,1c2e54b3b8df+bench,SVG,instrument-2026-10-07T06-37-50.292Z,points-5000-seed-41544c53,zoom,frame_interval_ms,ms,38,33.39999999999418
Atlas,1c2e54b3b8df+bench,SVG,instrument-2026-10-07T06-37-50.292Z,points-5000-seed-41544c53,zoom,camera_api_sync_ms,ms,38,0.10000014305114746
Atlas,1c2e54b3b8df+bench,SVG,instrument-2026-10-07T06-37-50.292Z,points-5000-seed-41544c53,zoom,frame_interval_ms,ms,39,33.30000000001746
Atlas,1c2e54b3b8df+bench,SVG,instrument-2026-10-07T06-37-50.292Z,points-5000-seed-41544c53,zoom,camera_api_sync_ms,ms,39,0
Atlas,1c2e54b3b8df+bench,SVG,instrument-2026-10-07T06-37-50.292Z,points-5000-seed-41544c53,zoom,frame_interval_ms,ms,40,33.29999999998836
Atlas,1c2e54b3b8df+bench,SVG,instrument-2026-10-07T06-37-50.292Z,points-5000-seed-41544c53,zoom,camera_api_sync_ms,ms,40,0
Atlas,1c2e54b3b8df+bench,SVG,instrument-2026-10-07T06-37-50.292Z,points-5000-seed-41544c53,zoom,frame_interval_ms,ms,41,33.39999999999418
Atlas,1c2e54b3b8df+bench,SVG,instrument-2026-10-07T06-37-50.292Z,points-5000-seed-41544c53,zoom,camera_api_sync_ms,ms,41,0
Atlas,1c2e54b3b8df+bench,SVG,instrument-2026-10-07T06-37-50.292Z,points-5000-seed-41544c53,zoom,frame_interval_ms,ms,42,33.30000000001746
Atlas,1c2e54b3b8df+bench,SVG,instrument-2026-10-07T06-37-50.292Z,points-5000-seed-41544c53,zoom,camera_api_sync_ms,ms,42,0
Atlas,1c2e54b3b8df+bench,SVG,instrument-2026-10-07T06-37-50.292Z,points-5000-seed-41544c53,zoom,frame_interval_ms,ms,43,33.39999999999418
Atlas,1c2e54b3b8df+bench,SVG,instrument-2026-10-07T06-37-50.292Z,points-5000-seed-41544c53,zoom,camera_api_sync_ms,ms,43,0
Atlas,1c2e54b3b8df+bench,SVG,instrument-2026-10-07T06-37-50.292Z,points-5000-seed-41544c53,zoom,frame_interval_ms,ms,44,33.20000000001164
Atlas,1c2e54b3b8df+bench,SVG,instrument-2026-10-07T06-37-50.292Z,points-5000-seed-41544c53,zoom,camera_api_sync_ms,ms,44,0.10000014305114746
Atlas,1c2e54b3b8df+bench,SVG,instrument-2026-10-07T06-37-50.292Z,points-5000-seed-41544c53,zoom,frame_interval_ms,ms,45,16.79999999998836
Atlas,1c2e54b3b8df+bench,SVG,instrument-2026-10-07T06-37-50.292Z,points-5000-seed-41544c53,zoom,camera_api_sync_ms,ms,45,0
Atlas,1c2e54b3b8df+bench,SVG,instrument-2026-10-07T06-37-50.292Z,points-5000-seed-41544c53,zoom,frame_interval_ms,ms,46,33.20000000001164
Atlas,1c2e54b3b8df+bench,SVG,instrument-2026-10-07T06-37-50.292Z,points-5000-seed-41544c53,zoom,camera_api_sync_ms,ms,46,0
Atlas,1c2e54b3b8df+bench,SVG,instrument-2026-10-07T06-37-50.292Z,points-5000-seed-41544c53,zoom,frame_interval_ms,ms,47,33.39999999999418
Atlas,1c2e54b3b8df+bench,SVG,instrument-2026-10-07T06-37-50.292Z,points-5000-seed-41544c53,zoom,camera_api_sync_ms,ms,47,0
Atlas,1c2e54b3b8df+bench,SVG,instrument-2026-10-07T06-37-50.292Z,points-5000-seed-41544c53,zoom,frame_interval_ms,ms,48,33.29999999998836
Atlas,1c2e54b3b8df+bench,SVG,instrument-2026-10-07T06-37-50.292Z,points-5000-seed-41544c53,zoom,camera_api_sync_ms,ms,48,0
Atlas,1c2e54b3b8df+bench,SVG,instrument-2026-10-07T06-37-50.292Z,points-5000-seed-41544c53,zoom,frame_interval_ms,ms,49,33.39999999999418
Atlas,1c2e54b3b8df+bench,SVG,instrument-2026-10-07T06-37-50.292Z,points-5000-seed-41544c53,zoom,camera_api_sync_ms,ms,49,0
Atlas,1c2e54b3b8df+bench,SVG,instrument-2026-10-07T06-37-50.292Z,points-5000-seed-41544c53,zoom,frame_interval_ms,ms,50,33.30000000001746
Atlas,1c2e54b3b8df+bench,SVG,instrument-2026-10-07T06-37-50.292Z,points-5000-seed-41544c53,zoom,camera_api_sync_ms,ms,50,0
Atlas,1c2e54b3b8df+bench,SVG,instrument-2026-10-07T06-37-50.292Z,points-5000-seed-41544c53,zoom,frame_interval_ms,ms,51,16.699999999982538
Atlas,1c2e54b3b8df+bench,SVG,instrument-2026-10-07T06-37-50.292Z,points-5000-seed-41544c53,zoom,camera_api_sync_ms,ms,51,0
Atlas,1c2e54b3b8df+bench,SVG,instrument-2026-10-07T06-37-50.292Z,points-5000-seed-41544c53,zoom,frame_interval_ms,ms,52,33.30000000001746
Atlas,1c2e54b3b8df+bench,SVG,instrument-2026-10-07T06-37-50.292Z,points-5000-seed-41544c53,zoom,camera_api_sync_ms,ms,52,0
Atlas,1c2e54b3b8df+bench,SVG,instrument-2026-10-07T06-37-50.292Z,points-5000-seed-41544c53,zoom,motion_elapsed_ms,ms,0,1533.2000000000116
Atlas,1c2e54b3b8df+bench,SVG,instrument-2026-10-07T06-37-50.292Z,points-5000-seed-41544c53,zoom,camera_updates,count,0,53
Atlas,1c2e54b3b8df+bench,SVG,instrument-2026-10-07T06-37-50.292Z,points-5000-seed-41544c53,zoom,svg_attribute_writes,count,0,530159
Atlas,1c2e54b3b8df+bench,SVG,instrument-2026-10-07T06-37-50.292Z,points-5000-seed-41544c53,zoom,renderer_scene_reads,count,0,53
Atlas,1c2e54b3b8df+bench,SVG,instrument-2026-10-07T06-37-50.292Z,points-5000-seed-41544c53,zoom,root_iterator_creations,count,0,53
Atlas,1c2e54b3b8df+bench,SVG,instrument-2026-10-07T06-37-50.292Z,points-5000-seed-41544c53,zoom,root_iterator_next_calls,count,0,265000
Atlas,1c2e54b3b8df+bench,SVG,instrument-2026-10-07T06-37-50.292Z,points-5000-seed-41544c53,zoom,svg_attribute_removals,count,0,265000
Atlas,1c2e54b3b8df+bench,SVG,instrument-2026-10-07T06-37-50.292Z,points-5000-seed-41544c53,zoom,renderer_calls,count,0,53
Atlas,1c2e54b3b8df+bench,SVG,instrument-2026-10-07T06-37-50.292Z,points-5000-seed-41544c53,zoom,layout_rect_reads,count,0,0
Atlas,1c2e54b3b8df+bench,SVG,instrument-2026-10-07T06-37-50.292Z,points-5000-seed-41544c53,zoom,instrumented_renderer_callback_ms,ms,0,6.299999952316284
Atlas,1c2e54b3b8df+bench,SVG,instrument-2026-10-07T06-37-50.292Z,points-5000-seed-41544c53,zoom,instrumented_renderer_callback_ms,ms,1,5.8999998569488525
Atlas,1c2e54b3b8df+bench,SVG,instrument-2026-10-07T06-37-50.292Z,points-5000-seed-41544c53,zoom,instrumented_renderer_callback_ms,ms,2,6
Atlas,1c2e54b3b8df+bench,SVG,instrument-2026-10-07T06-37-50.292Z,points-5000-seed-41544c53,zoom,instrumented_renderer_callback_ms,ms,3,6
Atlas,1c2e54b3b8df+bench,SVG,instrument-2026-10-07T06-37-50.292Z,points-5000-seed-41544c53,zoom,instrumented_renderer_callback_ms,ms,4,5.8999998569488525
Atlas,1c2e54b3b8df+bench,SVG,instrument-2026-10-07T06-37-50.292Z,points-5000-seed-41544c53,zoom,instrumented_renderer_callback_ms,ms,5,5.8999998569488525
Atlas,1c2e54b3b8df+bench,SVG,instrument-2026-10-07T06-37-50.292Z,points-5000-seed-41544c53,zoom,instrumented_renderer_callback_ms,ms,6,6.200000047683716
Atlas,1c2e54b3b8df+bench,SVG,instrument-2026-10-07T06-37-50.292Z,points-5000-seed-41544c53,zoom,instrumented_renderer_callback_ms,ms,7,6.1000001430511475
Atlas,1c2e54b3b8df+bench,SVG,instrument-2026-10-07T06-37-50.292Z,points-5000-seed-41544c53,zoom,instrumented_renderer_callback_ms,ms,8,6.6000001430511475
Atlas,1c2e54b3b8df+bench,SVG,instrument-2026-10-07T06-37-50.292Z,points-5000-seed-41544c53,zoom,instrumented_renderer_callback_ms,ms,9,6.5
Atlas,1c2e54b3b8df+bench,SVG,instrument-2026-10-07T06-37-50.292Z,points-5000-seed-41544c53,zoom,instrumented_renderer_callback_ms,ms,10,6
Atlas,1c2e54b3b8df+bench,SVG,instrument-2026-10-07T06-37-50.292Z,points-5000-seed-41544c53,zoom,instrumented_renderer_callback_ms,ms,11,5.900000095367432
Atlas,1c2e54b3b8df+bench,SVG,instrument-2026-10-07T06-37-50.292Z,points-5000-seed-41544c53,zoom,instrumented_renderer_callback_ms,ms,12,6.1000001430511475
Atlas,1c2e54b3b8df+bench,SVG,instrument-2026-10-07T06-37-50.292Z,points-5000-seed-41544c53,zoom,instrumented_renderer_callback_ms,ms,13,5.8999998569488525
Atlas,1c2e54b3b8df+bench,SVG,instrument-2026-10-07T06-37-50.292Z,points-5000-seed-41544c53,zoom,instrumented_renderer_callback_ms,ms,14,6
Atlas,1c2e54b3b8df+bench,SVG,instrument-2026-10-07T06-37-50.292Z,points-5000-seed-41544c53,zoom,instrumented_renderer_callback_ms,ms,15,6.099999904632568
Atlas,1c2e54b3b8df+bench,SVG,instrument-2026-10-07T06-37-50.292Z,points-5000-seed-41544c53,zoom,instrumented_renderer_callback_ms,ms,16,6.099999904632568
Atlas,1c2e54b3b8df+bench,SVG,instrument-2026-10-07T06-37-50.292Z,points-5000-seed-41544c53,zoom,instrumented_renderer_callback_ms,ms,17,6.099999904632568
Atlas,1c2e54b3b8df+bench,SVG,instrument-2026-10-07T06-37-50.292Z,points-5000-seed-41544c53,zoom,instrumented_renderer_callback_ms,ms,18,6
Atlas,1c2e54b3b8df+bench,SVG,instrument-2026-10-07T06-37-50.292Z,points-5000-seed-41544c53,zoom,instrumented_renderer_callback_ms,ms,19,6.599999904632568
Atlas,1c2e54b3b8df+bench,SVG,instrument-2026-10-07T06-37-50.292Z,points-5000-seed-41544c53,zoom,instrumented_renderer_callback_ms,ms,20,6.099999904632568
Atlas,1c2e54b3b8df+bench,SVG,instrument-2026-10-07T06-37-50.292Z,points-5000-seed-41544c53,zoom,instrumented_renderer_callback_ms,ms,21,6
Atlas,1c2e54b3b8df+bench,SVG,instrument-2026-10-07T06-37-50.292Z,points-5000-seed-41544c53,zoom,instrumented_renderer_callback_ms,ms,22,6.200000047683716
Atlas,1c2e54b3b8df+bench,SVG,instrument-2026-10-07T06-37-50.292Z,points-5000-seed-41544c53,zoom,instrumented_renderer_callback_ms,ms,23,6.099999904632568
Atlas,1c2e54b3b8df+bench,SVG,instrument-2026-10-07T06-37-50.292Z,points-5000-seed-41544c53,zoom,instrumented_renderer_callback_ms,ms,24,6
Atlas,1c2e54b3b8df+bench,SVG,instrument-2026-10-07T06-37-50.292Z,points-5000-seed-41544c53,zoom,instrumented_renderer_callback_ms,ms,25,6.200000047683716
Atlas,1c2e54b3b8df+bench,SVG,instrument-2026-10-07T06-37-50.292Z,points-5000-seed-41544c53,zoom,instrumented_renderer_callback_ms,ms,26,6.299999952316284
Atlas,1c2e54b3b8df+bench,SVG,instrument-2026-10-07T06-37-50.292Z,points-5000-seed-41544c53,zoom,instrumented_renderer_callback_ms,ms,27,5.900000095367432
Atlas,1c2e54b3b8df+bench,SVG,instrument-2026-10-07T06-37-50.292Z,points-5000-seed-41544c53,zoom,instrumented_renderer_callback_ms,ms,28,6.200000047683716
Atlas,1c2e54b3b8df+bench,SVG,instrument-2026-10-07T06-37-50.292Z,points-5000-seed-41544c53,zoom,instrumented_renderer_callback_ms,ms,29,6.200000047683716
Atlas,1c2e54b3b8df+bench,SVG,instrument-2026-10-07T06-37-50.292Z,points-5000-seed-41544c53,zoom,instrumented_renderer_callback_ms,ms,30,6
Atlas,1c2e54b3b8df+bench,SVG,instrument-2026-10-07T06-37-50.292Z,points-5000-seed-41544c53,zoom,instrumented_renderer_callback_ms,ms,31,6.099999904632568
Atlas,1c2e54b3b8df+bench,SVG,instrument-2026-10-07T06-37-50.292Z,points-5000-seed-41544c53,zoom,instrumented_renderer_callback_ms,ms,32,6
Atlas,1c2e54b3b8df+bench,SVG,instrument-2026-10-07T06-37-50.292Z,points-5000-seed-41544c53,zoom,instrumented_renderer_callback_ms,ms,33,9.400000095367432
Atlas,1c2e54b3b8df+bench,SVG,instrument-2026-10-07T06-37-50.292Z,points-5000-seed-41544c53,zoom,instrumented_renderer_callback_ms,ms,34,6.599999904632568
Atlas,1c2e54b3b8df+bench,SVG,instrument-2026-10-07T06-37-50.292Z,points-5000-seed-41544c53,zoom,instrumented_renderer_callback_ms,ms,35,6.200000047683716
Atlas,1c2e54b3b8df+bench,SVG,instrument-2026-10-07T06-37-50.292Z,points-5000-seed-41544c53,zoom,instrumented_renderer_callback_ms,ms,36,6.1000001430511475
Atlas,1c2e54b3b8df+bench,SVG,instrument-2026-10-07T06-37-50.292Z,points-5000-seed-41544c53,zoom,instrumented_renderer_callback_ms,ms,37,5.799999952316284
Atlas,1c2e54b3b8df+bench,SVG,instrument-2026-10-07T06-37-50.292Z,points-5000-seed-41544c53,zoom,instrumented_renderer_callback_ms,ms,38,5.799999952316284
Atlas,1c2e54b3b8df+bench,SVG,instrument-2026-10-07T06-37-50.292Z,points-5000-seed-41544c53,zoom,instrumented_renderer_callback_ms,ms,39,6.199999809265137
Atlas,1c2e54b3b8df+bench,SVG,instrument-2026-10-07T06-37-50.292Z,points-5000-seed-41544c53,zoom,instrumented_renderer_callback_ms,ms,40,6.200000047683716
Atlas,1c2e54b3b8df+bench,SVG,instrument-2026-10-07T06-37-50.292Z,points-5000-seed-41544c53,zoom,instrumented_renderer_callback_ms,ms,41,6.5
Atlas,1c2e54b3b8df+bench,SVG,instrument-2026-10-07T06-37-50.292Z,points-5000-seed-41544c53,zoom,instrumented_renderer_callback_ms,ms,42,7.099999904632568
Atlas,1c2e54b3b8df+bench,SVG,instrument-2026-10-07T06-37-50.292Z,points-5000-seed-41544c53,zoom,instrumented_renderer_callback_ms,ms,43,6.3999998569488525
Atlas,1c2e54b3b8df+bench,SVG,instrument-2026-10-07T06-37-50.292Z,points-5000-seed-41544c53,zoom,instrumented_renderer_callback_ms,ms,44,6.099999904632568
Atlas,1c2e54b3b8df+bench,SVG,instrument-2026-10-07T06-37-50.292Z,points-5000-seed-41544c53,zoom,instrumented_renderer_callback_ms,ms,45,6.200000047683716
Atlas,1c2e54b3b8df+bench,SVG,instrument-2026-10-07T06-37-50.292Z,points-5000-seed-41544c53,zoom,instrumented_renderer_callback_ms,ms,46,6.199999809265137
Atlas,1c2e54b3b8df+bench,SVG,instrument-2026-10-07T06-37-50.292Z,points-5000-seed-41544c53,zoom,instrumented_renderer_callback_ms,ms,47,6.099999904632568
Atlas,1c2e54b3b8df+bench,SVG,instrument-2026-10-07T06-37-50.292Z,points-5000-seed-41544c53,zoom,instrumented_renderer_callback_ms,ms,48,6.1000001430511475
Atlas,1c2e54b3b8df+bench,SVG,instrument-2026-10-07T06-37-50.292Z,points-5000-seed-41544c53,zoom,instrumented_renderer_callback_ms,ms,49,5.900000095367432
Atlas,1c2e54b3b8df+bench,SVG,instrument-2026-10-07T06-37-50.292Z,points-5000-seed-41544c53,zoom,instrumented_renderer_callback_ms,ms,50,6.299999952316284
Atlas,1c2e54b3b8df+bench,SVG,instrument-2026-10-07T06-37-50.292Z,points-5000-seed-41544c53,zoom,instrumented_renderer_callback_ms,ms,51,6
Atlas,1c2e54b3b8df+bench,SVG,instrument-2026-10-07T06-37-50.292Z,points-5000-seed-41544c53,zoom,instrumented_renderer_callback_ms,ms,52,6.099999904632568
Atlas,1c2e54b3b8df+bench,SVG,instrument-2026-10-07T06-37-50.292Z,points-5000-seed-41544c53,zoom,cleanup_renderer_calls,count,0,0
Atlas,1c2e54b3b8df+bench,SVG,instrument-2026-10-07T06-37-50.292Z,points-5000-seed-41544c53,zoom,cleanup_stage_children,count,0,0
Atlas,1c2e54b3b8df+bench,SVG,instrument-2026-10-07T06-37-50.292Z,points-5000-seed-41544c53,hit,spatial_hit_test_sync_ms,ms,0,0.40000009536743164
Atlas,1c2e54b3b8df+bench,SVG,instrument-2026-10-07T06-37-50.292Z,points-5000-seed-41544c53,hit,spatial_hit_test_sync_ms,ms,1,0.2999999523162842
Atlas,1c2e54b3b8df+bench,SVG,instrument-2026-10-07T06-37-50.292Z,points-5000-seed-41544c53,hit,spatial_hit_test_sync_ms,ms,2,0.2999999523162842
Atlas,1c2e54b3b8df+bench,SVG,instrument-2026-10-07T06-37-50.292Z,points-5000-seed-41544c53,hit,spatial_hit_test_sync_ms,ms,3,0.40000009536743164
Atlas,1c2e54b3b8df+bench,SVG,instrument-2026-10-07T06-37-50.292Z,points-5000-seed-41544c53,hit,spatial_hit_test_sync_ms,ms,4,0.39999985694885254
Atlas,1c2e54b3b8df+bench,SVG,instrument-2026-10-07T06-37-50.292Z,points-5000-seed-41544c53,hit,spatial_hit_test_sync_ms,ms,5,3.5
Atlas,1c2e54b3b8df+bench,SVG,instrument-2026-10-07T06-37-50.292Z,points-5000-seed-41544c53,hit,spatial_hit_test_sync_ms,ms,6,0.3000001907348633
Atlas,1c2e54b3b8df+bench,SVG,instrument-2026-10-07T06-37-50.292Z,points-5000-seed-41544c53,hit,spatial_hit_test_sync_ms,ms,7,0.39999985694885254
Atlas,1c2e54b3b8df+bench,SVG,instrument-2026-10-07T06-37-50.292Z,points-5000-seed-41544c53,hit,spatial_hit_test_sync_ms,ms,8,0.40000009536743164
Atlas,1c2e54b3b8df+bench,SVG,instrument-2026-10-07T06-37-50.292Z,points-5000-seed-41544c53,hit,spatial_hit_test_sync_ms,ms,9,0.2999999523162842
Atlas,1c2e54b3b8df+bench,SVG,instrument-2026-10-07T06-37-50.292Z,points-5000-seed-41544c53,hit,spatial_hit_test_sync_ms,ms,10,0.40000009536743164
Atlas,1c2e54b3b8df+bench,SVG,instrument-2026-10-07T06-37-50.292Z,points-5000-seed-41544c53,hit,spatial_hit_test_sync_ms,ms,11,0.19999980926513672
Atlas,1c2e54b3b8df+bench,SVG,instrument-2026-10-07T06-37-50.292Z,points-5000-seed-41544c53,hit,spatial_hit_test_sync_ms,ms,12,0.40000009536743164
Atlas,1c2e54b3b8df+bench,SVG,instrument-2026-10-07T06-37-50.292Z,points-5000-seed-41544c53,hit,spatial_hit_test_sync_ms,ms,13,0.40000009536743164
Atlas,1c2e54b3b8df+bench,SVG,instrument-2026-10-07T06-37-50.292Z,points-5000-seed-41544c53,hit,spatial_hit_test_sync_ms,ms,14,0.2999999523162842
Atlas,1c2e54b3b8df+bench,SVG,instrument-2026-10-07T06-37-50.292Z,points-5000-seed-41544c53,hit,spatial_hit_test_sync_ms,ms,15,0.2999999523162842
Atlas,1c2e54b3b8df+bench,SVG,instrument-2026-10-07T06-37-50.292Z,points-5000-seed-41544c53,hit,spatial_hit_test_sync_ms,ms,16,0.40000009536743164
Atlas,1c2e54b3b8df+bench,SVG,instrument-2026-10-07T06-37-50.292Z,points-5000-seed-41544c53,hit,spatial_hit_test_sync_ms,ms,17,0.39999985694885254
Atlas,1c2e54b3b8df+bench,SVG,instrument-2026-10-07T06-37-50.292Z,points-5000-seed-41544c53,hit,spatial_hit_test_sync_ms,ms,18,0.2999999523162842
Atlas,1c2e54b3b8df+bench,SVG,instrument-2026-10-07T06-37-50.292Z,points-5000-seed-41544c53,hit,spatial_hit_test_sync_ms,ms,19,0.3000001907348633
Atlas,1c2e54b3b8df+bench,SVG,instrument-2026-10-07T06-37-50.292Z,points-5000-seed-41544c53,hit,spatial_hit_test_sync_ms,ms,20,0.39999985694885254
Atlas,1c2e54b3b8df+bench,SVG,instrument-2026-10-07T06-37-50.292Z,points-5000-seed-41544c53,hit,spatial_hit_test_sync_ms,ms,21,0.2999999523162842
Atlas,1c2e54b3b8df+bench,SVG,instrument-2026-10-07T06-37-50.292Z,points-5000-seed-41544c53,hit,spatial_hit_test_sync_ms,ms,22,0.3000001907348633
Atlas,1c2e54b3b8df+bench,SVG,instrument-2026-10-07T06-37-50.292Z,points-5000-seed-41544c53,hit,spatial_hit_test_sync_ms,ms,23,0.39999985694885254
Atlas,1c2e54b3b8df+bench,SVG,instrument-2026-10-07T06-37-50.292Z,points-5000-seed-41544c53,hit,spatial_hit_test_sync_ms,ms,24,0.2999999523162842
Atlas,1c2e54b3b8df+bench,SVG,instrument-2026-10-07T06-37-50.292Z,points-5000-seed-41544c53,hit,spatial_hit_test_sync_ms,ms,25,0.3000001907348633
Atlas,1c2e54b3b8df+bench,SVG,instrument-2026-10-07T06-37-50.292Z,points-5000-seed-41544c53,hit,spatial_hit_test_sync_ms,ms,26,0.39999985694885254
Atlas,1c2e54b3b8df+bench,SVG,instrument-2026-10-07T06-37-50.292Z,points-5000-seed-41544c53,hit,spatial_hit_test_sync_ms,ms,27,0.2999999523162842
Atlas,1c2e54b3b8df+bench,SVG,instrument-2026-10-07T06-37-50.292Z,points-5000-seed-41544c53,hit,spatial_hit_test_sync_ms,ms,28,0.40000009536743164
Atlas,1c2e54b3b8df+bench,SVG,instrument-2026-10-07T06-37-50.292Z,points-5000-seed-41544c53,hit,spatial_hit_test_sync_ms,ms,29,0.40000009536743164
Atlas,1c2e54b3b8df+bench,SVG,instrument-2026-10-07T06-37-50.292Z,points-5000-seed-41544c53,hit,spatial_hit_test_sync_ms,ms,30,0.2999999523162842
Atlas,1c2e54b3b8df+bench,SVG,instrument-2026-10-07T06-37-50.292Z,points-5000-seed-41544c53,hit,spatial_hit_test_sync_ms,ms,31,0.2999999523162842
Atlas,1c2e54b3b8df+bench,SVG,instrument-2026-10-07T06-37-50.292Z,points-5000-seed-41544c53,hit,spatial_hit_test_sync_ms,ms,32,0.40000009536743164
Atlas,1c2e54b3b8df+bench,SVG,instrument-2026-10-07T06-37-50.292Z,points-5000-seed-41544c53,hit,spatial_hit_test_sync_ms,ms,33,0.2999999523162842
Atlas,1c2e54b3b8df+bench,SVG,instrument-2026-10-07T06-37-50.292Z,points-5000-seed-41544c53,hit,spatial_hit_test_sync_ms,ms,34,0.2999999523162842
Atlas,1c2e54b3b8df+bench,SVG,instrument-2026-10-07T06-37-50.292Z,points-5000-seed-41544c53,hit,spatial_hit_test_sync_ms,ms,35,0.40000009536743164
Atlas,1c2e54b3b8df+bench,SVG,instrument-2026-10-07T06-37-50.292Z,points-5000-seed-41544c53,hit,spatial_hit_test_sync_ms,ms,36,0.2999999523162842
Atlas,1c2e54b3b8df+bench,SVG,instrument-2026-10-07T06-37-50.292Z,points-5000-seed-41544c53,hit,spatial_hit_test_sync_ms,ms,37,0.2999999523162842
Atlas,1c2e54b3b8df+bench,SVG,instrument-2026-10-07T06-37-50.292Z,points-5000-seed-41544c53,hit,spatial_hit_test_sync_ms,ms,38,0.2999999523162842
Atlas,1c2e54b3b8df+bench,SVG,instrument-2026-10-07T06-37-50.292Z,points-5000-seed-41544c53,hit,spatial_hit_test_sync_ms,ms,39,0.2999999523162842
Atlas,1c2e54b3b8df+bench,SVG,instrument-2026-10-07T06-37-50.292Z,points-5000-seed-41544c53,hit,spatial_hit_test_sync_ms,ms,40,0.3000001907348633
Atlas,1c2e54b3b8df+bench,SVG,instrument-2026-10-07T06-37-50.292Z,points-5000-seed-41544c53,hit,spatial_hit_test_sync_ms,ms,41,0.39999985694885254
Atlas,1c2e54b3b8df+bench,SVG,instrument-2026-10-07T06-37-50.292Z,points-5000-seed-41544c53,hit,spatial_hit_test_sync_ms,ms,42,0.2999999523162842
Atlas,1c2e54b3b8df+bench,SVG,instrument-2026-10-07T06-37-50.292Z,points-5000-seed-41544c53,hit,spatial_hit_test_sync_ms,ms,43,0.40000009536743164
Atlas,1c2e54b3b8df+bench,SVG,instrument-2026-10-07T06-37-50.292Z,points-5000-seed-41544c53,hit,spatial_hit_test_sync_ms,ms,44,0.2999999523162842
Atlas,1c2e54b3b8df+bench,SVG,instrument-2026-10-07T06-37-50.292Z,points-5000-seed-41544c53,hit,spatial_hit_test_sync_ms,ms,45,0.2999999523162842
Atlas,1c2e54b3b8df+bench,SVG,instrument-2026-10-07T06-37-50.292Z,points-5000-seed-41544c53,hit,spatial_hit_test_sync_ms,ms,46,0.40000009536743164
Atlas,1c2e54b3b8df+bench,SVG,instrument-2026-10-07T06-37-50.292Z,points-5000-seed-41544c53,hit,spatial_hit_test_sync_ms,ms,47,0.2999999523162842
Atlas,1c2e54b3b8df+bench,SVG,instrument-2026-10-07T06-37-50.292Z,points-5000-seed-41544c53,hit,spatial_hit_test_sync_ms,ms,48,0.2999999523162842
Atlas,1c2e54b3b8df+bench,SVG,instrument-2026-10-07T06-37-50.292Z,points-5000-seed-41544c53,hit,spatial_hit_test_sync_ms,ms,49,0.3000001907348633
Atlas,1c2e54b3b8df+bench,SVG,instrument-2026-10-07T06-37-50.292Z,points-5000-seed-41544c53,hit,spatial_hit_test_sync_ms,ms,50,0.39999985694885254
Atlas,1c2e54b3b8df+bench,SVG,instrument-2026-10-07T06-37-50.292Z,points-5000-seed-41544c53,hit,spatial_hit_test_sync_ms,ms,51,0.2999999523162842
Atlas,1c2e54b3b8df+bench,SVG,instrument-2026-10-07T06-37-50.292Z,points-5000-seed-41544c53,hit,spatial_hit_test_sync_ms,ms,52,0.40000009536743164
Atlas,1c2e54b3b8df+bench,SVG,instrument-2026-10-07T06-37-50.292Z,points-5000-seed-41544c53,hit,spatial_hit_test_sync_ms,ms,53,0.5
Atlas,1c2e54b3b8df+bench,SVG,instrument-2026-10-07T06-37-50.292Z,points-5000-seed-41544c53,hit,spatial_hit_test_sync_ms,ms,54,0.2999999523162842
Atlas,1c2e54b3b8df+bench,SVG,instrument-2026-10-07T06-37-50.292Z,points-5000-seed-41544c53,hit,spatial_hit_test_sync_ms,ms,55,0.2999999523162842
Atlas,1c2e54b3b8df+bench,SVG,instrument-2026-10-07T06-37-50.292Z,points-5000-seed-41544c53,hit,spatial_hit_test_sync_ms,ms,56,0.40000009536743164
Atlas,1c2e54b3b8df+bench,SVG,instrument-2026-10-07T06-37-50.292Z,points-5000-seed-41544c53,hit,spatial_hit_test_sync_ms,ms,57,0.2999999523162842
Atlas,1c2e54b3b8df+bench,SVG,instrument-2026-10-07T06-37-50.292Z,points-5000-seed-41544c53,hit,spatial_hit_test_sync_ms,ms,58,0.20000004768371582
Atlas,1c2e54b3b8df+bench,SVG,instrument-2026-10-07T06-37-50.292Z,points-5000-seed-41544c53,hit,spatial_hit_test_sync_ms,ms,59,0.5
Atlas,1c2e54b3b8df+bench,SVG,instrument-2026-10-07T06-37-50.292Z,points-5000-seed-41544c53,hit,spatial_hit_test_sync_ms,ms,60,0.2999999523162842
Atlas,1c2e54b3b8df+bench,SVG,instrument-2026-10-07T06-37-50.292Z,points-5000-seed-41544c53,hit,spatial_hit_test_sync_ms,ms,61,0.40000009536743164
Atlas,1c2e54b3b8df+bench,SVG,instrument-2026-10-07T06-37-50.292Z,points-5000-seed-41544c53,hit,spatial_hit_test_sync_ms,ms,62,0.20000004768371582
Atlas,1c2e54b3b8df+bench,SVG,instrument-2026-10-07T06-37-50.292Z,points-5000-seed-41544c53,hit,spatial_hit_test_sync_ms,ms,63,0.2999999523162842
Atlas,1c2e54b3b8df+bench,SVG,instrument-2026-10-07T06-37-50.292Z,points-5000-seed-41544c53,hit,spatial_hit_test_sync_ms,ms,64,0.39999985694885254
Atlas,1c2e54b3b8df+bench,SVG,instrument-2026-10-07T06-37-50.292Z,points-5000-seed-41544c53,hit,spatial_hit_test_sync_ms,ms,65,2.8000001907348633
Atlas,1c2e54b3b8df+bench,SVG,instrument-2026-10-07T06-37-50.292Z,points-5000-seed-41544c53,hit,spatial_hit_test_sync_ms,ms,66,0.39999985694885254
Atlas,1c2e54b3b8df+bench,SVG,instrument-2026-10-07T06-37-50.292Z,points-5000-seed-41544c53,hit,spatial_hit_test_sync_ms,ms,67,0.2999999523162842
Atlas,1c2e54b3b8df+bench,SVG,instrument-2026-10-07T06-37-50.292Z,points-5000-seed-41544c53,hit,spatial_hit_test_sync_ms,ms,68,0.3000001907348633
Atlas,1c2e54b3b8df+bench,SVG,instrument-2026-10-07T06-37-50.292Z,points-5000-seed-41544c53,hit,spatial_hit_test_sync_ms,ms,69,0.2999999523162842
Atlas,1c2e54b3b8df+bench,SVG,instrument-2026-10-07T06-37-50.292Z,points-5000-seed-41544c53,hit,spatial_hit_test_sync_ms,ms,70,0.39999985694885254
Atlas,1c2e54b3b8df+bench,SVG,instrument-2026-10-07T06-37-50.292Z,points-5000-seed-41544c53,hit,spatial_hit_test_sync_ms,ms,71,0.3000001907348633
Atlas,1c2e54b3b8df+bench,SVG,instrument-2026-10-07T06-37-50.292Z,points-5000-seed-41544c53,hit,spatial_hit_test_sync_ms,ms,72,0.2999999523162842
Atlas,1c2e54b3b8df+bench,SVG,instrument-2026-10-07T06-37-50.292Z,points-5000-seed-41544c53,hit,spatial_hit_test_sync_ms,ms,73,0.2999999523162842
Atlas,1c2e54b3b8df+bench,SVG,instrument-2026-10-07T06-37-50.292Z,points-5000-seed-41544c53,hit,spatial_hit_test_sync_ms,ms,74,0.40000009536743164
Atlas,1c2e54b3b8df+bench,SVG,instrument-2026-10-07T06-37-50.292Z,points-5000-seed-41544c53,hit,spatial_hit_test_sync_ms,ms,75,0.2999999523162842
Atlas,1c2e54b3b8df+bench,SVG,instrument-2026-10-07T06-37-50.292Z,points-5000-seed-41544c53,hit,spatial_hit_test_sync_ms,ms,76,0.2999999523162842
Atlas,1c2e54b3b8df+bench,SVG,instrument-2026-10-07T06-37-50.292Z,points-5000-seed-41544c53,hit,spatial_hit_test_sync_ms,ms,77,0.40000009536743164
Atlas,1c2e54b3b8df+bench,SVG,instrument-2026-10-07T06-37-50.292Z,points-5000-seed-41544c53,hit,spatial_hit_test_sync_ms,ms,78,0.2999999523162842
Atlas,1c2e54b3b8df+bench,SVG,instrument-2026-10-07T06-37-50.292Z,points-5000-seed-41544c53,hit,spatial_hit_test_sync_ms,ms,79,0.2999999523162842
Atlas,1c2e54b3b8df+bench,SVG,instrument-2026-10-07T06-37-50.292Z,points-5000-seed-41544c53,hit,spatial_hit_test_sync_ms,ms,80,0.2999999523162842
Atlas,1c2e54b3b8df+bench,SVG,instrument-2026-10-07T06-37-50.292Z,points-5000-seed-41544c53,hit,spatial_hit_test_sync_ms,ms,81,0.40000009536743164
Atlas,1c2e54b3b8df+bench,SVG,instrument-2026-10-07T06-37-50.292Z,points-5000-seed-41544c53,hit,spatial_hit_test_sync_ms,ms,82,0.2999999523162842
Atlas,1c2e54b3b8df+bench,SVG,instrument-2026-10-07T06-37-50.292Z,points-5000-seed-41544c53,hit,spatial_hit_test_sync_ms,ms,83,0.2999999523162842
Atlas,1c2e54b3b8df+bench,SVG,instrument-2026-10-07T06-37-50.292Z,points-5000-seed-41544c53,hit,spatial_hit_test_sync_ms,ms,84,0.40000009536743164
Atlas,1c2e54b3b8df+bench,SVG,instrument-2026-10-07T06-37-50.292Z,points-5000-seed-41544c53,hit,spatial_hit_test_sync_ms,ms,85,0.2999999523162842
Atlas,1c2e54b3b8df+bench,SVG,instrument-2026-10-07T06-37-50.292Z,points-5000-seed-41544c53,hit,spatial_hit_test_sync_ms,ms,86,0.2999999523162842
Atlas,1c2e54b3b8df+bench,SVG,instrument-2026-10-07T06-37-50.292Z,points-5000-seed-41544c53,hit,spatial_hit_test_sync_ms,ms,87,0.5
Atlas,1c2e54b3b8df+bench,SVG,instrument-2026-10-07T06-37-50.292Z,points-5000-seed-41544c53,hit,spatial_hit_test_sync_ms,ms,88,0.2999999523162842
Atlas,1c2e54b3b8df+bench,SVG,instrument-2026-10-07T06-37-50.292Z,points-5000-seed-41544c53,hit,spatial_hit_test_sync_ms,ms,89,0.3000001907348633
Atlas,1c2e54b3b8df+bench,SVG,instrument-2026-10-07T06-37-50.292Z,points-5000-seed-41544c53,hit,spatial_hit_test_sync_ms,ms,90,0.2999999523162842
Atlas,1c2e54b3b8df+bench,SVG,instrument-2026-10-07T06-37-50.292Z,points-5000-seed-41544c53,hit,spatial_hit_test_sync_ms,ms,91,0.2999999523162842
Atlas,1c2e54b3b8df+bench,SVG,instrument-2026-10-07T06-37-50.292Z,points-5000-seed-41544c53,hit,spatial_hit_test_sync_ms,ms,92,0.40000009536743164
Atlas,1c2e54b3b8df+bench,SVG,instrument-2026-10-07T06-37-50.292Z,points-5000-seed-41544c53,hit,spatial_hit_test_sync_ms,ms,93,0.2999999523162842
Atlas,1c2e54b3b8df+bench,SVG,instrument-2026-10-07T06-37-50.292Z,points-5000-seed-41544c53,hit,spatial_hit_test_sync_ms,ms,94,0.2999999523162842
Atlas,1c2e54b3b8df+bench,SVG,instrument-2026-10-07T06-37-50.292Z,points-5000-seed-41544c53,hit,spatial_hit_test_sync_ms,ms,95,0.5
Atlas,1c2e54b3b8df+bench,SVG,instrument-2026-10-07T06-37-50.292Z,points-5000-seed-41544c53,hit,spatial_hit_test_sync_ms,ms,96,0.2999999523162842
Atlas,1c2e54b3b8df+bench,SVG,instrument-2026-10-07T06-37-50.292Z,points-5000-seed-41544c53,hit,spatial_hit_test_sync_ms,ms,97,0.2999999523162842
Atlas,1c2e54b3b8df+bench,SVG,instrument-2026-10-07T06-37-50.292Z,points-5000-seed-41544c53,hit,spatial_hit_test_sync_ms,ms,98,0.40000009536743164
Atlas,1c2e54b3b8df+bench,SVG,instrument-2026-10-07T06-37-50.292Z,points-5000-seed-41544c53,hit,spatial_hit_test_sync_ms,ms,99,0.2999999523162842
Atlas,1c2e54b3b8df+bench,SVG,instrument-2026-10-07T06-37-50.292Z,points-5000-seed-41544c53,hit,spatial_hit_test_sync_ms,ms,100,0.2999999523162842
Atlas,1c2e54b3b8df+bench,SVG,instrument-2026-10-07T06-37-50.292Z,points-5000-seed-41544c53,hit,spatial_hit_test_sync_ms,ms,101,0.40000009536743164
Atlas,1c2e54b3b8df+bench,SVG,instrument-2026-10-07T06-37-50.292Z,points-5000-seed-41544c53,hit,spatial_hit_test_sync_ms,ms,102,0.2999999523162842
Atlas,1c2e54b3b8df+bench,SVG,instrument-2026-10-07T06-37-50.292Z,points-5000-seed-41544c53,hit,spatial_hit_test_sync_ms,ms,103,0.2999999523162842
Atlas,1c2e54b3b8df+bench,SVG,instrument-2026-10-07T06-37-50.292Z,points-5000-seed-41544c53,hit,spatial_hit_test_sync_ms,ms,104,0.40000009536743164
Atlas,1c2e54b3b8df+bench,SVG,instrument-2026-10-07T06-37-50.292Z,points-5000-seed-41544c53,hit,spatial_hit_test_sync_ms,ms,105,0.2999999523162842
Atlas,1c2e54b3b8df+bench,SVG,instrument-2026-10-07T06-37-50.292Z,points-5000-seed-41544c53,hit,spatial_hit_test_sync_ms,ms,106,0.40000009536743164
Atlas,1c2e54b3b8df+bench,SVG,instrument-2026-10-07T06-37-50.292Z,points-5000-seed-41544c53,hit,spatial_hit_test_sync_ms,ms,107,0.2999999523162842
Atlas,1c2e54b3b8df+bench,SVG,instrument-2026-10-07T06-37-50.292Z,points-5000-seed-41544c53,hit,spatial_hit_test_sync_ms,ms,108,0.2999999523162842
Atlas,1c2e54b3b8df+bench,SVG,instrument-2026-10-07T06-37-50.292Z,points-5000-seed-41544c53,hit,spatial_hit_test_sync_ms,ms,109,0.40000009536743164
Atlas,1c2e54b3b8df+bench,SVG,instrument-2026-10-07T06-37-50.292Z,points-5000-seed-41544c53,hit,spatial_hit_test_sync_ms,ms,110,0.20000004768371582
Atlas,1c2e54b3b8df+bench,SVG,instrument-2026-10-07T06-37-50.292Z,points-5000-seed-41544c53,hit,spatial_hit_test_sync_ms,ms,111,0.5
Atlas,1c2e54b3b8df+bench,SVG,instrument-2026-10-07T06-37-50.292Z,points-5000-seed-41544c53,hit,spatial_hit_test_sync_ms,ms,112,0.19999980926513672
Atlas,1c2e54b3b8df+bench,SVG,instrument-2026-10-07T06-37-50.292Z,points-5000-seed-41544c53,hit,spatial_hit_test_sync_ms,ms,113,0.40000009536743164
Atlas,1c2e54b3b8df+bench,SVG,instrument-2026-10-07T06-37-50.292Z,points-5000-seed-41544c53,hit,spatial_hit_test_sync_ms,ms,114,0.40000009536743164
Atlas,1c2e54b3b8df+bench,SVG,instrument-2026-10-07T06-37-50.292Z,points-5000-seed-41544c53,hit,spatial_hit_test_sync_ms,ms,115,0.2999999523162842
Atlas,1c2e54b3b8df+bench,SVG,instrument-2026-10-07T06-37-50.292Z,points-5000-seed-41544c53,hit,spatial_hit_test_sync_ms,ms,116,0.2999999523162842
Atlas,1c2e54b3b8df+bench,SVG,instrument-2026-10-07T06-37-50.292Z,points-5000-seed-41544c53,hit,spatial_hit_test_sync_ms,ms,117,0.40000009536743164
Atlas,1c2e54b3b8df+bench,SVG,instrument-2026-10-07T06-37-50.292Z,points-5000-seed-41544c53,hit,spatial_hit_test_sync_ms,ms,118,0.2999999523162842
Atlas,1c2e54b3b8df+bench,SVG,instrument-2026-10-07T06-37-50.292Z,points-5000-seed-41544c53,hit,spatial_hit_test_sync_ms,ms,119,0.2999999523162842
Atlas,1c2e54b3b8df+bench,SVG,instrument-2026-10-07T06-37-50.292Z,points-5000-seed-41544c53,hit,spatial_hit_test_sync_ms,ms,120,0.40000009536743164
Atlas,1c2e54b3b8df+bench,SVG,instrument-2026-10-07T06-37-50.292Z,points-5000-seed-41544c53,hit,spatial_hit_test_sync_ms,ms,121,0.19999980926513672
Atlas,1c2e54b3b8df+bench,SVG,instrument-2026-10-07T06-37-50.292Z,points-5000-seed-41544c53,hit,spatial_hit_test_sync_ms,ms,122,0.40000009536743164
Atlas,1c2e54b3b8df+bench,SVG,instrument-2026-10-07T06-37-50.292Z,points-5000-seed-41544c53,hit,spatial_hit_test_sync_ms,ms,123,0.40000009536743164
Atlas,1c2e54b3b8df+bench,SVG,instrument-2026-10-07T06-37-50.292Z,points-5000-seed-41544c53,hit,spatial_hit_test_sync_ms,ms,124,0.2999999523162842
Atlas,1c2e54b3b8df+bench,SVG,instrument-2026-10-07T06-37-50.292Z,points-5000-seed-41544c53,hit,spatial_hit_test_sync_ms,ms,125,0.2999999523162842
Atlas,1c2e54b3b8df+bench,SVG,instrument-2026-10-07T06-37-50.292Z,points-5000-seed-41544c53,hit,spatial_hit_test_sync_ms,ms,126,0.2999999523162842
Atlas,1c2e54b3b8df+bench,SVG,instrument-2026-10-07T06-37-50.292Z,points-5000-seed-41544c53,hit,spatial_hit_test_sync_ms,ms,127,0.40000009536743164
Atlas,1c2e54b3b8df+bench,SVG,instrument-2026-10-07T06-37-50.292Z,points-5000-seed-41544c53,hit,spatial_hit_test_sync_ms,ms,128,0.2999999523162842
Atlas,1c2e54b3b8df+bench,SVG,instrument-2026-10-07T06-37-50.292Z,points-5000-seed-41544c53,hit,spatial_hit_test_sync_ms,ms,129,0.40000009536743164
Atlas,1c2e54b3b8df+bench,SVG,instrument-2026-10-07T06-37-50.292Z,points-5000-seed-41544c53,hit,spatial_hit_test_sync_ms,ms,130,0.19999980926513672
Atlas,1c2e54b3b8df+bench,SVG,instrument-2026-10-07T06-37-50.292Z,points-5000-seed-41544c53,hit,spatial_hit_test_sync_ms,ms,131,0.40000009536743164
Atlas,1c2e54b3b8df+bench,SVG,instrument-2026-10-07T06-37-50.292Z,points-5000-seed-41544c53,hit,spatial_hit_test_sync_ms,ms,132,0.2999999523162842
Atlas,1c2e54b3b8df+bench,SVG,instrument-2026-10-07T06-37-50.292Z,points-5000-seed-41544c53,hit,spatial_hit_test_sync_ms,ms,133,0.40000009536743164
Atlas,1c2e54b3b8df+bench,SVG,instrument-2026-10-07T06-37-50.292Z,points-5000-seed-41544c53,hit,spatial_hit_test_sync_ms,ms,134,0.2999999523162842
Atlas,1c2e54b3b8df+bench,SVG,instrument-2026-10-07T06-37-50.292Z,points-5000-seed-41544c53,hit,spatial_hit_test_sync_ms,ms,135,0.5
Atlas,1c2e54b3b8df+bench,SVG,instrument-2026-10-07T06-37-50.292Z,points-5000-seed-41544c53,hit,spatial_hit_test_sync_ms,ms,136,0.2999999523162842
Atlas,1c2e54b3b8df+bench,SVG,instrument-2026-10-07T06-37-50.292Z,points-5000-seed-41544c53,hit,spatial_hit_test_sync_ms,ms,137,0.40000009536743164
Atlas,1c2e54b3b8df+bench,SVG,instrument-2026-10-07T06-37-50.292Z,points-5000-seed-41544c53,hit,spatial_hit_test_sync_ms,ms,138,0.2999999523162842
Atlas,1c2e54b3b8df+bench,SVG,instrument-2026-10-07T06-37-50.292Z,points-5000-seed-41544c53,hit,spatial_hit_test_sync_ms,ms,139,0.40000009536743164
Atlas,1c2e54b3b8df+bench,SVG,instrument-2026-10-07T06-37-50.292Z,points-5000-seed-41544c53,hit,spatial_hit_test_sync_ms,ms,140,0.2999999523162842
Atlas,1c2e54b3b8df+bench,SVG,instrument-2026-10-07T06-37-50.292Z,points-5000-seed-41544c53,hit,spatial_hit_test_sync_ms,ms,141,0.2999999523162842
Atlas,1c2e54b3b8df+bench,SVG,instrument-2026-10-07T06-37-50.292Z,points-5000-seed-41544c53,hit,spatial_hit_test_sync_ms,ms,142,0.2999999523162842
Atlas,1c2e54b3b8df+bench,SVG,instrument-2026-10-07T06-37-50.292Z,points-5000-seed-41544c53,hit,spatial_hit_test_sync_ms,ms,143,0.2999999523162842
Atlas,1c2e54b3b8df+bench,SVG,instrument-2026-10-07T06-37-50.292Z,points-5000-seed-41544c53,hit,spatial_hit_test_sync_ms,ms,144,0.40000009536743164
Atlas,1c2e54b3b8df+bench,SVG,instrument-2026-10-07T06-37-50.292Z,points-5000-seed-41544c53,hit,spatial_hit_test_sync_ms,ms,145,0.40000009536743164
Atlas,1c2e54b3b8df+bench,SVG,instrument-2026-10-07T06-37-50.292Z,points-5000-seed-41544c53,hit,spatial_hit_test_sync_ms,ms,146,0.2999999523162842
Atlas,1c2e54b3b8df+bench,SVG,instrument-2026-10-07T06-37-50.292Z,points-5000-seed-41544c53,hit,spatial_hit_test_sync_ms,ms,147,0.39999985694885254
Atlas,1c2e54b3b8df+bench,SVG,instrument-2026-10-07T06-37-50.292Z,points-5000-seed-41544c53,hit,spatial_hit_test_sync_ms,ms,148,0.20000004768371582
Atlas,1c2e54b3b8df+bench,SVG,instrument-2026-10-07T06-37-50.292Z,points-5000-seed-41544c53,hit,spatial_hit_test_sync_ms,ms,149,0.40000009536743164
Atlas,1c2e54b3b8df+bench,SVG,instrument-2026-10-07T06-37-50.292Z,points-5000-seed-41544c53,hit,spatial_hit_test_sync_ms,ms,150,0.2999999523162842
Atlas,1c2e54b3b8df+bench,SVG,instrument-2026-10-07T06-37-50.292Z,points-5000-seed-41544c53,hit,spatial_hit_test_sync_ms,ms,151,0.40000009536743164
Atlas,1c2e54b3b8df+bench,SVG,instrument-2026-10-07T06-37-50.292Z,points-5000-seed-41544c53,hit,spatial_hit_test_sync_ms,ms,152,0.2999999523162842
Atlas,1c2e54b3b8df+bench,SVG,instrument-2026-10-07T06-37-50.292Z,points-5000-seed-41544c53,hit,spatial_hit_test_sync_ms,ms,153,0.2999999523162842
Atlas,1c2e54b3b8df+bench,SVG,instrument-2026-10-07T06-37-50.292Z,points-5000-seed-41544c53,hit,spatial_hit_test_sync_ms,ms,154,0.40000009536743164
Atlas,1c2e54b3b8df+bench,SVG,instrument-2026-10-07T06-37-50.292Z,points-5000-seed-41544c53,hit,spatial_hit_test_sync_ms,ms,155,0.2999999523162842
Atlas,1c2e54b3b8df+bench,SVG,instrument-2026-10-07T06-37-50.292Z,points-5000-seed-41544c53,hit,spatial_hit_test_sync_ms,ms,156,0.39999985694885254
Atlas,1c2e54b3b8df+bench,SVG,instrument-2026-10-07T06-37-50.292Z,points-5000-seed-41544c53,hit,spatial_hit_test_sync_ms,ms,157,0.40000009536743164
Atlas,1c2e54b3b8df+bench,SVG,instrument-2026-10-07T06-37-50.292Z,points-5000-seed-41544c53,hit,spatial_hit_test_sync_ms,ms,158,0.2999999523162842
Atlas,1c2e54b3b8df+bench,SVG,instrument-2026-10-07T06-37-50.292Z,points-5000-seed-41544c53,hit,spatial_hit_test_sync_ms,ms,159,0.40000009536743164
Atlas,1c2e54b3b8df+bench,SVG,instrument-2026-10-07T06-37-50.292Z,points-5000-seed-41544c53,hit,spatial_hit_test_sync_ms,ms,160,0.2999999523162842
Atlas,1c2e54b3b8df+bench,SVG,instrument-2026-10-07T06-37-50.292Z,points-5000-seed-41544c53,hit,spatial_hit_test_sync_ms,ms,161,0.40000009536743164
Atlas,1c2e54b3b8df+bench,SVG,instrument-2026-10-07T06-37-50.292Z,points-5000-seed-41544c53,hit,spatial_hit_test_sync_ms,ms,162,0.2999999523162842
Atlas,1c2e54b3b8df+bench,SVG,instrument-2026-10-07T06-37-50.292Z,points-5000-seed-41544c53,hit,spatial_hit_test_sync_ms,ms,163,0.39999985694885254
Atlas,1c2e54b3b8df+bench,SVG,instrument-2026-10-07T06-37-50.292Z,points-5000-seed-41544c53,hit,spatial_hit_test_sync_ms,ms,164,0.3000001907348633
Atlas,1c2e54b3b8df+bench,SVG,instrument-2026-10-07T06-37-50.292Z,points-5000-seed-41544c53,hit,spatial_hit_test_sync_ms,ms,165,0.39999985694885254
Atlas,1c2e54b3b8df+bench,SVG,instrument-2026-10-07T06-37-50.292Z,points-5000-seed-41544c53,hit,spatial_hit_test_sync_ms,ms,166,0.2999999523162842
Atlas,1c2e54b3b8df+bench,SVG,instrument-2026-10-07T06-37-50.292Z,points-5000-seed-41544c53,hit,spatial_hit_test_sync_ms,ms,167,0.3000001907348633
Atlas,1c2e54b3b8df+bench,SVG,instrument-2026-10-07T06-37-50.292Z,points-5000-seed-41544c53,hit,spatial_hit_test_sync_ms,ms,168,0.2999999523162842
Atlas,1c2e54b3b8df+bench,SVG,instrument-2026-10-07T06-37-50.292Z,points-5000-seed-41544c53,hit,spatial_hit_test_sync_ms,ms,169,0.39999985694885254
Atlas,1c2e54b3b8df+bench,SVG,instrument-2026-10-07T06-37-50.292Z,points-5000-seed-41544c53,hit,spatial_hit_test_sync_ms,ms,170,0.3000001907348633
Atlas,1c2e54b3b8df+bench,SVG,instrument-2026-10-07T06-37-50.292Z,points-5000-seed-41544c53,hit,spatial_hit_test_sync_ms,ms,171,0.19999980926513672
Atlas,1c2e54b3b8df+bench,SVG,instrument-2026-10-07T06-37-50.292Z,points-5000-seed-41544c53,hit,spatial_hit_test_sync_ms,ms,172,0.40000009536743164
Atlas,1c2e54b3b8df+bench,SVG,instrument-2026-10-07T06-37-50.292Z,points-5000-seed-41544c53,hit,spatial_hit_test_sync_ms,ms,173,0.2999999523162842
Atlas,1c2e54b3b8df+bench,SVG,instrument-2026-10-07T06-37-50.292Z,points-5000-seed-41544c53,hit,spatial_hit_test_sync_ms,ms,174,0.2999999523162842
Atlas,1c2e54b3b8df+bench,SVG,instrument-2026-10-07T06-37-50.292Z,points-5000-seed-41544c53,hit,spatial_hit_test_sync_ms,ms,175,0.3000001907348633
Atlas,1c2e54b3b8df+bench,SVG,instrument-2026-10-07T06-37-50.292Z,points-5000-seed-41544c53,hit,spatial_hit_test_sync_ms,ms,176,0.2999999523162842
Atlas,1c2e54b3b8df+bench,SVG,instrument-2026-10-07T06-37-50.292Z,points-5000-seed-41544c53,hit,spatial_hit_test_sync_ms,ms,177,0.39999985694885254
Atlas,1c2e54b3b8df+bench,SVG,instrument-2026-10-07T06-37-50.292Z,points-5000-seed-41544c53,hit,spatial_hit_test_sync_ms,ms,178,0.40000009536743164
Atlas,1c2e54b3b8df+bench,SVG,instrument-2026-10-07T06-37-50.292Z,points-5000-seed-41544c53,hit,spatial_hit_test_sync_ms,ms,179,0.2999999523162842
Atlas,1c2e54b3b8df+bench,SVG,instrument-2026-10-07T06-37-50.292Z,points-5000-seed-41544c53,hit,spatial_hit_test_sync_ms,ms,180,0.2999999523162842
Atlas,1c2e54b3b8df+bench,SVG,instrument-2026-10-07T06-37-50.292Z,points-5000-seed-41544c53,hit,spatial_hit_test_sync_ms,ms,181,0.40000009536743164
Atlas,1c2e54b3b8df+bench,SVG,instrument-2026-10-07T06-37-50.292Z,points-5000-seed-41544c53,hit,spatial_hit_test_sync_ms,ms,182,0.2999999523162842
Atlas,1c2e54b3b8df+bench,SVG,instrument-2026-10-07T06-37-50.292Z,points-5000-seed-41544c53,hit,spatial_hit_test_sync_ms,ms,183,0.40000009536743164
Atlas,1c2e54b3b8df+bench,SVG,instrument-2026-10-07T06-37-50.292Z,points-5000-seed-41544c53,hit,spatial_hit_test_sync_ms,ms,184,0.2999999523162842
Atlas,1c2e54b3b8df+bench,SVG,instrument-2026-10-07T06-37-50.292Z,points-5000-seed-41544c53,hit,spatial_hit_test_sync_ms,ms,185,0.2999999523162842
Atlas,1c2e54b3b8df+bench,SVG,instrument-2026-10-07T06-37-50.292Z,points-5000-seed-41544c53,hit,spatial_hit_test_sync_ms,ms,186,0.2999999523162842
Atlas,1c2e54b3b8df+bench,SVG,instrument-2026-10-07T06-37-50.292Z,points-5000-seed-41544c53,hit,spatial_hit_test_sync_ms,ms,187,0.40000009536743164
Atlas,1c2e54b3b8df+bench,SVG,instrument-2026-10-07T06-37-50.292Z,points-5000-seed-41544c53,hit,spatial_hit_test_sync_ms,ms,188,0.2999999523162842
Atlas,1c2e54b3b8df+bench,SVG,instrument-2026-10-07T06-37-50.292Z,points-5000-seed-41544c53,hit,spatial_hit_test_sync_ms,ms,189,0.2999999523162842
Atlas,1c2e54b3b8df+bench,SVG,instrument-2026-10-07T06-37-50.292Z,points-5000-seed-41544c53,hit,spatial_hit_test_sync_ms,ms,190,0.3000001907348633
Atlas,1c2e54b3b8df+bench,SVG,instrument-2026-10-07T06-37-50.292Z,points-5000-seed-41544c53,hit,spatial_hit_test_sync_ms,ms,191,0.2999999523162842
Atlas,1c2e54b3b8df+bench,SVG,instrument-2026-10-07T06-37-50.292Z,points-5000-seed-41544c53,hit,spatial_hit_test_sync_ms,ms,192,0.39999985694885254
Atlas,1c2e54b3b8df+bench,SVG,instrument-2026-10-07T06-37-50.292Z,points-5000-seed-41544c53,hit,spatial_hit_test_sync_ms,ms,193,0.3000001907348633
Atlas,1c2e54b3b8df+bench,SVG,instrument-2026-10-07T06-37-50.292Z,points-5000-seed-41544c53,hit,spatial_hit_test_sync_ms,ms,194,0.39999985694885254
Atlas,1c2e54b3b8df+bench,SVG,instrument-2026-10-07T06-37-50.292Z,points-5000-seed-41544c53,hit,spatial_hit_test_sync_ms,ms,195,0.2999999523162842
Atlas,1c2e54b3b8df+bench,SVG,instrument-2026-10-07T06-37-50.292Z,points-5000-seed-41544c53,hit,spatial_hit_test_sync_ms,ms,196,0.3000001907348633
Atlas,1c2e54b3b8df+bench,SVG,instrument-2026-10-07T06-37-50.292Z,points-5000-seed-41544c53,hit,spatial_hit_test_sync_ms,ms,197,0.39999985694885254
Atlas,1c2e54b3b8df+bench,SVG,instrument-2026-10-07T06-37-50.292Z,points-5000-seed-41544c53,hit,spatial_hit_test_sync_ms,ms,198,0.40000009536743164
Atlas,1c2e54b3b8df+bench,SVG,instrument-2026-10-07T06-37-50.292Z,points-5000-seed-41544c53,hit,spatial_hit_test_sync_ms,ms,199,0.20000004768371582
Atlas,1c2e54b3b8df+bench,SVG,instrument-2026-10-07T06-37-50.292Z,points-5000-seed-41544c53,hit,root_iterator_creations,count,0,201
Atlas,1c2e54b3b8df+bench,SVG,instrument-2026-10-07T06-37-50.292Z,points-5000-seed-41544c53,hit,root_iterator_next_calls,count,0,1005001
Atlas,1c2e54b3b8df+bench,SVG,instrument-2026-10-07T06-37-50.292Z,points-5000-seed-41544c53,hit,layout_rect_reads,count,0,0
Atlas,1c2e54b3b8df+bench,SVG,instrument-2026-10-07T06-37-50.292Z,points-5000-seed-41544c53,hit,cleanup_renderer_calls,count,0,0
Atlas,1c2e54b3b8df+bench,SVG,instrument-2026-10-07T06-37-50.292Z,points-5000-seed-41544c53,hit,cleanup_stage_children,count,0,0
Atlas,1c2e54b3b8df+bench,SVG,instrument-2026-10-07T06-37-50.292Z,points-5000-seed-41544c53,miss,spatial_hit_test_sync_ms,ms,0,1.4000000953674316
Atlas,1c2e54b3b8df+bench,SVG,instrument-2026-10-07T06-37-50.292Z,points-5000-seed-41544c53,miss,spatial_hit_test_sync_ms,ms,1,1.0999999046325684
Atlas,1c2e54b3b8df+bench,SVG,instrument-2026-10-07T06-37-50.292Z,points-5000-seed-41544c53,miss,spatial_hit_test_sync_ms,ms,2,1.1000001430511475
Atlas,1c2e54b3b8df+bench,SVG,instrument-2026-10-07T06-37-50.292Z,points-5000-seed-41544c53,miss,spatial_hit_test_sync_ms,ms,3,1.0999999046325684
Atlas,1c2e54b3b8df+bench,SVG,instrument-2026-10-07T06-37-50.292Z,points-5000-seed-41544c53,miss,spatial_hit_test_sync_ms,ms,4,1.1000001430511475
Atlas,1c2e54b3b8df+bench,SVG,instrument-2026-10-07T06-37-50.292Z,points-5000-seed-41544c53,miss,spatial_hit_test_sync_ms,ms,5,1.1999998092651367
Atlas,1c2e54b3b8df+bench,SVG,instrument-2026-10-07T06-37-50.292Z,points-5000-seed-41544c53,miss,spatial_hit_test_sync_ms,ms,6,1.1000001430511475
Atlas,1c2e54b3b8df+bench,SVG,instrument-2026-10-07T06-37-50.292Z,points-5000-seed-41544c53,miss,spatial_hit_test_sync_ms,ms,7,1.0999999046325684
Atlas,1c2e54b3b8df+bench,SVG,instrument-2026-10-07T06-37-50.292Z,points-5000-seed-41544c53,miss,spatial_hit_test_sync_ms,ms,8,1.1000001430511475
Atlas,1c2e54b3b8df+bench,SVG,instrument-2026-10-07T06-37-50.292Z,points-5000-seed-41544c53,miss,spatial_hit_test_sync_ms,ms,9,1.0999999046325684
Atlas,1c2e54b3b8df+bench,SVG,instrument-2026-10-07T06-37-50.292Z,points-5000-seed-41544c53,miss,spatial_hit_test_sync_ms,ms,10,1
Atlas,1c2e54b3b8df+bench,SVG,instrument-2026-10-07T06-37-50.292Z,points-5000-seed-41544c53,miss,spatial_hit_test_sync_ms,ms,11,1.0999999046325684
Atlas,1c2e54b3b8df+bench,SVG,instrument-2026-10-07T06-37-50.292Z,points-5000-seed-41544c53,miss,spatial_hit_test_sync_ms,ms,12,1.1000001430511475
Atlas,1c2e54b3b8df+bench,SVG,instrument-2026-10-07T06-37-50.292Z,points-5000-seed-41544c53,miss,spatial_hit_test_sync_ms,ms,13,1.0999999046325684
Atlas,1c2e54b3b8df+bench,SVG,instrument-2026-10-07T06-37-50.292Z,points-5000-seed-41544c53,miss,spatial_hit_test_sync_ms,ms,14,1
Atlas,1c2e54b3b8df+bench,SVG,instrument-2026-10-07T06-37-50.292Z,points-5000-seed-41544c53,miss,spatial_hit_test_sync_ms,ms,15,1.1000001430511475
Atlas,1c2e54b3b8df+bench,SVG,instrument-2026-10-07T06-37-50.292Z,points-5000-seed-41544c53,miss,spatial_hit_test_sync_ms,ms,16,1.0999999046325684
Atlas,1c2e54b3b8df+bench,SVG,instrument-2026-10-07T06-37-50.292Z,points-5000-seed-41544c53,miss,spatial_hit_test_sync_ms,ms,17,1
Atlas,1c2e54b3b8df+bench,SVG,instrument-2026-10-07T06-37-50.292Z,points-5000-seed-41544c53,miss,spatial_hit_test_sync_ms,ms,18,1.0999999046325684
Atlas,1c2e54b3b8df+bench,SVG,instrument-2026-10-07T06-37-50.292Z,points-5000-seed-41544c53,miss,spatial_hit_test_sync_ms,ms,19,1.1000001430511475
Atlas,1c2e54b3b8df+bench,SVG,instrument-2026-10-07T06-37-50.292Z,points-5000-seed-41544c53,miss,spatial_hit_test_sync_ms,ms,20,1
Atlas,1c2e54b3b8df+bench,SVG,instrument-2026-10-07T06-37-50.292Z,points-5000-seed-41544c53,miss,spatial_hit_test_sync_ms,ms,21,1.2000000476837158
Atlas,1c2e54b3b8df+bench,SVG,instrument-2026-10-07T06-37-50.292Z,points-5000-seed-41544c53,miss,spatial_hit_test_sync_ms,ms,22,1
Atlas,1c2e54b3b8df+bench,SVG,instrument-2026-10-07T06-37-50.292Z,points-5000-seed-41544c53,miss,spatial_hit_test_sync_ms,ms,23,1.0999999046325684
Atlas,1c2e54b3b8df+bench,SVG,instrument-2026-10-07T06-37-50.292Z,points-5000-seed-41544c53,miss,spatial_hit_test_sync_ms,ms,24,1
Atlas,1c2e54b3b8df+bench,SVG,instrument-2026-10-07T06-37-50.292Z,points-5000-seed-41544c53,miss,spatial_hit_test_sync_ms,ms,25,1.0999999046325684
Atlas,1c2e54b3b8df+bench,SVG,instrument-2026-10-07T06-37-50.292Z,points-5000-seed-41544c53,miss,spatial_hit_test_sync_ms,ms,26,1
Atlas,1c2e54b3b8df+bench,SVG,instrument-2026-10-07T06-37-50.292Z,points-5000-seed-41544c53,miss,spatial_hit_test_sync_ms,ms,27,1
Atlas,1c2e54b3b8df+bench,SVG,instrument-2026-10-07T06-37-50.292Z,points-5000-seed-41544c53,miss,spatial_hit_test_sync_ms,ms,28,1.0999999046325684
Atlas,1c2e54b3b8df+bench,SVG,instrument-2026-10-07T06-37-50.292Z,points-5000-seed-41544c53,miss,spatial_hit_test_sync_ms,ms,29,1
Atlas,1c2e54b3b8df+bench,SVG,instrument-2026-10-07T06-37-50.292Z,points-5000-seed-41544c53,miss,spatial_hit_test_sync_ms,ms,30,1
Atlas,1c2e54b3b8df+bench,SVG,instrument-2026-10-07T06-37-50.292Z,points-5000-seed-41544c53,miss,spatial_hit_test_sync_ms,ms,31,1.1000001430511475
Atlas,1c2e54b3b8df+bench,SVG,instrument-2026-10-07T06-37-50.292Z,points-5000-seed-41544c53,miss,spatial_hit_test_sync_ms,ms,32,1
Atlas,1c2e54b3b8df+bench,SVG,instrument-2026-10-07T06-37-50.292Z,points-5000-seed-41544c53,miss,spatial_hit_test_sync_ms,ms,33,1.1999998092651367
Atlas,1c2e54b3b8df+bench,SVG,instrument-2026-10-07T06-37-50.292Z,points-5000-seed-41544c53,miss,spatial_hit_test_sync_ms,ms,34,1
Atlas,1c2e54b3b8df+bench,SVG,instrument-2026-10-07T06-37-50.292Z,points-5000-seed-41544c53,miss,spatial_hit_test_sync_ms,ms,35,1.1000001430511475
Atlas,1c2e54b3b8df+bench,SVG,instrument-2026-10-07T06-37-50.292Z,points-5000-seed-41544c53,miss,spatial_hit_test_sync_ms,ms,36,1
Atlas,1c2e54b3b8df+bench,SVG,instrument-2026-10-07T06-37-50.292Z,points-5000-seed-41544c53,miss,spatial_hit_test_sync_ms,ms,37,1.0999999046325684
Atlas,1c2e54b3b8df+bench,SVG,instrument-2026-10-07T06-37-50.292Z,points-5000-seed-41544c53,miss,spatial_hit_test_sync_ms,ms,38,2.299999952316284
Atlas,1c2e54b3b8df+bench,SVG,instrument-2026-10-07T06-37-50.292Z,points-5000-seed-41544c53,miss,spatial_hit_test_sync_ms,ms,39,1.1000001430511475
Atlas,1c2e54b3b8df+bench,SVG,instrument-2026-10-07T06-37-50.292Z,points-5000-seed-41544c53,miss,spatial_hit_test_sync_ms,ms,40,1.0999999046325684
Atlas,1c2e54b3b8df+bench,SVG,instrument-2026-10-07T06-37-50.292Z,points-5000-seed-41544c53,miss,spatial_hit_test_sync_ms,ms,41,1.1000001430511475
Atlas,1c2e54b3b8df+bench,SVG,instrument-2026-10-07T06-37-50.292Z,points-5000-seed-41544c53,miss,spatial_hit_test_sync_ms,ms,42,1.0999999046325684
Atlas,1c2e54b3b8df+bench,SVG,instrument-2026-10-07T06-37-50.292Z,points-5000-seed-41544c53,miss,spatial_hit_test_sync_ms,ms,43,1.0999999046325684
Atlas,1c2e54b3b8df+bench,SVG,instrument-2026-10-07T06-37-50.292Z,points-5000-seed-41544c53,miss,spatial_hit_test_sync_ms,ms,44,1.1000001430511475
Atlas,1c2e54b3b8df+bench,SVG,instrument-2026-10-07T06-37-50.292Z,points-5000-seed-41544c53,miss,spatial_hit_test_sync_ms,ms,45,1.0999999046325684
Atlas,1c2e54b3b8df+bench,SVG,instrument-2026-10-07T06-37-50.292Z,points-5000-seed-41544c53,miss,spatial_hit_test_sync_ms,ms,46,1.1000001430511475
Atlas,1c2e54b3b8df+bench,SVG,instrument-2026-10-07T06-37-50.292Z,points-5000-seed-41544c53,miss,spatial_hit_test_sync_ms,ms,47,1.0999999046325684
Atlas,1c2e54b3b8df+bench,SVG,instrument-2026-10-07T06-37-50.292Z,points-5000-seed-41544c53,miss,spatial_hit_test_sync_ms,ms,48,1.0999999046325684
Atlas,1c2e54b3b8df+bench,SVG,instrument-2026-10-07T06-37-50.292Z,points-5000-seed-41544c53,miss,spatial_hit_test_sync_ms,ms,49,1.1000001430511475
Atlas,1c2e54b3b8df+bench,SVG,instrument-2026-10-07T06-37-50.292Z,points-5000-seed-41544c53,miss,spatial_hit_test_sync_ms,ms,50,1.2000000476837158
Atlas,1c2e54b3b8df+bench,SVG,instrument-2026-10-07T06-37-50.292Z,points-5000-seed-41544c53,miss,spatial_hit_test_sync_ms,ms,51,1.0999999046325684
Atlas,1c2e54b3b8df+bench,SVG,instrument-2026-10-07T06-37-50.292Z,points-5000-seed-41544c53,miss,spatial_hit_test_sync_ms,ms,52,1.0999999046325684
Atlas,1c2e54b3b8df+bench,SVG,instrument-2026-10-07T06-37-50.292Z,points-5000-seed-41544c53,miss,spatial_hit_test_sync_ms,ms,53,1.1000001430511475
Atlas,1c2e54b3b8df+bench,SVG,instrument-2026-10-07T06-37-50.292Z,points-5000-seed-41544c53,miss,spatial_hit_test_sync_ms,ms,54,1.0999999046325684
Atlas,1c2e54b3b8df+bench,SVG,instrument-2026-10-07T06-37-50.292Z,points-5000-seed-41544c53,miss,spatial_hit_test_sync_ms,ms,55,1
Atlas,1c2e54b3b8df+bench,SVG,instrument-2026-10-07T06-37-50.292Z,points-5000-seed-41544c53,miss,spatial_hit_test_sync_ms,ms,56,1.2000000476837158
Atlas,1c2e54b3b8df+bench,SVG,instrument-2026-10-07T06-37-50.292Z,points-5000-seed-41544c53,miss,spatial_hit_test_sync_ms,ms,57,1.0999999046325684
Atlas,1c2e54b3b8df+bench,SVG,instrument-2026-10-07T06-37-50.292Z,points-5000-seed-41544c53,miss,spatial_hit_test_sync_ms,ms,58,1.1000001430511475
Atlas,1c2e54b3b8df+bench,SVG,instrument-2026-10-07T06-37-50.292Z,points-5000-seed-41544c53,miss,spatial_hit_test_sync_ms,ms,59,1
Atlas,1c2e54b3b8df+bench,SVG,instrument-2026-10-07T06-37-50.292Z,points-5000-seed-41544c53,miss,spatial_hit_test_sync_ms,ms,60,1.2000000476837158
Atlas,1c2e54b3b8df+bench,SVG,instrument-2026-10-07T06-37-50.292Z,points-5000-seed-41544c53,miss,spatial_hit_test_sync_ms,ms,61,1
Atlas,1c2e54b3b8df+bench,SVG,instrument-2026-10-07T06-37-50.292Z,points-5000-seed-41544c53,miss,spatial_hit_test_sync_ms,ms,62,1.0999999046325684
Atlas,1c2e54b3b8df+bench,SVG,instrument-2026-10-07T06-37-50.292Z,points-5000-seed-41544c53,miss,spatial_hit_test_sync_ms,ms,63,1.2000000476837158
Atlas,1c2e54b3b8df+bench,SVG,instrument-2026-10-07T06-37-50.292Z,points-5000-seed-41544c53,miss,spatial_hit_test_sync_ms,ms,64,1.0999999046325684
Atlas,1c2e54b3b8df+bench,SVG,instrument-2026-10-07T06-37-50.292Z,points-5000-seed-41544c53,miss,spatial_hit_test_sync_ms,ms,65,1.1000001430511475
Atlas,1c2e54b3b8df+bench,SVG,instrument-2026-10-07T06-37-50.292Z,points-5000-seed-41544c53,miss,spatial_hit_test_sync_ms,ms,66,1.0999999046325684
Atlas,1c2e54b3b8df+bench,SVG,instrument-2026-10-07T06-37-50.292Z,points-5000-seed-41544c53,miss,spatial_hit_test_sync_ms,ms,67,1.0999999046325684
Atlas,1c2e54b3b8df+bench,SVG,instrument-2026-10-07T06-37-50.292Z,points-5000-seed-41544c53,miss,spatial_hit_test_sync_ms,ms,68,1.1000001430511475
Atlas,1c2e54b3b8df+bench,SVG,instrument-2026-10-07T06-37-50.292Z,points-5000-seed-41544c53,miss,spatial_hit_test_sync_ms,ms,69,1.2000000476837158
Atlas,1c2e54b3b8df+bench,SVG,instrument-2026-10-07T06-37-50.292Z,points-5000-seed-41544c53,miss,spatial_hit_test_sync_ms,ms,70,1
Atlas,1c2e54b3b8df+bench,SVG,instrument-2026-10-07T06-37-50.292Z,points-5000-seed-41544c53,miss,spatial_hit_test_sync_ms,ms,71,1
Atlas,1c2e54b3b8df+bench,SVG,instrument-2026-10-07T06-37-50.292Z,points-5000-seed-41544c53,miss,spatial_hit_test_sync_ms,ms,72,1.1999998092651367
Atlas,1c2e54b3b8df+bench,SVG,instrument-2026-10-07T06-37-50.292Z,points-5000-seed-41544c53,miss,spatial_hit_test_sync_ms,ms,73,1.1000001430511475
Atlas,1c2e54b3b8df+bench,SVG,instrument-2026-10-07T06-37-50.292Z,points-5000-seed-41544c53,miss,spatial_hit_test_sync_ms,ms,74,1.0999999046325684
Atlas,1c2e54b3b8df+bench,SVG,instrument-2026-10-07T06-37-50.292Z,points-5000-seed-41544c53,miss,spatial_hit_test_sync_ms,ms,75,1.1000001430511475
Atlas,1c2e54b3b8df+bench,SVG,instrument-2026-10-07T06-37-50.292Z,points-5000-seed-41544c53,miss,spatial_hit_test_sync_ms,ms,76,1
Atlas,1c2e54b3b8df+bench,SVG,instrument-2026-10-07T06-37-50.292Z,points-5000-seed-41544c53,miss,spatial_hit_test_sync_ms,ms,77,1.1999998092651367
Atlas,1c2e54b3b8df+bench,SVG,instrument-2026-10-07T06-37-50.292Z,points-5000-seed-41544c53,miss,spatial_hit_test_sync_ms,ms,78,1
Atlas,1c2e54b3b8df+bench,SVG,instrument-2026-10-07T06-37-50.292Z,points-5000-seed-41544c53,miss,spatial_hit_test_sync_ms,ms,79,1.2000000476837158
Atlas,1c2e54b3b8df+bench,SVG,instrument-2026-10-07T06-37-50.292Z,points-5000-seed-41544c53,miss,spatial_hit_test_sync_ms,ms,80,1.2000000476837158
Atlas,1c2e54b3b8df+bench,SVG,instrument-2026-10-07T06-37-50.292Z,points-5000-seed-41544c53,miss,spatial_hit_test_sync_ms,ms,81,1.2999999523162842
Atlas,1c2e54b3b8df+bench,SVG,instrument-2026-10-07T06-37-50.292Z,points-5000-seed-41544c53,miss,spatial_hit_test_sync_ms,ms,82,1.2000000476837158
Atlas,1c2e54b3b8df+bench,SVG,instrument-2026-10-07T06-37-50.292Z,points-5000-seed-41544c53,miss,spatial_hit_test_sync_ms,ms,83,1.2000000476837158
Atlas,1c2e54b3b8df+bench,SVG,instrument-2026-10-07T06-37-50.292Z,points-5000-seed-41544c53,miss,spatial_hit_test_sync_ms,ms,84,1.2999999523162842
Atlas,1c2e54b3b8df+bench,SVG,instrument-2026-10-07T06-37-50.292Z,points-5000-seed-41544c53,miss,spatial_hit_test_sync_ms,ms,85,1.2000000476837158
Atlas,1c2e54b3b8df+bench,SVG,instrument-2026-10-07T06-37-50.292Z,points-5000-seed-41544c53,miss,spatial_hit_test_sync_ms,ms,86,3.0999999046325684
Atlas,1c2e54b3b8df+bench,SVG,instrument-2026-10-07T06-37-50.292Z,points-5000-seed-41544c53,miss,spatial_hit_test_sync_ms,ms,87,1.1000001430511475
Atlas,1c2e54b3b8df+bench,SVG,instrument-2026-10-07T06-37-50.292Z,points-5000-seed-41544c53,miss,spatial_hit_test_sync_ms,ms,88,1.0999999046325684
Atlas,1c2e54b3b8df+bench,SVG,instrument-2026-10-07T06-37-50.292Z,points-5000-seed-41544c53,miss,spatial_hit_test_sync_ms,ms,89,1.0999999046325684
Atlas,1c2e54b3b8df+bench,SVG,instrument-2026-10-07T06-37-50.292Z,points-5000-seed-41544c53,miss,spatial_hit_test_sync_ms,ms,90,1
Atlas,1c2e54b3b8df+bench,SVG,instrument-2026-10-07T06-37-50.292Z,points-5000-seed-41544c53,miss,spatial_hit_test_sync_ms,ms,91,1.2000000476837158
Atlas,1c2e54b3b8df+bench,SVG,instrument-2026-10-07T06-37-50.292Z,points-5000-seed-41544c53,miss,spatial_hit_test_sync_ms,ms,92,1
Atlas,1c2e54b3b8df+bench,SVG,instrument-2026-10-07T06-37-50.292Z,points-5000-seed-41544c53,miss,spatial_hit_test_sync_ms,ms,93,1.1000001430511475
Atlas,1c2e54b3b8df+bench,SVG,instrument-2026-10-07T06-37-50.292Z,points-5000-seed-41544c53,miss,spatial_hit_test_sync_ms,ms,94,1.1999998092651367
Atlas,1c2e54b3b8df+bench,SVG,instrument-2026-10-07T06-37-50.292Z,points-5000-seed-41544c53,miss,spatial_hit_test_sync_ms,ms,95,1
Atlas,1c2e54b3b8df+bench,SVG,instrument-2026-10-07T06-37-50.292Z,points-5000-seed-41544c53,miss,spatial_hit_test_sync_ms,ms,96,1.1000001430511475
Atlas,1c2e54b3b8df+bench,SVG,instrument-2026-10-07T06-37-50.292Z,points-5000-seed-41544c53,miss,spatial_hit_test_sync_ms,ms,97,1.0999999046325684
Atlas,1c2e54b3b8df+bench,SVG,instrument-2026-10-07T06-37-50.292Z,points-5000-seed-41544c53,miss,spatial_hit_test_sync_ms,ms,98,1.1000001430511475
Atlas,1c2e54b3b8df+bench,SVG,instrument-2026-10-07T06-37-50.292Z,points-5000-seed-41544c53,miss,spatial_hit_test_sync_ms,ms,99,1
Atlas,1c2e54b3b8df+bench,SVG,instrument-2026-10-07T06-37-50.292Z,points-5000-seed-41544c53,miss,spatial_hit_test_sync_ms,ms,100,1.0999999046325684
Atlas,1c2e54b3b8df+bench,SVG,instrument-2026-10-07T06-37-50.292Z,points-5000-seed-41544c53,miss,spatial_hit_test_sync_ms,ms,101,1.0999999046325684
Atlas,1c2e54b3b8df+bench,SVG,instrument-2026-10-07T06-37-50.292Z,points-5000-seed-41544c53,miss,spatial_hit_test_sync_ms,ms,102,1.1000001430511475
Atlas,1c2e54b3b8df+bench,SVG,instrument-2026-10-07T06-37-50.292Z,points-5000-seed-41544c53,miss,spatial_hit_test_sync_ms,ms,103,1.0999999046325684
Atlas,1c2e54b3b8df+bench,SVG,instrument-2026-10-07T06-37-50.292Z,points-5000-seed-41544c53,miss,spatial_hit_test_sync_ms,ms,104,1
Atlas,1c2e54b3b8df+bench,SVG,instrument-2026-10-07T06-37-50.292Z,points-5000-seed-41544c53,miss,spatial_hit_test_sync_ms,ms,105,1.1000001430511475
Atlas,1c2e54b3b8df+bench,SVG,instrument-2026-10-07T06-37-50.292Z,points-5000-seed-41544c53,miss,spatial_hit_test_sync_ms,ms,106,1.0999999046325684
Atlas,1c2e54b3b8df+bench,SVG,instrument-2026-10-07T06-37-50.292Z,points-5000-seed-41544c53,miss,spatial_hit_test_sync_ms,ms,107,1.0999999046325684
Atlas,1c2e54b3b8df+bench,SVG,instrument-2026-10-07T06-37-50.292Z,points-5000-seed-41544c53,miss,spatial_hit_test_sync_ms,ms,108,1.1000001430511475
Atlas,1c2e54b3b8df+bench,SVG,instrument-2026-10-07T06-37-50.292Z,points-5000-seed-41544c53,miss,spatial_hit_test_sync_ms,ms,109,1.0999999046325684
Atlas,1c2e54b3b8df+bench,SVG,instrument-2026-10-07T06-37-50.292Z,points-5000-seed-41544c53,miss,spatial_hit_test_sync_ms,ms,110,1.1000001430511475
Atlas,1c2e54b3b8df+bench,SVG,instrument-2026-10-07T06-37-50.292Z,points-5000-seed-41544c53,miss,spatial_hit_test_sync_ms,ms,111,1.0999999046325684
Atlas,1c2e54b3b8df+bench,SVG,instrument-2026-10-07T06-37-50.292Z,points-5000-seed-41544c53,miss,spatial_hit_test_sync_ms,ms,112,1.0999999046325684
Atlas,1c2e54b3b8df+bench,SVG,instrument-2026-10-07T06-37-50.292Z,points-5000-seed-41544c53,miss,spatial_hit_test_sync_ms,ms,113,1
Atlas,1c2e54b3b8df+bench,SVG,instrument-2026-10-07T06-37-50.292Z,points-5000-seed-41544c53,miss,spatial_hit_test_sync_ms,ms,114,1.1000001430511475
Atlas,1c2e54b3b8df+bench,SVG,instrument-2026-10-07T06-37-50.292Z,points-5000-seed-41544c53,miss,spatial_hit_test_sync_ms,ms,115,1.0999999046325684
Atlas,1c2e54b3b8df+bench,SVG,instrument-2026-10-07T06-37-50.292Z,points-5000-seed-41544c53,miss,spatial_hit_test_sync_ms,ms,116,1
Atlas,1c2e54b3b8df+bench,SVG,instrument-2026-10-07T06-37-50.292Z,points-5000-seed-41544c53,miss,spatial_hit_test_sync_ms,ms,117,1.2000000476837158
Atlas,1c2e54b3b8df+bench,SVG,instrument-2026-10-07T06-37-50.292Z,points-5000-seed-41544c53,miss,spatial_hit_test_sync_ms,ms,118,1.0999999046325684
Atlas,1c2e54b3b8df+bench,SVG,instrument-2026-10-07T06-37-50.292Z,points-5000-seed-41544c53,miss,spatial_hit_test_sync_ms,ms,119,0.9000000953674316
Atlas,1c2e54b3b8df+bench,SVG,instrument-2026-10-07T06-37-50.292Z,points-5000-seed-41544c53,miss,spatial_hit_test_sync_ms,ms,120,1.0999999046325684
Atlas,1c2e54b3b8df+bench,SVG,instrument-2026-10-07T06-37-50.292Z,points-5000-seed-41544c53,miss,spatial_hit_test_sync_ms,ms,121,1.2000000476837158
Atlas,1c2e54b3b8df+bench,SVG,instrument-2026-10-07T06-37-50.292Z,points-5000-seed-41544c53,miss,spatial_hit_test_sync_ms,ms,122,1.1000001430511475
Atlas,1c2e54b3b8df+bench,SVG,instrument-2026-10-07T06-37-50.292Z,points-5000-seed-41544c53,miss,spatial_hit_test_sync_ms,ms,123,1.0999999046325684
Atlas,1c2e54b3b8df+bench,SVG,instrument-2026-10-07T06-37-50.292Z,points-5000-seed-41544c53,miss,spatial_hit_test_sync_ms,ms,124,1.0999999046325684
Atlas,1c2e54b3b8df+bench,SVG,instrument-2026-10-07T06-37-50.292Z,points-5000-seed-41544c53,miss,spatial_hit_test_sync_ms,ms,125,1.1000001430511475
Atlas,1c2e54b3b8df+bench,SVG,instrument-2026-10-07T06-37-50.292Z,points-5000-seed-41544c53,miss,spatial_hit_test_sync_ms,ms,126,1
Atlas,1c2e54b3b8df+bench,SVG,instrument-2026-10-07T06-37-50.292Z,points-5000-seed-41544c53,miss,spatial_hit_test_sync_ms,ms,127,1.0999999046325684
Atlas,1c2e54b3b8df+bench,SVG,instrument-2026-10-07T06-37-50.292Z,points-5000-seed-41544c53,miss,spatial_hit_test_sync_ms,ms,128,1.1000001430511475
Atlas,1c2e54b3b8df+bench,SVG,instrument-2026-10-07T06-37-50.292Z,points-5000-seed-41544c53,miss,spatial_hit_test_sync_ms,ms,129,1
Atlas,1c2e54b3b8df+bench,SVG,instrument-2026-10-07T06-37-50.292Z,points-5000-seed-41544c53,miss,spatial_hit_test_sync_ms,ms,130,1.0999999046325684
Atlas,1c2e54b3b8df+bench,SVG,instrument-2026-10-07T06-37-50.292Z,points-5000-seed-41544c53,miss,spatial_hit_test_sync_ms,ms,131,1.0999999046325684
Atlas,1c2e54b3b8df+bench,SVG,instrument-2026-10-07T06-37-50.292Z,points-5000-seed-41544c53,miss,spatial_hit_test_sync_ms,ms,132,1.1000001430511475
Atlas,1c2e54b3b8df+bench,SVG,instrument-2026-10-07T06-37-50.292Z,points-5000-seed-41544c53,miss,spatial_hit_test_sync_ms,ms,133,1.0999999046325684
Atlas,1c2e54b3b8df+bench,SVG,instrument-2026-10-07T06-37-50.292Z,points-5000-seed-41544c53,miss,spatial_hit_test_sync_ms,ms,134,1
Atlas,1c2e54b3b8df+bench,SVG,instrument-2026-10-07T06-37-50.292Z,points-5000-seed-41544c53,miss,spatial_hit_test_sync_ms,ms,135,1.1000001430511475
Atlas,1c2e54b3b8df+bench,SVG,instrument-2026-10-07T06-37-50.292Z,points-5000-seed-41544c53,miss,spatial_hit_test_sync_ms,ms,136,1.1999998092651367
Atlas,1c2e54b3b8df+bench,SVG,instrument-2026-10-07T06-37-50.292Z,points-5000-seed-41544c53,miss,spatial_hit_test_sync_ms,ms,137,1
Atlas,1c2e54b3b8df+bench,SVG,instrument-2026-10-07T06-37-50.292Z,points-5000-seed-41544c53,miss,spatial_hit_test_sync_ms,ms,138,1.1000001430511475
Atlas,1c2e54b3b8df+bench,SVG,instrument-2026-10-07T06-37-50.292Z,points-5000-seed-41544c53,miss,spatial_hit_test_sync_ms,ms,139,1.2999999523162842
Atlas,1c2e54b3b8df+bench,SVG,instrument-2026-10-07T06-37-50.292Z,points-5000-seed-41544c53,miss,spatial_hit_test_sync_ms,ms,140,1.0999999046325684
Atlas,1c2e54b3b8df+bench,SVG,instrument-2026-10-07T06-37-50.292Z,points-5000-seed-41544c53,miss,spatial_hit_test_sync_ms,ms,141,1
Atlas,1c2e54b3b8df+bench,SVG,instrument-2026-10-07T06-37-50.292Z,points-5000-seed-41544c53,miss,spatial_hit_test_sync_ms,ms,142,1.1000001430511475
Atlas,1c2e54b3b8df+bench,SVG,instrument-2026-10-07T06-37-50.292Z,points-5000-seed-41544c53,miss,spatial_hit_test_sync_ms,ms,143,1.0999999046325684
Atlas,1c2e54b3b8df+bench,SVG,instrument-2026-10-07T06-37-50.292Z,points-5000-seed-41544c53,miss,spatial_hit_test_sync_ms,ms,144,1.1000001430511475
Atlas,1c2e54b3b8df+bench,SVG,instrument-2026-10-07T06-37-50.292Z,points-5000-seed-41544c53,miss,spatial_hit_test_sync_ms,ms,145,1
Atlas,1c2e54b3b8df+bench,SVG,instrument-2026-10-07T06-37-50.292Z,points-5000-seed-41544c53,miss,spatial_hit_test_sync_ms,ms,146,1.1999998092651367
Atlas,1c2e54b3b8df+bench,SVG,instrument-2026-10-07T06-37-50.292Z,points-5000-seed-41544c53,miss,spatial_hit_test_sync_ms,ms,147,1
Atlas,1c2e54b3b8df+bench,SVG,instrument-2026-10-07T06-37-50.292Z,points-5000-seed-41544c53,miss,spatial_hit_test_sync_ms,ms,148,1
Atlas,1c2e54b3b8df+bench,SVG,instrument-2026-10-07T06-37-50.292Z,points-5000-seed-41544c53,miss,spatial_hit_test_sync_ms,ms,149,1.2000000476837158
Atlas,1c2e54b3b8df+bench,SVG,instrument-2026-10-07T06-37-50.292Z,points-5000-seed-41544c53,miss,spatial_hit_test_sync_ms,ms,150,1
Atlas,1c2e54b3b8df+bench,SVG,instrument-2026-10-07T06-37-50.292Z,points-5000-seed-41544c53,miss,spatial_hit_test_sync_ms,ms,151,1.1000001430511475
Atlas,1c2e54b3b8df+bench,SVG,instrument-2026-10-07T06-37-50.292Z,points-5000-seed-41544c53,miss,spatial_hit_test_sync_ms,ms,152,1
Atlas,1c2e54b3b8df+bench,SVG,instrument-2026-10-07T06-37-50.292Z,points-5000-seed-41544c53,miss,spatial_hit_test_sync_ms,ms,153,1.0999999046325684
Atlas,1c2e54b3b8df+bench,SVG,instrument-2026-10-07T06-37-50.292Z,points-5000-seed-41544c53,miss,spatial_hit_test_sync_ms,ms,154,1.2000000476837158
Atlas,1c2e54b3b8df+bench,SVG,instrument-2026-10-07T06-37-50.292Z,points-5000-seed-41544c53,miss,spatial_hit_test_sync_ms,ms,155,1.0999999046325684
Atlas,1c2e54b3b8df+bench,SVG,instrument-2026-10-07T06-37-50.292Z,points-5000-seed-41544c53,miss,spatial_hit_test_sync_ms,ms,156,1.1000001430511475
Atlas,1c2e54b3b8df+bench,SVG,instrument-2026-10-07T06-37-50.292Z,points-5000-seed-41544c53,miss,spatial_hit_test_sync_ms,ms,157,1
Atlas,1c2e54b3b8df+bench,SVG,instrument-2026-10-07T06-37-50.292Z,points-5000-seed-41544c53,miss,spatial_hit_test_sync_ms,ms,158,1.0999999046325684
Atlas,1c2e54b3b8df+bench,SVG,instrument-2026-10-07T06-37-50.292Z,points-5000-seed-41544c53,miss,spatial_hit_test_sync_ms,ms,159,1.0999999046325684
Atlas,1c2e54b3b8df+bench,SVG,instrument-2026-10-07T06-37-50.292Z,points-5000-seed-41544c53,miss,spatial_hit_test_sync_ms,ms,160,1.1000001430511475
Atlas,1c2e54b3b8df+bench,SVG,instrument-2026-10-07T06-37-50.292Z,points-5000-seed-41544c53,miss,spatial_hit_test_sync_ms,ms,161,1.0999999046325684
Atlas,1c2e54b3b8df+bench,SVG,instrument-2026-10-07T06-37-50.292Z,points-5000-seed-41544c53,miss,spatial_hit_test_sync_ms,ms,162,1.1000001430511475
Atlas,1c2e54b3b8df+bench,SVG,instrument-2026-10-07T06-37-50.292Z,points-5000-seed-41544c53,miss,spatial_hit_test_sync_ms,ms,163,1
Atlas,1c2e54b3b8df+bench,SVG,instrument-2026-10-07T06-37-50.292Z,points-5000-seed-41544c53,miss,spatial_hit_test_sync_ms,ms,164,1
Atlas,1c2e54b3b8df+bench,SVG,instrument-2026-10-07T06-37-50.292Z,points-5000-seed-41544c53,miss,spatial_hit_test_sync_ms,ms,165,1.1999998092651367
Atlas,1c2e54b3b8df+bench,SVG,instrument-2026-10-07T06-37-50.292Z,points-5000-seed-41544c53,miss,spatial_hit_test_sync_ms,ms,166,1
Atlas,1c2e54b3b8df+bench,SVG,instrument-2026-10-07T06-37-50.292Z,points-5000-seed-41544c53,miss,spatial_hit_test_sync_ms,ms,167,1.1000001430511475
Atlas,1c2e54b3b8df+bench,SVG,instrument-2026-10-07T06-37-50.292Z,points-5000-seed-41544c53,miss,spatial_hit_test_sync_ms,ms,168,1
Atlas,1c2e54b3b8df+bench,SVG,instrument-2026-10-07T06-37-50.292Z,points-5000-seed-41544c53,miss,spatial_hit_test_sync_ms,ms,169,1.0999999046325684
Atlas,1c2e54b3b8df+bench,SVG,instrument-2026-10-07T06-37-50.292Z,points-5000-seed-41544c53,miss,spatial_hit_test_sync_ms,ms,170,1.2000000476837158
Atlas,1c2e54b3b8df+bench,SVG,instrument-2026-10-07T06-37-50.292Z,points-5000-seed-41544c53,miss,spatial_hit_test_sync_ms,ms,171,1.0999999046325684
Atlas,1c2e54b3b8df+bench,SVG,instrument-2026-10-07T06-37-50.292Z,points-5000-seed-41544c53,miss,spatial_hit_test_sync_ms,ms,172,1.1000001430511475
Atlas,1c2e54b3b8df+bench,SVG,instrument-2026-10-07T06-37-50.292Z,points-5000-seed-41544c53,miss,spatial_hit_test_sync_ms,ms,173,1.0999999046325684
Atlas,1c2e54b3b8df+bench,SVG,instrument-2026-10-07T06-37-50.292Z,points-5000-seed-41544c53,miss,spatial_hit_test_sync_ms,ms,174,1
Atlas,1c2e54b3b8df+bench,SVG,instrument-2026-10-07T06-37-50.292Z,points-5000-seed-41544c53,miss,spatial_hit_test_sync_ms,ms,175,1
Atlas,1c2e54b3b8df+bench,SVG,instrument-2026-10-07T06-37-50.292Z,points-5000-seed-41544c53,miss,spatial_hit_test_sync_ms,ms,176,1.1000001430511475
Atlas,1c2e54b3b8df+bench,SVG,instrument-2026-10-07T06-37-50.292Z,points-5000-seed-41544c53,miss,spatial_hit_test_sync_ms,ms,177,1.0999999046325684
Atlas,1c2e54b3b8df+bench,SVG,instrument-2026-10-07T06-37-50.292Z,points-5000-seed-41544c53,miss,spatial_hit_test_sync_ms,ms,178,1
Atlas,1c2e54b3b8df+bench,SVG,instrument-2026-10-07T06-37-50.292Z,points-5000-seed-41544c53,miss,spatial_hit_test_sync_ms,ms,179,1.0999999046325684
Atlas,1c2e54b3b8df+bench,SVG,instrument-2026-10-07T06-37-50.292Z,points-5000-seed-41544c53,miss,spatial_hit_test_sync_ms,ms,180,1.1000001430511475
Atlas,1c2e54b3b8df+bench,SVG,instrument-2026-10-07T06-37-50.292Z,points-5000-seed-41544c53,miss,spatial_hit_test_sync_ms,ms,181,1.0999999046325684
Atlas,1c2e54b3b8df+bench,SVG,instrument-2026-10-07T06-37-50.292Z,points-5000-seed-41544c53,miss,spatial_hit_test_sync_ms,ms,182,1.1000001430511475
Atlas,1c2e54b3b8df+bench,SVG,instrument-2026-10-07T06-37-50.292Z,points-5000-seed-41544c53,miss,spatial_hit_test_sync_ms,ms,183,1.0999999046325684
Atlas,1c2e54b3b8df+bench,SVG,instrument-2026-10-07T06-37-50.292Z,points-5000-seed-41544c53,miss,spatial_hit_test_sync_ms,ms,184,1
Atlas,1c2e54b3b8df+bench,SVG,instrument-2026-10-07T06-37-50.292Z,points-5000-seed-41544c53,miss,spatial_hit_test_sync_ms,ms,185,1.2000000476837158
Atlas,1c2e54b3b8df+bench,SVG,instrument-2026-10-07T06-37-50.292Z,points-5000-seed-41544c53,miss,spatial_hit_test_sync_ms,ms,186,1
Atlas,1c2e54b3b8df+bench,SVG,instrument-2026-10-07T06-37-50.292Z,points-5000-seed-41544c53,miss,spatial_hit_test_sync_ms,ms,187,1.0999999046325684
Atlas,1c2e54b3b8df+bench,SVG,instrument-2026-10-07T06-37-50.292Z,points-5000-seed-41544c53,miss,spatial_hit_test_sync_ms,ms,188,1.1000001430511475
Atlas,1c2e54b3b8df+bench,SVG,instrument-2026-10-07T06-37-50.292Z,points-5000-seed-41544c53,miss,spatial_hit_test_sync_ms,ms,189,1.0999999046325684
Atlas,1c2e54b3b8df+bench,SVG,instrument-2026-10-07T06-37-50.292Z,points-5000-seed-41544c53,miss,spatial_hit_test_sync_ms,ms,190,1.0999999046325684
Atlas,1c2e54b3b8df+bench,SVG,instrument-2026-10-07T06-37-50.292Z,points-5000-seed-41544c53,miss,spatial_hit_test_sync_ms,ms,191,1.1000001430511475
Atlas,1c2e54b3b8df+bench,SVG,instrument-2026-10-07T06-37-50.292Z,points-5000-seed-41544c53,miss,spatial_hit_test_sync_ms,ms,192,1
Atlas,1c2e54b3b8df+bench,SVG,instrument-2026-10-07T06-37-50.292Z,points-5000-seed-41544c53,miss,spatial_hit_test_sync_ms,ms,193,1.2000000476837158
Atlas,1c2e54b3b8df+bench,SVG,instrument-2026-10-07T06-37-50.292Z,points-5000-seed-41544c53,miss,spatial_hit_test_sync_ms,ms,194,1.0999999046325684
Atlas,1c2e54b3b8df+bench,SVG,instrument-2026-10-07T06-37-50.292Z,points-5000-seed-41544c53,miss,spatial_hit_test_sync_ms,ms,195,1
Atlas,1c2e54b3b8df+bench,SVG,instrument-2026-10-07T06-37-50.292Z,points-5000-seed-41544c53,miss,spatial_hit_test_sync_ms,ms,196,1.0999999046325684
Atlas,1c2e54b3b8df+bench,SVG,instrument-2026-10-07T06-37-50.292Z,points-5000-seed-41544c53,miss,spatial_hit_test_sync_ms,ms,197,1
Atlas,1c2e54b3b8df+bench,SVG,instrument-2026-10-07T06-37-50.292Z,points-5000-seed-41544c53,miss,spatial_hit_test_sync_ms,ms,198,1.2000000476837158
Atlas,1c2e54b3b8df+bench,SVG,instrument-2026-10-07T06-37-50.292Z,points-5000-seed-41544c53,miss,spatial_hit_test_sync_ms,ms,199,1
Atlas,1c2e54b3b8df+bench,SVG,instrument-2026-10-07T06-37-50.292Z,points-5000-seed-41544c53,miss,root_iterator_creations,count,0,201
Atlas,1c2e54b3b8df+bench,SVG,instrument-2026-10-07T06-37-50.292Z,points-5000-seed-41544c53,miss,root_iterator_next_calls,count,0,1005001
Atlas,1c2e54b3b8df+bench,SVG,instrument-2026-10-07T06-37-50.292Z,points-5000-seed-41544c53,miss,layout_rect_reads,count,0,0
Atlas,1c2e54b3b8df+bench,SVG,instrument-2026-10-07T06-37-50.292Z,points-5000-seed-41544c53,miss,cleanup_renderer_calls,count,0,0
Atlas,1c2e54b3b8df+bench,SVG,instrument-2026-10-07T06-37-50.292Z,points-5000-seed-41544c53,miss,cleanup_stage_children,count,0,0
Atlas,1c2e54b3b8df+bench,SVG,instrument-2026-10-07T06-37-50.292Z,points-5000-seed-41544c53,position-single,operation_sync_ms,ms,0,0
Atlas,1c2e54b3b8df+bench,SVG,instrument-2026-10-07T06-37-50.292Z,points-5000-seed-41544c53,position-single,operation_to_raf_opportunities_ms,ms,0,35
Atlas,1c2e54b3b8df+bench,SVG,instrument-2026-10-07T06-37-50.292Z,points-5000-seed-41544c53,position-single,root_iterator_creations,count,0,2
Atlas,1c2e54b3b8df+bench,SVG,instrument-2026-10-07T06-37-50.292Z,points-5000-seed-41544c53,position-single,root_iterator_next_calls,count,0,10001
Atlas,1c2e54b3b8df+bench,SVG,instrument-2026-10-07T06-37-50.292Z,points-5000-seed-41544c53,position-single,svg_attribute_writes,count,0,10003
Atlas,1c2e54b3b8df+bench,SVG,instrument-2026-10-07T06-37-50.292Z,points-5000-seed-41544c53,position-single,renderer_scene_reads,count,0,1
Atlas,1c2e54b3b8df+bench,SVG,instrument-2026-10-07T06-37-50.292Z,points-5000-seed-41544c53,position-single,svg_attribute_removals,count,0,5000
Atlas,1c2e54b3b8df+bench,SVG,instrument-2026-10-07T06-37-50.292Z,points-5000-seed-41544c53,position-single,renderer_calls,count,0,1
Atlas,1c2e54b3b8df+bench,SVG,instrument-2026-10-07T06-37-50.292Z,points-5000-seed-41544c53,position-single,layout_rect_reads,count,0,0
Atlas,1c2e54b3b8df+bench,SVG,instrument-2026-10-07T06-37-50.292Z,points-5000-seed-41544c53,position-single,instrumented_renderer_callback_ms,ms,0,5.299999952316284
Atlas,1c2e54b3b8df+bench,SVG,instrument-2026-10-07T06-37-50.292Z,points-5000-seed-41544c53,position-single,cleanup_renderer_calls,count,0,0
Atlas,1c2e54b3b8df+bench,SVG,instrument-2026-10-07T06-37-50.292Z,points-5000-seed-41544c53,position-single,cleanup_stage_children,count,0,0
Atlas,1c2e54b3b8df+bench,SVG,instrument-2026-10-07T06-37-50.292Z,points-5000-seed-41544c53,position-series,operation_sync_ms,ms,0,0.09999990463256836
Atlas,1c2e54b3b8df+bench,SVG,instrument-2026-10-07T06-37-50.292Z,points-5000-seed-41544c53,position-series,operation_to_raf_opportunities_ms,ms,0,33.59999990463257
Atlas,1c2e54b3b8df+bench,SVG,instrument-2026-10-07T06-37-50.292Z,points-5000-seed-41544c53,position-series,root_iterator_creations,count,0,2
Atlas,1c2e54b3b8df+bench,SVG,instrument-2026-10-07T06-37-50.292Z,points-5000-seed-41544c53,position-series,root_iterator_next_calls,count,0,10001
Atlas,1c2e54b3b8df+bench,SVG,instrument-2026-10-07T06-37-50.292Z,points-5000-seed-41544c53,position-series,svg_attribute_writes,count,0,10003
Atlas,1c2e54b3b8df+bench,SVG,instrument-2026-10-07T06-37-50.292Z,points-5000-seed-41544c53,position-series,renderer_scene_reads,count,0,1
Atlas,1c2e54b3b8df+bench,SVG,instrument-2026-10-07T06-37-50.292Z,points-5000-seed-41544c53,position-series,svg_attribute_removals,count,0,5000
Atlas,1c2e54b3b8df+bench,SVG,instrument-2026-10-07T06-37-50.292Z,points-5000-seed-41544c53,position-series,renderer_calls,count,0,1
Atlas,1c2e54b3b8df+bench,SVG,instrument-2026-10-07T06-37-50.292Z,points-5000-seed-41544c53,position-series,layout_rect_reads,count,0,0
Atlas,1c2e54b3b8df+bench,SVG,instrument-2026-10-07T06-37-50.292Z,points-5000-seed-41544c53,position-series,instrumented_renderer_callback_ms,ms,0,5.299999952316284
Atlas,1c2e54b3b8df+bench,SVG,instrument-2026-10-07T06-37-50.292Z,points-5000-seed-41544c53,position-series,cleanup_renderer_calls,count,0,0
Atlas,1c2e54b3b8df+bench,SVG,instrument-2026-10-07T06-37-50.292Z,points-5000-seed-41544c53,position-series,cleanup_stage_children,count,0,0
Atlas,1c2e54b3b8df+bench,SVG,instrument-2026-10-07T06-37-50.292Z,points-5000-seed-41544c53,add-100,operation_sync_ms,ms,0,49.700000047683716
Atlas,1c2e54b3b8df+bench,SVG,instrument-2026-10-07T06-37-50.292Z,points-5000-seed-41544c53,add-100,cumulative_operation_ms,ms,100,49.700000047683716
Atlas,1c2e54b3b8df+bench,SVG,instrument-2026-10-07T06-37-50.292Z,points-5000-seed-41544c53,add-100,operation_to_raf_opportunities_ms,ms,0,76.60000014305115
Atlas,1c2e54b3b8df+bench,SVG,instrument-2026-10-07T06-37-50.292Z,points-5000-seed-41544c53,add-100,root_iterator_creations,count,0,103
Atlas,1c2e54b3b8df+bench,SVG,instrument-2026-10-07T06-37-50.292Z,points-5000-seed-41544c53,add-100,root_iterator_next_calls,count,0,515152
Atlas,1c2e54b3b8df+bench,SVG,instrument-2026-10-07T06-37-50.292Z,points-5000-seed-41544c53,add-100,svg_attribute_writes,count,0,10803
Atlas,1c2e54b3b8df+bench,SVG,instrument-2026-10-07T06-37-50.292Z,points-5000-seed-41544c53,add-100,renderer_scene_reads,count,0,1
Atlas,1c2e54b3b8df+bench,SVG,instrument-2026-10-07T06-37-50.292Z,points-5000-seed-41544c53,add-100,renderer_scene_membership_changes,count,0,1
Atlas,1c2e54b3b8df+bench,SVG,instrument-2026-10-07T06-37-50.292Z,points-5000-seed-41544c53,add-100,svg_attribute_removals,count,0,5100
Atlas,1c2e54b3b8df+bench,SVG,instrument-2026-10-07T06-37-50.292Z,points-5000-seed-41544c53,add-100,renderer_calls,count,0,1
Atlas,1c2e54b3b8df+bench,SVG,instrument-2026-10-07T06-37-50.292Z,points-5000-seed-41544c53,add-100,layout_rect_reads,count,0,0
Atlas,1c2e54b3b8df+bench,SVG,instrument-2026-10-07T06-37-50.292Z,points-5000-seed-41544c53,add-100,instrumented_renderer_callback_ms,ms,0,6.5
Atlas,1c2e54b3b8df+bench,SVG,instrument-2026-10-07T06-37-50.292Z,points-5000-seed-41544c53,add-100,cleanup_renderer_calls,count,0,0
Atlas,1c2e54b3b8df+bench,SVG,instrument-2026-10-07T06-37-50.292Z,points-5000-seed-41544c53,add-100,cleanup_stage_children,count,0,0
Atlas,1c2e54b3b8df+bench,SVG,instrument-2026-10-07T06-37-50.292Z,points-5000-seed-41544c53,add-500,operation_sync_ms,ms,0,219.79999995231628
Atlas,1c2e54b3b8df+bench,SVG,instrument-2026-10-07T06-37-50.292Z,points-5000-seed-41544c53,add-500,cumulative_operation_ms,ms,100,47.40000009536743
Atlas,1c2e54b3b8df+bench,SVG,instrument-2026-10-07T06-37-50.292Z,points-5000-seed-41544c53,add-500,cumulative_operation_ms,ms,200,89.29999995231628
Atlas,1c2e54b3b8df+bench,SVG,instrument-2026-10-07T06-37-50.292Z,points-5000-seed-41544c53,add-500,cumulative_operation_ms,ms,300,132.29999995231628
Atlas,1c2e54b3b8df+bench,SVG,instrument-2026-10-07T06-37-50.292Z,points-5000-seed-41544c53,add-500,cumulative_operation_ms,ms,400,175.79999995231628
Atlas,1c2e54b3b8df+bench,SVG,instrument-2026-10-07T06-37-50.292Z,points-5000-seed-41544c53,add-500,cumulative_operation_ms,ms,500,219.79999995231628
Atlas,1c2e54b3b8df+bench,SVG,instrument-2026-10-07T06-37-50.292Z,points-5000-seed-41544c53,add-500,operation_to_raf_opportunities_ms,ms,0,250
Atlas,1c2e54b3b8df+bench,SVG,instrument-2026-10-07T06-37-50.292Z,points-5000-seed-41544c53,add-500,root_iterator_creations,count,0,503
Atlas,1c2e54b3b8df+bench,SVG,instrument-2026-10-07T06-37-50.292Z,points-5000-seed-41544c53,add-500,root_iterator_next_calls,count,0,2635752
Atlas,1c2e54b3b8df+bench,SVG,instrument-2026-10-07T06-37-50.292Z,points-5000-seed-41544c53,add-500,svg_attribute_writes,count,0,14003
Atlas,1c2e54b3b8df+bench,SVG,instrument-2026-10-07T06-37-50.292Z,points-5000-seed-41544c53,add-500,renderer_scene_reads,count,0,1
Atlas,1c2e54b3b8df+bench,SVG,instrument-2026-10-07T06-37-50.292Z,points-5000-seed-41544c53,add-500,renderer_scene_membership_changes,count,0,1
Atlas,1c2e54b3b8df+bench,SVG,instrument-2026-10-07T06-37-50.292Z,points-5000-seed-41544c53,add-500,svg_attribute_removals,count,0,5500
Atlas,1c2e54b3b8df+bench,SVG,instrument-2026-10-07T06-37-50.292Z,points-5000-seed-41544c53,add-500,renderer_calls,count,0,1
Atlas,1c2e54b3b8df+bench,SVG,instrument-2026-10-07T06-37-50.292Z,points-5000-seed-41544c53,add-500,layout_rect_reads,count,0,0
Atlas,1c2e54b3b8df+bench,SVG,instrument-2026-10-07T06-37-50.292Z,points-5000-seed-41544c53,add-500,instrumented_renderer_callback_ms,ms,0,7.5
Atlas,1c2e54b3b8df+bench,SVG,instrument-2026-10-07T06-37-50.292Z,points-5000-seed-41544c53,add-500,cleanup_renderer_calls,count,0,0
Atlas,1c2e54b3b8df+bench,SVG,instrument-2026-10-07T06-37-50.292Z,points-5000-seed-41544c53,add-500,cleanup_stage_children,count,0,0
Atlas,1c2e54b3b8df+bench,SVG,instrument-2026-10-07T06-37-50.292Z,points-5000-seed-41544c53,add-1000,operation_sync_ms,ms,0,456
Atlas,1c2e54b3b8df+bench,SVG,instrument-2026-10-07T06-37-50.292Z,points-5000-seed-41544c53,add-1000,cumulative_operation_ms,ms,100,44.799999952316284
Atlas,1c2e54b3b8df+bench,SVG,instrument-2026-10-07T06-37-50.292Z,points-5000-seed-41544c53,add-1000,cumulative_operation_ms,ms,200,89.29999995231628
Atlas,1c2e54b3b8df+bench,SVG,instrument-2026-10-07T06-37-50.292Z,points-5000-seed-41544c53,add-1000,cumulative_operation_ms,ms,300,133.90000009536743
Atlas,1c2e54b3b8df+bench,SVG,instrument-2026-10-07T06-37-50.292Z,points-5000-seed-41544c53,add-1000,cumulative_operation_ms,ms,400,177.5
Atlas,1c2e54b3b8df+bench,SVG,instrument-2026-10-07T06-37-50.292Z,points-5000-seed-41544c53,add-1000,cumulative_operation_ms,ms,500,221
Atlas,1c2e54b3b8df+bench,SVG,instrument-2026-10-07T06-37-50.292Z,points-5000-seed-41544c53,add-1000,cumulative_operation_ms,ms,600,265.7000000476837
Atlas,1c2e54b3b8df+bench,SVG,instrument-2026-10-07T06-37-50.292Z,points-5000-seed-41544c53,add-1000,cumulative_operation_ms,ms,700,312.7000000476837
Atlas,1c2e54b3b8df+bench,SVG,instrument-2026-10-07T06-37-50.292Z,points-5000-seed-41544c53,add-1000,cumulative_operation_ms,ms,800,359.5
Atlas,1c2e54b3b8df+bench,SVG,instrument-2026-10-07T06-37-50.292Z,points-5000-seed-41544c53,add-1000,cumulative_operation_ms,ms,900,406.5
Atlas,1c2e54b3b8df+bench,SVG,instrument-2026-10-07T06-37-50.292Z,points-5000-seed-41544c53,add-1000,cumulative_operation_ms,ms,1000,456
Atlas,1c2e54b3b8df+bench,SVG,instrument-2026-10-07T06-37-50.292Z,points-5000-seed-41544c53,add-1000,operation_to_raf_opportunities_ms,ms,0,490.7000000476837
Atlas,1c2e54b3b8df+bench,SVG,instrument-2026-10-07T06-37-50.292Z,points-5000-seed-41544c53,add-1000,root_iterator_creations,count,0,1003
Atlas,1c2e54b3b8df+bench,SVG,instrument-2026-10-07T06-37-50.292Z,points-5000-seed-41544c53,add-1000,root_iterator_next_calls,count,0,5511502
Atlas,1c2e54b3b8df+bench,SVG,instrument-2026-10-07T06-37-50.292Z,points-5000-seed-41544c53,add-1000,svg_attribute_writes,count,0,18003
Atlas,1c2e54b3b8df+bench,SVG,instrument-2026-10-07T06-37-50.292Z,points-5000-seed-41544c53,add-1000,renderer_scene_reads,count,0,1
Atlas,1c2e54b3b8df+bench,SVG,instrument-2026-10-07T06-37-50.292Z,points-5000-seed-41544c53,add-1000,renderer_scene_membership_changes,count,0,1
Atlas,1c2e54b3b8df+bench,SVG,instrument-2026-10-07T06-37-50.292Z,points-5000-seed-41544c53,add-1000,svg_attribute_removals,count,0,6000
Atlas,1c2e54b3b8df+bench,SVG,instrument-2026-10-07T06-37-50.292Z,points-5000-seed-41544c53,add-1000,renderer_calls,count,0,1
Atlas,1c2e54b3b8df+bench,SVG,instrument-2026-10-07T06-37-50.292Z,points-5000-seed-41544c53,add-1000,layout_rect_reads,count,0,0
Atlas,1c2e54b3b8df+bench,SVG,instrument-2026-10-07T06-37-50.292Z,points-5000-seed-41544c53,add-1000,instrumented_renderer_callback_ms,ms,0,9.299999952316284
Atlas,1c2e54b3b8df+bench,SVG,instrument-2026-10-07T06-37-50.292Z,points-5000-seed-41544c53,add-1000,cleanup_renderer_calls,count,0,0
Atlas,1c2e54b3b8df+bench,SVG,instrument-2026-10-07T06-37-50.292Z,points-5000-seed-41544c53,add-1000,cleanup_stage_children,count,0,0
Atlas,1c2e54b3b8df+bench,SVG,instrument-2026-10-07T06-37-50.292Z,points-5000-seed-41544c53,remove-100,operation_sync_ms,ms,0,50.200000047683716
Atlas,1c2e54b3b8df+bench,SVG,instrument-2026-10-07T06-37-50.292Z,points-5000-seed-41544c53,remove-100,cumulative_operation_ms,ms,100,50.200000047683716
Atlas,1c2e54b3b8df+bench,SVG,instrument-2026-10-07T06-37-50.292Z,points-5000-seed-41544c53,remove-100,operation_to_raf_opportunities_ms,ms,0,78.29999995231628
Atlas,1c2e54b3b8df+bench,SVG,instrument-2026-10-07T06-37-50.292Z,points-5000-seed-41544c53,remove-100,root_iterator_creations,count,0,103
Atlas,1c2e54b3b8df+bench,SVG,instrument-2026-10-07T06-37-50.292Z,points-5000-seed-41544c53,remove-100,root_iterator_next_calls,count,0,504952
Atlas,1c2e54b3b8df+bench,SVG,instrument-2026-10-07T06-37-50.292Z,points-5000-seed-41544c53,remove-100,svg_attribute_writes,count,0,9803
Atlas,1c2e54b3b8df+bench,SVG,instrument-2026-10-07T06-37-50.292Z,points-5000-seed-41544c53,remove-100,renderer_scene_reads,count,0,1
Atlas,1c2e54b3b8df+bench,SVG,instrument-2026-10-07T06-37-50.292Z,points-5000-seed-41544c53,remove-100,renderer_scene_membership_changes,count,0,1
Atlas,1c2e54b3b8df+bench,SVG,instrument-2026-10-07T06-37-50.292Z,points-5000-seed-41544c53,remove-100,svg_attribute_removals,count,0,4900
Atlas,1c2e54b3b8df+bench,SVG,instrument-2026-10-07T06-37-50.292Z,points-5000-seed-41544c53,remove-100,renderer_calls,count,0,1
Atlas,1c2e54b3b8df+bench,SVG,instrument-2026-10-07T06-37-50.292Z,points-5000-seed-41544c53,remove-100,layout_rect_reads,count,0,0
Atlas,1c2e54b3b8df+bench,SVG,instrument-2026-10-07T06-37-50.292Z,points-5000-seed-41544c53,remove-100,instrumented_renderer_callback_ms,ms,0,7
Atlas,1c2e54b3b8df+bench,SVG,instrument-2026-10-07T06-37-50.292Z,points-5000-seed-41544c53,remove-100,cleanup_renderer_calls,count,0,0
Atlas,1c2e54b3b8df+bench,SVG,instrument-2026-10-07T06-37-50.292Z,points-5000-seed-41544c53,remove-100,cleanup_stage_children,count,0,0
Atlas,1c2e54b3b8df+bench,SVG,instrument-2026-10-07T06-37-50.292Z,points-5000-seed-41544c53,remove-500,operation_sync_ms,ms,0,214.90000009536743
Atlas,1c2e54b3b8df+bench,SVG,instrument-2026-10-07T06-37-50.292Z,points-5000-seed-41544c53,remove-500,cumulative_operation_ms,ms,100,48.200000047683716
Atlas,1c2e54b3b8df+bench,SVG,instrument-2026-10-07T06-37-50.292Z,points-5000-seed-41544c53,remove-500,cumulative_operation_ms,ms,200,91.09999990463257
Atlas,1c2e54b3b8df+bench,SVG,instrument-2026-10-07T06-37-50.292Z,points-5000-seed-41544c53,remove-500,cumulative_operation_ms,ms,300,133
Atlas,1c2e54b3b8df+bench,SVG,instrument-2026-10-07T06-37-50.292Z,points-5000-seed-41544c53,remove-500,cumulative_operation_ms,ms,400,174.79999995231628
Atlas,1c2e54b3b8df+bench,SVG,instrument-2026-10-07T06-37-50.292Z,points-5000-seed-41544c53,remove-500,cumulative_operation_ms,ms,500,214.90000009536743
Atlas,1c2e54b3b8df+bench,SVG,instrument-2026-10-07T06-37-50.292Z,points-5000-seed-41544c53,remove-500,operation_to_raf_opportunities_ms,ms,0,239.5
Atlas,1c2e54b3b8df+bench,SVG,instrument-2026-10-07T06-37-50.292Z,points-5000-seed-41544c53,remove-500,root_iterator_creations,count,0,503
Atlas,1c2e54b3b8df+bench,SVG,instrument-2026-10-07T06-37-50.292Z,points-5000-seed-41544c53,remove-500,root_iterator_next_calls,count,0,2384752
Atlas,1c2e54b3b8df+bench,SVG,instrument-2026-10-07T06-37-50.292Z,points-5000-seed-41544c53,remove-500,svg_attribute_writes,count,0,9003
Atlas,1c2e54b3b8df+bench,SVG,instrument-2026-10-07T06-37-50.292Z,points-5000-seed-41544c53,remove-500,renderer_scene_reads,count,0,1
Atlas,1c2e54b3b8df+bench,SVG,instrument-2026-10-07T06-37-50.292Z,points-5000-seed-41544c53,remove-500,renderer_scene_membership_changes,count,0,1
Atlas,1c2e54b3b8df+bench,SVG,instrument-2026-10-07T06-37-50.292Z,points-5000-seed-41544c53,remove-500,svg_attribute_removals,count,0,4500
Atlas,1c2e54b3b8df+bench,SVG,instrument-2026-10-07T06-37-50.292Z,points-5000-seed-41544c53,remove-500,renderer_calls,count,0,1
Atlas,1c2e54b3b8df+bench,SVG,instrument-2026-10-07T06-37-50.292Z,points-5000-seed-41544c53,remove-500,layout_rect_reads,count,0,0
Atlas,1c2e54b3b8df+bench,SVG,instrument-2026-10-07T06-37-50.292Z,points-5000-seed-41544c53,remove-500,instrumented_renderer_callback_ms,ms,0,6
Atlas,1c2e54b3b8df+bench,SVG,instrument-2026-10-07T06-37-50.292Z,points-5000-seed-41544c53,remove-500,cleanup_renderer_calls,count,0,0
Atlas,1c2e54b3b8df+bench,SVG,instrument-2026-10-07T06-37-50.292Z,points-5000-seed-41544c53,remove-500,cleanup_stage_children,count,0,0
Atlas,1c2e54b3b8df+bench,SVG,instrument-2026-10-07T06-37-50.292Z,points-5000-seed-41544c53,remove-1000,operation_sync_ms,ms,0,400.5
Atlas,1c2e54b3b8df+bench,SVG,instrument-2026-10-07T06-37-50.292Z,points-5000-seed-41544c53,remove-1000,cumulative_operation_ms,ms,100,47.90000009536743
Atlas,1c2e54b3b8df+bench,SVG,instrument-2026-10-07T06-37-50.292Z,points-5000-seed-41544c53,remove-1000,cumulative_operation_ms,ms,200,90.59999990463257
Atlas,1c2e54b3b8df+bench,SVG,instrument-2026-10-07T06-37-50.292Z,points-5000-seed-41544c53,remove-1000,cumulative_operation_ms,ms,300,131.90000009536743
Atlas,1c2e54b3b8df+bench,SVG,instrument-2026-10-07T06-37-50.292Z,points-5000-seed-41544c53,remove-1000,cumulative_operation_ms,ms,400,173
Atlas,1c2e54b3b8df+bench,SVG,instrument-2026-10-07T06-37-50.292Z,points-5000-seed-41544c53,remove-1000,cumulative_operation_ms,ms,500,213.40000009536743
Atlas,1c2e54b3b8df+bench,SVG,instrument-2026-10-07T06-37-50.292Z,points-5000-seed-41544c53,remove-1000,cumulative_operation_ms,ms,600,252.29999995231628
Atlas,1c2e54b3b8df+bench,SVG,instrument-2026-10-07T06-37-50.292Z,points-5000-seed-41544c53,remove-1000,cumulative_operation_ms,ms,700,290.90000009536743
Atlas,1c2e54b3b8df+bench,SVG,instrument-2026-10-07T06-37-50.292Z,points-5000-seed-41544c53,remove-1000,cumulative_operation_ms,ms,800,328.09999990463257
Atlas,1c2e54b3b8df+bench,SVG,instrument-2026-10-07T06-37-50.292Z,points-5000-seed-41544c53,remove-1000,cumulative_operation_ms,ms,900,364.40000009536743
Atlas,1c2e54b3b8df+bench,SVG,instrument-2026-10-07T06-37-50.292Z,points-5000-seed-41544c53,remove-1000,cumulative_operation_ms,ms,1000,400.5
Atlas,1c2e54b3b8df+bench,SVG,instrument-2026-10-07T06-37-50.292Z,points-5000-seed-41544c53,remove-1000,operation_to_raf_opportunities_ms,ms,0,422.90000009536743
Atlas,1c2e54b3b8df+bench,SVG,instrument-2026-10-07T06-37-50.292Z,points-5000-seed-41544c53,remove-1000,root_iterator_creations,count,0,1003
Atlas,1c2e54b3b8df+bench,SVG,instrument-2026-10-07T06-37-50.292Z,points-5000-seed-41544c53,remove-1000,root_iterator_next_calls,count,0,4509502
Atlas,1c2e54b3b8df+bench,SVG,instrument-2026-10-07T06-37-50.292Z,points-5000-seed-41544c53,remove-1000,svg_attribute_writes,count,0,8003
Atlas,1c2e54b3b8df+bench,SVG,instrument-2026-10-07T06-37-50.292Z,points-5000-seed-41544c53,remove-1000,renderer_scene_reads,count,0,1
Atlas,1c2e54b3b8df+bench,SVG,instrument-2026-10-07T06-37-50.292Z,points-5000-seed-41544c53,remove-1000,renderer_scene_membership_changes,count,0,1
Atlas,1c2e54b3b8df+bench,SVG,instrument-2026-10-07T06-37-50.292Z,points-5000-seed-41544c53,remove-1000,svg_attribute_removals,count,0,4000
Atlas,1c2e54b3b8df+bench,SVG,instrument-2026-10-07T06-37-50.292Z,points-5000-seed-41544c53,remove-1000,renderer_calls,count,0,1
Atlas,1c2e54b3b8df+bench,SVG,instrument-2026-10-07T06-37-50.292Z,points-5000-seed-41544c53,remove-1000,layout_rect_reads,count,0,0
Atlas,1c2e54b3b8df+bench,SVG,instrument-2026-10-07T06-37-50.292Z,points-5000-seed-41544c53,remove-1000,instrumented_renderer_callback_ms,ms,0,5.299999952316284
Atlas,1c2e54b3b8df+bench,SVG,instrument-2026-10-07T06-37-50.292Z,points-5000-seed-41544c53,remove-1000,cleanup_renderer_calls,count,0,0
Atlas,1c2e54b3b8df+bench,SVG,instrument-2026-10-07T06-37-50.292Z,points-5000-seed-41544c53,remove-1000,cleanup_stage_children,count,0,0
Atlas,1c2e54b3b8df+bench,SVG,instrument-2026-10-07T06-37-50.292Z,points-5000-seed-41544c53,wheel-input,synthetic_wheel_dispatch_sync_ms,ms,0,0
Atlas,1c2e54b3b8df+bench,SVG,instrument-2026-10-07T06-37-50.292Z,points-5000-seed-41544c53,wheel-input,synthetic_wheel_dispatch_sync_ms,ms,1,0.09999990463256836
Atlas,1c2e54b3b8df+bench,SVG,instrument-2026-10-07T06-37-50.292Z,points-5000-seed-41544c53,wheel-input,synthetic_wheel_dispatch_sync_ms,ms,2,0.10000014305114746
Atlas,1c2e54b3b8df+bench,SVG,instrument-2026-10-07T06-37-50.292Z,points-5000-seed-41544c53,wheel-input,synthetic_wheel_dispatch_sync_ms,ms,3,0
Atlas,1c2e54b3b8df+bench,SVG,instrument-2026-10-07T06-37-50.292Z,points-5000-seed-41544c53,wheel-input,synthetic_wheel_dispatch_sync_ms,ms,4,0
Atlas,1c2e54b3b8df+bench,SVG,instrument-2026-10-07T06-37-50.292Z,points-5000-seed-41544c53,wheel-input,synthetic_wheel_dispatch_sync_ms,ms,5,0.09999990463256836
Atlas,1c2e54b3b8df+bench,SVG,instrument-2026-10-07T06-37-50.292Z,points-5000-seed-41544c53,wheel-input,synthetic_wheel_dispatch_sync_ms,ms,6,0
Atlas,1c2e54b3b8df+bench,SVG,instrument-2026-10-07T06-37-50.292Z,points-5000-seed-41544c53,wheel-input,synthetic_wheel_dispatch_sync_ms,ms,7,0
Atlas,1c2e54b3b8df+bench,SVG,instrument-2026-10-07T06-37-50.292Z,points-5000-seed-41544c53,wheel-input,synthetic_wheel_dispatch_sync_ms,ms,8,0.09999990463256836
Atlas,1c2e54b3b8df+bench,SVG,instrument-2026-10-07T06-37-50.292Z,points-5000-seed-41544c53,wheel-input,synthetic_wheel_dispatch_sync_ms,ms,9,0
Atlas,1c2e54b3b8df+bench,SVG,instrument-2026-10-07T06-37-50.292Z,points-5000-seed-41544c53,wheel-input,layout_rect_reads,count,0,52
Atlas,1c2e54b3b8df+bench,SVG,instrument-2026-10-07T06-37-50.292Z,points-5000-seed-41544c53,wheel-input,svg_attribute_writes,count,0,100030
Atlas,1c2e54b3b8df+bench,SVG,instrument-2026-10-07T06-37-50.292Z,points-5000-seed-41544c53,wheel-input,renderer_scene_reads,count,0,10
Atlas,1c2e54b3b8df+bench,SVG,instrument-2026-10-07T06-37-50.292Z,points-5000-seed-41544c53,wheel-input,root_iterator_creations,count,0,10
Atlas,1c2e54b3b8df+bench,SVG,instrument-2026-10-07T06-37-50.292Z,points-5000-seed-41544c53,wheel-input,root_iterator_next_calls,count,0,50000
Atlas,1c2e54b3b8df+bench,SVG,instrument-2026-10-07T06-37-50.292Z,points-5000-seed-41544c53,wheel-input,svg_attribute_removals,count,0,50000
Atlas,1c2e54b3b8df+bench,SVG,instrument-2026-10-07T06-37-50.292Z,points-5000-seed-41544c53,wheel-input,renderer_calls,count,0,10
Atlas,1c2e54b3b8df+bench,SVG,instrument-2026-10-07T06-37-50.292Z,points-5000-seed-41544c53,wheel-input,instrumented_renderer_callback_ms,ms,0,5.6000001430511475
Atlas,1c2e54b3b8df+bench,SVG,instrument-2026-10-07T06-37-50.292Z,points-5000-seed-41544c53,wheel-input,instrumented_renderer_callback_ms,ms,1,5.800000190734863
Atlas,1c2e54b3b8df+bench,SVG,instrument-2026-10-07T06-37-50.292Z,points-5000-seed-41544c53,wheel-input,instrumented_renderer_callback_ms,ms,2,5.799999952316284
Atlas,1c2e54b3b8df+bench,SVG,instrument-2026-10-07T06-37-50.292Z,points-5000-seed-41544c53,wheel-input,instrumented_renderer_callback_ms,ms,3,5.799999952316284
Atlas,1c2e54b3b8df+bench,SVG,instrument-2026-10-07T06-37-50.292Z,points-5000-seed-41544c53,wheel-input,instrumented_renderer_callback_ms,ms,4,5.799999952316284
Atlas,1c2e54b3b8df+bench,SVG,instrument-2026-10-07T06-37-50.292Z,points-5000-seed-41544c53,wheel-input,instrumented_renderer_callback_ms,ms,5,5.700000047683716
Atlas,1c2e54b3b8df+bench,SVG,instrument-2026-10-07T06-37-50.292Z,points-5000-seed-41544c53,wheel-input,instrumented_renderer_callback_ms,ms,6,5.700000047683716
Atlas,1c2e54b3b8df+bench,SVG,instrument-2026-10-07T06-37-50.292Z,points-5000-seed-41544c53,wheel-input,instrumented_renderer_callback_ms,ms,7,5.799999952316284
Atlas,1c2e54b3b8df+bench,SVG,instrument-2026-10-07T06-37-50.292Z,points-5000-seed-41544c53,wheel-input,instrumented_renderer_callback_ms,ms,8,5.700000047683716
Atlas,1c2e54b3b8df+bench,SVG,instrument-2026-10-07T06-37-50.292Z,points-5000-seed-41544c53,wheel-input,instrumented_renderer_callback_ms,ms,9,5.6000001430511475
Atlas,1c2e54b3b8df+bench,SVG,instrument-2026-10-07T06-37-50.292Z,points-5000-seed-41544c53,wheel-input,cleanup_renderer_calls,count,0,0
Atlas,1c2e54b3b8df+bench,SVG,instrument-2026-10-07T06-37-50.292Z,points-5000-seed-41544c53,wheel-input,cleanup_stage_children,count,0,0
Atlas,1c2e54b3b8df+bench,SVG,instrument-2026-10-07T06-37-50.292Z,mixed-3000-seed-41544c53,load,load_promise_ms,ms,0,22.59999990463257
Atlas,1c2e54b3b8df+bench,SVG,instrument-2026-10-07T06-37-50.292Z,mixed-3000-seed-41544c53,load,create_to_raf_opportunities_ms,ms,0,117.60000014305115
Atlas,1c2e54b3b8df+bench,SVG,instrument-2026-10-07T06-37-50.292Z,mixed-3000-seed-41544c53,load,semantic_roots,count,0,3000
Atlas,1c2e54b3b8df+bench,SVG,instrument-2026-10-07T06-37-50.292Z,mixed-3000-seed-41544c53,load,owned_points,count,0,5400
Atlas,1c2e54b3b8df+bench,SVG,instrument-2026-10-07T06-37-50.292Z,mixed-3000-seed-41544c53,load,visual_primitives,count,0,7200
Atlas,1c2e54b3b8df+bench,SVG,instrument-2026-10-07T06-37-50.292Z,mixed-3000-seed-41544c53,load,svg_element_nodes,count,0,14402
Atlas,1c2e54b3b8df+bench,SVG,instrument-2026-10-07T06-37-50.292Z,mixed-3000-seed-41544c53,load,shadow_element_nodes,count,0,14403
Atlas,1c2e54b3b8df+bench,SVG,instrument-2026-10-07T06-37-50.292Z,mixed-3000-seed-41544c53,load,shadow_dom_nodes,count,0,14406
Atlas,1c2e54b3b8df+bench,SVG,instrument-2026-10-07T06-37-50.292Z,mixed-3000-seed-41544c53,load,root_iterator_creations,count,0,6
Atlas,1c2e54b3b8df+bench,SVG,instrument-2026-10-07T06-37-50.292Z,mixed-3000-seed-41544c53,load,root_iterator_next_calls,count,0,12004
Atlas,1c2e54b3b8df+bench,SVG,instrument-2026-10-07T06-37-50.292Z,mixed-3000-seed-41544c53,load,svg_attribute_writes,count,0,61809
Atlas,1c2e54b3b8df+bench,SVG,instrument-2026-10-07T06-37-50.292Z,mixed-3000-seed-41544c53,load,renderer_calls,count,0,2
Atlas,1c2e54b3b8df+bench,SVG,instrument-2026-10-07T06-37-50.292Z,mixed-3000-seed-41544c53,load,route_membership_reads,count,0,4200
Atlas,1c2e54b3b8df+bench,SVG,instrument-2026-10-07T06-37-50.292Z,mixed-3000-seed-41544c53,load,renderer_scene_reads,count,0,2
Atlas,1c2e54b3b8df+bench,SVG,instrument-2026-10-07T06-37-50.292Z,mixed-3000-seed-41544c53,load,svg_attribute_removals,count,0,7200
Atlas,1c2e54b3b8df+bench,SVG,instrument-2026-10-07T06-37-50.292Z,mixed-3000-seed-41544c53,load,layout_rect_reads,count,0,0
Atlas,1c2e54b3b8df+bench,SVG,instrument-2026-10-07T06-37-50.292Z,mixed-3000-seed-41544c53,load,instrumented_renderer_callback_ms,ms,0,0
Atlas,1c2e54b3b8df+bench,SVG,instrument-2026-10-07T06-37-50.292Z,mixed-3000-seed-41544c53,load,instrumented_renderer_callback_ms,ms,1,10.799999952316284
Atlas,1c2e54b3b8df+bench,SVG,instrument-2026-10-07T06-37-50.292Z,mixed-3000-seed-41544c53,load,instrumented_prepare_promise_ms,ms,0,12
Atlas,1c2e54b3b8df+bench,SVG,instrument-2026-10-07T06-37-50.292Z,mixed-3000-seed-41544c53,load,cleanup_renderer_calls,count,0,0
Atlas,1c2e54b3b8df+bench,SVG,instrument-2026-10-07T06-37-50.292Z,mixed-3000-seed-41544c53,load,cleanup_stage_children,count,0,0
Atlas,1c2e54b3b8df+bench,SVG,instrument-2026-10-07T06-37-50.292Z,mixed-3000-seed-41544c53,pan,frame_interval_ms,ms,0,16.60000000000582
Atlas,1c2e54b3b8df+bench,SVG,instrument-2026-10-07T06-37-50.292Z,mixed-3000-seed-41544c53,pan,camera_api_sync_ms,ms,0,0
Atlas,1c2e54b3b8df+bench,SVG,instrument-2026-10-07T06-37-50.292Z,mixed-3000-seed-41544c53,pan,frame_interval_ms,ms,1,16.699999999982538
Atlas,1c2e54b3b8df+bench,SVG,instrument-2026-10-07T06-37-50.292Z,mixed-3000-seed-41544c53,pan,camera_api_sync_ms,ms,1,0
Atlas,1c2e54b3b8df+bench,SVG,instrument-2026-10-07T06-37-50.292Z,mixed-3000-seed-41544c53,pan,frame_interval_ms,ms,2,33.40000000002328
Atlas,1c2e54b3b8df+bench,SVG,instrument-2026-10-07T06-37-50.292Z,mixed-3000-seed-41544c53,pan,camera_api_sync_ms,ms,2,0
Atlas,1c2e54b3b8df+bench,SVG,instrument-2026-10-07T06-37-50.292Z,mixed-3000-seed-41544c53,pan,frame_interval_ms,ms,3,33.19999999998254
Atlas,1c2e54b3b8df+bench,SVG,instrument-2026-10-07T06-37-50.292Z,mixed-3000-seed-41544c53,pan,camera_api_sync_ms,ms,3,0
Atlas,1c2e54b3b8df+bench,SVG,instrument-2026-10-07T06-37-50.292Z,mixed-3000-seed-41544c53,pan,frame_interval_ms,ms,4,33.39999999999418
Atlas,1c2e54b3b8df+bench,SVG,instrument-2026-10-07T06-37-50.292Z,mixed-3000-seed-41544c53,pan,camera_api_sync_ms,ms,4,0
Atlas,1c2e54b3b8df+bench,SVG,instrument-2026-10-07T06-37-50.292Z,mixed-3000-seed-41544c53,pan,frame_interval_ms,ms,5,33.30000000001746
Atlas,1c2e54b3b8df+bench,SVG,instrument-2026-10-07T06-37-50.292Z,mixed-3000-seed-41544c53,pan,camera_api_sync_ms,ms,5,0
Atlas,1c2e54b3b8df+bench,SVG,instrument-2026-10-07T06-37-50.292Z,mixed-3000-seed-41544c53,pan,frame_interval_ms,ms,6,33.39999999999418
Atlas,1c2e54b3b8df+bench,SVG,instrument-2026-10-07T06-37-50.292Z,mixed-3000-seed-41544c53,pan,camera_api_sync_ms,ms,6,0
Atlas,1c2e54b3b8df+bench,SVG,instrument-2026-10-07T06-37-50.292Z,mixed-3000-seed-41544c53,pan,frame_interval_ms,ms,7,49.89999999999418
Atlas,1c2e54b3b8df+bench,SVG,instrument-2026-10-07T06-37-50.292Z,mixed-3000-seed-41544c53,pan,camera_api_sync_ms,ms,7,0.10000014305114746
Atlas,1c2e54b3b8df+bench,SVG,instrument-2026-10-07T06-37-50.292Z,mixed-3000-seed-41544c53,pan,frame_interval_ms,ms,8,50
Atlas,1c2e54b3b8df+bench,SVG,instrument-2026-10-07T06-37-50.292Z,mixed-3000-seed-41544c53,pan,camera_api_sync_ms,ms,8,0
Atlas,1c2e54b3b8df+bench,SVG,instrument-2026-10-07T06-37-50.292Z,mixed-3000-seed-41544c53,pan,frame_interval_ms,ms,9,50.10000000000582
Atlas,1c2e54b3b8df+bench,SVG,instrument-2026-10-07T06-37-50.292Z,mixed-3000-seed-41544c53,pan,camera_api_sync_ms,ms,9,0
Atlas,1c2e54b3b8df+bench,SVG,instrument-2026-10-07T06-37-50.292Z,mixed-3000-seed-41544c53,pan,frame_interval_ms,ms,10,33.29999999998836
Atlas,1c2e54b3b8df+bench,SVG,instrument-2026-10-07T06-37-50.292Z,mixed-3000-seed-41544c53,pan,camera_api_sync_ms,ms,10,0
Atlas,1c2e54b3b8df+bench,SVG,instrument-2026-10-07T06-37-50.292Z,mixed-3000-seed-41544c53,pan,frame_interval_ms,ms,11,33.30000000001746
Atlas,1c2e54b3b8df+bench,SVG,instrument-2026-10-07T06-37-50.292Z,mixed-3000-seed-41544c53,pan,camera_api_sync_ms,ms,11,0
Atlas,1c2e54b3b8df+bench,SVG,instrument-2026-10-07T06-37-50.292Z,mixed-3000-seed-41544c53,pan,frame_interval_ms,ms,12,50
Atlas,1c2e54b3b8df+bench,SVG,instrument-2026-10-07T06-37-50.292Z,mixed-3000-seed-41544c53,pan,camera_api_sync_ms,ms,12,0
Atlas,1c2e54b3b8df+bench,SVG,instrument-2026-10-07T06-37-50.292Z,mixed-3000-seed-41544c53,pan,frame_interval_ms,ms,13,33.29999999998836
Atlas,1c2e54b3b8df+bench,SVG,instrument-2026-10-07T06-37-50.292Z,mixed-3000-seed-41544c53,pan,camera_api_sync_ms,ms,13,0
Atlas,1c2e54b3b8df+bench,SVG,instrument-2026-10-07T06-37-50.292Z,mixed-3000-seed-41544c53,pan,frame_interval_ms,ms,14,33.39999999999418
Atlas,1c2e54b3b8df+bench,SVG,instrument-2026-10-07T06-37-50.292Z,mixed-3000-seed-41544c53,pan,camera_api_sync_ms,ms,14,0
Atlas,1c2e54b3b8df+bench,SVG,instrument-2026-10-07T06-37-50.292Z,mixed-3000-seed-41544c53,pan,frame_interval_ms,ms,15,33.20000000001164
Atlas,1c2e54b3b8df+bench,SVG,instrument-2026-10-07T06-37-50.292Z,mixed-3000-seed-41544c53,pan,camera_api_sync_ms,ms,15,0
Atlas,1c2e54b3b8df+bench,SVG,instrument-2026-10-07T06-37-50.292Z,mixed-3000-seed-41544c53,pan,frame_interval_ms,ms,16,50.10000000000582
Atlas,1c2e54b3b8df+bench,SVG,instrument-2026-10-07T06-37-50.292Z,mixed-3000-seed-41544c53,pan,camera_api_sync_ms,ms,16,0
Atlas,1c2e54b3b8df+bench,SVG,instrument-2026-10-07T06-37-50.292Z,mixed-3000-seed-41544c53,pan,frame_interval_ms,ms,17,33.29999999998836
Atlas,1c2e54b3b8df+bench,SVG,instrument-2026-10-07T06-37-50.292Z,mixed-3000-seed-41544c53,pan,camera_api_sync_ms,ms,17,0
Atlas,1c2e54b3b8df+bench,SVG,instrument-2026-10-07T06-37-50.292Z,mixed-3000-seed-41544c53,pan,frame_interval_ms,ms,18,33.39999999999418
Atlas,1c2e54b3b8df+bench,SVG,instrument-2026-10-07T06-37-50.292Z,mixed-3000-seed-41544c53,pan,camera_api_sync_ms,ms,18,0.09999990463256836
Atlas,1c2e54b3b8df+bench,SVG,instrument-2026-10-07T06-37-50.292Z,mixed-3000-seed-41544c53,pan,frame_interval_ms,ms,19,33.30000000001746
Atlas,1c2e54b3b8df+bench,SVG,instrument-2026-10-07T06-37-50.292Z,mixed-3000-seed-41544c53,pan,camera_api_sync_ms,ms,19,0
Atlas,1c2e54b3b8df+bench,SVG,instrument-2026-10-07T06-37-50.292Z,mixed-3000-seed-41544c53,pan,frame_interval_ms,ms,20,33.29999999998836
Atlas,1c2e54b3b8df+bench,SVG,instrument-2026-10-07T06-37-50.292Z,mixed-3000-seed-41544c53,pan,camera_api_sync_ms,ms,20,0
Atlas,1c2e54b3b8df+bench,SVG,instrument-2026-10-07T06-37-50.292Z,mixed-3000-seed-41544c53,pan,frame_interval_ms,ms,21,50
Atlas,1c2e54b3b8df+bench,SVG,instrument-2026-10-07T06-37-50.292Z,mixed-3000-seed-41544c53,pan,camera_api_sync_ms,ms,21,0
Atlas,1c2e54b3b8df+bench,SVG,instrument-2026-10-07T06-37-50.292Z,mixed-3000-seed-41544c53,pan,frame_interval_ms,ms,22,33.39999999999418
Atlas,1c2e54b3b8df+bench,SVG,instrument-2026-10-07T06-37-50.292Z,mixed-3000-seed-41544c53,pan,camera_api_sync_ms,ms,22,0.10000014305114746
Atlas,1c2e54b3b8df+bench,SVG,instrument-2026-10-07T06-37-50.292Z,mixed-3000-seed-41544c53,pan,frame_interval_ms,ms,23,33.30000000001746
Atlas,1c2e54b3b8df+bench,SVG,instrument-2026-10-07T06-37-50.292Z,mixed-3000-seed-41544c53,pan,camera_api_sync_ms,ms,23,0.10000014305114746
Atlas,1c2e54b3b8df+bench,SVG,instrument-2026-10-07T06-37-50.292Z,mixed-3000-seed-41544c53,pan,frame_interval_ms,ms,24,33.39999999999418
Atlas,1c2e54b3b8df+bench,SVG,instrument-2026-10-07T06-37-50.292Z,mixed-3000-seed-41544c53,pan,camera_api_sync_ms,ms,24,0
Atlas,1c2e54b3b8df+bench,SVG,instrument-2026-10-07T06-37-50.292Z,mixed-3000-seed-41544c53,pan,frame_interval_ms,ms,25,33.29999999998836
Atlas,1c2e54b3b8df+bench,SVG,instrument-2026-10-07T06-37-50.292Z,mixed-3000-seed-41544c53,pan,camera_api_sync_ms,ms,25,0
Atlas,1c2e54b3b8df+bench,SVG,instrument-2026-10-07T06-37-50.292Z,mixed-3000-seed-41544c53,pan,frame_interval_ms,ms,26,33.30000000001746
Atlas,1c2e54b3b8df+bench,SVG,instrument-2026-10-07T06-37-50.292Z,mixed-3000-seed-41544c53,pan,camera_api_sync_ms,ms,26,0
Atlas,1c2e54b3b8df+bench,SVG,instrument-2026-10-07T06-37-50.292Z,mixed-3000-seed-41544c53,pan,frame_interval_ms,ms,27,33.29999999998836
Atlas,1c2e54b3b8df+bench,SVG,instrument-2026-10-07T06-37-50.292Z,mixed-3000-seed-41544c53,pan,camera_api_sync_ms,ms,27,0
Atlas,1c2e54b3b8df+bench,SVG,instrument-2026-10-07T06-37-50.292Z,mixed-3000-seed-41544c53,pan,frame_interval_ms,ms,28,50
Atlas,1c2e54b3b8df+bench,SVG,instrument-2026-10-07T06-37-50.292Z,mixed-3000-seed-41544c53,pan,camera_api_sync_ms,ms,28,0
Atlas,1c2e54b3b8df+bench,SVG,instrument-2026-10-07T06-37-50.292Z,mixed-3000-seed-41544c53,pan,frame_interval_ms,ms,29,33.30000000001746
Atlas,1c2e54b3b8df+bench,SVG,instrument-2026-10-07T06-37-50.292Z,mixed-3000-seed-41544c53,pan,camera_api_sync_ms,ms,29,0
Atlas,1c2e54b3b8df+bench,SVG,instrument-2026-10-07T06-37-50.292Z,mixed-3000-seed-41544c53,pan,frame_interval_ms,ms,30,33.39999999999418
Atlas,1c2e54b3b8df+bench,SVG,instrument-2026-10-07T06-37-50.292Z,mixed-3000-seed-41544c53,pan,camera_api_sync_ms,ms,30,0
Atlas,1c2e54b3b8df+bench,SVG,instrument-2026-10-07T06-37-50.292Z,mixed-3000-seed-41544c53,pan,frame_interval_ms,ms,31,33.29999999998836
Atlas,1c2e54b3b8df+bench,SVG,instrument-2026-10-07T06-37-50.292Z,mixed-3000-seed-41544c53,pan,camera_api_sync_ms,ms,31,0
Atlas,1c2e54b3b8df+bench,SVG,instrument-2026-10-07T06-37-50.292Z,mixed-3000-seed-41544c53,pan,frame_interval_ms,ms,32,33.30000000001746
Atlas,1c2e54b3b8df+bench,SVG,instrument-2026-10-07T06-37-50.292Z,mixed-3000-seed-41544c53,pan,camera_api_sync_ms,ms,32,0
Atlas,1c2e54b3b8df+bench,SVG,instrument-2026-10-07T06-37-50.292Z,mixed-3000-seed-41544c53,pan,frame_interval_ms,ms,33,50
Atlas,1c2e54b3b8df+bench,SVG,instrument-2026-10-07T06-37-50.292Z,mixed-3000-seed-41544c53,pan,camera_api_sync_ms,ms,33,0.09999990463256836
Atlas,1c2e54b3b8df+bench,SVG,instrument-2026-10-07T06-37-50.292Z,mixed-3000-seed-41544c53,pan,frame_interval_ms,ms,34,33.39999999999418
Atlas,1c2e54b3b8df+bench,SVG,instrument-2026-10-07T06-37-50.292Z,mixed-3000-seed-41544c53,pan,camera_api_sync_ms,ms,34,0
Atlas,1c2e54b3b8df+bench,SVG,instrument-2026-10-07T06-37-50.292Z,mixed-3000-seed-41544c53,pan,frame_interval_ms,ms,35,33.29999999998836
Atlas,1c2e54b3b8df+bench,SVG,instrument-2026-10-07T06-37-50.292Z,mixed-3000-seed-41544c53,pan,camera_api_sync_ms,ms,35,0
Atlas,1c2e54b3b8df+bench,SVG,instrument-2026-10-07T06-37-50.292Z,mixed-3000-seed-41544c53,pan,frame_interval_ms,ms,36,33.39999999999418
Atlas,1c2e54b3b8df+bench,SVG,instrument-2026-10-07T06-37-50.292Z,mixed-3000-seed-41544c53,pan,camera_api_sync_ms,ms,36,0
Atlas,1c2e54b3b8df+bench,SVG,instrument-2026-10-07T06-37-50.292Z,mixed-3000-seed-41544c53,pan,frame_interval_ms,ms,37,33.20000000001164
Atlas,1c2e54b3b8df+bench,SVG,instrument-2026-10-07T06-37-50.292Z,mixed-3000-seed-41544c53,pan,camera_api_sync_ms,ms,37,0
Atlas,1c2e54b3b8df+bench,SVG,instrument-2026-10-07T06-37-50.292Z,mixed-3000-seed-41544c53,pan,frame_interval_ms,ms,38,33.39999999999418
Atlas,1c2e54b3b8df+bench,SVG,instrument-2026-10-07T06-37-50.292Z,mixed-3000-seed-41544c53,pan,camera_api_sync_ms,ms,38,0.09999990463256836
Atlas,1c2e54b3b8df+bench,SVG,instrument-2026-10-07T06-37-50.292Z,mixed-3000-seed-41544c53,pan,frame_interval_ms,ms,39,33.30000000001746
Atlas,1c2e54b3b8df+bench,SVG,instrument-2026-10-07T06-37-50.292Z,mixed-3000-seed-41544c53,pan,camera_api_sync_ms,ms,39,0
Atlas,1c2e54b3b8df+bench,SVG,instrument-2026-10-07T06-37-50.292Z,mixed-3000-seed-41544c53,pan,frame_interval_ms,ms,40,50
Atlas,1c2e54b3b8df+bench,SVG,instrument-2026-10-07T06-37-50.292Z,mixed-3000-seed-41544c53,pan,camera_api_sync_ms,ms,40,0.09999990463256836
Atlas,1c2e54b3b8df+bench,SVG,instrument-2026-10-07T06-37-50.292Z,mixed-3000-seed-41544c53,pan,frame_interval_ms,ms,41,33.39999999999418
Atlas,1c2e54b3b8df+bench,SVG,instrument-2026-10-07T06-37-50.292Z,mixed-3000-seed-41544c53,pan,camera_api_sync_ms,ms,41,0
Atlas,1c2e54b3b8df+bench,SVG,instrument-2026-10-07T06-37-50.292Z,mixed-3000-seed-41544c53,pan,motion_elapsed_ms,ms,0,1516.6000000000058
Atlas,1c2e54b3b8df+bench,SVG,instrument-2026-10-07T06-37-50.292Z,mixed-3000-seed-41544c53,pan,camera_updates,count,0,42
Atlas,1c2e54b3b8df+bench,SVG,instrument-2026-10-07T06-37-50.292Z,mixed-3000-seed-41544c53,pan,svg_attribute_writes,count,0,630126
Atlas,1c2e54b3b8df+bench,SVG,instrument-2026-10-07T06-37-50.292Z,mixed-3000-seed-41544c53,pan,renderer_scene_reads,count,0,42
Atlas,1c2e54b3b8df+bench,SVG,instrument-2026-10-07T06-37-50.292Z,mixed-3000-seed-41544c53,pan,root_iterator_creations,count,0,42
Atlas,1c2e54b3b8df+bench,SVG,instrument-2026-10-07T06-37-50.292Z,mixed-3000-seed-41544c53,pan,root_iterator_next_calls,count,0,126000
Atlas,1c2e54b3b8df+bench,SVG,instrument-2026-10-07T06-37-50.292Z,mixed-3000-seed-41544c53,pan,route_membership_reads,count,0,75600
Atlas,1c2e54b3b8df+bench,SVG,instrument-2026-10-07T06-37-50.292Z,mixed-3000-seed-41544c53,pan,svg_attribute_removals,count,0,302400
Atlas,1c2e54b3b8df+bench,SVG,instrument-2026-10-07T06-37-50.292Z,mixed-3000-seed-41544c53,pan,renderer_calls,count,0,42
Atlas,1c2e54b3b8df+bench,SVG,instrument-2026-10-07T06-37-50.292Z,mixed-3000-seed-41544c53,pan,layout_rect_reads,count,0,0
Atlas,1c2e54b3b8df+bench,SVG,instrument-2026-10-07T06-37-50.292Z,mixed-3000-seed-41544c53,pan,instrumented_renderer_callback_ms,ms,0,9.5
Atlas,1c2e54b3b8df+bench,SVG,instrument-2026-10-07T06-37-50.292Z,mixed-3000-seed-41544c53,pan,instrumented_renderer_callback_ms,ms,1,9.299999952316284
Atlas,1c2e54b3b8df+bench,SVG,instrument-2026-10-07T06-37-50.292Z,mixed-3000-seed-41544c53,pan,instrumented_renderer_callback_ms,ms,2,9.5
Atlas,1c2e54b3b8df+bench,SVG,instrument-2026-10-07T06-37-50.292Z,mixed-3000-seed-41544c53,pan,instrumented_renderer_callback_ms,ms,3,9.599999904632568
Atlas,1c2e54b3b8df+bench,SVG,instrument-2026-10-07T06-37-50.292Z,mixed-3000-seed-41544c53,pan,instrumented_renderer_callback_ms,ms,4,9.599999904632568
Atlas,1c2e54b3b8df+bench,SVG,instrument-2026-10-07T06-37-50.292Z,mixed-3000-seed-41544c53,pan,instrumented_renderer_callback_ms,ms,5,9.700000047683716
Atlas,1c2e54b3b8df+bench,SVG,instrument-2026-10-07T06-37-50.292Z,mixed-3000-seed-41544c53,pan,instrumented_renderer_callback_ms,ms,6,24.299999952316284
Atlas,1c2e54b3b8df+bench,SVG,instrument-2026-10-07T06-37-50.292Z,mixed-3000-seed-41544c53,pan,instrumented_renderer_callback_ms,ms,7,9.700000047683716
Atlas,1c2e54b3b8df+bench,SVG,instrument-2026-10-07T06-37-50.292Z,mixed-3000-seed-41544c53,pan,instrumented_renderer_callback_ms,ms,8,8.799999952316284
Atlas,1c2e54b3b8df+bench,SVG,instrument-2026-10-07T06-37-50.292Z,mixed-3000-seed-41544c53,pan,instrumented_renderer_callback_ms,ms,9,9.100000143051147
Atlas,1c2e54b3b8df+bench,SVG,instrument-2026-10-07T06-37-50.292Z,mixed-3000-seed-41544c53,pan,instrumented_renderer_callback_ms,ms,10,9
Atlas,1c2e54b3b8df+bench,SVG,instrument-2026-10-07T06-37-50.292Z,mixed-3000-seed-41544c53,pan,instrumented_renderer_callback_ms,ms,11,8.799999952316284
Atlas,1c2e54b3b8df+bench,SVG,instrument-2026-10-07T06-37-50.292Z,mixed-3000-seed-41544c53,pan,instrumented_renderer_callback_ms,ms,12,9.100000143051147
Atlas,1c2e54b3b8df+bench,SVG,instrument-2026-10-07T06-37-50.292Z,mixed-3000-seed-41544c53,pan,instrumented_renderer_callback_ms,ms,13,9.099999904632568
Atlas,1c2e54b3b8df+bench,SVG,instrument-2026-10-07T06-37-50.292Z,mixed-3000-seed-41544c53,pan,instrumented_renderer_callback_ms,ms,14,9.099999904632568
Atlas,1c2e54b3b8df+bench,SVG,instrument-2026-10-07T06-37-50.292Z,mixed-3000-seed-41544c53,pan,instrumented_renderer_callback_ms,ms,15,9
Atlas,1c2e54b3b8df+bench,SVG,instrument-2026-10-07T06-37-50.292Z,mixed-3000-seed-41544c53,pan,instrumented_renderer_callback_ms,ms,16,9.100000143051147
Atlas,1c2e54b3b8df+bench,SVG,instrument-2026-10-07T06-37-50.292Z,mixed-3000-seed-41544c53,pan,instrumented_renderer_callback_ms,ms,17,9
Atlas,1c2e54b3b8df+bench,SVG,instrument-2026-10-07T06-37-50.292Z,mixed-3000-seed-41544c53,pan,instrumented_renderer_callback_ms,ms,18,9.099999904632568
Atlas,1c2e54b3b8df+bench,SVG,instrument-2026-10-07T06-37-50.292Z,mixed-3000-seed-41544c53,pan,instrumented_renderer_callback_ms,ms,19,9.300000190734863
Atlas,1c2e54b3b8df+bench,SVG,instrument-2026-10-07T06-37-50.292Z,mixed-3000-seed-41544c53,pan,instrumented_renderer_callback_ms,ms,20,9.100000143051147
Atlas,1c2e54b3b8df+bench,SVG,instrument-2026-10-07T06-37-50.292Z,mixed-3000-seed-41544c53,pan,instrumented_renderer_callback_ms,ms,21,9.899999856948853
Atlas,1c2e54b3b8df+bench,SVG,instrument-2026-10-07T06-37-50.292Z,mixed-3000-seed-41544c53,pan,instrumented_renderer_callback_ms,ms,22,9.199999809265137
Atlas,1c2e54b3b8df+bench,SVG,instrument-2026-10-07T06-37-50.292Z,mixed-3000-seed-41544c53,pan,instrumented_renderer_callback_ms,ms,23,9.200000047683716
Atlas,1c2e54b3b8df+bench,SVG,instrument-2026-10-07T06-37-50.292Z,mixed-3000-seed-41544c53,pan,instrumented_renderer_callback_ms,ms,24,9.099999904632568
Atlas,1c2e54b3b8df+bench,SVG,instrument-2026-10-07T06-37-50.292Z,mixed-3000-seed-41544c53,pan,instrumented_renderer_callback_ms,ms,25,9.100000143051147
Atlas,1c2e54b3b8df+bench,SVG,instrument-2026-10-07T06-37-50.292Z,mixed-3000-seed-41544c53,pan,instrumented_renderer_callback_ms,ms,26,9.200000047683716
Atlas,1c2e54b3b8df+bench,SVG,instrument-2026-10-07T06-37-50.292Z,mixed-3000-seed-41544c53,pan,instrumented_renderer_callback_ms,ms,27,9.200000047683716
Atlas,1c2e54b3b8df+bench,SVG,instrument-2026-10-07T06-37-50.292Z,mixed-3000-seed-41544c53,pan,instrumented_renderer_callback_ms,ms,28,9.200000047683716
Atlas,1c2e54b3b8df+bench,SVG,instrument-2026-10-07T06-37-50.292Z,mixed-3000-seed-41544c53,pan,instrumented_renderer_callback_ms,ms,29,9.5
Atlas,1c2e54b3b8df+bench,SVG,instrument-2026-10-07T06-37-50.292Z,mixed-3000-seed-41544c53,pan,instrumented_renderer_callback_ms,ms,30,9.199999809265137
Atlas,1c2e54b3b8df+bench,SVG,instrument-2026-10-07T06-37-50.292Z,mixed-3000-seed-41544c53,pan,instrumented_renderer_callback_ms,ms,31,9.299999952316284
Atlas,1c2e54b3b8df+bench,SVG,instrument-2026-10-07T06-37-50.292Z,mixed-3000-seed-41544c53,pan,instrumented_renderer_callback_ms,ms,32,9.099999904632568
Atlas,1c2e54b3b8df+bench,SVG,instrument-2026-10-07T06-37-50.292Z,mixed-3000-seed-41544c53,pan,instrumented_renderer_callback_ms,ms,33,9.099999904632568
Atlas,1c2e54b3b8df+bench,SVG,instrument-2026-10-07T06-37-50.292Z,mixed-3000-seed-41544c53,pan,instrumented_renderer_callback_ms,ms,34,9.200000047683716
Atlas,1c2e54b3b8df+bench,SVG,instrument-2026-10-07T06-37-50.292Z,mixed-3000-seed-41544c53,pan,instrumented_renderer_callback_ms,ms,35,9.399999856948853
Atlas,1c2e54b3b8df+bench,SVG,instrument-2026-10-07T06-37-50.292Z,mixed-3000-seed-41544c53,pan,instrumented_renderer_callback_ms,ms,36,9.700000047683716
Atlas,1c2e54b3b8df+bench,SVG,instrument-2026-10-07T06-37-50.292Z,mixed-3000-seed-41544c53,pan,instrumented_renderer_callback_ms,ms,37,9.700000047683716
Atlas,1c2e54b3b8df+bench,SVG,instrument-2026-10-07T06-37-50.292Z,mixed-3000-seed-41544c53,pan,instrumented_renderer_callback_ms,ms,38,10
Atlas,1c2e54b3b8df+bench,SVG,instrument-2026-10-07T06-37-50.292Z,mixed-3000-seed-41544c53,pan,instrumented_renderer_callback_ms,ms,39,9.600000143051147
Atlas,1c2e54b3b8df+bench,SVG,instrument-2026-10-07T06-37-50.292Z,mixed-3000-seed-41544c53,pan,instrumented_renderer_callback_ms,ms,40,9.799999952316284
Atlas,1c2e54b3b8df+bench,SVG,instrument-2026-10-07T06-37-50.292Z,mixed-3000-seed-41544c53,pan,instrumented_renderer_callback_ms,ms,41,9.799999952316284
Atlas,1c2e54b3b8df+bench,SVG,instrument-2026-10-07T06-37-50.292Z,mixed-3000-seed-41544c53,pan,cleanup_renderer_calls,count,0,0
Atlas,1c2e54b3b8df+bench,SVG,instrument-2026-10-07T06-37-50.292Z,mixed-3000-seed-41544c53,pan,cleanup_stage_children,count,0,0
Atlas,1c2e54b3b8df+bench,SVG,instrument-2026-10-07T06-37-50.292Z,mixed-3000-seed-41544c53,zoom,frame_interval_ms,ms,0,16.60000000000582
Atlas,1c2e54b3b8df+bench,SVG,instrument-2026-10-07T06-37-50.292Z,mixed-3000-seed-41544c53,zoom,camera_api_sync_ms,ms,0,0
Atlas,1c2e54b3b8df+bench,SVG,instrument-2026-10-07T06-37-50.292Z,mixed-3000-seed-41544c53,zoom,frame_interval_ms,ms,1,16.70000000001164
Atlas,1c2e54b3b8df+bench,SVG,instrument-2026-10-07T06-37-50.292Z,mixed-3000-seed-41544c53,zoom,camera_api_sync_ms,ms,1,0
Atlas,1c2e54b3b8df+bench,SVG,instrument-2026-10-07T06-37-50.292Z,mixed-3000-seed-41544c53,zoom,frame_interval_ms,ms,2,33.39999999999418
Atlas,1c2e54b3b8df+bench,SVG,instrument-2026-10-07T06-37-50.292Z,mixed-3000-seed-41544c53,zoom,camera_api_sync_ms,ms,2,0
Atlas,1c2e54b3b8df+bench,SVG,instrument-2026-10-07T06-37-50.292Z,mixed-3000-seed-41544c53,zoom,frame_interval_ms,ms,3,49.89999999999418
Atlas,1c2e54b3b8df+bench,SVG,instrument-2026-10-07T06-37-50.292Z,mixed-3000-seed-41544c53,zoom,camera_api_sync_ms,ms,3,0
Atlas,1c2e54b3b8df+bench,SVG,instrument-2026-10-07T06-37-50.292Z,mixed-3000-seed-41544c53,zoom,frame_interval_ms,ms,4,33.29999999998836
Atlas,1c2e54b3b8df+bench,SVG,instrument-2026-10-07T06-37-50.292Z,mixed-3000-seed-41544c53,zoom,camera_api_sync_ms,ms,4,0
Atlas,1c2e54b3b8df+bench,SVG,instrument-2026-10-07T06-37-50.292Z,mixed-3000-seed-41544c53,zoom,frame_interval_ms,ms,5,33.40000000002328
Atlas,1c2e54b3b8df+bench,SVG,instrument-2026-10-07T06-37-50.292Z,mixed-3000-seed-41544c53,zoom,camera_api_sync_ms,ms,5,0.09999990463256836
Atlas,1c2e54b3b8df+bench,SVG,instrument-2026-10-07T06-37-50.292Z,mixed-3000-seed-41544c53,zoom,frame_interval_ms,ms,6,50
Atlas,1c2e54b3b8df+bench,SVG,instrument-2026-10-07T06-37-50.292Z,mixed-3000-seed-41544c53,zoom,camera_api_sync_ms,ms,6,0
Atlas,1c2e54b3b8df+bench,SVG,instrument-2026-10-07T06-37-50.292Z,mixed-3000-seed-41544c53,zoom,frame_interval_ms,ms,7,33.29999999998836
Atlas,1c2e54b3b8df+bench,SVG,instrument-2026-10-07T06-37-50.292Z,mixed-3000-seed-41544c53,zoom,camera_api_sync_ms,ms,7,0
Atlas,1c2e54b3b8df+bench,SVG,instrument-2026-10-07T06-37-50.292Z,mixed-3000-seed-41544c53,zoom,frame_interval_ms,ms,8,50
Atlas,1c2e54b3b8df+bench,SVG,instrument-2026-10-07T06-37-50.292Z,mixed-3000-seed-41544c53,zoom,camera_api_sync_ms,ms,8,0
Atlas,1c2e54b3b8df+bench,SVG,instrument-2026-10-07T06-37-50.292Z,mixed-3000-seed-41544c53,zoom,frame_interval_ms,ms,9,33.39999999999418
Atlas,1c2e54b3b8df+bench,SVG,instrument-2026-10-07T06-37-50.292Z,mixed-3000-seed-41544c53,zoom,camera_api_sync_ms,ms,9,0
Atlas,1c2e54b3b8df+bench,SVG,instrument-2026-10-07T06-37-50.292Z,mixed-3000-seed-41544c53,zoom,frame_interval_ms,ms,10,50
Atlas,1c2e54b3b8df+bench,SVG,instrument-2026-10-07T06-37-50.292Z,mixed-3000-seed-41544c53,zoom,camera_api_sync_ms,ms,10,0.09999990463256836
Atlas,1c2e54b3b8df+bench,SVG,instrument-2026-10-07T06-37-50.292Z,mixed-3000-seed-41544c53,zoom,frame_interval_ms,ms,11,33.30000000001746
Atlas,1c2e54b3b8df+bench,SVG,instrument-2026-10-07T06-37-50.292Z,mixed-3000-seed-41544c53,zoom,camera_api_sync_ms,ms,11,0
Atlas,1c2e54b3b8df+bench,SVG,instrument-2026-10-07T06-37-50.292Z,mixed-3000-seed-41544c53,zoom,frame_interval_ms,ms,12,50
Atlas,1c2e54b3b8df+bench,SVG,instrument-2026-10-07T06-37-50.292Z,mixed-3000-seed-41544c53,zoom,camera_api_sync_ms,ms,12,0
Atlas,1c2e54b3b8df+bench,SVG,instrument-2026-10-07T06-37-50.292Z,mixed-3000-seed-41544c53,zoom,frame_interval_ms,ms,13,33.29999999998836
Atlas,1c2e54b3b8df+bench,SVG,instrument-2026-10-07T06-37-50.292Z,mixed-3000-seed-41544c53,zoom,camera_api_sync_ms,ms,13,0
Atlas,1c2e54b3b8df+bench,SVG,instrument-2026-10-07T06-37-50.292Z,mixed-3000-seed-41544c53,zoom,frame_interval_ms,ms,14,33.39999999999418
Atlas,1c2e54b3b8df+bench,SVG,instrument-2026-10-07T06-37-50.292Z,mixed-3000-seed-41544c53,zoom,camera_api_sync_ms,ms,14,0
Atlas,1c2e54b3b8df+bench,SVG,instrument-2026-10-07T06-37-50.292Z,mixed-3000-seed-41544c53,zoom,frame_interval_ms,ms,15,33.30000000001746
Atlas,1c2e54b3b8df+bench,SVG,instrument-2026-10-07T06-37-50.292Z,mixed-3000-seed-41544c53,zoom,camera_api_sync_ms,ms,15,0
Atlas,1c2e54b3b8df+bench,SVG,instrument-2026-10-07T06-37-50.292Z,mixed-3000-seed-41544c53,zoom,frame_interval_ms,ms,16,50
Atlas,1c2e54b3b8df+bench,SVG,instrument-2026-10-07T06-37-50.292Z,mixed-3000-seed-41544c53,zoom,camera_api_sync_ms,ms,16,0
Atlas,1c2e54b3b8df+bench,SVG,instrument-2026-10-07T06-37-50.292Z,mixed-3000-seed-41544c53,zoom,frame_interval_ms,ms,17,33.39999999999418
Atlas,1c2e54b3b8df+bench,SVG,instrument-2026-10-07T06-37-50.292Z,mixed-3000-seed-41544c53,zoom,camera_api_sync_ms,ms,17,0.10000014305114746
Atlas,1c2e54b3b8df+bench,SVG,instrument-2026-10-07T06-37-50.292Z,mixed-3000-seed-41544c53,zoom,frame_interval_ms,ms,18,33.29999999998836
Atlas,1c2e54b3b8df+bench,SVG,instrument-2026-10-07T06-37-50.292Z,mixed-3000-seed-41544c53,zoom,camera_api_sync_ms,ms,18,0
Atlas,1c2e54b3b8df+bench,SVG,instrument-2026-10-07T06-37-50.292Z,mixed-3000-seed-41544c53,zoom,frame_interval_ms,ms,19,33.30000000001746
Atlas,1c2e54b3b8df+bench,SVG,instrument-2026-10-07T06-37-50.292Z,mixed-3000-seed-41544c53,zoom,camera_api_sync_ms,ms,19,0
Atlas,1c2e54b3b8df+bench,SVG,instrument-2026-10-07T06-37-50.292Z,mixed-3000-seed-41544c53,zoom,frame_interval_ms,ms,20,33.29999999998836
Atlas,1c2e54b3b8df+bench,SVG,instrument-2026-10-07T06-37-50.292Z,mixed-3000-seed-41544c53,zoom,camera_api_sync_ms,ms,20,0
Atlas,1c2e54b3b8df+bench,SVG,instrument-2026-10-07T06-37-50.292Z,mixed-3000-seed-41544c53,zoom,frame_interval_ms,ms,21,33.39999999999418
Atlas,1c2e54b3b8df+bench,SVG,instrument-2026-10-07T06-37-50.292Z,mixed-3000-seed-41544c53,zoom,camera_api_sync_ms,ms,21,0
Atlas,1c2e54b3b8df+bench,SVG,instrument-2026-10-07T06-37-50.292Z,mixed-3000-seed-41544c53,zoom,frame_interval_ms,ms,22,33.30000000001746
Atlas,1c2e54b3b8df+bench,SVG,instrument-2026-10-07T06-37-50.292Z,mixed-3000-seed-41544c53,zoom,camera_api_sync_ms,ms,22,0
Atlas,1c2e54b3b8df+bench,SVG,instrument-2026-10-07T06-37-50.292Z,mixed-3000-seed-41544c53,zoom,frame_interval_ms,ms,23,33.29999999998836
Atlas,1c2e54b3b8df+bench,SVG,instrument-2026-10-07T06-37-50.292Z,mixed-3000-seed-41544c53,zoom,camera_api_sync_ms,ms,23,0
Atlas,1c2e54b3b8df+bench,SVG,instrument-2026-10-07T06-37-50.292Z,mixed-3000-seed-41544c53,zoom,frame_interval_ms,ms,24,50
Atlas,1c2e54b3b8df+bench,SVG,instrument-2026-10-07T06-37-50.292Z,mixed-3000-seed-41544c53,zoom,camera_api_sync_ms,ms,24,0
Atlas,1c2e54b3b8df+bench,SVG,instrument-2026-10-07T06-37-50.292Z,mixed-3000-seed-41544c53,zoom,frame_interval_ms,ms,25,33.29999999998836
Atlas,1c2e54b3b8df+bench,SVG,instrument-2026-10-07T06-37-50.292Z,mixed-3000-seed-41544c53,zoom,camera_api_sync_ms,ms,25,0
Atlas,1c2e54b3b8df+bench,SVG,instrument-2026-10-07T06-37-50.292Z,mixed-3000-seed-41544c53,zoom,frame_interval_ms,ms,26,33.40000000002328
Atlas,1c2e54b3b8df+bench,SVG,instrument-2026-10-07T06-37-50.292Z,mixed-3000-seed-41544c53,zoom,camera_api_sync_ms,ms,26,0
Atlas,1c2e54b3b8df+bench,SVG,instrument-2026-10-07T06-37-50.292Z,mixed-3000-seed-41544c53,zoom,frame_interval_ms,ms,27,33.29999999998836
Atlas,1c2e54b3b8df+bench,SVG,instrument-2026-10-07T06-37-50.292Z,mixed-3000-seed-41544c53,zoom,camera_api_sync_ms,ms,27,0
Atlas,1c2e54b3b8df+bench,SVG,instrument-2026-10-07T06-37-50.292Z,mixed-3000-seed-41544c53,zoom,frame_interval_ms,ms,28,33.29999999998836
Atlas,1c2e54b3b8df+bench,SVG,instrument-2026-10-07T06-37-50.292Z,mixed-3000-seed-41544c53,zoom,camera_api_sync_ms,ms,28,0
Atlas,1c2e54b3b8df+bench,SVG,instrument-2026-10-07T06-37-50.292Z,mixed-3000-seed-41544c53,zoom,frame_interval_ms,ms,29,50
Atlas,1c2e54b3b8df+bench,SVG,instrument-2026-10-07T06-37-50.292Z,mixed-3000-seed-41544c53,zoom,camera_api_sync_ms,ms,29,0
Atlas,1c2e54b3b8df+bench,SVG,instrument-2026-10-07T06-37-50.292Z,mixed-3000-seed-41544c53,zoom,frame_interval_ms,ms,30,33.40000000002328
Atlas,1c2e54b3b8df+bench,SVG,instrument-2026-10-07T06-37-50.292Z,mixed-3000-seed-41544c53,zoom,camera_api_sync_ms,ms,30,0
Atlas,1c2e54b3b8df+bench,SVG,instrument-2026-10-07T06-37-50.292Z,mixed-3000-seed-41544c53,zoom,frame_interval_ms,ms,31,49.89999999999418
Atlas,1c2e54b3b8df+bench,SVG,instrument-2026-10-07T06-37-50.292Z,mixed-3000-seed-41544c53,zoom,camera_api_sync_ms,ms,31,0.10000014305114746
Atlas,1c2e54b3b8df+bench,SVG,instrument-2026-10-07T06-37-50.292Z,mixed-3000-seed-41544c53,zoom,frame_interval_ms,ms,32,50.10000000000582
Atlas,1c2e54b3b8df+bench,SVG,instrument-2026-10-07T06-37-50.292Z,mixed-3000-seed-41544c53,zoom,camera_api_sync_ms,ms,32,0
Atlas,1c2e54b3b8df+bench,SVG,instrument-2026-10-07T06-37-50.292Z,mixed-3000-seed-41544c53,zoom,frame_interval_ms,ms,33,33.29999999998836
Atlas,1c2e54b3b8df+bench,SVG,instrument-2026-10-07T06-37-50.292Z,mixed-3000-seed-41544c53,zoom,camera_api_sync_ms,ms,33,0
Atlas,1c2e54b3b8df+bench,SVG,instrument-2026-10-07T06-37-50.292Z,mixed-3000-seed-41544c53,zoom,frame_interval_ms,ms,34,50
Atlas,1c2e54b3b8df+bench,SVG,instrument-2026-10-07T06-37-50.292Z,mixed-3000-seed-41544c53,zoom,camera_api_sync_ms,ms,34,0
Atlas,1c2e54b3b8df+bench,SVG,instrument-2026-10-07T06-37-50.292Z,mixed-3000-seed-41544c53,zoom,frame_interval_ms,ms,35,50
Atlas,1c2e54b3b8df+bench,SVG,instrument-2026-10-07T06-37-50.292Z,mixed-3000-seed-41544c53,zoom,camera_api_sync_ms,ms,35,0
Atlas,1c2e54b3b8df+bench,SVG,instrument-2026-10-07T06-37-50.292Z,mixed-3000-seed-41544c53,zoom,frame_interval_ms,ms,36,50
Atlas,1c2e54b3b8df+bench,SVG,instrument-2026-10-07T06-37-50.292Z,mixed-3000-seed-41544c53,zoom,camera_api_sync_ms,ms,36,0
Atlas,1c2e54b3b8df+bench,SVG,instrument-2026-10-07T06-37-50.292Z,mixed-3000-seed-41544c53,zoom,frame_interval_ms,ms,37,33.39999999999418
Atlas,1c2e54b3b8df+bench,SVG,instrument-2026-10-07T06-37-50.292Z,mixed-3000-seed-41544c53,zoom,camera_api_sync_ms,ms,37,0
Atlas,1c2e54b3b8df+bench,SVG,instrument-2026-10-07T06-37-50.292Z,mixed-3000-seed-41544c53,zoom,frame_interval_ms,ms,38,49.89999999999418
Atlas,1c2e54b3b8df+bench,SVG,instrument-2026-10-07T06-37-50.292Z,mixed-3000-seed-41544c53,zoom,camera_api_sync_ms,ms,38,0
Atlas,1c2e54b3b8df+bench,SVG,instrument-2026-10-07T06-37-50.292Z,mixed-3000-seed-41544c53,zoom,frame_interval_ms,ms,39,33.40000000002328
Atlas,1c2e54b3b8df+bench,SVG,instrument-2026-10-07T06-37-50.292Z,mixed-3000-seed-41544c53,zoom,camera_api_sync_ms,ms,39,0
Atlas,1c2e54b3b8df+bench,SVG,instrument-2026-10-07T06-37-50.292Z,mixed-3000-seed-41544c53,zoom,motion_elapsed_ms,ms,0,1533.3000000000175
Atlas,1c2e54b3b8df+bench,SVG,instrument-2026-10-07T06-37-50.292Z,mixed-3000-seed-41544c53,zoom,camera_updates,count,0,40
Atlas,1c2e54b3b8df+bench,SVG,instrument-2026-10-07T06-37-50.292Z,mixed-3000-seed-41544c53,zoom,svg_attribute_writes,count,0,600120
Atlas,1c2e54b3b8df+bench,SVG,instrument-2026-10-07T06-37-50.292Z,mixed-3000-seed-41544c53,zoom,renderer_scene_reads,count,0,40
Atlas,1c2e54b3b8df+bench,SVG,instrument-2026-10-07T06-37-50.292Z,mixed-3000-seed-41544c53,zoom,root_iterator_creations,count,0,40
Atlas,1c2e54b3b8df+bench,SVG,instrument-2026-10-07T06-37-50.292Z,mixed-3000-seed-41544c53,zoom,root_iterator_next_calls,count,0,120000
Atlas,1c2e54b3b8df+bench,SVG,instrument-2026-10-07T06-37-50.292Z,mixed-3000-seed-41544c53,zoom,route_membership_reads,count,0,72000
Atlas,1c2e54b3b8df+bench,SVG,instrument-2026-10-07T06-37-50.292Z,mixed-3000-seed-41544c53,zoom,svg_attribute_removals,count,0,288000
Atlas,1c2e54b3b8df+bench,SVG,instrument-2026-10-07T06-37-50.292Z,mixed-3000-seed-41544c53,zoom,renderer_calls,count,0,40
Atlas,1c2e54b3b8df+bench,SVG,instrument-2026-10-07T06-37-50.292Z,mixed-3000-seed-41544c53,zoom,layout_rect_reads,count,0,0
Atlas,1c2e54b3b8df+bench,SVG,instrument-2026-10-07T06-37-50.292Z,mixed-3000-seed-41544c53,zoom,instrumented_renderer_callback_ms,ms,0,11.5
Atlas,1c2e54b3b8df+bench,SVG,instrument-2026-10-07T06-37-50.292Z,mixed-3000-seed-41544c53,zoom,instrumented_renderer_callback_ms,ms,1,9.900000095367432
Atlas,1c2e54b3b8df+bench,SVG,instrument-2026-10-07T06-37-50.292Z,mixed-3000-seed-41544c53,zoom,instrumented_renderer_callback_ms,ms,2,9.700000047683716
Atlas,1c2e54b3b8df+bench,SVG,instrument-2026-10-07T06-37-50.292Z,mixed-3000-seed-41544c53,zoom,instrumented_renderer_callback_ms,ms,3,9.700000047683716
Atlas,1c2e54b3b8df+bench,SVG,instrument-2026-10-07T06-37-50.292Z,mixed-3000-seed-41544c53,zoom,instrumented_renderer_callback_ms,ms,4,9.700000047683716
Atlas,1c2e54b3b8df+bench,SVG,instrument-2026-10-07T06-37-50.292Z,mixed-3000-seed-41544c53,zoom,instrumented_renderer_callback_ms,ms,5,9.5
Atlas,1c2e54b3b8df+bench,SVG,instrument-2026-10-07T06-37-50.292Z,mixed-3000-seed-41544c53,zoom,instrumented_renderer_callback_ms,ms,6,9.599999904632568
Atlas,1c2e54b3b8df+bench,SVG,instrument-2026-10-07T06-37-50.292Z,mixed-3000-seed-41544c53,zoom,instrumented_renderer_callback_ms,ms,7,9.599999904632568
Atlas,1c2e54b3b8df+bench,SVG,instrument-2026-10-07T06-37-50.292Z,mixed-3000-seed-41544c53,zoom,instrumented_renderer_callback_ms,ms,8,9.600000143051147
Atlas,1c2e54b3b8df+bench,SVG,instrument-2026-10-07T06-37-50.292Z,mixed-3000-seed-41544c53,zoom,instrumented_renderer_callback_ms,ms,9,9.700000047683716
Atlas,1c2e54b3b8df+bench,SVG,instrument-2026-10-07T06-37-50.292Z,mixed-3000-seed-41544c53,zoom,instrumented_renderer_callback_ms,ms,10,9.600000143051147
Atlas,1c2e54b3b8df+bench,SVG,instrument-2026-10-07T06-37-50.292Z,mixed-3000-seed-41544c53,zoom,instrumented_renderer_callback_ms,ms,11,9.700000047683716
Atlas,1c2e54b3b8df+bench,SVG,instrument-2026-10-07T06-37-50.292Z,mixed-3000-seed-41544c53,zoom,instrumented_renderer_callback_ms,ms,12,9.799999952316284
Atlas,1c2e54b3b8df+bench,SVG,instrument-2026-10-07T06-37-50.292Z,mixed-3000-seed-41544c53,zoom,instrumented_renderer_callback_ms,ms,13,9.799999952316284
Atlas,1c2e54b3b8df+bench,SVG,instrument-2026-10-07T06-37-50.292Z,mixed-3000-seed-41544c53,zoom,instrumented_renderer_callback_ms,ms,14,9.900000095367432
Atlas,1c2e54b3b8df+bench,SVG,instrument-2026-10-07T06-37-50.292Z,mixed-3000-seed-41544c53,zoom,instrumented_renderer_callback_ms,ms,15,9.800000190734863
Atlas,1c2e54b3b8df+bench,SVG,instrument-2026-10-07T06-37-50.292Z,mixed-3000-seed-41544c53,zoom,instrumented_renderer_callback_ms,ms,16,9.699999809265137
Atlas,1c2e54b3b8df+bench,SVG,instrument-2026-10-07T06-37-50.292Z,mixed-3000-seed-41544c53,zoom,instrumented_renderer_callback_ms,ms,17,9.799999952316284
Atlas,1c2e54b3b8df+bench,SVG,instrument-2026-10-07T06-37-50.292Z,mixed-3000-seed-41544c53,zoom,instrumented_renderer_callback_ms,ms,18,9.799999952316284
Atlas,1c2e54b3b8df+bench,SVG,instrument-2026-10-07T06-37-50.292Z,mixed-3000-seed-41544c53,zoom,instrumented_renderer_callback_ms,ms,19,9.799999952316284
Atlas,1c2e54b3b8df+bench,SVG,instrument-2026-10-07T06-37-50.292Z,mixed-3000-seed-41544c53,zoom,instrumented_renderer_callback_ms,ms,20,9.900000095367432
Atlas,1c2e54b3b8df+bench,SVG,instrument-2026-10-07T06-37-50.292Z,mixed-3000-seed-41544c53,zoom,instrumented_renderer_callback_ms,ms,21,10.699999809265137
Atlas,1c2e54b3b8df+bench,SVG,instrument-2026-10-07T06-37-50.292Z,mixed-3000-seed-41544c53,zoom,instrumented_renderer_callback_ms,ms,22,10.400000095367432
Atlas,1c2e54b3b8df+bench,SVG,instrument-2026-10-07T06-37-50.292Z,mixed-3000-seed-41544c53,zoom,instrumented_renderer_callback_ms,ms,23,10.099999904632568
Atlas,1c2e54b3b8df+bench,SVG,instrument-2026-10-07T06-37-50.292Z,mixed-3000-seed-41544c53,zoom,instrumented_renderer_callback_ms,ms,24,9.599999904632568
Atlas,1c2e54b3b8df+bench,SVG,instrument-2026-10-07T06-37-50.292Z,mixed-3000-seed-41544c53,zoom,instrumented_renderer_callback_ms,ms,25,10
Atlas,1c2e54b3b8df+bench,SVG,instrument-2026-10-07T06-37-50.292Z,mixed-3000-seed-41544c53,zoom,instrumented_renderer_callback_ms,ms,26,9.899999856948853
Atlas,1c2e54b3b8df+bench,SVG,instrument-2026-10-07T06-37-50.292Z,mixed-3000-seed-41544c53,zoom,instrumented_renderer_callback_ms,ms,27,10.099999904632568
Atlas,1c2e54b3b8df+bench,SVG,instrument-2026-10-07T06-37-50.292Z,mixed-3000-seed-41544c53,zoom,instrumented_renderer_callback_ms,ms,28,9.899999856948853
Atlas,1c2e54b3b8df+bench,SVG,instrument-2026-10-07T06-37-50.292Z,mixed-3000-seed-41544c53,zoom,instrumented_renderer_callback_ms,ms,29,10.399999856948853
Atlas,1c2e54b3b8df+bench,SVG,instrument-2026-10-07T06-37-50.292Z,mixed-3000-seed-41544c53,zoom,instrumented_renderer_callback_ms,ms,30,10.299999952316284
Atlas,1c2e54b3b8df+bench,SVG,instrument-2026-10-07T06-37-50.292Z,mixed-3000-seed-41544c53,zoom,instrumented_renderer_callback_ms,ms,31,9.900000095367432
Atlas,1c2e54b3b8df+bench,SVG,instrument-2026-10-07T06-37-50.292Z,mixed-3000-seed-41544c53,zoom,instrumented_renderer_callback_ms,ms,32,9.899999856948853
Atlas,1c2e54b3b8df+bench,SVG,instrument-2026-10-07T06-37-50.292Z,mixed-3000-seed-41544c53,zoom,instrumented_renderer_callback_ms,ms,33,9.5
Atlas,1c2e54b3b8df+bench,SVG,instrument-2026-10-07T06-37-50.292Z,mixed-3000-seed-41544c53,zoom,instrumented_renderer_callback_ms,ms,34,10
Atlas,1c2e54b3b8df+bench,SVG,instrument-2026-10-07T06-37-50.292Z,mixed-3000-seed-41544c53,zoom,instrumented_renderer_callback_ms,ms,35,9.700000047683716
Atlas,1c2e54b3b8df+bench,SVG,instrument-2026-10-07T06-37-50.292Z,mixed-3000-seed-41544c53,zoom,instrumented_renderer_callback_ms,ms,36,9.700000047683716
Atlas,1c2e54b3b8df+bench,SVG,instrument-2026-10-07T06-37-50.292Z,mixed-3000-seed-41544c53,zoom,instrumented_renderer_callback_ms,ms,37,9.900000095367432
Atlas,1c2e54b3b8df+bench,SVG,instrument-2026-10-07T06-37-50.292Z,mixed-3000-seed-41544c53,zoom,instrumented_renderer_callback_ms,ms,38,10.299999952316284
Atlas,1c2e54b3b8df+bench,SVG,instrument-2026-10-07T06-37-50.292Z,mixed-3000-seed-41544c53,zoom,instrumented_renderer_callback_ms,ms,39,10.5
Atlas,1c2e54b3b8df+bench,SVG,instrument-2026-10-07T06-37-50.292Z,mixed-3000-seed-41544c53,zoom,cleanup_renderer_calls,count,0,0
Atlas,1c2e54b3b8df+bench,SVG,instrument-2026-10-07T06-37-50.292Z,mixed-3000-seed-41544c53,zoom,cleanup_stage_children,count,0,0
Atlas,1c2e54b3b8df+bench,SVG,instrument-2026-10-07T06-37-50.292Z,mixed-3000-seed-41544c53,hit,spatial_hit_test_sync_ms,ms,0,0.19999980926513672
Atlas,1c2e54b3b8df+bench,SVG,instrument-2026-10-07T06-37-50.292Z,mixed-3000-seed-41544c53,hit,spatial_hit_test_sync_ms,ms,1,0.3000001907348633
Atlas,1c2e54b3b8df+bench,SVG,instrument-2026-10-07T06-37-50.292Z,mixed-3000-seed-41544c53,hit,spatial_hit_test_sync_ms,ms,2,0.19999980926513672
Atlas,1c2e54b3b8df+bench,SVG,instrument-2026-10-07T06-37-50.292Z,mixed-3000-seed-41544c53,hit,spatial_hit_test_sync_ms,ms,3,0.3000001907348633
Atlas,1c2e54b3b8df+bench,SVG,instrument-2026-10-07T06-37-50.292Z,mixed-3000-seed-41544c53,hit,spatial_hit_test_sync_ms,ms,4,0.19999980926513672
Atlas,1c2e54b3b8df+bench,SVG,instrument-2026-10-07T06-37-50.292Z,mixed-3000-seed-41544c53,hit,spatial_hit_test_sync_ms,ms,5,0.20000004768371582
Atlas,1c2e54b3b8df+bench,SVG,instrument-2026-10-07T06-37-50.292Z,mixed-3000-seed-41544c53,hit,spatial_hit_test_sync_ms,ms,6,0.2999999523162842
Atlas,1c2e54b3b8df+bench,SVG,instrument-2026-10-07T06-37-50.292Z,mixed-3000-seed-41544c53,hit,spatial_hit_test_sync_ms,ms,7,0.10000014305114746
Atlas,1c2e54b3b8df+bench,SVG,instrument-2026-10-07T06-37-50.292Z,mixed-3000-seed-41544c53,hit,spatial_hit_test_sync_ms,ms,8,0.2999999523162842
Atlas,1c2e54b3b8df+bench,SVG,instrument-2026-10-07T06-37-50.292Z,mixed-3000-seed-41544c53,hit,spatial_hit_test_sync_ms,ms,9,0.20000004768371582
Atlas,1c2e54b3b8df+bench,SVG,instrument-2026-10-07T06-37-50.292Z,mixed-3000-seed-41544c53,hit,spatial_hit_test_sync_ms,ms,10,0.20000004768371582
Atlas,1c2e54b3b8df+bench,SVG,instrument-2026-10-07T06-37-50.292Z,mixed-3000-seed-41544c53,hit,spatial_hit_test_sync_ms,ms,11,0.2999999523162842
Atlas,1c2e54b3b8df+bench,SVG,instrument-2026-10-07T06-37-50.292Z,mixed-3000-seed-41544c53,hit,spatial_hit_test_sync_ms,ms,12,3.3999998569488525
Atlas,1c2e54b3b8df+bench,SVG,instrument-2026-10-07T06-37-50.292Z,mixed-3000-seed-41544c53,hit,spatial_hit_test_sync_ms,ms,13,0.20000004768371582
Atlas,1c2e54b3b8df+bench,SVG,instrument-2026-10-07T06-37-50.292Z,mixed-3000-seed-41544c53,hit,spatial_hit_test_sync_ms,ms,14,0.20000004768371582
Atlas,1c2e54b3b8df+bench,SVG,instrument-2026-10-07T06-37-50.292Z,mixed-3000-seed-41544c53,hit,spatial_hit_test_sync_ms,ms,15,0.20000004768371582
Atlas,1c2e54b3b8df+bench,SVG,instrument-2026-10-07T06-37-50.292Z,mixed-3000-seed-41544c53,hit,spatial_hit_test_sync_ms,ms,16,0.2999999523162842
Atlas,1c2e54b3b8df+bench,SVG,instrument-2026-10-07T06-37-50.292Z,mixed-3000-seed-41544c53,hit,spatial_hit_test_sync_ms,ms,17,0.2999999523162842
Atlas,1c2e54b3b8df+bench,SVG,instrument-2026-10-07T06-37-50.292Z,mixed-3000-seed-41544c53,hit,spatial_hit_test_sync_ms,ms,18,0.10000014305114746
Atlas,1c2e54b3b8df+bench,SVG,instrument-2026-10-07T06-37-50.292Z,mixed-3000-seed-41544c53,hit,spatial_hit_test_sync_ms,ms,19,0.2999999523162842
Atlas,1c2e54b3b8df+bench,SVG,instrument-2026-10-07T06-37-50.292Z,mixed-3000-seed-41544c53,hit,spatial_hit_test_sync_ms,ms,20,0.2999999523162842
Atlas,1c2e54b3b8df+bench,SVG,instrument-2026-10-07T06-37-50.292Z,mixed-3000-seed-41544c53,hit,spatial_hit_test_sync_ms,ms,21,0.20000004768371582
Atlas,1c2e54b3b8df+bench,SVG,instrument-2026-10-07T06-37-50.292Z,mixed-3000-seed-41544c53,hit,spatial_hit_test_sync_ms,ms,22,0.20000004768371582
Atlas,1c2e54b3b8df+bench,SVG,instrument-2026-10-07T06-37-50.292Z,mixed-3000-seed-41544c53,hit,spatial_hit_test_sync_ms,ms,23,0.2999999523162842
Atlas,1c2e54b3b8df+bench,SVG,instrument-2026-10-07T06-37-50.292Z,mixed-3000-seed-41544c53,hit,spatial_hit_test_sync_ms,ms,24,0.2999999523162842
Atlas,1c2e54b3b8df+bench,SVG,instrument-2026-10-07T06-37-50.292Z,mixed-3000-seed-41544c53,hit,spatial_hit_test_sync_ms,ms,25,0.20000004768371582
Atlas,1c2e54b3b8df+bench,SVG,instrument-2026-10-07T06-37-50.292Z,mixed-3000-seed-41544c53,hit,spatial_hit_test_sync_ms,ms,26,0.20000004768371582
Atlas,1c2e54b3b8df+bench,SVG,instrument-2026-10-07T06-37-50.292Z,mixed-3000-seed-41544c53,hit,spatial_hit_test_sync_ms,ms,27,0.19999980926513672
Atlas,1c2e54b3b8df+bench,SVG,instrument-2026-10-07T06-37-50.292Z,mixed-3000-seed-41544c53,hit,spatial_hit_test_sync_ms,ms,28,0.3000001907348633
Atlas,1c2e54b3b8df+bench,SVG,instrument-2026-10-07T06-37-50.292Z,mixed-3000-seed-41544c53,hit,spatial_hit_test_sync_ms,ms,29,0.19999980926513672
Atlas,1c2e54b3b8df+bench,SVG,instrument-2026-10-07T06-37-50.292Z,mixed-3000-seed-41544c53,hit,spatial_hit_test_sync_ms,ms,30,0.20000004768371582
Atlas,1c2e54b3b8df+bench,SVG,instrument-2026-10-07T06-37-50.292Z,mixed-3000-seed-41544c53,hit,spatial_hit_test_sync_ms,ms,31,0.2999999523162842
Atlas,1c2e54b3b8df+bench,SVG,instrument-2026-10-07T06-37-50.292Z,mixed-3000-seed-41544c53,hit,spatial_hit_test_sync_ms,ms,32,0.3000001907348633
Atlas,1c2e54b3b8df+bench,SVG,instrument-2026-10-07T06-37-50.292Z,mixed-3000-seed-41544c53,hit,spatial_hit_test_sync_ms,ms,33,0.09999990463256836
Atlas,1c2e54b3b8df+bench,SVG,instrument-2026-10-07T06-37-50.292Z,mixed-3000-seed-41544c53,hit,spatial_hit_test_sync_ms,ms,34,0.2999999523162842
Atlas,1c2e54b3b8df+bench,SVG,instrument-2026-10-07T06-37-50.292Z,mixed-3000-seed-41544c53,hit,spatial_hit_test_sync_ms,ms,35,0.2999999523162842
Atlas,1c2e54b3b8df+bench,SVG,instrument-2026-10-07T06-37-50.292Z,mixed-3000-seed-41544c53,hit,spatial_hit_test_sync_ms,ms,36,0.20000004768371582
Atlas,1c2e54b3b8df+bench,SVG,instrument-2026-10-07T06-37-50.292Z,mixed-3000-seed-41544c53,hit,spatial_hit_test_sync_ms,ms,37,0.2999999523162842
Atlas,1c2e54b3b8df+bench,SVG,instrument-2026-10-07T06-37-50.292Z,mixed-3000-seed-41544c53,hit,spatial_hit_test_sync_ms,ms,38,0.20000004768371582
Atlas,1c2e54b3b8df+bench,SVG,instrument-2026-10-07T06-37-50.292Z,mixed-3000-seed-41544c53,hit,spatial_hit_test_sync_ms,ms,39,0.10000014305114746
Atlas,1c2e54b3b8df+bench,SVG,instrument-2026-10-07T06-37-50.292Z,mixed-3000-seed-41544c53,hit,spatial_hit_test_sync_ms,ms,40,0.2999999523162842
Atlas,1c2e54b3b8df+bench,SVG,instrument-2026-10-07T06-37-50.292Z,mixed-3000-seed-41544c53,hit,spatial_hit_test_sync_ms,ms,41,0.20000004768371582
Atlas,1c2e54b3b8df+bench,SVG,instrument-2026-10-07T06-37-50.292Z,mixed-3000-seed-41544c53,hit,spatial_hit_test_sync_ms,ms,42,0.2999999523162842
Atlas,1c2e54b3b8df+bench,SVG,instrument-2026-10-07T06-37-50.292Z,mixed-3000-seed-41544c53,hit,spatial_hit_test_sync_ms,ms,43,0.20000004768371582
Atlas,1c2e54b3b8df+bench,SVG,instrument-2026-10-07T06-37-50.292Z,mixed-3000-seed-41544c53,hit,spatial_hit_test_sync_ms,ms,44,0.2999999523162842
Atlas,1c2e54b3b8df+bench,SVG,instrument-2026-10-07T06-37-50.292Z,mixed-3000-seed-41544c53,hit,spatial_hit_test_sync_ms,ms,45,0.20000004768371582
Atlas,1c2e54b3b8df+bench,SVG,instrument-2026-10-07T06-37-50.292Z,mixed-3000-seed-41544c53,hit,spatial_hit_test_sync_ms,ms,46,0.19999980926513672
Atlas,1c2e54b3b8df+bench,SVG,instrument-2026-10-07T06-37-50.292Z,mixed-3000-seed-41544c53,hit,spatial_hit_test_sync_ms,ms,47,0.20000004768371582
Atlas,1c2e54b3b8df+bench,SVG,instrument-2026-10-07T06-37-50.292Z,mixed-3000-seed-41544c53,hit,spatial_hit_test_sync_ms,ms,48,0.20000004768371582
Atlas,1c2e54b3b8df+bench,SVG,instrument-2026-10-07T06-37-50.292Z,mixed-3000-seed-41544c53,hit,spatial_hit_test_sync_ms,ms,49,0.2999999523162842
Atlas,1c2e54b3b8df+bench,SVG,instrument-2026-10-07T06-37-50.292Z,mixed-3000-seed-41544c53,hit,spatial_hit_test_sync_ms,ms,50,0.20000004768371582
Atlas,1c2e54b3b8df+bench,SVG,instrument-2026-10-07T06-37-50.292Z,mixed-3000-seed-41544c53,hit,spatial_hit_test_sync_ms,ms,51,0.20000004768371582
Atlas,1c2e54b3b8df+bench,SVG,instrument-2026-10-07T06-37-50.292Z,mixed-3000-seed-41544c53,hit,spatial_hit_test_sync_ms,ms,52,0.20000004768371582
Atlas,1c2e54b3b8df+bench,SVG,instrument-2026-10-07T06-37-50.292Z,mixed-3000-seed-41544c53,hit,spatial_hit_test_sync_ms,ms,53,0.2999999523162842
Atlas,1c2e54b3b8df+bench,SVG,instrument-2026-10-07T06-37-50.292Z,mixed-3000-seed-41544c53,hit,spatial_hit_test_sync_ms,ms,54,0.20000004768371582
Atlas,1c2e54b3b8df+bench,SVG,instrument-2026-10-07T06-37-50.292Z,mixed-3000-seed-41544c53,hit,spatial_hit_test_sync_ms,ms,55,0.19999980926513672
Atlas,1c2e54b3b8df+bench,SVG,instrument-2026-10-07T06-37-50.292Z,mixed-3000-seed-41544c53,hit,spatial_hit_test_sync_ms,ms,56,0.3000001907348633
Atlas,1c2e54b3b8df+bench,SVG,instrument-2026-10-07T06-37-50.292Z,mixed-3000-seed-41544c53,hit,spatial_hit_test_sync_ms,ms,57,0.19999980926513672
Atlas,1c2e54b3b8df+bench,SVG,instrument-2026-10-07T06-37-50.292Z,mixed-3000-seed-41544c53,hit,spatial_hit_test_sync_ms,ms,58,0.20000004768371582
Atlas,1c2e54b3b8df+bench,SVG,instrument-2026-10-07T06-37-50.292Z,mixed-3000-seed-41544c53,hit,spatial_hit_test_sync_ms,ms,59,0.20000004768371582
Atlas,1c2e54b3b8df+bench,SVG,instrument-2026-10-07T06-37-50.292Z,mixed-3000-seed-41544c53,hit,spatial_hit_test_sync_ms,ms,60,0.20000004768371582
Atlas,1c2e54b3b8df+bench,SVG,instrument-2026-10-07T06-37-50.292Z,mixed-3000-seed-41544c53,hit,spatial_hit_test_sync_ms,ms,61,0.2999999523162842
Atlas,1c2e54b3b8df+bench,SVG,instrument-2026-10-07T06-37-50.292Z,mixed-3000-seed-41544c53,hit,spatial_hit_test_sync_ms,ms,62,0.2999999523162842
Atlas,1c2e54b3b8df+bench,SVG,instrument-2026-10-07T06-37-50.292Z,mixed-3000-seed-41544c53,hit,spatial_hit_test_sync_ms,ms,63,0.20000004768371582
Atlas,1c2e54b3b8df+bench,SVG,instrument-2026-10-07T06-37-50.292Z,mixed-3000-seed-41544c53,hit,spatial_hit_test_sync_ms,ms,64,0.20000004768371582
Atlas,1c2e54b3b8df+bench,SVG,instrument-2026-10-07T06-37-50.292Z,mixed-3000-seed-41544c53,hit,spatial_hit_test_sync_ms,ms,65,0.20000004768371582
Atlas,1c2e54b3b8df+bench,SVG,instrument-2026-10-07T06-37-50.292Z,mixed-3000-seed-41544c53,hit,spatial_hit_test_sync_ms,ms,66,0.19999980926513672
Atlas,1c2e54b3b8df+bench,SVG,instrument-2026-10-07T06-37-50.292Z,mixed-3000-seed-41544c53,hit,spatial_hit_test_sync_ms,ms,67,0.3000001907348633
Atlas,1c2e54b3b8df+bench,SVG,instrument-2026-10-07T06-37-50.292Z,mixed-3000-seed-41544c53,hit,spatial_hit_test_sync_ms,ms,68,0.19999980926513672
Atlas,1c2e54b3b8df+bench,SVG,instrument-2026-10-07T06-37-50.292Z,mixed-3000-seed-41544c53,hit,spatial_hit_test_sync_ms,ms,69,0.3000001907348633
Atlas,1c2e54b3b8df+bench,SVG,instrument-2026-10-07T06-37-50.292Z,mixed-3000-seed-41544c53,hit,spatial_hit_test_sync_ms,ms,70,0.09999990463256836
Atlas,1c2e54b3b8df+bench,SVG,instrument-2026-10-07T06-37-50.292Z,mixed-3000-seed-41544c53,hit,spatial_hit_test_sync_ms,ms,71,0.2999999523162842
Atlas,1c2e54b3b8df+bench,SVG,instrument-2026-10-07T06-37-50.292Z,mixed-3000-seed-41544c53,hit,spatial_hit_test_sync_ms,ms,72,0.20000004768371582
Atlas,1c2e54b3b8df+bench,SVG,instrument-2026-10-07T06-37-50.292Z,mixed-3000-seed-41544c53,hit,spatial_hit_test_sync_ms,ms,73,0.20000004768371582
Atlas,1c2e54b3b8df+bench,SVG,instrument-2026-10-07T06-37-50.292Z,mixed-3000-seed-41544c53,hit,spatial_hit_test_sync_ms,ms,74,0.20000004768371582
Atlas,1c2e54b3b8df+bench,SVG,instrument-2026-10-07T06-37-50.292Z,mixed-3000-seed-41544c53,hit,spatial_hit_test_sync_ms,ms,75,0.19999980926513672
Atlas,1c2e54b3b8df+bench,SVG,instrument-2026-10-07T06-37-50.292Z,mixed-3000-seed-41544c53,hit,spatial_hit_test_sync_ms,ms,76,0.20000004768371582
Atlas,1c2e54b3b8df+bench,SVG,instrument-2026-10-07T06-37-50.292Z,mixed-3000-seed-41544c53,hit,spatial_hit_test_sync_ms,ms,77,0.2999999523162842
Atlas,1c2e54b3b8df+bench,SVG,instrument-2026-10-07T06-37-50.292Z,mixed-3000-seed-41544c53,hit,spatial_hit_test_sync_ms,ms,78,0.20000004768371582
Atlas,1c2e54b3b8df+bench,SVG,instrument-2026-10-07T06-37-50.292Z,mixed-3000-seed-41544c53,hit,spatial_hit_test_sync_ms,ms,79,0.20000004768371582
Atlas,1c2e54b3b8df+bench,SVG,instrument-2026-10-07T06-37-50.292Z,mixed-3000-seed-41544c53,hit,spatial_hit_test_sync_ms,ms,80,0.20000004768371582
Atlas,1c2e54b3b8df+bench,SVG,instrument-2026-10-07T06-37-50.292Z,mixed-3000-seed-41544c53,hit,spatial_hit_test_sync_ms,ms,81,0.20000004768371582
Atlas,1c2e54b3b8df+bench,SVG,instrument-2026-10-07T06-37-50.292Z,mixed-3000-seed-41544c53,hit,spatial_hit_test_sync_ms,ms,82,0.2999999523162842
Atlas,1c2e54b3b8df+bench,SVG,instrument-2026-10-07T06-37-50.292Z,mixed-3000-seed-41544c53,hit,spatial_hit_test_sync_ms,ms,83,0.20000004768371582
Atlas,1c2e54b3b8df+bench,SVG,instrument-2026-10-07T06-37-50.292Z,mixed-3000-seed-41544c53,hit,spatial_hit_test_sync_ms,ms,84,0.19999980926513672
Atlas,1c2e54b3b8df+bench,SVG,instrument-2026-10-07T06-37-50.292Z,mixed-3000-seed-41544c53,hit,spatial_hit_test_sync_ms,ms,85,0.20000004768371582
Atlas,1c2e54b3b8df+bench,SVG,instrument-2026-10-07T06-37-50.292Z,mixed-3000-seed-41544c53,hit,spatial_hit_test_sync_ms,ms,86,0.2999999523162842
Atlas,1c2e54b3b8df+bench,SVG,instrument-2026-10-07T06-37-50.292Z,mixed-3000-seed-41544c53,hit,spatial_hit_test_sync_ms,ms,87,0.20000004768371582
Atlas,1c2e54b3b8df+bench,SVG,instrument-2026-10-07T06-37-50.292Z,mixed-3000-seed-41544c53,hit,spatial_hit_test_sync_ms,ms,88,0.20000004768371582
Atlas,1c2e54b3b8df+bench,SVG,instrument-2026-10-07T06-37-50.292Z,mixed-3000-seed-41544c53,hit,spatial_hit_test_sync_ms,ms,89,0.20000004768371582
Atlas,1c2e54b3b8df+bench,SVG,instrument-2026-10-07T06-37-50.292Z,mixed-3000-seed-41544c53,hit,spatial_hit_test_sync_ms,ms,90,0.2999999523162842
Atlas,1c2e54b3b8df+bench,SVG,instrument-2026-10-07T06-37-50.292Z,mixed-3000-seed-41544c53,hit,spatial_hit_test_sync_ms,ms,91,0.09999990463256836
Atlas,1c2e54b3b8df+bench,SVG,instrument-2026-10-07T06-37-50.292Z,mixed-3000-seed-41544c53,hit,spatial_hit_test_sync_ms,ms,92,0.3000001907348633
Atlas,1c2e54b3b8df+bench,SVG,instrument-2026-10-07T06-37-50.292Z,mixed-3000-seed-41544c53,hit,spatial_hit_test_sync_ms,ms,93,0.19999980926513672
Atlas,1c2e54b3b8df+bench,SVG,instrument-2026-10-07T06-37-50.292Z,mixed-3000-seed-41544c53,hit,spatial_hit_test_sync_ms,ms,94,0.3000001907348633
Atlas,1c2e54b3b8df+bench,SVG,instrument-2026-10-07T06-37-50.292Z,mixed-3000-seed-41544c53,hit,spatial_hit_test_sync_ms,ms,95,0.19999980926513672
Atlas,1c2e54b3b8df+bench,SVG,instrument-2026-10-07T06-37-50.292Z,mixed-3000-seed-41544c53,hit,spatial_hit_test_sync_ms,ms,96,0.20000004768371582
Atlas,1c2e54b3b8df+bench,SVG,instrument-2026-10-07T06-37-50.292Z,mixed-3000-seed-41544c53,hit,spatial_hit_test_sync_ms,ms,97,0.10000014305114746
Atlas,1c2e54b3b8df+bench,SVG,instrument-2026-10-07T06-37-50.292Z,mixed-3000-seed-41544c53,hit,spatial_hit_test_sync_ms,ms,98,0.2999999523162842
Atlas,1c2e54b3b8df+bench,SVG,instrument-2026-10-07T06-37-50.292Z,mixed-3000-seed-41544c53,hit,spatial_hit_test_sync_ms,ms,99,0.20000004768371582
Atlas,1c2e54b3b8df+bench,SVG,instrument-2026-10-07T06-37-50.292Z,mixed-3000-seed-41544c53,hit,spatial_hit_test_sync_ms,ms,100,0.19999980926513672
Atlas,1c2e54b3b8df+bench,SVG,instrument-2026-10-07T06-37-50.292Z,mixed-3000-seed-41544c53,hit,spatial_hit_test_sync_ms,ms,101,3.6000001430511475
Atlas,1c2e54b3b8df+bench,SVG,instrument-2026-10-07T06-37-50.292Z,mixed-3000-seed-41544c53,hit,spatial_hit_test_sync_ms,ms,102,0.20000004768371582
Atlas,1c2e54b3b8df+bench,SVG,instrument-2026-10-07T06-37-50.292Z,mixed-3000-seed-41544c53,hit,spatial_hit_test_sync_ms,ms,103,0.19999980926513672
Atlas,1c2e54b3b8df+bench,SVG,instrument-2026-10-07T06-37-50.292Z,mixed-3000-seed-41544c53,hit,spatial_hit_test_sync_ms,ms,104,0.20000004768371582
Atlas,1c2e54b3b8df+bench,SVG,instrument-2026-10-07T06-37-50.292Z,mixed-3000-seed-41544c53,hit,spatial_hit_test_sync_ms,ms,105,0.20000004768371582
Atlas,1c2e54b3b8df+bench,SVG,instrument-2026-10-07T06-37-50.292Z,mixed-3000-seed-41544c53,hit,spatial_hit_test_sync_ms,ms,106,0.20000004768371582
Atlas,1c2e54b3b8df+bench,SVG,instrument-2026-10-07T06-37-50.292Z,mixed-3000-seed-41544c53,hit,spatial_hit_test_sync_ms,ms,107,0.2999999523162842
Atlas,1c2e54b3b8df+bench,SVG,instrument-2026-10-07T06-37-50.292Z,mixed-3000-seed-41544c53,hit,spatial_hit_test_sync_ms,ms,108,0.20000004768371582
Atlas,1c2e54b3b8df+bench,SVG,instrument-2026-10-07T06-37-50.292Z,mixed-3000-seed-41544c53,hit,spatial_hit_test_sync_ms,ms,109,0.09999990463256836
Atlas,1c2e54b3b8df+bench,SVG,instrument-2026-10-07T06-37-50.292Z,mixed-3000-seed-41544c53,hit,spatial_hit_test_sync_ms,ms,110,0.2999999523162842
Atlas,1c2e54b3b8df+bench,SVG,instrument-2026-10-07T06-37-50.292Z,mixed-3000-seed-41544c53,hit,spatial_hit_test_sync_ms,ms,111,0.20000004768371582
Atlas,1c2e54b3b8df+bench,SVG,instrument-2026-10-07T06-37-50.292Z,mixed-3000-seed-41544c53,hit,spatial_hit_test_sync_ms,ms,112,0.20000004768371582
Atlas,1c2e54b3b8df+bench,SVG,instrument-2026-10-07T06-37-50.292Z,mixed-3000-seed-41544c53,hit,spatial_hit_test_sync_ms,ms,113,0.20000004768371582
Atlas,1c2e54b3b8df+bench,SVG,instrument-2026-10-07T06-37-50.292Z,mixed-3000-seed-41544c53,hit,spatial_hit_test_sync_ms,ms,114,0.20000004768371582
Atlas,1c2e54b3b8df+bench,SVG,instrument-2026-10-07T06-37-50.292Z,mixed-3000-seed-41544c53,hit,spatial_hit_test_sync_ms,ms,115,0.2999999523162842
Atlas,1c2e54b3b8df+bench,SVG,instrument-2026-10-07T06-37-50.292Z,mixed-3000-seed-41544c53,hit,spatial_hit_test_sync_ms,ms,116,0.20000004768371582
Atlas,1c2e54b3b8df+bench,SVG,instrument-2026-10-07T06-37-50.292Z,mixed-3000-seed-41544c53,hit,spatial_hit_test_sync_ms,ms,117,0.19999980926513672
Atlas,1c2e54b3b8df+bench,SVG,instrument-2026-10-07T06-37-50.292Z,mixed-3000-seed-41544c53,hit,spatial_hit_test_sync_ms,ms,118,0.3000001907348633
Atlas,1c2e54b3b8df+bench,SVG,instrument-2026-10-07T06-37-50.292Z,mixed-3000-seed-41544c53,hit,spatial_hit_test_sync_ms,ms,119,0.19999980926513672
Atlas,1c2e54b3b8df+bench,SVG,instrument-2026-10-07T06-37-50.292Z,mixed-3000-seed-41544c53,hit,spatial_hit_test_sync_ms,ms,120,0.10000014305114746
Atlas,1c2e54b3b8df+bench,SVG,instrument-2026-10-07T06-37-50.292Z,mixed-3000-seed-41544c53,hit,spatial_hit_test_sync_ms,ms,121,0.2999999523162842
Atlas,1c2e54b3b8df+bench,SVG,instrument-2026-10-07T06-37-50.292Z,mixed-3000-seed-41544c53,hit,spatial_hit_test_sync_ms,ms,122,0.09999990463256836
Atlas,1c2e54b3b8df+bench,SVG,instrument-2026-10-07T06-37-50.292Z,mixed-3000-seed-41544c53,hit,spatial_hit_test_sync_ms,ms,123,0.3000001907348633
Atlas,1c2e54b3b8df+bench,SVG,instrument-2026-10-07T06-37-50.292Z,mixed-3000-seed-41544c53,hit,spatial_hit_test_sync_ms,ms,124,0.19999980926513672
Atlas,1c2e54b3b8df+bench,SVG,instrument-2026-10-07T06-37-50.292Z,mixed-3000-seed-41544c53,hit,spatial_hit_test_sync_ms,ms,125,0.20000004768371582
Atlas,1c2e54b3b8df+bench,SVG,instrument-2026-10-07T06-37-50.292Z,mixed-3000-seed-41544c53,hit,spatial_hit_test_sync_ms,ms,126,0.2999999523162842
Atlas,1c2e54b3b8df+bench,SVG,instrument-2026-10-07T06-37-50.292Z,mixed-3000-seed-41544c53,hit,spatial_hit_test_sync_ms,ms,127,0.10000014305114746
Atlas,1c2e54b3b8df+bench,SVG,instrument-2026-10-07T06-37-50.292Z,mixed-3000-seed-41544c53,hit,spatial_hit_test_sync_ms,ms,128,0.2999999523162842
Atlas,1c2e54b3b8df+bench,SVG,instrument-2026-10-07T06-37-50.292Z,mixed-3000-seed-41544c53,hit,spatial_hit_test_sync_ms,ms,129,0.20000004768371582
Atlas,1c2e54b3b8df+bench,SVG,instrument-2026-10-07T06-37-50.292Z,mixed-3000-seed-41544c53,hit,spatial_hit_test_sync_ms,ms,130,0.20000004768371582
Atlas,1c2e54b3b8df+bench,SVG,instrument-2026-10-07T06-37-50.292Z,mixed-3000-seed-41544c53,hit,spatial_hit_test_sync_ms,ms,131,0.19999980926513672
Atlas,1c2e54b3b8df+bench,SVG,instrument-2026-10-07T06-37-50.292Z,mixed-3000-seed-41544c53,hit,spatial_hit_test_sync_ms,ms,132,0.20000004768371582
Atlas,1c2e54b3b8df+bench,SVG,instrument-2026-10-07T06-37-50.292Z,mixed-3000-seed-41544c53,hit,spatial_hit_test_sync_ms,ms,133,0.20000004768371582
Atlas,1c2e54b3b8df+bench,SVG,instrument-2026-10-07T06-37-50.292Z,mixed-3000-seed-41544c53,hit,spatial_hit_test_sync_ms,ms,134,0.20000004768371582
Atlas,1c2e54b3b8df+bench,SVG,instrument-2026-10-07T06-37-50.292Z,mixed-3000-seed-41544c53,hit,spatial_hit_test_sync_ms,ms,135,0.20000004768371582
Atlas,1c2e54b3b8df+bench,SVG,instrument-2026-10-07T06-37-50.292Z,mixed-3000-seed-41544c53,hit,spatial_hit_test_sync_ms,ms,136,0.2999999523162842
Atlas,1c2e54b3b8df+bench,SVG,instrument-2026-10-07T06-37-50.292Z,mixed-3000-seed-41544c53,hit,spatial_hit_test_sync_ms,ms,137,0.20000004768371582
Atlas,1c2e54b3b8df+bench,SVG,instrument-2026-10-07T06-37-50.292Z,mixed-3000-seed-41544c53,hit,spatial_hit_test_sync_ms,ms,138,0.09999990463256836
Atlas,1c2e54b3b8df+bench,SVG,instrument-2026-10-07T06-37-50.292Z,mixed-3000-seed-41544c53,hit,spatial_hit_test_sync_ms,ms,139,0.20000004768371582
Atlas,1c2e54b3b8df+bench,SVG,instrument-2026-10-07T06-37-50.292Z,mixed-3000-seed-41544c53,hit,spatial_hit_test_sync_ms,ms,140,0.20000004768371582
Atlas,1c2e54b3b8df+bench,SVG,instrument-2026-10-07T06-37-50.292Z,mixed-3000-seed-41544c53,hit,spatial_hit_test_sync_ms,ms,141,0.2999999523162842
Atlas,1c2e54b3b8df+bench,SVG,instrument-2026-10-07T06-37-50.292Z,mixed-3000-seed-41544c53,hit,spatial_hit_test_sync_ms,ms,142,0.20000004768371582
Atlas,1c2e54b3b8df+bench,SVG,instrument-2026-10-07T06-37-50.292Z,mixed-3000-seed-41544c53,hit,spatial_hit_test_sync_ms,ms,143,0.19999980926513672
Atlas,1c2e54b3b8df+bench,SVG,instrument-2026-10-07T06-37-50.292Z,mixed-3000-seed-41544c53,hit,spatial_hit_test_sync_ms,ms,144,0.20000004768371582
Atlas,1c2e54b3b8df+bench,SVG,instrument-2026-10-07T06-37-50.292Z,mixed-3000-seed-41544c53,hit,spatial_hit_test_sync_ms,ms,145,0.2999999523162842
Atlas,1c2e54b3b8df+bench,SVG,instrument-2026-10-07T06-37-50.292Z,mixed-3000-seed-41544c53,hit,spatial_hit_test_sync_ms,ms,146,0.10000014305114746
Atlas,1c2e54b3b8df+bench,SVG,instrument-2026-10-07T06-37-50.292Z,mixed-3000-seed-41544c53,hit,spatial_hit_test_sync_ms,ms,147,0.2999999523162842
Atlas,1c2e54b3b8df+bench,SVG,instrument-2026-10-07T06-37-50.292Z,mixed-3000-seed-41544c53,hit,spatial_hit_test_sync_ms,ms,148,0.20000004768371582
Atlas,1c2e54b3b8df+bench,SVG,instrument-2026-10-07T06-37-50.292Z,mixed-3000-seed-41544c53,hit,spatial_hit_test_sync_ms,ms,149,0.20000004768371582
Atlas,1c2e54b3b8df+bench,SVG,instrument-2026-10-07T06-37-50.292Z,mixed-3000-seed-41544c53,hit,spatial_hit_test_sync_ms,ms,150,0.19999980926513672
Atlas,1c2e54b3b8df+bench,SVG,instrument-2026-10-07T06-37-50.292Z,mixed-3000-seed-41544c53,hit,spatial_hit_test_sync_ms,ms,151,0.20000004768371582
Atlas,1c2e54b3b8df+bench,SVG,instrument-2026-10-07T06-37-50.292Z,mixed-3000-seed-41544c53,hit,spatial_hit_test_sync_ms,ms,152,0.20000004768371582
Atlas,1c2e54b3b8df+bench,SVG,instrument-2026-10-07T06-37-50.292Z,mixed-3000-seed-41544c53,hit,spatial_hit_test_sync_ms,ms,153,0.20000004768371582
Atlas,1c2e54b3b8df+bench,SVG,instrument-2026-10-07T06-37-50.292Z,mixed-3000-seed-41544c53,hit,spatial_hit_test_sync_ms,ms,154,0.20000004768371582
Atlas,1c2e54b3b8df+bench,SVG,instrument-2026-10-07T06-37-50.292Z,mixed-3000-seed-41544c53,hit,spatial_hit_test_sync_ms,ms,155,0.2999999523162842
Atlas,1c2e54b3b8df+bench,SVG,instrument-2026-10-07T06-37-50.292Z,mixed-3000-seed-41544c53,hit,spatial_hit_test_sync_ms,ms,156,0.09999990463256836
Atlas,1c2e54b3b8df+bench,SVG,instrument-2026-10-07T06-37-50.292Z,mixed-3000-seed-41544c53,hit,spatial_hit_test_sync_ms,ms,157,0.2999999523162842
Atlas,1c2e54b3b8df+bench,SVG,instrument-2026-10-07T06-37-50.292Z,mixed-3000-seed-41544c53,hit,spatial_hit_test_sync_ms,ms,158,0.20000004768371582
Atlas,1c2e54b3b8df+bench,SVG,instrument-2026-10-07T06-37-50.292Z,mixed-3000-seed-41544c53,hit,spatial_hit_test_sync_ms,ms,159,0.20000004768371582
Atlas,1c2e54b3b8df+bench,SVG,instrument-2026-10-07T06-37-50.292Z,mixed-3000-seed-41544c53,hit,spatial_hit_test_sync_ms,ms,160,0.20000004768371582
Atlas,1c2e54b3b8df+bench,SVG,instrument-2026-10-07T06-37-50.292Z,mixed-3000-seed-41544c53,hit,spatial_hit_test_sync_ms,ms,161,0.2999999523162842
Atlas,1c2e54b3b8df+bench,SVG,instrument-2026-10-07T06-37-50.292Z,mixed-3000-seed-41544c53,hit,spatial_hit_test_sync_ms,ms,162,0.09999990463256836
Atlas,1c2e54b3b8df+bench,SVG,instrument-2026-10-07T06-37-50.292Z,mixed-3000-seed-41544c53,hit,spatial_hit_test_sync_ms,ms,163,0.3000001907348633
Atlas,1c2e54b3b8df+bench,SVG,instrument-2026-10-07T06-37-50.292Z,mixed-3000-seed-41544c53,hit,spatial_hit_test_sync_ms,ms,164,0.19999980926513672
Atlas,1c2e54b3b8df+bench,SVG,instrument-2026-10-07T06-37-50.292Z,mixed-3000-seed-41544c53,hit,spatial_hit_test_sync_ms,ms,165,0.20000004768371582
Atlas,1c2e54b3b8df+bench,SVG,instrument-2026-10-07T06-37-50.292Z,mixed-3000-seed-41544c53,hit,spatial_hit_test_sync_ms,ms,166,0.20000004768371582
Atlas,1c2e54b3b8df+bench,SVG,instrument-2026-10-07T06-37-50.292Z,mixed-3000-seed-41544c53,hit,spatial_hit_test_sync_ms,ms,167,0.20000004768371582
Atlas,1c2e54b3b8df+bench,SVG,instrument-2026-10-07T06-37-50.292Z,mixed-3000-seed-41544c53,hit,spatial_hit_test_sync_ms,ms,168,0.20000004768371582
Atlas,1c2e54b3b8df+bench,SVG,instrument-2026-10-07T06-37-50.292Z,mixed-3000-seed-41544c53,hit,spatial_hit_test_sync_ms,ms,169,0.2999999523162842
Atlas,1c2e54b3b8df+bench,SVG,instrument-2026-10-07T06-37-50.292Z,mixed-3000-seed-41544c53,hit,spatial_hit_test_sync_ms,ms,170,0.09999990463256836
Atlas,1c2e54b3b8df+bench,SVG,instrument-2026-10-07T06-37-50.292Z,mixed-3000-seed-41544c53,hit,spatial_hit_test_sync_ms,ms,171,0.2999999523162842
Atlas,1c2e54b3b8df+bench,SVG,instrument-2026-10-07T06-37-50.292Z,mixed-3000-seed-41544c53,hit,spatial_hit_test_sync_ms,ms,172,0.10000014305114746
Atlas,1c2e54b3b8df+bench,SVG,instrument-2026-10-07T06-37-50.292Z,mixed-3000-seed-41544c53,hit,spatial_hit_test_sync_ms,ms,173,0.20000004768371582
Atlas,1c2e54b3b8df+bench,SVG,instrument-2026-10-07T06-37-50.292Z,mixed-3000-seed-41544c53,hit,spatial_hit_test_sync_ms,ms,174,0.2999999523162842
Atlas,1c2e54b3b8df+bench,SVG,instrument-2026-10-07T06-37-50.292Z,mixed-3000-seed-41544c53,hit,spatial_hit_test_sync_ms,ms,175,0.09999990463256836
Atlas,1c2e54b3b8df+bench,SVG,instrument-2026-10-07T06-37-50.292Z,mixed-3000-seed-41544c53,hit,spatial_hit_test_sync_ms,ms,176,0.2999999523162842
Atlas,1c2e54b3b8df+bench,SVG,instrument-2026-10-07T06-37-50.292Z,mixed-3000-seed-41544c53,hit,spatial_hit_test_sync_ms,ms,177,0.20000004768371582
Atlas,1c2e54b3b8df+bench,SVG,instrument-2026-10-07T06-37-50.292Z,mixed-3000-seed-41544c53,hit,spatial_hit_test_sync_ms,ms,178,0.20000004768371582
Atlas,1c2e54b3b8df+bench,SVG,instrument-2026-10-07T06-37-50.292Z,mixed-3000-seed-41544c53,hit,spatial_hit_test_sync_ms,ms,179,0.20000004768371582
Atlas,1c2e54b3b8df+bench,SVG,instrument-2026-10-07T06-37-50.292Z,mixed-3000-seed-41544c53,hit,spatial_hit_test_sync_ms,ms,180,0.20000004768371582
Atlas,1c2e54b3b8df+bench,SVG,instrument-2026-10-07T06-37-50.292Z,mixed-3000-seed-41544c53,hit,spatial_hit_test_sync_ms,ms,181,0.19999980926513672
Atlas,1c2e54b3b8df+bench,SVG,instrument-2026-10-07T06-37-50.292Z,mixed-3000-seed-41544c53,hit,spatial_hit_test_sync_ms,ms,182,0.20000004768371582
Atlas,1c2e54b3b8df+bench,SVG,instrument-2026-10-07T06-37-50.292Z,mixed-3000-seed-41544c53,hit,spatial_hit_test_sync_ms,ms,183,0.20000004768371582
Atlas,1c2e54b3b8df+bench,SVG,instrument-2026-10-07T06-37-50.292Z,mixed-3000-seed-41544c53,hit,spatial_hit_test_sync_ms,ms,184,0.20000004768371582
Atlas,1c2e54b3b8df+bench,SVG,instrument-2026-10-07T06-37-50.292Z,mixed-3000-seed-41544c53,hit,spatial_hit_test_sync_ms,ms,185,0.20000004768371582
Atlas,1c2e54b3b8df+bench,SVG,instrument-2026-10-07T06-37-50.292Z,mixed-3000-seed-41544c53,hit,spatial_hit_test_sync_ms,ms,186,0.2999999523162842
Atlas,1c2e54b3b8df+bench,SVG,instrument-2026-10-07T06-37-50.292Z,mixed-3000-seed-41544c53,hit,spatial_hit_test_sync_ms,ms,187,0.20000004768371582
Atlas,1c2e54b3b8df+bench,SVG,instrument-2026-10-07T06-37-50.292Z,mixed-3000-seed-41544c53,hit,spatial_hit_test_sync_ms,ms,188,0.19999980926513672
Atlas,1c2e54b3b8df+bench,SVG,instrument-2026-10-07T06-37-50.292Z,mixed-3000-seed-41544c53,hit,spatial_hit_test_sync_ms,ms,189,0.20000004768371582
Atlas,1c2e54b3b8df+bench,SVG,instrument-2026-10-07T06-37-50.292Z,mixed-3000-seed-41544c53,hit,spatial_hit_test_sync_ms,ms,190,0.20000004768371582
Atlas,1c2e54b3b8df+bench,SVG,instrument-2026-10-07T06-37-50.292Z,mixed-3000-seed-41544c53,hit,spatial_hit_test_sync_ms,ms,191,0.2999999523162842
Atlas,1c2e54b3b8df+bench,SVG,instrument-2026-10-07T06-37-50.292Z,mixed-3000-seed-41544c53,hit,spatial_hit_test_sync_ms,ms,192,0.10000014305114746
Atlas,1c2e54b3b8df+bench,SVG,instrument-2026-10-07T06-37-50.292Z,mixed-3000-seed-41544c53,hit,spatial_hit_test_sync_ms,ms,193,0.2999999523162842
Atlas,1c2e54b3b8df+bench,SVG,instrument-2026-10-07T06-37-50.292Z,mixed-3000-seed-41544c53,hit,spatial_hit_test_sync_ms,ms,194,0.20000004768371582
Atlas,1c2e54b3b8df+bench,SVG,instrument-2026-10-07T06-37-50.292Z,mixed-3000-seed-41544c53,hit,spatial_hit_test_sync_ms,ms,195,0.2999999523162842
Atlas,1c2e54b3b8df+bench,SVG,instrument-2026-10-07T06-37-50.292Z,mixed-3000-seed-41544c53,hit,spatial_hit_test_sync_ms,ms,196,0.09999990463256836
Atlas,1c2e54b3b8df+bench,SVG,instrument-2026-10-07T06-37-50.292Z,mixed-3000-seed-41544c53,hit,spatial_hit_test_sync_ms,ms,197,0.20000004768371582
Atlas,1c2e54b3b8df+bench,SVG,instrument-2026-10-07T06-37-50.292Z,mixed-3000-seed-41544c53,hit,spatial_hit_test_sync_ms,ms,198,0.20000004768371582
Atlas,1c2e54b3b8df+bench,SVG,instrument-2026-10-07T06-37-50.292Z,mixed-3000-seed-41544c53,hit,spatial_hit_test_sync_ms,ms,199,0.2999999523162842
Atlas,1c2e54b3b8df+bench,SVG,instrument-2026-10-07T06-37-50.292Z,mixed-3000-seed-41544c53,hit,root_iterator_creations,count,0,201
Atlas,1c2e54b3b8df+bench,SVG,instrument-2026-10-07T06-37-50.292Z,mixed-3000-seed-41544c53,hit,root_iterator_next_calls,count,0,603001
Atlas,1c2e54b3b8df+bench,SVG,instrument-2026-10-07T06-37-50.292Z,mixed-3000-seed-41544c53,hit,route_membership_reads,count,0,125400
Atlas,1c2e54b3b8df+bench,SVG,instrument-2026-10-07T06-37-50.292Z,mixed-3000-seed-41544c53,hit,layout_rect_reads,count,0,0
Atlas,1c2e54b3b8df+bench,SVG,instrument-2026-10-07T06-37-50.292Z,mixed-3000-seed-41544c53,hit,cleanup_renderer_calls,count,0,0
Atlas,1c2e54b3b8df+bench,SVG,instrument-2026-10-07T06-37-50.292Z,mixed-3000-seed-41544c53,hit,cleanup_stage_children,count,0,0
Atlas,1c2e54b3b8df+bench,SVG,instrument-2026-10-07T06-37-50.292Z,mixed-3000-seed-41544c53,miss,spatial_hit_test_sync_ms,ms,0,2.6999998092651367
Atlas,1c2e54b3b8df+bench,SVG,instrument-2026-10-07T06-37-50.292Z,mixed-3000-seed-41544c53,miss,spatial_hit_test_sync_ms,ms,1,2.6000001430511475
Atlas,1c2e54b3b8df+bench,SVG,instrument-2026-10-07T06-37-50.292Z,mixed-3000-seed-41544c53,miss,spatial_hit_test_sync_ms,ms,2,2.700000047683716
Atlas,1c2e54b3b8df+bench,SVG,instrument-2026-10-07T06-37-50.292Z,mixed-3000-seed-41544c53,miss,spatial_hit_test_sync_ms,ms,3,2.799999952316284
Atlas,1c2e54b3b8df+bench,SVG,instrument-2026-10-07T06-37-50.292Z,mixed-3000-seed-41544c53,miss,spatial_hit_test_sync_ms,ms,4,2.700000047683716
Atlas,1c2e54b3b8df+bench,SVG,instrument-2026-10-07T06-37-50.292Z,mixed-3000-seed-41544c53,miss,spatial_hit_test_sync_ms,ms,5,2.5
Atlas,1c2e54b3b8df+bench,SVG,instrument-2026-10-07T06-37-50.292Z,mixed-3000-seed-41544c53,miss,spatial_hit_test_sync_ms,ms,6,2.5999999046325684
Atlas,1c2e54b3b8df+bench,SVG,instrument-2026-10-07T06-37-50.292Z,mixed-3000-seed-41544c53,miss,spatial_hit_test_sync_ms,ms,7,2.5999999046325684
Atlas,1c2e54b3b8df+bench,SVG,instrument-2026-10-07T06-37-50.292Z,mixed-3000-seed-41544c53,miss,spatial_hit_test_sync_ms,ms,8,2.5
Atlas,1c2e54b3b8df+bench,SVG,instrument-2026-10-07T06-37-50.292Z,mixed-3000-seed-41544c53,miss,spatial_hit_test_sync_ms,ms,9,2.4000000953674316
Atlas,1c2e54b3b8df+bench,SVG,instrument-2026-10-07T06-37-50.292Z,mixed-3000-seed-41544c53,miss,spatial_hit_test_sync_ms,ms,10,2.5999999046325684
Atlas,1c2e54b3b8df+bench,SVG,instrument-2026-10-07T06-37-50.292Z,mixed-3000-seed-41544c53,miss,spatial_hit_test_sync_ms,ms,11,2.6000001430511475
Atlas,1c2e54b3b8df+bench,SVG,instrument-2026-10-07T06-37-50.292Z,mixed-3000-seed-41544c53,miss,spatial_hit_test_sync_ms,ms,12,2.3999998569488525
Atlas,1c2e54b3b8df+bench,SVG,instrument-2026-10-07T06-37-50.292Z,mixed-3000-seed-41544c53,miss,spatial_hit_test_sync_ms,ms,13,2.4000000953674316
Atlas,1c2e54b3b8df+bench,SVG,instrument-2026-10-07T06-37-50.292Z,mixed-3000-seed-41544c53,miss,spatial_hit_test_sync_ms,ms,14,2.5
Atlas,1c2e54b3b8df+bench,SVG,instrument-2026-10-07T06-37-50.292Z,mixed-3000-seed-41544c53,miss,spatial_hit_test_sync_ms,ms,15,2.5
Atlas,1c2e54b3b8df+bench,SVG,instrument-2026-10-07T06-37-50.292Z,mixed-3000-seed-41544c53,miss,spatial_hit_test_sync_ms,ms,16,2.5
Atlas,1c2e54b3b8df+bench,SVG,instrument-2026-10-07T06-37-50.292Z,mixed-3000-seed-41544c53,miss,spatial_hit_test_sync_ms,ms,17,2.5
Atlas,1c2e54b3b8df+bench,SVG,instrument-2026-10-07T06-37-50.292Z,mixed-3000-seed-41544c53,miss,spatial_hit_test_sync_ms,ms,18,2.5
Atlas,1c2e54b3b8df+bench,SVG,instrument-2026-10-07T06-37-50.292Z,mixed-3000-seed-41544c53,miss,spatial_hit_test_sync_ms,ms,19,2.4000000953674316
Atlas,1c2e54b3b8df+bench,SVG,instrument-2026-10-07T06-37-50.292Z,mixed-3000-seed-41544c53,miss,spatial_hit_test_sync_ms,ms,20,2.5
Atlas,1c2e54b3b8df+bench,SVG,instrument-2026-10-07T06-37-50.292Z,mixed-3000-seed-41544c53,miss,spatial_hit_test_sync_ms,ms,21,2.5
Atlas,1c2e54b3b8df+bench,SVG,instrument-2026-10-07T06-37-50.292Z,mixed-3000-seed-41544c53,miss,spatial_hit_test_sync_ms,ms,22,2.3999998569488525
Atlas,1c2e54b3b8df+bench,SVG,instrument-2026-10-07T06-37-50.292Z,mixed-3000-seed-41544c53,miss,spatial_hit_test_sync_ms,ms,23,2.6000001430511475
Atlas,1c2e54b3b8df+bench,SVG,instrument-2026-10-07T06-37-50.292Z,mixed-3000-seed-41544c53,miss,spatial_hit_test_sync_ms,ms,24,2.5
Atlas,1c2e54b3b8df+bench,SVG,instrument-2026-10-07T06-37-50.292Z,mixed-3000-seed-41544c53,miss,spatial_hit_test_sync_ms,ms,25,2.5
Atlas,1c2e54b3b8df+bench,SVG,instrument-2026-10-07T06-37-50.292Z,mixed-3000-seed-41544c53,miss,spatial_hit_test_sync_ms,ms,26,2.5
Atlas,1c2e54b3b8df+bench,SVG,instrument-2026-10-07T06-37-50.292Z,mixed-3000-seed-41544c53,miss,spatial_hit_test_sync_ms,ms,27,2.3999998569488525
Atlas,1c2e54b3b8df+bench,SVG,instrument-2026-10-07T06-37-50.292Z,mixed-3000-seed-41544c53,miss,spatial_hit_test_sync_ms,ms,28,2.4000000953674316
Atlas,1c2e54b3b8df+bench,SVG,instrument-2026-10-07T06-37-50.292Z,mixed-3000-seed-41544c53,miss,spatial_hit_test_sync_ms,ms,29,2.5999999046325684
Atlas,1c2e54b3b8df+bench,SVG,instrument-2026-10-07T06-37-50.292Z,mixed-3000-seed-41544c53,miss,spatial_hit_test_sync_ms,ms,30,2.4000000953674316
Atlas,1c2e54b3b8df+bench,SVG,instrument-2026-10-07T06-37-50.292Z,mixed-3000-seed-41544c53,miss,spatial_hit_test_sync_ms,ms,31,2.5999999046325684
Atlas,1c2e54b3b8df+bench,SVG,instrument-2026-10-07T06-37-50.292Z,mixed-3000-seed-41544c53,miss,spatial_hit_test_sync_ms,ms,32,2.4000000953674316
Atlas,1c2e54b3b8df+bench,SVG,instrument-2026-10-07T06-37-50.292Z,mixed-3000-seed-41544c53,miss,spatial_hit_test_sync_ms,ms,33,2.3999998569488525
Atlas,1c2e54b3b8df+bench,SVG,instrument-2026-10-07T06-37-50.292Z,mixed-3000-seed-41544c53,miss,spatial_hit_test_sync_ms,ms,34,2.6000001430511475
Atlas,1c2e54b3b8df+bench,SVG,instrument-2026-10-07T06-37-50.292Z,mixed-3000-seed-41544c53,miss,spatial_hit_test_sync_ms,ms,35,2.5999999046325684
Atlas,1c2e54b3b8df+bench,SVG,instrument-2026-10-07T06-37-50.292Z,mixed-3000-seed-41544c53,miss,spatial_hit_test_sync_ms,ms,36,4.900000095367432
Atlas,1c2e54b3b8df+bench,SVG,instrument-2026-10-07T06-37-50.292Z,mixed-3000-seed-41544c53,miss,spatial_hit_test_sync_ms,ms,37,2.5
Atlas,1c2e54b3b8df+bench,SVG,instrument-2026-10-07T06-37-50.292Z,mixed-3000-seed-41544c53,miss,spatial_hit_test_sync_ms,ms,38,2.3999998569488525
Atlas,1c2e54b3b8df+bench,SVG,instrument-2026-10-07T06-37-50.292Z,mixed-3000-seed-41544c53,miss,spatial_hit_test_sync_ms,ms,39,2.5
Atlas,1c2e54b3b8df+bench,SVG,instrument-2026-10-07T06-37-50.292Z,mixed-3000-seed-41544c53,miss,spatial_hit_test_sync_ms,ms,40,2.5
Atlas,1c2e54b3b8df+bench,SVG,instrument-2026-10-07T06-37-50.292Z,mixed-3000-seed-41544c53,miss,spatial_hit_test_sync_ms,ms,41,2.4000000953674316
Atlas,1c2e54b3b8df+bench,SVG,instrument-2026-10-07T06-37-50.292Z,mixed-3000-seed-41544c53,miss,spatial_hit_test_sync_ms,ms,42,2.5
Atlas,1c2e54b3b8df+bench,SVG,instrument-2026-10-07T06-37-50.292Z,mixed-3000-seed-41544c53,miss,spatial_hit_test_sync_ms,ms,43,2.700000047683716
Atlas,1c2e54b3b8df+bench,SVG,instrument-2026-10-07T06-37-50.292Z,mixed-3000-seed-41544c53,miss,spatial_hit_test_sync_ms,ms,44,2.299999952316284
Atlas,1c2e54b3b8df+bench,SVG,instrument-2026-10-07T06-37-50.292Z,mixed-3000-seed-41544c53,miss,spatial_hit_test_sync_ms,ms,45,2.5
Atlas,1c2e54b3b8df+bench,SVG,instrument-2026-10-07T06-37-50.292Z,mixed-3000-seed-41544c53,miss,spatial_hit_test_sync_ms,ms,46,2.4000000953674316
Atlas,1c2e54b3b8df+bench,SVG,instrument-2026-10-07T06-37-50.292Z,mixed-3000-seed-41544c53,miss,spatial_hit_test_sync_ms,ms,47,2.5
Atlas,1c2e54b3b8df+bench,SVG,instrument-2026-10-07T06-37-50.292Z,mixed-3000-seed-41544c53,miss,spatial_hit_test_sync_ms,ms,48,2.3999998569488525
Atlas,1c2e54b3b8df+bench,SVG,instrument-2026-10-07T06-37-50.292Z,mixed-3000-seed-41544c53,miss,spatial_hit_test_sync_ms,ms,49,2.6000001430511475
Atlas,1c2e54b3b8df+bench,SVG,instrument-2026-10-07T06-37-50.292Z,mixed-3000-seed-41544c53,miss,spatial_hit_test_sync_ms,ms,50,2.5
Atlas,1c2e54b3b8df+bench,SVG,instrument-2026-10-07T06-37-50.292Z,mixed-3000-seed-41544c53,miss,spatial_hit_test_sync_ms,ms,51,2.5
Atlas,1c2e54b3b8df+bench,SVG,instrument-2026-10-07T06-37-50.292Z,mixed-3000-seed-41544c53,miss,spatial_hit_test_sync_ms,ms,52,2.3999998569488525
Atlas,1c2e54b3b8df+bench,SVG,instrument-2026-10-07T06-37-50.292Z,mixed-3000-seed-41544c53,miss,spatial_hit_test_sync_ms,ms,53,2.4000000953674316
Atlas,1c2e54b3b8df+bench,SVG,instrument-2026-10-07T06-37-50.292Z,mixed-3000-seed-41544c53,miss,spatial_hit_test_sync_ms,ms,54,2.3999998569488525
Atlas,1c2e54b3b8df+bench,SVG,instrument-2026-10-07T06-37-50.292Z,mixed-3000-seed-41544c53,miss,spatial_hit_test_sync_ms,ms,55,2.6000001430511475
Atlas,1c2e54b3b8df+bench,SVG,instrument-2026-10-07T06-37-50.292Z,mixed-3000-seed-41544c53,miss,spatial_hit_test_sync_ms,ms,56,2.3999998569488525
Atlas,1c2e54b3b8df+bench,SVG,instrument-2026-10-07T06-37-50.292Z,mixed-3000-seed-41544c53,miss,spatial_hit_test_sync_ms,ms,57,2.5
Atlas,1c2e54b3b8df+bench,SVG,instrument-2026-10-07T06-37-50.292Z,mixed-3000-seed-41544c53,miss,spatial_hit_test_sync_ms,ms,58,2.5
Atlas,1c2e54b3b8df+bench,SVG,instrument-2026-10-07T06-37-50.292Z,mixed-3000-seed-41544c53,miss,spatial_hit_test_sync_ms,ms,59,2.4000000953674316
Atlas,1c2e54b3b8df+bench,SVG,instrument-2026-10-07T06-37-50.292Z,mixed-3000-seed-41544c53,miss,spatial_hit_test_sync_ms,ms,60,2.5
Atlas,1c2e54b3b8df+bench,SVG,instrument-2026-10-07T06-37-50.292Z,mixed-3000-seed-41544c53,miss,spatial_hit_test_sync_ms,ms,61,2.4000000953674316
Atlas,1c2e54b3b8df+bench,SVG,instrument-2026-10-07T06-37-50.292Z,mixed-3000-seed-41544c53,miss,spatial_hit_test_sync_ms,ms,62,2.5
Atlas,1c2e54b3b8df+bench,SVG,instrument-2026-10-07T06-37-50.292Z,mixed-3000-seed-41544c53,miss,spatial_hit_test_sync_ms,ms,63,2.5
Atlas,1c2e54b3b8df+bench,SVG,instrument-2026-10-07T06-37-50.292Z,mixed-3000-seed-41544c53,miss,spatial_hit_test_sync_ms,ms,64,2.3999998569488525
Atlas,1c2e54b3b8df+bench,SVG,instrument-2026-10-07T06-37-50.292Z,mixed-3000-seed-41544c53,miss,spatial_hit_test_sync_ms,ms,65,2.5
Atlas,1c2e54b3b8df+bench,SVG,instrument-2026-10-07T06-37-50.292Z,mixed-3000-seed-41544c53,miss,spatial_hit_test_sync_ms,ms,66,2.4000000953674316
Atlas,1c2e54b3b8df+bench,SVG,instrument-2026-10-07T06-37-50.292Z,mixed-3000-seed-41544c53,miss,spatial_hit_test_sync_ms,ms,67,2.5
Atlas,1c2e54b3b8df+bench,SVG,instrument-2026-10-07T06-37-50.292Z,mixed-3000-seed-41544c53,miss,spatial_hit_test_sync_ms,ms,68,2.3999998569488525
Atlas,1c2e54b3b8df+bench,SVG,instrument-2026-10-07T06-37-50.292Z,mixed-3000-seed-41544c53,miss,spatial_hit_test_sync_ms,ms,69,2.4000000953674316
Atlas,1c2e54b3b8df+bench,SVG,instrument-2026-10-07T06-37-50.292Z,mixed-3000-seed-41544c53,miss,spatial_hit_test_sync_ms,ms,70,2.5999999046325684
Atlas,1c2e54b3b8df+bench,SVG,instrument-2026-10-07T06-37-50.292Z,mixed-3000-seed-41544c53,miss,spatial_hit_test_sync_ms,ms,71,2.4000000953674316
Atlas,1c2e54b3b8df+bench,SVG,instrument-2026-10-07T06-37-50.292Z,mixed-3000-seed-41544c53,miss,spatial_hit_test_sync_ms,ms,72,2.5
Atlas,1c2e54b3b8df+bench,SVG,instrument-2026-10-07T06-37-50.292Z,mixed-3000-seed-41544c53,miss,spatial_hit_test_sync_ms,ms,73,2.4000000953674316
Atlas,1c2e54b3b8df+bench,SVG,instrument-2026-10-07T06-37-50.292Z,mixed-3000-seed-41544c53,miss,spatial_hit_test_sync_ms,ms,74,2.3999998569488525
Atlas,1c2e54b3b8df+bench,SVG,instrument-2026-10-07T06-37-50.292Z,mixed-3000-seed-41544c53,miss,spatial_hit_test_sync_ms,ms,75,2.5
Atlas,1c2e54b3b8df+bench,SVG,instrument-2026-10-07T06-37-50.292Z,mixed-3000-seed-41544c53,miss,spatial_hit_test_sync_ms,ms,76,2.4000000953674316
Atlas,1c2e54b3b8df+bench,SVG,instrument-2026-10-07T06-37-50.292Z,mixed-3000-seed-41544c53,miss,spatial_hit_test_sync_ms,ms,77,2.5
Atlas,1c2e54b3b8df+bench,SVG,instrument-2026-10-07T06-37-50.292Z,mixed-3000-seed-41544c53,miss,spatial_hit_test_sync_ms,ms,78,2.3999998569488525
Atlas,1c2e54b3b8df+bench,SVG,instrument-2026-10-07T06-37-50.292Z,mixed-3000-seed-41544c53,miss,spatial_hit_test_sync_ms,ms,79,2.5
Atlas,1c2e54b3b8df+bench,SVG,instrument-2026-10-07T06-37-50.292Z,mixed-3000-seed-41544c53,miss,spatial_hit_test_sync_ms,ms,80,2.4000000953674316
Atlas,1c2e54b3b8df+bench,SVG,instrument-2026-10-07T06-37-50.292Z,mixed-3000-seed-41544c53,miss,spatial_hit_test_sync_ms,ms,81,2.4000000953674316
Atlas,1c2e54b3b8df+bench,SVG,instrument-2026-10-07T06-37-50.292Z,mixed-3000-seed-41544c53,miss,spatial_hit_test_sync_ms,ms,82,2.5999999046325684
Atlas,1c2e54b3b8df+bench,SVG,instrument-2026-10-07T06-37-50.292Z,mixed-3000-seed-41544c53,miss,spatial_hit_test_sync_ms,ms,83,2.5
Atlas,1c2e54b3b8df+bench,SVG,instrument-2026-10-07T06-37-50.292Z,mixed-3000-seed-41544c53,miss,spatial_hit_test_sync_ms,ms,84,2.5
Atlas,1c2e54b3b8df+bench,SVG,instrument-2026-10-07T06-37-50.292Z,mixed-3000-seed-41544c53,miss,spatial_hit_test_sync_ms,ms,85,5.599999904632568
Atlas,1c2e54b3b8df+bench,SVG,instrument-2026-10-07T06-37-50.292Z,mixed-3000-seed-41544c53,miss,spatial_hit_test_sync_ms,ms,86,2.4000000953674316
Atlas,1c2e54b3b8df+bench,SVG,instrument-2026-10-07T06-37-50.292Z,mixed-3000-seed-41544c53,miss,spatial_hit_test_sync_ms,ms,87,2.5
Atlas,1c2e54b3b8df+bench,SVG,instrument-2026-10-07T06-37-50.292Z,mixed-3000-seed-41544c53,miss,spatial_hit_test_sync_ms,ms,88,2.5
Atlas,1c2e54b3b8df+bench,SVG,instrument-2026-10-07T06-37-50.292Z,mixed-3000-seed-41544c53,miss,spatial_hit_test_sync_ms,ms,89,2.5
Atlas,1c2e54b3b8df+bench,SVG,instrument-2026-10-07T06-37-50.292Z,mixed-3000-seed-41544c53,miss,spatial_hit_test_sync_ms,ms,90,2.4000000953674316
Atlas,1c2e54b3b8df+bench,SVG,instrument-2026-10-07T06-37-50.292Z,mixed-3000-seed-41544c53,miss,spatial_hit_test_sync_ms,ms,91,2.5
Atlas,1c2e54b3b8df+bench,SVG,instrument-2026-10-07T06-37-50.292Z,mixed-3000-seed-41544c53,miss,spatial_hit_test_sync_ms,ms,92,2.3999998569488525
Atlas,1c2e54b3b8df+bench,SVG,instrument-2026-10-07T06-37-50.292Z,mixed-3000-seed-41544c53,miss,spatial_hit_test_sync_ms,ms,93,2.4000000953674316
Atlas,1c2e54b3b8df+bench,SVG,instrument-2026-10-07T06-37-50.292Z,mixed-3000-seed-41544c53,miss,spatial_hit_test_sync_ms,ms,94,2.5999999046325684
Atlas,1c2e54b3b8df+bench,SVG,instrument-2026-10-07T06-37-50.292Z,mixed-3000-seed-41544c53,miss,spatial_hit_test_sync_ms,ms,95,2.5
Atlas,1c2e54b3b8df+bench,SVG,instrument-2026-10-07T06-37-50.292Z,mixed-3000-seed-41544c53,miss,spatial_hit_test_sync_ms,ms,96,2.5
Atlas,1c2e54b3b8df+bench,SVG,instrument-2026-10-07T06-37-50.292Z,mixed-3000-seed-41544c53,miss,spatial_hit_test_sync_ms,ms,97,2.5
Atlas,1c2e54b3b8df+bench,SVG,instrument-2026-10-07T06-37-50.292Z,mixed-3000-seed-41544c53,miss,spatial_hit_test_sync_ms,ms,98,2.5
Atlas,1c2e54b3b8df+bench,SVG,instrument-2026-10-07T06-37-50.292Z,mixed-3000-seed-41544c53,miss,spatial_hit_test_sync_ms,ms,99,2.299999952316284
Atlas,1c2e54b3b8df+bench,SVG,instrument-2026-10-07T06-37-50.292Z,mixed-3000-seed-41544c53,miss,spatial_hit_test_sync_ms,ms,100,2.5
Atlas,1c2e54b3b8df+bench,SVG,instrument-2026-10-07T06-37-50.292Z,mixed-3000-seed-41544c53,miss,spatial_hit_test_sync_ms,ms,101,2.4000000953674316
Atlas,1c2e54b3b8df+bench,SVG,instrument-2026-10-07T06-37-50.292Z,mixed-3000-seed-41544c53,miss,spatial_hit_test_sync_ms,ms,102,2.5
Atlas,1c2e54b3b8df+bench,SVG,instrument-2026-10-07T06-37-50.292Z,mixed-3000-seed-41544c53,miss,spatial_hit_test_sync_ms,ms,103,2.5
Atlas,1c2e54b3b8df+bench,SVG,instrument-2026-10-07T06-37-50.292Z,mixed-3000-seed-41544c53,miss,spatial_hit_test_sync_ms,ms,104,2.5
Atlas,1c2e54b3b8df+bench,SVG,instrument-2026-10-07T06-37-50.292Z,mixed-3000-seed-41544c53,miss,spatial_hit_test_sync_ms,ms,105,2.4000000953674316
Atlas,1c2e54b3b8df+bench,SVG,instrument-2026-10-07T06-37-50.292Z,mixed-3000-seed-41544c53,miss,spatial_hit_test_sync_ms,ms,106,2.5
Atlas,1c2e54b3b8df+bench,SVG,instrument-2026-10-07T06-37-50.292Z,mixed-3000-seed-41544c53,miss,spatial_hit_test_sync_ms,ms,107,2.3999998569488525
Atlas,1c2e54b3b8df+bench,SVG,instrument-2026-10-07T06-37-50.292Z,mixed-3000-seed-41544c53,miss,spatial_hit_test_sync_ms,ms,108,2.4000000953674316
Atlas,1c2e54b3b8df+bench,SVG,instrument-2026-10-07T06-37-50.292Z,mixed-3000-seed-41544c53,miss,spatial_hit_test_sync_ms,ms,109,2.5
Atlas,1c2e54b3b8df+bench,SVG,instrument-2026-10-07T06-37-50.292Z,mixed-3000-seed-41544c53,miss,spatial_hit_test_sync_ms,ms,110,2.3999998569488525
Atlas,1c2e54b3b8df+bench,SVG,instrument-2026-10-07T06-37-50.292Z,mixed-3000-seed-41544c53,miss,spatial_hit_test_sync_ms,ms,111,2.5
Atlas,1c2e54b3b8df+bench,SVG,instrument-2026-10-07T06-37-50.292Z,mixed-3000-seed-41544c53,miss,spatial_hit_test_sync_ms,ms,112,2.4000000953674316
Atlas,1c2e54b3b8df+bench,SVG,instrument-2026-10-07T06-37-50.292Z,mixed-3000-seed-41544c53,miss,spatial_hit_test_sync_ms,ms,113,2.4000000953674316
Atlas,1c2e54b3b8df+bench,SVG,instrument-2026-10-07T06-37-50.292Z,mixed-3000-seed-41544c53,miss,spatial_hit_test_sync_ms,ms,114,2.3999998569488525
Atlas,1c2e54b3b8df+bench,SVG,instrument-2026-10-07T06-37-50.292Z,mixed-3000-seed-41544c53,miss,spatial_hit_test_sync_ms,ms,115,2.5
Atlas,1c2e54b3b8df+bench,SVG,instrument-2026-10-07T06-37-50.292Z,mixed-3000-seed-41544c53,miss,spatial_hit_test_sync_ms,ms,116,2.5
Atlas,1c2e54b3b8df+bench,SVG,instrument-2026-10-07T06-37-50.292Z,mixed-3000-seed-41544c53,miss,spatial_hit_test_sync_ms,ms,117,2.5
Atlas,1c2e54b3b8df+bench,SVG,instrument-2026-10-07T06-37-50.292Z,mixed-3000-seed-41544c53,miss,spatial_hit_test_sync_ms,ms,118,2.4000000953674316
Atlas,1c2e54b3b8df+bench,SVG,instrument-2026-10-07T06-37-50.292Z,mixed-3000-seed-41544c53,miss,spatial_hit_test_sync_ms,ms,119,2.5
Atlas,1c2e54b3b8df+bench,SVG,instrument-2026-10-07T06-37-50.292Z,mixed-3000-seed-41544c53,miss,spatial_hit_test_sync_ms,ms,120,2.3999998569488525
Atlas,1c2e54b3b8df+bench,SVG,instrument-2026-10-07T06-37-50.292Z,mixed-3000-seed-41544c53,miss,spatial_hit_test_sync_ms,ms,121,2.4000000953674316
Atlas,1c2e54b3b8df+bench,SVG,instrument-2026-10-07T06-37-50.292Z,mixed-3000-seed-41544c53,miss,spatial_hit_test_sync_ms,ms,122,2.5999999046325684
Atlas,1c2e54b3b8df+bench,SVG,instrument-2026-10-07T06-37-50.292Z,mixed-3000-seed-41544c53,miss,spatial_hit_test_sync_ms,ms,123,2.5
Atlas,1c2e54b3b8df+bench,SVG,instrument-2026-10-07T06-37-50.292Z,mixed-3000-seed-41544c53,miss,spatial_hit_test_sync_ms,ms,124,2.4000000953674316
Atlas,1c2e54b3b8df+bench,SVG,instrument-2026-10-07T06-37-50.292Z,mixed-3000-seed-41544c53,miss,spatial_hit_test_sync_ms,ms,125,2.4000000953674316
Atlas,1c2e54b3b8df+bench,SVG,instrument-2026-10-07T06-37-50.292Z,mixed-3000-seed-41544c53,miss,spatial_hit_test_sync_ms,ms,126,2.5
Atlas,1c2e54b3b8df+bench,SVG,instrument-2026-10-07T06-37-50.292Z,mixed-3000-seed-41544c53,miss,spatial_hit_test_sync_ms,ms,127,2.3999998569488525
Atlas,1c2e54b3b8df+bench,SVG,instrument-2026-10-07T06-37-50.292Z,mixed-3000-seed-41544c53,miss,spatial_hit_test_sync_ms,ms,128,2.4000000953674316
Atlas,1c2e54b3b8df+bench,SVG,instrument-2026-10-07T06-37-50.292Z,mixed-3000-seed-41544c53,miss,spatial_hit_test_sync_ms,ms,129,2.3999998569488525
Atlas,1c2e54b3b8df+bench,SVG,instrument-2026-10-07T06-37-50.292Z,mixed-3000-seed-41544c53,miss,spatial_hit_test_sync_ms,ms,130,2.6000001430511475
Atlas,1c2e54b3b8df+bench,SVG,instrument-2026-10-07T06-37-50.292Z,mixed-3000-seed-41544c53,miss,spatial_hit_test_sync_ms,ms,131,2.3999998569488525
Atlas,1c2e54b3b8df+bench,SVG,instrument-2026-10-07T06-37-50.292Z,mixed-3000-seed-41544c53,miss,spatial_hit_test_sync_ms,ms,132,2.4000000953674316
Atlas,1c2e54b3b8df+bench,SVG,instrument-2026-10-07T06-37-50.292Z,mixed-3000-seed-41544c53,miss,spatial_hit_test_sync_ms,ms,133,2.5
Atlas,1c2e54b3b8df+bench,SVG,instrument-2026-10-07T06-37-50.292Z,mixed-3000-seed-41544c53,miss,spatial_hit_test_sync_ms,ms,134,2.4000000953674316
Atlas,1c2e54b3b8df+bench,SVG,instrument-2026-10-07T06-37-50.292Z,mixed-3000-seed-41544c53,miss,spatial_hit_test_sync_ms,ms,135,2.5
Atlas,1c2e54b3b8df+bench,SVG,instrument-2026-10-07T06-37-50.292Z,mixed-3000-seed-41544c53,miss,spatial_hit_test_sync_ms,ms,136,2.5
Atlas,1c2e54b3b8df+bench,SVG,instrument-2026-10-07T06-37-50.292Z,mixed-3000-seed-41544c53,miss,spatial_hit_test_sync_ms,ms,137,2.5
Atlas,1c2e54b3b8df+bench,SVG,instrument-2026-10-07T06-37-50.292Z,mixed-3000-seed-41544c53,miss,spatial_hit_test_sync_ms,ms,138,2.3999998569488525
Atlas,1c2e54b3b8df+bench,SVG,instrument-2026-10-07T06-37-50.292Z,mixed-3000-seed-41544c53,miss,spatial_hit_test_sync_ms,ms,139,2.4000000953674316
Atlas,1c2e54b3b8df+bench,SVG,instrument-2026-10-07T06-37-50.292Z,mixed-3000-seed-41544c53,miss,spatial_hit_test_sync_ms,ms,140,2.5
Atlas,1c2e54b3b8df+bench,SVG,instrument-2026-10-07T06-37-50.292Z,mixed-3000-seed-41544c53,miss,spatial_hit_test_sync_ms,ms,141,2.299999952316284
Atlas,1c2e54b3b8df+bench,SVG,instrument-2026-10-07T06-37-50.292Z,mixed-3000-seed-41544c53,miss,spatial_hit_test_sync_ms,ms,142,2.5999999046325684
Atlas,1c2e54b3b8df+bench,SVG,instrument-2026-10-07T06-37-50.292Z,mixed-3000-seed-41544c53,miss,spatial_hit_test_sync_ms,ms,143,2.5
Atlas,1c2e54b3b8df+bench,SVG,instrument-2026-10-07T06-37-50.292Z,mixed-3000-seed-41544c53,miss,spatial_hit_test_sync_ms,ms,144,2.4000000953674316
Atlas,1c2e54b3b8df+bench,SVG,instrument-2026-10-07T06-37-50.292Z,mixed-3000-seed-41544c53,miss,spatial_hit_test_sync_ms,ms,145,2.4000000953674316
Atlas,1c2e54b3b8df+bench,SVG,instrument-2026-10-07T06-37-50.292Z,mixed-3000-seed-41544c53,miss,spatial_hit_test_sync_ms,ms,146,2.5
Atlas,1c2e54b3b8df+bench,SVG,instrument-2026-10-07T06-37-50.292Z,mixed-3000-seed-41544c53,miss,spatial_hit_test_sync_ms,ms,147,2.5
Atlas,1c2e54b3b8df+bench,SVG,instrument-2026-10-07T06-37-50.292Z,mixed-3000-seed-41544c53,miss,spatial_hit_test_sync_ms,ms,148,2.299999952316284
Atlas,1c2e54b3b8df+bench,SVG,instrument-2026-10-07T06-37-50.292Z,mixed-3000-seed-41544c53,miss,spatial_hit_test_sync_ms,ms,149,2.799999952316284
Atlas,1c2e54b3b8df+bench,SVG,instrument-2026-10-07T06-37-50.292Z,mixed-3000-seed-41544c53,miss,spatial_hit_test_sync_ms,ms,150,2.5999999046325684
Atlas,1c2e54b3b8df+bench,SVG,instrument-2026-10-07T06-37-50.292Z,mixed-3000-seed-41544c53,miss,spatial_hit_test_sync_ms,ms,151,2.5
Atlas,1c2e54b3b8df+bench,SVG,instrument-2026-10-07T06-37-50.292Z,mixed-3000-seed-41544c53,miss,spatial_hit_test_sync_ms,ms,152,2.4000000953674316
Atlas,1c2e54b3b8df+bench,SVG,instrument-2026-10-07T06-37-50.292Z,mixed-3000-seed-41544c53,miss,spatial_hit_test_sync_ms,ms,153,2.5
Atlas,1c2e54b3b8df+bench,SVG,instrument-2026-10-07T06-37-50.292Z,mixed-3000-seed-41544c53,miss,spatial_hit_test_sync_ms,ms,154,2.4000000953674316
Atlas,1c2e54b3b8df+bench,SVG,instrument-2026-10-07T06-37-50.292Z,mixed-3000-seed-41544c53,miss,spatial_hit_test_sync_ms,ms,155,2.3999998569488525
Atlas,1c2e54b3b8df+bench,SVG,instrument-2026-10-07T06-37-50.292Z,mixed-3000-seed-41544c53,miss,spatial_hit_test_sync_ms,ms,156,2.5
Atlas,1c2e54b3b8df+bench,SVG,instrument-2026-10-07T06-37-50.292Z,mixed-3000-seed-41544c53,miss,spatial_hit_test_sync_ms,ms,157,2.700000047683716
Atlas,1c2e54b3b8df+bench,SVG,instrument-2026-10-07T06-37-50.292Z,mixed-3000-seed-41544c53,miss,spatial_hit_test_sync_ms,ms,158,2.5
Atlas,1c2e54b3b8df+bench,SVG,instrument-2026-10-07T06-37-50.292Z,mixed-3000-seed-41544c53,miss,spatial_hit_test_sync_ms,ms,159,2.4000000953674316
Atlas,1c2e54b3b8df+bench,SVG,instrument-2026-10-07T06-37-50.292Z,mixed-3000-seed-41544c53,miss,spatial_hit_test_sync_ms,ms,160,2.5
Atlas,1c2e54b3b8df+bench,SVG,instrument-2026-10-07T06-37-50.292Z,mixed-3000-seed-41544c53,miss,spatial_hit_test_sync_ms,ms,161,2.3999998569488525
Atlas,1c2e54b3b8df+bench,SVG,instrument-2026-10-07T06-37-50.292Z,mixed-3000-seed-41544c53,miss,spatial_hit_test_sync_ms,ms,162,2.5
Atlas,1c2e54b3b8df+bench,SVG,instrument-2026-10-07T06-37-50.292Z,mixed-3000-seed-41544c53,miss,spatial_hit_test_sync_ms,ms,163,2.6000001430511475
Atlas,1c2e54b3b8df+bench,SVG,instrument-2026-10-07T06-37-50.292Z,mixed-3000-seed-41544c53,miss,spatial_hit_test_sync_ms,ms,164,2.5
Atlas,1c2e54b3b8df+bench,SVG,instrument-2026-10-07T06-37-50.292Z,mixed-3000-seed-41544c53,miss,spatial_hit_test_sync_ms,ms,165,2.3999998569488525
Atlas,1c2e54b3b8df+bench,SVG,instrument-2026-10-07T06-37-50.292Z,mixed-3000-seed-41544c53,miss,spatial_hit_test_sync_ms,ms,166,2.5
Atlas,1c2e54b3b8df+bench,SVG,instrument-2026-10-07T06-37-50.292Z,mixed-3000-seed-41544c53,miss,spatial_hit_test_sync_ms,ms,167,2.4000000953674316
Atlas,1c2e54b3b8df+bench,SVG,instrument-2026-10-07T06-37-50.292Z,mixed-3000-seed-41544c53,miss,spatial_hit_test_sync_ms,ms,168,2.3999998569488525
Atlas,1c2e54b3b8df+bench,SVG,instrument-2026-10-07T06-37-50.292Z,mixed-3000-seed-41544c53,miss,spatial_hit_test_sync_ms,ms,169,2.6000001430511475
Atlas,1c2e54b3b8df+bench,SVG,instrument-2026-10-07T06-37-50.292Z,mixed-3000-seed-41544c53,miss,spatial_hit_test_sync_ms,ms,170,2.5
Atlas,1c2e54b3b8df+bench,SVG,instrument-2026-10-07T06-37-50.292Z,mixed-3000-seed-41544c53,miss,spatial_hit_test_sync_ms,ms,171,2.5
Atlas,1c2e54b3b8df+bench,SVG,instrument-2026-10-07T06-37-50.292Z,mixed-3000-seed-41544c53,miss,spatial_hit_test_sync_ms,ms,172,2.3999998569488525
Atlas,1c2e54b3b8df+bench,SVG,instrument-2026-10-07T06-37-50.292Z,mixed-3000-seed-41544c53,miss,spatial_hit_test_sync_ms,ms,173,2.5
Atlas,1c2e54b3b8df+bench,SVG,instrument-2026-10-07T06-37-50.292Z,mixed-3000-seed-41544c53,miss,spatial_hit_test_sync_ms,ms,174,2.4000000953674316
Atlas,1c2e54b3b8df+bench,SVG,instrument-2026-10-07T06-37-50.292Z,mixed-3000-seed-41544c53,miss,spatial_hit_test_sync_ms,ms,175,2.5
Atlas,1c2e54b3b8df+bench,SVG,instrument-2026-10-07T06-37-50.292Z,mixed-3000-seed-41544c53,miss,spatial_hit_test_sync_ms,ms,176,2.5
Atlas,1c2e54b3b8df+bench,SVG,instrument-2026-10-07T06-37-50.292Z,mixed-3000-seed-41544c53,miss,spatial_hit_test_sync_ms,ms,177,2.5999999046325684
Atlas,1c2e54b3b8df+bench,SVG,instrument-2026-10-07T06-37-50.292Z,mixed-3000-seed-41544c53,miss,spatial_hit_test_sync_ms,ms,178,2.4000000953674316
Atlas,1c2e54b3b8df+bench,SVG,instrument-2026-10-07T06-37-50.292Z,mixed-3000-seed-41544c53,miss,spatial_hit_test_sync_ms,ms,179,2.4000000953674316
Atlas,1c2e54b3b8df+bench,SVG,instrument-2026-10-07T06-37-50.292Z,mixed-3000-seed-41544c53,miss,spatial_hit_test_sync_ms,ms,180,2.3999998569488525
Atlas,1c2e54b3b8df+bench,SVG,instrument-2026-10-07T06-37-50.292Z,mixed-3000-seed-41544c53,miss,spatial_hit_test_sync_ms,ms,181,2.4000000953674316
Atlas,1c2e54b3b8df+bench,SVG,instrument-2026-10-07T06-37-50.292Z,mixed-3000-seed-41544c53,miss,spatial_hit_test_sync_ms,ms,182,2.5
Atlas,1c2e54b3b8df+bench,SVG,instrument-2026-10-07T06-37-50.292Z,mixed-3000-seed-41544c53,miss,spatial_hit_test_sync_ms,ms,183,2.700000047683716
Atlas,1c2e54b3b8df+bench,SVG,instrument-2026-10-07T06-37-50.292Z,mixed-3000-seed-41544c53,miss,spatial_hit_test_sync_ms,ms,184,2.5
Atlas,1c2e54b3b8df+bench,SVG,instrument-2026-10-07T06-37-50.292Z,mixed-3000-seed-41544c53,miss,spatial_hit_test_sync_ms,ms,185,2.3999998569488525
Atlas,1c2e54b3b8df+bench,SVG,instrument-2026-10-07T06-37-50.292Z,mixed-3000-seed-41544c53,miss,spatial_hit_test_sync_ms,ms,186,2.4000000953674316
Atlas,1c2e54b3b8df+bench,SVG,instrument-2026-10-07T06-37-50.292Z,mixed-3000-seed-41544c53,miss,spatial_hit_test_sync_ms,ms,187,2.5
Atlas,1c2e54b3b8df+bench,SVG,instrument-2026-10-07T06-37-50.292Z,mixed-3000-seed-41544c53,miss,spatial_hit_test_sync_ms,ms,188,2.3999998569488525
Atlas,1c2e54b3b8df+bench,SVG,instrument-2026-10-07T06-37-50.292Z,mixed-3000-seed-41544c53,miss,spatial_hit_test_sync_ms,ms,189,2.5
Atlas,1c2e54b3b8df+bench,SVG,instrument-2026-10-07T06-37-50.292Z,mixed-3000-seed-41544c53,miss,spatial_hit_test_sync_ms,ms,190,2.5
Atlas,1c2e54b3b8df+bench,SVG,instrument-2026-10-07T06-37-50.292Z,mixed-3000-seed-41544c53,miss,spatial_hit_test_sync_ms,ms,191,2.5
Atlas,1c2e54b3b8df+bench,SVG,instrument-2026-10-07T06-37-50.292Z,mixed-3000-seed-41544c53,miss,spatial_hit_test_sync_ms,ms,192,2.4000000953674316
Atlas,1c2e54b3b8df+bench,SVG,instrument-2026-10-07T06-37-50.292Z,mixed-3000-seed-41544c53,miss,spatial_hit_test_sync_ms,ms,193,2.5
Atlas,1c2e54b3b8df+bench,SVG,instrument-2026-10-07T06-37-50.292Z,mixed-3000-seed-41544c53,miss,spatial_hit_test_sync_ms,ms,194,2.5
Atlas,1c2e54b3b8df+bench,SVG,instrument-2026-10-07T06-37-50.292Z,mixed-3000-seed-41544c53,miss,spatial_hit_test_sync_ms,ms,195,2.4000000953674316
Atlas,1c2e54b3b8df+bench,SVG,instrument-2026-10-07T06-37-50.292Z,mixed-3000-seed-41544c53,miss,spatial_hit_test_sync_ms,ms,196,2.5
Atlas,1c2e54b3b8df+bench,SVG,instrument-2026-10-07T06-37-50.292Z,mixed-3000-seed-41544c53,miss,spatial_hit_test_sync_ms,ms,197,2.5999999046325684
Atlas,1c2e54b3b8df+bench,SVG,instrument-2026-10-07T06-37-50.292Z,mixed-3000-seed-41544c53,miss,spatial_hit_test_sync_ms,ms,198,2.5
Atlas,1c2e54b3b8df+bench,SVG,instrument-2026-10-07T06-37-50.292Z,mixed-3000-seed-41544c53,miss,spatial_hit_test_sync_ms,ms,199,2.4000000953674316
Atlas,1c2e54b3b8df+bench,SVG,instrument-2026-10-07T06-37-50.292Z,mixed-3000-seed-41544c53,miss,root_iterator_creations,count,0,201
Atlas,1c2e54b3b8df+bench,SVG,instrument-2026-10-07T06-37-50.292Z,mixed-3000-seed-41544c53,miss,root_iterator_next_calls,count,0,603001
Atlas,1c2e54b3b8df+bench,SVG,instrument-2026-10-07T06-37-50.292Z,mixed-3000-seed-41544c53,miss,route_membership_reads,count,0,961800
Atlas,1c2e54b3b8df+bench,SVG,instrument-2026-10-07T06-37-50.292Z,mixed-3000-seed-41544c53,miss,layout_rect_reads,count,0,0
Atlas,1c2e54b3b8df+bench,SVG,instrument-2026-10-07T06-37-50.292Z,mixed-3000-seed-41544c53,miss,cleanup_renderer_calls,count,0,0
Atlas,1c2e54b3b8df+bench,SVG,instrument-2026-10-07T06-37-50.292Z,mixed-3000-seed-41544c53,miss,cleanup_stage_children,count,0,0
Atlas,1c2e54b3b8df+bench,SVG,instrument-2026-10-07T06-37-50.292Z,mixed-3000-seed-41544c53,position-single,operation_sync_ms,ms,0,0
Atlas,1c2e54b3b8df+bench,SVG,instrument-2026-10-07T06-37-50.292Z,mixed-3000-seed-41544c53,position-single,operation_to_raf_opportunities_ms,ms,0,35.39999985694885
Atlas,1c2e54b3b8df+bench,SVG,instrument-2026-10-07T06-37-50.292Z,mixed-3000-seed-41544c53,position-single,root_iterator_creations,count,0,2
Atlas,1c2e54b3b8df+bench,SVG,instrument-2026-10-07T06-37-50.292Z,mixed-3000-seed-41544c53,position-single,root_iterator_next_calls,count,0,6001
Atlas,1c2e54b3b8df+bench,SVG,instrument-2026-10-07T06-37-50.292Z,mixed-3000-seed-41544c53,position-single,svg_attribute_writes,count,0,15003
Atlas,1c2e54b3b8df+bench,SVG,instrument-2026-10-07T06-37-50.292Z,mixed-3000-seed-41544c53,position-single,renderer_scene_reads,count,0,1
Atlas,1c2e54b3b8df+bench,SVG,instrument-2026-10-07T06-37-50.292Z,mixed-3000-seed-41544c53,position-single,route_membership_reads,count,0,1800
Atlas,1c2e54b3b8df+bench,SVG,instrument-2026-10-07T06-37-50.292Z,mixed-3000-seed-41544c53,position-single,svg_attribute_removals,count,0,7200
Atlas,1c2e54b3b8df+bench,SVG,instrument-2026-10-07T06-37-50.292Z,mixed-3000-seed-41544c53,position-single,renderer_calls,count,0,1
Atlas,1c2e54b3b8df+bench,SVG,instrument-2026-10-07T06-37-50.292Z,mixed-3000-seed-41544c53,position-single,layout_rect_reads,count,0,0
Atlas,1c2e54b3b8df+bench,SVG,instrument-2026-10-07T06-37-50.292Z,mixed-3000-seed-41544c53,position-single,instrumented_renderer_callback_ms,ms,0,9.600000143051147
Atlas,1c2e54b3b8df+bench,SVG,instrument-2026-10-07T06-37-50.292Z,mixed-3000-seed-41544c53,position-single,cleanup_renderer_calls,count,0,0
Atlas,1c2e54b3b8df+bench,SVG,instrument-2026-10-07T06-37-50.292Z,mixed-3000-seed-41544c53,position-single,cleanup_stage_children,count,0,0
Atlas,1c2e54b3b8df+bench,SVG,instrument-2026-10-07T06-37-50.292Z,mixed-3000-seed-41544c53,position-series,operation_sync_ms,ms,0,0.09999990463256836
Atlas,1c2e54b3b8df+bench,SVG,instrument-2026-10-07T06-37-50.292Z,mixed-3000-seed-41544c53,position-series,operation_to_raf_opportunities_ms,ms,0,38.799999952316284
Atlas,1c2e54b3b8df+bench,SVG,instrument-2026-10-07T06-37-50.292Z,mixed-3000-seed-41544c53,position-series,root_iterator_creations,count,0,2
Atlas,1c2e54b3b8df+bench,SVG,instrument-2026-10-07T06-37-50.292Z,mixed-3000-seed-41544c53,position-series,root_iterator_next_calls,count,0,6001
Atlas,1c2e54b3b8df+bench,SVG,instrument-2026-10-07T06-37-50.292Z,mixed-3000-seed-41544c53,position-series,route_membership_reads,count,0,1820
Atlas,1c2e54b3b8df+bench,SVG,instrument-2026-10-07T06-37-50.292Z,mixed-3000-seed-41544c53,position-series,svg_attribute_writes,count,0,15003
Atlas,1c2e54b3b8df+bench,SVG,instrument-2026-10-07T06-37-50.292Z,mixed-3000-seed-41544c53,position-series,renderer_scene_reads,count,0,1
Atlas,1c2e54b3b8df+bench,SVG,instrument-2026-10-07T06-37-50.292Z,mixed-3000-seed-41544c53,position-series,svg_attribute_removals,count,0,7200
Atlas,1c2e54b3b8df+bench,SVG,instrument-2026-10-07T06-37-50.292Z,mixed-3000-seed-41544c53,position-series,renderer_calls,count,0,1
Atlas,1c2e54b3b8df+bench,SVG,instrument-2026-10-07T06-37-50.292Z,mixed-3000-seed-41544c53,position-series,layout_rect_reads,count,0,0
Atlas,1c2e54b3b8df+bench,SVG,instrument-2026-10-07T06-37-50.292Z,mixed-3000-seed-41544c53,position-series,instrumented_renderer_callback_ms,ms,0,9.400000095367432
Atlas,1c2e54b3b8df+bench,SVG,instrument-2026-10-07T06-37-50.292Z,mixed-3000-seed-41544c53,position-series,cleanup_renderer_calls,count,0,0
Atlas,1c2e54b3b8df+bench,SVG,instrument-2026-10-07T06-37-50.292Z,mixed-3000-seed-41544c53,position-series,cleanup_stage_children,count,0,0
Atlas,1c2e54b3b8df+bench,SVG,instrument-2026-10-07T06-37-50.292Z,mixed-3000-seed-41544c53,add-100,operation_sync_ms,ms,0,28.200000047683716
Atlas,1c2e54b3b8df+bench,SVG,instrument-2026-10-07T06-37-50.292Z,mixed-3000-seed-41544c53,add-100,cumulative_operation_ms,ms,100,28.200000047683716
Atlas,1c2e54b3b8df+bench,SVG,instrument-2026-10-07T06-37-50.292Z,mixed-3000-seed-41544c53,add-100,operation_to_raf_opportunities_ms,ms,0,66.20000004768372
Atlas,1c2e54b3b8df+bench,SVG,instrument-2026-10-07T06-37-50.292Z,mixed-3000-seed-41544c53,add-100,root_iterator_creations,count,0,103
Atlas,1c2e54b3b8df+bench,SVG,instrument-2026-10-07T06-37-50.292Z,mixed-3000-seed-41544c53,add-100,root_iterator_next_calls,count,0,311152
Atlas,1c2e54b3b8df+bench,SVG,instrument-2026-10-07T06-37-50.292Z,mixed-3000-seed-41544c53,add-100,svg_attribute_writes,count,0,15803
Atlas,1c2e54b3b8df+bench,SVG,instrument-2026-10-07T06-37-50.292Z,mixed-3000-seed-41544c53,add-100,renderer_scene_reads,count,0,1
Atlas,1c2e54b3b8df+bench,SVG,instrument-2026-10-07T06-37-50.292Z,mixed-3000-seed-41544c53,add-100,route_membership_reads,count,0,2400
Atlas,1c2e54b3b8df+bench,SVG,instrument-2026-10-07T06-37-50.292Z,mixed-3000-seed-41544c53,add-100,renderer_scene_membership_changes,count,0,1
Atlas,1c2e54b3b8df+bench,SVG,instrument-2026-10-07T06-37-50.292Z,mixed-3000-seed-41544c53,add-100,svg_attribute_removals,count,0,7300
Atlas,1c2e54b3b8df+bench,SVG,instrument-2026-10-07T06-37-50.292Z,mixed-3000-seed-41544c53,add-100,renderer_calls,count,0,1
Atlas,1c2e54b3b8df+bench,SVG,instrument-2026-10-07T06-37-50.292Z,mixed-3000-seed-41544c53,add-100,layout_rect_reads,count,0,0
Atlas,1c2e54b3b8df+bench,SVG,instrument-2026-10-07T06-37-50.292Z,mixed-3000-seed-41544c53,add-100,instrumented_renderer_callback_ms,ms,0,11.200000047683716
Atlas,1c2e54b3b8df+bench,SVG,instrument-2026-10-07T06-37-50.292Z,mixed-3000-seed-41544c53,add-100,cleanup_renderer_calls,count,0,0
Atlas,1c2e54b3b8df+bench,SVG,instrument-2026-10-07T06-37-50.292Z,mixed-3000-seed-41544c53,add-100,cleanup_stage_children,count,0,0
Atlas,1c2e54b3b8df+bench,SVG,instrument-2026-10-07T06-37-50.292Z,mixed-3000-seed-41544c53,add-500,operation_sync_ms,ms,0,138.20000004768372
Atlas,1c2e54b3b8df+bench,SVG,instrument-2026-10-07T06-37-50.292Z,mixed-3000-seed-41544c53,add-500,cumulative_operation_ms,ms,100,32
Atlas,1c2e54b3b8df+bench,SVG,instrument-2026-10-07T06-37-50.292Z,mixed-3000-seed-41544c53,add-500,cumulative_operation_ms,ms,200,57.299999952316284
Atlas,1c2e54b3b8df+bench,SVG,instrument-2026-10-07T06-37-50.292Z,mixed-3000-seed-41544c53,add-500,cumulative_operation_ms,ms,300,83.29999995231628
Atlas,1c2e54b3b8df+bench,SVG,instrument-2026-10-07T06-37-50.292Z,mixed-3000-seed-41544c53,add-500,cumulative_operation_ms,ms,400,110.79999995231628
Atlas,1c2e54b3b8df+bench,SVG,instrument-2026-10-07T06-37-50.292Z,mixed-3000-seed-41544c53,add-500,cumulative_operation_ms,ms,500,138.20000004768372
Atlas,1c2e54b3b8df+bench,SVG,instrument-2026-10-07T06-37-50.292Z,mixed-3000-seed-41544c53,add-500,operation_to_raf_opportunities_ms,ms,0,179.70000004768372
Atlas,1c2e54b3b8df+bench,SVG,instrument-2026-10-07T06-37-50.292Z,mixed-3000-seed-41544c53,add-500,root_iterator_creations,count,0,503
Atlas,1c2e54b3b8df+bench,SVG,instrument-2026-10-07T06-37-50.292Z,mixed-3000-seed-41544c53,add-500,root_iterator_next_calls,count,0,1631752
Atlas,1c2e54b3b8df+bench,SVG,instrument-2026-10-07T06-37-50.292Z,mixed-3000-seed-41544c53,add-500,svg_attribute_writes,count,0,19003
Atlas,1c2e54b3b8df+bench,SVG,instrument-2026-10-07T06-37-50.292Z,mixed-3000-seed-41544c53,add-500,renderer_scene_reads,count,0,1
Atlas,1c2e54b3b8df+bench,SVG,instrument-2026-10-07T06-37-50.292Z,mixed-3000-seed-41544c53,add-500,route_membership_reads,count,0,2400
Atlas,1c2e54b3b8df+bench,SVG,instrument-2026-10-07T06-37-50.292Z,mixed-3000-seed-41544c53,add-500,renderer_scene_membership_changes,count,0,1
Atlas,1c2e54b3b8df+bench,SVG,instrument-2026-10-07T06-37-50.292Z,mixed-3000-seed-41544c53,add-500,svg_attribute_removals,count,0,7700
Atlas,1c2e54b3b8df+bench,SVG,instrument-2026-10-07T06-37-50.292Z,mixed-3000-seed-41544c53,add-500,renderer_calls,count,0,1
Atlas,1c2e54b3b8df+bench,SVG,instrument-2026-10-07T06-37-50.292Z,mixed-3000-seed-41544c53,add-500,layout_rect_reads,count,0,0
Atlas,1c2e54b3b8df+bench,SVG,instrument-2026-10-07T06-37-50.292Z,mixed-3000-seed-41544c53,add-500,instrumented_renderer_callback_ms,ms,0,11.900000095367432
Atlas,1c2e54b3b8df+bench,SVG,instrument-2026-10-07T06-37-50.292Z,mixed-3000-seed-41544c53,add-500,cleanup_renderer_calls,count,0,0
Atlas,1c2e54b3b8df+bench,SVG,instrument-2026-10-07T06-37-50.292Z,mixed-3000-seed-41544c53,add-500,cleanup_stage_children,count,0,0
Atlas,1c2e54b3b8df+bench,SVG,instrument-2026-10-07T06-37-50.292Z,mixed-3000-seed-41544c53,add-1000,operation_sync_ms,ms,0,299
Atlas,1c2e54b3b8df+bench,SVG,instrument-2026-10-07T06-37-50.292Z,mixed-3000-seed-41544c53,add-1000,cumulative_operation_ms,ms,100,37.10000014305115
Atlas,1c2e54b3b8df+bench,SVG,instrument-2026-10-07T06-37-50.292Z,mixed-3000-seed-41544c53,add-1000,cumulative_operation_ms,ms,200,62.5
Atlas,1c2e54b3b8df+bench,SVG,instrument-2026-10-07T06-37-50.292Z,mixed-3000-seed-41544c53,add-1000,cumulative_operation_ms,ms,300,89.40000009536743
Atlas,1c2e54b3b8df+bench,SVG,instrument-2026-10-07T06-37-50.292Z,mixed-3000-seed-41544c53,add-1000,cumulative_operation_ms,ms,400,116.40000009536743
Atlas,1c2e54b3b8df+bench,SVG,instrument-2026-10-07T06-37-50.292Z,mixed-3000-seed-41544c53,add-1000,cumulative_operation_ms,ms,500,145
Atlas,1c2e54b3b8df+bench,SVG,instrument-2026-10-07T06-37-50.292Z,mixed-3000-seed-41544c53,add-1000,cumulative_operation_ms,ms,600,173.60000014305115
Atlas,1c2e54b3b8df+bench,SVG,instrument-2026-10-07T06-37-50.292Z,mixed-3000-seed-41544c53,add-1000,cumulative_operation_ms,ms,700,203.79999995231628
Atlas,1c2e54b3b8df+bench,SVG,instrument-2026-10-07T06-37-50.292Z,mixed-3000-seed-41544c53,add-1000,cumulative_operation_ms,ms,800,234
Atlas,1c2e54b3b8df+bench,SVG,instrument-2026-10-07T06-37-50.292Z,mixed-3000-seed-41544c53,add-1000,cumulative_operation_ms,ms,900,266.10000014305115
Atlas,1c2e54b3b8df+bench,SVG,instrument-2026-10-07T06-37-50.292Z,mixed-3000-seed-41544c53,add-1000,cumulative_operation_ms,ms,1000,299
Atlas,1c2e54b3b8df+bench,SVG,instrument-2026-10-07T06-37-50.292Z,mixed-3000-seed-41544c53,add-1000,operation_to_raf_opportunities_ms,ms,0,342.40000009536743
Atlas,1c2e54b3b8df+bench,SVG,instrument-2026-10-07T06-37-50.292Z,mixed-3000-seed-41544c53,add-1000,root_iterator_creations,count,0,1003
Atlas,1c2e54b3b8df+bench,SVG,instrument-2026-10-07T06-37-50.292Z,mixed-3000-seed-41544c53,add-1000,root_iterator_next_calls,count,0,3507502
Atlas,1c2e54b3b8df+bench,SVG,instrument-2026-10-07T06-37-50.292Z,mixed-3000-seed-41544c53,add-1000,svg_attribute_writes,count,0,23003
Atlas,1c2e54b3b8df+bench,SVG,instrument-2026-10-07T06-37-50.292Z,mixed-3000-seed-41544c53,add-1000,renderer_scene_reads,count,0,1
Atlas,1c2e54b3b8df+bench,SVG,instrument-2026-10-07T06-37-50.292Z,mixed-3000-seed-41544c53,add-1000,route_membership_reads,count,0,2400
Atlas,1c2e54b3b8df+bench,SVG,instrument-2026-10-07T06-37-50.292Z,mixed-3000-seed-41544c53,add-1000,renderer_scene_membership_changes,count,0,1
Atlas,1c2e54b3b8df+bench,SVG,instrument-2026-10-07T06-37-50.292Z,mixed-3000-seed-41544c53,add-1000,svg_attribute_removals,count,0,8200
Atlas,1c2e54b3b8df+bench,SVG,instrument-2026-10-07T06-37-50.292Z,mixed-3000-seed-41544c53,add-1000,renderer_calls,count,0,1
Atlas,1c2e54b3b8df+bench,SVG,instrument-2026-10-07T06-37-50.292Z,mixed-3000-seed-41544c53,add-1000,layout_rect_reads,count,0,0
Atlas,1c2e54b3b8df+bench,SVG,instrument-2026-10-07T06-37-50.292Z,mixed-3000-seed-41544c53,add-1000,instrumented_renderer_callback_ms,ms,0,13.099999904632568
Atlas,1c2e54b3b8df+bench,SVG,instrument-2026-10-07T06-37-50.292Z,mixed-3000-seed-41544c53,add-1000,cleanup_renderer_calls,count,0,0
Atlas,1c2e54b3b8df+bench,SVG,instrument-2026-10-07T06-37-50.292Z,mixed-3000-seed-41544c53,add-1000,cleanup_stage_children,count,0,0
Atlas,1c2e54b3b8df+bench,SVG,instrument-2026-10-07T06-37-50.292Z,mixed-3000-seed-41544c53,remove-100,operation_sync_ms,ms,0,29.299999952316284
Atlas,1c2e54b3b8df+bench,SVG,instrument-2026-10-07T06-37-50.292Z,mixed-3000-seed-41544c53,remove-100,cumulative_operation_ms,ms,100,29.299999952316284
Atlas,1c2e54b3b8df+bench,SVG,instrument-2026-10-07T06-37-50.292Z,mixed-3000-seed-41544c53,remove-100,operation_to_raf_opportunities_ms,ms,0,63.799999952316284
Atlas,1c2e54b3b8df+bench,SVG,instrument-2026-10-07T06-37-50.292Z,mixed-3000-seed-41544c53,remove-100,root_iterator_creations,count,0,103
Atlas,1c2e54b3b8df+bench,SVG,instrument-2026-10-07T06-37-50.292Z,mixed-3000-seed-41544c53,remove-100,root_iterator_next_calls,count,0,300952
Atlas,1c2e54b3b8df+bench,SVG,instrument-2026-10-07T06-37-50.292Z,mixed-3000-seed-41544c53,remove-100,svg_attribute_writes,count,0,14513
Atlas,1c2e54b3b8df+bench,SVG,instrument-2026-10-07T06-37-50.292Z,mixed-3000-seed-41544c53,remove-100,renderer_scene_reads,count,0,1
Atlas,1c2e54b3b8df+bench,SVG,instrument-2026-10-07T06-37-50.292Z,mixed-3000-seed-41544c53,remove-100,route_membership_reads,count,0,2320
Atlas,1c2e54b3b8df+bench,SVG,instrument-2026-10-07T06-37-50.292Z,mixed-3000-seed-41544c53,remove-100,renderer_scene_membership_changes,count,0,1
Atlas,1c2e54b3b8df+bench,SVG,instrument-2026-10-07T06-37-50.292Z,mixed-3000-seed-41544c53,remove-100,svg_attribute_removals,count,0,6965
Atlas,1c2e54b3b8df+bench,SVG,instrument-2026-10-07T06-37-50.292Z,mixed-3000-seed-41544c53,remove-100,renderer_calls,count,0,1
Atlas,1c2e54b3b8df+bench,SVG,instrument-2026-10-07T06-37-50.292Z,mixed-3000-seed-41544c53,remove-100,layout_rect_reads,count,0,0
Atlas,1c2e54b3b8df+bench,SVG,instrument-2026-10-07T06-37-50.292Z,mixed-3000-seed-41544c53,remove-100,instrumented_renderer_callback_ms,ms,0,10.700000047683716
Atlas,1c2e54b3b8df+bench,SVG,instrument-2026-10-07T06-37-50.292Z,mixed-3000-seed-41544c53,remove-100,cleanup_renderer_calls,count,0,0
Atlas,1c2e54b3b8df+bench,SVG,instrument-2026-10-07T06-37-50.292Z,mixed-3000-seed-41544c53,remove-100,cleanup_stage_children,count,0,0
Atlas,1c2e54b3b8df+bench,SVG,instrument-2026-10-07T06-37-50.292Z,mixed-3000-seed-41544c53,remove-500,operation_sync_ms,ms,0,125.10000014305115
Atlas,1c2e54b3b8df+bench,SVG,instrument-2026-10-07T06-37-50.292Z,mixed-3000-seed-41544c53,remove-500,cumulative_operation_ms,ms,100,29.100000143051147
Atlas,1c2e54b3b8df+bench,SVG,instrument-2026-10-07T06-37-50.292Z,mixed-3000-seed-41544c53,remove-500,cumulative_operation_ms,ms,200,54.700000047683716
Atlas,1c2e54b3b8df+bench,SVG,instrument-2026-10-07T06-37-50.292Z,mixed-3000-seed-41544c53,remove-500,cumulative_operation_ms,ms,300,79.20000004768372
Atlas,1c2e54b3b8df+bench,SVG,instrument-2026-10-07T06-37-50.292Z,mixed-3000-seed-41544c53,remove-500,cumulative_operation_ms,ms,400,102.90000009536743
Atlas,1c2e54b3b8df+bench,SVG,instrument-2026-10-07T06-37-50.292Z,mixed-3000-seed-41544c53,remove-500,cumulative_operation_ms,ms,500,125.10000014305115
Atlas,1c2e54b3b8df+bench,SVG,instrument-2026-10-07T06-37-50.292Z,mixed-3000-seed-41544c53,remove-500,operation_to_raf_opportunities_ms,ms,0,156
Atlas,1c2e54b3b8df+bench,SVG,instrument-2026-10-07T06-37-50.292Z,mixed-3000-seed-41544c53,remove-500,root_iterator_creations,count,0,503
Atlas,1c2e54b3b8df+bench,SVG,instrument-2026-10-07T06-37-50.292Z,mixed-3000-seed-41544c53,remove-500,root_iterator_next_calls,count,0,1380752
Atlas,1c2e54b3b8df+bench,SVG,instrument-2026-10-07T06-37-50.292Z,mixed-3000-seed-41544c53,remove-500,svg_attribute_writes,count,0,12511
Atlas,1c2e54b3b8df+bench,SVG,instrument-2026-10-07T06-37-50.292Z,mixed-3000-seed-41544c53,remove-500,renderer_scene_reads,count,0,1
Atlas,1c2e54b3b8df+bench,SVG,instrument-2026-10-07T06-37-50.292Z,mixed-3000-seed-41544c53,remove-500,route_membership_reads,count,0,2000
Atlas,1c2e54b3b8df+bench,SVG,instrument-2026-10-07T06-37-50.292Z,mixed-3000-seed-41544c53,remove-500,renderer_scene_membership_changes,count,0,1
Atlas,1c2e54b3b8df+bench,SVG,instrument-2026-10-07T06-37-50.292Z,mixed-3000-seed-41544c53,remove-500,svg_attribute_removals,count,0,6004
Atlas,1c2e54b3b8df+bench,SVG,instrument-2026-10-07T06-37-50.292Z,mixed-3000-seed-41544c53,remove-500,renderer_calls,count,0,1
Atlas,1c2e54b3b8df+bench,SVG,instrument-2026-10-07T06-37-50.292Z,mixed-3000-seed-41544c53,remove-500,layout_rect_reads,count,0,0
Atlas,1c2e54b3b8df+bench,SVG,instrument-2026-10-07T06-37-50.292Z,mixed-3000-seed-41544c53,remove-500,instrumented_renderer_callback_ms,ms,0,9.599999904632568
Atlas,1c2e54b3b8df+bench,SVG,instrument-2026-10-07T06-37-50.292Z,mixed-3000-seed-41544c53,remove-500,cleanup_renderer_calls,count,0,0
Atlas,1c2e54b3b8df+bench,SVG,instrument-2026-10-07T06-37-50.292Z,mixed-3000-seed-41544c53,remove-500,cleanup_stage_children,count,0,0
Atlas,1c2e54b3b8df+bench,SVG,instrument-2026-10-07T06-37-50.292Z,mixed-3000-seed-41544c53,remove-1000,operation_sync_ms,ms,0,231.30000019073486
Atlas,1c2e54b3b8df+bench,SVG,instrument-2026-10-07T06-37-50.292Z,mixed-3000-seed-41544c53,remove-1000,cumulative_operation_ms,ms,100,30
Atlas,1c2e54b3b8df+bench,SVG,instrument-2026-10-07T06-37-50.292Z,mixed-3000-seed-41544c53,remove-1000,cumulative_operation_ms,ms,200,58.30000019073486
Atlas,1c2e54b3b8df+bench,SVG,instrument-2026-10-07T06-37-50.292Z,mixed-3000-seed-41544c53,remove-1000,cumulative_operation_ms,ms,300,83.10000014305115
Atlas,1c2e54b3b8df+bench,SVG,instrument-2026-10-07T06-37-50.292Z,mixed-3000-seed-41544c53,remove-1000,cumulative_operation_ms,ms,400,106.80000019073486
Atlas,1c2e54b3b8df+bench,SVG,instrument-2026-10-07T06-37-50.292Z,mixed-3000-seed-41544c53,remove-1000,cumulative_operation_ms,ms,500,129.80000019073486
Atlas,1c2e54b3b8df+bench,SVG,instrument-2026-10-07T06-37-50.292Z,mixed-3000-seed-41544c53,remove-1000,cumulative_operation_ms,ms,600,152
Atlas,1c2e54b3b8df+bench,SVG,instrument-2026-10-07T06-37-50.292Z,mixed-3000-seed-41544c53,remove-1000,cumulative_operation_ms,ms,700,173.20000004768372
Atlas,1c2e54b3b8df+bench,SVG,instrument-2026-10-07T06-37-50.292Z,mixed-3000-seed-41544c53,remove-1000,cumulative_operation_ms,ms,800,193
Atlas,1c2e54b3b8df+bench,SVG,instrument-2026-10-07T06-37-50.292Z,mixed-3000-seed-41544c53,remove-1000,cumulative_operation_ms,ms,900,212.5
Atlas,1c2e54b3b8df+bench,SVG,instrument-2026-10-07T06-37-50.292Z,mixed-3000-seed-41544c53,remove-1000,cumulative_operation_ms,ms,1000,231.30000019073486
Atlas,1c2e54b3b8df+bench,SVG,instrument-2026-10-07T06-37-50.292Z,mixed-3000-seed-41544c53,remove-1000,operation_to_raf_opportunities_ms,ms,0,258
Atlas,1c2e54b3b8df+bench,SVG,instrument-2026-10-07T06-37-50.292Z,mixed-3000-seed-41544c53,remove-1000,root_iterator_creations,count,0,1003
Atlas,1c2e54b3b8df+bench,SVG,instrument-2026-10-07T06-37-50.292Z,mixed-3000-seed-41544c53,remove-1000,root_iterator_next_calls,count,0,2505502
Atlas,1c2e54b3b8df+bench,SVG,instrument-2026-10-07T06-37-50.292Z,mixed-3000-seed-41544c53,remove-1000,svg_attribute_writes,count,0,10013
Atlas,1c2e54b3b8df+bench,SVG,instrument-2026-10-07T06-37-50.292Z,mixed-3000-seed-41544c53,remove-1000,renderer_scene_reads,count,0,1
Atlas,1c2e54b3b8df+bench,SVG,instrument-2026-10-07T06-37-50.292Z,mixed-3000-seed-41544c53,remove-1000,route_membership_reads,count,0,1600
Atlas,1c2e54b3b8df+bench,SVG,instrument-2026-10-07T06-37-50.292Z,mixed-3000-seed-41544c53,remove-1000,renderer_scene_membership_changes,count,0,1
Atlas,1c2e54b3b8df+bench,SVG,instrument-2026-10-07T06-37-50.292Z,mixed-3000-seed-41544c53,remove-1000,svg_attribute_removals,count,0,4805
Atlas,1c2e54b3b8df+bench,SVG,instrument-2026-10-07T06-37-50.292Z,mixed-3000-seed-41544c53,remove-1000,renderer_calls,count,0,1
Atlas,1c2e54b3b8df+bench,SVG,instrument-2026-10-07T06-37-50.292Z,mixed-3000-seed-41544c53,remove-1000,layout_rect_reads,count,0,0
Atlas,1c2e54b3b8df+bench,SVG,instrument-2026-10-07T06-37-50.292Z,mixed-3000-seed-41544c53,remove-1000,instrumented_renderer_callback_ms,ms,0,8.099999904632568
Atlas,1c2e54b3b8df+bench,SVG,instrument-2026-10-07T06-37-50.292Z,mixed-3000-seed-41544c53,remove-1000,cleanup_renderer_calls,count,0,0
Atlas,1c2e54b3b8df+bench,SVG,instrument-2026-10-07T06-37-50.292Z,mixed-3000-seed-41544c53,remove-1000,cleanup_stage_children,count,0,0
Atlas,1c2e54b3b8df+bench,SVG,instrument-2026-10-07T06-37-50.292Z,mixed-3000-seed-41544c53,route-update,operation_sync_ms,ms,0,1.4000000953674316
Atlas,1c2e54b3b8df+bench,SVG,instrument-2026-10-07T06-37-50.292Z,mixed-3000-seed-41544c53,route-update,operation_to_raf_opportunities_ms,ms,0,37
Atlas,1c2e54b3b8df+bench,SVG,instrument-2026-10-07T06-37-50.292Z,mixed-3000-seed-41544c53,route-update,root_iterator_creations,count,0,2
Atlas,1c2e54b3b8df+bench,SVG,instrument-2026-10-07T06-37-50.292Z,mixed-3000-seed-41544c53,route-update,root_iterator_next_calls,count,0,6001
Atlas,1c2e54b3b8df+bench,SVG,instrument-2026-10-07T06-37-50.292Z,mixed-3000-seed-41544c53,route-update,route_membership_reads,count,0,2404
Atlas,1c2e54b3b8df+bench,SVG,instrument-2026-10-07T06-37-50.292Z,mixed-3000-seed-41544c53,route-update,svg_attribute_writes,count,0,15017
Atlas,1c2e54b3b8df+bench,SVG,instrument-2026-10-07T06-37-50.292Z,mixed-3000-seed-41544c53,route-update,renderer_scene_reads,count,0,1
Atlas,1c2e54b3b8df+bench,SVG,instrument-2026-10-07T06-37-50.292Z,mixed-3000-seed-41544c53,route-update,renderer_scene_membership_changes,count,0,1
Atlas,1c2e54b3b8df+bench,SVG,instrument-2026-10-07T06-37-50.292Z,mixed-3000-seed-41544c53,route-update,svg_attribute_removals,count,0,7201
Atlas,1c2e54b3b8df+bench,SVG,instrument-2026-10-07T06-37-50.292Z,mixed-3000-seed-41544c53,route-update,renderer_calls,count,0,1
Atlas,1c2e54b3b8df+bench,SVG,instrument-2026-10-07T06-37-50.292Z,mixed-3000-seed-41544c53,route-update,layout_rect_reads,count,0,0
Atlas,1c2e54b3b8df+bench,SVG,instrument-2026-10-07T06-37-50.292Z,mixed-3000-seed-41544c53,route-update,instrumented_renderer_callback_ms,ms,0,10.599999904632568
Atlas,1c2e54b3b8df+bench,SVG,instrument-2026-10-07T06-37-50.292Z,mixed-3000-seed-41544c53,route-update,cleanup_renderer_calls,count,0,0
Atlas,1c2e54b3b8df+bench,SVG,instrument-2026-10-07T06-37-50.292Z,mixed-3000-seed-41544c53,route-update,cleanup_stage_children,count,0,0
Atlas,1c2e54b3b8df+bench,SVG,instrument-2026-10-07T06-37-50.292Z,mixed-3000-seed-41544c53,wheel-input,synthetic_wheel_dispatch_sync_ms,ms,0,0
Atlas,1c2e54b3b8df+bench,SVG,instrument-2026-10-07T06-37-50.292Z,mixed-3000-seed-41544c53,wheel-input,synthetic_wheel_dispatch_sync_ms,ms,1,0.09999990463256836
Atlas,1c2e54b3b8df+bench,SVG,instrument-2026-10-07T06-37-50.292Z,mixed-3000-seed-41544c53,wheel-input,synthetic_wheel_dispatch_sync_ms,ms,2,0
Atlas,1c2e54b3b8df+bench,SVG,instrument-2026-10-07T06-37-50.292Z,mixed-3000-seed-41544c53,wheel-input,synthetic_wheel_dispatch_sync_ms,ms,3,0
Atlas,1c2e54b3b8df+bench,SVG,instrument-2026-10-07T06-37-50.292Z,mixed-3000-seed-41544c53,wheel-input,synthetic_wheel_dispatch_sync_ms,ms,4,0.09999990463256836
Atlas,1c2e54b3b8df+bench,SVG,instrument-2026-10-07T06-37-50.292Z,mixed-3000-seed-41544c53,wheel-input,synthetic_wheel_dispatch_sync_ms,ms,5,0
Atlas,1c2e54b3b8df+bench,SVG,instrument-2026-10-07T06-37-50.292Z,mixed-3000-seed-41544c53,wheel-input,synthetic_wheel_dispatch_sync_ms,ms,6,0
Atlas,1c2e54b3b8df+bench,SVG,instrument-2026-10-07T06-37-50.292Z,mixed-3000-seed-41544c53,wheel-input,synthetic_wheel_dispatch_sync_ms,ms,7,0.09999990463256836
Atlas,1c2e54b3b8df+bench,SVG,instrument-2026-10-07T06-37-50.292Z,mixed-3000-seed-41544c53,wheel-input,synthetic_wheel_dispatch_sync_ms,ms,8,0
Atlas,1c2e54b3b8df+bench,SVG,instrument-2026-10-07T06-37-50.292Z,mixed-3000-seed-41544c53,wheel-input,synthetic_wheel_dispatch_sync_ms,ms,9,0
Atlas,1c2e54b3b8df+bench,SVG,instrument-2026-10-07T06-37-50.292Z,mixed-3000-seed-41544c53,wheel-input,layout_rect_reads,count,0,52
Atlas,1c2e54b3b8df+bench,SVG,instrument-2026-10-07T06-37-50.292Z,mixed-3000-seed-41544c53,wheel-input,svg_attribute_writes,count,0,150030
Atlas,1c2e54b3b8df+bench,SVG,instrument-2026-10-07T06-37-50.292Z,mixed-3000-seed-41544c53,wheel-input,renderer_scene_reads,count,0,10
Atlas,1c2e54b3b8df+bench,SVG,instrument-2026-10-07T06-37-50.292Z,mixed-3000-seed-41544c53,wheel-input,root_iterator_creations,count,0,10
Atlas,1c2e54b3b8df+bench,SVG,instrument-2026-10-07T06-37-50.292Z,mixed-3000-seed-41544c53,wheel-input,root_iterator_next_calls,count,0,30000
Atlas,1c2e54b3b8df+bench,SVG,instrument-2026-10-07T06-37-50.292Z,mixed-3000-seed-41544c53,wheel-input,route_membership_reads,count,0,18000
Atlas,1c2e54b3b8df+bench,SVG,instrument-2026-10-07T06-37-50.292Z,mixed-3000-seed-41544c53,wheel-input,svg_attribute_removals,count,0,72000
Atlas,1c2e54b3b8df+bench,SVG,instrument-2026-10-07T06-37-50.292Z,mixed-3000-seed-41544c53,wheel-input,renderer_calls,count,0,10
Atlas,1c2e54b3b8df+bench,SVG,instrument-2026-10-07T06-37-50.292Z,mixed-3000-seed-41544c53,wheel-input,instrumented_renderer_callback_ms,ms,0,9.900000095367432
Atlas,1c2e54b3b8df+bench,SVG,instrument-2026-10-07T06-37-50.292Z,mixed-3000-seed-41544c53,wheel-input,instrumented_renderer_callback_ms,ms,1,10.299999952316284
Atlas,1c2e54b3b8df+bench,SVG,instrument-2026-10-07T06-37-50.292Z,mixed-3000-seed-41544c53,wheel-input,instrumented_renderer_callback_ms,ms,2,10.199999809265137
Atlas,1c2e54b3b8df+bench,SVG,instrument-2026-10-07T06-37-50.292Z,mixed-3000-seed-41544c53,wheel-input,instrumented_renderer_callback_ms,ms,3,10
Atlas,1c2e54b3b8df+bench,SVG,instrument-2026-10-07T06-37-50.292Z,mixed-3000-seed-41544c53,wheel-input,instrumented_renderer_callback_ms,ms,4,9.900000095367432
Atlas,1c2e54b3b8df+bench,SVG,instrument-2026-10-07T06-37-50.292Z,mixed-3000-seed-41544c53,wheel-input,instrumented_renderer_callback_ms,ms,5,10.199999809265137
Atlas,1c2e54b3b8df+bench,SVG,instrument-2026-10-07T06-37-50.292Z,mixed-3000-seed-41544c53,wheel-input,instrumented_renderer_callback_ms,ms,6,9.799999952316284
Atlas,1c2e54b3b8df+bench,SVG,instrument-2026-10-07T06-37-50.292Z,mixed-3000-seed-41544c53,wheel-input,instrumented_renderer_callback_ms,ms,7,10
Atlas,1c2e54b3b8df+bench,SVG,instrument-2026-10-07T06-37-50.292Z,mixed-3000-seed-41544c53,wheel-input,instrumented_renderer_callback_ms,ms,8,9.799999952316284
Atlas,1c2e54b3b8df+bench,SVG,instrument-2026-10-07T06-37-50.292Z,mixed-3000-seed-41544c53,wheel-input,instrumented_renderer_callback_ms,ms,9,9.799999952316284
Atlas,1c2e54b3b8df+bench,SVG,instrument-2026-10-07T06-37-50.292Z,mixed-3000-seed-41544c53,wheel-input,cleanup_renderer_calls,count,0,0
Atlas,1c2e54b3b8df+bench,SVG,instrument-2026-10-07T06-37-50.292Z,mixed-3000-seed-41544c53,wheel-input,cleanup_stage_children,count,0,0
Atlas,1c2e54b3b8df+bench,SVG,instrument-2026-10-07T06-37-50.292Z,mixed-5000-seed-41544c53,load,load_promise_ms,ms,0,36
Atlas,1c2e54b3b8df+bench,SVG,instrument-2026-10-07T06-37-50.292Z,mixed-5000-seed-41544c53,load,create_to_raf_opportunities_ms,ms,0,163.59999990463257
Atlas,1c2e54b3b8df+bench,SVG,instrument-2026-10-07T06-37-50.292Z,mixed-5000-seed-41544c53,load,semantic_roots,count,0,5000
Atlas,1c2e54b3b8df+bench,SVG,instrument-2026-10-07T06-37-50.292Z,mixed-5000-seed-41544c53,load,owned_points,count,0,8996
Atlas,1c2e54b3b8df+bench,SVG,instrument-2026-10-07T06-37-50.292Z,mixed-5000-seed-41544c53,load,visual_primitives,count,0,11996
Atlas,1c2e54b3b8df+bench,SVG,instrument-2026-10-07T06-37-50.292Z,mixed-5000-seed-41544c53,load,svg_element_nodes,count,0,23994
Atlas,1c2e54b3b8df+bench,SVG,instrument-2026-10-07T06-37-50.292Z,mixed-5000-seed-41544c53,load,shadow_element_nodes,count,0,23995
Atlas,1c2e54b3b8df+bench,SVG,instrument-2026-10-07T06-37-50.292Z,mixed-5000-seed-41544c53,load,shadow_dom_nodes,count,0,23998
Atlas,1c2e54b3b8df+bench,SVG,instrument-2026-10-07T06-37-50.292Z,mixed-5000-seed-41544c53,load,root_iterator_creations,count,0,6
Atlas,1c2e54b3b8df+bench,SVG,instrument-2026-10-07T06-37-50.292Z,mixed-5000-seed-41544c53,load,root_iterator_next_calls,count,0,20004
Atlas,1c2e54b3b8df+bench,SVG,instrument-2026-10-07T06-37-50.292Z,mixed-5000-seed-41544c53,load,svg_attribute_writes,count,0,102977
Atlas,1c2e54b3b8df+bench,SVG,instrument-2026-10-07T06-37-50.292Z,mixed-5000-seed-41544c53,load,renderer_calls,count,0,2
Atlas,1c2e54b3b8df+bench,SVG,instrument-2026-10-07T06-37-50.292Z,mixed-5000-seed-41544c53,load,route_membership_reads,count,0,7000
Atlas,1c2e54b3b8df+bench,SVG,instrument-2026-10-07T06-37-50.292Z,mixed-5000-seed-41544c53,load,renderer_scene_reads,count,0,2
Atlas,1c2e54b3b8df+bench,SVG,instrument-2026-10-07T06-37-50.292Z,mixed-5000-seed-41544c53,load,svg_attribute_removals,count,0,11996
Atlas,1c2e54b3b8df+bench,SVG,instrument-2026-10-07T06-37-50.292Z,mixed-5000-seed-41544c53,load,layout_rect_reads,count,0,0
Atlas,1c2e54b3b8df+bench,SVG,instrument-2026-10-07T06-37-50.292Z,mixed-5000-seed-41544c53,load,instrumented_renderer_callback_ms,ms,0,0
Atlas,1c2e54b3b8df+bench,SVG,instrument-2026-10-07T06-37-50.292Z,mixed-5000-seed-41544c53,load,instrumented_renderer_callback_ms,ms,1,16.600000143051147
Atlas,1c2e54b3b8df+bench,SVG,instrument-2026-10-07T06-37-50.292Z,mixed-5000-seed-41544c53,load,instrumented_prepare_promise_ms,ms,0,18.40000009536743
Atlas,1c2e54b3b8df+bench,SVG,instrument-2026-10-07T06-37-50.292Z,mixed-5000-seed-41544c53,load,cleanup_renderer_calls,count,0,0
Atlas,1c2e54b3b8df+bench,SVG,instrument-2026-10-07T06-37-50.292Z,mixed-5000-seed-41544c53,load,cleanup_stage_children,count,0,0
Atlas,1c2e54b3b8df+bench,SVG,instrument-2026-10-07T06-37-50.292Z,mixed-5000-seed-41544c53,pan,frame_interval_ms,ms,0,16.60000000000582
Atlas,1c2e54b3b8df+bench,SVG,instrument-2026-10-07T06-37-50.292Z,mixed-5000-seed-41544c53,pan,camera_api_sync_ms,ms,0,0
Atlas,1c2e54b3b8df+bench,SVG,instrument-2026-10-07T06-37-50.292Z,mixed-5000-seed-41544c53,pan,frame_interval_ms,ms,1,16.70000000001164
Atlas,1c2e54b3b8df+bench,SVG,instrument-2026-10-07T06-37-50.292Z,mixed-5000-seed-41544c53,pan,camera_api_sync_ms,ms,1,0.10000014305114746
Atlas,1c2e54b3b8df+bench,SVG,instrument-2026-10-07T06-37-50.292Z,mixed-5000-seed-41544c53,pan,frame_interval_ms,ms,2,50.10000000000582
Atlas,1c2e54b3b8df+bench,SVG,instrument-2026-10-07T06-37-50.292Z,mixed-5000-seed-41544c53,pan,camera_api_sync_ms,ms,2,0
Atlas,1c2e54b3b8df+bench,SVG,instrument-2026-10-07T06-37-50.292Z,mixed-5000-seed-41544c53,pan,frame_interval_ms,ms,3,66.59999999997672
Atlas,1c2e54b3b8df+bench,SVG,instrument-2026-10-07T06-37-50.292Z,mixed-5000-seed-41544c53,pan,camera_api_sync_ms,ms,3,0
Atlas,1c2e54b3b8df+bench,SVG,instrument-2026-10-07T06-37-50.292Z,mixed-5000-seed-41544c53,pan,frame_interval_ms,ms,4,49.90000000002328
Atlas,1c2e54b3b8df+bench,SVG,instrument-2026-10-07T06-37-50.292Z,mixed-5000-seed-41544c53,pan,camera_api_sync_ms,ms,4,0
Atlas,1c2e54b3b8df+bench,SVG,instrument-2026-10-07T06-37-50.292Z,mixed-5000-seed-41544c53,pan,frame_interval_ms,ms,5,66.79999999998836
Atlas,1c2e54b3b8df+bench,SVG,instrument-2026-10-07T06-37-50.292Z,mixed-5000-seed-41544c53,pan,camera_api_sync_ms,ms,5,0
Atlas,1c2e54b3b8df+bench,SVG,instrument-2026-10-07T06-37-50.292Z,mixed-5000-seed-41544c53,pan,frame_interval_ms,ms,6,50
Atlas,1c2e54b3b8df+bench,SVG,instrument-2026-10-07T06-37-50.292Z,mixed-5000-seed-41544c53,pan,camera_api_sync_ms,ms,6,0
Atlas,1c2e54b3b8df+bench,SVG,instrument-2026-10-07T06-37-50.292Z,mixed-5000-seed-41544c53,pan,frame_interval_ms,ms,7,66.60000000000582
Atlas,1c2e54b3b8df+bench,SVG,instrument-2026-10-07T06-37-50.292Z,mixed-5000-seed-41544c53,pan,camera_api_sync_ms,ms,7,0
Atlas,1c2e54b3b8df+bench,SVG,instrument-2026-10-07T06-37-50.292Z,mixed-5000-seed-41544c53,pan,frame_interval_ms,ms,8,50
Atlas,1c2e54b3b8df+bench,SVG,instrument-2026-10-07T06-37-50.292Z,mixed-5000-seed-41544c53,pan,camera_api_sync_ms,ms,8,0
Atlas,1c2e54b3b8df+bench,SVG,instrument-2026-10-07T06-37-50.292Z,mixed-5000-seed-41544c53,pan,frame_interval_ms,ms,9,66.69999999998254
Atlas,1c2e54b3b8df+bench,SVG,instrument-2026-10-07T06-37-50.292Z,mixed-5000-seed-41544c53,pan,camera_api_sync_ms,ms,9,0
Atlas,1c2e54b3b8df+bench,SVG,instrument-2026-10-07T06-37-50.292Z,mixed-5000-seed-41544c53,pan,frame_interval_ms,ms,10,66.70000000001164
Atlas,1c2e54b3b8df+bench,SVG,instrument-2026-10-07T06-37-50.292Z,mixed-5000-seed-41544c53,pan,camera_api_sync_ms,ms,10,0
Atlas,1c2e54b3b8df+bench,SVG,instrument-2026-10-07T06-37-50.292Z,mixed-5000-seed-41544c53,pan,frame_interval_ms,ms,11,50
Atlas,1c2e54b3b8df+bench,SVG,instrument-2026-10-07T06-37-50.292Z,mixed-5000-seed-41544c53,pan,camera_api_sync_ms,ms,11,0
Atlas,1c2e54b3b8df+bench,SVG,instrument-2026-10-07T06-37-50.292Z,mixed-5000-seed-41544c53,pan,frame_interval_ms,ms,12,49.89999999999418
Atlas,1c2e54b3b8df+bench,SVG,instrument-2026-10-07T06-37-50.292Z,mixed-5000-seed-41544c53,pan,camera_api_sync_ms,ms,12,0
Atlas,1c2e54b3b8df+bench,SVG,instrument-2026-10-07T06-37-50.292Z,mixed-5000-seed-41544c53,pan,frame_interval_ms,ms,13,66.70000000001164
Atlas,1c2e54b3b8df+bench,SVG,instrument-2026-10-07T06-37-50.292Z,mixed-5000-seed-41544c53,pan,camera_api_sync_ms,ms,13,0
Atlas,1c2e54b3b8df+bench,SVG,instrument-2026-10-07T06-37-50.292Z,mixed-5000-seed-41544c53,pan,frame_interval_ms,ms,14,50
Atlas,1c2e54b3b8df+bench,SVG,instrument-2026-10-07T06-37-50.292Z,mixed-5000-seed-41544c53,pan,camera_api_sync_ms,ms,14,0
Atlas,1c2e54b3b8df+bench,SVG,instrument-2026-10-07T06-37-50.292Z,mixed-5000-seed-41544c53,pan,frame_interval_ms,ms,15,50
Atlas,1c2e54b3b8df+bench,SVG,instrument-2026-10-07T06-37-50.292Z,mixed-5000-seed-41544c53,pan,camera_api_sync_ms,ms,15,0
Atlas,1c2e54b3b8df+bench,SVG,instrument-2026-10-07T06-37-50.292Z,mixed-5000-seed-41544c53,pan,frame_interval_ms,ms,16,66.60000000000582
Atlas,1c2e54b3b8df+bench,SVG,instrument-2026-10-07T06-37-50.292Z,mixed-5000-seed-41544c53,pan,camera_api_sync_ms,ms,16,0
Atlas,1c2e54b3b8df+bench,SVG,instrument-2026-10-07T06-37-50.292Z,mixed-5000-seed-41544c53,pan,frame_interval_ms,ms,17,50
Atlas,1c2e54b3b8df+bench,SVG,instrument-2026-10-07T06-37-50.292Z,mixed-5000-seed-41544c53,pan,camera_api_sync_ms,ms,17,0
Atlas,1c2e54b3b8df+bench,SVG,instrument-2026-10-07T06-37-50.292Z,mixed-5000-seed-41544c53,pan,frame_interval_ms,ms,18,66.69999999998254
Atlas,1c2e54b3b8df+bench,SVG,instrument-2026-10-07T06-37-50.292Z,mixed-5000-seed-41544c53,pan,camera_api_sync_ms,ms,18,0
Atlas,1c2e54b3b8df+bench,SVG,instrument-2026-10-07T06-37-50.292Z,mixed-5000-seed-41544c53,pan,frame_interval_ms,ms,19,50
Atlas,1c2e54b3b8df+bench,SVG,instrument-2026-10-07T06-37-50.292Z,mixed-5000-seed-41544c53,pan,camera_api_sync_ms,ms,19,0
Atlas,1c2e54b3b8df+bench,SVG,instrument-2026-10-07T06-37-50.292Z,mixed-5000-seed-41544c53,pan,frame_interval_ms,ms,20,66.70000000001164
Atlas,1c2e54b3b8df+bench,SVG,instrument-2026-10-07T06-37-50.292Z,mixed-5000-seed-41544c53,pan,camera_api_sync_ms,ms,20,0
Atlas,1c2e54b3b8df+bench,SVG,instrument-2026-10-07T06-37-50.292Z,mixed-5000-seed-41544c53,pan,frame_interval_ms,ms,21,66.60000000000582
Atlas,1c2e54b3b8df+bench,SVG,instrument-2026-10-07T06-37-50.292Z,mixed-5000-seed-41544c53,pan,camera_api_sync_ms,ms,21,0
Atlas,1c2e54b3b8df+bench,SVG,instrument-2026-10-07T06-37-50.292Z,mixed-5000-seed-41544c53,pan,frame_interval_ms,ms,22,50
Atlas,1c2e54b3b8df+bench,SVG,instrument-2026-10-07T06-37-50.292Z,mixed-5000-seed-41544c53,pan,camera_api_sync_ms,ms,22,0
Atlas,1c2e54b3b8df+bench,SVG,instrument-2026-10-07T06-37-50.292Z,mixed-5000-seed-41544c53,pan,frame_interval_ms,ms,23,66.69999999998254
Atlas,1c2e54b3b8df+bench,SVG,instrument-2026-10-07T06-37-50.292Z,mixed-5000-seed-41544c53,pan,camera_api_sync_ms,ms,23,0
Atlas,1c2e54b3b8df+bench,SVG,instrument-2026-10-07T06-37-50.292Z,mixed-5000-seed-41544c53,pan,frame_interval_ms,ms,24,50
Atlas,1c2e54b3b8df+bench,SVG,instrument-2026-10-07T06-37-50.292Z,mixed-5000-seed-41544c53,pan,camera_api_sync_ms,ms,24,0
Atlas,1c2e54b3b8df+bench,SVG,instrument-2026-10-07T06-37-50.292Z,mixed-5000-seed-41544c53,pan,frame_interval_ms,ms,25,66.60000000000582
Atlas,1c2e54b3b8df+bench,SVG,instrument-2026-10-07T06-37-50.292Z,mixed-5000-seed-41544c53,pan,camera_api_sync_ms,ms,25,0
Atlas,1c2e54b3b8df+bench,SVG,instrument-2026-10-07T06-37-50.292Z,mixed-5000-seed-41544c53,pan,frame_interval_ms,ms,26,66.79999999998836
Atlas,1c2e54b3b8df+bench,SVG,instrument-2026-10-07T06-37-50.292Z,mixed-5000-seed-41544c53,pan,camera_api_sync_ms,ms,26,0
Atlas,1c2e54b3b8df+bench,SVG,instrument-2026-10-07T06-37-50.292Z,mixed-5000-seed-41544c53,pan,motion_elapsed_ms,ms,0,1500
Atlas,1c2e54b3b8df+bench,SVG,instrument-2026-10-07T06-37-50.292Z,mixed-5000-seed-41544c53,pan,camera_updates,count,0,27
Atlas,1c2e54b3b8df+bench,SVG,instrument-2026-10-07T06-37-50.292Z,mixed-5000-seed-41544c53,pan,svg_attribute_writes,count,0,674865
Atlas,1c2e54b3b8df+bench,SVG,instrument-2026-10-07T06-37-50.292Z,mixed-5000-seed-41544c53,pan,renderer_scene_reads,count,0,27
Atlas,1c2e54b3b8df+bench,SVG,instrument-2026-10-07T06-37-50.292Z,mixed-5000-seed-41544c53,pan,root_iterator_creations,count,0,27
Atlas,1c2e54b3b8df+bench,SVG,instrument-2026-10-07T06-37-50.292Z,mixed-5000-seed-41544c53,pan,root_iterator_next_calls,count,0,135000
Atlas,1c2e54b3b8df+bench,SVG,instrument-2026-10-07T06-37-50.292Z,mixed-5000-seed-41544c53,pan,route_membership_reads,count,0,81000
Atlas,1c2e54b3b8df+bench,SVG,instrument-2026-10-07T06-37-50.292Z,mixed-5000-seed-41544c53,pan,svg_attribute_removals,count,0,323892
Atlas,1c2e54b3b8df+bench,SVG,instrument-2026-10-07T06-37-50.292Z,mixed-5000-seed-41544c53,pan,renderer_calls,count,0,27
Atlas,1c2e54b3b8df+bench,SVG,instrument-2026-10-07T06-37-50.292Z,mixed-5000-seed-41544c53,pan,layout_rect_reads,count,0,0
Atlas,1c2e54b3b8df+bench,SVG,instrument-2026-10-07T06-37-50.292Z,mixed-5000-seed-41544c53,pan,instrumented_renderer_callback_ms,ms,0,16.199999809265137
Atlas,1c2e54b3b8df+bench,SVG,instrument-2026-10-07T06-37-50.292Z,mixed-5000-seed-41544c53,pan,instrumented_renderer_callback_ms,ms,1,15.5
Atlas,1c2e54b3b8df+bench,SVG,instrument-2026-10-07T06-37-50.292Z,mixed-5000-seed-41544c53,pan,instrumented_renderer_callback_ms,ms,2,15.5
Atlas,1c2e54b3b8df+bench,SVG,instrument-2026-10-07T06-37-50.292Z,mixed-5000-seed-41544c53,pan,instrumented_renderer_callback_ms,ms,3,16.40000009536743
Atlas,1c2e54b3b8df+bench,SVG,instrument-2026-10-07T06-37-50.292Z,mixed-5000-seed-41544c53,pan,instrumented_renderer_callback_ms,ms,4,16.200000047683716
Atlas,1c2e54b3b8df+bench,SVG,instrument-2026-10-07T06-37-50.292Z,mixed-5000-seed-41544c53,pan,instrumented_renderer_callback_ms,ms,5,15.400000095367432
Atlas,1c2e54b3b8df+bench,SVG,instrument-2026-10-07T06-37-50.292Z,mixed-5000-seed-41544c53,pan,instrumented_renderer_callback_ms,ms,6,15.5
Atlas,1c2e54b3b8df+bench,SVG,instrument-2026-10-07T06-37-50.292Z,mixed-5000-seed-41544c53,pan,instrumented_renderer_callback_ms,ms,7,15.899999856948853
Atlas,1c2e54b3b8df+bench,SVG,instrument-2026-10-07T06-37-50.292Z,mixed-5000-seed-41544c53,pan,instrumented_renderer_callback_ms,ms,8,15.599999904632568
Atlas,1c2e54b3b8df+bench,SVG,instrument-2026-10-07T06-37-50.292Z,mixed-5000-seed-41544c53,pan,instrumented_renderer_callback_ms,ms,9,15.599999904632568
Atlas,1c2e54b3b8df+bench,SVG,instrument-2026-10-07T06-37-50.292Z,mixed-5000-seed-41544c53,pan,instrumented_renderer_callback_ms,ms,10,15.700000047683716
Atlas,1c2e54b3b8df+bench,SVG,instrument-2026-10-07T06-37-50.292Z,mixed-5000-seed-41544c53,pan,instrumented_renderer_callback_ms,ms,11,15.700000047683716
Atlas,1c2e54b3b8df+bench,SVG,instrument-2026-10-07T06-37-50.292Z,mixed-5000-seed-41544c53,pan,instrumented_renderer_callback_ms,ms,12,15.599999904632568
Atlas,1c2e54b3b8df+bench,SVG,instrument-2026-10-07T06-37-50.292Z,mixed-5000-seed-41544c53,pan,instrumented_renderer_callback_ms,ms,13,15.799999952316284
Atlas,1c2e54b3b8df+bench,SVG,instrument-2026-10-07T06-37-50.292Z,mixed-5000-seed-41544c53,pan,instrumented_renderer_callback_ms,ms,14,16
Atlas,1c2e54b3b8df+bench,SVG,instrument-2026-10-07T06-37-50.292Z,mixed-5000-seed-41544c53,pan,instrumented_renderer_callback_ms,ms,15,15.799999952316284
Atlas,1c2e54b3b8df+bench,SVG,instrument-2026-10-07T06-37-50.292Z,mixed-5000-seed-41544c53,pan,instrumented_renderer_callback_ms,ms,16,15.900000095367432
Atlas,1c2e54b3b8df+bench,SVG,instrument-2026-10-07T06-37-50.292Z,mixed-5000-seed-41544c53,pan,instrumented_renderer_callback_ms,ms,17,16.09999990463257
Atlas,1c2e54b3b8df+bench,SVG,instrument-2026-10-07T06-37-50.292Z,mixed-5000-seed-41544c53,pan,instrumented_renderer_callback_ms,ms,18,16.799999952316284
Atlas,1c2e54b3b8df+bench,SVG,instrument-2026-10-07T06-37-50.292Z,mixed-5000-seed-41544c53,pan,instrumented_renderer_callback_ms,ms,19,16.799999952316284
Atlas,1c2e54b3b8df+bench,SVG,instrument-2026-10-07T06-37-50.292Z,mixed-5000-seed-41544c53,pan,instrumented_renderer_callback_ms,ms,20,17
Atlas,1c2e54b3b8df+bench,SVG,instrument-2026-10-07T06-37-50.292Z,mixed-5000-seed-41544c53,pan,instrumented_renderer_callback_ms,ms,21,17
Atlas,1c2e54b3b8df+bench,SVG,instrument-2026-10-07T06-37-50.292Z,mixed-5000-seed-41544c53,pan,instrumented_renderer_callback_ms,ms,22,17.09999990463257
Atlas,1c2e54b3b8df+bench,SVG,instrument-2026-10-07T06-37-50.292Z,mixed-5000-seed-41544c53,pan,instrumented_renderer_callback_ms,ms,23,17
Atlas,1c2e54b3b8df+bench,SVG,instrument-2026-10-07T06-37-50.292Z,mixed-5000-seed-41544c53,pan,instrumented_renderer_callback_ms,ms,24,19.300000190734863
Atlas,1c2e54b3b8df+bench,SVG,instrument-2026-10-07T06-37-50.292Z,mixed-5000-seed-41544c53,pan,instrumented_renderer_callback_ms,ms,25,18.09999990463257
Atlas,1c2e54b3b8df+bench,SVG,instrument-2026-10-07T06-37-50.292Z,mixed-5000-seed-41544c53,pan,instrumented_renderer_callback_ms,ms,26,19.600000143051147
Atlas,1c2e54b3b8df+bench,SVG,instrument-2026-10-07T06-37-50.292Z,mixed-5000-seed-41544c53,pan,cleanup_renderer_calls,count,0,0
Atlas,1c2e54b3b8df+bench,SVG,instrument-2026-10-07T06-37-50.292Z,mixed-5000-seed-41544c53,pan,cleanup_stage_children,count,0,0
Atlas,1c2e54b3b8df+bench,SVG,instrument-2026-10-07T06-37-50.292Z,mixed-5000-seed-41544c53,zoom,frame_interval_ms,ms,0,16.699999999982538
Atlas,1c2e54b3b8df+bench,SVG,instrument-2026-10-07T06-37-50.292Z,mixed-5000-seed-41544c53,zoom,camera_api_sync_ms,ms,0,0
Atlas,1c2e54b3b8df+bench,SVG,instrument-2026-10-07T06-37-50.292Z,mixed-5000-seed-41544c53,zoom,frame_interval_ms,ms,1,16.70000000001164
Atlas,1c2e54b3b8df+bench,SVG,instrument-2026-10-07T06-37-50.292Z,mixed-5000-seed-41544c53,zoom,camera_api_sync_ms,ms,1,0
Atlas,1c2e54b3b8df+bench,SVG,instrument-2026-10-07T06-37-50.292Z,mixed-5000-seed-41544c53,zoom,frame_interval_ms,ms,2,66.60000000000582
Atlas,1c2e54b3b8df+bench,SVG,instrument-2026-10-07T06-37-50.292Z,mixed-5000-seed-41544c53,zoom,camera_api_sync_ms,ms,2,0
Atlas,1c2e54b3b8df+bench,SVG,instrument-2026-10-07T06-37-50.292Z,mixed-5000-seed-41544c53,zoom,frame_interval_ms,ms,3,50
Atlas,1c2e54b3b8df+bench,SVG,instrument-2026-10-07T06-37-50.292Z,mixed-5000-seed-41544c53,zoom,camera_api_sync_ms,ms,3,0
Atlas,1c2e54b3b8df+bench,SVG,instrument-2026-10-07T06-37-50.292Z,mixed-5000-seed-41544c53,zoom,frame_interval_ms,ms,4,66.69999999998254
Atlas,1c2e54b3b8df+bench,SVG,instrument-2026-10-07T06-37-50.292Z,mixed-5000-seed-41544c53,zoom,camera_api_sync_ms,ms,4,0
Atlas,1c2e54b3b8df+bench,SVG,instrument-2026-10-07T06-37-50.292Z,mixed-5000-seed-41544c53,zoom,frame_interval_ms,ms,5,66.60000000000582
Atlas,1c2e54b3b8df+bench,SVG,instrument-2026-10-07T06-37-50.292Z,mixed-5000-seed-41544c53,zoom,camera_api_sync_ms,ms,5,0
Atlas,1c2e54b3b8df+bench,SVG,instrument-2026-10-07T06-37-50.292Z,mixed-5000-seed-41544c53,zoom,frame_interval_ms,ms,6,66.60000000000582
Atlas,1c2e54b3b8df+bench,SVG,instrument-2026-10-07T06-37-50.292Z,mixed-5000-seed-41544c53,zoom,camera_api_sync_ms,ms,6,0
Atlas,1c2e54b3b8df+bench,SVG,instrument-2026-10-07T06-37-50.292Z,mixed-5000-seed-41544c53,zoom,frame_interval_ms,ms,7,66.79999999998836
Atlas,1c2e54b3b8df+bench,SVG,instrument-2026-10-07T06-37-50.292Z,mixed-5000-seed-41544c53,zoom,camera_api_sync_ms,ms,7,0
Atlas,1c2e54b3b8df+bench,SVG,instrument-2026-10-07T06-37-50.292Z,mixed-5000-seed-41544c53,zoom,frame_interval_ms,ms,8,66.70000000001164
Atlas,1c2e54b3b8df+bench,SVG,instrument-2026-10-07T06-37-50.292Z,mixed-5000-seed-41544c53,zoom,camera_api_sync_ms,ms,8,0
Atlas,1c2e54b3b8df+bench,SVG,instrument-2026-10-07T06-37-50.292Z,mixed-5000-seed-41544c53,zoom,frame_interval_ms,ms,9,66.60000000000582
Atlas,1c2e54b3b8df+bench,SVG,instrument-2026-10-07T06-37-50.292Z,mixed-5000-seed-41544c53,zoom,camera_api_sync_ms,ms,9,0.10000014305114746
Atlas,1c2e54b3b8df+bench,SVG,instrument-2026-10-07T06-37-50.292Z,mixed-5000-seed-41544c53,zoom,frame_interval_ms,ms,10,66.69999999998254
Atlas,1c2e54b3b8df+bench,SVG,instrument-2026-10-07T06-37-50.292Z,mixed-5000-seed-41544c53,zoom,camera_api_sync_ms,ms,10,0
Atlas,1c2e54b3b8df+bench,SVG,instrument-2026-10-07T06-37-50.292Z,mixed-5000-seed-41544c53,zoom,frame_interval_ms,ms,11,66.60000000000582
Atlas,1c2e54b3b8df+bench,SVG,instrument-2026-10-07T06-37-50.292Z,mixed-5000-seed-41544c53,zoom,camera_api_sync_ms,ms,11,0.09999990463256836
Atlas,1c2e54b3b8df+bench,SVG,instrument-2026-10-07T06-37-50.292Z,mixed-5000-seed-41544c53,zoom,frame_interval_ms,ms,12,66.70000000001164
Atlas,1c2e54b3b8df+bench,SVG,instrument-2026-10-07T06-37-50.292Z,mixed-5000-seed-41544c53,zoom,camera_api_sync_ms,ms,12,0
Atlas,1c2e54b3b8df+bench,SVG,instrument-2026-10-07T06-37-50.292Z,mixed-5000-seed-41544c53,zoom,frame_interval_ms,ms,13,50
Atlas,1c2e54b3b8df+bench,SVG,instrument-2026-10-07T06-37-50.292Z,mixed-5000-seed-41544c53,zoom,camera_api_sync_ms,ms,13,0
Atlas,1c2e54b3b8df+bench,SVG,instrument-2026-10-07T06-37-50.292Z,mixed-5000-seed-41544c53,zoom,frame_interval_ms,ms,14,66.59999999997672
Atlas,1c2e54b3b8df+bench,SVG,instrument-2026-10-07T06-37-50.292Z,mixed-5000-seed-41544c53,zoom,camera_api_sync_ms,ms,14,0
Atlas,1c2e54b3b8df+bench,SVG,instrument-2026-10-07T06-37-50.292Z,mixed-5000-seed-41544c53,zoom,frame_interval_ms,ms,15,50
Atlas,1c2e54b3b8df+bench,SVG,instrument-2026-10-07T06-37-50.292Z,mixed-5000-seed-41544c53,zoom,camera_api_sync_ms,ms,15,0
Atlas,1c2e54b3b8df+bench,SVG,instrument-2026-10-07T06-37-50.292Z,mixed-5000-seed-41544c53,zoom,frame_interval_ms,ms,16,66.70000000001164
Atlas,1c2e54b3b8df+bench,SVG,instrument-2026-10-07T06-37-50.292Z,mixed-5000-seed-41544c53,zoom,camera_api_sync_ms,ms,16,0
Atlas,1c2e54b3b8df+bench,SVG,instrument-2026-10-07T06-37-50.292Z,mixed-5000-seed-41544c53,zoom,frame_interval_ms,ms,17,50
Atlas,1c2e54b3b8df+bench,SVG,instrument-2026-10-07T06-37-50.292Z,mixed-5000-seed-41544c53,zoom,camera_api_sync_ms,ms,17,0
Atlas,1c2e54b3b8df+bench,SVG,instrument-2026-10-07T06-37-50.292Z,mixed-5000-seed-41544c53,zoom,frame_interval_ms,ms,18,66.60000000000582
Atlas,1c2e54b3b8df+bench,SVG,instrument-2026-10-07T06-37-50.292Z,mixed-5000-seed-41544c53,zoom,camera_api_sync_ms,ms,18,0
Atlas,1c2e54b3b8df+bench,SVG,instrument-2026-10-07T06-37-50.292Z,mixed-5000-seed-41544c53,zoom,frame_interval_ms,ms,19,66.69999999998254
Atlas,1c2e54b3b8df+bench,SVG,instrument-2026-10-07T06-37-50.292Z,mixed-5000-seed-41544c53,zoom,camera_api_sync_ms,ms,19,0
Atlas,1c2e54b3b8df+bench,SVG,instrument-2026-10-07T06-37-50.292Z,mixed-5000-seed-41544c53,zoom,frame_interval_ms,ms,20,66.70000000001164
Atlas,1c2e54b3b8df+bench,SVG,instrument-2026-10-07T06-37-50.292Z,mixed-5000-seed-41544c53,zoom,camera_api_sync_ms,ms,20,0
Atlas,1c2e54b3b8df+bench,SVG,instrument-2026-10-07T06-37-50.292Z,mixed-5000-seed-41544c53,zoom,frame_interval_ms,ms,21,66.60000000000582
Atlas,1c2e54b3b8df+bench,SVG,instrument-2026-10-07T06-37-50.292Z,mixed-5000-seed-41544c53,zoom,camera_api_sync_ms,ms,21,0
Atlas,1c2e54b3b8df+bench,SVG,instrument-2026-10-07T06-37-50.292Z,mixed-5000-seed-41544c53,zoom,frame_interval_ms,ms,22,66.69999999998254
Atlas,1c2e54b3b8df+bench,SVG,instrument-2026-10-07T06-37-50.292Z,mixed-5000-seed-41544c53,zoom,camera_api_sync_ms,ms,22,0
Atlas,1c2e54b3b8df+bench,SVG,instrument-2026-10-07T06-37-50.292Z,mixed-5000-seed-41544c53,zoom,frame_interval_ms,ms,23,83.30000000001746
Atlas,1c2e54b3b8df+bench,SVG,instrument-2026-10-07T06-37-50.292Z,mixed-5000-seed-41544c53,zoom,camera_api_sync_ms,ms,23,0
Atlas,1c2e54b3b8df+bench,SVG,instrument-2026-10-07T06-37-50.292Z,mixed-5000-seed-41544c53,zoom,frame_interval_ms,ms,24,83.39999999999418
Atlas,1c2e54b3b8df+bench,SVG,instrument-2026-10-07T06-37-50.292Z,mixed-5000-seed-41544c53,zoom,camera_api_sync_ms,ms,24,0
Atlas,1c2e54b3b8df+bench,SVG,instrument-2026-10-07T06-37-50.292Z,mixed-5000-seed-41544c53,zoom,motion_elapsed_ms,ms,0,1533.2999999999884
Atlas,1c2e54b3b8df+bench,SVG,instrument-2026-10-07T06-37-50.292Z,mixed-5000-seed-41544c53,zoom,camera_updates,count,0,25
Atlas,1c2e54b3b8df+bench,SVG,instrument-2026-10-07T06-37-50.292Z,mixed-5000-seed-41544c53,zoom,svg_attribute_writes,count,0,624875
Atlas,1c2e54b3b8df+bench,SVG,instrument-2026-10-07T06-37-50.292Z,mixed-5000-seed-41544c53,zoom,renderer_scene_reads,count,0,25
Atlas,1c2e54b3b8df+bench,SVG,instrument-2026-10-07T06-37-50.292Z,mixed-5000-seed-41544c53,zoom,root_iterator_creations,count,0,25
Atlas,1c2e54b3b8df+bench,SVG,instrument-2026-10-07T06-37-50.292Z,mixed-5000-seed-41544c53,zoom,root_iterator_next_calls,count,0,125000
Atlas,1c2e54b3b8df+bench,SVG,instrument-2026-10-07T06-37-50.292Z,mixed-5000-seed-41544c53,zoom,route_membership_reads,count,0,75000
Atlas,1c2e54b3b8df+bench,SVG,instrument-2026-10-07T06-37-50.292Z,mixed-5000-seed-41544c53,zoom,svg_attribute_removals,count,0,299900
Atlas,1c2e54b3b8df+bench,SVG,instrument-2026-10-07T06-37-50.292Z,mixed-5000-seed-41544c53,zoom,renderer_calls,count,0,25
Atlas,1c2e54b3b8df+bench,SVG,instrument-2026-10-07T06-37-50.292Z,mixed-5000-seed-41544c53,zoom,layout_rect_reads,count,0,0
Atlas,1c2e54b3b8df+bench,SVG,instrument-2026-10-07T06-37-50.292Z,mixed-5000-seed-41544c53,zoom,instrumented_renderer_callback_ms,ms,0,17.5
Atlas,1c2e54b3b8df+bench,SVG,instrument-2026-10-07T06-37-50.292Z,mixed-5000-seed-41544c53,zoom,instrumented_renderer_callback_ms,ms,1,16.40000009536743
Atlas,1c2e54b3b8df+bench,SVG,instrument-2026-10-07T06-37-50.292Z,mixed-5000-seed-41544c53,zoom,instrumented_renderer_callback_ms,ms,2,16.200000047683716
Atlas,1c2e54b3b8df+bench,SVG,instrument-2026-10-07T06-37-50.292Z,mixed-5000-seed-41544c53,zoom,instrumented_renderer_callback_ms,ms,3,16.300000190734863
Atlas,1c2e54b3b8df+bench,SVG,instrument-2026-10-07T06-37-50.292Z,mixed-5000-seed-41544c53,zoom,instrumented_renderer_callback_ms,ms,4,16.600000143051147
Atlas,1c2e54b3b8df+bench,SVG,instrument-2026-10-07T06-37-50.292Z,mixed-5000-seed-41544c53,zoom,instrumented_renderer_callback_ms,ms,5,16.5
Atlas,1c2e54b3b8df+bench,SVG,instrument-2026-10-07T06-37-50.292Z,mixed-5000-seed-41544c53,zoom,instrumented_renderer_callback_ms,ms,6,16
Atlas,1c2e54b3b8df+bench,SVG,instrument-2026-10-07T06-37-50.292Z,mixed-5000-seed-41544c53,zoom,instrumented_renderer_callback_ms,ms,7,16.59999990463257
Atlas,1c2e54b3b8df+bench,SVG,instrument-2026-10-07T06-37-50.292Z,mixed-5000-seed-41544c53,zoom,instrumented_renderer_callback_ms,ms,8,16.299999952316284
Atlas,1c2e54b3b8df+bench,SVG,instrument-2026-10-07T06-37-50.292Z,mixed-5000-seed-41544c53,zoom,instrumented_renderer_callback_ms,ms,9,16.5
Atlas,1c2e54b3b8df+bench,SVG,instrument-2026-10-07T06-37-50.292Z,mixed-5000-seed-41544c53,zoom,instrumented_renderer_callback_ms,ms,10,16.09999990463257
Atlas,1c2e54b3b8df+bench,SVG,instrument-2026-10-07T06-37-50.292Z,mixed-5000-seed-41544c53,zoom,instrumented_renderer_callback_ms,ms,11,16.09999990463257
Atlas,1c2e54b3b8df+bench,SVG,instrument-2026-10-07T06-37-50.292Z,mixed-5000-seed-41544c53,zoom,instrumented_renderer_callback_ms,ms,12,15.800000190734863
Atlas,1c2e54b3b8df+bench,SVG,instrument-2026-10-07T06-37-50.292Z,mixed-5000-seed-41544c53,zoom,instrumented_renderer_callback_ms,ms,13,15.599999904632568
Atlas,1c2e54b3b8df+bench,SVG,instrument-2026-10-07T06-37-50.292Z,mixed-5000-seed-41544c53,zoom,instrumented_renderer_callback_ms,ms,14,16.5
Atlas,1c2e54b3b8df+bench,SVG,instrument-2026-10-07T06-37-50.292Z,mixed-5000-seed-41544c53,zoom,instrumented_renderer_callback_ms,ms,15,16.5
Atlas,1c2e54b3b8df+bench,SVG,instrument-2026-10-07T06-37-50.292Z,mixed-5000-seed-41544c53,zoom,instrumented_renderer_callback_ms,ms,16,16.5
Atlas,1c2e54b3b8df+bench,SVG,instrument-2026-10-07T06-37-50.292Z,mixed-5000-seed-41544c53,zoom,instrumented_renderer_callback_ms,ms,17,16.700000047683716
Atlas,1c2e54b3b8df+bench,SVG,instrument-2026-10-07T06-37-50.292Z,mixed-5000-seed-41544c53,zoom,instrumented_renderer_callback_ms,ms,18,16.59999990463257
Atlas,1c2e54b3b8df+bench,SVG,instrument-2026-10-07T06-37-50.292Z,mixed-5000-seed-41544c53,zoom,instrumented_renderer_callback_ms,ms,19,16.59999990463257
Atlas,1c2e54b3b8df+bench,SVG,instrument-2026-10-07T06-37-50.292Z,mixed-5000-seed-41544c53,zoom,instrumented_renderer_callback_ms,ms,20,16.600000143051147
Atlas,1c2e54b3b8df+bench,SVG,instrument-2026-10-07T06-37-50.292Z,mixed-5000-seed-41544c53,zoom,instrumented_renderer_callback_ms,ms,21,16.700000047683716
Atlas,1c2e54b3b8df+bench,SVG,instrument-2026-10-07T06-37-50.292Z,mixed-5000-seed-41544c53,zoom,instrumented_renderer_callback_ms,ms,22,18.09999990463257
Atlas,1c2e54b3b8df+bench,SVG,instrument-2026-10-07T06-37-50.292Z,mixed-5000-seed-41544c53,zoom,instrumented_renderer_callback_ms,ms,23,32.19999980926514
Atlas,1c2e54b3b8df+bench,SVG,instrument-2026-10-07T06-37-50.292Z,mixed-5000-seed-41544c53,zoom,instrumented_renderer_callback_ms,ms,24,17.09999990463257
Atlas,1c2e54b3b8df+bench,SVG,instrument-2026-10-07T06-37-50.292Z,mixed-5000-seed-41544c53,zoom,cleanup_renderer_calls,count,0,0
Atlas,1c2e54b3b8df+bench,SVG,instrument-2026-10-07T06-37-50.292Z,mixed-5000-seed-41544c53,zoom,cleanup_stage_children,count,0,0
Atlas,1c2e54b3b8df+bench,SVG,instrument-2026-10-07T06-37-50.292Z,mixed-5000-seed-41544c53,hit,spatial_hit_test_sync_ms,ms,0,0.40000009536743164
Atlas,1c2e54b3b8df+bench,SVG,instrument-2026-10-07T06-37-50.292Z,mixed-5000-seed-41544c53,hit,spatial_hit_test_sync_ms,ms,1,0.40000009536743164
Atlas,1c2e54b3b8df+bench,SVG,instrument-2026-10-07T06-37-50.292Z,mixed-5000-seed-41544c53,hit,spatial_hit_test_sync_ms,ms,2,0.39999985694885254
Atlas,1c2e54b3b8df+bench,SVG,instrument-2026-10-07T06-37-50.292Z,mixed-5000-seed-41544c53,hit,spatial_hit_test_sync_ms,ms,3,0.40000009536743164
Atlas,1c2e54b3b8df+bench,SVG,instrument-2026-10-07T06-37-50.292Z,mixed-5000-seed-41544c53,hit,spatial_hit_test_sync_ms,ms,4,0.2999999523162842
Atlas,1c2e54b3b8df+bench,SVG,instrument-2026-10-07T06-37-50.292Z,mixed-5000-seed-41544c53,hit,spatial_hit_test_sync_ms,ms,5,0.40000009536743164
Atlas,1c2e54b3b8df+bench,SVG,instrument-2026-10-07T06-37-50.292Z,mixed-5000-seed-41544c53,hit,spatial_hit_test_sync_ms,ms,6,0.39999985694885254
Atlas,1c2e54b3b8df+bench,SVG,instrument-2026-10-07T06-37-50.292Z,mixed-5000-seed-41544c53,hit,spatial_hit_test_sync_ms,ms,7,0.2999999523162842
Atlas,1c2e54b3b8df+bench,SVG,instrument-2026-10-07T06-37-50.292Z,mixed-5000-seed-41544c53,hit,spatial_hit_test_sync_ms,ms,8,0.40000009536743164
Atlas,1c2e54b3b8df+bench,SVG,instrument-2026-10-07T06-37-50.292Z,mixed-5000-seed-41544c53,hit,spatial_hit_test_sync_ms,ms,9,0.40000009536743164
Atlas,1c2e54b3b8df+bench,SVG,instrument-2026-10-07T06-37-50.292Z,mixed-5000-seed-41544c53,hit,spatial_hit_test_sync_ms,ms,10,7
Atlas,1c2e54b3b8df+bench,SVG,instrument-2026-10-07T06-37-50.292Z,mixed-5000-seed-41544c53,hit,spatial_hit_test_sync_ms,ms,11,0.2999999523162842
Atlas,1c2e54b3b8df+bench,SVG,instrument-2026-10-07T06-37-50.292Z,mixed-5000-seed-41544c53,hit,spatial_hit_test_sync_ms,ms,12,0.39999985694885254
Atlas,1c2e54b3b8df+bench,SVG,instrument-2026-10-07T06-37-50.292Z,mixed-5000-seed-41544c53,hit,spatial_hit_test_sync_ms,ms,13,0.40000009536743164
Atlas,1c2e54b3b8df+bench,SVG,instrument-2026-10-07T06-37-50.292Z,mixed-5000-seed-41544c53,hit,spatial_hit_test_sync_ms,ms,14,0.40000009536743164
Atlas,1c2e54b3b8df+bench,SVG,instrument-2026-10-07T06-37-50.292Z,mixed-5000-seed-41544c53,hit,spatial_hit_test_sync_ms,ms,15,0.39999985694885254
Atlas,1c2e54b3b8df+bench,SVG,instrument-2026-10-07T06-37-50.292Z,mixed-5000-seed-41544c53,hit,spatial_hit_test_sync_ms,ms,16,0.2999999523162842
Atlas,1c2e54b3b8df+bench,SVG,instrument-2026-10-07T06-37-50.292Z,mixed-5000-seed-41544c53,hit,spatial_hit_test_sync_ms,ms,17,0.40000009536743164
Atlas,1c2e54b3b8df+bench,SVG,instrument-2026-10-07T06-37-50.292Z,mixed-5000-seed-41544c53,hit,spatial_hit_test_sync_ms,ms,18,0.2999999523162842
Atlas,1c2e54b3b8df+bench,SVG,instrument-2026-10-07T06-37-50.292Z,mixed-5000-seed-41544c53,hit,spatial_hit_test_sync_ms,ms,19,0.40000009536743164
Atlas,1c2e54b3b8df+bench,SVG,instrument-2026-10-07T06-37-50.292Z,mixed-5000-seed-41544c53,hit,spatial_hit_test_sync_ms,ms,20,0.39999985694885254
Atlas,1c2e54b3b8df+bench,SVG,instrument-2026-10-07T06-37-50.292Z,mixed-5000-seed-41544c53,hit,spatial_hit_test_sync_ms,ms,21,0.3000001907348633
Atlas,1c2e54b3b8df+bench,SVG,instrument-2026-10-07T06-37-50.292Z,mixed-5000-seed-41544c53,hit,spatial_hit_test_sync_ms,ms,22,0.2999999523162842
Atlas,1c2e54b3b8df+bench,SVG,instrument-2026-10-07T06-37-50.292Z,mixed-5000-seed-41544c53,hit,spatial_hit_test_sync_ms,ms,23,0.39999985694885254
Atlas,1c2e54b3b8df+bench,SVG,instrument-2026-10-07T06-37-50.292Z,mixed-5000-seed-41544c53,hit,spatial_hit_test_sync_ms,ms,24,0.40000009536743164
Atlas,1c2e54b3b8df+bench,SVG,instrument-2026-10-07T06-37-50.292Z,mixed-5000-seed-41544c53,hit,spatial_hit_test_sync_ms,ms,25,0.2999999523162842
Atlas,1c2e54b3b8df+bench,SVG,instrument-2026-10-07T06-37-50.292Z,mixed-5000-seed-41544c53,hit,spatial_hit_test_sync_ms,ms,26,0.40000009536743164
Atlas,1c2e54b3b8df+bench,SVG,instrument-2026-10-07T06-37-50.292Z,mixed-5000-seed-41544c53,hit,spatial_hit_test_sync_ms,ms,27,0.39999985694885254
Atlas,1c2e54b3b8df+bench,SVG,instrument-2026-10-07T06-37-50.292Z,mixed-5000-seed-41544c53,hit,spatial_hit_test_sync_ms,ms,28,0.3000001907348633
Atlas,1c2e54b3b8df+bench,SVG,instrument-2026-10-07T06-37-50.292Z,mixed-5000-seed-41544c53,hit,spatial_hit_test_sync_ms,ms,29,0.39999985694885254
Atlas,1c2e54b3b8df+bench,SVG,instrument-2026-10-07T06-37-50.292Z,mixed-5000-seed-41544c53,hit,spatial_hit_test_sync_ms,ms,30,0.40000009536743164
Atlas,1c2e54b3b8df+bench,SVG,instrument-2026-10-07T06-37-50.292Z,mixed-5000-seed-41544c53,hit,spatial_hit_test_sync_ms,ms,31,0.39999985694885254
Atlas,1c2e54b3b8df+bench,SVG,instrument-2026-10-07T06-37-50.292Z,mixed-5000-seed-41544c53,hit,spatial_hit_test_sync_ms,ms,32,0.40000009536743164
Atlas,1c2e54b3b8df+bench,SVG,instrument-2026-10-07T06-37-50.292Z,mixed-5000-seed-41544c53,hit,spatial_hit_test_sync_ms,ms,33,0.2999999523162842
Atlas,1c2e54b3b8df+bench,SVG,instrument-2026-10-07T06-37-50.292Z,mixed-5000-seed-41544c53,hit,spatial_hit_test_sync_ms,ms,34,0.40000009536743164
Atlas,1c2e54b3b8df+bench,SVG,instrument-2026-10-07T06-37-50.292Z,mixed-5000-seed-41544c53,hit,spatial_hit_test_sync_ms,ms,35,0.39999985694885254
Atlas,1c2e54b3b8df+bench,SVG,instrument-2026-10-07T06-37-50.292Z,mixed-5000-seed-41544c53,hit,spatial_hit_test_sync_ms,ms,36,0.40000009536743164
Atlas,1c2e54b3b8df+bench,SVG,instrument-2026-10-07T06-37-50.292Z,mixed-5000-seed-41544c53,hit,spatial_hit_test_sync_ms,ms,37,0.2999999523162842
Atlas,1c2e54b3b8df+bench,SVG,instrument-2026-10-07T06-37-50.292Z,mixed-5000-seed-41544c53,hit,spatial_hit_test_sync_ms,ms,38,0.40000009536743164
Atlas,1c2e54b3b8df+bench,SVG,instrument-2026-10-07T06-37-50.292Z,mixed-5000-seed-41544c53,hit,spatial_hit_test_sync_ms,ms,39,0.2999999523162842
Atlas,1c2e54b3b8df+bench,SVG,instrument-2026-10-07T06-37-50.292Z,mixed-5000-seed-41544c53,hit,spatial_hit_test_sync_ms,ms,40,0.2999999523162842
Atlas,1c2e54b3b8df+bench,SVG,instrument-2026-10-07T06-37-50.292Z,mixed-5000-seed-41544c53,hit,spatial_hit_test_sync_ms,ms,41,0.40000009536743164
Atlas,1c2e54b3b8df+bench,SVG,instrument-2026-10-07T06-37-50.292Z,mixed-5000-seed-41544c53,hit,spatial_hit_test_sync_ms,ms,42,0.39999985694885254
Atlas,1c2e54b3b8df+bench,SVG,instrument-2026-10-07T06-37-50.292Z,mixed-5000-seed-41544c53,hit,spatial_hit_test_sync_ms,ms,43,0.3000001907348633
Atlas,1c2e54b3b8df+bench,SVG,instrument-2026-10-07T06-37-50.292Z,mixed-5000-seed-41544c53,hit,spatial_hit_test_sync_ms,ms,44,0.5
Atlas,1c2e54b3b8df+bench,SVG,instrument-2026-10-07T06-37-50.292Z,mixed-5000-seed-41544c53,hit,spatial_hit_test_sync_ms,ms,45,0.2999999523162842
Atlas,1c2e54b3b8df+bench,SVG,instrument-2026-10-07T06-37-50.292Z,mixed-5000-seed-41544c53,hit,spatial_hit_test_sync_ms,ms,46,0.39999985694885254
Atlas,1c2e54b3b8df+bench,SVG,instrument-2026-10-07T06-37-50.292Z,mixed-5000-seed-41544c53,hit,spatial_hit_test_sync_ms,ms,47,0.3000001907348633
Atlas,1c2e54b3b8df+bench,SVG,instrument-2026-10-07T06-37-50.292Z,mixed-5000-seed-41544c53,hit,spatial_hit_test_sync_ms,ms,48,0.39999985694885254
Atlas,1c2e54b3b8df+bench,SVG,instrument-2026-10-07T06-37-50.292Z,mixed-5000-seed-41544c53,hit,spatial_hit_test_sync_ms,ms,49,0.40000009536743164
Atlas,1c2e54b3b8df+bench,SVG,instrument-2026-10-07T06-37-50.292Z,mixed-5000-seed-41544c53,hit,spatial_hit_test_sync_ms,ms,50,0.39999985694885254
Atlas,1c2e54b3b8df+bench,SVG,instrument-2026-10-07T06-37-50.292Z,mixed-5000-seed-41544c53,hit,spatial_hit_test_sync_ms,ms,51,0.40000009536743164
Atlas,1c2e54b3b8df+bench,SVG,instrument-2026-10-07T06-37-50.292Z,mixed-5000-seed-41544c53,hit,spatial_hit_test_sync_ms,ms,52,6.299999952316284
Atlas,1c2e54b3b8df+bench,SVG,instrument-2026-10-07T06-37-50.292Z,mixed-5000-seed-41544c53,hit,spatial_hit_test_sync_ms,ms,53,0.40000009536743164
Atlas,1c2e54b3b8df+bench,SVG,instrument-2026-10-07T06-37-50.292Z,mixed-5000-seed-41544c53,hit,spatial_hit_test_sync_ms,ms,54,0.39999985694885254
Atlas,1c2e54b3b8df+bench,SVG,instrument-2026-10-07T06-37-50.292Z,mixed-5000-seed-41544c53,hit,spatial_hit_test_sync_ms,ms,55,0.3000001907348633
Atlas,1c2e54b3b8df+bench,SVG,instrument-2026-10-07T06-37-50.292Z,mixed-5000-seed-41544c53,hit,spatial_hit_test_sync_ms,ms,56,0.2999999523162842
Atlas,1c2e54b3b8df+bench,SVG,instrument-2026-10-07T06-37-50.292Z,mixed-5000-seed-41544c53,hit,spatial_hit_test_sync_ms,ms,57,0.5
Atlas,1c2e54b3b8df+bench,SVG,instrument-2026-10-07T06-37-50.292Z,mixed-5000-seed-41544c53,hit,spatial_hit_test_sync_ms,ms,58,0.2999999523162842
Atlas,1c2e54b3b8df+bench,SVG,instrument-2026-10-07T06-37-50.292Z,mixed-5000-seed-41544c53,hit,spatial_hit_test_sync_ms,ms,59,0.2999999523162842
Atlas,1c2e54b3b8df+bench,SVG,instrument-2026-10-07T06-37-50.292Z,mixed-5000-seed-41544c53,hit,spatial_hit_test_sync_ms,ms,60,0.5
Atlas,1c2e54b3b8df+bench,SVG,instrument-2026-10-07T06-37-50.292Z,mixed-5000-seed-41544c53,hit,spatial_hit_test_sync_ms,ms,61,0.20000004768371582
Atlas,1c2e54b3b8df+bench,SVG,instrument-2026-10-07T06-37-50.292Z,mixed-5000-seed-41544c53,hit,spatial_hit_test_sync_ms,ms,62,0.40000009536743164
Atlas,1c2e54b3b8df+bench,SVG,instrument-2026-10-07T06-37-50.292Z,mixed-5000-seed-41544c53,hit,spatial_hit_test_sync_ms,ms,63,0.39999985694885254
Atlas,1c2e54b3b8df+bench,SVG,instrument-2026-10-07T06-37-50.292Z,mixed-5000-seed-41544c53,hit,spatial_hit_test_sync_ms,ms,64,0.2999999523162842
Atlas,1c2e54b3b8df+bench,SVG,instrument-2026-10-07T06-37-50.292Z,mixed-5000-seed-41544c53,hit,spatial_hit_test_sync_ms,ms,65,0.40000009536743164
Atlas,1c2e54b3b8df+bench,SVG,instrument-2026-10-07T06-37-50.292Z,mixed-5000-seed-41544c53,hit,spatial_hit_test_sync_ms,ms,66,0.2999999523162842
Atlas,1c2e54b3b8df+bench,SVG,instrument-2026-10-07T06-37-50.292Z,mixed-5000-seed-41544c53,hit,spatial_hit_test_sync_ms,ms,67,0.40000009536743164
Atlas,1c2e54b3b8df+bench,SVG,instrument-2026-10-07T06-37-50.292Z,mixed-5000-seed-41544c53,hit,spatial_hit_test_sync_ms,ms,68,0.2999999523162842
Atlas,1c2e54b3b8df+bench,SVG,instrument-2026-10-07T06-37-50.292Z,mixed-5000-seed-41544c53,hit,spatial_hit_test_sync_ms,ms,69,0.40000009536743164
Atlas,1c2e54b3b8df+bench,SVG,instrument-2026-10-07T06-37-50.292Z,mixed-5000-seed-41544c53,hit,spatial_hit_test_sync_ms,ms,70,0.39999985694885254
Atlas,1c2e54b3b8df+bench,SVG,instrument-2026-10-07T06-37-50.292Z,mixed-5000-seed-41544c53,hit,spatial_hit_test_sync_ms,ms,71,0.2999999523162842
Atlas,1c2e54b3b8df+bench,SVG,instrument-2026-10-07T06-37-50.292Z,mixed-5000-seed-41544c53,hit,spatial_hit_test_sync_ms,ms,72,0.2999999523162842
Atlas,1c2e54b3b8df+bench,SVG,instrument-2026-10-07T06-37-50.292Z,mixed-5000-seed-41544c53,hit,spatial_hit_test_sync_ms,ms,73,0.2999999523162842
Atlas,1c2e54b3b8df+bench,SVG,instrument-2026-10-07T06-37-50.292Z,mixed-5000-seed-41544c53,hit,spatial_hit_test_sync_ms,ms,74,0.40000009536743164
Atlas,1c2e54b3b8df+bench,SVG,instrument-2026-10-07T06-37-50.292Z,mixed-5000-seed-41544c53,hit,spatial_hit_test_sync_ms,ms,75,0.2999999523162842
Atlas,1c2e54b3b8df+bench,SVG,instrument-2026-10-07T06-37-50.292Z,mixed-5000-seed-41544c53,hit,spatial_hit_test_sync_ms,ms,76,0.40000009536743164
Atlas,1c2e54b3b8df+bench,SVG,instrument-2026-10-07T06-37-50.292Z,mixed-5000-seed-41544c53,hit,spatial_hit_test_sync_ms,ms,77,0.2999999523162842
Atlas,1c2e54b3b8df+bench,SVG,instrument-2026-10-07T06-37-50.292Z,mixed-5000-seed-41544c53,hit,spatial_hit_test_sync_ms,ms,78,0.39999985694885254
Atlas,1c2e54b3b8df+bench,SVG,instrument-2026-10-07T06-37-50.292Z,mixed-5000-seed-41544c53,hit,spatial_hit_test_sync_ms,ms,79,0.3000001907348633
Atlas,1c2e54b3b8df+bench,SVG,instrument-2026-10-07T06-37-50.292Z,mixed-5000-seed-41544c53,hit,spatial_hit_test_sync_ms,ms,80,0.39999985694885254
Atlas,1c2e54b3b8df+bench,SVG,instrument-2026-10-07T06-37-50.292Z,mixed-5000-seed-41544c53,hit,spatial_hit_test_sync_ms,ms,81,0.2999999523162842
Atlas,1c2e54b3b8df+bench,SVG,instrument-2026-10-07T06-37-50.292Z,mixed-5000-seed-41544c53,hit,spatial_hit_test_sync_ms,ms,82,0.40000009536743164
Atlas,1c2e54b3b8df+bench,SVG,instrument-2026-10-07T06-37-50.292Z,mixed-5000-seed-41544c53,hit,spatial_hit_test_sync_ms,ms,83,0.2999999523162842
Atlas,1c2e54b3b8df+bench,SVG,instrument-2026-10-07T06-37-50.292Z,mixed-5000-seed-41544c53,hit,spatial_hit_test_sync_ms,ms,84,0.40000009536743164
Atlas,1c2e54b3b8df+bench,SVG,instrument-2026-10-07T06-37-50.292Z,mixed-5000-seed-41544c53,hit,spatial_hit_test_sync_ms,ms,85,0.2999999523162842
Atlas,1c2e54b3b8df+bench,SVG,instrument-2026-10-07T06-37-50.292Z,mixed-5000-seed-41544c53,hit,spatial_hit_test_sync_ms,ms,86,0.40000009536743164
Atlas,1c2e54b3b8df+bench,SVG,instrument-2026-10-07T06-37-50.292Z,mixed-5000-seed-41544c53,hit,spatial_hit_test_sync_ms,ms,87,0.2999999523162842
Atlas,1c2e54b3b8df+bench,SVG,instrument-2026-10-07T06-37-50.292Z,mixed-5000-seed-41544c53,hit,spatial_hit_test_sync_ms,ms,88,0.2999999523162842
Atlas,1c2e54b3b8df+bench,SVG,instrument-2026-10-07T06-37-50.292Z,mixed-5000-seed-41544c53,hit,spatial_hit_test_sync_ms,ms,89,0.40000009536743164
Atlas,1c2e54b3b8df+bench,SVG,instrument-2026-10-07T06-37-50.292Z,mixed-5000-seed-41544c53,hit,spatial_hit_test_sync_ms,ms,90,0.2999999523162842
Atlas,1c2e54b3b8df+bench,SVG,instrument-2026-10-07T06-37-50.292Z,mixed-5000-seed-41544c53,hit,spatial_hit_test_sync_ms,ms,91,0.2999999523162842
Atlas,1c2e54b3b8df+bench,SVG,instrument-2026-10-07T06-37-50.292Z,mixed-5000-seed-41544c53,hit,spatial_hit_test_sync_ms,ms,92,0.40000009536743164
Atlas,1c2e54b3b8df+bench,SVG,instrument-2026-10-07T06-37-50.292Z,mixed-5000-seed-41544c53,hit,spatial_hit_test_sync_ms,ms,93,0.2999999523162842
Atlas,1c2e54b3b8df+bench,SVG,instrument-2026-10-07T06-37-50.292Z,mixed-5000-seed-41544c53,hit,spatial_hit_test_sync_ms,ms,94,0.40000009536743164
Atlas,1c2e54b3b8df+bench,SVG,instrument-2026-10-07T06-37-50.292Z,mixed-5000-seed-41544c53,hit,spatial_hit_test_sync_ms,ms,95,0.2999999523162842
Atlas,1c2e54b3b8df+bench,SVG,instrument-2026-10-07T06-37-50.292Z,mixed-5000-seed-41544c53,hit,spatial_hit_test_sync_ms,ms,96,0.40000009536743164
Atlas,1c2e54b3b8df+bench,SVG,instrument-2026-10-07T06-37-50.292Z,mixed-5000-seed-41544c53,hit,spatial_hit_test_sync_ms,ms,97,0.39999985694885254
Atlas,1c2e54b3b8df+bench,SVG,instrument-2026-10-07T06-37-50.292Z,mixed-5000-seed-41544c53,hit,spatial_hit_test_sync_ms,ms,98,0.2999999523162842
Atlas,1c2e54b3b8df+bench,SVG,instrument-2026-10-07T06-37-50.292Z,mixed-5000-seed-41544c53,hit,spatial_hit_test_sync_ms,ms,99,0.3000001907348633
Atlas,1c2e54b3b8df+bench,SVG,instrument-2026-10-07T06-37-50.292Z,mixed-5000-seed-41544c53,hit,spatial_hit_test_sync_ms,ms,100,0.39999985694885254
Atlas,1c2e54b3b8df+bench,SVG,instrument-2026-10-07T06-37-50.292Z,mixed-5000-seed-41544c53,hit,spatial_hit_test_sync_ms,ms,101,0.40000009536743164
Atlas,1c2e54b3b8df+bench,SVG,instrument-2026-10-07T06-37-50.292Z,mixed-5000-seed-41544c53,hit,spatial_hit_test_sync_ms,ms,102,0.39999985694885254
Atlas,1c2e54b3b8df+bench,SVG,instrument-2026-10-07T06-37-50.292Z,mixed-5000-seed-41544c53,hit,spatial_hit_test_sync_ms,ms,103,0.3000001907348633
Atlas,1c2e54b3b8df+bench,SVG,instrument-2026-10-07T06-37-50.292Z,mixed-5000-seed-41544c53,hit,spatial_hit_test_sync_ms,ms,104,0.39999985694885254
Atlas,1c2e54b3b8df+bench,SVG,instrument-2026-10-07T06-37-50.292Z,mixed-5000-seed-41544c53,hit,spatial_hit_test_sync_ms,ms,105,0.2999999523162842
Atlas,1c2e54b3b8df+bench,SVG,instrument-2026-10-07T06-37-50.292Z,mixed-5000-seed-41544c53,hit,spatial_hit_test_sync_ms,ms,106,0.5
Atlas,1c2e54b3b8df+bench,SVG,instrument-2026-10-07T06-37-50.292Z,mixed-5000-seed-41544c53,hit,spatial_hit_test_sync_ms,ms,107,0.40000009536743164
Atlas,1c2e54b3b8df+bench,SVG,instrument-2026-10-07T06-37-50.292Z,mixed-5000-seed-41544c53,hit,spatial_hit_test_sync_ms,ms,108,0.2999999523162842
Atlas,1c2e54b3b8df+bench,SVG,instrument-2026-10-07T06-37-50.292Z,mixed-5000-seed-41544c53,hit,spatial_hit_test_sync_ms,ms,109,0.2999999523162842
Atlas,1c2e54b3b8df+bench,SVG,instrument-2026-10-07T06-37-50.292Z,mixed-5000-seed-41544c53,hit,spatial_hit_test_sync_ms,ms,110,0.40000009536743164
Atlas,1c2e54b3b8df+bench,SVG,instrument-2026-10-07T06-37-50.292Z,mixed-5000-seed-41544c53,hit,spatial_hit_test_sync_ms,ms,111,0.40000009536743164
Atlas,1c2e54b3b8df+bench,SVG,instrument-2026-10-07T06-37-50.292Z,mixed-5000-seed-41544c53,hit,spatial_hit_test_sync_ms,ms,112,0.2999999523162842
Atlas,1c2e54b3b8df+bench,SVG,instrument-2026-10-07T06-37-50.292Z,mixed-5000-seed-41544c53,hit,spatial_hit_test_sync_ms,ms,113,0.39999985694885254
Atlas,1c2e54b3b8df+bench,SVG,instrument-2026-10-07T06-37-50.292Z,mixed-5000-seed-41544c53,hit,spatial_hit_test_sync_ms,ms,114,0.40000009536743164
Atlas,1c2e54b3b8df+bench,SVG,instrument-2026-10-07T06-37-50.292Z,mixed-5000-seed-41544c53,hit,spatial_hit_test_sync_ms,ms,115,0.2999999523162842
Atlas,1c2e54b3b8df+bench,SVG,instrument-2026-10-07T06-37-50.292Z,mixed-5000-seed-41544c53,hit,spatial_hit_test_sync_ms,ms,116,0.2999999523162842
Atlas,1c2e54b3b8df+bench,SVG,instrument-2026-10-07T06-37-50.292Z,mixed-5000-seed-41544c53,hit,spatial_hit_test_sync_ms,ms,117,0.40000009536743164
Atlas,1c2e54b3b8df+bench,SVG,instrument-2026-10-07T06-37-50.292Z,mixed-5000-seed-41544c53,hit,spatial_hit_test_sync_ms,ms,118,0.2999999523162842
Atlas,1c2e54b3b8df+bench,SVG,instrument-2026-10-07T06-37-50.292Z,mixed-5000-seed-41544c53,hit,spatial_hit_test_sync_ms,ms,119,0.40000009536743164
Atlas,1c2e54b3b8df+bench,SVG,instrument-2026-10-07T06-37-50.292Z,mixed-5000-seed-41544c53,hit,spatial_hit_test_sync_ms,ms,120,0.2999999523162842
Atlas,1c2e54b3b8df+bench,SVG,instrument-2026-10-07T06-37-50.292Z,mixed-5000-seed-41544c53,hit,spatial_hit_test_sync_ms,ms,121,0.40000009536743164
Atlas,1c2e54b3b8df+bench,SVG,instrument-2026-10-07T06-37-50.292Z,mixed-5000-seed-41544c53,hit,spatial_hit_test_sync_ms,ms,122,0.5
Atlas,1c2e54b3b8df+bench,SVG,instrument-2026-10-07T06-37-50.292Z,mixed-5000-seed-41544c53,hit,spatial_hit_test_sync_ms,ms,123,0.39999985694885254
Atlas,1c2e54b3b8df+bench,SVG,instrument-2026-10-07T06-37-50.292Z,mixed-5000-seed-41544c53,hit,spatial_hit_test_sync_ms,ms,124,0.2999999523162842
Atlas,1c2e54b3b8df+bench,SVG,instrument-2026-10-07T06-37-50.292Z,mixed-5000-seed-41544c53,hit,spatial_hit_test_sync_ms,ms,125,0.40000009536743164
Atlas,1c2e54b3b8df+bench,SVG,instrument-2026-10-07T06-37-50.292Z,mixed-5000-seed-41544c53,hit,spatial_hit_test_sync_ms,ms,126,0.2999999523162842
Atlas,1c2e54b3b8df+bench,SVG,instrument-2026-10-07T06-37-50.292Z,mixed-5000-seed-41544c53,hit,spatial_hit_test_sync_ms,ms,127,0.40000009536743164
Atlas,1c2e54b3b8df+bench,SVG,instrument-2026-10-07T06-37-50.292Z,mixed-5000-seed-41544c53,hit,spatial_hit_test_sync_ms,ms,128,0.2999999523162842
Atlas,1c2e54b3b8df+bench,SVG,instrument-2026-10-07T06-37-50.292Z,mixed-5000-seed-41544c53,hit,spatial_hit_test_sync_ms,ms,129,0.40000009536743164
Atlas,1c2e54b3b8df+bench,SVG,instrument-2026-10-07T06-37-50.292Z,mixed-5000-seed-41544c53,hit,spatial_hit_test_sync_ms,ms,130,0.39999985694885254
Atlas,1c2e54b3b8df+bench,SVG,instrument-2026-10-07T06-37-50.292Z,mixed-5000-seed-41544c53,hit,spatial_hit_test_sync_ms,ms,131,0.2999999523162842
Atlas,1c2e54b3b8df+bench,SVG,instrument-2026-10-07T06-37-50.292Z,mixed-5000-seed-41544c53,hit,spatial_hit_test_sync_ms,ms,132,0.3000001907348633
Atlas,1c2e54b3b8df+bench,SVG,instrument-2026-10-07T06-37-50.292Z,mixed-5000-seed-41544c53,hit,spatial_hit_test_sync_ms,ms,133,0.39999985694885254
Atlas,1c2e54b3b8df+bench,SVG,instrument-2026-10-07T06-37-50.292Z,mixed-5000-seed-41544c53,hit,spatial_hit_test_sync_ms,ms,134,0.2999999523162842
Atlas,1c2e54b3b8df+bench,SVG,instrument-2026-10-07T06-37-50.292Z,mixed-5000-seed-41544c53,hit,spatial_hit_test_sync_ms,ms,135,0.40000009536743164
Atlas,1c2e54b3b8df+bench,SVG,instrument-2026-10-07T06-37-50.292Z,mixed-5000-seed-41544c53,hit,spatial_hit_test_sync_ms,ms,136,0.2999999523162842
Atlas,1c2e54b3b8df+bench,SVG,instrument-2026-10-07T06-37-50.292Z,mixed-5000-seed-41544c53,hit,spatial_hit_test_sync_ms,ms,137,0.40000009536743164
Atlas,1c2e54b3b8df+bench,SVG,instrument-2026-10-07T06-37-50.292Z,mixed-5000-seed-41544c53,hit,spatial_hit_test_sync_ms,ms,138,0.2999999523162842
Atlas,1c2e54b3b8df+bench,SVG,instrument-2026-10-07T06-37-50.292Z,mixed-5000-seed-41544c53,hit,spatial_hit_test_sync_ms,ms,139,0.40000009536743164
Atlas,1c2e54b3b8df+bench,SVG,instrument-2026-10-07T06-37-50.292Z,mixed-5000-seed-41544c53,hit,spatial_hit_test_sync_ms,ms,140,0.2999999523162842
Atlas,1c2e54b3b8df+bench,SVG,instrument-2026-10-07T06-37-50.292Z,mixed-5000-seed-41544c53,hit,spatial_hit_test_sync_ms,ms,141,0.39999985694885254
Atlas,1c2e54b3b8df+bench,SVG,instrument-2026-10-07T06-37-50.292Z,mixed-5000-seed-41544c53,hit,spatial_hit_test_sync_ms,ms,142,0.3000001907348633
Atlas,1c2e54b3b8df+bench,SVG,instrument-2026-10-07T06-37-50.292Z,mixed-5000-seed-41544c53,hit,spatial_hit_test_sync_ms,ms,143,0.39999985694885254
Atlas,1c2e54b3b8df+bench,SVG,instrument-2026-10-07T06-37-50.292Z,mixed-5000-seed-41544c53,hit,spatial_hit_test_sync_ms,ms,144,0.2999999523162842
Atlas,1c2e54b3b8df+bench,SVG,instrument-2026-10-07T06-37-50.292Z,mixed-5000-seed-41544c53,hit,spatial_hit_test_sync_ms,ms,145,0.40000009536743164
Atlas,1c2e54b3b8df+bench,SVG,instrument-2026-10-07T06-37-50.292Z,mixed-5000-seed-41544c53,hit,spatial_hit_test_sync_ms,ms,146,0.2999999523162842
Atlas,1c2e54b3b8df+bench,SVG,instrument-2026-10-07T06-37-50.292Z,mixed-5000-seed-41544c53,hit,spatial_hit_test_sync_ms,ms,147,0.5
Atlas,1c2e54b3b8df+bench,SVG,instrument-2026-10-07T06-37-50.292Z,mixed-5000-seed-41544c53,hit,spatial_hit_test_sync_ms,ms,148,0.2999999523162842
Atlas,1c2e54b3b8df+bench,SVG,instrument-2026-10-07T06-37-50.292Z,mixed-5000-seed-41544c53,hit,spatial_hit_test_sync_ms,ms,149,0.3000001907348633
Atlas,1c2e54b3b8df+bench,SVG,instrument-2026-10-07T06-37-50.292Z,mixed-5000-seed-41544c53,hit,spatial_hit_test_sync_ms,ms,150,0.39999985694885254
Atlas,1c2e54b3b8df+bench,SVG,instrument-2026-10-07T06-37-50.292Z,mixed-5000-seed-41544c53,hit,spatial_hit_test_sync_ms,ms,151,0.2999999523162842
Atlas,1c2e54b3b8df+bench,SVG,instrument-2026-10-07T06-37-50.292Z,mixed-5000-seed-41544c53,hit,spatial_hit_test_sync_ms,ms,152,0.40000009536743164
Atlas,1c2e54b3b8df+bench,SVG,instrument-2026-10-07T06-37-50.292Z,mixed-5000-seed-41544c53,hit,spatial_hit_test_sync_ms,ms,153,0.40000009536743164
Atlas,1c2e54b3b8df+bench,SVG,instrument-2026-10-07T06-37-50.292Z,mixed-5000-seed-41544c53,hit,spatial_hit_test_sync_ms,ms,154,0.2999999523162842
Atlas,1c2e54b3b8df+bench,SVG,instrument-2026-10-07T06-37-50.292Z,mixed-5000-seed-41544c53,hit,spatial_hit_test_sync_ms,ms,155,0.2999999523162842
Atlas,1c2e54b3b8df+bench,SVG,instrument-2026-10-07T06-37-50.292Z,mixed-5000-seed-41544c53,hit,spatial_hit_test_sync_ms,ms,156,0.40000009536743164
Atlas,1c2e54b3b8df+bench,SVG,instrument-2026-10-07T06-37-50.292Z,mixed-5000-seed-41544c53,hit,spatial_hit_test_sync_ms,ms,157,0.39999985694885254
Atlas,1c2e54b3b8df+bench,SVG,instrument-2026-10-07T06-37-50.292Z,mixed-5000-seed-41544c53,hit,spatial_hit_test_sync_ms,ms,158,0.2999999523162842
Atlas,1c2e54b3b8df+bench,SVG,instrument-2026-10-07T06-37-50.292Z,mixed-5000-seed-41544c53,hit,spatial_hit_test_sync_ms,ms,159,0.40000009536743164
Atlas,1c2e54b3b8df+bench,SVG,instrument-2026-10-07T06-37-50.292Z,mixed-5000-seed-41544c53,hit,spatial_hit_test_sync_ms,ms,160,0.2999999523162842
Atlas,1c2e54b3b8df+bench,SVG,instrument-2026-10-07T06-37-50.292Z,mixed-5000-seed-41544c53,hit,spatial_hit_test_sync_ms,ms,161,0.40000009536743164
Atlas,1c2e54b3b8df+bench,SVG,instrument-2026-10-07T06-37-50.292Z,mixed-5000-seed-41544c53,hit,spatial_hit_test_sync_ms,ms,162,0.2999999523162842
Atlas,1c2e54b3b8df+bench,SVG,instrument-2026-10-07T06-37-50.292Z,mixed-5000-seed-41544c53,hit,spatial_hit_test_sync_ms,ms,163,0.40000009536743164
Atlas,1c2e54b3b8df+bench,SVG,instrument-2026-10-07T06-37-50.292Z,mixed-5000-seed-41544c53,hit,spatial_hit_test_sync_ms,ms,164,0.2999999523162842
Atlas,1c2e54b3b8df+bench,SVG,instrument-2026-10-07T06-37-50.292Z,mixed-5000-seed-41544c53,hit,spatial_hit_test_sync_ms,ms,165,0.39999985694885254
Atlas,1c2e54b3b8df+bench,SVG,instrument-2026-10-07T06-37-50.292Z,mixed-5000-seed-41544c53,hit,spatial_hit_test_sync_ms,ms,166,0.40000009536743164
Atlas,1c2e54b3b8df+bench,SVG,instrument-2026-10-07T06-37-50.292Z,mixed-5000-seed-41544c53,hit,spatial_hit_test_sync_ms,ms,167,0.2999999523162842
Atlas,1c2e54b3b8df+bench,SVG,instrument-2026-10-07T06-37-50.292Z,mixed-5000-seed-41544c53,hit,spatial_hit_test_sync_ms,ms,168,0.40000009536743164
Atlas,1c2e54b3b8df+bench,SVG,instrument-2026-10-07T06-37-50.292Z,mixed-5000-seed-41544c53,hit,spatial_hit_test_sync_ms,ms,169,0.2999999523162842
Atlas,1c2e54b3b8df+bench,SVG,instrument-2026-10-07T06-37-50.292Z,mixed-5000-seed-41544c53,hit,spatial_hit_test_sync_ms,ms,170,0.2999999523162842
Atlas,1c2e54b3b8df+bench,SVG,instrument-2026-10-07T06-37-50.292Z,mixed-5000-seed-41544c53,hit,spatial_hit_test_sync_ms,ms,171,0.40000009536743164
Atlas,1c2e54b3b8df+bench,SVG,instrument-2026-10-07T06-37-50.292Z,mixed-5000-seed-41544c53,hit,spatial_hit_test_sync_ms,ms,172,0.2999999523162842
Atlas,1c2e54b3b8df+bench,SVG,instrument-2026-10-07T06-37-50.292Z,mixed-5000-seed-41544c53,hit,spatial_hit_test_sync_ms,ms,173,0.40000009536743164
Atlas,1c2e54b3b8df+bench,SVG,instrument-2026-10-07T06-37-50.292Z,mixed-5000-seed-41544c53,hit,spatial_hit_test_sync_ms,ms,174,0.39999985694885254
Atlas,1c2e54b3b8df+bench,SVG,instrument-2026-10-07T06-37-50.292Z,mixed-5000-seed-41544c53,hit,spatial_hit_test_sync_ms,ms,175,0.40000009536743164
Atlas,1c2e54b3b8df+bench,SVG,instrument-2026-10-07T06-37-50.292Z,mixed-5000-seed-41544c53,hit,spatial_hit_test_sync_ms,ms,176,0.2999999523162842
Atlas,1c2e54b3b8df+bench,SVG,instrument-2026-10-07T06-37-50.292Z,mixed-5000-seed-41544c53,hit,spatial_hit_test_sync_ms,ms,177,0.40000009536743164
Atlas,1c2e54b3b8df+bench,SVG,instrument-2026-10-07T06-37-50.292Z,mixed-5000-seed-41544c53,hit,spatial_hit_test_sync_ms,ms,178,0.19999980926513672
Atlas,1c2e54b3b8df+bench,SVG,instrument-2026-10-07T06-37-50.292Z,mixed-5000-seed-41544c53,hit,spatial_hit_test_sync_ms,ms,179,0.5
Atlas,1c2e54b3b8df+bench,SVG,instrument-2026-10-07T06-37-50.292Z,mixed-5000-seed-41544c53,hit,spatial_hit_test_sync_ms,ms,180,0.3000001907348633
Atlas,1c2e54b3b8df+bench,SVG,instrument-2026-10-07T06-37-50.292Z,mixed-5000-seed-41544c53,hit,spatial_hit_test_sync_ms,ms,181,0.2999999523162842
Atlas,1c2e54b3b8df+bench,SVG,instrument-2026-10-07T06-37-50.292Z,mixed-5000-seed-41544c53,hit,spatial_hit_test_sync_ms,ms,182,0.39999985694885254
Atlas,1c2e54b3b8df+bench,SVG,instrument-2026-10-07T06-37-50.292Z,mixed-5000-seed-41544c53,hit,spatial_hit_test_sync_ms,ms,183,0.3000001907348633
Atlas,1c2e54b3b8df+bench,SVG,instrument-2026-10-07T06-37-50.292Z,mixed-5000-seed-41544c53,hit,spatial_hit_test_sync_ms,ms,184,0.2999999523162842
Atlas,1c2e54b3b8df+bench,SVG,instrument-2026-10-07T06-37-50.292Z,mixed-5000-seed-41544c53,hit,spatial_hit_test_sync_ms,ms,185,0.39999985694885254
Atlas,1c2e54b3b8df+bench,SVG,instrument-2026-10-07T06-37-50.292Z,mixed-5000-seed-41544c53,hit,spatial_hit_test_sync_ms,ms,186,0.40000009536743164
Atlas,1c2e54b3b8df+bench,SVG,instrument-2026-10-07T06-37-50.292Z,mixed-5000-seed-41544c53,hit,spatial_hit_test_sync_ms,ms,187,0.2999999523162842
Atlas,1c2e54b3b8df+bench,SVG,instrument-2026-10-07T06-37-50.292Z,mixed-5000-seed-41544c53,hit,spatial_hit_test_sync_ms,ms,188,0.40000009536743164
Atlas,1c2e54b3b8df+bench,SVG,instrument-2026-10-07T06-37-50.292Z,mixed-5000-seed-41544c53,hit,spatial_hit_test_sync_ms,ms,189,0.39999985694885254
Atlas,1c2e54b3b8df+bench,SVG,instrument-2026-10-07T06-37-50.292Z,mixed-5000-seed-41544c53,hit,spatial_hit_test_sync_ms,ms,190,0.3000001907348633
Atlas,1c2e54b3b8df+bench,SVG,instrument-2026-10-07T06-37-50.292Z,mixed-5000-seed-41544c53,hit,spatial_hit_test_sync_ms,ms,191,0.39999985694885254
Atlas,1c2e54b3b8df+bench,SVG,instrument-2026-10-07T06-37-50.292Z,mixed-5000-seed-41544c53,hit,spatial_hit_test_sync_ms,ms,192,0.5
Atlas,1c2e54b3b8df+bench,SVG,instrument-2026-10-07T06-37-50.292Z,mixed-5000-seed-41544c53,hit,spatial_hit_test_sync_ms,ms,193,0.2999999523162842
Atlas,1c2e54b3b8df+bench,SVG,instrument-2026-10-07T06-37-50.292Z,mixed-5000-seed-41544c53,hit,spatial_hit_test_sync_ms,ms,194,0.40000009536743164
Atlas,1c2e54b3b8df+bench,SVG,instrument-2026-10-07T06-37-50.292Z,mixed-5000-seed-41544c53,hit,spatial_hit_test_sync_ms,ms,195,0.2999999523162842
Atlas,1c2e54b3b8df+bench,SVG,instrument-2026-10-07T06-37-50.292Z,mixed-5000-seed-41544c53,hit,spatial_hit_test_sync_ms,ms,196,0.2999999523162842
Atlas,1c2e54b3b8df+bench,SVG,instrument-2026-10-07T06-37-50.292Z,mixed-5000-seed-41544c53,hit,spatial_hit_test_sync_ms,ms,197,0.5
Atlas,1c2e54b3b8df+bench,SVG,instrument-2026-10-07T06-37-50.292Z,mixed-5000-seed-41544c53,hit,spatial_hit_test_sync_ms,ms,198,0.3000001907348633
Atlas,1c2e54b3b8df+bench,SVG,instrument-2026-10-07T06-37-50.292Z,mixed-5000-seed-41544c53,hit,spatial_hit_test_sync_ms,ms,199,0.2999999523162842
Atlas,1c2e54b3b8df+bench,SVG,instrument-2026-10-07T06-37-50.292Z,mixed-5000-seed-41544c53,hit,root_iterator_creations,count,0,201
Atlas,1c2e54b3b8df+bench,SVG,instrument-2026-10-07T06-37-50.292Z,mixed-5000-seed-41544c53,hit,root_iterator_next_calls,count,0,1005001
Atlas,1c2e54b3b8df+bench,SVG,instrument-2026-10-07T06-37-50.292Z,mixed-5000-seed-41544c53,hit,route_membership_reads,count,0,206000
Atlas,1c2e54b3b8df+bench,SVG,instrument-2026-10-07T06-37-50.292Z,mixed-5000-seed-41544c53,hit,layout_rect_reads,count,0,0
Atlas,1c2e54b3b8df+bench,SVG,instrument-2026-10-07T06-37-50.292Z,mixed-5000-seed-41544c53,hit,cleanup_renderer_calls,count,0,0
Atlas,1c2e54b3b8df+bench,SVG,instrument-2026-10-07T06-37-50.292Z,mixed-5000-seed-41544c53,hit,cleanup_stage_children,count,0,0
Atlas,1c2e54b3b8df+bench,SVG,instrument-2026-10-07T06-37-50.292Z,mixed-5000-seed-41544c53,miss,spatial_hit_test_sync_ms,ms,0,4.700000047683716
Atlas,1c2e54b3b8df+bench,SVG,instrument-2026-10-07T06-37-50.292Z,mixed-5000-seed-41544c53,miss,spatial_hit_test_sync_ms,ms,1,4.5
Atlas,1c2e54b3b8df+bench,SVG,instrument-2026-10-07T06-37-50.292Z,mixed-5000-seed-41544c53,miss,spatial_hit_test_sync_ms,ms,2,4.5
Atlas,1c2e54b3b8df+bench,SVG,instrument-2026-10-07T06-37-50.292Z,mixed-5000-seed-41544c53,miss,spatial_hit_test_sync_ms,ms,3,4.3999998569488525
Atlas,1c2e54b3b8df+bench,SVG,instrument-2026-10-07T06-37-50.292Z,mixed-5000-seed-41544c53,miss,spatial_hit_test_sync_ms,ms,4,4.400000095367432
Atlas,1c2e54b3b8df+bench,SVG,instrument-2026-10-07T06-37-50.292Z,mixed-5000-seed-41544c53,miss,spatial_hit_test_sync_ms,ms,5,4.200000047683716
Atlas,1c2e54b3b8df+bench,SVG,instrument-2026-10-07T06-37-50.292Z,mixed-5000-seed-41544c53,miss,spatial_hit_test_sync_ms,ms,6,8.200000047683716
Atlas,1c2e54b3b8df+bench,SVG,instrument-2026-10-07T06-37-50.292Z,mixed-5000-seed-41544c53,miss,spatial_hit_test_sync_ms,ms,7,4.299999952316284
Atlas,1c2e54b3b8df+bench,SVG,instrument-2026-10-07T06-37-50.292Z,mixed-5000-seed-41544c53,miss,spatial_hit_test_sync_ms,ms,8,4.099999904632568
Atlas,1c2e54b3b8df+bench,SVG,instrument-2026-10-07T06-37-50.292Z,mixed-5000-seed-41544c53,miss,spatial_hit_test_sync_ms,ms,9,4.299999952316284
Atlas,1c2e54b3b8df+bench,SVG,instrument-2026-10-07T06-37-50.292Z,mixed-5000-seed-41544c53,miss,spatial_hit_test_sync_ms,ms,10,4.200000047683716
Atlas,1c2e54b3b8df+bench,SVG,instrument-2026-10-07T06-37-50.292Z,mixed-5000-seed-41544c53,miss,spatial_hit_test_sync_ms,ms,11,4.200000047683716
Atlas,1c2e54b3b8df+bench,SVG,instrument-2026-10-07T06-37-50.292Z,mixed-5000-seed-41544c53,miss,spatial_hit_test_sync_ms,ms,12,4.099999904632568
Atlas,1c2e54b3b8df+bench,SVG,instrument-2026-10-07T06-37-50.292Z,mixed-5000-seed-41544c53,miss,spatial_hit_test_sync_ms,ms,13,4.200000047683716
Atlas,1c2e54b3b8df+bench,SVG,instrument-2026-10-07T06-37-50.292Z,mixed-5000-seed-41544c53,miss,spatial_hit_test_sync_ms,ms,14,4.200000047683716
Atlas,1c2e54b3b8df+bench,SVG,instrument-2026-10-07T06-37-50.292Z,mixed-5000-seed-41544c53,miss,spatial_hit_test_sync_ms,ms,15,4.200000047683716
Atlas,1c2e54b3b8df+bench,SVG,instrument-2026-10-07T06-37-50.292Z,mixed-5000-seed-41544c53,miss,spatial_hit_test_sync_ms,ms,16,4.200000047683716
Atlas,1c2e54b3b8df+bench,SVG,instrument-2026-10-07T06-37-50.292Z,mixed-5000-seed-41544c53,miss,spatial_hit_test_sync_ms,ms,17,4.199999809265137
Atlas,1c2e54b3b8df+bench,SVG,instrument-2026-10-07T06-37-50.292Z,mixed-5000-seed-41544c53,miss,spatial_hit_test_sync_ms,ms,18,4.200000047683716
Atlas,1c2e54b3b8df+bench,SVG,instrument-2026-10-07T06-37-50.292Z,mixed-5000-seed-41544c53,miss,spatial_hit_test_sync_ms,ms,19,4.1000001430511475
Atlas,1c2e54b3b8df+bench,SVG,instrument-2026-10-07T06-37-50.292Z,mixed-5000-seed-41544c53,miss,spatial_hit_test_sync_ms,ms,20,4.199999809265137
Atlas,1c2e54b3b8df+bench,SVG,instrument-2026-10-07T06-37-50.292Z,mixed-5000-seed-41544c53,miss,spatial_hit_test_sync_ms,ms,21,4.200000047683716
Atlas,1c2e54b3b8df+bench,SVG,instrument-2026-10-07T06-37-50.292Z,mixed-5000-seed-41544c53,miss,spatial_hit_test_sync_ms,ms,22,4.200000047683716
Atlas,1c2e54b3b8df+bench,SVG,instrument-2026-10-07T06-37-50.292Z,mixed-5000-seed-41544c53,miss,spatial_hit_test_sync_ms,ms,23,4.099999904632568
Atlas,1c2e54b3b8df+bench,SVG,instrument-2026-10-07T06-37-50.292Z,mixed-5000-seed-41544c53,miss,spatial_hit_test_sync_ms,ms,24,4.1000001430511475
Atlas,1c2e54b3b8df+bench,SVG,instrument-2026-10-07T06-37-50.292Z,mixed-5000-seed-41544c53,miss,spatial_hit_test_sync_ms,ms,25,4.200000047683716
Atlas,1c2e54b3b8df+bench,SVG,instrument-2026-10-07T06-37-50.292Z,mixed-5000-seed-41544c53,miss,spatial_hit_test_sync_ms,ms,26,4.299999952316284
Atlas,1c2e54b3b8df+bench,SVG,instrument-2026-10-07T06-37-50.292Z,mixed-5000-seed-41544c53,miss,spatial_hit_test_sync_ms,ms,27,4
Atlas,1c2e54b3b8df+bench,SVG,instrument-2026-10-07T06-37-50.292Z,mixed-5000-seed-41544c53,miss,spatial_hit_test_sync_ms,ms,28,4.200000047683716
Atlas,1c2e54b3b8df+bench,SVG,instrument-2026-10-07T06-37-50.292Z,mixed-5000-seed-41544c53,miss,spatial_hit_test_sync_ms,ms,29,9.599999904632568
Atlas,1c2e54b3b8df+bench,SVG,instrument-2026-10-07T06-37-50.292Z,mixed-5000-seed-41544c53,miss,spatial_hit_test_sync_ms,ms,30,4.400000095367432
Atlas,1c2e54b3b8df+bench,SVG,instrument-2026-10-07T06-37-50.292Z,mixed-5000-seed-41544c53,miss,spatial_hit_test_sync_ms,ms,31,4.099999904632568
Atlas,1c2e54b3b8df+bench,SVG,instrument-2026-10-07T06-37-50.292Z,mixed-5000-seed-41544c53,miss,spatial_hit_test_sync_ms,ms,32,4.299999952316284
Atlas,1c2e54b3b8df+bench,SVG,instrument-2026-10-07T06-37-50.292Z,mixed-5000-seed-41544c53,miss,spatial_hit_test_sync_ms,ms,33,4.299999952316284
Atlas,1c2e54b3b8df+bench,SVG,instrument-2026-10-07T06-37-50.292Z,mixed-5000-seed-41544c53,miss,spatial_hit_test_sync_ms,ms,34,4.200000047683716
Atlas,1c2e54b3b8df+bench,SVG,instrument-2026-10-07T06-37-50.292Z,mixed-5000-seed-41544c53,miss,spatial_hit_test_sync_ms,ms,35,4.1000001430511475
Atlas,1c2e54b3b8df+bench,SVG,instrument-2026-10-07T06-37-50.292Z,mixed-5000-seed-41544c53,miss,spatial_hit_test_sync_ms,ms,36,4.199999809265137
Atlas,1c2e54b3b8df+bench,SVG,instrument-2026-10-07T06-37-50.292Z,mixed-5000-seed-41544c53,miss,spatial_hit_test_sync_ms,ms,37,4.1000001430511475
Atlas,1c2e54b3b8df+bench,SVG,instrument-2026-10-07T06-37-50.292Z,mixed-5000-seed-41544c53,miss,spatial_hit_test_sync_ms,ms,38,4.200000047683716
Atlas,1c2e54b3b8df+bench,SVG,instrument-2026-10-07T06-37-50.292Z,mixed-5000-seed-41544c53,miss,spatial_hit_test_sync_ms,ms,39,4.199999809265137
Atlas,1c2e54b3b8df+bench,SVG,instrument-2026-10-07T06-37-50.292Z,mixed-5000-seed-41544c53,miss,spatial_hit_test_sync_ms,ms,40,4.200000047683716
Atlas,1c2e54b3b8df+bench,SVG,instrument-2026-10-07T06-37-50.292Z,mixed-5000-seed-41544c53,miss,spatial_hit_test_sync_ms,ms,41,4.299999952316284
Atlas,1c2e54b3b8df+bench,SVG,instrument-2026-10-07T06-37-50.292Z,mixed-5000-seed-41544c53,miss,spatial_hit_test_sync_ms,ms,42,4.200000047683716
Atlas,1c2e54b3b8df+bench,SVG,instrument-2026-10-07T06-37-50.292Z,mixed-5000-seed-41544c53,miss,spatial_hit_test_sync_ms,ms,43,4.200000047683716
Atlas,1c2e54b3b8df+bench,SVG,instrument-2026-10-07T06-37-50.292Z,mixed-5000-seed-41544c53,miss,spatial_hit_test_sync_ms,ms,44,4.200000047683716
Atlas,1c2e54b3b8df+bench,SVG,instrument-2026-10-07T06-37-50.292Z,mixed-5000-seed-41544c53,miss,spatial_hit_test_sync_ms,ms,45,4.099999904632568
Atlas,1c2e54b3b8df+bench,SVG,instrument-2026-10-07T06-37-50.292Z,mixed-5000-seed-41544c53,miss,spatial_hit_test_sync_ms,ms,46,4.200000047683716
Atlas,1c2e54b3b8df+bench,SVG,instrument-2026-10-07T06-37-50.292Z,mixed-5000-seed-41544c53,miss,spatial_hit_test_sync_ms,ms,47,4.099999904632568
Atlas,1c2e54b3b8df+bench,SVG,instrument-2026-10-07T06-37-50.292Z,mixed-5000-seed-41544c53,miss,spatial_hit_test_sync_ms,ms,48,4.300000190734863
Atlas,1c2e54b3b8df+bench,SVG,instrument-2026-10-07T06-37-50.292Z,mixed-5000-seed-41544c53,miss,spatial_hit_test_sync_ms,ms,49,4.299999952316284
Atlas,1c2e54b3b8df+bench,SVG,instrument-2026-10-07T06-37-50.292Z,mixed-5000-seed-41544c53,miss,spatial_hit_test_sync_ms,ms,50,4.099999904632568
Atlas,1c2e54b3b8df+bench,SVG,instrument-2026-10-07T06-37-50.292Z,mixed-5000-seed-41544c53,miss,spatial_hit_test_sync_ms,ms,51,4.200000047683716
Atlas,1c2e54b3b8df+bench,SVG,instrument-2026-10-07T06-37-50.292Z,mixed-5000-seed-41544c53,miss,spatial_hit_test_sync_ms,ms,52,4.200000047683716
Atlas,1c2e54b3b8df+bench,SVG,instrument-2026-10-07T06-37-50.292Z,mixed-5000-seed-41544c53,miss,spatial_hit_test_sync_ms,ms,53,4.099999904632568
Atlas,1c2e54b3b8df+bench,SVG,instrument-2026-10-07T06-37-50.292Z,mixed-5000-seed-41544c53,miss,spatial_hit_test_sync_ms,ms,54,4.1000001430511475
Atlas,1c2e54b3b8df+bench,SVG,instrument-2026-10-07T06-37-50.292Z,mixed-5000-seed-41544c53,miss,spatial_hit_test_sync_ms,ms,55,4.199999809265137
Atlas,1c2e54b3b8df+bench,SVG,instrument-2026-10-07T06-37-50.292Z,mixed-5000-seed-41544c53,miss,spatial_hit_test_sync_ms,ms,56,4.300000190734863
Atlas,1c2e54b3b8df+bench,SVG,instrument-2026-10-07T06-37-50.292Z,mixed-5000-seed-41544c53,miss,spatial_hit_test_sync_ms,ms,57,4.099999904632568
Atlas,1c2e54b3b8df+bench,SVG,instrument-2026-10-07T06-37-50.292Z,mixed-5000-seed-41544c53,miss,spatial_hit_test_sync_ms,ms,58,4.200000047683716
Atlas,1c2e54b3b8df+bench,SVG,instrument-2026-10-07T06-37-50.292Z,mixed-5000-seed-41544c53,miss,spatial_hit_test_sync_ms,ms,59,4.200000047683716
Atlas,1c2e54b3b8df+bench,SVG,instrument-2026-10-07T06-37-50.292Z,mixed-5000-seed-41544c53,miss,spatial_hit_test_sync_ms,ms,60,4.199999809265137
Atlas,1c2e54b3b8df+bench,SVG,instrument-2026-10-07T06-37-50.292Z,mixed-5000-seed-41544c53,miss,spatial_hit_test_sync_ms,ms,61,4.200000047683716
Atlas,1c2e54b3b8df+bench,SVG,instrument-2026-10-07T06-37-50.292Z,mixed-5000-seed-41544c53,miss,spatial_hit_test_sync_ms,ms,62,4
Atlas,1c2e54b3b8df+bench,SVG,instrument-2026-10-07T06-37-50.292Z,mixed-5000-seed-41544c53,miss,spatial_hit_test_sync_ms,ms,63,4.200000047683716
Atlas,1c2e54b3b8df+bench,SVG,instrument-2026-10-07T06-37-50.292Z,mixed-5000-seed-41544c53,miss,spatial_hit_test_sync_ms,ms,64,4.200000047683716
Atlas,1c2e54b3b8df+bench,SVG,instrument-2026-10-07T06-37-50.292Z,mixed-5000-seed-41544c53,miss,spatial_hit_test_sync_ms,ms,65,4.200000047683716
Atlas,1c2e54b3b8df+bench,SVG,instrument-2026-10-07T06-37-50.292Z,mixed-5000-seed-41544c53,miss,spatial_hit_test_sync_ms,ms,66,4.099999904632568
Atlas,1c2e54b3b8df+bench,SVG,instrument-2026-10-07T06-37-50.292Z,mixed-5000-seed-41544c53,miss,spatial_hit_test_sync_ms,ms,67,4.200000047683716
Atlas,1c2e54b3b8df+bench,SVG,instrument-2026-10-07T06-37-50.292Z,mixed-5000-seed-41544c53,miss,spatial_hit_test_sync_ms,ms,68,4.299999952316284
Atlas,1c2e54b3b8df+bench,SVG,instrument-2026-10-07T06-37-50.292Z,mixed-5000-seed-41544c53,miss,spatial_hit_test_sync_ms,ms,69,4.099999904632568
Atlas,1c2e54b3b8df+bench,SVG,instrument-2026-10-07T06-37-50.292Z,mixed-5000-seed-41544c53,miss,spatial_hit_test_sync_ms,ms,70,4.300000190734863
Atlas,1c2e54b3b8df+bench,SVG,instrument-2026-10-07T06-37-50.292Z,mixed-5000-seed-41544c53,miss,spatial_hit_test_sync_ms,ms,71,4
Atlas,1c2e54b3b8df+bench,SVG,instrument-2026-10-07T06-37-50.292Z,mixed-5000-seed-41544c53,miss,spatial_hit_test_sync_ms,ms,72,4.299999952316284
Atlas,1c2e54b3b8df+bench,SVG,instrument-2026-10-07T06-37-50.292Z,mixed-5000-seed-41544c53,miss,spatial_hit_test_sync_ms,ms,73,4.099999904632568
Atlas,1c2e54b3b8df+bench,SVG,instrument-2026-10-07T06-37-50.292Z,mixed-5000-seed-41544c53,miss,spatial_hit_test_sync_ms,ms,74,4.1000001430511475
Atlas,1c2e54b3b8df+bench,SVG,instrument-2026-10-07T06-37-50.292Z,mixed-5000-seed-41544c53,miss,spatial_hit_test_sync_ms,ms,75,4.099999904632568
Atlas,1c2e54b3b8df+bench,SVG,instrument-2026-10-07T06-37-50.292Z,mixed-5000-seed-41544c53,miss,spatial_hit_test_sync_ms,ms,76,4.200000047683716
Atlas,1c2e54b3b8df+bench,SVG,instrument-2026-10-07T06-37-50.292Z,mixed-5000-seed-41544c53,miss,spatial_hit_test_sync_ms,ms,77,4.099999904632568
Atlas,1c2e54b3b8df+bench,SVG,instrument-2026-10-07T06-37-50.292Z,mixed-5000-seed-41544c53,miss,spatial_hit_test_sync_ms,ms,78,4.200000047683716
Atlas,1c2e54b3b8df+bench,SVG,instrument-2026-10-07T06-37-50.292Z,mixed-5000-seed-41544c53,miss,spatial_hit_test_sync_ms,ms,79,4
Atlas,1c2e54b3b8df+bench,SVG,instrument-2026-10-07T06-37-50.292Z,mixed-5000-seed-41544c53,miss,spatial_hit_test_sync_ms,ms,80,4.299999952316284
Atlas,1c2e54b3b8df+bench,SVG,instrument-2026-10-07T06-37-50.292Z,mixed-5000-seed-41544c53,miss,spatial_hit_test_sync_ms,ms,81,4.1000001430511475
Atlas,1c2e54b3b8df+bench,SVG,instrument-2026-10-07T06-37-50.292Z,mixed-5000-seed-41544c53,miss,spatial_hit_test_sync_ms,ms,82,4.199999809265137
Atlas,1c2e54b3b8df+bench,SVG,instrument-2026-10-07T06-37-50.292Z,mixed-5000-seed-41544c53,miss,spatial_hit_test_sync_ms,ms,83,4.1000001430511475
Atlas,1c2e54b3b8df+bench,SVG,instrument-2026-10-07T06-37-50.292Z,mixed-5000-seed-41544c53,miss,spatial_hit_test_sync_ms,ms,84,4.099999904632568
Atlas,1c2e54b3b8df+bench,SVG,instrument-2026-10-07T06-37-50.292Z,mixed-5000-seed-41544c53,miss,spatial_hit_test_sync_ms,ms,85,4.200000047683716
Atlas,1c2e54b3b8df+bench,SVG,instrument-2026-10-07T06-37-50.292Z,mixed-5000-seed-41544c53,miss,spatial_hit_test_sync_ms,ms,86,4.099999904632568
Atlas,1c2e54b3b8df+bench,SVG,instrument-2026-10-07T06-37-50.292Z,mixed-5000-seed-41544c53,miss,spatial_hit_test_sync_ms,ms,87,4.200000047683716
Atlas,1c2e54b3b8df+bench,SVG,instrument-2026-10-07T06-37-50.292Z,mixed-5000-seed-41544c53,miss,spatial_hit_test_sync_ms,ms,88,4.1000001430511475
Atlas,1c2e54b3b8df+bench,SVG,instrument-2026-10-07T06-37-50.292Z,mixed-5000-seed-41544c53,miss,spatial_hit_test_sync_ms,ms,89,4.199999809265137
Atlas,1c2e54b3b8df+bench,SVG,instrument-2026-10-07T06-37-50.292Z,mixed-5000-seed-41544c53,miss,spatial_hit_test_sync_ms,ms,90,4.1000001430511475
Atlas,1c2e54b3b8df+bench,SVG,instrument-2026-10-07T06-37-50.292Z,mixed-5000-seed-41544c53,miss,spatial_hit_test_sync_ms,ms,91,4.099999904632568
Atlas,1c2e54b3b8df+bench,SVG,instrument-2026-10-07T06-37-50.292Z,mixed-5000-seed-41544c53,miss,spatial_hit_test_sync_ms,ms,92,4.200000047683716
Atlas,1c2e54b3b8df+bench,SVG,instrument-2026-10-07T06-37-50.292Z,mixed-5000-seed-41544c53,miss,spatial_hit_test_sync_ms,ms,93,4.099999904632568
Atlas,1c2e54b3b8df+bench,SVG,instrument-2026-10-07T06-37-50.292Z,mixed-5000-seed-41544c53,miss,spatial_hit_test_sync_ms,ms,94,4.200000047683716
Atlas,1c2e54b3b8df+bench,SVG,instrument-2026-10-07T06-37-50.292Z,mixed-5000-seed-41544c53,miss,spatial_hit_test_sync_ms,ms,95,4
Atlas,1c2e54b3b8df+bench,SVG,instrument-2026-10-07T06-37-50.292Z,mixed-5000-seed-41544c53,miss,spatial_hit_test_sync_ms,ms,96,4.299999952316284
Atlas,1c2e54b3b8df+bench,SVG,instrument-2026-10-07T06-37-50.292Z,mixed-5000-seed-41544c53,miss,spatial_hit_test_sync_ms,ms,97,4.200000047683716
Atlas,1c2e54b3b8df+bench,SVG,instrument-2026-10-07T06-37-50.292Z,mixed-5000-seed-41544c53,miss,spatial_hit_test_sync_ms,ms,98,4.1000001430511475
Atlas,1c2e54b3b8df+bench,SVG,instrument-2026-10-07T06-37-50.292Z,mixed-5000-seed-41544c53,miss,spatial_hit_test_sync_ms,ms,99,4.099999904632568
Atlas,1c2e54b3b8df+bench,SVG,instrument-2026-10-07T06-37-50.292Z,mixed-5000-seed-41544c53,miss,spatial_hit_test_sync_ms,ms,100,4.200000047683716
Atlas,1c2e54b3b8df+bench,SVG,instrument-2026-10-07T06-37-50.292Z,mixed-5000-seed-41544c53,miss,spatial_hit_test_sync_ms,ms,101,4.200000047683716
Atlas,1c2e54b3b8df+bench,SVG,instrument-2026-10-07T06-37-50.292Z,mixed-5000-seed-41544c53,miss,spatial_hit_test_sync_ms,ms,102,4.099999904632568
Atlas,1c2e54b3b8df+bench,SVG,instrument-2026-10-07T06-37-50.292Z,mixed-5000-seed-41544c53,miss,spatial_hit_test_sync_ms,ms,103,4.099999904632568
Atlas,1c2e54b3b8df+bench,SVG,instrument-2026-10-07T06-37-50.292Z,mixed-5000-seed-41544c53,miss,spatial_hit_test_sync_ms,ms,104,4.400000095367432
Atlas,1c2e54b3b8df+bench,SVG,instrument-2026-10-07T06-37-50.292Z,mixed-5000-seed-41544c53,miss,spatial_hit_test_sync_ms,ms,105,4.099999904632568
Atlas,1c2e54b3b8df+bench,SVG,instrument-2026-10-07T06-37-50.292Z,mixed-5000-seed-41544c53,miss,spatial_hit_test_sync_ms,ms,106,4.300000190734863
Atlas,1c2e54b3b8df+bench,SVG,instrument-2026-10-07T06-37-50.292Z,mixed-5000-seed-41544c53,miss,spatial_hit_test_sync_ms,ms,107,4.199999809265137
Atlas,1c2e54b3b8df+bench,SVG,instrument-2026-10-07T06-37-50.292Z,mixed-5000-seed-41544c53,miss,spatial_hit_test_sync_ms,ms,108,4.200000047683716
Atlas,1c2e54b3b8df+bench,SVG,instrument-2026-10-07T06-37-50.292Z,mixed-5000-seed-41544c53,miss,spatial_hit_test_sync_ms,ms,109,4.1000001430511475
Atlas,1c2e54b3b8df+bench,SVG,instrument-2026-10-07T06-37-50.292Z,mixed-5000-seed-41544c53,miss,spatial_hit_test_sync_ms,ms,110,4.099999904632568
Atlas,1c2e54b3b8df+bench,SVG,instrument-2026-10-07T06-37-50.292Z,mixed-5000-seed-41544c53,miss,spatial_hit_test_sync_ms,ms,111,4.099999904632568
Atlas,1c2e54b3b8df+bench,SVG,instrument-2026-10-07T06-37-50.292Z,mixed-5000-seed-41544c53,miss,spatial_hit_test_sync_ms,ms,112,4.300000190734863
Atlas,1c2e54b3b8df+bench,SVG,instrument-2026-10-07T06-37-50.292Z,mixed-5000-seed-41544c53,miss,spatial_hit_test_sync_ms,ms,113,4.199999809265137
Atlas,1c2e54b3b8df+bench,SVG,instrument-2026-10-07T06-37-50.292Z,mixed-5000-seed-41544c53,miss,spatial_hit_test_sync_ms,ms,114,4.200000047683716
Atlas,1c2e54b3b8df+bench,SVG,instrument-2026-10-07T06-37-50.292Z,mixed-5000-seed-41544c53,miss,spatial_hit_test_sync_ms,ms,115,4.1000001430511475
Atlas,1c2e54b3b8df+bench,SVG,instrument-2026-10-07T06-37-50.292Z,mixed-5000-seed-41544c53,miss,spatial_hit_test_sync_ms,ms,116,4.299999952316284
Atlas,1c2e54b3b8df+bench,SVG,instrument-2026-10-07T06-37-50.292Z,mixed-5000-seed-41544c53,miss,spatial_hit_test_sync_ms,ms,117,4.099999904632568
Atlas,1c2e54b3b8df+bench,SVG,instrument-2026-10-07T06-37-50.292Z,mixed-5000-seed-41544c53,miss,spatial_hit_test_sync_ms,ms,118,4.1000001430511475
Atlas,1c2e54b3b8df+bench,SVG,instrument-2026-10-07T06-37-50.292Z,mixed-5000-seed-41544c53,miss,spatial_hit_test_sync_ms,ms,119,4.199999809265137
Atlas,1c2e54b3b8df+bench,SVG,instrument-2026-10-07T06-37-50.292Z,mixed-5000-seed-41544c53,miss,spatial_hit_test_sync_ms,ms,120,4.300000190734863
Atlas,1c2e54b3b8df+bench,SVG,instrument-2026-10-07T06-37-50.292Z,mixed-5000-seed-41544c53,miss,spatial_hit_test_sync_ms,ms,121,4.099999904632568
Atlas,1c2e54b3b8df+bench,SVG,instrument-2026-10-07T06-37-50.292Z,mixed-5000-seed-41544c53,miss,spatial_hit_test_sync_ms,ms,122,4.200000047683716
Atlas,1c2e54b3b8df+bench,SVG,instrument-2026-10-07T06-37-50.292Z,mixed-5000-seed-41544c53,miss,spatial_hit_test_sync_ms,ms,123,4.099999904632568
Atlas,1c2e54b3b8df+bench,SVG,instrument-2026-10-07T06-37-50.292Z,mixed-5000-seed-41544c53,miss,spatial_hit_test_sync_ms,ms,124,4.400000095367432
Atlas,1c2e54b3b8df+bench,SVG,instrument-2026-10-07T06-37-50.292Z,mixed-5000-seed-41544c53,miss,spatial_hit_test_sync_ms,ms,125,4.200000047683716
Atlas,1c2e54b3b8df+bench,SVG,instrument-2026-10-07T06-37-50.292Z,mixed-5000-seed-41544c53,miss,spatial_hit_test_sync_ms,ms,126,4.199999809265137
Atlas,1c2e54b3b8df+bench,SVG,instrument-2026-10-07T06-37-50.292Z,mixed-5000-seed-41544c53,miss,spatial_hit_test_sync_ms,ms,127,4.1000001430511475
Atlas,1c2e54b3b8df+bench,SVG,instrument-2026-10-07T06-37-50.292Z,mixed-5000-seed-41544c53,miss,spatial_hit_test_sync_ms,ms,128,4.299999952316284
Atlas,1c2e54b3b8df+bench,SVG,instrument-2026-10-07T06-37-50.292Z,mixed-5000-seed-41544c53,miss,spatial_hit_test_sync_ms,ms,129,4.200000047683716
Atlas,1c2e54b3b8df+bench,SVG,instrument-2026-10-07T06-37-50.292Z,mixed-5000-seed-41544c53,miss,spatial_hit_test_sync_ms,ms,130,4.099999904632568
Atlas,1c2e54b3b8df+bench,SVG,instrument-2026-10-07T06-37-50.292Z,mixed-5000-seed-41544c53,miss,spatial_hit_test_sync_ms,ms,131,4.200000047683716
Atlas,1c2e54b3b8df+bench,SVG,instrument-2026-10-07T06-37-50.292Z,mixed-5000-seed-41544c53,miss,spatial_hit_test_sync_ms,ms,132,4.299999952316284
Atlas,1c2e54b3b8df+bench,SVG,instrument-2026-10-07T06-37-50.292Z,mixed-5000-seed-41544c53,miss,spatial_hit_test_sync_ms,ms,133,4.1000001430511475
Atlas,1c2e54b3b8df+bench,SVG,instrument-2026-10-07T06-37-50.292Z,mixed-5000-seed-41544c53,miss,spatial_hit_test_sync_ms,ms,134,4.199999809265137
Atlas,1c2e54b3b8df+bench,SVG,instrument-2026-10-07T06-37-50.292Z,mixed-5000-seed-41544c53,miss,spatial_hit_test_sync_ms,ms,135,4.200000047683716
Atlas,1c2e54b3b8df+bench,SVG,instrument-2026-10-07T06-37-50.292Z,mixed-5000-seed-41544c53,miss,spatial_hit_test_sync_ms,ms,136,4.200000047683716
Atlas,1c2e54b3b8df+bench,SVG,instrument-2026-10-07T06-37-50.292Z,mixed-5000-seed-41544c53,miss,spatial_hit_test_sync_ms,ms,137,4.200000047683716
Atlas,1c2e54b3b8df+bench,SVG,instrument-2026-10-07T06-37-50.292Z,mixed-5000-seed-41544c53,miss,spatial_hit_test_sync_ms,ms,138,4.099999904632568
Atlas,1c2e54b3b8df+bench,SVG,instrument-2026-10-07T06-37-50.292Z,mixed-5000-seed-41544c53,miss,spatial_hit_test_sync_ms,ms,139,4.1000001430511475
Atlas,1c2e54b3b8df+bench,SVG,instrument-2026-10-07T06-37-50.292Z,mixed-5000-seed-41544c53,miss,spatial_hit_test_sync_ms,ms,140,4.299999952316284
Atlas,1c2e54b3b8df+bench,SVG,instrument-2026-10-07T06-37-50.292Z,mixed-5000-seed-41544c53,miss,spatial_hit_test_sync_ms,ms,141,4.099999904632568
Atlas,1c2e54b3b8df+bench,SVG,instrument-2026-10-07T06-37-50.292Z,mixed-5000-seed-41544c53,miss,spatial_hit_test_sync_ms,ms,142,4.1000001430511475
Atlas,1c2e54b3b8df+bench,SVG,instrument-2026-10-07T06-37-50.292Z,mixed-5000-seed-41544c53,miss,spatial_hit_test_sync_ms,ms,143,4.199999809265137
Atlas,1c2e54b3b8df+bench,SVG,instrument-2026-10-07T06-37-50.292Z,mixed-5000-seed-41544c53,miss,spatial_hit_test_sync_ms,ms,144,4.300000190734863
Atlas,1c2e54b3b8df+bench,SVG,instrument-2026-10-07T06-37-50.292Z,mixed-5000-seed-41544c53,miss,spatial_hit_test_sync_ms,ms,145,4.299999952316284
Atlas,1c2e54b3b8df+bench,SVG,instrument-2026-10-07T06-37-50.292Z,mixed-5000-seed-41544c53,miss,spatial_hit_test_sync_ms,ms,146,4.200000047683716
Atlas,1c2e54b3b8df+bench,SVG,instrument-2026-10-07T06-37-50.292Z,mixed-5000-seed-41544c53,miss,spatial_hit_test_sync_ms,ms,147,4.099999904632568
Atlas,1c2e54b3b8df+bench,SVG,instrument-2026-10-07T06-37-50.292Z,mixed-5000-seed-41544c53,miss,spatial_hit_test_sync_ms,ms,148,4.200000047683716
Atlas,1c2e54b3b8df+bench,SVG,instrument-2026-10-07T06-37-50.292Z,mixed-5000-seed-41544c53,miss,spatial_hit_test_sync_ms,ms,149,4.099999904632568
Atlas,1c2e54b3b8df+bench,SVG,instrument-2026-10-07T06-37-50.292Z,mixed-5000-seed-41544c53,miss,spatial_hit_test_sync_ms,ms,150,4.1000001430511475
Atlas,1c2e54b3b8df+bench,SVG,instrument-2026-10-07T06-37-50.292Z,mixed-5000-seed-41544c53,miss,spatial_hit_test_sync_ms,ms,151,4.199999809265137
Atlas,1c2e54b3b8df+bench,SVG,instrument-2026-10-07T06-37-50.292Z,mixed-5000-seed-41544c53,miss,spatial_hit_test_sync_ms,ms,152,4.200000047683716
Atlas,1c2e54b3b8df+bench,SVG,instrument-2026-10-07T06-37-50.292Z,mixed-5000-seed-41544c53,miss,spatial_hit_test_sync_ms,ms,153,4.1000001430511475
Atlas,1c2e54b3b8df+bench,SVG,instrument-2026-10-07T06-37-50.292Z,mixed-5000-seed-41544c53,miss,spatial_hit_test_sync_ms,ms,154,4.099999904632568
Atlas,1c2e54b3b8df+bench,SVG,instrument-2026-10-07T06-37-50.292Z,mixed-5000-seed-41544c53,miss,spatial_hit_test_sync_ms,ms,155,4.200000047683716
Atlas,1c2e54b3b8df+bench,SVG,instrument-2026-10-07T06-37-50.292Z,mixed-5000-seed-41544c53,miss,spatial_hit_test_sync_ms,ms,156,4.200000047683716
Atlas,1c2e54b3b8df+bench,SVG,instrument-2026-10-07T06-37-50.292Z,mixed-5000-seed-41544c53,miss,spatial_hit_test_sync_ms,ms,157,4.099999904632568
Atlas,1c2e54b3b8df+bench,SVG,instrument-2026-10-07T06-37-50.292Z,mixed-5000-seed-41544c53,miss,spatial_hit_test_sync_ms,ms,158,4.099999904632568
Atlas,1c2e54b3b8df+bench,SVG,instrument-2026-10-07T06-37-50.292Z,mixed-5000-seed-41544c53,miss,spatial_hit_test_sync_ms,ms,159,4.200000047683716
Atlas,1c2e54b3b8df+bench,SVG,instrument-2026-10-07T06-37-50.292Z,mixed-5000-seed-41544c53,miss,spatial_hit_test_sync_ms,ms,160,4.1000001430511475
Atlas,1c2e54b3b8df+bench,SVG,instrument-2026-10-07T06-37-50.292Z,mixed-5000-seed-41544c53,miss,spatial_hit_test_sync_ms,ms,161,4.199999809265137
Atlas,1c2e54b3b8df+bench,SVG,instrument-2026-10-07T06-37-50.292Z,mixed-5000-seed-41544c53,miss,spatial_hit_test_sync_ms,ms,162,4.200000047683716
Atlas,1c2e54b3b8df+bench,SVG,instrument-2026-10-07T06-37-50.292Z,mixed-5000-seed-41544c53,miss,spatial_hit_test_sync_ms,ms,163,4
Atlas,1c2e54b3b8df+bench,SVG,instrument-2026-10-07T06-37-50.292Z,mixed-5000-seed-41544c53,miss,spatial_hit_test_sync_ms,ms,164,4.299999952316284
Atlas,1c2e54b3b8df+bench,SVG,instrument-2026-10-07T06-37-50.292Z,mixed-5000-seed-41544c53,miss,spatial_hit_test_sync_ms,ms,165,4.1000001430511475
Atlas,1c2e54b3b8df+bench,SVG,instrument-2026-10-07T06-37-50.292Z,mixed-5000-seed-41544c53,miss,spatial_hit_test_sync_ms,ms,166,4.200000047683716
Atlas,1c2e54b3b8df+bench,SVG,instrument-2026-10-07T06-37-50.292Z,mixed-5000-seed-41544c53,miss,spatial_hit_test_sync_ms,ms,167,4.099999904632568
Atlas,1c2e54b3b8df+bench,SVG,instrument-2026-10-07T06-37-50.292Z,mixed-5000-seed-41544c53,miss,spatial_hit_test_sync_ms,ms,168,4.200000047683716
Atlas,1c2e54b3b8df+bench,SVG,instrument-2026-10-07T06-37-50.292Z,mixed-5000-seed-41544c53,miss,spatial_hit_test_sync_ms,ms,169,4.200000047683716
Atlas,1c2e54b3b8df+bench,SVG,instrument-2026-10-07T06-37-50.292Z,mixed-5000-seed-41544c53,miss,spatial_hit_test_sync_ms,ms,170,4
Atlas,1c2e54b3b8df+bench,SVG,instrument-2026-10-07T06-37-50.292Z,mixed-5000-seed-41544c53,miss,spatial_hit_test_sync_ms,ms,171,4.199999809265137
Atlas,1c2e54b3b8df+bench,SVG,instrument-2026-10-07T06-37-50.292Z,mixed-5000-seed-41544c53,miss,spatial_hit_test_sync_ms,ms,172,4.200000047683716
Atlas,1c2e54b3b8df+bench,SVG,instrument-2026-10-07T06-37-50.292Z,mixed-5000-seed-41544c53,miss,spatial_hit_test_sync_ms,ms,173,4.1000001430511475
Atlas,1c2e54b3b8df+bench,SVG,instrument-2026-10-07T06-37-50.292Z,mixed-5000-seed-41544c53,miss,spatial_hit_test_sync_ms,ms,174,4.199999809265137
Atlas,1c2e54b3b8df+bench,SVG,instrument-2026-10-07T06-37-50.292Z,mixed-5000-seed-41544c53,miss,spatial_hit_test_sync_ms,ms,175,4.1000001430511475
Atlas,1c2e54b3b8df+bench,SVG,instrument-2026-10-07T06-37-50.292Z,mixed-5000-seed-41544c53,miss,spatial_hit_test_sync_ms,ms,176,4.200000047683716
Atlas,1c2e54b3b8df+bench,SVG,instrument-2026-10-07T06-37-50.292Z,mixed-5000-seed-41544c53,miss,spatial_hit_test_sync_ms,ms,177,4.199999809265137
Atlas,1c2e54b3b8df+bench,SVG,instrument-2026-10-07T06-37-50.292Z,mixed-5000-seed-41544c53,miss,spatial_hit_test_sync_ms,ms,178,4.1000001430511475
Atlas,1c2e54b3b8df+bench,SVG,instrument-2026-10-07T06-37-50.292Z,mixed-5000-seed-41544c53,miss,spatial_hit_test_sync_ms,ms,179,4.099999904632568
Atlas,1c2e54b3b8df+bench,SVG,instrument-2026-10-07T06-37-50.292Z,mixed-5000-seed-41544c53,miss,spatial_hit_test_sync_ms,ms,180,4.200000047683716
Atlas,1c2e54b3b8df+bench,SVG,instrument-2026-10-07T06-37-50.292Z,mixed-5000-seed-41544c53,miss,spatial_hit_test_sync_ms,ms,181,4.099999904632568
Atlas,1c2e54b3b8df+bench,SVG,instrument-2026-10-07T06-37-50.292Z,mixed-5000-seed-41544c53,miss,spatial_hit_test_sync_ms,ms,182,4.200000047683716
Atlas,1c2e54b3b8df+bench,SVG,instrument-2026-10-07T06-37-50.292Z,mixed-5000-seed-41544c53,miss,spatial_hit_test_sync_ms,ms,183,4.1000001430511475
Atlas,1c2e54b3b8df+bench,SVG,instrument-2026-10-07T06-37-50.292Z,mixed-5000-seed-41544c53,miss,spatial_hit_test_sync_ms,ms,184,4.5
Atlas,1c2e54b3b8df+bench,SVG,instrument-2026-10-07T06-37-50.292Z,mixed-5000-seed-41544c53,miss,spatial_hit_test_sync_ms,ms,185,4.099999904632568
Atlas,1c2e54b3b8df+bench,SVG,instrument-2026-10-07T06-37-50.292Z,mixed-5000-seed-41544c53,miss,spatial_hit_test_sync_ms,ms,186,4.099999904632568
Atlas,1c2e54b3b8df+bench,SVG,instrument-2026-10-07T06-37-50.292Z,mixed-5000-seed-41544c53,miss,spatial_hit_test_sync_ms,ms,187,4.099999904632568
Atlas,1c2e54b3b8df+bench,SVG,instrument-2026-10-07T06-37-50.292Z,mixed-5000-seed-41544c53,miss,spatial_hit_test_sync_ms,ms,188,4.299999952316284
Atlas,1c2e54b3b8df+bench,SVG,instrument-2026-10-07T06-37-50.292Z,mixed-5000-seed-41544c53,miss,spatial_hit_test_sync_ms,ms,189,4.1000001430511475
Atlas,1c2e54b3b8df+bench,SVG,instrument-2026-10-07T06-37-50.292Z,mixed-5000-seed-41544c53,miss,spatial_hit_test_sync_ms,ms,190,4.099999904632568
Atlas,1c2e54b3b8df+bench,SVG,instrument-2026-10-07T06-37-50.292Z,mixed-5000-seed-41544c53,miss,spatial_hit_test_sync_ms,ms,191,4.200000047683716
Atlas,1c2e54b3b8df+bench,SVG,instrument-2026-10-07T06-37-50.292Z,mixed-5000-seed-41544c53,miss,spatial_hit_test_sync_ms,ms,192,4.200000047683716
Atlas,1c2e54b3b8df+bench,SVG,instrument-2026-10-07T06-37-50.292Z,mixed-5000-seed-41544c53,miss,spatial_hit_test_sync_ms,ms,193,4.099999904632568
Atlas,1c2e54b3b8df+bench,SVG,instrument-2026-10-07T06-37-50.292Z,mixed-5000-seed-41544c53,miss,spatial_hit_test_sync_ms,ms,194,4.1000001430511475
Atlas,1c2e54b3b8df+bench,SVG,instrument-2026-10-07T06-37-50.292Z,mixed-5000-seed-41544c53,miss,spatial_hit_test_sync_ms,ms,195,4.199999809265137
Atlas,1c2e54b3b8df+bench,SVG,instrument-2026-10-07T06-37-50.292Z,mixed-5000-seed-41544c53,miss,spatial_hit_test_sync_ms,ms,196,4.200000047683716
Atlas,1c2e54b3b8df+bench,SVG,instrument-2026-10-07T06-37-50.292Z,mixed-5000-seed-41544c53,miss,spatial_hit_test_sync_ms,ms,197,4.200000047683716
Atlas,1c2e54b3b8df+bench,SVG,instrument-2026-10-07T06-37-50.292Z,mixed-5000-seed-41544c53,miss,spatial_hit_test_sync_ms,ms,198,4.099999904632568
Atlas,1c2e54b3b8df+bench,SVG,instrument-2026-10-07T06-37-50.292Z,mixed-5000-seed-41544c53,miss,spatial_hit_test_sync_ms,ms,199,4.200000047683716
Atlas,1c2e54b3b8df+bench,SVG,instrument-2026-10-07T06-37-50.292Z,mixed-5000-seed-41544c53,miss,root_iterator_creations,count,0,201
Atlas,1c2e54b3b8df+bench,SVG,instrument-2026-10-07T06-37-50.292Z,mixed-5000-seed-41544c53,miss,root_iterator_next_calls,count,0,1005001
Atlas,1c2e54b3b8df+bench,SVG,instrument-2026-10-07T06-37-50.292Z,mixed-5000-seed-41544c53,miss,route_membership_reads,count,0,1602200
Atlas,1c2e54b3b8df+bench,SVG,instrument-2026-10-07T06-37-50.292Z,mixed-5000-seed-41544c53,miss,layout_rect_reads,count,0,0
Atlas,1c2e54b3b8df+bench,SVG,instrument-2026-10-07T06-37-50.292Z,mixed-5000-seed-41544c53,miss,cleanup_renderer_calls,count,0,0
Atlas,1c2e54b3b8df+bench,SVG,instrument-2026-10-07T06-37-50.292Z,mixed-5000-seed-41544c53,miss,cleanup_stage_children,count,0,0
Atlas,1c2e54b3b8df+bench,SVG,instrument-2026-10-07T06-37-50.292Z,mixed-5000-seed-41544c53,position-single,operation_sync_ms,ms,0,0
Atlas,1c2e54b3b8df+bench,SVG,instrument-2026-10-07T06-37-50.292Z,mixed-5000-seed-41544c53,position-single,operation_to_raf_opportunities_ms,ms,0,57.59999990463257
Atlas,1c2e54b3b8df+bench,SVG,instrument-2026-10-07T06-37-50.292Z,mixed-5000-seed-41544c53,position-single,root_iterator_creations,count,0,2
Atlas,1c2e54b3b8df+bench,SVG,instrument-2026-10-07T06-37-50.292Z,mixed-5000-seed-41544c53,position-single,root_iterator_next_calls,count,0,10001
Atlas,1c2e54b3b8df+bench,SVG,instrument-2026-10-07T06-37-50.292Z,mixed-5000-seed-41544c53,position-single,svg_attribute_writes,count,0,24995
Atlas,1c2e54b3b8df+bench,SVG,instrument-2026-10-07T06-37-50.292Z,mixed-5000-seed-41544c53,position-single,renderer_scene_reads,count,0,1
Atlas,1c2e54b3b8df+bench,SVG,instrument-2026-10-07T06-37-50.292Z,mixed-5000-seed-41544c53,position-single,route_membership_reads,count,0,3000
Atlas,1c2e54b3b8df+bench,SVG,instrument-2026-10-07T06-37-50.292Z,mixed-5000-seed-41544c53,position-single,svg_attribute_removals,count,0,11996
Atlas,1c2e54b3b8df+bench,SVG,instrument-2026-10-07T06-37-50.292Z,mixed-5000-seed-41544c53,position-single,renderer_calls,count,0,1
Atlas,1c2e54b3b8df+bench,SVG,instrument-2026-10-07T06-37-50.292Z,mixed-5000-seed-41544c53,position-single,layout_rect_reads,count,0,0
Atlas,1c2e54b3b8df+bench,SVG,instrument-2026-10-07T06-37-50.292Z,mixed-5000-seed-41544c53,position-single,instrumented_renderer_callback_ms,ms,0,15.800000190734863
Atlas,1c2e54b3b8df+bench,SVG,instrument-2026-10-07T06-37-50.292Z,mixed-5000-seed-41544c53,position-single,cleanup_renderer_calls,count,0,0
Atlas,1c2e54b3b8df+bench,SVG,instrument-2026-10-07T06-37-50.292Z,mixed-5000-seed-41544c53,position-single,cleanup_stage_children,count,0,0
Atlas,1c2e54b3b8df+bench,SVG,instrument-2026-10-07T06-37-50.292Z,mixed-5000-seed-41544c53,position-series,operation_sync_ms,ms,0,0.09999990463256836
Atlas,1c2e54b3b8df+bench,SVG,instrument-2026-10-07T06-37-50.292Z,mixed-5000-seed-41544c53,position-series,operation_to_raf_opportunities_ms,ms,0,77.09999990463257
Atlas,1c2e54b3b8df+bench,SVG,instrument-2026-10-07T06-37-50.292Z,mixed-5000-seed-41544c53,position-series,root_iterator_creations,count,0,2
Atlas,1c2e54b3b8df+bench,SVG,instrument-2026-10-07T06-37-50.292Z,mixed-5000-seed-41544c53,position-series,root_iterator_next_calls,count,0,10001
Atlas,1c2e54b3b8df+bench,SVG,instrument-2026-10-07T06-37-50.292Z,mixed-5000-seed-41544c53,position-series,route_membership_reads,count,0,3020
Atlas,1c2e54b3b8df+bench,SVG,instrument-2026-10-07T06-37-50.292Z,mixed-5000-seed-41544c53,position-series,svg_attribute_writes,count,0,24995
Atlas,1c2e54b3b8df+bench,SVG,instrument-2026-10-07T06-37-50.292Z,mixed-5000-seed-41544c53,position-series,renderer_scene_reads,count,0,1
Atlas,1c2e54b3b8df+bench,SVG,instrument-2026-10-07T06-37-50.292Z,mixed-5000-seed-41544c53,position-series,svg_attribute_removals,count,0,11996
Atlas,1c2e54b3b8df+bench,SVG,instrument-2026-10-07T06-37-50.292Z,mixed-5000-seed-41544c53,position-series,renderer_calls,count,0,1
Atlas,1c2e54b3b8df+bench,SVG,instrument-2026-10-07T06-37-50.292Z,mixed-5000-seed-41544c53,position-series,layout_rect_reads,count,0,0
Atlas,1c2e54b3b8df+bench,SVG,instrument-2026-10-07T06-37-50.292Z,mixed-5000-seed-41544c53,position-series,instrumented_renderer_callback_ms,ms,0,29.799999952316284
Atlas,1c2e54b3b8df+bench,SVG,instrument-2026-10-07T06-37-50.292Z,mixed-5000-seed-41544c53,position-series,cleanup_renderer_calls,count,0,0
Atlas,1c2e54b3b8df+bench,SVG,instrument-2026-10-07T06-37-50.292Z,mixed-5000-seed-41544c53,position-series,cleanup_stage_children,count,0,0
Atlas,1c2e54b3b8df+bench,SVG,instrument-2026-10-07T06-37-50.292Z,mixed-5000-seed-41544c53,add-100,operation_sync_ms,ms,0,54.09999990463257
Atlas,1c2e54b3b8df+bench,SVG,instrument-2026-10-07T06-37-50.292Z,mixed-5000-seed-41544c53,add-100,cumulative_operation_ms,ms,100,54.09999990463257
Atlas,1c2e54b3b8df+bench,SVG,instrument-2026-10-07T06-37-50.292Z,mixed-5000-seed-41544c53,add-100,operation_to_raf_opportunities_ms,ms,0,112.5
Atlas,1c2e54b3b8df+bench,SVG,instrument-2026-10-07T06-37-50.292Z,mixed-5000-seed-41544c53,add-100,root_iterator_creations,count,0,103
Atlas,1c2e54b3b8df+bench,SVG,instrument-2026-10-07T06-37-50.292Z,mixed-5000-seed-41544c53,add-100,root_iterator_next_calls,count,0,515152
Atlas,1c2e54b3b8df+bench,SVG,instrument-2026-10-07T06-37-50.292Z,mixed-5000-seed-41544c53,add-100,svg_attribute_writes,count,0,25795
Atlas,1c2e54b3b8df+bench,SVG,instrument-2026-10-07T06-37-50.292Z,mixed-5000-seed-41544c53,add-100,renderer_scene_reads,count,0,1
Atlas,1c2e54b3b8df+bench,SVG,instrument-2026-10-07T06-37-50.292Z,mixed-5000-seed-41544c53,add-100,route_membership_reads,count,0,4000
Atlas,1c2e54b3b8df+bench,SVG,instrument-2026-10-07T06-37-50.292Z,mixed-5000-seed-41544c53,add-100,renderer_scene_membership_changes,count,0,1
Atlas,1c2e54b3b8df+bench,SVG,instrument-2026-10-07T06-37-50.292Z,mixed-5000-seed-41544c53,add-100,svg_attribute_removals,count,0,12096
Atlas,1c2e54b3b8df+bench,SVG,instrument-2026-10-07T06-37-50.292Z,mixed-5000-seed-41544c53,add-100,renderer_calls,count,0,1
Atlas,1c2e54b3b8df+bench,SVG,instrument-2026-10-07T06-37-50.292Z,mixed-5000-seed-41544c53,add-100,layout_rect_reads,count,0,0
Atlas,1c2e54b3b8df+bench,SVG,instrument-2026-10-07T06-37-50.292Z,mixed-5000-seed-41544c53,add-100,instrumented_renderer_callback_ms,ms,0,18.200000047683716
Atlas,1c2e54b3b8df+bench,SVG,instrument-2026-10-07T06-37-50.292Z,mixed-5000-seed-41544c53,add-100,cleanup_renderer_calls,count,0,0
Atlas,1c2e54b3b8df+bench,SVG,instrument-2026-10-07T06-37-50.292Z,mixed-5000-seed-41544c53,add-100,cleanup_stage_children,count,0,0
Atlas,1c2e54b3b8df+bench,SVG,instrument-2026-10-07T06-37-50.292Z,mixed-5000-seed-41544c53,add-500,operation_sync_ms,ms,0,223.79999995231628
Atlas,1c2e54b3b8df+bench,SVG,instrument-2026-10-07T06-37-50.292Z,mixed-5000-seed-41544c53,add-500,cumulative_operation_ms,ms,100,54.299999952316284
Atlas,1c2e54b3b8df+bench,SVG,instrument-2026-10-07T06-37-50.292Z,mixed-5000-seed-41544c53,add-500,cumulative_operation_ms,ms,200,95.5
Atlas,1c2e54b3b8df+bench,SVG,instrument-2026-10-07T06-37-50.292Z,mixed-5000-seed-41544c53,add-500,cumulative_operation_ms,ms,300,138.09999990463257
Atlas,1c2e54b3b8df+bench,SVG,instrument-2026-10-07T06-37-50.292Z,mixed-5000-seed-41544c53,add-500,cumulative_operation_ms,ms,400,180.59999990463257
Atlas,1c2e54b3b8df+bench,SVG,instrument-2026-10-07T06-37-50.292Z,mixed-5000-seed-41544c53,add-500,cumulative_operation_ms,ms,500,223.79999995231628
Atlas,1c2e54b3b8df+bench,SVG,instrument-2026-10-07T06-37-50.292Z,mixed-5000-seed-41544c53,add-500,operation_to_raf_opportunities_ms,ms,0,286.2000000476837
Atlas,1c2e54b3b8df+bench,SVG,instrument-2026-10-07T06-37-50.292Z,mixed-5000-seed-41544c53,add-500,root_iterator_creations,count,0,503
Atlas,1c2e54b3b8df+bench,SVG,instrument-2026-10-07T06-37-50.292Z,mixed-5000-seed-41544c53,add-500,root_iterator_next_calls,count,0,2635752
Atlas,1c2e54b3b8df+bench,SVG,instrument-2026-10-07T06-37-50.292Z,mixed-5000-seed-41544c53,add-500,svg_attribute_writes,count,0,28995
Atlas,1c2e54b3b8df+bench,SVG,instrument-2026-10-07T06-37-50.292Z,mixed-5000-seed-41544c53,add-500,renderer_scene_reads,count,0,1
Atlas,1c2e54b3b8df+bench,SVG,instrument-2026-10-07T06-37-50.292Z,mixed-5000-seed-41544c53,add-500,route_membership_reads,count,0,4000
Atlas,1c2e54b3b8df+bench,SVG,instrument-2026-10-07T06-37-50.292Z,mixed-5000-seed-41544c53,add-500,renderer_scene_membership_changes,count,0,1
Atlas,1c2e54b3b8df+bench,SVG,instrument-2026-10-07T06-37-50.292Z,mixed-5000-seed-41544c53,add-500,svg_attribute_removals,count,0,12496
Atlas,1c2e54b3b8df+bench,SVG,instrument-2026-10-07T06-37-50.292Z,mixed-5000-seed-41544c53,add-500,renderer_calls,count,0,1
Atlas,1c2e54b3b8df+bench,SVG,instrument-2026-10-07T06-37-50.292Z,mixed-5000-seed-41544c53,add-500,layout_rect_reads,count,0,0
Atlas,1c2e54b3b8df+bench,SVG,instrument-2026-10-07T06-37-50.292Z,mixed-5000-seed-41544c53,add-500,instrumented_renderer_callback_ms,ms,0,19.09999990463257
Atlas,1c2e54b3b8df+bench,SVG,instrument-2026-10-07T06-37-50.292Z,mixed-5000-seed-41544c53,add-500,cleanup_renderer_calls,count,0,0
Atlas,1c2e54b3b8df+bench,SVG,instrument-2026-10-07T06-37-50.292Z,mixed-5000-seed-41544c53,add-500,cleanup_stage_children,count,0,0
Atlas,1c2e54b3b8df+bench,SVG,instrument-2026-10-07T06-37-50.292Z,mixed-5000-seed-41544c53,add-1000,operation_sync_ms,ms,0,454
Atlas,1c2e54b3b8df+bench,SVG,instrument-2026-10-07T06-37-50.292Z,mixed-5000-seed-41544c53,add-1000,cumulative_operation_ms,ms,100,48
Atlas,1c2e54b3b8df+bench,SVG,instrument-2026-10-07T06-37-50.292Z,mixed-5000-seed-41544c53,add-1000,cumulative_operation_ms,ms,200,90.60000014305115
Atlas,1c2e54b3b8df+bench,SVG,instrument-2026-10-07T06-37-50.292Z,mixed-5000-seed-41544c53,add-1000,cumulative_operation_ms,ms,300,133.10000014305115
Atlas,1c2e54b3b8df+bench,SVG,instrument-2026-10-07T06-37-50.292Z,mixed-5000-seed-41544c53,add-1000,cumulative_operation_ms,ms,400,176
Atlas,1c2e54b3b8df+bench,SVG,instrument-2026-10-07T06-37-50.292Z,mixed-5000-seed-41544c53,add-1000,cumulative_operation_ms,ms,500,220.40000009536743
Atlas,1c2e54b3b8df+bench,SVG,instrument-2026-10-07T06-37-50.292Z,mixed-5000-seed-41544c53,add-1000,cumulative_operation_ms,ms,600,264.60000014305115
Atlas,1c2e54b3b8df+bench,SVG,instrument-2026-10-07T06-37-50.292Z,mixed-5000-seed-41544c53,add-1000,cumulative_operation_ms,ms,700,310.90000009536743
Atlas,1c2e54b3b8df+bench,SVG,instrument-2026-10-07T06-37-50.292Z,mixed-5000-seed-41544c53,add-1000,cumulative_operation_ms,ms,800,357.7000000476837
Atlas,1c2e54b3b8df+bench,SVG,instrument-2026-10-07T06-37-50.292Z,mixed-5000-seed-41544c53,add-1000,cumulative_operation_ms,ms,900,406.10000014305115
Atlas,1c2e54b3b8df+bench,SVG,instrument-2026-10-07T06-37-50.292Z,mixed-5000-seed-41544c53,add-1000,cumulative_operation_ms,ms,1000,454
Atlas,1c2e54b3b8df+bench,SVG,instrument-2026-10-07T06-37-50.292Z,mixed-5000-seed-41544c53,add-1000,operation_to_raf_opportunities_ms,ms,0,519.6000001430511
Atlas,1c2e54b3b8df+bench,SVG,instrument-2026-10-07T06-37-50.292Z,mixed-5000-seed-41544c53,add-1000,root_iterator_creations,count,0,1003
Atlas,1c2e54b3b8df+bench,SVG,instrument-2026-10-07T06-37-50.292Z,mixed-5000-seed-41544c53,add-1000,root_iterator_next_calls,count,0,5511502
Atlas,1c2e54b3b8df+bench,SVG,instrument-2026-10-07T06-37-50.292Z,mixed-5000-seed-41544c53,add-1000,svg_attribute_writes,count,0,32995
Atlas,1c2e54b3b8df+bench,SVG,instrument-2026-10-07T06-37-50.292Z,mixed-5000-seed-41544c53,add-1000,renderer_scene_reads,count,0,1
Atlas,1c2e54b3b8df+bench,SVG,instrument-2026-10-07T06-37-50.292Z,mixed-5000-seed-41544c53,add-1000,route_membership_reads,count,0,4000
Atlas,1c2e54b3b8df+bench,SVG,instrument-2026-10-07T06-37-50.292Z,mixed-5000-seed-41544c53,add-1000,renderer_scene_membership_changes,count,0,1
Atlas,1c2e54b3b8df+bench,SVG,instrument-2026-10-07T06-37-50.292Z,mixed-5000-seed-41544c53,add-1000,svg_attribute_removals,count,0,12996
Atlas,1c2e54b3b8df+bench,SVG,instrument-2026-10-07T06-37-50.292Z,mixed-5000-seed-41544c53,add-1000,renderer_calls,count,0,1
Atlas,1c2e54b3b8df+bench,SVG,instrument-2026-10-07T06-37-50.292Z,mixed-5000-seed-41544c53,add-1000,layout_rect_reads,count,0,0
Atlas,1c2e54b3b8df+bench,SVG,instrument-2026-10-07T06-37-50.292Z,mixed-5000-seed-41544c53,add-1000,instrumented_renderer_callback_ms,ms,0,19.40000009536743
Atlas,1c2e54b3b8df+bench,SVG,instrument-2026-10-07T06-37-50.292Z,mixed-5000-seed-41544c53,add-1000,cleanup_renderer_calls,count,0,0
Atlas,1c2e54b3b8df+bench,SVG,instrument-2026-10-07T06-37-50.292Z,mixed-5000-seed-41544c53,add-1000,cleanup_stage_children,count,0,0
Atlas,1c2e54b3b8df+bench,SVG,instrument-2026-10-07T06-37-50.292Z,mixed-5000-seed-41544c53,remove-100,operation_sync_ms,ms,0,57.40000009536743
Atlas,1c2e54b3b8df+bench,SVG,instrument-2026-10-07T06-37-50.292Z,mixed-5000-seed-41544c53,remove-100,cumulative_operation_ms,ms,100,57.40000009536743
Atlas,1c2e54b3b8df+bench,SVG,instrument-2026-10-07T06-37-50.292Z,mixed-5000-seed-41544c53,remove-100,operation_to_raf_opportunities_ms,ms,0,113.20000004768372
Atlas,1c2e54b3b8df+bench,SVG,instrument-2026-10-07T06-37-50.292Z,mixed-5000-seed-41544c53,remove-100,root_iterator_creations,count,0,103
Atlas,1c2e54b3b8df+bench,SVG,instrument-2026-10-07T06-37-50.292Z,mixed-5000-seed-41544c53,remove-100,root_iterator_next_calls,count,0,504952
Atlas,1c2e54b3b8df+bench,SVG,instrument-2026-10-07T06-37-50.292Z,mixed-5000-seed-41544c53,remove-100,svg_attribute_writes,count,0,24505
Atlas,1c2e54b3b8df+bench,SVG,instrument-2026-10-07T06-37-50.292Z,mixed-5000-seed-41544c53,remove-100,renderer_scene_reads,count,0,1
Atlas,1c2e54b3b8df+bench,SVG,instrument-2026-10-07T06-37-50.292Z,mixed-5000-seed-41544c53,remove-100,route_membership_reads,count,0,3920
Atlas,1c2e54b3b8df+bench,SVG,instrument-2026-10-07T06-37-50.292Z,mixed-5000-seed-41544c53,remove-100,renderer_scene_membership_changes,count,0,1
Atlas,1c2e54b3b8df+bench,SVG,instrument-2026-10-07T06-37-50.292Z,mixed-5000-seed-41544c53,remove-100,svg_attribute_removals,count,0,11761
Atlas,1c2e54b3b8df+bench,SVG,instrument-2026-10-07T06-37-50.292Z,mixed-5000-seed-41544c53,remove-100,renderer_calls,count,0,1
Atlas,1c2e54b3b8df+bench,SVG,instrument-2026-10-07T06-37-50.292Z,mixed-5000-seed-41544c53,remove-100,layout_rect_reads,count,0,0
Atlas,1c2e54b3b8df+bench,SVG,instrument-2026-10-07T06-37-50.292Z,mixed-5000-seed-41544c53,remove-100,instrumented_renderer_callback_ms,ms,0,18.40000009536743
Atlas,1c2e54b3b8df+bench,SVG,instrument-2026-10-07T06-37-50.292Z,mixed-5000-seed-41544c53,remove-100,cleanup_renderer_calls,count,0,0
Atlas,1c2e54b3b8df+bench,SVG,instrument-2026-10-07T06-37-50.292Z,mixed-5000-seed-41544c53,remove-100,cleanup_stage_children,count,0,0
Atlas,1c2e54b3b8df+bench,SVG,instrument-2026-10-07T06-37-50.292Z,mixed-5000-seed-41544c53,remove-500,operation_sync_ms,ms,0,225.10000014305115
Atlas,1c2e54b3b8df+bench,SVG,instrument-2026-10-07T06-37-50.292Z,mixed-5000-seed-41544c53,remove-500,cumulative_operation_ms,ms,100,58
Atlas,1c2e54b3b8df+bench,SVG,instrument-2026-10-07T06-37-50.292Z,mixed-5000-seed-41544c53,remove-500,cumulative_operation_ms,ms,200,101.20000004768372
Atlas,1c2e54b3b8df+bench,SVG,instrument-2026-10-07T06-37-50.292Z,mixed-5000-seed-41544c53,remove-500,cumulative_operation_ms,ms,300,143.5
Atlas,1c2e54b3b8df+bench,SVG,instrument-2026-10-07T06-37-50.292Z,mixed-5000-seed-41544c53,remove-500,cumulative_operation_ms,ms,400,184.40000009536743
Atlas,1c2e54b3b8df+bench,SVG,instrument-2026-10-07T06-37-50.292Z,mixed-5000-seed-41544c53,remove-500,cumulative_operation_ms,ms,500,225.10000014305115
Atlas,1c2e54b3b8df+bench,SVG,instrument-2026-10-07T06-37-50.292Z,mixed-5000-seed-41544c53,remove-500,operation_to_raf_opportunities_ms,ms,0,284.40000009536743
Atlas,1c2e54b3b8df+bench,SVG,instrument-2026-10-07T06-37-50.292Z,mixed-5000-seed-41544c53,remove-500,root_iterator_creations,count,0,503
Atlas,1c2e54b3b8df+bench,SVG,instrument-2026-10-07T06-37-50.292Z,mixed-5000-seed-41544c53,remove-500,root_iterator_next_calls,count,0,2384752
Atlas,1c2e54b3b8df+bench,SVG,instrument-2026-10-07T06-37-50.292Z,mixed-5000-seed-41544c53,remove-500,svg_attribute_writes,count,0,22503
Atlas,1c2e54b3b8df+bench,SVG,instrument-2026-10-07T06-37-50.292Z,mixed-5000-seed-41544c53,remove-500,renderer_scene_reads,count,0,1
Atlas,1c2e54b3b8df+bench,SVG,instrument-2026-10-07T06-37-50.292Z,mixed-5000-seed-41544c53,remove-500,route_membership_reads,count,0,3600
Atlas,1c2e54b3b8df+bench,SVG,instrument-2026-10-07T06-37-50.292Z,mixed-5000-seed-41544c53,remove-500,renderer_scene_membership_changes,count,0,1
Atlas,1c2e54b3b8df+bench,SVG,instrument-2026-10-07T06-37-50.292Z,mixed-5000-seed-41544c53,remove-500,svg_attribute_removals,count,0,10800
Atlas,1c2e54b3b8df+bench,SVG,instrument-2026-10-07T06-37-50.292Z,mixed-5000-seed-41544c53,remove-500,renderer_calls,count,0,1
Atlas,1c2e54b3b8df+bench,SVG,instrument-2026-10-07T06-37-50.292Z,mixed-5000-seed-41544c53,remove-500,layout_rect_reads,count,0,0
Atlas,1c2e54b3b8df+bench,SVG,instrument-2026-10-07T06-37-50.292Z,mixed-5000-seed-41544c53,remove-500,instrumented_renderer_callback_ms,ms,0,15.799999952316284
Atlas,1c2e54b3b8df+bench,SVG,instrument-2026-10-07T06-37-50.292Z,mixed-5000-seed-41544c53,remove-500,cleanup_renderer_calls,count,0,0
Atlas,1c2e54b3b8df+bench,SVG,instrument-2026-10-07T06-37-50.292Z,mixed-5000-seed-41544c53,remove-500,cleanup_stage_children,count,0,0
Atlas,1c2e54b3b8df+bench,SVG,instrument-2026-10-07T06-37-50.292Z,mixed-5000-seed-41544c53,remove-1000,operation_sync_ms,ms,0,408.5
Atlas,1c2e54b3b8df+bench,SVG,instrument-2026-10-07T06-37-50.292Z,mixed-5000-seed-41544c53,remove-1000,cumulative_operation_ms,ms,100,52.59999990463257
Atlas,1c2e54b3b8df+bench,SVG,instrument-2026-10-07T06-37-50.292Z,mixed-5000-seed-41544c53,remove-1000,cumulative_operation_ms,ms,200,95.70000004768372
Atlas,1c2e54b3b8df+bench,SVG,instrument-2026-10-07T06-37-50.292Z,mixed-5000-seed-41544c53,remove-1000,cumulative_operation_ms,ms,300,137.89999985694885
Atlas,1c2e54b3b8df+bench,SVG,instrument-2026-10-07T06-37-50.292Z,mixed-5000-seed-41544c53,remove-1000,cumulative_operation_ms,ms,400,179.09999990463257
Atlas,1c2e54b3b8df+bench,SVG,instrument-2026-10-07T06-37-50.292Z,mixed-5000-seed-41544c53,remove-1000,cumulative_operation_ms,ms,500,220.20000004768372
Atlas,1c2e54b3b8df+bench,SVG,instrument-2026-10-07T06-37-50.292Z,mixed-5000-seed-41544c53,remove-1000,cumulative_operation_ms,ms,600,259.5
Atlas,1c2e54b3b8df+bench,SVG,instrument-2026-10-07T06-37-50.292Z,mixed-5000-seed-41544c53,remove-1000,cumulative_operation_ms,ms,700,298.7999999523163
Atlas,1c2e54b3b8df+bench,SVG,instrument-2026-10-07T06-37-50.292Z,mixed-5000-seed-41544c53,remove-1000,cumulative_operation_ms,ms,800,336
Atlas,1c2e54b3b8df+bench,SVG,instrument-2026-10-07T06-37-50.292Z,mixed-5000-seed-41544c53,remove-1000,cumulative_operation_ms,ms,900,373
Atlas,1c2e54b3b8df+bench,SVG,instrument-2026-10-07T06-37-50.292Z,mixed-5000-seed-41544c53,remove-1000,cumulative_operation_ms,ms,1000,408.5
Atlas,1c2e54b3b8df+bench,SVG,instrument-2026-10-07T06-37-50.292Z,mixed-5000-seed-41544c53,remove-1000,operation_to_raf_opportunities_ms,ms,0,455
Atlas,1c2e54b3b8df+bench,SVG,instrument-2026-10-07T06-37-50.292Z,mixed-5000-seed-41544c53,remove-1000,root_iterator_creations,count,0,1003
Atlas,1c2e54b3b8df+bench,SVG,instrument-2026-10-07T06-37-50.292Z,mixed-5000-seed-41544c53,remove-1000,root_iterator_next_calls,count,0,4509502
Atlas,1c2e54b3b8df+bench,SVG,instrument-2026-10-07T06-37-50.292Z,mixed-5000-seed-41544c53,remove-1000,svg_attribute_writes,count,0,20005
Atlas,1c2e54b3b8df+bench,SVG,instrument-2026-10-07T06-37-50.292Z,mixed-5000-seed-41544c53,remove-1000,renderer_scene_reads,count,0,1
Atlas,1c2e54b3b8df+bench,SVG,instrument-2026-10-07T06-37-50.292Z,mixed-5000-seed-41544c53,remove-1000,route_membership_reads,count,0,3200
Atlas,1c2e54b3b8df+bench,SVG,instrument-2026-10-07T06-37-50.292Z,mixed-5000-seed-41544c53,remove-1000,renderer_scene_membership_changes,count,0,1
Atlas,1c2e54b3b8df+bench,SVG,instrument-2026-10-07T06-37-50.292Z,mixed-5000-seed-41544c53,remove-1000,svg_attribute_removals,count,0,9601
Atlas,1c2e54b3b8df+bench,SVG,instrument-2026-10-07T06-37-50.292Z,mixed-5000-seed-41544c53,remove-1000,renderer_calls,count,0,1
Atlas,1c2e54b3b8df+bench,SVG,instrument-2026-10-07T06-37-50.292Z,mixed-5000-seed-41544c53,remove-1000,layout_rect_reads,count,0,0
Atlas,1c2e54b3b8df+bench,SVG,instrument-2026-10-07T06-37-50.292Z,mixed-5000-seed-41544c53,remove-1000,instrumented_renderer_callback_ms,ms,0,14.900000095367432
Atlas,1c2e54b3b8df+bench,SVG,instrument-2026-10-07T06-37-50.292Z,mixed-5000-seed-41544c53,remove-1000,cleanup_renderer_calls,count,0,0
Atlas,1c2e54b3b8df+bench,SVG,instrument-2026-10-07T06-37-50.292Z,mixed-5000-seed-41544c53,remove-1000,cleanup_stage_children,count,0,0
Atlas,1c2e54b3b8df+bench,SVG,instrument-2026-10-07T06-37-50.292Z,mixed-5000-seed-41544c53,route-update,operation_sync_ms,ms,0,0
Atlas,1c2e54b3b8df+bench,SVG,instrument-2026-10-07T06-37-50.292Z,mixed-5000-seed-41544c53,route-update,operation_to_raf_opportunities_ms,ms,0,61.59999990463257
Atlas,1c2e54b3b8df+bench,SVG,instrument-2026-10-07T06-37-50.292Z,mixed-5000-seed-41544c53,route-update,root_iterator_creations,count,0,2
Atlas,1c2e54b3b8df+bench,SVG,instrument-2026-10-07T06-37-50.292Z,mixed-5000-seed-41544c53,route-update,root_iterator_next_calls,count,0,10001
Atlas,1c2e54b3b8df+bench,SVG,instrument-2026-10-07T06-37-50.292Z,mixed-5000-seed-41544c53,route-update,route_membership_reads,count,0,4004
Atlas,1c2e54b3b8df+bench,SVG,instrument-2026-10-07T06-37-50.292Z,mixed-5000-seed-41544c53,route-update,svg_attribute_writes,count,0,25009
Atlas,1c2e54b3b8df+bench,SVG,instrument-2026-10-07T06-37-50.292Z,mixed-5000-seed-41544c53,route-update,renderer_scene_reads,count,0,1
Atlas,1c2e54b3b8df+bench,SVG,instrument-2026-10-07T06-37-50.292Z,mixed-5000-seed-41544c53,route-update,renderer_scene_membership_changes,count,0,1
Atlas,1c2e54b3b8df+bench,SVG,instrument-2026-10-07T06-37-50.292Z,mixed-5000-seed-41544c53,route-update,svg_attribute_removals,count,0,11997
Atlas,1c2e54b3b8df+bench,SVG,instrument-2026-10-07T06-37-50.292Z,mixed-5000-seed-41544c53,route-update,renderer_calls,count,0,1
Atlas,1c2e54b3b8df+bench,SVG,instrument-2026-10-07T06-37-50.292Z,mixed-5000-seed-41544c53,route-update,layout_rect_reads,count,0,0
Atlas,1c2e54b3b8df+bench,SVG,instrument-2026-10-07T06-37-50.292Z,mixed-5000-seed-41544c53,route-update,instrumented_renderer_callback_ms,ms,0,17.5
Atlas,1c2e54b3b8df+bench,SVG,instrument-2026-10-07T06-37-50.292Z,mixed-5000-seed-41544c53,route-update,cleanup_renderer_calls,count,0,0
Atlas,1c2e54b3b8df+bench,SVG,instrument-2026-10-07T06-37-50.292Z,mixed-5000-seed-41544c53,route-update,cleanup_stage_children,count,0,0
Atlas,1c2e54b3b8df+bench,SVG,instrument-2026-10-07T06-37-50.292Z,mixed-5000-seed-41544c53,wheel-input,synthetic_wheel_dispatch_sync_ms,ms,0,0
Atlas,1c2e54b3b8df+bench,SVG,instrument-2026-10-07T06-37-50.292Z,mixed-5000-seed-41544c53,wheel-input,synthetic_wheel_dispatch_sync_ms,ms,1,0
Atlas,1c2e54b3b8df+bench,SVG,instrument-2026-10-07T06-37-50.292Z,mixed-5000-seed-41544c53,wheel-input,synthetic_wheel_dispatch_sync_ms,ms,2,0.10000014305114746
Atlas,1c2e54b3b8df+bench,SVG,instrument-2026-10-07T06-37-50.292Z,mixed-5000-seed-41544c53,wheel-input,synthetic_wheel_dispatch_sync_ms,ms,3,0
Atlas,1c2e54b3b8df+bench,SVG,instrument-2026-10-07T06-37-50.292Z,mixed-5000-seed-41544c53,wheel-input,synthetic_wheel_dispatch_sync_ms,ms,4,0
Atlas,1c2e54b3b8df+bench,SVG,instrument-2026-10-07T06-37-50.292Z,mixed-5000-seed-41544c53,wheel-input,synthetic_wheel_dispatch_sync_ms,ms,5,0.10000014305114746
Atlas,1c2e54b3b8df+bench,SVG,instrument-2026-10-07T06-37-50.292Z,mixed-5000-seed-41544c53,wheel-input,synthetic_wheel_dispatch_sync_ms,ms,6,0
Atlas,1c2e54b3b8df+bench,SVG,instrument-2026-10-07T06-37-50.292Z,mixed-5000-seed-41544c53,wheel-input,synthetic_wheel_dispatch_sync_ms,ms,7,0
Atlas,1c2e54b3b8df+bench,SVG,instrument-2026-10-07T06-37-50.292Z,mixed-5000-seed-41544c53,wheel-input,synthetic_wheel_dispatch_sync_ms,ms,8,0
Atlas,1c2e54b3b8df+bench,SVG,instrument-2026-10-07T06-37-50.292Z,mixed-5000-seed-41544c53,wheel-input,synthetic_wheel_dispatch_sync_ms,ms,9,0.09999990463256836
Atlas,1c2e54b3b8df+bench,SVG,instrument-2026-10-07T06-37-50.292Z,mixed-5000-seed-41544c53,wheel-input,layout_rect_reads,count,0,52
Atlas,1c2e54b3b8df+bench,SVG,instrument-2026-10-07T06-37-50.292Z,mixed-5000-seed-41544c53,wheel-input,svg_attribute_writes,count,0,249950
Atlas,1c2e54b3b8df+bench,SVG,instrument-2026-10-07T06-37-50.292Z,mixed-5000-seed-41544c53,wheel-input,renderer_scene_reads,count,0,10
Atlas,1c2e54b3b8df+bench,SVG,instrument-2026-10-07T06-37-50.292Z,mixed-5000-seed-41544c53,wheel-input,root_iterator_creations,count,0,10
Atlas,1c2e54b3b8df+bench,SVG,instrument-2026-10-07T06-37-50.292Z,mixed-5000-seed-41544c53,wheel-input,root_iterator_next_calls,count,0,50000
Atlas,1c2e54b3b8df+bench,SVG,instrument-2026-10-07T06-37-50.292Z,mixed-5000-seed-41544c53,wheel-input,route_membership_reads,count,0,30000
Atlas,1c2e54b3b8df+bench,SVG,instrument-2026-10-07T06-37-50.292Z,mixed-5000-seed-41544c53,wheel-input,svg_attribute_removals,count,0,119960
Atlas,1c2e54b3b8df+bench,SVG,instrument-2026-10-07T06-37-50.292Z,mixed-5000-seed-41544c53,wheel-input,renderer_calls,count,0,10
Atlas,1c2e54b3b8df+bench,SVG,instrument-2026-10-07T06-37-50.292Z,mixed-5000-seed-41544c53,wheel-input,instrumented_renderer_callback_ms,ms,0,17.700000047683716
Atlas,1c2e54b3b8df+bench,SVG,instrument-2026-10-07T06-37-50.292Z,mixed-5000-seed-41544c53,wheel-input,instrumented_renderer_callback_ms,ms,1,18.399999856948853
Atlas,1c2e54b3b8df+bench,SVG,instrument-2026-10-07T06-37-50.292Z,mixed-5000-seed-41544c53,wheel-input,instrumented_renderer_callback_ms,ms,2,18.100000143051147
Atlas,1c2e54b3b8df+bench,SVG,instrument-2026-10-07T06-37-50.292Z,mixed-5000-seed-41544c53,wheel-input,instrumented_renderer_callback_ms,ms,3,17.59999990463257
Atlas,1c2e54b3b8df+bench,SVG,instrument-2026-10-07T06-37-50.292Z,mixed-5000-seed-41544c53,wheel-input,instrumented_renderer_callback_ms,ms,4,18.09999990463257
Atlas,1c2e54b3b8df+bench,SVG,instrument-2026-10-07T06-37-50.292Z,mixed-5000-seed-41544c53,wheel-input,instrumented_renderer_callback_ms,ms,5,18
Atlas,1c2e54b3b8df+bench,SVG,instrument-2026-10-07T06-37-50.292Z,mixed-5000-seed-41544c53,wheel-input,instrumented_renderer_callback_ms,ms,6,17.59999990463257
Atlas,1c2e54b3b8df+bench,SVG,instrument-2026-10-07T06-37-50.292Z,mixed-5000-seed-41544c53,wheel-input,instrumented_renderer_callback_ms,ms,7,17.5
Atlas,1c2e54b3b8df+bench,SVG,instrument-2026-10-07T06-37-50.292Z,mixed-5000-seed-41544c53,wheel-input,instrumented_renderer_callback_ms,ms,8,17.90000009536743
Atlas,1c2e54b3b8df+bench,SVG,instrument-2026-10-07T06-37-50.292Z,mixed-5000-seed-41544c53,wheel-input,instrumented_renderer_callback_ms,ms,9,17.90000009536743
Atlas,1c2e54b3b8df+bench,SVG,instrument-2026-10-07T06-37-50.292Z,mixed-5000-seed-41544c53,wheel-input,cleanup_renderer_calls,count,0,0
Atlas,1c2e54b3b8df+bench,SVG,instrument-2026-10-07T06-37-50.292Z,mixed-5000-seed-41544c53,wheel-input,cleanup_stage_children,count,0,0
