engine,version,renderer,runId,sceneId,scenario,metric,unit,sample,value
Atlas,10690f7a4726+bench,SVG,instrument-2026-10-06T13-47-55.237Z,points-3000-seed-41544c53,load,load_promise_ms,ms,0,27.40000009536743
Atlas,10690f7a4726+bench,SVG,instrument-2026-10-06T13-47-55.237Z,points-3000-seed-41544c53,load,create_to_raf_opportunities_ms,ms,0,92
Atlas,10690f7a4726+bench,SVG,instrument-2026-10-06T13-47-55.237Z,points-3000-seed-41544c53,load,semantic_roots,count,0,3000
Atlas,10690f7a4726+bench,SVG,instrument-2026-10-06T13-47-55.237Z,points-3000-seed-41544c53,load,owned_points,count,0,0
Atlas,10690f7a4726+bench,SVG,instrument-2026-10-06T13-47-55.237Z,points-3000-seed-41544c53,load,visual_primitives,count,0,3000
Atlas,10690f7a4726+bench,SVG,instrument-2026-10-06T13-47-55.237Z,points-3000-seed-41544c53,load,svg_element_nodes,count,0,6002
Atlas,10690f7a4726+bench,SVG,instrument-2026-10-06T13-47-55.237Z,points-3000-seed-41544c53,load,shadow_element_nodes,count,0,6003
Atlas,10690f7a4726+bench,SVG,instrument-2026-10-06T13-47-55.237Z,points-3000-seed-41544c53,load,shadow_dom_nodes,count,0,6006
Atlas,10690f7a4726+bench,SVG,instrument-2026-10-06T13-47-55.237Z,points-3000-seed-41544c53,load,root_iterator_creations,count,0,5
Atlas,10690f7a4726+bench,SVG,instrument-2026-10-06T13-47-55.237Z,points-3000-seed-41544c53,load,root_iterator_next_calls,count,0,12003
Atlas,10690f7a4726+bench,SVG,instrument-2026-10-06T13-47-55.237Z,points-3000-seed-41544c53,load,svg_attribute_writes,count,0,24008
Atlas,10690f7a4726+bench,SVG,instrument-2026-10-06T13-47-55.237Z,points-3000-seed-41544c53,load,renderer_calls,count,0,2
Atlas,10690f7a4726+bench,SVG,instrument-2026-10-06T13-47-55.237Z,points-3000-seed-41544c53,load,renderer_scene_reads,count,0,2
Atlas,10690f7a4726+bench,SVG,instrument-2026-10-06T13-47-55.237Z,points-3000-seed-41544c53,load,svg_attribute_removals,count,0,3000
Atlas,10690f7a4726+bench,SVG,instrument-2026-10-06T13-47-55.237Z,points-3000-seed-41544c53,load,layout_rect_reads,count,0,0
Atlas,10690f7a4726+bench,SVG,instrument-2026-10-06T13-47-55.237Z,points-3000-seed-41544c53,load,instrumented_renderer_callback_ms,ms,0,0.10000014305114746
Atlas,10690f7a4726+bench,SVG,instrument-2026-10-06T13-47-55.237Z,points-3000-seed-41544c53,load,instrumented_renderer_callback_ms,ms,1,4.599999904632568
Atlas,10690f7a4726+bench,SVG,instrument-2026-10-06T13-47-55.237Z,points-3000-seed-41544c53,load,instrumented_prepare_promise_ms,ms,0,6.900000095367432
Atlas,10690f7a4726+bench,SVG,instrument-2026-10-06T13-47-55.237Z,points-3000-seed-41544c53,load,cleanup_renderer_calls,count,0,0
Atlas,10690f7a4726+bench,SVG,instrument-2026-10-06T13-47-55.237Z,points-3000-seed-41544c53,load,cleanup_stage_children,count,0,0
Atlas,10690f7a4726+bench,SVG,instrument-2026-10-06T13-47-55.237Z,points-3000-seed-41544c53,pan,frame_interval_ms,ms,0,16.70000000001164
Atlas,10690f7a4726+bench,SVG,instrument-2026-10-06T13-47-55.237Z,points-3000-seed-41544c53,pan,camera_api_sync_ms,ms,0,0.09999990463256836
Atlas,10690f7a4726+bench,SVG,instrument-2026-10-06T13-47-55.237Z,points-3000-seed-41544c53,pan,frame_interval_ms,ms,1,16.70000000001164
Atlas,10690f7a4726+bench,SVG,instrument-2026-10-06T13-47-55.237Z,points-3000-seed-41544c53,pan,camera_api_sync_ms,ms,1,0
Atlas,10690f7a4726+bench,SVG,instrument-2026-10-06T13-47-55.237Z,points-3000-seed-41544c53,pan,frame_interval_ms,ms,2,16.699999999982538
Atlas,10690f7a4726+bench,SVG,instrument-2026-10-06T13-47-55.237Z,points-3000-seed-41544c53,pan,camera_api_sync_ms,ms,2,0
Atlas,10690f7a4726+bench,SVG,instrument-2026-10-06T13-47-55.237Z,points-3000-seed-41544c53,pan,frame_interval_ms,ms,3,16.60000000000582
Atlas,10690f7a4726+bench,SVG,instrument-2026-10-06T13-47-55.237Z,points-3000-seed-41544c53,pan,camera_api_sync_ms,ms,3,0
Atlas,10690f7a4726+bench,SVG,instrument-2026-10-06T13-47-55.237Z,points-3000-seed-41544c53,pan,frame_interval_ms,ms,4,16.70000000001164
Atlas,10690f7a4726+bench,SVG,instrument-2026-10-06T13-47-55.237Z,points-3000-seed-41544c53,pan,camera_api_sync_ms,ms,4,0.09999990463256836
Atlas,10690f7a4726+bench,SVG,instrument-2026-10-06T13-47-55.237Z,points-3000-seed-41544c53,pan,frame_interval_ms,ms,5,33.39999999999418
Atlas,10690f7a4726+bench,SVG,instrument-2026-10-06T13-47-55.237Z,points-3000-seed-41544c53,pan,camera_api_sync_ms,ms,5,0
Atlas,10690f7a4726+bench,SVG,instrument-2026-10-06T13-47-55.237Z,points-3000-seed-41544c53,pan,frame_interval_ms,ms,6,16.699999999982538
Atlas,10690f7a4726+bench,SVG,instrument-2026-10-06T13-47-55.237Z,points-3000-seed-41544c53,pan,camera_api_sync_ms,ms,6,0.09999990463256836
Atlas,10690f7a4726+bench,SVG,instrument-2026-10-06T13-47-55.237Z,points-3000-seed-41544c53,pan,frame_interval_ms,ms,7,16.60000000000582
Atlas,10690f7a4726+bench,SVG,instrument-2026-10-06T13-47-55.237Z,points-3000-seed-41544c53,pan,camera_api_sync_ms,ms,7,0
Atlas,10690f7a4726+bench,SVG,instrument-2026-10-06T13-47-55.237Z,points-3000-seed-41544c53,pan,frame_interval_ms,ms,8,33.39999999999418
Atlas,10690f7a4726+bench,SVG,instrument-2026-10-06T13-47-55.237Z,points-3000-seed-41544c53,pan,camera_api_sync_ms,ms,8,0.09999990463256836
Atlas,10690f7a4726+bench,SVG,instrument-2026-10-06T13-47-55.237Z,points-3000-seed-41544c53,pan,frame_interval_ms,ms,9,16.70000000001164
Atlas,10690f7a4726+bench,SVG,instrument-2026-10-06T13-47-55.237Z,points-3000-seed-41544c53,pan,camera_api_sync_ms,ms,9,0.09999990463256836
Atlas,10690f7a4726+bench,SVG,instrument-2026-10-06T13-47-55.237Z,points-3000-seed-41544c53,pan,frame_interval_ms,ms,10,16.60000000000582
Atlas,10690f7a4726+bench,SVG,instrument-2026-10-06T13-47-55.237Z,points-3000-seed-41544c53,pan,camera_api_sync_ms,ms,10,0
Atlas,10690f7a4726+bench,SVG,instrument-2026-10-06T13-47-55.237Z,points-3000-seed-41544c53,pan,frame_interval_ms,ms,11,33.39999999999418
Atlas,10690f7a4726+bench,SVG,instrument-2026-10-06T13-47-55.237Z,points-3000-seed-41544c53,pan,camera_api_sync_ms,ms,11,0
Atlas,10690f7a4726+bench,SVG,instrument-2026-10-06T13-47-55.237Z,points-3000-seed-41544c53,pan,frame_interval_ms,ms,12,16.70000000001164
Atlas,10690f7a4726+bench,SVG,instrument-2026-10-06T13-47-55.237Z,points-3000-seed-41544c53,pan,camera_api_sync_ms,ms,12,0
Atlas,10690f7a4726+bench,SVG,instrument-2026-10-06T13-47-55.237Z,points-3000-seed-41544c53,pan,frame_interval_ms,ms,13,16.699999999982538
Atlas,10690f7a4726+bench,SVG,instrument-2026-10-06T13-47-55.237Z,points-3000-seed-41544c53,pan,camera_api_sync_ms,ms,13,0
Atlas,10690f7a4726+bench,SVG,instrument-2026-10-06T13-47-55.237Z,points-3000-seed-41544c53,pan,frame_interval_ms,ms,14,33.30000000001746
Atlas,10690f7a4726+bench,SVG,instrument-2026-10-06T13-47-55.237Z,points-3000-seed-41544c53,pan,camera_api_sync_ms,ms,14,0
Atlas,10690f7a4726+bench,SVG,instrument-2026-10-06T13-47-55.237Z,points-3000-seed-41544c53,pan,frame_interval_ms,ms,15,16.699999999982538
Atlas,10690f7a4726+bench,SVG,instrument-2026-10-06T13-47-55.237Z,points-3000-seed-41544c53,pan,camera_api_sync_ms,ms,15,0
Atlas,10690f7a4726+bench,SVG,instrument-2026-10-06T13-47-55.237Z,points-3000-seed-41544c53,pan,frame_interval_ms,ms,16,16.70000000001164
Atlas,10690f7a4726+bench,SVG,instrument-2026-10-06T13-47-55.237Z,points-3000-seed-41544c53,pan,camera_api_sync_ms,ms,16,0
Atlas,10690f7a4726+bench,SVG,instrument-2026-10-06T13-47-55.237Z,points-3000-seed-41544c53,pan,frame_interval_ms,ms,17,33.29999999998836
Atlas,10690f7a4726+bench,SVG,instrument-2026-10-06T13-47-55.237Z,points-3000-seed-41544c53,pan,camera_api_sync_ms,ms,17,0
Atlas,10690f7a4726+bench,SVG,instrument-2026-10-06T13-47-55.237Z,points-3000-seed-41544c53,pan,frame_interval_ms,ms,18,16.70000000001164
Atlas,10690f7a4726+bench,SVG,instrument-2026-10-06T13-47-55.237Z,points-3000-seed-41544c53,pan,camera_api_sync_ms,ms,18,0.10000014305114746
Atlas,10690f7a4726+bench,SVG,instrument-2026-10-06T13-47-55.237Z,points-3000-seed-41544c53,pan,frame_interval_ms,ms,19,16.699999999982538
Atlas,10690f7a4726+bench,SVG,instrument-2026-10-06T13-47-55.237Z,points-3000-seed-41544c53,pan,camera_api_sync_ms,ms,19,0
Atlas,10690f7a4726+bench,SVG,instrument-2026-10-06T13-47-55.237Z,points-3000-seed-41544c53,pan,frame_interval_ms,ms,20,33.40000000002328
Atlas,10690f7a4726+bench,SVG,instrument-2026-10-06T13-47-55.237Z,points-3000-seed-41544c53,pan,camera_api_sync_ms,ms,20,0
Atlas,10690f7a4726+bench,SVG,instrument-2026-10-06T13-47-55.237Z,points-3000-seed-41544c53,pan,frame_interval_ms,ms,21,16.599999999976717
Atlas,10690f7a4726+bench,SVG,instrument-2026-10-06T13-47-55.237Z,points-3000-seed-41544c53,pan,camera_api_sync_ms,ms,21,0
Atlas,10690f7a4726+bench,SVG,instrument-2026-10-06T13-47-55.237Z,points-3000-seed-41544c53,pan,frame_interval_ms,ms,22,16.70000000001164
Atlas,10690f7a4726+bench,SVG,instrument-2026-10-06T13-47-55.237Z,points-3000-seed-41544c53,pan,camera_api_sync_ms,ms,22,0
Atlas,10690f7a4726+bench,SVG,instrument-2026-10-06T13-47-55.237Z,points-3000-seed-41544c53,pan,frame_interval_ms,ms,23,33.39999999999418
Atlas,10690f7a4726+bench,SVG,instrument-2026-10-06T13-47-55.237Z,points-3000-seed-41544c53,pan,camera_api_sync_ms,ms,23,0
Atlas,10690f7a4726+bench,SVG,instrument-2026-10-06T13-47-55.237Z,points-3000-seed-41544c53,pan,frame_interval_ms,ms,24,16.70000000001164
Atlas,10690f7a4726+bench,SVG,instrument-2026-10-06T13-47-55.237Z,points-3000-seed-41544c53,pan,camera_api_sync_ms,ms,24,0
Atlas,10690f7a4726+bench,SVG,instrument-2026-10-06T13-47-55.237Z,points-3000-seed-41544c53,pan,frame_interval_ms,ms,25,16.60000000000582
Atlas,10690f7a4726+bench,SVG,instrument-2026-10-06T13-47-55.237Z,points-3000-seed-41544c53,pan,camera_api_sync_ms,ms,25,0
Atlas,10690f7a4726+bench,SVG,instrument-2026-10-06T13-47-55.237Z,points-3000-seed-41544c53,pan,frame_interval_ms,ms,26,16.79999999998836
Atlas,10690f7a4726+bench,SVG,instrument-2026-10-06T13-47-55.237Z,points-3000-seed-41544c53,pan,camera_api_sync_ms,ms,26,0
Atlas,10690f7a4726+bench,SVG,instrument-2026-10-06T13-47-55.237Z,points-3000-seed-41544c53,pan,frame_interval_ms,ms,27,16.60000000000582
Atlas,10690f7a4726+bench,SVG,instrument-2026-10-06T13-47-55.237Z,points-3000-seed-41544c53,pan,camera_api_sync_ms,ms,27,0.10000014305114746
Atlas,10690f7a4726+bench,SVG,instrument-2026-10-06T13-47-55.237Z,points-3000-seed-41544c53,pan,frame_interval_ms,ms,28,33.29999999998836
Atlas,10690f7a4726+bench,SVG,instrument-2026-10-06T13-47-55.237Z,points-3000-seed-41544c53,pan,camera_api_sync_ms,ms,28,0
Atlas,10690f7a4726+bench,SVG,instrument-2026-10-06T13-47-55.237Z,points-3000-seed-41544c53,pan,frame_interval_ms,ms,29,16.800000000017462
Atlas,10690f7a4726+bench,SVG,instrument-2026-10-06T13-47-55.237Z,points-3000-seed-41544c53,pan,camera_api_sync_ms,ms,29,0
Atlas,10690f7a4726+bench,SVG,instrument-2026-10-06T13-47-55.237Z,points-3000-seed-41544c53,pan,frame_interval_ms,ms,30,16.599999999976717
Atlas,10690f7a4726+bench,SVG,instrument-2026-10-06T13-47-55.237Z,points-3000-seed-41544c53,pan,camera_api_sync_ms,ms,30,0
Atlas,10690f7a4726+bench,SVG,instrument-2026-10-06T13-47-55.237Z,points-3000-seed-41544c53,pan,frame_interval_ms,ms,31,16.70000000001164
Atlas,10690f7a4726+bench,SVG,instrument-2026-10-06T13-47-55.237Z,points-3000-seed-41544c53,pan,camera_api_sync_ms,ms,31,0
Atlas,10690f7a4726+bench,SVG,instrument-2026-10-06T13-47-55.237Z,points-3000-seed-41544c53,pan,frame_interval_ms,ms,32,33.39999999999418
Atlas,10690f7a4726+bench,SVG,instrument-2026-10-06T13-47-55.237Z,points-3000-seed-41544c53,pan,camera_api_sync_ms,ms,32,0
Atlas,10690f7a4726+bench,SVG,instrument-2026-10-06T13-47-55.237Z,points-3000-seed-41544c53,pan,frame_interval_ms,ms,33,16.60000000000582
Atlas,10690f7a4726+bench,SVG,instrument-2026-10-06T13-47-55.237Z,points-3000-seed-41544c53,pan,camera_api_sync_ms,ms,33,0.10000014305114746
Atlas,10690f7a4726+bench,SVG,instrument-2026-10-06T13-47-55.237Z,points-3000-seed-41544c53,pan,frame_interval_ms,ms,34,16.70000000001164
Atlas,10690f7a4726+bench,SVG,instrument-2026-10-06T13-47-55.237Z,points-3000-seed-41544c53,pan,camera_api_sync_ms,ms,34,0
Atlas,10690f7a4726+bench,SVG,instrument-2026-10-06T13-47-55.237Z,points-3000-seed-41544c53,pan,frame_interval_ms,ms,35,16.79999999998836
Atlas,10690f7a4726+bench,SVG,instrument-2026-10-06T13-47-55.237Z,points-3000-seed-41544c53,pan,camera_api_sync_ms,ms,35,0.09999990463256836
Atlas,10690f7a4726+bench,SVG,instrument-2026-10-06T13-47-55.237Z,points-3000-seed-41544c53,pan,frame_interval_ms,ms,36,32.70000000001164
Atlas,10690f7a4726+bench,SVG,instrument-2026-10-06T13-47-55.237Z,points-3000-seed-41544c53,pan,camera_api_sync_ms,ms,36,0
Atlas,10690f7a4726+bench,SVG,instrument-2026-10-06T13-47-55.237Z,points-3000-seed-41544c53,pan,frame_interval_ms,ms,37,17.199999999982538
Atlas,10690f7a4726+bench,SVG,instrument-2026-10-06T13-47-55.237Z,points-3000-seed-41544c53,pan,camera_api_sync_ms,ms,37,0
Atlas,10690f7a4726+bench,SVG,instrument-2026-10-06T13-47-55.237Z,points-3000-seed-41544c53,pan,frame_interval_ms,ms,38,16.70000000001164
Atlas,10690f7a4726+bench,SVG,instrument-2026-10-06T13-47-55.237Z,points-3000-seed-41544c53,pan,camera_api_sync_ms,ms,38,0
Atlas,10690f7a4726+bench,SVG,instrument-2026-10-06T13-47-55.237Z,points-3000-seed-41544c53,pan,frame_interval_ms,ms,39,33.39999999999418
Atlas,10690f7a4726+bench,SVG,instrument-2026-10-06T13-47-55.237Z,points-3000-seed-41544c53,pan,camera_api_sync_ms,ms,39,0.09999990463256836
Atlas,10690f7a4726+bench,SVG,instrument-2026-10-06T13-47-55.237Z,points-3000-seed-41544c53,pan,frame_interval_ms,ms,40,16.70000000001164
Atlas,10690f7a4726+bench,SVG,instrument-2026-10-06T13-47-55.237Z,points-3000-seed-41544c53,pan,camera_api_sync_ms,ms,40,0
Atlas,10690f7a4726+bench,SVG,instrument-2026-10-06T13-47-55.237Z,points-3000-seed-41544c53,pan,frame_interval_ms,ms,41,16.699999999982538
Atlas,10690f7a4726+bench,SVG,instrument-2026-10-06T13-47-55.237Z,points-3000-seed-41544c53,pan,camera_api_sync_ms,ms,41,0.10000014305114746
Atlas,10690f7a4726+bench,SVG,instrument-2026-10-06T13-47-55.237Z,points-3000-seed-41544c53,pan,frame_interval_ms,ms,42,16.60000000000582
Atlas,10690f7a4726+bench,SVG,instrument-2026-10-06T13-47-55.237Z,points-3000-seed-41544c53,pan,camera_api_sync_ms,ms,42,0
Atlas,10690f7a4726+bench,SVG,instrument-2026-10-06T13-47-55.237Z,points-3000-seed-41544c53,pan,frame_interval_ms,ms,43,16.79999999998836
Atlas,10690f7a4726+bench,SVG,instrument-2026-10-06T13-47-55.237Z,points-3000-seed-41544c53,pan,camera_api_sync_ms,ms,43,0
Atlas,10690f7a4726+bench,SVG,instrument-2026-10-06T13-47-55.237Z,points-3000-seed-41544c53,pan,frame_interval_ms,ms,44,33.20000000001164
Atlas,10690f7a4726+bench,SVG,instrument-2026-10-06T13-47-55.237Z,points-3000-seed-41544c53,pan,camera_api_sync_ms,ms,44,0
Atlas,10690f7a4726+bench,SVG,instrument-2026-10-06T13-47-55.237Z,points-3000-seed-41544c53,pan,frame_interval_ms,ms,45,16.79999999998836
Atlas,10690f7a4726+bench,SVG,instrument-2026-10-06T13-47-55.237Z,points-3000-seed-41544c53,pan,camera_api_sync_ms,ms,45,0
Atlas,10690f7a4726+bench,SVG,instrument-2026-10-06T13-47-55.237Z,points-3000-seed-41544c53,pan,frame_interval_ms,ms,46,16.60000000000582
Atlas,10690f7a4726+bench,SVG,instrument-2026-10-06T13-47-55.237Z,points-3000-seed-41544c53,pan,camera_api_sync_ms,ms,46,0
Atlas,10690f7a4726+bench,SVG,instrument-2026-10-06T13-47-55.237Z,points-3000-seed-41544c53,pan,frame_interval_ms,ms,47,16.70000000001164
Atlas,10690f7a4726+bench,SVG,instrument-2026-10-06T13-47-55.237Z,points-3000-seed-41544c53,pan,camera_api_sync_ms,ms,47,0
Atlas,10690f7a4726+bench,SVG,instrument-2026-10-06T13-47-55.237Z,points-3000-seed-41544c53,pan,frame_interval_ms,ms,48,16.699999999982538
Atlas,10690f7a4726+bench,SVG,instrument-2026-10-06T13-47-55.237Z,points-3000-seed-41544c53,pan,camera_api_sync_ms,ms,48,0
Atlas,10690f7a4726+bench,SVG,instrument-2026-10-06T13-47-55.237Z,points-3000-seed-41544c53,pan,frame_interval_ms,ms,49,33.40000000002328
Atlas,10690f7a4726+bench,SVG,instrument-2026-10-06T13-47-55.237Z,points-3000-seed-41544c53,pan,camera_api_sync_ms,ms,49,0
Atlas,10690f7a4726+bench,SVG,instrument-2026-10-06T13-47-55.237Z,points-3000-seed-41544c53,pan,frame_interval_ms,ms,50,16.599999999976717
Atlas,10690f7a4726+bench,SVG,instrument-2026-10-06T13-47-55.237Z,points-3000-seed-41544c53,pan,camera_api_sync_ms,ms,50,0
Atlas,10690f7a4726+bench,SVG,instrument-2026-10-06T13-47-55.237Z,points-3000-seed-41544c53,pan,frame_interval_ms,ms,51,16.70000000001164
Atlas,10690f7a4726+bench,SVG,instrument-2026-10-06T13-47-55.237Z,points-3000-seed-41544c53,pan,camera_api_sync_ms,ms,51,0
Atlas,10690f7a4726+bench,SVG,instrument-2026-10-06T13-47-55.237Z,points-3000-seed-41544c53,pan,frame_interval_ms,ms,52,16.70000000001164
Atlas,10690f7a4726+bench,SVG,instrument-2026-10-06T13-47-55.237Z,points-3000-seed-41544c53,pan,camera_api_sync_ms,ms,52,0
Atlas,10690f7a4726+bench,SVG,instrument-2026-10-06T13-47-55.237Z,points-3000-seed-41544c53,pan,frame_interval_ms,ms,53,16.699999999982538
Atlas,10690f7a4726+bench,SVG,instrument-2026-10-06T13-47-55.237Z,points-3000-seed-41544c53,pan,camera_api_sync_ms,ms,53,0
Atlas,10690f7a4726+bench,SVG,instrument-2026-10-06T13-47-55.237Z,points-3000-seed-41544c53,pan,frame_interval_ms,ms,54,16.70000000001164
Atlas,10690f7a4726+bench,SVG,instrument-2026-10-06T13-47-55.237Z,points-3000-seed-41544c53,pan,camera_api_sync_ms,ms,54,0
Atlas,10690f7a4726+bench,SVG,instrument-2026-10-06T13-47-55.237Z,points-3000-seed-41544c53,pan,frame_interval_ms,ms,55,33.29999999998836
Atlas,10690f7a4726+bench,SVG,instrument-2026-10-06T13-47-55.237Z,points-3000-seed-41544c53,pan,camera_api_sync_ms,ms,55,0
Atlas,10690f7a4726+bench,SVG,instrument-2026-10-06T13-47-55.237Z,points-3000-seed-41544c53,pan,frame_interval_ms,ms,56,16.70000000001164
Atlas,10690f7a4726+bench,SVG,instrument-2026-10-06T13-47-55.237Z,points-3000-seed-41544c53,pan,camera_api_sync_ms,ms,56,0
Atlas,10690f7a4726+bench,SVG,instrument-2026-10-06T13-47-55.237Z,points-3000-seed-41544c53,pan,frame_interval_ms,ms,57,16.60000000000582
Atlas,10690f7a4726+bench,SVG,instrument-2026-10-06T13-47-55.237Z,points-3000-seed-41544c53,pan,camera_api_sync_ms,ms,57,0
Atlas,10690f7a4726+bench,SVG,instrument-2026-10-06T13-47-55.237Z,points-3000-seed-41544c53,pan,frame_interval_ms,ms,58,15.89999999999418
Atlas,10690f7a4726+bench,SVG,instrument-2026-10-06T13-47-55.237Z,points-3000-seed-41544c53,pan,camera_api_sync_ms,ms,58,0
Atlas,10690f7a4726+bench,SVG,instrument-2026-10-06T13-47-55.237Z,points-3000-seed-41544c53,pan,frame_interval_ms,ms,59,17.5
Atlas,10690f7a4726+bench,SVG,instrument-2026-10-06T13-47-55.237Z,points-3000-seed-41544c53,pan,camera_api_sync_ms,ms,59,0
Atlas,10690f7a4726+bench,SVG,instrument-2026-10-06T13-47-55.237Z,points-3000-seed-41544c53,pan,frame_interval_ms,ms,60,16.79999999998836
Atlas,10690f7a4726+bench,SVG,instrument-2026-10-06T13-47-55.237Z,points-3000-seed-41544c53,pan,camera_api_sync_ms,ms,60,0
Atlas,10690f7a4726+bench,SVG,instrument-2026-10-06T13-47-55.237Z,points-3000-seed-41544c53,pan,frame_interval_ms,ms,61,32.30000000001746
Atlas,10690f7a4726+bench,SVG,instrument-2026-10-06T13-47-55.237Z,points-3000-seed-41544c53,pan,camera_api_sync_ms,ms,61,0
Atlas,10690f7a4726+bench,SVG,instrument-2026-10-06T13-47-55.237Z,points-3000-seed-41544c53,pan,frame_interval_ms,ms,62,17.699999999982538
Atlas,10690f7a4726+bench,SVG,instrument-2026-10-06T13-47-55.237Z,points-3000-seed-41544c53,pan,camera_api_sync_ms,ms,62,0
Atlas,10690f7a4726+bench,SVG,instrument-2026-10-06T13-47-55.237Z,points-3000-seed-41544c53,pan,frame_interval_ms,ms,63,16.70000000001164
Atlas,10690f7a4726+bench,SVG,instrument-2026-10-06T13-47-55.237Z,points-3000-seed-41544c53,pan,camera_api_sync_ms,ms,63,0
Atlas,10690f7a4726+bench,SVG,instrument-2026-10-06T13-47-55.237Z,points-3000-seed-41544c53,pan,frame_interval_ms,ms,64,16.60000000000582
Atlas,10690f7a4726+bench,SVG,instrument-2026-10-06T13-47-55.237Z,points-3000-seed-41544c53,pan,camera_api_sync_ms,ms,64,0
Atlas,10690f7a4726+bench,SVG,instrument-2026-10-06T13-47-55.237Z,points-3000-seed-41544c53,pan,frame_interval_ms,ms,65,33.39999999999418
Atlas,10690f7a4726+bench,SVG,instrument-2026-10-06T13-47-55.237Z,points-3000-seed-41544c53,pan,camera_api_sync_ms,ms,65,0.09999990463256836
Atlas,10690f7a4726+bench,SVG,instrument-2026-10-06T13-47-55.237Z,points-3000-seed-41544c53,pan,frame_interval_ms,ms,66,16.60000000000582
Atlas,10690f7a4726+bench,SVG,instrument-2026-10-06T13-47-55.237Z,points-3000-seed-41544c53,pan,camera_api_sync_ms,ms,66,0.10000014305114746
Atlas,10690f7a4726+bench,SVG,instrument-2026-10-06T13-47-55.237Z,points-3000-seed-41544c53,pan,frame_interval_ms,ms,67,16.79999999998836
Atlas,10690f7a4726+bench,SVG,instrument-2026-10-06T13-47-55.237Z,points-3000-seed-41544c53,pan,camera_api_sync_ms,ms,67,0.09999990463256836
Atlas,10690f7a4726+bench,SVG,instrument-2026-10-06T13-47-55.237Z,points-3000-seed-41544c53,pan,frame_interval_ms,ms,68,16.70000000001164
Atlas,10690f7a4726+bench,SVG,instrument-2026-10-06T13-47-55.237Z,points-3000-seed-41544c53,pan,camera_api_sync_ms,ms,68,0.10000014305114746
Atlas,10690f7a4726+bench,SVG,instrument-2026-10-06T13-47-55.237Z,points-3000-seed-41544c53,pan,frame_interval_ms,ms,69,33.29999999998836
Atlas,10690f7a4726+bench,SVG,instrument-2026-10-06T13-47-55.237Z,points-3000-seed-41544c53,pan,camera_api_sync_ms,ms,69,0
Atlas,10690f7a4726+bench,SVG,instrument-2026-10-06T13-47-55.237Z,points-3000-seed-41544c53,pan,frame_interval_ms,ms,70,33.29999999998836
Atlas,10690f7a4726+bench,SVG,instrument-2026-10-06T13-47-55.237Z,points-3000-seed-41544c53,pan,camera_api_sync_ms,ms,70,0
Atlas,10690f7a4726+bench,SVG,instrument-2026-10-06T13-47-55.237Z,points-3000-seed-41544c53,pan,frame_interval_ms,ms,71,16.70000000001164
Atlas,10690f7a4726+bench,SVG,instrument-2026-10-06T13-47-55.237Z,points-3000-seed-41544c53,pan,camera_api_sync_ms,ms,71,0.10000014305114746
Atlas,10690f7a4726+bench,SVG,instrument-2026-10-06T13-47-55.237Z,points-3000-seed-41544c53,pan,motion_elapsed_ms,ms,0,1501.2000000000116
Atlas,10690f7a4726+bench,SVG,instrument-2026-10-06T13-47-55.237Z,points-3000-seed-41544c53,pan,camera_updates,count,0,72
Atlas,10690f7a4726+bench,SVG,instrument-2026-10-06T13-47-55.237Z,points-3000-seed-41544c53,pan,svg_attribute_writes,count,0,432216
Atlas,10690f7a4726+bench,SVG,instrument-2026-10-06T13-47-55.237Z,points-3000-seed-41544c53,pan,renderer_scene_reads,count,0,72
Atlas,10690f7a4726+bench,SVG,instrument-2026-10-06T13-47-55.237Z,points-3000-seed-41544c53,pan,root_iterator_creations,count,0,72
Atlas,10690f7a4726+bench,SVG,instrument-2026-10-06T13-47-55.237Z,points-3000-seed-41544c53,pan,root_iterator_next_calls,count,0,216000
Atlas,10690f7a4726+bench,SVG,instrument-2026-10-06T13-47-55.237Z,points-3000-seed-41544c53,pan,svg_attribute_removals,count,0,216000
Atlas,10690f7a4726+bench,SVG,instrument-2026-10-06T13-47-55.237Z,points-3000-seed-41544c53,pan,renderer_calls,count,0,72
Atlas,10690f7a4726+bench,SVG,instrument-2026-10-06T13-47-55.237Z,points-3000-seed-41544c53,pan,layout_rect_reads,count,0,0
Atlas,10690f7a4726+bench,SVG,instrument-2026-10-06T13-47-55.237Z,points-3000-seed-41544c53,pan,instrumented_renderer_callback_ms,ms,0,5.8999998569488525
Atlas,10690f7a4726+bench,SVG,instrument-2026-10-06T13-47-55.237Z,points-3000-seed-41544c53,pan,instrumented_renderer_callback_ms,ms,1,4.400000095367432
Atlas,10690f7a4726+bench,SVG,instrument-2026-10-06T13-47-55.237Z,points-3000-seed-41544c53,pan,instrumented_renderer_callback_ms,ms,2,4.099999904632568
Atlas,10690f7a4726+bench,SVG,instrument-2026-10-06T13-47-55.237Z,points-3000-seed-41544c53,pan,instrumented_renderer_callback_ms,ms,3,5.599999904632568
Atlas,10690f7a4726+bench,SVG,instrument-2026-10-06T13-47-55.237Z,points-3000-seed-41544c53,pan,instrumented_renderer_callback_ms,ms,4,4.400000095367432
Atlas,10690f7a4726+bench,SVG,instrument-2026-10-06T13-47-55.237Z,points-3000-seed-41544c53,pan,instrumented_renderer_callback_ms,ms,5,6.400000095367432
Atlas,10690f7a4726+bench,SVG,instrument-2026-10-06T13-47-55.237Z,points-3000-seed-41544c53,pan,instrumented_renderer_callback_ms,ms,6,7.8999998569488525
Atlas,10690f7a4726+bench,SVG,instrument-2026-10-06T13-47-55.237Z,points-3000-seed-41544c53,pan,instrumented_renderer_callback_ms,ms,7,4.200000047683716
Atlas,10690f7a4726+bench,SVG,instrument-2026-10-06T13-47-55.237Z,points-3000-seed-41544c53,pan,instrumented_renderer_callback_ms,ms,8,4.299999952316284
Atlas,10690f7a4726+bench,SVG,instrument-2026-10-06T13-47-55.237Z,points-3000-seed-41544c53,pan,instrumented_renderer_callback_ms,ms,9,9.400000095367432
Atlas,10690f7a4726+bench,SVG,instrument-2026-10-06T13-47-55.237Z,points-3000-seed-41544c53,pan,instrumented_renderer_callback_ms,ms,10,4.200000047683716
Atlas,10690f7a4726+bench,SVG,instrument-2026-10-06T13-47-55.237Z,points-3000-seed-41544c53,pan,instrumented_renderer_callback_ms,ms,11,4.199999809265137
Atlas,10690f7a4726+bench,SVG,instrument-2026-10-06T13-47-55.237Z,points-3000-seed-41544c53,pan,instrumented_renderer_callback_ms,ms,12,11.799999952316284
Atlas,10690f7a4726+bench,SVG,instrument-2026-10-06T13-47-55.237Z,points-3000-seed-41544c53,pan,instrumented_renderer_callback_ms,ms,13,4.300000190734863
Atlas,10690f7a4726+bench,SVG,instrument-2026-10-06T13-47-55.237Z,points-3000-seed-41544c53,pan,instrumented_renderer_callback_ms,ms,14,5.099999904632568
Atlas,10690f7a4726+bench,SVG,instrument-2026-10-06T13-47-55.237Z,points-3000-seed-41544c53,pan,instrumented_renderer_callback_ms,ms,15,4.099999904632568
Atlas,10690f7a4726+bench,SVG,instrument-2026-10-06T13-47-55.237Z,points-3000-seed-41544c53,pan,instrumented_renderer_callback_ms,ms,16,4.400000095367432
Atlas,10690f7a4726+bench,SVG,instrument-2026-10-06T13-47-55.237Z,points-3000-seed-41544c53,pan,instrumented_renderer_callback_ms,ms,17,11.899999856948853
Atlas,10690f7a4726+bench,SVG,instrument-2026-10-06T13-47-55.237Z,points-3000-seed-41544c53,pan,instrumented_renderer_callback_ms,ms,18,4.200000047683716
Atlas,10690f7a4726+bench,SVG,instrument-2026-10-06T13-47-55.237Z,points-3000-seed-41544c53,pan,instrumented_renderer_callback_ms,ms,19,4.199999809265137
Atlas,10690f7a4726+bench,SVG,instrument-2026-10-06T13-47-55.237Z,points-3000-seed-41544c53,pan,instrumented_renderer_callback_ms,ms,20,4.299999952316284
Atlas,10690f7a4726+bench,SVG,instrument-2026-10-06T13-47-55.237Z,points-3000-seed-41544c53,pan,instrumented_renderer_callback_ms,ms,21,4.200000047683716
Atlas,10690f7a4726+bench,SVG,instrument-2026-10-06T13-47-55.237Z,points-3000-seed-41544c53,pan,instrumented_renderer_callback_ms,ms,22,4.300000190734863
Atlas,10690f7a4726+bench,SVG,instrument-2026-10-06T13-47-55.237Z,points-3000-seed-41544c53,pan,instrumented_renderer_callback_ms,ms,23,4.299999952316284
Atlas,10690f7a4726+bench,SVG,instrument-2026-10-06T13-47-55.237Z,points-3000-seed-41544c53,pan,instrumented_renderer_callback_ms,ms,24,4.6000001430511475
Atlas,10690f7a4726+bench,SVG,instrument-2026-10-06T13-47-55.237Z,points-3000-seed-41544c53,pan,instrumented_renderer_callback_ms,ms,25,4.3999998569488525
Atlas,10690f7a4726+bench,SVG,instrument-2026-10-06T13-47-55.237Z,points-3000-seed-41544c53,pan,instrumented_renderer_callback_ms,ms,26,4.099999904632568
Atlas,10690f7a4726+bench,SVG,instrument-2026-10-06T13-47-55.237Z,points-3000-seed-41544c53,pan,instrumented_renderer_callback_ms,ms,27,4.199999809265137
Atlas,10690f7a4726+bench,SVG,instrument-2026-10-06T13-47-55.237Z,points-3000-seed-41544c53,pan,instrumented_renderer_callback_ms,ms,28,4.200000047683716
Atlas,10690f7a4726+bench,SVG,instrument-2026-10-06T13-47-55.237Z,points-3000-seed-41544c53,pan,instrumented_renderer_callback_ms,ms,29,4.299999952316284
Atlas,10690f7a4726+bench,SVG,instrument-2026-10-06T13-47-55.237Z,points-3000-seed-41544c53,pan,instrumented_renderer_callback_ms,ms,30,10.099999904632568
Atlas,10690f7a4726+bench,SVG,instrument-2026-10-06T13-47-55.237Z,points-3000-seed-41544c53,pan,instrumented_renderer_callback_ms,ms,31,4.200000047683716
Atlas,10690f7a4726+bench,SVG,instrument-2026-10-06T13-47-55.237Z,points-3000-seed-41544c53,pan,instrumented_renderer_callback_ms,ms,32,4.199999809265137
Atlas,10690f7a4726+bench,SVG,instrument-2026-10-06T13-47-55.237Z,points-3000-seed-41544c53,pan,instrumented_renderer_callback_ms,ms,33,4.200000047683716
Atlas,10690f7a4726+bench,SVG,instrument-2026-10-06T13-47-55.237Z,points-3000-seed-41544c53,pan,instrumented_renderer_callback_ms,ms,34,5.299999952316284
Atlas,10690f7a4726+bench,SVG,instrument-2026-10-06T13-47-55.237Z,points-3000-seed-41544c53,pan,instrumented_renderer_callback_ms,ms,35,4.300000190734863
Atlas,10690f7a4726+bench,SVG,instrument-2026-10-06T13-47-55.237Z,points-3000-seed-41544c53,pan,instrumented_renderer_callback_ms,ms,36,4.400000095367432
Atlas,10690f7a4726+bench,SVG,instrument-2026-10-06T13-47-55.237Z,points-3000-seed-41544c53,pan,instrumented_renderer_callback_ms,ms,37,4.5
Atlas,10690f7a4726+bench,SVG,instrument-2026-10-06T13-47-55.237Z,points-3000-seed-41544c53,pan,instrumented_renderer_callback_ms,ms,38,4.300000190734863
Atlas,10690f7a4726+bench,SVG,instrument-2026-10-06T13-47-55.237Z,points-3000-seed-41544c53,pan,instrumented_renderer_callback_ms,ms,39,4.200000047683716
Atlas,10690f7a4726+bench,SVG,instrument-2026-10-06T13-47-55.237Z,points-3000-seed-41544c53,pan,instrumented_renderer_callback_ms,ms,40,4.3999998569488525
Atlas,10690f7a4726+bench,SVG,instrument-2026-10-06T13-47-55.237Z,points-3000-seed-41544c53,pan,instrumented_renderer_callback_ms,ms,41,4.400000095367432
Atlas,10690f7a4726+bench,SVG,instrument-2026-10-06T13-47-55.237Z,points-3000-seed-41544c53,pan,instrumented_renderer_callback_ms,ms,42,4.400000095367432
Atlas,10690f7a4726+bench,SVG,instrument-2026-10-06T13-47-55.237Z,points-3000-seed-41544c53,pan,instrumented_renderer_callback_ms,ms,43,4.299999952316284
Atlas,10690f7a4726+bench,SVG,instrument-2026-10-06T13-47-55.237Z,points-3000-seed-41544c53,pan,instrumented_renderer_callback_ms,ms,44,4.200000047683716
Atlas,10690f7a4726+bench,SVG,instrument-2026-10-06T13-47-55.237Z,points-3000-seed-41544c53,pan,instrumented_renderer_callback_ms,ms,45,4.200000047683716
Atlas,10690f7a4726+bench,SVG,instrument-2026-10-06T13-47-55.237Z,points-3000-seed-41544c53,pan,instrumented_renderer_callback_ms,ms,46,5.700000047683716
Atlas,10690f7a4726+bench,SVG,instrument-2026-10-06T13-47-55.237Z,points-3000-seed-41544c53,pan,instrumented_renderer_callback_ms,ms,47,4.200000047683716
Atlas,10690f7a4726+bench,SVG,instrument-2026-10-06T13-47-55.237Z,points-3000-seed-41544c53,pan,instrumented_renderer_callback_ms,ms,48,4.3999998569488525
Atlas,10690f7a4726+bench,SVG,instrument-2026-10-06T13-47-55.237Z,points-3000-seed-41544c53,pan,instrumented_renderer_callback_ms,ms,49,4.299999952316284
Atlas,10690f7a4726+bench,SVG,instrument-2026-10-06T13-47-55.237Z,points-3000-seed-41544c53,pan,instrumented_renderer_callback_ms,ms,50,4.5
Atlas,10690f7a4726+bench,SVG,instrument-2026-10-06T13-47-55.237Z,points-3000-seed-41544c53,pan,instrumented_renderer_callback_ms,ms,51,4.200000047683716
Atlas,10690f7a4726+bench,SVG,instrument-2026-10-06T13-47-55.237Z,points-3000-seed-41544c53,pan,instrumented_renderer_callback_ms,ms,52,4.299999952316284
Atlas,10690f7a4726+bench,SVG,instrument-2026-10-06T13-47-55.237Z,points-3000-seed-41544c53,pan,instrumented_renderer_callback_ms,ms,53,4.299999952316284
Atlas,10690f7a4726+bench,SVG,instrument-2026-10-06T13-47-55.237Z,points-3000-seed-41544c53,pan,instrumented_renderer_callback_ms,ms,54,4.200000047683716
Atlas,10690f7a4726+bench,SVG,instrument-2026-10-06T13-47-55.237Z,points-3000-seed-41544c53,pan,instrumented_renderer_callback_ms,ms,55,5.5
Atlas,10690f7a4726+bench,SVG,instrument-2026-10-06T13-47-55.237Z,points-3000-seed-41544c53,pan,instrumented_renderer_callback_ms,ms,56,4.199999809265137
Atlas,10690f7a4726+bench,SVG,instrument-2026-10-06T13-47-55.237Z,points-3000-seed-41544c53,pan,instrumented_renderer_callback_ms,ms,57,4.299999952316284
Atlas,10690f7a4726+bench,SVG,instrument-2026-10-06T13-47-55.237Z,points-3000-seed-41544c53,pan,instrumented_renderer_callback_ms,ms,58,4.400000095367432
Atlas,10690f7a4726+bench,SVG,instrument-2026-10-06T13-47-55.237Z,points-3000-seed-41544c53,pan,instrumented_renderer_callback_ms,ms,59,4.5
Atlas,10690f7a4726+bench,SVG,instrument-2026-10-06T13-47-55.237Z,points-3000-seed-41544c53,pan,instrumented_renderer_callback_ms,ms,60,4.599999904632568
Atlas,10690f7a4726+bench,SVG,instrument-2026-10-06T13-47-55.237Z,points-3000-seed-41544c53,pan,instrumented_renderer_callback_ms,ms,61,4.5
Atlas,10690f7a4726+bench,SVG,instrument-2026-10-06T13-47-55.237Z,points-3000-seed-41544c53,pan,instrumented_renderer_callback_ms,ms,62,4.400000095367432
Atlas,10690f7a4726+bench,SVG,instrument-2026-10-06T13-47-55.237Z,points-3000-seed-41544c53,pan,instrumented_renderer_callback_ms,ms,63,4.299999952316284
Atlas,10690f7a4726+bench,SVG,instrument-2026-10-06T13-47-55.237Z,points-3000-seed-41544c53,pan,instrumented_renderer_callback_ms,ms,64,4.200000047683716
Atlas,10690f7a4726+bench,SVG,instrument-2026-10-06T13-47-55.237Z,points-3000-seed-41544c53,pan,instrumented_renderer_callback_ms,ms,65,5.099999904632568
Atlas,10690f7a4726+bench,SVG,instrument-2026-10-06T13-47-55.237Z,points-3000-seed-41544c53,pan,instrumented_renderer_callback_ms,ms,66,4.200000047683716
Atlas,10690f7a4726+bench,SVG,instrument-2026-10-06T13-47-55.237Z,points-3000-seed-41544c53,pan,instrumented_renderer_callback_ms,ms,67,4.8999998569488525
Atlas,10690f7a4726+bench,SVG,instrument-2026-10-06T13-47-55.237Z,points-3000-seed-41544c53,pan,instrumented_renderer_callback_ms,ms,68,10.600000143051147
Atlas,10690f7a4726+bench,SVG,instrument-2026-10-06T13-47-55.237Z,points-3000-seed-41544c53,pan,instrumented_renderer_callback_ms,ms,69,4.400000095367432
Atlas,10690f7a4726+bench,SVG,instrument-2026-10-06T13-47-55.237Z,points-3000-seed-41544c53,pan,instrumented_renderer_callback_ms,ms,70,4.5
Atlas,10690f7a4726+bench,SVG,instrument-2026-10-06T13-47-55.237Z,points-3000-seed-41544c53,pan,instrumented_renderer_callback_ms,ms,71,4.1000001430511475
Atlas,10690f7a4726+bench,SVG,instrument-2026-10-06T13-47-55.237Z,points-3000-seed-41544c53,pan,cleanup_renderer_calls,count,0,0
Atlas,10690f7a4726+bench,SVG,instrument-2026-10-06T13-47-55.237Z,points-3000-seed-41544c53,pan,cleanup_stage_children,count,0,0
Atlas,10690f7a4726+bench,SVG,instrument-2026-10-06T13-47-55.237Z,points-3000-seed-41544c53,zoom,frame_interval_ms,ms,0,16.70000000001164
Atlas,10690f7a4726+bench,SVG,instrument-2026-10-06T13-47-55.237Z,points-3000-seed-41544c53,zoom,camera_api_sync_ms,ms,0,0
Atlas,10690f7a4726+bench,SVG,instrument-2026-10-06T13-47-55.237Z,points-3000-seed-41544c53,zoom,frame_interval_ms,ms,1,16.699999999982538
Atlas,10690f7a4726+bench,SVG,instrument-2026-10-06T13-47-55.237Z,points-3000-seed-41544c53,zoom,camera_api_sync_ms,ms,1,0
Atlas,10690f7a4726+bench,SVG,instrument-2026-10-06T13-47-55.237Z,points-3000-seed-41544c53,zoom,frame_interval_ms,ms,2,16.70000000001164
Atlas,10690f7a4726+bench,SVG,instrument-2026-10-06T13-47-55.237Z,points-3000-seed-41544c53,zoom,camera_api_sync_ms,ms,2,0.10000014305114746
Atlas,10690f7a4726+bench,SVG,instrument-2026-10-06T13-47-55.237Z,points-3000-seed-41544c53,zoom,frame_interval_ms,ms,3,16.60000000000582
Atlas,10690f7a4726+bench,SVG,instrument-2026-10-06T13-47-55.237Z,points-3000-seed-41544c53,zoom,camera_api_sync_ms,ms,3,0
Atlas,10690f7a4726+bench,SVG,instrument-2026-10-06T13-47-55.237Z,points-3000-seed-41544c53,zoom,frame_interval_ms,ms,4,16.699999999982538
Atlas,10690f7a4726+bench,SVG,instrument-2026-10-06T13-47-55.237Z,points-3000-seed-41544c53,zoom,camera_api_sync_ms,ms,4,0
Atlas,10690f7a4726+bench,SVG,instrument-2026-10-06T13-47-55.237Z,points-3000-seed-41544c53,zoom,frame_interval_ms,ms,5,16.70000000001164
Atlas,10690f7a4726+bench,SVG,instrument-2026-10-06T13-47-55.237Z,points-3000-seed-41544c53,zoom,camera_api_sync_ms,ms,5,0
Atlas,10690f7a4726+bench,SVG,instrument-2026-10-06T13-47-55.237Z,points-3000-seed-41544c53,zoom,frame_interval_ms,ms,6,33.29999999998836
Atlas,10690f7a4726+bench,SVG,instrument-2026-10-06T13-47-55.237Z,points-3000-seed-41544c53,zoom,camera_api_sync_ms,ms,6,0
Atlas,10690f7a4726+bench,SVG,instrument-2026-10-06T13-47-55.237Z,points-3000-seed-41544c53,zoom,frame_interval_ms,ms,7,16.800000000017462
Atlas,10690f7a4726+bench,SVG,instrument-2026-10-06T13-47-55.237Z,points-3000-seed-41544c53,zoom,camera_api_sync_ms,ms,7,0
Atlas,10690f7a4726+bench,SVG,instrument-2026-10-06T13-47-55.237Z,points-3000-seed-41544c53,zoom,frame_interval_ms,ms,8,16.599999999976717
Atlas,10690f7a4726+bench,SVG,instrument-2026-10-06T13-47-55.237Z,points-3000-seed-41544c53,zoom,camera_api_sync_ms,ms,8,0
Atlas,10690f7a4726+bench,SVG,instrument-2026-10-06T13-47-55.237Z,points-3000-seed-41544c53,zoom,frame_interval_ms,ms,9,16.70000000001164
Atlas,10690f7a4726+bench,SVG,instrument-2026-10-06T13-47-55.237Z,points-3000-seed-41544c53,zoom,camera_api_sync_ms,ms,9,0
Atlas,10690f7a4726+bench,SVG,instrument-2026-10-06T13-47-55.237Z,points-3000-seed-41544c53,zoom,frame_interval_ms,ms,10,33.39999999999418
Atlas,10690f7a4726+bench,SVG,instrument-2026-10-06T13-47-55.237Z,points-3000-seed-41544c53,zoom,camera_api_sync_ms,ms,10,0.10000014305114746
Atlas,10690f7a4726+bench,SVG,instrument-2026-10-06T13-47-55.237Z,points-3000-seed-41544c53,zoom,frame_interval_ms,ms,11,16.70000000001164
Atlas,10690f7a4726+bench,SVG,instrument-2026-10-06T13-47-55.237Z,points-3000-seed-41544c53,zoom,camera_api_sync_ms,ms,11,0
Atlas,10690f7a4726+bench,SVG,instrument-2026-10-06T13-47-55.237Z,points-3000-seed-41544c53,zoom,frame_interval_ms,ms,12,16.60000000000582
Atlas,10690f7a4726+bench,SVG,instrument-2026-10-06T13-47-55.237Z,points-3000-seed-41544c53,zoom,camera_api_sync_ms,ms,12,0
Atlas,10690f7a4726+bench,SVG,instrument-2026-10-06T13-47-55.237Z,points-3000-seed-41544c53,zoom,frame_interval_ms,ms,13,16.699999999982538
Atlas,10690f7a4726+bench,SVG,instrument-2026-10-06T13-47-55.237Z,points-3000-seed-41544c53,zoom,camera_api_sync_ms,ms,13,0.09999990463256836
Atlas,10690f7a4726+bench,SVG,instrument-2026-10-06T13-47-55.237Z,points-3000-seed-41544c53,zoom,frame_interval_ms,ms,14,33.30000000001746
Atlas,10690f7a4726+bench,SVG,instrument-2026-10-06T13-47-55.237Z,points-3000-seed-41544c53,zoom,camera_api_sync_ms,ms,14,0
Atlas,10690f7a4726+bench,SVG,instrument-2026-10-06T13-47-55.237Z,points-3000-seed-41544c53,zoom,frame_interval_ms,ms,15,16.699999999982538
Atlas,10690f7a4726+bench,SVG,instrument-2026-10-06T13-47-55.237Z,points-3000-seed-41544c53,zoom,camera_api_sync_ms,ms,15,0
Atlas,10690f7a4726+bench,SVG,instrument-2026-10-06T13-47-55.237Z,points-3000-seed-41544c53,zoom,frame_interval_ms,ms,16,16.800000000017462
Atlas,10690f7a4726+bench,SVG,instrument-2026-10-06T13-47-55.237Z,points-3000-seed-41544c53,zoom,camera_api_sync_ms,ms,16,0.09999990463256836
Atlas,10690f7a4726+bench,SVG,instrument-2026-10-06T13-47-55.237Z,points-3000-seed-41544c53,zoom,frame_interval_ms,ms,17,16.599999999976717
Atlas,10690f7a4726+bench,SVG,instrument-2026-10-06T13-47-55.237Z,points-3000-seed-41544c53,zoom,camera_api_sync_ms,ms,17,0
Atlas,10690f7a4726+bench,SVG,instrument-2026-10-06T13-47-55.237Z,points-3000-seed-41544c53,zoom,frame_interval_ms,ms,18,16.60000000000582
Atlas,10690f7a4726+bench,SVG,instrument-2026-10-06T13-47-55.237Z,points-3000-seed-41544c53,zoom,camera_api_sync_ms,ms,18,0
Atlas,10690f7a4726+bench,SVG,instrument-2026-10-06T13-47-55.237Z,points-3000-seed-41544c53,zoom,frame_interval_ms,ms,19,33.39999999999418
Atlas,10690f7a4726+bench,SVG,instrument-2026-10-06T13-47-55.237Z,points-3000-seed-41544c53,zoom,camera_api_sync_ms,ms,19,0
Atlas,10690f7a4726+bench,SVG,instrument-2026-10-06T13-47-55.237Z,points-3000-seed-41544c53,zoom,frame_interval_ms,ms,20,16.70000000001164
Atlas,10690f7a4726+bench,SVG,instrument-2026-10-06T13-47-55.237Z,points-3000-seed-41544c53,zoom,camera_api_sync_ms,ms,20,0
Atlas,10690f7a4726+bench,SVG,instrument-2026-10-06T13-47-55.237Z,points-3000-seed-41544c53,zoom,frame_interval_ms,ms,21,16.70000000001164
Atlas,10690f7a4726+bench,SVG,instrument-2026-10-06T13-47-55.237Z,points-3000-seed-41544c53,zoom,camera_api_sync_ms,ms,21,0.09999990463256836
Atlas,10690f7a4726+bench,SVG,instrument-2026-10-06T13-47-55.237Z,points-3000-seed-41544c53,zoom,frame_interval_ms,ms,22,16.599999999976717
Atlas,10690f7a4726+bench,SVG,instrument-2026-10-06T13-47-55.237Z,points-3000-seed-41544c53,zoom,camera_api_sync_ms,ms,22,0
Atlas,10690f7a4726+bench,SVG,instrument-2026-10-06T13-47-55.237Z,points-3000-seed-41544c53,zoom,frame_interval_ms,ms,23,16.800000000017462
Atlas,10690f7a4726+bench,SVG,instrument-2026-10-06T13-47-55.237Z,points-3000-seed-41544c53,zoom,camera_api_sync_ms,ms,23,0.10000014305114746
Atlas,10690f7a4726+bench,SVG,instrument-2026-10-06T13-47-55.237Z,points-3000-seed-41544c53,zoom,frame_interval_ms,ms,24,33.29999999998836
Atlas,10690f7a4726+bench,SVG,instrument-2026-10-06T13-47-55.237Z,points-3000-seed-41544c53,zoom,camera_api_sync_ms,ms,24,0
Atlas,10690f7a4726+bench,SVG,instrument-2026-10-06T13-47-55.237Z,points-3000-seed-41544c53,zoom,frame_interval_ms,ms,25,16.70000000001164
Atlas,10690f7a4726+bench,SVG,instrument-2026-10-06T13-47-55.237Z,points-3000-seed-41544c53,zoom,camera_api_sync_ms,ms,25,0
Atlas,10690f7a4726+bench,SVG,instrument-2026-10-06T13-47-55.237Z,points-3000-seed-41544c53,zoom,frame_interval_ms,ms,26,16.10000000000582
Atlas,10690f7a4726+bench,SVG,instrument-2026-10-06T13-47-55.237Z,points-3000-seed-41544c53,zoom,camera_api_sync_ms,ms,26,0
Atlas,10690f7a4726+bench,SVG,instrument-2026-10-06T13-47-55.237Z,points-3000-seed-41544c53,zoom,frame_interval_ms,ms,27,17.199999999982538
Atlas,10690f7a4726+bench,SVG,instrument-2026-10-06T13-47-55.237Z,points-3000-seed-41544c53,zoom,camera_api_sync_ms,ms,27,0
Atlas,10690f7a4726+bench,SVG,instrument-2026-10-06T13-47-55.237Z,points-3000-seed-41544c53,zoom,frame_interval_ms,ms,28,16.70000000001164
Atlas,10690f7a4726+bench,SVG,instrument-2026-10-06T13-47-55.237Z,points-3000-seed-41544c53,zoom,camera_api_sync_ms,ms,28,0
Atlas,10690f7a4726+bench,SVG,instrument-2026-10-06T13-47-55.237Z,points-3000-seed-41544c53,zoom,frame_interval_ms,ms,29,16.79999999998836
Atlas,10690f7a4726+bench,SVG,instrument-2026-10-06T13-47-55.237Z,points-3000-seed-41544c53,zoom,camera_api_sync_ms,ms,29,0.10000014305114746
Atlas,10690f7a4726+bench,SVG,instrument-2026-10-06T13-47-55.237Z,points-3000-seed-41544c53,zoom,frame_interval_ms,ms,30,33.30000000001746
Atlas,10690f7a4726+bench,SVG,instrument-2026-10-06T13-47-55.237Z,points-3000-seed-41544c53,zoom,camera_api_sync_ms,ms,30,0
Atlas,10690f7a4726+bench,SVG,instrument-2026-10-06T13-47-55.237Z,points-3000-seed-41544c53,zoom,frame_interval_ms,ms,31,16.699999999982538
Atlas,10690f7a4726+bench,SVG,instrument-2026-10-06T13-47-55.237Z,points-3000-seed-41544c53,zoom,camera_api_sync_ms,ms,31,0
Atlas,10690f7a4726+bench,SVG,instrument-2026-10-06T13-47-55.237Z,points-3000-seed-41544c53,zoom,frame_interval_ms,ms,32,16.70000000001164
Atlas,10690f7a4726+bench,SVG,instrument-2026-10-06T13-47-55.237Z,points-3000-seed-41544c53,zoom,camera_api_sync_ms,ms,32,0
Atlas,10690f7a4726+bench,SVG,instrument-2026-10-06T13-47-55.237Z,points-3000-seed-41544c53,zoom,frame_interval_ms,ms,33,16.60000000000582
Atlas,10690f7a4726+bench,SVG,instrument-2026-10-06T13-47-55.237Z,points-3000-seed-41544c53,zoom,camera_api_sync_ms,ms,33,0
Atlas,10690f7a4726+bench,SVG,instrument-2026-10-06T13-47-55.237Z,points-3000-seed-41544c53,zoom,frame_interval_ms,ms,34,16.699999999982538
Atlas,10690f7a4726+bench,SVG,instrument-2026-10-06T13-47-55.237Z,points-3000-seed-41544c53,zoom,camera_api_sync_ms,ms,34,0.09999990463256836
Atlas,10690f7a4726+bench,SVG,instrument-2026-10-06T13-47-55.237Z,points-3000-seed-41544c53,zoom,frame_interval_ms,ms,35,16.70000000001164
Atlas,10690f7a4726+bench,SVG,instrument-2026-10-06T13-47-55.237Z,points-3000-seed-41544c53,zoom,camera_api_sync_ms,ms,35,0
Atlas,10690f7a4726+bench,SVG,instrument-2026-10-06T13-47-55.237Z,points-3000-seed-41544c53,zoom,frame_interval_ms,ms,36,16.699999999982538
Atlas,10690f7a4726+bench,SVG,instrument-2026-10-06T13-47-55.237Z,points-3000-seed-41544c53,zoom,camera_api_sync_ms,ms,36,0.10000014305114746
Atlas,10690f7a4726+bench,SVG,instrument-2026-10-06T13-47-55.237Z,points-3000-seed-41544c53,zoom,frame_interval_ms,ms,37,16.70000000001164
Atlas,10690f7a4726+bench,SVG,instrument-2026-10-06T13-47-55.237Z,points-3000-seed-41544c53,zoom,camera_api_sync_ms,ms,37,0
Atlas,10690f7a4726+bench,SVG,instrument-2026-10-06T13-47-55.237Z,points-3000-seed-41544c53,zoom,frame_interval_ms,ms,38,33.29999999998836
Atlas,10690f7a4726+bench,SVG,instrument-2026-10-06T13-47-55.237Z,points-3000-seed-41544c53,zoom,camera_api_sync_ms,ms,38,0
Atlas,10690f7a4726+bench,SVG,instrument-2026-10-06T13-47-55.237Z,points-3000-seed-41544c53,zoom,frame_interval_ms,ms,39,16.70000000001164
Atlas,10690f7a4726+bench,SVG,instrument-2026-10-06T13-47-55.237Z,points-3000-seed-41544c53,zoom,camera_api_sync_ms,ms,39,0
Atlas,10690f7a4726+bench,SVG,instrument-2026-10-06T13-47-55.237Z,points-3000-seed-41544c53,zoom,frame_interval_ms,ms,40,16.70000000001164
Atlas,10690f7a4726+bench,SVG,instrument-2026-10-06T13-47-55.237Z,points-3000-seed-41544c53,zoom,camera_api_sync_ms,ms,40,0
Atlas,10690f7a4726+bench,SVG,instrument-2026-10-06T13-47-55.237Z,points-3000-seed-41544c53,zoom,frame_interval_ms,ms,41,16.699999999982538
Atlas,10690f7a4726+bench,SVG,instrument-2026-10-06T13-47-55.237Z,points-3000-seed-41544c53,zoom,camera_api_sync_ms,ms,41,0.10000014305114746
Atlas,10690f7a4726+bench,SVG,instrument-2026-10-06T13-47-55.237Z,points-3000-seed-41544c53,zoom,frame_interval_ms,ms,42,16.60000000000582
Atlas,10690f7a4726+bench,SVG,instrument-2026-10-06T13-47-55.237Z,points-3000-seed-41544c53,zoom,camera_api_sync_ms,ms,42,0
Atlas,10690f7a4726+bench,SVG,instrument-2026-10-06T13-47-55.237Z,points-3000-seed-41544c53,zoom,frame_interval_ms,ms,43,16.5
Atlas,10690f7a4726+bench,SVG,instrument-2026-10-06T13-47-55.237Z,points-3000-seed-41544c53,zoom,camera_api_sync_ms,ms,43,0
Atlas,10690f7a4726+bench,SVG,instrument-2026-10-06T13-47-55.237Z,points-3000-seed-41544c53,zoom,frame_interval_ms,ms,44,16.89999999999418
Atlas,10690f7a4726+bench,SVG,instrument-2026-10-06T13-47-55.237Z,points-3000-seed-41544c53,zoom,camera_api_sync_ms,ms,44,0
Atlas,10690f7a4726+bench,SVG,instrument-2026-10-06T13-47-55.237Z,points-3000-seed-41544c53,zoom,frame_interval_ms,ms,45,33.39999999999418
Atlas,10690f7a4726+bench,SVG,instrument-2026-10-06T13-47-55.237Z,points-3000-seed-41544c53,zoom,camera_api_sync_ms,ms,45,0
Atlas,10690f7a4726+bench,SVG,instrument-2026-10-06T13-47-55.237Z,points-3000-seed-41544c53,zoom,frame_interval_ms,ms,46,16.60000000000582
Atlas,10690f7a4726+bench,SVG,instrument-2026-10-06T13-47-55.237Z,points-3000-seed-41544c53,zoom,camera_api_sync_ms,ms,46,0
Atlas,10690f7a4726+bench,SVG,instrument-2026-10-06T13-47-55.237Z,points-3000-seed-41544c53,zoom,frame_interval_ms,ms,47,16.70000000001164
Atlas,10690f7a4726+bench,SVG,instrument-2026-10-06T13-47-55.237Z,points-3000-seed-41544c53,zoom,camera_api_sync_ms,ms,47,0
Atlas,10690f7a4726+bench,SVG,instrument-2026-10-06T13-47-55.237Z,points-3000-seed-41544c53,zoom,frame_interval_ms,ms,48,16.699999999982538
Atlas,10690f7a4726+bench,SVG,instrument-2026-10-06T13-47-55.237Z,points-3000-seed-41544c53,zoom,camera_api_sync_ms,ms,48,0.09999990463256836
Atlas,10690f7a4726+bench,SVG,instrument-2026-10-06T13-47-55.237Z,points-3000-seed-41544c53,zoom,frame_interval_ms,ms,49,16.60000000000582
Atlas,10690f7a4726+bench,SVG,instrument-2026-10-06T13-47-55.237Z,points-3000-seed-41544c53,zoom,camera_api_sync_ms,ms,49,0
Atlas,10690f7a4726+bench,SVG,instrument-2026-10-06T13-47-55.237Z,points-3000-seed-41544c53,zoom,frame_interval_ms,ms,50,16.70000000001164
Atlas,10690f7a4726+bench,SVG,instrument-2026-10-06T13-47-55.237Z,points-3000-seed-41544c53,zoom,camera_api_sync_ms,ms,50,0
Atlas,10690f7a4726+bench,SVG,instrument-2026-10-06T13-47-55.237Z,points-3000-seed-41544c53,zoom,frame_interval_ms,ms,51,33.39999999999418
Atlas,10690f7a4726+bench,SVG,instrument-2026-10-06T13-47-55.237Z,points-3000-seed-41544c53,zoom,camera_api_sync_ms,ms,51,0.10000014305114746
Atlas,10690f7a4726+bench,SVG,instrument-2026-10-06T13-47-55.237Z,points-3000-seed-41544c53,zoom,frame_interval_ms,ms,52,32.39999999999418
Atlas,10690f7a4726+bench,SVG,instrument-2026-10-06T13-47-55.237Z,points-3000-seed-41544c53,zoom,camera_api_sync_ms,ms,52,0
Atlas,10690f7a4726+bench,SVG,instrument-2026-10-06T13-47-55.237Z,points-3000-seed-41544c53,zoom,frame_interval_ms,ms,53,17.70000000001164
Atlas,10690f7a4726+bench,SVG,instrument-2026-10-06T13-47-55.237Z,points-3000-seed-41544c53,zoom,camera_api_sync_ms,ms,53,0
Atlas,10690f7a4726+bench,SVG,instrument-2026-10-06T13-47-55.237Z,points-3000-seed-41544c53,zoom,frame_interval_ms,ms,54,33.29999999998836
Atlas,10690f7a4726+bench,SVG,instrument-2026-10-06T13-47-55.237Z,points-3000-seed-41544c53,zoom,camera_api_sync_ms,ms,54,0
Atlas,10690f7a4726+bench,SVG,instrument-2026-10-06T13-47-55.237Z,points-3000-seed-41544c53,zoom,frame_interval_ms,ms,55,16.60000000000582
Atlas,10690f7a4726+bench,SVG,instrument-2026-10-06T13-47-55.237Z,points-3000-seed-41544c53,zoom,camera_api_sync_ms,ms,55,0
Atlas,10690f7a4726+bench,SVG,instrument-2026-10-06T13-47-55.237Z,points-3000-seed-41544c53,zoom,frame_interval_ms,ms,56,16.70000000001164
Atlas,10690f7a4726+bench,SVG,instrument-2026-10-06T13-47-55.237Z,points-3000-seed-41544c53,zoom,camera_api_sync_ms,ms,56,0
Atlas,10690f7a4726+bench,SVG,instrument-2026-10-06T13-47-55.237Z,points-3000-seed-41544c53,zoom,frame_interval_ms,ms,57,16.5
Atlas,10690f7a4726+bench,SVG,instrument-2026-10-06T13-47-55.237Z,points-3000-seed-41544c53,zoom,camera_api_sync_ms,ms,57,0
Atlas,10690f7a4726+bench,SVG,instrument-2026-10-06T13-47-55.237Z,points-3000-seed-41544c53,zoom,frame_interval_ms,ms,58,33.59999999997672
Atlas,10690f7a4726+bench,SVG,instrument-2026-10-06T13-47-55.237Z,points-3000-seed-41544c53,zoom,camera_api_sync_ms,ms,58,0
Atlas,10690f7a4726+bench,SVG,instrument-2026-10-06T13-47-55.237Z,points-3000-seed-41544c53,zoom,frame_interval_ms,ms,59,16.70000000001164
Atlas,10690f7a4726+bench,SVG,instrument-2026-10-06T13-47-55.237Z,points-3000-seed-41544c53,zoom,camera_api_sync_ms,ms,59,0
Atlas,10690f7a4726+bench,SVG,instrument-2026-10-06T13-47-55.237Z,points-3000-seed-41544c53,zoom,frame_interval_ms,ms,60,16.70000000001164
Atlas,10690f7a4726+bench,SVG,instrument-2026-10-06T13-47-55.237Z,points-3000-seed-41544c53,zoom,camera_api_sync_ms,ms,60,0
Atlas,10690f7a4726+bench,SVG,instrument-2026-10-06T13-47-55.237Z,points-3000-seed-41544c53,zoom,frame_interval_ms,ms,61,33.29999999998836
Atlas,10690f7a4726+bench,SVG,instrument-2026-10-06T13-47-55.237Z,points-3000-seed-41544c53,zoom,camera_api_sync_ms,ms,61,0
Atlas,10690f7a4726+bench,SVG,instrument-2026-10-06T13-47-55.237Z,points-3000-seed-41544c53,zoom,frame_interval_ms,ms,62,16.70000000001164
Atlas,10690f7a4726+bench,SVG,instrument-2026-10-06T13-47-55.237Z,points-3000-seed-41544c53,zoom,camera_api_sync_ms,ms,62,0
Atlas,10690f7a4726+bench,SVG,instrument-2026-10-06T13-47-55.237Z,points-3000-seed-41544c53,zoom,frame_interval_ms,ms,63,16.699999999982538
Atlas,10690f7a4726+bench,SVG,instrument-2026-10-06T13-47-55.237Z,points-3000-seed-41544c53,zoom,camera_api_sync_ms,ms,63,0
Atlas,10690f7a4726+bench,SVG,instrument-2026-10-06T13-47-55.237Z,points-3000-seed-41544c53,zoom,frame_interval_ms,ms,64,33.30000000001746
Atlas,10690f7a4726+bench,SVG,instrument-2026-10-06T13-47-55.237Z,points-3000-seed-41544c53,zoom,camera_api_sync_ms,ms,64,0
Atlas,10690f7a4726+bench,SVG,instrument-2026-10-06T13-47-55.237Z,points-3000-seed-41544c53,zoom,frame_interval_ms,ms,65,16.699999999982538
Atlas,10690f7a4726+bench,SVG,instrument-2026-10-06T13-47-55.237Z,points-3000-seed-41544c53,zoom,camera_api_sync_ms,ms,65,0
Atlas,10690f7a4726+bench,SVG,instrument-2026-10-06T13-47-55.237Z,points-3000-seed-41544c53,zoom,frame_interval_ms,ms,66,16.70000000001164
Atlas,10690f7a4726+bench,SVG,instrument-2026-10-06T13-47-55.237Z,points-3000-seed-41544c53,zoom,camera_api_sync_ms,ms,66,0
Atlas,10690f7a4726+bench,SVG,instrument-2026-10-06T13-47-55.237Z,points-3000-seed-41544c53,zoom,frame_interval_ms,ms,67,33.39999999999418
Atlas,10690f7a4726+bench,SVG,instrument-2026-10-06T13-47-55.237Z,points-3000-seed-41544c53,zoom,camera_api_sync_ms,ms,67,0
Atlas,10690f7a4726+bench,SVG,instrument-2026-10-06T13-47-55.237Z,points-3000-seed-41544c53,zoom,frame_interval_ms,ms,68,16.60000000000582
Atlas,10690f7a4726+bench,SVG,instrument-2026-10-06T13-47-55.237Z,points-3000-seed-41544c53,zoom,camera_api_sync_ms,ms,68,0
Atlas,10690f7a4726+bench,SVG,instrument-2026-10-06T13-47-55.237Z,points-3000-seed-41544c53,zoom,frame_interval_ms,ms,69,16.699999999982538
Atlas,10690f7a4726+bench,SVG,instrument-2026-10-06T13-47-55.237Z,points-3000-seed-41544c53,zoom,camera_api_sync_ms,ms,69,0
Atlas,10690f7a4726+bench,SVG,instrument-2026-10-06T13-47-55.237Z,points-3000-seed-41544c53,zoom,frame_interval_ms,ms,70,16.70000000001164
Atlas,10690f7a4726+bench,SVG,instrument-2026-10-06T13-47-55.237Z,points-3000-seed-41544c53,zoom,camera_api_sync_ms,ms,70,0
Atlas,10690f7a4726+bench,SVG,instrument-2026-10-06T13-47-55.237Z,points-3000-seed-41544c53,zoom,frame_interval_ms,ms,71,33.39999999999418
Atlas,10690f7a4726+bench,SVG,instrument-2026-10-06T13-47-55.237Z,points-3000-seed-41544c53,zoom,camera_api_sync_ms,ms,71,0
Atlas,10690f7a4726+bench,SVG,instrument-2026-10-06T13-47-55.237Z,points-3000-seed-41544c53,zoom,frame_interval_ms,ms,72,16.60000000000582
Atlas,10690f7a4726+bench,SVG,instrument-2026-10-06T13-47-55.237Z,points-3000-seed-41544c53,zoom,camera_api_sync_ms,ms,72,0.09999990463256836
Atlas,10690f7a4726+bench,SVG,instrument-2026-10-06T13-47-55.237Z,points-3000-seed-41544c53,zoom,frame_interval_ms,ms,73,16.70000000001164
Atlas,10690f7a4726+bench,SVG,instrument-2026-10-06T13-47-55.237Z,points-3000-seed-41544c53,zoom,camera_api_sync_ms,ms,73,0
Atlas,10690f7a4726+bench,SVG,instrument-2026-10-06T13-47-55.237Z,points-3000-seed-41544c53,zoom,motion_elapsed_ms,ms,0,1501.2000000000116
Atlas,10690f7a4726+bench,SVG,instrument-2026-10-06T13-47-55.237Z,points-3000-seed-41544c53,zoom,camera_updates,count,0,74
Atlas,10690f7a4726+bench,SVG,instrument-2026-10-06T13-47-55.237Z,points-3000-seed-41544c53,zoom,svg_attribute_writes,count,0,444222
Atlas,10690f7a4726+bench,SVG,instrument-2026-10-06T13-47-55.237Z,points-3000-seed-41544c53,zoom,renderer_scene_reads,count,0,74
Atlas,10690f7a4726+bench,SVG,instrument-2026-10-06T13-47-55.237Z,points-3000-seed-41544c53,zoom,root_iterator_creations,count,0,74
Atlas,10690f7a4726+bench,SVG,instrument-2026-10-06T13-47-55.237Z,points-3000-seed-41544c53,zoom,root_iterator_next_calls,count,0,222000
Atlas,10690f7a4726+bench,SVG,instrument-2026-10-06T13-47-55.237Z,points-3000-seed-41544c53,zoom,svg_attribute_removals,count,0,222000
Atlas,10690f7a4726+bench,SVG,instrument-2026-10-06T13-47-55.237Z,points-3000-seed-41544c53,zoom,renderer_calls,count,0,74
Atlas,10690f7a4726+bench,SVG,instrument-2026-10-06T13-47-55.237Z,points-3000-seed-41544c53,zoom,layout_rect_reads,count,0,0
Atlas,10690f7a4726+bench,SVG,instrument-2026-10-06T13-47-55.237Z,points-3000-seed-41544c53,zoom,instrumented_renderer_callback_ms,ms,0,4.5
Atlas,10690f7a4726+bench,SVG,instrument-2026-10-06T13-47-55.237Z,points-3000-seed-41544c53,zoom,instrumented_renderer_callback_ms,ms,1,4.099999904632568
Atlas,10690f7a4726+bench,SVG,instrument-2026-10-06T13-47-55.237Z,points-3000-seed-41544c53,zoom,instrumented_renderer_callback_ms,ms,2,4.200000047683716
Atlas,10690f7a4726+bench,SVG,instrument-2026-10-06T13-47-55.237Z,points-3000-seed-41544c53,zoom,instrumented_renderer_callback_ms,ms,3,4.299999952316284
Atlas,10690f7a4726+bench,SVG,instrument-2026-10-06T13-47-55.237Z,points-3000-seed-41544c53,zoom,instrumented_renderer_callback_ms,ms,4,4.299999952316284
Atlas,10690f7a4726+bench,SVG,instrument-2026-10-06T13-47-55.237Z,points-3000-seed-41544c53,zoom,instrumented_renderer_callback_ms,ms,5,4.200000047683716
Atlas,10690f7a4726+bench,SVG,instrument-2026-10-06T13-47-55.237Z,points-3000-seed-41544c53,zoom,instrumented_renderer_callback_ms,ms,6,4.200000047683716
Atlas,10690f7a4726+bench,SVG,instrument-2026-10-06T13-47-55.237Z,points-3000-seed-41544c53,zoom,instrumented_renderer_callback_ms,ms,7,4.200000047683716
Atlas,10690f7a4726+bench,SVG,instrument-2026-10-06T13-47-55.237Z,points-3000-seed-41544c53,zoom,instrumented_renderer_callback_ms,ms,8,4.5
Atlas,10690f7a4726+bench,SVG,instrument-2026-10-06T13-47-55.237Z,points-3000-seed-41544c53,zoom,instrumented_renderer_callback_ms,ms,9,5.200000047683716
Atlas,10690f7a4726+bench,SVG,instrument-2026-10-06T13-47-55.237Z,points-3000-seed-41544c53,zoom,instrumented_renderer_callback_ms,ms,10,4.5
Atlas,10690f7a4726+bench,SVG,instrument-2026-10-06T13-47-55.237Z,points-3000-seed-41544c53,zoom,instrumented_renderer_callback_ms,ms,11,4.5
Atlas,10690f7a4726+bench,SVG,instrument-2026-10-06T13-47-55.237Z,points-3000-seed-41544c53,zoom,instrumented_renderer_callback_ms,ms,12,4.700000047683716
Atlas,10690f7a4726+bench,SVG,instrument-2026-10-06T13-47-55.237Z,points-3000-seed-41544c53,zoom,instrumented_renderer_callback_ms,ms,13,4.5
Atlas,10690f7a4726+bench,SVG,instrument-2026-10-06T13-47-55.237Z,points-3000-seed-41544c53,zoom,instrumented_renderer_callback_ms,ms,14,4.6000001430511475
Atlas,10690f7a4726+bench,SVG,instrument-2026-10-06T13-47-55.237Z,points-3000-seed-41544c53,zoom,instrumented_renderer_callback_ms,ms,15,4.5
Atlas,10690f7a4726+bench,SVG,instrument-2026-10-06T13-47-55.237Z,points-3000-seed-41544c53,zoom,instrumented_renderer_callback_ms,ms,16,4.599999904632568
Atlas,10690f7a4726+bench,SVG,instrument-2026-10-06T13-47-55.237Z,points-3000-seed-41544c53,zoom,instrumented_renderer_callback_ms,ms,17,4.599999904632568
Atlas,10690f7a4726+bench,SVG,instrument-2026-10-06T13-47-55.237Z,points-3000-seed-41544c53,zoom,instrumented_renderer_callback_ms,ms,18,4.3999998569488525
Atlas,10690f7a4726+bench,SVG,instrument-2026-10-06T13-47-55.237Z,points-3000-seed-41544c53,zoom,instrumented_renderer_callback_ms,ms,19,4.5
Atlas,10690f7a4726+bench,SVG,instrument-2026-10-06T13-47-55.237Z,points-3000-seed-41544c53,zoom,instrumented_renderer_callback_ms,ms,20,4.400000095367432
Atlas,10690f7a4726+bench,SVG,instrument-2026-10-06T13-47-55.237Z,points-3000-seed-41544c53,zoom,instrumented_renderer_callback_ms,ms,21,4.900000095367432
Atlas,10690f7a4726+bench,SVG,instrument-2026-10-06T13-47-55.237Z,points-3000-seed-41544c53,zoom,instrumented_renderer_callback_ms,ms,22,4.599999904632568
Atlas,10690f7a4726+bench,SVG,instrument-2026-10-06T13-47-55.237Z,points-3000-seed-41544c53,zoom,instrumented_renderer_callback_ms,ms,23,4.400000095367432
Atlas,10690f7a4726+bench,SVG,instrument-2026-10-06T13-47-55.237Z,points-3000-seed-41544c53,zoom,instrumented_renderer_callback_ms,ms,24,4.400000095367432
Atlas,10690f7a4726+bench,SVG,instrument-2026-10-06T13-47-55.237Z,points-3000-seed-41544c53,zoom,instrumented_renderer_callback_ms,ms,25,4.3999998569488525
Atlas,10690f7a4726+bench,SVG,instrument-2026-10-06T13-47-55.237Z,points-3000-seed-41544c53,zoom,instrumented_renderer_callback_ms,ms,26,4.599999904632568
Atlas,10690f7a4726+bench,SVG,instrument-2026-10-06T13-47-55.237Z,points-3000-seed-41544c53,zoom,instrumented_renderer_callback_ms,ms,27,4.5
Atlas,10690f7a4726+bench,SVG,instrument-2026-10-06T13-47-55.237Z,points-3000-seed-41544c53,zoom,instrumented_renderer_callback_ms,ms,28,4.3999998569488525
Atlas,10690f7a4726+bench,SVG,instrument-2026-10-06T13-47-55.237Z,points-3000-seed-41544c53,zoom,instrumented_renderer_callback_ms,ms,29,4.400000095367432
Atlas,10690f7a4726+bench,SVG,instrument-2026-10-06T13-47-55.237Z,points-3000-seed-41544c53,zoom,instrumented_renderer_callback_ms,ms,30,4.299999952316284
Atlas,10690f7a4726+bench,SVG,instrument-2026-10-06T13-47-55.237Z,points-3000-seed-41544c53,zoom,instrumented_renderer_callback_ms,ms,31,4.799999952316284
Atlas,10690f7a4726+bench,SVG,instrument-2026-10-06T13-47-55.237Z,points-3000-seed-41544c53,zoom,instrumented_renderer_callback_ms,ms,32,4.400000095367432
Atlas,10690f7a4726+bench,SVG,instrument-2026-10-06T13-47-55.237Z,points-3000-seed-41544c53,zoom,instrumented_renderer_callback_ms,ms,33,4.700000047683716
Atlas,10690f7a4726+bench,SVG,instrument-2026-10-06T13-47-55.237Z,points-3000-seed-41544c53,zoom,instrumented_renderer_callback_ms,ms,34,4.5
Atlas,10690f7a4726+bench,SVG,instrument-2026-10-06T13-47-55.237Z,points-3000-seed-41544c53,zoom,instrumented_renderer_callback_ms,ms,35,4.5
Atlas,10690f7a4726+bench,SVG,instrument-2026-10-06T13-47-55.237Z,points-3000-seed-41544c53,zoom,instrumented_renderer_callback_ms,ms,36,4.400000095367432
Atlas,10690f7a4726+bench,SVG,instrument-2026-10-06T13-47-55.237Z,points-3000-seed-41544c53,zoom,instrumented_renderer_callback_ms,ms,37,4.699999809265137
Atlas,10690f7a4726+bench,SVG,instrument-2026-10-06T13-47-55.237Z,points-3000-seed-41544c53,zoom,instrumented_renderer_callback_ms,ms,38,4.3999998569488525
Atlas,10690f7a4726+bench,SVG,instrument-2026-10-06T13-47-55.237Z,points-3000-seed-41544c53,zoom,instrumented_renderer_callback_ms,ms,39,4.3999998569488525
Atlas,10690f7a4726+bench,SVG,instrument-2026-10-06T13-47-55.237Z,points-3000-seed-41544c53,zoom,instrumented_renderer_callback_ms,ms,40,4.5
Atlas,10690f7a4726+bench,SVG,instrument-2026-10-06T13-47-55.237Z,points-3000-seed-41544c53,zoom,instrumented_renderer_callback_ms,ms,41,4.5
Atlas,10690f7a4726+bench,SVG,instrument-2026-10-06T13-47-55.237Z,points-3000-seed-41544c53,zoom,instrumented_renderer_callback_ms,ms,42,4.599999904632568
Atlas,10690f7a4726+bench,SVG,instrument-2026-10-06T13-47-55.237Z,points-3000-seed-41544c53,zoom,instrumented_renderer_callback_ms,ms,43,4.400000095367432
Atlas,10690f7a4726+bench,SVG,instrument-2026-10-06T13-47-55.237Z,points-3000-seed-41544c53,zoom,instrumented_renderer_callback_ms,ms,44,4.299999952316284
Atlas,10690f7a4726+bench,SVG,instrument-2026-10-06T13-47-55.237Z,points-3000-seed-41544c53,zoom,instrumented_renderer_callback_ms,ms,45,4.5
Atlas,10690f7a4726+bench,SVG,instrument-2026-10-06T13-47-55.237Z,points-3000-seed-41544c53,zoom,instrumented_renderer_callback_ms,ms,46,4.599999904632568
Atlas,10690f7a4726+bench,SVG,instrument-2026-10-06T13-47-55.237Z,points-3000-seed-41544c53,zoom,instrumented_renderer_callback_ms,ms,47,4.700000047683716
Atlas,10690f7a4726+bench,SVG,instrument-2026-10-06T13-47-55.237Z,points-3000-seed-41544c53,zoom,instrumented_renderer_callback_ms,ms,48,4.900000095367432
Atlas,10690f7a4726+bench,SVG,instrument-2026-10-06T13-47-55.237Z,points-3000-seed-41544c53,zoom,instrumented_renderer_callback_ms,ms,49,4.700000047683716
Atlas,10690f7a4726+bench,SVG,instrument-2026-10-06T13-47-55.237Z,points-3000-seed-41544c53,zoom,instrumented_renderer_callback_ms,ms,50,18.399999856948853
Atlas,10690f7a4726+bench,SVG,instrument-2026-10-06T13-47-55.237Z,points-3000-seed-41544c53,zoom,instrumented_renderer_callback_ms,ms,51,5.200000047683716
Atlas,10690f7a4726+bench,SVG,instrument-2026-10-06T13-47-55.237Z,points-3000-seed-41544c53,zoom,instrumented_renderer_callback_ms,ms,52,4.5
Atlas,10690f7a4726+bench,SVG,instrument-2026-10-06T13-47-55.237Z,points-3000-seed-41544c53,zoom,instrumented_renderer_callback_ms,ms,53,4.3999998569488525
Atlas,10690f7a4726+bench,SVG,instrument-2026-10-06T13-47-55.237Z,points-3000-seed-41544c53,zoom,instrumented_renderer_callback_ms,ms,54,4.400000095367432
Atlas,10690f7a4726+bench,SVG,instrument-2026-10-06T13-47-55.237Z,points-3000-seed-41544c53,zoom,instrumented_renderer_callback_ms,ms,55,4.3999998569488525
Atlas,10690f7a4726+bench,SVG,instrument-2026-10-06T13-47-55.237Z,points-3000-seed-41544c53,zoom,instrumented_renderer_callback_ms,ms,56,4.400000095367432
Atlas,10690f7a4726+bench,SVG,instrument-2026-10-06T13-47-55.237Z,points-3000-seed-41544c53,zoom,instrumented_renderer_callback_ms,ms,57,4.400000095367432
Atlas,10690f7a4726+bench,SVG,instrument-2026-10-06T13-47-55.237Z,points-3000-seed-41544c53,zoom,instrumented_renderer_callback_ms,ms,58,4.1000001430511475
Atlas,10690f7a4726+bench,SVG,instrument-2026-10-06T13-47-55.237Z,points-3000-seed-41544c53,zoom,instrumented_renderer_callback_ms,ms,59,4.5
Atlas,10690f7a4726+bench,SVG,instrument-2026-10-06T13-47-55.237Z,points-3000-seed-41544c53,zoom,instrumented_renderer_callback_ms,ms,60,4.200000047683716
Atlas,10690f7a4726+bench,SVG,instrument-2026-10-06T13-47-55.237Z,points-3000-seed-41544c53,zoom,instrumented_renderer_callback_ms,ms,61,4.400000095367432
Atlas,10690f7a4726+bench,SVG,instrument-2026-10-06T13-47-55.237Z,points-3000-seed-41544c53,zoom,instrumented_renderer_callback_ms,ms,62,4.8999998569488525
Atlas,10690f7a4726+bench,SVG,instrument-2026-10-06T13-47-55.237Z,points-3000-seed-41544c53,zoom,instrumented_renderer_callback_ms,ms,63,5.299999952316284
Atlas,10690f7a4726+bench,SVG,instrument-2026-10-06T13-47-55.237Z,points-3000-seed-41544c53,zoom,instrumented_renderer_callback_ms,ms,64,4.799999952316284
Atlas,10690f7a4726+bench,SVG,instrument-2026-10-06T13-47-55.237Z,points-3000-seed-41544c53,zoom,instrumented_renderer_callback_ms,ms,65,4.5
Atlas,10690f7a4726+bench,SVG,instrument-2026-10-06T13-47-55.237Z,points-3000-seed-41544c53,zoom,instrumented_renderer_callback_ms,ms,66,4.200000047683716
Atlas,10690f7a4726+bench,SVG,instrument-2026-10-06T13-47-55.237Z,points-3000-seed-41544c53,zoom,instrumented_renderer_callback_ms,ms,67,4.299999952316284
Atlas,10690f7a4726+bench,SVG,instrument-2026-10-06T13-47-55.237Z,points-3000-seed-41544c53,zoom,instrumented_renderer_callback_ms,ms,68,4.5
Atlas,10690f7a4726+bench,SVG,instrument-2026-10-06T13-47-55.237Z,points-3000-seed-41544c53,zoom,instrumented_renderer_callback_ms,ms,69,4.400000095367432
Atlas,10690f7a4726+bench,SVG,instrument-2026-10-06T13-47-55.237Z,points-3000-seed-41544c53,zoom,instrumented_renderer_callback_ms,ms,70,4.299999952316284
Atlas,10690f7a4726+bench,SVG,instrument-2026-10-06T13-47-55.237Z,points-3000-seed-41544c53,zoom,instrumented_renderer_callback_ms,ms,71,4.200000047683716
Atlas,10690f7a4726+bench,SVG,instrument-2026-10-06T13-47-55.237Z,points-3000-seed-41544c53,zoom,instrumented_renderer_callback_ms,ms,72,4.799999952316284
Atlas,10690f7a4726+bench,SVG,instrument-2026-10-06T13-47-55.237Z,points-3000-seed-41544c53,zoom,instrumented_renderer_callback_ms,ms,73,4.5
Atlas,10690f7a4726+bench,SVG,instrument-2026-10-06T13-47-55.237Z,points-3000-seed-41544c53,zoom,cleanup_renderer_calls,count,0,0
Atlas,10690f7a4726+bench,SVG,instrument-2026-10-06T13-47-55.237Z,points-3000-seed-41544c53,zoom,cleanup_stage_children,count,0,0
Atlas,10690f7a4726+bench,SVG,instrument-2026-10-06T13-47-55.237Z,points-3000-seed-41544c53,hit,spatial_hit_test_sync_ms,ms,0,0.2999999523162842
Atlas,10690f7a4726+bench,SVG,instrument-2026-10-06T13-47-55.237Z,points-3000-seed-41544c53,hit,spatial_hit_test_sync_ms,ms,1,0.20000004768371582
Atlas,10690f7a4726+bench,SVG,instrument-2026-10-06T13-47-55.237Z,points-3000-seed-41544c53,hit,spatial_hit_test_sync_ms,ms,2,0.20000004768371582
Atlas,10690f7a4726+bench,SVG,instrument-2026-10-06T13-47-55.237Z,points-3000-seed-41544c53,hit,spatial_hit_test_sync_ms,ms,3,0.19999980926513672
Atlas,10690f7a4726+bench,SVG,instrument-2026-10-06T13-47-55.237Z,points-3000-seed-41544c53,hit,spatial_hit_test_sync_ms,ms,4,0.20000004768371582
Atlas,10690f7a4726+bench,SVG,instrument-2026-10-06T13-47-55.237Z,points-3000-seed-41544c53,hit,spatial_hit_test_sync_ms,ms,5,1.7999999523162842
Atlas,10690f7a4726+bench,SVG,instrument-2026-10-06T13-47-55.237Z,points-3000-seed-41544c53,hit,spatial_hit_test_sync_ms,ms,6,0.3000001907348633
Atlas,10690f7a4726+bench,SVG,instrument-2026-10-06T13-47-55.237Z,points-3000-seed-41544c53,hit,spatial_hit_test_sync_ms,ms,7,0.19999980926513672
Atlas,10690f7a4726+bench,SVG,instrument-2026-10-06T13-47-55.237Z,points-3000-seed-41544c53,hit,spatial_hit_test_sync_ms,ms,8,0.20000004768371582
Atlas,10690f7a4726+bench,SVG,instrument-2026-10-06T13-47-55.237Z,points-3000-seed-41544c53,hit,spatial_hit_test_sync_ms,ms,9,0.20000004768371582
Atlas,10690f7a4726+bench,SVG,instrument-2026-10-06T13-47-55.237Z,points-3000-seed-41544c53,hit,spatial_hit_test_sync_ms,ms,10,0.20000004768371582
Atlas,10690f7a4726+bench,SVG,instrument-2026-10-06T13-47-55.237Z,points-3000-seed-41544c53,hit,spatial_hit_test_sync_ms,ms,11,0.20000004768371582
Atlas,10690f7a4726+bench,SVG,instrument-2026-10-06T13-47-55.237Z,points-3000-seed-41544c53,hit,spatial_hit_test_sync_ms,ms,12,0.19999980926513672
Atlas,10690f7a4726+bench,SVG,instrument-2026-10-06T13-47-55.237Z,points-3000-seed-41544c53,hit,spatial_hit_test_sync_ms,ms,13,0.20000004768371582
Atlas,10690f7a4726+bench,SVG,instrument-2026-10-06T13-47-55.237Z,points-3000-seed-41544c53,hit,spatial_hit_test_sync_ms,ms,14,0.20000004768371582
Atlas,10690f7a4726+bench,SVG,instrument-2026-10-06T13-47-55.237Z,points-3000-seed-41544c53,hit,spatial_hit_test_sync_ms,ms,15,0.20000004768371582
Atlas,10690f7a4726+bench,SVG,instrument-2026-10-06T13-47-55.237Z,points-3000-seed-41544c53,hit,spatial_hit_test_sync_ms,ms,16,0.20000004768371582
Atlas,10690f7a4726+bench,SVG,instrument-2026-10-06T13-47-55.237Z,points-3000-seed-41544c53,hit,spatial_hit_test_sync_ms,ms,17,0.19999980926513672
Atlas,10690f7a4726+bench,SVG,instrument-2026-10-06T13-47-55.237Z,points-3000-seed-41544c53,hit,spatial_hit_test_sync_ms,ms,18,0.20000004768371582
Atlas,10690f7a4726+bench,SVG,instrument-2026-10-06T13-47-55.237Z,points-3000-seed-41544c53,hit,spatial_hit_test_sync_ms,ms,19,0.20000004768371582
Atlas,10690f7a4726+bench,SVG,instrument-2026-10-06T13-47-55.237Z,points-3000-seed-41544c53,hit,spatial_hit_test_sync_ms,ms,20,0.2999999523162842
Atlas,10690f7a4726+bench,SVG,instrument-2026-10-06T13-47-55.237Z,points-3000-seed-41544c53,hit,spatial_hit_test_sync_ms,ms,21,0.10000014305114746
Atlas,10690f7a4726+bench,SVG,instrument-2026-10-06T13-47-55.237Z,points-3000-seed-41544c53,hit,spatial_hit_test_sync_ms,ms,22,0.19999980926513672
Atlas,10690f7a4726+bench,SVG,instrument-2026-10-06T13-47-55.237Z,points-3000-seed-41544c53,hit,spatial_hit_test_sync_ms,ms,23,0.20000004768371582
Atlas,10690f7a4726+bench,SVG,instrument-2026-10-06T13-47-55.237Z,points-3000-seed-41544c53,hit,spatial_hit_test_sync_ms,ms,24,0.20000004768371582
Atlas,10690f7a4726+bench,SVG,instrument-2026-10-06T13-47-55.237Z,points-3000-seed-41544c53,hit,spatial_hit_test_sync_ms,ms,25,0.20000004768371582
Atlas,10690f7a4726+bench,SVG,instrument-2026-10-06T13-47-55.237Z,points-3000-seed-41544c53,hit,spatial_hit_test_sync_ms,ms,26,2.3999998569488525
Atlas,10690f7a4726+bench,SVG,instrument-2026-10-06T13-47-55.237Z,points-3000-seed-41544c53,hit,spatial_hit_test_sync_ms,ms,27,0.20000004768371582
Atlas,10690f7a4726+bench,SVG,instrument-2026-10-06T13-47-55.237Z,points-3000-seed-41544c53,hit,spatial_hit_test_sync_ms,ms,28,0.20000004768371582
Atlas,10690f7a4726+bench,SVG,instrument-2026-10-06T13-47-55.237Z,points-3000-seed-41544c53,hit,spatial_hit_test_sync_ms,ms,29,0.20000004768371582
Atlas,10690f7a4726+bench,SVG,instrument-2026-10-06T13-47-55.237Z,points-3000-seed-41544c53,hit,spatial_hit_test_sync_ms,ms,30,0.20000004768371582
Atlas,10690f7a4726+bench,SVG,instrument-2026-10-06T13-47-55.237Z,points-3000-seed-41544c53,hit,spatial_hit_test_sync_ms,ms,31,0.2999999523162842
Atlas,10690f7a4726+bench,SVG,instrument-2026-10-06T13-47-55.237Z,points-3000-seed-41544c53,hit,spatial_hit_test_sync_ms,ms,32,0.09999990463256836
Atlas,10690f7a4726+bench,SVG,instrument-2026-10-06T13-47-55.237Z,points-3000-seed-41544c53,hit,spatial_hit_test_sync_ms,ms,33,0.2999999523162842
Atlas,10690f7a4726+bench,SVG,instrument-2026-10-06T13-47-55.237Z,points-3000-seed-41544c53,hit,spatial_hit_test_sync_ms,ms,34,0.20000004768371582
Atlas,10690f7a4726+bench,SVG,instrument-2026-10-06T13-47-55.237Z,points-3000-seed-41544c53,hit,spatial_hit_test_sync_ms,ms,35,0.10000014305114746
Atlas,10690f7a4726+bench,SVG,instrument-2026-10-06T13-47-55.237Z,points-3000-seed-41544c53,hit,spatial_hit_test_sync_ms,ms,36,0.19999980926513672
Atlas,10690f7a4726+bench,SVG,instrument-2026-10-06T13-47-55.237Z,points-3000-seed-41544c53,hit,spatial_hit_test_sync_ms,ms,37,0.3000001907348633
Atlas,10690f7a4726+bench,SVG,instrument-2026-10-06T13-47-55.237Z,points-3000-seed-41544c53,hit,spatial_hit_test_sync_ms,ms,38,0.19999980926513672
Atlas,10690f7a4726+bench,SVG,instrument-2026-10-06T13-47-55.237Z,points-3000-seed-41544c53,hit,spatial_hit_test_sync_ms,ms,39,0.10000014305114746
Atlas,10690f7a4726+bench,SVG,instrument-2026-10-06T13-47-55.237Z,points-3000-seed-41544c53,hit,spatial_hit_test_sync_ms,ms,40,0.20000004768371582
Atlas,10690f7a4726+bench,SVG,instrument-2026-10-06T13-47-55.237Z,points-3000-seed-41544c53,hit,spatial_hit_test_sync_ms,ms,41,0.2999999523162842
Atlas,10690f7a4726+bench,SVG,instrument-2026-10-06T13-47-55.237Z,points-3000-seed-41544c53,hit,spatial_hit_test_sync_ms,ms,42,0.20000004768371582
Atlas,10690f7a4726+bench,SVG,instrument-2026-10-06T13-47-55.237Z,points-3000-seed-41544c53,hit,spatial_hit_test_sync_ms,ms,43,0.19999980926513672
Atlas,10690f7a4726+bench,SVG,instrument-2026-10-06T13-47-55.237Z,points-3000-seed-41544c53,hit,spatial_hit_test_sync_ms,ms,44,0.20000004768371582
Atlas,10690f7a4726+bench,SVG,instrument-2026-10-06T13-47-55.237Z,points-3000-seed-41544c53,hit,spatial_hit_test_sync_ms,ms,45,0.20000004768371582
Atlas,10690f7a4726+bench,SVG,instrument-2026-10-06T13-47-55.237Z,points-3000-seed-41544c53,hit,spatial_hit_test_sync_ms,ms,46,0.20000004768371582
Atlas,10690f7a4726+bench,SVG,instrument-2026-10-06T13-47-55.237Z,points-3000-seed-41544c53,hit,spatial_hit_test_sync_ms,ms,47,0.2999999523162842
Atlas,10690f7a4726+bench,SVG,instrument-2026-10-06T13-47-55.237Z,points-3000-seed-41544c53,hit,spatial_hit_test_sync_ms,ms,48,0.20000004768371582
Atlas,10690f7a4726+bench,SVG,instrument-2026-10-06T13-47-55.237Z,points-3000-seed-41544c53,hit,spatial_hit_test_sync_ms,ms,49,0.20000004768371582
Atlas,10690f7a4726+bench,SVG,instrument-2026-10-06T13-47-55.237Z,points-3000-seed-41544c53,hit,spatial_hit_test_sync_ms,ms,50,0.19999980926513672
Atlas,10690f7a4726+bench,SVG,instrument-2026-10-06T13-47-55.237Z,points-3000-seed-41544c53,hit,spatial_hit_test_sync_ms,ms,51,0.3000001907348633
Atlas,10690f7a4726+bench,SVG,instrument-2026-10-06T13-47-55.237Z,points-3000-seed-41544c53,hit,spatial_hit_test_sync_ms,ms,52,0.19999980926513672
Atlas,10690f7a4726+bench,SVG,instrument-2026-10-06T13-47-55.237Z,points-3000-seed-41544c53,hit,spatial_hit_test_sync_ms,ms,53,0.3000001907348633
Atlas,10690f7a4726+bench,SVG,instrument-2026-10-06T13-47-55.237Z,points-3000-seed-41544c53,hit,spatial_hit_test_sync_ms,ms,54,0.09999990463256836
Atlas,10690f7a4726+bench,SVG,instrument-2026-10-06T13-47-55.237Z,points-3000-seed-41544c53,hit,spatial_hit_test_sync_ms,ms,55,0.2999999523162842
Atlas,10690f7a4726+bench,SVG,instrument-2026-10-06T13-47-55.237Z,points-3000-seed-41544c53,hit,spatial_hit_test_sync_ms,ms,56,0.20000004768371582
Atlas,10690f7a4726+bench,SVG,instrument-2026-10-06T13-47-55.237Z,points-3000-seed-41544c53,hit,spatial_hit_test_sync_ms,ms,57,0.2999999523162842
Atlas,10690f7a4726+bench,SVG,instrument-2026-10-06T13-47-55.237Z,points-3000-seed-41544c53,hit,spatial_hit_test_sync_ms,ms,58,0.20000004768371582
Atlas,10690f7a4726+bench,SVG,instrument-2026-10-06T13-47-55.237Z,points-3000-seed-41544c53,hit,spatial_hit_test_sync_ms,ms,59,0.2999999523162842
Atlas,10690f7a4726+bench,SVG,instrument-2026-10-06T13-47-55.237Z,points-3000-seed-41544c53,hit,spatial_hit_test_sync_ms,ms,60,0.2999999523162842
Atlas,10690f7a4726+bench,SVG,instrument-2026-10-06T13-47-55.237Z,points-3000-seed-41544c53,hit,spatial_hit_test_sync_ms,ms,61,0.20000004768371582
Atlas,10690f7a4726+bench,SVG,instrument-2026-10-06T13-47-55.237Z,points-3000-seed-41544c53,hit,spatial_hit_test_sync_ms,ms,62,0.2999999523162842
Atlas,10690f7a4726+bench,SVG,instrument-2026-10-06T13-47-55.237Z,points-3000-seed-41544c53,hit,spatial_hit_test_sync_ms,ms,63,0.20000004768371582
Atlas,10690f7a4726+bench,SVG,instrument-2026-10-06T13-47-55.237Z,points-3000-seed-41544c53,hit,spatial_hit_test_sync_ms,ms,64,0.2999999523162842
Atlas,10690f7a4726+bench,SVG,instrument-2026-10-06T13-47-55.237Z,points-3000-seed-41544c53,hit,spatial_hit_test_sync_ms,ms,65,0.20000004768371582
Atlas,10690f7a4726+bench,SVG,instrument-2026-10-06T13-47-55.237Z,points-3000-seed-41544c53,hit,spatial_hit_test_sync_ms,ms,66,0.2999999523162842
Atlas,10690f7a4726+bench,SVG,instrument-2026-10-06T13-47-55.237Z,points-3000-seed-41544c53,hit,spatial_hit_test_sync_ms,ms,67,0.20000004768371582
Atlas,10690f7a4726+bench,SVG,instrument-2026-10-06T13-47-55.237Z,points-3000-seed-41544c53,hit,spatial_hit_test_sync_ms,ms,68,0.2999999523162842
Atlas,10690f7a4726+bench,SVG,instrument-2026-10-06T13-47-55.237Z,points-3000-seed-41544c53,hit,spatial_hit_test_sync_ms,ms,69,0.20000004768371582
Atlas,10690f7a4726+bench,SVG,instrument-2026-10-06T13-47-55.237Z,points-3000-seed-41544c53,hit,spatial_hit_test_sync_ms,ms,70,0.2999999523162842
Atlas,10690f7a4726+bench,SVG,instrument-2026-10-06T13-47-55.237Z,points-3000-seed-41544c53,hit,spatial_hit_test_sync_ms,ms,71,0.20000004768371582
Atlas,10690f7a4726+bench,SVG,instrument-2026-10-06T13-47-55.237Z,points-3000-seed-41544c53,hit,spatial_hit_test_sync_ms,ms,72,0.2999999523162842
Atlas,10690f7a4726+bench,SVG,instrument-2026-10-06T13-47-55.237Z,points-3000-seed-41544c53,hit,spatial_hit_test_sync_ms,ms,73,0.20000004768371582
Atlas,10690f7a4726+bench,SVG,instrument-2026-10-06T13-47-55.237Z,points-3000-seed-41544c53,hit,spatial_hit_test_sync_ms,ms,74,0.2999999523162842
Atlas,10690f7a4726+bench,SVG,instrument-2026-10-06T13-47-55.237Z,points-3000-seed-41544c53,hit,spatial_hit_test_sync_ms,ms,75,0.3000001907348633
Atlas,10690f7a4726+bench,SVG,instrument-2026-10-06T13-47-55.237Z,points-3000-seed-41544c53,hit,spatial_hit_test_sync_ms,ms,76,0.2999999523162842
Atlas,10690f7a4726+bench,SVG,instrument-2026-10-06T13-47-55.237Z,points-3000-seed-41544c53,hit,spatial_hit_test_sync_ms,ms,77,0.20000004768371582
Atlas,10690f7a4726+bench,SVG,instrument-2026-10-06T13-47-55.237Z,points-3000-seed-41544c53,hit,spatial_hit_test_sync_ms,ms,78,0.39999985694885254
Atlas,10690f7a4726+bench,SVG,instrument-2026-10-06T13-47-55.237Z,points-3000-seed-41544c53,hit,spatial_hit_test_sync_ms,ms,79,0.10000014305114746
Atlas,10690f7a4726+bench,SVG,instrument-2026-10-06T13-47-55.237Z,points-3000-seed-41544c53,hit,spatial_hit_test_sync_ms,ms,80,1.0999999046325684
Atlas,10690f7a4726+bench,SVG,instrument-2026-10-06T13-47-55.237Z,points-3000-seed-41544c53,hit,spatial_hit_test_sync_ms,ms,81,0.5999999046325684
Atlas,10690f7a4726+bench,SVG,instrument-2026-10-06T13-47-55.237Z,points-3000-seed-41544c53,hit,spatial_hit_test_sync_ms,ms,82,0.6000001430511475
Atlas,10690f7a4726+bench,SVG,instrument-2026-10-06T13-47-55.237Z,points-3000-seed-41544c53,hit,spatial_hit_test_sync_ms,ms,83,0.7999999523162842
Atlas,10690f7a4726+bench,SVG,instrument-2026-10-06T13-47-55.237Z,points-3000-seed-41544c53,hit,spatial_hit_test_sync_ms,ms,84,0.20000004768371582
Atlas,10690f7a4726+bench,SVG,instrument-2026-10-06T13-47-55.237Z,points-3000-seed-41544c53,hit,spatial_hit_test_sync_ms,ms,85,0.20000004768371582
Atlas,10690f7a4726+bench,SVG,instrument-2026-10-06T13-47-55.237Z,points-3000-seed-41544c53,hit,spatial_hit_test_sync_ms,ms,86,0.19999980926513672
Atlas,10690f7a4726+bench,SVG,instrument-2026-10-06T13-47-55.237Z,points-3000-seed-41544c53,hit,spatial_hit_test_sync_ms,ms,87,0.20000004768371582
Atlas,10690f7a4726+bench,SVG,instrument-2026-10-06T13-47-55.237Z,points-3000-seed-41544c53,hit,spatial_hit_test_sync_ms,ms,88,0.20000004768371582
Atlas,10690f7a4726+bench,SVG,instrument-2026-10-06T13-47-55.237Z,points-3000-seed-41544c53,hit,spatial_hit_test_sync_ms,ms,89,0.20000004768371582
Atlas,10690f7a4726+bench,SVG,instrument-2026-10-06T13-47-55.237Z,points-3000-seed-41544c53,hit,spatial_hit_test_sync_ms,ms,90,0.20000004768371582
Atlas,10690f7a4726+bench,SVG,instrument-2026-10-06T13-47-55.237Z,points-3000-seed-41544c53,hit,spatial_hit_test_sync_ms,ms,91,0.19999980926513672
Atlas,10690f7a4726+bench,SVG,instrument-2026-10-06T13-47-55.237Z,points-3000-seed-41544c53,hit,spatial_hit_test_sync_ms,ms,92,0.20000004768371582
Atlas,10690f7a4726+bench,SVG,instrument-2026-10-06T13-47-55.237Z,points-3000-seed-41544c53,hit,spatial_hit_test_sync_ms,ms,93,0.10000014305114746
Atlas,10690f7a4726+bench,SVG,instrument-2026-10-06T13-47-55.237Z,points-3000-seed-41544c53,hit,spatial_hit_test_sync_ms,ms,94,0.2999999523162842
Atlas,10690f7a4726+bench,SVG,instrument-2026-10-06T13-47-55.237Z,points-3000-seed-41544c53,hit,spatial_hit_test_sync_ms,ms,95,0.09999990463256836
Atlas,10690f7a4726+bench,SVG,instrument-2026-10-06T13-47-55.237Z,points-3000-seed-41544c53,hit,spatial_hit_test_sync_ms,ms,96,0.20000004768371582
Atlas,10690f7a4726+bench,SVG,instrument-2026-10-06T13-47-55.237Z,points-3000-seed-41544c53,hit,spatial_hit_test_sync_ms,ms,97,0.2999999523162842
Atlas,10690f7a4726+bench,SVG,instrument-2026-10-06T13-47-55.237Z,points-3000-seed-41544c53,hit,spatial_hit_test_sync_ms,ms,98,0.10000014305114746
Atlas,10690f7a4726+bench,SVG,instrument-2026-10-06T13-47-55.237Z,points-3000-seed-41544c53,hit,spatial_hit_test_sync_ms,ms,99,0.19999980926513672
Atlas,10690f7a4726+bench,SVG,instrument-2026-10-06T13-47-55.237Z,points-3000-seed-41544c53,hit,spatial_hit_test_sync_ms,ms,100,0.3000001907348633
Atlas,10690f7a4726+bench,SVG,instrument-2026-10-06T13-47-55.237Z,points-3000-seed-41544c53,hit,spatial_hit_test_sync_ms,ms,101,0.09999990463256836
Atlas,10690f7a4726+bench,SVG,instrument-2026-10-06T13-47-55.237Z,points-3000-seed-41544c53,hit,spatial_hit_test_sync_ms,ms,102,0.20000004768371582
Atlas,10690f7a4726+bench,SVG,instrument-2026-10-06T13-47-55.237Z,points-3000-seed-41544c53,hit,spatial_hit_test_sync_ms,ms,103,0.20000004768371582
Atlas,10690f7a4726+bench,SVG,instrument-2026-10-06T13-47-55.237Z,points-3000-seed-41544c53,hit,spatial_hit_test_sync_ms,ms,104,0.19999980926513672
Atlas,10690f7a4726+bench,SVG,instrument-2026-10-06T13-47-55.237Z,points-3000-seed-41544c53,hit,spatial_hit_test_sync_ms,ms,105,0.20000004768371582
Atlas,10690f7a4726+bench,SVG,instrument-2026-10-06T13-47-55.237Z,points-3000-seed-41544c53,hit,spatial_hit_test_sync_ms,ms,106,0.20000004768371582
Atlas,10690f7a4726+bench,SVG,instrument-2026-10-06T13-47-55.237Z,points-3000-seed-41544c53,hit,spatial_hit_test_sync_ms,ms,107,0.20000004768371582
Atlas,10690f7a4726+bench,SVG,instrument-2026-10-06T13-47-55.237Z,points-3000-seed-41544c53,hit,spatial_hit_test_sync_ms,ms,108,0.20000004768371582
Atlas,10690f7a4726+bench,SVG,instrument-2026-10-06T13-47-55.237Z,points-3000-seed-41544c53,hit,spatial_hit_test_sync_ms,ms,109,0.19999980926513672
Atlas,10690f7a4726+bench,SVG,instrument-2026-10-06T13-47-55.237Z,points-3000-seed-41544c53,hit,spatial_hit_test_sync_ms,ms,110,0.10000014305114746
Atlas,10690f7a4726+bench,SVG,instrument-2026-10-06T13-47-55.237Z,points-3000-seed-41544c53,hit,spatial_hit_test_sync_ms,ms,111,0.2999999523162842
Atlas,10690f7a4726+bench,SVG,instrument-2026-10-06T13-47-55.237Z,points-3000-seed-41544c53,hit,spatial_hit_test_sync_ms,ms,112,0.20000004768371582
Atlas,10690f7a4726+bench,SVG,instrument-2026-10-06T13-47-55.237Z,points-3000-seed-41544c53,hit,spatial_hit_test_sync_ms,ms,113,2.5
Atlas,10690f7a4726+bench,SVG,instrument-2026-10-06T13-47-55.237Z,points-3000-seed-41544c53,hit,spatial_hit_test_sync_ms,ms,114,0.2999999523162842
Atlas,10690f7a4726+bench,SVG,instrument-2026-10-06T13-47-55.237Z,points-3000-seed-41544c53,hit,spatial_hit_test_sync_ms,ms,115,0.20000004768371582
Atlas,10690f7a4726+bench,SVG,instrument-2026-10-06T13-47-55.237Z,points-3000-seed-41544c53,hit,spatial_hit_test_sync_ms,ms,116,0.2999999523162842
Atlas,10690f7a4726+bench,SVG,instrument-2026-10-06T13-47-55.237Z,points-3000-seed-41544c53,hit,spatial_hit_test_sync_ms,ms,117,0.20000004768371582
Atlas,10690f7a4726+bench,SVG,instrument-2026-10-06T13-47-55.237Z,points-3000-seed-41544c53,hit,spatial_hit_test_sync_ms,ms,118,0.39999985694885254
Atlas,10690f7a4726+bench,SVG,instrument-2026-10-06T13-47-55.237Z,points-3000-seed-41544c53,hit,spatial_hit_test_sync_ms,ms,119,0.20000004768371582
Atlas,10690f7a4726+bench,SVG,instrument-2026-10-06T13-47-55.237Z,points-3000-seed-41544c53,hit,spatial_hit_test_sync_ms,ms,120,0.2999999523162842
Atlas,10690f7a4726+bench,SVG,instrument-2026-10-06T13-47-55.237Z,points-3000-seed-41544c53,hit,spatial_hit_test_sync_ms,ms,121,0.10000014305114746
Atlas,10690f7a4726+bench,SVG,instrument-2026-10-06T13-47-55.237Z,points-3000-seed-41544c53,hit,spatial_hit_test_sync_ms,ms,122,0.2999999523162842
Atlas,10690f7a4726+bench,SVG,instrument-2026-10-06T13-47-55.237Z,points-3000-seed-41544c53,hit,spatial_hit_test_sync_ms,ms,123,0.20000004768371582
Atlas,10690f7a4726+bench,SVG,instrument-2026-10-06T13-47-55.237Z,points-3000-seed-41544c53,hit,spatial_hit_test_sync_ms,ms,124,0.2999999523162842
Atlas,10690f7a4726+bench,SVG,instrument-2026-10-06T13-47-55.237Z,points-3000-seed-41544c53,hit,spatial_hit_test_sync_ms,ms,125,0.20000004768371582
Atlas,10690f7a4726+bench,SVG,instrument-2026-10-06T13-47-55.237Z,points-3000-seed-41544c53,hit,spatial_hit_test_sync_ms,ms,126,0.2999999523162842
Atlas,10690f7a4726+bench,SVG,instrument-2026-10-06T13-47-55.237Z,points-3000-seed-41544c53,hit,spatial_hit_test_sync_ms,ms,127,0.3000001907348633
Atlas,10690f7a4726+bench,SVG,instrument-2026-10-06T13-47-55.237Z,points-3000-seed-41544c53,hit,spatial_hit_test_sync_ms,ms,128,0.09999990463256836
Atlas,10690f7a4726+bench,SVG,instrument-2026-10-06T13-47-55.237Z,points-3000-seed-41544c53,hit,spatial_hit_test_sync_ms,ms,129,0.2999999523162842
Atlas,10690f7a4726+bench,SVG,instrument-2026-10-06T13-47-55.237Z,points-3000-seed-41544c53,hit,spatial_hit_test_sync_ms,ms,130,0.2999999523162842
Atlas,10690f7a4726+bench,SVG,instrument-2026-10-06T13-47-55.237Z,points-3000-seed-41544c53,hit,spatial_hit_test_sync_ms,ms,131,0.3000001907348633
Atlas,10690f7a4726+bench,SVG,instrument-2026-10-06T13-47-55.237Z,points-3000-seed-41544c53,hit,spatial_hit_test_sync_ms,ms,132,0.19999980926513672
Atlas,10690f7a4726+bench,SVG,instrument-2026-10-06T13-47-55.237Z,points-3000-seed-41544c53,hit,spatial_hit_test_sync_ms,ms,133,0.3000001907348633
Atlas,10690f7a4726+bench,SVG,instrument-2026-10-06T13-47-55.237Z,points-3000-seed-41544c53,hit,spatial_hit_test_sync_ms,ms,134,0.19999980926513672
Atlas,10690f7a4726+bench,SVG,instrument-2026-10-06T13-47-55.237Z,points-3000-seed-41544c53,hit,spatial_hit_test_sync_ms,ms,135,0.3000001907348633
Atlas,10690f7a4726+bench,SVG,instrument-2026-10-06T13-47-55.237Z,points-3000-seed-41544c53,hit,spatial_hit_test_sync_ms,ms,136,0.19999980926513672
Atlas,10690f7a4726+bench,SVG,instrument-2026-10-06T13-47-55.237Z,points-3000-seed-41544c53,hit,spatial_hit_test_sync_ms,ms,137,0.20000004768371582
Atlas,10690f7a4726+bench,SVG,instrument-2026-10-06T13-47-55.237Z,points-3000-seed-41544c53,hit,spatial_hit_test_sync_ms,ms,138,0.2999999523162842
Atlas,10690f7a4726+bench,SVG,instrument-2026-10-06T13-47-55.237Z,points-3000-seed-41544c53,hit,spatial_hit_test_sync_ms,ms,139,0.3000001907348633
Atlas,10690f7a4726+bench,SVG,instrument-2026-10-06T13-47-55.237Z,points-3000-seed-41544c53,hit,spatial_hit_test_sync_ms,ms,140,0.19999980926513672
Atlas,10690f7a4726+bench,SVG,instrument-2026-10-06T13-47-55.237Z,points-3000-seed-41544c53,hit,spatial_hit_test_sync_ms,ms,141,0.40000009536743164
Atlas,10690f7a4726+bench,SVG,instrument-2026-10-06T13-47-55.237Z,points-3000-seed-41544c53,hit,spatial_hit_test_sync_ms,ms,142,0.20000004768371582
Atlas,10690f7a4726+bench,SVG,instrument-2026-10-06T13-47-55.237Z,points-3000-seed-41544c53,hit,spatial_hit_test_sync_ms,ms,143,0.20000004768371582
Atlas,10690f7a4726+bench,SVG,instrument-2026-10-06T13-47-55.237Z,points-3000-seed-41544c53,hit,spatial_hit_test_sync_ms,ms,144,0.19999980926513672
Atlas,10690f7a4726+bench,SVG,instrument-2026-10-06T13-47-55.237Z,points-3000-seed-41544c53,hit,spatial_hit_test_sync_ms,ms,145,0.20000004768371582
Atlas,10690f7a4726+bench,SVG,instrument-2026-10-06T13-47-55.237Z,points-3000-seed-41544c53,hit,spatial_hit_test_sync_ms,ms,146,0.20000004768371582
Atlas,10690f7a4726+bench,SVG,instrument-2026-10-06T13-47-55.237Z,points-3000-seed-41544c53,hit,spatial_hit_test_sync_ms,ms,147,0.09999990463256836
Atlas,10690f7a4726+bench,SVG,instrument-2026-10-06T13-47-55.237Z,points-3000-seed-41544c53,hit,spatial_hit_test_sync_ms,ms,148,0.20000004768371582
Atlas,10690f7a4726+bench,SVG,instrument-2026-10-06T13-47-55.237Z,points-3000-seed-41544c53,hit,spatial_hit_test_sync_ms,ms,149,0.2999999523162842
Atlas,10690f7a4726+bench,SVG,instrument-2026-10-06T13-47-55.237Z,points-3000-seed-41544c53,hit,spatial_hit_test_sync_ms,ms,150,0.20000004768371582
Atlas,10690f7a4726+bench,SVG,instrument-2026-10-06T13-47-55.237Z,points-3000-seed-41544c53,hit,spatial_hit_test_sync_ms,ms,151,0.10000014305114746
Atlas,10690f7a4726+bench,SVG,instrument-2026-10-06T13-47-55.237Z,points-3000-seed-41544c53,hit,spatial_hit_test_sync_ms,ms,152,0.19999980926513672
Atlas,10690f7a4726+bench,SVG,instrument-2026-10-06T13-47-55.237Z,points-3000-seed-41544c53,hit,spatial_hit_test_sync_ms,ms,153,0.3000001907348633
Atlas,10690f7a4726+bench,SVG,instrument-2026-10-06T13-47-55.237Z,points-3000-seed-41544c53,hit,spatial_hit_test_sync_ms,ms,154,0.09999990463256836
Atlas,10690f7a4726+bench,SVG,instrument-2026-10-06T13-47-55.237Z,points-3000-seed-41544c53,hit,spatial_hit_test_sync_ms,ms,155,0.2999999523162842
Atlas,10690f7a4726+bench,SVG,instrument-2026-10-06T13-47-55.237Z,points-3000-seed-41544c53,hit,spatial_hit_test_sync_ms,ms,156,0.10000014305114746
Atlas,10690f7a4726+bench,SVG,instrument-2026-10-06T13-47-55.237Z,points-3000-seed-41544c53,hit,spatial_hit_test_sync_ms,ms,157,0.19999980926513672
Atlas,10690f7a4726+bench,SVG,instrument-2026-10-06T13-47-55.237Z,points-3000-seed-41544c53,hit,spatial_hit_test_sync_ms,ms,158,0.20000004768371582
Atlas,10690f7a4726+bench,SVG,instrument-2026-10-06T13-47-55.237Z,points-3000-seed-41544c53,hit,spatial_hit_test_sync_ms,ms,159,0.20000004768371582
Atlas,10690f7a4726+bench,SVG,instrument-2026-10-06T13-47-55.237Z,points-3000-seed-41544c53,hit,spatial_hit_test_sync_ms,ms,160,0.20000004768371582
Atlas,10690f7a4726+bench,SVG,instrument-2026-10-06T13-47-55.237Z,points-3000-seed-41544c53,hit,spatial_hit_test_sync_ms,ms,161,0.20000004768371582
Atlas,10690f7a4726+bench,SVG,instrument-2026-10-06T13-47-55.237Z,points-3000-seed-41544c53,hit,spatial_hit_test_sync_ms,ms,162,0.19999980926513672
Atlas,10690f7a4726+bench,SVG,instrument-2026-10-06T13-47-55.237Z,points-3000-seed-41544c53,hit,spatial_hit_test_sync_ms,ms,163,0.10000014305114746
Atlas,10690f7a4726+bench,SVG,instrument-2026-10-06T13-47-55.237Z,points-3000-seed-41544c53,hit,spatial_hit_test_sync_ms,ms,164,0.2999999523162842
Atlas,10690f7a4726+bench,SVG,instrument-2026-10-06T13-47-55.237Z,points-3000-seed-41544c53,hit,spatial_hit_test_sync_ms,ms,165,0.20000004768371582
Atlas,10690f7a4726+bench,SVG,instrument-2026-10-06T13-47-55.237Z,points-3000-seed-41544c53,hit,spatial_hit_test_sync_ms,ms,166,0.09999990463256836
Atlas,10690f7a4726+bench,SVG,instrument-2026-10-06T13-47-55.237Z,points-3000-seed-41544c53,hit,spatial_hit_test_sync_ms,ms,167,0.2999999523162842
Atlas,10690f7a4726+bench,SVG,instrument-2026-10-06T13-47-55.237Z,points-3000-seed-41544c53,hit,spatial_hit_test_sync_ms,ms,168,0.20000004768371582
Atlas,10690f7a4726+bench,SVG,instrument-2026-10-06T13-47-55.237Z,points-3000-seed-41544c53,hit,spatial_hit_test_sync_ms,ms,169,0.10000014305114746
Atlas,10690f7a4726+bench,SVG,instrument-2026-10-06T13-47-55.237Z,points-3000-seed-41544c53,hit,spatial_hit_test_sync_ms,ms,170,0.19999980926513672
Atlas,10690f7a4726+bench,SVG,instrument-2026-10-06T13-47-55.237Z,points-3000-seed-41544c53,hit,spatial_hit_test_sync_ms,ms,171,0.20000004768371582
Atlas,10690f7a4726+bench,SVG,instrument-2026-10-06T13-47-55.237Z,points-3000-seed-41544c53,hit,spatial_hit_test_sync_ms,ms,172,0.20000004768371582
Atlas,10690f7a4726+bench,SVG,instrument-2026-10-06T13-47-55.237Z,points-3000-seed-41544c53,hit,spatial_hit_test_sync_ms,ms,173,0.20000004768371582
Atlas,10690f7a4726+bench,SVG,instrument-2026-10-06T13-47-55.237Z,points-3000-seed-41544c53,hit,spatial_hit_test_sync_ms,ms,174,0.20000004768371582
Atlas,10690f7a4726+bench,SVG,instrument-2026-10-06T13-47-55.237Z,points-3000-seed-41544c53,hit,spatial_hit_test_sync_ms,ms,175,0.19999980926513672
Atlas,10690f7a4726+bench,SVG,instrument-2026-10-06T13-47-55.237Z,points-3000-seed-41544c53,hit,spatial_hit_test_sync_ms,ms,176,0.20000004768371582
Atlas,10690f7a4726+bench,SVG,instrument-2026-10-06T13-47-55.237Z,points-3000-seed-41544c53,hit,spatial_hit_test_sync_ms,ms,177,0.20000004768371582
Atlas,10690f7a4726+bench,SVG,instrument-2026-10-06T13-47-55.237Z,points-3000-seed-41544c53,hit,spatial_hit_test_sync_ms,ms,178,0.20000004768371582
Atlas,10690f7a4726+bench,SVG,instrument-2026-10-06T13-47-55.237Z,points-3000-seed-41544c53,hit,spatial_hit_test_sync_ms,ms,179,0.20000004768371582
Atlas,10690f7a4726+bench,SVG,instrument-2026-10-06T13-47-55.237Z,points-3000-seed-41544c53,hit,spatial_hit_test_sync_ms,ms,180,0.19999980926513672
Atlas,10690f7a4726+bench,SVG,instrument-2026-10-06T13-47-55.237Z,points-3000-seed-41544c53,hit,spatial_hit_test_sync_ms,ms,181,0.20000004768371582
Atlas,10690f7a4726+bench,SVG,instrument-2026-10-06T13-47-55.237Z,points-3000-seed-41544c53,hit,spatial_hit_test_sync_ms,ms,182,0.20000004768371582
Atlas,10690f7a4726+bench,SVG,instrument-2026-10-06T13-47-55.237Z,points-3000-seed-41544c53,hit,spatial_hit_test_sync_ms,ms,183,0.09999990463256836
Atlas,10690f7a4726+bench,SVG,instrument-2026-10-06T13-47-55.237Z,points-3000-seed-41544c53,hit,spatial_hit_test_sync_ms,ms,184,0.20000004768371582
Atlas,10690f7a4726+bench,SVG,instrument-2026-10-06T13-47-55.237Z,points-3000-seed-41544c53,hit,spatial_hit_test_sync_ms,ms,185,0.20000004768371582
Atlas,10690f7a4726+bench,SVG,instrument-2026-10-06T13-47-55.237Z,points-3000-seed-41544c53,hit,spatial_hit_test_sync_ms,ms,186,0.2999999523162842
Atlas,10690f7a4726+bench,SVG,instrument-2026-10-06T13-47-55.237Z,points-3000-seed-41544c53,hit,spatial_hit_test_sync_ms,ms,187,0.10000014305114746
Atlas,10690f7a4726+bench,SVG,instrument-2026-10-06T13-47-55.237Z,points-3000-seed-41544c53,hit,spatial_hit_test_sync_ms,ms,188,0.2999999523162842
Atlas,10690f7a4726+bench,SVG,instrument-2026-10-06T13-47-55.237Z,points-3000-seed-41544c53,hit,spatial_hit_test_sync_ms,ms,189,0.20000004768371582
Atlas,10690f7a4726+bench,SVG,instrument-2026-10-06T13-47-55.237Z,points-3000-seed-41544c53,hit,spatial_hit_test_sync_ms,ms,190,0.19999980926513672
Atlas,10690f7a4726+bench,SVG,instrument-2026-10-06T13-47-55.237Z,points-3000-seed-41544c53,hit,spatial_hit_test_sync_ms,ms,191,0.10000014305114746
Atlas,10690f7a4726+bench,SVG,instrument-2026-10-06T13-47-55.237Z,points-3000-seed-41544c53,hit,spatial_hit_test_sync_ms,ms,192,0.2999999523162842
Atlas,10690f7a4726+bench,SVG,instrument-2026-10-06T13-47-55.237Z,points-3000-seed-41544c53,hit,spatial_hit_test_sync_ms,ms,193,0.09999990463256836
Atlas,10690f7a4726+bench,SVG,instrument-2026-10-06T13-47-55.237Z,points-3000-seed-41544c53,hit,spatial_hit_test_sync_ms,ms,194,0.3000001907348633
Atlas,10690f7a4726+bench,SVG,instrument-2026-10-06T13-47-55.237Z,points-3000-seed-41544c53,hit,spatial_hit_test_sync_ms,ms,195,0.09999990463256836
Atlas,10690f7a4726+bench,SVG,instrument-2026-10-06T13-47-55.237Z,points-3000-seed-41544c53,hit,spatial_hit_test_sync_ms,ms,196,0.20000004768371582
Atlas,10690f7a4726+bench,SVG,instrument-2026-10-06T13-47-55.237Z,points-3000-seed-41544c53,hit,spatial_hit_test_sync_ms,ms,197,0.09999990463256836
Atlas,10690f7a4726+bench,SVG,instrument-2026-10-06T13-47-55.237Z,points-3000-seed-41544c53,hit,spatial_hit_test_sync_ms,ms,198,0.20000004768371582
Atlas,10690f7a4726+bench,SVG,instrument-2026-10-06T13-47-55.237Z,points-3000-seed-41544c53,hit,spatial_hit_test_sync_ms,ms,199,0.40000009536743164
Atlas,10690f7a4726+bench,SVG,instrument-2026-10-06T13-47-55.237Z,points-3000-seed-41544c53,hit,root_iterator_creations,count,0,201
Atlas,10690f7a4726+bench,SVG,instrument-2026-10-06T13-47-55.237Z,points-3000-seed-41544c53,hit,root_iterator_next_calls,count,0,603001
Atlas,10690f7a4726+bench,SVG,instrument-2026-10-06T13-47-55.237Z,points-3000-seed-41544c53,hit,layout_rect_reads,count,0,0
Atlas,10690f7a4726+bench,SVG,instrument-2026-10-06T13-47-55.237Z,points-3000-seed-41544c53,hit,cleanup_renderer_calls,count,0,0
Atlas,10690f7a4726+bench,SVG,instrument-2026-10-06T13-47-55.237Z,points-3000-seed-41544c53,hit,cleanup_stage_children,count,0,0
Atlas,10690f7a4726+bench,SVG,instrument-2026-10-06T13-47-55.237Z,points-3000-seed-41544c53,miss,spatial_hit_test_sync_ms,ms,0,0.9000000953674316
Atlas,10690f7a4726+bench,SVG,instrument-2026-10-06T13-47-55.237Z,points-3000-seed-41544c53,miss,spatial_hit_test_sync_ms,ms,1,0.5999999046325684
Atlas,10690f7a4726+bench,SVG,instrument-2026-10-06T13-47-55.237Z,points-3000-seed-41544c53,miss,spatial_hit_test_sync_ms,ms,2,0.6000001430511475
Atlas,10690f7a4726+bench,SVG,instrument-2026-10-06T13-47-55.237Z,points-3000-seed-41544c53,miss,spatial_hit_test_sync_ms,ms,3,0.5
Atlas,10690f7a4726+bench,SVG,instrument-2026-10-06T13-47-55.237Z,points-3000-seed-41544c53,miss,spatial_hit_test_sync_ms,ms,4,0.5999999046325684
Atlas,10690f7a4726+bench,SVG,instrument-2026-10-06T13-47-55.237Z,points-3000-seed-41544c53,miss,spatial_hit_test_sync_ms,ms,5,0.5999999046325684
Atlas,10690f7a4726+bench,SVG,instrument-2026-10-06T13-47-55.237Z,points-3000-seed-41544c53,miss,spatial_hit_test_sync_ms,ms,6,0.5
Atlas,10690f7a4726+bench,SVG,instrument-2026-10-06T13-47-55.237Z,points-3000-seed-41544c53,miss,spatial_hit_test_sync_ms,ms,7,0.6000001430511475
Atlas,10690f7a4726+bench,SVG,instrument-2026-10-06T13-47-55.237Z,points-3000-seed-41544c53,miss,spatial_hit_test_sync_ms,ms,8,0.5999999046325684
Atlas,10690f7a4726+bench,SVG,instrument-2026-10-06T13-47-55.237Z,points-3000-seed-41544c53,miss,spatial_hit_test_sync_ms,ms,9,0.6000001430511475
Atlas,10690f7a4726+bench,SVG,instrument-2026-10-06T13-47-55.237Z,points-3000-seed-41544c53,miss,spatial_hit_test_sync_ms,ms,10,0.5999999046325684
Atlas,10690f7a4726+bench,SVG,instrument-2026-10-06T13-47-55.237Z,points-3000-seed-41544c53,miss,spatial_hit_test_sync_ms,ms,11,0.5999999046325684
Atlas,10690f7a4726+bench,SVG,instrument-2026-10-06T13-47-55.237Z,points-3000-seed-41544c53,miss,spatial_hit_test_sync_ms,ms,12,0.5
Atlas,10690f7a4726+bench,SVG,instrument-2026-10-06T13-47-55.237Z,points-3000-seed-41544c53,miss,spatial_hit_test_sync_ms,ms,13,0.6000001430511475
Atlas,10690f7a4726+bench,SVG,instrument-2026-10-06T13-47-55.237Z,points-3000-seed-41544c53,miss,spatial_hit_test_sync_ms,ms,14,0.5999999046325684
Atlas,10690f7a4726+bench,SVG,instrument-2026-10-06T13-47-55.237Z,points-3000-seed-41544c53,miss,spatial_hit_test_sync_ms,ms,15,0.6000001430511475
Atlas,10690f7a4726+bench,SVG,instrument-2026-10-06T13-47-55.237Z,points-3000-seed-41544c53,miss,spatial_hit_test_sync_ms,ms,16,0.5
Atlas,10690f7a4726+bench,SVG,instrument-2026-10-06T13-47-55.237Z,points-3000-seed-41544c53,miss,spatial_hit_test_sync_ms,ms,17,0.5999999046325684
Atlas,10690f7a4726+bench,SVG,instrument-2026-10-06T13-47-55.237Z,points-3000-seed-41544c53,miss,spatial_hit_test_sync_ms,ms,18,0.5
Atlas,10690f7a4726+bench,SVG,instrument-2026-10-06T13-47-55.237Z,points-3000-seed-41544c53,miss,spatial_hit_test_sync_ms,ms,19,0.5999999046325684
Atlas,10690f7a4726+bench,SVG,instrument-2026-10-06T13-47-55.237Z,points-3000-seed-41544c53,miss,spatial_hit_test_sync_ms,ms,20,0.6000001430511475
Atlas,10690f7a4726+bench,SVG,instrument-2026-10-06T13-47-55.237Z,points-3000-seed-41544c53,miss,spatial_hit_test_sync_ms,ms,21,0.5999999046325684
Atlas,10690f7a4726+bench,SVG,instrument-2026-10-06T13-47-55.237Z,points-3000-seed-41544c53,miss,spatial_hit_test_sync_ms,ms,22,0.5
Atlas,10690f7a4726+bench,SVG,instrument-2026-10-06T13-47-55.237Z,points-3000-seed-41544c53,miss,spatial_hit_test_sync_ms,ms,23,0.6000001430511475
Atlas,10690f7a4726+bench,SVG,instrument-2026-10-06T13-47-55.237Z,points-3000-seed-41544c53,miss,spatial_hit_test_sync_ms,ms,24,0.5
Atlas,10690f7a4726+bench,SVG,instrument-2026-10-06T13-47-55.237Z,points-3000-seed-41544c53,miss,spatial_hit_test_sync_ms,ms,25,0.6999998092651367
Atlas,10690f7a4726+bench,SVG,instrument-2026-10-06T13-47-55.237Z,points-3000-seed-41544c53,miss,spatial_hit_test_sync_ms,ms,26,1.8000001907348633
Atlas,10690f7a4726+bench,SVG,instrument-2026-10-06T13-47-55.237Z,points-3000-seed-41544c53,miss,spatial_hit_test_sync_ms,ms,27,0.5999999046325684
Atlas,10690f7a4726+bench,SVG,instrument-2026-10-06T13-47-55.237Z,points-3000-seed-41544c53,miss,spatial_hit_test_sync_ms,ms,28,0.6000001430511475
Atlas,10690f7a4726+bench,SVG,instrument-2026-10-06T13-47-55.237Z,points-3000-seed-41544c53,miss,spatial_hit_test_sync_ms,ms,29,0.5
Atlas,10690f7a4726+bench,SVG,instrument-2026-10-06T13-47-55.237Z,points-3000-seed-41544c53,miss,spatial_hit_test_sync_ms,ms,30,0.7000000476837158
Atlas,10690f7a4726+bench,SVG,instrument-2026-10-06T13-47-55.237Z,points-3000-seed-41544c53,miss,spatial_hit_test_sync_ms,ms,31,0.5
Atlas,10690f7a4726+bench,SVG,instrument-2026-10-06T13-47-55.237Z,points-3000-seed-41544c53,miss,spatial_hit_test_sync_ms,ms,32,0.5999999046325684
Atlas,10690f7a4726+bench,SVG,instrument-2026-10-06T13-47-55.237Z,points-3000-seed-41544c53,miss,spatial_hit_test_sync_ms,ms,33,0.5999999046325684
Atlas,10690f7a4726+bench,SVG,instrument-2026-10-06T13-47-55.237Z,points-3000-seed-41544c53,miss,spatial_hit_test_sync_ms,ms,34,0.6000001430511475
Atlas,10690f7a4726+bench,SVG,instrument-2026-10-06T13-47-55.237Z,points-3000-seed-41544c53,miss,spatial_hit_test_sync_ms,ms,35,0.5999999046325684
Atlas,10690f7a4726+bench,SVG,instrument-2026-10-06T13-47-55.237Z,points-3000-seed-41544c53,miss,spatial_hit_test_sync_ms,ms,36,0.6000001430511475
Atlas,10690f7a4726+bench,SVG,instrument-2026-10-06T13-47-55.237Z,points-3000-seed-41544c53,miss,spatial_hit_test_sync_ms,ms,37,0.5999999046325684
Atlas,10690f7a4726+bench,SVG,instrument-2026-10-06T13-47-55.237Z,points-3000-seed-41544c53,miss,spatial_hit_test_sync_ms,ms,38,0.5999999046325684
Atlas,10690f7a4726+bench,SVG,instrument-2026-10-06T13-47-55.237Z,points-3000-seed-41544c53,miss,spatial_hit_test_sync_ms,ms,39,0.6000001430511475
Atlas,10690f7a4726+bench,SVG,instrument-2026-10-06T13-47-55.237Z,points-3000-seed-41544c53,miss,spatial_hit_test_sync_ms,ms,40,0.7000000476837158
Atlas,10690f7a4726+bench,SVG,instrument-2026-10-06T13-47-55.237Z,points-3000-seed-41544c53,miss,spatial_hit_test_sync_ms,ms,41,0.5999999046325684
Atlas,10690f7a4726+bench,SVG,instrument-2026-10-06T13-47-55.237Z,points-3000-seed-41544c53,miss,spatial_hit_test_sync_ms,ms,42,0.5
Atlas,10690f7a4726+bench,SVG,instrument-2026-10-06T13-47-55.237Z,points-3000-seed-41544c53,miss,spatial_hit_test_sync_ms,ms,43,0.7000000476837158
Atlas,10690f7a4726+bench,SVG,instrument-2026-10-06T13-47-55.237Z,points-3000-seed-41544c53,miss,spatial_hit_test_sync_ms,ms,44,0.7000000476837158
Atlas,10690f7a4726+bench,SVG,instrument-2026-10-06T13-47-55.237Z,points-3000-seed-41544c53,miss,spatial_hit_test_sync_ms,ms,45,0.5999999046325684
Atlas,10690f7a4726+bench,SVG,instrument-2026-10-06T13-47-55.237Z,points-3000-seed-41544c53,miss,spatial_hit_test_sync_ms,ms,46,0.5
Atlas,10690f7a4726+bench,SVG,instrument-2026-10-06T13-47-55.237Z,points-3000-seed-41544c53,miss,spatial_hit_test_sync_ms,ms,47,0.7000000476837158
Atlas,10690f7a4726+bench,SVG,instrument-2026-10-06T13-47-55.237Z,points-3000-seed-41544c53,miss,spatial_hit_test_sync_ms,ms,48,0.5
Atlas,10690f7a4726+bench,SVG,instrument-2026-10-06T13-47-55.237Z,points-3000-seed-41544c53,miss,spatial_hit_test_sync_ms,ms,49,0.5999999046325684
Atlas,10690f7a4726+bench,SVG,instrument-2026-10-06T13-47-55.237Z,points-3000-seed-41544c53,miss,spatial_hit_test_sync_ms,ms,50,0.5
Atlas,10690f7a4726+bench,SVG,instrument-2026-10-06T13-47-55.237Z,points-3000-seed-41544c53,miss,spatial_hit_test_sync_ms,ms,51,0.7000000476837158
Atlas,10690f7a4726+bench,SVG,instrument-2026-10-06T13-47-55.237Z,points-3000-seed-41544c53,miss,spatial_hit_test_sync_ms,ms,52,0.5
Atlas,10690f7a4726+bench,SVG,instrument-2026-10-06T13-47-55.237Z,points-3000-seed-41544c53,miss,spatial_hit_test_sync_ms,ms,53,0.7000000476837158
Atlas,10690f7a4726+bench,SVG,instrument-2026-10-06T13-47-55.237Z,points-3000-seed-41544c53,miss,spatial_hit_test_sync_ms,ms,54,0.5999999046325684
Atlas,10690f7a4726+bench,SVG,instrument-2026-10-06T13-47-55.237Z,points-3000-seed-41544c53,miss,spatial_hit_test_sync_ms,ms,55,0.6000001430511475
Atlas,10690f7a4726+bench,SVG,instrument-2026-10-06T13-47-55.237Z,points-3000-seed-41544c53,miss,spatial_hit_test_sync_ms,ms,56,0.5999999046325684
Atlas,10690f7a4726+bench,SVG,instrument-2026-10-06T13-47-55.237Z,points-3000-seed-41544c53,miss,spatial_hit_test_sync_ms,ms,57,0.5999999046325684
Atlas,10690f7a4726+bench,SVG,instrument-2026-10-06T13-47-55.237Z,points-3000-seed-41544c53,miss,spatial_hit_test_sync_ms,ms,58,0.6000001430511475
Atlas,10690f7a4726+bench,SVG,instrument-2026-10-06T13-47-55.237Z,points-3000-seed-41544c53,miss,spatial_hit_test_sync_ms,ms,59,0.5999999046325684
Atlas,10690f7a4726+bench,SVG,instrument-2026-10-06T13-47-55.237Z,points-3000-seed-41544c53,miss,spatial_hit_test_sync_ms,ms,60,0.6000001430511475
Atlas,10690f7a4726+bench,SVG,instrument-2026-10-06T13-47-55.237Z,points-3000-seed-41544c53,miss,spatial_hit_test_sync_ms,ms,61,0.6999998092651367
Atlas,10690f7a4726+bench,SVG,instrument-2026-10-06T13-47-55.237Z,points-3000-seed-41544c53,miss,spatial_hit_test_sync_ms,ms,62,0.6000001430511475
Atlas,10690f7a4726+bench,SVG,instrument-2026-10-06T13-47-55.237Z,points-3000-seed-41544c53,miss,spatial_hit_test_sync_ms,ms,63,0.5
Atlas,10690f7a4726+bench,SVG,instrument-2026-10-06T13-47-55.237Z,points-3000-seed-41544c53,miss,spatial_hit_test_sync_ms,ms,64,2.0999999046325684
Atlas,10690f7a4726+bench,SVG,instrument-2026-10-06T13-47-55.237Z,points-3000-seed-41544c53,miss,spatial_hit_test_sync_ms,ms,65,0.6000001430511475
Atlas,10690f7a4726+bench,SVG,instrument-2026-10-06T13-47-55.237Z,points-3000-seed-41544c53,miss,spatial_hit_test_sync_ms,ms,66,0.5999999046325684
Atlas,10690f7a4726+bench,SVG,instrument-2026-10-06T13-47-55.237Z,points-3000-seed-41544c53,miss,spatial_hit_test_sync_ms,ms,67,0.5999999046325684
Atlas,10690f7a4726+bench,SVG,instrument-2026-10-06T13-47-55.237Z,points-3000-seed-41544c53,miss,spatial_hit_test_sync_ms,ms,68,0.7000000476837158
Atlas,10690f7a4726+bench,SVG,instrument-2026-10-06T13-47-55.237Z,points-3000-seed-41544c53,miss,spatial_hit_test_sync_ms,ms,69,0.6000001430511475
Atlas,10690f7a4726+bench,SVG,instrument-2026-10-06T13-47-55.237Z,points-3000-seed-41544c53,miss,spatial_hit_test_sync_ms,ms,70,0.5
Atlas,10690f7a4726+bench,SVG,instrument-2026-10-06T13-47-55.237Z,points-3000-seed-41544c53,miss,spatial_hit_test_sync_ms,ms,71,0.5999999046325684
Atlas,10690f7a4726+bench,SVG,instrument-2026-10-06T13-47-55.237Z,points-3000-seed-41544c53,miss,spatial_hit_test_sync_ms,ms,72,0.5999999046325684
Atlas,10690f7a4726+bench,SVG,instrument-2026-10-06T13-47-55.237Z,points-3000-seed-41544c53,miss,spatial_hit_test_sync_ms,ms,73,0.6000001430511475
Atlas,10690f7a4726+bench,SVG,instrument-2026-10-06T13-47-55.237Z,points-3000-seed-41544c53,miss,spatial_hit_test_sync_ms,ms,74,0.5
Atlas,10690f7a4726+bench,SVG,instrument-2026-10-06T13-47-55.237Z,points-3000-seed-41544c53,miss,spatial_hit_test_sync_ms,ms,75,0.5999999046325684
Atlas,10690f7a4726+bench,SVG,instrument-2026-10-06T13-47-55.237Z,points-3000-seed-41544c53,miss,spatial_hit_test_sync_ms,ms,76,0.5
Atlas,10690f7a4726+bench,SVG,instrument-2026-10-06T13-47-55.237Z,points-3000-seed-41544c53,miss,spatial_hit_test_sync_ms,ms,77,0.6000001430511475
Atlas,10690f7a4726+bench,SVG,instrument-2026-10-06T13-47-55.237Z,points-3000-seed-41544c53,miss,spatial_hit_test_sync_ms,ms,78,0.5999999046325684
Atlas,10690f7a4726+bench,SVG,instrument-2026-10-06T13-47-55.237Z,points-3000-seed-41544c53,miss,spatial_hit_test_sync_ms,ms,79,0.5999999046325684
Atlas,10690f7a4726+bench,SVG,instrument-2026-10-06T13-47-55.237Z,points-3000-seed-41544c53,miss,spatial_hit_test_sync_ms,ms,80,0.6000001430511475
Atlas,10690f7a4726+bench,SVG,instrument-2026-10-06T13-47-55.237Z,points-3000-seed-41544c53,miss,spatial_hit_test_sync_ms,ms,81,0.5
Atlas,10690f7a4726+bench,SVG,instrument-2026-10-06T13-47-55.237Z,points-3000-seed-41544c53,miss,spatial_hit_test_sync_ms,ms,82,0.5999999046325684
Atlas,10690f7a4726+bench,SVG,instrument-2026-10-06T13-47-55.237Z,points-3000-seed-41544c53,miss,spatial_hit_test_sync_ms,ms,83,0.5
Atlas,10690f7a4726+bench,SVG,instrument-2026-10-06T13-47-55.237Z,points-3000-seed-41544c53,miss,spatial_hit_test_sync_ms,ms,84,0.6000001430511475
Atlas,10690f7a4726+bench,SVG,instrument-2026-10-06T13-47-55.237Z,points-3000-seed-41544c53,miss,spatial_hit_test_sync_ms,ms,85,0.5999999046325684
Atlas,10690f7a4726+bench,SVG,instrument-2026-10-06T13-47-55.237Z,points-3000-seed-41544c53,miss,spatial_hit_test_sync_ms,ms,86,0.5
Atlas,10690f7a4726+bench,SVG,instrument-2026-10-06T13-47-55.237Z,points-3000-seed-41544c53,miss,spatial_hit_test_sync_ms,ms,87,0.5999999046325684
Atlas,10690f7a4726+bench,SVG,instrument-2026-10-06T13-47-55.237Z,points-3000-seed-41544c53,miss,spatial_hit_test_sync_ms,ms,88,0.7000000476837158
Atlas,10690f7a4726+bench,SVG,instrument-2026-10-06T13-47-55.237Z,points-3000-seed-41544c53,miss,spatial_hit_test_sync_ms,ms,89,0.5
Atlas,10690f7a4726+bench,SVG,instrument-2026-10-06T13-47-55.237Z,points-3000-seed-41544c53,miss,spatial_hit_test_sync_ms,ms,90,0.7000000476837158
Atlas,10690f7a4726+bench,SVG,instrument-2026-10-06T13-47-55.237Z,points-3000-seed-41544c53,miss,spatial_hit_test_sync_ms,ms,91,0.5
Atlas,10690f7a4726+bench,SVG,instrument-2026-10-06T13-47-55.237Z,points-3000-seed-41544c53,miss,spatial_hit_test_sync_ms,ms,92,0.5
Atlas,10690f7a4726+bench,SVG,instrument-2026-10-06T13-47-55.237Z,points-3000-seed-41544c53,miss,spatial_hit_test_sync_ms,ms,93,0.5999999046325684
Atlas,10690f7a4726+bench,SVG,instrument-2026-10-06T13-47-55.237Z,points-3000-seed-41544c53,miss,spatial_hit_test_sync_ms,ms,94,0.6000001430511475
Atlas,10690f7a4726+bench,SVG,instrument-2026-10-06T13-47-55.237Z,points-3000-seed-41544c53,miss,spatial_hit_test_sync_ms,ms,95,0.5999999046325684
Atlas,10690f7a4726+bench,SVG,instrument-2026-10-06T13-47-55.237Z,points-3000-seed-41544c53,miss,spatial_hit_test_sync_ms,ms,96,0.6000001430511475
Atlas,10690f7a4726+bench,SVG,instrument-2026-10-06T13-47-55.237Z,points-3000-seed-41544c53,miss,spatial_hit_test_sync_ms,ms,97,0.5
Atlas,10690f7a4726+bench,SVG,instrument-2026-10-06T13-47-55.237Z,points-3000-seed-41544c53,miss,spatial_hit_test_sync_ms,ms,98,0.5999999046325684
Atlas,10690f7a4726+bench,SVG,instrument-2026-10-06T13-47-55.237Z,points-3000-seed-41544c53,miss,spatial_hit_test_sync_ms,ms,99,0.5999999046325684
Atlas,10690f7a4726+bench,SVG,instrument-2026-10-06T13-47-55.237Z,points-3000-seed-41544c53,miss,spatial_hit_test_sync_ms,ms,100,0.6000001430511475
Atlas,10690f7a4726+bench,SVG,instrument-2026-10-06T13-47-55.237Z,points-3000-seed-41544c53,miss,spatial_hit_test_sync_ms,ms,101,0.5
Atlas,10690f7a4726+bench,SVG,instrument-2026-10-06T13-47-55.237Z,points-3000-seed-41544c53,miss,spatial_hit_test_sync_ms,ms,102,0.5999999046325684
Atlas,10690f7a4726+bench,SVG,instrument-2026-10-06T13-47-55.237Z,points-3000-seed-41544c53,miss,spatial_hit_test_sync_ms,ms,103,0.5
Atlas,10690f7a4726+bench,SVG,instrument-2026-10-06T13-47-55.237Z,points-3000-seed-41544c53,miss,spatial_hit_test_sync_ms,ms,104,0.6000001430511475
Atlas,10690f7a4726+bench,SVG,instrument-2026-10-06T13-47-55.237Z,points-3000-seed-41544c53,miss,spatial_hit_test_sync_ms,ms,105,0.5999999046325684
Atlas,10690f7a4726+bench,SVG,instrument-2026-10-06T13-47-55.237Z,points-3000-seed-41544c53,miss,spatial_hit_test_sync_ms,ms,106,0.5
Atlas,10690f7a4726+bench,SVG,instrument-2026-10-06T13-47-55.237Z,points-3000-seed-41544c53,miss,spatial_hit_test_sync_ms,ms,107,0.5999999046325684
Atlas,10690f7a4726+bench,SVG,instrument-2026-10-06T13-47-55.237Z,points-3000-seed-41544c53,miss,spatial_hit_test_sync_ms,ms,108,0.39999985694885254
Atlas,10690f7a4726+bench,SVG,instrument-2026-10-06T13-47-55.237Z,points-3000-seed-41544c53,miss,spatial_hit_test_sync_ms,ms,109,0.8000001907348633
Atlas,10690f7a4726+bench,SVG,instrument-2026-10-06T13-47-55.237Z,points-3000-seed-41544c53,miss,spatial_hit_test_sync_ms,ms,110,0.5
Atlas,10690f7a4726+bench,SVG,instrument-2026-10-06T13-47-55.237Z,points-3000-seed-41544c53,miss,spatial_hit_test_sync_ms,ms,111,0.5999999046325684
Atlas,10690f7a4726+bench,SVG,instrument-2026-10-06T13-47-55.237Z,points-3000-seed-41544c53,miss,spatial_hit_test_sync_ms,ms,112,0.5999999046325684
Atlas,10690f7a4726+bench,SVG,instrument-2026-10-06T13-47-55.237Z,points-3000-seed-41544c53,miss,spatial_hit_test_sync_ms,ms,113,0.5
Atlas,10690f7a4726+bench,SVG,instrument-2026-10-06T13-47-55.237Z,points-3000-seed-41544c53,miss,spatial_hit_test_sync_ms,ms,114,0.5
Atlas,10690f7a4726+bench,SVG,instrument-2026-10-06T13-47-55.237Z,points-3000-seed-41544c53,miss,spatial_hit_test_sync_ms,ms,115,0.6000001430511475
Atlas,10690f7a4726+bench,SVG,instrument-2026-10-06T13-47-55.237Z,points-3000-seed-41544c53,miss,spatial_hit_test_sync_ms,ms,116,0.7000000476837158
Atlas,10690f7a4726+bench,SVG,instrument-2026-10-06T13-47-55.237Z,points-3000-seed-41544c53,miss,spatial_hit_test_sync_ms,ms,117,0.5
Atlas,10690f7a4726+bench,SVG,instrument-2026-10-06T13-47-55.237Z,points-3000-seed-41544c53,miss,spatial_hit_test_sync_ms,ms,118,0.6999998092651367
Atlas,10690f7a4726+bench,SVG,instrument-2026-10-06T13-47-55.237Z,points-3000-seed-41544c53,miss,spatial_hit_test_sync_ms,ms,119,0.5
Atlas,10690f7a4726+bench,SVG,instrument-2026-10-06T13-47-55.237Z,points-3000-seed-41544c53,miss,spatial_hit_test_sync_ms,ms,120,0.6000001430511475
Atlas,10690f7a4726+bench,SVG,instrument-2026-10-06T13-47-55.237Z,points-3000-seed-41544c53,miss,spatial_hit_test_sync_ms,ms,121,0.5
Atlas,10690f7a4726+bench,SVG,instrument-2026-10-06T13-47-55.237Z,points-3000-seed-41544c53,miss,spatial_hit_test_sync_ms,ms,122,0.5999999046325684
Atlas,10690f7a4726+bench,SVG,instrument-2026-10-06T13-47-55.237Z,points-3000-seed-41544c53,miss,spatial_hit_test_sync_ms,ms,123,0.6000001430511475
Atlas,10690f7a4726+bench,SVG,instrument-2026-10-06T13-47-55.237Z,points-3000-seed-41544c53,miss,spatial_hit_test_sync_ms,ms,124,0.5
Atlas,10690f7a4726+bench,SVG,instrument-2026-10-06T13-47-55.237Z,points-3000-seed-41544c53,miss,spatial_hit_test_sync_ms,ms,125,0.5999999046325684
Atlas,10690f7a4726+bench,SVG,instrument-2026-10-06T13-47-55.237Z,points-3000-seed-41544c53,miss,spatial_hit_test_sync_ms,ms,126,0.5999999046325684
Atlas,10690f7a4726+bench,SVG,instrument-2026-10-06T13-47-55.237Z,points-3000-seed-41544c53,miss,spatial_hit_test_sync_ms,ms,127,0.6000001430511475
Atlas,10690f7a4726+bench,SVG,instrument-2026-10-06T13-47-55.237Z,points-3000-seed-41544c53,miss,spatial_hit_test_sync_ms,ms,128,0.5
Atlas,10690f7a4726+bench,SVG,instrument-2026-10-06T13-47-55.237Z,points-3000-seed-41544c53,miss,spatial_hit_test_sync_ms,ms,129,0.5999999046325684
Atlas,10690f7a4726+bench,SVG,instrument-2026-10-06T13-47-55.237Z,points-3000-seed-41544c53,miss,spatial_hit_test_sync_ms,ms,130,0.6000001430511475
Atlas,10690f7a4726+bench,SVG,instrument-2026-10-06T13-47-55.237Z,points-3000-seed-41544c53,miss,spatial_hit_test_sync_ms,ms,131,0.5
Atlas,10690f7a4726+bench,SVG,instrument-2026-10-06T13-47-55.237Z,points-3000-seed-41544c53,miss,spatial_hit_test_sync_ms,ms,132,0.5999999046325684
Atlas,10690f7a4726+bench,SVG,instrument-2026-10-06T13-47-55.237Z,points-3000-seed-41544c53,miss,spatial_hit_test_sync_ms,ms,133,0.5999999046325684
Atlas,10690f7a4726+bench,SVG,instrument-2026-10-06T13-47-55.237Z,points-3000-seed-41544c53,miss,spatial_hit_test_sync_ms,ms,134,0.6000001430511475
Atlas,10690f7a4726+bench,SVG,instrument-2026-10-06T13-47-55.237Z,points-3000-seed-41544c53,miss,spatial_hit_test_sync_ms,ms,135,0.5999999046325684
Atlas,10690f7a4726+bench,SVG,instrument-2026-10-06T13-47-55.237Z,points-3000-seed-41544c53,miss,spatial_hit_test_sync_ms,ms,136,0.5
Atlas,10690f7a4726+bench,SVG,instrument-2026-10-06T13-47-55.237Z,points-3000-seed-41544c53,miss,spatial_hit_test_sync_ms,ms,137,0.5
Atlas,10690f7a4726+bench,SVG,instrument-2026-10-06T13-47-55.237Z,points-3000-seed-41544c53,miss,spatial_hit_test_sync_ms,ms,138,0.6000001430511475
Atlas,10690f7a4726+bench,SVG,instrument-2026-10-06T13-47-55.237Z,points-3000-seed-41544c53,miss,spatial_hit_test_sync_ms,ms,139,0.5999999046325684
Atlas,10690f7a4726+bench,SVG,instrument-2026-10-06T13-47-55.237Z,points-3000-seed-41544c53,miss,spatial_hit_test_sync_ms,ms,140,0.5999999046325684
Atlas,10690f7a4726+bench,SVG,instrument-2026-10-06T13-47-55.237Z,points-3000-seed-41544c53,miss,spatial_hit_test_sync_ms,ms,141,0.7000000476837158
Atlas,10690f7a4726+bench,SVG,instrument-2026-10-06T13-47-55.237Z,points-3000-seed-41544c53,miss,spatial_hit_test_sync_ms,ms,142,0.5999999046325684
Atlas,10690f7a4726+bench,SVG,instrument-2026-10-06T13-47-55.237Z,points-3000-seed-41544c53,miss,spatial_hit_test_sync_ms,ms,143,0.5999999046325684
Atlas,10690f7a4726+bench,SVG,instrument-2026-10-06T13-47-55.237Z,points-3000-seed-41544c53,miss,spatial_hit_test_sync_ms,ms,144,0.7000000476837158
Atlas,10690f7a4726+bench,SVG,instrument-2026-10-06T13-47-55.237Z,points-3000-seed-41544c53,miss,spatial_hit_test_sync_ms,ms,145,0.6999998092651367
Atlas,10690f7a4726+bench,SVG,instrument-2026-10-06T13-47-55.237Z,points-3000-seed-41544c53,miss,spatial_hit_test_sync_ms,ms,146,0.7000000476837158
Atlas,10690f7a4726+bench,SVG,instrument-2026-10-06T13-47-55.237Z,points-3000-seed-41544c53,miss,spatial_hit_test_sync_ms,ms,147,0.6000001430511475
Atlas,10690f7a4726+bench,SVG,instrument-2026-10-06T13-47-55.237Z,points-3000-seed-41544c53,miss,spatial_hit_test_sync_ms,ms,148,0.6999998092651367
Atlas,10690f7a4726+bench,SVG,instrument-2026-10-06T13-47-55.237Z,points-3000-seed-41544c53,miss,spatial_hit_test_sync_ms,ms,149,0.6000001430511475
Atlas,10690f7a4726+bench,SVG,instrument-2026-10-06T13-47-55.237Z,points-3000-seed-41544c53,miss,spatial_hit_test_sync_ms,ms,150,0.7000000476837158
Atlas,10690f7a4726+bench,SVG,instrument-2026-10-06T13-47-55.237Z,points-3000-seed-41544c53,miss,spatial_hit_test_sync_ms,ms,151,0.5999999046325684
Atlas,10690f7a4726+bench,SVG,instrument-2026-10-06T13-47-55.237Z,points-3000-seed-41544c53,miss,spatial_hit_test_sync_ms,ms,152,0.5999999046325684
Atlas,10690f7a4726+bench,SVG,instrument-2026-10-06T13-47-55.237Z,points-3000-seed-41544c53,miss,spatial_hit_test_sync_ms,ms,153,0.7000000476837158
Atlas,10690f7a4726+bench,SVG,instrument-2026-10-06T13-47-55.237Z,points-3000-seed-41544c53,miss,spatial_hit_test_sync_ms,ms,154,0.7000000476837158
Atlas,10690f7a4726+bench,SVG,instrument-2026-10-06T13-47-55.237Z,points-3000-seed-41544c53,miss,spatial_hit_test_sync_ms,ms,155,0.5999999046325684
Atlas,10690f7a4726+bench,SVG,instrument-2026-10-06T13-47-55.237Z,points-3000-seed-41544c53,miss,spatial_hit_test_sync_ms,ms,156,0.7000000476837158
Atlas,10690f7a4726+bench,SVG,instrument-2026-10-06T13-47-55.237Z,points-3000-seed-41544c53,miss,spatial_hit_test_sync_ms,ms,157,0.6000001430511475
Atlas,10690f7a4726+bench,SVG,instrument-2026-10-06T13-47-55.237Z,points-3000-seed-41544c53,miss,spatial_hit_test_sync_ms,ms,158,0.5999999046325684
Atlas,10690f7a4726+bench,SVG,instrument-2026-10-06T13-47-55.237Z,points-3000-seed-41544c53,miss,spatial_hit_test_sync_ms,ms,159,0.7999999523162842
Atlas,10690f7a4726+bench,SVG,instrument-2026-10-06T13-47-55.237Z,points-3000-seed-41544c53,miss,spatial_hit_test_sync_ms,ms,160,0.6000001430511475
Atlas,10690f7a4726+bench,SVG,instrument-2026-10-06T13-47-55.237Z,points-3000-seed-41544c53,miss,spatial_hit_test_sync_ms,ms,161,0.5
Atlas,10690f7a4726+bench,SVG,instrument-2026-10-06T13-47-55.237Z,points-3000-seed-41544c53,miss,spatial_hit_test_sync_ms,ms,162,0.6999998092651367
Atlas,10690f7a4726+bench,SVG,instrument-2026-10-06T13-47-55.237Z,points-3000-seed-41544c53,miss,spatial_hit_test_sync_ms,ms,163,0.6000001430511475
Atlas,10690f7a4726+bench,SVG,instrument-2026-10-06T13-47-55.237Z,points-3000-seed-41544c53,miss,spatial_hit_test_sync_ms,ms,164,0.5
Atlas,10690f7a4726+bench,SVG,instrument-2026-10-06T13-47-55.237Z,points-3000-seed-41544c53,miss,spatial_hit_test_sync_ms,ms,165,0.5999999046325684
Atlas,10690f7a4726+bench,SVG,instrument-2026-10-06T13-47-55.237Z,points-3000-seed-41544c53,miss,spatial_hit_test_sync_ms,ms,166,0.6000001430511475
Atlas,10690f7a4726+bench,SVG,instrument-2026-10-06T13-47-55.237Z,points-3000-seed-41544c53,miss,spatial_hit_test_sync_ms,ms,167,0.6999998092651367
Atlas,10690f7a4726+bench,SVG,instrument-2026-10-06T13-47-55.237Z,points-3000-seed-41544c53,miss,spatial_hit_test_sync_ms,ms,168,0.5
Atlas,10690f7a4726+bench,SVG,instrument-2026-10-06T13-47-55.237Z,points-3000-seed-41544c53,miss,spatial_hit_test_sync_ms,ms,169,0.6000001430511475
Atlas,10690f7a4726+bench,SVG,instrument-2026-10-06T13-47-55.237Z,points-3000-seed-41544c53,miss,spatial_hit_test_sync_ms,ms,170,0.7000000476837158
Atlas,10690f7a4726+bench,SVG,instrument-2026-10-06T13-47-55.237Z,points-3000-seed-41544c53,miss,spatial_hit_test_sync_ms,ms,171,0.5999999046325684
Atlas,10690f7a4726+bench,SVG,instrument-2026-10-06T13-47-55.237Z,points-3000-seed-41544c53,miss,spatial_hit_test_sync_ms,ms,172,0.7000000476837158
Atlas,10690f7a4726+bench,SVG,instrument-2026-10-06T13-47-55.237Z,points-3000-seed-41544c53,miss,spatial_hit_test_sync_ms,ms,173,0.7000000476837158
Atlas,10690f7a4726+bench,SVG,instrument-2026-10-06T13-47-55.237Z,points-3000-seed-41544c53,miss,spatial_hit_test_sync_ms,ms,174,0.5999999046325684
Atlas,10690f7a4726+bench,SVG,instrument-2026-10-06T13-47-55.237Z,points-3000-seed-41544c53,miss,spatial_hit_test_sync_ms,ms,175,0.5999999046325684
Atlas,10690f7a4726+bench,SVG,instrument-2026-10-06T13-47-55.237Z,points-3000-seed-41544c53,miss,spatial_hit_test_sync_ms,ms,176,0.6000001430511475
Atlas,10690f7a4726+bench,SVG,instrument-2026-10-06T13-47-55.237Z,points-3000-seed-41544c53,miss,spatial_hit_test_sync_ms,ms,177,0.5999999046325684
Atlas,10690f7a4726+bench,SVG,instrument-2026-10-06T13-47-55.237Z,points-3000-seed-41544c53,miss,spatial_hit_test_sync_ms,ms,178,0.6000001430511475
Atlas,10690f7a4726+bench,SVG,instrument-2026-10-06T13-47-55.237Z,points-3000-seed-41544c53,miss,spatial_hit_test_sync_ms,ms,179,0.6999998092651367
Atlas,10690f7a4726+bench,SVG,instrument-2026-10-06T13-47-55.237Z,points-3000-seed-41544c53,miss,spatial_hit_test_sync_ms,ms,180,0.7000000476837158
Atlas,10690f7a4726+bench,SVG,instrument-2026-10-06T13-47-55.237Z,points-3000-seed-41544c53,miss,spatial_hit_test_sync_ms,ms,181,0.5
Atlas,10690f7a4726+bench,SVG,instrument-2026-10-06T13-47-55.237Z,points-3000-seed-41544c53,miss,spatial_hit_test_sync_ms,ms,182,0.7000000476837158
Atlas,10690f7a4726+bench,SVG,instrument-2026-10-06T13-47-55.237Z,points-3000-seed-41544c53,miss,spatial_hit_test_sync_ms,ms,183,0.7000000476837158
Atlas,10690f7a4726+bench,SVG,instrument-2026-10-06T13-47-55.237Z,points-3000-seed-41544c53,miss,spatial_hit_test_sync_ms,ms,184,0.5999999046325684
Atlas,10690f7a4726+bench,SVG,instrument-2026-10-06T13-47-55.237Z,points-3000-seed-41544c53,miss,spatial_hit_test_sync_ms,ms,185,0.6000001430511475
Atlas,10690f7a4726+bench,SVG,instrument-2026-10-06T13-47-55.237Z,points-3000-seed-41544c53,miss,spatial_hit_test_sync_ms,ms,186,0.6999998092651367
Atlas,10690f7a4726+bench,SVG,instrument-2026-10-06T13-47-55.237Z,points-3000-seed-41544c53,miss,spatial_hit_test_sync_ms,ms,187,0.7000000476837158
Atlas,10690f7a4726+bench,SVG,instrument-2026-10-06T13-47-55.237Z,points-3000-seed-41544c53,miss,spatial_hit_test_sync_ms,ms,188,0.6000001430511475
Atlas,10690f7a4726+bench,SVG,instrument-2026-10-06T13-47-55.237Z,points-3000-seed-41544c53,miss,spatial_hit_test_sync_ms,ms,189,0.5999999046325684
Atlas,10690f7a4726+bench,SVG,instrument-2026-10-06T13-47-55.237Z,points-3000-seed-41544c53,miss,spatial_hit_test_sync_ms,ms,190,0.7000000476837158
Atlas,10690f7a4726+bench,SVG,instrument-2026-10-06T13-47-55.237Z,points-3000-seed-41544c53,miss,spatial_hit_test_sync_ms,ms,191,0.5999999046325684
Atlas,10690f7a4726+bench,SVG,instrument-2026-10-06T13-47-55.237Z,points-3000-seed-41544c53,miss,spatial_hit_test_sync_ms,ms,192,0.7000000476837158
Atlas,10690f7a4726+bench,SVG,instrument-2026-10-06T13-47-55.237Z,points-3000-seed-41544c53,miss,spatial_hit_test_sync_ms,ms,193,0.7000000476837158
Atlas,10690f7a4726+bench,SVG,instrument-2026-10-06T13-47-55.237Z,points-3000-seed-41544c53,miss,spatial_hit_test_sync_ms,ms,194,0.7999999523162842
Atlas,10690f7a4726+bench,SVG,instrument-2026-10-06T13-47-55.237Z,points-3000-seed-41544c53,miss,spatial_hit_test_sync_ms,ms,195,0.7000000476837158
Atlas,10690f7a4726+bench,SVG,instrument-2026-10-06T13-47-55.237Z,points-3000-seed-41544c53,miss,spatial_hit_test_sync_ms,ms,196,0.5999999046325684
Atlas,10690f7a4726+bench,SVG,instrument-2026-10-06T13-47-55.237Z,points-3000-seed-41544c53,miss,spatial_hit_test_sync_ms,ms,197,0.7000000476837158
Atlas,10690f7a4726+bench,SVG,instrument-2026-10-06T13-47-55.237Z,points-3000-seed-41544c53,miss,spatial_hit_test_sync_ms,ms,198,0.7999999523162842
Atlas,10690f7a4726+bench,SVG,instrument-2026-10-06T13-47-55.237Z,points-3000-seed-41544c53,miss,spatial_hit_test_sync_ms,ms,199,0.5
Atlas,10690f7a4726+bench,SVG,instrument-2026-10-06T13-47-55.237Z,points-3000-seed-41544c53,miss,root_iterator_creations,count,0,201
Atlas,10690f7a4726+bench,SVG,instrument-2026-10-06T13-47-55.237Z,points-3000-seed-41544c53,miss,root_iterator_next_calls,count,0,603001
Atlas,10690f7a4726+bench,SVG,instrument-2026-10-06T13-47-55.237Z,points-3000-seed-41544c53,miss,layout_rect_reads,count,0,0
Atlas,10690f7a4726+bench,SVG,instrument-2026-10-06T13-47-55.237Z,points-3000-seed-41544c53,miss,cleanup_renderer_calls,count,0,0
Atlas,10690f7a4726+bench,SVG,instrument-2026-10-06T13-47-55.237Z,points-3000-seed-41544c53,miss,cleanup_stage_children,count,0,0
Atlas,10690f7a4726+bench,SVG,instrument-2026-10-06T13-47-55.237Z,points-3000-seed-41544c53,position-single,operation_sync_ms,ms,0,0.10000014305114746
Atlas,10690f7a4726+bench,SVG,instrument-2026-10-06T13-47-55.237Z,points-3000-seed-41544c53,position-single,operation_to_raf_opportunities_ms,ms,0,29.600000143051147
Atlas,10690f7a4726+bench,SVG,instrument-2026-10-06T13-47-55.237Z,points-3000-seed-41544c53,position-single,root_iterator_creations,count,0,2
Atlas,10690f7a4726+bench,SVG,instrument-2026-10-06T13-47-55.237Z,points-3000-seed-41544c53,position-single,root_iterator_next_calls,count,0,6001
Atlas,10690f7a4726+bench,SVG,instrument-2026-10-06T13-47-55.237Z,points-3000-seed-41544c53,position-single,svg_attribute_writes,count,0,6003
Atlas,10690f7a4726+bench,SVG,instrument-2026-10-06T13-47-55.237Z,points-3000-seed-41544c53,position-single,renderer_scene_reads,count,0,1
Atlas,10690f7a4726+bench,SVG,instrument-2026-10-06T13-47-55.237Z,points-3000-seed-41544c53,position-single,svg_attribute_removals,count,0,3000
Atlas,10690f7a4726+bench,SVG,instrument-2026-10-06T13-47-55.237Z,points-3000-seed-41544c53,position-single,renderer_calls,count,0,1
Atlas,10690f7a4726+bench,SVG,instrument-2026-10-06T13-47-55.237Z,points-3000-seed-41544c53,position-single,layout_rect_reads,count,0,0
Atlas,10690f7a4726+bench,SVG,instrument-2026-10-06T13-47-55.237Z,points-3000-seed-41544c53,position-single,instrumented_renderer_callback_ms,ms,0,3.5
Atlas,10690f7a4726+bench,SVG,instrument-2026-10-06T13-47-55.237Z,points-3000-seed-41544c53,position-single,cleanup_renderer_calls,count,0,0
Atlas,10690f7a4726+bench,SVG,instrument-2026-10-06T13-47-55.237Z,points-3000-seed-41544c53,position-single,cleanup_stage_children,count,0,0
Atlas,10690f7a4726+bench,SVG,instrument-2026-10-06T13-47-55.237Z,points-3000-seed-41544c53,position-series,operation_sync_ms,ms,0,0.09999990463256836
Atlas,10690f7a4726+bench,SVG,instrument-2026-10-06T13-47-55.237Z,points-3000-seed-41544c53,position-series,operation_to_raf_opportunities_ms,ms,0,25.199999809265137
Atlas,10690f7a4726+bench,SVG,instrument-2026-10-06T13-47-55.237Z,points-3000-seed-41544c53,position-series,root_iterator_creations,count,0,2
Atlas,10690f7a4726+bench,SVG,instrument-2026-10-06T13-47-55.237Z,points-3000-seed-41544c53,position-series,root_iterator_next_calls,count,0,6001
Atlas,10690f7a4726+bench,SVG,instrument-2026-10-06T13-47-55.237Z,points-3000-seed-41544c53,position-series,svg_attribute_writes,count,0,6003
Atlas,10690f7a4726+bench,SVG,instrument-2026-10-06T13-47-55.237Z,points-3000-seed-41544c53,position-series,renderer_scene_reads,count,0,1
Atlas,10690f7a4726+bench,SVG,instrument-2026-10-06T13-47-55.237Z,points-3000-seed-41544c53,position-series,svg_attribute_removals,count,0,3000
Atlas,10690f7a4726+bench,SVG,instrument-2026-10-06T13-47-55.237Z,points-3000-seed-41544c53,position-series,renderer_calls,count,0,1
Atlas,10690f7a4726+bench,SVG,instrument-2026-10-06T13-47-55.237Z,points-3000-seed-41544c53,position-series,layout_rect_reads,count,0,0
Atlas,10690f7a4726+bench,SVG,instrument-2026-10-06T13-47-55.237Z,points-3000-seed-41544c53,position-series,instrumented_renderer_callback_ms,ms,0,3.200000047683716
Atlas,10690f7a4726+bench,SVG,instrument-2026-10-06T13-47-55.237Z,points-3000-seed-41544c53,position-series,cleanup_renderer_calls,count,0,0
Atlas,10690f7a4726+bench,SVG,instrument-2026-10-06T13-47-55.237Z,points-3000-seed-41544c53,position-series,cleanup_stage_children,count,0,0
Atlas,10690f7a4726+bench,SVG,instrument-2026-10-06T13-47-55.237Z,points-3000-seed-41544c53,add-100,operation_sync_ms,ms,0,27.799999952316284
Atlas,10690f7a4726+bench,SVG,instrument-2026-10-06T13-47-55.237Z,points-3000-seed-41544c53,add-100,cumulative_operation_ms,ms,100,27.799999952316284
Atlas,10690f7a4726+bench,SVG,instrument-2026-10-06T13-47-55.237Z,points-3000-seed-41544c53,add-100,operation_to_raf_opportunities_ms,ms,0,49.200000047683716
Atlas,10690f7a4726+bench,SVG,instrument-2026-10-06T13-47-55.237Z,points-3000-seed-41544c53,add-100,root_iterator_creations,count,0,103
Atlas,10690f7a4726+bench,SVG,instrument-2026-10-06T13-47-55.237Z,points-3000-seed-41544c53,add-100,root_iterator_next_calls,count,0,311152
Atlas,10690f7a4726+bench,SVG,instrument-2026-10-06T13-47-55.237Z,points-3000-seed-41544c53,add-100,svg_attribute_writes,count,0,6803
Atlas,10690f7a4726+bench,SVG,instrument-2026-10-06T13-47-55.237Z,points-3000-seed-41544c53,add-100,renderer_scene_reads,count,0,1
Atlas,10690f7a4726+bench,SVG,instrument-2026-10-06T13-47-55.237Z,points-3000-seed-41544c53,add-100,renderer_scene_membership_changes,count,0,1
Atlas,10690f7a4726+bench,SVG,instrument-2026-10-06T13-47-55.237Z,points-3000-seed-41544c53,add-100,svg_attribute_removals,count,0,3100
Atlas,10690f7a4726+bench,SVG,instrument-2026-10-06T13-47-55.237Z,points-3000-seed-41544c53,add-100,renderer_calls,count,0,1
Atlas,10690f7a4726+bench,SVG,instrument-2026-10-06T13-47-55.237Z,points-3000-seed-41544c53,add-100,layout_rect_reads,count,0,0
Atlas,10690f7a4726+bench,SVG,instrument-2026-10-06T13-47-55.237Z,points-3000-seed-41544c53,add-100,instrumented_renderer_callback_ms,ms,0,4.799999952316284
Atlas,10690f7a4726+bench,SVG,instrument-2026-10-06T13-47-55.237Z,points-3000-seed-41544c53,add-100,cleanup_renderer_calls,count,0,0
Atlas,10690f7a4726+bench,SVG,instrument-2026-10-06T13-47-55.237Z,points-3000-seed-41544c53,add-100,cleanup_stage_children,count,0,0
Atlas,10690f7a4726+bench,SVG,instrument-2026-10-06T13-47-55.237Z,points-3000-seed-41544c53,add-500,operation_sync_ms,ms,0,139.20000004768372
Atlas,10690f7a4726+bench,SVG,instrument-2026-10-06T13-47-55.237Z,points-3000-seed-41544c53,add-500,cumulative_operation_ms,ms,100,33.799999952316284
Atlas,10690f7a4726+bench,SVG,instrument-2026-10-06T13-47-55.237Z,points-3000-seed-41544c53,add-500,cumulative_operation_ms,ms,200,60.700000047683716
Atlas,10690f7a4726+bench,SVG,instrument-2026-10-06T13-47-55.237Z,points-3000-seed-41544c53,add-500,cumulative_operation_ms,ms,300,85.09999990463257
Atlas,10690f7a4726+bench,SVG,instrument-2026-10-06T13-47-55.237Z,points-3000-seed-41544c53,add-500,cumulative_operation_ms,ms,400,112.89999985694885
Atlas,10690f7a4726+bench,SVG,instrument-2026-10-06T13-47-55.237Z,points-3000-seed-41544c53,add-500,cumulative_operation_ms,ms,500,139.20000004768372
Atlas,10690f7a4726+bench,SVG,instrument-2026-10-06T13-47-55.237Z,points-3000-seed-41544c53,add-500,operation_to_raf_opportunities_ms,ms,0,165.20000004768372
Atlas,10690f7a4726+bench,SVG,instrument-2026-10-06T13-47-55.237Z,points-3000-seed-41544c53,add-500,root_iterator_creations,count,0,503
Atlas,10690f7a4726+bench,SVG,instrument-2026-10-06T13-47-55.237Z,points-3000-seed-41544c53,add-500,root_iterator_next_calls,count,0,1631752
Atlas,10690f7a4726+bench,SVG,instrument-2026-10-06T13-47-55.237Z,points-3000-seed-41544c53,add-500,svg_attribute_writes,count,0,10003
Atlas,10690f7a4726+bench,SVG,instrument-2026-10-06T13-47-55.237Z,points-3000-seed-41544c53,add-500,renderer_scene_reads,count,0,1
Atlas,10690f7a4726+bench,SVG,instrument-2026-10-06T13-47-55.237Z,points-3000-seed-41544c53,add-500,renderer_scene_membership_changes,count,0,1
Atlas,10690f7a4726+bench,SVG,instrument-2026-10-06T13-47-55.237Z,points-3000-seed-41544c53,add-500,svg_attribute_removals,count,0,3500
Atlas,10690f7a4726+bench,SVG,instrument-2026-10-06T13-47-55.237Z,points-3000-seed-41544c53,add-500,renderer_calls,count,0,1
Atlas,10690f7a4726+bench,SVG,instrument-2026-10-06T13-47-55.237Z,points-3000-seed-41544c53,add-500,layout_rect_reads,count,0,0
Atlas,10690f7a4726+bench,SVG,instrument-2026-10-06T13-47-55.237Z,points-3000-seed-41544c53,add-500,instrumented_renderer_callback_ms,ms,0,6.299999952316284
Atlas,10690f7a4726+bench,SVG,instrument-2026-10-06T13-47-55.237Z,points-3000-seed-41544c53,add-500,cleanup_renderer_calls,count,0,0
Atlas,10690f7a4726+bench,SVG,instrument-2026-10-06T13-47-55.237Z,points-3000-seed-41544c53,add-500,cleanup_stage_children,count,0,0
Atlas,10690f7a4726+bench,SVG,instrument-2026-10-06T13-47-55.237Z,points-3000-seed-41544c53,add-1000,operation_sync_ms,ms,0,266.90000009536743
Atlas,10690f7a4726+bench,SVG,instrument-2026-10-06T13-47-55.237Z,points-3000-seed-41544c53,add-1000,cumulative_operation_ms,ms,100,24
Atlas,10690f7a4726+bench,SVG,instrument-2026-10-06T13-47-55.237Z,points-3000-seed-41544c53,add-1000,cumulative_operation_ms,ms,200,48.60000014305115
Atlas,10690f7a4726+bench,SVG,instrument-2026-10-06T13-47-55.237Z,points-3000-seed-41544c53,add-1000,cumulative_operation_ms,ms,300,73.5
Atlas,10690f7a4726+bench,SVG,instrument-2026-10-06T13-47-55.237Z,points-3000-seed-41544c53,add-1000,cumulative_operation_ms,ms,400,99.30000019073486
Atlas,10690f7a4726+bench,SVG,instrument-2026-10-06T13-47-55.237Z,points-3000-seed-41544c53,add-1000,cumulative_operation_ms,ms,500,125.40000009536743
Atlas,10690f7a4726+bench,SVG,instrument-2026-10-06T13-47-55.237Z,points-3000-seed-41544c53,add-1000,cumulative_operation_ms,ms,600,151.5
Atlas,10690f7a4726+bench,SVG,instrument-2026-10-06T13-47-55.237Z,points-3000-seed-41544c53,add-1000,cumulative_operation_ms,ms,700,179.80000019073486
Atlas,10690f7a4726+bench,SVG,instrument-2026-10-06T13-47-55.237Z,points-3000-seed-41544c53,add-1000,cumulative_operation_ms,ms,800,208.20000004768372
Atlas,10690f7a4726+bench,SVG,instrument-2026-10-06T13-47-55.237Z,points-3000-seed-41544c53,add-1000,cumulative_operation_ms,ms,900,236.30000019073486
Atlas,10690f7a4726+bench,SVG,instrument-2026-10-06T13-47-55.237Z,points-3000-seed-41544c53,add-1000,cumulative_operation_ms,ms,1000,266.90000009536743
Atlas,10690f7a4726+bench,SVG,instrument-2026-10-06T13-47-55.237Z,points-3000-seed-41544c53,add-1000,operation_to_raf_opportunities_ms,ms,0,298.90000009536743
Atlas,10690f7a4726+bench,SVG,instrument-2026-10-06T13-47-55.237Z,points-3000-seed-41544c53,add-1000,root_iterator_creations,count,0,1003
Atlas,10690f7a4726+bench,SVG,instrument-2026-10-06T13-47-55.237Z,points-3000-seed-41544c53,add-1000,root_iterator_next_calls,count,0,3507502
Atlas,10690f7a4726+bench,SVG,instrument-2026-10-06T13-47-55.237Z,points-3000-seed-41544c53,add-1000,svg_attribute_writes,count,0,14003
Atlas,10690f7a4726+bench,SVG,instrument-2026-10-06T13-47-55.237Z,points-3000-seed-41544c53,add-1000,renderer_scene_reads,count,0,1
Atlas,10690f7a4726+bench,SVG,instrument-2026-10-06T13-47-55.237Z,points-3000-seed-41544c53,add-1000,renderer_scene_membership_changes,count,0,1
Atlas,10690f7a4726+bench,SVG,instrument-2026-10-06T13-47-55.237Z,points-3000-seed-41544c53,add-1000,svg_attribute_removals,count,0,4000
Atlas,10690f7a4726+bench,SVG,instrument-2026-10-06T13-47-55.237Z,points-3000-seed-41544c53,add-1000,renderer_calls,count,0,1
Atlas,10690f7a4726+bench,SVG,instrument-2026-10-06T13-47-55.237Z,points-3000-seed-41544c53,add-1000,layout_rect_reads,count,0,0
Atlas,10690f7a4726+bench,SVG,instrument-2026-10-06T13-47-55.237Z,points-3000-seed-41544c53,add-1000,instrumented_renderer_callback_ms,ms,0,7.8999998569488525
Atlas,10690f7a4726+bench,SVG,instrument-2026-10-06T13-47-55.237Z,points-3000-seed-41544c53,add-1000,cleanup_renderer_calls,count,0,0
Atlas,10690f7a4726+bench,SVG,instrument-2026-10-06T13-47-55.237Z,points-3000-seed-41544c53,add-1000,cleanup_stage_children,count,0,0
Atlas,10690f7a4726+bench,SVG,instrument-2026-10-06T13-47-55.237Z,points-3000-seed-41544c53,remove-100,operation_sync_ms,ms,0,26.09999990463257
Atlas,10690f7a4726+bench,SVG,instrument-2026-10-06T13-47-55.237Z,points-3000-seed-41544c53,remove-100,cumulative_operation_ms,ms,100,26.09999990463257
Atlas,10690f7a4726+bench,SVG,instrument-2026-10-06T13-47-55.237Z,points-3000-seed-41544c53,remove-100,operation_to_raf_opportunities_ms,ms,0,45.09999990463257
Atlas,10690f7a4726+bench,SVG,instrument-2026-10-06T13-47-55.237Z,points-3000-seed-41544c53,remove-100,root_iterator_creations,count,0,103
Atlas,10690f7a4726+bench,SVG,instrument-2026-10-06T13-47-55.237Z,points-3000-seed-41544c53,remove-100,root_iterator_next_calls,count,0,300952
Atlas,10690f7a4726+bench,SVG,instrument-2026-10-06T13-47-55.237Z,points-3000-seed-41544c53,remove-100,svg_attribute_writes,count,0,5803
Atlas,10690f7a4726+bench,SVG,instrument-2026-10-06T13-47-55.237Z,points-3000-seed-41544c53,remove-100,renderer_scene_reads,count,0,1
Atlas,10690f7a4726+bench,SVG,instrument-2026-10-06T13-47-55.237Z,points-3000-seed-41544c53,remove-100,renderer_scene_membership_changes,count,0,1
Atlas,10690f7a4726+bench,SVG,instrument-2026-10-06T13-47-55.237Z,points-3000-seed-41544c53,remove-100,svg_attribute_removals,count,0,2900
Atlas,10690f7a4726+bench,SVG,instrument-2026-10-06T13-47-55.237Z,points-3000-seed-41544c53,remove-100,renderer_calls,count,0,1
Atlas,10690f7a4726+bench,SVG,instrument-2026-10-06T13-47-55.237Z,points-3000-seed-41544c53,remove-100,layout_rect_reads,count,0,0
Atlas,10690f7a4726+bench,SVG,instrument-2026-10-06T13-47-55.237Z,points-3000-seed-41544c53,remove-100,instrumented_renderer_callback_ms,ms,0,4.299999952316284
Atlas,10690f7a4726+bench,SVG,instrument-2026-10-06T13-47-55.237Z,points-3000-seed-41544c53,remove-100,cleanup_renderer_calls,count,0,0
Atlas,10690f7a4726+bench,SVG,instrument-2026-10-06T13-47-55.237Z,points-3000-seed-41544c53,remove-100,cleanup_stage_children,count,0,0
Atlas,10690f7a4726+bench,SVG,instrument-2026-10-06T13-47-55.237Z,points-3000-seed-41544c53,remove-500,operation_sync_ms,ms,0,118.10000014305115
Atlas,10690f7a4726+bench,SVG,instrument-2026-10-06T13-47-55.237Z,points-3000-seed-41544c53,remove-500,cumulative_operation_ms,ms,100,26
Atlas,10690f7a4726+bench,SVG,instrument-2026-10-06T13-47-55.237Z,points-3000-seed-41544c53,remove-500,cumulative_operation_ms,ms,200,51.5
Atlas,10690f7a4726+bench,SVG,instrument-2026-10-06T13-47-55.237Z,points-3000-seed-41544c53,remove-500,cumulative_operation_ms,ms,300,74.79999995231628
Atlas,10690f7a4726+bench,SVG,instrument-2026-10-06T13-47-55.237Z,points-3000-seed-41544c53,remove-500,cumulative_operation_ms,ms,400,96.5
Atlas,10690f7a4726+bench,SVG,instrument-2026-10-06T13-47-55.237Z,points-3000-seed-41544c53,remove-500,cumulative_operation_ms,ms,500,118.10000014305115
Atlas,10690f7a4726+bench,SVG,instrument-2026-10-06T13-47-55.237Z,points-3000-seed-41544c53,remove-500,operation_to_raf_opportunities_ms,ms,0,136.10000014305115
Atlas,10690f7a4726+bench,SVG,instrument-2026-10-06T13-47-55.237Z,points-3000-seed-41544c53,remove-500,root_iterator_creations,count,0,503
Atlas,10690f7a4726+bench,SVG,instrument-2026-10-06T13-47-55.237Z,points-3000-seed-41544c53,remove-500,root_iterator_next_calls,count,0,1380752
Atlas,10690f7a4726+bench,SVG,instrument-2026-10-06T13-47-55.237Z,points-3000-seed-41544c53,remove-500,svg_attribute_writes,count,0,5003
Atlas,10690f7a4726+bench,SVG,instrument-2026-10-06T13-47-55.237Z,points-3000-seed-41544c53,remove-500,renderer_scene_reads,count,0,1
Atlas,10690f7a4726+bench,SVG,instrument-2026-10-06T13-47-55.237Z,points-3000-seed-41544c53,remove-500,renderer_scene_membership_changes,count,0,1
Atlas,10690f7a4726+bench,SVG,instrument-2026-10-06T13-47-55.237Z,points-3000-seed-41544c53,remove-500,svg_attribute_removals,count,0,2500
Atlas,10690f7a4726+bench,SVG,instrument-2026-10-06T13-47-55.237Z,points-3000-seed-41544c53,remove-500,renderer_calls,count,0,1
Atlas,10690f7a4726+bench,SVG,instrument-2026-10-06T13-47-55.237Z,points-3000-seed-41544c53,remove-500,layout_rect_reads,count,0,0
Atlas,10690f7a4726+bench,SVG,instrument-2026-10-06T13-47-55.237Z,points-3000-seed-41544c53,remove-500,instrumented_renderer_callback_ms,ms,0,4.200000047683716
Atlas,10690f7a4726+bench,SVG,instrument-2026-10-06T13-47-55.237Z,points-3000-seed-41544c53,remove-500,cleanup_renderer_calls,count,0,0
Atlas,10690f7a4726+bench,SVG,instrument-2026-10-06T13-47-55.237Z,points-3000-seed-41544c53,remove-500,cleanup_stage_children,count,0,0
Atlas,10690f7a4726+bench,SVG,instrument-2026-10-06T13-47-55.237Z,points-3000-seed-41544c53,remove-1000,operation_sync_ms,ms,0,213.70000004768372
Atlas,10690f7a4726+bench,SVG,instrument-2026-10-06T13-47-55.237Z,points-3000-seed-41544c53,remove-1000,cumulative_operation_ms,ms,100,26.200000047683716
Atlas,10690f7a4726+bench,SVG,instrument-2026-10-06T13-47-55.237Z,points-3000-seed-41544c53,remove-1000,cumulative_operation_ms,ms,200,51.5
Atlas,10690f7a4726+bench,SVG,instrument-2026-10-06T13-47-55.237Z,points-3000-seed-41544c53,remove-1000,cumulative_operation_ms,ms,300,74.70000004768372
Atlas,10690f7a4726+bench,SVG,instrument-2026-10-06T13-47-55.237Z,points-3000-seed-41544c53,remove-1000,cumulative_operation_ms,ms,400,96.40000009536743
Atlas,10690f7a4726+bench,SVG,instrument-2026-10-06T13-47-55.237Z,points-3000-seed-41544c53,remove-1000,cumulative_operation_ms,ms,500,118
Atlas,10690f7a4726+bench,SVG,instrument-2026-10-06T13-47-55.237Z,points-3000-seed-41544c53,remove-1000,cumulative_operation_ms,ms,600,138.90000009536743
Atlas,10690f7a4726+bench,SVG,instrument-2026-10-06T13-47-55.237Z,points-3000-seed-41544c53,remove-1000,cumulative_operation_ms,ms,700,158.90000009536743
Atlas,10690f7a4726+bench,SVG,instrument-2026-10-06T13-47-55.237Z,points-3000-seed-41544c53,remove-1000,cumulative_operation_ms,ms,800,178.20000004768372
Atlas,10690f7a4726+bench,SVG,instrument-2026-10-06T13-47-55.237Z,points-3000-seed-41544c53,remove-1000,cumulative_operation_ms,ms,900,196.70000004768372
Atlas,10690f7a4726+bench,SVG,instrument-2026-10-06T13-47-55.237Z,points-3000-seed-41544c53,remove-1000,cumulative_operation_ms,ms,1000,213.70000004768372
Atlas,10690f7a4726+bench,SVG,instrument-2026-10-06T13-47-55.237Z,points-3000-seed-41544c53,remove-1000,operation_to_raf_opportunities_ms,ms,0,230.79999995231628
Atlas,10690f7a4726+bench,SVG,instrument-2026-10-06T13-47-55.237Z,points-3000-seed-41544c53,remove-1000,root_iterator_creations,count,0,1003
Atlas,10690f7a4726+bench,SVG,instrument-2026-10-06T13-47-55.237Z,points-3000-seed-41544c53,remove-1000,root_iterator_next_calls,count,0,2505502
Atlas,10690f7a4726+bench,SVG,instrument-2026-10-06T13-47-55.237Z,points-3000-seed-41544c53,remove-1000,svg_attribute_writes,count,0,4003
Atlas,10690f7a4726+bench,SVG,instrument-2026-10-06T13-47-55.237Z,points-3000-seed-41544c53,remove-1000,renderer_scene_reads,count,0,1
Atlas,10690f7a4726+bench,SVG,instrument-2026-10-06T13-47-55.237Z,points-3000-seed-41544c53,remove-1000,renderer_scene_membership_changes,count,0,1
Atlas,10690f7a4726+bench,SVG,instrument-2026-10-06T13-47-55.237Z,points-3000-seed-41544c53,remove-1000,svg_attribute_removals,count,0,2000
Atlas,10690f7a4726+bench,SVG,instrument-2026-10-06T13-47-55.237Z,points-3000-seed-41544c53,remove-1000,renderer_calls,count,0,1
Atlas,10690f7a4726+bench,SVG,instrument-2026-10-06T13-47-55.237Z,points-3000-seed-41544c53,remove-1000,layout_rect_reads,count,0,0
Atlas,10690f7a4726+bench,SVG,instrument-2026-10-06T13-47-55.237Z,points-3000-seed-41544c53,remove-1000,instrumented_renderer_callback_ms,ms,0,4
Atlas,10690f7a4726+bench,SVG,instrument-2026-10-06T13-47-55.237Z,points-3000-seed-41544c53,remove-1000,cleanup_renderer_calls,count,0,0
Atlas,10690f7a4726+bench,SVG,instrument-2026-10-06T13-47-55.237Z,points-3000-seed-41544c53,remove-1000,cleanup_stage_children,count,0,0
Atlas,10690f7a4726+bench,SVG,instrument-2026-10-06T13-47-55.237Z,points-3000-seed-41544c53,wheel-input,synthetic_wheel_dispatch_sync_ms,ms,0,0
Atlas,10690f7a4726+bench,SVG,instrument-2026-10-06T13-47-55.237Z,points-3000-seed-41544c53,wheel-input,synthetic_wheel_dispatch_sync_ms,ms,1,0.09999990463256836
Atlas,10690f7a4726+bench,SVG,instrument-2026-10-06T13-47-55.237Z,points-3000-seed-41544c53,wheel-input,synthetic_wheel_dispatch_sync_ms,ms,2,0.09999990463256836
Atlas,10690f7a4726+bench,SVG,instrument-2026-10-06T13-47-55.237Z,points-3000-seed-41544c53,wheel-input,synthetic_wheel_dispatch_sync_ms,ms,3,0.10000014305114746
Atlas,10690f7a4726+bench,SVG,instrument-2026-10-06T13-47-55.237Z,points-3000-seed-41544c53,wheel-input,synthetic_wheel_dispatch_sync_ms,ms,4,0
Atlas,10690f7a4726+bench,SVG,instrument-2026-10-06T13-47-55.237Z,points-3000-seed-41544c53,wheel-input,synthetic_wheel_dispatch_sync_ms,ms,5,0
Atlas,10690f7a4726+bench,SVG,instrument-2026-10-06T13-47-55.237Z,points-3000-seed-41544c53,wheel-input,synthetic_wheel_dispatch_sync_ms,ms,6,0
Atlas,10690f7a4726+bench,SVG,instrument-2026-10-06T13-47-55.237Z,points-3000-seed-41544c53,wheel-input,synthetic_wheel_dispatch_sync_ms,ms,7,0.09999990463256836
Atlas,10690f7a4726+bench,SVG,instrument-2026-10-06T13-47-55.237Z,points-3000-seed-41544c53,wheel-input,synthetic_wheel_dispatch_sync_ms,ms,8,0.09999990463256836
Atlas,10690f7a4726+bench,SVG,instrument-2026-10-06T13-47-55.237Z,points-3000-seed-41544c53,wheel-input,synthetic_wheel_dispatch_sync_ms,ms,9,0
Atlas,10690f7a4726+bench,SVG,instrument-2026-10-06T13-47-55.237Z,points-3000-seed-41544c53,wheel-input,layout_rect_reads,count,0,52
Atlas,10690f7a4726+bench,SVG,instrument-2026-10-06T13-47-55.237Z,points-3000-seed-41544c53,wheel-input,svg_attribute_writes,count,0,60030
Atlas,10690f7a4726+bench,SVG,instrument-2026-10-06T13-47-55.237Z,points-3000-seed-41544c53,wheel-input,renderer_scene_reads,count,0,10
Atlas,10690f7a4726+bench,SVG,instrument-2026-10-06T13-47-55.237Z,points-3000-seed-41544c53,wheel-input,root_iterator_creations,count,0,10
Atlas,10690f7a4726+bench,SVG,instrument-2026-10-06T13-47-55.237Z,points-3000-seed-41544c53,wheel-input,root_iterator_next_calls,count,0,30000
Atlas,10690f7a4726+bench,SVG,instrument-2026-10-06T13-47-55.237Z,points-3000-seed-41544c53,wheel-input,svg_attribute_removals,count,0,30000
Atlas,10690f7a4726+bench,SVG,instrument-2026-10-06T13-47-55.237Z,points-3000-seed-41544c53,wheel-input,renderer_calls,count,0,10
Atlas,10690f7a4726+bench,SVG,instrument-2026-10-06T13-47-55.237Z,points-3000-seed-41544c53,wheel-input,instrumented_renderer_callback_ms,ms,0,3.6999998092651367
Atlas,10690f7a4726+bench,SVG,instrument-2026-10-06T13-47-55.237Z,points-3000-seed-41544c53,wheel-input,instrumented_renderer_callback_ms,ms,1,3.799999952316284
Atlas,10690f7a4726+bench,SVG,instrument-2026-10-06T13-47-55.237Z,points-3000-seed-41544c53,wheel-input,instrumented_renderer_callback_ms,ms,2,3.700000047683716
Atlas,10690f7a4726+bench,SVG,instrument-2026-10-06T13-47-55.237Z,points-3000-seed-41544c53,wheel-input,instrumented_renderer_callback_ms,ms,3,3.5
Atlas,10690f7a4726+bench,SVG,instrument-2026-10-06T13-47-55.237Z,points-3000-seed-41544c53,wheel-input,instrumented_renderer_callback_ms,ms,4,3.5999999046325684
Atlas,10690f7a4726+bench,SVG,instrument-2026-10-06T13-47-55.237Z,points-3000-seed-41544c53,wheel-input,instrumented_renderer_callback_ms,ms,5,3.5999999046325684
Atlas,10690f7a4726+bench,SVG,instrument-2026-10-06T13-47-55.237Z,points-3000-seed-41544c53,wheel-input,instrumented_renderer_callback_ms,ms,6,3.8999998569488525
Atlas,10690f7a4726+bench,SVG,instrument-2026-10-06T13-47-55.237Z,points-3000-seed-41544c53,wheel-input,instrumented_renderer_callback_ms,ms,7,3.6000001430511475
Atlas,10690f7a4726+bench,SVG,instrument-2026-10-06T13-47-55.237Z,points-3000-seed-41544c53,wheel-input,instrumented_renderer_callback_ms,ms,8,3.5999999046325684
Atlas,10690f7a4726+bench,SVG,instrument-2026-10-06T13-47-55.237Z,points-3000-seed-41544c53,wheel-input,instrumented_renderer_callback_ms,ms,9,3.5999999046325684
Atlas,10690f7a4726+bench,SVG,instrument-2026-10-06T13-47-55.237Z,points-3000-seed-41544c53,wheel-input,cleanup_renderer_calls,count,0,0
Atlas,10690f7a4726+bench,SVG,instrument-2026-10-06T13-47-55.237Z,points-3000-seed-41544c53,wheel-input,cleanup_stage_children,count,0,0
Atlas,10690f7a4726+bench,SVG,instrument-2026-10-06T13-47-55.237Z,points-5000-seed-41544c53,load,load_promise_ms,ms,0,22.799999952316284
Atlas,10690f7a4726+bench,SVG,instrument-2026-10-06T13-47-55.237Z,points-5000-seed-41544c53,load,create_to_raf_opportunities_ms,ms,0,121
Atlas,10690f7a4726+bench,SVG,instrument-2026-10-06T13-47-55.237Z,points-5000-seed-41544c53,load,semantic_roots,count,0,5000
Atlas,10690f7a4726+bench,SVG,instrument-2026-10-06T13-47-55.237Z,points-5000-seed-41544c53,load,owned_points,count,0,0
Atlas,10690f7a4726+bench,SVG,instrument-2026-10-06T13-47-55.237Z,points-5000-seed-41544c53,load,visual_primitives,count,0,5000
Atlas,10690f7a4726+bench,SVG,instrument-2026-10-06T13-47-55.237Z,points-5000-seed-41544c53,load,svg_element_nodes,count,0,10002
Atlas,10690f7a4726+bench,SVG,instrument-2026-10-06T13-47-55.237Z,points-5000-seed-41544c53,load,shadow_element_nodes,count,0,10003
Atlas,10690f7a4726+bench,SVG,instrument-2026-10-06T13-47-55.237Z,points-5000-seed-41544c53,load,shadow_dom_nodes,count,0,10006
Atlas,10690f7a4726+bench,SVG,instrument-2026-10-06T13-47-55.237Z,points-5000-seed-41544c53,load,root_iterator_creations,count,0,5
Atlas,10690f7a4726+bench,SVG,instrument-2026-10-06T13-47-55.237Z,points-5000-seed-41544c53,load,root_iterator_next_calls,count,0,20003
Atlas,10690f7a4726+bench,SVG,instrument-2026-10-06T13-47-55.237Z,points-5000-seed-41544c53,load,svg_attribute_writes,count,0,40009
Atlas,10690f7a4726+bench,SVG,instrument-2026-10-06T13-47-55.237Z,points-5000-seed-41544c53,load,renderer_calls,count,0,2
Atlas,10690f7a4726+bench,SVG,instrument-2026-10-06T13-47-55.237Z,points-5000-seed-41544c53,load,renderer_scene_reads,count,0,2
Atlas,10690f7a4726+bench,SVG,instrument-2026-10-06T13-47-55.237Z,points-5000-seed-41544c53,load,svg_attribute_removals,count,0,5000
Atlas,10690f7a4726+bench,SVG,instrument-2026-10-06T13-47-55.237Z,points-5000-seed-41544c53,load,layout_rect_reads,count,0,0
Atlas,10690f7a4726+bench,SVG,instrument-2026-10-06T13-47-55.237Z,points-5000-seed-41544c53,load,instrumented_renderer_callback_ms,ms,0,0
Atlas,10690f7a4726+bench,SVG,instrument-2026-10-06T13-47-55.237Z,points-5000-seed-41544c53,load,instrumented_renderer_callback_ms,ms,1,6.400000095367432
Atlas,10690f7a4726+bench,SVG,instrument-2026-10-06T13-47-55.237Z,points-5000-seed-41544c53,load,instrumented_prepare_promise_ms,ms,0,8.599999904632568
Atlas,10690f7a4726+bench,SVG,instrument-2026-10-06T13-47-55.237Z,points-5000-seed-41544c53,load,cleanup_renderer_calls,count,0,0
Atlas,10690f7a4726+bench,SVG,instrument-2026-10-06T13-47-55.237Z,points-5000-seed-41544c53,load,cleanup_stage_children,count,0,0
Atlas,10690f7a4726+bench,SVG,instrument-2026-10-06T13-47-55.237Z,points-5000-seed-41544c53,pan,frame_interval_ms,ms,0,16.699999999982538
Atlas,10690f7a4726+bench,SVG,instrument-2026-10-06T13-47-55.237Z,points-5000-seed-41544c53,pan,camera_api_sync_ms,ms,0,0
Atlas,10690f7a4726+bench,SVG,instrument-2026-10-06T13-47-55.237Z,points-5000-seed-41544c53,pan,frame_interval_ms,ms,1,16.70000000001164
Atlas,10690f7a4726+bench,SVG,instrument-2026-10-06T13-47-55.237Z,points-5000-seed-41544c53,pan,camera_api_sync_ms,ms,1,0
Atlas,10690f7a4726+bench,SVG,instrument-2026-10-06T13-47-55.237Z,points-5000-seed-41544c53,pan,frame_interval_ms,ms,2,16.70000000001164
Atlas,10690f7a4726+bench,SVG,instrument-2026-10-06T13-47-55.237Z,points-5000-seed-41544c53,pan,camera_api_sync_ms,ms,2,0
Atlas,10690f7a4726+bench,SVG,instrument-2026-10-06T13-47-55.237Z,points-5000-seed-41544c53,pan,frame_interval_ms,ms,3,33.39999999999418
Atlas,10690f7a4726+bench,SVG,instrument-2026-10-06T13-47-55.237Z,points-5000-seed-41544c53,pan,camera_api_sync_ms,ms,3,0
Atlas,10690f7a4726+bench,SVG,instrument-2026-10-06T13-47-55.237Z,points-5000-seed-41544c53,pan,frame_interval_ms,ms,4,33.29999999998836
Atlas,10690f7a4726+bench,SVG,instrument-2026-10-06T13-47-55.237Z,points-5000-seed-41544c53,pan,camera_api_sync_ms,ms,4,0
Atlas,10690f7a4726+bench,SVG,instrument-2026-10-06T13-47-55.237Z,points-5000-seed-41544c53,pan,frame_interval_ms,ms,5,16.70000000001164
Atlas,10690f7a4726+bench,SVG,instrument-2026-10-06T13-47-55.237Z,points-5000-seed-41544c53,pan,camera_api_sync_ms,ms,5,0
Atlas,10690f7a4726+bench,SVG,instrument-2026-10-06T13-47-55.237Z,points-5000-seed-41544c53,pan,frame_interval_ms,ms,6,33.29999999998836
Atlas,10690f7a4726+bench,SVG,instrument-2026-10-06T13-47-55.237Z,points-5000-seed-41544c53,pan,camera_api_sync_ms,ms,6,0
Atlas,10690f7a4726+bench,SVG,instrument-2026-10-06T13-47-55.237Z,points-5000-seed-41544c53,pan,frame_interval_ms,ms,7,33.39999999999418
Atlas,10690f7a4726+bench,SVG,instrument-2026-10-06T13-47-55.237Z,points-5000-seed-41544c53,pan,camera_api_sync_ms,ms,7,0
Atlas,10690f7a4726+bench,SVG,instrument-2026-10-06T13-47-55.237Z,points-5000-seed-41544c53,pan,frame_interval_ms,ms,8,16.70000000001164
Atlas,10690f7a4726+bench,SVG,instrument-2026-10-06T13-47-55.237Z,points-5000-seed-41544c53,pan,camera_api_sync_ms,ms,8,0
Atlas,10690f7a4726+bench,SVG,instrument-2026-10-06T13-47-55.237Z,points-5000-seed-41544c53,pan,frame_interval_ms,ms,9,50
Atlas,10690f7a4726+bench,SVG,instrument-2026-10-06T13-47-55.237Z,points-5000-seed-41544c53,pan,camera_api_sync_ms,ms,9,0
Atlas,10690f7a4726+bench,SVG,instrument-2026-10-06T13-47-55.237Z,points-5000-seed-41544c53,pan,frame_interval_ms,ms,10,33.39999999999418
Atlas,10690f7a4726+bench,SVG,instrument-2026-10-06T13-47-55.237Z,points-5000-seed-41544c53,pan,camera_api_sync_ms,ms,10,0.10000014305114746
Atlas,10690f7a4726+bench,SVG,instrument-2026-10-06T13-47-55.237Z,points-5000-seed-41544c53,pan,frame_interval_ms,ms,11,16.70000000001164
Atlas,10690f7a4726+bench,SVG,instrument-2026-10-06T13-47-55.237Z,points-5000-seed-41544c53,pan,camera_api_sync_ms,ms,11,0
Atlas,10690f7a4726+bench,SVG,instrument-2026-10-06T13-47-55.237Z,points-5000-seed-41544c53,pan,frame_interval_ms,ms,12,33.29999999998836
Atlas,10690f7a4726+bench,SVG,instrument-2026-10-06T13-47-55.237Z,points-5000-seed-41544c53,pan,camera_api_sync_ms,ms,12,0
Atlas,10690f7a4726+bench,SVG,instrument-2026-10-06T13-47-55.237Z,points-5000-seed-41544c53,pan,frame_interval_ms,ms,13,33.39999999999418
Atlas,10690f7a4726+bench,SVG,instrument-2026-10-06T13-47-55.237Z,points-5000-seed-41544c53,pan,camera_api_sync_ms,ms,13,0
Atlas,10690f7a4726+bench,SVG,instrument-2026-10-06T13-47-55.237Z,points-5000-seed-41544c53,pan,frame_interval_ms,ms,14,33.40000000002328
Atlas,10690f7a4726+bench,SVG,instrument-2026-10-06T13-47-55.237Z,points-5000-seed-41544c53,pan,camera_api_sync_ms,ms,14,0
Atlas,10690f7a4726+bench,SVG,instrument-2026-10-06T13-47-55.237Z,points-5000-seed-41544c53,pan,frame_interval_ms,ms,15,16.599999999976717
Atlas,10690f7a4726+bench,SVG,instrument-2026-10-06T13-47-55.237Z,points-5000-seed-41544c53,pan,camera_api_sync_ms,ms,15,0
Atlas,10690f7a4726+bench,SVG,instrument-2026-10-06T13-47-55.237Z,points-5000-seed-41544c53,pan,frame_interval_ms,ms,16,33.40000000002328
Atlas,10690f7a4726+bench,SVG,instrument-2026-10-06T13-47-55.237Z,points-5000-seed-41544c53,pan,camera_api_sync_ms,ms,16,0.10000014305114746
Atlas,10690f7a4726+bench,SVG,instrument-2026-10-06T13-47-55.237Z,points-5000-seed-41544c53,pan,frame_interval_ms,ms,17,33.39999999999418
Atlas,10690f7a4726+bench,SVG,instrument-2026-10-06T13-47-55.237Z,points-5000-seed-41544c53,pan,camera_api_sync_ms,ms,17,0
Atlas,10690f7a4726+bench,SVG,instrument-2026-10-06T13-47-55.237Z,points-5000-seed-41544c53,pan,frame_interval_ms,ms,18,33.29999999998836
Atlas,10690f7a4726+bench,SVG,instrument-2026-10-06T13-47-55.237Z,points-5000-seed-41544c53,pan,camera_api_sync_ms,ms,18,0
Atlas,10690f7a4726+bench,SVG,instrument-2026-10-06T13-47-55.237Z,points-5000-seed-41544c53,pan,frame_interval_ms,ms,19,16.70000000001164
Atlas,10690f7a4726+bench,SVG,instrument-2026-10-06T13-47-55.237Z,points-5000-seed-41544c53,pan,camera_api_sync_ms,ms,19,0
Atlas,10690f7a4726+bench,SVG,instrument-2026-10-06T13-47-55.237Z,points-5000-seed-41544c53,pan,frame_interval_ms,ms,20,33.29999999998836
Atlas,10690f7a4726+bench,SVG,instrument-2026-10-06T13-47-55.237Z,points-5000-seed-41544c53,pan,camera_api_sync_ms,ms,20,0
Atlas,10690f7a4726+bench,SVG,instrument-2026-10-06T13-47-55.237Z,points-5000-seed-41544c53,pan,frame_interval_ms,ms,21,33.39999999999418
Atlas,10690f7a4726+bench,SVG,instrument-2026-10-06T13-47-55.237Z,points-5000-seed-41544c53,pan,camera_api_sync_ms,ms,21,0
Atlas,10690f7a4726+bench,SVG,instrument-2026-10-06T13-47-55.237Z,points-5000-seed-41544c53,pan,frame_interval_ms,ms,22,33.40000000002328
Atlas,10690f7a4726+bench,SVG,instrument-2026-10-06T13-47-55.237Z,points-5000-seed-41544c53,pan,camera_api_sync_ms,ms,22,0
Atlas,10690f7a4726+bench,SVG,instrument-2026-10-06T13-47-55.237Z,points-5000-seed-41544c53,pan,frame_interval_ms,ms,23,33.29999999998836
Atlas,10690f7a4726+bench,SVG,instrument-2026-10-06T13-47-55.237Z,points-5000-seed-41544c53,pan,camera_api_sync_ms,ms,23,0
Atlas,10690f7a4726+bench,SVG,instrument-2026-10-06T13-47-55.237Z,points-5000-seed-41544c53,pan,frame_interval_ms,ms,24,16.70000000001164
Atlas,10690f7a4726+bench,SVG,instrument-2026-10-06T13-47-55.237Z,points-5000-seed-41544c53,pan,camera_api_sync_ms,ms,24,0
Atlas,10690f7a4726+bench,SVG,instrument-2026-10-06T13-47-55.237Z,points-5000-seed-41544c53,pan,frame_interval_ms,ms,25,33.39999999999418
Atlas,10690f7a4726+bench,SVG,instrument-2026-10-06T13-47-55.237Z,points-5000-seed-41544c53,pan,camera_api_sync_ms,ms,25,0
Atlas,10690f7a4726+bench,SVG,instrument-2026-10-06T13-47-55.237Z,points-5000-seed-41544c53,pan,frame_interval_ms,ms,26,33.29999999998836
Atlas,10690f7a4726+bench,SVG,instrument-2026-10-06T13-47-55.237Z,points-5000-seed-41544c53,pan,camera_api_sync_ms,ms,26,0
Atlas,10690f7a4726+bench,SVG,instrument-2026-10-06T13-47-55.237Z,points-5000-seed-41544c53,pan,frame_interval_ms,ms,27,33.39999999999418
Atlas,10690f7a4726+bench,SVG,instrument-2026-10-06T13-47-55.237Z,points-5000-seed-41544c53,pan,camera_api_sync_ms,ms,27,0
Atlas,10690f7a4726+bench,SVG,instrument-2026-10-06T13-47-55.237Z,points-5000-seed-41544c53,pan,frame_interval_ms,ms,28,16.60000000000582
Atlas,10690f7a4726+bench,SVG,instrument-2026-10-06T13-47-55.237Z,points-5000-seed-41544c53,pan,camera_api_sync_ms,ms,28,0
Atlas,10690f7a4726+bench,SVG,instrument-2026-10-06T13-47-55.237Z,points-5000-seed-41544c53,pan,frame_interval_ms,ms,29,50.10000000000582
Atlas,10690f7a4726+bench,SVG,instrument-2026-10-06T13-47-55.237Z,points-5000-seed-41544c53,pan,camera_api_sync_ms,ms,29,0
Atlas,10690f7a4726+bench,SVG,instrument-2026-10-06T13-47-55.237Z,points-5000-seed-41544c53,pan,frame_interval_ms,ms,30,50.10000000000582
Atlas,10690f7a4726+bench,SVG,instrument-2026-10-06T13-47-55.237Z,points-5000-seed-41544c53,pan,camera_api_sync_ms,ms,30,0
Atlas,10690f7a4726+bench,SVG,instrument-2026-10-06T13-47-55.237Z,points-5000-seed-41544c53,pan,frame_interval_ms,ms,31,16.60000000000582
Atlas,10690f7a4726+bench,SVG,instrument-2026-10-06T13-47-55.237Z,points-5000-seed-41544c53,pan,camera_api_sync_ms,ms,31,0
Atlas,10690f7a4726+bench,SVG,instrument-2026-10-06T13-47-55.237Z,points-5000-seed-41544c53,pan,frame_interval_ms,ms,32,33.29999999998836
Atlas,10690f7a4726+bench,SVG,instrument-2026-10-06T13-47-55.237Z,points-5000-seed-41544c53,pan,camera_api_sync_ms,ms,32,0
Atlas,10690f7a4726+bench,SVG,instrument-2026-10-06T13-47-55.237Z,points-5000-seed-41544c53,pan,frame_interval_ms,ms,33,33.5
Atlas,10690f7a4726+bench,SVG,instrument-2026-10-06T13-47-55.237Z,points-5000-seed-41544c53,pan,camera_api_sync_ms,ms,33,0.10000014305114746
Atlas,10690f7a4726+bench,SVG,instrument-2026-10-06T13-47-55.237Z,points-5000-seed-41544c53,pan,frame_interval_ms,ms,34,33.29999999998836
Atlas,10690f7a4726+bench,SVG,instrument-2026-10-06T13-47-55.237Z,points-5000-seed-41544c53,pan,camera_api_sync_ms,ms,34,0
Atlas,10690f7a4726+bench,SVG,instrument-2026-10-06T13-47-55.237Z,points-5000-seed-41544c53,pan,frame_interval_ms,ms,35,33.40000000002328
Atlas,10690f7a4726+bench,SVG,instrument-2026-10-06T13-47-55.237Z,points-5000-seed-41544c53,pan,camera_api_sync_ms,ms,35,0
Atlas,10690f7a4726+bench,SVG,instrument-2026-10-06T13-47-55.237Z,points-5000-seed-41544c53,pan,frame_interval_ms,ms,36,33.29999999998836
Atlas,10690f7a4726+bench,SVG,instrument-2026-10-06T13-47-55.237Z,points-5000-seed-41544c53,pan,camera_api_sync_ms,ms,36,0
Atlas,10690f7a4726+bench,SVG,instrument-2026-10-06T13-47-55.237Z,points-5000-seed-41544c53,pan,frame_interval_ms,ms,37,33.39999999999418
Atlas,10690f7a4726+bench,SVG,instrument-2026-10-06T13-47-55.237Z,points-5000-seed-41544c53,pan,camera_api_sync_ms,ms,37,0
Atlas,10690f7a4726+bench,SVG,instrument-2026-10-06T13-47-55.237Z,points-5000-seed-41544c53,pan,frame_interval_ms,ms,38,16.60000000000582
Atlas,10690f7a4726+bench,SVG,instrument-2026-10-06T13-47-55.237Z,points-5000-seed-41544c53,pan,camera_api_sync_ms,ms,38,0
Atlas,10690f7a4726+bench,SVG,instrument-2026-10-06T13-47-55.237Z,points-5000-seed-41544c53,pan,frame_interval_ms,ms,39,33.39999999999418
Atlas,10690f7a4726+bench,SVG,instrument-2026-10-06T13-47-55.237Z,points-5000-seed-41544c53,pan,camera_api_sync_ms,ms,39,0
Atlas,10690f7a4726+bench,SVG,instrument-2026-10-06T13-47-55.237Z,points-5000-seed-41544c53,pan,frame_interval_ms,ms,40,33.39999999999418
Atlas,10690f7a4726+bench,SVG,instrument-2026-10-06T13-47-55.237Z,points-5000-seed-41544c53,pan,camera_api_sync_ms,ms,40,0
Atlas,10690f7a4726+bench,SVG,instrument-2026-10-06T13-47-55.237Z,points-5000-seed-41544c53,pan,frame_interval_ms,ms,41,33.40000000002328
Atlas,10690f7a4726+bench,SVG,instrument-2026-10-06T13-47-55.237Z,points-5000-seed-41544c53,pan,camera_api_sync_ms,ms,41,0
Atlas,10690f7a4726+bench,SVG,instrument-2026-10-06T13-47-55.237Z,points-5000-seed-41544c53,pan,frame_interval_ms,ms,42,33.29999999998836
Atlas,10690f7a4726+bench,SVG,instrument-2026-10-06T13-47-55.237Z,points-5000-seed-41544c53,pan,camera_api_sync_ms,ms,42,0
Atlas,10690f7a4726+bench,SVG,instrument-2026-10-06T13-47-55.237Z,points-5000-seed-41544c53,pan,frame_interval_ms,ms,43,33.39999999999418
Atlas,10690f7a4726+bench,SVG,instrument-2026-10-06T13-47-55.237Z,points-5000-seed-41544c53,pan,camera_api_sync_ms,ms,43,0
Atlas,10690f7a4726+bench,SVG,instrument-2026-10-06T13-47-55.237Z,points-5000-seed-41544c53,pan,frame_interval_ms,ms,44,16.60000000000582
Atlas,10690f7a4726+bench,SVG,instrument-2026-10-06T13-47-55.237Z,points-5000-seed-41544c53,pan,camera_api_sync_ms,ms,44,0
Atlas,10690f7a4726+bench,SVG,instrument-2026-10-06T13-47-55.237Z,points-5000-seed-41544c53,pan,frame_interval_ms,ms,45,33.39999999999418
Atlas,10690f7a4726+bench,SVG,instrument-2026-10-06T13-47-55.237Z,points-5000-seed-41544c53,pan,camera_api_sync_ms,ms,45,0
Atlas,10690f7a4726+bench,SVG,instrument-2026-10-06T13-47-55.237Z,points-5000-seed-41544c53,pan,frame_interval_ms,ms,46,33.39999999999418
Atlas,10690f7a4726+bench,SVG,instrument-2026-10-06T13-47-55.237Z,points-5000-seed-41544c53,pan,camera_api_sync_ms,ms,46,0.09999990463256836
Atlas,10690f7a4726+bench,SVG,instrument-2026-10-06T13-47-55.237Z,points-5000-seed-41544c53,pan,frame_interval_ms,ms,47,16.60000000000582
Atlas,10690f7a4726+bench,SVG,instrument-2026-10-06T13-47-55.237Z,points-5000-seed-41544c53,pan,camera_api_sync_ms,ms,47,0
Atlas,10690f7a4726+bench,SVG,instrument-2026-10-06T13-47-55.237Z,points-5000-seed-41544c53,pan,frame_interval_ms,ms,48,33.39999999999418
Atlas,10690f7a4726+bench,SVG,instrument-2026-10-06T13-47-55.237Z,points-5000-seed-41544c53,pan,camera_api_sync_ms,ms,48,0.09999990463256836
Atlas,10690f7a4726+bench,SVG,instrument-2026-10-06T13-47-55.237Z,points-5000-seed-41544c53,pan,frame_interval_ms,ms,49,33.40000000002328
Atlas,10690f7a4726+bench,SVG,instrument-2026-10-06T13-47-55.237Z,points-5000-seed-41544c53,pan,camera_api_sync_ms,ms,49,0
Atlas,10690f7a4726+bench,SVG,instrument-2026-10-06T13-47-55.237Z,points-5000-seed-41544c53,pan,frame_interval_ms,ms,50,33.29999999998836
Atlas,10690f7a4726+bench,SVG,instrument-2026-10-06T13-47-55.237Z,points-5000-seed-41544c53,pan,camera_api_sync_ms,ms,50,0
Atlas,10690f7a4726+bench,SVG,instrument-2026-10-06T13-47-55.237Z,points-5000-seed-41544c53,pan,motion_elapsed_ms,ms,0,1517.8999999999942
Atlas,10690f7a4726+bench,SVG,instrument-2026-10-06T13-47-55.237Z,points-5000-seed-41544c53,pan,camera_updates,count,0,51
Atlas,10690f7a4726+bench,SVG,instrument-2026-10-06T13-47-55.237Z,points-5000-seed-41544c53,pan,svg_attribute_writes,count,0,510153
Atlas,10690f7a4726+bench,SVG,instrument-2026-10-06T13-47-55.237Z,points-5000-seed-41544c53,pan,renderer_scene_reads,count,0,51
Atlas,10690f7a4726+bench,SVG,instrument-2026-10-06T13-47-55.237Z,points-5000-seed-41544c53,pan,root_iterator_creations,count,0,51
Atlas,10690f7a4726+bench,SVG,instrument-2026-10-06T13-47-55.237Z,points-5000-seed-41544c53,pan,root_iterator_next_calls,count,0,255000
Atlas,10690f7a4726+bench,SVG,instrument-2026-10-06T13-47-55.237Z,points-5000-seed-41544c53,pan,svg_attribute_removals,count,0,255000
Atlas,10690f7a4726+bench,SVG,instrument-2026-10-06T13-47-55.237Z,points-5000-seed-41544c53,pan,renderer_calls,count,0,51
Atlas,10690f7a4726+bench,SVG,instrument-2026-10-06T13-47-55.237Z,points-5000-seed-41544c53,pan,layout_rect_reads,count,0,0
Atlas,10690f7a4726+bench,SVG,instrument-2026-10-06T13-47-55.237Z,points-5000-seed-41544c53,pan,instrumented_renderer_callback_ms,ms,0,6.200000047683716
Atlas,10690f7a4726+bench,SVG,instrument-2026-10-06T13-47-55.237Z,points-5000-seed-41544c53,pan,instrumented_renderer_callback_ms,ms,1,6
Atlas,10690f7a4726+bench,SVG,instrument-2026-10-06T13-47-55.237Z,points-5000-seed-41544c53,pan,instrumented_renderer_callback_ms,ms,2,6.199999809265137
Atlas,10690f7a4726+bench,SVG,instrument-2026-10-06T13-47-55.237Z,points-5000-seed-41544c53,pan,instrumented_renderer_callback_ms,ms,3,6.099999904632568
Atlas,10690f7a4726+bench,SVG,instrument-2026-10-06T13-47-55.237Z,points-5000-seed-41544c53,pan,instrumented_renderer_callback_ms,ms,4,6
Atlas,10690f7a4726+bench,SVG,instrument-2026-10-06T13-47-55.237Z,points-5000-seed-41544c53,pan,instrumented_renderer_callback_ms,ms,5,6.1000001430511475
Atlas,10690f7a4726+bench,SVG,instrument-2026-10-06T13-47-55.237Z,points-5000-seed-41544c53,pan,instrumented_renderer_callback_ms,ms,6,6.200000047683716
Atlas,10690f7a4726+bench,SVG,instrument-2026-10-06T13-47-55.237Z,points-5000-seed-41544c53,pan,instrumented_renderer_callback_ms,ms,7,11.200000047683716
Atlas,10690f7a4726+bench,SVG,instrument-2026-10-06T13-47-55.237Z,points-5000-seed-41544c53,pan,instrumented_renderer_callback_ms,ms,8,6.700000047683716
Atlas,10690f7a4726+bench,SVG,instrument-2026-10-06T13-47-55.237Z,points-5000-seed-41544c53,pan,instrumented_renderer_callback_ms,ms,9,6.599999904632568
Atlas,10690f7a4726+bench,SVG,instrument-2026-10-06T13-47-55.237Z,points-5000-seed-41544c53,pan,instrumented_renderer_callback_ms,ms,10,6.5
Atlas,10690f7a4726+bench,SVG,instrument-2026-10-06T13-47-55.237Z,points-5000-seed-41544c53,pan,instrumented_renderer_callback_ms,ms,11,6.599999904632568
Atlas,10690f7a4726+bench,SVG,instrument-2026-10-06T13-47-55.237Z,points-5000-seed-41544c53,pan,instrumented_renderer_callback_ms,ms,12,6.799999952316284
Atlas,10690f7a4726+bench,SVG,instrument-2026-10-06T13-47-55.237Z,points-5000-seed-41544c53,pan,instrumented_renderer_callback_ms,ms,13,6.5
Atlas,10690f7a4726+bench,SVG,instrument-2026-10-06T13-47-55.237Z,points-5000-seed-41544c53,pan,instrumented_renderer_callback_ms,ms,14,6.599999904632568
Atlas,10690f7a4726+bench,SVG,instrument-2026-10-06T13-47-55.237Z,points-5000-seed-41544c53,pan,instrumented_renderer_callback_ms,ms,15,6.599999904632568
Atlas,10690f7a4726+bench,SVG,instrument-2026-10-06T13-47-55.237Z,points-5000-seed-41544c53,pan,instrumented_renderer_callback_ms,ms,16,6.400000095367432
Atlas,10690f7a4726+bench,SVG,instrument-2026-10-06T13-47-55.237Z,points-5000-seed-41544c53,pan,instrumented_renderer_callback_ms,ms,17,6.599999904632568
Atlas,10690f7a4726+bench,SVG,instrument-2026-10-06T13-47-55.237Z,points-5000-seed-41544c53,pan,instrumented_renderer_callback_ms,ms,18,7.099999904632568
Atlas,10690f7a4726+bench,SVG,instrument-2026-10-06T13-47-55.237Z,points-5000-seed-41544c53,pan,instrumented_renderer_callback_ms,ms,19,7
Atlas,10690f7a4726+bench,SVG,instrument-2026-10-06T13-47-55.237Z,points-5000-seed-41544c53,pan,instrumented_renderer_callback_ms,ms,20,6.799999952316284
Atlas,10690f7a4726+bench,SVG,instrument-2026-10-06T13-47-55.237Z,points-5000-seed-41544c53,pan,instrumented_renderer_callback_ms,ms,21,6.700000047683716
Atlas,10690f7a4726+bench,SVG,instrument-2026-10-06T13-47-55.237Z,points-5000-seed-41544c53,pan,instrumented_renderer_callback_ms,ms,22,6.700000047683716
Atlas,10690f7a4726+bench,SVG,instrument-2026-10-06T13-47-55.237Z,points-5000-seed-41544c53,pan,instrumented_renderer_callback_ms,ms,23,6.700000047683716
Atlas,10690f7a4726+bench,SVG,instrument-2026-10-06T13-47-55.237Z,points-5000-seed-41544c53,pan,instrumented_renderer_callback_ms,ms,24,6.6000001430511475
Atlas,10690f7a4726+bench,SVG,instrument-2026-10-06T13-47-55.237Z,points-5000-seed-41544c53,pan,instrumented_renderer_callback_ms,ms,25,6.800000190734863
Atlas,10690f7a4726+bench,SVG,instrument-2026-10-06T13-47-55.237Z,points-5000-seed-41544c53,pan,instrumented_renderer_callback_ms,ms,26,7.199999809265137
Atlas,10690f7a4726+bench,SVG,instrument-2026-10-06T13-47-55.237Z,points-5000-seed-41544c53,pan,instrumented_renderer_callback_ms,ms,27,6.900000095367432
Atlas,10690f7a4726+bench,SVG,instrument-2026-10-06T13-47-55.237Z,points-5000-seed-41544c53,pan,instrumented_renderer_callback_ms,ms,28,16.200000047683716
Atlas,10690f7a4726+bench,SVG,instrument-2026-10-06T13-47-55.237Z,points-5000-seed-41544c53,pan,instrumented_renderer_callback_ms,ms,29,7
Atlas,10690f7a4726+bench,SVG,instrument-2026-10-06T13-47-55.237Z,points-5000-seed-41544c53,pan,instrumented_renderer_callback_ms,ms,30,6.800000190734863
Atlas,10690f7a4726+bench,SVG,instrument-2026-10-06T13-47-55.237Z,points-5000-seed-41544c53,pan,instrumented_renderer_callback_ms,ms,31,6.900000095367432
Atlas,10690f7a4726+bench,SVG,instrument-2026-10-06T13-47-55.237Z,points-5000-seed-41544c53,pan,instrumented_renderer_callback_ms,ms,32,6.599999904632568
Atlas,10690f7a4726+bench,SVG,instrument-2026-10-06T13-47-55.237Z,points-5000-seed-41544c53,pan,instrumented_renderer_callback_ms,ms,33,6.400000095367432
Atlas,10690f7a4726+bench,SVG,instrument-2026-10-06T13-47-55.237Z,points-5000-seed-41544c53,pan,instrumented_renderer_callback_ms,ms,34,6.200000047683716
Atlas,10690f7a4726+bench,SVG,instrument-2026-10-06T13-47-55.237Z,points-5000-seed-41544c53,pan,instrumented_renderer_callback_ms,ms,35,6.299999952316284
Atlas,10690f7a4726+bench,SVG,instrument-2026-10-06T13-47-55.237Z,points-5000-seed-41544c53,pan,instrumented_renderer_callback_ms,ms,36,6.299999952316284
Atlas,10690f7a4726+bench,SVG,instrument-2026-10-06T13-47-55.237Z,points-5000-seed-41544c53,pan,instrumented_renderer_callback_ms,ms,37,6.3999998569488525
Atlas,10690f7a4726+bench,SVG,instrument-2026-10-06T13-47-55.237Z,points-5000-seed-41544c53,pan,instrumented_renderer_callback_ms,ms,38,6.400000095367432
Atlas,10690f7a4726+bench,SVG,instrument-2026-10-06T13-47-55.237Z,points-5000-seed-41544c53,pan,instrumented_renderer_callback_ms,ms,39,7
Atlas,10690f7a4726+bench,SVG,instrument-2026-10-06T13-47-55.237Z,points-5000-seed-41544c53,pan,instrumented_renderer_callback_ms,ms,40,6.6000001430511475
Atlas,10690f7a4726+bench,SVG,instrument-2026-10-06T13-47-55.237Z,points-5000-seed-41544c53,pan,instrumented_renderer_callback_ms,ms,41,6.5
Atlas,10690f7a4726+bench,SVG,instrument-2026-10-06T13-47-55.237Z,points-5000-seed-41544c53,pan,instrumented_renderer_callback_ms,ms,42,6.5
Atlas,10690f7a4726+bench,SVG,instrument-2026-10-06T13-47-55.237Z,points-5000-seed-41544c53,pan,instrumented_renderer_callback_ms,ms,43,6.5
Atlas,10690f7a4726+bench,SVG,instrument-2026-10-06T13-47-55.237Z,points-5000-seed-41544c53,pan,instrumented_renderer_callback_ms,ms,44,6.699999809265137
Atlas,10690f7a4726+bench,SVG,instrument-2026-10-06T13-47-55.237Z,points-5000-seed-41544c53,pan,instrumented_renderer_callback_ms,ms,45,6.6000001430511475
Atlas,10690f7a4726+bench,SVG,instrument-2026-10-06T13-47-55.237Z,points-5000-seed-41544c53,pan,instrumented_renderer_callback_ms,ms,46,6.599999904632568
Atlas,10690f7a4726+bench,SVG,instrument-2026-10-06T13-47-55.237Z,points-5000-seed-41544c53,pan,instrumented_renderer_callback_ms,ms,47,6.799999952316284
Atlas,10690f7a4726+bench,SVG,instrument-2026-10-06T13-47-55.237Z,points-5000-seed-41544c53,pan,instrumented_renderer_callback_ms,ms,48,6.5
Atlas,10690f7a4726+bench,SVG,instrument-2026-10-06T13-47-55.237Z,points-5000-seed-41544c53,pan,instrumented_renderer_callback_ms,ms,49,6.700000047683716
Atlas,10690f7a4726+bench,SVG,instrument-2026-10-06T13-47-55.237Z,points-5000-seed-41544c53,pan,instrumented_renderer_callback_ms,ms,50,7.099999904632568
Atlas,10690f7a4726+bench,SVG,instrument-2026-10-06T13-47-55.237Z,points-5000-seed-41544c53,pan,cleanup_renderer_calls,count,0,0
Atlas,10690f7a4726+bench,SVG,instrument-2026-10-06T13-47-55.237Z,points-5000-seed-41544c53,pan,cleanup_stage_children,count,0,0
Atlas,10690f7a4726+bench,SVG,instrument-2026-10-06T13-47-55.237Z,points-5000-seed-41544c53,zoom,frame_interval_ms,ms,0,16.699999999982538
Atlas,10690f7a4726+bench,SVG,instrument-2026-10-06T13-47-55.237Z,points-5000-seed-41544c53,zoom,camera_api_sync_ms,ms,0,0
Atlas,10690f7a4726+bench,SVG,instrument-2026-10-06T13-47-55.237Z,points-5000-seed-41544c53,zoom,frame_interval_ms,ms,1,16.60000000000582
Atlas,10690f7a4726+bench,SVG,instrument-2026-10-06T13-47-55.237Z,points-5000-seed-41544c53,zoom,camera_api_sync_ms,ms,1,0.09999990463256836
Atlas,10690f7a4726+bench,SVG,instrument-2026-10-06T13-47-55.237Z,points-5000-seed-41544c53,zoom,frame_interval_ms,ms,2,16.70000000001164
Atlas,10690f7a4726+bench,SVG,instrument-2026-10-06T13-47-55.237Z,points-5000-seed-41544c53,zoom,camera_api_sync_ms,ms,2,0
Atlas,10690f7a4726+bench,SVG,instrument-2026-10-06T13-47-55.237Z,points-5000-seed-41544c53,zoom,frame_interval_ms,ms,3,33.39999999999418
Atlas,10690f7a4726+bench,SVG,instrument-2026-10-06T13-47-55.237Z,points-5000-seed-41544c53,zoom,camera_api_sync_ms,ms,3,0
Atlas,10690f7a4726+bench,SVG,instrument-2026-10-06T13-47-55.237Z,points-5000-seed-41544c53,zoom,frame_interval_ms,ms,4,33.39999999999418
Atlas,10690f7a4726+bench,SVG,instrument-2026-10-06T13-47-55.237Z,points-5000-seed-41544c53,zoom,camera_api_sync_ms,ms,4,0
Atlas,10690f7a4726+bench,SVG,instrument-2026-10-06T13-47-55.237Z,points-5000-seed-41544c53,zoom,frame_interval_ms,ms,5,33.29999999998836
Atlas,10690f7a4726+bench,SVG,instrument-2026-10-06T13-47-55.237Z,points-5000-seed-41544c53,zoom,camera_api_sync_ms,ms,5,0
Atlas,10690f7a4726+bench,SVG,instrument-2026-10-06T13-47-55.237Z,points-5000-seed-41544c53,zoom,frame_interval_ms,ms,6,33.40000000002328
Atlas,10690f7a4726+bench,SVG,instrument-2026-10-06T13-47-55.237Z,points-5000-seed-41544c53,zoom,camera_api_sync_ms,ms,6,0
Atlas,10690f7a4726+bench,SVG,instrument-2026-10-06T13-47-55.237Z,points-5000-seed-41544c53,zoom,frame_interval_ms,ms,7,33.39999999999418
Atlas,10690f7a4726+bench,SVG,instrument-2026-10-06T13-47-55.237Z,points-5000-seed-41544c53,zoom,camera_api_sync_ms,ms,7,0
Atlas,10690f7a4726+bench,SVG,instrument-2026-10-06T13-47-55.237Z,points-5000-seed-41544c53,zoom,frame_interval_ms,ms,8,33.29999999998836
Atlas,10690f7a4726+bench,SVG,instrument-2026-10-06T13-47-55.237Z,points-5000-seed-41544c53,zoom,camera_api_sync_ms,ms,8,0
Atlas,10690f7a4726+bench,SVG,instrument-2026-10-06T13-47-55.237Z,points-5000-seed-41544c53,zoom,frame_interval_ms,ms,9,33.39999999999418
Atlas,10690f7a4726+bench,SVG,instrument-2026-10-06T13-47-55.237Z,points-5000-seed-41544c53,zoom,camera_api_sync_ms,ms,9,0
Atlas,10690f7a4726+bench,SVG,instrument-2026-10-06T13-47-55.237Z,points-5000-seed-41544c53,zoom,frame_interval_ms,ms,10,33.30000000001746
Atlas,10690f7a4726+bench,SVG,instrument-2026-10-06T13-47-55.237Z,points-5000-seed-41544c53,zoom,camera_api_sync_ms,ms,10,0.09999990463256836
Atlas,10690f7a4726+bench,SVG,instrument-2026-10-06T13-47-55.237Z,points-5000-seed-41544c53,zoom,frame_interval_ms,ms,11,33.39999999999418
Atlas,10690f7a4726+bench,SVG,instrument-2026-10-06T13-47-55.237Z,points-5000-seed-41544c53,zoom,camera_api_sync_ms,ms,11,0
Atlas,10690f7a4726+bench,SVG,instrument-2026-10-06T13-47-55.237Z,points-5000-seed-41544c53,zoom,frame_interval_ms,ms,12,33.29999999998836
Atlas,10690f7a4726+bench,SVG,instrument-2026-10-06T13-47-55.237Z,points-5000-seed-41544c53,zoom,camera_api_sync_ms,ms,12,0
Atlas,10690f7a4726+bench,SVG,instrument-2026-10-06T13-47-55.237Z,points-5000-seed-41544c53,zoom,frame_interval_ms,ms,13,33.40000000002328
Atlas,10690f7a4726+bench,SVG,instrument-2026-10-06T13-47-55.237Z,points-5000-seed-41544c53,zoom,camera_api_sync_ms,ms,13,0
Atlas,10690f7a4726+bench,SVG,instrument-2026-10-06T13-47-55.237Z,points-5000-seed-41544c53,zoom,frame_interval_ms,ms,14,33.29999999998836
Atlas,10690f7a4726+bench,SVG,instrument-2026-10-06T13-47-55.237Z,points-5000-seed-41544c53,zoom,camera_api_sync_ms,ms,14,0
Atlas,10690f7a4726+bench,SVG,instrument-2026-10-06T13-47-55.237Z,points-5000-seed-41544c53,zoom,frame_interval_ms,ms,15,33.5
Atlas,10690f7a4726+bench,SVG,instrument-2026-10-06T13-47-55.237Z,points-5000-seed-41544c53,zoom,camera_api_sync_ms,ms,15,0
Atlas,10690f7a4726+bench,SVG,instrument-2026-10-06T13-47-55.237Z,points-5000-seed-41544c53,zoom,frame_interval_ms,ms,16,33.20000000001164
Atlas,10690f7a4726+bench,SVG,instrument-2026-10-06T13-47-55.237Z,points-5000-seed-41544c53,zoom,camera_api_sync_ms,ms,16,0
Atlas,10690f7a4726+bench,SVG,instrument-2026-10-06T13-47-55.237Z,points-5000-seed-41544c53,zoom,frame_interval_ms,ms,17,33.5
Atlas,10690f7a4726+bench,SVG,instrument-2026-10-06T13-47-55.237Z,points-5000-seed-41544c53,zoom,camera_api_sync_ms,ms,17,0
Atlas,10690f7a4726+bench,SVG,instrument-2026-10-06T13-47-55.237Z,points-5000-seed-41544c53,zoom,frame_interval_ms,ms,18,33.29999999998836
Atlas,10690f7a4726+bench,SVG,instrument-2026-10-06T13-47-55.237Z,points-5000-seed-41544c53,zoom,camera_api_sync_ms,ms,18,0
Atlas,10690f7a4726+bench,SVG,instrument-2026-10-06T13-47-55.237Z,points-5000-seed-41544c53,zoom,frame_interval_ms,ms,19,33.29999999998836
Atlas,10690f7a4726+bench,SVG,instrument-2026-10-06T13-47-55.237Z,points-5000-seed-41544c53,zoom,camera_api_sync_ms,ms,19,0
Atlas,10690f7a4726+bench,SVG,instrument-2026-10-06T13-47-55.237Z,points-5000-seed-41544c53,zoom,frame_interval_ms,ms,20,33.40000000002328
Atlas,10690f7a4726+bench,SVG,instrument-2026-10-06T13-47-55.237Z,points-5000-seed-41544c53,zoom,camera_api_sync_ms,ms,20,0
Atlas,10690f7a4726+bench,SVG,instrument-2026-10-06T13-47-55.237Z,points-5000-seed-41544c53,zoom,frame_interval_ms,ms,21,16.699999999982538
Atlas,10690f7a4726+bench,SVG,instrument-2026-10-06T13-47-55.237Z,points-5000-seed-41544c53,zoom,camera_api_sync_ms,ms,21,0
Atlas,10690f7a4726+bench,SVG,instrument-2026-10-06T13-47-55.237Z,points-5000-seed-41544c53,zoom,frame_interval_ms,ms,22,33.30000000001746
Atlas,10690f7a4726+bench,SVG,instrument-2026-10-06T13-47-55.237Z,points-5000-seed-41544c53,zoom,camera_api_sync_ms,ms,22,0
Atlas,10690f7a4726+bench,SVG,instrument-2026-10-06T13-47-55.237Z,points-5000-seed-41544c53,zoom,frame_interval_ms,ms,23,33.5
Atlas,10690f7a4726+bench,SVG,instrument-2026-10-06T13-47-55.237Z,points-5000-seed-41544c53,zoom,camera_api_sync_ms,ms,23,0
Atlas,10690f7a4726+bench,SVG,instrument-2026-10-06T13-47-55.237Z,points-5000-seed-41544c53,zoom,frame_interval_ms,ms,24,33.19999999998254
Atlas,10690f7a4726+bench,SVG,instrument-2026-10-06T13-47-55.237Z,points-5000-seed-41544c53,zoom,camera_api_sync_ms,ms,24,0.10000014305114746
Atlas,10690f7a4726+bench,SVG,instrument-2026-10-06T13-47-55.237Z,points-5000-seed-41544c53,zoom,frame_interval_ms,ms,25,50.10000000000582
Atlas,10690f7a4726+bench,SVG,instrument-2026-10-06T13-47-55.237Z,points-5000-seed-41544c53,zoom,camera_api_sync_ms,ms,25,0.10000014305114746
Atlas,10690f7a4726+bench,SVG,instrument-2026-10-06T13-47-55.237Z,points-5000-seed-41544c53,zoom,frame_interval_ms,ms,26,33.39999999999418
Atlas,10690f7a4726+bench,SVG,instrument-2026-10-06T13-47-55.237Z,points-5000-seed-41544c53,zoom,camera_api_sync_ms,ms,26,0
Atlas,10690f7a4726+bench,SVG,instrument-2026-10-06T13-47-55.237Z,points-5000-seed-41544c53,zoom,frame_interval_ms,ms,27,33.39999999999418
Atlas,10690f7a4726+bench,SVG,instrument-2026-10-06T13-47-55.237Z,points-5000-seed-41544c53,zoom,camera_api_sync_ms,ms,27,0
Atlas,10690f7a4726+bench,SVG,instrument-2026-10-06T13-47-55.237Z,points-5000-seed-41544c53,zoom,frame_interval_ms,ms,28,33.30000000001746
Atlas,10690f7a4726+bench,SVG,instrument-2026-10-06T13-47-55.237Z,points-5000-seed-41544c53,zoom,camera_api_sync_ms,ms,28,0.09999990463256836
Atlas,10690f7a4726+bench,SVG,instrument-2026-10-06T13-47-55.237Z,points-5000-seed-41544c53,zoom,frame_interval_ms,ms,29,33.39999999999418
Atlas,10690f7a4726+bench,SVG,instrument-2026-10-06T13-47-55.237Z,points-5000-seed-41544c53,zoom,camera_api_sync_ms,ms,29,0
Atlas,10690f7a4726+bench,SVG,instrument-2026-10-06T13-47-55.237Z,points-5000-seed-41544c53,zoom,frame_interval_ms,ms,30,16.60000000000582
Atlas,10690f7a4726+bench,SVG,instrument-2026-10-06T13-47-55.237Z,points-5000-seed-41544c53,zoom,camera_api_sync_ms,ms,30,0
Atlas,10690f7a4726+bench,SVG,instrument-2026-10-06T13-47-55.237Z,points-5000-seed-41544c53,zoom,frame_interval_ms,ms,31,33.39999999999418
Atlas,10690f7a4726+bench,SVG,instrument-2026-10-06T13-47-55.237Z,points-5000-seed-41544c53,zoom,camera_api_sync_ms,ms,31,0
Atlas,10690f7a4726+bench,SVG,instrument-2026-10-06T13-47-55.237Z,points-5000-seed-41544c53,zoom,frame_interval_ms,ms,32,33.39999999999418
Atlas,10690f7a4726+bench,SVG,instrument-2026-10-06T13-47-55.237Z,points-5000-seed-41544c53,zoom,camera_api_sync_ms,ms,32,0
Atlas,10690f7a4726+bench,SVG,instrument-2026-10-06T13-47-55.237Z,points-5000-seed-41544c53,zoom,frame_interval_ms,ms,33,33.30000000001746
Atlas,10690f7a4726+bench,SVG,instrument-2026-10-06T13-47-55.237Z,points-5000-seed-41544c53,zoom,camera_api_sync_ms,ms,33,0.09999990463256836
Atlas,10690f7a4726+bench,SVG,instrument-2026-10-06T13-47-55.237Z,points-5000-seed-41544c53,zoom,frame_interval_ms,ms,34,33.39999999999418
Atlas,10690f7a4726+bench,SVG,instrument-2026-10-06T13-47-55.237Z,points-5000-seed-41544c53,zoom,camera_api_sync_ms,ms,34,0
Atlas,10690f7a4726+bench,SVG,instrument-2026-10-06T13-47-55.237Z,points-5000-seed-41544c53,zoom,frame_interval_ms,ms,35,33.29999999998836
Atlas,10690f7a4726+bench,SVG,instrument-2026-10-06T13-47-55.237Z,points-5000-seed-41544c53,zoom,camera_api_sync_ms,ms,35,0
Atlas,10690f7a4726+bench,SVG,instrument-2026-10-06T13-47-55.237Z,points-5000-seed-41544c53,zoom,frame_interval_ms,ms,36,33.39999999999418
Atlas,10690f7a4726+bench,SVG,instrument-2026-10-06T13-47-55.237Z,points-5000-seed-41544c53,zoom,camera_api_sync_ms,ms,36,0
Atlas,10690f7a4726+bench,SVG,instrument-2026-10-06T13-47-55.237Z,points-5000-seed-41544c53,zoom,frame_interval_ms,ms,37,33.30000000001746
Atlas,10690f7a4726+bench,SVG,instrument-2026-10-06T13-47-55.237Z,points-5000-seed-41544c53,zoom,camera_api_sync_ms,ms,37,0
Atlas,10690f7a4726+bench,SVG,instrument-2026-10-06T13-47-55.237Z,points-5000-seed-41544c53,zoom,frame_interval_ms,ms,38,33.5
Atlas,10690f7a4726+bench,SVG,instrument-2026-10-06T13-47-55.237Z,points-5000-seed-41544c53,zoom,camera_api_sync_ms,ms,38,0
Atlas,10690f7a4726+bench,SVG,instrument-2026-10-06T13-47-55.237Z,points-5000-seed-41544c53,zoom,frame_interval_ms,ms,39,33.29999999998836
Atlas,10690f7a4726+bench,SVG,instrument-2026-10-06T13-47-55.237Z,points-5000-seed-41544c53,zoom,camera_api_sync_ms,ms,39,0
Atlas,10690f7a4726+bench,SVG,instrument-2026-10-06T13-47-55.237Z,points-5000-seed-41544c53,zoom,frame_interval_ms,ms,40,33.30000000001746
Atlas,10690f7a4726+bench,SVG,instrument-2026-10-06T13-47-55.237Z,points-5000-seed-41544c53,zoom,camera_api_sync_ms,ms,40,0
Atlas,10690f7a4726+bench,SVG,instrument-2026-10-06T13-47-55.237Z,points-5000-seed-41544c53,zoom,frame_interval_ms,ms,41,33.39999999999418
Atlas,10690f7a4726+bench,SVG,instrument-2026-10-06T13-47-55.237Z,points-5000-seed-41544c53,zoom,camera_api_sync_ms,ms,41,0
Atlas,10690f7a4726+bench,SVG,instrument-2026-10-06T13-47-55.237Z,points-5000-seed-41544c53,zoom,frame_interval_ms,ms,42,33.39999999999418
Atlas,10690f7a4726+bench,SVG,instrument-2026-10-06T13-47-55.237Z,points-5000-seed-41544c53,zoom,camera_api_sync_ms,ms,42,0
Atlas,10690f7a4726+bench,SVG,instrument-2026-10-06T13-47-55.237Z,points-5000-seed-41544c53,zoom,frame_interval_ms,ms,43,33.10000000000582
Atlas,10690f7a4726+bench,SVG,instrument-2026-10-06T13-47-55.237Z,points-5000-seed-41544c53,zoom,camera_api_sync_ms,ms,43,0.09999990463256836
Atlas,10690f7a4726+bench,SVG,instrument-2026-10-06T13-47-55.237Z,points-5000-seed-41544c53,zoom,frame_interval_ms,ms,44,33.60000000000582
Atlas,10690f7a4726+bench,SVG,instrument-2026-10-06T13-47-55.237Z,points-5000-seed-41544c53,zoom,camera_api_sync_ms,ms,44,0
Atlas,10690f7a4726+bench,SVG,instrument-2026-10-06T13-47-55.237Z,points-5000-seed-41544c53,zoom,frame_interval_ms,ms,45,33.39999999999418
Atlas,10690f7a4726+bench,SVG,instrument-2026-10-06T13-47-55.237Z,points-5000-seed-41544c53,zoom,camera_api_sync_ms,ms,45,0
Atlas,10690f7a4726+bench,SVG,instrument-2026-10-06T13-47-55.237Z,points-5000-seed-41544c53,zoom,frame_interval_ms,ms,46,33.29999999998836
Atlas,10690f7a4726+bench,SVG,instrument-2026-10-06T13-47-55.237Z,points-5000-seed-41544c53,zoom,camera_api_sync_ms,ms,46,0
Atlas,10690f7a4726+bench,SVG,instrument-2026-10-06T13-47-55.237Z,points-5000-seed-41544c53,zoom,motion_elapsed_ms,ms,0,1501.1999999999825
Atlas,10690f7a4726+bench,SVG,instrument-2026-10-06T13-47-55.237Z,points-5000-seed-41544c53,zoom,camera_updates,count,0,47
Atlas,10690f7a4726+bench,SVG,instrument-2026-10-06T13-47-55.237Z,points-5000-seed-41544c53,zoom,svg_attribute_writes,count,0,470141
Atlas,10690f7a4726+bench,SVG,instrument-2026-10-06T13-47-55.237Z,points-5000-seed-41544c53,zoom,renderer_scene_reads,count,0,47
Atlas,10690f7a4726+bench,SVG,instrument-2026-10-06T13-47-55.237Z,points-5000-seed-41544c53,zoom,root_iterator_creations,count,0,47
Atlas,10690f7a4726+bench,SVG,instrument-2026-10-06T13-47-55.237Z,points-5000-seed-41544c53,zoom,root_iterator_next_calls,count,0,235000
Atlas,10690f7a4726+bench,SVG,instrument-2026-10-06T13-47-55.237Z,points-5000-seed-41544c53,zoom,svg_attribute_removals,count,0,235000
Atlas,10690f7a4726+bench,SVG,instrument-2026-10-06T13-47-55.237Z,points-5000-seed-41544c53,zoom,renderer_calls,count,0,47
Atlas,10690f7a4726+bench,SVG,instrument-2026-10-06T13-47-55.237Z,points-5000-seed-41544c53,zoom,layout_rect_reads,count,0,0
Atlas,10690f7a4726+bench,SVG,instrument-2026-10-06T13-47-55.237Z,points-5000-seed-41544c53,zoom,instrumented_renderer_callback_ms,ms,0,6.700000047683716
Atlas,10690f7a4726+bench,SVG,instrument-2026-10-06T13-47-55.237Z,points-5000-seed-41544c53,zoom,instrumented_renderer_callback_ms,ms,1,7.400000095367432
Atlas,10690f7a4726+bench,SVG,instrument-2026-10-06T13-47-55.237Z,points-5000-seed-41544c53,zoom,instrumented_renderer_callback_ms,ms,2,7.1000001430511475
Atlas,10690f7a4726+bench,SVG,instrument-2026-10-06T13-47-55.237Z,points-5000-seed-41544c53,zoom,instrumented_renderer_callback_ms,ms,3,7.5
Atlas,10690f7a4726+bench,SVG,instrument-2026-10-06T13-47-55.237Z,points-5000-seed-41544c53,zoom,instrumented_renderer_callback_ms,ms,4,7.599999904632568
Atlas,10690f7a4726+bench,SVG,instrument-2026-10-06T13-47-55.237Z,points-5000-seed-41544c53,zoom,instrumented_renderer_callback_ms,ms,5,7.099999904632568
Atlas,10690f7a4726+bench,SVG,instrument-2026-10-06T13-47-55.237Z,points-5000-seed-41544c53,zoom,instrumented_renderer_callback_ms,ms,6,7.199999809265137
Atlas,10690f7a4726+bench,SVG,instrument-2026-10-06T13-47-55.237Z,points-5000-seed-41544c53,zoom,instrumented_renderer_callback_ms,ms,7,7.199999809265137
Atlas,10690f7a4726+bench,SVG,instrument-2026-10-06T13-47-55.237Z,points-5000-seed-41544c53,zoom,instrumented_renderer_callback_ms,ms,8,7.200000047683716
Atlas,10690f7a4726+bench,SVG,instrument-2026-10-06T13-47-55.237Z,points-5000-seed-41544c53,zoom,instrumented_renderer_callback_ms,ms,9,6.900000095367432
Atlas,10690f7a4726+bench,SVG,instrument-2026-10-06T13-47-55.237Z,points-5000-seed-41544c53,zoom,instrumented_renderer_callback_ms,ms,10,7.1000001430511475
Atlas,10690f7a4726+bench,SVG,instrument-2026-10-06T13-47-55.237Z,points-5000-seed-41544c53,zoom,instrumented_renderer_callback_ms,ms,11,7.3999998569488525
Atlas,10690f7a4726+bench,SVG,instrument-2026-10-06T13-47-55.237Z,points-5000-seed-41544c53,zoom,instrumented_renderer_callback_ms,ms,12,7.199999809265137
Atlas,10690f7a4726+bench,SVG,instrument-2026-10-06T13-47-55.237Z,points-5000-seed-41544c53,zoom,instrumented_renderer_callback_ms,ms,13,7.3999998569488525
Atlas,10690f7a4726+bench,SVG,instrument-2026-10-06T13-47-55.237Z,points-5000-seed-41544c53,zoom,instrumented_renderer_callback_ms,ms,14,7.799999952316284
Atlas,10690f7a4726+bench,SVG,instrument-2026-10-06T13-47-55.237Z,points-5000-seed-41544c53,zoom,instrumented_renderer_callback_ms,ms,15,7.900000095367432
Atlas,10690f7a4726+bench,SVG,instrument-2026-10-06T13-47-55.237Z,points-5000-seed-41544c53,zoom,instrumented_renderer_callback_ms,ms,16,7.700000047683716
Atlas,10690f7a4726+bench,SVG,instrument-2026-10-06T13-47-55.237Z,points-5000-seed-41544c53,zoom,instrumented_renderer_callback_ms,ms,17,7.5
Atlas,10690f7a4726+bench,SVG,instrument-2026-10-06T13-47-55.237Z,points-5000-seed-41544c53,zoom,instrumented_renderer_callback_ms,ms,18,7.5
Atlas,10690f7a4726+bench,SVG,instrument-2026-10-06T13-47-55.237Z,points-5000-seed-41544c53,zoom,instrumented_renderer_callback_ms,ms,19,7.299999952316284
Atlas,10690f7a4726+bench,SVG,instrument-2026-10-06T13-47-55.237Z,points-5000-seed-41544c53,zoom,instrumented_renderer_callback_ms,ms,20,7.3999998569488525
Atlas,10690f7a4726+bench,SVG,instrument-2026-10-06T13-47-55.237Z,points-5000-seed-41544c53,zoom,instrumented_renderer_callback_ms,ms,21,7.700000047683716
Atlas,10690f7a4726+bench,SVG,instrument-2026-10-06T13-47-55.237Z,points-5000-seed-41544c53,zoom,instrumented_renderer_callback_ms,ms,22,7.5
Atlas,10690f7a4726+bench,SVG,instrument-2026-10-06T13-47-55.237Z,points-5000-seed-41544c53,zoom,instrumented_renderer_callback_ms,ms,23,7.599999904632568
Atlas,10690f7a4726+bench,SVG,instrument-2026-10-06T13-47-55.237Z,points-5000-seed-41544c53,zoom,instrumented_renderer_callback_ms,ms,24,17.299999952316284
Atlas,10690f7a4726+bench,SVG,instrument-2026-10-06T13-47-55.237Z,points-5000-seed-41544c53,zoom,instrumented_renderer_callback_ms,ms,25,7.799999952316284
Atlas,10690f7a4726+bench,SVG,instrument-2026-10-06T13-47-55.237Z,points-5000-seed-41544c53,zoom,instrumented_renderer_callback_ms,ms,26,7
Atlas,10690f7a4726+bench,SVG,instrument-2026-10-06T13-47-55.237Z,points-5000-seed-41544c53,zoom,instrumented_renderer_callback_ms,ms,27,6.900000095367432
Atlas,10690f7a4726+bench,SVG,instrument-2026-10-06T13-47-55.237Z,points-5000-seed-41544c53,zoom,instrumented_renderer_callback_ms,ms,28,7
Atlas,10690f7a4726+bench,SVG,instrument-2026-10-06T13-47-55.237Z,points-5000-seed-41544c53,zoom,instrumented_renderer_callback_ms,ms,29,6.3999998569488525
Atlas,10690f7a4726+bench,SVG,instrument-2026-10-06T13-47-55.237Z,points-5000-seed-41544c53,zoom,instrumented_renderer_callback_ms,ms,30,6.700000047683716
Atlas,10690f7a4726+bench,SVG,instrument-2026-10-06T13-47-55.237Z,points-5000-seed-41544c53,zoom,instrumented_renderer_callback_ms,ms,31,6.5
Atlas,10690f7a4726+bench,SVG,instrument-2026-10-06T13-47-55.237Z,points-5000-seed-41544c53,zoom,instrumented_renderer_callback_ms,ms,32,6.799999952316284
Atlas,10690f7a4726+bench,SVG,instrument-2026-10-06T13-47-55.237Z,points-5000-seed-41544c53,zoom,instrumented_renderer_callback_ms,ms,33,6.3999998569488525
Atlas,10690f7a4726+bench,SVG,instrument-2026-10-06T13-47-55.237Z,points-5000-seed-41544c53,zoom,instrumented_renderer_callback_ms,ms,34,7
Atlas,10690f7a4726+bench,SVG,instrument-2026-10-06T13-47-55.237Z,points-5000-seed-41544c53,zoom,instrumented_renderer_callback_ms,ms,35,6.6000001430511475
Atlas,10690f7a4726+bench,SVG,instrument-2026-10-06T13-47-55.237Z,points-5000-seed-41544c53,zoom,instrumented_renderer_callback_ms,ms,36,6.800000190734863
Atlas,10690f7a4726+bench,SVG,instrument-2026-10-06T13-47-55.237Z,points-5000-seed-41544c53,zoom,instrumented_renderer_callback_ms,ms,37,7.199999809265137
Atlas,10690f7a4726+bench,SVG,instrument-2026-10-06T13-47-55.237Z,points-5000-seed-41544c53,zoom,instrumented_renderer_callback_ms,ms,38,7.599999904632568
Atlas,10690f7a4726+bench,SVG,instrument-2026-10-06T13-47-55.237Z,points-5000-seed-41544c53,zoom,instrumented_renderer_callback_ms,ms,39,7.700000047683716
Atlas,10690f7a4726+bench,SVG,instrument-2026-10-06T13-47-55.237Z,points-5000-seed-41544c53,zoom,instrumented_renderer_callback_ms,ms,40,7.099999904632568
Atlas,10690f7a4726+bench,SVG,instrument-2026-10-06T13-47-55.237Z,points-5000-seed-41544c53,zoom,instrumented_renderer_callback_ms,ms,41,7
Atlas,10690f7a4726+bench,SVG,instrument-2026-10-06T13-47-55.237Z,points-5000-seed-41544c53,zoom,instrumented_renderer_callback_ms,ms,42,7.1000001430511475
Atlas,10690f7a4726+bench,SVG,instrument-2026-10-06T13-47-55.237Z,points-5000-seed-41544c53,zoom,instrumented_renderer_callback_ms,ms,43,7.300000190734863
Atlas,10690f7a4726+bench,SVG,instrument-2026-10-06T13-47-55.237Z,points-5000-seed-41544c53,zoom,instrumented_renderer_callback_ms,ms,44,7.299999952316284
Atlas,10690f7a4726+bench,SVG,instrument-2026-10-06T13-47-55.237Z,points-5000-seed-41544c53,zoom,instrumented_renderer_callback_ms,ms,45,7.200000047683716
Atlas,10690f7a4726+bench,SVG,instrument-2026-10-06T13-47-55.237Z,points-5000-seed-41544c53,zoom,instrumented_renderer_callback_ms,ms,46,7.299999952316284
Atlas,10690f7a4726+bench,SVG,instrument-2026-10-06T13-47-55.237Z,points-5000-seed-41544c53,zoom,cleanup_renderer_calls,count,0,0
Atlas,10690f7a4726+bench,SVG,instrument-2026-10-06T13-47-55.237Z,points-5000-seed-41544c53,zoom,cleanup_stage_children,count,0,0
Atlas,10690f7a4726+bench,SVG,instrument-2026-10-06T13-47-55.237Z,points-5000-seed-41544c53,hit,spatial_hit_test_sync_ms,ms,0,0.2999999523162842
Atlas,10690f7a4726+bench,SVG,instrument-2026-10-06T13-47-55.237Z,points-5000-seed-41544c53,hit,spatial_hit_test_sync_ms,ms,1,0.2999999523162842
Atlas,10690f7a4726+bench,SVG,instrument-2026-10-06T13-47-55.237Z,points-5000-seed-41544c53,hit,spatial_hit_test_sync_ms,ms,2,0.40000009536743164
Atlas,10690f7a4726+bench,SVG,instrument-2026-10-06T13-47-55.237Z,points-5000-seed-41544c53,hit,spatial_hit_test_sync_ms,ms,3,0.20000004768371582
Atlas,10690f7a4726+bench,SVG,instrument-2026-10-06T13-47-55.237Z,points-5000-seed-41544c53,hit,spatial_hit_test_sync_ms,ms,4,0.39999985694885254
Atlas,10690f7a4726+bench,SVG,instrument-2026-10-06T13-47-55.237Z,points-5000-seed-41544c53,hit,spatial_hit_test_sync_ms,ms,5,0.40000009536743164
Atlas,10690f7a4726+bench,SVG,instrument-2026-10-06T13-47-55.237Z,points-5000-seed-41544c53,hit,spatial_hit_test_sync_ms,ms,6,0.2999999523162842
Atlas,10690f7a4726+bench,SVG,instrument-2026-10-06T13-47-55.237Z,points-5000-seed-41544c53,hit,spatial_hit_test_sync_ms,ms,7,0.2999999523162842
Atlas,10690f7a4726+bench,SVG,instrument-2026-10-06T13-47-55.237Z,points-5000-seed-41544c53,hit,spatial_hit_test_sync_ms,ms,8,0.40000009536743164
Atlas,10690f7a4726+bench,SVG,instrument-2026-10-06T13-47-55.237Z,points-5000-seed-41544c53,hit,spatial_hit_test_sync_ms,ms,9,0.2999999523162842
Atlas,10690f7a4726+bench,SVG,instrument-2026-10-06T13-47-55.237Z,points-5000-seed-41544c53,hit,spatial_hit_test_sync_ms,ms,10,0.2999999523162842
Atlas,10690f7a4726+bench,SVG,instrument-2026-10-06T13-47-55.237Z,points-5000-seed-41544c53,hit,spatial_hit_test_sync_ms,ms,11,0.40000009536743164
Atlas,10690f7a4726+bench,SVG,instrument-2026-10-06T13-47-55.237Z,points-5000-seed-41544c53,hit,spatial_hit_test_sync_ms,ms,12,0.2999999523162842
Atlas,10690f7a4726+bench,SVG,instrument-2026-10-06T13-47-55.237Z,points-5000-seed-41544c53,hit,spatial_hit_test_sync_ms,ms,13,0.2999999523162842
Atlas,10690f7a4726+bench,SVG,instrument-2026-10-06T13-47-55.237Z,points-5000-seed-41544c53,hit,spatial_hit_test_sync_ms,ms,14,0.3000001907348633
Atlas,10690f7a4726+bench,SVG,instrument-2026-10-06T13-47-55.237Z,points-5000-seed-41544c53,hit,spatial_hit_test_sync_ms,ms,15,0.39999985694885254
Atlas,10690f7a4726+bench,SVG,instrument-2026-10-06T13-47-55.237Z,points-5000-seed-41544c53,hit,spatial_hit_test_sync_ms,ms,16,0.2999999523162842
Atlas,10690f7a4726+bench,SVG,instrument-2026-10-06T13-47-55.237Z,points-5000-seed-41544c53,hit,spatial_hit_test_sync_ms,ms,17,0.40000009536743164
Atlas,10690f7a4726+bench,SVG,instrument-2026-10-06T13-47-55.237Z,points-5000-seed-41544c53,hit,spatial_hit_test_sync_ms,ms,18,0.2999999523162842
Atlas,10690f7a4726+bench,SVG,instrument-2026-10-06T13-47-55.237Z,points-5000-seed-41544c53,hit,spatial_hit_test_sync_ms,ms,19,0.2999999523162842
Atlas,10690f7a4726+bench,SVG,instrument-2026-10-06T13-47-55.237Z,points-5000-seed-41544c53,hit,spatial_hit_test_sync_ms,ms,20,0.3000001907348633
Atlas,10690f7a4726+bench,SVG,instrument-2026-10-06T13-47-55.237Z,points-5000-seed-41544c53,hit,spatial_hit_test_sync_ms,ms,21,0.39999985694885254
Atlas,10690f7a4726+bench,SVG,instrument-2026-10-06T13-47-55.237Z,points-5000-seed-41544c53,hit,spatial_hit_test_sync_ms,ms,22,0.2999999523162842
Atlas,10690f7a4726+bench,SVG,instrument-2026-10-06T13-47-55.237Z,points-5000-seed-41544c53,hit,spatial_hit_test_sync_ms,ms,23,0.40000009536743164
Atlas,10690f7a4726+bench,SVG,instrument-2026-10-06T13-47-55.237Z,points-5000-seed-41544c53,hit,spatial_hit_test_sync_ms,ms,24,0.2999999523162842
Atlas,10690f7a4726+bench,SVG,instrument-2026-10-06T13-47-55.237Z,points-5000-seed-41544c53,hit,spatial_hit_test_sync_ms,ms,25,0.40000009536743164
Atlas,10690f7a4726+bench,SVG,instrument-2026-10-06T13-47-55.237Z,points-5000-seed-41544c53,hit,spatial_hit_test_sync_ms,ms,26,0.2999999523162842
Atlas,10690f7a4726+bench,SVG,instrument-2026-10-06T13-47-55.237Z,points-5000-seed-41544c53,hit,spatial_hit_test_sync_ms,ms,27,0.2999999523162842
Atlas,10690f7a4726+bench,SVG,instrument-2026-10-06T13-47-55.237Z,points-5000-seed-41544c53,hit,spatial_hit_test_sync_ms,ms,28,0.40000009536743164
Atlas,10690f7a4726+bench,SVG,instrument-2026-10-06T13-47-55.237Z,points-5000-seed-41544c53,hit,spatial_hit_test_sync_ms,ms,29,0.2999999523162842
Atlas,10690f7a4726+bench,SVG,instrument-2026-10-06T13-47-55.237Z,points-5000-seed-41544c53,hit,spatial_hit_test_sync_ms,ms,30,0.40000009536743164
Atlas,10690f7a4726+bench,SVG,instrument-2026-10-06T13-47-55.237Z,points-5000-seed-41544c53,hit,spatial_hit_test_sync_ms,ms,31,0.2999999523162842
Atlas,10690f7a4726+bench,SVG,instrument-2026-10-06T13-47-55.237Z,points-5000-seed-41544c53,hit,spatial_hit_test_sync_ms,ms,32,0.2999999523162842
Atlas,10690f7a4726+bench,SVG,instrument-2026-10-06T13-47-55.237Z,points-5000-seed-41544c53,hit,spatial_hit_test_sync_ms,ms,33,0.40000009536743164
Atlas,10690f7a4726+bench,SVG,instrument-2026-10-06T13-47-55.237Z,points-5000-seed-41544c53,hit,spatial_hit_test_sync_ms,ms,34,0.2999999523162842
Atlas,10690f7a4726+bench,SVG,instrument-2026-10-06T13-47-55.237Z,points-5000-seed-41544c53,hit,spatial_hit_test_sync_ms,ms,35,0.2999999523162842
Atlas,10690f7a4726+bench,SVG,instrument-2026-10-06T13-47-55.237Z,points-5000-seed-41544c53,hit,spatial_hit_test_sync_ms,ms,36,0.40000009536743164
Atlas,10690f7a4726+bench,SVG,instrument-2026-10-06T13-47-55.237Z,points-5000-seed-41544c53,hit,spatial_hit_test_sync_ms,ms,37,0.2999999523162842
Atlas,10690f7a4726+bench,SVG,instrument-2026-10-06T13-47-55.237Z,points-5000-seed-41544c53,hit,spatial_hit_test_sync_ms,ms,38,0.2999999523162842
Atlas,10690f7a4726+bench,SVG,instrument-2026-10-06T13-47-55.237Z,points-5000-seed-41544c53,hit,spatial_hit_test_sync_ms,ms,39,0.40000009536743164
Atlas,10690f7a4726+bench,SVG,instrument-2026-10-06T13-47-55.237Z,points-5000-seed-41544c53,hit,spatial_hit_test_sync_ms,ms,40,0.2999999523162842
Atlas,10690f7a4726+bench,SVG,instrument-2026-10-06T13-47-55.237Z,points-5000-seed-41544c53,hit,spatial_hit_test_sync_ms,ms,41,0.39999985694885254
Atlas,10690f7a4726+bench,SVG,instrument-2026-10-06T13-47-55.237Z,points-5000-seed-41544c53,hit,spatial_hit_test_sync_ms,ms,42,0.3000001907348633
Atlas,10690f7a4726+bench,SVG,instrument-2026-10-06T13-47-55.237Z,points-5000-seed-41544c53,hit,spatial_hit_test_sync_ms,ms,43,0.39999985694885254
Atlas,10690f7a4726+bench,SVG,instrument-2026-10-06T13-47-55.237Z,points-5000-seed-41544c53,hit,spatial_hit_test_sync_ms,ms,44,0.2999999523162842
Atlas,10690f7a4726+bench,SVG,instrument-2026-10-06T13-47-55.237Z,points-5000-seed-41544c53,hit,spatial_hit_test_sync_ms,ms,45,0.40000009536743164
Atlas,10690f7a4726+bench,SVG,instrument-2026-10-06T13-47-55.237Z,points-5000-seed-41544c53,hit,spatial_hit_test_sync_ms,ms,46,0.2999999523162842
Atlas,10690f7a4726+bench,SVG,instrument-2026-10-06T13-47-55.237Z,points-5000-seed-41544c53,hit,spatial_hit_test_sync_ms,ms,47,0.2999999523162842
Atlas,10690f7a4726+bench,SVG,instrument-2026-10-06T13-47-55.237Z,points-5000-seed-41544c53,hit,spatial_hit_test_sync_ms,ms,48,0.40000009536743164
Atlas,10690f7a4726+bench,SVG,instrument-2026-10-06T13-47-55.237Z,points-5000-seed-41544c53,hit,spatial_hit_test_sync_ms,ms,49,0.2999999523162842
Atlas,10690f7a4726+bench,SVG,instrument-2026-10-06T13-47-55.237Z,points-5000-seed-41544c53,hit,spatial_hit_test_sync_ms,ms,50,0.2999999523162842
Atlas,10690f7a4726+bench,SVG,instrument-2026-10-06T13-47-55.237Z,points-5000-seed-41544c53,hit,spatial_hit_test_sync_ms,ms,51,0.40000009536743164
Atlas,10690f7a4726+bench,SVG,instrument-2026-10-06T13-47-55.237Z,points-5000-seed-41544c53,hit,spatial_hit_test_sync_ms,ms,52,0.20000004768371582
Atlas,10690f7a4726+bench,SVG,instrument-2026-10-06T13-47-55.237Z,points-5000-seed-41544c53,hit,spatial_hit_test_sync_ms,ms,53,0.39999985694885254
Atlas,10690f7a4726+bench,SVG,instrument-2026-10-06T13-47-55.237Z,points-5000-seed-41544c53,hit,spatial_hit_test_sync_ms,ms,54,0.40000009536743164
Atlas,10690f7a4726+bench,SVG,instrument-2026-10-06T13-47-55.237Z,points-5000-seed-41544c53,hit,spatial_hit_test_sync_ms,ms,55,0.2999999523162842
Atlas,10690f7a4726+bench,SVG,instrument-2026-10-06T13-47-55.237Z,points-5000-seed-41544c53,hit,spatial_hit_test_sync_ms,ms,56,0.2999999523162842
Atlas,10690f7a4726+bench,SVG,instrument-2026-10-06T13-47-55.237Z,points-5000-seed-41544c53,hit,spatial_hit_test_sync_ms,ms,57,0.3000001907348633
Atlas,10690f7a4726+bench,SVG,instrument-2026-10-06T13-47-55.237Z,points-5000-seed-41544c53,hit,spatial_hit_test_sync_ms,ms,58,0.39999985694885254
Atlas,10690f7a4726+bench,SVG,instrument-2026-10-06T13-47-55.237Z,points-5000-seed-41544c53,hit,spatial_hit_test_sync_ms,ms,59,0.2999999523162842
Atlas,10690f7a4726+bench,SVG,instrument-2026-10-06T13-47-55.237Z,points-5000-seed-41544c53,hit,spatial_hit_test_sync_ms,ms,60,2.3000001907348633
Atlas,10690f7a4726+bench,SVG,instrument-2026-10-06T13-47-55.237Z,points-5000-seed-41544c53,hit,spatial_hit_test_sync_ms,ms,61,0.39999985694885254
Atlas,10690f7a4726+bench,SVG,instrument-2026-10-06T13-47-55.237Z,points-5000-seed-41544c53,hit,spatial_hit_test_sync_ms,ms,62,0.2999999523162842
Atlas,10690f7a4726+bench,SVG,instrument-2026-10-06T13-47-55.237Z,points-5000-seed-41544c53,hit,spatial_hit_test_sync_ms,ms,63,0.3000001907348633
Atlas,10690f7a4726+bench,SVG,instrument-2026-10-06T13-47-55.237Z,points-5000-seed-41544c53,hit,spatial_hit_test_sync_ms,ms,64,0.39999985694885254
Atlas,10690f7a4726+bench,SVG,instrument-2026-10-06T13-47-55.237Z,points-5000-seed-41544c53,hit,spatial_hit_test_sync_ms,ms,65,0.2999999523162842
Atlas,10690f7a4726+bench,SVG,instrument-2026-10-06T13-47-55.237Z,points-5000-seed-41544c53,hit,spatial_hit_test_sync_ms,ms,66,0.40000009536743164
Atlas,10690f7a4726+bench,SVG,instrument-2026-10-06T13-47-55.237Z,points-5000-seed-41544c53,hit,spatial_hit_test_sync_ms,ms,67,0.40000009536743164
Atlas,10690f7a4726+bench,SVG,instrument-2026-10-06T13-47-55.237Z,points-5000-seed-41544c53,hit,spatial_hit_test_sync_ms,ms,68,0.2999999523162842
Atlas,10690f7a4726+bench,SVG,instrument-2026-10-06T13-47-55.237Z,points-5000-seed-41544c53,hit,spatial_hit_test_sync_ms,ms,69,0.2999999523162842
Atlas,10690f7a4726+bench,SVG,instrument-2026-10-06T13-47-55.237Z,points-5000-seed-41544c53,hit,spatial_hit_test_sync_ms,ms,70,0.2999999523162842
Atlas,10690f7a4726+bench,SVG,instrument-2026-10-06T13-47-55.237Z,points-5000-seed-41544c53,hit,spatial_hit_test_sync_ms,ms,71,0.2999999523162842
Atlas,10690f7a4726+bench,SVG,instrument-2026-10-06T13-47-55.237Z,points-5000-seed-41544c53,hit,spatial_hit_test_sync_ms,ms,72,0.40000009536743164
Atlas,10690f7a4726+bench,SVG,instrument-2026-10-06T13-47-55.237Z,points-5000-seed-41544c53,hit,spatial_hit_test_sync_ms,ms,73,0.2999999523162842
Atlas,10690f7a4726+bench,SVG,instrument-2026-10-06T13-47-55.237Z,points-5000-seed-41544c53,hit,spatial_hit_test_sync_ms,ms,74,0.2999999523162842
Atlas,10690f7a4726+bench,SVG,instrument-2026-10-06T13-47-55.237Z,points-5000-seed-41544c53,hit,spatial_hit_test_sync_ms,ms,75,0.40000009536743164
Atlas,10690f7a4726+bench,SVG,instrument-2026-10-06T13-47-55.237Z,points-5000-seed-41544c53,hit,spatial_hit_test_sync_ms,ms,76,0.2999999523162842
Atlas,10690f7a4726+bench,SVG,instrument-2026-10-06T13-47-55.237Z,points-5000-seed-41544c53,hit,spatial_hit_test_sync_ms,ms,77,0.2999999523162842
Atlas,10690f7a4726+bench,SVG,instrument-2026-10-06T13-47-55.237Z,points-5000-seed-41544c53,hit,spatial_hit_test_sync_ms,ms,78,0.40000009536743164
Atlas,10690f7a4726+bench,SVG,instrument-2026-10-06T13-47-55.237Z,points-5000-seed-41544c53,hit,spatial_hit_test_sync_ms,ms,79,0.2999999523162842
Atlas,10690f7a4726+bench,SVG,instrument-2026-10-06T13-47-55.237Z,points-5000-seed-41544c53,hit,spatial_hit_test_sync_ms,ms,80,0.2999999523162842
Atlas,10690f7a4726+bench,SVG,instrument-2026-10-06T13-47-55.237Z,points-5000-seed-41544c53,hit,spatial_hit_test_sync_ms,ms,81,0.40000009536743164
Atlas,10690f7a4726+bench,SVG,instrument-2026-10-06T13-47-55.237Z,points-5000-seed-41544c53,hit,spatial_hit_test_sync_ms,ms,82,0.40000009536743164
Atlas,10690f7a4726+bench,SVG,instrument-2026-10-06T13-47-55.237Z,points-5000-seed-41544c53,hit,spatial_hit_test_sync_ms,ms,83,0.2999999523162842
Atlas,10690f7a4726+bench,SVG,instrument-2026-10-06T13-47-55.237Z,points-5000-seed-41544c53,hit,spatial_hit_test_sync_ms,ms,84,0.2999999523162842
Atlas,10690f7a4726+bench,SVG,instrument-2026-10-06T13-47-55.237Z,points-5000-seed-41544c53,hit,spatial_hit_test_sync_ms,ms,85,0.2999999523162842
Atlas,10690f7a4726+bench,SVG,instrument-2026-10-06T13-47-55.237Z,points-5000-seed-41544c53,hit,spatial_hit_test_sync_ms,ms,86,0.2999999523162842
Atlas,10690f7a4726+bench,SVG,instrument-2026-10-06T13-47-55.237Z,points-5000-seed-41544c53,hit,spatial_hit_test_sync_ms,ms,87,0.40000009536743164
Atlas,10690f7a4726+bench,SVG,instrument-2026-10-06T13-47-55.237Z,points-5000-seed-41544c53,hit,spatial_hit_test_sync_ms,ms,88,0.2999999523162842
Atlas,10690f7a4726+bench,SVG,instrument-2026-10-06T13-47-55.237Z,points-5000-seed-41544c53,hit,spatial_hit_test_sync_ms,ms,89,0.40000009536743164
Atlas,10690f7a4726+bench,SVG,instrument-2026-10-06T13-47-55.237Z,points-5000-seed-41544c53,hit,spatial_hit_test_sync_ms,ms,90,0.2999999523162842
Atlas,10690f7a4726+bench,SVG,instrument-2026-10-06T13-47-55.237Z,points-5000-seed-41544c53,hit,spatial_hit_test_sync_ms,ms,91,0.2999999523162842
Atlas,10690f7a4726+bench,SVG,instrument-2026-10-06T13-47-55.237Z,points-5000-seed-41544c53,hit,spatial_hit_test_sync_ms,ms,92,0.40000009536743164
Atlas,10690f7a4726+bench,SVG,instrument-2026-10-06T13-47-55.237Z,points-5000-seed-41544c53,hit,spatial_hit_test_sync_ms,ms,93,0.2999999523162842
Atlas,10690f7a4726+bench,SVG,instrument-2026-10-06T13-47-55.237Z,points-5000-seed-41544c53,hit,spatial_hit_test_sync_ms,ms,94,0.2999999523162842
Atlas,10690f7a4726+bench,SVG,instrument-2026-10-06T13-47-55.237Z,points-5000-seed-41544c53,hit,spatial_hit_test_sync_ms,ms,95,0.40000009536743164
Atlas,10690f7a4726+bench,SVG,instrument-2026-10-06T13-47-55.237Z,points-5000-seed-41544c53,hit,spatial_hit_test_sync_ms,ms,96,0.39999985694885254
Atlas,10690f7a4726+bench,SVG,instrument-2026-10-06T13-47-55.237Z,points-5000-seed-41544c53,hit,spatial_hit_test_sync_ms,ms,97,0.20000004768371582
Atlas,10690f7a4726+bench,SVG,instrument-2026-10-06T13-47-55.237Z,points-5000-seed-41544c53,hit,spatial_hit_test_sync_ms,ms,98,0.2999999523162842
Atlas,10690f7a4726+bench,SVG,instrument-2026-10-06T13-47-55.237Z,points-5000-seed-41544c53,hit,spatial_hit_test_sync_ms,ms,99,0.5
Atlas,10690f7a4726+bench,SVG,instrument-2026-10-06T13-47-55.237Z,points-5000-seed-41544c53,hit,spatial_hit_test_sync_ms,ms,100,0.3000001907348633
Atlas,10690f7a4726+bench,SVG,instrument-2026-10-06T13-47-55.237Z,points-5000-seed-41544c53,hit,spatial_hit_test_sync_ms,ms,101,0.39999985694885254
Atlas,10690f7a4726+bench,SVG,instrument-2026-10-06T13-47-55.237Z,points-5000-seed-41544c53,hit,spatial_hit_test_sync_ms,ms,102,0.2999999523162842
Atlas,10690f7a4726+bench,SVG,instrument-2026-10-06T13-47-55.237Z,points-5000-seed-41544c53,hit,spatial_hit_test_sync_ms,ms,103,0.40000009536743164
Atlas,10690f7a4726+bench,SVG,instrument-2026-10-06T13-47-55.237Z,points-5000-seed-41544c53,hit,spatial_hit_test_sync_ms,ms,104,0.40000009536743164
Atlas,10690f7a4726+bench,SVG,instrument-2026-10-06T13-47-55.237Z,points-5000-seed-41544c53,hit,spatial_hit_test_sync_ms,ms,105,0.39999985694885254
Atlas,10690f7a4726+bench,SVG,instrument-2026-10-06T13-47-55.237Z,points-5000-seed-41544c53,hit,spatial_hit_test_sync_ms,ms,106,0.2999999523162842
Atlas,10690f7a4726+bench,SVG,instrument-2026-10-06T13-47-55.237Z,points-5000-seed-41544c53,hit,spatial_hit_test_sync_ms,ms,107,0.40000009536743164
Atlas,10690f7a4726+bench,SVG,instrument-2026-10-06T13-47-55.237Z,points-5000-seed-41544c53,hit,spatial_hit_test_sync_ms,ms,108,0.40000009536743164
Atlas,10690f7a4726+bench,SVG,instrument-2026-10-06T13-47-55.237Z,points-5000-seed-41544c53,hit,spatial_hit_test_sync_ms,ms,109,0.2999999523162842
Atlas,10690f7a4726+bench,SVG,instrument-2026-10-06T13-47-55.237Z,points-5000-seed-41544c53,hit,spatial_hit_test_sync_ms,ms,110,0.39999985694885254
Atlas,10690f7a4726+bench,SVG,instrument-2026-10-06T13-47-55.237Z,points-5000-seed-41544c53,hit,spatial_hit_test_sync_ms,ms,111,0.40000009536743164
Atlas,10690f7a4726+bench,SVG,instrument-2026-10-06T13-47-55.237Z,points-5000-seed-41544c53,hit,spatial_hit_test_sync_ms,ms,112,0.20000004768371582
Atlas,10690f7a4726+bench,SVG,instrument-2026-10-06T13-47-55.237Z,points-5000-seed-41544c53,hit,spatial_hit_test_sync_ms,ms,113,0.39999985694885254
Atlas,10690f7a4726+bench,SVG,instrument-2026-10-06T13-47-55.237Z,points-5000-seed-41544c53,hit,spatial_hit_test_sync_ms,ms,114,0.3000001907348633
Atlas,10690f7a4726+bench,SVG,instrument-2026-10-06T13-47-55.237Z,points-5000-seed-41544c53,hit,spatial_hit_test_sync_ms,ms,115,0.2999999523162842
Atlas,10690f7a4726+bench,SVG,instrument-2026-10-06T13-47-55.237Z,points-5000-seed-41544c53,hit,spatial_hit_test_sync_ms,ms,116,0.2999999523162842
Atlas,10690f7a4726+bench,SVG,instrument-2026-10-06T13-47-55.237Z,points-5000-seed-41544c53,hit,spatial_hit_test_sync_ms,ms,117,0.40000009536743164
Atlas,10690f7a4726+bench,SVG,instrument-2026-10-06T13-47-55.237Z,points-5000-seed-41544c53,hit,spatial_hit_test_sync_ms,ms,118,0.2999999523162842
Atlas,10690f7a4726+bench,SVG,instrument-2026-10-06T13-47-55.237Z,points-5000-seed-41544c53,hit,spatial_hit_test_sync_ms,ms,119,0.39999985694885254
Atlas,10690f7a4726+bench,SVG,instrument-2026-10-06T13-47-55.237Z,points-5000-seed-41544c53,hit,spatial_hit_test_sync_ms,ms,120,0.3000001907348633
Atlas,10690f7a4726+bench,SVG,instrument-2026-10-06T13-47-55.237Z,points-5000-seed-41544c53,hit,spatial_hit_test_sync_ms,ms,121,0.2999999523162842
Atlas,10690f7a4726+bench,SVG,instrument-2026-10-06T13-47-55.237Z,points-5000-seed-41544c53,hit,spatial_hit_test_sync_ms,ms,122,0.39999985694885254
Atlas,10690f7a4726+bench,SVG,instrument-2026-10-06T13-47-55.237Z,points-5000-seed-41544c53,hit,spatial_hit_test_sync_ms,ms,123,0.3000001907348633
Atlas,10690f7a4726+bench,SVG,instrument-2026-10-06T13-47-55.237Z,points-5000-seed-41544c53,hit,spatial_hit_test_sync_ms,ms,124,0.5
Atlas,10690f7a4726+bench,SVG,instrument-2026-10-06T13-47-55.237Z,points-5000-seed-41544c53,hit,spatial_hit_test_sync_ms,ms,125,0.2999999523162842
Atlas,10690f7a4726+bench,SVG,instrument-2026-10-06T13-47-55.237Z,points-5000-seed-41544c53,hit,spatial_hit_test_sync_ms,ms,126,0.7999999523162842
Atlas,10690f7a4726+bench,SVG,instrument-2026-10-06T13-47-55.237Z,points-5000-seed-41544c53,hit,spatial_hit_test_sync_ms,ms,127,0.40000009536743164
Atlas,10690f7a4726+bench,SVG,instrument-2026-10-06T13-47-55.237Z,points-5000-seed-41544c53,hit,spatial_hit_test_sync_ms,ms,128,0.39999985694885254
Atlas,10690f7a4726+bench,SVG,instrument-2026-10-06T13-47-55.237Z,points-5000-seed-41544c53,hit,spatial_hit_test_sync_ms,ms,129,0.2999999523162842
Atlas,10690f7a4726+bench,SVG,instrument-2026-10-06T13-47-55.237Z,points-5000-seed-41544c53,hit,spatial_hit_test_sync_ms,ms,130,0.40000009536743164
Atlas,10690f7a4726+bench,SVG,instrument-2026-10-06T13-47-55.237Z,points-5000-seed-41544c53,hit,spatial_hit_test_sync_ms,ms,131,0.20000004768371582
Atlas,10690f7a4726+bench,SVG,instrument-2026-10-06T13-47-55.237Z,points-5000-seed-41544c53,hit,spatial_hit_test_sync_ms,ms,132,0.39999985694885254
Atlas,10690f7a4726+bench,SVG,instrument-2026-10-06T13-47-55.237Z,points-5000-seed-41544c53,hit,spatial_hit_test_sync_ms,ms,133,0.40000009536743164
Atlas,10690f7a4726+bench,SVG,instrument-2026-10-06T13-47-55.237Z,points-5000-seed-41544c53,hit,spatial_hit_test_sync_ms,ms,134,0.40000009536743164
Atlas,10690f7a4726+bench,SVG,instrument-2026-10-06T13-47-55.237Z,points-5000-seed-41544c53,hit,spatial_hit_test_sync_ms,ms,135,0.39999985694885254
Atlas,10690f7a4726+bench,SVG,instrument-2026-10-06T13-47-55.237Z,points-5000-seed-41544c53,hit,spatial_hit_test_sync_ms,ms,136,0.2999999523162842
Atlas,10690f7a4726+bench,SVG,instrument-2026-10-06T13-47-55.237Z,points-5000-seed-41544c53,hit,spatial_hit_test_sync_ms,ms,137,0.40000009536743164
Atlas,10690f7a4726+bench,SVG,instrument-2026-10-06T13-47-55.237Z,points-5000-seed-41544c53,hit,spatial_hit_test_sync_ms,ms,138,0.40000009536743164
Atlas,10690f7a4726+bench,SVG,instrument-2026-10-06T13-47-55.237Z,points-5000-seed-41544c53,hit,spatial_hit_test_sync_ms,ms,139,0.2999999523162842
Atlas,10690f7a4726+bench,SVG,instrument-2026-10-06T13-47-55.237Z,points-5000-seed-41544c53,hit,spatial_hit_test_sync_ms,ms,140,0.39999985694885254
Atlas,10690f7a4726+bench,SVG,instrument-2026-10-06T13-47-55.237Z,points-5000-seed-41544c53,hit,spatial_hit_test_sync_ms,ms,141,0.3000001907348633
Atlas,10690f7a4726+bench,SVG,instrument-2026-10-06T13-47-55.237Z,points-5000-seed-41544c53,hit,spatial_hit_test_sync_ms,ms,142,0.2999999523162842
Atlas,10690f7a4726+bench,SVG,instrument-2026-10-06T13-47-55.237Z,points-5000-seed-41544c53,hit,spatial_hit_test_sync_ms,ms,143,0.39999985694885254
Atlas,10690f7a4726+bench,SVG,instrument-2026-10-06T13-47-55.237Z,points-5000-seed-41544c53,hit,spatial_hit_test_sync_ms,ms,144,0.3000001907348633
Atlas,10690f7a4726+bench,SVG,instrument-2026-10-06T13-47-55.237Z,points-5000-seed-41544c53,hit,spatial_hit_test_sync_ms,ms,145,0.2999999523162842
Atlas,10690f7a4726+bench,SVG,instrument-2026-10-06T13-47-55.237Z,points-5000-seed-41544c53,hit,spatial_hit_test_sync_ms,ms,146,0.39999985694885254
Atlas,10690f7a4726+bench,SVG,instrument-2026-10-06T13-47-55.237Z,points-5000-seed-41544c53,hit,spatial_hit_test_sync_ms,ms,147,0.3000001907348633
Atlas,10690f7a4726+bench,SVG,instrument-2026-10-06T13-47-55.237Z,points-5000-seed-41544c53,hit,spatial_hit_test_sync_ms,ms,148,0.2999999523162842
Atlas,10690f7a4726+bench,SVG,instrument-2026-10-06T13-47-55.237Z,points-5000-seed-41544c53,hit,spatial_hit_test_sync_ms,ms,149,0.39999985694885254
Atlas,10690f7a4726+bench,SVG,instrument-2026-10-06T13-47-55.237Z,points-5000-seed-41544c53,hit,spatial_hit_test_sync_ms,ms,150,0.40000009536743164
Atlas,10690f7a4726+bench,SVG,instrument-2026-10-06T13-47-55.237Z,points-5000-seed-41544c53,hit,spatial_hit_test_sync_ms,ms,151,0.40000009536743164
Atlas,10690f7a4726+bench,SVG,instrument-2026-10-06T13-47-55.237Z,points-5000-seed-41544c53,hit,spatial_hit_test_sync_ms,ms,152,0.2999999523162842
Atlas,10690f7a4726+bench,SVG,instrument-2026-10-06T13-47-55.237Z,points-5000-seed-41544c53,hit,spatial_hit_test_sync_ms,ms,153,0.2999999523162842
Atlas,10690f7a4726+bench,SVG,instrument-2026-10-06T13-47-55.237Z,points-5000-seed-41544c53,hit,spatial_hit_test_sync_ms,ms,154,0.40000009536743164
Atlas,10690f7a4726+bench,SVG,instrument-2026-10-06T13-47-55.237Z,points-5000-seed-41544c53,hit,spatial_hit_test_sync_ms,ms,155,0.2999999523162842
Atlas,10690f7a4726+bench,SVG,instrument-2026-10-06T13-47-55.237Z,points-5000-seed-41544c53,hit,spatial_hit_test_sync_ms,ms,156,0.2999999523162842
Atlas,10690f7a4726+bench,SVG,instrument-2026-10-06T13-47-55.237Z,points-5000-seed-41544c53,hit,spatial_hit_test_sync_ms,ms,157,0.40000009536743164
Atlas,10690f7a4726+bench,SVG,instrument-2026-10-06T13-47-55.237Z,points-5000-seed-41544c53,hit,spatial_hit_test_sync_ms,ms,158,0.2999999523162842
Atlas,10690f7a4726+bench,SVG,instrument-2026-10-06T13-47-55.237Z,points-5000-seed-41544c53,hit,spatial_hit_test_sync_ms,ms,159,0.2999999523162842
Atlas,10690f7a4726+bench,SVG,instrument-2026-10-06T13-47-55.237Z,points-5000-seed-41544c53,hit,spatial_hit_test_sync_ms,ms,160,0.2999999523162842
Atlas,10690f7a4726+bench,SVG,instrument-2026-10-06T13-47-55.237Z,points-5000-seed-41544c53,hit,spatial_hit_test_sync_ms,ms,161,0.40000009536743164
Atlas,10690f7a4726+bench,SVG,instrument-2026-10-06T13-47-55.237Z,points-5000-seed-41544c53,hit,spatial_hit_test_sync_ms,ms,162,0.2999999523162842
Atlas,10690f7a4726+bench,SVG,instrument-2026-10-06T13-47-55.237Z,points-5000-seed-41544c53,hit,spatial_hit_test_sync_ms,ms,163,0.2999999523162842
Atlas,10690f7a4726+bench,SVG,instrument-2026-10-06T13-47-55.237Z,points-5000-seed-41544c53,hit,spatial_hit_test_sync_ms,ms,164,0.40000009536743164
Atlas,10690f7a4726+bench,SVG,instrument-2026-10-06T13-47-55.237Z,points-5000-seed-41544c53,hit,spatial_hit_test_sync_ms,ms,165,0.2999999523162842
Atlas,10690f7a4726+bench,SVG,instrument-2026-10-06T13-47-55.237Z,points-5000-seed-41544c53,hit,spatial_hit_test_sync_ms,ms,166,0.40000009536743164
Atlas,10690f7a4726+bench,SVG,instrument-2026-10-06T13-47-55.237Z,points-5000-seed-41544c53,hit,spatial_hit_test_sync_ms,ms,167,0.19999980926513672
Atlas,10690f7a4726+bench,SVG,instrument-2026-10-06T13-47-55.237Z,points-5000-seed-41544c53,hit,spatial_hit_test_sync_ms,ms,168,0.40000009536743164
Atlas,10690f7a4726+bench,SVG,instrument-2026-10-06T13-47-55.237Z,points-5000-seed-41544c53,hit,spatial_hit_test_sync_ms,ms,169,0.2999999523162842
Atlas,10690f7a4726+bench,SVG,instrument-2026-10-06T13-47-55.237Z,points-5000-seed-41544c53,hit,spatial_hit_test_sync_ms,ms,170,0.2999999523162842
Atlas,10690f7a4726+bench,SVG,instrument-2026-10-06T13-47-55.237Z,points-5000-seed-41544c53,hit,spatial_hit_test_sync_ms,ms,171,0.3000001907348633
Atlas,10690f7a4726+bench,SVG,instrument-2026-10-06T13-47-55.237Z,points-5000-seed-41544c53,hit,spatial_hit_test_sync_ms,ms,172,0.39999985694885254
Atlas,10690f7a4726+bench,SVG,instrument-2026-10-06T13-47-55.237Z,points-5000-seed-41544c53,hit,spatial_hit_test_sync_ms,ms,173,0.2999999523162842
Atlas,10690f7a4726+bench,SVG,instrument-2026-10-06T13-47-55.237Z,points-5000-seed-41544c53,hit,spatial_hit_test_sync_ms,ms,174,0.3000001907348633
Atlas,10690f7a4726+bench,SVG,instrument-2026-10-06T13-47-55.237Z,points-5000-seed-41544c53,hit,spatial_hit_test_sync_ms,ms,175,0.2999999523162842
Atlas,10690f7a4726+bench,SVG,instrument-2026-10-06T13-47-55.237Z,points-5000-seed-41544c53,hit,spatial_hit_test_sync_ms,ms,176,0.2999999523162842
Atlas,10690f7a4726+bench,SVG,instrument-2026-10-06T13-47-55.237Z,points-5000-seed-41544c53,hit,spatial_hit_test_sync_ms,ms,177,0.2999999523162842
Atlas,10690f7a4726+bench,SVG,instrument-2026-10-06T13-47-55.237Z,points-5000-seed-41544c53,hit,spatial_hit_test_sync_ms,ms,178,0.2999999523162842
Atlas,10690f7a4726+bench,SVG,instrument-2026-10-06T13-47-55.237Z,points-5000-seed-41544c53,hit,spatial_hit_test_sync_ms,ms,179,0.3000001907348633
Atlas,10690f7a4726+bench,SVG,instrument-2026-10-06T13-47-55.237Z,points-5000-seed-41544c53,hit,spatial_hit_test_sync_ms,ms,180,0.39999985694885254
Atlas,10690f7a4726+bench,SVG,instrument-2026-10-06T13-47-55.237Z,points-5000-seed-41544c53,hit,spatial_hit_test_sync_ms,ms,181,0.2999999523162842
Atlas,10690f7a4726+bench,SVG,instrument-2026-10-06T13-47-55.237Z,points-5000-seed-41544c53,hit,spatial_hit_test_sync_ms,ms,182,0.40000009536743164
Atlas,10690f7a4726+bench,SVG,instrument-2026-10-06T13-47-55.237Z,points-5000-seed-41544c53,hit,spatial_hit_test_sync_ms,ms,183,0.2999999523162842
Atlas,10690f7a4726+bench,SVG,instrument-2026-10-06T13-47-55.237Z,points-5000-seed-41544c53,hit,spatial_hit_test_sync_ms,ms,184,0.2999999523162842
Atlas,10690f7a4726+bench,SVG,instrument-2026-10-06T13-47-55.237Z,points-5000-seed-41544c53,hit,spatial_hit_test_sync_ms,ms,185,0.40000009536743164
Atlas,10690f7a4726+bench,SVG,instrument-2026-10-06T13-47-55.237Z,points-5000-seed-41544c53,hit,spatial_hit_test_sync_ms,ms,186,0.2999999523162842
Atlas,10690f7a4726+bench,SVG,instrument-2026-10-06T13-47-55.237Z,points-5000-seed-41544c53,hit,spatial_hit_test_sync_ms,ms,187,0.40000009536743164
Atlas,10690f7a4726+bench,SVG,instrument-2026-10-06T13-47-55.237Z,points-5000-seed-41544c53,hit,spatial_hit_test_sync_ms,ms,188,0.2999999523162842
Atlas,10690f7a4726+bench,SVG,instrument-2026-10-06T13-47-55.237Z,points-5000-seed-41544c53,hit,spatial_hit_test_sync_ms,ms,189,0.2999999523162842
Atlas,10690f7a4726+bench,SVG,instrument-2026-10-06T13-47-55.237Z,points-5000-seed-41544c53,hit,spatial_hit_test_sync_ms,ms,190,0.20000004768371582
Atlas,10690f7a4726+bench,SVG,instrument-2026-10-06T13-47-55.237Z,points-5000-seed-41544c53,hit,spatial_hit_test_sync_ms,ms,191,0.40000009536743164
Atlas,10690f7a4726+bench,SVG,instrument-2026-10-06T13-47-55.237Z,points-5000-seed-41544c53,hit,spatial_hit_test_sync_ms,ms,192,0.2999999523162842
Atlas,10690f7a4726+bench,SVG,instrument-2026-10-06T13-47-55.237Z,points-5000-seed-41544c53,hit,spatial_hit_test_sync_ms,ms,193,0.2999999523162842
Atlas,10690f7a4726+bench,SVG,instrument-2026-10-06T13-47-55.237Z,points-5000-seed-41544c53,hit,spatial_hit_test_sync_ms,ms,194,0.40000009536743164
Atlas,10690f7a4726+bench,SVG,instrument-2026-10-06T13-47-55.237Z,points-5000-seed-41544c53,hit,spatial_hit_test_sync_ms,ms,195,0.5
Atlas,10690f7a4726+bench,SVG,instrument-2026-10-06T13-47-55.237Z,points-5000-seed-41544c53,hit,spatial_hit_test_sync_ms,ms,196,0.19999980926513672
Atlas,10690f7a4726+bench,SVG,instrument-2026-10-06T13-47-55.237Z,points-5000-seed-41544c53,hit,spatial_hit_test_sync_ms,ms,197,0.40000009536743164
Atlas,10690f7a4726+bench,SVG,instrument-2026-10-06T13-47-55.237Z,points-5000-seed-41544c53,hit,spatial_hit_test_sync_ms,ms,198,0.40000009536743164
Atlas,10690f7a4726+bench,SVG,instrument-2026-10-06T13-47-55.237Z,points-5000-seed-41544c53,hit,spatial_hit_test_sync_ms,ms,199,0.2999999523162842
Atlas,10690f7a4726+bench,SVG,instrument-2026-10-06T13-47-55.237Z,points-5000-seed-41544c53,hit,root_iterator_creations,count,0,201
Atlas,10690f7a4726+bench,SVG,instrument-2026-10-06T13-47-55.237Z,points-5000-seed-41544c53,hit,root_iterator_next_calls,count,0,1005001
Atlas,10690f7a4726+bench,SVG,instrument-2026-10-06T13-47-55.237Z,points-5000-seed-41544c53,hit,layout_rect_reads,count,0,0
Atlas,10690f7a4726+bench,SVG,instrument-2026-10-06T13-47-55.237Z,points-5000-seed-41544c53,hit,cleanup_renderer_calls,count,0,0
Atlas,10690f7a4726+bench,SVG,instrument-2026-10-06T13-47-55.237Z,points-5000-seed-41544c53,hit,cleanup_stage_children,count,0,0
Atlas,10690f7a4726+bench,SVG,instrument-2026-10-06T13-47-55.237Z,points-5000-seed-41544c53,miss,spatial_hit_test_sync_ms,ms,0,1.2999999523162842
Atlas,10690f7a4726+bench,SVG,instrument-2026-10-06T13-47-55.237Z,points-5000-seed-41544c53,miss,spatial_hit_test_sync_ms,ms,1,1
Atlas,10690f7a4726+bench,SVG,instrument-2026-10-06T13-47-55.237Z,points-5000-seed-41544c53,miss,spatial_hit_test_sync_ms,ms,2,1
Atlas,10690f7a4726+bench,SVG,instrument-2026-10-06T13-47-55.237Z,points-5000-seed-41544c53,miss,spatial_hit_test_sync_ms,ms,3,1.1000001430511475
Atlas,10690f7a4726+bench,SVG,instrument-2026-10-06T13-47-55.237Z,points-5000-seed-41544c53,miss,spatial_hit_test_sync_ms,ms,4,1.0999999046325684
Atlas,10690f7a4726+bench,SVG,instrument-2026-10-06T13-47-55.237Z,points-5000-seed-41544c53,miss,spatial_hit_test_sync_ms,ms,5,1.1000001430511475
Atlas,10690f7a4726+bench,SVG,instrument-2026-10-06T13-47-55.237Z,points-5000-seed-41544c53,miss,spatial_hit_test_sync_ms,ms,6,1.0999999046325684
Atlas,10690f7a4726+bench,SVG,instrument-2026-10-06T13-47-55.237Z,points-5000-seed-41544c53,miss,spatial_hit_test_sync_ms,ms,7,0.9000000953674316
Atlas,10690f7a4726+bench,SVG,instrument-2026-10-06T13-47-55.237Z,points-5000-seed-41544c53,miss,spatial_hit_test_sync_ms,ms,8,1.0999999046325684
Atlas,10690f7a4726+bench,SVG,instrument-2026-10-06T13-47-55.237Z,points-5000-seed-41544c53,miss,spatial_hit_test_sync_ms,ms,9,1.2000000476837158
Atlas,10690f7a4726+bench,SVG,instrument-2026-10-06T13-47-55.237Z,points-5000-seed-41544c53,miss,spatial_hit_test_sync_ms,ms,10,1
Atlas,10690f7a4726+bench,SVG,instrument-2026-10-06T13-47-55.237Z,points-5000-seed-41544c53,miss,spatial_hit_test_sync_ms,ms,11,1
Atlas,10690f7a4726+bench,SVG,instrument-2026-10-06T13-47-55.237Z,points-5000-seed-41544c53,miss,spatial_hit_test_sync_ms,ms,12,1.0999999046325684
Atlas,10690f7a4726+bench,SVG,instrument-2026-10-06T13-47-55.237Z,points-5000-seed-41544c53,miss,spatial_hit_test_sync_ms,ms,13,1.1000001430511475
Atlas,10690f7a4726+bench,SVG,instrument-2026-10-06T13-47-55.237Z,points-5000-seed-41544c53,miss,spatial_hit_test_sync_ms,ms,14,1.0999999046325684
Atlas,10690f7a4726+bench,SVG,instrument-2026-10-06T13-47-55.237Z,points-5000-seed-41544c53,miss,spatial_hit_test_sync_ms,ms,15,1
Atlas,10690f7a4726+bench,SVG,instrument-2026-10-06T13-47-55.237Z,points-5000-seed-41544c53,miss,spatial_hit_test_sync_ms,ms,16,1.0999999046325684
Atlas,10690f7a4726+bench,SVG,instrument-2026-10-06T13-47-55.237Z,points-5000-seed-41544c53,miss,spatial_hit_test_sync_ms,ms,17,1
Atlas,10690f7a4726+bench,SVG,instrument-2026-10-06T13-47-55.237Z,points-5000-seed-41544c53,miss,spatial_hit_test_sync_ms,ms,18,1
Atlas,10690f7a4726+bench,SVG,instrument-2026-10-06T13-47-55.237Z,points-5000-seed-41544c53,miss,spatial_hit_test_sync_ms,ms,19,1.1000001430511475
Atlas,10690f7a4726+bench,SVG,instrument-2026-10-06T13-47-55.237Z,points-5000-seed-41544c53,miss,spatial_hit_test_sync_ms,ms,20,1.0999999046325684
Atlas,10690f7a4726+bench,SVG,instrument-2026-10-06T13-47-55.237Z,points-5000-seed-41544c53,miss,spatial_hit_test_sync_ms,ms,21,1.1000001430511475
Atlas,10690f7a4726+bench,SVG,instrument-2026-10-06T13-47-55.237Z,points-5000-seed-41544c53,miss,spatial_hit_test_sync_ms,ms,22,1
Atlas,10690f7a4726+bench,SVG,instrument-2026-10-06T13-47-55.237Z,points-5000-seed-41544c53,miss,spatial_hit_test_sync_ms,ms,23,1.0999999046325684
Atlas,10690f7a4726+bench,SVG,instrument-2026-10-06T13-47-55.237Z,points-5000-seed-41544c53,miss,spatial_hit_test_sync_ms,ms,24,1.0999999046325684
Atlas,10690f7a4726+bench,SVG,instrument-2026-10-06T13-47-55.237Z,points-5000-seed-41544c53,miss,spatial_hit_test_sync_ms,ms,25,1
Atlas,10690f7a4726+bench,SVG,instrument-2026-10-06T13-47-55.237Z,points-5000-seed-41544c53,miss,spatial_hit_test_sync_ms,ms,26,1.2000000476837158
Atlas,10690f7a4726+bench,SVG,instrument-2026-10-06T13-47-55.237Z,points-5000-seed-41544c53,miss,spatial_hit_test_sync_ms,ms,27,1
Atlas,10690f7a4726+bench,SVG,instrument-2026-10-06T13-47-55.237Z,points-5000-seed-41544c53,miss,spatial_hit_test_sync_ms,ms,28,1.2000000476837158
Atlas,10690f7a4726+bench,SVG,instrument-2026-10-06T13-47-55.237Z,points-5000-seed-41544c53,miss,spatial_hit_test_sync_ms,ms,29,1.0999999046325684
Atlas,10690f7a4726+bench,SVG,instrument-2026-10-06T13-47-55.237Z,points-5000-seed-41544c53,miss,spatial_hit_test_sync_ms,ms,30,1
Atlas,10690f7a4726+bench,SVG,instrument-2026-10-06T13-47-55.237Z,points-5000-seed-41544c53,miss,spatial_hit_test_sync_ms,ms,31,1.2000000476837158
Atlas,10690f7a4726+bench,SVG,instrument-2026-10-06T13-47-55.237Z,points-5000-seed-41544c53,miss,spatial_hit_test_sync_ms,ms,32,1.1000001430511475
Atlas,10690f7a4726+bench,SVG,instrument-2026-10-06T13-47-55.237Z,points-5000-seed-41544c53,miss,spatial_hit_test_sync_ms,ms,33,1.0999999046325684
Atlas,10690f7a4726+bench,SVG,instrument-2026-10-06T13-47-55.237Z,points-5000-seed-41544c53,miss,spatial_hit_test_sync_ms,ms,34,1.0999999046325684
Atlas,10690f7a4726+bench,SVG,instrument-2026-10-06T13-47-55.237Z,points-5000-seed-41544c53,miss,spatial_hit_test_sync_ms,ms,35,3.1000001430511475
Atlas,10690f7a4726+bench,SVG,instrument-2026-10-06T13-47-55.237Z,points-5000-seed-41544c53,miss,spatial_hit_test_sync_ms,ms,36,1.2000000476837158
Atlas,10690f7a4726+bench,SVG,instrument-2026-10-06T13-47-55.237Z,points-5000-seed-41544c53,miss,spatial_hit_test_sync_ms,ms,37,1.0999999046325684
Atlas,10690f7a4726+bench,SVG,instrument-2026-10-06T13-47-55.237Z,points-5000-seed-41544c53,miss,spatial_hit_test_sync_ms,ms,38,1.0999999046325684
Atlas,10690f7a4726+bench,SVG,instrument-2026-10-06T13-47-55.237Z,points-5000-seed-41544c53,miss,spatial_hit_test_sync_ms,ms,39,1.2000000476837158
Atlas,10690f7a4726+bench,SVG,instrument-2026-10-06T13-47-55.237Z,points-5000-seed-41544c53,miss,spatial_hit_test_sync_ms,ms,40,1
Atlas,10690f7a4726+bench,SVG,instrument-2026-10-06T13-47-55.237Z,points-5000-seed-41544c53,miss,spatial_hit_test_sync_ms,ms,41,1.2000000476837158
Atlas,10690f7a4726+bench,SVG,instrument-2026-10-06T13-47-55.237Z,points-5000-seed-41544c53,miss,spatial_hit_test_sync_ms,ms,42,1.2000000476837158
Atlas,10690f7a4726+bench,SVG,instrument-2026-10-06T13-47-55.237Z,points-5000-seed-41544c53,miss,spatial_hit_test_sync_ms,ms,43,1.2000000476837158
Atlas,10690f7a4726+bench,SVG,instrument-2026-10-06T13-47-55.237Z,points-5000-seed-41544c53,miss,spatial_hit_test_sync_ms,ms,44,1.0999999046325684
Atlas,10690f7a4726+bench,SVG,instrument-2026-10-06T13-47-55.237Z,points-5000-seed-41544c53,miss,spatial_hit_test_sync_ms,ms,45,1.0999999046325684
Atlas,10690f7a4726+bench,SVG,instrument-2026-10-06T13-47-55.237Z,points-5000-seed-41544c53,miss,spatial_hit_test_sync_ms,ms,46,1
Atlas,10690f7a4726+bench,SVG,instrument-2026-10-06T13-47-55.237Z,points-5000-seed-41544c53,miss,spatial_hit_test_sync_ms,ms,47,1
Atlas,10690f7a4726+bench,SVG,instrument-2026-10-06T13-47-55.237Z,points-5000-seed-41544c53,miss,spatial_hit_test_sync_ms,ms,48,1.2000000476837158
Atlas,10690f7a4726+bench,SVG,instrument-2026-10-06T13-47-55.237Z,points-5000-seed-41544c53,miss,spatial_hit_test_sync_ms,ms,49,1.1000001430511475
Atlas,10690f7a4726+bench,SVG,instrument-2026-10-06T13-47-55.237Z,points-5000-seed-41544c53,miss,spatial_hit_test_sync_ms,ms,50,1.1999998092651367
Atlas,10690f7a4726+bench,SVG,instrument-2026-10-06T13-47-55.237Z,points-5000-seed-41544c53,miss,spatial_hit_test_sync_ms,ms,51,1.1000001430511475
Atlas,10690f7a4726+bench,SVG,instrument-2026-10-06T13-47-55.237Z,points-5000-seed-41544c53,miss,spatial_hit_test_sync_ms,ms,52,1.0999999046325684
Atlas,10690f7a4726+bench,SVG,instrument-2026-10-06T13-47-55.237Z,points-5000-seed-41544c53,miss,spatial_hit_test_sync_ms,ms,53,1.1000001430511475
Atlas,10690f7a4726+bench,SVG,instrument-2026-10-06T13-47-55.237Z,points-5000-seed-41544c53,miss,spatial_hit_test_sync_ms,ms,54,1.0999999046325684
Atlas,10690f7a4726+bench,SVG,instrument-2026-10-06T13-47-55.237Z,points-5000-seed-41544c53,miss,spatial_hit_test_sync_ms,ms,55,1
Atlas,10690f7a4726+bench,SVG,instrument-2026-10-06T13-47-55.237Z,points-5000-seed-41544c53,miss,spatial_hit_test_sync_ms,ms,56,1.0999999046325684
Atlas,10690f7a4726+bench,SVG,instrument-2026-10-06T13-47-55.237Z,points-5000-seed-41544c53,miss,spatial_hit_test_sync_ms,ms,57,1.1000001430511475
Atlas,10690f7a4726+bench,SVG,instrument-2026-10-06T13-47-55.237Z,points-5000-seed-41544c53,miss,spatial_hit_test_sync_ms,ms,58,1.0999999046325684
Atlas,10690f7a4726+bench,SVG,instrument-2026-10-06T13-47-55.237Z,points-5000-seed-41544c53,miss,spatial_hit_test_sync_ms,ms,59,1
Atlas,10690f7a4726+bench,SVG,instrument-2026-10-06T13-47-55.237Z,points-5000-seed-41544c53,miss,spatial_hit_test_sync_ms,ms,60,1.1000001430511475
Atlas,10690f7a4726+bench,SVG,instrument-2026-10-06T13-47-55.237Z,points-5000-seed-41544c53,miss,spatial_hit_test_sync_ms,ms,61,1.0999999046325684
Atlas,10690f7a4726+bench,SVG,instrument-2026-10-06T13-47-55.237Z,points-5000-seed-41544c53,miss,spatial_hit_test_sync_ms,ms,62,1.0999999046325684
Atlas,10690f7a4726+bench,SVG,instrument-2026-10-06T13-47-55.237Z,points-5000-seed-41544c53,miss,spatial_hit_test_sync_ms,ms,63,1.1000001430511475
Atlas,10690f7a4726+bench,SVG,instrument-2026-10-06T13-47-55.237Z,points-5000-seed-41544c53,miss,spatial_hit_test_sync_ms,ms,64,1.0999999046325684
Atlas,10690f7a4726+bench,SVG,instrument-2026-10-06T13-47-55.237Z,points-5000-seed-41544c53,miss,spatial_hit_test_sync_ms,ms,65,1.2000000476837158
Atlas,10690f7a4726+bench,SVG,instrument-2026-10-06T13-47-55.237Z,points-5000-seed-41544c53,miss,spatial_hit_test_sync_ms,ms,66,1
Atlas,10690f7a4726+bench,SVG,instrument-2026-10-06T13-47-55.237Z,points-5000-seed-41544c53,miss,spatial_hit_test_sync_ms,ms,67,1.0999999046325684
Atlas,10690f7a4726+bench,SVG,instrument-2026-10-06T13-47-55.237Z,points-5000-seed-41544c53,miss,spatial_hit_test_sync_ms,ms,68,1.2000000476837158
Atlas,10690f7a4726+bench,SVG,instrument-2026-10-06T13-47-55.237Z,points-5000-seed-41544c53,miss,spatial_hit_test_sync_ms,ms,69,1.1000001430511475
Atlas,10690f7a4726+bench,SVG,instrument-2026-10-06T13-47-55.237Z,points-5000-seed-41544c53,miss,spatial_hit_test_sync_ms,ms,70,1
Atlas,10690f7a4726+bench,SVG,instrument-2026-10-06T13-47-55.237Z,points-5000-seed-41544c53,miss,spatial_hit_test_sync_ms,ms,71,1.0999999046325684
Atlas,10690f7a4726+bench,SVG,instrument-2026-10-06T13-47-55.237Z,points-5000-seed-41544c53,miss,spatial_hit_test_sync_ms,ms,72,1.0999999046325684
Atlas,10690f7a4726+bench,SVG,instrument-2026-10-06T13-47-55.237Z,points-5000-seed-41544c53,miss,spatial_hit_test_sync_ms,ms,73,1.1000001430511475
Atlas,10690f7a4726+bench,SVG,instrument-2026-10-06T13-47-55.237Z,points-5000-seed-41544c53,miss,spatial_hit_test_sync_ms,ms,74,1.0999999046325684
Atlas,10690f7a4726+bench,SVG,instrument-2026-10-06T13-47-55.237Z,points-5000-seed-41544c53,miss,spatial_hit_test_sync_ms,ms,75,1
Atlas,10690f7a4726+bench,SVG,instrument-2026-10-06T13-47-55.237Z,points-5000-seed-41544c53,miss,spatial_hit_test_sync_ms,ms,76,1.1000001430511475
Atlas,10690f7a4726+bench,SVG,instrument-2026-10-06T13-47-55.237Z,points-5000-seed-41544c53,miss,spatial_hit_test_sync_ms,ms,77,1
Atlas,10690f7a4726+bench,SVG,instrument-2026-10-06T13-47-55.237Z,points-5000-seed-41544c53,miss,spatial_hit_test_sync_ms,ms,78,1.0999999046325684
Atlas,10690f7a4726+bench,SVG,instrument-2026-10-06T13-47-55.237Z,points-5000-seed-41544c53,miss,spatial_hit_test_sync_ms,ms,79,1.1000001430511475
Atlas,10690f7a4726+bench,SVG,instrument-2026-10-06T13-47-55.237Z,points-5000-seed-41544c53,miss,spatial_hit_test_sync_ms,ms,80,1.0999999046325684
Atlas,10690f7a4726+bench,SVG,instrument-2026-10-06T13-47-55.237Z,points-5000-seed-41544c53,miss,spatial_hit_test_sync_ms,ms,81,1.1000001430511475
Atlas,10690f7a4726+bench,SVG,instrument-2026-10-06T13-47-55.237Z,points-5000-seed-41544c53,miss,spatial_hit_test_sync_ms,ms,82,1
Atlas,10690f7a4726+bench,SVG,instrument-2026-10-06T13-47-55.237Z,points-5000-seed-41544c53,miss,spatial_hit_test_sync_ms,ms,83,3.5
Atlas,10690f7a4726+bench,SVG,instrument-2026-10-06T13-47-55.237Z,points-5000-seed-41544c53,miss,spatial_hit_test_sync_ms,ms,84,1
Atlas,10690f7a4726+bench,SVG,instrument-2026-10-06T13-47-55.237Z,points-5000-seed-41544c53,miss,spatial_hit_test_sync_ms,ms,85,1.0999999046325684
Atlas,10690f7a4726+bench,SVG,instrument-2026-10-06T13-47-55.237Z,points-5000-seed-41544c53,miss,spatial_hit_test_sync_ms,ms,86,1
Atlas,10690f7a4726+bench,SVG,instrument-2026-10-06T13-47-55.237Z,points-5000-seed-41544c53,miss,spatial_hit_test_sync_ms,ms,87,1.0999999046325684
Atlas,10690f7a4726+bench,SVG,instrument-2026-10-06T13-47-55.237Z,points-5000-seed-41544c53,miss,spatial_hit_test_sync_ms,ms,88,1
Atlas,10690f7a4726+bench,SVG,instrument-2026-10-06T13-47-55.237Z,points-5000-seed-41544c53,miss,spatial_hit_test_sync_ms,ms,89,1.1000001430511475
Atlas,10690f7a4726+bench,SVG,instrument-2026-10-06T13-47-55.237Z,points-5000-seed-41544c53,miss,spatial_hit_test_sync_ms,ms,90,1
Atlas,10690f7a4726+bench,SVG,instrument-2026-10-06T13-47-55.237Z,points-5000-seed-41544c53,miss,spatial_hit_test_sync_ms,ms,91,1.0999999046325684
Atlas,10690f7a4726+bench,SVG,instrument-2026-10-06T13-47-55.237Z,points-5000-seed-41544c53,miss,spatial_hit_test_sync_ms,ms,92,1.1000001430511475
Atlas,10690f7a4726+bench,SVG,instrument-2026-10-06T13-47-55.237Z,points-5000-seed-41544c53,miss,spatial_hit_test_sync_ms,ms,93,1.0999999046325684
Atlas,10690f7a4726+bench,SVG,instrument-2026-10-06T13-47-55.237Z,points-5000-seed-41544c53,miss,spatial_hit_test_sync_ms,ms,94,1.0999999046325684
Atlas,10690f7a4726+bench,SVG,instrument-2026-10-06T13-47-55.237Z,points-5000-seed-41544c53,miss,spatial_hit_test_sync_ms,ms,95,1
Atlas,10690f7a4726+bench,SVG,instrument-2026-10-06T13-47-55.237Z,points-5000-seed-41544c53,miss,spatial_hit_test_sync_ms,ms,96,1
Atlas,10690f7a4726+bench,SVG,instrument-2026-10-06T13-47-55.237Z,points-5000-seed-41544c53,miss,spatial_hit_test_sync_ms,ms,97,1.1000001430511475
Atlas,10690f7a4726+bench,SVG,instrument-2026-10-06T13-47-55.237Z,points-5000-seed-41544c53,miss,spatial_hit_test_sync_ms,ms,98,1.0999999046325684
Atlas,10690f7a4726+bench,SVG,instrument-2026-10-06T13-47-55.237Z,points-5000-seed-41544c53,miss,spatial_hit_test_sync_ms,ms,99,1
Atlas,10690f7a4726+bench,SVG,instrument-2026-10-06T13-47-55.237Z,points-5000-seed-41544c53,miss,spatial_hit_test_sync_ms,ms,100,1.1000001430511475
Atlas,10690f7a4726+bench,SVG,instrument-2026-10-06T13-47-55.237Z,points-5000-seed-41544c53,miss,spatial_hit_test_sync_ms,ms,101,1
Atlas,10690f7a4726+bench,SVG,instrument-2026-10-06T13-47-55.237Z,points-5000-seed-41544c53,miss,spatial_hit_test_sync_ms,ms,102,1.0999999046325684
Atlas,10690f7a4726+bench,SVG,instrument-2026-10-06T13-47-55.237Z,points-5000-seed-41544c53,miss,spatial_hit_test_sync_ms,ms,103,1.0999999046325684
Atlas,10690f7a4726+bench,SVG,instrument-2026-10-06T13-47-55.237Z,points-5000-seed-41544c53,miss,spatial_hit_test_sync_ms,ms,104,1
Atlas,10690f7a4726+bench,SVG,instrument-2026-10-06T13-47-55.237Z,points-5000-seed-41544c53,miss,spatial_hit_test_sync_ms,ms,105,1.1000001430511475
Atlas,10690f7a4726+bench,SVG,instrument-2026-10-06T13-47-55.237Z,points-5000-seed-41544c53,miss,spatial_hit_test_sync_ms,ms,106,1
Atlas,10690f7a4726+bench,SVG,instrument-2026-10-06T13-47-55.237Z,points-5000-seed-41544c53,miss,spatial_hit_test_sync_ms,ms,107,1.0999999046325684
Atlas,10690f7a4726+bench,SVG,instrument-2026-10-06T13-47-55.237Z,points-5000-seed-41544c53,miss,spatial_hit_test_sync_ms,ms,108,1.1000001430511475
Atlas,10690f7a4726+bench,SVG,instrument-2026-10-06T13-47-55.237Z,points-5000-seed-41544c53,miss,spatial_hit_test_sync_ms,ms,109,1
Atlas,10690f7a4726+bench,SVG,instrument-2026-10-06T13-47-55.237Z,points-5000-seed-41544c53,miss,spatial_hit_test_sync_ms,ms,110,1.0999999046325684
Atlas,10690f7a4726+bench,SVG,instrument-2026-10-06T13-47-55.237Z,points-5000-seed-41544c53,miss,spatial_hit_test_sync_ms,ms,111,1
Atlas,10690f7a4726+bench,SVG,instrument-2026-10-06T13-47-55.237Z,points-5000-seed-41544c53,miss,spatial_hit_test_sync_ms,ms,112,1.0999999046325684
Atlas,10690f7a4726+bench,SVG,instrument-2026-10-06T13-47-55.237Z,points-5000-seed-41544c53,miss,spatial_hit_test_sync_ms,ms,113,1
Atlas,10690f7a4726+bench,SVG,instrument-2026-10-06T13-47-55.237Z,points-5000-seed-41544c53,miss,spatial_hit_test_sync_ms,ms,114,1.1000001430511475
Atlas,10690f7a4726+bench,SVG,instrument-2026-10-06T13-47-55.237Z,points-5000-seed-41544c53,miss,spatial_hit_test_sync_ms,ms,115,0.8999998569488525
Atlas,10690f7a4726+bench,SVG,instrument-2026-10-06T13-47-55.237Z,points-5000-seed-41544c53,miss,spatial_hit_test_sync_ms,ms,116,1.1000001430511475
Atlas,10690f7a4726+bench,SVG,instrument-2026-10-06T13-47-55.237Z,points-5000-seed-41544c53,miss,spatial_hit_test_sync_ms,ms,117,1.0999999046325684
Atlas,10690f7a4726+bench,SVG,instrument-2026-10-06T13-47-55.237Z,points-5000-seed-41544c53,miss,spatial_hit_test_sync_ms,ms,118,1
Atlas,10690f7a4726+bench,SVG,instrument-2026-10-06T13-47-55.237Z,points-5000-seed-41544c53,miss,spatial_hit_test_sync_ms,ms,119,1
Atlas,10690f7a4726+bench,SVG,instrument-2026-10-06T13-47-55.237Z,points-5000-seed-41544c53,miss,spatial_hit_test_sync_ms,ms,120,1.1000001430511475
Atlas,10690f7a4726+bench,SVG,instrument-2026-10-06T13-47-55.237Z,points-5000-seed-41544c53,miss,spatial_hit_test_sync_ms,ms,121,1.0999999046325684
Atlas,10690f7a4726+bench,SVG,instrument-2026-10-06T13-47-55.237Z,points-5000-seed-41544c53,miss,spatial_hit_test_sync_ms,ms,122,1
Atlas,10690f7a4726+bench,SVG,instrument-2026-10-06T13-47-55.237Z,points-5000-seed-41544c53,miss,spatial_hit_test_sync_ms,ms,123,1.0999999046325684
Atlas,10690f7a4726+bench,SVG,instrument-2026-10-06T13-47-55.237Z,points-5000-seed-41544c53,miss,spatial_hit_test_sync_ms,ms,124,1
Atlas,10690f7a4726+bench,SVG,instrument-2026-10-06T13-47-55.237Z,points-5000-seed-41544c53,miss,spatial_hit_test_sync_ms,ms,125,1.1000001430511475
Atlas,10690f7a4726+bench,SVG,instrument-2026-10-06T13-47-55.237Z,points-5000-seed-41544c53,miss,spatial_hit_test_sync_ms,ms,126,1.0999999046325684
Atlas,10690f7a4726+bench,SVG,instrument-2026-10-06T13-47-55.237Z,points-5000-seed-41544c53,miss,spatial_hit_test_sync_ms,ms,127,1
Atlas,10690f7a4726+bench,SVG,instrument-2026-10-06T13-47-55.237Z,points-5000-seed-41544c53,miss,spatial_hit_test_sync_ms,ms,128,1.1000001430511475
Atlas,10690f7a4726+bench,SVG,instrument-2026-10-06T13-47-55.237Z,points-5000-seed-41544c53,miss,spatial_hit_test_sync_ms,ms,129,1
Atlas,10690f7a4726+bench,SVG,instrument-2026-10-06T13-47-55.237Z,points-5000-seed-41544c53,miss,spatial_hit_test_sync_ms,ms,130,1.0999999046325684
Atlas,10690f7a4726+bench,SVG,instrument-2026-10-06T13-47-55.237Z,points-5000-seed-41544c53,miss,spatial_hit_test_sync_ms,ms,131,1.0999999046325684
Atlas,10690f7a4726+bench,SVG,instrument-2026-10-06T13-47-55.237Z,points-5000-seed-41544c53,miss,spatial_hit_test_sync_ms,ms,132,1.1000001430511475
Atlas,10690f7a4726+bench,SVG,instrument-2026-10-06T13-47-55.237Z,points-5000-seed-41544c53,miss,spatial_hit_test_sync_ms,ms,133,0.8999998569488525
Atlas,10690f7a4726+bench,SVG,instrument-2026-10-06T13-47-55.237Z,points-5000-seed-41544c53,miss,spatial_hit_test_sync_ms,ms,134,1.1000001430511475
Atlas,10690f7a4726+bench,SVG,instrument-2026-10-06T13-47-55.237Z,points-5000-seed-41544c53,miss,spatial_hit_test_sync_ms,ms,135,1.0999999046325684
Atlas,10690f7a4726+bench,SVG,instrument-2026-10-06T13-47-55.237Z,points-5000-seed-41544c53,miss,spatial_hit_test_sync_ms,ms,136,1
Atlas,10690f7a4726+bench,SVG,instrument-2026-10-06T13-47-55.237Z,points-5000-seed-41544c53,miss,spatial_hit_test_sync_ms,ms,137,1.1000001430511475
Atlas,10690f7a4726+bench,SVG,instrument-2026-10-06T13-47-55.237Z,points-5000-seed-41544c53,miss,spatial_hit_test_sync_ms,ms,138,1.0999999046325684
Atlas,10690f7a4726+bench,SVG,instrument-2026-10-06T13-47-55.237Z,points-5000-seed-41544c53,miss,spatial_hit_test_sync_ms,ms,139,1.0999999046325684
Atlas,10690f7a4726+bench,SVG,instrument-2026-10-06T13-47-55.237Z,points-5000-seed-41544c53,miss,spatial_hit_test_sync_ms,ms,140,1
Atlas,10690f7a4726+bench,SVG,instrument-2026-10-06T13-47-55.237Z,points-5000-seed-41544c53,miss,spatial_hit_test_sync_ms,ms,141,1.2000000476837158
Atlas,10690f7a4726+bench,SVG,instrument-2026-10-06T13-47-55.237Z,points-5000-seed-41544c53,miss,spatial_hit_test_sync_ms,ms,142,1
Atlas,10690f7a4726+bench,SVG,instrument-2026-10-06T13-47-55.237Z,points-5000-seed-41544c53,miss,spatial_hit_test_sync_ms,ms,143,1
Atlas,10690f7a4726+bench,SVG,instrument-2026-10-06T13-47-55.237Z,points-5000-seed-41544c53,miss,spatial_hit_test_sync_ms,ms,144,1
Atlas,10690f7a4726+bench,SVG,instrument-2026-10-06T13-47-55.237Z,points-5000-seed-41544c53,miss,spatial_hit_test_sync_ms,ms,145,1.1000001430511475
Atlas,10690f7a4726+bench,SVG,instrument-2026-10-06T13-47-55.237Z,points-5000-seed-41544c53,miss,spatial_hit_test_sync_ms,ms,146,1.0999999046325684
Atlas,10690f7a4726+bench,SVG,instrument-2026-10-06T13-47-55.237Z,points-5000-seed-41544c53,miss,spatial_hit_test_sync_ms,ms,147,1
Atlas,10690f7a4726+bench,SVG,instrument-2026-10-06T13-47-55.237Z,points-5000-seed-41544c53,miss,spatial_hit_test_sync_ms,ms,148,1.0999999046325684
Atlas,10690f7a4726+bench,SVG,instrument-2026-10-06T13-47-55.237Z,points-5000-seed-41544c53,miss,spatial_hit_test_sync_ms,ms,149,1
Atlas,10690f7a4726+bench,SVG,instrument-2026-10-06T13-47-55.237Z,points-5000-seed-41544c53,miss,spatial_hit_test_sync_ms,ms,150,1.1000001430511475
Atlas,10690f7a4726+bench,SVG,instrument-2026-10-06T13-47-55.237Z,points-5000-seed-41544c53,miss,spatial_hit_test_sync_ms,ms,151,1.0999999046325684
Atlas,10690f7a4726+bench,SVG,instrument-2026-10-06T13-47-55.237Z,points-5000-seed-41544c53,miss,spatial_hit_test_sync_ms,ms,152,1
Atlas,10690f7a4726+bench,SVG,instrument-2026-10-06T13-47-55.237Z,points-5000-seed-41544c53,miss,spatial_hit_test_sync_ms,ms,153,1.1000001430511475
Atlas,10690f7a4726+bench,SVG,instrument-2026-10-06T13-47-55.237Z,points-5000-seed-41544c53,miss,spatial_hit_test_sync_ms,ms,154,1
Atlas,10690f7a4726+bench,SVG,instrument-2026-10-06T13-47-55.237Z,points-5000-seed-41544c53,miss,spatial_hit_test_sync_ms,ms,155,1
Atlas,10690f7a4726+bench,SVG,instrument-2026-10-06T13-47-55.237Z,points-5000-seed-41544c53,miss,spatial_hit_test_sync_ms,ms,156,1.1999998092651367
Atlas,10690f7a4726+bench,SVG,instrument-2026-10-06T13-47-55.237Z,points-5000-seed-41544c53,miss,spatial_hit_test_sync_ms,ms,157,1
Atlas,10690f7a4726+bench,SVG,instrument-2026-10-06T13-47-55.237Z,points-5000-seed-41544c53,miss,spatial_hit_test_sync_ms,ms,158,1.1000001430511475
Atlas,10690f7a4726+bench,SVG,instrument-2026-10-06T13-47-55.237Z,points-5000-seed-41544c53,miss,spatial_hit_test_sync_ms,ms,159,1.0999999046325684
Atlas,10690f7a4726+bench,SVG,instrument-2026-10-06T13-47-55.237Z,points-5000-seed-41544c53,miss,spatial_hit_test_sync_ms,ms,160,1.1000001430511475
Atlas,10690f7a4726+bench,SVG,instrument-2026-10-06T13-47-55.237Z,points-5000-seed-41544c53,miss,spatial_hit_test_sync_ms,ms,161,1
Atlas,10690f7a4726+bench,SVG,instrument-2026-10-06T13-47-55.237Z,points-5000-seed-41544c53,miss,spatial_hit_test_sync_ms,ms,162,1
Atlas,10690f7a4726+bench,SVG,instrument-2026-10-06T13-47-55.237Z,points-5000-seed-41544c53,miss,spatial_hit_test_sync_ms,ms,163,1.0999999046325684
Atlas,10690f7a4726+bench,SVG,instrument-2026-10-06T13-47-55.237Z,points-5000-seed-41544c53,miss,spatial_hit_test_sync_ms,ms,164,1
Atlas,10690f7a4726+bench,SVG,instrument-2026-10-06T13-47-55.237Z,points-5000-seed-41544c53,miss,spatial_hit_test_sync_ms,ms,165,1.0999999046325684
Atlas,10690f7a4726+bench,SVG,instrument-2026-10-06T13-47-55.237Z,points-5000-seed-41544c53,miss,spatial_hit_test_sync_ms,ms,166,1
Atlas,10690f7a4726+bench,SVG,instrument-2026-10-06T13-47-55.237Z,points-5000-seed-41544c53,miss,spatial_hit_test_sync_ms,ms,167,1.1000001430511475
Atlas,10690f7a4726+bench,SVG,instrument-2026-10-06T13-47-55.237Z,points-5000-seed-41544c53,miss,spatial_hit_test_sync_ms,ms,168,1
Atlas,10690f7a4726+bench,SVG,instrument-2026-10-06T13-47-55.237Z,points-5000-seed-41544c53,miss,spatial_hit_test_sync_ms,ms,169,1.0999999046325684
Atlas,10690f7a4726+bench,SVG,instrument-2026-10-06T13-47-55.237Z,points-5000-seed-41544c53,miss,spatial_hit_test_sync_ms,ms,170,1
Atlas,10690f7a4726+bench,SVG,instrument-2026-10-06T13-47-55.237Z,points-5000-seed-41544c53,miss,spatial_hit_test_sync_ms,ms,171,1.1000001430511475
Atlas,10690f7a4726+bench,SVG,instrument-2026-10-06T13-47-55.237Z,points-5000-seed-41544c53,miss,spatial_hit_test_sync_ms,ms,172,1
Atlas,10690f7a4726+bench,SVG,instrument-2026-10-06T13-47-55.237Z,points-5000-seed-41544c53,miss,spatial_hit_test_sync_ms,ms,173,1.0999999046325684
Atlas,10690f7a4726+bench,SVG,instrument-2026-10-06T13-47-55.237Z,points-5000-seed-41544c53,miss,spatial_hit_test_sync_ms,ms,174,1
Atlas,10690f7a4726+bench,SVG,instrument-2026-10-06T13-47-55.237Z,points-5000-seed-41544c53,miss,spatial_hit_test_sync_ms,ms,175,1
Atlas,10690f7a4726+bench,SVG,instrument-2026-10-06T13-47-55.237Z,points-5000-seed-41544c53,miss,spatial_hit_test_sync_ms,ms,176,1.2000000476837158
Atlas,10690f7a4726+bench,SVG,instrument-2026-10-06T13-47-55.237Z,points-5000-seed-41544c53,miss,spatial_hit_test_sync_ms,ms,177,1
Atlas,10690f7a4726+bench,SVG,instrument-2026-10-06T13-47-55.237Z,points-5000-seed-41544c53,miss,spatial_hit_test_sync_ms,ms,178,1
Atlas,10690f7a4726+bench,SVG,instrument-2026-10-06T13-47-55.237Z,points-5000-seed-41544c53,miss,spatial_hit_test_sync_ms,ms,179,1.0999999046325684
Atlas,10690f7a4726+bench,SVG,instrument-2026-10-06T13-47-55.237Z,points-5000-seed-41544c53,miss,spatial_hit_test_sync_ms,ms,180,1.1000001430511475
Atlas,10690f7a4726+bench,SVG,instrument-2026-10-06T13-47-55.237Z,points-5000-seed-41544c53,miss,spatial_hit_test_sync_ms,ms,181,1
Atlas,10690f7a4726+bench,SVG,instrument-2026-10-06T13-47-55.237Z,points-5000-seed-41544c53,miss,spatial_hit_test_sync_ms,ms,182,1
Atlas,10690f7a4726+bench,SVG,instrument-2026-10-06T13-47-55.237Z,points-5000-seed-41544c53,miss,spatial_hit_test_sync_ms,ms,183,1.0999999046325684
Atlas,10690f7a4726+bench,SVG,instrument-2026-10-06T13-47-55.237Z,points-5000-seed-41544c53,miss,spatial_hit_test_sync_ms,ms,184,1.0999999046325684
Atlas,10690f7a4726+bench,SVG,instrument-2026-10-06T13-47-55.237Z,points-5000-seed-41544c53,miss,spatial_hit_test_sync_ms,ms,185,1
Atlas,10690f7a4726+bench,SVG,instrument-2026-10-06T13-47-55.237Z,points-5000-seed-41544c53,miss,spatial_hit_test_sync_ms,ms,186,1
Atlas,10690f7a4726+bench,SVG,instrument-2026-10-06T13-47-55.237Z,points-5000-seed-41544c53,miss,spatial_hit_test_sync_ms,ms,187,1
Atlas,10690f7a4726+bench,SVG,instrument-2026-10-06T13-47-55.237Z,points-5000-seed-41544c53,miss,spatial_hit_test_sync_ms,ms,188,1.2000000476837158
Atlas,10690f7a4726+bench,SVG,instrument-2026-10-06T13-47-55.237Z,points-5000-seed-41544c53,miss,spatial_hit_test_sync_ms,ms,189,1
Atlas,10690f7a4726+bench,SVG,instrument-2026-10-06T13-47-55.237Z,points-5000-seed-41544c53,miss,spatial_hit_test_sync_ms,ms,190,1.1000001430511475
Atlas,10690f7a4726+bench,SVG,instrument-2026-10-06T13-47-55.237Z,points-5000-seed-41544c53,miss,spatial_hit_test_sync_ms,ms,191,1.2999999523162842
Atlas,10690f7a4726+bench,SVG,instrument-2026-10-06T13-47-55.237Z,points-5000-seed-41544c53,miss,spatial_hit_test_sync_ms,ms,192,1.0999999046325684
Atlas,10690f7a4726+bench,SVG,instrument-2026-10-06T13-47-55.237Z,points-5000-seed-41544c53,miss,spatial_hit_test_sync_ms,ms,193,1.1000001430511475
Atlas,10690f7a4726+bench,SVG,instrument-2026-10-06T13-47-55.237Z,points-5000-seed-41544c53,miss,spatial_hit_test_sync_ms,ms,194,1.1999998092651367
Atlas,10690f7a4726+bench,SVG,instrument-2026-10-06T13-47-55.237Z,points-5000-seed-41544c53,miss,spatial_hit_test_sync_ms,ms,195,1.1000001430511475
Atlas,10690f7a4726+bench,SVG,instrument-2026-10-06T13-47-55.237Z,points-5000-seed-41544c53,miss,spatial_hit_test_sync_ms,ms,196,1
Atlas,10690f7a4726+bench,SVG,instrument-2026-10-06T13-47-55.237Z,points-5000-seed-41544c53,miss,spatial_hit_test_sync_ms,ms,197,1.0999999046325684
Atlas,10690f7a4726+bench,SVG,instrument-2026-10-06T13-47-55.237Z,points-5000-seed-41544c53,miss,spatial_hit_test_sync_ms,ms,198,1.1000001430511475
Atlas,10690f7a4726+bench,SVG,instrument-2026-10-06T13-47-55.237Z,points-5000-seed-41544c53,miss,spatial_hit_test_sync_ms,ms,199,1.0999999046325684
Atlas,10690f7a4726+bench,SVG,instrument-2026-10-06T13-47-55.237Z,points-5000-seed-41544c53,miss,root_iterator_creations,count,0,201
Atlas,10690f7a4726+bench,SVG,instrument-2026-10-06T13-47-55.237Z,points-5000-seed-41544c53,miss,root_iterator_next_calls,count,0,1005001
Atlas,10690f7a4726+bench,SVG,instrument-2026-10-06T13-47-55.237Z,points-5000-seed-41544c53,miss,layout_rect_reads,count,0,0
Atlas,10690f7a4726+bench,SVG,instrument-2026-10-06T13-47-55.237Z,points-5000-seed-41544c53,miss,cleanup_renderer_calls,count,0,0
Atlas,10690f7a4726+bench,SVG,instrument-2026-10-06T13-47-55.237Z,points-5000-seed-41544c53,miss,cleanup_stage_children,count,0,0
Atlas,10690f7a4726+bench,SVG,instrument-2026-10-06T13-47-55.237Z,points-5000-seed-41544c53,position-single,operation_sync_ms,ms,0,0
Atlas,10690f7a4726+bench,SVG,instrument-2026-10-06T13-47-55.237Z,points-5000-seed-41544c53,position-single,operation_to_raf_opportunities_ms,ms,0,27.200000047683716
Atlas,10690f7a4726+bench,SVG,instrument-2026-10-06T13-47-55.237Z,points-5000-seed-41544c53,position-single,root_iterator_creations,count,0,2
Atlas,10690f7a4726+bench,SVG,instrument-2026-10-06T13-47-55.237Z,points-5000-seed-41544c53,position-single,root_iterator_next_calls,count,0,10001
Atlas,10690f7a4726+bench,SVG,instrument-2026-10-06T13-47-55.237Z,points-5000-seed-41544c53,position-single,svg_attribute_writes,count,0,10003
Atlas,10690f7a4726+bench,SVG,instrument-2026-10-06T13-47-55.237Z,points-5000-seed-41544c53,position-single,renderer_scene_reads,count,0,1
Atlas,10690f7a4726+bench,SVG,instrument-2026-10-06T13-47-55.237Z,points-5000-seed-41544c53,position-single,svg_attribute_removals,count,0,5000
Atlas,10690f7a4726+bench,SVG,instrument-2026-10-06T13-47-55.237Z,points-5000-seed-41544c53,position-single,renderer_calls,count,0,1
Atlas,10690f7a4726+bench,SVG,instrument-2026-10-06T13-47-55.237Z,points-5000-seed-41544c53,position-single,layout_rect_reads,count,0,0
Atlas,10690f7a4726+bench,SVG,instrument-2026-10-06T13-47-55.237Z,points-5000-seed-41544c53,position-single,instrumented_renderer_callback_ms,ms,0,5.3999998569488525
Atlas,10690f7a4726+bench,SVG,instrument-2026-10-06T13-47-55.237Z,points-5000-seed-41544c53,position-single,cleanup_renderer_calls,count,0,0
Atlas,10690f7a4726+bench,SVG,instrument-2026-10-06T13-47-55.237Z,points-5000-seed-41544c53,position-single,cleanup_stage_children,count,0,0
Atlas,10690f7a4726+bench,SVG,instrument-2026-10-06T13-47-55.237Z,points-5000-seed-41544c53,position-series,operation_sync_ms,ms,0,0.10000014305114746
Atlas,10690f7a4726+bench,SVG,instrument-2026-10-06T13-47-55.237Z,points-5000-seed-41544c53,position-series,operation_to_raf_opportunities_ms,ms,0,37.200000047683716
Atlas,10690f7a4726+bench,SVG,instrument-2026-10-06T13-47-55.237Z,points-5000-seed-41544c53,position-series,root_iterator_creations,count,0,2
Atlas,10690f7a4726+bench,SVG,instrument-2026-10-06T13-47-55.237Z,points-5000-seed-41544c53,position-series,root_iterator_next_calls,count,0,10001
Atlas,10690f7a4726+bench,SVG,instrument-2026-10-06T13-47-55.237Z,points-5000-seed-41544c53,position-series,svg_attribute_writes,count,0,10003
Atlas,10690f7a4726+bench,SVG,instrument-2026-10-06T13-47-55.237Z,points-5000-seed-41544c53,position-series,renderer_scene_reads,count,0,1
Atlas,10690f7a4726+bench,SVG,instrument-2026-10-06T13-47-55.237Z,points-5000-seed-41544c53,position-series,svg_attribute_removals,count,0,5000
Atlas,10690f7a4726+bench,SVG,instrument-2026-10-06T13-47-55.237Z,points-5000-seed-41544c53,position-series,renderer_calls,count,0,1
Atlas,10690f7a4726+bench,SVG,instrument-2026-10-06T13-47-55.237Z,points-5000-seed-41544c53,position-series,layout_rect_reads,count,0,0
Atlas,10690f7a4726+bench,SVG,instrument-2026-10-06T13-47-55.237Z,points-5000-seed-41544c53,position-series,instrumented_renderer_callback_ms,ms,0,5.5
Atlas,10690f7a4726+bench,SVG,instrument-2026-10-06T13-47-55.237Z,points-5000-seed-41544c53,position-series,cleanup_renderer_calls,count,0,0
Atlas,10690f7a4726+bench,SVG,instrument-2026-10-06T13-47-55.237Z,points-5000-seed-41544c53,position-series,cleanup_stage_children,count,0,0
Atlas,10690f7a4726+bench,SVG,instrument-2026-10-06T13-47-55.237Z,points-5000-seed-41544c53,add-100,operation_sync_ms,ms,0,70.20000004768372
Atlas,10690f7a4726+bench,SVG,instrument-2026-10-06T13-47-55.237Z,points-5000-seed-41544c53,add-100,cumulative_operation_ms,ms,100,70.20000004768372
Atlas,10690f7a4726+bench,SVG,instrument-2026-10-06T13-47-55.237Z,points-5000-seed-41544c53,add-100,operation_to_raf_opportunities_ms,ms,0,106.79999995231628
Atlas,10690f7a4726+bench,SVG,instrument-2026-10-06T13-47-55.237Z,points-5000-seed-41544c53,add-100,root_iterator_creations,count,0,103
Atlas,10690f7a4726+bench,SVG,instrument-2026-10-06T13-47-55.237Z,points-5000-seed-41544c53,add-100,root_iterator_next_calls,count,0,515152
Atlas,10690f7a4726+bench,SVG,instrument-2026-10-06T13-47-55.237Z,points-5000-seed-41544c53,add-100,svg_attribute_writes,count,0,10803
Atlas,10690f7a4726+bench,SVG,instrument-2026-10-06T13-47-55.237Z,points-5000-seed-41544c53,add-100,renderer_scene_reads,count,0,1
Atlas,10690f7a4726+bench,SVG,instrument-2026-10-06T13-47-55.237Z,points-5000-seed-41544c53,add-100,renderer_scene_membership_changes,count,0,1
Atlas,10690f7a4726+bench,SVG,instrument-2026-10-06T13-47-55.237Z,points-5000-seed-41544c53,add-100,svg_attribute_removals,count,0,5100
Atlas,10690f7a4726+bench,SVG,instrument-2026-10-06T13-47-55.237Z,points-5000-seed-41544c53,add-100,renderer_calls,count,0,1
Atlas,10690f7a4726+bench,SVG,instrument-2026-10-06T13-47-55.237Z,points-5000-seed-41544c53,add-100,layout_rect_reads,count,0,0
Atlas,10690f7a4726+bench,SVG,instrument-2026-10-06T13-47-55.237Z,points-5000-seed-41544c53,add-100,instrumented_renderer_callback_ms,ms,0,8.799999952316284
Atlas,10690f7a4726+bench,SVG,instrument-2026-10-06T13-47-55.237Z,points-5000-seed-41544c53,add-100,cleanup_renderer_calls,count,0,0
Atlas,10690f7a4726+bench,SVG,instrument-2026-10-06T13-47-55.237Z,points-5000-seed-41544c53,add-100,cleanup_stage_children,count,0,0
Atlas,10690f7a4726+bench,SVG,instrument-2026-10-06T13-47-55.237Z,points-5000-seed-41544c53,add-500,operation_sync_ms,ms,0,197.40000009536743
Atlas,10690f7a4726+bench,SVG,instrument-2026-10-06T13-47-55.237Z,points-5000-seed-41544c53,add-500,cumulative_operation_ms,ms,100,40
Atlas,10690f7a4726+bench,SVG,instrument-2026-10-06T13-47-55.237Z,points-5000-seed-41544c53,add-500,cumulative_operation_ms,ms,200,78.20000004768372
Atlas,10690f7a4726+bench,SVG,instrument-2026-10-06T13-47-55.237Z,points-5000-seed-41544c53,add-500,cumulative_operation_ms,ms,300,117.29999995231628
Atlas,10690f7a4726+bench,SVG,instrument-2026-10-06T13-47-55.237Z,points-5000-seed-41544c53,add-500,cumulative_operation_ms,ms,400,156.59999990463257
Atlas,10690f7a4726+bench,SVG,instrument-2026-10-06T13-47-55.237Z,points-5000-seed-41544c53,add-500,cumulative_operation_ms,ms,500,197.40000009536743
Atlas,10690f7a4726+bench,SVG,instrument-2026-10-06T13-47-55.237Z,points-5000-seed-41544c53,add-500,operation_to_raf_opportunities_ms,ms,0,233.40000009536743
Atlas,10690f7a4726+bench,SVG,instrument-2026-10-06T13-47-55.237Z,points-5000-seed-41544c53,add-500,root_iterator_creations,count,0,503
Atlas,10690f7a4726+bench,SVG,instrument-2026-10-06T13-47-55.237Z,points-5000-seed-41544c53,add-500,root_iterator_next_calls,count,0,2635752
Atlas,10690f7a4726+bench,SVG,instrument-2026-10-06T13-47-55.237Z,points-5000-seed-41544c53,add-500,svg_attribute_writes,count,0,14003
Atlas,10690f7a4726+bench,SVG,instrument-2026-10-06T13-47-55.237Z,points-5000-seed-41544c53,add-500,renderer_scene_reads,count,0,1
Atlas,10690f7a4726+bench,SVG,instrument-2026-10-06T13-47-55.237Z,points-5000-seed-41544c53,add-500,renderer_scene_membership_changes,count,0,1
Atlas,10690f7a4726+bench,SVG,instrument-2026-10-06T13-47-55.237Z,points-5000-seed-41544c53,add-500,svg_attribute_removals,count,0,5500
Atlas,10690f7a4726+bench,SVG,instrument-2026-10-06T13-47-55.237Z,points-5000-seed-41544c53,add-500,renderer_calls,count,0,1
Atlas,10690f7a4726+bench,SVG,instrument-2026-10-06T13-47-55.237Z,points-5000-seed-41544c53,add-500,layout_rect_reads,count,0,0
Atlas,10690f7a4726+bench,SVG,instrument-2026-10-06T13-47-55.237Z,points-5000-seed-41544c53,add-500,instrumented_renderer_callback_ms,ms,0,8.900000095367432
Atlas,10690f7a4726+bench,SVG,instrument-2026-10-06T13-47-55.237Z,points-5000-seed-41544c53,add-500,cleanup_renderer_calls,count,0,0
Atlas,10690f7a4726+bench,SVG,instrument-2026-10-06T13-47-55.237Z,points-5000-seed-41544c53,add-500,cleanup_stage_children,count,0,0
Atlas,10690f7a4726+bench,SVG,instrument-2026-10-06T13-47-55.237Z,points-5000-seed-41544c53,add-1000,operation_sync_ms,ms,0,408.80000019073486
Atlas,10690f7a4726+bench,SVG,instrument-2026-10-06T13-47-55.237Z,points-5000-seed-41544c53,add-1000,cumulative_operation_ms,ms,100,40
Atlas,10690f7a4726+bench,SVG,instrument-2026-10-06T13-47-55.237Z,points-5000-seed-41544c53,add-1000,cumulative_operation_ms,ms,200,78
Atlas,10690f7a4726+bench,SVG,instrument-2026-10-06T13-47-55.237Z,points-5000-seed-41544c53,add-1000,cumulative_operation_ms,ms,300,117.30000019073486
Atlas,10690f7a4726+bench,SVG,instrument-2026-10-06T13-47-55.237Z,points-5000-seed-41544c53,add-1000,cumulative_operation_ms,ms,400,156.40000009536743
Atlas,10690f7a4726+bench,SVG,instrument-2026-10-06T13-47-55.237Z,points-5000-seed-41544c53,add-1000,cumulative_operation_ms,ms,500,195.90000009536743
Atlas,10690f7a4726+bench,SVG,instrument-2026-10-06T13-47-55.237Z,points-5000-seed-41544c53,add-1000,cumulative_operation_ms,ms,600,236.70000004768372
Atlas,10690f7a4726+bench,SVG,instrument-2026-10-06T13-47-55.237Z,points-5000-seed-41544c53,add-1000,cumulative_operation_ms,ms,700,278.10000014305115
Atlas,10690f7a4726+bench,SVG,instrument-2026-10-06T13-47-55.237Z,points-5000-seed-41544c53,add-1000,cumulative_operation_ms,ms,800,321.10000014305115
Atlas,10690f7a4726+bench,SVG,instrument-2026-10-06T13-47-55.237Z,points-5000-seed-41544c53,add-1000,cumulative_operation_ms,ms,900,363.80000019073486
Atlas,10690f7a4726+bench,SVG,instrument-2026-10-06T13-47-55.237Z,points-5000-seed-41544c53,add-1000,cumulative_operation_ms,ms,1000,408.80000019073486
Atlas,10690f7a4726+bench,SVG,instrument-2026-10-06T13-47-55.237Z,points-5000-seed-41544c53,add-1000,operation_to_raf_opportunities_ms,ms,0,450.80000019073486
Atlas,10690f7a4726+bench,SVG,instrument-2026-10-06T13-47-55.237Z,points-5000-seed-41544c53,add-1000,root_iterator_creations,count,0,1003
Atlas,10690f7a4726+bench,SVG,instrument-2026-10-06T13-47-55.237Z,points-5000-seed-41544c53,add-1000,root_iterator_next_calls,count,0,5511502
Atlas,10690f7a4726+bench,SVG,instrument-2026-10-06T13-47-55.237Z,points-5000-seed-41544c53,add-1000,svg_attribute_writes,count,0,18003
Atlas,10690f7a4726+bench,SVG,instrument-2026-10-06T13-47-55.237Z,points-5000-seed-41544c53,add-1000,renderer_scene_reads,count,0,1
Atlas,10690f7a4726+bench,SVG,instrument-2026-10-06T13-47-55.237Z,points-5000-seed-41544c53,add-1000,renderer_scene_membership_changes,count,0,1
Atlas,10690f7a4726+bench,SVG,instrument-2026-10-06T13-47-55.237Z,points-5000-seed-41544c53,add-1000,svg_attribute_removals,count,0,6000
Atlas,10690f7a4726+bench,SVG,instrument-2026-10-06T13-47-55.237Z,points-5000-seed-41544c53,add-1000,renderer_calls,count,0,1
Atlas,10690f7a4726+bench,SVG,instrument-2026-10-06T13-47-55.237Z,points-5000-seed-41544c53,add-1000,layout_rect_reads,count,0,0
Atlas,10690f7a4726+bench,SVG,instrument-2026-10-06T13-47-55.237Z,points-5000-seed-41544c53,add-1000,instrumented_renderer_callback_ms,ms,0,10.299999952316284
Atlas,10690f7a4726+bench,SVG,instrument-2026-10-06T13-47-55.237Z,points-5000-seed-41544c53,add-1000,cleanup_renderer_calls,count,0,0
Atlas,10690f7a4726+bench,SVG,instrument-2026-10-06T13-47-55.237Z,points-5000-seed-41544c53,add-1000,cleanup_stage_children,count,0,0
Atlas,10690f7a4726+bench,SVG,instrument-2026-10-06T13-47-55.237Z,points-5000-seed-41544c53,remove-100,operation_sync_ms,ms,0,42.80000019073486
Atlas,10690f7a4726+bench,SVG,instrument-2026-10-06T13-47-55.237Z,points-5000-seed-41544c53,remove-100,cumulative_operation_ms,ms,100,42.80000019073486
Atlas,10690f7a4726+bench,SVG,instrument-2026-10-06T13-47-55.237Z,points-5000-seed-41544c53,remove-100,operation_to_raf_opportunities_ms,ms,0,73.70000004768372
Atlas,10690f7a4726+bench,SVG,instrument-2026-10-06T13-47-55.237Z,points-5000-seed-41544c53,remove-100,root_iterator_creations,count,0,103
Atlas,10690f7a4726+bench,SVG,instrument-2026-10-06T13-47-55.237Z,points-5000-seed-41544c53,remove-100,root_iterator_next_calls,count,0,504952
Atlas,10690f7a4726+bench,SVG,instrument-2026-10-06T13-47-55.237Z,points-5000-seed-41544c53,remove-100,svg_attribute_writes,count,0,9803
Atlas,10690f7a4726+bench,SVG,instrument-2026-10-06T13-47-55.237Z,points-5000-seed-41544c53,remove-100,renderer_scene_reads,count,0,1
Atlas,10690f7a4726+bench,SVG,instrument-2026-10-06T13-47-55.237Z,points-5000-seed-41544c53,remove-100,renderer_scene_membership_changes,count,0,1
Atlas,10690f7a4726+bench,SVG,instrument-2026-10-06T13-47-55.237Z,points-5000-seed-41544c53,remove-100,svg_attribute_removals,count,0,4900
Atlas,10690f7a4726+bench,SVG,instrument-2026-10-06T13-47-55.237Z,points-5000-seed-41544c53,remove-100,renderer_calls,count,0,1
Atlas,10690f7a4726+bench,SVG,instrument-2026-10-06T13-47-55.237Z,points-5000-seed-41544c53,remove-100,layout_rect_reads,count,0,0
Atlas,10690f7a4726+bench,SVG,instrument-2026-10-06T13-47-55.237Z,points-5000-seed-41544c53,remove-100,instrumented_renderer_callback_ms,ms,0,8.900000095367432
Atlas,10690f7a4726+bench,SVG,instrument-2026-10-06T13-47-55.237Z,points-5000-seed-41544c53,remove-100,cleanup_renderer_calls,count,0,0
Atlas,10690f7a4726+bench,SVG,instrument-2026-10-06T13-47-55.237Z,points-5000-seed-41544c53,remove-100,cleanup_stage_children,count,0,0
Atlas,10690f7a4726+bench,SVG,instrument-2026-10-06T13-47-55.237Z,points-5000-seed-41544c53,remove-500,operation_sync_ms,ms,0,201
Atlas,10690f7a4726+bench,SVG,instrument-2026-10-06T13-47-55.237Z,points-5000-seed-41544c53,remove-500,cumulative_operation_ms,ms,100,43.799999952316284
Atlas,10690f7a4726+bench,SVG,instrument-2026-10-06T13-47-55.237Z,points-5000-seed-41544c53,remove-500,cumulative_operation_ms,ms,200,83.79999995231628
Atlas,10690f7a4726+bench,SVG,instrument-2026-10-06T13-47-55.237Z,points-5000-seed-41544c53,remove-500,cumulative_operation_ms,ms,300,124.20000004768372
Atlas,10690f7a4726+bench,SVG,instrument-2026-10-06T13-47-55.237Z,points-5000-seed-41544c53,remove-500,cumulative_operation_ms,ms,400,163.09999990463257
Atlas,10690f7a4726+bench,SVG,instrument-2026-10-06T13-47-55.237Z,points-5000-seed-41544c53,remove-500,cumulative_operation_ms,ms,500,201
Atlas,10690f7a4726+bench,SVG,instrument-2026-10-06T13-47-55.237Z,points-5000-seed-41544c53,remove-500,operation_to_raf_opportunities_ms,ms,0,230
Atlas,10690f7a4726+bench,SVG,instrument-2026-10-06T13-47-55.237Z,points-5000-seed-41544c53,remove-500,root_iterator_creations,count,0,503
Atlas,10690f7a4726+bench,SVG,instrument-2026-10-06T13-47-55.237Z,points-5000-seed-41544c53,remove-500,root_iterator_next_calls,count,0,2384752
Atlas,10690f7a4726+bench,SVG,instrument-2026-10-06T13-47-55.237Z,points-5000-seed-41544c53,remove-500,svg_attribute_writes,count,0,9003
Atlas,10690f7a4726+bench,SVG,instrument-2026-10-06T13-47-55.237Z,points-5000-seed-41544c53,remove-500,renderer_scene_reads,count,0,1
Atlas,10690f7a4726+bench,SVG,instrument-2026-10-06T13-47-55.237Z,points-5000-seed-41544c53,remove-500,renderer_scene_membership_changes,count,0,1
Atlas,10690f7a4726+bench,SVG,instrument-2026-10-06T13-47-55.237Z,points-5000-seed-41544c53,remove-500,svg_attribute_removals,count,0,4500
Atlas,10690f7a4726+bench,SVG,instrument-2026-10-06T13-47-55.237Z,points-5000-seed-41544c53,remove-500,renderer_calls,count,0,1
Atlas,10690f7a4726+bench,SVG,instrument-2026-10-06T13-47-55.237Z,points-5000-seed-41544c53,remove-500,layout_rect_reads,count,0,0
Atlas,10690f7a4726+bench,SVG,instrument-2026-10-06T13-47-55.237Z,points-5000-seed-41544c53,remove-500,instrumented_renderer_callback_ms,ms,0,7.3999998569488525
Atlas,10690f7a4726+bench,SVG,instrument-2026-10-06T13-47-55.237Z,points-5000-seed-41544c53,remove-500,cleanup_renderer_calls,count,0,0
Atlas,10690f7a4726+bench,SVG,instrument-2026-10-06T13-47-55.237Z,points-5000-seed-41544c53,remove-500,cleanup_stage_children,count,0,0
Atlas,10690f7a4726+bench,SVG,instrument-2026-10-06T13-47-55.237Z,points-5000-seed-41544c53,remove-1000,operation_sync_ms,ms,0,403.90000009536743
Atlas,10690f7a4726+bench,SVG,instrument-2026-10-06T13-47-55.237Z,points-5000-seed-41544c53,remove-1000,cumulative_operation_ms,ms,100,51.700000047683716
Atlas,10690f7a4726+bench,SVG,instrument-2026-10-06T13-47-55.237Z,points-5000-seed-41544c53,remove-1000,cumulative_operation_ms,ms,200,94.20000004768372
Atlas,10690f7a4726+bench,SVG,instrument-2026-10-06T13-47-55.237Z,points-5000-seed-41544c53,remove-1000,cumulative_operation_ms,ms,300,137.40000009536743
Atlas,10690f7a4726+bench,SVG,instrument-2026-10-06T13-47-55.237Z,points-5000-seed-41544c53,remove-1000,cumulative_operation_ms,ms,400,181.09999990463257
Atlas,10690f7a4726+bench,SVG,instrument-2026-10-06T13-47-55.237Z,points-5000-seed-41544c53,remove-1000,cumulative_operation_ms,ms,500,222.29999995231628
Atlas,10690f7a4726+bench,SVG,instrument-2026-10-06T13-47-55.237Z,points-5000-seed-41544c53,remove-1000,cumulative_operation_ms,ms,600,263.2999999523163
Atlas,10690f7a4726+bench,SVG,instrument-2026-10-06T13-47-55.237Z,points-5000-seed-41544c53,remove-1000,cumulative_operation_ms,ms,700,299.40000009536743
Atlas,10690f7a4726+bench,SVG,instrument-2026-10-06T13-47-55.237Z,points-5000-seed-41544c53,remove-1000,cumulative_operation_ms,ms,800,336.2999999523163
Atlas,10690f7a4726+bench,SVG,instrument-2026-10-06T13-47-55.237Z,points-5000-seed-41544c53,remove-1000,cumulative_operation_ms,ms,900,370.59999990463257
Atlas,10690f7a4726+bench,SVG,instrument-2026-10-06T13-47-55.237Z,points-5000-seed-41544c53,remove-1000,cumulative_operation_ms,ms,1000,403.90000009536743
Atlas,10690f7a4726+bench,SVG,instrument-2026-10-06T13-47-55.237Z,points-5000-seed-41544c53,remove-1000,operation_to_raf_opportunities_ms,ms,0,432.40000009536743
Atlas,10690f7a4726+bench,SVG,instrument-2026-10-06T13-47-55.237Z,points-5000-seed-41544c53,remove-1000,root_iterator_creations,count,0,1003
Atlas,10690f7a4726+bench,SVG,instrument-2026-10-06T13-47-55.237Z,points-5000-seed-41544c53,remove-1000,root_iterator_next_calls,count,0,4509502
Atlas,10690f7a4726+bench,SVG,instrument-2026-10-06T13-47-55.237Z,points-5000-seed-41544c53,remove-1000,svg_attribute_writes,count,0,8003
Atlas,10690f7a4726+bench,SVG,instrument-2026-10-06T13-47-55.237Z,points-5000-seed-41544c53,remove-1000,renderer_scene_reads,count,0,1
Atlas,10690f7a4726+bench,SVG,instrument-2026-10-06T13-47-55.237Z,points-5000-seed-41544c53,remove-1000,renderer_scene_membership_changes,count,0,1
Atlas,10690f7a4726+bench,SVG,instrument-2026-10-06T13-47-55.237Z,points-5000-seed-41544c53,remove-1000,svg_attribute_removals,count,0,4000
Atlas,10690f7a4726+bench,SVG,instrument-2026-10-06T13-47-55.237Z,points-5000-seed-41544c53,remove-1000,renderer_calls,count,0,1
Atlas,10690f7a4726+bench,SVG,instrument-2026-10-06T13-47-55.237Z,points-5000-seed-41544c53,remove-1000,layout_rect_reads,count,0,0
Atlas,10690f7a4726+bench,SVG,instrument-2026-10-06T13-47-55.237Z,points-5000-seed-41544c53,remove-1000,instrumented_renderer_callback_ms,ms,0,7.200000047683716
Atlas,10690f7a4726+bench,SVG,instrument-2026-10-06T13-47-55.237Z,points-5000-seed-41544c53,remove-1000,cleanup_renderer_calls,count,0,0
Atlas,10690f7a4726+bench,SVG,instrument-2026-10-06T13-47-55.237Z,points-5000-seed-41544c53,remove-1000,cleanup_stage_children,count,0,0
Atlas,10690f7a4726+bench,SVG,instrument-2026-10-06T13-47-55.237Z,points-5000-seed-41544c53,wheel-input,synthetic_wheel_dispatch_sync_ms,ms,0,0
Atlas,10690f7a4726+bench,SVG,instrument-2026-10-06T13-47-55.237Z,points-5000-seed-41544c53,wheel-input,synthetic_wheel_dispatch_sync_ms,ms,1,0
Atlas,10690f7a4726+bench,SVG,instrument-2026-10-06T13-47-55.237Z,points-5000-seed-41544c53,wheel-input,synthetic_wheel_dispatch_sync_ms,ms,2,0
Atlas,10690f7a4726+bench,SVG,instrument-2026-10-06T13-47-55.237Z,points-5000-seed-41544c53,wheel-input,synthetic_wheel_dispatch_sync_ms,ms,3,0
Atlas,10690f7a4726+bench,SVG,instrument-2026-10-06T13-47-55.237Z,points-5000-seed-41544c53,wheel-input,synthetic_wheel_dispatch_sync_ms,ms,4,0
Atlas,10690f7a4726+bench,SVG,instrument-2026-10-06T13-47-55.237Z,points-5000-seed-41544c53,wheel-input,synthetic_wheel_dispatch_sync_ms,ms,5,0.10000014305114746
Atlas,10690f7a4726+bench,SVG,instrument-2026-10-06T13-47-55.237Z,points-5000-seed-41544c53,wheel-input,synthetic_wheel_dispatch_sync_ms,ms,6,0
Atlas,10690f7a4726+bench,SVG,instrument-2026-10-06T13-47-55.237Z,points-5000-seed-41544c53,wheel-input,synthetic_wheel_dispatch_sync_ms,ms,7,0
Atlas,10690f7a4726+bench,SVG,instrument-2026-10-06T13-47-55.237Z,points-5000-seed-41544c53,wheel-input,synthetic_wheel_dispatch_sync_ms,ms,8,0
Atlas,10690f7a4726+bench,SVG,instrument-2026-10-06T13-47-55.237Z,points-5000-seed-41544c53,wheel-input,synthetic_wheel_dispatch_sync_ms,ms,9,0.09999990463256836
Atlas,10690f7a4726+bench,SVG,instrument-2026-10-06T13-47-55.237Z,points-5000-seed-41544c53,wheel-input,layout_rect_reads,count,0,52
Atlas,10690f7a4726+bench,SVG,instrument-2026-10-06T13-47-55.237Z,points-5000-seed-41544c53,wheel-input,svg_attribute_writes,count,0,100030
Atlas,10690f7a4726+bench,SVG,instrument-2026-10-06T13-47-55.237Z,points-5000-seed-41544c53,wheel-input,renderer_scene_reads,count,0,10
Atlas,10690f7a4726+bench,SVG,instrument-2026-10-06T13-47-55.237Z,points-5000-seed-41544c53,wheel-input,root_iterator_creations,count,0,10
Atlas,10690f7a4726+bench,SVG,instrument-2026-10-06T13-47-55.237Z,points-5000-seed-41544c53,wheel-input,root_iterator_next_calls,count,0,50000
Atlas,10690f7a4726+bench,SVG,instrument-2026-10-06T13-47-55.237Z,points-5000-seed-41544c53,wheel-input,svg_attribute_removals,count,0,50000
Atlas,10690f7a4726+bench,SVG,instrument-2026-10-06T13-47-55.237Z,points-5000-seed-41544c53,wheel-input,renderer_calls,count,0,10
Atlas,10690f7a4726+bench,SVG,instrument-2026-10-06T13-47-55.237Z,points-5000-seed-41544c53,wheel-input,instrumented_renderer_callback_ms,ms,0,5.800000190734863
Atlas,10690f7a4726+bench,SVG,instrument-2026-10-06T13-47-55.237Z,points-5000-seed-41544c53,wheel-input,instrumented_renderer_callback_ms,ms,1,6.099999904632568
Atlas,10690f7a4726+bench,SVG,instrument-2026-10-06T13-47-55.237Z,points-5000-seed-41544c53,wheel-input,instrumented_renderer_callback_ms,ms,2,6.299999952316284
Atlas,10690f7a4726+bench,SVG,instrument-2026-10-06T13-47-55.237Z,points-5000-seed-41544c53,wheel-input,instrumented_renderer_callback_ms,ms,3,6.400000095367432
Atlas,10690f7a4726+bench,SVG,instrument-2026-10-06T13-47-55.237Z,points-5000-seed-41544c53,wheel-input,instrumented_renderer_callback_ms,ms,4,6.400000095367432
Atlas,10690f7a4726+bench,SVG,instrument-2026-10-06T13-47-55.237Z,points-5000-seed-41544c53,wheel-input,instrumented_renderer_callback_ms,ms,5,6.5
Atlas,10690f7a4726+bench,SVG,instrument-2026-10-06T13-47-55.237Z,points-5000-seed-41544c53,wheel-input,instrumented_renderer_callback_ms,ms,6,6.400000095367432
Atlas,10690f7a4726+bench,SVG,instrument-2026-10-06T13-47-55.237Z,points-5000-seed-41544c53,wheel-input,instrumented_renderer_callback_ms,ms,7,6.400000095367432
Atlas,10690f7a4726+bench,SVG,instrument-2026-10-06T13-47-55.237Z,points-5000-seed-41544c53,wheel-input,instrumented_renderer_callback_ms,ms,8,6.400000095367432
Atlas,10690f7a4726+bench,SVG,instrument-2026-10-06T13-47-55.237Z,points-5000-seed-41544c53,wheel-input,instrumented_renderer_callback_ms,ms,9,6.3999998569488525
Atlas,10690f7a4726+bench,SVG,instrument-2026-10-06T13-47-55.237Z,points-5000-seed-41544c53,wheel-input,cleanup_renderer_calls,count,0,0
Atlas,10690f7a4726+bench,SVG,instrument-2026-10-06T13-47-55.237Z,points-5000-seed-41544c53,wheel-input,cleanup_stage_children,count,0,0
Atlas,10690f7a4726+bench,SVG,instrument-2026-10-06T13-47-55.237Z,mixed-3000-seed-41544c53,load,load_promise_ms,ms,0,39.80000019073486
Atlas,10690f7a4726+bench,SVG,instrument-2026-10-06T13-47-55.237Z,mixed-3000-seed-41544c53,load,create_to_raf_opportunities_ms,ms,0,179.90000009536743
Atlas,10690f7a4726+bench,SVG,instrument-2026-10-06T13-47-55.237Z,mixed-3000-seed-41544c53,load,semantic_roots,count,0,3000
Atlas,10690f7a4726+bench,SVG,instrument-2026-10-06T13-47-55.237Z,mixed-3000-seed-41544c53,load,owned_points,count,0,5400
Atlas,10690f7a4726+bench,SVG,instrument-2026-10-06T13-47-55.237Z,mixed-3000-seed-41544c53,load,visual_primitives,count,0,7200
Atlas,10690f7a4726+bench,SVG,instrument-2026-10-06T13-47-55.237Z,mixed-3000-seed-41544c53,load,svg_element_nodes,count,0,14402
Atlas,10690f7a4726+bench,SVG,instrument-2026-10-06T13-47-55.237Z,mixed-3000-seed-41544c53,load,shadow_element_nodes,count,0,14403
Atlas,10690f7a4726+bench,SVG,instrument-2026-10-06T13-47-55.237Z,mixed-3000-seed-41544c53,load,shadow_dom_nodes,count,0,14406
Atlas,10690f7a4726+bench,SVG,instrument-2026-10-06T13-47-55.237Z,mixed-3000-seed-41544c53,load,root_iterator_creations,count,0,5
Atlas,10690f7a4726+bench,SVG,instrument-2026-10-06T13-47-55.237Z,mixed-3000-seed-41544c53,load,root_iterator_next_calls,count,0,12003
Atlas,10690f7a4726+bench,SVG,instrument-2026-10-06T13-47-55.237Z,mixed-3000-seed-41544c53,load,svg_attribute_writes,count,0,61809
Atlas,10690f7a4726+bench,SVG,instrument-2026-10-06T13-47-55.237Z,mixed-3000-seed-41544c53,load,renderer_calls,count,0,2
Atlas,10690f7a4726+bench,SVG,instrument-2026-10-06T13-47-55.237Z,mixed-3000-seed-41544c53,load,route_membership_reads,count,0,4200
Atlas,10690f7a4726+bench,SVG,instrument-2026-10-06T13-47-55.237Z,mixed-3000-seed-41544c53,load,renderer_scene_reads,count,0,2
Atlas,10690f7a4726+bench,SVG,instrument-2026-10-06T13-47-55.237Z,mixed-3000-seed-41544c53,load,svg_attribute_removals,count,0,7200
Atlas,10690f7a4726+bench,SVG,instrument-2026-10-06T13-47-55.237Z,mixed-3000-seed-41544c53,load,layout_rect_reads,count,0,0
Atlas,10690f7a4726+bench,SVG,instrument-2026-10-06T13-47-55.237Z,mixed-3000-seed-41544c53,load,instrumented_renderer_callback_ms,ms,0,0
Atlas,10690f7a4726+bench,SVG,instrument-2026-10-06T13-47-55.237Z,mixed-3000-seed-41544c53,load,instrumented_renderer_callback_ms,ms,1,13.600000143051147
Atlas,10690f7a4726+bench,SVG,instrument-2026-10-06T13-47-55.237Z,mixed-3000-seed-41544c53,load,instrumented_prepare_promise_ms,ms,0,13.5
Atlas,10690f7a4726+bench,SVG,instrument-2026-10-06T13-47-55.237Z,mixed-3000-seed-41544c53,load,cleanup_renderer_calls,count,0,0
Atlas,10690f7a4726+bench,SVG,instrument-2026-10-06T13-47-55.237Z,mixed-3000-seed-41544c53,load,cleanup_stage_children,count,0,0
Atlas,10690f7a4726+bench,SVG,instrument-2026-10-06T13-47-55.237Z,mixed-3000-seed-41544c53,pan,frame_interval_ms,ms,0,16.800000000017462
Atlas,10690f7a4726+bench,SVG,instrument-2026-10-06T13-47-55.237Z,mixed-3000-seed-41544c53,pan,camera_api_sync_ms,ms,0,0
Atlas,10690f7a4726+bench,SVG,instrument-2026-10-06T13-47-55.237Z,mixed-3000-seed-41544c53,pan,frame_interval_ms,ms,1,16.599999999976717
Atlas,10690f7a4726+bench,SVG,instrument-2026-10-06T13-47-55.237Z,mixed-3000-seed-41544c53,pan,camera_api_sync_ms,ms,1,0
Atlas,10690f7a4726+bench,SVG,instrument-2026-10-06T13-47-55.237Z,mixed-3000-seed-41544c53,pan,frame_interval_ms,ms,2,33.30000000001746
Atlas,10690f7a4726+bench,SVG,instrument-2026-10-06T13-47-55.237Z,mixed-3000-seed-41544c53,pan,camera_api_sync_ms,ms,2,0
Atlas,10690f7a4726+bench,SVG,instrument-2026-10-06T13-47-55.237Z,mixed-3000-seed-41544c53,pan,frame_interval_ms,ms,3,33.39999999999418
Atlas,10690f7a4726+bench,SVG,instrument-2026-10-06T13-47-55.237Z,mixed-3000-seed-41544c53,pan,camera_api_sync_ms,ms,3,0
Atlas,10690f7a4726+bench,SVG,instrument-2026-10-06T13-47-55.237Z,mixed-3000-seed-41544c53,pan,frame_interval_ms,ms,4,50.10000000000582
Atlas,10690f7a4726+bench,SVG,instrument-2026-10-06T13-47-55.237Z,mixed-3000-seed-41544c53,pan,camera_api_sync_ms,ms,4,0.09999990463256836
Atlas,10690f7a4726+bench,SVG,instrument-2026-10-06T13-47-55.237Z,mixed-3000-seed-41544c53,pan,frame_interval_ms,ms,5,33.39999999999418
Atlas,10690f7a4726+bench,SVG,instrument-2026-10-06T13-47-55.237Z,mixed-3000-seed-41544c53,pan,camera_api_sync_ms,ms,5,0
Atlas,10690f7a4726+bench,SVG,instrument-2026-10-06T13-47-55.237Z,mixed-3000-seed-41544c53,pan,frame_interval_ms,ms,6,50
Atlas,10690f7a4726+bench,SVG,instrument-2026-10-06T13-47-55.237Z,mixed-3000-seed-41544c53,pan,camera_api_sync_ms,ms,6,0
Atlas,10690f7a4726+bench,SVG,instrument-2026-10-06T13-47-55.237Z,mixed-3000-seed-41544c53,pan,frame_interval_ms,ms,7,33.39999999999418
Atlas,10690f7a4726+bench,SVG,instrument-2026-10-06T13-47-55.237Z,mixed-3000-seed-41544c53,pan,camera_api_sync_ms,ms,7,0
Atlas,10690f7a4726+bench,SVG,instrument-2026-10-06T13-47-55.237Z,mixed-3000-seed-41544c53,pan,frame_interval_ms,ms,8,50
Atlas,10690f7a4726+bench,SVG,instrument-2026-10-06T13-47-55.237Z,mixed-3000-seed-41544c53,pan,camera_api_sync_ms,ms,8,0
Atlas,10690f7a4726+bench,SVG,instrument-2026-10-06T13-47-55.237Z,mixed-3000-seed-41544c53,pan,frame_interval_ms,ms,9,33.39999999999418
Atlas,10690f7a4726+bench,SVG,instrument-2026-10-06T13-47-55.237Z,mixed-3000-seed-41544c53,pan,camera_api_sync_ms,ms,9,0
Atlas,10690f7a4726+bench,SVG,instrument-2026-10-06T13-47-55.237Z,mixed-3000-seed-41544c53,pan,frame_interval_ms,ms,10,33.30000000001746
Atlas,10690f7a4726+bench,SVG,instrument-2026-10-06T13-47-55.237Z,mixed-3000-seed-41544c53,pan,camera_api_sync_ms,ms,10,0
Atlas,10690f7a4726+bench,SVG,instrument-2026-10-06T13-47-55.237Z,mixed-3000-seed-41544c53,pan,frame_interval_ms,ms,11,50
Atlas,10690f7a4726+bench,SVG,instrument-2026-10-06T13-47-55.237Z,mixed-3000-seed-41544c53,pan,camera_api_sync_ms,ms,11,0
Atlas,10690f7a4726+bench,SVG,instrument-2026-10-06T13-47-55.237Z,mixed-3000-seed-41544c53,pan,frame_interval_ms,ms,12,50.10000000000582
Atlas,10690f7a4726+bench,SVG,instrument-2026-10-06T13-47-55.237Z,mixed-3000-seed-41544c53,pan,camera_api_sync_ms,ms,12,0
Atlas,10690f7a4726+bench,SVG,instrument-2026-10-06T13-47-55.237Z,mixed-3000-seed-41544c53,pan,frame_interval_ms,ms,13,33.39999999999418
Atlas,10690f7a4726+bench,SVG,instrument-2026-10-06T13-47-55.237Z,mixed-3000-seed-41544c53,pan,camera_api_sync_ms,ms,13,0
Atlas,10690f7a4726+bench,SVG,instrument-2026-10-06T13-47-55.237Z,mixed-3000-seed-41544c53,pan,frame_interval_ms,ms,14,50
Atlas,10690f7a4726+bench,SVG,instrument-2026-10-06T13-47-55.237Z,mixed-3000-seed-41544c53,pan,camera_api_sync_ms,ms,14,0
Atlas,10690f7a4726+bench,SVG,instrument-2026-10-06T13-47-55.237Z,mixed-3000-seed-41544c53,pan,frame_interval_ms,ms,15,33.29999999998836
Atlas,10690f7a4726+bench,SVG,instrument-2026-10-06T13-47-55.237Z,mixed-3000-seed-41544c53,pan,camera_api_sync_ms,ms,15,0
Atlas,10690f7a4726+bench,SVG,instrument-2026-10-06T13-47-55.237Z,mixed-3000-seed-41544c53,pan,frame_interval_ms,ms,16,50.10000000000582
Atlas,10690f7a4726+bench,SVG,instrument-2026-10-06T13-47-55.237Z,mixed-3000-seed-41544c53,pan,camera_api_sync_ms,ms,16,0
Atlas,10690f7a4726+bench,SVG,instrument-2026-10-06T13-47-55.237Z,mixed-3000-seed-41544c53,pan,frame_interval_ms,ms,17,33.29999999998836
Atlas,10690f7a4726+bench,SVG,instrument-2026-10-06T13-47-55.237Z,mixed-3000-seed-41544c53,pan,camera_api_sync_ms,ms,17,0
Atlas,10690f7a4726+bench,SVG,instrument-2026-10-06T13-47-55.237Z,mixed-3000-seed-41544c53,pan,frame_interval_ms,ms,18,49.30000000001746
Atlas,10690f7a4726+bench,SVG,instrument-2026-10-06T13-47-55.237Z,mixed-3000-seed-41544c53,pan,camera_api_sync_ms,ms,18,0
Atlas,10690f7a4726+bench,SVG,instrument-2026-10-06T13-47-55.237Z,mixed-3000-seed-41544c53,pan,frame_interval_ms,ms,19,67.5
Atlas,10690f7a4726+bench,SVG,instrument-2026-10-06T13-47-55.237Z,mixed-3000-seed-41544c53,pan,camera_api_sync_ms,ms,19,0
Atlas,10690f7a4726+bench,SVG,instrument-2026-10-06T13-47-55.237Z,mixed-3000-seed-41544c53,pan,frame_interval_ms,ms,20,50.10000000000582
Atlas,10690f7a4726+bench,SVG,instrument-2026-10-06T13-47-55.237Z,mixed-3000-seed-41544c53,pan,camera_api_sync_ms,ms,20,0
Atlas,10690f7a4726+bench,SVG,instrument-2026-10-06T13-47-55.237Z,mixed-3000-seed-41544c53,pan,frame_interval_ms,ms,21,33.29999999998836
Atlas,10690f7a4726+bench,SVG,instrument-2026-10-06T13-47-55.237Z,mixed-3000-seed-41544c53,pan,camera_api_sync_ms,ms,21,0
Atlas,10690f7a4726+bench,SVG,instrument-2026-10-06T13-47-55.237Z,mixed-3000-seed-41544c53,pan,frame_interval_ms,ms,22,50
Atlas,10690f7a4726+bench,SVG,instrument-2026-10-06T13-47-55.237Z,mixed-3000-seed-41544c53,pan,camera_api_sync_ms,ms,22,0
Atlas,10690f7a4726+bench,SVG,instrument-2026-10-06T13-47-55.237Z,mixed-3000-seed-41544c53,pan,frame_interval_ms,ms,23,33.39999999999418
Atlas,10690f7a4726+bench,SVG,instrument-2026-10-06T13-47-55.237Z,mixed-3000-seed-41544c53,pan,camera_api_sync_ms,ms,23,0
Atlas,10690f7a4726+bench,SVG,instrument-2026-10-06T13-47-55.237Z,mixed-3000-seed-41544c53,pan,frame_interval_ms,ms,24,50
Atlas,10690f7a4726+bench,SVG,instrument-2026-10-06T13-47-55.237Z,mixed-3000-seed-41544c53,pan,camera_api_sync_ms,ms,24,0
Atlas,10690f7a4726+bench,SVG,instrument-2026-10-06T13-47-55.237Z,mixed-3000-seed-41544c53,pan,frame_interval_ms,ms,25,50.10000000000582
Atlas,10690f7a4726+bench,SVG,instrument-2026-10-06T13-47-55.237Z,mixed-3000-seed-41544c53,pan,camera_api_sync_ms,ms,25,0
Atlas,10690f7a4726+bench,SVG,instrument-2026-10-06T13-47-55.237Z,mixed-3000-seed-41544c53,pan,frame_interval_ms,ms,26,33.29999999998836
Atlas,10690f7a4726+bench,SVG,instrument-2026-10-06T13-47-55.237Z,mixed-3000-seed-41544c53,pan,camera_api_sync_ms,ms,26,0.09999990463256836
Atlas,10690f7a4726+bench,SVG,instrument-2026-10-06T13-47-55.237Z,mixed-3000-seed-41544c53,pan,frame_interval_ms,ms,27,50.10000000000582
Atlas,10690f7a4726+bench,SVG,instrument-2026-10-06T13-47-55.237Z,mixed-3000-seed-41544c53,pan,camera_api_sync_ms,ms,27,0
Atlas,10690f7a4726+bench,SVG,instrument-2026-10-06T13-47-55.237Z,mixed-3000-seed-41544c53,pan,frame_interval_ms,ms,28,33.30000000001746
Atlas,10690f7a4726+bench,SVG,instrument-2026-10-06T13-47-55.237Z,mixed-3000-seed-41544c53,pan,camera_api_sync_ms,ms,28,0
Atlas,10690f7a4726+bench,SVG,instrument-2026-10-06T13-47-55.237Z,mixed-3000-seed-41544c53,pan,frame_interval_ms,ms,29,50.09999999997672
Atlas,10690f7a4726+bench,SVG,instrument-2026-10-06T13-47-55.237Z,mixed-3000-seed-41544c53,pan,camera_api_sync_ms,ms,29,0
Atlas,10690f7a4726+bench,SVG,instrument-2026-10-06T13-47-55.237Z,mixed-3000-seed-41544c53,pan,frame_interval_ms,ms,30,33.40000000002328
Atlas,10690f7a4726+bench,SVG,instrument-2026-10-06T13-47-55.237Z,mixed-3000-seed-41544c53,pan,camera_api_sync_ms,ms,30,0.09999990463256836
Atlas,10690f7a4726+bench,SVG,instrument-2026-10-06T13-47-55.237Z,mixed-3000-seed-41544c53,pan,frame_interval_ms,ms,31,50
Atlas,10690f7a4726+bench,SVG,instrument-2026-10-06T13-47-55.237Z,mixed-3000-seed-41544c53,pan,camera_api_sync_ms,ms,31,0
Atlas,10690f7a4726+bench,SVG,instrument-2026-10-06T13-47-55.237Z,mixed-3000-seed-41544c53,pan,frame_interval_ms,ms,32,33.39999999999418
Atlas,10690f7a4726+bench,SVG,instrument-2026-10-06T13-47-55.237Z,mixed-3000-seed-41544c53,pan,camera_api_sync_ms,ms,32,0
Atlas,10690f7a4726+bench,SVG,instrument-2026-10-06T13-47-55.237Z,mixed-3000-seed-41544c53,pan,frame_interval_ms,ms,33,33.39999999999418
Atlas,10690f7a4726+bench,SVG,instrument-2026-10-06T13-47-55.237Z,mixed-3000-seed-41544c53,pan,camera_api_sync_ms,ms,33,0
Atlas,10690f7a4726+bench,SVG,instrument-2026-10-06T13-47-55.237Z,mixed-3000-seed-41544c53,pan,frame_interval_ms,ms,34,50
Atlas,10690f7a4726+bench,SVG,instrument-2026-10-06T13-47-55.237Z,mixed-3000-seed-41544c53,pan,camera_api_sync_ms,ms,34,0
Atlas,10690f7a4726+bench,SVG,instrument-2026-10-06T13-47-55.237Z,mixed-3000-seed-41544c53,pan,frame_interval_ms,ms,35,33.29999999998836
Atlas,10690f7a4726+bench,SVG,instrument-2026-10-06T13-47-55.237Z,mixed-3000-seed-41544c53,pan,camera_api_sync_ms,ms,35,0.09999990463256836
Atlas,10690f7a4726+bench,SVG,instrument-2026-10-06T13-47-55.237Z,mixed-3000-seed-41544c53,pan,frame_interval_ms,ms,36,50.10000000000582
Atlas,10690f7a4726+bench,SVG,instrument-2026-10-06T13-47-55.237Z,mixed-3000-seed-41544c53,pan,camera_api_sync_ms,ms,36,0.09999990463256836
Atlas,10690f7a4726+bench,SVG,instrument-2026-10-06T13-47-55.237Z,mixed-3000-seed-41544c53,pan,motion_elapsed_ms,ms,0,1518
Atlas,10690f7a4726+bench,SVG,instrument-2026-10-06T13-47-55.237Z,mixed-3000-seed-41544c53,pan,camera_updates,count,0,37
Atlas,10690f7a4726+bench,SVG,instrument-2026-10-06T13-47-55.237Z,mixed-3000-seed-41544c53,pan,svg_attribute_writes,count,0,555111
Atlas,10690f7a4726+bench,SVG,instrument-2026-10-06T13-47-55.237Z,mixed-3000-seed-41544c53,pan,renderer_scene_reads,count,0,37
Atlas,10690f7a4726+bench,SVG,instrument-2026-10-06T13-47-55.237Z,mixed-3000-seed-41544c53,pan,root_iterator_creations,count,0,37
Atlas,10690f7a4726+bench,SVG,instrument-2026-10-06T13-47-55.237Z,mixed-3000-seed-41544c53,pan,root_iterator_next_calls,count,0,111000
Atlas,10690f7a4726+bench,SVG,instrument-2026-10-06T13-47-55.237Z,mixed-3000-seed-41544c53,pan,route_membership_reads,count,0,66600
Atlas,10690f7a4726+bench,SVG,instrument-2026-10-06T13-47-55.237Z,mixed-3000-seed-41544c53,pan,svg_attribute_removals,count,0,266400
Atlas,10690f7a4726+bench,SVG,instrument-2026-10-06T13-47-55.237Z,mixed-3000-seed-41544c53,pan,renderer_calls,count,0,37
Atlas,10690f7a4726+bench,SVG,instrument-2026-10-06T13-47-55.237Z,mixed-3000-seed-41544c53,pan,layout_rect_reads,count,0,0
Atlas,10690f7a4726+bench,SVG,instrument-2026-10-06T13-47-55.237Z,mixed-3000-seed-41544c53,pan,instrumented_renderer_callback_ms,ms,0,11.699999809265137
Atlas,10690f7a4726+bench,SVG,instrument-2026-10-06T13-47-55.237Z,mixed-3000-seed-41544c53,pan,instrumented_renderer_callback_ms,ms,1,11.299999952316284
Atlas,10690f7a4726+bench,SVG,instrument-2026-10-06T13-47-55.237Z,mixed-3000-seed-41544c53,pan,instrumented_renderer_callback_ms,ms,2,11
Atlas,10690f7a4726+bench,SVG,instrument-2026-10-06T13-47-55.237Z,mixed-3000-seed-41544c53,pan,instrumented_renderer_callback_ms,ms,3,11.100000143051147
Atlas,10690f7a4726+bench,SVG,instrument-2026-10-06T13-47-55.237Z,mixed-3000-seed-41544c53,pan,instrumented_renderer_callback_ms,ms,4,11.399999856948853
Atlas,10690f7a4726+bench,SVG,instrument-2026-10-06T13-47-55.237Z,mixed-3000-seed-41544c53,pan,instrumented_renderer_callback_ms,ms,5,11.100000143051147
Atlas,10690f7a4726+bench,SVG,instrument-2026-10-06T13-47-55.237Z,mixed-3000-seed-41544c53,pan,instrumented_renderer_callback_ms,ms,6,11.100000143051147
Atlas,10690f7a4726+bench,SVG,instrument-2026-10-06T13-47-55.237Z,mixed-3000-seed-41544c53,pan,instrumented_renderer_callback_ms,ms,7,11.599999904632568
Atlas,10690f7a4726+bench,SVG,instrument-2026-10-06T13-47-55.237Z,mixed-3000-seed-41544c53,pan,instrumented_renderer_callback_ms,ms,8,11.199999809265137
Atlas,10690f7a4726+bench,SVG,instrument-2026-10-06T13-47-55.237Z,mixed-3000-seed-41544c53,pan,instrumented_renderer_callback_ms,ms,9,11.100000143051147
Atlas,10690f7a4726+bench,SVG,instrument-2026-10-06T13-47-55.237Z,mixed-3000-seed-41544c53,pan,instrumented_renderer_callback_ms,ms,10,17.90000009536743
Atlas,10690f7a4726+bench,SVG,instrument-2026-10-06T13-47-55.237Z,mixed-3000-seed-41544c53,pan,instrumented_renderer_callback_ms,ms,11,11.5
Atlas,10690f7a4726+bench,SVG,instrument-2026-10-06T13-47-55.237Z,mixed-3000-seed-41544c53,pan,instrumented_renderer_callback_ms,ms,12,11.800000190734863
Atlas,10690f7a4726+bench,SVG,instrument-2026-10-06T13-47-55.237Z,mixed-3000-seed-41544c53,pan,instrumented_renderer_callback_ms,ms,13,11.699999809265137
Atlas,10690f7a4726+bench,SVG,instrument-2026-10-06T13-47-55.237Z,mixed-3000-seed-41544c53,pan,instrumented_renderer_callback_ms,ms,14,11.899999856948853
Atlas,10690f7a4726+bench,SVG,instrument-2026-10-06T13-47-55.237Z,mixed-3000-seed-41544c53,pan,instrumented_renderer_callback_ms,ms,15,11.600000143051147
Atlas,10690f7a4726+bench,SVG,instrument-2026-10-06T13-47-55.237Z,mixed-3000-seed-41544c53,pan,instrumented_renderer_callback_ms,ms,16,11.599999904632568
Atlas,10690f7a4726+bench,SVG,instrument-2026-10-06T13-47-55.237Z,mixed-3000-seed-41544c53,pan,instrumented_renderer_callback_ms,ms,17,35.19999980926514
Atlas,10690f7a4726+bench,SVG,instrument-2026-10-06T13-47-55.237Z,mixed-3000-seed-41544c53,pan,instrumented_renderer_callback_ms,ms,18,11.599999904632568
Atlas,10690f7a4726+bench,SVG,instrument-2026-10-06T13-47-55.237Z,mixed-3000-seed-41544c53,pan,instrumented_renderer_callback_ms,ms,19,11.5
Atlas,10690f7a4726+bench,SVG,instrument-2026-10-06T13-47-55.237Z,mixed-3000-seed-41544c53,pan,instrumented_renderer_callback_ms,ms,20,11.399999856948853
Atlas,10690f7a4726+bench,SVG,instrument-2026-10-06T13-47-55.237Z,mixed-3000-seed-41544c53,pan,instrumented_renderer_callback_ms,ms,21,10.800000190734863
Atlas,10690f7a4726+bench,SVG,instrument-2026-10-06T13-47-55.237Z,mixed-3000-seed-41544c53,pan,instrumented_renderer_callback_ms,ms,22,10.800000190734863
Atlas,10690f7a4726+bench,SVG,instrument-2026-10-06T13-47-55.237Z,mixed-3000-seed-41544c53,pan,instrumented_renderer_callback_ms,ms,23,10.5
Atlas,10690f7a4726+bench,SVG,instrument-2026-10-06T13-47-55.237Z,mixed-3000-seed-41544c53,pan,instrumented_renderer_callback_ms,ms,24,10.799999952316284
Atlas,10690f7a4726+bench,SVG,instrument-2026-10-06T13-47-55.237Z,mixed-3000-seed-41544c53,pan,instrumented_renderer_callback_ms,ms,25,10.600000143051147
Atlas,10690f7a4726+bench,SVG,instrument-2026-10-06T13-47-55.237Z,mixed-3000-seed-41544c53,pan,instrumented_renderer_callback_ms,ms,26,10.600000143051147
Atlas,10690f7a4726+bench,SVG,instrument-2026-10-06T13-47-55.237Z,mixed-3000-seed-41544c53,pan,instrumented_renderer_callback_ms,ms,27,10.299999952316284
Atlas,10690f7a4726+bench,SVG,instrument-2026-10-06T13-47-55.237Z,mixed-3000-seed-41544c53,pan,instrumented_renderer_callback_ms,ms,28,10.900000095367432
Atlas,10690f7a4726+bench,SVG,instrument-2026-10-06T13-47-55.237Z,mixed-3000-seed-41544c53,pan,instrumented_renderer_callback_ms,ms,29,10.800000190734863
Atlas,10690f7a4726+bench,SVG,instrument-2026-10-06T13-47-55.237Z,mixed-3000-seed-41544c53,pan,instrumented_renderer_callback_ms,ms,30,10.899999856948853
Atlas,10690f7a4726+bench,SVG,instrument-2026-10-06T13-47-55.237Z,mixed-3000-seed-41544c53,pan,instrumented_renderer_callback_ms,ms,31,11
Atlas,10690f7a4726+bench,SVG,instrument-2026-10-06T13-47-55.237Z,mixed-3000-seed-41544c53,pan,instrumented_renderer_callback_ms,ms,32,11
Atlas,10690f7a4726+bench,SVG,instrument-2026-10-06T13-47-55.237Z,mixed-3000-seed-41544c53,pan,instrumented_renderer_callback_ms,ms,33,11
Atlas,10690f7a4726+bench,SVG,instrument-2026-10-06T13-47-55.237Z,mixed-3000-seed-41544c53,pan,instrumented_renderer_callback_ms,ms,34,11.100000143051147
Atlas,10690f7a4726+bench,SVG,instrument-2026-10-06T13-47-55.237Z,mixed-3000-seed-41544c53,pan,instrumented_renderer_callback_ms,ms,35,11.099999904632568
Atlas,10690f7a4726+bench,SVG,instrument-2026-10-06T13-47-55.237Z,mixed-3000-seed-41544c53,pan,instrumented_renderer_callback_ms,ms,36,11.200000047683716
Atlas,10690f7a4726+bench,SVG,instrument-2026-10-06T13-47-55.237Z,mixed-3000-seed-41544c53,pan,cleanup_renderer_calls,count,0,0
Atlas,10690f7a4726+bench,SVG,instrument-2026-10-06T13-47-55.237Z,mixed-3000-seed-41544c53,pan,cleanup_stage_children,count,0,0
Atlas,10690f7a4726+bench,SVG,instrument-2026-10-06T13-47-55.237Z,mixed-3000-seed-41544c53,zoom,frame_interval_ms,ms,0,16.60000000000582
Atlas,10690f7a4726+bench,SVG,instrument-2026-10-06T13-47-55.237Z,mixed-3000-seed-41544c53,zoom,camera_api_sync_ms,ms,0,0
Atlas,10690f7a4726+bench,SVG,instrument-2026-10-06T13-47-55.237Z,mixed-3000-seed-41544c53,zoom,frame_interval_ms,ms,1,16.699999999982538
Atlas,10690f7a4726+bench,SVG,instrument-2026-10-06T13-47-55.237Z,mixed-3000-seed-41544c53,zoom,camera_api_sync_ms,ms,1,0
Atlas,10690f7a4726+bench,SVG,instrument-2026-10-06T13-47-55.237Z,mixed-3000-seed-41544c53,zoom,frame_interval_ms,ms,2,33.40000000002328
Atlas,10690f7a4726+bench,SVG,instrument-2026-10-06T13-47-55.237Z,mixed-3000-seed-41544c53,zoom,camera_api_sync_ms,ms,2,0
Atlas,10690f7a4726+bench,SVG,instrument-2026-10-06T13-47-55.237Z,mixed-3000-seed-41544c53,zoom,frame_interval_ms,ms,3,50
Atlas,10690f7a4726+bench,SVG,instrument-2026-10-06T13-47-55.237Z,mixed-3000-seed-41544c53,zoom,camera_api_sync_ms,ms,3,0
Atlas,10690f7a4726+bench,SVG,instrument-2026-10-06T13-47-55.237Z,mixed-3000-seed-41544c53,zoom,frame_interval_ms,ms,4,50.09999999997672
Atlas,10690f7a4726+bench,SVG,instrument-2026-10-06T13-47-55.237Z,mixed-3000-seed-41544c53,zoom,camera_api_sync_ms,ms,4,0
Atlas,10690f7a4726+bench,SVG,instrument-2026-10-06T13-47-55.237Z,mixed-3000-seed-41544c53,zoom,frame_interval_ms,ms,5,33.30000000001746
Atlas,10690f7a4726+bench,SVG,instrument-2026-10-06T13-47-55.237Z,mixed-3000-seed-41544c53,zoom,camera_api_sync_ms,ms,5,0
Atlas,10690f7a4726+bench,SVG,instrument-2026-10-06T13-47-55.237Z,mixed-3000-seed-41544c53,zoom,frame_interval_ms,ms,6,50
Atlas,10690f7a4726+bench,SVG,instrument-2026-10-06T13-47-55.237Z,mixed-3000-seed-41544c53,zoom,camera_api_sync_ms,ms,6,0
Atlas,10690f7a4726+bench,SVG,instrument-2026-10-06T13-47-55.237Z,mixed-3000-seed-41544c53,zoom,frame_interval_ms,ms,7,50.10000000000582
Atlas,10690f7a4726+bench,SVG,instrument-2026-10-06T13-47-55.237Z,mixed-3000-seed-41544c53,zoom,camera_api_sync_ms,ms,7,0
Atlas,10690f7a4726+bench,SVG,instrument-2026-10-06T13-47-55.237Z,mixed-3000-seed-41544c53,zoom,frame_interval_ms,ms,8,50.09999999997672
Atlas,10690f7a4726+bench,SVG,instrument-2026-10-06T13-47-55.237Z,mixed-3000-seed-41544c53,zoom,camera_api_sync_ms,ms,8,0
Atlas,10690f7a4726+bench,SVG,instrument-2026-10-06T13-47-55.237Z,mixed-3000-seed-41544c53,zoom,frame_interval_ms,ms,9,33.30000000001746
Atlas,10690f7a4726+bench,SVG,instrument-2026-10-06T13-47-55.237Z,mixed-3000-seed-41544c53,zoom,camera_api_sync_ms,ms,9,0.09999990463256836
Atlas,10690f7a4726+bench,SVG,instrument-2026-10-06T13-47-55.237Z,mixed-3000-seed-41544c53,zoom,frame_interval_ms,ms,10,50.10000000000582
Atlas,10690f7a4726+bench,SVG,instrument-2026-10-06T13-47-55.237Z,mixed-3000-seed-41544c53,zoom,camera_api_sync_ms,ms,10,0
Atlas,10690f7a4726+bench,SVG,instrument-2026-10-06T13-47-55.237Z,mixed-3000-seed-41544c53,zoom,frame_interval_ms,ms,11,50
Atlas,10690f7a4726+bench,SVG,instrument-2026-10-06T13-47-55.237Z,mixed-3000-seed-41544c53,zoom,camera_api_sync_ms,ms,11,0
Atlas,10690f7a4726+bench,SVG,instrument-2026-10-06T13-47-55.237Z,mixed-3000-seed-41544c53,zoom,frame_interval_ms,ms,12,50
Atlas,10690f7a4726+bench,SVG,instrument-2026-10-06T13-47-55.237Z,mixed-3000-seed-41544c53,zoom,camera_api_sync_ms,ms,12,0.09999990463256836
Atlas,10690f7a4726+bench,SVG,instrument-2026-10-06T13-47-55.237Z,mixed-3000-seed-41544c53,zoom,frame_interval_ms,ms,13,50.09999999997672
Atlas,10690f7a4726+bench,SVG,instrument-2026-10-06T13-47-55.237Z,mixed-3000-seed-41544c53,zoom,camera_api_sync_ms,ms,13,0
Atlas,10690f7a4726+bench,SVG,instrument-2026-10-06T13-47-55.237Z,mixed-3000-seed-41544c53,zoom,frame_interval_ms,ms,14,33.30000000001746
Atlas,10690f7a4726+bench,SVG,instrument-2026-10-06T13-47-55.237Z,mixed-3000-seed-41544c53,zoom,camera_api_sync_ms,ms,14,0
Atlas,10690f7a4726+bench,SVG,instrument-2026-10-06T13-47-55.237Z,mixed-3000-seed-41544c53,zoom,frame_interval_ms,ms,15,50
Atlas,10690f7a4726+bench,SVG,instrument-2026-10-06T13-47-55.237Z,mixed-3000-seed-41544c53,zoom,camera_api_sync_ms,ms,15,0
Atlas,10690f7a4726+bench,SVG,instrument-2026-10-06T13-47-55.237Z,mixed-3000-seed-41544c53,zoom,frame_interval_ms,ms,16,50.10000000000582
Atlas,10690f7a4726+bench,SVG,instrument-2026-10-06T13-47-55.237Z,mixed-3000-seed-41544c53,zoom,camera_api_sync_ms,ms,16,0
Atlas,10690f7a4726+bench,SVG,instrument-2026-10-06T13-47-55.237Z,mixed-3000-seed-41544c53,zoom,frame_interval_ms,ms,17,50
Atlas,10690f7a4726+bench,SVG,instrument-2026-10-06T13-47-55.237Z,mixed-3000-seed-41544c53,zoom,camera_api_sync_ms,ms,17,0
Atlas,10690f7a4726+bench,SVG,instrument-2026-10-06T13-47-55.237Z,mixed-3000-seed-41544c53,zoom,frame_interval_ms,ms,18,33.39999999999418
Atlas,10690f7a4726+bench,SVG,instrument-2026-10-06T13-47-55.237Z,mixed-3000-seed-41544c53,zoom,camera_api_sync_ms,ms,18,0
Atlas,10690f7a4726+bench,SVG,instrument-2026-10-06T13-47-55.237Z,mixed-3000-seed-41544c53,zoom,frame_interval_ms,ms,19,50
Atlas,10690f7a4726+bench,SVG,instrument-2026-10-06T13-47-55.237Z,mixed-3000-seed-41544c53,zoom,camera_api_sync_ms,ms,19,0
Atlas,10690f7a4726+bench,SVG,instrument-2026-10-06T13-47-55.237Z,mixed-3000-seed-41544c53,zoom,frame_interval_ms,ms,20,50.10000000000582
Atlas,10690f7a4726+bench,SVG,instrument-2026-10-06T13-47-55.237Z,mixed-3000-seed-41544c53,zoom,camera_api_sync_ms,ms,20,0.09999990463256836
Atlas,10690f7a4726+bench,SVG,instrument-2026-10-06T13-47-55.237Z,mixed-3000-seed-41544c53,zoom,frame_interval_ms,ms,21,33.29999999998836
Atlas,10690f7a4726+bench,SVG,instrument-2026-10-06T13-47-55.237Z,mixed-3000-seed-41544c53,zoom,camera_api_sync_ms,ms,21,0
Atlas,10690f7a4726+bench,SVG,instrument-2026-10-06T13-47-55.237Z,mixed-3000-seed-41544c53,zoom,frame_interval_ms,ms,22,50.10000000000582
Atlas,10690f7a4726+bench,SVG,instrument-2026-10-06T13-47-55.237Z,mixed-3000-seed-41544c53,zoom,camera_api_sync_ms,ms,22,0
Atlas,10690f7a4726+bench,SVG,instrument-2026-10-06T13-47-55.237Z,mixed-3000-seed-41544c53,zoom,frame_interval_ms,ms,23,50
Atlas,10690f7a4726+bench,SVG,instrument-2026-10-06T13-47-55.237Z,mixed-3000-seed-41544c53,zoom,camera_api_sync_ms,ms,23,0
Atlas,10690f7a4726+bench,SVG,instrument-2026-10-06T13-47-55.237Z,mixed-3000-seed-41544c53,zoom,frame_interval_ms,ms,24,83.39999999999418
Atlas,10690f7a4726+bench,SVG,instrument-2026-10-06T13-47-55.237Z,mixed-3000-seed-41544c53,zoom,camera_api_sync_ms,ms,24,0
Atlas,10690f7a4726+bench,SVG,instrument-2026-10-06T13-47-55.237Z,mixed-3000-seed-41544c53,zoom,frame_interval_ms,ms,25,50
Atlas,10690f7a4726+bench,SVG,instrument-2026-10-06T13-47-55.237Z,mixed-3000-seed-41544c53,zoom,camera_api_sync_ms,ms,25,0
Atlas,10690f7a4726+bench,SVG,instrument-2026-10-06T13-47-55.237Z,mixed-3000-seed-41544c53,zoom,frame_interval_ms,ms,26,50.10000000000582
Atlas,10690f7a4726+bench,SVG,instrument-2026-10-06T13-47-55.237Z,mixed-3000-seed-41544c53,zoom,camera_api_sync_ms,ms,26,0
Atlas,10690f7a4726+bench,SVG,instrument-2026-10-06T13-47-55.237Z,mixed-3000-seed-41544c53,zoom,frame_interval_ms,ms,27,50.10000000000582
Atlas,10690f7a4726+bench,SVG,instrument-2026-10-06T13-47-55.237Z,mixed-3000-seed-41544c53,zoom,camera_api_sync_ms,ms,27,0
Atlas,10690f7a4726+bench,SVG,instrument-2026-10-06T13-47-55.237Z,mixed-3000-seed-41544c53,zoom,frame_interval_ms,ms,28,49.89999999999418
Atlas,10690f7a4726+bench,SVG,instrument-2026-10-06T13-47-55.237Z,mixed-3000-seed-41544c53,zoom,camera_api_sync_ms,ms,28,0
Atlas,10690f7a4726+bench,SVG,instrument-2026-10-06T13-47-55.237Z,mixed-3000-seed-41544c53,zoom,frame_interval_ms,ms,29,50.10000000000582
Atlas,10690f7a4726+bench,SVG,instrument-2026-10-06T13-47-55.237Z,mixed-3000-seed-41544c53,zoom,camera_api_sync_ms,ms,29,0
Atlas,10690f7a4726+bench,SVG,instrument-2026-10-06T13-47-55.237Z,mixed-3000-seed-41544c53,zoom,frame_interval_ms,ms,30,50
Atlas,10690f7a4726+bench,SVG,instrument-2026-10-06T13-47-55.237Z,mixed-3000-seed-41544c53,zoom,camera_api_sync_ms,ms,30,0.09999990463256836
Atlas,10690f7a4726+bench,SVG,instrument-2026-10-06T13-47-55.237Z,mixed-3000-seed-41544c53,zoom,frame_interval_ms,ms,31,50.09999999997672
Atlas,10690f7a4726+bench,SVG,instrument-2026-10-06T13-47-55.237Z,mixed-3000-seed-41544c53,zoom,camera_api_sync_ms,ms,31,0
Atlas,10690f7a4726+bench,SVG,instrument-2026-10-06T13-47-55.237Z,mixed-3000-seed-41544c53,zoom,frame_interval_ms,ms,32,50
Atlas,10690f7a4726+bench,SVG,instrument-2026-10-06T13-47-55.237Z,mixed-3000-seed-41544c53,zoom,camera_api_sync_ms,ms,32,0
Atlas,10690f7a4726+bench,SVG,instrument-2026-10-06T13-47-55.237Z,mixed-3000-seed-41544c53,zoom,motion_elapsed_ms,ms,0,1517.7999999999884
Atlas,10690f7a4726+bench,SVG,instrument-2026-10-06T13-47-55.237Z,mixed-3000-seed-41544c53,zoom,camera_updates,count,0,33
Atlas,10690f7a4726+bench,SVG,instrument-2026-10-06T13-47-55.237Z,mixed-3000-seed-41544c53,zoom,svg_attribute_writes,count,0,495099
Atlas,10690f7a4726+bench,SVG,instrument-2026-10-06T13-47-55.237Z,mixed-3000-seed-41544c53,zoom,renderer_scene_reads,count,0,33
Atlas,10690f7a4726+bench,SVG,instrument-2026-10-06T13-47-55.237Z,mixed-3000-seed-41544c53,zoom,root_iterator_creations,count,0,33
Atlas,10690f7a4726+bench,SVG,instrument-2026-10-06T13-47-55.237Z,mixed-3000-seed-41544c53,zoom,root_iterator_next_calls,count,0,99000
Atlas,10690f7a4726+bench,SVG,instrument-2026-10-06T13-47-55.237Z,mixed-3000-seed-41544c53,zoom,route_membership_reads,count,0,59400
Atlas,10690f7a4726+bench,SVG,instrument-2026-10-06T13-47-55.237Z,mixed-3000-seed-41544c53,zoom,svg_attribute_removals,count,0,237600
Atlas,10690f7a4726+bench,SVG,instrument-2026-10-06T13-47-55.237Z,mixed-3000-seed-41544c53,zoom,renderer_calls,count,0,33
Atlas,10690f7a4726+bench,SVG,instrument-2026-10-06T13-47-55.237Z,mixed-3000-seed-41544c53,zoom,layout_rect_reads,count,0,0
Atlas,10690f7a4726+bench,SVG,instrument-2026-10-06T13-47-55.237Z,mixed-3000-seed-41544c53,zoom,instrumented_renderer_callback_ms,ms,0,10.599999904632568
Atlas,10690f7a4726+bench,SVG,instrument-2026-10-06T13-47-55.237Z,mixed-3000-seed-41544c53,zoom,instrumented_renderer_callback_ms,ms,1,11.399999856948853
Atlas,10690f7a4726+bench,SVG,instrument-2026-10-06T13-47-55.237Z,mixed-3000-seed-41544c53,zoom,instrumented_renderer_callback_ms,ms,2,11.399999856948853
Atlas,10690f7a4726+bench,SVG,instrument-2026-10-06T13-47-55.237Z,mixed-3000-seed-41544c53,zoom,instrumented_renderer_callback_ms,ms,3,11.199999809265137
Atlas,10690f7a4726+bench,SVG,instrument-2026-10-06T13-47-55.237Z,mixed-3000-seed-41544c53,zoom,instrumented_renderer_callback_ms,ms,4,11.100000143051147
Atlas,10690f7a4726+bench,SVG,instrument-2026-10-06T13-47-55.237Z,mixed-3000-seed-41544c53,zoom,instrumented_renderer_callback_ms,ms,5,11.199999809265137
Atlas,10690f7a4726+bench,SVG,instrument-2026-10-06T13-47-55.237Z,mixed-3000-seed-41544c53,zoom,instrumented_renderer_callback_ms,ms,6,11.200000047683716
Atlas,10690f7a4726+bench,SVG,instrument-2026-10-06T13-47-55.237Z,mixed-3000-seed-41544c53,zoom,instrumented_renderer_callback_ms,ms,7,11.200000047683716
Atlas,10690f7a4726+bench,SVG,instrument-2026-10-06T13-47-55.237Z,mixed-3000-seed-41544c53,zoom,instrumented_renderer_callback_ms,ms,8,11.299999952316284
Atlas,10690f7a4726+bench,SVG,instrument-2026-10-06T13-47-55.237Z,mixed-3000-seed-41544c53,zoom,instrumented_renderer_callback_ms,ms,9,11
Atlas,10690f7a4726+bench,SVG,instrument-2026-10-06T13-47-55.237Z,mixed-3000-seed-41544c53,zoom,instrumented_renderer_callback_ms,ms,10,11.599999904632568
Atlas,10690f7a4726+bench,SVG,instrument-2026-10-06T13-47-55.237Z,mixed-3000-seed-41544c53,zoom,instrumented_renderer_callback_ms,ms,11,14.5
Atlas,10690f7a4726+bench,SVG,instrument-2026-10-06T13-47-55.237Z,mixed-3000-seed-41544c53,zoom,instrumented_renderer_callback_ms,ms,12,11.200000047683716
Atlas,10690f7a4726+bench,SVG,instrument-2026-10-06T13-47-55.237Z,mixed-3000-seed-41544c53,zoom,instrumented_renderer_callback_ms,ms,13,11.699999809265137
Atlas,10690f7a4726+bench,SVG,instrument-2026-10-06T13-47-55.237Z,mixed-3000-seed-41544c53,zoom,instrumented_renderer_callback_ms,ms,14,12.699999809265137
Atlas,10690f7a4726+bench,SVG,instrument-2026-10-06T13-47-55.237Z,mixed-3000-seed-41544c53,zoom,instrumented_renderer_callback_ms,ms,15,17.200000047683716
Atlas,10690f7a4726+bench,SVG,instrument-2026-10-06T13-47-55.237Z,mixed-3000-seed-41544c53,zoom,instrumented_renderer_callback_ms,ms,16,12.299999952316284
Atlas,10690f7a4726+bench,SVG,instrument-2026-10-06T13-47-55.237Z,mixed-3000-seed-41544c53,zoom,instrumented_renderer_callback_ms,ms,17,11.700000047683716
Atlas,10690f7a4726+bench,SVG,instrument-2026-10-06T13-47-55.237Z,mixed-3000-seed-41544c53,zoom,instrumented_renderer_callback_ms,ms,18,12.900000095367432
Atlas,10690f7a4726+bench,SVG,instrument-2026-10-06T13-47-55.237Z,mixed-3000-seed-41544c53,zoom,instrumented_renderer_callback_ms,ms,19,13
Atlas,10690f7a4726+bench,SVG,instrument-2026-10-06T13-47-55.237Z,mixed-3000-seed-41544c53,zoom,instrumented_renderer_callback_ms,ms,20,12
Atlas,10690f7a4726+bench,SVG,instrument-2026-10-06T13-47-55.237Z,mixed-3000-seed-41544c53,zoom,instrumented_renderer_callback_ms,ms,21,12
Atlas,10690f7a4726+bench,SVG,instrument-2026-10-06T13-47-55.237Z,mixed-3000-seed-41544c53,zoom,instrumented_renderer_callback_ms,ms,22,30.5
Atlas,10690f7a4726+bench,SVG,instrument-2026-10-06T13-47-55.237Z,mixed-3000-seed-41544c53,zoom,instrumented_renderer_callback_ms,ms,23,17.299999952316284
Atlas,10690f7a4726+bench,SVG,instrument-2026-10-06T13-47-55.237Z,mixed-3000-seed-41544c53,zoom,instrumented_renderer_callback_ms,ms,24,11.599999904632568
Atlas,10690f7a4726+bench,SVG,instrument-2026-10-06T13-47-55.237Z,mixed-3000-seed-41544c53,zoom,instrumented_renderer_callback_ms,ms,25,11.899999856948853
Atlas,10690f7a4726+bench,SVG,instrument-2026-10-06T13-47-55.237Z,mixed-3000-seed-41544c53,zoom,instrumented_renderer_callback_ms,ms,26,10.799999952316284
Atlas,10690f7a4726+bench,SVG,instrument-2026-10-06T13-47-55.237Z,mixed-3000-seed-41544c53,zoom,instrumented_renderer_callback_ms,ms,27,11.300000190734863
Atlas,10690f7a4726+bench,SVG,instrument-2026-10-06T13-47-55.237Z,mixed-3000-seed-41544c53,zoom,instrumented_renderer_callback_ms,ms,28,10.799999952316284
Atlas,10690f7a4726+bench,SVG,instrument-2026-10-06T13-47-55.237Z,mixed-3000-seed-41544c53,zoom,instrumented_renderer_callback_ms,ms,29,11.200000047683716
Atlas,10690f7a4726+bench,SVG,instrument-2026-10-06T13-47-55.237Z,mixed-3000-seed-41544c53,zoom,instrumented_renderer_callback_ms,ms,30,11.099999904632568
Atlas,10690f7a4726+bench,SVG,instrument-2026-10-06T13-47-55.237Z,mixed-3000-seed-41544c53,zoom,instrumented_renderer_callback_ms,ms,31,11.899999856948853
Atlas,10690f7a4726+bench,SVG,instrument-2026-10-06T13-47-55.237Z,mixed-3000-seed-41544c53,zoom,instrumented_renderer_callback_ms,ms,32,10.799999952316284
Atlas,10690f7a4726+bench,SVG,instrument-2026-10-06T13-47-55.237Z,mixed-3000-seed-41544c53,zoom,cleanup_renderer_calls,count,0,0
Atlas,10690f7a4726+bench,SVG,instrument-2026-10-06T13-47-55.237Z,mixed-3000-seed-41544c53,zoom,cleanup_stage_children,count,0,0
Atlas,10690f7a4726+bench,SVG,instrument-2026-10-06T13-47-55.237Z,mixed-3000-seed-41544c53,hit,spatial_hit_test_sync_ms,ms,0,0.40000009536743164
Atlas,10690f7a4726+bench,SVG,instrument-2026-10-06T13-47-55.237Z,mixed-3000-seed-41544c53,hit,spatial_hit_test_sync_ms,ms,1,0.20000004768371582
Atlas,10690f7a4726+bench,SVG,instrument-2026-10-06T13-47-55.237Z,mixed-3000-seed-41544c53,hit,spatial_hit_test_sync_ms,ms,2,0.19999980926513672
Atlas,10690f7a4726+bench,SVG,instrument-2026-10-06T13-47-55.237Z,mixed-3000-seed-41544c53,hit,spatial_hit_test_sync_ms,ms,3,0.20000004768371582
Atlas,10690f7a4726+bench,SVG,instrument-2026-10-06T13-47-55.237Z,mixed-3000-seed-41544c53,hit,spatial_hit_test_sync_ms,ms,4,0.2999999523162842
Atlas,10690f7a4726+bench,SVG,instrument-2026-10-06T13-47-55.237Z,mixed-3000-seed-41544c53,hit,spatial_hit_test_sync_ms,ms,5,0.20000004768371582
Atlas,10690f7a4726+bench,SVG,instrument-2026-10-06T13-47-55.237Z,mixed-3000-seed-41544c53,hit,spatial_hit_test_sync_ms,ms,6,0.20000004768371582
Atlas,10690f7a4726+bench,SVG,instrument-2026-10-06T13-47-55.237Z,mixed-3000-seed-41544c53,hit,spatial_hit_test_sync_ms,ms,7,0.20000004768371582
Atlas,10690f7a4726+bench,SVG,instrument-2026-10-06T13-47-55.237Z,mixed-3000-seed-41544c53,hit,spatial_hit_test_sync_ms,ms,8,0.20000004768371582
Atlas,10690f7a4726+bench,SVG,instrument-2026-10-06T13-47-55.237Z,mixed-3000-seed-41544c53,hit,spatial_hit_test_sync_ms,ms,9,0.2999999523162842
Atlas,10690f7a4726+bench,SVG,instrument-2026-10-06T13-47-55.237Z,mixed-3000-seed-41544c53,hit,spatial_hit_test_sync_ms,ms,10,0.20000004768371582
Atlas,10690f7a4726+bench,SVG,instrument-2026-10-06T13-47-55.237Z,mixed-3000-seed-41544c53,hit,spatial_hit_test_sync_ms,ms,11,0.09999990463256836
Atlas,10690f7a4726+bench,SVG,instrument-2026-10-06T13-47-55.237Z,mixed-3000-seed-41544c53,hit,spatial_hit_test_sync_ms,ms,12,0.20000004768371582
Atlas,10690f7a4726+bench,SVG,instrument-2026-10-06T13-47-55.237Z,mixed-3000-seed-41544c53,hit,spatial_hit_test_sync_ms,ms,13,0.2999999523162842
Atlas,10690f7a4726+bench,SVG,instrument-2026-10-06T13-47-55.237Z,mixed-3000-seed-41544c53,hit,spatial_hit_test_sync_ms,ms,14,0.20000004768371582
Atlas,10690f7a4726+bench,SVG,instrument-2026-10-06T13-47-55.237Z,mixed-3000-seed-41544c53,hit,spatial_hit_test_sync_ms,ms,15,0.20000004768371582
Atlas,10690f7a4726+bench,SVG,instrument-2026-10-06T13-47-55.237Z,mixed-3000-seed-41544c53,hit,spatial_hit_test_sync_ms,ms,16,3.299999952316284
Atlas,10690f7a4726+bench,SVG,instrument-2026-10-06T13-47-55.237Z,mixed-3000-seed-41544c53,hit,spatial_hit_test_sync_ms,ms,17,0.20000004768371582
Atlas,10690f7a4726+bench,SVG,instrument-2026-10-06T13-47-55.237Z,mixed-3000-seed-41544c53,hit,spatial_hit_test_sync_ms,ms,18,0.2999999523162842
Atlas,10690f7a4726+bench,SVG,instrument-2026-10-06T13-47-55.237Z,mixed-3000-seed-41544c53,hit,spatial_hit_test_sync_ms,ms,19,0.20000004768371582
Atlas,10690f7a4726+bench,SVG,instrument-2026-10-06T13-47-55.237Z,mixed-3000-seed-41544c53,hit,spatial_hit_test_sync_ms,ms,20,0.19999980926513672
Atlas,10690f7a4726+bench,SVG,instrument-2026-10-06T13-47-55.237Z,mixed-3000-seed-41544c53,hit,spatial_hit_test_sync_ms,ms,21,0.20000004768371582
Atlas,10690f7a4726+bench,SVG,instrument-2026-10-06T13-47-55.237Z,mixed-3000-seed-41544c53,hit,spatial_hit_test_sync_ms,ms,22,0.20000004768371582
Atlas,10690f7a4726+bench,SVG,instrument-2026-10-06T13-47-55.237Z,mixed-3000-seed-41544c53,hit,spatial_hit_test_sync_ms,ms,23,0.20000004768371582
Atlas,10690f7a4726+bench,SVG,instrument-2026-10-06T13-47-55.237Z,mixed-3000-seed-41544c53,hit,spatial_hit_test_sync_ms,ms,24,0.2999999523162842
Atlas,10690f7a4726+bench,SVG,instrument-2026-10-06T13-47-55.237Z,mixed-3000-seed-41544c53,hit,spatial_hit_test_sync_ms,ms,25,0.20000004768371582
Atlas,10690f7a4726+bench,SVG,instrument-2026-10-06T13-47-55.237Z,mixed-3000-seed-41544c53,hit,spatial_hit_test_sync_ms,ms,26,0.09999990463256836
Atlas,10690f7a4726+bench,SVG,instrument-2026-10-06T13-47-55.237Z,mixed-3000-seed-41544c53,hit,spatial_hit_test_sync_ms,ms,27,0.2999999523162842
Atlas,10690f7a4726+bench,SVG,instrument-2026-10-06T13-47-55.237Z,mixed-3000-seed-41544c53,hit,spatial_hit_test_sync_ms,ms,28,0.20000004768371582
Atlas,10690f7a4726+bench,SVG,instrument-2026-10-06T13-47-55.237Z,mixed-3000-seed-41544c53,hit,spatial_hit_test_sync_ms,ms,29,0.2999999523162842
Atlas,10690f7a4726+bench,SVG,instrument-2026-10-06T13-47-55.237Z,mixed-3000-seed-41544c53,hit,spatial_hit_test_sync_ms,ms,30,0.20000004768371582
Atlas,10690f7a4726+bench,SVG,instrument-2026-10-06T13-47-55.237Z,mixed-3000-seed-41544c53,hit,spatial_hit_test_sync_ms,ms,31,0.20000004768371582
Atlas,10690f7a4726+bench,SVG,instrument-2026-10-06T13-47-55.237Z,mixed-3000-seed-41544c53,hit,spatial_hit_test_sync_ms,ms,32,0.20000004768371582
Atlas,10690f7a4726+bench,SVG,instrument-2026-10-06T13-47-55.237Z,mixed-3000-seed-41544c53,hit,spatial_hit_test_sync_ms,ms,33,0.09999990463256836
Atlas,10690f7a4726+bench,SVG,instrument-2026-10-06T13-47-55.237Z,mixed-3000-seed-41544c53,hit,spatial_hit_test_sync_ms,ms,34,0.20000004768371582
Atlas,10690f7a4726+bench,SVG,instrument-2026-10-06T13-47-55.237Z,mixed-3000-seed-41544c53,hit,spatial_hit_test_sync_ms,ms,35,0.2999999523162842
Atlas,10690f7a4726+bench,SVG,instrument-2026-10-06T13-47-55.237Z,mixed-3000-seed-41544c53,hit,spatial_hit_test_sync_ms,ms,36,0.10000014305114746
Atlas,10690f7a4726+bench,SVG,instrument-2026-10-06T13-47-55.237Z,mixed-3000-seed-41544c53,hit,spatial_hit_test_sync_ms,ms,37,0.2999999523162842
Atlas,10690f7a4726+bench,SVG,instrument-2026-10-06T13-47-55.237Z,mixed-3000-seed-41544c53,hit,spatial_hit_test_sync_ms,ms,38,0.20000004768371582
Atlas,10690f7a4726+bench,SVG,instrument-2026-10-06T13-47-55.237Z,mixed-3000-seed-41544c53,hit,spatial_hit_test_sync_ms,ms,39,0.19999980926513672
Atlas,10690f7a4726+bench,SVG,instrument-2026-10-06T13-47-55.237Z,mixed-3000-seed-41544c53,hit,spatial_hit_test_sync_ms,ms,40,0.20000004768371582
Atlas,10690f7a4726+bench,SVG,instrument-2026-10-06T13-47-55.237Z,mixed-3000-seed-41544c53,hit,spatial_hit_test_sync_ms,ms,41,0.2999999523162842
Atlas,10690f7a4726+bench,SVG,instrument-2026-10-06T13-47-55.237Z,mixed-3000-seed-41544c53,hit,spatial_hit_test_sync_ms,ms,42,0.10000014305114746
Atlas,10690f7a4726+bench,SVG,instrument-2026-10-06T13-47-55.237Z,mixed-3000-seed-41544c53,hit,spatial_hit_test_sync_ms,ms,43,0.20000004768371582
Atlas,10690f7a4726+bench,SVG,instrument-2026-10-06T13-47-55.237Z,mixed-3000-seed-41544c53,hit,spatial_hit_test_sync_ms,ms,44,0.2999999523162842
Atlas,10690f7a4726+bench,SVG,instrument-2026-10-06T13-47-55.237Z,mixed-3000-seed-41544c53,hit,spatial_hit_test_sync_ms,ms,45,0.09999990463256836
Atlas,10690f7a4726+bench,SVG,instrument-2026-10-06T13-47-55.237Z,mixed-3000-seed-41544c53,hit,spatial_hit_test_sync_ms,ms,46,0.2999999523162842
Atlas,10690f7a4726+bench,SVG,instrument-2026-10-06T13-47-55.237Z,mixed-3000-seed-41544c53,hit,spatial_hit_test_sync_ms,ms,47,0.20000004768371582
Atlas,10690f7a4726+bench,SVG,instrument-2026-10-06T13-47-55.237Z,mixed-3000-seed-41544c53,hit,spatial_hit_test_sync_ms,ms,48,0.10000014305114746
Atlas,10690f7a4726+bench,SVG,instrument-2026-10-06T13-47-55.237Z,mixed-3000-seed-41544c53,hit,spatial_hit_test_sync_ms,ms,49,0.19999980926513672
Atlas,10690f7a4726+bench,SVG,instrument-2026-10-06T13-47-55.237Z,mixed-3000-seed-41544c53,hit,spatial_hit_test_sync_ms,ms,50,0.20000004768371582
Atlas,10690f7a4726+bench,SVG,instrument-2026-10-06T13-47-55.237Z,mixed-3000-seed-41544c53,hit,spatial_hit_test_sync_ms,ms,51,0.2999999523162842
Atlas,10690f7a4726+bench,SVG,instrument-2026-10-06T13-47-55.237Z,mixed-3000-seed-41544c53,hit,spatial_hit_test_sync_ms,ms,52,0.20000004768371582
Atlas,10690f7a4726+bench,SVG,instrument-2026-10-06T13-47-55.237Z,mixed-3000-seed-41544c53,hit,spatial_hit_test_sync_ms,ms,53,0.20000004768371582
Atlas,10690f7a4726+bench,SVG,instrument-2026-10-06T13-47-55.237Z,mixed-3000-seed-41544c53,hit,spatial_hit_test_sync_ms,ms,54,0.20000004768371582
Atlas,10690f7a4726+bench,SVG,instrument-2026-10-06T13-47-55.237Z,mixed-3000-seed-41544c53,hit,spatial_hit_test_sync_ms,ms,55,0.20000004768371582
Atlas,10690f7a4726+bench,SVG,instrument-2026-10-06T13-47-55.237Z,mixed-3000-seed-41544c53,hit,spatial_hit_test_sync_ms,ms,56,0.19999980926513672
Atlas,10690f7a4726+bench,SVG,instrument-2026-10-06T13-47-55.237Z,mixed-3000-seed-41544c53,hit,spatial_hit_test_sync_ms,ms,57,0.20000004768371582
Atlas,10690f7a4726+bench,SVG,instrument-2026-10-06T13-47-55.237Z,mixed-3000-seed-41544c53,hit,spatial_hit_test_sync_ms,ms,58,0.20000004768371582
Atlas,10690f7a4726+bench,SVG,instrument-2026-10-06T13-47-55.237Z,mixed-3000-seed-41544c53,hit,spatial_hit_test_sync_ms,ms,59,0.20000004768371582
Atlas,10690f7a4726+bench,SVG,instrument-2026-10-06T13-47-55.237Z,mixed-3000-seed-41544c53,hit,spatial_hit_test_sync_ms,ms,60,0.2999999523162842
Atlas,10690f7a4726+bench,SVG,instrument-2026-10-06T13-47-55.237Z,mixed-3000-seed-41544c53,hit,spatial_hit_test_sync_ms,ms,61,0.20000004768371582
Atlas,10690f7a4726+bench,SVG,instrument-2026-10-06T13-47-55.237Z,mixed-3000-seed-41544c53,hit,spatial_hit_test_sync_ms,ms,62,0.20000004768371582
Atlas,10690f7a4726+bench,SVG,instrument-2026-10-06T13-47-55.237Z,mixed-3000-seed-41544c53,hit,spatial_hit_test_sync_ms,ms,63,0.19999980926513672
Atlas,10690f7a4726+bench,SVG,instrument-2026-10-06T13-47-55.237Z,mixed-3000-seed-41544c53,hit,spatial_hit_test_sync_ms,ms,64,0.20000004768371582
Atlas,10690f7a4726+bench,SVG,instrument-2026-10-06T13-47-55.237Z,mixed-3000-seed-41544c53,hit,spatial_hit_test_sync_ms,ms,65,0.20000004768371582
Atlas,10690f7a4726+bench,SVG,instrument-2026-10-06T13-47-55.237Z,mixed-3000-seed-41544c53,hit,spatial_hit_test_sync_ms,ms,66,0.20000004768371582
Atlas,10690f7a4726+bench,SVG,instrument-2026-10-06T13-47-55.237Z,mixed-3000-seed-41544c53,hit,spatial_hit_test_sync_ms,ms,67,0.20000004768371582
Atlas,10690f7a4726+bench,SVG,instrument-2026-10-06T13-47-55.237Z,mixed-3000-seed-41544c53,hit,spatial_hit_test_sync_ms,ms,68,0.2999999523162842
Atlas,10690f7a4726+bench,SVG,instrument-2026-10-06T13-47-55.237Z,mixed-3000-seed-41544c53,hit,spatial_hit_test_sync_ms,ms,69,0.20000004768371582
Atlas,10690f7a4726+bench,SVG,instrument-2026-10-06T13-47-55.237Z,mixed-3000-seed-41544c53,hit,spatial_hit_test_sync_ms,ms,70,0.09999990463256836
Atlas,10690f7a4726+bench,SVG,instrument-2026-10-06T13-47-55.237Z,mixed-3000-seed-41544c53,hit,spatial_hit_test_sync_ms,ms,71,0.2999999523162842
Atlas,10690f7a4726+bench,SVG,instrument-2026-10-06T13-47-55.237Z,mixed-3000-seed-41544c53,hit,spatial_hit_test_sync_ms,ms,72,0.20000004768371582
Atlas,10690f7a4726+bench,SVG,instrument-2026-10-06T13-47-55.237Z,mixed-3000-seed-41544c53,hit,spatial_hit_test_sync_ms,ms,73,0.09999990463256836
Atlas,10690f7a4726+bench,SVG,instrument-2026-10-06T13-47-55.237Z,mixed-3000-seed-41544c53,hit,spatial_hit_test_sync_ms,ms,74,0.20000004768371582
Atlas,10690f7a4726+bench,SVG,instrument-2026-10-06T13-47-55.237Z,mixed-3000-seed-41544c53,hit,spatial_hit_test_sync_ms,ms,75,0.20000004768371582
Atlas,10690f7a4726+bench,SVG,instrument-2026-10-06T13-47-55.237Z,mixed-3000-seed-41544c53,hit,spatial_hit_test_sync_ms,ms,76,0.2999999523162842
Atlas,10690f7a4726+bench,SVG,instrument-2026-10-06T13-47-55.237Z,mixed-3000-seed-41544c53,hit,spatial_hit_test_sync_ms,ms,77,0.20000004768371582
Atlas,10690f7a4726+bench,SVG,instrument-2026-10-06T13-47-55.237Z,mixed-3000-seed-41544c53,hit,spatial_hit_test_sync_ms,ms,78,0.20000004768371582
Atlas,10690f7a4726+bench,SVG,instrument-2026-10-06T13-47-55.237Z,mixed-3000-seed-41544c53,hit,spatial_hit_test_sync_ms,ms,79,0.20000004768371582
Atlas,10690f7a4726+bench,SVG,instrument-2026-10-06T13-47-55.237Z,mixed-3000-seed-41544c53,hit,spatial_hit_test_sync_ms,ms,80,0.19999980926513672
Atlas,10690f7a4726+bench,SVG,instrument-2026-10-06T13-47-55.237Z,mixed-3000-seed-41544c53,hit,spatial_hit_test_sync_ms,ms,81,0.20000004768371582
Atlas,10690f7a4726+bench,SVG,instrument-2026-10-06T13-47-55.237Z,mixed-3000-seed-41544c53,hit,spatial_hit_test_sync_ms,ms,82,0.20000004768371582
Atlas,10690f7a4726+bench,SVG,instrument-2026-10-06T13-47-55.237Z,mixed-3000-seed-41544c53,hit,spatial_hit_test_sync_ms,ms,83,0.20000004768371582
Atlas,10690f7a4726+bench,SVG,instrument-2026-10-06T13-47-55.237Z,mixed-3000-seed-41544c53,hit,spatial_hit_test_sync_ms,ms,84,0.20000004768371582
Atlas,10690f7a4726+bench,SVG,instrument-2026-10-06T13-47-55.237Z,mixed-3000-seed-41544c53,hit,spatial_hit_test_sync_ms,ms,85,0.2999999523162842
Atlas,10690f7a4726+bench,SVG,instrument-2026-10-06T13-47-55.237Z,mixed-3000-seed-41544c53,hit,spatial_hit_test_sync_ms,ms,86,0.20000004768371582
Atlas,10690f7a4726+bench,SVG,instrument-2026-10-06T13-47-55.237Z,mixed-3000-seed-41544c53,hit,spatial_hit_test_sync_ms,ms,87,0.19999980926513672
Atlas,10690f7a4726+bench,SVG,instrument-2026-10-06T13-47-55.237Z,mixed-3000-seed-41544c53,hit,spatial_hit_test_sync_ms,ms,88,0.20000004768371582
Atlas,10690f7a4726+bench,SVG,instrument-2026-10-06T13-47-55.237Z,mixed-3000-seed-41544c53,hit,spatial_hit_test_sync_ms,ms,89,0.10000014305114746
Atlas,10690f7a4726+bench,SVG,instrument-2026-10-06T13-47-55.237Z,mixed-3000-seed-41544c53,hit,spatial_hit_test_sync_ms,ms,90,0.19999980926513672
Atlas,10690f7a4726+bench,SVG,instrument-2026-10-06T13-47-55.237Z,mixed-3000-seed-41544c53,hit,spatial_hit_test_sync_ms,ms,91,0.20000004768371582
Atlas,10690f7a4726+bench,SVG,instrument-2026-10-06T13-47-55.237Z,mixed-3000-seed-41544c53,hit,spatial_hit_test_sync_ms,ms,92,0.2999999523162842
Atlas,10690f7a4726+bench,SVG,instrument-2026-10-06T13-47-55.237Z,mixed-3000-seed-41544c53,hit,spatial_hit_test_sync_ms,ms,93,0.20000004768371582
Atlas,10690f7a4726+bench,SVG,instrument-2026-10-06T13-47-55.237Z,mixed-3000-seed-41544c53,hit,spatial_hit_test_sync_ms,ms,94,0.20000004768371582
Atlas,10690f7a4726+bench,SVG,instrument-2026-10-06T13-47-55.237Z,mixed-3000-seed-41544c53,hit,spatial_hit_test_sync_ms,ms,95,0.20000004768371582
Atlas,10690f7a4726+bench,SVG,instrument-2026-10-06T13-47-55.237Z,mixed-3000-seed-41544c53,hit,spatial_hit_test_sync_ms,ms,96,0.20000004768371582
Atlas,10690f7a4726+bench,SVG,instrument-2026-10-06T13-47-55.237Z,mixed-3000-seed-41544c53,hit,spatial_hit_test_sync_ms,ms,97,0.19999980926513672
Atlas,10690f7a4726+bench,SVG,instrument-2026-10-06T13-47-55.237Z,mixed-3000-seed-41544c53,hit,spatial_hit_test_sync_ms,ms,98,0.20000004768371582
Atlas,10690f7a4726+bench,SVG,instrument-2026-10-06T13-47-55.237Z,mixed-3000-seed-41544c53,hit,spatial_hit_test_sync_ms,ms,99,0.20000004768371582
Atlas,10690f7a4726+bench,SVG,instrument-2026-10-06T13-47-55.237Z,mixed-3000-seed-41544c53,hit,spatial_hit_test_sync_ms,ms,100,0.20000004768371582
Atlas,10690f7a4726+bench,SVG,instrument-2026-10-06T13-47-55.237Z,mixed-3000-seed-41544c53,hit,spatial_hit_test_sync_ms,ms,101,0.20000004768371582
Atlas,10690f7a4726+bench,SVG,instrument-2026-10-06T13-47-55.237Z,mixed-3000-seed-41544c53,hit,spatial_hit_test_sync_ms,ms,102,0.19999980926513672
Atlas,10690f7a4726+bench,SVG,instrument-2026-10-06T13-47-55.237Z,mixed-3000-seed-41544c53,hit,spatial_hit_test_sync_ms,ms,103,0.3000001907348633
Atlas,10690f7a4726+bench,SVG,instrument-2026-10-06T13-47-55.237Z,mixed-3000-seed-41544c53,hit,spatial_hit_test_sync_ms,ms,104,0.19999980926513672
Atlas,10690f7a4726+bench,SVG,instrument-2026-10-06T13-47-55.237Z,mixed-3000-seed-41544c53,hit,spatial_hit_test_sync_ms,ms,105,0.10000014305114746
Atlas,10690f7a4726+bench,SVG,instrument-2026-10-06T13-47-55.237Z,mixed-3000-seed-41544c53,hit,spatial_hit_test_sync_ms,ms,106,3.3999998569488525
Atlas,10690f7a4726+bench,SVG,instrument-2026-10-06T13-47-55.237Z,mixed-3000-seed-41544c53,hit,spatial_hit_test_sync_ms,ms,107,0.3000001907348633
Atlas,10690f7a4726+bench,SVG,instrument-2026-10-06T13-47-55.237Z,mixed-3000-seed-41544c53,hit,spatial_hit_test_sync_ms,ms,108,0.19999980926513672
Atlas,10690f7a4726+bench,SVG,instrument-2026-10-06T13-47-55.237Z,mixed-3000-seed-41544c53,hit,spatial_hit_test_sync_ms,ms,109,0.3000001907348633
Atlas,10690f7a4726+bench,SVG,instrument-2026-10-06T13-47-55.237Z,mixed-3000-seed-41544c53,hit,spatial_hit_test_sync_ms,ms,110,0.09999990463256836
Atlas,10690f7a4726+bench,SVG,instrument-2026-10-06T13-47-55.237Z,mixed-3000-seed-41544c53,hit,spatial_hit_test_sync_ms,ms,111,0.20000004768371582
Atlas,10690f7a4726+bench,SVG,instrument-2026-10-06T13-47-55.237Z,mixed-3000-seed-41544c53,hit,spatial_hit_test_sync_ms,ms,112,0.20000004768371582
Atlas,10690f7a4726+bench,SVG,instrument-2026-10-06T13-47-55.237Z,mixed-3000-seed-41544c53,hit,spatial_hit_test_sync_ms,ms,113,0.19999980926513672
Atlas,10690f7a4726+bench,SVG,instrument-2026-10-06T13-47-55.237Z,mixed-3000-seed-41544c53,hit,spatial_hit_test_sync_ms,ms,114,0.20000004768371582
Atlas,10690f7a4726+bench,SVG,instrument-2026-10-06T13-47-55.237Z,mixed-3000-seed-41544c53,hit,spatial_hit_test_sync_ms,ms,115,0.2999999523162842
Atlas,10690f7a4726+bench,SVG,instrument-2026-10-06T13-47-55.237Z,mixed-3000-seed-41544c53,hit,spatial_hit_test_sync_ms,ms,116,0.20000004768371582
Atlas,10690f7a4726+bench,SVG,instrument-2026-10-06T13-47-55.237Z,mixed-3000-seed-41544c53,hit,spatial_hit_test_sync_ms,ms,117,0.20000004768371582
Atlas,10690f7a4726+bench,SVG,instrument-2026-10-06T13-47-55.237Z,mixed-3000-seed-41544c53,hit,spatial_hit_test_sync_ms,ms,118,0.20000004768371582
Atlas,10690f7a4726+bench,SVG,instrument-2026-10-06T13-47-55.237Z,mixed-3000-seed-41544c53,hit,spatial_hit_test_sync_ms,ms,119,0.20000004768371582
Atlas,10690f7a4726+bench,SVG,instrument-2026-10-06T13-47-55.237Z,mixed-3000-seed-41544c53,hit,spatial_hit_test_sync_ms,ms,120,0.19999980926513672
Atlas,10690f7a4726+bench,SVG,instrument-2026-10-06T13-47-55.237Z,mixed-3000-seed-41544c53,hit,spatial_hit_test_sync_ms,ms,121,0.20000004768371582
Atlas,10690f7a4726+bench,SVG,instrument-2026-10-06T13-47-55.237Z,mixed-3000-seed-41544c53,hit,spatial_hit_test_sync_ms,ms,122,0.20000004768371582
Atlas,10690f7a4726+bench,SVG,instrument-2026-10-06T13-47-55.237Z,mixed-3000-seed-41544c53,hit,spatial_hit_test_sync_ms,ms,123,0.20000004768371582
Atlas,10690f7a4726+bench,SVG,instrument-2026-10-06T13-47-55.237Z,mixed-3000-seed-41544c53,hit,spatial_hit_test_sync_ms,ms,124,0.20000004768371582
Atlas,10690f7a4726+bench,SVG,instrument-2026-10-06T13-47-55.237Z,mixed-3000-seed-41544c53,hit,spatial_hit_test_sync_ms,ms,125,0.19999980926513672
Atlas,10690f7a4726+bench,SVG,instrument-2026-10-06T13-47-55.237Z,mixed-3000-seed-41544c53,hit,spatial_hit_test_sync_ms,ms,126,0.20000004768371582
Atlas,10690f7a4726+bench,SVG,instrument-2026-10-06T13-47-55.237Z,mixed-3000-seed-41544c53,hit,spatial_hit_test_sync_ms,ms,127,0.2999999523162842
Atlas,10690f7a4726+bench,SVG,instrument-2026-10-06T13-47-55.237Z,mixed-3000-seed-41544c53,hit,spatial_hit_test_sync_ms,ms,128,0.20000004768371582
Atlas,10690f7a4726+bench,SVG,instrument-2026-10-06T13-47-55.237Z,mixed-3000-seed-41544c53,hit,spatial_hit_test_sync_ms,ms,129,0.20000004768371582
Atlas,10690f7a4726+bench,SVG,instrument-2026-10-06T13-47-55.237Z,mixed-3000-seed-41544c53,hit,spatial_hit_test_sync_ms,ms,130,0.09999990463256836
Atlas,10690f7a4726+bench,SVG,instrument-2026-10-06T13-47-55.237Z,mixed-3000-seed-41544c53,hit,spatial_hit_test_sync_ms,ms,131,0.3000001907348633
Atlas,10690f7a4726+bench,SVG,instrument-2026-10-06T13-47-55.237Z,mixed-3000-seed-41544c53,hit,spatial_hit_test_sync_ms,ms,132,0.19999980926513672
Atlas,10690f7a4726+bench,SVG,instrument-2026-10-06T13-47-55.237Z,mixed-3000-seed-41544c53,hit,spatial_hit_test_sync_ms,ms,133,0.20000004768371582
Atlas,10690f7a4726+bench,SVG,instrument-2026-10-06T13-47-55.237Z,mixed-3000-seed-41544c53,hit,spatial_hit_test_sync_ms,ms,134,0.20000004768371582
Atlas,10690f7a4726+bench,SVG,instrument-2026-10-06T13-47-55.237Z,mixed-3000-seed-41544c53,hit,spatial_hit_test_sync_ms,ms,135,0.20000004768371582
Atlas,10690f7a4726+bench,SVG,instrument-2026-10-06T13-47-55.237Z,mixed-3000-seed-41544c53,hit,spatial_hit_test_sync_ms,ms,136,0.20000004768371582
Atlas,10690f7a4726+bench,SVG,instrument-2026-10-06T13-47-55.237Z,mixed-3000-seed-41544c53,hit,spatial_hit_test_sync_ms,ms,137,0.19999980926513672
Atlas,10690f7a4726+bench,SVG,instrument-2026-10-06T13-47-55.237Z,mixed-3000-seed-41544c53,hit,spatial_hit_test_sync_ms,ms,138,0.20000004768371582
Atlas,10690f7a4726+bench,SVG,instrument-2026-10-06T13-47-55.237Z,mixed-3000-seed-41544c53,hit,spatial_hit_test_sync_ms,ms,139,0.20000004768371582
Atlas,10690f7a4726+bench,SVG,instrument-2026-10-06T13-47-55.237Z,mixed-3000-seed-41544c53,hit,spatial_hit_test_sync_ms,ms,140,0.20000004768371582
Atlas,10690f7a4726+bench,SVG,instrument-2026-10-06T13-47-55.237Z,mixed-3000-seed-41544c53,hit,spatial_hit_test_sync_ms,ms,141,0.20000004768371582
Atlas,10690f7a4726+bench,SVG,instrument-2026-10-06T13-47-55.237Z,mixed-3000-seed-41544c53,hit,spatial_hit_test_sync_ms,ms,142,0.19999980926513672
Atlas,10690f7a4726+bench,SVG,instrument-2026-10-06T13-47-55.237Z,mixed-3000-seed-41544c53,hit,spatial_hit_test_sync_ms,ms,143,0.20000004768371582
Atlas,10690f7a4726+bench,SVG,instrument-2026-10-06T13-47-55.237Z,mixed-3000-seed-41544c53,hit,spatial_hit_test_sync_ms,ms,144,0.2999999523162842
Atlas,10690f7a4726+bench,SVG,instrument-2026-10-06T13-47-55.237Z,mixed-3000-seed-41544c53,hit,spatial_hit_test_sync_ms,ms,145,0.20000004768371582
Atlas,10690f7a4726+bench,SVG,instrument-2026-10-06T13-47-55.237Z,mixed-3000-seed-41544c53,hit,spatial_hit_test_sync_ms,ms,146,0.20000004768371582
Atlas,10690f7a4726+bench,SVG,instrument-2026-10-06T13-47-55.237Z,mixed-3000-seed-41544c53,hit,spatial_hit_test_sync_ms,ms,147,0.20000004768371582
Atlas,10690f7a4726+bench,SVG,instrument-2026-10-06T13-47-55.237Z,mixed-3000-seed-41544c53,hit,spatial_hit_test_sync_ms,ms,148,0.20000004768371582
Atlas,10690f7a4726+bench,SVG,instrument-2026-10-06T13-47-55.237Z,mixed-3000-seed-41544c53,hit,spatial_hit_test_sync_ms,ms,149,0.19999980926513672
Atlas,10690f7a4726+bench,SVG,instrument-2026-10-06T13-47-55.237Z,mixed-3000-seed-41544c53,hit,spatial_hit_test_sync_ms,ms,150,0.20000004768371582
Atlas,10690f7a4726+bench,SVG,instrument-2026-10-06T13-47-55.237Z,mixed-3000-seed-41544c53,hit,spatial_hit_test_sync_ms,ms,151,0.20000004768371582
Atlas,10690f7a4726+bench,SVG,instrument-2026-10-06T13-47-55.237Z,mixed-3000-seed-41544c53,hit,spatial_hit_test_sync_ms,ms,152,0.20000004768371582
Atlas,10690f7a4726+bench,SVG,instrument-2026-10-06T13-47-55.237Z,mixed-3000-seed-41544c53,hit,spatial_hit_test_sync_ms,ms,153,0.20000004768371582
Atlas,10690f7a4726+bench,SVG,instrument-2026-10-06T13-47-55.237Z,mixed-3000-seed-41544c53,hit,spatial_hit_test_sync_ms,ms,154,0.19999980926513672
Atlas,10690f7a4726+bench,SVG,instrument-2026-10-06T13-47-55.237Z,mixed-3000-seed-41544c53,hit,spatial_hit_test_sync_ms,ms,155,0.20000004768371582
Atlas,10690f7a4726+bench,SVG,instrument-2026-10-06T13-47-55.237Z,mixed-3000-seed-41544c53,hit,spatial_hit_test_sync_ms,ms,156,0.20000004768371582
Atlas,10690f7a4726+bench,SVG,instrument-2026-10-06T13-47-55.237Z,mixed-3000-seed-41544c53,hit,spatial_hit_test_sync_ms,ms,157,0.20000004768371582
Atlas,10690f7a4726+bench,SVG,instrument-2026-10-06T13-47-55.237Z,mixed-3000-seed-41544c53,hit,spatial_hit_test_sync_ms,ms,158,0.20000004768371582
Atlas,10690f7a4726+bench,SVG,instrument-2026-10-06T13-47-55.237Z,mixed-3000-seed-41544c53,hit,spatial_hit_test_sync_ms,ms,159,0.2999999523162842
Atlas,10690f7a4726+bench,SVG,instrument-2026-10-06T13-47-55.237Z,mixed-3000-seed-41544c53,hit,spatial_hit_test_sync_ms,ms,160,0.09999990463256836
Atlas,10690f7a4726+bench,SVG,instrument-2026-10-06T13-47-55.237Z,mixed-3000-seed-41544c53,hit,spatial_hit_test_sync_ms,ms,161,0.2999999523162842
Atlas,10690f7a4726+bench,SVG,instrument-2026-10-06T13-47-55.237Z,mixed-3000-seed-41544c53,hit,spatial_hit_test_sync_ms,ms,162,0.20000004768371582
Atlas,10690f7a4726+bench,SVG,instrument-2026-10-06T13-47-55.237Z,mixed-3000-seed-41544c53,hit,spatial_hit_test_sync_ms,ms,163,0.20000004768371582
Atlas,10690f7a4726+bench,SVG,instrument-2026-10-06T13-47-55.237Z,mixed-3000-seed-41544c53,hit,spatial_hit_test_sync_ms,ms,164,0.09999990463256836
Atlas,10690f7a4726+bench,SVG,instrument-2026-10-06T13-47-55.237Z,mixed-3000-seed-41544c53,hit,spatial_hit_test_sync_ms,ms,165,0.3000001907348633
Atlas,10690f7a4726+bench,SVG,instrument-2026-10-06T13-47-55.237Z,mixed-3000-seed-41544c53,hit,spatial_hit_test_sync_ms,ms,166,0.19999980926513672
Atlas,10690f7a4726+bench,SVG,instrument-2026-10-06T13-47-55.237Z,mixed-3000-seed-41544c53,hit,spatial_hit_test_sync_ms,ms,167,0.20000004768371582
Atlas,10690f7a4726+bench,SVG,instrument-2026-10-06T13-47-55.237Z,mixed-3000-seed-41544c53,hit,spatial_hit_test_sync_ms,ms,168,0.10000014305114746
Atlas,10690f7a4726+bench,SVG,instrument-2026-10-06T13-47-55.237Z,mixed-3000-seed-41544c53,hit,spatial_hit_test_sync_ms,ms,169,0.2999999523162842
Atlas,10690f7a4726+bench,SVG,instrument-2026-10-06T13-47-55.237Z,mixed-3000-seed-41544c53,hit,spatial_hit_test_sync_ms,ms,170,0.20000004768371582
Atlas,10690f7a4726+bench,SVG,instrument-2026-10-06T13-47-55.237Z,mixed-3000-seed-41544c53,hit,spatial_hit_test_sync_ms,ms,171,0.19999980926513672
Atlas,10690f7a4726+bench,SVG,instrument-2026-10-06T13-47-55.237Z,mixed-3000-seed-41544c53,hit,spatial_hit_test_sync_ms,ms,172,0.20000004768371582
Atlas,10690f7a4726+bench,SVG,instrument-2026-10-06T13-47-55.237Z,mixed-3000-seed-41544c53,hit,spatial_hit_test_sync_ms,ms,173,0.20000004768371582
Atlas,10690f7a4726+bench,SVG,instrument-2026-10-06T13-47-55.237Z,mixed-3000-seed-41544c53,hit,spatial_hit_test_sync_ms,ms,174,0.2999999523162842
Atlas,10690f7a4726+bench,SVG,instrument-2026-10-06T13-47-55.237Z,mixed-3000-seed-41544c53,hit,spatial_hit_test_sync_ms,ms,175,0.20000004768371582
Atlas,10690f7a4726+bench,SVG,instrument-2026-10-06T13-47-55.237Z,mixed-3000-seed-41544c53,hit,spatial_hit_test_sync_ms,ms,176,0.20000004768371582
Atlas,10690f7a4726+bench,SVG,instrument-2026-10-06T13-47-55.237Z,mixed-3000-seed-41544c53,hit,spatial_hit_test_sync_ms,ms,177,0.20000004768371582
Atlas,10690f7a4726+bench,SVG,instrument-2026-10-06T13-47-55.237Z,mixed-3000-seed-41544c53,hit,spatial_hit_test_sync_ms,ms,178,0.09999990463256836
Atlas,10690f7a4726+bench,SVG,instrument-2026-10-06T13-47-55.237Z,mixed-3000-seed-41544c53,hit,spatial_hit_test_sync_ms,ms,179,0.10000014305114746
Atlas,10690f7a4726+bench,SVG,instrument-2026-10-06T13-47-55.237Z,mixed-3000-seed-41544c53,hit,spatial_hit_test_sync_ms,ms,180,0.2999999523162842
Atlas,10690f7a4726+bench,SVG,instrument-2026-10-06T13-47-55.237Z,mixed-3000-seed-41544c53,hit,spatial_hit_test_sync_ms,ms,181,0.09999990463256836
Atlas,10690f7a4726+bench,SVG,instrument-2026-10-06T13-47-55.237Z,mixed-3000-seed-41544c53,hit,spatial_hit_test_sync_ms,ms,182,0.3000001907348633
Atlas,10690f7a4726+bench,SVG,instrument-2026-10-06T13-47-55.237Z,mixed-3000-seed-41544c53,hit,spatial_hit_test_sync_ms,ms,183,0.09999990463256836
Atlas,10690f7a4726+bench,SVG,instrument-2026-10-06T13-47-55.237Z,mixed-3000-seed-41544c53,hit,spatial_hit_test_sync_ms,ms,184,0.2999999523162842
Atlas,10690f7a4726+bench,SVG,instrument-2026-10-06T13-47-55.237Z,mixed-3000-seed-41544c53,hit,spatial_hit_test_sync_ms,ms,185,0.20000004768371582
Atlas,10690f7a4726+bench,SVG,instrument-2026-10-06T13-47-55.237Z,mixed-3000-seed-41544c53,hit,spatial_hit_test_sync_ms,ms,186,0.09999990463256836
Atlas,10690f7a4726+bench,SVG,instrument-2026-10-06T13-47-55.237Z,mixed-3000-seed-41544c53,hit,spatial_hit_test_sync_ms,ms,187,0.3000001907348633
Atlas,10690f7a4726+bench,SVG,instrument-2026-10-06T13-47-55.237Z,mixed-3000-seed-41544c53,hit,spatial_hit_test_sync_ms,ms,188,0.09999990463256836
Atlas,10690f7a4726+bench,SVG,instrument-2026-10-06T13-47-55.237Z,mixed-3000-seed-41544c53,hit,spatial_hit_test_sync_ms,ms,189,0.2999999523162842
Atlas,10690f7a4726+bench,SVG,instrument-2026-10-06T13-47-55.237Z,mixed-3000-seed-41544c53,hit,spatial_hit_test_sync_ms,ms,190,0.10000014305114746
Atlas,10690f7a4726+bench,SVG,instrument-2026-10-06T13-47-55.237Z,mixed-3000-seed-41544c53,hit,spatial_hit_test_sync_ms,ms,191,0.2999999523162842
Atlas,10690f7a4726+bench,SVG,instrument-2026-10-06T13-47-55.237Z,mixed-3000-seed-41544c53,hit,spatial_hit_test_sync_ms,ms,192,0.20000004768371582
Atlas,10690f7a4726+bench,SVG,instrument-2026-10-06T13-47-55.237Z,mixed-3000-seed-41544c53,hit,spatial_hit_test_sync_ms,ms,193,0.19999980926513672
Atlas,10690f7a4726+bench,SVG,instrument-2026-10-06T13-47-55.237Z,mixed-3000-seed-41544c53,hit,spatial_hit_test_sync_ms,ms,194,0.20000004768371582
Atlas,10690f7a4726+bench,SVG,instrument-2026-10-06T13-47-55.237Z,mixed-3000-seed-41544c53,hit,spatial_hit_test_sync_ms,ms,195,0.20000004768371582
Atlas,10690f7a4726+bench,SVG,instrument-2026-10-06T13-47-55.237Z,mixed-3000-seed-41544c53,hit,spatial_hit_test_sync_ms,ms,196,0.20000004768371582
Atlas,10690f7a4726+bench,SVG,instrument-2026-10-06T13-47-55.237Z,mixed-3000-seed-41544c53,hit,spatial_hit_test_sync_ms,ms,197,0.20000004768371582
Atlas,10690f7a4726+bench,SVG,instrument-2026-10-06T13-47-55.237Z,mixed-3000-seed-41544c53,hit,spatial_hit_test_sync_ms,ms,198,0.19999980926513672
Atlas,10690f7a4726+bench,SVG,instrument-2026-10-06T13-47-55.237Z,mixed-3000-seed-41544c53,hit,spatial_hit_test_sync_ms,ms,199,0.3000001907348633
Atlas,10690f7a4726+bench,SVG,instrument-2026-10-06T13-47-55.237Z,mixed-3000-seed-41544c53,hit,root_iterator_creations,count,0,201
Atlas,10690f7a4726+bench,SVG,instrument-2026-10-06T13-47-55.237Z,mixed-3000-seed-41544c53,hit,root_iterator_next_calls,count,0,603001
Atlas,10690f7a4726+bench,SVG,instrument-2026-10-06T13-47-55.237Z,mixed-3000-seed-41544c53,hit,route_membership_reads,count,0,125400
Atlas,10690f7a4726+bench,SVG,instrument-2026-10-06T13-47-55.237Z,mixed-3000-seed-41544c53,hit,layout_rect_reads,count,0,0
Atlas,10690f7a4726+bench,SVG,instrument-2026-10-06T13-47-55.237Z,mixed-3000-seed-41544c53,hit,cleanup_renderer_calls,count,0,0
Atlas,10690f7a4726+bench,SVG,instrument-2026-10-06T13-47-55.237Z,mixed-3000-seed-41544c53,hit,cleanup_stage_children,count,0,0
Atlas,10690f7a4726+bench,SVG,instrument-2026-10-06T13-47-55.237Z,mixed-3000-seed-41544c53,miss,spatial_hit_test_sync_ms,ms,0,2.5
Atlas,10690f7a4726+bench,SVG,instrument-2026-10-06T13-47-55.237Z,mixed-3000-seed-41544c53,miss,spatial_hit_test_sync_ms,ms,1,2.5999999046325684
Atlas,10690f7a4726+bench,SVG,instrument-2026-10-06T13-47-55.237Z,mixed-3000-seed-41544c53,miss,spatial_hit_test_sync_ms,ms,2,2.5999999046325684
Atlas,10690f7a4726+bench,SVG,instrument-2026-10-06T13-47-55.237Z,mixed-3000-seed-41544c53,miss,spatial_hit_test_sync_ms,ms,3,2.6000001430511475
Atlas,10690f7a4726+bench,SVG,instrument-2026-10-06T13-47-55.237Z,mixed-3000-seed-41544c53,miss,spatial_hit_test_sync_ms,ms,4,2.5
Atlas,10690f7a4726+bench,SVG,instrument-2026-10-06T13-47-55.237Z,mixed-3000-seed-41544c53,miss,spatial_hit_test_sync_ms,ms,5,2.5999999046325684
Atlas,10690f7a4726+bench,SVG,instrument-2026-10-06T13-47-55.237Z,mixed-3000-seed-41544c53,miss,spatial_hit_test_sync_ms,ms,6,2.6000001430511475
Atlas,10690f7a4726+bench,SVG,instrument-2026-10-06T13-47-55.237Z,mixed-3000-seed-41544c53,miss,spatial_hit_test_sync_ms,ms,7,2.3999998569488525
Atlas,10690f7a4726+bench,SVG,instrument-2026-10-06T13-47-55.237Z,mixed-3000-seed-41544c53,miss,spatial_hit_test_sync_ms,ms,8,2.5
Atlas,10690f7a4726+bench,SVG,instrument-2026-10-06T13-47-55.237Z,mixed-3000-seed-41544c53,miss,spatial_hit_test_sync_ms,ms,9,2.6000001430511475
Atlas,10690f7a4726+bench,SVG,instrument-2026-10-06T13-47-55.237Z,mixed-3000-seed-41544c53,miss,spatial_hit_test_sync_ms,ms,10,2.5999999046325684
Atlas,10690f7a4726+bench,SVG,instrument-2026-10-06T13-47-55.237Z,mixed-3000-seed-41544c53,miss,spatial_hit_test_sync_ms,ms,11,2.5999999046325684
Atlas,10690f7a4726+bench,SVG,instrument-2026-10-06T13-47-55.237Z,mixed-3000-seed-41544c53,miss,spatial_hit_test_sync_ms,ms,12,2.5
Atlas,10690f7a4726+bench,SVG,instrument-2026-10-06T13-47-55.237Z,mixed-3000-seed-41544c53,miss,spatial_hit_test_sync_ms,ms,13,2.5
Atlas,10690f7a4726+bench,SVG,instrument-2026-10-06T13-47-55.237Z,mixed-3000-seed-41544c53,miss,spatial_hit_test_sync_ms,ms,14,2.5
Atlas,10690f7a4726+bench,SVG,instrument-2026-10-06T13-47-55.237Z,mixed-3000-seed-41544c53,miss,spatial_hit_test_sync_ms,ms,15,2.4000000953674316
Atlas,10690f7a4726+bench,SVG,instrument-2026-10-06T13-47-55.237Z,mixed-3000-seed-41544c53,miss,spatial_hit_test_sync_ms,ms,16,2.5
Atlas,10690f7a4726+bench,SVG,instrument-2026-10-06T13-47-55.237Z,mixed-3000-seed-41544c53,miss,spatial_hit_test_sync_ms,ms,17,2.4000000953674316
Atlas,10690f7a4726+bench,SVG,instrument-2026-10-06T13-47-55.237Z,mixed-3000-seed-41544c53,miss,spatial_hit_test_sync_ms,ms,18,2.5
Atlas,10690f7a4726+bench,SVG,instrument-2026-10-06T13-47-55.237Z,mixed-3000-seed-41544c53,miss,spatial_hit_test_sync_ms,ms,19,2.3999998569488525
Atlas,10690f7a4726+bench,SVG,instrument-2026-10-06T13-47-55.237Z,mixed-3000-seed-41544c53,miss,spatial_hit_test_sync_ms,ms,20,2.5
Atlas,10690f7a4726+bench,SVG,instrument-2026-10-06T13-47-55.237Z,mixed-3000-seed-41544c53,miss,spatial_hit_test_sync_ms,ms,21,2.5
Atlas,10690f7a4726+bench,SVG,instrument-2026-10-06T13-47-55.237Z,mixed-3000-seed-41544c53,miss,spatial_hit_test_sync_ms,ms,22,2.5
Atlas,10690f7a4726+bench,SVG,instrument-2026-10-06T13-47-55.237Z,mixed-3000-seed-41544c53,miss,spatial_hit_test_sync_ms,ms,23,2.5
Atlas,10690f7a4726+bench,SVG,instrument-2026-10-06T13-47-55.237Z,mixed-3000-seed-41544c53,miss,spatial_hit_test_sync_ms,ms,24,2.5
Atlas,10690f7a4726+bench,SVG,instrument-2026-10-06T13-47-55.237Z,mixed-3000-seed-41544c53,miss,spatial_hit_test_sync_ms,ms,25,2.5
Atlas,10690f7a4726+bench,SVG,instrument-2026-10-06T13-47-55.237Z,mixed-3000-seed-41544c53,miss,spatial_hit_test_sync_ms,ms,26,2.6000001430511475
Atlas,10690f7a4726+bench,SVG,instrument-2026-10-06T13-47-55.237Z,mixed-3000-seed-41544c53,miss,spatial_hit_test_sync_ms,ms,27,2.3999998569488525
Atlas,10690f7a4726+bench,SVG,instrument-2026-10-06T13-47-55.237Z,mixed-3000-seed-41544c53,miss,spatial_hit_test_sync_ms,ms,28,2.5
Atlas,10690f7a4726+bench,SVG,instrument-2026-10-06T13-47-55.237Z,mixed-3000-seed-41544c53,miss,spatial_hit_test_sync_ms,ms,29,2.5
Atlas,10690f7a4726+bench,SVG,instrument-2026-10-06T13-47-55.237Z,mixed-3000-seed-41544c53,miss,spatial_hit_test_sync_ms,ms,30,2.5
Atlas,10690f7a4726+bench,SVG,instrument-2026-10-06T13-47-55.237Z,mixed-3000-seed-41544c53,miss,spatial_hit_test_sync_ms,ms,31,2.4000000953674316
Atlas,10690f7a4726+bench,SVG,instrument-2026-10-06T13-47-55.237Z,mixed-3000-seed-41544c53,miss,spatial_hit_test_sync_ms,ms,32,2.5
Atlas,10690f7a4726+bench,SVG,instrument-2026-10-06T13-47-55.237Z,mixed-3000-seed-41544c53,miss,spatial_hit_test_sync_ms,ms,33,2.5
Atlas,10690f7a4726+bench,SVG,instrument-2026-10-06T13-47-55.237Z,mixed-3000-seed-41544c53,miss,spatial_hit_test_sync_ms,ms,34,5.5
Atlas,10690f7a4726+bench,SVG,instrument-2026-10-06T13-47-55.237Z,mixed-3000-seed-41544c53,miss,spatial_hit_test_sync_ms,ms,35,2.5999999046325684
Atlas,10690f7a4726+bench,SVG,instrument-2026-10-06T13-47-55.237Z,mixed-3000-seed-41544c53,miss,spatial_hit_test_sync_ms,ms,36,2.6000001430511475
Atlas,10690f7a4726+bench,SVG,instrument-2026-10-06T13-47-55.237Z,mixed-3000-seed-41544c53,miss,spatial_hit_test_sync_ms,ms,37,2.5
Atlas,10690f7a4726+bench,SVG,instrument-2026-10-06T13-47-55.237Z,mixed-3000-seed-41544c53,miss,spatial_hit_test_sync_ms,ms,38,2.5999999046325684
Atlas,10690f7a4726+bench,SVG,instrument-2026-10-06T13-47-55.237Z,mixed-3000-seed-41544c53,miss,spatial_hit_test_sync_ms,ms,39,2.5
Atlas,10690f7a4726+bench,SVG,instrument-2026-10-06T13-47-55.237Z,mixed-3000-seed-41544c53,miss,spatial_hit_test_sync_ms,ms,40,2.4000000953674316
Atlas,10690f7a4726+bench,SVG,instrument-2026-10-06T13-47-55.237Z,mixed-3000-seed-41544c53,miss,spatial_hit_test_sync_ms,ms,41,2.5
Atlas,10690f7a4726+bench,SVG,instrument-2026-10-06T13-47-55.237Z,mixed-3000-seed-41544c53,miss,spatial_hit_test_sync_ms,ms,42,2.5
Atlas,10690f7a4726+bench,SVG,instrument-2026-10-06T13-47-55.237Z,mixed-3000-seed-41544c53,miss,spatial_hit_test_sync_ms,ms,43,2.5
Atlas,10690f7a4726+bench,SVG,instrument-2026-10-06T13-47-55.237Z,mixed-3000-seed-41544c53,miss,spatial_hit_test_sync_ms,ms,44,2.3999998569488525
Atlas,10690f7a4726+bench,SVG,instrument-2026-10-06T13-47-55.237Z,mixed-3000-seed-41544c53,miss,spatial_hit_test_sync_ms,ms,45,2.700000047683716
Atlas,10690f7a4726+bench,SVG,instrument-2026-10-06T13-47-55.237Z,mixed-3000-seed-41544c53,miss,spatial_hit_test_sync_ms,ms,46,2.4000000953674316
Atlas,10690f7a4726+bench,SVG,instrument-2026-10-06T13-47-55.237Z,mixed-3000-seed-41544c53,miss,spatial_hit_test_sync_ms,ms,47,2.5
Atlas,10690f7a4726+bench,SVG,instrument-2026-10-06T13-47-55.237Z,mixed-3000-seed-41544c53,miss,spatial_hit_test_sync_ms,ms,48,2.5
Atlas,10690f7a4726+bench,SVG,instrument-2026-10-06T13-47-55.237Z,mixed-3000-seed-41544c53,miss,spatial_hit_test_sync_ms,ms,49,2.3999998569488525
Atlas,10690f7a4726+bench,SVG,instrument-2026-10-06T13-47-55.237Z,mixed-3000-seed-41544c53,miss,spatial_hit_test_sync_ms,ms,50,2.6000001430511475
Atlas,10690f7a4726+bench,SVG,instrument-2026-10-06T13-47-55.237Z,mixed-3000-seed-41544c53,miss,spatial_hit_test_sync_ms,ms,51,2.5
Atlas,10690f7a4726+bench,SVG,instrument-2026-10-06T13-47-55.237Z,mixed-3000-seed-41544c53,miss,spatial_hit_test_sync_ms,ms,52,2.5
Atlas,10690f7a4726+bench,SVG,instrument-2026-10-06T13-47-55.237Z,mixed-3000-seed-41544c53,miss,spatial_hit_test_sync_ms,ms,53,2.5999999046325684
Atlas,10690f7a4726+bench,SVG,instrument-2026-10-06T13-47-55.237Z,mixed-3000-seed-41544c53,miss,spatial_hit_test_sync_ms,ms,54,2.5
Atlas,10690f7a4726+bench,SVG,instrument-2026-10-06T13-47-55.237Z,mixed-3000-seed-41544c53,miss,spatial_hit_test_sync_ms,ms,55,2.4000000953674316
Atlas,10690f7a4726+bench,SVG,instrument-2026-10-06T13-47-55.237Z,mixed-3000-seed-41544c53,miss,spatial_hit_test_sync_ms,ms,56,2.5999999046325684
Atlas,10690f7a4726+bench,SVG,instrument-2026-10-06T13-47-55.237Z,mixed-3000-seed-41544c53,miss,spatial_hit_test_sync_ms,ms,57,2.299999952316284
Atlas,10690f7a4726+bench,SVG,instrument-2026-10-06T13-47-55.237Z,mixed-3000-seed-41544c53,miss,spatial_hit_test_sync_ms,ms,58,2.6000001430511475
Atlas,10690f7a4726+bench,SVG,instrument-2026-10-06T13-47-55.237Z,mixed-3000-seed-41544c53,miss,spatial_hit_test_sync_ms,ms,59,2.5
Atlas,10690f7a4726+bench,SVG,instrument-2026-10-06T13-47-55.237Z,mixed-3000-seed-41544c53,miss,spatial_hit_test_sync_ms,ms,60,2.5
Atlas,10690f7a4726+bench,SVG,instrument-2026-10-06T13-47-55.237Z,mixed-3000-seed-41544c53,miss,spatial_hit_test_sync_ms,ms,61,2.5
Atlas,10690f7a4726+bench,SVG,instrument-2026-10-06T13-47-55.237Z,mixed-3000-seed-41544c53,miss,spatial_hit_test_sync_ms,ms,62,2.5
Atlas,10690f7a4726+bench,SVG,instrument-2026-10-06T13-47-55.237Z,mixed-3000-seed-41544c53,miss,spatial_hit_test_sync_ms,ms,63,2.5999999046325684
Atlas,10690f7a4726+bench,SVG,instrument-2026-10-06T13-47-55.237Z,mixed-3000-seed-41544c53,miss,spatial_hit_test_sync_ms,ms,64,2.5
Atlas,10690f7a4726+bench,SVG,instrument-2026-10-06T13-47-55.237Z,mixed-3000-seed-41544c53,miss,spatial_hit_test_sync_ms,ms,65,2.5
Atlas,10690f7a4726+bench,SVG,instrument-2026-10-06T13-47-55.237Z,mixed-3000-seed-41544c53,miss,spatial_hit_test_sync_ms,ms,66,2.5999999046325684
Atlas,10690f7a4726+bench,SVG,instrument-2026-10-06T13-47-55.237Z,mixed-3000-seed-41544c53,miss,spatial_hit_test_sync_ms,ms,67,2.700000047683716
Atlas,10690f7a4726+bench,SVG,instrument-2026-10-06T13-47-55.237Z,mixed-3000-seed-41544c53,miss,spatial_hit_test_sync_ms,ms,68,2.700000047683716
Atlas,10690f7a4726+bench,SVG,instrument-2026-10-06T13-47-55.237Z,mixed-3000-seed-41544c53,miss,spatial_hit_test_sync_ms,ms,69,2.5
Atlas,10690f7a4726+bench,SVG,instrument-2026-10-06T13-47-55.237Z,mixed-3000-seed-41544c53,miss,spatial_hit_test_sync_ms,ms,70,3
Atlas,10690f7a4726+bench,SVG,instrument-2026-10-06T13-47-55.237Z,mixed-3000-seed-41544c53,miss,spatial_hit_test_sync_ms,ms,71,3
Atlas,10690f7a4726+bench,SVG,instrument-2026-10-06T13-47-55.237Z,mixed-3000-seed-41544c53,miss,spatial_hit_test_sync_ms,ms,72,3
Atlas,10690f7a4726+bench,SVG,instrument-2026-10-06T13-47-55.237Z,mixed-3000-seed-41544c53,miss,spatial_hit_test_sync_ms,ms,73,2.9000000953674316
Atlas,10690f7a4726+bench,SVG,instrument-2026-10-06T13-47-55.237Z,mixed-3000-seed-41544c53,miss,spatial_hit_test_sync_ms,ms,74,2.8999998569488525
Atlas,10690f7a4726+bench,SVG,instrument-2026-10-06T13-47-55.237Z,mixed-3000-seed-41544c53,miss,spatial_hit_test_sync_ms,ms,75,3.1000001430511475
Atlas,10690f7a4726+bench,SVG,instrument-2026-10-06T13-47-55.237Z,mixed-3000-seed-41544c53,miss,spatial_hit_test_sync_ms,ms,76,3
Atlas,10690f7a4726+bench,SVG,instrument-2026-10-06T13-47-55.237Z,mixed-3000-seed-41544c53,miss,spatial_hit_test_sync_ms,ms,77,2.8999998569488525
Atlas,10690f7a4726+bench,SVG,instrument-2026-10-06T13-47-55.237Z,mixed-3000-seed-41544c53,miss,spatial_hit_test_sync_ms,ms,78,3
Atlas,10690f7a4726+bench,SVG,instrument-2026-10-06T13-47-55.237Z,mixed-3000-seed-41544c53,miss,spatial_hit_test_sync_ms,ms,79,2.9000000953674316
Atlas,10690f7a4726+bench,SVG,instrument-2026-10-06T13-47-55.237Z,mixed-3000-seed-41544c53,miss,spatial_hit_test_sync_ms,ms,80,2.700000047683716
Atlas,10690f7a4726+bench,SVG,instrument-2026-10-06T13-47-55.237Z,mixed-3000-seed-41544c53,miss,spatial_hit_test_sync_ms,ms,81,2.3999998569488525
Atlas,10690f7a4726+bench,SVG,instrument-2026-10-06T13-47-55.237Z,mixed-3000-seed-41544c53,miss,spatial_hit_test_sync_ms,ms,82,2.5
Atlas,10690f7a4726+bench,SVG,instrument-2026-10-06T13-47-55.237Z,mixed-3000-seed-41544c53,miss,spatial_hit_test_sync_ms,ms,83,2.6000001430511475
Atlas,10690f7a4726+bench,SVG,instrument-2026-10-06T13-47-55.237Z,mixed-3000-seed-41544c53,miss,spatial_hit_test_sync_ms,ms,84,5.799999952316284
Atlas,10690f7a4726+bench,SVG,instrument-2026-10-06T13-47-55.237Z,mixed-3000-seed-41544c53,miss,spatial_hit_test_sync_ms,ms,85,2.5999999046325684
Atlas,10690f7a4726+bench,SVG,instrument-2026-10-06T13-47-55.237Z,mixed-3000-seed-41544c53,miss,spatial_hit_test_sync_ms,ms,86,2.6000001430511475
Atlas,10690f7a4726+bench,SVG,instrument-2026-10-06T13-47-55.237Z,mixed-3000-seed-41544c53,miss,spatial_hit_test_sync_ms,ms,87,2.5999999046325684
Atlas,10690f7a4726+bench,SVG,instrument-2026-10-06T13-47-55.237Z,mixed-3000-seed-41544c53,miss,spatial_hit_test_sync_ms,ms,88,2.5999999046325684
Atlas,10690f7a4726+bench,SVG,instrument-2026-10-06T13-47-55.237Z,mixed-3000-seed-41544c53,miss,spatial_hit_test_sync_ms,ms,89,2.4000000953674316
Atlas,10690f7a4726+bench,SVG,instrument-2026-10-06T13-47-55.237Z,mixed-3000-seed-41544c53,miss,spatial_hit_test_sync_ms,ms,90,2.5
Atlas,10690f7a4726+bench,SVG,instrument-2026-10-06T13-47-55.237Z,mixed-3000-seed-41544c53,miss,spatial_hit_test_sync_ms,ms,91,2.5
Atlas,10690f7a4726+bench,SVG,instrument-2026-10-06T13-47-55.237Z,mixed-3000-seed-41544c53,miss,spatial_hit_test_sync_ms,ms,92,2.5
Atlas,10690f7a4726+bench,SVG,instrument-2026-10-06T13-47-55.237Z,mixed-3000-seed-41544c53,miss,spatial_hit_test_sync_ms,ms,93,2.4000000953674316
Atlas,10690f7a4726+bench,SVG,instrument-2026-10-06T13-47-55.237Z,mixed-3000-seed-41544c53,miss,spatial_hit_test_sync_ms,ms,94,2.5999999046325684
Atlas,10690f7a4726+bench,SVG,instrument-2026-10-06T13-47-55.237Z,mixed-3000-seed-41544c53,miss,spatial_hit_test_sync_ms,ms,95,2.4000000953674316
Atlas,10690f7a4726+bench,SVG,instrument-2026-10-06T13-47-55.237Z,mixed-3000-seed-41544c53,miss,spatial_hit_test_sync_ms,ms,96,2.5
Atlas,10690f7a4726+bench,SVG,instrument-2026-10-06T13-47-55.237Z,mixed-3000-seed-41544c53,miss,spatial_hit_test_sync_ms,ms,97,2.3999998569488525
Atlas,10690f7a4726+bench,SVG,instrument-2026-10-06T13-47-55.237Z,mixed-3000-seed-41544c53,miss,spatial_hit_test_sync_ms,ms,98,2.5
Atlas,10690f7a4726+bench,SVG,instrument-2026-10-06T13-47-55.237Z,mixed-3000-seed-41544c53,miss,spatial_hit_test_sync_ms,ms,99,2.6000001430511475
Atlas,10690f7a4726+bench,SVG,instrument-2026-10-06T13-47-55.237Z,mixed-3000-seed-41544c53,miss,spatial_hit_test_sync_ms,ms,100,2.5
Atlas,10690f7a4726+bench,SVG,instrument-2026-10-06T13-47-55.237Z,mixed-3000-seed-41544c53,miss,spatial_hit_test_sync_ms,ms,101,2.5
Atlas,10690f7a4726+bench,SVG,instrument-2026-10-06T13-47-55.237Z,mixed-3000-seed-41544c53,miss,spatial_hit_test_sync_ms,ms,102,2.5
Atlas,10690f7a4726+bench,SVG,instrument-2026-10-06T13-47-55.237Z,mixed-3000-seed-41544c53,miss,spatial_hit_test_sync_ms,ms,103,2.3999998569488525
Atlas,10690f7a4726+bench,SVG,instrument-2026-10-06T13-47-55.237Z,mixed-3000-seed-41544c53,miss,spatial_hit_test_sync_ms,ms,104,2.6000001430511475
Atlas,10690f7a4726+bench,SVG,instrument-2026-10-06T13-47-55.237Z,mixed-3000-seed-41544c53,miss,spatial_hit_test_sync_ms,ms,105,2.3999998569488525
Atlas,10690f7a4726+bench,SVG,instrument-2026-10-06T13-47-55.237Z,mixed-3000-seed-41544c53,miss,spatial_hit_test_sync_ms,ms,106,2.5
Atlas,10690f7a4726+bench,SVG,instrument-2026-10-06T13-47-55.237Z,mixed-3000-seed-41544c53,miss,spatial_hit_test_sync_ms,ms,107,2.6000001430511475
Atlas,10690f7a4726+bench,SVG,instrument-2026-10-06T13-47-55.237Z,mixed-3000-seed-41544c53,miss,spatial_hit_test_sync_ms,ms,108,2.5
Atlas,10690f7a4726+bench,SVG,instrument-2026-10-06T13-47-55.237Z,mixed-3000-seed-41544c53,miss,spatial_hit_test_sync_ms,ms,109,2.3999998569488525
Atlas,10690f7a4726+bench,SVG,instrument-2026-10-06T13-47-55.237Z,mixed-3000-seed-41544c53,miss,spatial_hit_test_sync_ms,ms,110,2.5
Atlas,10690f7a4726+bench,SVG,instrument-2026-10-06T13-47-55.237Z,mixed-3000-seed-41544c53,miss,spatial_hit_test_sync_ms,ms,111,2.4000000953674316
Atlas,10690f7a4726+bench,SVG,instrument-2026-10-06T13-47-55.237Z,mixed-3000-seed-41544c53,miss,spatial_hit_test_sync_ms,ms,112,2.5999999046325684
Atlas,10690f7a4726+bench,SVG,instrument-2026-10-06T13-47-55.237Z,mixed-3000-seed-41544c53,miss,spatial_hit_test_sync_ms,ms,113,2.5
Atlas,10690f7a4726+bench,SVG,instrument-2026-10-06T13-47-55.237Z,mixed-3000-seed-41544c53,miss,spatial_hit_test_sync_ms,ms,114,2.5
Atlas,10690f7a4726+bench,SVG,instrument-2026-10-06T13-47-55.237Z,mixed-3000-seed-41544c53,miss,spatial_hit_test_sync_ms,ms,115,2.6000001430511475
Atlas,10690f7a4726+bench,SVG,instrument-2026-10-06T13-47-55.237Z,mixed-3000-seed-41544c53,miss,spatial_hit_test_sync_ms,ms,116,2.3999998569488525
Atlas,10690f7a4726+bench,SVG,instrument-2026-10-06T13-47-55.237Z,mixed-3000-seed-41544c53,miss,spatial_hit_test_sync_ms,ms,117,2.5
Atlas,10690f7a4726+bench,SVG,instrument-2026-10-06T13-47-55.237Z,mixed-3000-seed-41544c53,miss,spatial_hit_test_sync_ms,ms,118,2.5
Atlas,10690f7a4726+bench,SVG,instrument-2026-10-06T13-47-55.237Z,mixed-3000-seed-41544c53,miss,spatial_hit_test_sync_ms,ms,119,2.5
Atlas,10690f7a4726+bench,SVG,instrument-2026-10-06T13-47-55.237Z,mixed-3000-seed-41544c53,miss,spatial_hit_test_sync_ms,ms,120,2.5
Atlas,10690f7a4726+bench,SVG,instrument-2026-10-06T13-47-55.237Z,mixed-3000-seed-41544c53,miss,spatial_hit_test_sync_ms,ms,121,2.5
Atlas,10690f7a4726+bench,SVG,instrument-2026-10-06T13-47-55.237Z,mixed-3000-seed-41544c53,miss,spatial_hit_test_sync_ms,ms,122,2.4000000953674316
Atlas,10690f7a4726+bench,SVG,instrument-2026-10-06T13-47-55.237Z,mixed-3000-seed-41544c53,miss,spatial_hit_test_sync_ms,ms,123,2.5999999046325684
Atlas,10690f7a4726+bench,SVG,instrument-2026-10-06T13-47-55.237Z,mixed-3000-seed-41544c53,miss,spatial_hit_test_sync_ms,ms,124,2.700000047683716
Atlas,10690f7a4726+bench,SVG,instrument-2026-10-06T13-47-55.237Z,mixed-3000-seed-41544c53,miss,spatial_hit_test_sync_ms,ms,125,2.5999999046325684
Atlas,10690f7a4726+bench,SVG,instrument-2026-10-06T13-47-55.237Z,mixed-3000-seed-41544c53,miss,spatial_hit_test_sync_ms,ms,126,2.6000001430511475
Atlas,10690f7a4726+bench,SVG,instrument-2026-10-06T13-47-55.237Z,mixed-3000-seed-41544c53,miss,spatial_hit_test_sync_ms,ms,127,2.5
Atlas,10690f7a4726+bench,SVG,instrument-2026-10-06T13-47-55.237Z,mixed-3000-seed-41544c53,miss,spatial_hit_test_sync_ms,ms,128,2.5999999046325684
Atlas,10690f7a4726+bench,SVG,instrument-2026-10-06T13-47-55.237Z,mixed-3000-seed-41544c53,miss,spatial_hit_test_sync_ms,ms,129,2.6000001430511475
Atlas,10690f7a4726+bench,SVG,instrument-2026-10-06T13-47-55.237Z,mixed-3000-seed-41544c53,miss,spatial_hit_test_sync_ms,ms,130,2.3999998569488525
Atlas,10690f7a4726+bench,SVG,instrument-2026-10-06T13-47-55.237Z,mixed-3000-seed-41544c53,miss,spatial_hit_test_sync_ms,ms,131,2.5
Atlas,10690f7a4726+bench,SVG,instrument-2026-10-06T13-47-55.237Z,mixed-3000-seed-41544c53,miss,spatial_hit_test_sync_ms,ms,132,2.5
Atlas,10690f7a4726+bench,SVG,instrument-2026-10-06T13-47-55.237Z,mixed-3000-seed-41544c53,miss,spatial_hit_test_sync_ms,ms,133,2.5
Atlas,10690f7a4726+bench,SVG,instrument-2026-10-06T13-47-55.237Z,mixed-3000-seed-41544c53,miss,spatial_hit_test_sync_ms,ms,134,2.6000001430511475
Atlas,10690f7a4726+bench,SVG,instrument-2026-10-06T13-47-55.237Z,mixed-3000-seed-41544c53,miss,spatial_hit_test_sync_ms,ms,135,2.5
Atlas,10690f7a4726+bench,SVG,instrument-2026-10-06T13-47-55.237Z,mixed-3000-seed-41544c53,miss,spatial_hit_test_sync_ms,ms,136,2.3999998569488525
Atlas,10690f7a4726+bench,SVG,instrument-2026-10-06T13-47-55.237Z,mixed-3000-seed-41544c53,miss,spatial_hit_test_sync_ms,ms,137,2.5
Atlas,10690f7a4726+bench,SVG,instrument-2026-10-06T13-47-55.237Z,mixed-3000-seed-41544c53,miss,spatial_hit_test_sync_ms,ms,138,2.5
Atlas,10690f7a4726+bench,SVG,instrument-2026-10-06T13-47-55.237Z,mixed-3000-seed-41544c53,miss,spatial_hit_test_sync_ms,ms,139,2.5
Atlas,10690f7a4726+bench,SVG,instrument-2026-10-06T13-47-55.237Z,mixed-3000-seed-41544c53,miss,spatial_hit_test_sync_ms,ms,140,2.6000001430511475
Atlas,10690f7a4726+bench,SVG,instrument-2026-10-06T13-47-55.237Z,mixed-3000-seed-41544c53,miss,spatial_hit_test_sync_ms,ms,141,2.3999998569488525
Atlas,10690f7a4726+bench,SVG,instrument-2026-10-06T13-47-55.237Z,mixed-3000-seed-41544c53,miss,spatial_hit_test_sync_ms,ms,142,2.5
Atlas,10690f7a4726+bench,SVG,instrument-2026-10-06T13-47-55.237Z,mixed-3000-seed-41544c53,miss,spatial_hit_test_sync_ms,ms,143,2.5
Atlas,10690f7a4726+bench,SVG,instrument-2026-10-06T13-47-55.237Z,mixed-3000-seed-41544c53,miss,spatial_hit_test_sync_ms,ms,144,2.5
Atlas,10690f7a4726+bench,SVG,instrument-2026-10-06T13-47-55.237Z,mixed-3000-seed-41544c53,miss,spatial_hit_test_sync_ms,ms,145,2.5
Atlas,10690f7a4726+bench,SVG,instrument-2026-10-06T13-47-55.237Z,mixed-3000-seed-41544c53,miss,spatial_hit_test_sync_ms,ms,146,2.4000000953674316
Atlas,10690f7a4726+bench,SVG,instrument-2026-10-06T13-47-55.237Z,mixed-3000-seed-41544c53,miss,spatial_hit_test_sync_ms,ms,147,2.5
Atlas,10690f7a4726+bench,SVG,instrument-2026-10-06T13-47-55.237Z,mixed-3000-seed-41544c53,miss,spatial_hit_test_sync_ms,ms,148,2.5
Atlas,10690f7a4726+bench,SVG,instrument-2026-10-06T13-47-55.237Z,mixed-3000-seed-41544c53,miss,spatial_hit_test_sync_ms,ms,149,2.700000047683716
Atlas,10690f7a4726+bench,SVG,instrument-2026-10-06T13-47-55.237Z,mixed-3000-seed-41544c53,miss,spatial_hit_test_sync_ms,ms,150,2.5
Atlas,10690f7a4726+bench,SVG,instrument-2026-10-06T13-47-55.237Z,mixed-3000-seed-41544c53,miss,spatial_hit_test_sync_ms,ms,151,2.5
Atlas,10690f7a4726+bench,SVG,instrument-2026-10-06T13-47-55.237Z,mixed-3000-seed-41544c53,miss,spatial_hit_test_sync_ms,ms,152,2.5999999046325684
Atlas,10690f7a4726+bench,SVG,instrument-2026-10-06T13-47-55.237Z,mixed-3000-seed-41544c53,miss,spatial_hit_test_sync_ms,ms,153,2.4000000953674316
Atlas,10690f7a4726+bench,SVG,instrument-2026-10-06T13-47-55.237Z,mixed-3000-seed-41544c53,miss,spatial_hit_test_sync_ms,ms,154,2.5999999046325684
Atlas,10690f7a4726+bench,SVG,instrument-2026-10-06T13-47-55.237Z,mixed-3000-seed-41544c53,miss,spatial_hit_test_sync_ms,ms,155,2.5
Atlas,10690f7a4726+bench,SVG,instrument-2026-10-06T13-47-55.237Z,mixed-3000-seed-41544c53,miss,spatial_hit_test_sync_ms,ms,156,2.5
Atlas,10690f7a4726+bench,SVG,instrument-2026-10-06T13-47-55.237Z,mixed-3000-seed-41544c53,miss,spatial_hit_test_sync_ms,ms,157,2.4000000953674316
Atlas,10690f7a4726+bench,SVG,instrument-2026-10-06T13-47-55.237Z,mixed-3000-seed-41544c53,miss,spatial_hit_test_sync_ms,ms,158,2.5
Atlas,10690f7a4726+bench,SVG,instrument-2026-10-06T13-47-55.237Z,mixed-3000-seed-41544c53,miss,spatial_hit_test_sync_ms,ms,159,2.3999998569488525
Atlas,10690f7a4726+bench,SVG,instrument-2026-10-06T13-47-55.237Z,mixed-3000-seed-41544c53,miss,spatial_hit_test_sync_ms,ms,160,2.5
Atlas,10690f7a4726+bench,SVG,instrument-2026-10-06T13-47-55.237Z,mixed-3000-seed-41544c53,miss,spatial_hit_test_sync_ms,ms,161,2.5
Atlas,10690f7a4726+bench,SVG,instrument-2026-10-06T13-47-55.237Z,mixed-3000-seed-41544c53,miss,spatial_hit_test_sync_ms,ms,162,2.5
Atlas,10690f7a4726+bench,SVG,instrument-2026-10-06T13-47-55.237Z,mixed-3000-seed-41544c53,miss,spatial_hit_test_sync_ms,ms,163,2.4000000953674316
Atlas,10690f7a4726+bench,SVG,instrument-2026-10-06T13-47-55.237Z,mixed-3000-seed-41544c53,miss,spatial_hit_test_sync_ms,ms,164,2.5999999046325684
Atlas,10690f7a4726+bench,SVG,instrument-2026-10-06T13-47-55.237Z,mixed-3000-seed-41544c53,miss,spatial_hit_test_sync_ms,ms,165,2.5
Atlas,10690f7a4726+bench,SVG,instrument-2026-10-06T13-47-55.237Z,mixed-3000-seed-41544c53,miss,spatial_hit_test_sync_ms,ms,166,2.5
Atlas,10690f7a4726+bench,SVG,instrument-2026-10-06T13-47-55.237Z,mixed-3000-seed-41544c53,miss,spatial_hit_test_sync_ms,ms,167,2.5
Atlas,10690f7a4726+bench,SVG,instrument-2026-10-06T13-47-55.237Z,mixed-3000-seed-41544c53,miss,spatial_hit_test_sync_ms,ms,168,2.5
Atlas,10690f7a4726+bench,SVG,instrument-2026-10-06T13-47-55.237Z,mixed-3000-seed-41544c53,miss,spatial_hit_test_sync_ms,ms,169,2.5
Atlas,10690f7a4726+bench,SVG,instrument-2026-10-06T13-47-55.237Z,mixed-3000-seed-41544c53,miss,spatial_hit_test_sync_ms,ms,170,2.5
Atlas,10690f7a4726+bench,SVG,instrument-2026-10-06T13-47-55.237Z,mixed-3000-seed-41544c53,miss,spatial_hit_test_sync_ms,ms,171,2.4000000953674316
Atlas,10690f7a4726+bench,SVG,instrument-2026-10-06T13-47-55.237Z,mixed-3000-seed-41544c53,miss,spatial_hit_test_sync_ms,ms,172,2.5
Atlas,10690f7a4726+bench,SVG,instrument-2026-10-06T13-47-55.237Z,mixed-3000-seed-41544c53,miss,spatial_hit_test_sync_ms,ms,173,2.5
Atlas,10690f7a4726+bench,SVG,instrument-2026-10-06T13-47-55.237Z,mixed-3000-seed-41544c53,miss,spatial_hit_test_sync_ms,ms,174,2.5
Atlas,10690f7a4726+bench,SVG,instrument-2026-10-06T13-47-55.237Z,mixed-3000-seed-41544c53,miss,spatial_hit_test_sync_ms,ms,175,2.3999998569488525
Atlas,10690f7a4726+bench,SVG,instrument-2026-10-06T13-47-55.237Z,mixed-3000-seed-41544c53,miss,spatial_hit_test_sync_ms,ms,176,2.6000001430511475
Atlas,10690f7a4726+bench,SVG,instrument-2026-10-06T13-47-55.237Z,mixed-3000-seed-41544c53,miss,spatial_hit_test_sync_ms,ms,177,2.3999998569488525
Atlas,10690f7a4726+bench,SVG,instrument-2026-10-06T13-47-55.237Z,mixed-3000-seed-41544c53,miss,spatial_hit_test_sync_ms,ms,178,2.5
Atlas,10690f7a4726+bench,SVG,instrument-2026-10-06T13-47-55.237Z,mixed-3000-seed-41544c53,miss,spatial_hit_test_sync_ms,ms,179,2.5
Atlas,10690f7a4726+bench,SVG,instrument-2026-10-06T13-47-55.237Z,mixed-3000-seed-41544c53,miss,spatial_hit_test_sync_ms,ms,180,2.4000000953674316
Atlas,10690f7a4726+bench,SVG,instrument-2026-10-06T13-47-55.237Z,mixed-3000-seed-41544c53,miss,spatial_hit_test_sync_ms,ms,181,2.5
Atlas,10690f7a4726+bench,SVG,instrument-2026-10-06T13-47-55.237Z,mixed-3000-seed-41544c53,miss,spatial_hit_test_sync_ms,ms,182,2.5
Atlas,10690f7a4726+bench,SVG,instrument-2026-10-06T13-47-55.237Z,mixed-3000-seed-41544c53,miss,spatial_hit_test_sync_ms,ms,183,2.5
Atlas,10690f7a4726+bench,SVG,instrument-2026-10-06T13-47-55.237Z,mixed-3000-seed-41544c53,miss,spatial_hit_test_sync_ms,ms,184,2.4000000953674316
Atlas,10690f7a4726+bench,SVG,instrument-2026-10-06T13-47-55.237Z,mixed-3000-seed-41544c53,miss,spatial_hit_test_sync_ms,ms,185,2.5
Atlas,10690f7a4726+bench,SVG,instrument-2026-10-06T13-47-55.237Z,mixed-3000-seed-41544c53,miss,spatial_hit_test_sync_ms,ms,186,2.3999998569488525
Atlas,10690f7a4726+bench,SVG,instrument-2026-10-06T13-47-55.237Z,mixed-3000-seed-41544c53,miss,spatial_hit_test_sync_ms,ms,187,2.6000001430511475
Atlas,10690f7a4726+bench,SVG,instrument-2026-10-06T13-47-55.237Z,mixed-3000-seed-41544c53,miss,spatial_hit_test_sync_ms,ms,188,2.5
Atlas,10690f7a4726+bench,SVG,instrument-2026-10-06T13-47-55.237Z,mixed-3000-seed-41544c53,miss,spatial_hit_test_sync_ms,ms,189,2.6999998092651367
Atlas,10690f7a4726+bench,SVG,instrument-2026-10-06T13-47-55.237Z,mixed-3000-seed-41544c53,miss,spatial_hit_test_sync_ms,ms,190,2.6000001430511475
Atlas,10690f7a4726+bench,SVG,instrument-2026-10-06T13-47-55.237Z,mixed-3000-seed-41544c53,miss,spatial_hit_test_sync_ms,ms,191,2.5
Atlas,10690f7a4726+bench,SVG,instrument-2026-10-06T13-47-55.237Z,mixed-3000-seed-41544c53,miss,spatial_hit_test_sync_ms,ms,192,2.700000047683716
Atlas,10690f7a4726+bench,SVG,instrument-2026-10-06T13-47-55.237Z,mixed-3000-seed-41544c53,miss,spatial_hit_test_sync_ms,ms,193,2.6999998092651367
Atlas,10690f7a4726+bench,SVG,instrument-2026-10-06T13-47-55.237Z,mixed-3000-seed-41544c53,miss,spatial_hit_test_sync_ms,ms,194,2.6000001430511475
Atlas,10690f7a4726+bench,SVG,instrument-2026-10-06T13-47-55.237Z,mixed-3000-seed-41544c53,miss,spatial_hit_test_sync_ms,ms,195,2.5999999046325684
Atlas,10690f7a4726+bench,SVG,instrument-2026-10-06T13-47-55.237Z,mixed-3000-seed-41544c53,miss,spatial_hit_test_sync_ms,ms,196,2.5
Atlas,10690f7a4726+bench,SVG,instrument-2026-10-06T13-47-55.237Z,mixed-3000-seed-41544c53,miss,spatial_hit_test_sync_ms,ms,197,2.4000000953674316
Atlas,10690f7a4726+bench,SVG,instrument-2026-10-06T13-47-55.237Z,mixed-3000-seed-41544c53,miss,spatial_hit_test_sync_ms,ms,198,2.5
Atlas,10690f7a4726+bench,SVG,instrument-2026-10-06T13-47-55.237Z,mixed-3000-seed-41544c53,miss,spatial_hit_test_sync_ms,ms,199,2.5999999046325684
Atlas,10690f7a4726+bench,SVG,instrument-2026-10-06T13-47-55.237Z,mixed-3000-seed-41544c53,miss,root_iterator_creations,count,0,201
Atlas,10690f7a4726+bench,SVG,instrument-2026-10-06T13-47-55.237Z,mixed-3000-seed-41544c53,miss,root_iterator_next_calls,count,0,603001
Atlas,10690f7a4726+bench,SVG,instrument-2026-10-06T13-47-55.237Z,mixed-3000-seed-41544c53,miss,route_membership_reads,count,0,961800
Atlas,10690f7a4726+bench,SVG,instrument-2026-10-06T13-47-55.237Z,mixed-3000-seed-41544c53,miss,layout_rect_reads,count,0,0
Atlas,10690f7a4726+bench,SVG,instrument-2026-10-06T13-47-55.237Z,mixed-3000-seed-41544c53,miss,cleanup_renderer_calls,count,0,0
Atlas,10690f7a4726+bench,SVG,instrument-2026-10-06T13-47-55.237Z,mixed-3000-seed-41544c53,miss,cleanup_stage_children,count,0,0
Atlas,10690f7a4726+bench,SVG,instrument-2026-10-06T13-47-55.237Z,mixed-3000-seed-41544c53,position-single,operation_sync_ms,ms,0,0
Atlas,10690f7a4726+bench,SVG,instrument-2026-10-06T13-47-55.237Z,mixed-3000-seed-41544c53,position-single,operation_to_raf_opportunities_ms,ms,0,43.200000047683716
Atlas,10690f7a4726+bench,SVG,instrument-2026-10-06T13-47-55.237Z,mixed-3000-seed-41544c53,position-single,root_iterator_creations,count,0,2
Atlas,10690f7a4726+bench,SVG,instrument-2026-10-06T13-47-55.237Z,mixed-3000-seed-41544c53,position-single,root_iterator_next_calls,count,0,6001
Atlas,10690f7a4726+bench,SVG,instrument-2026-10-06T13-47-55.237Z,mixed-3000-seed-41544c53,position-single,svg_attribute_writes,count,0,15003
Atlas,10690f7a4726+bench,SVG,instrument-2026-10-06T13-47-55.237Z,mixed-3000-seed-41544c53,position-single,renderer_scene_reads,count,0,1
Atlas,10690f7a4726+bench,SVG,instrument-2026-10-06T13-47-55.237Z,mixed-3000-seed-41544c53,position-single,route_membership_reads,count,0,1800
Atlas,10690f7a4726+bench,SVG,instrument-2026-10-06T13-47-55.237Z,mixed-3000-seed-41544c53,position-single,svg_attribute_removals,count,0,7200
Atlas,10690f7a4726+bench,SVG,instrument-2026-10-06T13-47-55.237Z,mixed-3000-seed-41544c53,position-single,renderer_calls,count,0,1
Atlas,10690f7a4726+bench,SVG,instrument-2026-10-06T13-47-55.237Z,mixed-3000-seed-41544c53,position-single,layout_rect_reads,count,0,0
Atlas,10690f7a4726+bench,SVG,instrument-2026-10-06T13-47-55.237Z,mixed-3000-seed-41544c53,position-single,instrumented_renderer_callback_ms,ms,0,11
Atlas,10690f7a4726+bench,SVG,instrument-2026-10-06T13-47-55.237Z,mixed-3000-seed-41544c53,position-single,cleanup_renderer_calls,count,0,0
Atlas,10690f7a4726+bench,SVG,instrument-2026-10-06T13-47-55.237Z,mixed-3000-seed-41544c53,position-single,cleanup_stage_children,count,0,0
Atlas,10690f7a4726+bench,SVG,instrument-2026-10-06T13-47-55.237Z,mixed-3000-seed-41544c53,position-series,operation_sync_ms,ms,0,0.09999990463256836
Atlas,10690f7a4726+bench,SVG,instrument-2026-10-06T13-47-55.237Z,mixed-3000-seed-41544c53,position-series,operation_to_raf_opportunities_ms,ms,0,38
Atlas,10690f7a4726+bench,SVG,instrument-2026-10-06T13-47-55.237Z,mixed-3000-seed-41544c53,position-series,root_iterator_creations,count,0,2
Atlas,10690f7a4726+bench,SVG,instrument-2026-10-06T13-47-55.237Z,mixed-3000-seed-41544c53,position-series,root_iterator_next_calls,count,0,6001
Atlas,10690f7a4726+bench,SVG,instrument-2026-10-06T13-47-55.237Z,mixed-3000-seed-41544c53,position-series,route_membership_reads,count,0,1820
Atlas,10690f7a4726+bench,SVG,instrument-2026-10-06T13-47-55.237Z,mixed-3000-seed-41544c53,position-series,svg_attribute_writes,count,0,15003
Atlas,10690f7a4726+bench,SVG,instrument-2026-10-06T13-47-55.237Z,mixed-3000-seed-41544c53,position-series,renderer_scene_reads,count,0,1
Atlas,10690f7a4726+bench,SVG,instrument-2026-10-06T13-47-55.237Z,mixed-3000-seed-41544c53,position-series,svg_attribute_removals,count,0,7200
Atlas,10690f7a4726+bench,SVG,instrument-2026-10-06T13-47-55.237Z,mixed-3000-seed-41544c53,position-series,renderer_calls,count,0,1
Atlas,10690f7a4726+bench,SVG,instrument-2026-10-06T13-47-55.237Z,mixed-3000-seed-41544c53,position-series,layout_rect_reads,count,0,0
Atlas,10690f7a4726+bench,SVG,instrument-2026-10-06T13-47-55.237Z,mixed-3000-seed-41544c53,position-series,instrumented_renderer_callback_ms,ms,0,10
Atlas,10690f7a4726+bench,SVG,instrument-2026-10-06T13-47-55.237Z,mixed-3000-seed-41544c53,position-series,cleanup_renderer_calls,count,0,0
Atlas,10690f7a4726+bench,SVG,instrument-2026-10-06T13-47-55.237Z,mixed-3000-seed-41544c53,position-series,cleanup_stage_children,count,0,0
Atlas,10690f7a4726+bench,SVG,instrument-2026-10-06T13-47-55.237Z,mixed-3000-seed-41544c53,add-100,operation_sync_ms,ms,0,35.10000014305115
Atlas,10690f7a4726+bench,SVG,instrument-2026-10-06T13-47-55.237Z,mixed-3000-seed-41544c53,add-100,cumulative_operation_ms,ms,100,35.10000014305115
Atlas,10690f7a4726+bench,SVG,instrument-2026-10-06T13-47-55.237Z,mixed-3000-seed-41544c53,add-100,operation_to_raf_opportunities_ms,ms,0,77.60000014305115
Atlas,10690f7a4726+bench,SVG,instrument-2026-10-06T13-47-55.237Z,mixed-3000-seed-41544c53,add-100,root_iterator_creations,count,0,103
Atlas,10690f7a4726+bench,SVG,instrument-2026-10-06T13-47-55.237Z,mixed-3000-seed-41544c53,add-100,root_iterator_next_calls,count,0,311152
Atlas,10690f7a4726+bench,SVG,instrument-2026-10-06T13-47-55.237Z,mixed-3000-seed-41544c53,add-100,svg_attribute_writes,count,0,15803
Atlas,10690f7a4726+bench,SVG,instrument-2026-10-06T13-47-55.237Z,mixed-3000-seed-41544c53,add-100,renderer_scene_reads,count,0,1
Atlas,10690f7a4726+bench,SVG,instrument-2026-10-06T13-47-55.237Z,mixed-3000-seed-41544c53,add-100,route_membership_reads,count,0,2400
Atlas,10690f7a4726+bench,SVG,instrument-2026-10-06T13-47-55.237Z,mixed-3000-seed-41544c53,add-100,renderer_scene_membership_changes,count,0,1
Atlas,10690f7a4726+bench,SVG,instrument-2026-10-06T13-47-55.237Z,mixed-3000-seed-41544c53,add-100,svg_attribute_removals,count,0,7300
Atlas,10690f7a4726+bench,SVG,instrument-2026-10-06T13-47-55.237Z,mixed-3000-seed-41544c53,add-100,renderer_calls,count,0,1
Atlas,10690f7a4726+bench,SVG,instrument-2026-10-06T13-47-55.237Z,mixed-3000-seed-41544c53,add-100,layout_rect_reads,count,0,0
Atlas,10690f7a4726+bench,SVG,instrument-2026-10-06T13-47-55.237Z,mixed-3000-seed-41544c53,add-100,instrumented_renderer_callback_ms,ms,0,12
Atlas,10690f7a4726+bench,SVG,instrument-2026-10-06T13-47-55.237Z,mixed-3000-seed-41544c53,add-100,cleanup_renderer_calls,count,0,0
Atlas,10690f7a4726+bench,SVG,instrument-2026-10-06T13-47-55.237Z,mixed-3000-seed-41544c53,add-100,cleanup_stage_children,count,0,0
Atlas,10690f7a4726+bench,SVG,instrument-2026-10-06T13-47-55.237Z,mixed-3000-seed-41544c53,add-500,operation_sync_ms,ms,0,125.39999985694885
Atlas,10690f7a4726+bench,SVG,instrument-2026-10-06T13-47-55.237Z,mixed-3000-seed-41544c53,add-500,cumulative_operation_ms,ms,100,25.09999990463257
Atlas,10690f7a4726+bench,SVG,instrument-2026-10-06T13-47-55.237Z,mixed-3000-seed-41544c53,add-500,cumulative_operation_ms,ms,200,49.5
Atlas,10690f7a4726+bench,SVG,instrument-2026-10-06T13-47-55.237Z,mixed-3000-seed-41544c53,add-500,cumulative_operation_ms,ms,300,74.5
Atlas,10690f7a4726+bench,SVG,instrument-2026-10-06T13-47-55.237Z,mixed-3000-seed-41544c53,add-500,cumulative_operation_ms,ms,400,99.39999985694885
Atlas,10690f7a4726+bench,SVG,instrument-2026-10-06T13-47-55.237Z,mixed-3000-seed-41544c53,add-500,cumulative_operation_ms,ms,500,125.39999985694885
Atlas,10690f7a4726+bench,SVG,instrument-2026-10-06T13-47-55.237Z,mixed-3000-seed-41544c53,add-500,operation_to_raf_opportunities_ms,ms,0,182.89999985694885
Atlas,10690f7a4726+bench,SVG,instrument-2026-10-06T13-47-55.237Z,mixed-3000-seed-41544c53,add-500,root_iterator_creations,count,0,503
Atlas,10690f7a4726+bench,SVG,instrument-2026-10-06T13-47-55.237Z,mixed-3000-seed-41544c53,add-500,root_iterator_next_calls,count,0,1631752
Atlas,10690f7a4726+bench,SVG,instrument-2026-10-06T13-47-55.237Z,mixed-3000-seed-41544c53,add-500,svg_attribute_writes,count,0,19003
Atlas,10690f7a4726+bench,SVG,instrument-2026-10-06T13-47-55.237Z,mixed-3000-seed-41544c53,add-500,renderer_scene_reads,count,0,1
Atlas,10690f7a4726+bench,SVG,instrument-2026-10-06T13-47-55.237Z,mixed-3000-seed-41544c53,add-500,route_membership_reads,count,0,2400
Atlas,10690f7a4726+bench,SVG,instrument-2026-10-06T13-47-55.237Z,mixed-3000-seed-41544c53,add-500,renderer_scene_membership_changes,count,0,1
Atlas,10690f7a4726+bench,SVG,instrument-2026-10-06T13-47-55.237Z,mixed-3000-seed-41544c53,add-500,svg_attribute_removals,count,0,7700
Atlas,10690f7a4726+bench,SVG,instrument-2026-10-06T13-47-55.237Z,mixed-3000-seed-41544c53,add-500,renderer_calls,count,0,1
Atlas,10690f7a4726+bench,SVG,instrument-2026-10-06T13-47-55.237Z,mixed-3000-seed-41544c53,add-500,layout_rect_reads,count,0,0
Atlas,10690f7a4726+bench,SVG,instrument-2026-10-06T13-47-55.237Z,mixed-3000-seed-41544c53,add-500,instrumented_renderer_callback_ms,ms,0,13.799999952316284
Atlas,10690f7a4726+bench,SVG,instrument-2026-10-06T13-47-55.237Z,mixed-3000-seed-41544c53,add-500,cleanup_renderer_calls,count,0,0
Atlas,10690f7a4726+bench,SVG,instrument-2026-10-06T13-47-55.237Z,mixed-3000-seed-41544c53,add-500,cleanup_stage_children,count,0,0
Atlas,10690f7a4726+bench,SVG,instrument-2026-10-06T13-47-55.237Z,mixed-3000-seed-41544c53,add-1000,operation_sync_ms,ms,0,268.5
Atlas,10690f7a4726+bench,SVG,instrument-2026-10-06T13-47-55.237Z,mixed-3000-seed-41544c53,add-1000,cumulative_operation_ms,ms,100,27.899999856948853
Atlas,10690f7a4726+bench,SVG,instrument-2026-10-06T13-47-55.237Z,mixed-3000-seed-41544c53,add-1000,cumulative_operation_ms,ms,200,51.39999985694885
Atlas,10690f7a4726+bench,SVG,instrument-2026-10-06T13-47-55.237Z,mixed-3000-seed-41544c53,add-1000,cumulative_operation_ms,ms,300,75.29999995231628
Atlas,10690f7a4726+bench,SVG,instrument-2026-10-06T13-47-55.237Z,mixed-3000-seed-41544c53,add-1000,cumulative_operation_ms,ms,400,100.79999995231628
Atlas,10690f7a4726+bench,SVG,instrument-2026-10-06T13-47-55.237Z,mixed-3000-seed-41544c53,add-1000,cumulative_operation_ms,ms,500,126.89999985694885
Atlas,10690f7a4726+bench,SVG,instrument-2026-10-06T13-47-55.237Z,mixed-3000-seed-41544c53,add-1000,cumulative_operation_ms,ms,600,153.79999995231628
Atlas,10690f7a4726+bench,SVG,instrument-2026-10-06T13-47-55.237Z,mixed-3000-seed-41544c53,add-1000,cumulative_operation_ms,ms,700,181.20000004768372
Atlas,10690f7a4726+bench,SVG,instrument-2026-10-06T13-47-55.237Z,mixed-3000-seed-41544c53,add-1000,cumulative_operation_ms,ms,800,209.29999995231628
Atlas,10690f7a4726+bench,SVG,instrument-2026-10-06T13-47-55.237Z,mixed-3000-seed-41544c53,add-1000,cumulative_operation_ms,ms,900,238.59999990463257
Atlas,10690f7a4726+bench,SVG,instrument-2026-10-06T13-47-55.237Z,mixed-3000-seed-41544c53,add-1000,cumulative_operation_ms,ms,1000,268.5
Atlas,10690f7a4726+bench,SVG,instrument-2026-10-06T13-47-55.237Z,mixed-3000-seed-41544c53,add-1000,operation_to_raf_opportunities_ms,ms,0,321.7999999523163
Atlas,10690f7a4726+bench,SVG,instrument-2026-10-06T13-47-55.237Z,mixed-3000-seed-41544c53,add-1000,root_iterator_creations,count,0,1003
Atlas,10690f7a4726+bench,SVG,instrument-2026-10-06T13-47-55.237Z,mixed-3000-seed-41544c53,add-1000,root_iterator_next_calls,count,0,3507502
Atlas,10690f7a4726+bench,SVG,instrument-2026-10-06T13-47-55.237Z,mixed-3000-seed-41544c53,add-1000,svg_attribute_writes,count,0,23003
Atlas,10690f7a4726+bench,SVG,instrument-2026-10-06T13-47-55.237Z,mixed-3000-seed-41544c53,add-1000,renderer_scene_reads,count,0,1
Atlas,10690f7a4726+bench,SVG,instrument-2026-10-06T13-47-55.237Z,mixed-3000-seed-41544c53,add-1000,route_membership_reads,count,0,2400
Atlas,10690f7a4726+bench,SVG,instrument-2026-10-06T13-47-55.237Z,mixed-3000-seed-41544c53,add-1000,renderer_scene_membership_changes,count,0,1
Atlas,10690f7a4726+bench,SVG,instrument-2026-10-06T13-47-55.237Z,mixed-3000-seed-41544c53,add-1000,svg_attribute_removals,count,0,8200
Atlas,10690f7a4726+bench,SVG,instrument-2026-10-06T13-47-55.237Z,mixed-3000-seed-41544c53,add-1000,renderer_calls,count,0,1
Atlas,10690f7a4726+bench,SVG,instrument-2026-10-06T13-47-55.237Z,mixed-3000-seed-41544c53,add-1000,layout_rect_reads,count,0,0
Atlas,10690f7a4726+bench,SVG,instrument-2026-10-06T13-47-55.237Z,mixed-3000-seed-41544c53,add-1000,instrumented_renderer_callback_ms,ms,0,15.399999856948853
Atlas,10690f7a4726+bench,SVG,instrument-2026-10-06T13-47-55.237Z,mixed-3000-seed-41544c53,add-1000,cleanup_renderer_calls,count,0,0
Atlas,10690f7a4726+bench,SVG,instrument-2026-10-06T13-47-55.237Z,mixed-3000-seed-41544c53,add-1000,cleanup_stage_children,count,0,0
Atlas,10690f7a4726+bench,SVG,instrument-2026-10-06T13-47-55.237Z,mixed-3000-seed-41544c53,remove-100,operation_sync_ms,ms,0,27.90000009536743
Atlas,10690f7a4726+bench,SVG,instrument-2026-10-06T13-47-55.237Z,mixed-3000-seed-41544c53,remove-100,cumulative_operation_ms,ms,100,27.90000009536743
Atlas,10690f7a4726+bench,SVG,instrument-2026-10-06T13-47-55.237Z,mixed-3000-seed-41544c53,remove-100,operation_to_raf_opportunities_ms,ms,0,69.60000014305115
Atlas,10690f7a4726+bench,SVG,instrument-2026-10-06T13-47-55.237Z,mixed-3000-seed-41544c53,remove-100,root_iterator_creations,count,0,103
Atlas,10690f7a4726+bench,SVG,instrument-2026-10-06T13-47-55.237Z,mixed-3000-seed-41544c53,remove-100,root_iterator_next_calls,count,0,300952
Atlas,10690f7a4726+bench,SVG,instrument-2026-10-06T13-47-55.237Z,mixed-3000-seed-41544c53,remove-100,svg_attribute_writes,count,0,14513
Atlas,10690f7a4726+bench,SVG,instrument-2026-10-06T13-47-55.237Z,mixed-3000-seed-41544c53,remove-100,renderer_scene_reads,count,0,1
Atlas,10690f7a4726+bench,SVG,instrument-2026-10-06T13-47-55.237Z,mixed-3000-seed-41544c53,remove-100,route_membership_reads,count,0,2320
Atlas,10690f7a4726+bench,SVG,instrument-2026-10-06T13-47-55.237Z,mixed-3000-seed-41544c53,remove-100,renderer_scene_membership_changes,count,0,1
Atlas,10690f7a4726+bench,SVG,instrument-2026-10-06T13-47-55.237Z,mixed-3000-seed-41544c53,remove-100,svg_attribute_removals,count,0,6965
Atlas,10690f7a4726+bench,SVG,instrument-2026-10-06T13-47-55.237Z,mixed-3000-seed-41544c53,remove-100,renderer_calls,count,0,1
Atlas,10690f7a4726+bench,SVG,instrument-2026-10-06T13-47-55.237Z,mixed-3000-seed-41544c53,remove-100,layout_rect_reads,count,0,0
Atlas,10690f7a4726+bench,SVG,instrument-2026-10-06T13-47-55.237Z,mixed-3000-seed-41544c53,remove-100,instrumented_renderer_callback_ms,ms,0,11.900000095367432
Atlas,10690f7a4726+bench,SVG,instrument-2026-10-06T13-47-55.237Z,mixed-3000-seed-41544c53,remove-100,cleanup_renderer_calls,count,0,0
Atlas,10690f7a4726+bench,SVG,instrument-2026-10-06T13-47-55.237Z,mixed-3000-seed-41544c53,remove-100,cleanup_stage_children,count,0,0
Atlas,10690f7a4726+bench,SVG,instrument-2026-10-06T13-47-55.237Z,mixed-3000-seed-41544c53,remove-500,operation_sync_ms,ms,0,122.59999990463257
Atlas,10690f7a4726+bench,SVG,instrument-2026-10-06T13-47-55.237Z,mixed-3000-seed-41544c53,remove-500,cumulative_operation_ms,ms,100,27.5
Atlas,10690f7a4726+bench,SVG,instrument-2026-10-06T13-47-55.237Z,mixed-3000-seed-41544c53,remove-500,cumulative_operation_ms,ms,200,54.69999980926514
Atlas,10690f7a4726+bench,SVG,instrument-2026-10-06T13-47-55.237Z,mixed-3000-seed-41544c53,remove-500,cumulative_operation_ms,ms,300,78.09999990463257
Atlas,10690f7a4726+bench,SVG,instrument-2026-10-06T13-47-55.237Z,mixed-3000-seed-41544c53,remove-500,cumulative_operation_ms,ms,400,100.69999980926514
Atlas,10690f7a4726+bench,SVG,instrument-2026-10-06T13-47-55.237Z,mixed-3000-seed-41544c53,remove-500,cumulative_operation_ms,ms,500,122.59999990463257
Atlas,10690f7a4726+bench,SVG,instrument-2026-10-06T13-47-55.237Z,mixed-3000-seed-41544c53,remove-500,operation_to_raf_opportunities_ms,ms,0,163.29999995231628
Atlas,10690f7a4726+bench,SVG,instrument-2026-10-06T13-47-55.237Z,mixed-3000-seed-41544c53,remove-500,root_iterator_creations,count,0,503
Atlas,10690f7a4726+bench,SVG,instrument-2026-10-06T13-47-55.237Z,mixed-3000-seed-41544c53,remove-500,root_iterator_next_calls,count,0,1380752
Atlas,10690f7a4726+bench,SVG,instrument-2026-10-06T13-47-55.237Z,mixed-3000-seed-41544c53,remove-500,svg_attribute_writes,count,0,12511
Atlas,10690f7a4726+bench,SVG,instrument-2026-10-06T13-47-55.237Z,mixed-3000-seed-41544c53,remove-500,renderer_scene_reads,count,0,1
Atlas,10690f7a4726+bench,SVG,instrument-2026-10-06T13-47-55.237Z,mixed-3000-seed-41544c53,remove-500,route_membership_reads,count,0,2000
Atlas,10690f7a4726+bench,SVG,instrument-2026-10-06T13-47-55.237Z,mixed-3000-seed-41544c53,remove-500,renderer_scene_membership_changes,count,0,1
Atlas,10690f7a4726+bench,SVG,instrument-2026-10-06T13-47-55.237Z,mixed-3000-seed-41544c53,remove-500,svg_attribute_removals,count,0,6004
Atlas,10690f7a4726+bench,SVG,instrument-2026-10-06T13-47-55.237Z,mixed-3000-seed-41544c53,remove-500,renderer_calls,count,0,1
Atlas,10690f7a4726+bench,SVG,instrument-2026-10-06T13-47-55.237Z,mixed-3000-seed-41544c53,remove-500,layout_rect_reads,count,0,0
Atlas,10690f7a4726+bench,SVG,instrument-2026-10-06T13-47-55.237Z,mixed-3000-seed-41544c53,remove-500,instrumented_renderer_callback_ms,ms,0,12.399999856948853
Atlas,10690f7a4726+bench,SVG,instrument-2026-10-06T13-47-55.237Z,mixed-3000-seed-41544c53,remove-500,cleanup_renderer_calls,count,0,0
Atlas,10690f7a4726+bench,SVG,instrument-2026-10-06T13-47-55.237Z,mixed-3000-seed-41544c53,remove-500,cleanup_stage_children,count,0,0
Atlas,10690f7a4726+bench,SVG,instrument-2026-10-06T13-47-55.237Z,mixed-3000-seed-41544c53,remove-1000,operation_sync_ms,ms,0,220.59999990463257
Atlas,10690f7a4726+bench,SVG,instrument-2026-10-06T13-47-55.237Z,mixed-3000-seed-41544c53,remove-1000,cumulative_operation_ms,ms,100,26.90000009536743
Atlas,10690f7a4726+bench,SVG,instrument-2026-10-06T13-47-55.237Z,mixed-3000-seed-41544c53,remove-1000,cumulative_operation_ms,ms,200,52.90000009536743
Atlas,10690f7a4726+bench,SVG,instrument-2026-10-06T13-47-55.237Z,mixed-3000-seed-41544c53,remove-1000,cumulative_operation_ms,ms,300,76.20000004768372
Atlas,10690f7a4726+bench,SVG,instrument-2026-10-06T13-47-55.237Z,mixed-3000-seed-41544c53,remove-1000,cumulative_operation_ms,ms,400,99.20000004768372
Atlas,10690f7a4726+bench,SVG,instrument-2026-10-06T13-47-55.237Z,mixed-3000-seed-41544c53,remove-1000,cumulative_operation_ms,ms,500,121
Atlas,10690f7a4726+bench,SVG,instrument-2026-10-06T13-47-55.237Z,mixed-3000-seed-41544c53,remove-1000,cumulative_operation_ms,ms,600,141.20000004768372
Atlas,10690f7a4726+bench,SVG,instrument-2026-10-06T13-47-55.237Z,mixed-3000-seed-41544c53,remove-1000,cumulative_operation_ms,ms,700,161.09999990463257
Atlas,10690f7a4726+bench,SVG,instrument-2026-10-06T13-47-55.237Z,mixed-3000-seed-41544c53,remove-1000,cumulative_operation_ms,ms,800,181.09999990463257
Atlas,10690f7a4726+bench,SVG,instrument-2026-10-06T13-47-55.237Z,mixed-3000-seed-41544c53,remove-1000,cumulative_operation_ms,ms,900,201.90000009536743
Atlas,10690f7a4726+bench,SVG,instrument-2026-10-06T13-47-55.237Z,mixed-3000-seed-41544c53,remove-1000,cumulative_operation_ms,ms,1000,220.59999990463257
Atlas,10690f7a4726+bench,SVG,instrument-2026-10-06T13-47-55.237Z,mixed-3000-seed-41544c53,remove-1000,operation_to_raf_opportunities_ms,ms,0,259.90000009536743
Atlas,10690f7a4726+bench,SVG,instrument-2026-10-06T13-47-55.237Z,mixed-3000-seed-41544c53,remove-1000,root_iterator_creations,count,0,1003
Atlas,10690f7a4726+bench,SVG,instrument-2026-10-06T13-47-55.237Z,mixed-3000-seed-41544c53,remove-1000,root_iterator_next_calls,count,0,2505502
Atlas,10690f7a4726+bench,SVG,instrument-2026-10-06T13-47-55.237Z,mixed-3000-seed-41544c53,remove-1000,svg_attribute_writes,count,0,10013
Atlas,10690f7a4726+bench,SVG,instrument-2026-10-06T13-47-55.237Z,mixed-3000-seed-41544c53,remove-1000,renderer_scene_reads,count,0,1
Atlas,10690f7a4726+bench,SVG,instrument-2026-10-06T13-47-55.237Z,mixed-3000-seed-41544c53,remove-1000,route_membership_reads,count,0,1600
Atlas,10690f7a4726+bench,SVG,instrument-2026-10-06T13-47-55.237Z,mixed-3000-seed-41544c53,remove-1000,renderer_scene_membership_changes,count,0,1
Atlas,10690f7a4726+bench,SVG,instrument-2026-10-06T13-47-55.237Z,mixed-3000-seed-41544c53,remove-1000,svg_attribute_removals,count,0,4805
Atlas,10690f7a4726+bench,SVG,instrument-2026-10-06T13-47-55.237Z,mixed-3000-seed-41544c53,remove-1000,renderer_calls,count,0,1
Atlas,10690f7a4726+bench,SVG,instrument-2026-10-06T13-47-55.237Z,mixed-3000-seed-41544c53,remove-1000,layout_rect_reads,count,0,0
Atlas,10690f7a4726+bench,SVG,instrument-2026-10-06T13-47-55.237Z,mixed-3000-seed-41544c53,remove-1000,instrumented_renderer_callback_ms,ms,0,12.100000143051147
Atlas,10690f7a4726+bench,SVG,instrument-2026-10-06T13-47-55.237Z,mixed-3000-seed-41544c53,remove-1000,cleanup_renderer_calls,count,0,0
Atlas,10690f7a4726+bench,SVG,instrument-2026-10-06T13-47-55.237Z,mixed-3000-seed-41544c53,remove-1000,cleanup_stage_children,count,0,0
Atlas,10690f7a4726+bench,SVG,instrument-2026-10-06T13-47-55.237Z,mixed-3000-seed-41544c53,route-update,operation_sync_ms,ms,0,0.09999990463256836
Atlas,10690f7a4726+bench,SVG,instrument-2026-10-06T13-47-55.237Z,mixed-3000-seed-41544c53,route-update,operation_to_raf_opportunities_ms,ms,0,47.89999985694885
Atlas,10690f7a4726+bench,SVG,instrument-2026-10-06T13-47-55.237Z,mixed-3000-seed-41544c53,route-update,root_iterator_creations,count,0,2
Atlas,10690f7a4726+bench,SVG,instrument-2026-10-06T13-47-55.237Z,mixed-3000-seed-41544c53,route-update,root_iterator_next_calls,count,0,6001
Atlas,10690f7a4726+bench,SVG,instrument-2026-10-06T13-47-55.237Z,mixed-3000-seed-41544c53,route-update,route_membership_reads,count,0,2404
Atlas,10690f7a4726+bench,SVG,instrument-2026-10-06T13-47-55.237Z,mixed-3000-seed-41544c53,route-update,svg_attribute_writes,count,0,15017
Atlas,10690f7a4726+bench,SVG,instrument-2026-10-06T13-47-55.237Z,mixed-3000-seed-41544c53,route-update,renderer_scene_reads,count,0,1
Atlas,10690f7a4726+bench,SVG,instrument-2026-10-06T13-47-55.237Z,mixed-3000-seed-41544c53,route-update,renderer_scene_membership_changes,count,0,1
Atlas,10690f7a4726+bench,SVG,instrument-2026-10-06T13-47-55.237Z,mixed-3000-seed-41544c53,route-update,svg_attribute_removals,count,0,7201
Atlas,10690f7a4726+bench,SVG,instrument-2026-10-06T13-47-55.237Z,mixed-3000-seed-41544c53,route-update,renderer_calls,count,0,1
Atlas,10690f7a4726+bench,SVG,instrument-2026-10-06T13-47-55.237Z,mixed-3000-seed-41544c53,route-update,layout_rect_reads,count,0,0
Atlas,10690f7a4726+bench,SVG,instrument-2026-10-06T13-47-55.237Z,mixed-3000-seed-41544c53,route-update,instrumented_renderer_callback_ms,ms,0,11.200000047683716
Atlas,10690f7a4726+bench,SVG,instrument-2026-10-06T13-47-55.237Z,mixed-3000-seed-41544c53,route-update,cleanup_renderer_calls,count,0,0
Atlas,10690f7a4726+bench,SVG,instrument-2026-10-06T13-47-55.237Z,mixed-3000-seed-41544c53,route-update,cleanup_stage_children,count,0,0
Atlas,10690f7a4726+bench,SVG,instrument-2026-10-06T13-47-55.237Z,mixed-3000-seed-41544c53,wheel-input,synthetic_wheel_dispatch_sync_ms,ms,0,0
Atlas,10690f7a4726+bench,SVG,instrument-2026-10-06T13-47-55.237Z,mixed-3000-seed-41544c53,wheel-input,synthetic_wheel_dispatch_sync_ms,ms,1,0
Atlas,10690f7a4726+bench,SVG,instrument-2026-10-06T13-47-55.237Z,mixed-3000-seed-41544c53,wheel-input,synthetic_wheel_dispatch_sync_ms,ms,2,0
Atlas,10690f7a4726+bench,SVG,instrument-2026-10-06T13-47-55.237Z,mixed-3000-seed-41544c53,wheel-input,synthetic_wheel_dispatch_sync_ms,ms,3,0
Atlas,10690f7a4726+bench,SVG,instrument-2026-10-06T13-47-55.237Z,mixed-3000-seed-41544c53,wheel-input,synthetic_wheel_dispatch_sync_ms,ms,4,0.09999990463256836
Atlas,10690f7a4726+bench,SVG,instrument-2026-10-06T13-47-55.237Z,mixed-3000-seed-41544c53,wheel-input,synthetic_wheel_dispatch_sync_ms,ms,5,0.09999990463256836
Atlas,10690f7a4726+bench,SVG,instrument-2026-10-06T13-47-55.237Z,mixed-3000-seed-41544c53,wheel-input,synthetic_wheel_dispatch_sync_ms,ms,6,0.09999990463256836
Atlas,10690f7a4726+bench,SVG,instrument-2026-10-06T13-47-55.237Z,mixed-3000-seed-41544c53,wheel-input,synthetic_wheel_dispatch_sync_ms,ms,7,0
Atlas,10690f7a4726+bench,SVG,instrument-2026-10-06T13-47-55.237Z,mixed-3000-seed-41544c53,wheel-input,synthetic_wheel_dispatch_sync_ms,ms,8,0
Atlas,10690f7a4726+bench,SVG,instrument-2026-10-06T13-47-55.237Z,mixed-3000-seed-41544c53,wheel-input,synthetic_wheel_dispatch_sync_ms,ms,9,0
Atlas,10690f7a4726+bench,SVG,instrument-2026-10-06T13-47-55.237Z,mixed-3000-seed-41544c53,wheel-input,layout_rect_reads,count,0,52
Atlas,10690f7a4726+bench,SVG,instrument-2026-10-06T13-47-55.237Z,mixed-3000-seed-41544c53,wheel-input,svg_attribute_writes,count,0,150030
Atlas,10690f7a4726+bench,SVG,instrument-2026-10-06T13-47-55.237Z,mixed-3000-seed-41544c53,wheel-input,renderer_scene_reads,count,0,10
Atlas,10690f7a4726+bench,SVG,instrument-2026-10-06T13-47-55.237Z,mixed-3000-seed-41544c53,wheel-input,root_iterator_creations,count,0,10
Atlas,10690f7a4726+bench,SVG,instrument-2026-10-06T13-47-55.237Z,mixed-3000-seed-41544c53,wheel-input,root_iterator_next_calls,count,0,30000
Atlas,10690f7a4726+bench,SVG,instrument-2026-10-06T13-47-55.237Z,mixed-3000-seed-41544c53,wheel-input,route_membership_reads,count,0,18000
Atlas,10690f7a4726+bench,SVG,instrument-2026-10-06T13-47-55.237Z,mixed-3000-seed-41544c53,wheel-input,svg_attribute_removals,count,0,72000
Atlas,10690f7a4726+bench,SVG,instrument-2026-10-06T13-47-55.237Z,mixed-3000-seed-41544c53,wheel-input,renderer_calls,count,0,10
Atlas,10690f7a4726+bench,SVG,instrument-2026-10-06T13-47-55.237Z,mixed-3000-seed-41544c53,wheel-input,instrumented_renderer_callback_ms,ms,0,10.899999856948853
Atlas,10690f7a4726+bench,SVG,instrument-2026-10-06T13-47-55.237Z,mixed-3000-seed-41544c53,wheel-input,instrumented_renderer_callback_ms,ms,1,12
Atlas,10690f7a4726+bench,SVG,instrument-2026-10-06T13-47-55.237Z,mixed-3000-seed-41544c53,wheel-input,instrumented_renderer_callback_ms,ms,2,11.699999809265137
Atlas,10690f7a4726+bench,SVG,instrument-2026-10-06T13-47-55.237Z,mixed-3000-seed-41544c53,wheel-input,instrumented_renderer_callback_ms,ms,3,11.800000190734863
Atlas,10690f7a4726+bench,SVG,instrument-2026-10-06T13-47-55.237Z,mixed-3000-seed-41544c53,wheel-input,instrumented_renderer_callback_ms,ms,4,13.200000047683716
Atlas,10690f7a4726+bench,SVG,instrument-2026-10-06T13-47-55.237Z,mixed-3000-seed-41544c53,wheel-input,instrumented_renderer_callback_ms,ms,5,11.600000143051147
Atlas,10690f7a4726+bench,SVG,instrument-2026-10-06T13-47-55.237Z,mixed-3000-seed-41544c53,wheel-input,instrumented_renderer_callback_ms,ms,6,11.5
Atlas,10690f7a4726+bench,SVG,instrument-2026-10-06T13-47-55.237Z,mixed-3000-seed-41544c53,wheel-input,instrumented_renderer_callback_ms,ms,7,11.799999952316284
Atlas,10690f7a4726+bench,SVG,instrument-2026-10-06T13-47-55.237Z,mixed-3000-seed-41544c53,wheel-input,instrumented_renderer_callback_ms,ms,8,11.400000095367432
Atlas,10690f7a4726+bench,SVG,instrument-2026-10-06T13-47-55.237Z,mixed-3000-seed-41544c53,wheel-input,instrumented_renderer_callback_ms,ms,9,11.5
Atlas,10690f7a4726+bench,SVG,instrument-2026-10-06T13-47-55.237Z,mixed-3000-seed-41544c53,wheel-input,cleanup_renderer_calls,count,0,0
Atlas,10690f7a4726+bench,SVG,instrument-2026-10-06T13-47-55.237Z,mixed-3000-seed-41544c53,wheel-input,cleanup_stage_children,count,0,0
Atlas,10690f7a4726+bench,SVG,instrument-2026-10-06T13-47-55.237Z,mixed-5000-seed-41544c53,load,load_promise_ms,ms,0,62.40000009536743
Atlas,10690f7a4726+bench,SVG,instrument-2026-10-06T13-47-55.237Z,mixed-5000-seed-41544c53,load,create_to_raf_opportunities_ms,ms,0,242.70000004768372
Atlas,10690f7a4726+bench,SVG,instrument-2026-10-06T13-47-55.237Z,mixed-5000-seed-41544c53,load,semantic_roots,count,0,5000
Atlas,10690f7a4726+bench,SVG,instrument-2026-10-06T13-47-55.237Z,mixed-5000-seed-41544c53,load,owned_points,count,0,8996
Atlas,10690f7a4726+bench,SVG,instrument-2026-10-06T13-47-55.237Z,mixed-5000-seed-41544c53,load,visual_primitives,count,0,11996
Atlas,10690f7a4726+bench,SVG,instrument-2026-10-06T13-47-55.237Z,mixed-5000-seed-41544c53,load,svg_element_nodes,count,0,23994
Atlas,10690f7a4726+bench,SVG,instrument-2026-10-06T13-47-55.237Z,mixed-5000-seed-41544c53,load,shadow_element_nodes,count,0,23995
Atlas,10690f7a4726+bench,SVG,instrument-2026-10-06T13-47-55.237Z,mixed-5000-seed-41544c53,load,shadow_dom_nodes,count,0,23998
Atlas,10690f7a4726+bench,SVG,instrument-2026-10-06T13-47-55.237Z,mixed-5000-seed-41544c53,load,root_iterator_creations,count,0,5
Atlas,10690f7a4726+bench,SVG,instrument-2026-10-06T13-47-55.237Z,mixed-5000-seed-41544c53,load,root_iterator_next_calls,count,0,20003
Atlas,10690f7a4726+bench,SVG,instrument-2026-10-06T13-47-55.237Z,mixed-5000-seed-41544c53,load,svg_attribute_writes,count,0,102977
Atlas,10690f7a4726+bench,SVG,instrument-2026-10-06T13-47-55.237Z,mixed-5000-seed-41544c53,load,renderer_calls,count,0,2
Atlas,10690f7a4726+bench,SVG,instrument-2026-10-06T13-47-55.237Z,mixed-5000-seed-41544c53,load,route_membership_reads,count,0,7000
Atlas,10690f7a4726+bench,SVG,instrument-2026-10-06T13-47-55.237Z,mixed-5000-seed-41544c53,load,renderer_scene_reads,count,0,2
Atlas,10690f7a4726+bench,SVG,instrument-2026-10-06T13-47-55.237Z,mixed-5000-seed-41544c53,load,svg_attribute_removals,count,0,11996
Atlas,10690f7a4726+bench,SVG,instrument-2026-10-06T13-47-55.237Z,mixed-5000-seed-41544c53,load,layout_rect_reads,count,0,0
Atlas,10690f7a4726+bench,SVG,instrument-2026-10-06T13-47-55.237Z,mixed-5000-seed-41544c53,load,instrumented_renderer_callback_ms,ms,0,0
Atlas,10690f7a4726+bench,SVG,instrument-2026-10-06T13-47-55.237Z,mixed-5000-seed-41544c53,load,instrumented_renderer_callback_ms,ms,1,19.600000143051147
Atlas,10690f7a4726+bench,SVG,instrument-2026-10-06T13-47-55.237Z,mixed-5000-seed-41544c53,load,instrumented_prepare_promise_ms,ms,0,19.90000009536743
Atlas,10690f7a4726+bench,SVG,instrument-2026-10-06T13-47-55.237Z,mixed-5000-seed-41544c53,load,cleanup_renderer_calls,count,0,0
Atlas,10690f7a4726+bench,SVG,instrument-2026-10-06T13-47-55.237Z,mixed-5000-seed-41544c53,load,cleanup_stage_children,count,0,0
Atlas,10690f7a4726+bench,SVG,instrument-2026-10-06T13-47-55.237Z,mixed-5000-seed-41544c53,pan,frame_interval_ms,ms,0,16.199999999982538
Atlas,10690f7a4726+bench,SVG,instrument-2026-10-06T13-47-55.237Z,mixed-5000-seed-41544c53,pan,camera_api_sync_ms,ms,0,0
Atlas,10690f7a4726+bench,SVG,instrument-2026-10-06T13-47-55.237Z,mixed-5000-seed-41544c53,pan,frame_interval_ms,ms,1,17.20000000001164
Atlas,10690f7a4726+bench,SVG,instrument-2026-10-06T13-47-55.237Z,mixed-5000-seed-41544c53,pan,camera_api_sync_ms,ms,1,0
Atlas,10690f7a4726+bench,SVG,instrument-2026-10-06T13-47-55.237Z,mixed-5000-seed-41544c53,pan,frame_interval_ms,ms,2,50
Atlas,10690f7a4726+bench,SVG,instrument-2026-10-06T13-47-55.237Z,mixed-5000-seed-41544c53,pan,camera_api_sync_ms,ms,2,0
Atlas,10690f7a4726+bench,SVG,instrument-2026-10-06T13-47-55.237Z,mixed-5000-seed-41544c53,pan,frame_interval_ms,ms,3,66.70000000001164
Atlas,10690f7a4726+bench,SVG,instrument-2026-10-06T13-47-55.237Z,mixed-5000-seed-41544c53,pan,camera_api_sync_ms,ms,3,0
Atlas,10690f7a4726+bench,SVG,instrument-2026-10-06T13-47-55.237Z,mixed-5000-seed-41544c53,pan,frame_interval_ms,ms,4,66.79999999998836
Atlas,10690f7a4726+bench,SVG,instrument-2026-10-06T13-47-55.237Z,mixed-5000-seed-41544c53,pan,camera_api_sync_ms,ms,4,0
Atlas,10690f7a4726+bench,SVG,instrument-2026-10-06T13-47-55.237Z,mixed-5000-seed-41544c53,pan,frame_interval_ms,ms,5,50
Atlas,10690f7a4726+bench,SVG,instrument-2026-10-06T13-47-55.237Z,mixed-5000-seed-41544c53,pan,camera_api_sync_ms,ms,5,0
Atlas,10690f7a4726+bench,SVG,instrument-2026-10-06T13-47-55.237Z,mixed-5000-seed-41544c53,pan,frame_interval_ms,ms,6,66.70000000001164
Atlas,10690f7a4726+bench,SVG,instrument-2026-10-06T13-47-55.237Z,mixed-5000-seed-41544c53,pan,camera_api_sync_ms,ms,6,0
Atlas,10690f7a4726+bench,SVG,instrument-2026-10-06T13-47-55.237Z,mixed-5000-seed-41544c53,pan,frame_interval_ms,ms,7,66.69999999998254
Atlas,10690f7a4726+bench,SVG,instrument-2026-10-06T13-47-55.237Z,mixed-5000-seed-41544c53,pan,camera_api_sync_ms,ms,7,0.09999990463256836
Atlas,10690f7a4726+bench,SVG,instrument-2026-10-06T13-47-55.237Z,mixed-5000-seed-41544c53,pan,frame_interval_ms,ms,8,66.80000000001746
Atlas,10690f7a4726+bench,SVG,instrument-2026-10-06T13-47-55.237Z,mixed-5000-seed-41544c53,pan,camera_api_sync_ms,ms,8,0
Atlas,10690f7a4726+bench,SVG,instrument-2026-10-06T13-47-55.237Z,mixed-5000-seed-41544c53,pan,frame_interval_ms,ms,9,66.69999999998254
Atlas,10690f7a4726+bench,SVG,instrument-2026-10-06T13-47-55.237Z,mixed-5000-seed-41544c53,pan,camera_api_sync_ms,ms,9,0
Atlas,10690f7a4726+bench,SVG,instrument-2026-10-06T13-47-55.237Z,mixed-5000-seed-41544c53,pan,frame_interval_ms,ms,10,50
Atlas,10690f7a4726+bench,SVG,instrument-2026-10-06T13-47-55.237Z,mixed-5000-seed-41544c53,pan,camera_api_sync_ms,ms,10,0.10000014305114746
Atlas,10690f7a4726+bench,SVG,instrument-2026-10-06T13-47-55.237Z,mixed-5000-seed-41544c53,pan,frame_interval_ms,ms,11,83.39999999999418
Atlas,10690f7a4726+bench,SVG,instrument-2026-10-06T13-47-55.237Z,mixed-5000-seed-41544c53,pan,camera_api_sync_ms,ms,11,0
Atlas,10690f7a4726+bench,SVG,instrument-2026-10-06T13-47-55.237Z,mixed-5000-seed-41544c53,pan,frame_interval_ms,ms,12,66.70000000001164
Atlas,10690f7a4726+bench,SVG,instrument-2026-10-06T13-47-55.237Z,mixed-5000-seed-41544c53,pan,camera_api_sync_ms,ms,12,0.09999990463256836
Atlas,10690f7a4726+bench,SVG,instrument-2026-10-06T13-47-55.237Z,mixed-5000-seed-41544c53,pan,frame_interval_ms,ms,13,50.10000000000582
Atlas,10690f7a4726+bench,SVG,instrument-2026-10-06T13-47-55.237Z,mixed-5000-seed-41544c53,pan,camera_api_sync_ms,ms,13,0
Atlas,10690f7a4726+bench,SVG,instrument-2026-10-06T13-47-55.237Z,mixed-5000-seed-41544c53,pan,frame_interval_ms,ms,14,66.69999999998254
Atlas,10690f7a4726+bench,SVG,instrument-2026-10-06T13-47-55.237Z,mixed-5000-seed-41544c53,pan,camera_api_sync_ms,ms,14,0
Atlas,10690f7a4726+bench,SVG,instrument-2026-10-06T13-47-55.237Z,mixed-5000-seed-41544c53,pan,frame_interval_ms,ms,15,66.80000000001746
Atlas,10690f7a4726+bench,SVG,instrument-2026-10-06T13-47-55.237Z,mixed-5000-seed-41544c53,pan,camera_api_sync_ms,ms,15,0
Atlas,10690f7a4726+bench,SVG,instrument-2026-10-06T13-47-55.237Z,mixed-5000-seed-41544c53,pan,frame_interval_ms,ms,16,50
Atlas,10690f7a4726+bench,SVG,instrument-2026-10-06T13-47-55.237Z,mixed-5000-seed-41544c53,pan,camera_api_sync_ms,ms,16,0
Atlas,10690f7a4726+bench,SVG,instrument-2026-10-06T13-47-55.237Z,mixed-5000-seed-41544c53,pan,frame_interval_ms,ms,17,66.69999999998254
Atlas,10690f7a4726+bench,SVG,instrument-2026-10-06T13-47-55.237Z,mixed-5000-seed-41544c53,pan,camera_api_sync_ms,ms,17,0
Atlas,10690f7a4726+bench,SVG,instrument-2026-10-06T13-47-55.237Z,mixed-5000-seed-41544c53,pan,frame_interval_ms,ms,18,66.70000000001164
Atlas,10690f7a4726+bench,SVG,instrument-2026-10-06T13-47-55.237Z,mixed-5000-seed-41544c53,pan,camera_api_sync_ms,ms,18,0
Atlas,10690f7a4726+bench,SVG,instrument-2026-10-06T13-47-55.237Z,mixed-5000-seed-41544c53,pan,frame_interval_ms,ms,19,66.79999999998836
Atlas,10690f7a4726+bench,SVG,instrument-2026-10-06T13-47-55.237Z,mixed-5000-seed-41544c53,pan,camera_api_sync_ms,ms,19,0
Atlas,10690f7a4726+bench,SVG,instrument-2026-10-06T13-47-55.237Z,mixed-5000-seed-41544c53,pan,frame_interval_ms,ms,20,66.70000000001164
Atlas,10690f7a4726+bench,SVG,instrument-2026-10-06T13-47-55.237Z,mixed-5000-seed-41544c53,pan,camera_api_sync_ms,ms,20,0
Atlas,10690f7a4726+bench,SVG,instrument-2026-10-06T13-47-55.237Z,mixed-5000-seed-41544c53,pan,frame_interval_ms,ms,21,66.60000000000582
Atlas,10690f7a4726+bench,SVG,instrument-2026-10-06T13-47-55.237Z,mixed-5000-seed-41544c53,pan,camera_api_sync_ms,ms,21,0
Atlas,10690f7a4726+bench,SVG,instrument-2026-10-06T13-47-55.237Z,mixed-5000-seed-41544c53,pan,frame_interval_ms,ms,22,66.79999999998836
Atlas,10690f7a4726+bench,SVG,instrument-2026-10-06T13-47-55.237Z,mixed-5000-seed-41544c53,pan,camera_api_sync_ms,ms,22,0
Atlas,10690f7a4726+bench,SVG,instrument-2026-10-06T13-47-55.237Z,mixed-5000-seed-41544c53,pan,frame_interval_ms,ms,23,50.10000000000582
Atlas,10690f7a4726+bench,SVG,instrument-2026-10-06T13-47-55.237Z,mixed-5000-seed-41544c53,pan,camera_api_sync_ms,ms,23,0
Atlas,10690f7a4726+bench,SVG,instrument-2026-10-06T13-47-55.237Z,mixed-5000-seed-41544c53,pan,frame_interval_ms,ms,24,66.70000000001164
Atlas,10690f7a4726+bench,SVG,instrument-2026-10-06T13-47-55.237Z,mixed-5000-seed-41544c53,pan,camera_api_sync_ms,ms,24,0.10000014305114746
Atlas,10690f7a4726+bench,SVG,instrument-2026-10-06T13-47-55.237Z,mixed-5000-seed-41544c53,pan,frame_interval_ms,ms,25,83.29999999998836
Atlas,10690f7a4726+bench,SVG,instrument-2026-10-06T13-47-55.237Z,mixed-5000-seed-41544c53,pan,camera_api_sync_ms,ms,25,0.10000014305114746
Atlas,10690f7a4726+bench,SVG,instrument-2026-10-06T13-47-55.237Z,mixed-5000-seed-41544c53,pan,motion_elapsed_ms,ms,0,1567.8999999999942
Atlas,10690f7a4726+bench,SVG,instrument-2026-10-06T13-47-55.237Z,mixed-5000-seed-41544c53,pan,camera_updates,count,0,26
Atlas,10690f7a4726+bench,SVG,instrument-2026-10-06T13-47-55.237Z,mixed-5000-seed-41544c53,pan,svg_attribute_writes,count,0,649870
Atlas,10690f7a4726+bench,SVG,instrument-2026-10-06T13-47-55.237Z,mixed-5000-seed-41544c53,pan,renderer_scene_reads,count,0,26
Atlas,10690f7a4726+bench,SVG,instrument-2026-10-06T13-47-55.237Z,mixed-5000-seed-41544c53,pan,root_iterator_creations,count,0,26
Atlas,10690f7a4726+bench,SVG,instrument-2026-10-06T13-47-55.237Z,mixed-5000-seed-41544c53,pan,root_iterator_next_calls,count,0,130000
Atlas,10690f7a4726+bench,SVG,instrument-2026-10-06T13-47-55.237Z,mixed-5000-seed-41544c53,pan,route_membership_reads,count,0,78000
Atlas,10690f7a4726+bench,SVG,instrument-2026-10-06T13-47-55.237Z,mixed-5000-seed-41544c53,pan,svg_attribute_removals,count,0,311896
Atlas,10690f7a4726+bench,SVG,instrument-2026-10-06T13-47-55.237Z,mixed-5000-seed-41544c53,pan,renderer_calls,count,0,26
Atlas,10690f7a4726+bench,SVG,instrument-2026-10-06T13-47-55.237Z,mixed-5000-seed-41544c53,pan,layout_rect_reads,count,0,0
Atlas,10690f7a4726+bench,SVG,instrument-2026-10-06T13-47-55.237Z,mixed-5000-seed-41544c53,pan,instrumented_renderer_callback_ms,ms,0,17.5
Atlas,10690f7a4726+bench,SVG,instrument-2026-10-06T13-47-55.237Z,mixed-5000-seed-41544c53,pan,instrumented_renderer_callback_ms,ms,1,16.300000190734863
Atlas,10690f7a4726+bench,SVG,instrument-2026-10-06T13-47-55.237Z,mixed-5000-seed-41544c53,pan,instrumented_renderer_callback_ms,ms,2,16.700000047683716
Atlas,10690f7a4726+bench,SVG,instrument-2026-10-06T13-47-55.237Z,mixed-5000-seed-41544c53,pan,instrumented_renderer_callback_ms,ms,3,16.700000047683716
Atlas,10690f7a4726+bench,SVG,instrument-2026-10-06T13-47-55.237Z,mixed-5000-seed-41544c53,pan,instrumented_renderer_callback_ms,ms,4,17
Atlas,10690f7a4726+bench,SVG,instrument-2026-10-06T13-47-55.237Z,mixed-5000-seed-41544c53,pan,instrumented_renderer_callback_ms,ms,5,16.799999952316284
Atlas,10690f7a4726+bench,SVG,instrument-2026-10-06T13-47-55.237Z,mixed-5000-seed-41544c53,pan,instrumented_renderer_callback_ms,ms,6,17.700000047683716
Atlas,10690f7a4726+bench,SVG,instrument-2026-10-06T13-47-55.237Z,mixed-5000-seed-41544c53,pan,instrumented_renderer_callback_ms,ms,7,22.40000009536743
Atlas,10690f7a4726+bench,SVG,instrument-2026-10-06T13-47-55.237Z,mixed-5000-seed-41544c53,pan,instrumented_renderer_callback_ms,ms,8,17.300000190734863
Atlas,10690f7a4726+bench,SVG,instrument-2026-10-06T13-47-55.237Z,mixed-5000-seed-41544c53,pan,instrumented_renderer_callback_ms,ms,9,17.799999952316284
Atlas,10690f7a4726+bench,SVG,instrument-2026-10-06T13-47-55.237Z,mixed-5000-seed-41544c53,pan,instrumented_renderer_callback_ms,ms,10,19.299999952316284
Atlas,10690f7a4726+bench,SVG,instrument-2026-10-06T13-47-55.237Z,mixed-5000-seed-41544c53,pan,instrumented_renderer_callback_ms,ms,11,17.100000143051147
Atlas,10690f7a4726+bench,SVG,instrument-2026-10-06T13-47-55.237Z,mixed-5000-seed-41544c53,pan,instrumented_renderer_callback_ms,ms,12,16.899999856948853
Atlas,10690f7a4726+bench,SVG,instrument-2026-10-06T13-47-55.237Z,mixed-5000-seed-41544c53,pan,instrumented_renderer_callback_ms,ms,13,17.200000047683716
Atlas,10690f7a4726+bench,SVG,instrument-2026-10-06T13-47-55.237Z,mixed-5000-seed-41544c53,pan,instrumented_renderer_callback_ms,ms,14,17
Atlas,10690f7a4726+bench,SVG,instrument-2026-10-06T13-47-55.237Z,mixed-5000-seed-41544c53,pan,instrumented_renderer_callback_ms,ms,15,17.100000143051147
Atlas,10690f7a4726+bench,SVG,instrument-2026-10-06T13-47-55.237Z,mixed-5000-seed-41544c53,pan,instrumented_renderer_callback_ms,ms,16,17
Atlas,10690f7a4726+bench,SVG,instrument-2026-10-06T13-47-55.237Z,mixed-5000-seed-41544c53,pan,instrumented_renderer_callback_ms,ms,17,17.299999952316284
Atlas,10690f7a4726+bench,SVG,instrument-2026-10-06T13-47-55.237Z,mixed-5000-seed-41544c53,pan,instrumented_renderer_callback_ms,ms,18,21.399999856948853
Atlas,10690f7a4726+bench,SVG,instrument-2026-10-06T13-47-55.237Z,mixed-5000-seed-41544c53,pan,instrumented_renderer_callback_ms,ms,19,17.300000190734863
Atlas,10690f7a4726+bench,SVG,instrument-2026-10-06T13-47-55.237Z,mixed-5000-seed-41544c53,pan,instrumented_renderer_callback_ms,ms,20,17.5
Atlas,10690f7a4726+bench,SVG,instrument-2026-10-06T13-47-55.237Z,mixed-5000-seed-41544c53,pan,instrumented_renderer_callback_ms,ms,21,17.59999990463257
Atlas,10690f7a4726+bench,SVG,instrument-2026-10-06T13-47-55.237Z,mixed-5000-seed-41544c53,pan,instrumented_renderer_callback_ms,ms,22,17.600000143051147
Atlas,10690f7a4726+bench,SVG,instrument-2026-10-06T13-47-55.237Z,mixed-5000-seed-41544c53,pan,instrumented_renderer_callback_ms,ms,23,17.299999952316284
Atlas,10690f7a4726+bench,SVG,instrument-2026-10-06T13-47-55.237Z,mixed-5000-seed-41544c53,pan,instrumented_renderer_callback_ms,ms,24,33.299999952316284
Atlas,10690f7a4726+bench,SVG,instrument-2026-10-06T13-47-55.237Z,mixed-5000-seed-41544c53,pan,instrumented_renderer_callback_ms,ms,25,17.299999952316284
Atlas,10690f7a4726+bench,SVG,instrument-2026-10-06T13-47-55.237Z,mixed-5000-seed-41544c53,pan,cleanup_renderer_calls,count,0,0
Atlas,10690f7a4726+bench,SVG,instrument-2026-10-06T13-47-55.237Z,mixed-5000-seed-41544c53,pan,cleanup_stage_children,count,0,0
Atlas,10690f7a4726+bench,SVG,instrument-2026-10-06T13-47-55.237Z,mixed-5000-seed-41544c53,zoom,frame_interval_ms,ms,0,16.699999999982538
Atlas,10690f7a4726+bench,SVG,instrument-2026-10-06T13-47-55.237Z,mixed-5000-seed-41544c53,zoom,camera_api_sync_ms,ms,0,0
Atlas,10690f7a4726+bench,SVG,instrument-2026-10-06T13-47-55.237Z,mixed-5000-seed-41544c53,zoom,frame_interval_ms,ms,1,16.70000000001164
Atlas,10690f7a4726+bench,SVG,instrument-2026-10-06T13-47-55.237Z,mixed-5000-seed-41544c53,zoom,camera_api_sync_ms,ms,1,0
Atlas,10690f7a4726+bench,SVG,instrument-2026-10-06T13-47-55.237Z,mixed-5000-seed-41544c53,zoom,frame_interval_ms,ms,2,66.70000000001164
Atlas,10690f7a4726+bench,SVG,instrument-2026-10-06T13-47-55.237Z,mixed-5000-seed-41544c53,zoom,camera_api_sync_ms,ms,2,0
Atlas,10690f7a4726+bench,SVG,instrument-2026-10-06T13-47-55.237Z,mixed-5000-seed-41544c53,zoom,frame_interval_ms,ms,3,66.69999999998254
Atlas,10690f7a4726+bench,SVG,instrument-2026-10-06T13-47-55.237Z,mixed-5000-seed-41544c53,zoom,camera_api_sync_ms,ms,3,0.09999990463256836
Atlas,10690f7a4726+bench,SVG,instrument-2026-10-06T13-47-55.237Z,mixed-5000-seed-41544c53,zoom,frame_interval_ms,ms,4,66.70000000001164
Atlas,10690f7a4726+bench,SVG,instrument-2026-10-06T13-47-55.237Z,mixed-5000-seed-41544c53,zoom,camera_api_sync_ms,ms,4,0
Atlas,10690f7a4726+bench,SVG,instrument-2026-10-06T13-47-55.237Z,mixed-5000-seed-41544c53,zoom,frame_interval_ms,ms,5,83.39999999999418
Atlas,10690f7a4726+bench,SVG,instrument-2026-10-06T13-47-55.237Z,mixed-5000-seed-41544c53,zoom,camera_api_sync_ms,ms,5,0
Atlas,10690f7a4726+bench,SVG,instrument-2026-10-06T13-47-55.237Z,mixed-5000-seed-41544c53,zoom,frame_interval_ms,ms,6,66.70000000001164
Atlas,10690f7a4726+bench,SVG,instrument-2026-10-06T13-47-55.237Z,mixed-5000-seed-41544c53,zoom,camera_api_sync_ms,ms,6,0.09999990463256836
Atlas,10690f7a4726+bench,SVG,instrument-2026-10-06T13-47-55.237Z,mixed-5000-seed-41544c53,zoom,frame_interval_ms,ms,7,83.39999999999418
Atlas,10690f7a4726+bench,SVG,instrument-2026-10-06T13-47-55.237Z,mixed-5000-seed-41544c53,zoom,camera_api_sync_ms,ms,7,0
Atlas,10690f7a4726+bench,SVG,instrument-2026-10-06T13-47-55.237Z,mixed-5000-seed-41544c53,zoom,frame_interval_ms,ms,8,66.79999999998836
Atlas,10690f7a4726+bench,SVG,instrument-2026-10-06T13-47-55.237Z,mixed-5000-seed-41544c53,zoom,camera_api_sync_ms,ms,8,0
Atlas,10690f7a4726+bench,SVG,instrument-2026-10-06T13-47-55.237Z,mixed-5000-seed-41544c53,zoom,frame_interval_ms,ms,9,66.60000000000582
Atlas,10690f7a4726+bench,SVG,instrument-2026-10-06T13-47-55.237Z,mixed-5000-seed-41544c53,zoom,camera_api_sync_ms,ms,9,0
Atlas,10690f7a4726+bench,SVG,instrument-2026-10-06T13-47-55.237Z,mixed-5000-seed-41544c53,zoom,frame_interval_ms,ms,10,83.5
Atlas,10690f7a4726+bench,SVG,instrument-2026-10-06T13-47-55.237Z,mixed-5000-seed-41544c53,zoom,camera_api_sync_ms,ms,10,0
Atlas,10690f7a4726+bench,SVG,instrument-2026-10-06T13-47-55.237Z,mixed-5000-seed-41544c53,zoom,frame_interval_ms,ms,11,66.70000000001164
Atlas,10690f7a4726+bench,SVG,instrument-2026-10-06T13-47-55.237Z,mixed-5000-seed-41544c53,zoom,camera_api_sync_ms,ms,11,0.10000014305114746
Atlas,10690f7a4726+bench,SVG,instrument-2026-10-06T13-47-55.237Z,mixed-5000-seed-41544c53,zoom,frame_interval_ms,ms,12,66.69999999998254
Atlas,10690f7a4726+bench,SVG,instrument-2026-10-06T13-47-55.237Z,mixed-5000-seed-41544c53,zoom,camera_api_sync_ms,ms,12,0
Atlas,10690f7a4726+bench,SVG,instrument-2026-10-06T13-47-55.237Z,mixed-5000-seed-41544c53,zoom,frame_interval_ms,ms,13,50.10000000000582
Atlas,10690f7a4726+bench,SVG,instrument-2026-10-06T13-47-55.237Z,mixed-5000-seed-41544c53,zoom,camera_api_sync_ms,ms,13,0
Atlas,10690f7a4726+bench,SVG,instrument-2026-10-06T13-47-55.237Z,mixed-5000-seed-41544c53,zoom,frame_interval_ms,ms,14,66.70000000001164
Atlas,10690f7a4726+bench,SVG,instrument-2026-10-06T13-47-55.237Z,mixed-5000-seed-41544c53,zoom,camera_api_sync_ms,ms,14,0
Atlas,10690f7a4726+bench,SVG,instrument-2026-10-06T13-47-55.237Z,mixed-5000-seed-41544c53,zoom,frame_interval_ms,ms,15,66.69999999998254
Atlas,10690f7a4726+bench,SVG,instrument-2026-10-06T13-47-55.237Z,mixed-5000-seed-41544c53,zoom,camera_api_sync_ms,ms,15,0
Atlas,10690f7a4726+bench,SVG,instrument-2026-10-06T13-47-55.237Z,mixed-5000-seed-41544c53,zoom,frame_interval_ms,ms,16,66.80000000001746
Atlas,10690f7a4726+bench,SVG,instrument-2026-10-06T13-47-55.237Z,mixed-5000-seed-41544c53,zoom,camera_api_sync_ms,ms,16,0
Atlas,10690f7a4726+bench,SVG,instrument-2026-10-06T13-47-55.237Z,mixed-5000-seed-41544c53,zoom,frame_interval_ms,ms,17,66.59999999997672
Atlas,10690f7a4726+bench,SVG,instrument-2026-10-06T13-47-55.237Z,mixed-5000-seed-41544c53,zoom,camera_api_sync_ms,ms,17,0
Atlas,10690f7a4726+bench,SVG,instrument-2026-10-06T13-47-55.237Z,mixed-5000-seed-41544c53,zoom,frame_interval_ms,ms,18,83.40000000002328
Atlas,10690f7a4726+bench,SVG,instrument-2026-10-06T13-47-55.237Z,mixed-5000-seed-41544c53,zoom,camera_api_sync_ms,ms,18,0.09999990463256836
Atlas,10690f7a4726+bench,SVG,instrument-2026-10-06T13-47-55.237Z,mixed-5000-seed-41544c53,zoom,frame_interval_ms,ms,19,83.39999999999418
Atlas,10690f7a4726+bench,SVG,instrument-2026-10-06T13-47-55.237Z,mixed-5000-seed-41544c53,zoom,camera_api_sync_ms,ms,19,0
Atlas,10690f7a4726+bench,SVG,instrument-2026-10-06T13-47-55.237Z,mixed-5000-seed-41544c53,zoom,frame_interval_ms,ms,20,83.5
Atlas,10690f7a4726+bench,SVG,instrument-2026-10-06T13-47-55.237Z,mixed-5000-seed-41544c53,zoom,camera_api_sync_ms,ms,20,0.10000014305114746
Atlas,10690f7a4726+bench,SVG,instrument-2026-10-06T13-47-55.237Z,mixed-5000-seed-41544c53,zoom,frame_interval_ms,ms,21,83.29999999998836
Atlas,10690f7a4726+bench,SVG,instrument-2026-10-06T13-47-55.237Z,mixed-5000-seed-41544c53,zoom,camera_api_sync_ms,ms,21,0.10000014305114746
Atlas,10690f7a4726+bench,SVG,instrument-2026-10-06T13-47-55.237Z,mixed-5000-seed-41544c53,zoom,frame_interval_ms,ms,22,83.39999999999418
Atlas,10690f7a4726+bench,SVG,instrument-2026-10-06T13-47-55.237Z,mixed-5000-seed-41544c53,zoom,camera_api_sync_ms,ms,22,0.10000014305114746
Atlas,10690f7a4726+bench,SVG,instrument-2026-10-06T13-47-55.237Z,mixed-5000-seed-41544c53,zoom,motion_elapsed_ms,ms,0,1551.1999999999825
Atlas,10690f7a4726+bench,SVG,instrument-2026-10-06T13-47-55.237Z,mixed-5000-seed-41544c53,zoom,camera_updates,count,0,23
Atlas,10690f7a4726+bench,SVG,instrument-2026-10-06T13-47-55.237Z,mixed-5000-seed-41544c53,zoom,svg_attribute_writes,count,0,574885
Atlas,10690f7a4726+bench,SVG,instrument-2026-10-06T13-47-55.237Z,mixed-5000-seed-41544c53,zoom,renderer_scene_reads,count,0,23
Atlas,10690f7a4726+bench,SVG,instrument-2026-10-06T13-47-55.237Z,mixed-5000-seed-41544c53,zoom,root_iterator_creations,count,0,23
Atlas,10690f7a4726+bench,SVG,instrument-2026-10-06T13-47-55.237Z,mixed-5000-seed-41544c53,zoom,root_iterator_next_calls,count,0,115000
Atlas,10690f7a4726+bench,SVG,instrument-2026-10-06T13-47-55.237Z,mixed-5000-seed-41544c53,zoom,route_membership_reads,count,0,69000
Atlas,10690f7a4726+bench,SVG,instrument-2026-10-06T13-47-55.237Z,mixed-5000-seed-41544c53,zoom,svg_attribute_removals,count,0,275908
Atlas,10690f7a4726+bench,SVG,instrument-2026-10-06T13-47-55.237Z,mixed-5000-seed-41544c53,zoom,renderer_calls,count,0,23
Atlas,10690f7a4726+bench,SVG,instrument-2026-10-06T13-47-55.237Z,mixed-5000-seed-41544c53,zoom,layout_rect_reads,count,0,0
Atlas,10690f7a4726+bench,SVG,instrument-2026-10-06T13-47-55.237Z,mixed-5000-seed-41544c53,zoom,instrumented_renderer_callback_ms,ms,0,17.700000047683716
Atlas,10690f7a4726+bench,SVG,instrument-2026-10-06T13-47-55.237Z,mixed-5000-seed-41544c53,zoom,instrumented_renderer_callback_ms,ms,1,18.200000047683716
Atlas,10690f7a4726+bench,SVG,instrument-2026-10-06T13-47-55.237Z,mixed-5000-seed-41544c53,zoom,instrumented_renderer_callback_ms,ms,2,18.200000047683716
Atlas,10690f7a4726+bench,SVG,instrument-2026-10-06T13-47-55.237Z,mixed-5000-seed-41544c53,zoom,instrumented_renderer_callback_ms,ms,3,18.59999990463257
Atlas,10690f7a4726+bench,SVG,instrument-2026-10-06T13-47-55.237Z,mixed-5000-seed-41544c53,zoom,instrumented_renderer_callback_ms,ms,4,20.59999990463257
Atlas,10690f7a4726+bench,SVG,instrument-2026-10-06T13-47-55.237Z,mixed-5000-seed-41544c53,zoom,instrumented_renderer_callback_ms,ms,5,25
Atlas,10690f7a4726+bench,SVG,instrument-2026-10-06T13-47-55.237Z,mixed-5000-seed-41544c53,zoom,instrumented_renderer_callback_ms,ms,6,20.899999856948853
Atlas,10690f7a4726+bench,SVG,instrument-2026-10-06T13-47-55.237Z,mixed-5000-seed-41544c53,zoom,instrumented_renderer_callback_ms,ms,7,19.5
Atlas,10690f7a4726+bench,SVG,instrument-2026-10-06T13-47-55.237Z,mixed-5000-seed-41544c53,zoom,instrumented_renderer_callback_ms,ms,8,20.299999952316284
Atlas,10690f7a4726+bench,SVG,instrument-2026-10-06T13-47-55.237Z,mixed-5000-seed-41544c53,zoom,instrumented_renderer_callback_ms,ms,9,19.399999856948853
Atlas,10690f7a4726+bench,SVG,instrument-2026-10-06T13-47-55.237Z,mixed-5000-seed-41544c53,zoom,instrumented_renderer_callback_ms,ms,10,19.299999952316284
Atlas,10690f7a4726+bench,SVG,instrument-2026-10-06T13-47-55.237Z,mixed-5000-seed-41544c53,zoom,instrumented_renderer_callback_ms,ms,11,19.200000047683716
Atlas,10690f7a4726+bench,SVG,instrument-2026-10-06T13-47-55.237Z,mixed-5000-seed-41544c53,zoom,instrumented_renderer_callback_ms,ms,12,19.5
Atlas,10690f7a4726+bench,SVG,instrument-2026-10-06T13-47-55.237Z,mixed-5000-seed-41544c53,zoom,instrumented_renderer_callback_ms,ms,13,19.100000143051147
Atlas,10690f7a4726+bench,SVG,instrument-2026-10-06T13-47-55.237Z,mixed-5000-seed-41544c53,zoom,instrumented_renderer_callback_ms,ms,14,19.100000143051147
Atlas,10690f7a4726+bench,SVG,instrument-2026-10-06T13-47-55.237Z,mixed-5000-seed-41544c53,zoom,instrumented_renderer_callback_ms,ms,15,19.399999856948853
Atlas,10690f7a4726+bench,SVG,instrument-2026-10-06T13-47-55.237Z,mixed-5000-seed-41544c53,zoom,instrumented_renderer_callback_ms,ms,16,23.799999952316284
Atlas,10690f7a4726+bench,SVG,instrument-2026-10-06T13-47-55.237Z,mixed-5000-seed-41544c53,zoom,instrumented_renderer_callback_ms,ms,17,19.799999952316284
Atlas,10690f7a4726+bench,SVG,instrument-2026-10-06T13-47-55.237Z,mixed-5000-seed-41544c53,zoom,instrumented_renderer_callback_ms,ms,18,20.90000009536743
Atlas,10690f7a4726+bench,SVG,instrument-2026-10-06T13-47-55.237Z,mixed-5000-seed-41544c53,zoom,instrumented_renderer_callback_ms,ms,19,20.59999990463257
Atlas,10690f7a4726+bench,SVG,instrument-2026-10-06T13-47-55.237Z,mixed-5000-seed-41544c53,zoom,instrumented_renderer_callback_ms,ms,20,20.899999856948853
Atlas,10690f7a4726+bench,SVG,instrument-2026-10-06T13-47-55.237Z,mixed-5000-seed-41544c53,zoom,instrumented_renderer_callback_ms,ms,21,20.700000047683716
Atlas,10690f7a4726+bench,SVG,instrument-2026-10-06T13-47-55.237Z,mixed-5000-seed-41544c53,zoom,instrumented_renderer_callback_ms,ms,22,21.40000009536743
Atlas,10690f7a4726+bench,SVG,instrument-2026-10-06T13-47-55.237Z,mixed-5000-seed-41544c53,zoom,cleanup_renderer_calls,count,0,0
Atlas,10690f7a4726+bench,SVG,instrument-2026-10-06T13-47-55.237Z,mixed-5000-seed-41544c53,zoom,cleanup_stage_children,count,0,0
Atlas,10690f7a4726+bench,SVG,instrument-2026-10-06T13-47-55.237Z,mixed-5000-seed-41544c53,hit,spatial_hit_test_sync_ms,ms,0,0.40000009536743164
Atlas,10690f7a4726+bench,SVG,instrument-2026-10-06T13-47-55.237Z,mixed-5000-seed-41544c53,hit,spatial_hit_test_sync_ms,ms,1,0.3000001907348633
Atlas,10690f7a4726+bench,SVG,instrument-2026-10-06T13-47-55.237Z,mixed-5000-seed-41544c53,hit,spatial_hit_test_sync_ms,ms,2,0.39999985694885254
Atlas,10690f7a4726+bench,SVG,instrument-2026-10-06T13-47-55.237Z,mixed-5000-seed-41544c53,hit,spatial_hit_test_sync_ms,ms,3,0.40000009536743164
Atlas,10690f7a4726+bench,SVG,instrument-2026-10-06T13-47-55.237Z,mixed-5000-seed-41544c53,hit,spatial_hit_test_sync_ms,ms,4,0.2999999523162842
Atlas,10690f7a4726+bench,SVG,instrument-2026-10-06T13-47-55.237Z,mixed-5000-seed-41544c53,hit,spatial_hit_test_sync_ms,ms,5,0.40000009536743164
Atlas,10690f7a4726+bench,SVG,instrument-2026-10-06T13-47-55.237Z,mixed-5000-seed-41544c53,hit,spatial_hit_test_sync_ms,ms,6,0.39999985694885254
Atlas,10690f7a4726+bench,SVG,instrument-2026-10-06T13-47-55.237Z,mixed-5000-seed-41544c53,hit,spatial_hit_test_sync_ms,ms,7,0.2999999523162842
Atlas,10690f7a4726+bench,SVG,instrument-2026-10-06T13-47-55.237Z,mixed-5000-seed-41544c53,hit,spatial_hit_test_sync_ms,ms,8,0.2999999523162842
Atlas,10690f7a4726+bench,SVG,instrument-2026-10-06T13-47-55.237Z,mixed-5000-seed-41544c53,hit,spatial_hit_test_sync_ms,ms,9,0.40000009536743164
Atlas,10690f7a4726+bench,SVG,instrument-2026-10-06T13-47-55.237Z,mixed-5000-seed-41544c53,hit,spatial_hit_test_sync_ms,ms,10,0.39999985694885254
Atlas,10690f7a4726+bench,SVG,instrument-2026-10-06T13-47-55.237Z,mixed-5000-seed-41544c53,hit,spatial_hit_test_sync_ms,ms,11,0.2999999523162842
Atlas,10690f7a4726+bench,SVG,instrument-2026-10-06T13-47-55.237Z,mixed-5000-seed-41544c53,hit,spatial_hit_test_sync_ms,ms,12,0.40000009536743164
Atlas,10690f7a4726+bench,SVG,instrument-2026-10-06T13-47-55.237Z,mixed-5000-seed-41544c53,hit,spatial_hit_test_sync_ms,ms,13,0.40000009536743164
Atlas,10690f7a4726+bench,SVG,instrument-2026-10-06T13-47-55.237Z,mixed-5000-seed-41544c53,hit,spatial_hit_test_sync_ms,ms,14,0.2999999523162842
Atlas,10690f7a4726+bench,SVG,instrument-2026-10-06T13-47-55.237Z,mixed-5000-seed-41544c53,hit,spatial_hit_test_sync_ms,ms,15,0.39999985694885254
Atlas,10690f7a4726+bench,SVG,instrument-2026-10-06T13-47-55.237Z,mixed-5000-seed-41544c53,hit,spatial_hit_test_sync_ms,ms,16,0.40000009536743164
Atlas,10690f7a4726+bench,SVG,instrument-2026-10-06T13-47-55.237Z,mixed-5000-seed-41544c53,hit,spatial_hit_test_sync_ms,ms,17,0.2999999523162842
Atlas,10690f7a4726+bench,SVG,instrument-2026-10-06T13-47-55.237Z,mixed-5000-seed-41544c53,hit,spatial_hit_test_sync_ms,ms,18,0.40000009536743164
Atlas,10690f7a4726+bench,SVG,instrument-2026-10-06T13-47-55.237Z,mixed-5000-seed-41544c53,hit,spatial_hit_test_sync_ms,ms,19,0.2999999523162842
Atlas,10690f7a4726+bench,SVG,instrument-2026-10-06T13-47-55.237Z,mixed-5000-seed-41544c53,hit,spatial_hit_test_sync_ms,ms,20,0.40000009536743164
Atlas,10690f7a4726+bench,SVG,instrument-2026-10-06T13-47-55.237Z,mixed-5000-seed-41544c53,hit,spatial_hit_test_sync_ms,ms,21,0.39999985694885254
Atlas,10690f7a4726+bench,SVG,instrument-2026-10-06T13-47-55.237Z,mixed-5000-seed-41544c53,hit,spatial_hit_test_sync_ms,ms,22,0.2999999523162842
Atlas,10690f7a4726+bench,SVG,instrument-2026-10-06T13-47-55.237Z,mixed-5000-seed-41544c53,hit,spatial_hit_test_sync_ms,ms,23,0.2999999523162842
Atlas,10690f7a4726+bench,SVG,instrument-2026-10-06T13-47-55.237Z,mixed-5000-seed-41544c53,hit,spatial_hit_test_sync_ms,ms,24,0.40000009536743164
Atlas,10690f7a4726+bench,SVG,instrument-2026-10-06T13-47-55.237Z,mixed-5000-seed-41544c53,hit,spatial_hit_test_sync_ms,ms,25,0.39999985694885254
Atlas,10690f7a4726+bench,SVG,instrument-2026-10-06T13-47-55.237Z,mixed-5000-seed-41544c53,hit,spatial_hit_test_sync_ms,ms,26,0.2999999523162842
Atlas,10690f7a4726+bench,SVG,instrument-2026-10-06T13-47-55.237Z,mixed-5000-seed-41544c53,hit,spatial_hit_test_sync_ms,ms,27,0.40000009536743164
Atlas,10690f7a4726+bench,SVG,instrument-2026-10-06T13-47-55.237Z,mixed-5000-seed-41544c53,hit,spatial_hit_test_sync_ms,ms,28,0.2999999523162842
Atlas,10690f7a4726+bench,SVG,instrument-2026-10-06T13-47-55.237Z,mixed-5000-seed-41544c53,hit,spatial_hit_test_sync_ms,ms,29,0.40000009536743164
Atlas,10690f7a4726+bench,SVG,instrument-2026-10-06T13-47-55.237Z,mixed-5000-seed-41544c53,hit,spatial_hit_test_sync_ms,ms,30,0.39999985694885254
Atlas,10690f7a4726+bench,SVG,instrument-2026-10-06T13-47-55.237Z,mixed-5000-seed-41544c53,hit,spatial_hit_test_sync_ms,ms,31,0.3000001907348633
Atlas,10690f7a4726+bench,SVG,instrument-2026-10-06T13-47-55.237Z,mixed-5000-seed-41544c53,hit,spatial_hit_test_sync_ms,ms,32,0.5
Atlas,10690f7a4726+bench,SVG,instrument-2026-10-06T13-47-55.237Z,mixed-5000-seed-41544c53,hit,spatial_hit_test_sync_ms,ms,33,0.39999985694885254
Atlas,10690f7a4726+bench,SVG,instrument-2026-10-06T13-47-55.237Z,mixed-5000-seed-41544c53,hit,spatial_hit_test_sync_ms,ms,34,0.2999999523162842
Atlas,10690f7a4726+bench,SVG,instrument-2026-10-06T13-47-55.237Z,mixed-5000-seed-41544c53,hit,spatial_hit_test_sync_ms,ms,35,0.3000001907348633
Atlas,10690f7a4726+bench,SVG,instrument-2026-10-06T13-47-55.237Z,mixed-5000-seed-41544c53,hit,spatial_hit_test_sync_ms,ms,36,0.5
Atlas,10690f7a4726+bench,SVG,instrument-2026-10-06T13-47-55.237Z,mixed-5000-seed-41544c53,hit,spatial_hit_test_sync_ms,ms,37,0.2999999523162842
Atlas,10690f7a4726+bench,SVG,instrument-2026-10-06T13-47-55.237Z,mixed-5000-seed-41544c53,hit,spatial_hit_test_sync_ms,ms,38,0.2999999523162842
Atlas,10690f7a4726+bench,SVG,instrument-2026-10-06T13-47-55.237Z,mixed-5000-seed-41544c53,hit,spatial_hit_test_sync_ms,ms,39,0.40000009536743164
Atlas,10690f7a4726+bench,SVG,instrument-2026-10-06T13-47-55.237Z,mixed-5000-seed-41544c53,hit,spatial_hit_test_sync_ms,ms,40,0.39999985694885254
Atlas,10690f7a4726+bench,SVG,instrument-2026-10-06T13-47-55.237Z,mixed-5000-seed-41544c53,hit,spatial_hit_test_sync_ms,ms,41,0.2999999523162842
Atlas,10690f7a4726+bench,SVG,instrument-2026-10-06T13-47-55.237Z,mixed-5000-seed-41544c53,hit,spatial_hit_test_sync_ms,ms,42,0.40000009536743164
Atlas,10690f7a4726+bench,SVG,instrument-2026-10-06T13-47-55.237Z,mixed-5000-seed-41544c53,hit,spatial_hit_test_sync_ms,ms,43,0.2999999523162842
Atlas,10690f7a4726+bench,SVG,instrument-2026-10-06T13-47-55.237Z,mixed-5000-seed-41544c53,hit,spatial_hit_test_sync_ms,ms,44,0.40000009536743164
Atlas,10690f7a4726+bench,SVG,instrument-2026-10-06T13-47-55.237Z,mixed-5000-seed-41544c53,hit,spatial_hit_test_sync_ms,ms,45,0.2999999523162842
Atlas,10690f7a4726+bench,SVG,instrument-2026-10-06T13-47-55.237Z,mixed-5000-seed-41544c53,hit,spatial_hit_test_sync_ms,ms,46,0.40000009536743164
Atlas,10690f7a4726+bench,SVG,instrument-2026-10-06T13-47-55.237Z,mixed-5000-seed-41544c53,hit,spatial_hit_test_sync_ms,ms,47,0.2999999523162842
Atlas,10690f7a4726+bench,SVG,instrument-2026-10-06T13-47-55.237Z,mixed-5000-seed-41544c53,hit,spatial_hit_test_sync_ms,ms,48,0.39999985694885254
Atlas,10690f7a4726+bench,SVG,instrument-2026-10-06T13-47-55.237Z,mixed-5000-seed-41544c53,hit,spatial_hit_test_sync_ms,ms,49,0.3000001907348633
Atlas,10690f7a4726+bench,SVG,instrument-2026-10-06T13-47-55.237Z,mixed-5000-seed-41544c53,hit,spatial_hit_test_sync_ms,ms,50,0.39999985694885254
Atlas,10690f7a4726+bench,SVG,instrument-2026-10-06T13-47-55.237Z,mixed-5000-seed-41544c53,hit,spatial_hit_test_sync_ms,ms,51,0.40000009536743164
Atlas,10690f7a4726+bench,SVG,instrument-2026-10-06T13-47-55.237Z,mixed-5000-seed-41544c53,hit,spatial_hit_test_sync_ms,ms,52,0.39999985694885254
Atlas,10690f7a4726+bench,SVG,instrument-2026-10-06T13-47-55.237Z,mixed-5000-seed-41544c53,hit,spatial_hit_test_sync_ms,ms,53,1.5
Atlas,10690f7a4726+bench,SVG,instrument-2026-10-06T13-47-55.237Z,mixed-5000-seed-41544c53,hit,spatial_hit_test_sync_ms,ms,54,0.2999999523162842
Atlas,10690f7a4726+bench,SVG,instrument-2026-10-06T13-47-55.237Z,mixed-5000-seed-41544c53,hit,spatial_hit_test_sync_ms,ms,55,0.40000009536743164
Atlas,10690f7a4726+bench,SVG,instrument-2026-10-06T13-47-55.237Z,mixed-5000-seed-41544c53,hit,spatial_hit_test_sync_ms,ms,56,0.2999999523162842
Atlas,10690f7a4726+bench,SVG,instrument-2026-10-06T13-47-55.237Z,mixed-5000-seed-41544c53,hit,spatial_hit_test_sync_ms,ms,57,0.2999999523162842
Atlas,10690f7a4726+bench,SVG,instrument-2026-10-06T13-47-55.237Z,mixed-5000-seed-41544c53,hit,spatial_hit_test_sync_ms,ms,58,0.40000009536743164
Atlas,10690f7a4726+bench,SVG,instrument-2026-10-06T13-47-55.237Z,mixed-5000-seed-41544c53,hit,spatial_hit_test_sync_ms,ms,59,0.5
Atlas,10690f7a4726+bench,SVG,instrument-2026-10-06T13-47-55.237Z,mixed-5000-seed-41544c53,hit,spatial_hit_test_sync_ms,ms,60,0.2999999523162842
Atlas,10690f7a4726+bench,SVG,instrument-2026-10-06T13-47-55.237Z,mixed-5000-seed-41544c53,hit,spatial_hit_test_sync_ms,ms,61,0.39999985694885254
Atlas,10690f7a4726+bench,SVG,instrument-2026-10-06T13-47-55.237Z,mixed-5000-seed-41544c53,hit,spatial_hit_test_sync_ms,ms,62,0.40000009536743164
Atlas,10690f7a4726+bench,SVG,instrument-2026-10-06T13-47-55.237Z,mixed-5000-seed-41544c53,hit,spatial_hit_test_sync_ms,ms,63,0.2999999523162842
Atlas,10690f7a4726+bench,SVG,instrument-2026-10-06T13-47-55.237Z,mixed-5000-seed-41544c53,hit,spatial_hit_test_sync_ms,ms,64,0.40000009536743164
Atlas,10690f7a4726+bench,SVG,instrument-2026-10-06T13-47-55.237Z,mixed-5000-seed-41544c53,hit,spatial_hit_test_sync_ms,ms,65,0.2999999523162842
Atlas,10690f7a4726+bench,SVG,instrument-2026-10-06T13-47-55.237Z,mixed-5000-seed-41544c53,hit,spatial_hit_test_sync_ms,ms,66,0.40000009536743164
Atlas,10690f7a4726+bench,SVG,instrument-2026-10-06T13-47-55.237Z,mixed-5000-seed-41544c53,hit,spatial_hit_test_sync_ms,ms,67,0.39999985694885254
Atlas,10690f7a4726+bench,SVG,instrument-2026-10-06T13-47-55.237Z,mixed-5000-seed-41544c53,hit,spatial_hit_test_sync_ms,ms,68,0.40000009536743164
Atlas,10690f7a4726+bench,SVG,instrument-2026-10-06T13-47-55.237Z,mixed-5000-seed-41544c53,hit,spatial_hit_test_sync_ms,ms,69,0.2999999523162842
Atlas,10690f7a4726+bench,SVG,instrument-2026-10-06T13-47-55.237Z,mixed-5000-seed-41544c53,hit,spatial_hit_test_sync_ms,ms,70,0.40000009536743164
Atlas,10690f7a4726+bench,SVG,instrument-2026-10-06T13-47-55.237Z,mixed-5000-seed-41544c53,hit,spatial_hit_test_sync_ms,ms,71,0.2999999523162842
Atlas,10690f7a4726+bench,SVG,instrument-2026-10-06T13-47-55.237Z,mixed-5000-seed-41544c53,hit,spatial_hit_test_sync_ms,ms,72,0.39999985694885254
Atlas,10690f7a4726+bench,SVG,instrument-2026-10-06T13-47-55.237Z,mixed-5000-seed-41544c53,hit,spatial_hit_test_sync_ms,ms,73,0.3000001907348633
Atlas,10690f7a4726+bench,SVG,instrument-2026-10-06T13-47-55.237Z,mixed-5000-seed-41544c53,hit,spatial_hit_test_sync_ms,ms,74,0.39999985694885254
Atlas,10690f7a4726+bench,SVG,instrument-2026-10-06T13-47-55.237Z,mixed-5000-seed-41544c53,hit,spatial_hit_test_sync_ms,ms,75,0.2999999523162842
Atlas,10690f7a4726+bench,SVG,instrument-2026-10-06T13-47-55.237Z,mixed-5000-seed-41544c53,hit,spatial_hit_test_sync_ms,ms,76,0.40000009536743164
Atlas,10690f7a4726+bench,SVG,instrument-2026-10-06T13-47-55.237Z,mixed-5000-seed-41544c53,hit,spatial_hit_test_sync_ms,ms,77,0.2999999523162842
Atlas,10690f7a4726+bench,SVG,instrument-2026-10-06T13-47-55.237Z,mixed-5000-seed-41544c53,hit,spatial_hit_test_sync_ms,ms,78,0.5
Atlas,10690f7a4726+bench,SVG,instrument-2026-10-06T13-47-55.237Z,mixed-5000-seed-41544c53,hit,spatial_hit_test_sync_ms,ms,79,0.2999999523162842
Atlas,10690f7a4726+bench,SVG,instrument-2026-10-06T13-47-55.237Z,mixed-5000-seed-41544c53,hit,spatial_hit_test_sync_ms,ms,80,0.40000009536743164
Atlas,10690f7a4726+bench,SVG,instrument-2026-10-06T13-47-55.237Z,mixed-5000-seed-41544c53,hit,spatial_hit_test_sync_ms,ms,81,0.40000009536743164
Atlas,10690f7a4726+bench,SVG,instrument-2026-10-06T13-47-55.237Z,mixed-5000-seed-41544c53,hit,spatial_hit_test_sync_ms,ms,82,0.39999985694885254
Atlas,10690f7a4726+bench,SVG,instrument-2026-10-06T13-47-55.237Z,mixed-5000-seed-41544c53,hit,spatial_hit_test_sync_ms,ms,83,0.2999999523162842
Atlas,10690f7a4726+bench,SVG,instrument-2026-10-06T13-47-55.237Z,mixed-5000-seed-41544c53,hit,spatial_hit_test_sync_ms,ms,84,0.40000009536743164
Atlas,10690f7a4726+bench,SVG,instrument-2026-10-06T13-47-55.237Z,mixed-5000-seed-41544c53,hit,spatial_hit_test_sync_ms,ms,85,0.40000009536743164
Atlas,10690f7a4726+bench,SVG,instrument-2026-10-06T13-47-55.237Z,mixed-5000-seed-41544c53,hit,spatial_hit_test_sync_ms,ms,86,0.39999985694885254
Atlas,10690f7a4726+bench,SVG,instrument-2026-10-06T13-47-55.237Z,mixed-5000-seed-41544c53,hit,spatial_hit_test_sync_ms,ms,87,0.40000009536743164
Atlas,10690f7a4726+bench,SVG,instrument-2026-10-06T13-47-55.237Z,mixed-5000-seed-41544c53,hit,spatial_hit_test_sync_ms,ms,88,0.2999999523162842
Atlas,10690f7a4726+bench,SVG,instrument-2026-10-06T13-47-55.237Z,mixed-5000-seed-41544c53,hit,spatial_hit_test_sync_ms,ms,89,0.5
Atlas,10690f7a4726+bench,SVG,instrument-2026-10-06T13-47-55.237Z,mixed-5000-seed-41544c53,hit,spatial_hit_test_sync_ms,ms,90,0.2999999523162842
Atlas,10690f7a4726+bench,SVG,instrument-2026-10-06T13-47-55.237Z,mixed-5000-seed-41544c53,hit,spatial_hit_test_sync_ms,ms,91,0.40000009536743164
Atlas,10690f7a4726+bench,SVG,instrument-2026-10-06T13-47-55.237Z,mixed-5000-seed-41544c53,hit,spatial_hit_test_sync_ms,ms,92,0.2999999523162842
Atlas,10690f7a4726+bench,SVG,instrument-2026-10-06T13-47-55.237Z,mixed-5000-seed-41544c53,hit,spatial_hit_test_sync_ms,ms,93,0.40000009536743164
Atlas,10690f7a4726+bench,SVG,instrument-2026-10-06T13-47-55.237Z,mixed-5000-seed-41544c53,hit,spatial_hit_test_sync_ms,ms,94,0.39999985694885254
Atlas,10690f7a4726+bench,SVG,instrument-2026-10-06T13-47-55.237Z,mixed-5000-seed-41544c53,hit,spatial_hit_test_sync_ms,ms,95,0.40000009536743164
Atlas,10690f7a4726+bench,SVG,instrument-2026-10-06T13-47-55.237Z,mixed-5000-seed-41544c53,hit,spatial_hit_test_sync_ms,ms,96,0.2999999523162842
Atlas,10690f7a4726+bench,SVG,instrument-2026-10-06T13-47-55.237Z,mixed-5000-seed-41544c53,hit,spatial_hit_test_sync_ms,ms,97,0.2999999523162842
Atlas,10690f7a4726+bench,SVG,instrument-2026-10-06T13-47-55.237Z,mixed-5000-seed-41544c53,hit,spatial_hit_test_sync_ms,ms,98,0.40000009536743164
Atlas,10690f7a4726+bench,SVG,instrument-2026-10-06T13-47-55.237Z,mixed-5000-seed-41544c53,hit,spatial_hit_test_sync_ms,ms,99,0.2999999523162842
Atlas,10690f7a4726+bench,SVG,instrument-2026-10-06T13-47-55.237Z,mixed-5000-seed-41544c53,hit,spatial_hit_test_sync_ms,ms,100,0.40000009536743164
Atlas,10690f7a4726+bench,SVG,instrument-2026-10-06T13-47-55.237Z,mixed-5000-seed-41544c53,hit,spatial_hit_test_sync_ms,ms,101,0.39999985694885254
Atlas,10690f7a4726+bench,SVG,instrument-2026-10-06T13-47-55.237Z,mixed-5000-seed-41544c53,hit,spatial_hit_test_sync_ms,ms,102,0.2999999523162842
Atlas,10690f7a4726+bench,SVG,instrument-2026-10-06T13-47-55.237Z,mixed-5000-seed-41544c53,hit,spatial_hit_test_sync_ms,ms,103,0.40000009536743164
Atlas,10690f7a4726+bench,SVG,instrument-2026-10-06T13-47-55.237Z,mixed-5000-seed-41544c53,hit,spatial_hit_test_sync_ms,ms,104,0.40000009536743164
Atlas,10690f7a4726+bench,SVG,instrument-2026-10-06T13-47-55.237Z,mixed-5000-seed-41544c53,hit,spatial_hit_test_sync_ms,ms,105,0.39999985694885254
Atlas,10690f7a4726+bench,SVG,instrument-2026-10-06T13-47-55.237Z,mixed-5000-seed-41544c53,hit,spatial_hit_test_sync_ms,ms,106,0.40000009536743164
Atlas,10690f7a4726+bench,SVG,instrument-2026-10-06T13-47-55.237Z,mixed-5000-seed-41544c53,hit,spatial_hit_test_sync_ms,ms,107,0.2999999523162842
Atlas,10690f7a4726+bench,SVG,instrument-2026-10-06T13-47-55.237Z,mixed-5000-seed-41544c53,hit,spatial_hit_test_sync_ms,ms,108,0.40000009536743164
Atlas,10690f7a4726+bench,SVG,instrument-2026-10-06T13-47-55.237Z,mixed-5000-seed-41544c53,hit,spatial_hit_test_sync_ms,ms,109,0.39999985694885254
Atlas,10690f7a4726+bench,SVG,instrument-2026-10-06T13-47-55.237Z,mixed-5000-seed-41544c53,hit,spatial_hit_test_sync_ms,ms,110,0.40000009536743164
Atlas,10690f7a4726+bench,SVG,instrument-2026-10-06T13-47-55.237Z,mixed-5000-seed-41544c53,hit,spatial_hit_test_sync_ms,ms,111,0.2999999523162842
Atlas,10690f7a4726+bench,SVG,instrument-2026-10-06T13-47-55.237Z,mixed-5000-seed-41544c53,hit,spatial_hit_test_sync_ms,ms,112,2
Atlas,10690f7a4726+bench,SVG,instrument-2026-10-06T13-47-55.237Z,mixed-5000-seed-41544c53,hit,spatial_hit_test_sync_ms,ms,113,0.2999999523162842
Atlas,10690f7a4726+bench,SVG,instrument-2026-10-06T13-47-55.237Z,mixed-5000-seed-41544c53,hit,spatial_hit_test_sync_ms,ms,114,0.40000009536743164
Atlas,10690f7a4726+bench,SVG,instrument-2026-10-06T13-47-55.237Z,mixed-5000-seed-41544c53,hit,spatial_hit_test_sync_ms,ms,115,0.2999999523162842
Atlas,10690f7a4726+bench,SVG,instrument-2026-10-06T13-47-55.237Z,mixed-5000-seed-41544c53,hit,spatial_hit_test_sync_ms,ms,116,0.40000009536743164
Atlas,10690f7a4726+bench,SVG,instrument-2026-10-06T13-47-55.237Z,mixed-5000-seed-41544c53,hit,spatial_hit_test_sync_ms,ms,117,0.39999985694885254
Atlas,10690f7a4726+bench,SVG,instrument-2026-10-06T13-47-55.237Z,mixed-5000-seed-41544c53,hit,spatial_hit_test_sync_ms,ms,118,0.40000009536743164
Atlas,10690f7a4726+bench,SVG,instrument-2026-10-06T13-47-55.237Z,mixed-5000-seed-41544c53,hit,spatial_hit_test_sync_ms,ms,119,0.39999985694885254
Atlas,10690f7a4726+bench,SVG,instrument-2026-10-06T13-47-55.237Z,mixed-5000-seed-41544c53,hit,spatial_hit_test_sync_ms,ms,120,0.40000009536743164
Atlas,10690f7a4726+bench,SVG,instrument-2026-10-06T13-47-55.237Z,mixed-5000-seed-41544c53,hit,spatial_hit_test_sync_ms,ms,121,0.2999999523162842
Atlas,10690f7a4726+bench,SVG,instrument-2026-10-06T13-47-55.237Z,mixed-5000-seed-41544c53,hit,spatial_hit_test_sync_ms,ms,122,0.40000009536743164
Atlas,10690f7a4726+bench,SVG,instrument-2026-10-06T13-47-55.237Z,mixed-5000-seed-41544c53,hit,spatial_hit_test_sync_ms,ms,123,0.39999985694885254
Atlas,10690f7a4726+bench,SVG,instrument-2026-10-06T13-47-55.237Z,mixed-5000-seed-41544c53,hit,spatial_hit_test_sync_ms,ms,124,0.3000001907348633
Atlas,10690f7a4726+bench,SVG,instrument-2026-10-06T13-47-55.237Z,mixed-5000-seed-41544c53,hit,spatial_hit_test_sync_ms,ms,125,0.2999999523162842
Atlas,10690f7a4726+bench,SVG,instrument-2026-10-06T13-47-55.237Z,mixed-5000-seed-41544c53,hit,spatial_hit_test_sync_ms,ms,126,0.39999985694885254
Atlas,10690f7a4726+bench,SVG,instrument-2026-10-06T13-47-55.237Z,mixed-5000-seed-41544c53,hit,spatial_hit_test_sync_ms,ms,127,0.40000009536743164
Atlas,10690f7a4726+bench,SVG,instrument-2026-10-06T13-47-55.237Z,mixed-5000-seed-41544c53,hit,spatial_hit_test_sync_ms,ms,128,0.40000009536743164
Atlas,10690f7a4726+bench,SVG,instrument-2026-10-06T13-47-55.237Z,mixed-5000-seed-41544c53,hit,spatial_hit_test_sync_ms,ms,129,0.2999999523162842
Atlas,10690f7a4726+bench,SVG,instrument-2026-10-06T13-47-55.237Z,mixed-5000-seed-41544c53,hit,spatial_hit_test_sync_ms,ms,130,0.39999985694885254
Atlas,10690f7a4726+bench,SVG,instrument-2026-10-06T13-47-55.237Z,mixed-5000-seed-41544c53,hit,spatial_hit_test_sync_ms,ms,131,0.40000009536743164
Atlas,10690f7a4726+bench,SVG,instrument-2026-10-06T13-47-55.237Z,mixed-5000-seed-41544c53,hit,spatial_hit_test_sync_ms,ms,132,0.40000009536743164
Atlas,10690f7a4726+bench,SVG,instrument-2026-10-06T13-47-55.237Z,mixed-5000-seed-41544c53,hit,spatial_hit_test_sync_ms,ms,133,0.2999999523162842
Atlas,10690f7a4726+bench,SVG,instrument-2026-10-06T13-47-55.237Z,mixed-5000-seed-41544c53,hit,spatial_hit_test_sync_ms,ms,134,0.39999985694885254
Atlas,10690f7a4726+bench,SVG,instrument-2026-10-06T13-47-55.237Z,mixed-5000-seed-41544c53,hit,spatial_hit_test_sync_ms,ms,135,0.40000009536743164
Atlas,10690f7a4726+bench,SVG,instrument-2026-10-06T13-47-55.237Z,mixed-5000-seed-41544c53,hit,spatial_hit_test_sync_ms,ms,136,0.2999999523162842
Atlas,10690f7a4726+bench,SVG,instrument-2026-10-06T13-47-55.237Z,mixed-5000-seed-41544c53,hit,spatial_hit_test_sync_ms,ms,137,0.40000009536743164
Atlas,10690f7a4726+bench,SVG,instrument-2026-10-06T13-47-55.237Z,mixed-5000-seed-41544c53,hit,spatial_hit_test_sync_ms,ms,138,0.2999999523162842
Atlas,10690f7a4726+bench,SVG,instrument-2026-10-06T13-47-55.237Z,mixed-5000-seed-41544c53,hit,spatial_hit_test_sync_ms,ms,139,0.5
Atlas,10690f7a4726+bench,SVG,instrument-2026-10-06T13-47-55.237Z,mixed-5000-seed-41544c53,hit,spatial_hit_test_sync_ms,ms,140,0.2999999523162842
Atlas,10690f7a4726+bench,SVG,instrument-2026-10-06T13-47-55.237Z,mixed-5000-seed-41544c53,hit,spatial_hit_test_sync_ms,ms,141,0.2999999523162842
Atlas,10690f7a4726+bench,SVG,instrument-2026-10-06T13-47-55.237Z,mixed-5000-seed-41544c53,hit,spatial_hit_test_sync_ms,ms,142,0.5
Atlas,10690f7a4726+bench,SVG,instrument-2026-10-06T13-47-55.237Z,mixed-5000-seed-41544c53,hit,spatial_hit_test_sync_ms,ms,143,0.3000001907348633
Atlas,10690f7a4726+bench,SVG,instrument-2026-10-06T13-47-55.237Z,mixed-5000-seed-41544c53,hit,spatial_hit_test_sync_ms,ms,144,0.2999999523162842
Atlas,10690f7a4726+bench,SVG,instrument-2026-10-06T13-47-55.237Z,mixed-5000-seed-41544c53,hit,spatial_hit_test_sync_ms,ms,145,0.5
Atlas,10690f7a4726+bench,SVG,instrument-2026-10-06T13-47-55.237Z,mixed-5000-seed-41544c53,hit,spatial_hit_test_sync_ms,ms,146,0.39999985694885254
Atlas,10690f7a4726+bench,SVG,instrument-2026-10-06T13-47-55.237Z,mixed-5000-seed-41544c53,hit,spatial_hit_test_sync_ms,ms,147,0.3000001907348633
Atlas,10690f7a4726+bench,SVG,instrument-2026-10-06T13-47-55.237Z,mixed-5000-seed-41544c53,hit,spatial_hit_test_sync_ms,ms,148,0.2999999523162842
Atlas,10690f7a4726+bench,SVG,instrument-2026-10-06T13-47-55.237Z,mixed-5000-seed-41544c53,hit,spatial_hit_test_sync_ms,ms,149,0.39999985694885254
Atlas,10690f7a4726+bench,SVG,instrument-2026-10-06T13-47-55.237Z,mixed-5000-seed-41544c53,hit,spatial_hit_test_sync_ms,ms,150,0.40000009536743164
Atlas,10690f7a4726+bench,SVG,instrument-2026-10-06T13-47-55.237Z,mixed-5000-seed-41544c53,hit,spatial_hit_test_sync_ms,ms,151,0.2999999523162842
Atlas,10690f7a4726+bench,SVG,instrument-2026-10-06T13-47-55.237Z,mixed-5000-seed-41544c53,hit,spatial_hit_test_sync_ms,ms,152,0.40000009536743164
Atlas,10690f7a4726+bench,SVG,instrument-2026-10-06T13-47-55.237Z,mixed-5000-seed-41544c53,hit,spatial_hit_test_sync_ms,ms,153,0.2999999523162842
Atlas,10690f7a4726+bench,SVG,instrument-2026-10-06T13-47-55.237Z,mixed-5000-seed-41544c53,hit,spatial_hit_test_sync_ms,ms,154,0.40000009536743164
Atlas,10690f7a4726+bench,SVG,instrument-2026-10-06T13-47-55.237Z,mixed-5000-seed-41544c53,hit,spatial_hit_test_sync_ms,ms,155,0.39999985694885254
Atlas,10690f7a4726+bench,SVG,instrument-2026-10-06T13-47-55.237Z,mixed-5000-seed-41544c53,hit,spatial_hit_test_sync_ms,ms,156,0.20000004768371582
Atlas,10690f7a4726+bench,SVG,instrument-2026-10-06T13-47-55.237Z,mixed-5000-seed-41544c53,hit,spatial_hit_test_sync_ms,ms,157,0.40000009536743164
Atlas,10690f7a4726+bench,SVG,instrument-2026-10-06T13-47-55.237Z,mixed-5000-seed-41544c53,hit,spatial_hit_test_sync_ms,ms,158,0.39999985694885254
Atlas,10690f7a4726+bench,SVG,instrument-2026-10-06T13-47-55.237Z,mixed-5000-seed-41544c53,hit,spatial_hit_test_sync_ms,ms,159,0.40000009536743164
Atlas,10690f7a4726+bench,SVG,instrument-2026-10-06T13-47-55.237Z,mixed-5000-seed-41544c53,hit,spatial_hit_test_sync_ms,ms,160,0.2999999523162842
Atlas,10690f7a4726+bench,SVG,instrument-2026-10-06T13-47-55.237Z,mixed-5000-seed-41544c53,hit,spatial_hit_test_sync_ms,ms,161,0.2999999523162842
Atlas,10690f7a4726+bench,SVG,instrument-2026-10-06T13-47-55.237Z,mixed-5000-seed-41544c53,hit,spatial_hit_test_sync_ms,ms,162,0.40000009536743164
Atlas,10690f7a4726+bench,SVG,instrument-2026-10-06T13-47-55.237Z,mixed-5000-seed-41544c53,hit,spatial_hit_test_sync_ms,ms,163,0.2999999523162842
Atlas,10690f7a4726+bench,SVG,instrument-2026-10-06T13-47-55.237Z,mixed-5000-seed-41544c53,hit,spatial_hit_test_sync_ms,ms,164,0.40000009536743164
Atlas,10690f7a4726+bench,SVG,instrument-2026-10-06T13-47-55.237Z,mixed-5000-seed-41544c53,hit,spatial_hit_test_sync_ms,ms,165,0.2999999523162842
Atlas,10690f7a4726+bench,SVG,instrument-2026-10-06T13-47-55.237Z,mixed-5000-seed-41544c53,hit,spatial_hit_test_sync_ms,ms,166,0.5
Atlas,10690f7a4726+bench,SVG,instrument-2026-10-06T13-47-55.237Z,mixed-5000-seed-41544c53,hit,spatial_hit_test_sync_ms,ms,167,0.2999999523162842
Atlas,10690f7a4726+bench,SVG,instrument-2026-10-06T13-47-55.237Z,mixed-5000-seed-41544c53,hit,spatial_hit_test_sync_ms,ms,168,0.40000009536743164
Atlas,10690f7a4726+bench,SVG,instrument-2026-10-06T13-47-55.237Z,mixed-5000-seed-41544c53,hit,spatial_hit_test_sync_ms,ms,169,0.2999999523162842
Atlas,10690f7a4726+bench,SVG,instrument-2026-10-06T13-47-55.237Z,mixed-5000-seed-41544c53,hit,spatial_hit_test_sync_ms,ms,170,0.39999985694885254
Atlas,10690f7a4726+bench,SVG,instrument-2026-10-06T13-47-55.237Z,mixed-5000-seed-41544c53,hit,spatial_hit_test_sync_ms,ms,171,0.3000001907348633
Atlas,10690f7a4726+bench,SVG,instrument-2026-10-06T13-47-55.237Z,mixed-5000-seed-41544c53,hit,spatial_hit_test_sync_ms,ms,172,0.2999999523162842
Atlas,10690f7a4726+bench,SVG,instrument-2026-10-06T13-47-55.237Z,mixed-5000-seed-41544c53,hit,spatial_hit_test_sync_ms,ms,173,0.39999985694885254
Atlas,10690f7a4726+bench,SVG,instrument-2026-10-06T13-47-55.237Z,mixed-5000-seed-41544c53,hit,spatial_hit_test_sync_ms,ms,174,0.40000009536743164
Atlas,10690f7a4726+bench,SVG,instrument-2026-10-06T13-47-55.237Z,mixed-5000-seed-41544c53,hit,spatial_hit_test_sync_ms,ms,175,0.2999999523162842
Atlas,10690f7a4726+bench,SVG,instrument-2026-10-06T13-47-55.237Z,mixed-5000-seed-41544c53,hit,spatial_hit_test_sync_ms,ms,176,0.40000009536743164
Atlas,10690f7a4726+bench,SVG,instrument-2026-10-06T13-47-55.237Z,mixed-5000-seed-41544c53,hit,spatial_hit_test_sync_ms,ms,177,0.39999985694885254
Atlas,10690f7a4726+bench,SVG,instrument-2026-10-06T13-47-55.237Z,mixed-5000-seed-41544c53,hit,spatial_hit_test_sync_ms,ms,178,0.3000001907348633
Atlas,10690f7a4726+bench,SVG,instrument-2026-10-06T13-47-55.237Z,mixed-5000-seed-41544c53,hit,spatial_hit_test_sync_ms,ms,179,0.2999999523162842
Atlas,10690f7a4726+bench,SVG,instrument-2026-10-06T13-47-55.237Z,mixed-5000-seed-41544c53,hit,spatial_hit_test_sync_ms,ms,180,0.39999985694885254
Atlas,10690f7a4726+bench,SVG,instrument-2026-10-06T13-47-55.237Z,mixed-5000-seed-41544c53,hit,spatial_hit_test_sync_ms,ms,181,0.6000001430511475
Atlas,10690f7a4726+bench,SVG,instrument-2026-10-06T13-47-55.237Z,mixed-5000-seed-41544c53,hit,spatial_hit_test_sync_ms,ms,182,0.2999999523162842
Atlas,10690f7a4726+bench,SVG,instrument-2026-10-06T13-47-55.237Z,mixed-5000-seed-41544c53,hit,spatial_hit_test_sync_ms,ms,183,0.40000009536743164
Atlas,10690f7a4726+bench,SVG,instrument-2026-10-06T13-47-55.237Z,mixed-5000-seed-41544c53,hit,spatial_hit_test_sync_ms,ms,184,0.39999985694885254
Atlas,10690f7a4726+bench,SVG,instrument-2026-10-06T13-47-55.237Z,mixed-5000-seed-41544c53,hit,spatial_hit_test_sync_ms,ms,185,0.2999999523162842
Atlas,10690f7a4726+bench,SVG,instrument-2026-10-06T13-47-55.237Z,mixed-5000-seed-41544c53,hit,spatial_hit_test_sync_ms,ms,186,0.3000001907348633
Atlas,10690f7a4726+bench,SVG,instrument-2026-10-06T13-47-55.237Z,mixed-5000-seed-41544c53,hit,spatial_hit_test_sync_ms,ms,187,0.39999985694885254
Atlas,10690f7a4726+bench,SVG,instrument-2026-10-06T13-47-55.237Z,mixed-5000-seed-41544c53,hit,spatial_hit_test_sync_ms,ms,188,0.2999999523162842
Atlas,10690f7a4726+bench,SVG,instrument-2026-10-06T13-47-55.237Z,mixed-5000-seed-41544c53,hit,spatial_hit_test_sync_ms,ms,189,0.40000009536743164
Atlas,10690f7a4726+bench,SVG,instrument-2026-10-06T13-47-55.237Z,mixed-5000-seed-41544c53,hit,spatial_hit_test_sync_ms,ms,190,0.2999999523162842
Atlas,10690f7a4726+bench,SVG,instrument-2026-10-06T13-47-55.237Z,mixed-5000-seed-41544c53,hit,spatial_hit_test_sync_ms,ms,191,0.5
Atlas,10690f7a4726+bench,SVG,instrument-2026-10-06T13-47-55.237Z,mixed-5000-seed-41544c53,hit,spatial_hit_test_sync_ms,ms,192,0.2999999523162842
Atlas,10690f7a4726+bench,SVG,instrument-2026-10-06T13-47-55.237Z,mixed-5000-seed-41544c53,hit,spatial_hit_test_sync_ms,ms,193,0.40000009536743164
Atlas,10690f7a4726+bench,SVG,instrument-2026-10-06T13-47-55.237Z,mixed-5000-seed-41544c53,hit,spatial_hit_test_sync_ms,ms,194,0.40000009536743164
Atlas,10690f7a4726+bench,SVG,instrument-2026-10-06T13-47-55.237Z,mixed-5000-seed-41544c53,hit,spatial_hit_test_sync_ms,ms,195,0.2999999523162842
Atlas,10690f7a4726+bench,SVG,instrument-2026-10-06T13-47-55.237Z,mixed-5000-seed-41544c53,hit,spatial_hit_test_sync_ms,ms,196,0.5
Atlas,10690f7a4726+bench,SVG,instrument-2026-10-06T13-47-55.237Z,mixed-5000-seed-41544c53,hit,spatial_hit_test_sync_ms,ms,197,0.2999999523162842
Atlas,10690f7a4726+bench,SVG,instrument-2026-10-06T13-47-55.237Z,mixed-5000-seed-41544c53,hit,spatial_hit_test_sync_ms,ms,198,0.2999999523162842
Atlas,10690f7a4726+bench,SVG,instrument-2026-10-06T13-47-55.237Z,mixed-5000-seed-41544c53,hit,spatial_hit_test_sync_ms,ms,199,0.40000009536743164
Atlas,10690f7a4726+bench,SVG,instrument-2026-10-06T13-47-55.237Z,mixed-5000-seed-41544c53,hit,root_iterator_creations,count,0,201
Atlas,10690f7a4726+bench,SVG,instrument-2026-10-06T13-47-55.237Z,mixed-5000-seed-41544c53,hit,root_iterator_next_calls,count,0,1005001
Atlas,10690f7a4726+bench,SVG,instrument-2026-10-06T13-47-55.237Z,mixed-5000-seed-41544c53,hit,route_membership_reads,count,0,206000
Atlas,10690f7a4726+bench,SVG,instrument-2026-10-06T13-47-55.237Z,mixed-5000-seed-41544c53,hit,layout_rect_reads,count,0,0
Atlas,10690f7a4726+bench,SVG,instrument-2026-10-06T13-47-55.237Z,mixed-5000-seed-41544c53,hit,cleanup_renderer_calls,count,0,0
Atlas,10690f7a4726+bench,SVG,instrument-2026-10-06T13-47-55.237Z,mixed-5000-seed-41544c53,hit,cleanup_stage_children,count,0,0
Atlas,10690f7a4726+bench,SVG,instrument-2026-10-06T13-47-55.237Z,mixed-5000-seed-41544c53,miss,spatial_hit_test_sync_ms,ms,0,16.299999952316284
Atlas,10690f7a4726+bench,SVG,instrument-2026-10-06T13-47-55.237Z,mixed-5000-seed-41544c53,miss,spatial_hit_test_sync_ms,ms,1,5.6000001430511475
Atlas,10690f7a4726+bench,SVG,instrument-2026-10-06T13-47-55.237Z,mixed-5000-seed-41544c53,miss,spatial_hit_test_sync_ms,ms,2,5.099999904632568
Atlas,10690f7a4726+bench,SVG,instrument-2026-10-06T13-47-55.237Z,mixed-5000-seed-41544c53,miss,spatial_hit_test_sync_ms,ms,3,5
Atlas,10690f7a4726+bench,SVG,instrument-2026-10-06T13-47-55.237Z,mixed-5000-seed-41544c53,miss,spatial_hit_test_sync_ms,ms,4,5.200000047683716
Atlas,10690f7a4726+bench,SVG,instrument-2026-10-06T13-47-55.237Z,mixed-5000-seed-41544c53,miss,spatial_hit_test_sync_ms,ms,5,5
Atlas,10690f7a4726+bench,SVG,instrument-2026-10-06T13-47-55.237Z,mixed-5000-seed-41544c53,miss,spatial_hit_test_sync_ms,ms,6,5.200000047683716
Atlas,10690f7a4726+bench,SVG,instrument-2026-10-06T13-47-55.237Z,mixed-5000-seed-41544c53,miss,spatial_hit_test_sync_ms,ms,7,5.200000047683716
Atlas,10690f7a4726+bench,SVG,instrument-2026-10-06T13-47-55.237Z,mixed-5000-seed-41544c53,miss,spatial_hit_test_sync_ms,ms,8,4.8999998569488525
Atlas,10690f7a4726+bench,SVG,instrument-2026-10-06T13-47-55.237Z,mixed-5000-seed-41544c53,miss,spatial_hit_test_sync_ms,ms,9,4.6000001430511475
Atlas,10690f7a4726+bench,SVG,instrument-2026-10-06T13-47-55.237Z,mixed-5000-seed-41544c53,miss,spatial_hit_test_sync_ms,ms,10,4.299999952316284
Atlas,10690f7a4726+bench,SVG,instrument-2026-10-06T13-47-55.237Z,mixed-5000-seed-41544c53,miss,spatial_hit_test_sync_ms,ms,11,4.200000047683716
Atlas,10690f7a4726+bench,SVG,instrument-2026-10-06T13-47-55.237Z,mixed-5000-seed-41544c53,miss,spatial_hit_test_sync_ms,ms,12,4.299999952316284
Atlas,10690f7a4726+bench,SVG,instrument-2026-10-06T13-47-55.237Z,mixed-5000-seed-41544c53,miss,spatial_hit_test_sync_ms,ms,13,4.099999904632568
Atlas,10690f7a4726+bench,SVG,instrument-2026-10-06T13-47-55.237Z,mixed-5000-seed-41544c53,miss,spatial_hit_test_sync_ms,ms,14,4.200000047683716
Atlas,10690f7a4726+bench,SVG,instrument-2026-10-06T13-47-55.237Z,mixed-5000-seed-41544c53,miss,spatial_hit_test_sync_ms,ms,15,4.200000047683716
Atlas,10690f7a4726+bench,SVG,instrument-2026-10-06T13-47-55.237Z,mixed-5000-seed-41544c53,miss,spatial_hit_test_sync_ms,ms,16,4.099999904632568
Atlas,10690f7a4726+bench,SVG,instrument-2026-10-06T13-47-55.237Z,mixed-5000-seed-41544c53,miss,spatial_hit_test_sync_ms,ms,17,4.200000047683716
Atlas,10690f7a4726+bench,SVG,instrument-2026-10-06T13-47-55.237Z,mixed-5000-seed-41544c53,miss,spatial_hit_test_sync_ms,ms,18,4.200000047683716
Atlas,10690f7a4726+bench,SVG,instrument-2026-10-06T13-47-55.237Z,mixed-5000-seed-41544c53,miss,spatial_hit_test_sync_ms,ms,19,4.200000047683716
Atlas,10690f7a4726+bench,SVG,instrument-2026-10-06T13-47-55.237Z,mixed-5000-seed-41544c53,miss,spatial_hit_test_sync_ms,ms,20,4.299999952316284
Atlas,10690f7a4726+bench,SVG,instrument-2026-10-06T13-47-55.237Z,mixed-5000-seed-41544c53,miss,spatial_hit_test_sync_ms,ms,21,4.099999904632568
Atlas,10690f7a4726+bench,SVG,instrument-2026-10-06T13-47-55.237Z,mixed-5000-seed-41544c53,miss,spatial_hit_test_sync_ms,ms,22,4.200000047683716
Atlas,10690f7a4726+bench,SVG,instrument-2026-10-06T13-47-55.237Z,mixed-5000-seed-41544c53,miss,spatial_hit_test_sync_ms,ms,23,4.299999952316284
Atlas,10690f7a4726+bench,SVG,instrument-2026-10-06T13-47-55.237Z,mixed-5000-seed-41544c53,miss,spatial_hit_test_sync_ms,ms,24,4.200000047683716
Atlas,10690f7a4726+bench,SVG,instrument-2026-10-06T13-47-55.237Z,mixed-5000-seed-41544c53,miss,spatial_hit_test_sync_ms,ms,25,9.900000095367432
Atlas,10690f7a4726+bench,SVG,instrument-2026-10-06T13-47-55.237Z,mixed-5000-seed-41544c53,miss,spatial_hit_test_sync_ms,ms,26,4.299999952316284
Atlas,10690f7a4726+bench,SVG,instrument-2026-10-06T13-47-55.237Z,mixed-5000-seed-41544c53,miss,spatial_hit_test_sync_ms,ms,27,4.099999904632568
Atlas,10690f7a4726+bench,SVG,instrument-2026-10-06T13-47-55.237Z,mixed-5000-seed-41544c53,miss,spatial_hit_test_sync_ms,ms,28,4.200000047683716
Atlas,10690f7a4726+bench,SVG,instrument-2026-10-06T13-47-55.237Z,mixed-5000-seed-41544c53,miss,spatial_hit_test_sync_ms,ms,29,4.200000047683716
Atlas,10690f7a4726+bench,SVG,instrument-2026-10-06T13-47-55.237Z,mixed-5000-seed-41544c53,miss,spatial_hit_test_sync_ms,ms,30,4.200000047683716
Atlas,10690f7a4726+bench,SVG,instrument-2026-10-06T13-47-55.237Z,mixed-5000-seed-41544c53,miss,spatial_hit_test_sync_ms,ms,31,4.099999904632568
Atlas,10690f7a4726+bench,SVG,instrument-2026-10-06T13-47-55.237Z,mixed-5000-seed-41544c53,miss,spatial_hit_test_sync_ms,ms,32,4
Atlas,10690f7a4726+bench,SVG,instrument-2026-10-06T13-47-55.237Z,mixed-5000-seed-41544c53,miss,spatial_hit_test_sync_ms,ms,33,4.200000047683716
Atlas,10690f7a4726+bench,SVG,instrument-2026-10-06T13-47-55.237Z,mixed-5000-seed-41544c53,miss,spatial_hit_test_sync_ms,ms,34,4.200000047683716
Atlas,10690f7a4726+bench,SVG,instrument-2026-10-06T13-47-55.237Z,mixed-5000-seed-41544c53,miss,spatial_hit_test_sync_ms,ms,35,4.099999904632568
Atlas,10690f7a4726+bench,SVG,instrument-2026-10-06T13-47-55.237Z,mixed-5000-seed-41544c53,miss,spatial_hit_test_sync_ms,ms,36,4.1000001430511475
Atlas,10690f7a4726+bench,SVG,instrument-2026-10-06T13-47-55.237Z,mixed-5000-seed-41544c53,miss,spatial_hit_test_sync_ms,ms,37,4.099999904632568
Atlas,10690f7a4726+bench,SVG,instrument-2026-10-06T13-47-55.237Z,mixed-5000-seed-41544c53,miss,spatial_hit_test_sync_ms,ms,38,4.099999904632568
Atlas,10690f7a4726+bench,SVG,instrument-2026-10-06T13-47-55.237Z,mixed-5000-seed-41544c53,miss,spatial_hit_test_sync_ms,ms,39,4.200000047683716
Atlas,10690f7a4726+bench,SVG,instrument-2026-10-06T13-47-55.237Z,mixed-5000-seed-41544c53,miss,spatial_hit_test_sync_ms,ms,40,4
Atlas,10690f7a4726+bench,SVG,instrument-2026-10-06T13-47-55.237Z,mixed-5000-seed-41544c53,miss,spatial_hit_test_sync_ms,ms,41,4.1000001430511475
Atlas,10690f7a4726+bench,SVG,instrument-2026-10-06T13-47-55.237Z,mixed-5000-seed-41544c53,miss,spatial_hit_test_sync_ms,ms,42,4.199999809265137
Atlas,10690f7a4726+bench,SVG,instrument-2026-10-06T13-47-55.237Z,mixed-5000-seed-41544c53,miss,spatial_hit_test_sync_ms,ms,43,4.1000001430511475
Atlas,10690f7a4726+bench,SVG,instrument-2026-10-06T13-47-55.237Z,mixed-5000-seed-41544c53,miss,spatial_hit_test_sync_ms,ms,44,4.099999904632568
Atlas,10690f7a4726+bench,SVG,instrument-2026-10-06T13-47-55.237Z,mixed-5000-seed-41544c53,miss,spatial_hit_test_sync_ms,ms,45,4
Atlas,10690f7a4726+bench,SVG,instrument-2026-10-06T13-47-55.237Z,mixed-5000-seed-41544c53,miss,spatial_hit_test_sync_ms,ms,46,4.200000047683716
Atlas,10690f7a4726+bench,SVG,instrument-2026-10-06T13-47-55.237Z,mixed-5000-seed-41544c53,miss,spatial_hit_test_sync_ms,ms,47,4.099999904632568
Atlas,10690f7a4726+bench,SVG,instrument-2026-10-06T13-47-55.237Z,mixed-5000-seed-41544c53,miss,spatial_hit_test_sync_ms,ms,48,4.200000047683716
Atlas,10690f7a4726+bench,SVG,instrument-2026-10-06T13-47-55.237Z,mixed-5000-seed-41544c53,miss,spatial_hit_test_sync_ms,ms,49,4.400000095367432
Atlas,10690f7a4726+bench,SVG,instrument-2026-10-06T13-47-55.237Z,mixed-5000-seed-41544c53,miss,spatial_hit_test_sync_ms,ms,50,4.3999998569488525
Atlas,10690f7a4726+bench,SVG,instrument-2026-10-06T13-47-55.237Z,mixed-5000-seed-41544c53,miss,spatial_hit_test_sync_ms,ms,51,4.300000190734863
Atlas,10690f7a4726+bench,SVG,instrument-2026-10-06T13-47-55.237Z,mixed-5000-seed-41544c53,miss,spatial_hit_test_sync_ms,ms,52,4.199999809265137
Atlas,10690f7a4726+bench,SVG,instrument-2026-10-06T13-47-55.237Z,mixed-5000-seed-41544c53,miss,spatial_hit_test_sync_ms,ms,53,4.200000047683716
Atlas,10690f7a4726+bench,SVG,instrument-2026-10-06T13-47-55.237Z,mixed-5000-seed-41544c53,miss,spatial_hit_test_sync_ms,ms,54,4.200000047683716
Atlas,10690f7a4726+bench,SVG,instrument-2026-10-06T13-47-55.237Z,mixed-5000-seed-41544c53,miss,spatial_hit_test_sync_ms,ms,55,4.099999904632568
Atlas,10690f7a4726+bench,SVG,instrument-2026-10-06T13-47-55.237Z,mixed-5000-seed-41544c53,miss,spatial_hit_test_sync_ms,ms,56,4.1000001430511475
Atlas,10690f7a4726+bench,SVG,instrument-2026-10-06T13-47-55.237Z,mixed-5000-seed-41544c53,miss,spatial_hit_test_sync_ms,ms,57,4.200000047683716
Atlas,10690f7a4726+bench,SVG,instrument-2026-10-06T13-47-55.237Z,mixed-5000-seed-41544c53,miss,spatial_hit_test_sync_ms,ms,58,4.099999904632568
Atlas,10690f7a4726+bench,SVG,instrument-2026-10-06T13-47-55.237Z,mixed-5000-seed-41544c53,miss,spatial_hit_test_sync_ms,ms,59,4.099999904632568
Atlas,10690f7a4726+bench,SVG,instrument-2026-10-06T13-47-55.237Z,mixed-5000-seed-41544c53,miss,spatial_hit_test_sync_ms,ms,60,4.1000001430511475
Atlas,10690f7a4726+bench,SVG,instrument-2026-10-06T13-47-55.237Z,mixed-5000-seed-41544c53,miss,spatial_hit_test_sync_ms,ms,61,4.200000047683716
Atlas,10690f7a4726+bench,SVG,instrument-2026-10-06T13-47-55.237Z,mixed-5000-seed-41544c53,miss,spatial_hit_test_sync_ms,ms,62,4.199999809265137
Atlas,10690f7a4726+bench,SVG,instrument-2026-10-06T13-47-55.237Z,mixed-5000-seed-41544c53,miss,spatial_hit_test_sync_ms,ms,63,4.300000190734863
Atlas,10690f7a4726+bench,SVG,instrument-2026-10-06T13-47-55.237Z,mixed-5000-seed-41544c53,miss,spatial_hit_test_sync_ms,ms,64,4.099999904632568
Atlas,10690f7a4726+bench,SVG,instrument-2026-10-06T13-47-55.237Z,mixed-5000-seed-41544c53,miss,spatial_hit_test_sync_ms,ms,65,4.200000047683716
Atlas,10690f7a4726+bench,SVG,instrument-2026-10-06T13-47-55.237Z,mixed-5000-seed-41544c53,miss,spatial_hit_test_sync_ms,ms,66,4.200000047683716
Atlas,10690f7a4726+bench,SVG,instrument-2026-10-06T13-47-55.237Z,mixed-5000-seed-41544c53,miss,spatial_hit_test_sync_ms,ms,67,4.099999904632568
Atlas,10690f7a4726+bench,SVG,instrument-2026-10-06T13-47-55.237Z,mixed-5000-seed-41544c53,miss,spatial_hit_test_sync_ms,ms,68,4.200000047683716
Atlas,10690f7a4726+bench,SVG,instrument-2026-10-06T13-47-55.237Z,mixed-5000-seed-41544c53,miss,spatial_hit_test_sync_ms,ms,69,4
Atlas,10690f7a4726+bench,SVG,instrument-2026-10-06T13-47-55.237Z,mixed-5000-seed-41544c53,miss,spatial_hit_test_sync_ms,ms,70,4.200000047683716
Atlas,10690f7a4726+bench,SVG,instrument-2026-10-06T13-47-55.237Z,mixed-5000-seed-41544c53,miss,spatial_hit_test_sync_ms,ms,71,4.099999904632568
Atlas,10690f7a4726+bench,SVG,instrument-2026-10-06T13-47-55.237Z,mixed-5000-seed-41544c53,miss,spatial_hit_test_sync_ms,ms,72,4.099999904632568
Atlas,10690f7a4726+bench,SVG,instrument-2026-10-06T13-47-55.237Z,mixed-5000-seed-41544c53,miss,spatial_hit_test_sync_ms,ms,73,4.200000047683716
Atlas,10690f7a4726+bench,SVG,instrument-2026-10-06T13-47-55.237Z,mixed-5000-seed-41544c53,miss,spatial_hit_test_sync_ms,ms,74,4.1000001430511475
Atlas,10690f7a4726+bench,SVG,instrument-2026-10-06T13-47-55.237Z,mixed-5000-seed-41544c53,miss,spatial_hit_test_sync_ms,ms,75,4.099999904632568
Atlas,10690f7a4726+bench,SVG,instrument-2026-10-06T13-47-55.237Z,mixed-5000-seed-41544c53,miss,spatial_hit_test_sync_ms,ms,76,4.200000047683716
Atlas,10690f7a4726+bench,SVG,instrument-2026-10-06T13-47-55.237Z,mixed-5000-seed-41544c53,miss,spatial_hit_test_sync_ms,ms,77,4.099999904632568
Atlas,10690f7a4726+bench,SVG,instrument-2026-10-06T13-47-55.237Z,mixed-5000-seed-41544c53,miss,spatial_hit_test_sync_ms,ms,78,4.1000001430511475
Atlas,10690f7a4726+bench,SVG,instrument-2026-10-06T13-47-55.237Z,mixed-5000-seed-41544c53,miss,spatial_hit_test_sync_ms,ms,79,4.199999809265137
Atlas,10690f7a4726+bench,SVG,instrument-2026-10-06T13-47-55.237Z,mixed-5000-seed-41544c53,miss,spatial_hit_test_sync_ms,ms,80,4.1000001430511475
Atlas,10690f7a4726+bench,SVG,instrument-2026-10-06T13-47-55.237Z,mixed-5000-seed-41544c53,miss,spatial_hit_test_sync_ms,ms,81,4.099999904632568
Atlas,10690f7a4726+bench,SVG,instrument-2026-10-06T13-47-55.237Z,mixed-5000-seed-41544c53,miss,spatial_hit_test_sync_ms,ms,82,4.200000047683716
Atlas,10690f7a4726+bench,SVG,instrument-2026-10-06T13-47-55.237Z,mixed-5000-seed-41544c53,miss,spatial_hit_test_sync_ms,ms,83,4.099999904632568
Atlas,10690f7a4726+bench,SVG,instrument-2026-10-06T13-47-55.237Z,mixed-5000-seed-41544c53,miss,spatial_hit_test_sync_ms,ms,84,4.1000001430511475
Atlas,10690f7a4726+bench,SVG,instrument-2026-10-06T13-47-55.237Z,mixed-5000-seed-41544c53,miss,spatial_hit_test_sync_ms,ms,85,4
Atlas,10690f7a4726+bench,SVG,instrument-2026-10-06T13-47-55.237Z,mixed-5000-seed-41544c53,miss,spatial_hit_test_sync_ms,ms,86,4.200000047683716
Atlas,10690f7a4726+bench,SVG,instrument-2026-10-06T13-47-55.237Z,mixed-5000-seed-41544c53,miss,spatial_hit_test_sync_ms,ms,87,4.099999904632568
Atlas,10690f7a4726+bench,SVG,instrument-2026-10-06T13-47-55.237Z,mixed-5000-seed-41544c53,miss,spatial_hit_test_sync_ms,ms,88,4.099999904632568
Atlas,10690f7a4726+bench,SVG,instrument-2026-10-06T13-47-55.237Z,mixed-5000-seed-41544c53,miss,spatial_hit_test_sync_ms,ms,89,4.1000001430511475
Atlas,10690f7a4726+bench,SVG,instrument-2026-10-06T13-47-55.237Z,mixed-5000-seed-41544c53,miss,spatial_hit_test_sync_ms,ms,90,4.200000047683716
Atlas,10690f7a4726+bench,SVG,instrument-2026-10-06T13-47-55.237Z,mixed-5000-seed-41544c53,miss,spatial_hit_test_sync_ms,ms,91,4
Atlas,10690f7a4726+bench,SVG,instrument-2026-10-06T13-47-55.237Z,mixed-5000-seed-41544c53,miss,spatial_hit_test_sync_ms,ms,92,4.199999809265137
Atlas,10690f7a4726+bench,SVG,instrument-2026-10-06T13-47-55.237Z,mixed-5000-seed-41544c53,miss,spatial_hit_test_sync_ms,ms,93,4.1000001430511475
Atlas,10690f7a4726+bench,SVG,instrument-2026-10-06T13-47-55.237Z,mixed-5000-seed-41544c53,miss,spatial_hit_test_sync_ms,ms,94,4.099999904632568
Atlas,10690f7a4726+bench,SVG,instrument-2026-10-06T13-47-55.237Z,mixed-5000-seed-41544c53,miss,spatial_hit_test_sync_ms,ms,95,4.200000047683716
Atlas,10690f7a4726+bench,SVG,instrument-2026-10-06T13-47-55.237Z,mixed-5000-seed-41544c53,miss,spatial_hit_test_sync_ms,ms,96,4.099999904632568
Atlas,10690f7a4726+bench,SVG,instrument-2026-10-06T13-47-55.237Z,mixed-5000-seed-41544c53,miss,spatial_hit_test_sync_ms,ms,97,4.1000001430511475
Atlas,10690f7a4726+bench,SVG,instrument-2026-10-06T13-47-55.237Z,mixed-5000-seed-41544c53,miss,spatial_hit_test_sync_ms,ms,98,4.200000047683716
Atlas,10690f7a4726+bench,SVG,instrument-2026-10-06T13-47-55.237Z,mixed-5000-seed-41544c53,miss,spatial_hit_test_sync_ms,ms,99,4.099999904632568
Atlas,10690f7a4726+bench,SVG,instrument-2026-10-06T13-47-55.237Z,mixed-5000-seed-41544c53,miss,spatial_hit_test_sync_ms,ms,100,4.099999904632568
Atlas,10690f7a4726+bench,SVG,instrument-2026-10-06T13-47-55.237Z,mixed-5000-seed-41544c53,miss,spatial_hit_test_sync_ms,ms,101,4.1000001430511475
Atlas,10690f7a4726+bench,SVG,instrument-2026-10-06T13-47-55.237Z,mixed-5000-seed-41544c53,miss,spatial_hit_test_sync_ms,ms,102,4.200000047683716
Atlas,10690f7a4726+bench,SVG,instrument-2026-10-06T13-47-55.237Z,mixed-5000-seed-41544c53,miss,spatial_hit_test_sync_ms,ms,103,4.199999809265137
Atlas,10690f7a4726+bench,SVG,instrument-2026-10-06T13-47-55.237Z,mixed-5000-seed-41544c53,miss,spatial_hit_test_sync_ms,ms,104,4.1000001430511475
Atlas,10690f7a4726+bench,SVG,instrument-2026-10-06T13-47-55.237Z,mixed-5000-seed-41544c53,miss,spatial_hit_test_sync_ms,ms,105,4.200000047683716
Atlas,10690f7a4726+bench,SVG,instrument-2026-10-06T13-47-55.237Z,mixed-5000-seed-41544c53,miss,spatial_hit_test_sync_ms,ms,106,4.099999904632568
Atlas,10690f7a4726+bench,SVG,instrument-2026-10-06T13-47-55.237Z,mixed-5000-seed-41544c53,miss,spatial_hit_test_sync_ms,ms,107,4.099999904632568
Atlas,10690f7a4726+bench,SVG,instrument-2026-10-06T13-47-55.237Z,mixed-5000-seed-41544c53,miss,spatial_hit_test_sync_ms,ms,108,4.1000001430511475
Atlas,10690f7a4726+bench,SVG,instrument-2026-10-06T13-47-55.237Z,mixed-5000-seed-41544c53,miss,spatial_hit_test_sync_ms,ms,109,4.099999904632568
Atlas,10690f7a4726+bench,SVG,instrument-2026-10-06T13-47-55.237Z,mixed-5000-seed-41544c53,miss,spatial_hit_test_sync_ms,ms,110,4.1000001430511475
Atlas,10690f7a4726+bench,SVG,instrument-2026-10-06T13-47-55.237Z,mixed-5000-seed-41544c53,miss,spatial_hit_test_sync_ms,ms,111,4.099999904632568
Atlas,10690f7a4726+bench,SVG,instrument-2026-10-06T13-47-55.237Z,mixed-5000-seed-41544c53,miss,spatial_hit_test_sync_ms,ms,112,4.099999904632568
Atlas,10690f7a4726+bench,SVG,instrument-2026-10-06T13-47-55.237Z,mixed-5000-seed-41544c53,miss,spatial_hit_test_sync_ms,ms,113,4.200000047683716
Atlas,10690f7a4726+bench,SVG,instrument-2026-10-06T13-47-55.237Z,mixed-5000-seed-41544c53,miss,spatial_hit_test_sync_ms,ms,114,4.1000001430511475
Atlas,10690f7a4726+bench,SVG,instrument-2026-10-06T13-47-55.237Z,mixed-5000-seed-41544c53,miss,spatial_hit_test_sync_ms,ms,115,4.199999809265137
Atlas,10690f7a4726+bench,SVG,instrument-2026-10-06T13-47-55.237Z,mixed-5000-seed-41544c53,miss,spatial_hit_test_sync_ms,ms,116,4.1000001430511475
Atlas,10690f7a4726+bench,SVG,instrument-2026-10-06T13-47-55.237Z,mixed-5000-seed-41544c53,miss,spatial_hit_test_sync_ms,ms,117,4.099999904632568
Atlas,10690f7a4726+bench,SVG,instrument-2026-10-06T13-47-55.237Z,mixed-5000-seed-41544c53,miss,spatial_hit_test_sync_ms,ms,118,4.200000047683716
Atlas,10690f7a4726+bench,SVG,instrument-2026-10-06T13-47-55.237Z,mixed-5000-seed-41544c53,miss,spatial_hit_test_sync_ms,ms,119,4.200000047683716
Atlas,10690f7a4726+bench,SVG,instrument-2026-10-06T13-47-55.237Z,mixed-5000-seed-41544c53,miss,spatial_hit_test_sync_ms,ms,120,4
Atlas,10690f7a4726+bench,SVG,instrument-2026-10-06T13-47-55.237Z,mixed-5000-seed-41544c53,miss,spatial_hit_test_sync_ms,ms,121,4.200000047683716
Atlas,10690f7a4726+bench,SVG,instrument-2026-10-06T13-47-55.237Z,mixed-5000-seed-41544c53,miss,spatial_hit_test_sync_ms,ms,122,4.099999904632568
Atlas,10690f7a4726+bench,SVG,instrument-2026-10-06T13-47-55.237Z,mixed-5000-seed-41544c53,miss,spatial_hit_test_sync_ms,ms,123,4.099999904632568
Atlas,10690f7a4726+bench,SVG,instrument-2026-10-06T13-47-55.237Z,mixed-5000-seed-41544c53,miss,spatial_hit_test_sync_ms,ms,124,4.200000047683716
Atlas,10690f7a4726+bench,SVG,instrument-2026-10-06T13-47-55.237Z,mixed-5000-seed-41544c53,miss,spatial_hit_test_sync_ms,ms,125,4.1000001430511475
Atlas,10690f7a4726+bench,SVG,instrument-2026-10-06T13-47-55.237Z,mixed-5000-seed-41544c53,miss,spatial_hit_test_sync_ms,ms,126,4.099999904632568
Atlas,10690f7a4726+bench,SVG,instrument-2026-10-06T13-47-55.237Z,mixed-5000-seed-41544c53,miss,spatial_hit_test_sync_ms,ms,127,4.200000047683716
Atlas,10690f7a4726+bench,SVG,instrument-2026-10-06T13-47-55.237Z,mixed-5000-seed-41544c53,miss,spatial_hit_test_sync_ms,ms,128,4.099999904632568
Atlas,10690f7a4726+bench,SVG,instrument-2026-10-06T13-47-55.237Z,mixed-5000-seed-41544c53,miss,spatial_hit_test_sync_ms,ms,129,4.1000001430511475
Atlas,10690f7a4726+bench,SVG,instrument-2026-10-06T13-47-55.237Z,mixed-5000-seed-41544c53,miss,spatial_hit_test_sync_ms,ms,130,4.199999809265137
Atlas,10690f7a4726+bench,SVG,instrument-2026-10-06T13-47-55.237Z,mixed-5000-seed-41544c53,miss,spatial_hit_test_sync_ms,ms,131,4.200000047683716
Atlas,10690f7a4726+bench,SVG,instrument-2026-10-06T13-47-55.237Z,mixed-5000-seed-41544c53,miss,spatial_hit_test_sync_ms,ms,132,4.400000095367432
Atlas,10690f7a4726+bench,SVG,instrument-2026-10-06T13-47-55.237Z,mixed-5000-seed-41544c53,miss,spatial_hit_test_sync_ms,ms,133,4.299999952316284
Atlas,10690f7a4726+bench,SVG,instrument-2026-10-06T13-47-55.237Z,mixed-5000-seed-41544c53,miss,spatial_hit_test_sync_ms,ms,134,4.5
Atlas,10690f7a4726+bench,SVG,instrument-2026-10-06T13-47-55.237Z,mixed-5000-seed-41544c53,miss,spatial_hit_test_sync_ms,ms,135,4.299999952316284
Atlas,10690f7a4726+bench,SVG,instrument-2026-10-06T13-47-55.237Z,mixed-5000-seed-41544c53,miss,spatial_hit_test_sync_ms,ms,136,4.200000047683716
Atlas,10690f7a4726+bench,SVG,instrument-2026-10-06T13-47-55.237Z,mixed-5000-seed-41544c53,miss,spatial_hit_test_sync_ms,ms,137,4.299999952316284
Atlas,10690f7a4726+bench,SVG,instrument-2026-10-06T13-47-55.237Z,mixed-5000-seed-41544c53,miss,spatial_hit_test_sync_ms,ms,138,4.400000095367432
Atlas,10690f7a4726+bench,SVG,instrument-2026-10-06T13-47-55.237Z,mixed-5000-seed-41544c53,miss,spatial_hit_test_sync_ms,ms,139,4.200000047683716
Atlas,10690f7a4726+bench,SVG,instrument-2026-10-06T13-47-55.237Z,mixed-5000-seed-41544c53,miss,spatial_hit_test_sync_ms,ms,140,4.5
Atlas,10690f7a4726+bench,SVG,instrument-2026-10-06T13-47-55.237Z,mixed-5000-seed-41544c53,miss,spatial_hit_test_sync_ms,ms,141,4.5
Atlas,10690f7a4726+bench,SVG,instrument-2026-10-06T13-47-55.237Z,mixed-5000-seed-41544c53,miss,spatial_hit_test_sync_ms,ms,142,4.5
Atlas,10690f7a4726+bench,SVG,instrument-2026-10-06T13-47-55.237Z,mixed-5000-seed-41544c53,miss,spatial_hit_test_sync_ms,ms,143,4.299999952316284
Atlas,10690f7a4726+bench,SVG,instrument-2026-10-06T13-47-55.237Z,mixed-5000-seed-41544c53,miss,spatial_hit_test_sync_ms,ms,144,4.3999998569488525
Atlas,10690f7a4726+bench,SVG,instrument-2026-10-06T13-47-55.237Z,mixed-5000-seed-41544c53,miss,spatial_hit_test_sync_ms,ms,145,4.200000047683716
Atlas,10690f7a4726+bench,SVG,instrument-2026-10-06T13-47-55.237Z,mixed-5000-seed-41544c53,miss,spatial_hit_test_sync_ms,ms,146,4.200000047683716
Atlas,10690f7a4726+bench,SVG,instrument-2026-10-06T13-47-55.237Z,mixed-5000-seed-41544c53,miss,spatial_hit_test_sync_ms,ms,147,4.099999904632568
Atlas,10690f7a4726+bench,SVG,instrument-2026-10-06T13-47-55.237Z,mixed-5000-seed-41544c53,miss,spatial_hit_test_sync_ms,ms,148,4.1000001430511475
Atlas,10690f7a4726+bench,SVG,instrument-2026-10-06T13-47-55.237Z,mixed-5000-seed-41544c53,miss,spatial_hit_test_sync_ms,ms,149,4.200000047683716
Atlas,10690f7a4726+bench,SVG,instrument-2026-10-06T13-47-55.237Z,mixed-5000-seed-41544c53,miss,spatial_hit_test_sync_ms,ms,150,4.199999809265137
Atlas,10690f7a4726+bench,SVG,instrument-2026-10-06T13-47-55.237Z,mixed-5000-seed-41544c53,miss,spatial_hit_test_sync_ms,ms,151,4.6000001430511475
Atlas,10690f7a4726+bench,SVG,instrument-2026-10-06T13-47-55.237Z,mixed-5000-seed-41544c53,miss,spatial_hit_test_sync_ms,ms,152,4.299999952316284
Atlas,10690f7a4726+bench,SVG,instrument-2026-10-06T13-47-55.237Z,mixed-5000-seed-41544c53,miss,spatial_hit_test_sync_ms,ms,153,4.400000095367432
Atlas,10690f7a4726+bench,SVG,instrument-2026-10-06T13-47-55.237Z,mixed-5000-seed-41544c53,miss,spatial_hit_test_sync_ms,ms,154,4.299999952316284
Atlas,10690f7a4726+bench,SVG,instrument-2026-10-06T13-47-55.237Z,mixed-5000-seed-41544c53,miss,spatial_hit_test_sync_ms,ms,155,4.099999904632568
Atlas,10690f7a4726+bench,SVG,instrument-2026-10-06T13-47-55.237Z,mixed-5000-seed-41544c53,miss,spatial_hit_test_sync_ms,ms,156,4.1000001430511475
Atlas,10690f7a4726+bench,SVG,instrument-2026-10-06T13-47-55.237Z,mixed-5000-seed-41544c53,miss,spatial_hit_test_sync_ms,ms,157,4.699999809265137
Atlas,10690f7a4726+bench,SVG,instrument-2026-10-06T13-47-55.237Z,mixed-5000-seed-41544c53,miss,spatial_hit_test_sync_ms,ms,158,4.6000001430511475
Atlas,10690f7a4726+bench,SVG,instrument-2026-10-06T13-47-55.237Z,mixed-5000-seed-41544c53,miss,spatial_hit_test_sync_ms,ms,159,4.599999904632568
Atlas,10690f7a4726+bench,SVG,instrument-2026-10-06T13-47-55.237Z,mixed-5000-seed-41544c53,miss,spatial_hit_test_sync_ms,ms,160,4.5
Atlas,10690f7a4726+bench,SVG,instrument-2026-10-06T13-47-55.237Z,mixed-5000-seed-41544c53,miss,spatial_hit_test_sync_ms,ms,161,4.3999998569488525
Atlas,10690f7a4726+bench,SVG,instrument-2026-10-06T13-47-55.237Z,mixed-5000-seed-41544c53,miss,spatial_hit_test_sync_ms,ms,162,4.400000095367432
Atlas,10690f7a4726+bench,SVG,instrument-2026-10-06T13-47-55.237Z,mixed-5000-seed-41544c53,miss,spatial_hit_test_sync_ms,ms,163,4.099999904632568
Atlas,10690f7a4726+bench,SVG,instrument-2026-10-06T13-47-55.237Z,mixed-5000-seed-41544c53,miss,spatial_hit_test_sync_ms,ms,164,4.1000001430511475
Atlas,10690f7a4726+bench,SVG,instrument-2026-10-06T13-47-55.237Z,mixed-5000-seed-41544c53,miss,spatial_hit_test_sync_ms,ms,165,4.199999809265137
Atlas,10690f7a4726+bench,SVG,instrument-2026-10-06T13-47-55.237Z,mixed-5000-seed-41544c53,miss,spatial_hit_test_sync_ms,ms,166,4.1000001430511475
Atlas,10690f7a4726+bench,SVG,instrument-2026-10-06T13-47-55.237Z,mixed-5000-seed-41544c53,miss,spatial_hit_test_sync_ms,ms,167,4.200000047683716
Atlas,10690f7a4726+bench,SVG,instrument-2026-10-06T13-47-55.237Z,mixed-5000-seed-41544c53,miss,spatial_hit_test_sync_ms,ms,168,4.199999809265137
Atlas,10690f7a4726+bench,SVG,instrument-2026-10-06T13-47-55.237Z,mixed-5000-seed-41544c53,miss,spatial_hit_test_sync_ms,ms,169,4.1000001430511475
Atlas,10690f7a4726+bench,SVG,instrument-2026-10-06T13-47-55.237Z,mixed-5000-seed-41544c53,miss,spatial_hit_test_sync_ms,ms,170,4.200000047683716
Atlas,10690f7a4726+bench,SVG,instrument-2026-10-06T13-47-55.237Z,mixed-5000-seed-41544c53,miss,spatial_hit_test_sync_ms,ms,171,4.099999904632568
Atlas,10690f7a4726+bench,SVG,instrument-2026-10-06T13-47-55.237Z,mixed-5000-seed-41544c53,miss,spatial_hit_test_sync_ms,ms,172,4.299999952316284
Atlas,10690f7a4726+bench,SVG,instrument-2026-10-06T13-47-55.237Z,mixed-5000-seed-41544c53,miss,spatial_hit_test_sync_ms,ms,173,4.400000095367432
Atlas,10690f7a4726+bench,SVG,instrument-2026-10-06T13-47-55.237Z,mixed-5000-seed-41544c53,miss,spatial_hit_test_sync_ms,ms,174,4.099999904632568
Atlas,10690f7a4726+bench,SVG,instrument-2026-10-06T13-47-55.237Z,mixed-5000-seed-41544c53,miss,spatial_hit_test_sync_ms,ms,175,4.200000047683716
Atlas,10690f7a4726+bench,SVG,instrument-2026-10-06T13-47-55.237Z,mixed-5000-seed-41544c53,miss,spatial_hit_test_sync_ms,ms,176,4.200000047683716
Atlas,10690f7a4726+bench,SVG,instrument-2026-10-06T13-47-55.237Z,mixed-5000-seed-41544c53,miss,spatial_hit_test_sync_ms,ms,177,4.099999904632568
Atlas,10690f7a4726+bench,SVG,instrument-2026-10-06T13-47-55.237Z,mixed-5000-seed-41544c53,miss,spatial_hit_test_sync_ms,ms,178,4.1000001430511475
Atlas,10690f7a4726+bench,SVG,instrument-2026-10-06T13-47-55.237Z,mixed-5000-seed-41544c53,miss,spatial_hit_test_sync_ms,ms,179,4.3999998569488525
Atlas,10690f7a4726+bench,SVG,instrument-2026-10-06T13-47-55.237Z,mixed-5000-seed-41544c53,miss,spatial_hit_test_sync_ms,ms,180,4.1000001430511475
Atlas,10690f7a4726+bench,SVG,instrument-2026-10-06T13-47-55.237Z,mixed-5000-seed-41544c53,miss,spatial_hit_test_sync_ms,ms,181,4.099999904632568
Atlas,10690f7a4726+bench,SVG,instrument-2026-10-06T13-47-55.237Z,mixed-5000-seed-41544c53,miss,spatial_hit_test_sync_ms,ms,182,4.099999904632568
Atlas,10690f7a4726+bench,SVG,instrument-2026-10-06T13-47-55.237Z,mixed-5000-seed-41544c53,miss,spatial_hit_test_sync_ms,ms,183,4.1000001430511475
Atlas,10690f7a4726+bench,SVG,instrument-2026-10-06T13-47-55.237Z,mixed-5000-seed-41544c53,miss,spatial_hit_test_sync_ms,ms,184,4.099999904632568
Atlas,10690f7a4726+bench,SVG,instrument-2026-10-06T13-47-55.237Z,mixed-5000-seed-41544c53,miss,spatial_hit_test_sync_ms,ms,185,4.200000047683716
Atlas,10690f7a4726+bench,SVG,instrument-2026-10-06T13-47-55.237Z,mixed-5000-seed-41544c53,miss,spatial_hit_test_sync_ms,ms,186,4.099999904632568
Atlas,10690f7a4726+bench,SVG,instrument-2026-10-06T13-47-55.237Z,mixed-5000-seed-41544c53,miss,spatial_hit_test_sync_ms,ms,187,4
Atlas,10690f7a4726+bench,SVG,instrument-2026-10-06T13-47-55.237Z,mixed-5000-seed-41544c53,miss,spatial_hit_test_sync_ms,ms,188,4.200000047683716
Atlas,10690f7a4726+bench,SVG,instrument-2026-10-06T13-47-55.237Z,mixed-5000-seed-41544c53,miss,spatial_hit_test_sync_ms,ms,189,4.1000001430511475
Atlas,10690f7a4726+bench,SVG,instrument-2026-10-06T13-47-55.237Z,mixed-5000-seed-41544c53,miss,spatial_hit_test_sync_ms,ms,190,4.099999904632568
Atlas,10690f7a4726+bench,SVG,instrument-2026-10-06T13-47-55.237Z,mixed-5000-seed-41544c53,miss,spatial_hit_test_sync_ms,ms,191,4
Atlas,10690f7a4726+bench,SVG,instrument-2026-10-06T13-47-55.237Z,mixed-5000-seed-41544c53,miss,spatial_hit_test_sync_ms,ms,192,4.099999904632568
Atlas,10690f7a4726+bench,SVG,instrument-2026-10-06T13-47-55.237Z,mixed-5000-seed-41544c53,miss,spatial_hit_test_sync_ms,ms,193,4.200000047683716
Atlas,10690f7a4726+bench,SVG,instrument-2026-10-06T13-47-55.237Z,mixed-5000-seed-41544c53,miss,spatial_hit_test_sync_ms,ms,194,4.1000001430511475
Atlas,10690f7a4726+bench,SVG,instrument-2026-10-06T13-47-55.237Z,mixed-5000-seed-41544c53,miss,spatial_hit_test_sync_ms,ms,195,4.099999904632568
Atlas,10690f7a4726+bench,SVG,instrument-2026-10-06T13-47-55.237Z,mixed-5000-seed-41544c53,miss,spatial_hit_test_sync_ms,ms,196,4.099999904632568
Atlas,10690f7a4726+bench,SVG,instrument-2026-10-06T13-47-55.237Z,mixed-5000-seed-41544c53,miss,spatial_hit_test_sync_ms,ms,197,4.1000001430511475
Atlas,10690f7a4726+bench,SVG,instrument-2026-10-06T13-47-55.237Z,mixed-5000-seed-41544c53,miss,spatial_hit_test_sync_ms,ms,198,4.099999904632568
Atlas,10690f7a4726+bench,SVG,instrument-2026-10-06T13-47-55.237Z,mixed-5000-seed-41544c53,miss,spatial_hit_test_sync_ms,ms,199,4.1000001430511475
Atlas,10690f7a4726+bench,SVG,instrument-2026-10-06T13-47-55.237Z,mixed-5000-seed-41544c53,miss,root_iterator_creations,count,0,201
Atlas,10690f7a4726+bench,SVG,instrument-2026-10-06T13-47-55.237Z,mixed-5000-seed-41544c53,miss,root_iterator_next_calls,count,0,1005001
Atlas,10690f7a4726+bench,SVG,instrument-2026-10-06T13-47-55.237Z,mixed-5000-seed-41544c53,miss,route_membership_reads,count,0,1602200
Atlas,10690f7a4726+bench,SVG,instrument-2026-10-06T13-47-55.237Z,mixed-5000-seed-41544c53,miss,layout_rect_reads,count,0,0
Atlas,10690f7a4726+bench,SVG,instrument-2026-10-06T13-47-55.237Z,mixed-5000-seed-41544c53,miss,cleanup_renderer_calls,count,0,0
Atlas,10690f7a4726+bench,SVG,instrument-2026-10-06T13-47-55.237Z,mixed-5000-seed-41544c53,miss,cleanup_stage_children,count,0,0
Atlas,10690f7a4726+bench,SVG,instrument-2026-10-06T13-47-55.237Z,mixed-5000-seed-41544c53,position-single,operation_sync_ms,ms,0,0.10000014305114746
Atlas,10690f7a4726+bench,SVG,instrument-2026-10-06T13-47-55.237Z,mixed-5000-seed-41544c53,position-single,operation_to_raf_opportunities_ms,ms,0,67.20000004768372
Atlas,10690f7a4726+bench,SVG,instrument-2026-10-06T13-47-55.237Z,mixed-5000-seed-41544c53,position-single,root_iterator_creations,count,0,2
Atlas,10690f7a4726+bench,SVG,instrument-2026-10-06T13-47-55.237Z,mixed-5000-seed-41544c53,position-single,root_iterator_next_calls,count,0,10001
Atlas,10690f7a4726+bench,SVG,instrument-2026-10-06T13-47-55.237Z,mixed-5000-seed-41544c53,position-single,svg_attribute_writes,count,0,24995
Atlas,10690f7a4726+bench,SVG,instrument-2026-10-06T13-47-55.237Z,mixed-5000-seed-41544c53,position-single,renderer_scene_reads,count,0,1
Atlas,10690f7a4726+bench,SVG,instrument-2026-10-06T13-47-55.237Z,mixed-5000-seed-41544c53,position-single,route_membership_reads,count,0,3000
Atlas,10690f7a4726+bench,SVG,instrument-2026-10-06T13-47-55.237Z,mixed-5000-seed-41544c53,position-single,svg_attribute_removals,count,0,11996
Atlas,10690f7a4726+bench,SVG,instrument-2026-10-06T13-47-55.237Z,mixed-5000-seed-41544c53,position-single,renderer_calls,count,0,1
Atlas,10690f7a4726+bench,SVG,instrument-2026-10-06T13-47-55.237Z,mixed-5000-seed-41544c53,position-single,layout_rect_reads,count,0,0
Atlas,10690f7a4726+bench,SVG,instrument-2026-10-06T13-47-55.237Z,mixed-5000-seed-41544c53,position-single,instrumented_renderer_callback_ms,ms,0,18.699999809265137
Atlas,10690f7a4726+bench,SVG,instrument-2026-10-06T13-47-55.237Z,mixed-5000-seed-41544c53,position-single,cleanup_renderer_calls,count,0,0
Atlas,10690f7a4726+bench,SVG,instrument-2026-10-06T13-47-55.237Z,mixed-5000-seed-41544c53,position-single,cleanup_stage_children,count,0,0
Atlas,10690f7a4726+bench,SVG,instrument-2026-10-06T13-47-55.237Z,mixed-5000-seed-41544c53,position-series,operation_sync_ms,ms,0,0.09999990463256836
Atlas,10690f7a4726+bench,SVG,instrument-2026-10-06T13-47-55.237Z,mixed-5000-seed-41544c53,position-series,operation_to_raf_opportunities_ms,ms,0,63.40000009536743
Atlas,10690f7a4726+bench,SVG,instrument-2026-10-06T13-47-55.237Z,mixed-5000-seed-41544c53,position-series,root_iterator_creations,count,0,2
Atlas,10690f7a4726+bench,SVG,instrument-2026-10-06T13-47-55.237Z,mixed-5000-seed-41544c53,position-series,root_iterator_next_calls,count,0,10001
Atlas,10690f7a4726+bench,SVG,instrument-2026-10-06T13-47-55.237Z,mixed-5000-seed-41544c53,position-series,route_membership_reads,count,0,3020
Atlas,10690f7a4726+bench,SVG,instrument-2026-10-06T13-47-55.237Z,mixed-5000-seed-41544c53,position-series,svg_attribute_writes,count,0,24995
Atlas,10690f7a4726+bench,SVG,instrument-2026-10-06T13-47-55.237Z,mixed-5000-seed-41544c53,position-series,renderer_scene_reads,count,0,1
Atlas,10690f7a4726+bench,SVG,instrument-2026-10-06T13-47-55.237Z,mixed-5000-seed-41544c53,position-series,svg_attribute_removals,count,0,11996
Atlas,10690f7a4726+bench,SVG,instrument-2026-10-06T13-47-55.237Z,mixed-5000-seed-41544c53,position-series,renderer_calls,count,0,1
Atlas,10690f7a4726+bench,SVG,instrument-2026-10-06T13-47-55.237Z,mixed-5000-seed-41544c53,position-series,layout_rect_reads,count,0,0
Atlas,10690f7a4726+bench,SVG,instrument-2026-10-06T13-47-55.237Z,mixed-5000-seed-41544c53,position-series,instrumented_renderer_callback_ms,ms,0,17.100000143051147
Atlas,10690f7a4726+bench,SVG,instrument-2026-10-06T13-47-55.237Z,mixed-5000-seed-41544c53,position-series,cleanup_renderer_calls,count,0,0
Atlas,10690f7a4726+bench,SVG,instrument-2026-10-06T13-47-55.237Z,mixed-5000-seed-41544c53,position-series,cleanup_stage_children,count,0,0
Atlas,10690f7a4726+bench,SVG,instrument-2026-10-06T13-47-55.237Z,mixed-5000-seed-41544c53,add-100,operation_sync_ms,ms,0,51.59999990463257
Atlas,10690f7a4726+bench,SVG,instrument-2026-10-06T13-47-55.237Z,mixed-5000-seed-41544c53,add-100,cumulative_operation_ms,ms,100,51.59999990463257
Atlas,10690f7a4726+bench,SVG,instrument-2026-10-06T13-47-55.237Z,mixed-5000-seed-41544c53,add-100,operation_to_raf_opportunities_ms,ms,0,124.89999985694885
Atlas,10690f7a4726+bench,SVG,instrument-2026-10-06T13-47-55.237Z,mixed-5000-seed-41544c53,add-100,root_iterator_creations,count,0,103
Atlas,10690f7a4726+bench,SVG,instrument-2026-10-06T13-47-55.237Z,mixed-5000-seed-41544c53,add-100,root_iterator_next_calls,count,0,515152
Atlas,10690f7a4726+bench,SVG,instrument-2026-10-06T13-47-55.237Z,mixed-5000-seed-41544c53,add-100,svg_attribute_writes,count,0,25795
Atlas,10690f7a4726+bench,SVG,instrument-2026-10-06T13-47-55.237Z,mixed-5000-seed-41544c53,add-100,renderer_scene_reads,count,0,1
Atlas,10690f7a4726+bench,SVG,instrument-2026-10-06T13-47-55.237Z,mixed-5000-seed-41544c53,add-100,route_membership_reads,count,0,4000
Atlas,10690f7a4726+bench,SVG,instrument-2026-10-06T13-47-55.237Z,mixed-5000-seed-41544c53,add-100,renderer_scene_membership_changes,count,0,1
Atlas,10690f7a4726+bench,SVG,instrument-2026-10-06T13-47-55.237Z,mixed-5000-seed-41544c53,add-100,svg_attribute_removals,count,0,12096
Atlas,10690f7a4726+bench,SVG,instrument-2026-10-06T13-47-55.237Z,mixed-5000-seed-41544c53,add-100,renderer_calls,count,0,1
Atlas,10690f7a4726+bench,SVG,instrument-2026-10-06T13-47-55.237Z,mixed-5000-seed-41544c53,add-100,layout_rect_reads,count,0,0
Atlas,10690f7a4726+bench,SVG,instrument-2026-10-06T13-47-55.237Z,mixed-5000-seed-41544c53,add-100,instrumented_renderer_callback_ms,ms,0,21.200000047683716
Atlas,10690f7a4726+bench,SVG,instrument-2026-10-06T13-47-55.237Z,mixed-5000-seed-41544c53,add-100,cleanup_renderer_calls,count,0,0
Atlas,10690f7a4726+bench,SVG,instrument-2026-10-06T13-47-55.237Z,mixed-5000-seed-41544c53,add-100,cleanup_stage_children,count,0,0
Atlas,10690f7a4726+bench,SVG,instrument-2026-10-06T13-47-55.237Z,mixed-5000-seed-41544c53,add-500,operation_sync_ms,ms,0,218.59999990463257
Atlas,10690f7a4726+bench,SVG,instrument-2026-10-06T13-47-55.237Z,mixed-5000-seed-41544c53,add-500,cumulative_operation_ms,ms,100,50.299999952316284
Atlas,10690f7a4726+bench,SVG,instrument-2026-10-06T13-47-55.237Z,mixed-5000-seed-41544c53,add-500,cumulative_operation_ms,ms,200,94.09999990463257
Atlas,10690f7a4726+bench,SVG,instrument-2026-10-06T13-47-55.237Z,mixed-5000-seed-41544c53,add-500,cumulative_operation_ms,ms,300,135.29999995231628
Atlas,10690f7a4726+bench,SVG,instrument-2026-10-06T13-47-55.237Z,mixed-5000-seed-41544c53,add-500,cumulative_operation_ms,ms,400,177.20000004768372
Atlas,10690f7a4726+bench,SVG,instrument-2026-10-06T13-47-55.237Z,mixed-5000-seed-41544c53,add-500,cumulative_operation_ms,ms,500,218.59999990463257
Atlas,10690f7a4726+bench,SVG,instrument-2026-10-06T13-47-55.237Z,mixed-5000-seed-41544c53,add-500,operation_to_raf_opportunities_ms,ms,0,301.2000000476837
Atlas,10690f7a4726+bench,SVG,instrument-2026-10-06T13-47-55.237Z,mixed-5000-seed-41544c53,add-500,root_iterator_creations,count,0,503
Atlas,10690f7a4726+bench,SVG,instrument-2026-10-06T13-47-55.237Z,mixed-5000-seed-41544c53,add-500,root_iterator_next_calls,count,0,2635752
Atlas,10690f7a4726+bench,SVG,instrument-2026-10-06T13-47-55.237Z,mixed-5000-seed-41544c53,add-500,svg_attribute_writes,count,0,28995
Atlas,10690f7a4726+bench,SVG,instrument-2026-10-06T13-47-55.237Z,mixed-5000-seed-41544c53,add-500,renderer_scene_reads,count,0,1
Atlas,10690f7a4726+bench,SVG,instrument-2026-10-06T13-47-55.237Z,mixed-5000-seed-41544c53,add-500,route_membership_reads,count,0,4000
Atlas,10690f7a4726+bench,SVG,instrument-2026-10-06T13-47-55.237Z,mixed-5000-seed-41544c53,add-500,renderer_scene_membership_changes,count,0,1
Atlas,10690f7a4726+bench,SVG,instrument-2026-10-06T13-47-55.237Z,mixed-5000-seed-41544c53,add-500,svg_attribute_removals,count,0,12496
Atlas,10690f7a4726+bench,SVG,instrument-2026-10-06T13-47-55.237Z,mixed-5000-seed-41544c53,add-500,renderer_calls,count,0,1
Atlas,10690f7a4726+bench,SVG,instrument-2026-10-06T13-47-55.237Z,mixed-5000-seed-41544c53,add-500,layout_rect_reads,count,0,0
Atlas,10690f7a4726+bench,SVG,instrument-2026-10-06T13-47-55.237Z,mixed-5000-seed-41544c53,add-500,instrumented_renderer_callback_ms,ms,0,22.700000047683716
Atlas,10690f7a4726+bench,SVG,instrument-2026-10-06T13-47-55.237Z,mixed-5000-seed-41544c53,add-500,cleanup_renderer_calls,count,0,0
Atlas,10690f7a4726+bench,SVG,instrument-2026-10-06T13-47-55.237Z,mixed-5000-seed-41544c53,add-500,cleanup_stage_children,count,0,0
Atlas,10690f7a4726+bench,SVG,instrument-2026-10-06T13-47-55.237Z,mixed-5000-seed-41544c53,add-1000,operation_sync_ms,ms,0,422.7999999523163
Atlas,10690f7a4726+bench,SVG,instrument-2026-10-06T13-47-55.237Z,mixed-5000-seed-41544c53,add-1000,cumulative_operation_ms,ms,100,40.60000014305115
Atlas,10690f7a4726+bench,SVG,instrument-2026-10-06T13-47-55.237Z,mixed-5000-seed-41544c53,add-1000,cumulative_operation_ms,ms,200,82.29999995231628
Atlas,10690f7a4726+bench,SVG,instrument-2026-10-06T13-47-55.237Z,mixed-5000-seed-41544c53,add-1000,cumulative_operation_ms,ms,300,123.40000009536743
Atlas,10690f7a4726+bench,SVG,instrument-2026-10-06T13-47-55.237Z,mixed-5000-seed-41544c53,add-1000,cumulative_operation_ms,ms,400,163.5
Atlas,10690f7a4726+bench,SVG,instrument-2026-10-06T13-47-55.237Z,mixed-5000-seed-41544c53,add-1000,cumulative_operation_ms,ms,500,206.79999995231628
Atlas,10690f7a4726+bench,SVG,instrument-2026-10-06T13-47-55.237Z,mixed-5000-seed-41544c53,add-1000,cumulative_operation_ms,ms,600,248.70000004768372
Atlas,10690f7a4726+bench,SVG,instrument-2026-10-06T13-47-55.237Z,mixed-5000-seed-41544c53,add-1000,cumulative_operation_ms,ms,700,291.7000000476837
Atlas,10690f7a4726+bench,SVG,instrument-2026-10-06T13-47-55.237Z,mixed-5000-seed-41544c53,add-1000,cumulative_operation_ms,ms,800,334.10000014305115
Atlas,10690f7a4726+bench,SVG,instrument-2026-10-06T13-47-55.237Z,mixed-5000-seed-41544c53,add-1000,cumulative_operation_ms,ms,900,378
Atlas,10690f7a4726+bench,SVG,instrument-2026-10-06T13-47-55.237Z,mixed-5000-seed-41544c53,add-1000,cumulative_operation_ms,ms,1000,422.7999999523163
Atlas,10690f7a4726+bench,SVG,instrument-2026-10-06T13-47-55.237Z,mixed-5000-seed-41544c53,add-1000,operation_to_raf_opportunities_ms,ms,0,517.7999999523163
Atlas,10690f7a4726+bench,SVG,instrument-2026-10-06T13-47-55.237Z,mixed-5000-seed-41544c53,add-1000,root_iterator_creations,count,0,1003
Atlas,10690f7a4726+bench,SVG,instrument-2026-10-06T13-47-55.237Z,mixed-5000-seed-41544c53,add-1000,root_iterator_next_calls,count,0,5511502
Atlas,10690f7a4726+bench,SVG,instrument-2026-10-06T13-47-55.237Z,mixed-5000-seed-41544c53,add-1000,svg_attribute_writes,count,0,32995
Atlas,10690f7a4726+bench,SVG,instrument-2026-10-06T13-47-55.237Z,mixed-5000-seed-41544c53,add-1000,renderer_scene_reads,count,0,1
Atlas,10690f7a4726+bench,SVG,instrument-2026-10-06T13-47-55.237Z,mixed-5000-seed-41544c53,add-1000,route_membership_reads,count,0,4000
Atlas,10690f7a4726+bench,SVG,instrument-2026-10-06T13-47-55.237Z,mixed-5000-seed-41544c53,add-1000,renderer_scene_membership_changes,count,0,1
Atlas,10690f7a4726+bench,SVG,instrument-2026-10-06T13-47-55.237Z,mixed-5000-seed-41544c53,add-1000,svg_attribute_removals,count,0,12996
Atlas,10690f7a4726+bench,SVG,instrument-2026-10-06T13-47-55.237Z,mixed-5000-seed-41544c53,add-1000,renderer_calls,count,0,1
Atlas,10690f7a4726+bench,SVG,instrument-2026-10-06T13-47-55.237Z,mixed-5000-seed-41544c53,add-1000,layout_rect_reads,count,0,0
Atlas,10690f7a4726+bench,SVG,instrument-2026-10-06T13-47-55.237Z,mixed-5000-seed-41544c53,add-1000,instrumented_renderer_callback_ms,ms,0,23.5
Atlas,10690f7a4726+bench,SVG,instrument-2026-10-06T13-47-55.237Z,mixed-5000-seed-41544c53,add-1000,cleanup_renderer_calls,count,0,0
Atlas,10690f7a4726+bench,SVG,instrument-2026-10-06T13-47-55.237Z,mixed-5000-seed-41544c53,add-1000,cleanup_stage_children,count,0,0
Atlas,10690f7a4726+bench,SVG,instrument-2026-10-06T13-47-55.237Z,mixed-5000-seed-41544c53,remove-100,operation_sync_ms,ms,0,50.90000009536743
Atlas,10690f7a4726+bench,SVG,instrument-2026-10-06T13-47-55.237Z,mixed-5000-seed-41544c53,remove-100,cumulative_operation_ms,ms,100,50.90000009536743
Atlas,10690f7a4726+bench,SVG,instrument-2026-10-06T13-47-55.237Z,mixed-5000-seed-41544c53,remove-100,operation_to_raf_opportunities_ms,ms,0,120.90000009536743
Atlas,10690f7a4726+bench,SVG,instrument-2026-10-06T13-47-55.237Z,mixed-5000-seed-41544c53,remove-100,root_iterator_creations,count,0,103
Atlas,10690f7a4726+bench,SVG,instrument-2026-10-06T13-47-55.237Z,mixed-5000-seed-41544c53,remove-100,root_iterator_next_calls,count,0,504952
Atlas,10690f7a4726+bench,SVG,instrument-2026-10-06T13-47-55.237Z,mixed-5000-seed-41544c53,remove-100,svg_attribute_writes,count,0,24505
Atlas,10690f7a4726+bench,SVG,instrument-2026-10-06T13-47-55.237Z,mixed-5000-seed-41544c53,remove-100,renderer_scene_reads,count,0,1
Atlas,10690f7a4726+bench,SVG,instrument-2026-10-06T13-47-55.237Z,mixed-5000-seed-41544c53,remove-100,route_membership_reads,count,0,3920
Atlas,10690f7a4726+bench,SVG,instrument-2026-10-06T13-47-55.237Z,mixed-5000-seed-41544c53,remove-100,renderer_scene_membership_changes,count,0,1
Atlas,10690f7a4726+bench,SVG,instrument-2026-10-06T13-47-55.237Z,mixed-5000-seed-41544c53,remove-100,svg_attribute_removals,count,0,11761
Atlas,10690f7a4726+bench,SVG,instrument-2026-10-06T13-47-55.237Z,mixed-5000-seed-41544c53,remove-100,renderer_calls,count,0,1
Atlas,10690f7a4726+bench,SVG,instrument-2026-10-06T13-47-55.237Z,mixed-5000-seed-41544c53,remove-100,layout_rect_reads,count,0,0
Atlas,10690f7a4726+bench,SVG,instrument-2026-10-06T13-47-55.237Z,mixed-5000-seed-41544c53,remove-100,instrumented_renderer_callback_ms,ms,0,19.59999990463257
Atlas,10690f7a4726+bench,SVG,instrument-2026-10-06T13-47-55.237Z,mixed-5000-seed-41544c53,remove-100,cleanup_renderer_calls,count,0,0
Atlas,10690f7a4726+bench,SVG,instrument-2026-10-06T13-47-55.237Z,mixed-5000-seed-41544c53,remove-100,cleanup_stage_children,count,0,0
Atlas,10690f7a4726+bench,SVG,instrument-2026-10-06T13-47-55.237Z,mixed-5000-seed-41544c53,remove-500,operation_sync_ms,ms,0,227.89999985694885
Atlas,10690f7a4726+bench,SVG,instrument-2026-10-06T13-47-55.237Z,mixed-5000-seed-41544c53,remove-500,cumulative_operation_ms,ms,100,54.09999990463257
Atlas,10690f7a4726+bench,SVG,instrument-2026-10-06T13-47-55.237Z,mixed-5000-seed-41544c53,remove-500,cumulative_operation_ms,ms,200,97.39999985694885
Atlas,10690f7a4726+bench,SVG,instrument-2026-10-06T13-47-55.237Z,mixed-5000-seed-41544c53,remove-500,cumulative_operation_ms,ms,300,142.59999990463257
Atlas,10690f7a4726+bench,SVG,instrument-2026-10-06T13-47-55.237Z,mixed-5000-seed-41544c53,remove-500,cumulative_operation_ms,ms,400,185.59999990463257
Atlas,10690f7a4726+bench,SVG,instrument-2026-10-06T13-47-55.237Z,mixed-5000-seed-41544c53,remove-500,cumulative_operation_ms,ms,500,227.89999985694885
Atlas,10690f7a4726+bench,SVG,instrument-2026-10-06T13-47-55.237Z,mixed-5000-seed-41544c53,remove-500,operation_to_raf_opportunities_ms,ms,0,328.89999985694885
Atlas,10690f7a4726+bench,SVG,instrument-2026-10-06T13-47-55.237Z,mixed-5000-seed-41544c53,remove-500,root_iterator_creations,count,0,503
Atlas,10690f7a4726+bench,SVG,instrument-2026-10-06T13-47-55.237Z,mixed-5000-seed-41544c53,remove-500,root_iterator_next_calls,count,0,2384752
Atlas,10690f7a4726+bench,SVG,instrument-2026-10-06T13-47-55.237Z,mixed-5000-seed-41544c53,remove-500,svg_attribute_writes,count,0,22503
Atlas,10690f7a4726+bench,SVG,instrument-2026-10-06T13-47-55.237Z,mixed-5000-seed-41544c53,remove-500,renderer_scene_reads,count,0,1
Atlas,10690f7a4726+bench,SVG,instrument-2026-10-06T13-47-55.237Z,mixed-5000-seed-41544c53,remove-500,route_membership_reads,count,0,3600
Atlas,10690f7a4726+bench,SVG,instrument-2026-10-06T13-47-55.237Z,mixed-5000-seed-41544c53,remove-500,renderer_scene_membership_changes,count,0,1
Atlas,10690f7a4726+bench,SVG,instrument-2026-10-06T13-47-55.237Z,mixed-5000-seed-41544c53,remove-500,svg_attribute_removals,count,0,10800
Atlas,10690f7a4726+bench,SVG,instrument-2026-10-06T13-47-55.237Z,mixed-5000-seed-41544c53,remove-500,renderer_calls,count,0,1
Atlas,10690f7a4726+bench,SVG,instrument-2026-10-06T13-47-55.237Z,mixed-5000-seed-41544c53,remove-500,layout_rect_reads,count,0,0
Atlas,10690f7a4726+bench,SVG,instrument-2026-10-06T13-47-55.237Z,mixed-5000-seed-41544c53,remove-500,instrumented_renderer_callback_ms,ms,0,35.39999985694885
Atlas,10690f7a4726+bench,SVG,instrument-2026-10-06T13-47-55.237Z,mixed-5000-seed-41544c53,remove-500,cleanup_renderer_calls,count,0,0
Atlas,10690f7a4726+bench,SVG,instrument-2026-10-06T13-47-55.237Z,mixed-5000-seed-41544c53,remove-500,cleanup_stage_children,count,0,0
Atlas,10690f7a4726+bench,SVG,instrument-2026-10-06T13-47-55.237Z,mixed-5000-seed-41544c53,remove-1000,operation_sync_ms,ms,0,404.7000000476837
Atlas,10690f7a4726+bench,SVG,instrument-2026-10-06T13-47-55.237Z,mixed-5000-seed-41544c53,remove-1000,cumulative_operation_ms,ms,100,57.700000047683716
Atlas,10690f7a4726+bench,SVG,instrument-2026-10-06T13-47-55.237Z,mixed-5000-seed-41544c53,remove-1000,cumulative_operation_ms,ms,200,99.70000004768372
Atlas,10690f7a4726+bench,SVG,instrument-2026-10-06T13-47-55.237Z,mixed-5000-seed-41544c53,remove-1000,cumulative_operation_ms,ms,300,140.20000004768372
Atlas,10690f7a4726+bench,SVG,instrument-2026-10-06T13-47-55.237Z,mixed-5000-seed-41544c53,remove-1000,cumulative_operation_ms,ms,400,180.70000004768372
Atlas,10690f7a4726+bench,SVG,instrument-2026-10-06T13-47-55.237Z,mixed-5000-seed-41544c53,remove-1000,cumulative_operation_ms,ms,500,220.40000009536743
Atlas,10690f7a4726+bench,SVG,instrument-2026-10-06T13-47-55.237Z,mixed-5000-seed-41544c53,remove-1000,cumulative_operation_ms,ms,600,258.40000009536743
Atlas,10690f7a4726+bench,SVG,instrument-2026-10-06T13-47-55.237Z,mixed-5000-seed-41544c53,remove-1000,cumulative_operation_ms,ms,700,296.60000014305115
Atlas,10690f7a4726+bench,SVG,instrument-2026-10-06T13-47-55.237Z,mixed-5000-seed-41544c53,remove-1000,cumulative_operation_ms,ms,800,332.90000009536743
Atlas,10690f7a4726+bench,SVG,instrument-2026-10-06T13-47-55.237Z,mixed-5000-seed-41544c53,remove-1000,cumulative_operation_ms,ms,900,369.40000009536743
Atlas,10690f7a4726+bench,SVG,instrument-2026-10-06T13-47-55.237Z,mixed-5000-seed-41544c53,remove-1000,cumulative_operation_ms,ms,1000,404.60000014305115
Atlas,10690f7a4726+bench,SVG,instrument-2026-10-06T13-47-55.237Z,mixed-5000-seed-41544c53,remove-1000,operation_to_raf_opportunities_ms,ms,0,470
Atlas,10690f7a4726+bench,SVG,instrument-2026-10-06T13-47-55.237Z,mixed-5000-seed-41544c53,remove-1000,root_iterator_creations,count,0,1003
Atlas,10690f7a4726+bench,SVG,instrument-2026-10-06T13-47-55.237Z,mixed-5000-seed-41544c53,remove-1000,root_iterator_next_calls,count,0,4509502
Atlas,10690f7a4726+bench,SVG,instrument-2026-10-06T13-47-55.237Z,mixed-5000-seed-41544c53,remove-1000,svg_attribute_writes,count,0,20005
Atlas,10690f7a4726+bench,SVG,instrument-2026-10-06T13-47-55.237Z,mixed-5000-seed-41544c53,remove-1000,renderer_scene_reads,count,0,1
Atlas,10690f7a4726+bench,SVG,instrument-2026-10-06T13-47-55.237Z,mixed-5000-seed-41544c53,remove-1000,route_membership_reads,count,0,3200
Atlas,10690f7a4726+bench,SVG,instrument-2026-10-06T13-47-55.237Z,mixed-5000-seed-41544c53,remove-1000,renderer_scene_membership_changes,count,0,1
Atlas,10690f7a4726+bench,SVG,instrument-2026-10-06T13-47-55.237Z,mixed-5000-seed-41544c53,remove-1000,svg_attribute_removals,count,0,9601
Atlas,10690f7a4726+bench,SVG,instrument-2026-10-06T13-47-55.237Z,mixed-5000-seed-41544c53,remove-1000,renderer_calls,count,0,1
Atlas,10690f7a4726+bench,SVG,instrument-2026-10-06T13-47-55.237Z,mixed-5000-seed-41544c53,remove-1000,layout_rect_reads,count,0,0
Atlas,10690f7a4726+bench,SVG,instrument-2026-10-06T13-47-55.237Z,mixed-5000-seed-41544c53,remove-1000,instrumented_renderer_callback_ms,ms,0,22.100000143051147
Atlas,10690f7a4726+bench,SVG,instrument-2026-10-06T13-47-55.237Z,mixed-5000-seed-41544c53,remove-1000,cleanup_renderer_calls,count,0,0
Atlas,10690f7a4726+bench,SVG,instrument-2026-10-06T13-47-55.237Z,mixed-5000-seed-41544c53,remove-1000,cleanup_stage_children,count,0,0
Atlas,10690f7a4726+bench,SVG,instrument-2026-10-06T13-47-55.237Z,mixed-5000-seed-41544c53,route-update,operation_sync_ms,ms,0,0
Atlas,10690f7a4726+bench,SVG,instrument-2026-10-06T13-47-55.237Z,mixed-5000-seed-41544c53,route-update,operation_to_raf_opportunities_ms,ms,0,70.79999995231628
Atlas,10690f7a4726+bench,SVG,instrument-2026-10-06T13-47-55.237Z,mixed-5000-seed-41544c53,route-update,root_iterator_creations,count,0,2
Atlas,10690f7a4726+bench,SVG,instrument-2026-10-06T13-47-55.237Z,mixed-5000-seed-41544c53,route-update,root_iterator_next_calls,count,0,10001
Atlas,10690f7a4726+bench,SVG,instrument-2026-10-06T13-47-55.237Z,mixed-5000-seed-41544c53,route-update,route_membership_reads,count,0,4004
Atlas,10690f7a4726+bench,SVG,instrument-2026-10-06T13-47-55.237Z,mixed-5000-seed-41544c53,route-update,svg_attribute_writes,count,0,25009
Atlas,10690f7a4726+bench,SVG,instrument-2026-10-06T13-47-55.237Z,mixed-5000-seed-41544c53,route-update,renderer_scene_reads,count,0,1
Atlas,10690f7a4726+bench,SVG,instrument-2026-10-06T13-47-55.237Z,mixed-5000-seed-41544c53,route-update,renderer_scene_membership_changes,count,0,1
Atlas,10690f7a4726+bench,SVG,instrument-2026-10-06T13-47-55.237Z,mixed-5000-seed-41544c53,route-update,svg_attribute_removals,count,0,11997
Atlas,10690f7a4726+bench,SVG,instrument-2026-10-06T13-47-55.237Z,mixed-5000-seed-41544c53,route-update,renderer_calls,count,0,1
Atlas,10690f7a4726+bench,SVG,instrument-2026-10-06T13-47-55.237Z,mixed-5000-seed-41544c53,route-update,layout_rect_reads,count,0,0
Atlas,10690f7a4726+bench,SVG,instrument-2026-10-06T13-47-55.237Z,mixed-5000-seed-41544c53,route-update,instrumented_renderer_callback_ms,ms,0,20.59999990463257
Atlas,10690f7a4726+bench,SVG,instrument-2026-10-06T13-47-55.237Z,mixed-5000-seed-41544c53,route-update,cleanup_renderer_calls,count,0,0
Atlas,10690f7a4726+bench,SVG,instrument-2026-10-06T13-47-55.237Z,mixed-5000-seed-41544c53,route-update,cleanup_stage_children,count,0,0
Atlas,10690f7a4726+bench,SVG,instrument-2026-10-06T13-47-55.237Z,mixed-5000-seed-41544c53,wheel-input,synthetic_wheel_dispatch_sync_ms,ms,0,0
Atlas,10690f7a4726+bench,SVG,instrument-2026-10-06T13-47-55.237Z,mixed-5000-seed-41544c53,wheel-input,synthetic_wheel_dispatch_sync_ms,ms,1,0
Atlas,10690f7a4726+bench,SVG,instrument-2026-10-06T13-47-55.237Z,mixed-5000-seed-41544c53,wheel-input,synthetic_wheel_dispatch_sync_ms,ms,2,0
Atlas,10690f7a4726+bench,SVG,instrument-2026-10-06T13-47-55.237Z,mixed-5000-seed-41544c53,wheel-input,synthetic_wheel_dispatch_sync_ms,ms,3,0
Atlas,10690f7a4726+bench,SVG,instrument-2026-10-06T13-47-55.237Z,mixed-5000-seed-41544c53,wheel-input,synthetic_wheel_dispatch_sync_ms,ms,4,0
Atlas,10690f7a4726+bench,SVG,instrument-2026-10-06T13-47-55.237Z,mixed-5000-seed-41544c53,wheel-input,synthetic_wheel_dispatch_sync_ms,ms,5,0
Atlas,10690f7a4726+bench,SVG,instrument-2026-10-06T13-47-55.237Z,mixed-5000-seed-41544c53,wheel-input,synthetic_wheel_dispatch_sync_ms,ms,6,0.20000004768371582
Atlas,10690f7a4726+bench,SVG,instrument-2026-10-06T13-47-55.237Z,mixed-5000-seed-41544c53,wheel-input,synthetic_wheel_dispatch_sync_ms,ms,7,0
Atlas,10690f7a4726+bench,SVG,instrument-2026-10-06T13-47-55.237Z,mixed-5000-seed-41544c53,wheel-input,synthetic_wheel_dispatch_sync_ms,ms,8,0
Atlas,10690f7a4726+bench,SVG,instrument-2026-10-06T13-47-55.237Z,mixed-5000-seed-41544c53,wheel-input,synthetic_wheel_dispatch_sync_ms,ms,9,0
Atlas,10690f7a4726+bench,SVG,instrument-2026-10-06T13-47-55.237Z,mixed-5000-seed-41544c53,wheel-input,layout_rect_reads,count,0,52
Atlas,10690f7a4726+bench,SVG,instrument-2026-10-06T13-47-55.237Z,mixed-5000-seed-41544c53,wheel-input,svg_attribute_writes,count,0,249950
Atlas,10690f7a4726+bench,SVG,instrument-2026-10-06T13-47-55.237Z,mixed-5000-seed-41544c53,wheel-input,renderer_scene_reads,count,0,10
Atlas,10690f7a4726+bench,SVG,instrument-2026-10-06T13-47-55.237Z,mixed-5000-seed-41544c53,wheel-input,root_iterator_creations,count,0,10
Atlas,10690f7a4726+bench,SVG,instrument-2026-10-06T13-47-55.237Z,mixed-5000-seed-41544c53,wheel-input,root_iterator_next_calls,count,0,50000
Atlas,10690f7a4726+bench,SVG,instrument-2026-10-06T13-47-55.237Z,mixed-5000-seed-41544c53,wheel-input,route_membership_reads,count,0,30000
Atlas,10690f7a4726+bench,SVG,instrument-2026-10-06T13-47-55.237Z,mixed-5000-seed-41544c53,wheel-input,svg_attribute_removals,count,0,119960
Atlas,10690f7a4726+bench,SVG,instrument-2026-10-06T13-47-55.237Z,mixed-5000-seed-41544c53,wheel-input,renderer_calls,count,0,10
Atlas,10690f7a4726+bench,SVG,instrument-2026-10-06T13-47-55.237Z,mixed-5000-seed-41544c53,wheel-input,instrumented_renderer_callback_ms,ms,0,33.299999952316284
Atlas,10690f7a4726+bench,SVG,instrument-2026-10-06T13-47-55.237Z,mixed-5000-seed-41544c53,wheel-input,instrumented_renderer_callback_ms,ms,1,127.40000009536743
Atlas,10690f7a4726+bench,SVG,instrument-2026-10-06T13-47-55.237Z,mixed-5000-seed-41544c53,wheel-input,instrumented_renderer_callback_ms,ms,2,23.59999990463257
Atlas,10690f7a4726+bench,SVG,instrument-2026-10-06T13-47-55.237Z,mixed-5000-seed-41544c53,wheel-input,instrumented_renderer_callback_ms,ms,3,21.5
Atlas,10690f7a4726+bench,SVG,instrument-2026-10-06T13-47-55.237Z,mixed-5000-seed-41544c53,wheel-input,instrumented_renderer_callback_ms,ms,4,20.09999990463257
Atlas,10690f7a4726+bench,SVG,instrument-2026-10-06T13-47-55.237Z,mixed-5000-seed-41544c53,wheel-input,instrumented_renderer_callback_ms,ms,5,26.59999990463257
Atlas,10690f7a4726+bench,SVG,instrument-2026-10-06T13-47-55.237Z,mixed-5000-seed-41544c53,wheel-input,instrumented_renderer_callback_ms,ms,6,19.899999856948853
Atlas,10690f7a4726+bench,SVG,instrument-2026-10-06T13-47-55.237Z,mixed-5000-seed-41544c53,wheel-input,instrumented_renderer_callback_ms,ms,7,19.600000143051147
Atlas,10690f7a4726+bench,SVG,instrument-2026-10-06T13-47-55.237Z,mixed-5000-seed-41544c53,wheel-input,instrumented_renderer_callback_ms,ms,8,19.700000047683716
Atlas,10690f7a4726+bench,SVG,instrument-2026-10-06T13-47-55.237Z,mixed-5000-seed-41544c53,wheel-input,instrumented_renderer_callback_ms,ms,9,19.90000009536743
Atlas,10690f7a4726+bench,SVG,instrument-2026-10-06T13-47-55.237Z,mixed-5000-seed-41544c53,wheel-input,cleanup_renderer_calls,count,0,0
Atlas,10690f7a4726+bench,SVG,instrument-2026-10-06T13-47-55.237Z,mixed-5000-seed-41544c53,wheel-input,cleanup_stage_children,count,0,0
