engine,version,renderer,runId,sceneId,scenario,metric,unit,sample,value
Atlas,1c2e54b3b8df+bench,SVG,instrument-2026-10-07T06-46-37.937Z,points-3000-seed-41544c53,load,load_promise_ms_n,count,0,1
Atlas,1c2e54b3b8df+bench,SVG,instrument-2026-10-07T06-46-37.937Z,points-3000-seed-41544c53,load,load_promise_ms_median,ms,0,13.5
Atlas,1c2e54b3b8df+bench,SVG,instrument-2026-10-07T06-46-37.937Z,points-3000-seed-41544c53,load,load_promise_ms_p95,ms,0,13.5
Atlas,1c2e54b3b8df+bench,SVG,instrument-2026-10-07T06-46-37.937Z,points-3000-seed-41544c53,load,load_promise_ms_max,ms,0,13.5
Atlas,1c2e54b3b8df+bench,SVG,instrument-2026-10-07T06-46-37.937Z,points-3000-seed-41544c53,load,create_to_raf_opportunities_ms_n,count,0,1
Atlas,1c2e54b3b8df+bench,SVG,instrument-2026-10-07T06-46-37.937Z,points-3000-seed-41544c53,load,create_to_raf_opportunities_ms_median,ms,0,77.6
Atlas,1c2e54b3b8df+bench,SVG,instrument-2026-10-07T06-46-37.937Z,points-3000-seed-41544c53,load,create_to_raf_opportunities_ms_p95,ms,0,77.6
Atlas,1c2e54b3b8df+bench,SVG,instrument-2026-10-07T06-46-37.937Z,points-3000-seed-41544c53,load,create_to_raf_opportunities_ms_max,ms,0,77.6
Atlas,1c2e54b3b8df+bench,SVG,instrument-2026-10-07T06-46-37.937Z,points-3000-seed-41544c53,load,semantic_roots_n,count,0,1
Atlas,1c2e54b3b8df+bench,SVG,instrument-2026-10-07T06-46-37.937Z,points-3000-seed-41544c53,load,semantic_roots_median,count,0,3000.0
Atlas,1c2e54b3b8df+bench,SVG,instrument-2026-10-07T06-46-37.937Z,points-3000-seed-41544c53,load,semantic_roots_p95,count,0,3000.0
Atlas,1c2e54b3b8df+bench,SVG,instrument-2026-10-07T06-46-37.937Z,points-3000-seed-41544c53,load,semantic_roots_max,count,0,3000.0
Atlas,1c2e54b3b8df+bench,SVG,instrument-2026-10-07T06-46-37.937Z,points-3000-seed-41544c53,load,owned_points_n,count,0,1
Atlas,1c2e54b3b8df+bench,SVG,instrument-2026-10-07T06-46-37.937Z,points-3000-seed-41544c53,load,owned_points_median,count,0,0.0
Atlas,1c2e54b3b8df+bench,SVG,instrument-2026-10-07T06-46-37.937Z,points-3000-seed-41544c53,load,owned_points_p95,count,0,0.0
Atlas,1c2e54b3b8df+bench,SVG,instrument-2026-10-07T06-46-37.937Z,points-3000-seed-41544c53,load,owned_points_max,count,0,0.0
Atlas,1c2e54b3b8df+bench,SVG,instrument-2026-10-07T06-46-37.937Z,points-3000-seed-41544c53,load,visual_primitives_n,count,0,1
Atlas,1c2e54b3b8df+bench,SVG,instrument-2026-10-07T06-46-37.937Z,points-3000-seed-41544c53,load,visual_primitives_median,count,0,3000.0
Atlas,1c2e54b3b8df+bench,SVG,instrument-2026-10-07T06-46-37.937Z,points-3000-seed-41544c53,load,visual_primitives_p95,count,0,3000.0
Atlas,1c2e54b3b8df+bench,SVG,instrument-2026-10-07T06-46-37.937Z,points-3000-seed-41544c53,load,visual_primitives_max,count,0,3000.0
Atlas,1c2e54b3b8df+bench,SVG,instrument-2026-10-07T06-46-37.937Z,points-3000-seed-41544c53,load,svg_element_nodes_n,count,0,1
Atlas,1c2e54b3b8df+bench,SVG,instrument-2026-10-07T06-46-37.937Z,points-3000-seed-41544c53,load,svg_element_nodes_median,count,0,6002.0
Atlas,1c2e54b3b8df+bench,SVG,instrument-2026-10-07T06-46-37.937Z,points-3000-seed-41544c53,load,svg_element_nodes_p95,count,0,6002.0
Atlas,1c2e54b3b8df+bench,SVG,instrument-2026-10-07T06-46-37.937Z,points-3000-seed-41544c53,load,svg_element_nodes_max,count,0,6002.0
Atlas,1c2e54b3b8df+bench,SVG,instrument-2026-10-07T06-46-37.937Z,points-3000-seed-41544c53,load,shadow_element_nodes_n,count,0,1
Atlas,1c2e54b3b8df+bench,SVG,instrument-2026-10-07T06-46-37.937Z,points-3000-seed-41544c53,load,shadow_element_nodes_median,count,0,6003.0
Atlas,1c2e54b3b8df+bench,SVG,instrument-2026-10-07T06-46-37.937Z,points-3000-seed-41544c53,load,shadow_element_nodes_p95,count,0,6003.0
Atlas,1c2e54b3b8df+bench,SVG,instrument-2026-10-07T06-46-37.937Z,points-3000-seed-41544c53,load,shadow_element_nodes_max,count,0,6003.0
Atlas,1c2e54b3b8df+bench,SVG,instrument-2026-10-07T06-46-37.937Z,points-3000-seed-41544c53,load,shadow_dom_nodes_n,count,0,1
Atlas,1c2e54b3b8df+bench,SVG,instrument-2026-10-07T06-46-37.937Z,points-3000-seed-41544c53,load,shadow_dom_nodes_median,count,0,6006.0
Atlas,1c2e54b3b8df+bench,SVG,instrument-2026-10-07T06-46-37.937Z,points-3000-seed-41544c53,load,shadow_dom_nodes_p95,count,0,6006.0
Atlas,1c2e54b3b8df+bench,SVG,instrument-2026-10-07T06-46-37.937Z,points-3000-seed-41544c53,load,shadow_dom_nodes_max,count,0,6006.0
Atlas,1c2e54b3b8df+bench,SVG,instrument-2026-10-07T06-46-37.937Z,points-3000-seed-41544c53,load,root_iterator_creations_n,count,0,1
Atlas,1c2e54b3b8df+bench,SVG,instrument-2026-10-07T06-46-37.937Z,points-3000-seed-41544c53,load,root_iterator_creations_median,count,0,4.0
Atlas,1c2e54b3b8df+bench,SVG,instrument-2026-10-07T06-46-37.937Z,points-3000-seed-41544c53,load,root_iterator_creations_p95,count,0,4.0
Atlas,1c2e54b3b8df+bench,SVG,instrument-2026-10-07T06-46-37.937Z,points-3000-seed-41544c53,load,root_iterator_creations_max,count,0,4.0
Atlas,1c2e54b3b8df+bench,SVG,instrument-2026-10-07T06-46-37.937Z,points-3000-seed-41544c53,load,root_iterator_next_calls_n,count,0,1
Atlas,1c2e54b3b8df+bench,SVG,instrument-2026-10-07T06-46-37.937Z,points-3000-seed-41544c53,load,root_iterator_next_calls_median,count,0,6004.0
Atlas,1c2e54b3b8df+bench,SVG,instrument-2026-10-07T06-46-37.937Z,points-3000-seed-41544c53,load,root_iterator_next_calls_p95,count,0,6004.0
Atlas,1c2e54b3b8df+bench,SVG,instrument-2026-10-07T06-46-37.937Z,points-3000-seed-41544c53,load,root_iterator_next_calls_max,count,0,6004.0
Atlas,1c2e54b3b8df+bench,SVG,instrument-2026-10-07T06-46-37.937Z,points-3000-seed-41544c53,load,svg_attribute_writes_n,count,0,1
Atlas,1c2e54b3b8df+bench,SVG,instrument-2026-10-07T06-46-37.937Z,points-3000-seed-41544c53,load,svg_attribute_writes_median,count,0,24008.0
Atlas,1c2e54b3b8df+bench,SVG,instrument-2026-10-07T06-46-37.937Z,points-3000-seed-41544c53,load,svg_attribute_writes_p95,count,0,24008.0
Atlas,1c2e54b3b8df+bench,SVG,instrument-2026-10-07T06-46-37.937Z,points-3000-seed-41544c53,load,svg_attribute_writes_max,count,0,24008.0
Atlas,1c2e54b3b8df+bench,SVG,instrument-2026-10-07T06-46-37.937Z,points-3000-seed-41544c53,load,renderer_calls_n,count,0,1
Atlas,1c2e54b3b8df+bench,SVG,instrument-2026-10-07T06-46-37.937Z,points-3000-seed-41544c53,load,renderer_calls_median,count,0,2.0
Atlas,1c2e54b3b8df+bench,SVG,instrument-2026-10-07T06-46-37.937Z,points-3000-seed-41544c53,load,renderer_calls_p95,count,0,2.0
Atlas,1c2e54b3b8df+bench,SVG,instrument-2026-10-07T06-46-37.937Z,points-3000-seed-41544c53,load,renderer_calls_max,count,0,2.0
Atlas,1c2e54b3b8df+bench,SVG,instrument-2026-10-07T06-46-37.937Z,points-3000-seed-41544c53,load,renderer_scene_reads_n,count,0,1
Atlas,1c2e54b3b8df+bench,SVG,instrument-2026-10-07T06-46-37.937Z,points-3000-seed-41544c53,load,renderer_scene_reads_median,count,0,2.0
Atlas,1c2e54b3b8df+bench,SVG,instrument-2026-10-07T06-46-37.937Z,points-3000-seed-41544c53,load,renderer_scene_reads_p95,count,0,2.0
Atlas,1c2e54b3b8df+bench,SVG,instrument-2026-10-07T06-46-37.937Z,points-3000-seed-41544c53,load,renderer_scene_reads_max,count,0,2.0
Atlas,1c2e54b3b8df+bench,SVG,instrument-2026-10-07T06-46-37.937Z,points-3000-seed-41544c53,load,svg_attribute_removals_n,count,0,1
Atlas,1c2e54b3b8df+bench,SVG,instrument-2026-10-07T06-46-37.937Z,points-3000-seed-41544c53,load,svg_attribute_removals_median,count,0,3000.0
Atlas,1c2e54b3b8df+bench,SVG,instrument-2026-10-07T06-46-37.937Z,points-3000-seed-41544c53,load,svg_attribute_removals_p95,count,0,3000.0
Atlas,1c2e54b3b8df+bench,SVG,instrument-2026-10-07T06-46-37.937Z,points-3000-seed-41544c53,load,svg_attribute_removals_max,count,0,3000.0
Atlas,1c2e54b3b8df+bench,SVG,instrument-2026-10-07T06-46-37.937Z,points-3000-seed-41544c53,load,layout_rect_reads_n,count,0,1
Atlas,1c2e54b3b8df+bench,SVG,instrument-2026-10-07T06-46-37.937Z,points-3000-seed-41544c53,load,layout_rect_reads_median,count,0,0.0
Atlas,1c2e54b3b8df+bench,SVG,instrument-2026-10-07T06-46-37.937Z,points-3000-seed-41544c53,load,layout_rect_reads_p95,count,0,0.0
Atlas,1c2e54b3b8df+bench,SVG,instrument-2026-10-07T06-46-37.937Z,points-3000-seed-41544c53,load,layout_rect_reads_max,count,0,0.0
Atlas,1c2e54b3b8df+bench,SVG,instrument-2026-10-07T06-46-37.937Z,points-3000-seed-41544c53,load,instrumented_renderer_callback_ms_n,count,0,2
Atlas,1c2e54b3b8df+bench,SVG,instrument-2026-10-07T06-46-37.937Z,points-3000-seed-41544c53,load,instrumented_renderer_callback_ms_median,ms,0,2.0
Atlas,1c2e54b3b8df+bench,SVG,instrument-2026-10-07T06-46-37.937Z,points-3000-seed-41544c53,load,instrumented_renderer_callback_ms_p95,ms,0,3.9
Atlas,1c2e54b3b8df+bench,SVG,instrument-2026-10-07T06-46-37.937Z,points-3000-seed-41544c53,load,instrumented_renderer_callback_ms_max,ms,0,3.9
Atlas,1c2e54b3b8df+bench,SVG,instrument-2026-10-07T06-46-37.937Z,points-3000-seed-41544c53,load,instrumented_prepare_promise_ms_n,count,0,1
Atlas,1c2e54b3b8df+bench,SVG,instrument-2026-10-07T06-46-37.937Z,points-3000-seed-41544c53,load,instrumented_prepare_promise_ms_median,ms,0,7.3
Atlas,1c2e54b3b8df+bench,SVG,instrument-2026-10-07T06-46-37.937Z,points-3000-seed-41544c53,load,instrumented_prepare_promise_ms_p95,ms,0,7.3
Atlas,1c2e54b3b8df+bench,SVG,instrument-2026-10-07T06-46-37.937Z,points-3000-seed-41544c53,load,instrumented_prepare_promise_ms_max,ms,0,7.3
Atlas,1c2e54b3b8df+bench,SVG,instrument-2026-10-07T06-46-37.937Z,points-3000-seed-41544c53,load,cleanup_renderer_calls_n,count,0,1
Atlas,1c2e54b3b8df+bench,SVG,instrument-2026-10-07T06-46-37.937Z,points-3000-seed-41544c53,load,cleanup_renderer_calls_median,count,0,0.0
Atlas,1c2e54b3b8df+bench,SVG,instrument-2026-10-07T06-46-37.937Z,points-3000-seed-41544c53,load,cleanup_renderer_calls_p95,count,0,0.0
Atlas,1c2e54b3b8df+bench,SVG,instrument-2026-10-07T06-46-37.937Z,points-3000-seed-41544c53,load,cleanup_renderer_calls_max,count,0,0.0
Atlas,1c2e54b3b8df+bench,SVG,instrument-2026-10-07T06-46-37.937Z,points-3000-seed-41544c53,load,cleanup_stage_children_n,count,0,1
Atlas,1c2e54b3b8df+bench,SVG,instrument-2026-10-07T06-46-37.937Z,points-3000-seed-41544c53,load,cleanup_stage_children_median,count,0,0.0
Atlas,1c2e54b3b8df+bench,SVG,instrument-2026-10-07T06-46-37.937Z,points-3000-seed-41544c53,load,cleanup_stage_children_p95,count,0,0.0
Atlas,1c2e54b3b8df+bench,SVG,instrument-2026-10-07T06-46-37.937Z,points-3000-seed-41544c53,load,cleanup_stage_children_max,count,0,0.0
Atlas,1c2e54b3b8df+bench,SVG,instrument-2026-10-07T06-46-37.937Z,points-3000-seed-41544c53,pan,frame_interval_ms_n,count,0,90
Atlas,1c2e54b3b8df+bench,SVG,instrument-2026-10-07T06-46-37.937Z,points-3000-seed-41544c53,pan,frame_interval_ms_median,ms,0,16.7
Atlas,1c2e54b3b8df+bench,SVG,instrument-2026-10-07T06-46-37.937Z,points-3000-seed-41544c53,pan,frame_interval_ms_p95,ms,0,16.7
Atlas,1c2e54b3b8df+bench,SVG,instrument-2026-10-07T06-46-37.937Z,points-3000-seed-41544c53,pan,frame_interval_ms_max,ms,0,33.4
Atlas,1c2e54b3b8df+bench,SVG,instrument-2026-10-07T06-46-37.937Z,points-3000-seed-41544c53,pan,camera_api_sync_ms_n,count,0,90
Atlas,1c2e54b3b8df+bench,SVG,instrument-2026-10-07T06-46-37.937Z,points-3000-seed-41544c53,pan,camera_api_sync_ms_median,ms,0,0.0
Atlas,1c2e54b3b8df+bench,SVG,instrument-2026-10-07T06-46-37.937Z,points-3000-seed-41544c53,pan,camera_api_sync_ms_p95,ms,0,0.1
Atlas,1c2e54b3b8df+bench,SVG,instrument-2026-10-07T06-46-37.937Z,points-3000-seed-41544c53,pan,camera_api_sync_ms_max,ms,0,0.6
Atlas,1c2e54b3b8df+bench,SVG,instrument-2026-10-07T06-46-37.937Z,points-3000-seed-41544c53,pan,motion_elapsed_ms_n,count,0,1
Atlas,1c2e54b3b8df+bench,SVG,instrument-2026-10-07T06-46-37.937Z,points-3000-seed-41544c53,pan,motion_elapsed_ms_median,ms,0,1516.6
Atlas,1c2e54b3b8df+bench,SVG,instrument-2026-10-07T06-46-37.937Z,points-3000-seed-41544c53,pan,motion_elapsed_ms_p95,ms,0,1516.6
Atlas,1c2e54b3b8df+bench,SVG,instrument-2026-10-07T06-46-37.937Z,points-3000-seed-41544c53,pan,motion_elapsed_ms_max,ms,0,1516.6
Atlas,1c2e54b3b8df+bench,SVG,instrument-2026-10-07T06-46-37.937Z,points-3000-seed-41544c53,pan,camera_updates_n,count,0,1
Atlas,1c2e54b3b8df+bench,SVG,instrument-2026-10-07T06-46-37.937Z,points-3000-seed-41544c53,pan,camera_updates_median,count,0,90.0
Atlas,1c2e54b3b8df+bench,SVG,instrument-2026-10-07T06-46-37.937Z,points-3000-seed-41544c53,pan,camera_updates_p95,count,0,90.0
Atlas,1c2e54b3b8df+bench,SVG,instrument-2026-10-07T06-46-37.937Z,points-3000-seed-41544c53,pan,camera_updates_max,count,0,90.0
Atlas,1c2e54b3b8df+bench,SVG,instrument-2026-10-07T06-46-37.937Z,points-3000-seed-41544c53,pan,renderer_scene_reads_n,count,0,1
Atlas,1c2e54b3b8df+bench,SVG,instrument-2026-10-07T06-46-37.937Z,points-3000-seed-41544c53,pan,renderer_scene_reads_median,count,0,90.0
Atlas,1c2e54b3b8df+bench,SVG,instrument-2026-10-07T06-46-37.937Z,points-3000-seed-41544c53,pan,renderer_scene_reads_p95,count,0,90.0
Atlas,1c2e54b3b8df+bench,SVG,instrument-2026-10-07T06-46-37.937Z,points-3000-seed-41544c53,pan,renderer_scene_reads_max,count,0,90.0
Atlas,1c2e54b3b8df+bench,SVG,instrument-2026-10-07T06-46-37.937Z,points-3000-seed-41544c53,pan,svg_attribute_writes_n,count,0,1
Atlas,1c2e54b3b8df+bench,SVG,instrument-2026-10-07T06-46-37.937Z,points-3000-seed-41544c53,pan,svg_attribute_writes_median,count,0,90.0
Atlas,1c2e54b3b8df+bench,SVG,instrument-2026-10-07T06-46-37.937Z,points-3000-seed-41544c53,pan,svg_attribute_writes_p95,count,0,90.0
Atlas,1c2e54b3b8df+bench,SVG,instrument-2026-10-07T06-46-37.937Z,points-3000-seed-41544c53,pan,svg_attribute_writes_max,count,0,90.0
Atlas,1c2e54b3b8df+bench,SVG,instrument-2026-10-07T06-46-37.937Z,points-3000-seed-41544c53,pan,renderer_calls_n,count,0,1
Atlas,1c2e54b3b8df+bench,SVG,instrument-2026-10-07T06-46-37.937Z,points-3000-seed-41544c53,pan,renderer_calls_median,count,0,90.0
Atlas,1c2e54b3b8df+bench,SVG,instrument-2026-10-07T06-46-37.937Z,points-3000-seed-41544c53,pan,renderer_calls_p95,count,0,90.0
Atlas,1c2e54b3b8df+bench,SVG,instrument-2026-10-07T06-46-37.937Z,points-3000-seed-41544c53,pan,renderer_calls_max,count,0,90.0
Atlas,1c2e54b3b8df+bench,SVG,instrument-2026-10-07T06-46-37.937Z,points-3000-seed-41544c53,pan,layout_rect_reads_n,count,0,1
Atlas,1c2e54b3b8df+bench,SVG,instrument-2026-10-07T06-46-37.937Z,points-3000-seed-41544c53,pan,layout_rect_reads_median,count,0,0.0
Atlas,1c2e54b3b8df+bench,SVG,instrument-2026-10-07T06-46-37.937Z,points-3000-seed-41544c53,pan,layout_rect_reads_p95,count,0,0.0
Atlas,1c2e54b3b8df+bench,SVG,instrument-2026-10-07T06-46-37.937Z,points-3000-seed-41544c53,pan,layout_rect_reads_max,count,0,0.0
Atlas,1c2e54b3b8df+bench,SVG,instrument-2026-10-07T06-46-37.937Z,points-3000-seed-41544c53,pan,instrumented_renderer_callback_ms_n,count,0,90
Atlas,1c2e54b3b8df+bench,SVG,instrument-2026-10-07T06-46-37.937Z,points-3000-seed-41544c53,pan,instrumented_renderer_callback_ms_median,ms,0,0.0
Atlas,1c2e54b3b8df+bench,SVG,instrument-2026-10-07T06-46-37.937Z,points-3000-seed-41544c53,pan,instrumented_renderer_callback_ms_p95,ms,0,0.1
Atlas,1c2e54b3b8df+bench,SVG,instrument-2026-10-07T06-46-37.937Z,points-3000-seed-41544c53,pan,instrumented_renderer_callback_ms_max,ms,0,0.1
Atlas,1c2e54b3b8df+bench,SVG,instrument-2026-10-07T06-46-37.937Z,points-3000-seed-41544c53,pan,cleanup_renderer_calls_n,count,0,1
Atlas,1c2e54b3b8df+bench,SVG,instrument-2026-10-07T06-46-37.937Z,points-3000-seed-41544c53,pan,cleanup_renderer_calls_median,count,0,0.0
Atlas,1c2e54b3b8df+bench,SVG,instrument-2026-10-07T06-46-37.937Z,points-3000-seed-41544c53,pan,cleanup_renderer_calls_p95,count,0,0.0
Atlas,1c2e54b3b8df+bench,SVG,instrument-2026-10-07T06-46-37.937Z,points-3000-seed-41544c53,pan,cleanup_renderer_calls_max,count,0,0.0
Atlas,1c2e54b3b8df+bench,SVG,instrument-2026-10-07T06-46-37.937Z,points-3000-seed-41544c53,pan,cleanup_stage_children_n,count,0,1
Atlas,1c2e54b3b8df+bench,SVG,instrument-2026-10-07T06-46-37.937Z,points-3000-seed-41544c53,pan,cleanup_stage_children_median,count,0,0.0
Atlas,1c2e54b3b8df+bench,SVG,instrument-2026-10-07T06-46-37.937Z,points-3000-seed-41544c53,pan,cleanup_stage_children_p95,count,0,0.0
Atlas,1c2e54b3b8df+bench,SVG,instrument-2026-10-07T06-46-37.937Z,points-3000-seed-41544c53,pan,cleanup_stage_children_max,count,0,0.0
Atlas,1c2e54b3b8df+bench,SVG,instrument-2026-10-07T06-46-37.937Z,points-3000-seed-41544c53,zoom,frame_interval_ms_n,count,0,90
Atlas,1c2e54b3b8df+bench,SVG,instrument-2026-10-07T06-46-37.937Z,points-3000-seed-41544c53,zoom,frame_interval_ms_median,ms,0,16.7
Atlas,1c2e54b3b8df+bench,SVG,instrument-2026-10-07T06-46-37.937Z,points-3000-seed-41544c53,zoom,frame_interval_ms_p95,ms,0,16.8
Atlas,1c2e54b3b8df+bench,SVG,instrument-2026-10-07T06-46-37.937Z,points-3000-seed-41544c53,zoom,frame_interval_ms_max,ms,0,33.3
Atlas,1c2e54b3b8df+bench,SVG,instrument-2026-10-07T06-46-37.937Z,points-3000-seed-41544c53,zoom,camera_api_sync_ms_n,count,0,90
Atlas,1c2e54b3b8df+bench,SVG,instrument-2026-10-07T06-46-37.937Z,points-3000-seed-41544c53,zoom,camera_api_sync_ms_median,ms,0,0.0
Atlas,1c2e54b3b8df+bench,SVG,instrument-2026-10-07T06-46-37.937Z,points-3000-seed-41544c53,zoom,camera_api_sync_ms_p95,ms,0,0.1
Atlas,1c2e54b3b8df+bench,SVG,instrument-2026-10-07T06-46-37.937Z,points-3000-seed-41544c53,zoom,camera_api_sync_ms_max,ms,0,0.1
Atlas,1c2e54b3b8df+bench,SVG,instrument-2026-10-07T06-46-37.937Z,points-3000-seed-41544c53,zoom,motion_elapsed_ms_n,count,0,1
Atlas,1c2e54b3b8df+bench,SVG,instrument-2026-10-07T06-46-37.937Z,points-3000-seed-41544c53,zoom,motion_elapsed_ms_median,ms,0,1516.6
Atlas,1c2e54b3b8df+bench,SVG,instrument-2026-10-07T06-46-37.937Z,points-3000-seed-41544c53,zoom,motion_elapsed_ms_p95,ms,0,1516.6
Atlas,1c2e54b3b8df+bench,SVG,instrument-2026-10-07T06-46-37.937Z,points-3000-seed-41544c53,zoom,motion_elapsed_ms_max,ms,0,1516.6
Atlas,1c2e54b3b8df+bench,SVG,instrument-2026-10-07T06-46-37.937Z,points-3000-seed-41544c53,zoom,camera_updates_n,count,0,1
Atlas,1c2e54b3b8df+bench,SVG,instrument-2026-10-07T06-46-37.937Z,points-3000-seed-41544c53,zoom,camera_updates_median,count,0,90.0
Atlas,1c2e54b3b8df+bench,SVG,instrument-2026-10-07T06-46-37.937Z,points-3000-seed-41544c53,zoom,camera_updates_p95,count,0,90.0
Atlas,1c2e54b3b8df+bench,SVG,instrument-2026-10-07T06-46-37.937Z,points-3000-seed-41544c53,zoom,camera_updates_max,count,0,90.0
Atlas,1c2e54b3b8df+bench,SVG,instrument-2026-10-07T06-46-37.937Z,points-3000-seed-41544c53,zoom,renderer_scene_reads_n,count,0,1
Atlas,1c2e54b3b8df+bench,SVG,instrument-2026-10-07T06-46-37.937Z,points-3000-seed-41544c53,zoom,renderer_scene_reads_median,count,0,90.0
Atlas,1c2e54b3b8df+bench,SVG,instrument-2026-10-07T06-46-37.937Z,points-3000-seed-41544c53,zoom,renderer_scene_reads_p95,count,0,90.0
Atlas,1c2e54b3b8df+bench,SVG,instrument-2026-10-07T06-46-37.937Z,points-3000-seed-41544c53,zoom,renderer_scene_reads_max,count,0,90.0
Atlas,1c2e54b3b8df+bench,SVG,instrument-2026-10-07T06-46-37.937Z,points-3000-seed-41544c53,zoom,svg_attribute_writes_n,count,0,1
Atlas,1c2e54b3b8df+bench,SVG,instrument-2026-10-07T06-46-37.937Z,points-3000-seed-41544c53,zoom,svg_attribute_writes_median,count,0,270090.0
Atlas,1c2e54b3b8df+bench,SVG,instrument-2026-10-07T06-46-37.937Z,points-3000-seed-41544c53,zoom,svg_attribute_writes_p95,count,0,270090.0
Atlas,1c2e54b3b8df+bench,SVG,instrument-2026-10-07T06-46-37.937Z,points-3000-seed-41544c53,zoom,svg_attribute_writes_max,count,0,270090.0
Atlas,1c2e54b3b8df+bench,SVG,instrument-2026-10-07T06-46-37.937Z,points-3000-seed-41544c53,zoom,renderer_calls_n,count,0,1
Atlas,1c2e54b3b8df+bench,SVG,instrument-2026-10-07T06-46-37.937Z,points-3000-seed-41544c53,zoom,renderer_calls_median,count,0,90.0
Atlas,1c2e54b3b8df+bench,SVG,instrument-2026-10-07T06-46-37.937Z,points-3000-seed-41544c53,zoom,renderer_calls_p95,count,0,90.0
Atlas,1c2e54b3b8df+bench,SVG,instrument-2026-10-07T06-46-37.937Z,points-3000-seed-41544c53,zoom,renderer_calls_max,count,0,90.0
Atlas,1c2e54b3b8df+bench,SVG,instrument-2026-10-07T06-46-37.937Z,points-3000-seed-41544c53,zoom,layout_rect_reads_n,count,0,1
Atlas,1c2e54b3b8df+bench,SVG,instrument-2026-10-07T06-46-37.937Z,points-3000-seed-41544c53,zoom,layout_rect_reads_median,count,0,0.0
Atlas,1c2e54b3b8df+bench,SVG,instrument-2026-10-07T06-46-37.937Z,points-3000-seed-41544c53,zoom,layout_rect_reads_p95,count,0,0.0
Atlas,1c2e54b3b8df+bench,SVG,instrument-2026-10-07T06-46-37.937Z,points-3000-seed-41544c53,zoom,layout_rect_reads_max,count,0,0.0
Atlas,1c2e54b3b8df+bench,SVG,instrument-2026-10-07T06-46-37.937Z,points-3000-seed-41544c53,zoom,instrumented_renderer_callback_ms_n,count,0,90
Atlas,1c2e54b3b8df+bench,SVG,instrument-2026-10-07T06-46-37.937Z,points-3000-seed-41544c53,zoom,instrumented_renderer_callback_ms_median,ms,0,0.9
Atlas,1c2e54b3b8df+bench,SVG,instrument-2026-10-07T06-46-37.937Z,points-3000-seed-41544c53,zoom,instrumented_renderer_callback_ms_p95,ms,0,1.4
Atlas,1c2e54b3b8df+bench,SVG,instrument-2026-10-07T06-46-37.937Z,points-3000-seed-41544c53,zoom,instrumented_renderer_callback_ms_max,ms,0,2.4
Atlas,1c2e54b3b8df+bench,SVG,instrument-2026-10-07T06-46-37.937Z,points-3000-seed-41544c53,zoom,cleanup_renderer_calls_n,count,0,1
Atlas,1c2e54b3b8df+bench,SVG,instrument-2026-10-07T06-46-37.937Z,points-3000-seed-41544c53,zoom,cleanup_renderer_calls_median,count,0,0.0
Atlas,1c2e54b3b8df+bench,SVG,instrument-2026-10-07T06-46-37.937Z,points-3000-seed-41544c53,zoom,cleanup_renderer_calls_p95,count,0,0.0
Atlas,1c2e54b3b8df+bench,SVG,instrument-2026-10-07T06-46-37.937Z,points-3000-seed-41544c53,zoom,cleanup_renderer_calls_max,count,0,0.0
Atlas,1c2e54b3b8df+bench,SVG,instrument-2026-10-07T06-46-37.937Z,points-3000-seed-41544c53,zoom,cleanup_stage_children_n,count,0,1
Atlas,1c2e54b3b8df+bench,SVG,instrument-2026-10-07T06-46-37.937Z,points-3000-seed-41544c53,zoom,cleanup_stage_children_median,count,0,0.0
Atlas,1c2e54b3b8df+bench,SVG,instrument-2026-10-07T06-46-37.937Z,points-3000-seed-41544c53,zoom,cleanup_stage_children_p95,count,0,0.0
Atlas,1c2e54b3b8df+bench,SVG,instrument-2026-10-07T06-46-37.937Z,points-3000-seed-41544c53,zoom,cleanup_stage_children_max,count,0,0.0
Atlas,1c2e54b3b8df+bench,SVG,instrument-2026-10-07T06-46-37.937Z,points-3000-seed-41544c53,hit,spatial_hit_test_sync_ms_n,count,0,200
Atlas,1c2e54b3b8df+bench,SVG,instrument-2026-10-07T06-46-37.937Z,points-3000-seed-41544c53,hit,spatial_hit_test_sync_ms_median,ms,0,0.0
Atlas,1c2e54b3b8df+bench,SVG,instrument-2026-10-07T06-46-37.937Z,points-3000-seed-41544c53,hit,spatial_hit_test_sync_ms_p95,ms,0,0.0
Atlas,1c2e54b3b8df+bench,SVG,instrument-2026-10-07T06-46-37.937Z,points-3000-seed-41544c53,hit,spatial_hit_test_sync_ms_max,ms,0,0.0
Atlas,1c2e54b3b8df+bench,SVG,instrument-2026-10-07T06-46-37.937Z,points-3000-seed-41544c53,hit,root_iterator_creations_n,count,0,1
Atlas,1c2e54b3b8df+bench,SVG,instrument-2026-10-07T06-46-37.937Z,points-3000-seed-41544c53,hit,root_iterator_creations_median,count,0,1.0
Atlas,1c2e54b3b8df+bench,SVG,instrument-2026-10-07T06-46-37.937Z,points-3000-seed-41544c53,hit,root_iterator_creations_p95,count,0,1.0
Atlas,1c2e54b3b8df+bench,SVG,instrument-2026-10-07T06-46-37.937Z,points-3000-seed-41544c53,hit,root_iterator_creations_max,count,0,1.0
Atlas,1c2e54b3b8df+bench,SVG,instrument-2026-10-07T06-46-37.937Z,points-3000-seed-41544c53,hit,root_iterator_next_calls_n,count,0,1
Atlas,1c2e54b3b8df+bench,SVG,instrument-2026-10-07T06-46-37.937Z,points-3000-seed-41544c53,hit,root_iterator_next_calls_median,count,0,3001.0
Atlas,1c2e54b3b8df+bench,SVG,instrument-2026-10-07T06-46-37.937Z,points-3000-seed-41544c53,hit,root_iterator_next_calls_p95,count,0,3001.0
Atlas,1c2e54b3b8df+bench,SVG,instrument-2026-10-07T06-46-37.937Z,points-3000-seed-41544c53,hit,root_iterator_next_calls_max,count,0,3001.0
Atlas,1c2e54b3b8df+bench,SVG,instrument-2026-10-07T06-46-37.937Z,points-3000-seed-41544c53,hit,layout_rect_reads_n,count,0,1
Atlas,1c2e54b3b8df+bench,SVG,instrument-2026-10-07T06-46-37.937Z,points-3000-seed-41544c53,hit,layout_rect_reads_median,count,0,0.0
Atlas,1c2e54b3b8df+bench,SVG,instrument-2026-10-07T06-46-37.937Z,points-3000-seed-41544c53,hit,layout_rect_reads_p95,count,0,0.0
Atlas,1c2e54b3b8df+bench,SVG,instrument-2026-10-07T06-46-37.937Z,points-3000-seed-41544c53,hit,layout_rect_reads_max,count,0,0.0
Atlas,1c2e54b3b8df+bench,SVG,instrument-2026-10-07T06-46-37.937Z,points-3000-seed-41544c53,hit,cleanup_renderer_calls_n,count,0,1
Atlas,1c2e54b3b8df+bench,SVG,instrument-2026-10-07T06-46-37.937Z,points-3000-seed-41544c53,hit,cleanup_renderer_calls_median,count,0,0.0
Atlas,1c2e54b3b8df+bench,SVG,instrument-2026-10-07T06-46-37.937Z,points-3000-seed-41544c53,hit,cleanup_renderer_calls_p95,count,0,0.0
Atlas,1c2e54b3b8df+bench,SVG,instrument-2026-10-07T06-46-37.937Z,points-3000-seed-41544c53,hit,cleanup_renderer_calls_max,count,0,0.0
Atlas,1c2e54b3b8df+bench,SVG,instrument-2026-10-07T06-46-37.937Z,points-3000-seed-41544c53,hit,cleanup_stage_children_n,count,0,1
Atlas,1c2e54b3b8df+bench,SVG,instrument-2026-10-07T06-46-37.937Z,points-3000-seed-41544c53,hit,cleanup_stage_children_median,count,0,0.0
Atlas,1c2e54b3b8df+bench,SVG,instrument-2026-10-07T06-46-37.937Z,points-3000-seed-41544c53,hit,cleanup_stage_children_p95,count,0,0.0
Atlas,1c2e54b3b8df+bench,SVG,instrument-2026-10-07T06-46-37.937Z,points-3000-seed-41544c53,hit,cleanup_stage_children_max,count,0,0.0
Atlas,1c2e54b3b8df+bench,SVG,instrument-2026-10-07T06-46-37.937Z,points-3000-seed-41544c53,miss,spatial_hit_test_sync_ms_n,count,0,200
Atlas,1c2e54b3b8df+bench,SVG,instrument-2026-10-07T06-46-37.937Z,points-3000-seed-41544c53,miss,spatial_hit_test_sync_ms_median,ms,0,0.4
Atlas,1c2e54b3b8df+bench,SVG,instrument-2026-10-07T06-46-37.937Z,points-3000-seed-41544c53,miss,spatial_hit_test_sync_ms_p95,ms,0,0.5
Atlas,1c2e54b3b8df+bench,SVG,instrument-2026-10-07T06-46-37.937Z,points-3000-seed-41544c53,miss,spatial_hit_test_sync_ms_max,ms,0,2.4
Atlas,1c2e54b3b8df+bench,SVG,instrument-2026-10-07T06-46-37.937Z,points-3000-seed-41544c53,miss,root_iterator_creations_n,count,0,1
Atlas,1c2e54b3b8df+bench,SVG,instrument-2026-10-07T06-46-37.937Z,points-3000-seed-41544c53,miss,root_iterator_creations_median,count,0,1.0
Atlas,1c2e54b3b8df+bench,SVG,instrument-2026-10-07T06-46-37.937Z,points-3000-seed-41544c53,miss,root_iterator_creations_p95,count,0,1.0
Atlas,1c2e54b3b8df+bench,SVG,instrument-2026-10-07T06-46-37.937Z,points-3000-seed-41544c53,miss,root_iterator_creations_max,count,0,1.0
Atlas,1c2e54b3b8df+bench,SVG,instrument-2026-10-07T06-46-37.937Z,points-3000-seed-41544c53,miss,root_iterator_next_calls_n,count,0,1
Atlas,1c2e54b3b8df+bench,SVG,instrument-2026-10-07T06-46-37.937Z,points-3000-seed-41544c53,miss,root_iterator_next_calls_median,count,0,3001.0
Atlas,1c2e54b3b8df+bench,SVG,instrument-2026-10-07T06-46-37.937Z,points-3000-seed-41544c53,miss,root_iterator_next_calls_p95,count,0,3001.0
Atlas,1c2e54b3b8df+bench,SVG,instrument-2026-10-07T06-46-37.937Z,points-3000-seed-41544c53,miss,root_iterator_next_calls_max,count,0,3001.0
Atlas,1c2e54b3b8df+bench,SVG,instrument-2026-10-07T06-46-37.937Z,points-3000-seed-41544c53,miss,layout_rect_reads_n,count,0,1
Atlas,1c2e54b3b8df+bench,SVG,instrument-2026-10-07T06-46-37.937Z,points-3000-seed-41544c53,miss,layout_rect_reads_median,count,0,0.0
Atlas,1c2e54b3b8df+bench,SVG,instrument-2026-10-07T06-46-37.937Z,points-3000-seed-41544c53,miss,layout_rect_reads_p95,count,0,0.0
Atlas,1c2e54b3b8df+bench,SVG,instrument-2026-10-07T06-46-37.937Z,points-3000-seed-41544c53,miss,layout_rect_reads_max,count,0,0.0
Atlas,1c2e54b3b8df+bench,SVG,instrument-2026-10-07T06-46-37.937Z,points-3000-seed-41544c53,miss,cleanup_renderer_calls_n,count,0,1
Atlas,1c2e54b3b8df+bench,SVG,instrument-2026-10-07T06-46-37.937Z,points-3000-seed-41544c53,miss,cleanup_renderer_calls_median,count,0,0.0
Atlas,1c2e54b3b8df+bench,SVG,instrument-2026-10-07T06-46-37.937Z,points-3000-seed-41544c53,miss,cleanup_renderer_calls_p95,count,0,0.0
Atlas,1c2e54b3b8df+bench,SVG,instrument-2026-10-07T06-46-37.937Z,points-3000-seed-41544c53,miss,cleanup_renderer_calls_max,count,0,0.0
Atlas,1c2e54b3b8df+bench,SVG,instrument-2026-10-07T06-46-37.937Z,points-3000-seed-41544c53,miss,cleanup_stage_children_n,count,0,1
Atlas,1c2e54b3b8df+bench,SVG,instrument-2026-10-07T06-46-37.937Z,points-3000-seed-41544c53,miss,cleanup_stage_children_median,count,0,0.0
Atlas,1c2e54b3b8df+bench,SVG,instrument-2026-10-07T06-46-37.937Z,points-3000-seed-41544c53,miss,cleanup_stage_children_p95,count,0,0.0
Atlas,1c2e54b3b8df+bench,SVG,instrument-2026-10-07T06-46-37.937Z,points-3000-seed-41544c53,miss,cleanup_stage_children_max,count,0,0.0
Atlas,1c2e54b3b8df+bench,SVG,instrument-2026-10-07T06-46-37.937Z,points-3000-seed-41544c53,position-single,operation_sync_ms_n,count,0,1
Atlas,1c2e54b3b8df+bench,SVG,instrument-2026-10-07T06-46-37.937Z,points-3000-seed-41544c53,position-single,operation_sync_ms_median,ms,0,0.0
Atlas,1c2e54b3b8df+bench,SVG,instrument-2026-10-07T06-46-37.937Z,points-3000-seed-41544c53,position-single,operation_sync_ms_p95,ms,0,0.0
Atlas,1c2e54b3b8df+bench,SVG,instrument-2026-10-07T06-46-37.937Z,points-3000-seed-41544c53,position-single,operation_sync_ms_max,ms,0,0.0
Atlas,1c2e54b3b8df+bench,SVG,instrument-2026-10-07T06-46-37.937Z,points-3000-seed-41544c53,position-single,operation_to_raf_opportunities_ms_n,count,0,1
Atlas,1c2e54b3b8df+bench,SVG,instrument-2026-10-07T06-46-37.937Z,points-3000-seed-41544c53,position-single,operation_to_raf_opportunities_ms_median,ms,0,16.3
Atlas,1c2e54b3b8df+bench,SVG,instrument-2026-10-07T06-46-37.937Z,points-3000-seed-41544c53,position-single,operation_to_raf_opportunities_ms_p95,ms,0,16.3
Atlas,1c2e54b3b8df+bench,SVG,instrument-2026-10-07T06-46-37.937Z,points-3000-seed-41544c53,position-single,operation_to_raf_opportunities_ms_max,ms,0,16.3
Atlas,1c2e54b3b8df+bench,SVG,instrument-2026-10-07T06-46-37.937Z,points-3000-seed-41544c53,position-single,root_iterator_creations_n,count,0,1
Atlas,1c2e54b3b8df+bench,SVG,instrument-2026-10-07T06-46-37.937Z,points-3000-seed-41544c53,position-single,root_iterator_creations_median,count,0,1.0
Atlas,1c2e54b3b8df+bench,SVG,instrument-2026-10-07T06-46-37.937Z,points-3000-seed-41544c53,position-single,root_iterator_creations_p95,count,0,1.0
Atlas,1c2e54b3b8df+bench,SVG,instrument-2026-10-07T06-46-37.937Z,points-3000-seed-41544c53,position-single,root_iterator_creations_max,count,0,1.0
Atlas,1c2e54b3b8df+bench,SVG,instrument-2026-10-07T06-46-37.937Z,points-3000-seed-41544c53,position-single,root_iterator_next_calls_n,count,0,1
Atlas,1c2e54b3b8df+bench,SVG,instrument-2026-10-07T06-46-37.937Z,points-3000-seed-41544c53,position-single,root_iterator_next_calls_median,count,0,3001.0
Atlas,1c2e54b3b8df+bench,SVG,instrument-2026-10-07T06-46-37.937Z,points-3000-seed-41544c53,position-single,root_iterator_next_calls_p95,count,0,3001.0
Atlas,1c2e54b3b8df+bench,SVG,instrument-2026-10-07T06-46-37.937Z,points-3000-seed-41544c53,position-single,root_iterator_next_calls_max,count,0,3001.0
Atlas,1c2e54b3b8df+bench,SVG,instrument-2026-10-07T06-46-37.937Z,points-3000-seed-41544c53,position-single,renderer_scene_reads_n,count,0,1
Atlas,1c2e54b3b8df+bench,SVG,instrument-2026-10-07T06-46-37.937Z,points-3000-seed-41544c53,position-single,renderer_scene_reads_median,count,0,1.0
Atlas,1c2e54b3b8df+bench,SVG,instrument-2026-10-07T06-46-37.937Z,points-3000-seed-41544c53,position-single,renderer_scene_reads_p95,count,0,1.0
Atlas,1c2e54b3b8df+bench,SVG,instrument-2026-10-07T06-46-37.937Z,points-3000-seed-41544c53,position-single,renderer_scene_reads_max,count,0,1.0
Atlas,1c2e54b3b8df+bench,SVG,instrument-2026-10-07T06-46-37.937Z,points-3000-seed-41544c53,position-single,svg_attribute_writes_n,count,0,1
Atlas,1c2e54b3b8df+bench,SVG,instrument-2026-10-07T06-46-37.937Z,points-3000-seed-41544c53,position-single,svg_attribute_writes_median,count,0,1.0
Atlas,1c2e54b3b8df+bench,SVG,instrument-2026-10-07T06-46-37.937Z,points-3000-seed-41544c53,position-single,svg_attribute_writes_p95,count,0,1.0
Atlas,1c2e54b3b8df+bench,SVG,instrument-2026-10-07T06-46-37.937Z,points-3000-seed-41544c53,position-single,svg_attribute_writes_max,count,0,1.0
Atlas,1c2e54b3b8df+bench,SVG,instrument-2026-10-07T06-46-37.937Z,points-3000-seed-41544c53,position-single,renderer_calls_n,count,0,1
Atlas,1c2e54b3b8df+bench,SVG,instrument-2026-10-07T06-46-37.937Z,points-3000-seed-41544c53,position-single,renderer_calls_median,count,0,1.0
Atlas,1c2e54b3b8df+bench,SVG,instrument-2026-10-07T06-46-37.937Z,points-3000-seed-41544c53,position-single,renderer_calls_p95,count,0,1.0
Atlas,1c2e54b3b8df+bench,SVG,instrument-2026-10-07T06-46-37.937Z,points-3000-seed-41544c53,position-single,renderer_calls_max,count,0,1.0
Atlas,1c2e54b3b8df+bench,SVG,instrument-2026-10-07T06-46-37.937Z,points-3000-seed-41544c53,position-single,layout_rect_reads_n,count,0,1
Atlas,1c2e54b3b8df+bench,SVG,instrument-2026-10-07T06-46-37.937Z,points-3000-seed-41544c53,position-single,layout_rect_reads_median,count,0,0.0
Atlas,1c2e54b3b8df+bench,SVG,instrument-2026-10-07T06-46-37.937Z,points-3000-seed-41544c53,position-single,layout_rect_reads_p95,count,0,0.0
Atlas,1c2e54b3b8df+bench,SVG,instrument-2026-10-07T06-46-37.937Z,points-3000-seed-41544c53,position-single,layout_rect_reads_max,count,0,0.0
Atlas,1c2e54b3b8df+bench,SVG,instrument-2026-10-07T06-46-37.937Z,points-3000-seed-41544c53,position-single,instrumented_renderer_callback_ms_n,count,0,1
Atlas,1c2e54b3b8df+bench,SVG,instrument-2026-10-07T06-46-37.937Z,points-3000-seed-41544c53,position-single,instrumented_renderer_callback_ms_median,ms,0,0.0
Atlas,1c2e54b3b8df+bench,SVG,instrument-2026-10-07T06-46-37.937Z,points-3000-seed-41544c53,position-single,instrumented_renderer_callback_ms_p95,ms,0,0.0
Atlas,1c2e54b3b8df+bench,SVG,instrument-2026-10-07T06-46-37.937Z,points-3000-seed-41544c53,position-single,instrumented_renderer_callback_ms_max,ms,0,0.0
Atlas,1c2e54b3b8df+bench,SVG,instrument-2026-10-07T06-46-37.937Z,points-3000-seed-41544c53,position-single,cleanup_renderer_calls_n,count,0,1
Atlas,1c2e54b3b8df+bench,SVG,instrument-2026-10-07T06-46-37.937Z,points-3000-seed-41544c53,position-single,cleanup_renderer_calls_median,count,0,0.0
Atlas,1c2e54b3b8df+bench,SVG,instrument-2026-10-07T06-46-37.937Z,points-3000-seed-41544c53,position-single,cleanup_renderer_calls_p95,count,0,0.0
Atlas,1c2e54b3b8df+bench,SVG,instrument-2026-10-07T06-46-37.937Z,points-3000-seed-41544c53,position-single,cleanup_renderer_calls_max,count,0,0.0
Atlas,1c2e54b3b8df+bench,SVG,instrument-2026-10-07T06-46-37.937Z,points-3000-seed-41544c53,position-single,cleanup_stage_children_n,count,0,1
Atlas,1c2e54b3b8df+bench,SVG,instrument-2026-10-07T06-46-37.937Z,points-3000-seed-41544c53,position-single,cleanup_stage_children_median,count,0,0.0
Atlas,1c2e54b3b8df+bench,SVG,instrument-2026-10-07T06-46-37.937Z,points-3000-seed-41544c53,position-single,cleanup_stage_children_p95,count,0,0.0
Atlas,1c2e54b3b8df+bench,SVG,instrument-2026-10-07T06-46-37.937Z,points-3000-seed-41544c53,position-single,cleanup_stage_children_max,count,0,0.0
Atlas,1c2e54b3b8df+bench,SVG,instrument-2026-10-07T06-46-37.937Z,points-3000-seed-41544c53,position-series,operation_sync_ms_n,count,0,1
Atlas,1c2e54b3b8df+bench,SVG,instrument-2026-10-07T06-46-37.937Z,points-3000-seed-41544c53,position-series,operation_sync_ms_median,ms,0,0.1
Atlas,1c2e54b3b8df+bench,SVG,instrument-2026-10-07T06-46-37.937Z,points-3000-seed-41544c53,position-series,operation_sync_ms_p95,ms,0,0.1
Atlas,1c2e54b3b8df+bench,SVG,instrument-2026-10-07T06-46-37.937Z,points-3000-seed-41544c53,position-series,operation_sync_ms_max,ms,0,0.1
Atlas,1c2e54b3b8df+bench,SVG,instrument-2026-10-07T06-46-37.937Z,points-3000-seed-41544c53,position-series,operation_to_raf_opportunities_ms_n,count,0,1
Atlas,1c2e54b3b8df+bench,SVG,instrument-2026-10-07T06-46-37.937Z,points-3000-seed-41544c53,position-series,operation_to_raf_opportunities_ms_median,ms,0,17.7
Atlas,1c2e54b3b8df+bench,SVG,instrument-2026-10-07T06-46-37.937Z,points-3000-seed-41544c53,position-series,operation_to_raf_opportunities_ms_p95,ms,0,17.7
Atlas,1c2e54b3b8df+bench,SVG,instrument-2026-10-07T06-46-37.937Z,points-3000-seed-41544c53,position-series,operation_to_raf_opportunities_ms_max,ms,0,17.7
Atlas,1c2e54b3b8df+bench,SVG,instrument-2026-10-07T06-46-37.937Z,points-3000-seed-41544c53,position-series,root_iterator_creations_n,count,0,1
Atlas,1c2e54b3b8df+bench,SVG,instrument-2026-10-07T06-46-37.937Z,points-3000-seed-41544c53,position-series,root_iterator_creations_median,count,0,1.0
Atlas,1c2e54b3b8df+bench,SVG,instrument-2026-10-07T06-46-37.937Z,points-3000-seed-41544c53,position-series,root_iterator_creations_p95,count,0,1.0
Atlas,1c2e54b3b8df+bench,SVG,instrument-2026-10-07T06-46-37.937Z,points-3000-seed-41544c53,position-series,root_iterator_creations_max,count,0,1.0
Atlas,1c2e54b3b8df+bench,SVG,instrument-2026-10-07T06-46-37.937Z,points-3000-seed-41544c53,position-series,root_iterator_next_calls_n,count,0,1
Atlas,1c2e54b3b8df+bench,SVG,instrument-2026-10-07T06-46-37.937Z,points-3000-seed-41544c53,position-series,root_iterator_next_calls_median,count,0,3001.0
Atlas,1c2e54b3b8df+bench,SVG,instrument-2026-10-07T06-46-37.937Z,points-3000-seed-41544c53,position-series,root_iterator_next_calls_p95,count,0,3001.0
Atlas,1c2e54b3b8df+bench,SVG,instrument-2026-10-07T06-46-37.937Z,points-3000-seed-41544c53,position-series,root_iterator_next_calls_max,count,0,3001.0
Atlas,1c2e54b3b8df+bench,SVG,instrument-2026-10-07T06-46-37.937Z,points-3000-seed-41544c53,position-series,renderer_scene_reads_n,count,0,1
Atlas,1c2e54b3b8df+bench,SVG,instrument-2026-10-07T06-46-37.937Z,points-3000-seed-41544c53,position-series,renderer_scene_reads_median,count,0,1.0
Atlas,1c2e54b3b8df+bench,SVG,instrument-2026-10-07T06-46-37.937Z,points-3000-seed-41544c53,position-series,renderer_scene_reads_p95,count,0,1.0
Atlas,1c2e54b3b8df+bench,SVG,instrument-2026-10-07T06-46-37.937Z,points-3000-seed-41544c53,position-series,renderer_scene_reads_max,count,0,1.0
Atlas,1c2e54b3b8df+bench,SVG,instrument-2026-10-07T06-46-37.937Z,points-3000-seed-41544c53,position-series,svg_attribute_writes_n,count,0,1
Atlas,1c2e54b3b8df+bench,SVG,instrument-2026-10-07T06-46-37.937Z,points-3000-seed-41544c53,position-series,svg_attribute_writes_median,count,0,100.0
Atlas,1c2e54b3b8df+bench,SVG,instrument-2026-10-07T06-46-37.937Z,points-3000-seed-41544c53,position-series,svg_attribute_writes_p95,count,0,100.0
Atlas,1c2e54b3b8df+bench,SVG,instrument-2026-10-07T06-46-37.937Z,points-3000-seed-41544c53,position-series,svg_attribute_writes_max,count,0,100.0
Atlas,1c2e54b3b8df+bench,SVG,instrument-2026-10-07T06-46-37.937Z,points-3000-seed-41544c53,position-series,renderer_calls_n,count,0,1
Atlas,1c2e54b3b8df+bench,SVG,instrument-2026-10-07T06-46-37.937Z,points-3000-seed-41544c53,position-series,renderer_calls_median,count,0,1.0
Atlas,1c2e54b3b8df+bench,SVG,instrument-2026-10-07T06-46-37.937Z,points-3000-seed-41544c53,position-series,renderer_calls_p95,count,0,1.0
Atlas,1c2e54b3b8df+bench,SVG,instrument-2026-10-07T06-46-37.937Z,points-3000-seed-41544c53,position-series,renderer_calls_max,count,0,1.0
Atlas,1c2e54b3b8df+bench,SVG,instrument-2026-10-07T06-46-37.937Z,points-3000-seed-41544c53,position-series,layout_rect_reads_n,count,0,1
Atlas,1c2e54b3b8df+bench,SVG,instrument-2026-10-07T06-46-37.937Z,points-3000-seed-41544c53,position-series,layout_rect_reads_median,count,0,0.0
Atlas,1c2e54b3b8df+bench,SVG,instrument-2026-10-07T06-46-37.937Z,points-3000-seed-41544c53,position-series,layout_rect_reads_p95,count,0,0.0
Atlas,1c2e54b3b8df+bench,SVG,instrument-2026-10-07T06-46-37.937Z,points-3000-seed-41544c53,position-series,layout_rect_reads_max,count,0,0.0
Atlas,1c2e54b3b8df+bench,SVG,instrument-2026-10-07T06-46-37.937Z,points-3000-seed-41544c53,position-series,instrumented_renderer_callback_ms_n,count,0,1
Atlas,1c2e54b3b8df+bench,SVG,instrument-2026-10-07T06-46-37.937Z,points-3000-seed-41544c53,position-series,instrumented_renderer_callback_ms_median,ms,0,0.2
Atlas,1c2e54b3b8df+bench,SVG,instrument-2026-10-07T06-46-37.937Z,points-3000-seed-41544c53,position-series,instrumented_renderer_callback_ms_p95,ms,0,0.2
Atlas,1c2e54b3b8df+bench,SVG,instrument-2026-10-07T06-46-37.937Z,points-3000-seed-41544c53,position-series,instrumented_renderer_callback_ms_max,ms,0,0.2
Atlas,1c2e54b3b8df+bench,SVG,instrument-2026-10-07T06-46-37.937Z,points-3000-seed-41544c53,position-series,cleanup_renderer_calls_n,count,0,1
Atlas,1c2e54b3b8df+bench,SVG,instrument-2026-10-07T06-46-37.937Z,points-3000-seed-41544c53,position-series,cleanup_renderer_calls_median,count,0,0.0
Atlas,1c2e54b3b8df+bench,SVG,instrument-2026-10-07T06-46-37.937Z,points-3000-seed-41544c53,position-series,cleanup_renderer_calls_p95,count,0,0.0
Atlas,1c2e54b3b8df+bench,SVG,instrument-2026-10-07T06-46-37.937Z,points-3000-seed-41544c53,position-series,cleanup_renderer_calls_max,count,0,0.0
Atlas,1c2e54b3b8df+bench,SVG,instrument-2026-10-07T06-46-37.937Z,points-3000-seed-41544c53,position-series,cleanup_stage_children_n,count,0,1
Atlas,1c2e54b3b8df+bench,SVG,instrument-2026-10-07T06-46-37.937Z,points-3000-seed-41544c53,position-series,cleanup_stage_children_median,count,0,0.0
Atlas,1c2e54b3b8df+bench,SVG,instrument-2026-10-07T06-46-37.937Z,points-3000-seed-41544c53,position-series,cleanup_stage_children_p95,count,0,0.0
Atlas,1c2e54b3b8df+bench,SVG,instrument-2026-10-07T06-46-37.937Z,points-3000-seed-41544c53,position-series,cleanup_stage_children_max,count,0,0.0
Atlas,1c2e54b3b8df+bench,SVG,instrument-2026-10-07T06-46-37.937Z,points-3000-seed-41544c53,add-100,operation_sync_ms_n,count,0,1
Atlas,1c2e54b3b8df+bench,SVG,instrument-2026-10-07T06-46-37.937Z,points-3000-seed-41544c53,add-100,operation_sync_ms_median,ms,0,25.6
Atlas,1c2e54b3b8df+bench,SVG,instrument-2026-10-07T06-46-37.937Z,points-3000-seed-41544c53,add-100,operation_sync_ms_p95,ms,0,25.6
Atlas,1c2e54b3b8df+bench,SVG,instrument-2026-10-07T06-46-37.937Z,points-3000-seed-41544c53,add-100,operation_sync_ms_max,ms,0,25.6
Atlas,1c2e54b3b8df+bench,SVG,instrument-2026-10-07T06-46-37.937Z,points-3000-seed-41544c53,add-100,cumulative_operation_ms_n,count,0,1
Atlas,1c2e54b3b8df+bench,SVG,instrument-2026-10-07T06-46-37.937Z,points-3000-seed-41544c53,add-100,cumulative_operation_ms_median,ms,0,25.6
Atlas,1c2e54b3b8df+bench,SVG,instrument-2026-10-07T06-46-37.937Z,points-3000-seed-41544c53,add-100,cumulative_operation_ms_p95,ms,0,25.6
Atlas,1c2e54b3b8df+bench,SVG,instrument-2026-10-07T06-46-37.937Z,points-3000-seed-41544c53,add-100,cumulative_operation_ms_max,ms,0,25.6
Atlas,1c2e54b3b8df+bench,SVG,instrument-2026-10-07T06-46-37.937Z,points-3000-seed-41544c53,add-100,operation_to_raf_opportunities_ms_n,count,0,1
Atlas,1c2e54b3b8df+bench,SVG,instrument-2026-10-07T06-46-37.937Z,points-3000-seed-41544c53,add-100,operation_to_raf_opportunities_ms_median,ms,0,41.1
Atlas,1c2e54b3b8df+bench,SVG,instrument-2026-10-07T06-46-37.937Z,points-3000-seed-41544c53,add-100,operation_to_raf_opportunities_ms_p95,ms,0,41.1
Atlas,1c2e54b3b8df+bench,SVG,instrument-2026-10-07T06-46-37.937Z,points-3000-seed-41544c53,add-100,operation_to_raf_opportunities_ms_max,ms,0,41.1
Atlas,1c2e54b3b8df+bench,SVG,instrument-2026-10-07T06-46-37.937Z,points-3000-seed-41544c53,add-100,root_iterator_creations_n,count,0,1
Atlas,1c2e54b3b8df+bench,SVG,instrument-2026-10-07T06-46-37.937Z,points-3000-seed-41544c53,add-100,root_iterator_creations_median,count,0,102.0
Atlas,1c2e54b3b8df+bench,SVG,instrument-2026-10-07T06-46-37.937Z,points-3000-seed-41544c53,add-100,root_iterator_creations_p95,count,0,102.0
Atlas,1c2e54b3b8df+bench,SVG,instrument-2026-10-07T06-46-37.937Z,points-3000-seed-41544c53,add-100,root_iterator_creations_max,count,0,102.0
Atlas,1c2e54b3b8df+bench,SVG,instrument-2026-10-07T06-46-37.937Z,points-3000-seed-41544c53,add-100,root_iterator_next_calls_n,count,0,1
Atlas,1c2e54b3b8df+bench,SVG,instrument-2026-10-07T06-46-37.937Z,points-3000-seed-41544c53,add-100,root_iterator_next_calls_median,count,0,311152.0
Atlas,1c2e54b3b8df+bench,SVG,instrument-2026-10-07T06-46-37.937Z,points-3000-seed-41544c53,add-100,root_iterator_next_calls_p95,count,0,311152.0
Atlas,1c2e54b3b8df+bench,SVG,instrument-2026-10-07T06-46-37.937Z,points-3000-seed-41544c53,add-100,root_iterator_next_calls_max,count,0,311152.0
Atlas,1c2e54b3b8df+bench,SVG,instrument-2026-10-07T06-46-37.937Z,points-3000-seed-41544c53,add-100,renderer_scene_reads_n,count,0,1
Atlas,1c2e54b3b8df+bench,SVG,instrument-2026-10-07T06-46-37.937Z,points-3000-seed-41544c53,add-100,renderer_scene_reads_median,count,0,1.0
Atlas,1c2e54b3b8df+bench,SVG,instrument-2026-10-07T06-46-37.937Z,points-3000-seed-41544c53,add-100,renderer_scene_reads_p95,count,0,1.0
Atlas,1c2e54b3b8df+bench,SVG,instrument-2026-10-07T06-46-37.937Z,points-3000-seed-41544c53,add-100,renderer_scene_reads_max,count,0,1.0
Atlas,1c2e54b3b8df+bench,SVG,instrument-2026-10-07T06-46-37.937Z,points-3000-seed-41544c53,add-100,renderer_scene_membership_changes_n,count,0,1
Atlas,1c2e54b3b8df+bench,SVG,instrument-2026-10-07T06-46-37.937Z,points-3000-seed-41544c53,add-100,renderer_scene_membership_changes_median,count,0,1.0
Atlas,1c2e54b3b8df+bench,SVG,instrument-2026-10-07T06-46-37.937Z,points-3000-seed-41544c53,add-100,renderer_scene_membership_changes_p95,count,0,1.0
Atlas,1c2e54b3b8df+bench,SVG,instrument-2026-10-07T06-46-37.937Z,points-3000-seed-41544c53,add-100,renderer_scene_membership_changes_max,count,0,1.0
Atlas,1c2e54b3b8df+bench,SVG,instrument-2026-10-07T06-46-37.937Z,points-3000-seed-41544c53,add-100,svg_attribute_writes_n,count,0,1
Atlas,1c2e54b3b8df+bench,SVG,instrument-2026-10-07T06-46-37.937Z,points-3000-seed-41544c53,add-100,svg_attribute_writes_median,count,0,800.0
Atlas,1c2e54b3b8df+bench,SVG,instrument-2026-10-07T06-46-37.937Z,points-3000-seed-41544c53,add-100,svg_attribute_writes_p95,count,0,800.0
Atlas,1c2e54b3b8df+bench,SVG,instrument-2026-10-07T06-46-37.937Z,points-3000-seed-41544c53,add-100,svg_attribute_writes_max,count,0,800.0
Atlas,1c2e54b3b8df+bench,SVG,instrument-2026-10-07T06-46-37.937Z,points-3000-seed-41544c53,add-100,svg_attribute_removals_n,count,0,1
Atlas,1c2e54b3b8df+bench,SVG,instrument-2026-10-07T06-46-37.937Z,points-3000-seed-41544c53,add-100,svg_attribute_removals_median,count,0,100.0
Atlas,1c2e54b3b8df+bench,SVG,instrument-2026-10-07T06-46-37.937Z,points-3000-seed-41544c53,add-100,svg_attribute_removals_p95,count,0,100.0
Atlas,1c2e54b3b8df+bench,SVG,instrument-2026-10-07T06-46-37.937Z,points-3000-seed-41544c53,add-100,svg_attribute_removals_max,count,0,100.0
Atlas,1c2e54b3b8df+bench,SVG,instrument-2026-10-07T06-46-37.937Z,points-3000-seed-41544c53,add-100,renderer_calls_n,count,0,1
Atlas,1c2e54b3b8df+bench,SVG,instrument-2026-10-07T06-46-37.937Z,points-3000-seed-41544c53,add-100,renderer_calls_median,count,0,1.0
Atlas,1c2e54b3b8df+bench,SVG,instrument-2026-10-07T06-46-37.937Z,points-3000-seed-41544c53,add-100,renderer_calls_p95,count,0,1.0
Atlas,1c2e54b3b8df+bench,SVG,instrument-2026-10-07T06-46-37.937Z,points-3000-seed-41544c53,add-100,renderer_calls_max,count,0,1.0
Atlas,1c2e54b3b8df+bench,SVG,instrument-2026-10-07T06-46-37.937Z,points-3000-seed-41544c53,add-100,layout_rect_reads_n,count,0,1
Atlas,1c2e54b3b8df+bench,SVG,instrument-2026-10-07T06-46-37.937Z,points-3000-seed-41544c53,add-100,layout_rect_reads_median,count,0,0.0
Atlas,1c2e54b3b8df+bench,SVG,instrument-2026-10-07T06-46-37.937Z,points-3000-seed-41544c53,add-100,layout_rect_reads_p95,count,0,0.0
Atlas,1c2e54b3b8df+bench,SVG,instrument-2026-10-07T06-46-37.937Z,points-3000-seed-41544c53,add-100,layout_rect_reads_max,count,0,0.0
Atlas,1c2e54b3b8df+bench,SVG,instrument-2026-10-07T06-46-37.937Z,points-3000-seed-41544c53,add-100,instrumented_renderer_callback_ms_n,count,0,1
Atlas,1c2e54b3b8df+bench,SVG,instrument-2026-10-07T06-46-37.937Z,points-3000-seed-41544c53,add-100,instrumented_renderer_callback_ms_median,ms,0,1.6
Atlas,1c2e54b3b8df+bench,SVG,instrument-2026-10-07T06-46-37.937Z,points-3000-seed-41544c53,add-100,instrumented_renderer_callback_ms_p95,ms,0,1.6
Atlas,1c2e54b3b8df+bench,SVG,instrument-2026-10-07T06-46-37.937Z,points-3000-seed-41544c53,add-100,instrumented_renderer_callback_ms_max,ms,0,1.6
Atlas,1c2e54b3b8df+bench,SVG,instrument-2026-10-07T06-46-37.937Z,points-3000-seed-41544c53,add-100,cleanup_renderer_calls_n,count,0,1
Atlas,1c2e54b3b8df+bench,SVG,instrument-2026-10-07T06-46-37.937Z,points-3000-seed-41544c53,add-100,cleanup_renderer_calls_median,count,0,0.0
Atlas,1c2e54b3b8df+bench,SVG,instrument-2026-10-07T06-46-37.937Z,points-3000-seed-41544c53,add-100,cleanup_renderer_calls_p95,count,0,0.0
Atlas,1c2e54b3b8df+bench,SVG,instrument-2026-10-07T06-46-37.937Z,points-3000-seed-41544c53,add-100,cleanup_renderer_calls_max,count,0,0.0
Atlas,1c2e54b3b8df+bench,SVG,instrument-2026-10-07T06-46-37.937Z,points-3000-seed-41544c53,add-100,cleanup_stage_children_n,count,0,1
Atlas,1c2e54b3b8df+bench,SVG,instrument-2026-10-07T06-46-37.937Z,points-3000-seed-41544c53,add-100,cleanup_stage_children_median,count,0,0.0
Atlas,1c2e54b3b8df+bench,SVG,instrument-2026-10-07T06-46-37.937Z,points-3000-seed-41544c53,add-100,cleanup_stage_children_p95,count,0,0.0
Atlas,1c2e54b3b8df+bench,SVG,instrument-2026-10-07T06-46-37.937Z,points-3000-seed-41544c53,add-100,cleanup_stage_children_max,count,0,0.0
Atlas,1c2e54b3b8df+bench,SVG,instrument-2026-10-07T06-46-37.937Z,points-3000-seed-41544c53,add-500,operation_sync_ms_n,count,0,1
Atlas,1c2e54b3b8df+bench,SVG,instrument-2026-10-07T06-46-37.937Z,points-3000-seed-41544c53,add-500,operation_sync_ms_median,ms,0,134.1
Atlas,1c2e54b3b8df+bench,SVG,instrument-2026-10-07T06-46-37.937Z,points-3000-seed-41544c53,add-500,operation_sync_ms_p95,ms,0,134.1
Atlas,1c2e54b3b8df+bench,SVG,instrument-2026-10-07T06-46-37.937Z,points-3000-seed-41544c53,add-500,operation_sync_ms_max,ms,0,134.1
Atlas,1c2e54b3b8df+bench,SVG,instrument-2026-10-07T06-46-37.937Z,points-3000-seed-41544c53,add-500,cumulative_operation_ms_n,count,0,5
Atlas,1c2e54b3b8df+bench,SVG,instrument-2026-10-07T06-46-37.937Z,points-3000-seed-41544c53,add-500,cumulative_operation_ms_median,ms,0,79.3
Atlas,1c2e54b3b8df+bench,SVG,instrument-2026-10-07T06-46-37.937Z,points-3000-seed-41544c53,add-500,cumulative_operation_ms_p95,ms,0,134.1
Atlas,1c2e54b3b8df+bench,SVG,instrument-2026-10-07T06-46-37.937Z,points-3000-seed-41544c53,add-500,cumulative_operation_ms_max,ms,0,134.1
Atlas,1c2e54b3b8df+bench,SVG,instrument-2026-10-07T06-46-37.937Z,points-3000-seed-41544c53,add-500,operation_to_raf_opportunities_ms_n,count,0,1
Atlas,1c2e54b3b8df+bench,SVG,instrument-2026-10-07T06-46-37.937Z,points-3000-seed-41544c53,add-500,operation_to_raf_opportunities_ms_median,ms,0,149.7
Atlas,1c2e54b3b8df+bench,SVG,instrument-2026-10-07T06-46-37.937Z,points-3000-seed-41544c53,add-500,operation_to_raf_opportunities_ms_p95,ms,0,149.7
Atlas,1c2e54b3b8df+bench,SVG,instrument-2026-10-07T06-46-37.937Z,points-3000-seed-41544c53,add-500,operation_to_raf_opportunities_ms_max,ms,0,149.7
Atlas,1c2e54b3b8df+bench,SVG,instrument-2026-10-07T06-46-37.937Z,points-3000-seed-41544c53,add-500,root_iterator_creations_n,count,0,1
Atlas,1c2e54b3b8df+bench,SVG,instrument-2026-10-07T06-46-37.937Z,points-3000-seed-41544c53,add-500,root_iterator_creations_median,count,0,502.0
Atlas,1c2e54b3b8df+bench,SVG,instrument-2026-10-07T06-46-37.937Z,points-3000-seed-41544c53,add-500,root_iterator_creations_p95,count,0,502.0
Atlas,1c2e54b3b8df+bench,SVG,instrument-2026-10-07T06-46-37.937Z,points-3000-seed-41544c53,add-500,root_iterator_creations_max,count,0,502.0
Atlas,1c2e54b3b8df+bench,SVG,instrument-2026-10-07T06-46-37.937Z,points-3000-seed-41544c53,add-500,root_iterator_next_calls_n,count,0,1
Atlas,1c2e54b3b8df+bench,SVG,instrument-2026-10-07T06-46-37.937Z,points-3000-seed-41544c53,add-500,root_iterator_next_calls_median,count,0,1631752.0
Atlas,1c2e54b3b8df+bench,SVG,instrument-2026-10-07T06-46-37.937Z,points-3000-seed-41544c53,add-500,root_iterator_next_calls_p95,count,0,1631752.0
Atlas,1c2e54b3b8df+bench,SVG,instrument-2026-10-07T06-46-37.937Z,points-3000-seed-41544c53,add-500,root_iterator_next_calls_max,count,0,1631752.0
Atlas,1c2e54b3b8df+bench,SVG,instrument-2026-10-07T06-46-37.937Z,points-3000-seed-41544c53,add-500,renderer_scene_reads_n,count,0,1
Atlas,1c2e54b3b8df+bench,SVG,instrument-2026-10-07T06-46-37.937Z,points-3000-seed-41544c53,add-500,renderer_scene_reads_median,count,0,1.0
Atlas,1c2e54b3b8df+bench,SVG,instrument-2026-10-07T06-46-37.937Z,points-3000-seed-41544c53,add-500,renderer_scene_reads_p95,count,0,1.0
Atlas,1c2e54b3b8df+bench,SVG,instrument-2026-10-07T06-46-37.937Z,points-3000-seed-41544c53,add-500,renderer_scene_reads_max,count,0,1.0
Atlas,1c2e54b3b8df+bench,SVG,instrument-2026-10-07T06-46-37.937Z,points-3000-seed-41544c53,add-500,renderer_scene_membership_changes_n,count,0,1
Atlas,1c2e54b3b8df+bench,SVG,instrument-2026-10-07T06-46-37.937Z,points-3000-seed-41544c53,add-500,renderer_scene_membership_changes_median,count,0,1.0
Atlas,1c2e54b3b8df+bench,SVG,instrument-2026-10-07T06-46-37.937Z,points-3000-seed-41544c53,add-500,renderer_scene_membership_changes_p95,count,0,1.0
Atlas,1c2e54b3b8df+bench,SVG,instrument-2026-10-07T06-46-37.937Z,points-3000-seed-41544c53,add-500,renderer_scene_membership_changes_max,count,0,1.0
Atlas,1c2e54b3b8df+bench,SVG,instrument-2026-10-07T06-46-37.937Z,points-3000-seed-41544c53,add-500,svg_attribute_writes_n,count,0,1
Atlas,1c2e54b3b8df+bench,SVG,instrument-2026-10-07T06-46-37.937Z,points-3000-seed-41544c53,add-500,svg_attribute_writes_median,count,0,4000.0
Atlas,1c2e54b3b8df+bench,SVG,instrument-2026-10-07T06-46-37.937Z,points-3000-seed-41544c53,add-500,svg_attribute_writes_p95,count,0,4000.0
Atlas,1c2e54b3b8df+bench,SVG,instrument-2026-10-07T06-46-37.937Z,points-3000-seed-41544c53,add-500,svg_attribute_writes_max,count,0,4000.0
Atlas,1c2e54b3b8df+bench,SVG,instrument-2026-10-07T06-46-37.937Z,points-3000-seed-41544c53,add-500,svg_attribute_removals_n,count,0,1
Atlas,1c2e54b3b8df+bench,SVG,instrument-2026-10-07T06-46-37.937Z,points-3000-seed-41544c53,add-500,svg_attribute_removals_median,count,0,500.0
Atlas,1c2e54b3b8df+bench,SVG,instrument-2026-10-07T06-46-37.937Z,points-3000-seed-41544c53,add-500,svg_attribute_removals_p95,count,0,500.0
Atlas,1c2e54b3b8df+bench,SVG,instrument-2026-10-07T06-46-37.937Z,points-3000-seed-41544c53,add-500,svg_attribute_removals_max,count,0,500.0
Atlas,1c2e54b3b8df+bench,SVG,instrument-2026-10-07T06-46-37.937Z,points-3000-seed-41544c53,add-500,renderer_calls_n,count,0,1
Atlas,1c2e54b3b8df+bench,SVG,instrument-2026-10-07T06-46-37.937Z,points-3000-seed-41544c53,add-500,renderer_calls_median,count,0,1.0
Atlas,1c2e54b3b8df+bench,SVG,instrument-2026-10-07T06-46-37.937Z,points-3000-seed-41544c53,add-500,renderer_calls_p95,count,0,1.0
Atlas,1c2e54b3b8df+bench,SVG,instrument-2026-10-07T06-46-37.937Z,points-3000-seed-41544c53,add-500,renderer_calls_max,count,0,1.0
Atlas,1c2e54b3b8df+bench,SVG,instrument-2026-10-07T06-46-37.937Z,points-3000-seed-41544c53,add-500,layout_rect_reads_n,count,0,1
Atlas,1c2e54b3b8df+bench,SVG,instrument-2026-10-07T06-46-37.937Z,points-3000-seed-41544c53,add-500,layout_rect_reads_median,count,0,0.0
Atlas,1c2e54b3b8df+bench,SVG,instrument-2026-10-07T06-46-37.937Z,points-3000-seed-41544c53,add-500,layout_rect_reads_p95,count,0,0.0
Atlas,1c2e54b3b8df+bench,SVG,instrument-2026-10-07T06-46-37.937Z,points-3000-seed-41544c53,add-500,layout_rect_reads_max,count,0,0.0
Atlas,1c2e54b3b8df+bench,SVG,instrument-2026-10-07T06-46-37.937Z,points-3000-seed-41544c53,add-500,instrumented_renderer_callback_ms_n,count,0,1
Atlas,1c2e54b3b8df+bench,SVG,instrument-2026-10-07T06-46-37.937Z,points-3000-seed-41544c53,add-500,instrumented_renderer_callback_ms_median,ms,0,2.7
Atlas,1c2e54b3b8df+bench,SVG,instrument-2026-10-07T06-46-37.937Z,points-3000-seed-41544c53,add-500,instrumented_renderer_callback_ms_p95,ms,0,2.7
Atlas,1c2e54b3b8df+bench,SVG,instrument-2026-10-07T06-46-37.937Z,points-3000-seed-41544c53,add-500,instrumented_renderer_callback_ms_max,ms,0,2.7
Atlas,1c2e54b3b8df+bench,SVG,instrument-2026-10-07T06-46-37.937Z,points-3000-seed-41544c53,add-500,cleanup_renderer_calls_n,count,0,1
Atlas,1c2e54b3b8df+bench,SVG,instrument-2026-10-07T06-46-37.937Z,points-3000-seed-41544c53,add-500,cleanup_renderer_calls_median,count,0,0.0
Atlas,1c2e54b3b8df+bench,SVG,instrument-2026-10-07T06-46-37.937Z,points-3000-seed-41544c53,add-500,cleanup_renderer_calls_p95,count,0,0.0
Atlas,1c2e54b3b8df+bench,SVG,instrument-2026-10-07T06-46-37.937Z,points-3000-seed-41544c53,add-500,cleanup_renderer_calls_max,count,0,0.0
Atlas,1c2e54b3b8df+bench,SVG,instrument-2026-10-07T06-46-37.937Z,points-3000-seed-41544c53,add-500,cleanup_stage_children_n,count,0,1
Atlas,1c2e54b3b8df+bench,SVG,instrument-2026-10-07T06-46-37.937Z,points-3000-seed-41544c53,add-500,cleanup_stage_children_median,count,0,0.0
Atlas,1c2e54b3b8df+bench,SVG,instrument-2026-10-07T06-46-37.937Z,points-3000-seed-41544c53,add-500,cleanup_stage_children_p95,count,0,0.0
Atlas,1c2e54b3b8df+bench,SVG,instrument-2026-10-07T06-46-37.937Z,points-3000-seed-41544c53,add-500,cleanup_stage_children_max,count,0,0.0
Atlas,1c2e54b3b8df+bench,SVG,instrument-2026-10-07T06-46-37.937Z,points-3000-seed-41544c53,add-1000,operation_sync_ms_n,count,0,1
Atlas,1c2e54b3b8df+bench,SVG,instrument-2026-10-07T06-46-37.937Z,points-3000-seed-41544c53,add-1000,operation_sync_ms_median,ms,0,282.9
Atlas,1c2e54b3b8df+bench,SVG,instrument-2026-10-07T06-46-37.937Z,points-3000-seed-41544c53,add-1000,operation_sync_ms_p95,ms,0,282.9
Atlas,1c2e54b3b8df+bench,SVG,instrument-2026-10-07T06-46-37.937Z,points-3000-seed-41544c53,add-1000,operation_sync_ms_max,ms,0,282.9
Atlas,1c2e54b3b8df+bench,SVG,instrument-2026-10-07T06-46-37.937Z,points-3000-seed-41544c53,add-1000,cumulative_operation_ms_n,count,0,10
Atlas,1c2e54b3b8df+bench,SVG,instrument-2026-10-07T06-46-37.937Z,points-3000-seed-41544c53,add-1000,cumulative_operation_ms_median,ms,0,146.5
Atlas,1c2e54b3b8df+bench,SVG,instrument-2026-10-07T06-46-37.937Z,points-3000-seed-41544c53,add-1000,cumulative_operation_ms_p95,ms,0,282.9
Atlas,1c2e54b3b8df+bench,SVG,instrument-2026-10-07T06-46-37.937Z,points-3000-seed-41544c53,add-1000,cumulative_operation_ms_max,ms,0,282.9
Atlas,1c2e54b3b8df+bench,SVG,instrument-2026-10-07T06-46-37.937Z,points-3000-seed-41544c53,add-1000,operation_to_raf_opportunities_ms_n,count,0,1
Atlas,1c2e54b3b8df+bench,SVG,instrument-2026-10-07T06-46-37.937Z,points-3000-seed-41544c53,add-1000,operation_to_raf_opportunities_ms_median,ms,0,303.8
Atlas,1c2e54b3b8df+bench,SVG,instrument-2026-10-07T06-46-37.937Z,points-3000-seed-41544c53,add-1000,operation_to_raf_opportunities_ms_p95,ms,0,303.8
Atlas,1c2e54b3b8df+bench,SVG,instrument-2026-10-07T06-46-37.937Z,points-3000-seed-41544c53,add-1000,operation_to_raf_opportunities_ms_max,ms,0,303.8
Atlas,1c2e54b3b8df+bench,SVG,instrument-2026-10-07T06-46-37.937Z,points-3000-seed-41544c53,add-1000,root_iterator_creations_n,count,0,1
Atlas,1c2e54b3b8df+bench,SVG,instrument-2026-10-07T06-46-37.937Z,points-3000-seed-41544c53,add-1000,root_iterator_creations_median,count,0,1002.0
Atlas,1c2e54b3b8df+bench,SVG,instrument-2026-10-07T06-46-37.937Z,points-3000-seed-41544c53,add-1000,root_iterator_creations_p95,count,0,1002.0
Atlas,1c2e54b3b8df+bench,SVG,instrument-2026-10-07T06-46-37.937Z,points-3000-seed-41544c53,add-1000,root_iterator_creations_max,count,0,1002.0
Atlas,1c2e54b3b8df+bench,SVG,instrument-2026-10-07T06-46-37.937Z,points-3000-seed-41544c53,add-1000,root_iterator_next_calls_n,count,0,1
Atlas,1c2e54b3b8df+bench,SVG,instrument-2026-10-07T06-46-37.937Z,points-3000-seed-41544c53,add-1000,root_iterator_next_calls_median,count,0,3507502.0
Atlas,1c2e54b3b8df+bench,SVG,instrument-2026-10-07T06-46-37.937Z,points-3000-seed-41544c53,add-1000,root_iterator_next_calls_p95,count,0,3507502.0
Atlas,1c2e54b3b8df+bench,SVG,instrument-2026-10-07T06-46-37.937Z,points-3000-seed-41544c53,add-1000,root_iterator_next_calls_max,count,0,3507502.0
Atlas,1c2e54b3b8df+bench,SVG,instrument-2026-10-07T06-46-37.937Z,points-3000-seed-41544c53,add-1000,renderer_scene_reads_n,count,0,1
Atlas,1c2e54b3b8df+bench,SVG,instrument-2026-10-07T06-46-37.937Z,points-3000-seed-41544c53,add-1000,renderer_scene_reads_median,count,0,1.0
Atlas,1c2e54b3b8df+bench,SVG,instrument-2026-10-07T06-46-37.937Z,points-3000-seed-41544c53,add-1000,renderer_scene_reads_p95,count,0,1.0
Atlas,1c2e54b3b8df+bench,SVG,instrument-2026-10-07T06-46-37.937Z,points-3000-seed-41544c53,add-1000,renderer_scene_reads_max,count,0,1.0
Atlas,1c2e54b3b8df+bench,SVG,instrument-2026-10-07T06-46-37.937Z,points-3000-seed-41544c53,add-1000,renderer_scene_membership_changes_n,count,0,1
Atlas,1c2e54b3b8df+bench,SVG,instrument-2026-10-07T06-46-37.937Z,points-3000-seed-41544c53,add-1000,renderer_scene_membership_changes_median,count,0,1.0
Atlas,1c2e54b3b8df+bench,SVG,instrument-2026-10-07T06-46-37.937Z,points-3000-seed-41544c53,add-1000,renderer_scene_membership_changes_p95,count,0,1.0
Atlas,1c2e54b3b8df+bench,SVG,instrument-2026-10-07T06-46-37.937Z,points-3000-seed-41544c53,add-1000,renderer_scene_membership_changes_max,count,0,1.0
Atlas,1c2e54b3b8df+bench,SVG,instrument-2026-10-07T06-46-37.937Z,points-3000-seed-41544c53,add-1000,svg_attribute_writes_n,count,0,1
Atlas,1c2e54b3b8df+bench,SVG,instrument-2026-10-07T06-46-37.937Z,points-3000-seed-41544c53,add-1000,svg_attribute_writes_median,count,0,8000.0
Atlas,1c2e54b3b8df+bench,SVG,instrument-2026-10-07T06-46-37.937Z,points-3000-seed-41544c53,add-1000,svg_attribute_writes_p95,count,0,8000.0
Atlas,1c2e54b3b8df+bench,SVG,instrument-2026-10-07T06-46-37.937Z,points-3000-seed-41544c53,add-1000,svg_attribute_writes_max,count,0,8000.0
Atlas,1c2e54b3b8df+bench,SVG,instrument-2026-10-07T06-46-37.937Z,points-3000-seed-41544c53,add-1000,svg_attribute_removals_n,count,0,1
Atlas,1c2e54b3b8df+bench,SVG,instrument-2026-10-07T06-46-37.937Z,points-3000-seed-41544c53,add-1000,svg_attribute_removals_median,count,0,1000.0
Atlas,1c2e54b3b8df+bench,SVG,instrument-2026-10-07T06-46-37.937Z,points-3000-seed-41544c53,add-1000,svg_attribute_removals_p95,count,0,1000.0
Atlas,1c2e54b3b8df+bench,SVG,instrument-2026-10-07T06-46-37.937Z,points-3000-seed-41544c53,add-1000,svg_attribute_removals_max,count,0,1000.0
Atlas,1c2e54b3b8df+bench,SVG,instrument-2026-10-07T06-46-37.937Z,points-3000-seed-41544c53,add-1000,renderer_calls_n,count,0,1
Atlas,1c2e54b3b8df+bench,SVG,instrument-2026-10-07T06-46-37.937Z,points-3000-seed-41544c53,add-1000,renderer_calls_median,count,0,1.0
Atlas,1c2e54b3b8df+bench,SVG,instrument-2026-10-07T06-46-37.937Z,points-3000-seed-41544c53,add-1000,renderer_calls_p95,count,0,1.0
Atlas,1c2e54b3b8df+bench,SVG,instrument-2026-10-07T06-46-37.937Z,points-3000-seed-41544c53,add-1000,renderer_calls_max,count,0,1.0
Atlas,1c2e54b3b8df+bench,SVG,instrument-2026-10-07T06-46-37.937Z,points-3000-seed-41544c53,add-1000,layout_rect_reads_n,count,0,1
Atlas,1c2e54b3b8df+bench,SVG,instrument-2026-10-07T06-46-37.937Z,points-3000-seed-41544c53,add-1000,layout_rect_reads_median,count,0,0.0
Atlas,1c2e54b3b8df+bench,SVG,instrument-2026-10-07T06-46-37.937Z,points-3000-seed-41544c53,add-1000,layout_rect_reads_p95,count,0,0.0
Atlas,1c2e54b3b8df+bench,SVG,instrument-2026-10-07T06-46-37.937Z,points-3000-seed-41544c53,add-1000,layout_rect_reads_max,count,0,0.0
Atlas,1c2e54b3b8df+bench,SVG,instrument-2026-10-07T06-46-37.937Z,points-3000-seed-41544c53,add-1000,instrumented_renderer_callback_ms_n,count,0,1
Atlas,1c2e54b3b8df+bench,SVG,instrument-2026-10-07T06-46-37.937Z,points-3000-seed-41544c53,add-1000,instrumented_renderer_callback_ms_median,ms,0,4.7
Atlas,1c2e54b3b8df+bench,SVG,instrument-2026-10-07T06-46-37.937Z,points-3000-seed-41544c53,add-1000,instrumented_renderer_callback_ms_p95,ms,0,4.7
Atlas,1c2e54b3b8df+bench,SVG,instrument-2026-10-07T06-46-37.937Z,points-3000-seed-41544c53,add-1000,instrumented_renderer_callback_ms_max,ms,0,4.7
Atlas,1c2e54b3b8df+bench,SVG,instrument-2026-10-07T06-46-37.937Z,points-3000-seed-41544c53,add-1000,cleanup_renderer_calls_n,count,0,1
Atlas,1c2e54b3b8df+bench,SVG,instrument-2026-10-07T06-46-37.937Z,points-3000-seed-41544c53,add-1000,cleanup_renderer_calls_median,count,0,0.0
Atlas,1c2e54b3b8df+bench,SVG,instrument-2026-10-07T06-46-37.937Z,points-3000-seed-41544c53,add-1000,cleanup_renderer_calls_p95,count,0,0.0
Atlas,1c2e54b3b8df+bench,SVG,instrument-2026-10-07T06-46-37.937Z,points-3000-seed-41544c53,add-1000,cleanup_renderer_calls_max,count,0,0.0
Atlas,1c2e54b3b8df+bench,SVG,instrument-2026-10-07T06-46-37.937Z,points-3000-seed-41544c53,add-1000,cleanup_stage_children_n,count,0,1
Atlas,1c2e54b3b8df+bench,SVG,instrument-2026-10-07T06-46-37.937Z,points-3000-seed-41544c53,add-1000,cleanup_stage_children_median,count,0,0.0
Atlas,1c2e54b3b8df+bench,SVG,instrument-2026-10-07T06-46-37.937Z,points-3000-seed-41544c53,add-1000,cleanup_stage_children_p95,count,0,0.0
Atlas,1c2e54b3b8df+bench,SVG,instrument-2026-10-07T06-46-37.937Z,points-3000-seed-41544c53,add-1000,cleanup_stage_children_max,count,0,0.0
Atlas,1c2e54b3b8df+bench,SVG,instrument-2026-10-07T06-46-37.937Z,points-3000-seed-41544c53,remove-100,operation_sync_ms_n,count,0,1
Atlas,1c2e54b3b8df+bench,SVG,instrument-2026-10-07T06-46-37.937Z,points-3000-seed-41544c53,remove-100,operation_sync_ms_median,ms,0,28.7
Atlas,1c2e54b3b8df+bench,SVG,instrument-2026-10-07T06-46-37.937Z,points-3000-seed-41544c53,remove-100,operation_sync_ms_p95,ms,0,28.7
Atlas,1c2e54b3b8df+bench,SVG,instrument-2026-10-07T06-46-37.937Z,points-3000-seed-41544c53,remove-100,operation_sync_ms_max,ms,0,28.7
Atlas,1c2e54b3b8df+bench,SVG,instrument-2026-10-07T06-46-37.937Z,points-3000-seed-41544c53,remove-100,cumulative_operation_ms_n,count,0,1
Atlas,1c2e54b3b8df+bench,SVG,instrument-2026-10-07T06-46-37.937Z,points-3000-seed-41544c53,remove-100,cumulative_operation_ms_median,ms,0,28.7
Atlas,1c2e54b3b8df+bench,SVG,instrument-2026-10-07T06-46-37.937Z,points-3000-seed-41544c53,remove-100,cumulative_operation_ms_p95,ms,0,28.7
Atlas,1c2e54b3b8df+bench,SVG,instrument-2026-10-07T06-46-37.937Z,points-3000-seed-41544c53,remove-100,cumulative_operation_ms_max,ms,0,28.7
Atlas,1c2e54b3b8df+bench,SVG,instrument-2026-10-07T06-46-37.937Z,points-3000-seed-41544c53,remove-100,operation_to_raf_opportunities_ms_n,count,0,1
Atlas,1c2e54b3b8df+bench,SVG,instrument-2026-10-07T06-46-37.937Z,points-3000-seed-41544c53,remove-100,operation_to_raf_opportunities_ms_median,ms,0,42.0
Atlas,1c2e54b3b8df+bench,SVG,instrument-2026-10-07T06-46-37.937Z,points-3000-seed-41544c53,remove-100,operation_to_raf_opportunities_ms_p95,ms,0,42.0
Atlas,1c2e54b3b8df+bench,SVG,instrument-2026-10-07T06-46-37.937Z,points-3000-seed-41544c53,remove-100,operation_to_raf_opportunities_ms_max,ms,0,42.0
Atlas,1c2e54b3b8df+bench,SVG,instrument-2026-10-07T06-46-37.937Z,points-3000-seed-41544c53,remove-100,root_iterator_creations_n,count,0,1
Atlas,1c2e54b3b8df+bench,SVG,instrument-2026-10-07T06-46-37.937Z,points-3000-seed-41544c53,remove-100,root_iterator_creations_median,count,0,102.0
Atlas,1c2e54b3b8df+bench,SVG,instrument-2026-10-07T06-46-37.937Z,points-3000-seed-41544c53,remove-100,root_iterator_creations_p95,count,0,102.0
Atlas,1c2e54b3b8df+bench,SVG,instrument-2026-10-07T06-46-37.937Z,points-3000-seed-41544c53,remove-100,root_iterator_creations_max,count,0,102.0
Atlas,1c2e54b3b8df+bench,SVG,instrument-2026-10-07T06-46-37.937Z,points-3000-seed-41544c53,remove-100,root_iterator_next_calls_n,count,0,1
Atlas,1c2e54b3b8df+bench,SVG,instrument-2026-10-07T06-46-37.937Z,points-3000-seed-41544c53,remove-100,root_iterator_next_calls_median,count,0,300952.0
Atlas,1c2e54b3b8df+bench,SVG,instrument-2026-10-07T06-46-37.937Z,points-3000-seed-41544c53,remove-100,root_iterator_next_calls_p95,count,0,300952.0
Atlas,1c2e54b3b8df+bench,SVG,instrument-2026-10-07T06-46-37.937Z,points-3000-seed-41544c53,remove-100,root_iterator_next_calls_max,count,0,300952.0
Atlas,1c2e54b3b8df+bench,SVG,instrument-2026-10-07T06-46-37.937Z,points-3000-seed-41544c53,remove-100,renderer_scene_reads_n,count,0,1
Atlas,1c2e54b3b8df+bench,SVG,instrument-2026-10-07T06-46-37.937Z,points-3000-seed-41544c53,remove-100,renderer_scene_reads_median,count,0,1.0
Atlas,1c2e54b3b8df+bench,SVG,instrument-2026-10-07T06-46-37.937Z,points-3000-seed-41544c53,remove-100,renderer_scene_reads_p95,count,0,1.0
Atlas,1c2e54b3b8df+bench,SVG,instrument-2026-10-07T06-46-37.937Z,points-3000-seed-41544c53,remove-100,renderer_scene_reads_max,count,0,1.0
Atlas,1c2e54b3b8df+bench,SVG,instrument-2026-10-07T06-46-37.937Z,points-3000-seed-41544c53,remove-100,renderer_scene_membership_changes_n,count,0,1
Atlas,1c2e54b3b8df+bench,SVG,instrument-2026-10-07T06-46-37.937Z,points-3000-seed-41544c53,remove-100,renderer_scene_membership_changes_median,count,0,1.0
Atlas,1c2e54b3b8df+bench,SVG,instrument-2026-10-07T06-46-37.937Z,points-3000-seed-41544c53,remove-100,renderer_scene_membership_changes_p95,count,0,1.0
Atlas,1c2e54b3b8df+bench,SVG,instrument-2026-10-07T06-46-37.937Z,points-3000-seed-41544c53,remove-100,renderer_scene_membership_changes_max,count,0,1.0
Atlas,1c2e54b3b8df+bench,SVG,instrument-2026-10-07T06-46-37.937Z,points-3000-seed-41544c53,remove-100,renderer_calls_n,count,0,1
Atlas,1c2e54b3b8df+bench,SVG,instrument-2026-10-07T06-46-37.937Z,points-3000-seed-41544c53,remove-100,renderer_calls_median,count,0,1.0
Atlas,1c2e54b3b8df+bench,SVG,instrument-2026-10-07T06-46-37.937Z,points-3000-seed-41544c53,remove-100,renderer_calls_p95,count,0,1.0
Atlas,1c2e54b3b8df+bench,SVG,instrument-2026-10-07T06-46-37.937Z,points-3000-seed-41544c53,remove-100,renderer_calls_max,count,0,1.0
Atlas,1c2e54b3b8df+bench,SVG,instrument-2026-10-07T06-46-37.937Z,points-3000-seed-41544c53,remove-100,layout_rect_reads_n,count,0,1
Atlas,1c2e54b3b8df+bench,SVG,instrument-2026-10-07T06-46-37.937Z,points-3000-seed-41544c53,remove-100,layout_rect_reads_median,count,0,0.0
Atlas,1c2e54b3b8df+bench,SVG,instrument-2026-10-07T06-46-37.937Z,points-3000-seed-41544c53,remove-100,layout_rect_reads_p95,count,0,0.0
Atlas,1c2e54b3b8df+bench,SVG,instrument-2026-10-07T06-46-37.937Z,points-3000-seed-41544c53,remove-100,layout_rect_reads_max,count,0,0.0
Atlas,1c2e54b3b8df+bench,SVG,instrument-2026-10-07T06-46-37.937Z,points-3000-seed-41544c53,remove-100,instrumented_renderer_callback_ms_n,count,0,1
Atlas,1c2e54b3b8df+bench,SVG,instrument-2026-10-07T06-46-37.937Z,points-3000-seed-41544c53,remove-100,instrumented_renderer_callback_ms_median,ms,0,1.1
Atlas,1c2e54b3b8df+bench,SVG,instrument-2026-10-07T06-46-37.937Z,points-3000-seed-41544c53,remove-100,instrumented_renderer_callback_ms_p95,ms,0,1.1
Atlas,1c2e54b3b8df+bench,SVG,instrument-2026-10-07T06-46-37.937Z,points-3000-seed-41544c53,remove-100,instrumented_renderer_callback_ms_max,ms,0,1.1
Atlas,1c2e54b3b8df+bench,SVG,instrument-2026-10-07T06-46-37.937Z,points-3000-seed-41544c53,remove-100,cleanup_renderer_calls_n,count,0,1
Atlas,1c2e54b3b8df+bench,SVG,instrument-2026-10-07T06-46-37.937Z,points-3000-seed-41544c53,remove-100,cleanup_renderer_calls_median,count,0,0.0
Atlas,1c2e54b3b8df+bench,SVG,instrument-2026-10-07T06-46-37.937Z,points-3000-seed-41544c53,remove-100,cleanup_renderer_calls_p95,count,0,0.0
Atlas,1c2e54b3b8df+bench,SVG,instrument-2026-10-07T06-46-37.937Z,points-3000-seed-41544c53,remove-100,cleanup_renderer_calls_max,count,0,0.0
Atlas,1c2e54b3b8df+bench,SVG,instrument-2026-10-07T06-46-37.937Z,points-3000-seed-41544c53,remove-100,cleanup_stage_children_n,count,0,1
Atlas,1c2e54b3b8df+bench,SVG,instrument-2026-10-07T06-46-37.937Z,points-3000-seed-41544c53,remove-100,cleanup_stage_children_median,count,0,0.0
Atlas,1c2e54b3b8df+bench,SVG,instrument-2026-10-07T06-46-37.937Z,points-3000-seed-41544c53,remove-100,cleanup_stage_children_p95,count,0,0.0
Atlas,1c2e54b3b8df+bench,SVG,instrument-2026-10-07T06-46-37.937Z,points-3000-seed-41544c53,remove-100,cleanup_stage_children_max,count,0,0.0
Atlas,1c2e54b3b8df+bench,SVG,instrument-2026-10-07T06-46-37.937Z,points-3000-seed-41544c53,remove-500,operation_sync_ms_n,count,0,1
Atlas,1c2e54b3b8df+bench,SVG,instrument-2026-10-07T06-46-37.937Z,points-3000-seed-41544c53,remove-500,operation_sync_ms_median,ms,0,130.2
Atlas,1c2e54b3b8df+bench,SVG,instrument-2026-10-07T06-46-37.937Z,points-3000-seed-41544c53,remove-500,operation_sync_ms_p95,ms,0,130.2
Atlas,1c2e54b3b8df+bench,SVG,instrument-2026-10-07T06-46-37.937Z,points-3000-seed-41544c53,remove-500,operation_sync_ms_max,ms,0,130.2
Atlas,1c2e54b3b8df+bench,SVG,instrument-2026-10-07T06-46-37.937Z,points-3000-seed-41544c53,remove-500,cumulative_operation_ms_n,count,0,5
Atlas,1c2e54b3b8df+bench,SVG,instrument-2026-10-07T06-46-37.937Z,points-3000-seed-41544c53,remove-500,cumulative_operation_ms_median,ms,0,83.0
Atlas,1c2e54b3b8df+bench,SVG,instrument-2026-10-07T06-46-37.937Z,points-3000-seed-41544c53,remove-500,cumulative_operation_ms_p95,ms,0,130.2
Atlas,1c2e54b3b8df+bench,SVG,instrument-2026-10-07T06-46-37.937Z,points-3000-seed-41544c53,remove-500,cumulative_operation_ms_max,ms,0,130.2
Atlas,1c2e54b3b8df+bench,SVG,instrument-2026-10-07T06-46-37.937Z,points-3000-seed-41544c53,remove-500,operation_to_raf_opportunities_ms_n,count,0,1
Atlas,1c2e54b3b8df+bench,SVG,instrument-2026-10-07T06-46-37.937Z,points-3000-seed-41544c53,remove-500,operation_to_raf_opportunities_ms_median,ms,0,141.4
Atlas,1c2e54b3b8df+bench,SVG,instrument-2026-10-07T06-46-37.937Z,points-3000-seed-41544c53,remove-500,operation_to_raf_opportunities_ms_p95,ms,0,141.4
Atlas,1c2e54b3b8df+bench,SVG,instrument-2026-10-07T06-46-37.937Z,points-3000-seed-41544c53,remove-500,operation_to_raf_opportunities_ms_max,ms,0,141.4
Atlas,1c2e54b3b8df+bench,SVG,instrument-2026-10-07T06-46-37.937Z,points-3000-seed-41544c53,remove-500,root_iterator_creations_n,count,0,1
Atlas,1c2e54b3b8df+bench,SVG,instrument-2026-10-07T06-46-37.937Z,points-3000-seed-41544c53,remove-500,root_iterator_creations_median,count,0,502.0
Atlas,1c2e54b3b8df+bench,SVG,instrument-2026-10-07T06-46-37.937Z,points-3000-seed-41544c53,remove-500,root_iterator_creations_p95,count,0,502.0
Atlas,1c2e54b3b8df+bench,SVG,instrument-2026-10-07T06-46-37.937Z,points-3000-seed-41544c53,remove-500,root_iterator_creations_max,count,0,502.0
Atlas,1c2e54b3b8df+bench,SVG,instrument-2026-10-07T06-46-37.937Z,points-3000-seed-41544c53,remove-500,root_iterator_next_calls_n,count,0,1
Atlas,1c2e54b3b8df+bench,SVG,instrument-2026-10-07T06-46-37.937Z,points-3000-seed-41544c53,remove-500,root_iterator_next_calls_median,count,0,1380752.0
Atlas,1c2e54b3b8df+bench,SVG,instrument-2026-10-07T06-46-37.937Z,points-3000-seed-41544c53,remove-500,root_iterator_next_calls_p95,count,0,1380752.0
Atlas,1c2e54b3b8df+bench,SVG,instrument-2026-10-07T06-46-37.937Z,points-3000-seed-41544c53,remove-500,root_iterator_next_calls_max,count,0,1380752.0
Atlas,1c2e54b3b8df+bench,SVG,instrument-2026-10-07T06-46-37.937Z,points-3000-seed-41544c53,remove-500,renderer_scene_reads_n,count,0,1
Atlas,1c2e54b3b8df+bench,SVG,instrument-2026-10-07T06-46-37.937Z,points-3000-seed-41544c53,remove-500,renderer_scene_reads_median,count,0,1.0
Atlas,1c2e54b3b8df+bench,SVG,instrument-2026-10-07T06-46-37.937Z,points-3000-seed-41544c53,remove-500,renderer_scene_reads_p95,count,0,1.0
Atlas,1c2e54b3b8df+bench,SVG,instrument-2026-10-07T06-46-37.937Z,points-3000-seed-41544c53,remove-500,renderer_scene_reads_max,count,0,1.0
Atlas,1c2e54b3b8df+bench,SVG,instrument-2026-10-07T06-46-37.937Z,points-3000-seed-41544c53,remove-500,renderer_scene_membership_changes_n,count,0,1
Atlas,1c2e54b3b8df+bench,SVG,instrument-2026-10-07T06-46-37.937Z,points-3000-seed-41544c53,remove-500,renderer_scene_membership_changes_median,count,0,1.0
Atlas,1c2e54b3b8df+bench,SVG,instrument-2026-10-07T06-46-37.937Z,points-3000-seed-41544c53,remove-500,renderer_scene_membership_changes_p95,count,0,1.0
Atlas,1c2e54b3b8df+bench,SVG,instrument-2026-10-07T06-46-37.937Z,points-3000-seed-41544c53,remove-500,renderer_scene_membership_changes_max,count,0,1.0
Atlas,1c2e54b3b8df+bench,SVG,instrument-2026-10-07T06-46-37.937Z,points-3000-seed-41544c53,remove-500,renderer_calls_n,count,0,1
Atlas,1c2e54b3b8df+bench,SVG,instrument-2026-10-07T06-46-37.937Z,points-3000-seed-41544c53,remove-500,renderer_calls_median,count,0,1.0
Atlas,1c2e54b3b8df+bench,SVG,instrument-2026-10-07T06-46-37.937Z,points-3000-seed-41544c53,remove-500,renderer_calls_p95,count,0,1.0
Atlas,1c2e54b3b8df+bench,SVG,instrument-2026-10-07T06-46-37.937Z,points-3000-seed-41544c53,remove-500,renderer_calls_max,count,0,1.0
Atlas,1c2e54b3b8df+bench,SVG,instrument-2026-10-07T06-46-37.937Z,points-3000-seed-41544c53,remove-500,layout_rect_reads_n,count,0,1
Atlas,1c2e54b3b8df+bench,SVG,instrument-2026-10-07T06-46-37.937Z,points-3000-seed-41544c53,remove-500,layout_rect_reads_median,count,0,0.0
Atlas,1c2e54b3b8df+bench,SVG,instrument-2026-10-07T06-46-37.937Z,points-3000-seed-41544c53,remove-500,layout_rect_reads_p95,count,0,0.0
Atlas,1c2e54b3b8df+bench,SVG,instrument-2026-10-07T06-46-37.937Z,points-3000-seed-41544c53,remove-500,layout_rect_reads_max,count,0,0.0
Atlas,1c2e54b3b8df+bench,SVG,instrument-2026-10-07T06-46-37.937Z,points-3000-seed-41544c53,remove-500,instrumented_renderer_callback_ms_n,count,0,1
Atlas,1c2e54b3b8df+bench,SVG,instrument-2026-10-07T06-46-37.937Z,points-3000-seed-41544c53,remove-500,instrumented_renderer_callback_ms_median,ms,0,1.2
Atlas,1c2e54b3b8df+bench,SVG,instrument-2026-10-07T06-46-37.937Z,points-3000-seed-41544c53,remove-500,instrumented_renderer_callback_ms_p95,ms,0,1.2
Atlas,1c2e54b3b8df+bench,SVG,instrument-2026-10-07T06-46-37.937Z,points-3000-seed-41544c53,remove-500,instrumented_renderer_callback_ms_max,ms,0,1.2
Atlas,1c2e54b3b8df+bench,SVG,instrument-2026-10-07T06-46-37.937Z,points-3000-seed-41544c53,remove-500,cleanup_renderer_calls_n,count,0,1
Atlas,1c2e54b3b8df+bench,SVG,instrument-2026-10-07T06-46-37.937Z,points-3000-seed-41544c53,remove-500,cleanup_renderer_calls_median,count,0,0.0
Atlas,1c2e54b3b8df+bench,SVG,instrument-2026-10-07T06-46-37.937Z,points-3000-seed-41544c53,remove-500,cleanup_renderer_calls_p95,count,0,0.0
Atlas,1c2e54b3b8df+bench,SVG,instrument-2026-10-07T06-46-37.937Z,points-3000-seed-41544c53,remove-500,cleanup_renderer_calls_max,count,0,0.0
Atlas,1c2e54b3b8df+bench,SVG,instrument-2026-10-07T06-46-37.937Z,points-3000-seed-41544c53,remove-500,cleanup_stage_children_n,count,0,1
Atlas,1c2e54b3b8df+bench,SVG,instrument-2026-10-07T06-46-37.937Z,points-3000-seed-41544c53,remove-500,cleanup_stage_children_median,count,0,0.0
Atlas,1c2e54b3b8df+bench,SVG,instrument-2026-10-07T06-46-37.937Z,points-3000-seed-41544c53,remove-500,cleanup_stage_children_p95,count,0,0.0
Atlas,1c2e54b3b8df+bench,SVG,instrument-2026-10-07T06-46-37.937Z,points-3000-seed-41544c53,remove-500,cleanup_stage_children_max,count,0,0.0
Atlas,1c2e54b3b8df+bench,SVG,instrument-2026-10-07T06-46-37.937Z,points-3000-seed-41544c53,remove-1000,operation_sync_ms_n,count,0,1
Atlas,1c2e54b3b8df+bench,SVG,instrument-2026-10-07T06-46-37.937Z,points-3000-seed-41544c53,remove-1000,operation_sync_ms_median,ms,0,244.5
Atlas,1c2e54b3b8df+bench,SVG,instrument-2026-10-07T06-46-37.937Z,points-3000-seed-41544c53,remove-1000,operation_sync_ms_p95,ms,0,244.5
Atlas,1c2e54b3b8df+bench,SVG,instrument-2026-10-07T06-46-37.937Z,points-3000-seed-41544c53,remove-1000,operation_sync_ms_max,ms,0,244.5
Atlas,1c2e54b3b8df+bench,SVG,instrument-2026-10-07T06-46-37.937Z,points-3000-seed-41544c53,remove-1000,cumulative_operation_ms_n,count,0,10
Atlas,1c2e54b3b8df+bench,SVG,instrument-2026-10-07T06-46-37.937Z,points-3000-seed-41544c53,remove-1000,cumulative_operation_ms_median,ms,0,151.65
Atlas,1c2e54b3b8df+bench,SVG,instrument-2026-10-07T06-46-37.937Z,points-3000-seed-41544c53,remove-1000,cumulative_operation_ms_p95,ms,0,244.5
Atlas,1c2e54b3b8df+bench,SVG,instrument-2026-10-07T06-46-37.937Z,points-3000-seed-41544c53,remove-1000,cumulative_operation_ms_max,ms,0,244.5
Atlas,1c2e54b3b8df+bench,SVG,instrument-2026-10-07T06-46-37.937Z,points-3000-seed-41544c53,remove-1000,operation_to_raf_opportunities_ms_n,count,0,1
Atlas,1c2e54b3b8df+bench,SVG,instrument-2026-10-07T06-46-37.937Z,points-3000-seed-41544c53,remove-1000,operation_to_raf_opportunities_ms_median,ms,0,256.2
Atlas,1c2e54b3b8df+bench,SVG,instrument-2026-10-07T06-46-37.937Z,points-3000-seed-41544c53,remove-1000,operation_to_raf_opportunities_ms_p95,ms,0,256.2
Atlas,1c2e54b3b8df+bench,SVG,instrument-2026-10-07T06-46-37.937Z,points-3000-seed-41544c53,remove-1000,operation_to_raf_opportunities_ms_max,ms,0,256.2
Atlas,1c2e54b3b8df+bench,SVG,instrument-2026-10-07T06-46-37.937Z,points-3000-seed-41544c53,remove-1000,root_iterator_creations_n,count,0,1
Atlas,1c2e54b3b8df+bench,SVG,instrument-2026-10-07T06-46-37.937Z,points-3000-seed-41544c53,remove-1000,root_iterator_creations_median,count,0,1002.0
Atlas,1c2e54b3b8df+bench,SVG,instrument-2026-10-07T06-46-37.937Z,points-3000-seed-41544c53,remove-1000,root_iterator_creations_p95,count,0,1002.0
Atlas,1c2e54b3b8df+bench,SVG,instrument-2026-10-07T06-46-37.937Z,points-3000-seed-41544c53,remove-1000,root_iterator_creations_max,count,0,1002.0
Atlas,1c2e54b3b8df+bench,SVG,instrument-2026-10-07T06-46-37.937Z,points-3000-seed-41544c53,remove-1000,root_iterator_next_calls_n,count,0,1
Atlas,1c2e54b3b8df+bench,SVG,instrument-2026-10-07T06-46-37.937Z,points-3000-seed-41544c53,remove-1000,root_iterator_next_calls_median,count,0,2505502.0
Atlas,1c2e54b3b8df+bench,SVG,instrument-2026-10-07T06-46-37.937Z,points-3000-seed-41544c53,remove-1000,root_iterator_next_calls_p95,count,0,2505502.0
Atlas,1c2e54b3b8df+bench,SVG,instrument-2026-10-07T06-46-37.937Z,points-3000-seed-41544c53,remove-1000,root_iterator_next_calls_max,count,0,2505502.0
Atlas,1c2e54b3b8df+bench,SVG,instrument-2026-10-07T06-46-37.937Z,points-3000-seed-41544c53,remove-1000,renderer_scene_reads_n,count,0,1
Atlas,1c2e54b3b8df+bench,SVG,instrument-2026-10-07T06-46-37.937Z,points-3000-seed-41544c53,remove-1000,renderer_scene_reads_median,count,0,1.0
Atlas,1c2e54b3b8df+bench,SVG,instrument-2026-10-07T06-46-37.937Z,points-3000-seed-41544c53,remove-1000,renderer_scene_reads_p95,count,0,1.0
Atlas,1c2e54b3b8df+bench,SVG,instrument-2026-10-07T06-46-37.937Z,points-3000-seed-41544c53,remove-1000,renderer_scene_reads_max,count,0,1.0
Atlas,1c2e54b3b8df+bench,SVG,instrument-2026-10-07T06-46-37.937Z,points-3000-seed-41544c53,remove-1000,renderer_scene_membership_changes_n,count,0,1
Atlas,1c2e54b3b8df+bench,SVG,instrument-2026-10-07T06-46-37.937Z,points-3000-seed-41544c53,remove-1000,renderer_scene_membership_changes_median,count,0,1.0
Atlas,1c2e54b3b8df+bench,SVG,instrument-2026-10-07T06-46-37.937Z,points-3000-seed-41544c53,remove-1000,renderer_scene_membership_changes_p95,count,0,1.0
Atlas,1c2e54b3b8df+bench,SVG,instrument-2026-10-07T06-46-37.937Z,points-3000-seed-41544c53,remove-1000,renderer_scene_membership_changes_max,count,0,1.0
Atlas,1c2e54b3b8df+bench,SVG,instrument-2026-10-07T06-46-37.937Z,points-3000-seed-41544c53,remove-1000,renderer_calls_n,count,0,1
Atlas,1c2e54b3b8df+bench,SVG,instrument-2026-10-07T06-46-37.937Z,points-3000-seed-41544c53,remove-1000,renderer_calls_median,count,0,1.0
Atlas,1c2e54b3b8df+bench,SVG,instrument-2026-10-07T06-46-37.937Z,points-3000-seed-41544c53,remove-1000,renderer_calls_p95,count,0,1.0
Atlas,1c2e54b3b8df+bench,SVG,instrument-2026-10-07T06-46-37.937Z,points-3000-seed-41544c53,remove-1000,renderer_calls_max,count,0,1.0
Atlas,1c2e54b3b8df+bench,SVG,instrument-2026-10-07T06-46-37.937Z,points-3000-seed-41544c53,remove-1000,layout_rect_reads_n,count,0,1
Atlas,1c2e54b3b8df+bench,SVG,instrument-2026-10-07T06-46-37.937Z,points-3000-seed-41544c53,remove-1000,layout_rect_reads_median,count,0,0.0
Atlas,1c2e54b3b8df+bench,SVG,instrument-2026-10-07T06-46-37.937Z,points-3000-seed-41544c53,remove-1000,layout_rect_reads_p95,count,0,0.0
Atlas,1c2e54b3b8df+bench,SVG,instrument-2026-10-07T06-46-37.937Z,points-3000-seed-41544c53,remove-1000,layout_rect_reads_max,count,0,0.0
Atlas,1c2e54b3b8df+bench,SVG,instrument-2026-10-07T06-46-37.937Z,points-3000-seed-41544c53,remove-1000,instrumented_renderer_callback_ms_n,count,0,1
Atlas,1c2e54b3b8df+bench,SVG,instrument-2026-10-07T06-46-37.937Z,points-3000-seed-41544c53,remove-1000,instrumented_renderer_callback_ms_median,ms,0,2.2
Atlas,1c2e54b3b8df+bench,SVG,instrument-2026-10-07T06-46-37.937Z,points-3000-seed-41544c53,remove-1000,instrumented_renderer_callback_ms_p95,ms,0,2.2
Atlas,1c2e54b3b8df+bench,SVG,instrument-2026-10-07T06-46-37.937Z,points-3000-seed-41544c53,remove-1000,instrumented_renderer_callback_ms_max,ms,0,2.2
Atlas,1c2e54b3b8df+bench,SVG,instrument-2026-10-07T06-46-37.937Z,points-3000-seed-41544c53,remove-1000,cleanup_renderer_calls_n,count,0,1
Atlas,1c2e54b3b8df+bench,SVG,instrument-2026-10-07T06-46-37.937Z,points-3000-seed-41544c53,remove-1000,cleanup_renderer_calls_median,count,0,0.0
Atlas,1c2e54b3b8df+bench,SVG,instrument-2026-10-07T06-46-37.937Z,points-3000-seed-41544c53,remove-1000,cleanup_renderer_calls_p95,count,0,0.0
Atlas,1c2e54b3b8df+bench,SVG,instrument-2026-10-07T06-46-37.937Z,points-3000-seed-41544c53,remove-1000,cleanup_renderer_calls_max,count,0,0.0
Atlas,1c2e54b3b8df+bench,SVG,instrument-2026-10-07T06-46-37.937Z,points-3000-seed-41544c53,remove-1000,cleanup_stage_children_n,count,0,1
Atlas,1c2e54b3b8df+bench,SVG,instrument-2026-10-07T06-46-37.937Z,points-3000-seed-41544c53,remove-1000,cleanup_stage_children_median,count,0,0.0
Atlas,1c2e54b3b8df+bench,SVG,instrument-2026-10-07T06-46-37.937Z,points-3000-seed-41544c53,remove-1000,cleanup_stage_children_p95,count,0,0.0
Atlas,1c2e54b3b8df+bench,SVG,instrument-2026-10-07T06-46-37.937Z,points-3000-seed-41544c53,remove-1000,cleanup_stage_children_max,count,0,0.0
Atlas,1c2e54b3b8df+bench,SVG,instrument-2026-10-07T06-46-37.937Z,points-3000-seed-41544c53,wheel-input,synthetic_wheel_dispatch_sync_ms_n,count,0,10
Atlas,1c2e54b3b8df+bench,SVG,instrument-2026-10-07T06-46-37.937Z,points-3000-seed-41544c53,wheel-input,synthetic_wheel_dispatch_sync_ms_median,ms,0,0.1
Atlas,1c2e54b3b8df+bench,SVG,instrument-2026-10-07T06-46-37.937Z,points-3000-seed-41544c53,wheel-input,synthetic_wheel_dispatch_sync_ms_p95,ms,0,0.2
Atlas,1c2e54b3b8df+bench,SVG,instrument-2026-10-07T06-46-37.937Z,points-3000-seed-41544c53,wheel-input,synthetic_wheel_dispatch_sync_ms_max,ms,0,0.2
Atlas,1c2e54b3b8df+bench,SVG,instrument-2026-10-07T06-46-37.937Z,points-3000-seed-41544c53,wheel-input,layout_rect_reads_n,count,0,1
Atlas,1c2e54b3b8df+bench,SVG,instrument-2026-10-07T06-46-37.937Z,points-3000-seed-41544c53,wheel-input,layout_rect_reads_median,count,0,52.0
Atlas,1c2e54b3b8df+bench,SVG,instrument-2026-10-07T06-46-37.937Z,points-3000-seed-41544c53,wheel-input,layout_rect_reads_p95,count,0,52.0
Atlas,1c2e54b3b8df+bench,SVG,instrument-2026-10-07T06-46-37.937Z,points-3000-seed-41544c53,wheel-input,layout_rect_reads_max,count,0,52.0
Atlas,1c2e54b3b8df+bench,SVG,instrument-2026-10-07T06-46-37.937Z,points-3000-seed-41544c53,wheel-input,renderer_scene_reads_n,count,0,1
Atlas,1c2e54b3b8df+bench,SVG,instrument-2026-10-07T06-46-37.937Z,points-3000-seed-41544c53,wheel-input,renderer_scene_reads_median,count,0,10.0
Atlas,1c2e54b3b8df+bench,SVG,instrument-2026-10-07T06-46-37.937Z,points-3000-seed-41544c53,wheel-input,renderer_scene_reads_p95,count,0,10.0
Atlas,1c2e54b3b8df+bench,SVG,instrument-2026-10-07T06-46-37.937Z,points-3000-seed-41544c53,wheel-input,renderer_scene_reads_max,count,0,10.0
Atlas,1c2e54b3b8df+bench,SVG,instrument-2026-10-07T06-46-37.937Z,points-3000-seed-41544c53,wheel-input,svg_attribute_writes_n,count,0,1
Atlas,1c2e54b3b8df+bench,SVG,instrument-2026-10-07T06-46-37.937Z,points-3000-seed-41544c53,wheel-input,svg_attribute_writes_median,count,0,30010.0
Atlas,1c2e54b3b8df+bench,SVG,instrument-2026-10-07T06-46-37.937Z,points-3000-seed-41544c53,wheel-input,svg_attribute_writes_p95,count,0,30010.0
Atlas,1c2e54b3b8df+bench,SVG,instrument-2026-10-07T06-46-37.937Z,points-3000-seed-41544c53,wheel-input,svg_attribute_writes_max,count,0,30010.0
Atlas,1c2e54b3b8df+bench,SVG,instrument-2026-10-07T06-46-37.937Z,points-3000-seed-41544c53,wheel-input,renderer_calls_n,count,0,1
Atlas,1c2e54b3b8df+bench,SVG,instrument-2026-10-07T06-46-37.937Z,points-3000-seed-41544c53,wheel-input,renderer_calls_median,count,0,10.0
Atlas,1c2e54b3b8df+bench,SVG,instrument-2026-10-07T06-46-37.937Z,points-3000-seed-41544c53,wheel-input,renderer_calls_p95,count,0,10.0
Atlas,1c2e54b3b8df+bench,SVG,instrument-2026-10-07T06-46-37.937Z,points-3000-seed-41544c53,wheel-input,renderer_calls_max,count,0,10.0
Atlas,1c2e54b3b8df+bench,SVG,instrument-2026-10-07T06-46-37.937Z,points-3000-seed-41544c53,wheel-input,instrumented_renderer_callback_ms_n,count,0,10
Atlas,1c2e54b3b8df+bench,SVG,instrument-2026-10-07T06-46-37.937Z,points-3000-seed-41544c53,wheel-input,instrumented_renderer_callback_ms_median,ms,0,1.2
Atlas,1c2e54b3b8df+bench,SVG,instrument-2026-10-07T06-46-37.937Z,points-3000-seed-41544c53,wheel-input,instrumented_renderer_callback_ms_p95,ms,0,1.9
Atlas,1c2e54b3b8df+bench,SVG,instrument-2026-10-07T06-46-37.937Z,points-3000-seed-41544c53,wheel-input,instrumented_renderer_callback_ms_max,ms,0,1.9
Atlas,1c2e54b3b8df+bench,SVG,instrument-2026-10-07T06-46-37.937Z,points-3000-seed-41544c53,wheel-input,cleanup_renderer_calls_n,count,0,1
Atlas,1c2e54b3b8df+bench,SVG,instrument-2026-10-07T06-46-37.937Z,points-3000-seed-41544c53,wheel-input,cleanup_renderer_calls_median,count,0,0.0
Atlas,1c2e54b3b8df+bench,SVG,instrument-2026-10-07T06-46-37.937Z,points-3000-seed-41544c53,wheel-input,cleanup_renderer_calls_p95,count,0,0.0
Atlas,1c2e54b3b8df+bench,SVG,instrument-2026-10-07T06-46-37.937Z,points-3000-seed-41544c53,wheel-input,cleanup_renderer_calls_max,count,0,0.0
Atlas,1c2e54b3b8df+bench,SVG,instrument-2026-10-07T06-46-37.937Z,points-3000-seed-41544c53,wheel-input,cleanup_stage_children_n,count,0,1
Atlas,1c2e54b3b8df+bench,SVG,instrument-2026-10-07T06-46-37.937Z,points-3000-seed-41544c53,wheel-input,cleanup_stage_children_median,count,0,0.0
Atlas,1c2e54b3b8df+bench,SVG,instrument-2026-10-07T06-46-37.937Z,points-3000-seed-41544c53,wheel-input,cleanup_stage_children_p95,count,0,0.0
Atlas,1c2e54b3b8df+bench,SVG,instrument-2026-10-07T06-46-37.937Z,points-3000-seed-41544c53,wheel-input,cleanup_stage_children_max,count,0,0.0
Atlas,1c2e54b3b8df+bench,SVG,instrument-2026-10-07T06-46-37.937Z,points-5000-seed-41544c53,load,load_promise_ms_n,count,0,1
Atlas,1c2e54b3b8df+bench,SVG,instrument-2026-10-07T06-46-37.937Z,points-5000-seed-41544c53,load,load_promise_ms_median,ms,0,16.9
Atlas,1c2e54b3b8df+bench,SVG,instrument-2026-10-07T06-46-37.937Z,points-5000-seed-41544c53,load,load_promise_ms_p95,ms,0,16.9
Atlas,1c2e54b3b8df+bench,SVG,instrument-2026-10-07T06-46-37.937Z,points-5000-seed-41544c53,load,load_promise_ms_max,ms,0,16.9
Atlas,1c2e54b3b8df+bench,SVG,instrument-2026-10-07T06-46-37.937Z,points-5000-seed-41544c53,load,create_to_raf_opportunities_ms_n,count,0,1
Atlas,1c2e54b3b8df+bench,SVG,instrument-2026-10-07T06-46-37.937Z,points-5000-seed-41544c53,load,create_to_raf_opportunities_ms_median,ms,0,113.8
Atlas,1c2e54b3b8df+bench,SVG,instrument-2026-10-07T06-46-37.937Z,points-5000-seed-41544c53,load,create_to_raf_opportunities_ms_p95,ms,0,113.8
Atlas,1c2e54b3b8df+bench,SVG,instrument-2026-10-07T06-46-37.937Z,points-5000-seed-41544c53,load,create_to_raf_opportunities_ms_max,ms,0,113.8
Atlas,1c2e54b3b8df+bench,SVG,instrument-2026-10-07T06-46-37.937Z,points-5000-seed-41544c53,load,semantic_roots_n,count,0,1
Atlas,1c2e54b3b8df+bench,SVG,instrument-2026-10-07T06-46-37.937Z,points-5000-seed-41544c53,load,semantic_roots_median,count,0,5000.0
Atlas,1c2e54b3b8df+bench,SVG,instrument-2026-10-07T06-46-37.937Z,points-5000-seed-41544c53,load,semantic_roots_p95,count,0,5000.0
Atlas,1c2e54b3b8df+bench,SVG,instrument-2026-10-07T06-46-37.937Z,points-5000-seed-41544c53,load,semantic_roots_max,count,0,5000.0
Atlas,1c2e54b3b8df+bench,SVG,instrument-2026-10-07T06-46-37.937Z,points-5000-seed-41544c53,load,owned_points_n,count,0,1
Atlas,1c2e54b3b8df+bench,SVG,instrument-2026-10-07T06-46-37.937Z,points-5000-seed-41544c53,load,owned_points_median,count,0,0.0
Atlas,1c2e54b3b8df+bench,SVG,instrument-2026-10-07T06-46-37.937Z,points-5000-seed-41544c53,load,owned_points_p95,count,0,0.0
Atlas,1c2e54b3b8df+bench,SVG,instrument-2026-10-07T06-46-37.937Z,points-5000-seed-41544c53,load,owned_points_max,count,0,0.0
Atlas,1c2e54b3b8df+bench,SVG,instrument-2026-10-07T06-46-37.937Z,points-5000-seed-41544c53,load,visual_primitives_n,count,0,1
Atlas,1c2e54b3b8df+bench,SVG,instrument-2026-10-07T06-46-37.937Z,points-5000-seed-41544c53,load,visual_primitives_median,count,0,5000.0
Atlas,1c2e54b3b8df+bench,SVG,instrument-2026-10-07T06-46-37.937Z,points-5000-seed-41544c53,load,visual_primitives_p95,count,0,5000.0
Atlas,1c2e54b3b8df+bench,SVG,instrument-2026-10-07T06-46-37.937Z,points-5000-seed-41544c53,load,visual_primitives_max,count,0,5000.0
Atlas,1c2e54b3b8df+bench,SVG,instrument-2026-10-07T06-46-37.937Z,points-5000-seed-41544c53,load,svg_element_nodes_n,count,0,1
Atlas,1c2e54b3b8df+bench,SVG,instrument-2026-10-07T06-46-37.937Z,points-5000-seed-41544c53,load,svg_element_nodes_median,count,0,10002.0
Atlas,1c2e54b3b8df+bench,SVG,instrument-2026-10-07T06-46-37.937Z,points-5000-seed-41544c53,load,svg_element_nodes_p95,count,0,10002.0
Atlas,1c2e54b3b8df+bench,SVG,instrument-2026-10-07T06-46-37.937Z,points-5000-seed-41544c53,load,svg_element_nodes_max,count,0,10002.0
Atlas,1c2e54b3b8df+bench,SVG,instrument-2026-10-07T06-46-37.937Z,points-5000-seed-41544c53,load,shadow_element_nodes_n,count,0,1
Atlas,1c2e54b3b8df+bench,SVG,instrument-2026-10-07T06-46-37.937Z,points-5000-seed-41544c53,load,shadow_element_nodes_median,count,0,10003.0
Atlas,1c2e54b3b8df+bench,SVG,instrument-2026-10-07T06-46-37.937Z,points-5000-seed-41544c53,load,shadow_element_nodes_p95,count,0,10003.0
Atlas,1c2e54b3b8df+bench,SVG,instrument-2026-10-07T06-46-37.937Z,points-5000-seed-41544c53,load,shadow_element_nodes_max,count,0,10003.0
Atlas,1c2e54b3b8df+bench,SVG,instrument-2026-10-07T06-46-37.937Z,points-5000-seed-41544c53,load,shadow_dom_nodes_n,count,0,1
Atlas,1c2e54b3b8df+bench,SVG,instrument-2026-10-07T06-46-37.937Z,points-5000-seed-41544c53,load,shadow_dom_nodes_median,count,0,10006.0
Atlas,1c2e54b3b8df+bench,SVG,instrument-2026-10-07T06-46-37.937Z,points-5000-seed-41544c53,load,shadow_dom_nodes_p95,count,0,10006.0
Atlas,1c2e54b3b8df+bench,SVG,instrument-2026-10-07T06-46-37.937Z,points-5000-seed-41544c53,load,shadow_dom_nodes_max,count,0,10006.0
Atlas,1c2e54b3b8df+bench,SVG,instrument-2026-10-07T06-46-37.937Z,points-5000-seed-41544c53,load,root_iterator_creations_n,count,0,1
Atlas,1c2e54b3b8df+bench,SVG,instrument-2026-10-07T06-46-37.937Z,points-5000-seed-41544c53,load,root_iterator_creations_median,count,0,4.0
Atlas,1c2e54b3b8df+bench,SVG,instrument-2026-10-07T06-46-37.937Z,points-5000-seed-41544c53,load,root_iterator_creations_p95,count,0,4.0
Atlas,1c2e54b3b8df+bench,SVG,instrument-2026-10-07T06-46-37.937Z,points-5000-seed-41544c53,load,root_iterator_creations_max,count,0,4.0
Atlas,1c2e54b3b8df+bench,SVG,instrument-2026-10-07T06-46-37.937Z,points-5000-seed-41544c53,load,root_iterator_next_calls_n,count,0,1
Atlas,1c2e54b3b8df+bench,SVG,instrument-2026-10-07T06-46-37.937Z,points-5000-seed-41544c53,load,root_iterator_next_calls_median,count,0,10004.0
Atlas,1c2e54b3b8df+bench,SVG,instrument-2026-10-07T06-46-37.937Z,points-5000-seed-41544c53,load,root_iterator_next_calls_p95,count,0,10004.0
Atlas,1c2e54b3b8df+bench,SVG,instrument-2026-10-07T06-46-37.937Z,points-5000-seed-41544c53,load,root_iterator_next_calls_max,count,0,10004.0
Atlas,1c2e54b3b8df+bench,SVG,instrument-2026-10-07T06-46-37.937Z,points-5000-seed-41544c53,load,svg_attribute_writes_n,count,0,1
Atlas,1c2e54b3b8df+bench,SVG,instrument-2026-10-07T06-46-37.937Z,points-5000-seed-41544c53,load,svg_attribute_writes_median,count,0,40007.0
Atlas,1c2e54b3b8df+bench,SVG,instrument-2026-10-07T06-46-37.937Z,points-5000-seed-41544c53,load,svg_attribute_writes_p95,count,0,40007.0
Atlas,1c2e54b3b8df+bench,SVG,instrument-2026-10-07T06-46-37.937Z,points-5000-seed-41544c53,load,svg_attribute_writes_max,count,0,40007.0
Atlas,1c2e54b3b8df+bench,SVG,instrument-2026-10-07T06-46-37.937Z,points-5000-seed-41544c53,load,renderer_calls_n,count,0,1
Atlas,1c2e54b3b8df+bench,SVG,instrument-2026-10-07T06-46-37.937Z,points-5000-seed-41544c53,load,renderer_calls_median,count,0,2.0
Atlas,1c2e54b3b8df+bench,SVG,instrument-2026-10-07T06-46-37.937Z,points-5000-seed-41544c53,load,renderer_calls_p95,count,0,2.0
Atlas,1c2e54b3b8df+bench,SVG,instrument-2026-10-07T06-46-37.937Z,points-5000-seed-41544c53,load,renderer_calls_max,count,0,2.0
Atlas,1c2e54b3b8df+bench,SVG,instrument-2026-10-07T06-46-37.937Z,points-5000-seed-41544c53,load,renderer_scene_reads_n,count,0,1
Atlas,1c2e54b3b8df+bench,SVG,instrument-2026-10-07T06-46-37.937Z,points-5000-seed-41544c53,load,renderer_scene_reads_median,count,0,2.0
Atlas,1c2e54b3b8df+bench,SVG,instrument-2026-10-07T06-46-37.937Z,points-5000-seed-41544c53,load,renderer_scene_reads_p95,count,0,2.0
Atlas,1c2e54b3b8df+bench,SVG,instrument-2026-10-07T06-46-37.937Z,points-5000-seed-41544c53,load,renderer_scene_reads_max,count,0,2.0
Atlas,1c2e54b3b8df+bench,SVG,instrument-2026-10-07T06-46-37.937Z,points-5000-seed-41544c53,load,svg_attribute_removals_n,count,0,1
Atlas,1c2e54b3b8df+bench,SVG,instrument-2026-10-07T06-46-37.937Z,points-5000-seed-41544c53,load,svg_attribute_removals_median,count,0,5000.0
Atlas,1c2e54b3b8df+bench,SVG,instrument-2026-10-07T06-46-37.937Z,points-5000-seed-41544c53,load,svg_attribute_removals_p95,count,0,5000.0
Atlas,1c2e54b3b8df+bench,SVG,instrument-2026-10-07T06-46-37.937Z,points-5000-seed-41544c53,load,svg_attribute_removals_max,count,0,5000.0
Atlas,1c2e54b3b8df+bench,SVG,instrument-2026-10-07T06-46-37.937Z,points-5000-seed-41544c53,load,layout_rect_reads_n,count,0,1
Atlas,1c2e54b3b8df+bench,SVG,instrument-2026-10-07T06-46-37.937Z,points-5000-seed-41544c53,load,layout_rect_reads_median,count,0,0.0
Atlas,1c2e54b3b8df+bench,SVG,instrument-2026-10-07T06-46-37.937Z,points-5000-seed-41544c53,load,layout_rect_reads_p95,count,0,0.0
Atlas,1c2e54b3b8df+bench,SVG,instrument-2026-10-07T06-46-37.937Z,points-5000-seed-41544c53,load,layout_rect_reads_max,count,0,0.0
Atlas,1c2e54b3b8df+bench,SVG,instrument-2026-10-07T06-46-37.937Z,points-5000-seed-41544c53,load,instrumented_renderer_callback_ms_n,count,0,2
Atlas,1c2e54b3b8df+bench,SVG,instrument-2026-10-07T06-46-37.937Z,points-5000-seed-41544c53,load,instrumented_renderer_callback_ms_median,ms,0,4.3
Atlas,1c2e54b3b8df+bench,SVG,instrument-2026-10-07T06-46-37.937Z,points-5000-seed-41544c53,load,instrumented_renderer_callback_ms_p95,ms,0,8.6
Atlas,1c2e54b3b8df+bench,SVG,instrument-2026-10-07T06-46-37.937Z,points-5000-seed-41544c53,load,instrumented_renderer_callback_ms_max,ms,0,8.6
Atlas,1c2e54b3b8df+bench,SVG,instrument-2026-10-07T06-46-37.937Z,points-5000-seed-41544c53,load,instrumented_prepare_promise_ms_n,count,0,1
Atlas,1c2e54b3b8df+bench,SVG,instrument-2026-10-07T06-46-37.937Z,points-5000-seed-41544c53,load,instrumented_prepare_promise_ms_median,ms,0,8.1
Atlas,1c2e54b3b8df+bench,SVG,instrument-2026-10-07T06-46-37.937Z,points-5000-seed-41544c53,load,instrumented_prepare_promise_ms_p95,ms,0,8.1
Atlas,1c2e54b3b8df+bench,SVG,instrument-2026-10-07T06-46-37.937Z,points-5000-seed-41544c53,load,instrumented_prepare_promise_ms_max,ms,0,8.1
Atlas,1c2e54b3b8df+bench,SVG,instrument-2026-10-07T06-46-37.937Z,points-5000-seed-41544c53,load,cleanup_renderer_calls_n,count,0,1
Atlas,1c2e54b3b8df+bench,SVG,instrument-2026-10-07T06-46-37.937Z,points-5000-seed-41544c53,load,cleanup_renderer_calls_median,count,0,0.0
Atlas,1c2e54b3b8df+bench,SVG,instrument-2026-10-07T06-46-37.937Z,points-5000-seed-41544c53,load,cleanup_renderer_calls_p95,count,0,0.0
Atlas,1c2e54b3b8df+bench,SVG,instrument-2026-10-07T06-46-37.937Z,points-5000-seed-41544c53,load,cleanup_renderer_calls_max,count,0,0.0
Atlas,1c2e54b3b8df+bench,SVG,instrument-2026-10-07T06-46-37.937Z,points-5000-seed-41544c53,load,cleanup_stage_children_n,count,0,1
Atlas,1c2e54b3b8df+bench,SVG,instrument-2026-10-07T06-46-37.937Z,points-5000-seed-41544c53,load,cleanup_stage_children_median,count,0,0.0
Atlas,1c2e54b3b8df+bench,SVG,instrument-2026-10-07T06-46-37.937Z,points-5000-seed-41544c53,load,cleanup_stage_children_p95,count,0,0.0
Atlas,1c2e54b3b8df+bench,SVG,instrument-2026-10-07T06-46-37.937Z,points-5000-seed-41544c53,load,cleanup_stage_children_max,count,0,0.0
Atlas,1c2e54b3b8df+bench,SVG,instrument-2026-10-07T06-46-37.937Z,points-5000-seed-41544c53,pan,frame_interval_ms_n,count,0,83
Atlas,1c2e54b3b8df+bench,SVG,instrument-2026-10-07T06-46-37.937Z,points-5000-seed-41544c53,pan,frame_interval_ms_median,ms,0,16.7
Atlas,1c2e54b3b8df+bench,SVG,instrument-2026-10-07T06-46-37.937Z,points-5000-seed-41544c53,pan,frame_interval_ms_p95,ms,0,33.4
Atlas,1c2e54b3b8df+bench,SVG,instrument-2026-10-07T06-46-37.937Z,points-5000-seed-41544c53,pan,frame_interval_ms_max,ms,0,33.4
Atlas,1c2e54b3b8df+bench,SVG,instrument-2026-10-07T06-46-37.937Z,points-5000-seed-41544c53,pan,camera_api_sync_ms_n,count,0,83
Atlas,1c2e54b3b8df+bench,SVG,instrument-2026-10-07T06-46-37.937Z,points-5000-seed-41544c53,pan,camera_api_sync_ms_median,ms,0,0.0
Atlas,1c2e54b3b8df+bench,SVG,instrument-2026-10-07T06-46-37.937Z,points-5000-seed-41544c53,pan,camera_api_sync_ms_p95,ms,0,0.1
Atlas,1c2e54b3b8df+bench,SVG,instrument-2026-10-07T06-46-37.937Z,points-5000-seed-41544c53,pan,camera_api_sync_ms_max,ms,0,0.1
Atlas,1c2e54b3b8df+bench,SVG,instrument-2026-10-07T06-46-37.937Z,points-5000-seed-41544c53,pan,motion_elapsed_ms_n,count,0,1
Atlas,1c2e54b3b8df+bench,SVG,instrument-2026-10-07T06-46-37.937Z,points-5000-seed-41544c53,pan,motion_elapsed_ms_median,ms,0,1516.6
Atlas,1c2e54b3b8df+bench,SVG,instrument-2026-10-07T06-46-37.937Z,points-5000-seed-41544c53,pan,motion_elapsed_ms_p95,ms,0,1516.6
Atlas,1c2e54b3b8df+bench,SVG,instrument-2026-10-07T06-46-37.937Z,points-5000-seed-41544c53,pan,motion_elapsed_ms_max,ms,0,1516.6
Atlas,1c2e54b3b8df+bench,SVG,instrument-2026-10-07T06-46-37.937Z,points-5000-seed-41544c53,pan,camera_updates_n,count,0,1
Atlas,1c2e54b3b8df+bench,SVG,instrument-2026-10-07T06-46-37.937Z,points-5000-seed-41544c53,pan,camera_updates_median,count,0,83.0
Atlas,1c2e54b3b8df+bench,SVG,instrument-2026-10-07T06-46-37.937Z,points-5000-seed-41544c53,pan,camera_updates_p95,count,0,83.0
Atlas,1c2e54b3b8df+bench,SVG,instrument-2026-10-07T06-46-37.937Z,points-5000-seed-41544c53,pan,camera_updates_max,count,0,83.0
Atlas,1c2e54b3b8df+bench,SVG,instrument-2026-10-07T06-46-37.937Z,points-5000-seed-41544c53,pan,renderer_scene_reads_n,count,0,1
Atlas,1c2e54b3b8df+bench,SVG,instrument-2026-10-07T06-46-37.937Z,points-5000-seed-41544c53,pan,renderer_scene_reads_median,count,0,83.0
Atlas,1c2e54b3b8df+bench,SVG,instrument-2026-10-07T06-46-37.937Z,points-5000-seed-41544c53,pan,renderer_scene_reads_p95,count,0,83.0
Atlas,1c2e54b3b8df+bench,SVG,instrument-2026-10-07T06-46-37.937Z,points-5000-seed-41544c53,pan,renderer_scene_reads_max,count,0,83.0
Atlas,1c2e54b3b8df+bench,SVG,instrument-2026-10-07T06-46-37.937Z,points-5000-seed-41544c53,pan,svg_attribute_writes_n,count,0,1
Atlas,1c2e54b3b8df+bench,SVG,instrument-2026-10-07T06-46-37.937Z,points-5000-seed-41544c53,pan,svg_attribute_writes_median,count,0,83.0
Atlas,1c2e54b3b8df+bench,SVG,instrument-2026-10-07T06-46-37.937Z,points-5000-seed-41544c53,pan,svg_attribute_writes_p95,count,0,83.0
Atlas,1c2e54b3b8df+bench,SVG,instrument-2026-10-07T06-46-37.937Z,points-5000-seed-41544c53,pan,svg_attribute_writes_max,count,0,83.0
Atlas,1c2e54b3b8df+bench,SVG,instrument-2026-10-07T06-46-37.937Z,points-5000-seed-41544c53,pan,renderer_calls_n,count,0,1
Atlas,1c2e54b3b8df+bench,SVG,instrument-2026-10-07T06-46-37.937Z,points-5000-seed-41544c53,pan,renderer_calls_median,count,0,83.0
Atlas,1c2e54b3b8df+bench,SVG,instrument-2026-10-07T06-46-37.937Z,points-5000-seed-41544c53,pan,renderer_calls_p95,count,0,83.0
Atlas,1c2e54b3b8df+bench,SVG,instrument-2026-10-07T06-46-37.937Z,points-5000-seed-41544c53,pan,renderer_calls_max,count,0,83.0
Atlas,1c2e54b3b8df+bench,SVG,instrument-2026-10-07T06-46-37.937Z,points-5000-seed-41544c53,pan,layout_rect_reads_n,count,0,1
Atlas,1c2e54b3b8df+bench,SVG,instrument-2026-10-07T06-46-37.937Z,points-5000-seed-41544c53,pan,layout_rect_reads_median,count,0,0.0
Atlas,1c2e54b3b8df+bench,SVG,instrument-2026-10-07T06-46-37.937Z,points-5000-seed-41544c53,pan,layout_rect_reads_p95,count,0,0.0
Atlas,1c2e54b3b8df+bench,SVG,instrument-2026-10-07T06-46-37.937Z,points-5000-seed-41544c53,pan,layout_rect_reads_max,count,0,0.0
Atlas,1c2e54b3b8df+bench,SVG,instrument-2026-10-07T06-46-37.937Z,points-5000-seed-41544c53,pan,instrumented_renderer_callback_ms_n,count,0,83
Atlas,1c2e54b3b8df+bench,SVG,instrument-2026-10-07T06-46-37.937Z,points-5000-seed-41544c53,pan,instrumented_renderer_callback_ms_median,ms,0,0.0
Atlas,1c2e54b3b8df+bench,SVG,instrument-2026-10-07T06-46-37.937Z,points-5000-seed-41544c53,pan,instrumented_renderer_callback_ms_p95,ms,0,0.1
Atlas,1c2e54b3b8df+bench,SVG,instrument-2026-10-07T06-46-37.937Z,points-5000-seed-41544c53,pan,instrumented_renderer_callback_ms_max,ms,0,0.1
Atlas,1c2e54b3b8df+bench,SVG,instrument-2026-10-07T06-46-37.937Z,points-5000-seed-41544c53,pan,cleanup_renderer_calls_n,count,0,1
Atlas,1c2e54b3b8df+bench,SVG,instrument-2026-10-07T06-46-37.937Z,points-5000-seed-41544c53,pan,cleanup_renderer_calls_median,count,0,0.0
Atlas,1c2e54b3b8df+bench,SVG,instrument-2026-10-07T06-46-37.937Z,points-5000-seed-41544c53,pan,cleanup_renderer_calls_p95,count,0,0.0
Atlas,1c2e54b3b8df+bench,SVG,instrument-2026-10-07T06-46-37.937Z,points-5000-seed-41544c53,pan,cleanup_renderer_calls_max,count,0,0.0
Atlas,1c2e54b3b8df+bench,SVG,instrument-2026-10-07T06-46-37.937Z,points-5000-seed-41544c53,pan,cleanup_stage_children_n,count,0,1
Atlas,1c2e54b3b8df+bench,SVG,instrument-2026-10-07T06-46-37.937Z,points-5000-seed-41544c53,pan,cleanup_stage_children_median,count,0,0.0
Atlas,1c2e54b3b8df+bench,SVG,instrument-2026-10-07T06-46-37.937Z,points-5000-seed-41544c53,pan,cleanup_stage_children_p95,count,0,0.0
Atlas,1c2e54b3b8df+bench,SVG,instrument-2026-10-07T06-46-37.937Z,points-5000-seed-41544c53,pan,cleanup_stage_children_max,count,0,0.0
Atlas,1c2e54b3b8df+bench,SVG,instrument-2026-10-07T06-46-37.937Z,points-5000-seed-41544c53,zoom,frame_interval_ms_n,count,0,66
Atlas,1c2e54b3b8df+bench,SVG,instrument-2026-10-07T06-46-37.937Z,points-5000-seed-41544c53,zoom,frame_interval_ms_median,ms,0,16.7
Atlas,1c2e54b3b8df+bench,SVG,instrument-2026-10-07T06-46-37.937Z,points-5000-seed-41544c53,zoom,frame_interval_ms_p95,ms,0,33.4
Atlas,1c2e54b3b8df+bench,SVG,instrument-2026-10-07T06-46-37.937Z,points-5000-seed-41544c53,zoom,frame_interval_ms_max,ms,0,33.4
Atlas,1c2e54b3b8df+bench,SVG,instrument-2026-10-07T06-46-37.937Z,points-5000-seed-41544c53,zoom,camera_api_sync_ms_n,count,0,66
Atlas,1c2e54b3b8df+bench,SVG,instrument-2026-10-07T06-46-37.937Z,points-5000-seed-41544c53,zoom,camera_api_sync_ms_median,ms,0,0.0
Atlas,1c2e54b3b8df+bench,SVG,instrument-2026-10-07T06-46-37.937Z,points-5000-seed-41544c53,zoom,camera_api_sync_ms_p95,ms,0,0.1
Atlas,1c2e54b3b8df+bench,SVG,instrument-2026-10-07T06-46-37.937Z,points-5000-seed-41544c53,zoom,camera_api_sync_ms_max,ms,0,0.1
Atlas,1c2e54b3b8df+bench,SVG,instrument-2026-10-07T06-46-37.937Z,points-5000-seed-41544c53,zoom,motion_elapsed_ms_n,count,0,1
Atlas,1c2e54b3b8df+bench,SVG,instrument-2026-10-07T06-46-37.937Z,points-5000-seed-41544c53,zoom,motion_elapsed_ms_median,ms,0,1516.6
Atlas,1c2e54b3b8df+bench,SVG,instrument-2026-10-07T06-46-37.937Z,points-5000-seed-41544c53,zoom,motion_elapsed_ms_p95,ms,0,1516.6
Atlas,1c2e54b3b8df+bench,SVG,instrument-2026-10-07T06-46-37.937Z,points-5000-seed-41544c53,zoom,motion_elapsed_ms_max,ms,0,1516.6
Atlas,1c2e54b3b8df+bench,SVG,instrument-2026-10-07T06-46-37.937Z,points-5000-seed-41544c53,zoom,camera_updates_n,count,0,1
Atlas,1c2e54b3b8df+bench,SVG,instrument-2026-10-07T06-46-37.937Z,points-5000-seed-41544c53,zoom,camera_updates_median,count,0,66.0
Atlas,1c2e54b3b8df+bench,SVG,instrument-2026-10-07T06-46-37.937Z,points-5000-seed-41544c53,zoom,camera_updates_p95,count,0,66.0
Atlas,1c2e54b3b8df+bench,SVG,instrument-2026-10-07T06-46-37.937Z,points-5000-seed-41544c53,zoom,camera_updates_max,count,0,66.0
Atlas,1c2e54b3b8df+bench,SVG,instrument-2026-10-07T06-46-37.937Z,points-5000-seed-41544c53,zoom,renderer_scene_reads_n,count,0,1
Atlas,1c2e54b3b8df+bench,SVG,instrument-2026-10-07T06-46-37.937Z,points-5000-seed-41544c53,zoom,renderer_scene_reads_median,count,0,66.0
Atlas,1c2e54b3b8df+bench,SVG,instrument-2026-10-07T06-46-37.937Z,points-5000-seed-41544c53,zoom,renderer_scene_reads_p95,count,0,66.0
Atlas,1c2e54b3b8df+bench,SVG,instrument-2026-10-07T06-46-37.937Z,points-5000-seed-41544c53,zoom,renderer_scene_reads_max,count,0,66.0
Atlas,1c2e54b3b8df+bench,SVG,instrument-2026-10-07T06-46-37.937Z,points-5000-seed-41544c53,zoom,svg_attribute_writes_n,count,0,1
Atlas,1c2e54b3b8df+bench,SVG,instrument-2026-10-07T06-46-37.937Z,points-5000-seed-41544c53,zoom,svg_attribute_writes_median,count,0,330066.0
Atlas,1c2e54b3b8df+bench,SVG,instrument-2026-10-07T06-46-37.937Z,points-5000-seed-41544c53,zoom,svg_attribute_writes_p95,count,0,330066.0
Atlas,1c2e54b3b8df+bench,SVG,instrument-2026-10-07T06-46-37.937Z,points-5000-seed-41544c53,zoom,svg_attribute_writes_max,count,0,330066.0
Atlas,1c2e54b3b8df+bench,SVG,instrument-2026-10-07T06-46-37.937Z,points-5000-seed-41544c53,zoom,renderer_calls_n,count,0,1
Atlas,1c2e54b3b8df+bench,SVG,instrument-2026-10-07T06-46-37.937Z,points-5000-seed-41544c53,zoom,renderer_calls_median,count,0,66.0
Atlas,1c2e54b3b8df+bench,SVG,instrument-2026-10-07T06-46-37.937Z,points-5000-seed-41544c53,zoom,renderer_calls_p95,count,0,66.0
Atlas,1c2e54b3b8df+bench,SVG,instrument-2026-10-07T06-46-37.937Z,points-5000-seed-41544c53,zoom,renderer_calls_max,count,0,66.0
Atlas,1c2e54b3b8df+bench,SVG,instrument-2026-10-07T06-46-37.937Z,points-5000-seed-41544c53,zoom,layout_rect_reads_n,count,0,1
Atlas,1c2e54b3b8df+bench,SVG,instrument-2026-10-07T06-46-37.937Z,points-5000-seed-41544c53,zoom,layout_rect_reads_median,count,0,0.0
Atlas,1c2e54b3b8df+bench,SVG,instrument-2026-10-07T06-46-37.937Z,points-5000-seed-41544c53,zoom,layout_rect_reads_p95,count,0,0.0
Atlas,1c2e54b3b8df+bench,SVG,instrument-2026-10-07T06-46-37.937Z,points-5000-seed-41544c53,zoom,layout_rect_reads_max,count,0,0.0
Atlas,1c2e54b3b8df+bench,SVG,instrument-2026-10-07T06-46-37.937Z,points-5000-seed-41544c53,zoom,instrumented_renderer_callback_ms_n,count,0,66
Atlas,1c2e54b3b8df+bench,SVG,instrument-2026-10-07T06-46-37.937Z,points-5000-seed-41544c53,zoom,instrumented_renderer_callback_ms_median,ms,0,1.5
Atlas,1c2e54b3b8df+bench,SVG,instrument-2026-10-07T06-46-37.937Z,points-5000-seed-41544c53,zoom,instrumented_renderer_callback_ms_p95,ms,0,2.3
Atlas,1c2e54b3b8df+bench,SVG,instrument-2026-10-07T06-46-37.937Z,points-5000-seed-41544c53,zoom,instrumented_renderer_callback_ms_max,ms,0,9.4
Atlas,1c2e54b3b8df+bench,SVG,instrument-2026-10-07T06-46-37.937Z,points-5000-seed-41544c53,zoom,cleanup_renderer_calls_n,count,0,1
Atlas,1c2e54b3b8df+bench,SVG,instrument-2026-10-07T06-46-37.937Z,points-5000-seed-41544c53,zoom,cleanup_renderer_calls_median,count,0,0.0
Atlas,1c2e54b3b8df+bench,SVG,instrument-2026-10-07T06-46-37.937Z,points-5000-seed-41544c53,zoom,cleanup_renderer_calls_p95,count,0,0.0
Atlas,1c2e54b3b8df+bench,SVG,instrument-2026-10-07T06-46-37.937Z,points-5000-seed-41544c53,zoom,cleanup_renderer_calls_max,count,0,0.0
Atlas,1c2e54b3b8df+bench,SVG,instrument-2026-10-07T06-46-37.937Z,points-5000-seed-41544c53,zoom,cleanup_stage_children_n,count,0,1
Atlas,1c2e54b3b8df+bench,SVG,instrument-2026-10-07T06-46-37.937Z,points-5000-seed-41544c53,zoom,cleanup_stage_children_median,count,0,0.0
Atlas,1c2e54b3b8df+bench,SVG,instrument-2026-10-07T06-46-37.937Z,points-5000-seed-41544c53,zoom,cleanup_stage_children_p95,count,0,0.0
Atlas,1c2e54b3b8df+bench,SVG,instrument-2026-10-07T06-46-37.937Z,points-5000-seed-41544c53,zoom,cleanup_stage_children_max,count,0,0.0
Atlas,1c2e54b3b8df+bench,SVG,instrument-2026-10-07T06-46-37.937Z,points-5000-seed-41544c53,hit,spatial_hit_test_sync_ms_n,count,0,200
Atlas,1c2e54b3b8df+bench,SVG,instrument-2026-10-07T06-46-37.937Z,points-5000-seed-41544c53,hit,spatial_hit_test_sync_ms_median,ms,0,0.0
Atlas,1c2e54b3b8df+bench,SVG,instrument-2026-10-07T06-46-37.937Z,points-5000-seed-41544c53,hit,spatial_hit_test_sync_ms_p95,ms,0,0.0
Atlas,1c2e54b3b8df+bench,SVG,instrument-2026-10-07T06-46-37.937Z,points-5000-seed-41544c53,hit,spatial_hit_test_sync_ms_max,ms,0,0.1
Atlas,1c2e54b3b8df+bench,SVG,instrument-2026-10-07T06-46-37.937Z,points-5000-seed-41544c53,hit,root_iterator_creations_n,count,0,1
Atlas,1c2e54b3b8df+bench,SVG,instrument-2026-10-07T06-46-37.937Z,points-5000-seed-41544c53,hit,root_iterator_creations_median,count,0,1.0
Atlas,1c2e54b3b8df+bench,SVG,instrument-2026-10-07T06-46-37.937Z,points-5000-seed-41544c53,hit,root_iterator_creations_p95,count,0,1.0
Atlas,1c2e54b3b8df+bench,SVG,instrument-2026-10-07T06-46-37.937Z,points-5000-seed-41544c53,hit,root_iterator_creations_max,count,0,1.0
Atlas,1c2e54b3b8df+bench,SVG,instrument-2026-10-07T06-46-37.937Z,points-5000-seed-41544c53,hit,root_iterator_next_calls_n,count,0,1
Atlas,1c2e54b3b8df+bench,SVG,instrument-2026-10-07T06-46-37.937Z,points-5000-seed-41544c53,hit,root_iterator_next_calls_median,count,0,5001.0
Atlas,1c2e54b3b8df+bench,SVG,instrument-2026-10-07T06-46-37.937Z,points-5000-seed-41544c53,hit,root_iterator_next_calls_p95,count,0,5001.0
Atlas,1c2e54b3b8df+bench,SVG,instrument-2026-10-07T06-46-37.937Z,points-5000-seed-41544c53,hit,root_iterator_next_calls_max,count,0,5001.0
Atlas,1c2e54b3b8df+bench,SVG,instrument-2026-10-07T06-46-37.937Z,points-5000-seed-41544c53,hit,layout_rect_reads_n,count,0,1
Atlas,1c2e54b3b8df+bench,SVG,instrument-2026-10-07T06-46-37.937Z,points-5000-seed-41544c53,hit,layout_rect_reads_median,count,0,0.0
Atlas,1c2e54b3b8df+bench,SVG,instrument-2026-10-07T06-46-37.937Z,points-5000-seed-41544c53,hit,layout_rect_reads_p95,count,0,0.0
Atlas,1c2e54b3b8df+bench,SVG,instrument-2026-10-07T06-46-37.937Z,points-5000-seed-41544c53,hit,layout_rect_reads_max,count,0,0.0
Atlas,1c2e54b3b8df+bench,SVG,instrument-2026-10-07T06-46-37.937Z,points-5000-seed-41544c53,hit,cleanup_renderer_calls_n,count,0,1
Atlas,1c2e54b3b8df+bench,SVG,instrument-2026-10-07T06-46-37.937Z,points-5000-seed-41544c53,hit,cleanup_renderer_calls_median,count,0,0.0
Atlas,1c2e54b3b8df+bench,SVG,instrument-2026-10-07T06-46-37.937Z,points-5000-seed-41544c53,hit,cleanup_renderer_calls_p95,count,0,0.0
Atlas,1c2e54b3b8df+bench,SVG,instrument-2026-10-07T06-46-37.937Z,points-5000-seed-41544c53,hit,cleanup_renderer_calls_max,count,0,0.0
Atlas,1c2e54b3b8df+bench,SVG,instrument-2026-10-07T06-46-37.937Z,points-5000-seed-41544c53,hit,cleanup_stage_children_n,count,0,1
Atlas,1c2e54b3b8df+bench,SVG,instrument-2026-10-07T06-46-37.937Z,points-5000-seed-41544c53,hit,cleanup_stage_children_median,count,0,0.0
Atlas,1c2e54b3b8df+bench,SVG,instrument-2026-10-07T06-46-37.937Z,points-5000-seed-41544c53,hit,cleanup_stage_children_p95,count,0,0.0
Atlas,1c2e54b3b8df+bench,SVG,instrument-2026-10-07T06-46-37.937Z,points-5000-seed-41544c53,hit,cleanup_stage_children_max,count,0,0.0
Atlas,1c2e54b3b8df+bench,SVG,instrument-2026-10-07T06-46-37.937Z,points-5000-seed-41544c53,miss,spatial_hit_test_sync_ms_n,count,0,200
Atlas,1c2e54b3b8df+bench,SVG,instrument-2026-10-07T06-46-37.937Z,points-5000-seed-41544c53,miss,spatial_hit_test_sync_ms_median,ms,0,0.8
Atlas,1c2e54b3b8df+bench,SVG,instrument-2026-10-07T06-46-37.937Z,points-5000-seed-41544c53,miss,spatial_hit_test_sync_ms_p95,ms,0,0.9
Atlas,1c2e54b3b8df+bench,SVG,instrument-2026-10-07T06-46-37.937Z,points-5000-seed-41544c53,miss,spatial_hit_test_sync_ms_max,ms,0,3.9
Atlas,1c2e54b3b8df+bench,SVG,instrument-2026-10-07T06-46-37.937Z,points-5000-seed-41544c53,miss,root_iterator_creations_n,count,0,1
Atlas,1c2e54b3b8df+bench,SVG,instrument-2026-10-07T06-46-37.937Z,points-5000-seed-41544c53,miss,root_iterator_creations_median,count,0,1.0
Atlas,1c2e54b3b8df+bench,SVG,instrument-2026-10-07T06-46-37.937Z,points-5000-seed-41544c53,miss,root_iterator_creations_p95,count,0,1.0
Atlas,1c2e54b3b8df+bench,SVG,instrument-2026-10-07T06-46-37.937Z,points-5000-seed-41544c53,miss,root_iterator_creations_max,count,0,1.0
Atlas,1c2e54b3b8df+bench,SVG,instrument-2026-10-07T06-46-37.937Z,points-5000-seed-41544c53,miss,root_iterator_next_calls_n,count,0,1
Atlas,1c2e54b3b8df+bench,SVG,instrument-2026-10-07T06-46-37.937Z,points-5000-seed-41544c53,miss,root_iterator_next_calls_median,count,0,5001.0
Atlas,1c2e54b3b8df+bench,SVG,instrument-2026-10-07T06-46-37.937Z,points-5000-seed-41544c53,miss,root_iterator_next_calls_p95,count,0,5001.0
Atlas,1c2e54b3b8df+bench,SVG,instrument-2026-10-07T06-46-37.937Z,points-5000-seed-41544c53,miss,root_iterator_next_calls_max,count,0,5001.0
Atlas,1c2e54b3b8df+bench,SVG,instrument-2026-10-07T06-46-37.937Z,points-5000-seed-41544c53,miss,layout_rect_reads_n,count,0,1
Atlas,1c2e54b3b8df+bench,SVG,instrument-2026-10-07T06-46-37.937Z,points-5000-seed-41544c53,miss,layout_rect_reads_median,count,0,0.0
Atlas,1c2e54b3b8df+bench,SVG,instrument-2026-10-07T06-46-37.937Z,points-5000-seed-41544c53,miss,layout_rect_reads_p95,count,0,0.0
Atlas,1c2e54b3b8df+bench,SVG,instrument-2026-10-07T06-46-37.937Z,points-5000-seed-41544c53,miss,layout_rect_reads_max,count,0,0.0
Atlas,1c2e54b3b8df+bench,SVG,instrument-2026-10-07T06-46-37.937Z,points-5000-seed-41544c53,miss,cleanup_renderer_calls_n,count,0,1
Atlas,1c2e54b3b8df+bench,SVG,instrument-2026-10-07T06-46-37.937Z,points-5000-seed-41544c53,miss,cleanup_renderer_calls_median,count,0,0.0
Atlas,1c2e54b3b8df+bench,SVG,instrument-2026-10-07T06-46-37.937Z,points-5000-seed-41544c53,miss,cleanup_renderer_calls_p95,count,0,0.0
Atlas,1c2e54b3b8df+bench,SVG,instrument-2026-10-07T06-46-37.937Z,points-5000-seed-41544c53,miss,cleanup_renderer_calls_max,count,0,0.0
Atlas,1c2e54b3b8df+bench,SVG,instrument-2026-10-07T06-46-37.937Z,points-5000-seed-41544c53,miss,cleanup_stage_children_n,count,0,1
Atlas,1c2e54b3b8df+bench,SVG,instrument-2026-10-07T06-46-37.937Z,points-5000-seed-41544c53,miss,cleanup_stage_children_median,count,0,0.0
Atlas,1c2e54b3b8df+bench,SVG,instrument-2026-10-07T06-46-37.937Z,points-5000-seed-41544c53,miss,cleanup_stage_children_p95,count,0,0.0
Atlas,1c2e54b3b8df+bench,SVG,instrument-2026-10-07T06-46-37.937Z,points-5000-seed-41544c53,miss,cleanup_stage_children_max,count,0,0.0
Atlas,1c2e54b3b8df+bench,SVG,instrument-2026-10-07T06-46-37.937Z,points-5000-seed-41544c53,position-single,operation_sync_ms_n,count,0,1
Atlas,1c2e54b3b8df+bench,SVG,instrument-2026-10-07T06-46-37.937Z,points-5000-seed-41544c53,position-single,operation_sync_ms_median,ms,0,0.1
Atlas,1c2e54b3b8df+bench,SVG,instrument-2026-10-07T06-46-37.937Z,points-5000-seed-41544c53,position-single,operation_sync_ms_p95,ms,0,0.1
Atlas,1c2e54b3b8df+bench,SVG,instrument-2026-10-07T06-46-37.937Z,points-5000-seed-41544c53,position-single,operation_sync_ms_max,ms,0,0.1
Atlas,1c2e54b3b8df+bench,SVG,instrument-2026-10-07T06-46-37.937Z,points-5000-seed-41544c53,position-single,operation_to_raf_opportunities_ms_n,count,0,1
Atlas,1c2e54b3b8df+bench,SVG,instrument-2026-10-07T06-46-37.937Z,points-5000-seed-41544c53,position-single,operation_to_raf_opportunities_ms_median,ms,0,29.3
Atlas,1c2e54b3b8df+bench,SVG,instrument-2026-10-07T06-46-37.937Z,points-5000-seed-41544c53,position-single,operation_to_raf_opportunities_ms_p95,ms,0,29.3
Atlas,1c2e54b3b8df+bench,SVG,instrument-2026-10-07T06-46-37.937Z,points-5000-seed-41544c53,position-single,operation_to_raf_opportunities_ms_max,ms,0,29.3
Atlas,1c2e54b3b8df+bench,SVG,instrument-2026-10-07T06-46-37.937Z,points-5000-seed-41544c53,position-single,root_iterator_creations_n,count,0,1
Atlas,1c2e54b3b8df+bench,SVG,instrument-2026-10-07T06-46-37.937Z,points-5000-seed-41544c53,position-single,root_iterator_creations_median,count,0,1.0
Atlas,1c2e54b3b8df+bench,SVG,instrument-2026-10-07T06-46-37.937Z,points-5000-seed-41544c53,position-single,root_iterator_creations_p95,count,0,1.0
Atlas,1c2e54b3b8df+bench,SVG,instrument-2026-10-07T06-46-37.937Z,points-5000-seed-41544c53,position-single,root_iterator_creations_max,count,0,1.0
Atlas,1c2e54b3b8df+bench,SVG,instrument-2026-10-07T06-46-37.937Z,points-5000-seed-41544c53,position-single,root_iterator_next_calls_n,count,0,1
Atlas,1c2e54b3b8df+bench,SVG,instrument-2026-10-07T06-46-37.937Z,points-5000-seed-41544c53,position-single,root_iterator_next_calls_median,count,0,5001.0
Atlas,1c2e54b3b8df+bench,SVG,instrument-2026-10-07T06-46-37.937Z,points-5000-seed-41544c53,position-single,root_iterator_next_calls_p95,count,0,5001.0
Atlas,1c2e54b3b8df+bench,SVG,instrument-2026-10-07T06-46-37.937Z,points-5000-seed-41544c53,position-single,root_iterator_next_calls_max,count,0,5001.0
Atlas,1c2e54b3b8df+bench,SVG,instrument-2026-10-07T06-46-37.937Z,points-5000-seed-41544c53,position-single,renderer_scene_reads_n,count,0,1
Atlas,1c2e54b3b8df+bench,SVG,instrument-2026-10-07T06-46-37.937Z,points-5000-seed-41544c53,position-single,renderer_scene_reads_median,count,0,1.0
Atlas,1c2e54b3b8df+bench,SVG,instrument-2026-10-07T06-46-37.937Z,points-5000-seed-41544c53,position-single,renderer_scene_reads_p95,count,0,1.0
Atlas,1c2e54b3b8df+bench,SVG,instrument-2026-10-07T06-46-37.937Z,points-5000-seed-41544c53,position-single,renderer_scene_reads_max,count,0,1.0
Atlas,1c2e54b3b8df+bench,SVG,instrument-2026-10-07T06-46-37.937Z,points-5000-seed-41544c53,position-single,svg_attribute_writes_n,count,0,1
Atlas,1c2e54b3b8df+bench,SVG,instrument-2026-10-07T06-46-37.937Z,points-5000-seed-41544c53,position-single,svg_attribute_writes_median,count,0,1.0
Atlas,1c2e54b3b8df+bench,SVG,instrument-2026-10-07T06-46-37.937Z,points-5000-seed-41544c53,position-single,svg_attribute_writes_p95,count,0,1.0
Atlas,1c2e54b3b8df+bench,SVG,instrument-2026-10-07T06-46-37.937Z,points-5000-seed-41544c53,position-single,svg_attribute_writes_max,count,0,1.0
Atlas,1c2e54b3b8df+bench,SVG,instrument-2026-10-07T06-46-37.937Z,points-5000-seed-41544c53,position-single,renderer_calls_n,count,0,1
Atlas,1c2e54b3b8df+bench,SVG,instrument-2026-10-07T06-46-37.937Z,points-5000-seed-41544c53,position-single,renderer_calls_median,count,0,1.0
Atlas,1c2e54b3b8df+bench,SVG,instrument-2026-10-07T06-46-37.937Z,points-5000-seed-41544c53,position-single,renderer_calls_p95,count,0,1.0
Atlas,1c2e54b3b8df+bench,SVG,instrument-2026-10-07T06-46-37.937Z,points-5000-seed-41544c53,position-single,renderer_calls_max,count,0,1.0
Atlas,1c2e54b3b8df+bench,SVG,instrument-2026-10-07T06-46-37.937Z,points-5000-seed-41544c53,position-single,layout_rect_reads_n,count,0,1
Atlas,1c2e54b3b8df+bench,SVG,instrument-2026-10-07T06-46-37.937Z,points-5000-seed-41544c53,position-single,layout_rect_reads_median,count,0,0.0
Atlas,1c2e54b3b8df+bench,SVG,instrument-2026-10-07T06-46-37.937Z,points-5000-seed-41544c53,position-single,layout_rect_reads_p95,count,0,0.0
Atlas,1c2e54b3b8df+bench,SVG,instrument-2026-10-07T06-46-37.937Z,points-5000-seed-41544c53,position-single,layout_rect_reads_max,count,0,0.0
Atlas,1c2e54b3b8df+bench,SVG,instrument-2026-10-07T06-46-37.937Z,points-5000-seed-41544c53,position-single,instrumented_renderer_callback_ms_n,count,0,1
Atlas,1c2e54b3b8df+bench,SVG,instrument-2026-10-07T06-46-37.937Z,points-5000-seed-41544c53,position-single,instrumented_renderer_callback_ms_median,ms,0,0.0
Atlas,1c2e54b3b8df+bench,SVG,instrument-2026-10-07T06-46-37.937Z,points-5000-seed-41544c53,position-single,instrumented_renderer_callback_ms_p95,ms,0,0.0
Atlas,1c2e54b3b8df+bench,SVG,instrument-2026-10-07T06-46-37.937Z,points-5000-seed-41544c53,position-single,instrumented_renderer_callback_ms_max,ms,0,0.0
Atlas,1c2e54b3b8df+bench,SVG,instrument-2026-10-07T06-46-37.937Z,points-5000-seed-41544c53,position-single,cleanup_renderer_calls_n,count,0,1
Atlas,1c2e54b3b8df+bench,SVG,instrument-2026-10-07T06-46-37.937Z,points-5000-seed-41544c53,position-single,cleanup_renderer_calls_median,count,0,0.0
Atlas,1c2e54b3b8df+bench,SVG,instrument-2026-10-07T06-46-37.937Z,points-5000-seed-41544c53,position-single,cleanup_renderer_calls_p95,count,0,0.0
Atlas,1c2e54b3b8df+bench,SVG,instrument-2026-10-07T06-46-37.937Z,points-5000-seed-41544c53,position-single,cleanup_renderer_calls_max,count,0,0.0
Atlas,1c2e54b3b8df+bench,SVG,instrument-2026-10-07T06-46-37.937Z,points-5000-seed-41544c53,position-single,cleanup_stage_children_n,count,0,1
Atlas,1c2e54b3b8df+bench,SVG,instrument-2026-10-07T06-46-37.937Z,points-5000-seed-41544c53,position-single,cleanup_stage_children_median,count,0,0.0
Atlas,1c2e54b3b8df+bench,SVG,instrument-2026-10-07T06-46-37.937Z,points-5000-seed-41544c53,position-single,cleanup_stage_children_p95,count,0,0.0
Atlas,1c2e54b3b8df+bench,SVG,instrument-2026-10-07T06-46-37.937Z,points-5000-seed-41544c53,position-single,cleanup_stage_children_max,count,0,0.0
Atlas,1c2e54b3b8df+bench,SVG,instrument-2026-10-07T06-46-37.937Z,points-5000-seed-41544c53,position-series,operation_sync_ms_n,count,0,1
Atlas,1c2e54b3b8df+bench,SVG,instrument-2026-10-07T06-46-37.937Z,points-5000-seed-41544c53,position-series,operation_sync_ms_median,ms,0,0.0
Atlas,1c2e54b3b8df+bench,SVG,instrument-2026-10-07T06-46-37.937Z,points-5000-seed-41544c53,position-series,operation_sync_ms_p95,ms,0,0.0
Atlas,1c2e54b3b8df+bench,SVG,instrument-2026-10-07T06-46-37.937Z,points-5000-seed-41544c53,position-series,operation_sync_ms_max,ms,0,0.0
Atlas,1c2e54b3b8df+bench,SVG,instrument-2026-10-07T06-46-37.937Z,points-5000-seed-41544c53,position-series,operation_to_raf_opportunities_ms_n,count,0,1
Atlas,1c2e54b3b8df+bench,SVG,instrument-2026-10-07T06-46-37.937Z,points-5000-seed-41544c53,position-series,operation_to_raf_opportunities_ms_median,ms,0,22.2
Atlas,1c2e54b3b8df+bench,SVG,instrument-2026-10-07T06-46-37.937Z,points-5000-seed-41544c53,position-series,operation_to_raf_opportunities_ms_p95,ms,0,22.2
Atlas,1c2e54b3b8df+bench,SVG,instrument-2026-10-07T06-46-37.937Z,points-5000-seed-41544c53,position-series,operation_to_raf_opportunities_ms_max,ms,0,22.2
Atlas,1c2e54b3b8df+bench,SVG,instrument-2026-10-07T06-46-37.937Z,points-5000-seed-41544c53,position-series,root_iterator_creations_n,count,0,1
Atlas,1c2e54b3b8df+bench,SVG,instrument-2026-10-07T06-46-37.937Z,points-5000-seed-41544c53,position-series,root_iterator_creations_median,count,0,1.0
Atlas,1c2e54b3b8df+bench,SVG,instrument-2026-10-07T06-46-37.937Z,points-5000-seed-41544c53,position-series,root_iterator_creations_p95,count,0,1.0
Atlas,1c2e54b3b8df+bench,SVG,instrument-2026-10-07T06-46-37.937Z,points-5000-seed-41544c53,position-series,root_iterator_creations_max,count,0,1.0
Atlas,1c2e54b3b8df+bench,SVG,instrument-2026-10-07T06-46-37.937Z,points-5000-seed-41544c53,position-series,root_iterator_next_calls_n,count,0,1
Atlas,1c2e54b3b8df+bench,SVG,instrument-2026-10-07T06-46-37.937Z,points-5000-seed-41544c53,position-series,root_iterator_next_calls_median,count,0,5001.0
Atlas,1c2e54b3b8df+bench,SVG,instrument-2026-10-07T06-46-37.937Z,points-5000-seed-41544c53,position-series,root_iterator_next_calls_p95,count,0,5001.0
Atlas,1c2e54b3b8df+bench,SVG,instrument-2026-10-07T06-46-37.937Z,points-5000-seed-41544c53,position-series,root_iterator_next_calls_max,count,0,5001.0
Atlas,1c2e54b3b8df+bench,SVG,instrument-2026-10-07T06-46-37.937Z,points-5000-seed-41544c53,position-series,renderer_scene_reads_n,count,0,1
Atlas,1c2e54b3b8df+bench,SVG,instrument-2026-10-07T06-46-37.937Z,points-5000-seed-41544c53,position-series,renderer_scene_reads_median,count,0,1.0
Atlas,1c2e54b3b8df+bench,SVG,instrument-2026-10-07T06-46-37.937Z,points-5000-seed-41544c53,position-series,renderer_scene_reads_p95,count,0,1.0
Atlas,1c2e54b3b8df+bench,SVG,instrument-2026-10-07T06-46-37.937Z,points-5000-seed-41544c53,position-series,renderer_scene_reads_max,count,0,1.0
Atlas,1c2e54b3b8df+bench,SVG,instrument-2026-10-07T06-46-37.937Z,points-5000-seed-41544c53,position-series,svg_attribute_writes_n,count,0,1
Atlas,1c2e54b3b8df+bench,SVG,instrument-2026-10-07T06-46-37.937Z,points-5000-seed-41544c53,position-series,svg_attribute_writes_median,count,0,100.0
Atlas,1c2e54b3b8df+bench,SVG,instrument-2026-10-07T06-46-37.937Z,points-5000-seed-41544c53,position-series,svg_attribute_writes_p95,count,0,100.0
Atlas,1c2e54b3b8df+bench,SVG,instrument-2026-10-07T06-46-37.937Z,points-5000-seed-41544c53,position-series,svg_attribute_writes_max,count,0,100.0
Atlas,1c2e54b3b8df+bench,SVG,instrument-2026-10-07T06-46-37.937Z,points-5000-seed-41544c53,position-series,renderer_calls_n,count,0,1
Atlas,1c2e54b3b8df+bench,SVG,instrument-2026-10-07T06-46-37.937Z,points-5000-seed-41544c53,position-series,renderer_calls_median,count,0,1.0
Atlas,1c2e54b3b8df+bench,SVG,instrument-2026-10-07T06-46-37.937Z,points-5000-seed-41544c53,position-series,renderer_calls_p95,count,0,1.0
Atlas,1c2e54b3b8df+bench,SVG,instrument-2026-10-07T06-46-37.937Z,points-5000-seed-41544c53,position-series,renderer_calls_max,count,0,1.0
Atlas,1c2e54b3b8df+bench,SVG,instrument-2026-10-07T06-46-37.937Z,points-5000-seed-41544c53,position-series,layout_rect_reads_n,count,0,1
Atlas,1c2e54b3b8df+bench,SVG,instrument-2026-10-07T06-46-37.937Z,points-5000-seed-41544c53,position-series,layout_rect_reads_median,count,0,0.0
Atlas,1c2e54b3b8df+bench,SVG,instrument-2026-10-07T06-46-37.937Z,points-5000-seed-41544c53,position-series,layout_rect_reads_p95,count,0,0.0
Atlas,1c2e54b3b8df+bench,SVG,instrument-2026-10-07T06-46-37.937Z,points-5000-seed-41544c53,position-series,layout_rect_reads_max,count,0,0.0
Atlas,1c2e54b3b8df+bench,SVG,instrument-2026-10-07T06-46-37.937Z,points-5000-seed-41544c53,position-series,instrumented_renderer_callback_ms_n,count,0,1
Atlas,1c2e54b3b8df+bench,SVG,instrument-2026-10-07T06-46-37.937Z,points-5000-seed-41544c53,position-series,instrumented_renderer_callback_ms_median,ms,0,0.2
Atlas,1c2e54b3b8df+bench,SVG,instrument-2026-10-07T06-46-37.937Z,points-5000-seed-41544c53,position-series,instrumented_renderer_callback_ms_p95,ms,0,0.2
Atlas,1c2e54b3b8df+bench,SVG,instrument-2026-10-07T06-46-37.937Z,points-5000-seed-41544c53,position-series,instrumented_renderer_callback_ms_max,ms,0,0.2
Atlas,1c2e54b3b8df+bench,SVG,instrument-2026-10-07T06-46-37.937Z,points-5000-seed-41544c53,position-series,cleanup_renderer_calls_n,count,0,1
Atlas,1c2e54b3b8df+bench,SVG,instrument-2026-10-07T06-46-37.937Z,points-5000-seed-41544c53,position-series,cleanup_renderer_calls_median,count,0,0.0
Atlas,1c2e54b3b8df+bench,SVG,instrument-2026-10-07T06-46-37.937Z,points-5000-seed-41544c53,position-series,cleanup_renderer_calls_p95,count,0,0.0
Atlas,1c2e54b3b8df+bench,SVG,instrument-2026-10-07T06-46-37.937Z,points-5000-seed-41544c53,position-series,cleanup_renderer_calls_max,count,0,0.0
Atlas,1c2e54b3b8df+bench,SVG,instrument-2026-10-07T06-46-37.937Z,points-5000-seed-41544c53,position-series,cleanup_stage_children_n,count,0,1
Atlas,1c2e54b3b8df+bench,SVG,instrument-2026-10-07T06-46-37.937Z,points-5000-seed-41544c53,position-series,cleanup_stage_children_median,count,0,0.0
Atlas,1c2e54b3b8df+bench,SVG,instrument-2026-10-07T06-46-37.937Z,points-5000-seed-41544c53,position-series,cleanup_stage_children_p95,count,0,0.0
Atlas,1c2e54b3b8df+bench,SVG,instrument-2026-10-07T06-46-37.937Z,points-5000-seed-41544c53,position-series,cleanup_stage_children_max,count,0,0.0
Atlas,1c2e54b3b8df+bench,SVG,instrument-2026-10-07T06-46-37.937Z,points-5000-seed-41544c53,add-100,operation_sync_ms_n,count,0,1
Atlas,1c2e54b3b8df+bench,SVG,instrument-2026-10-07T06-46-37.937Z,points-5000-seed-41544c53,add-100,operation_sync_ms_median,ms,0,51.3
Atlas,1c2e54b3b8df+bench,SVG,instrument-2026-10-07T06-46-37.937Z,points-5000-seed-41544c53,add-100,operation_sync_ms_p95,ms,0,51.3
Atlas,1c2e54b3b8df+bench,SVG,instrument-2026-10-07T06-46-37.937Z,points-5000-seed-41544c53,add-100,operation_sync_ms_max,ms,0,51.3
Atlas,1c2e54b3b8df+bench,SVG,instrument-2026-10-07T06-46-37.937Z,points-5000-seed-41544c53,add-100,cumulative_operation_ms_n,count,0,1
Atlas,1c2e54b3b8df+bench,SVG,instrument-2026-10-07T06-46-37.937Z,points-5000-seed-41544c53,add-100,cumulative_operation_ms_median,ms,0,51.3
Atlas,1c2e54b3b8df+bench,SVG,instrument-2026-10-07T06-46-37.937Z,points-5000-seed-41544c53,add-100,cumulative_operation_ms_p95,ms,0,51.3
Atlas,1c2e54b3b8df+bench,SVG,instrument-2026-10-07T06-46-37.937Z,points-5000-seed-41544c53,add-100,cumulative_operation_ms_max,ms,0,51.3
Atlas,1c2e54b3b8df+bench,SVG,instrument-2026-10-07T06-46-37.937Z,points-5000-seed-41544c53,add-100,operation_to_raf_opportunities_ms_n,count,0,1
Atlas,1c2e54b3b8df+bench,SVG,instrument-2026-10-07T06-46-37.937Z,points-5000-seed-41544c53,add-100,operation_to_raf_opportunities_ms_median,ms,0,69.5
Atlas,1c2e54b3b8df+bench,SVG,instrument-2026-10-07T06-46-37.937Z,points-5000-seed-41544c53,add-100,operation_to_raf_opportunities_ms_p95,ms,0,69.5
Atlas,1c2e54b3b8df+bench,SVG,instrument-2026-10-07T06-46-37.937Z,points-5000-seed-41544c53,add-100,operation_to_raf_opportunities_ms_max,ms,0,69.5
Atlas,1c2e54b3b8df+bench,SVG,instrument-2026-10-07T06-46-37.937Z,points-5000-seed-41544c53,add-100,root_iterator_creations_n,count,0,1
Atlas,1c2e54b3b8df+bench,SVG,instrument-2026-10-07T06-46-37.937Z,points-5000-seed-41544c53,add-100,root_iterator_creations_median,count,0,102.0
Atlas,1c2e54b3b8df+bench,SVG,instrument-2026-10-07T06-46-37.937Z,points-5000-seed-41544c53,add-100,root_iterator_creations_p95,count,0,102.0
Atlas,1c2e54b3b8df+bench,SVG,instrument-2026-10-07T06-46-37.937Z,points-5000-seed-41544c53,add-100,root_iterator_creations_max,count,0,102.0
Atlas,1c2e54b3b8df+bench,SVG,instrument-2026-10-07T06-46-37.937Z,points-5000-seed-41544c53,add-100,root_iterator_next_calls_n,count,0,1
Atlas,1c2e54b3b8df+bench,SVG,instrument-2026-10-07T06-46-37.937Z,points-5000-seed-41544c53,add-100,root_iterator_next_calls_median,count,0,515152.0
Atlas,1c2e54b3b8df+bench,SVG,instrument-2026-10-07T06-46-37.937Z,points-5000-seed-41544c53,add-100,root_iterator_next_calls_p95,count,0,515152.0
Atlas,1c2e54b3b8df+bench,SVG,instrument-2026-10-07T06-46-37.937Z,points-5000-seed-41544c53,add-100,root_iterator_next_calls_max,count,0,515152.0
Atlas,1c2e54b3b8df+bench,SVG,instrument-2026-10-07T06-46-37.937Z,points-5000-seed-41544c53,add-100,renderer_scene_reads_n,count,0,1
Atlas,1c2e54b3b8df+bench,SVG,instrument-2026-10-07T06-46-37.937Z,points-5000-seed-41544c53,add-100,renderer_scene_reads_median,count,0,1.0
Atlas,1c2e54b3b8df+bench,SVG,instrument-2026-10-07T06-46-37.937Z,points-5000-seed-41544c53,add-100,renderer_scene_reads_p95,count,0,1.0
Atlas,1c2e54b3b8df+bench,SVG,instrument-2026-10-07T06-46-37.937Z,points-5000-seed-41544c53,add-100,renderer_scene_reads_max,count,0,1.0
Atlas,1c2e54b3b8df+bench,SVG,instrument-2026-10-07T06-46-37.937Z,points-5000-seed-41544c53,add-100,renderer_scene_membership_changes_n,count,0,1
Atlas,1c2e54b3b8df+bench,SVG,instrument-2026-10-07T06-46-37.937Z,points-5000-seed-41544c53,add-100,renderer_scene_membership_changes_median,count,0,1.0
Atlas,1c2e54b3b8df+bench,SVG,instrument-2026-10-07T06-46-37.937Z,points-5000-seed-41544c53,add-100,renderer_scene_membership_changes_p95,count,0,1.0
Atlas,1c2e54b3b8df+bench,SVG,instrument-2026-10-07T06-46-37.937Z,points-5000-seed-41544c53,add-100,renderer_scene_membership_changes_max,count,0,1.0
Atlas,1c2e54b3b8df+bench,SVG,instrument-2026-10-07T06-46-37.937Z,points-5000-seed-41544c53,add-100,svg_attribute_writes_n,count,0,1
Atlas,1c2e54b3b8df+bench,SVG,instrument-2026-10-07T06-46-37.937Z,points-5000-seed-41544c53,add-100,svg_attribute_writes_median,count,0,800.0
Atlas,1c2e54b3b8df+bench,SVG,instrument-2026-10-07T06-46-37.937Z,points-5000-seed-41544c53,add-100,svg_attribute_writes_p95,count,0,800.0
Atlas,1c2e54b3b8df+bench,SVG,instrument-2026-10-07T06-46-37.937Z,points-5000-seed-41544c53,add-100,svg_attribute_writes_max,count,0,800.0
Atlas,1c2e54b3b8df+bench,SVG,instrument-2026-10-07T06-46-37.937Z,points-5000-seed-41544c53,add-100,svg_attribute_removals_n,count,0,1
Atlas,1c2e54b3b8df+bench,SVG,instrument-2026-10-07T06-46-37.937Z,points-5000-seed-41544c53,add-100,svg_attribute_removals_median,count,0,100.0
Atlas,1c2e54b3b8df+bench,SVG,instrument-2026-10-07T06-46-37.937Z,points-5000-seed-41544c53,add-100,svg_attribute_removals_p95,count,0,100.0
Atlas,1c2e54b3b8df+bench,SVG,instrument-2026-10-07T06-46-37.937Z,points-5000-seed-41544c53,add-100,svg_attribute_removals_max,count,0,100.0
Atlas,1c2e54b3b8df+bench,SVG,instrument-2026-10-07T06-46-37.937Z,points-5000-seed-41544c53,add-100,renderer_calls_n,count,0,1
Atlas,1c2e54b3b8df+bench,SVG,instrument-2026-10-07T06-46-37.937Z,points-5000-seed-41544c53,add-100,renderer_calls_median,count,0,1.0
Atlas,1c2e54b3b8df+bench,SVG,instrument-2026-10-07T06-46-37.937Z,points-5000-seed-41544c53,add-100,renderer_calls_p95,count,0,1.0
Atlas,1c2e54b3b8df+bench,SVG,instrument-2026-10-07T06-46-37.937Z,points-5000-seed-41544c53,add-100,renderer_calls_max,count,0,1.0
Atlas,1c2e54b3b8df+bench,SVG,instrument-2026-10-07T06-46-37.937Z,points-5000-seed-41544c53,add-100,layout_rect_reads_n,count,0,1
Atlas,1c2e54b3b8df+bench,SVG,instrument-2026-10-07T06-46-37.937Z,points-5000-seed-41544c53,add-100,layout_rect_reads_median,count,0,0.0
Atlas,1c2e54b3b8df+bench,SVG,instrument-2026-10-07T06-46-37.937Z,points-5000-seed-41544c53,add-100,layout_rect_reads_p95,count,0,0.0
Atlas,1c2e54b3b8df+bench,SVG,instrument-2026-10-07T06-46-37.937Z,points-5000-seed-41544c53,add-100,layout_rect_reads_max,count,0,0.0
Atlas,1c2e54b3b8df+bench,SVG,instrument-2026-10-07T06-46-37.937Z,points-5000-seed-41544c53,add-100,instrumented_renderer_callback_ms_n,count,0,1
Atlas,1c2e54b3b8df+bench,SVG,instrument-2026-10-07T06-46-37.937Z,points-5000-seed-41544c53,add-100,instrumented_renderer_callback_ms_median,ms,0,2.4
Atlas,1c2e54b3b8df+bench,SVG,instrument-2026-10-07T06-46-37.937Z,points-5000-seed-41544c53,add-100,instrumented_renderer_callback_ms_p95,ms,0,2.4
Atlas,1c2e54b3b8df+bench,SVG,instrument-2026-10-07T06-46-37.937Z,points-5000-seed-41544c53,add-100,instrumented_renderer_callback_ms_max,ms,0,2.4
Atlas,1c2e54b3b8df+bench,SVG,instrument-2026-10-07T06-46-37.937Z,points-5000-seed-41544c53,add-100,cleanup_renderer_calls_n,count,0,1
Atlas,1c2e54b3b8df+bench,SVG,instrument-2026-10-07T06-46-37.937Z,points-5000-seed-41544c53,add-100,cleanup_renderer_calls_median,count,0,0.0
Atlas,1c2e54b3b8df+bench,SVG,instrument-2026-10-07T06-46-37.937Z,points-5000-seed-41544c53,add-100,cleanup_renderer_calls_p95,count,0,0.0
Atlas,1c2e54b3b8df+bench,SVG,instrument-2026-10-07T06-46-37.937Z,points-5000-seed-41544c53,add-100,cleanup_renderer_calls_max,count,0,0.0
Atlas,1c2e54b3b8df+bench,SVG,instrument-2026-10-07T06-46-37.937Z,points-5000-seed-41544c53,add-100,cleanup_stage_children_n,count,0,1
Atlas,1c2e54b3b8df+bench,SVG,instrument-2026-10-07T06-46-37.937Z,points-5000-seed-41544c53,add-100,cleanup_stage_children_median,count,0,0.0
Atlas,1c2e54b3b8df+bench,SVG,instrument-2026-10-07T06-46-37.937Z,points-5000-seed-41544c53,add-100,cleanup_stage_children_p95,count,0,0.0
Atlas,1c2e54b3b8df+bench,SVG,instrument-2026-10-07T06-46-37.937Z,points-5000-seed-41544c53,add-100,cleanup_stage_children_max,count,0,0.0
Atlas,1c2e54b3b8df+bench,SVG,instrument-2026-10-07T06-46-37.937Z,points-5000-seed-41544c53,add-500,operation_sync_ms_n,count,0,1
Atlas,1c2e54b3b8df+bench,SVG,instrument-2026-10-07T06-46-37.937Z,points-5000-seed-41544c53,add-500,operation_sync_ms_median,ms,0,211.0
Atlas,1c2e54b3b8df+bench,SVG,instrument-2026-10-07T06-46-37.937Z,points-5000-seed-41544c53,add-500,operation_sync_ms_p95,ms,0,211.0
Atlas,1c2e54b3b8df+bench,SVG,instrument-2026-10-07T06-46-37.937Z,points-5000-seed-41544c53,add-500,operation_sync_ms_max,ms,0,211.0
Atlas,1c2e54b3b8df+bench,SVG,instrument-2026-10-07T06-46-37.937Z,points-5000-seed-41544c53,add-500,cumulative_operation_ms_n,count,0,5
Atlas,1c2e54b3b8df+bench,SVG,instrument-2026-10-07T06-46-37.937Z,points-5000-seed-41544c53,add-500,cumulative_operation_ms_median,ms,0,125.6
Atlas,1c2e54b3b8df+bench,SVG,instrument-2026-10-07T06-46-37.937Z,points-5000-seed-41544c53,add-500,cumulative_operation_ms_p95,ms,0,211.0
Atlas,1c2e54b3b8df+bench,SVG,instrument-2026-10-07T06-46-37.937Z,points-5000-seed-41544c53,add-500,cumulative_operation_ms_max,ms,0,211.0
Atlas,1c2e54b3b8df+bench,SVG,instrument-2026-10-07T06-46-37.937Z,points-5000-seed-41544c53,add-500,operation_to_raf_opportunities_ms_n,count,0,1
Atlas,1c2e54b3b8df+bench,SVG,instrument-2026-10-07T06-46-37.937Z,points-5000-seed-41544c53,add-500,operation_to_raf_opportunities_ms_median,ms,0,232.0
Atlas,1c2e54b3b8df+bench,SVG,instrument-2026-10-07T06-46-37.937Z,points-5000-seed-41544c53,add-500,operation_to_raf_opportunities_ms_p95,ms,0,232.0
Atlas,1c2e54b3b8df+bench,SVG,instrument-2026-10-07T06-46-37.937Z,points-5000-seed-41544c53,add-500,operation_to_raf_opportunities_ms_max,ms,0,232.0
Atlas,1c2e54b3b8df+bench,SVG,instrument-2026-10-07T06-46-37.937Z,points-5000-seed-41544c53,add-500,root_iterator_creations_n,count,0,1
Atlas,1c2e54b3b8df+bench,SVG,instrument-2026-10-07T06-46-37.937Z,points-5000-seed-41544c53,add-500,root_iterator_creations_median,count,0,502.0
Atlas,1c2e54b3b8df+bench,SVG,instrument-2026-10-07T06-46-37.937Z,points-5000-seed-41544c53,add-500,root_iterator_creations_p95,count,0,502.0
Atlas,1c2e54b3b8df+bench,SVG,instrument-2026-10-07T06-46-37.937Z,points-5000-seed-41544c53,add-500,root_iterator_creations_max,count,0,502.0
Atlas,1c2e54b3b8df+bench,SVG,instrument-2026-10-07T06-46-37.937Z,points-5000-seed-41544c53,add-500,root_iterator_next_calls_n,count,0,1
Atlas,1c2e54b3b8df+bench,SVG,instrument-2026-10-07T06-46-37.937Z,points-5000-seed-41544c53,add-500,root_iterator_next_calls_median,count,0,2635752.0
Atlas,1c2e54b3b8df+bench,SVG,instrument-2026-10-07T06-46-37.937Z,points-5000-seed-41544c53,add-500,root_iterator_next_calls_p95,count,0,2635752.0
Atlas,1c2e54b3b8df+bench,SVG,instrument-2026-10-07T06-46-37.937Z,points-5000-seed-41544c53,add-500,root_iterator_next_calls_max,count,0,2635752.0
Atlas,1c2e54b3b8df+bench,SVG,instrument-2026-10-07T06-46-37.937Z,points-5000-seed-41544c53,add-500,renderer_scene_reads_n,count,0,1
Atlas,1c2e54b3b8df+bench,SVG,instrument-2026-10-07T06-46-37.937Z,points-5000-seed-41544c53,add-500,renderer_scene_reads_median,count,0,1.0
Atlas,1c2e54b3b8df+bench,SVG,instrument-2026-10-07T06-46-37.937Z,points-5000-seed-41544c53,add-500,renderer_scene_reads_p95,count,0,1.0
Atlas,1c2e54b3b8df+bench,SVG,instrument-2026-10-07T06-46-37.937Z,points-5000-seed-41544c53,add-500,renderer_scene_reads_max,count,0,1.0
Atlas,1c2e54b3b8df+bench,SVG,instrument-2026-10-07T06-46-37.937Z,points-5000-seed-41544c53,add-500,renderer_scene_membership_changes_n,count,0,1
Atlas,1c2e54b3b8df+bench,SVG,instrument-2026-10-07T06-46-37.937Z,points-5000-seed-41544c53,add-500,renderer_scene_membership_changes_median,count,0,1.0
Atlas,1c2e54b3b8df+bench,SVG,instrument-2026-10-07T06-46-37.937Z,points-5000-seed-41544c53,add-500,renderer_scene_membership_changes_p95,count,0,1.0
Atlas,1c2e54b3b8df+bench,SVG,instrument-2026-10-07T06-46-37.937Z,points-5000-seed-41544c53,add-500,renderer_scene_membership_changes_max,count,0,1.0
Atlas,1c2e54b3b8df+bench,SVG,instrument-2026-10-07T06-46-37.937Z,points-5000-seed-41544c53,add-500,svg_attribute_writes_n,count,0,1
Atlas,1c2e54b3b8df+bench,SVG,instrument-2026-10-07T06-46-37.937Z,points-5000-seed-41544c53,add-500,svg_attribute_writes_median,count,0,4000.0
Atlas,1c2e54b3b8df+bench,SVG,instrument-2026-10-07T06-46-37.937Z,points-5000-seed-41544c53,add-500,svg_attribute_writes_p95,count,0,4000.0
Atlas,1c2e54b3b8df+bench,SVG,instrument-2026-10-07T06-46-37.937Z,points-5000-seed-41544c53,add-500,svg_attribute_writes_max,count,0,4000.0
Atlas,1c2e54b3b8df+bench,SVG,instrument-2026-10-07T06-46-37.937Z,points-5000-seed-41544c53,add-500,svg_attribute_removals_n,count,0,1
Atlas,1c2e54b3b8df+bench,SVG,instrument-2026-10-07T06-46-37.937Z,points-5000-seed-41544c53,add-500,svg_attribute_removals_median,count,0,500.0
Atlas,1c2e54b3b8df+bench,SVG,instrument-2026-10-07T06-46-37.937Z,points-5000-seed-41544c53,add-500,svg_attribute_removals_p95,count,0,500.0
Atlas,1c2e54b3b8df+bench,SVG,instrument-2026-10-07T06-46-37.937Z,points-5000-seed-41544c53,add-500,svg_attribute_removals_max,count,0,500.0
Atlas,1c2e54b3b8df+bench,SVG,instrument-2026-10-07T06-46-37.937Z,points-5000-seed-41544c53,add-500,renderer_calls_n,count,0,1
Atlas,1c2e54b3b8df+bench,SVG,instrument-2026-10-07T06-46-37.937Z,points-5000-seed-41544c53,add-500,renderer_calls_median,count,0,1.0
Atlas,1c2e54b3b8df+bench,SVG,instrument-2026-10-07T06-46-37.937Z,points-5000-seed-41544c53,add-500,renderer_calls_p95,count,0,1.0
Atlas,1c2e54b3b8df+bench,SVG,instrument-2026-10-07T06-46-37.937Z,points-5000-seed-41544c53,add-500,renderer_calls_max,count,0,1.0
Atlas,1c2e54b3b8df+bench,SVG,instrument-2026-10-07T06-46-37.937Z,points-5000-seed-41544c53,add-500,layout_rect_reads_n,count,0,1
Atlas,1c2e54b3b8df+bench,SVG,instrument-2026-10-07T06-46-37.937Z,points-5000-seed-41544c53,add-500,layout_rect_reads_median,count,0,0.0
Atlas,1c2e54b3b8df+bench,SVG,instrument-2026-10-07T06-46-37.937Z,points-5000-seed-41544c53,add-500,layout_rect_reads_p95,count,0,0.0
Atlas,1c2e54b3b8df+bench,SVG,instrument-2026-10-07T06-46-37.937Z,points-5000-seed-41544c53,add-500,layout_rect_reads_max,count,0,0.0
Atlas,1c2e54b3b8df+bench,SVG,instrument-2026-10-07T06-46-37.937Z,points-5000-seed-41544c53,add-500,instrumented_renderer_callback_ms_n,count,0,1
Atlas,1c2e54b3b8df+bench,SVG,instrument-2026-10-07T06-46-37.937Z,points-5000-seed-41544c53,add-500,instrumented_renderer_callback_ms_median,ms,0,3.4
Atlas,1c2e54b3b8df+bench,SVG,instrument-2026-10-07T06-46-37.937Z,points-5000-seed-41544c53,add-500,instrumented_renderer_callback_ms_p95,ms,0,3.4
Atlas,1c2e54b3b8df+bench,SVG,instrument-2026-10-07T06-46-37.937Z,points-5000-seed-41544c53,add-500,instrumented_renderer_callback_ms_max,ms,0,3.4
Atlas,1c2e54b3b8df+bench,SVG,instrument-2026-10-07T06-46-37.937Z,points-5000-seed-41544c53,add-500,cleanup_renderer_calls_n,count,0,1
Atlas,1c2e54b3b8df+bench,SVG,instrument-2026-10-07T06-46-37.937Z,points-5000-seed-41544c53,add-500,cleanup_renderer_calls_median,count,0,0.0
Atlas,1c2e54b3b8df+bench,SVG,instrument-2026-10-07T06-46-37.937Z,points-5000-seed-41544c53,add-500,cleanup_renderer_calls_p95,count,0,0.0
Atlas,1c2e54b3b8df+bench,SVG,instrument-2026-10-07T06-46-37.937Z,points-5000-seed-41544c53,add-500,cleanup_renderer_calls_max,count,0,0.0
Atlas,1c2e54b3b8df+bench,SVG,instrument-2026-10-07T06-46-37.937Z,points-5000-seed-41544c53,add-500,cleanup_stage_children_n,count,0,1
Atlas,1c2e54b3b8df+bench,SVG,instrument-2026-10-07T06-46-37.937Z,points-5000-seed-41544c53,add-500,cleanup_stage_children_median,count,0,0.0
Atlas,1c2e54b3b8df+bench,SVG,instrument-2026-10-07T06-46-37.937Z,points-5000-seed-41544c53,add-500,cleanup_stage_children_p95,count,0,0.0
Atlas,1c2e54b3b8df+bench,SVG,instrument-2026-10-07T06-46-37.937Z,points-5000-seed-41544c53,add-500,cleanup_stage_children_max,count,0,0.0
Atlas,1c2e54b3b8df+bench,SVG,instrument-2026-10-07T06-46-37.937Z,points-5000-seed-41544c53,add-1000,operation_sync_ms_n,count,0,1
Atlas,1c2e54b3b8df+bench,SVG,instrument-2026-10-07T06-46-37.937Z,points-5000-seed-41544c53,add-1000,operation_sync_ms_median,ms,0,468.5
Atlas,1c2e54b3b8df+bench,SVG,instrument-2026-10-07T06-46-37.937Z,points-5000-seed-41544c53,add-1000,operation_sync_ms_p95,ms,0,468.5
Atlas,1c2e54b3b8df+bench,SVG,instrument-2026-10-07T06-46-37.937Z,points-5000-seed-41544c53,add-1000,operation_sync_ms_max,ms,0,468.5
Atlas,1c2e54b3b8df+bench,SVG,instrument-2026-10-07T06-46-37.937Z,points-5000-seed-41544c53,add-1000,cumulative_operation_ms_n,count,0,10
Atlas,1c2e54b3b8df+bench,SVG,instrument-2026-10-07T06-46-37.937Z,points-5000-seed-41544c53,add-1000,cumulative_operation_ms_median,ms,0,257.55
Atlas,1c2e54b3b8df+bench,SVG,instrument-2026-10-07T06-46-37.937Z,points-5000-seed-41544c53,add-1000,cumulative_operation_ms_p95,ms,0,468.5
Atlas,1c2e54b3b8df+bench,SVG,instrument-2026-10-07T06-46-37.937Z,points-5000-seed-41544c53,add-1000,cumulative_operation_ms_max,ms,0,468.5
Atlas,1c2e54b3b8df+bench,SVG,instrument-2026-10-07T06-46-37.937Z,points-5000-seed-41544c53,add-1000,operation_to_raf_opportunities_ms_n,count,0,1
Atlas,1c2e54b3b8df+bench,SVG,instrument-2026-10-07T06-46-37.937Z,points-5000-seed-41544c53,add-1000,operation_to_raf_opportunities_ms_median,ms,0,494.3
Atlas,1c2e54b3b8df+bench,SVG,instrument-2026-10-07T06-46-37.937Z,points-5000-seed-41544c53,add-1000,operation_to_raf_opportunities_ms_p95,ms,0,494.3
Atlas,1c2e54b3b8df+bench,SVG,instrument-2026-10-07T06-46-37.937Z,points-5000-seed-41544c53,add-1000,operation_to_raf_opportunities_ms_max,ms,0,494.3
Atlas,1c2e54b3b8df+bench,SVG,instrument-2026-10-07T06-46-37.937Z,points-5000-seed-41544c53,add-1000,root_iterator_creations_n,count,0,1
Atlas,1c2e54b3b8df+bench,SVG,instrument-2026-10-07T06-46-37.937Z,points-5000-seed-41544c53,add-1000,root_iterator_creations_median,count,0,1002.0
Atlas,1c2e54b3b8df+bench,SVG,instrument-2026-10-07T06-46-37.937Z,points-5000-seed-41544c53,add-1000,root_iterator_creations_p95,count,0,1002.0
Atlas,1c2e54b3b8df+bench,SVG,instrument-2026-10-07T06-46-37.937Z,points-5000-seed-41544c53,add-1000,root_iterator_creations_max,count,0,1002.0
Atlas,1c2e54b3b8df+bench,SVG,instrument-2026-10-07T06-46-37.937Z,points-5000-seed-41544c53,add-1000,root_iterator_next_calls_n,count,0,1
Atlas,1c2e54b3b8df+bench,SVG,instrument-2026-10-07T06-46-37.937Z,points-5000-seed-41544c53,add-1000,root_iterator_next_calls_median,count,0,5511502.0
Atlas,1c2e54b3b8df+bench,SVG,instrument-2026-10-07T06-46-37.937Z,points-5000-seed-41544c53,add-1000,root_iterator_next_calls_p95,count,0,5511502.0
Atlas,1c2e54b3b8df+bench,SVG,instrument-2026-10-07T06-46-37.937Z,points-5000-seed-41544c53,add-1000,root_iterator_next_calls_max,count,0,5511502.0
Atlas,1c2e54b3b8df+bench,SVG,instrument-2026-10-07T06-46-37.937Z,points-5000-seed-41544c53,add-1000,renderer_scene_reads_n,count,0,1
Atlas,1c2e54b3b8df+bench,SVG,instrument-2026-10-07T06-46-37.937Z,points-5000-seed-41544c53,add-1000,renderer_scene_reads_median,count,0,1.0
Atlas,1c2e54b3b8df+bench,SVG,instrument-2026-10-07T06-46-37.937Z,points-5000-seed-41544c53,add-1000,renderer_scene_reads_p95,count,0,1.0
Atlas,1c2e54b3b8df+bench,SVG,instrument-2026-10-07T06-46-37.937Z,points-5000-seed-41544c53,add-1000,renderer_scene_reads_max,count,0,1.0
Atlas,1c2e54b3b8df+bench,SVG,instrument-2026-10-07T06-46-37.937Z,points-5000-seed-41544c53,add-1000,renderer_scene_membership_changes_n,count,0,1
Atlas,1c2e54b3b8df+bench,SVG,instrument-2026-10-07T06-46-37.937Z,points-5000-seed-41544c53,add-1000,renderer_scene_membership_changes_median,count,0,1.0
Atlas,1c2e54b3b8df+bench,SVG,instrument-2026-10-07T06-46-37.937Z,points-5000-seed-41544c53,add-1000,renderer_scene_membership_changes_p95,count,0,1.0
Atlas,1c2e54b3b8df+bench,SVG,instrument-2026-10-07T06-46-37.937Z,points-5000-seed-41544c53,add-1000,renderer_scene_membership_changes_max,count,0,1.0
Atlas,1c2e54b3b8df+bench,SVG,instrument-2026-10-07T06-46-37.937Z,points-5000-seed-41544c53,add-1000,svg_attribute_writes_n,count,0,1
Atlas,1c2e54b3b8df+bench,SVG,instrument-2026-10-07T06-46-37.937Z,points-5000-seed-41544c53,add-1000,svg_attribute_writes_median,count,0,8000.0
Atlas,1c2e54b3b8df+bench,SVG,instrument-2026-10-07T06-46-37.937Z,points-5000-seed-41544c53,add-1000,svg_attribute_writes_p95,count,0,8000.0
Atlas,1c2e54b3b8df+bench,SVG,instrument-2026-10-07T06-46-37.937Z,points-5000-seed-41544c53,add-1000,svg_attribute_writes_max,count,0,8000.0
Atlas,1c2e54b3b8df+bench,SVG,instrument-2026-10-07T06-46-37.937Z,points-5000-seed-41544c53,add-1000,svg_attribute_removals_n,count,0,1
Atlas,1c2e54b3b8df+bench,SVG,instrument-2026-10-07T06-46-37.937Z,points-5000-seed-41544c53,add-1000,svg_attribute_removals_median,count,0,1000.0
Atlas,1c2e54b3b8df+bench,SVG,instrument-2026-10-07T06-46-37.937Z,points-5000-seed-41544c53,add-1000,svg_attribute_removals_p95,count,0,1000.0
Atlas,1c2e54b3b8df+bench,SVG,instrument-2026-10-07T06-46-37.937Z,points-5000-seed-41544c53,add-1000,svg_attribute_removals_max,count,0,1000.0
Atlas,1c2e54b3b8df+bench,SVG,instrument-2026-10-07T06-46-37.937Z,points-5000-seed-41544c53,add-1000,renderer_calls_n,count,0,1
Atlas,1c2e54b3b8df+bench,SVG,instrument-2026-10-07T06-46-37.937Z,points-5000-seed-41544c53,add-1000,renderer_calls_median,count,0,1.0
Atlas,1c2e54b3b8df+bench,SVG,instrument-2026-10-07T06-46-37.937Z,points-5000-seed-41544c53,add-1000,renderer_calls_p95,count,0,1.0
Atlas,1c2e54b3b8df+bench,SVG,instrument-2026-10-07T06-46-37.937Z,points-5000-seed-41544c53,add-1000,renderer_calls_max,count,0,1.0
Atlas,1c2e54b3b8df+bench,SVG,instrument-2026-10-07T06-46-37.937Z,points-5000-seed-41544c53,add-1000,layout_rect_reads_n,count,0,1
Atlas,1c2e54b3b8df+bench,SVG,instrument-2026-10-07T06-46-37.937Z,points-5000-seed-41544c53,add-1000,layout_rect_reads_median,count,0,0.0
Atlas,1c2e54b3b8df+bench,SVG,instrument-2026-10-07T06-46-37.937Z,points-5000-seed-41544c53,add-1000,layout_rect_reads_p95,count,0,0.0
Atlas,1c2e54b3b8df+bench,SVG,instrument-2026-10-07T06-46-37.937Z,points-5000-seed-41544c53,add-1000,layout_rect_reads_max,count,0,0.0
Atlas,1c2e54b3b8df+bench,SVG,instrument-2026-10-07T06-46-37.937Z,points-5000-seed-41544c53,add-1000,instrumented_renderer_callback_ms_n,count,0,1
Atlas,1c2e54b3b8df+bench,SVG,instrument-2026-10-07T06-46-37.937Z,points-5000-seed-41544c53,add-1000,instrumented_renderer_callback_ms_median,ms,0,5.2
Atlas,1c2e54b3b8df+bench,SVG,instrument-2026-10-07T06-46-37.937Z,points-5000-seed-41544c53,add-1000,instrumented_renderer_callback_ms_p95,ms,0,5.2
Atlas,1c2e54b3b8df+bench,SVG,instrument-2026-10-07T06-46-37.937Z,points-5000-seed-41544c53,add-1000,instrumented_renderer_callback_ms_max,ms,0,5.2
Atlas,1c2e54b3b8df+bench,SVG,instrument-2026-10-07T06-46-37.937Z,points-5000-seed-41544c53,add-1000,cleanup_renderer_calls_n,count,0,1
Atlas,1c2e54b3b8df+bench,SVG,instrument-2026-10-07T06-46-37.937Z,points-5000-seed-41544c53,add-1000,cleanup_renderer_calls_median,count,0,0.0
Atlas,1c2e54b3b8df+bench,SVG,instrument-2026-10-07T06-46-37.937Z,points-5000-seed-41544c53,add-1000,cleanup_renderer_calls_p95,count,0,0.0
Atlas,1c2e54b3b8df+bench,SVG,instrument-2026-10-07T06-46-37.937Z,points-5000-seed-41544c53,add-1000,cleanup_renderer_calls_max,count,0,0.0
Atlas,1c2e54b3b8df+bench,SVG,instrument-2026-10-07T06-46-37.937Z,points-5000-seed-41544c53,add-1000,cleanup_stage_children_n,count,0,1
Atlas,1c2e54b3b8df+bench,SVG,instrument-2026-10-07T06-46-37.937Z,points-5000-seed-41544c53,add-1000,cleanup_stage_children_median,count,0,0.0
Atlas,1c2e54b3b8df+bench,SVG,instrument-2026-10-07T06-46-37.937Z,points-5000-seed-41544c53,add-1000,cleanup_stage_children_p95,count,0,0.0
Atlas,1c2e54b3b8df+bench,SVG,instrument-2026-10-07T06-46-37.937Z,points-5000-seed-41544c53,add-1000,cleanup_stage_children_max,count,0,0.0
Atlas,1c2e54b3b8df+bench,SVG,instrument-2026-10-07T06-46-37.937Z,points-5000-seed-41544c53,remove-100,operation_sync_ms_n,count,0,1
Atlas,1c2e54b3b8df+bench,SVG,instrument-2026-10-07T06-46-37.937Z,points-5000-seed-41544c53,remove-100,operation_sync_ms_median,ms,0,48.7
Atlas,1c2e54b3b8df+bench,SVG,instrument-2026-10-07T06-46-37.937Z,points-5000-seed-41544c53,remove-100,operation_sync_ms_p95,ms,0,48.7
Atlas,1c2e54b3b8df+bench,SVG,instrument-2026-10-07T06-46-37.937Z,points-5000-seed-41544c53,remove-100,operation_sync_ms_max,ms,0,48.7
Atlas,1c2e54b3b8df+bench,SVG,instrument-2026-10-07T06-46-37.937Z,points-5000-seed-41544c53,remove-100,cumulative_operation_ms_n,count,0,1
Atlas,1c2e54b3b8df+bench,SVG,instrument-2026-10-07T06-46-37.937Z,points-5000-seed-41544c53,remove-100,cumulative_operation_ms_median,ms,0,48.7
Atlas,1c2e54b3b8df+bench,SVG,instrument-2026-10-07T06-46-37.937Z,points-5000-seed-41544c53,remove-100,cumulative_operation_ms_p95,ms,0,48.7
Atlas,1c2e54b3b8df+bench,SVG,instrument-2026-10-07T06-46-37.937Z,points-5000-seed-41544c53,remove-100,cumulative_operation_ms_max,ms,0,48.7
Atlas,1c2e54b3b8df+bench,SVG,instrument-2026-10-07T06-46-37.937Z,points-5000-seed-41544c53,remove-100,operation_to_raf_opportunities_ms_n,count,0,1
Atlas,1c2e54b3b8df+bench,SVG,instrument-2026-10-07T06-46-37.937Z,points-5000-seed-41544c53,remove-100,operation_to_raf_opportunities_ms_median,ms,0,65.0
Atlas,1c2e54b3b8df+bench,SVG,instrument-2026-10-07T06-46-37.937Z,points-5000-seed-41544c53,remove-100,operation_to_raf_opportunities_ms_p95,ms,0,65.0
Atlas,1c2e54b3b8df+bench,SVG,instrument-2026-10-07T06-46-37.937Z,points-5000-seed-41544c53,remove-100,operation_to_raf_opportunities_ms_max,ms,0,65.0
Atlas,1c2e54b3b8df+bench,SVG,instrument-2026-10-07T06-46-37.937Z,points-5000-seed-41544c53,remove-100,root_iterator_creations_n,count,0,1
Atlas,1c2e54b3b8df+bench,SVG,instrument-2026-10-07T06-46-37.937Z,points-5000-seed-41544c53,remove-100,root_iterator_creations_median,count,0,102.0
Atlas,1c2e54b3b8df+bench,SVG,instrument-2026-10-07T06-46-37.937Z,points-5000-seed-41544c53,remove-100,root_iterator_creations_p95,count,0,102.0
Atlas,1c2e54b3b8df+bench,SVG,instrument-2026-10-07T06-46-37.937Z,points-5000-seed-41544c53,remove-100,root_iterator_creations_max,count,0,102.0
Atlas,1c2e54b3b8df+bench,SVG,instrument-2026-10-07T06-46-37.937Z,points-5000-seed-41544c53,remove-100,root_iterator_next_calls_n,count,0,1
Atlas,1c2e54b3b8df+bench,SVG,instrument-2026-10-07T06-46-37.937Z,points-5000-seed-41544c53,remove-100,root_iterator_next_calls_median,count,0,504952.0
Atlas,1c2e54b3b8df+bench,SVG,instrument-2026-10-07T06-46-37.937Z,points-5000-seed-41544c53,remove-100,root_iterator_next_calls_p95,count,0,504952.0
Atlas,1c2e54b3b8df+bench,SVG,instrument-2026-10-07T06-46-37.937Z,points-5000-seed-41544c53,remove-100,root_iterator_next_calls_max,count,0,504952.0
Atlas,1c2e54b3b8df+bench,SVG,instrument-2026-10-07T06-46-37.937Z,points-5000-seed-41544c53,remove-100,renderer_scene_reads_n,count,0,1
Atlas,1c2e54b3b8df+bench,SVG,instrument-2026-10-07T06-46-37.937Z,points-5000-seed-41544c53,remove-100,renderer_scene_reads_median,count,0,1.0
Atlas,1c2e54b3b8df+bench,SVG,instrument-2026-10-07T06-46-37.937Z,points-5000-seed-41544c53,remove-100,renderer_scene_reads_p95,count,0,1.0
Atlas,1c2e54b3b8df+bench,SVG,instrument-2026-10-07T06-46-37.937Z,points-5000-seed-41544c53,remove-100,renderer_scene_reads_max,count,0,1.0
Atlas,1c2e54b3b8df+bench,SVG,instrument-2026-10-07T06-46-37.937Z,points-5000-seed-41544c53,remove-100,renderer_scene_membership_changes_n,count,0,1
Atlas,1c2e54b3b8df+bench,SVG,instrument-2026-10-07T06-46-37.937Z,points-5000-seed-41544c53,remove-100,renderer_scene_membership_changes_median,count,0,1.0
Atlas,1c2e54b3b8df+bench,SVG,instrument-2026-10-07T06-46-37.937Z,points-5000-seed-41544c53,remove-100,renderer_scene_membership_changes_p95,count,0,1.0
Atlas,1c2e54b3b8df+bench,SVG,instrument-2026-10-07T06-46-37.937Z,points-5000-seed-41544c53,remove-100,renderer_scene_membership_changes_max,count,0,1.0
Atlas,1c2e54b3b8df+bench,SVG,instrument-2026-10-07T06-46-37.937Z,points-5000-seed-41544c53,remove-100,renderer_calls_n,count,0,1
Atlas,1c2e54b3b8df+bench,SVG,instrument-2026-10-07T06-46-37.937Z,points-5000-seed-41544c53,remove-100,renderer_calls_median,count,0,1.0
Atlas,1c2e54b3b8df+bench,SVG,instrument-2026-10-07T06-46-37.937Z,points-5000-seed-41544c53,remove-100,renderer_calls_p95,count,0,1.0
Atlas,1c2e54b3b8df+bench,SVG,instrument-2026-10-07T06-46-37.937Z,points-5000-seed-41544c53,remove-100,renderer_calls_max,count,0,1.0
Atlas,1c2e54b3b8df+bench,SVG,instrument-2026-10-07T06-46-37.937Z,points-5000-seed-41544c53,remove-100,layout_rect_reads_n,count,0,1
Atlas,1c2e54b3b8df+bench,SVG,instrument-2026-10-07T06-46-37.937Z,points-5000-seed-41544c53,remove-100,layout_rect_reads_median,count,0,0.0
Atlas,1c2e54b3b8df+bench,SVG,instrument-2026-10-07T06-46-37.937Z,points-5000-seed-41544c53,remove-100,layout_rect_reads_p95,count,0,0.0
Atlas,1c2e54b3b8df+bench,SVG,instrument-2026-10-07T06-46-37.937Z,points-5000-seed-41544c53,remove-100,layout_rect_reads_max,count,0,0.0
Atlas,1c2e54b3b8df+bench,SVG,instrument-2026-10-07T06-46-37.937Z,points-5000-seed-41544c53,remove-100,instrumented_renderer_callback_ms_n,count,0,1
Atlas,1c2e54b3b8df+bench,SVG,instrument-2026-10-07T06-46-37.937Z,points-5000-seed-41544c53,remove-100,instrumented_renderer_callback_ms_median,ms,0,1.9
Atlas,1c2e54b3b8df+bench,SVG,instrument-2026-10-07T06-46-37.937Z,points-5000-seed-41544c53,remove-100,instrumented_renderer_callback_ms_p95,ms,0,1.9
Atlas,1c2e54b3b8df+bench,SVG,instrument-2026-10-07T06-46-37.937Z,points-5000-seed-41544c53,remove-100,instrumented_renderer_callback_ms_max,ms,0,1.9
Atlas,1c2e54b3b8df+bench,SVG,instrument-2026-10-07T06-46-37.937Z,points-5000-seed-41544c53,remove-100,cleanup_renderer_calls_n,count,0,1
Atlas,1c2e54b3b8df+bench,SVG,instrument-2026-10-07T06-46-37.937Z,points-5000-seed-41544c53,remove-100,cleanup_renderer_calls_median,count,0,0.0
Atlas,1c2e54b3b8df+bench,SVG,instrument-2026-10-07T06-46-37.937Z,points-5000-seed-41544c53,remove-100,cleanup_renderer_calls_p95,count,0,0.0
Atlas,1c2e54b3b8df+bench,SVG,instrument-2026-10-07T06-46-37.937Z,points-5000-seed-41544c53,remove-100,cleanup_renderer_calls_max,count,0,0.0
Atlas,1c2e54b3b8df+bench,SVG,instrument-2026-10-07T06-46-37.937Z,points-5000-seed-41544c53,remove-100,cleanup_stage_children_n,count,0,1
Atlas,1c2e54b3b8df+bench,SVG,instrument-2026-10-07T06-46-37.937Z,points-5000-seed-41544c53,remove-100,cleanup_stage_children_median,count,0,0.0
Atlas,1c2e54b3b8df+bench,SVG,instrument-2026-10-07T06-46-37.937Z,points-5000-seed-41544c53,remove-100,cleanup_stage_children_p95,count,0,0.0
Atlas,1c2e54b3b8df+bench,SVG,instrument-2026-10-07T06-46-37.937Z,points-5000-seed-41544c53,remove-100,cleanup_stage_children_max,count,0,0.0
Atlas,1c2e54b3b8df+bench,SVG,instrument-2026-10-07T06-46-37.937Z,points-5000-seed-41544c53,remove-500,operation_sync_ms_n,count,0,1
Atlas,1c2e54b3b8df+bench,SVG,instrument-2026-10-07T06-46-37.937Z,points-5000-seed-41544c53,remove-500,operation_sync_ms_median,ms,0,215.5
Atlas,1c2e54b3b8df+bench,SVG,instrument-2026-10-07T06-46-37.937Z,points-5000-seed-41544c53,remove-500,operation_sync_ms_p95,ms,0,215.5
Atlas,1c2e54b3b8df+bench,SVG,instrument-2026-10-07T06-46-37.937Z,points-5000-seed-41544c53,remove-500,operation_sync_ms_max,ms,0,215.5
Atlas,1c2e54b3b8df+bench,SVG,instrument-2026-10-07T06-46-37.937Z,points-5000-seed-41544c53,remove-500,cumulative_operation_ms_n,count,0,5
Atlas,1c2e54b3b8df+bench,SVG,instrument-2026-10-07T06-46-37.937Z,points-5000-seed-41544c53,remove-500,cumulative_operation_ms_median,ms,0,133.8
Atlas,1c2e54b3b8df+bench,SVG,instrument-2026-10-07T06-46-37.937Z,points-5000-seed-41544c53,remove-500,cumulative_operation_ms_p95,ms,0,215.5
Atlas,1c2e54b3b8df+bench,SVG,instrument-2026-10-07T06-46-37.937Z,points-5000-seed-41544c53,remove-500,cumulative_operation_ms_max,ms,0,215.5
Atlas,1c2e54b3b8df+bench,SVG,instrument-2026-10-07T06-46-37.937Z,points-5000-seed-41544c53,remove-500,operation_to_raf_opportunities_ms_n,count,0,1
Atlas,1c2e54b3b8df+bench,SVG,instrument-2026-10-07T06-46-37.937Z,points-5000-seed-41544c53,remove-500,operation_to_raf_opportunities_ms_median,ms,0,231.8
Atlas,1c2e54b3b8df+bench,SVG,instrument-2026-10-07T06-46-37.937Z,points-5000-seed-41544c53,remove-500,operation_to_raf_opportunities_ms_p95,ms,0,231.8
Atlas,1c2e54b3b8df+bench,SVG,instrument-2026-10-07T06-46-37.937Z,points-5000-seed-41544c53,remove-500,operation_to_raf_opportunities_ms_max,ms,0,231.8
Atlas,1c2e54b3b8df+bench,SVG,instrument-2026-10-07T06-46-37.937Z,points-5000-seed-41544c53,remove-500,root_iterator_creations_n,count,0,1
Atlas,1c2e54b3b8df+bench,SVG,instrument-2026-10-07T06-46-37.937Z,points-5000-seed-41544c53,remove-500,root_iterator_creations_median,count,0,502.0
Atlas,1c2e54b3b8df+bench,SVG,instrument-2026-10-07T06-46-37.937Z,points-5000-seed-41544c53,remove-500,root_iterator_creations_p95,count,0,502.0
Atlas,1c2e54b3b8df+bench,SVG,instrument-2026-10-07T06-46-37.937Z,points-5000-seed-41544c53,remove-500,root_iterator_creations_max,count,0,502.0
Atlas,1c2e54b3b8df+bench,SVG,instrument-2026-10-07T06-46-37.937Z,points-5000-seed-41544c53,remove-500,root_iterator_next_calls_n,count,0,1
Atlas,1c2e54b3b8df+bench,SVG,instrument-2026-10-07T06-46-37.937Z,points-5000-seed-41544c53,remove-500,root_iterator_next_calls_median,count,0,2384752.0
Atlas,1c2e54b3b8df+bench,SVG,instrument-2026-10-07T06-46-37.937Z,points-5000-seed-41544c53,remove-500,root_iterator_next_calls_p95,count,0,2384752.0
Atlas,1c2e54b3b8df+bench,SVG,instrument-2026-10-07T06-46-37.937Z,points-5000-seed-41544c53,remove-500,root_iterator_next_calls_max,count,0,2384752.0
Atlas,1c2e54b3b8df+bench,SVG,instrument-2026-10-07T06-46-37.937Z,points-5000-seed-41544c53,remove-500,renderer_scene_reads_n,count,0,1
Atlas,1c2e54b3b8df+bench,SVG,instrument-2026-10-07T06-46-37.937Z,points-5000-seed-41544c53,remove-500,renderer_scene_reads_median,count,0,1.0
Atlas,1c2e54b3b8df+bench,SVG,instrument-2026-10-07T06-46-37.937Z,points-5000-seed-41544c53,remove-500,renderer_scene_reads_p95,count,0,1.0
Atlas,1c2e54b3b8df+bench,SVG,instrument-2026-10-07T06-46-37.937Z,points-5000-seed-41544c53,remove-500,renderer_scene_reads_max,count,0,1.0
Atlas,1c2e54b3b8df+bench,SVG,instrument-2026-10-07T06-46-37.937Z,points-5000-seed-41544c53,remove-500,renderer_scene_membership_changes_n,count,0,1
Atlas,1c2e54b3b8df+bench,SVG,instrument-2026-10-07T06-46-37.937Z,points-5000-seed-41544c53,remove-500,renderer_scene_membership_changes_median,count,0,1.0
Atlas,1c2e54b3b8df+bench,SVG,instrument-2026-10-07T06-46-37.937Z,points-5000-seed-41544c53,remove-500,renderer_scene_membership_changes_p95,count,0,1.0
Atlas,1c2e54b3b8df+bench,SVG,instrument-2026-10-07T06-46-37.937Z,points-5000-seed-41544c53,remove-500,renderer_scene_membership_changes_max,count,0,1.0
Atlas,1c2e54b3b8df+bench,SVG,instrument-2026-10-07T06-46-37.937Z,points-5000-seed-41544c53,remove-500,renderer_calls_n,count,0,1
Atlas,1c2e54b3b8df+bench,SVG,instrument-2026-10-07T06-46-37.937Z,points-5000-seed-41544c53,remove-500,renderer_calls_median,count,0,1.0
Atlas,1c2e54b3b8df+bench,SVG,instrument-2026-10-07T06-46-37.937Z,points-5000-seed-41544c53,remove-500,renderer_calls_p95,count,0,1.0
Atlas,1c2e54b3b8df+bench,SVG,instrument-2026-10-07T06-46-37.937Z,points-5000-seed-41544c53,remove-500,renderer_calls_max,count,0,1.0
Atlas,1c2e54b3b8df+bench,SVG,instrument-2026-10-07T06-46-37.937Z,points-5000-seed-41544c53,remove-500,layout_rect_reads_n,count,0,1
Atlas,1c2e54b3b8df+bench,SVG,instrument-2026-10-07T06-46-37.937Z,points-5000-seed-41544c53,remove-500,layout_rect_reads_median,count,0,0.0
Atlas,1c2e54b3b8df+bench,SVG,instrument-2026-10-07T06-46-37.937Z,points-5000-seed-41544c53,remove-500,layout_rect_reads_p95,count,0,0.0
Atlas,1c2e54b3b8df+bench,SVG,instrument-2026-10-07T06-46-37.937Z,points-5000-seed-41544c53,remove-500,layout_rect_reads_max,count,0,0.0
Atlas,1c2e54b3b8df+bench,SVG,instrument-2026-10-07T06-46-37.937Z,points-5000-seed-41544c53,remove-500,instrumented_renderer_callback_ms_n,count,0,1
Atlas,1c2e54b3b8df+bench,SVG,instrument-2026-10-07T06-46-37.937Z,points-5000-seed-41544c53,remove-500,instrumented_renderer_callback_ms_median,ms,0,2.0
Atlas,1c2e54b3b8df+bench,SVG,instrument-2026-10-07T06-46-37.937Z,points-5000-seed-41544c53,remove-500,instrumented_renderer_callback_ms_p95,ms,0,2.0
Atlas,1c2e54b3b8df+bench,SVG,instrument-2026-10-07T06-46-37.937Z,points-5000-seed-41544c53,remove-500,instrumented_renderer_callback_ms_max,ms,0,2.0
Atlas,1c2e54b3b8df+bench,SVG,instrument-2026-10-07T06-46-37.937Z,points-5000-seed-41544c53,remove-500,cleanup_renderer_calls_n,count,0,1
Atlas,1c2e54b3b8df+bench,SVG,instrument-2026-10-07T06-46-37.937Z,points-5000-seed-41544c53,remove-500,cleanup_renderer_calls_median,count,0,0.0
Atlas,1c2e54b3b8df+bench,SVG,instrument-2026-10-07T06-46-37.937Z,points-5000-seed-41544c53,remove-500,cleanup_renderer_calls_p95,count,0,0.0
Atlas,1c2e54b3b8df+bench,SVG,instrument-2026-10-07T06-46-37.937Z,points-5000-seed-41544c53,remove-500,cleanup_renderer_calls_max,count,0,0.0
Atlas,1c2e54b3b8df+bench,SVG,instrument-2026-10-07T06-46-37.937Z,points-5000-seed-41544c53,remove-500,cleanup_stage_children_n,count,0,1
Atlas,1c2e54b3b8df+bench,SVG,instrument-2026-10-07T06-46-37.937Z,points-5000-seed-41544c53,remove-500,cleanup_stage_children_median,count,0,0.0
Atlas,1c2e54b3b8df+bench,SVG,instrument-2026-10-07T06-46-37.937Z,points-5000-seed-41544c53,remove-500,cleanup_stage_children_p95,count,0,0.0
Atlas,1c2e54b3b8df+bench,SVG,instrument-2026-10-07T06-46-37.937Z,points-5000-seed-41544c53,remove-500,cleanup_stage_children_max,count,0,0.0
Atlas,1c2e54b3b8df+bench,SVG,instrument-2026-10-07T06-46-37.937Z,points-5000-seed-41544c53,remove-1000,operation_sync_ms_n,count,0,1
Atlas,1c2e54b3b8df+bench,SVG,instrument-2026-10-07T06-46-37.937Z,points-5000-seed-41544c53,remove-1000,operation_sync_ms_median,ms,0,405.0
Atlas,1c2e54b3b8df+bench,SVG,instrument-2026-10-07T06-46-37.937Z,points-5000-seed-41544c53,remove-1000,operation_sync_ms_p95,ms,0,405.0
Atlas,1c2e54b3b8df+bench,SVG,instrument-2026-10-07T06-46-37.937Z,points-5000-seed-41544c53,remove-1000,operation_sync_ms_max,ms,0,405.0
Atlas,1c2e54b3b8df+bench,SVG,instrument-2026-10-07T06-46-37.937Z,points-5000-seed-41544c53,remove-1000,cumulative_operation_ms_n,count,0,10
Atlas,1c2e54b3b8df+bench,SVG,instrument-2026-10-07T06-46-37.937Z,points-5000-seed-41544c53,remove-1000,cumulative_operation_ms_median,ms,0,235.75
Atlas,1c2e54b3b8df+bench,SVG,instrument-2026-10-07T06-46-37.937Z,points-5000-seed-41544c53,remove-1000,cumulative_operation_ms_p95,ms,0,405.0
Atlas,1c2e54b3b8df+bench,SVG,instrument-2026-10-07T06-46-37.937Z,points-5000-seed-41544c53,remove-1000,cumulative_operation_ms_max,ms,0,405.0
Atlas,1c2e54b3b8df+bench,SVG,instrument-2026-10-07T06-46-37.937Z,points-5000-seed-41544c53,remove-1000,operation_to_raf_opportunities_ms_n,count,0,1
Atlas,1c2e54b3b8df+bench,SVG,instrument-2026-10-07T06-46-37.937Z,points-5000-seed-41544c53,remove-1000,operation_to_raf_opportunities_ms_median,ms,0,420.7
Atlas,1c2e54b3b8df+bench,SVG,instrument-2026-10-07T06-46-37.937Z,points-5000-seed-41544c53,remove-1000,operation_to_raf_opportunities_ms_p95,ms,0,420.7
Atlas,1c2e54b3b8df+bench,SVG,instrument-2026-10-07T06-46-37.937Z,points-5000-seed-41544c53,remove-1000,operation_to_raf_opportunities_ms_max,ms,0,420.7
Atlas,1c2e54b3b8df+bench,SVG,instrument-2026-10-07T06-46-37.937Z,points-5000-seed-41544c53,remove-1000,root_iterator_creations_n,count,0,1
Atlas,1c2e54b3b8df+bench,SVG,instrument-2026-10-07T06-46-37.937Z,points-5000-seed-41544c53,remove-1000,root_iterator_creations_median,count,0,1002.0
Atlas,1c2e54b3b8df+bench,SVG,instrument-2026-10-07T06-46-37.937Z,points-5000-seed-41544c53,remove-1000,root_iterator_creations_p95,count,0,1002.0
Atlas,1c2e54b3b8df+bench,SVG,instrument-2026-10-07T06-46-37.937Z,points-5000-seed-41544c53,remove-1000,root_iterator_creations_max,count,0,1002.0
Atlas,1c2e54b3b8df+bench,SVG,instrument-2026-10-07T06-46-37.937Z,points-5000-seed-41544c53,remove-1000,root_iterator_next_calls_n,count,0,1
Atlas,1c2e54b3b8df+bench,SVG,instrument-2026-10-07T06-46-37.937Z,points-5000-seed-41544c53,remove-1000,root_iterator_next_calls_median,count,0,4509502.0
Atlas,1c2e54b3b8df+bench,SVG,instrument-2026-10-07T06-46-37.937Z,points-5000-seed-41544c53,remove-1000,root_iterator_next_calls_p95,count,0,4509502.0
Atlas,1c2e54b3b8df+bench,SVG,instrument-2026-10-07T06-46-37.937Z,points-5000-seed-41544c53,remove-1000,root_iterator_next_calls_max,count,0,4509502.0
Atlas,1c2e54b3b8df+bench,SVG,instrument-2026-10-07T06-46-37.937Z,points-5000-seed-41544c53,remove-1000,renderer_scene_reads_n,count,0,1
Atlas,1c2e54b3b8df+bench,SVG,instrument-2026-10-07T06-46-37.937Z,points-5000-seed-41544c53,remove-1000,renderer_scene_reads_median,count,0,1.0
Atlas,1c2e54b3b8df+bench,SVG,instrument-2026-10-07T06-46-37.937Z,points-5000-seed-41544c53,remove-1000,renderer_scene_reads_p95,count,0,1.0
Atlas,1c2e54b3b8df+bench,SVG,instrument-2026-10-07T06-46-37.937Z,points-5000-seed-41544c53,remove-1000,renderer_scene_reads_max,count,0,1.0
Atlas,1c2e54b3b8df+bench,SVG,instrument-2026-10-07T06-46-37.937Z,points-5000-seed-41544c53,remove-1000,renderer_scene_membership_changes_n,count,0,1
Atlas,1c2e54b3b8df+bench,SVG,instrument-2026-10-07T06-46-37.937Z,points-5000-seed-41544c53,remove-1000,renderer_scene_membership_changes_median,count,0,1.0
Atlas,1c2e54b3b8df+bench,SVG,instrument-2026-10-07T06-46-37.937Z,points-5000-seed-41544c53,remove-1000,renderer_scene_membership_changes_p95,count,0,1.0
Atlas,1c2e54b3b8df+bench,SVG,instrument-2026-10-07T06-46-37.937Z,points-5000-seed-41544c53,remove-1000,renderer_scene_membership_changes_max,count,0,1.0
Atlas,1c2e54b3b8df+bench,SVG,instrument-2026-10-07T06-46-37.937Z,points-5000-seed-41544c53,remove-1000,renderer_calls_n,count,0,1
Atlas,1c2e54b3b8df+bench,SVG,instrument-2026-10-07T06-46-37.937Z,points-5000-seed-41544c53,remove-1000,renderer_calls_median,count,0,1.0
Atlas,1c2e54b3b8df+bench,SVG,instrument-2026-10-07T06-46-37.937Z,points-5000-seed-41544c53,remove-1000,renderer_calls_p95,count,0,1.0
Atlas,1c2e54b3b8df+bench,SVG,instrument-2026-10-07T06-46-37.937Z,points-5000-seed-41544c53,remove-1000,renderer_calls_max,count,0,1.0
Atlas,1c2e54b3b8df+bench,SVG,instrument-2026-10-07T06-46-37.937Z,points-5000-seed-41544c53,remove-1000,layout_rect_reads_n,count,0,1
Atlas,1c2e54b3b8df+bench,SVG,instrument-2026-10-07T06-46-37.937Z,points-5000-seed-41544c53,remove-1000,layout_rect_reads_median,count,0,0.0
Atlas,1c2e54b3b8df+bench,SVG,instrument-2026-10-07T06-46-37.937Z,points-5000-seed-41544c53,remove-1000,layout_rect_reads_p95,count,0,0.0
Atlas,1c2e54b3b8df+bench,SVG,instrument-2026-10-07T06-46-37.937Z,points-5000-seed-41544c53,remove-1000,layout_rect_reads_max,count,0,0.0
Atlas,1c2e54b3b8df+bench,SVG,instrument-2026-10-07T06-46-37.937Z,points-5000-seed-41544c53,remove-1000,instrumented_renderer_callback_ms_n,count,0,1
Atlas,1c2e54b3b8df+bench,SVG,instrument-2026-10-07T06-46-37.937Z,points-5000-seed-41544c53,remove-1000,instrumented_renderer_callback_ms_median,ms,0,1.9
Atlas,1c2e54b3b8df+bench,SVG,instrument-2026-10-07T06-46-37.937Z,points-5000-seed-41544c53,remove-1000,instrumented_renderer_callback_ms_p95,ms,0,1.9
Atlas,1c2e54b3b8df+bench,SVG,instrument-2026-10-07T06-46-37.937Z,points-5000-seed-41544c53,remove-1000,instrumented_renderer_callback_ms_max,ms,0,1.9
Atlas,1c2e54b3b8df+bench,SVG,instrument-2026-10-07T06-46-37.937Z,points-5000-seed-41544c53,remove-1000,cleanup_renderer_calls_n,count,0,1
Atlas,1c2e54b3b8df+bench,SVG,instrument-2026-10-07T06-46-37.937Z,points-5000-seed-41544c53,remove-1000,cleanup_renderer_calls_median,count,0,0.0
Atlas,1c2e54b3b8df+bench,SVG,instrument-2026-10-07T06-46-37.937Z,points-5000-seed-41544c53,remove-1000,cleanup_renderer_calls_p95,count,0,0.0
Atlas,1c2e54b3b8df+bench,SVG,instrument-2026-10-07T06-46-37.937Z,points-5000-seed-41544c53,remove-1000,cleanup_renderer_calls_max,count,0,0.0
Atlas,1c2e54b3b8df+bench,SVG,instrument-2026-10-07T06-46-37.937Z,points-5000-seed-41544c53,remove-1000,cleanup_stage_children_n,count,0,1
Atlas,1c2e54b3b8df+bench,SVG,instrument-2026-10-07T06-46-37.937Z,points-5000-seed-41544c53,remove-1000,cleanup_stage_children_median,count,0,0.0
Atlas,1c2e54b3b8df+bench,SVG,instrument-2026-10-07T06-46-37.937Z,points-5000-seed-41544c53,remove-1000,cleanup_stage_children_p95,count,0,0.0
Atlas,1c2e54b3b8df+bench,SVG,instrument-2026-10-07T06-46-37.937Z,points-5000-seed-41544c53,remove-1000,cleanup_stage_children_max,count,0,0.0
Atlas,1c2e54b3b8df+bench,SVG,instrument-2026-10-07T06-46-37.937Z,points-5000-seed-41544c53,wheel-input,synthetic_wheel_dispatch_sync_ms_n,count,0,10
Atlas,1c2e54b3b8df+bench,SVG,instrument-2026-10-07T06-46-37.937Z,points-5000-seed-41544c53,wheel-input,synthetic_wheel_dispatch_sync_ms_median,ms,0,0.0
Atlas,1c2e54b3b8df+bench,SVG,instrument-2026-10-07T06-46-37.937Z,points-5000-seed-41544c53,wheel-input,synthetic_wheel_dispatch_sync_ms_p95,ms,0,0.1
Atlas,1c2e54b3b8df+bench,SVG,instrument-2026-10-07T06-46-37.937Z,points-5000-seed-41544c53,wheel-input,synthetic_wheel_dispatch_sync_ms_max,ms,0,0.1
Atlas,1c2e54b3b8df+bench,SVG,instrument-2026-10-07T06-46-37.937Z,points-5000-seed-41544c53,wheel-input,layout_rect_reads_n,count,0,1
Atlas,1c2e54b3b8df+bench,SVG,instrument-2026-10-07T06-46-37.937Z,points-5000-seed-41544c53,wheel-input,layout_rect_reads_median,count,0,52.0
Atlas,1c2e54b3b8df+bench,SVG,instrument-2026-10-07T06-46-37.937Z,points-5000-seed-41544c53,wheel-input,layout_rect_reads_p95,count,0,52.0
Atlas,1c2e54b3b8df+bench,SVG,instrument-2026-10-07T06-46-37.937Z,points-5000-seed-41544c53,wheel-input,layout_rect_reads_max,count,0,52.0
Atlas,1c2e54b3b8df+bench,SVG,instrument-2026-10-07T06-46-37.937Z,points-5000-seed-41544c53,wheel-input,renderer_scene_reads_n,count,0,1
Atlas,1c2e54b3b8df+bench,SVG,instrument-2026-10-07T06-46-37.937Z,points-5000-seed-41544c53,wheel-input,renderer_scene_reads_median,count,0,10.0
Atlas,1c2e54b3b8df+bench,SVG,instrument-2026-10-07T06-46-37.937Z,points-5000-seed-41544c53,wheel-input,renderer_scene_reads_p95,count,0,10.0
Atlas,1c2e54b3b8df+bench,SVG,instrument-2026-10-07T06-46-37.937Z,points-5000-seed-41544c53,wheel-input,renderer_scene_reads_max,count,0,10.0
Atlas,1c2e54b3b8df+bench,SVG,instrument-2026-10-07T06-46-37.937Z,points-5000-seed-41544c53,wheel-input,svg_attribute_writes_n,count,0,1
Atlas,1c2e54b3b8df+bench,SVG,instrument-2026-10-07T06-46-37.937Z,points-5000-seed-41544c53,wheel-input,svg_attribute_writes_median,count,0,50010.0
Atlas,1c2e54b3b8df+bench,SVG,instrument-2026-10-07T06-46-37.937Z,points-5000-seed-41544c53,wheel-input,svg_attribute_writes_p95,count,0,50010.0
Atlas,1c2e54b3b8df+bench,SVG,instrument-2026-10-07T06-46-37.937Z,points-5000-seed-41544c53,wheel-input,svg_attribute_writes_max,count,0,50010.0
Atlas,1c2e54b3b8df+bench,SVG,instrument-2026-10-07T06-46-37.937Z,points-5000-seed-41544c53,wheel-input,renderer_calls_n,count,0,1
Atlas,1c2e54b3b8df+bench,SVG,instrument-2026-10-07T06-46-37.937Z,points-5000-seed-41544c53,wheel-input,renderer_calls_median,count,0,10.0
Atlas,1c2e54b3b8df+bench,SVG,instrument-2026-10-07T06-46-37.937Z,points-5000-seed-41544c53,wheel-input,renderer_calls_p95,count,0,10.0
Atlas,1c2e54b3b8df+bench,SVG,instrument-2026-10-07T06-46-37.937Z,points-5000-seed-41544c53,wheel-input,renderer_calls_max,count,0,10.0
Atlas,1c2e54b3b8df+bench,SVG,instrument-2026-10-07T06-46-37.937Z,points-5000-seed-41544c53,wheel-input,instrumented_renderer_callback_ms_n,count,0,10
Atlas,1c2e54b3b8df+bench,SVG,instrument-2026-10-07T06-46-37.937Z,points-5000-seed-41544c53,wheel-input,instrumented_renderer_callback_ms_median,ms,0,1.6
Atlas,1c2e54b3b8df+bench,SVG,instrument-2026-10-07T06-46-37.937Z,points-5000-seed-41544c53,wheel-input,instrumented_renderer_callback_ms_p95,ms,0,2.1
Atlas,1c2e54b3b8df+bench,SVG,instrument-2026-10-07T06-46-37.937Z,points-5000-seed-41544c53,wheel-input,instrumented_renderer_callback_ms_max,ms,0,2.1
Atlas,1c2e54b3b8df+bench,SVG,instrument-2026-10-07T06-46-37.937Z,points-5000-seed-41544c53,wheel-input,cleanup_renderer_calls_n,count,0,1
Atlas,1c2e54b3b8df+bench,SVG,instrument-2026-10-07T06-46-37.937Z,points-5000-seed-41544c53,wheel-input,cleanup_renderer_calls_median,count,0,0.0
Atlas,1c2e54b3b8df+bench,SVG,instrument-2026-10-07T06-46-37.937Z,points-5000-seed-41544c53,wheel-input,cleanup_renderer_calls_p95,count,0,0.0
Atlas,1c2e54b3b8df+bench,SVG,instrument-2026-10-07T06-46-37.937Z,points-5000-seed-41544c53,wheel-input,cleanup_renderer_calls_max,count,0,0.0
Atlas,1c2e54b3b8df+bench,SVG,instrument-2026-10-07T06-46-37.937Z,points-5000-seed-41544c53,wheel-input,cleanup_stage_children_n,count,0,1
Atlas,1c2e54b3b8df+bench,SVG,instrument-2026-10-07T06-46-37.937Z,points-5000-seed-41544c53,wheel-input,cleanup_stage_children_median,count,0,0.0
Atlas,1c2e54b3b8df+bench,SVG,instrument-2026-10-07T06-46-37.937Z,points-5000-seed-41544c53,wheel-input,cleanup_stage_children_p95,count,0,0.0
Atlas,1c2e54b3b8df+bench,SVG,instrument-2026-10-07T06-46-37.937Z,points-5000-seed-41544c53,wheel-input,cleanup_stage_children_max,count,0,0.0
Atlas,1c2e54b3b8df+bench,SVG,instrument-2026-10-07T06-46-37.937Z,mixed-3000-seed-41544c53,load,load_promise_ms_n,count,0,1
Atlas,1c2e54b3b8df+bench,SVG,instrument-2026-10-07T06-46-37.937Z,mixed-3000-seed-41544c53,load,load_promise_ms_median,ms,0,28.9
Atlas,1c2e54b3b8df+bench,SVG,instrument-2026-10-07T06-46-37.937Z,mixed-3000-seed-41544c53,load,load_promise_ms_p95,ms,0,28.9
Atlas,1c2e54b3b8df+bench,SVG,instrument-2026-10-07T06-46-37.937Z,mixed-3000-seed-41544c53,load,load_promise_ms_max,ms,0,28.9
Atlas,1c2e54b3b8df+bench,SVG,instrument-2026-10-07T06-46-37.937Z,mixed-3000-seed-41544c53,load,create_to_raf_opportunities_ms_n,count,0,1
Atlas,1c2e54b3b8df+bench,SVG,instrument-2026-10-07T06-46-37.937Z,mixed-3000-seed-41544c53,load,create_to_raf_opportunities_ms_median,ms,0,139.9
Atlas,1c2e54b3b8df+bench,SVG,instrument-2026-10-07T06-46-37.937Z,mixed-3000-seed-41544c53,load,create_to_raf_opportunities_ms_p95,ms,0,139.9
Atlas,1c2e54b3b8df+bench,SVG,instrument-2026-10-07T06-46-37.937Z,mixed-3000-seed-41544c53,load,create_to_raf_opportunities_ms_max,ms,0,139.9
Atlas,1c2e54b3b8df+bench,SVG,instrument-2026-10-07T06-46-37.937Z,mixed-3000-seed-41544c53,load,semantic_roots_n,count,0,1
Atlas,1c2e54b3b8df+bench,SVG,instrument-2026-10-07T06-46-37.937Z,mixed-3000-seed-41544c53,load,semantic_roots_median,count,0,3000.0
Atlas,1c2e54b3b8df+bench,SVG,instrument-2026-10-07T06-46-37.937Z,mixed-3000-seed-41544c53,load,semantic_roots_p95,count,0,3000.0
Atlas,1c2e54b3b8df+bench,SVG,instrument-2026-10-07T06-46-37.937Z,mixed-3000-seed-41544c53,load,semantic_roots_max,count,0,3000.0
Atlas,1c2e54b3b8df+bench,SVG,instrument-2026-10-07T06-46-37.937Z,mixed-3000-seed-41544c53,load,owned_points_n,count,0,1
Atlas,1c2e54b3b8df+bench,SVG,instrument-2026-10-07T06-46-37.937Z,mixed-3000-seed-41544c53,load,owned_points_median,count,0,5400.0
Atlas,1c2e54b3b8df+bench,SVG,instrument-2026-10-07T06-46-37.937Z,mixed-3000-seed-41544c53,load,owned_points_p95,count,0,5400.0
Atlas,1c2e54b3b8df+bench,SVG,instrument-2026-10-07T06-46-37.937Z,mixed-3000-seed-41544c53,load,owned_points_max,count,0,5400.0
Atlas,1c2e54b3b8df+bench,SVG,instrument-2026-10-07T06-46-37.937Z,mixed-3000-seed-41544c53,load,visual_primitives_n,count,0,1
Atlas,1c2e54b3b8df+bench,SVG,instrument-2026-10-07T06-46-37.937Z,mixed-3000-seed-41544c53,load,visual_primitives_median,count,0,7200.0
Atlas,1c2e54b3b8df+bench,SVG,instrument-2026-10-07T06-46-37.937Z,mixed-3000-seed-41544c53,load,visual_primitives_p95,count,0,7200.0
Atlas,1c2e54b3b8df+bench,SVG,instrument-2026-10-07T06-46-37.937Z,mixed-3000-seed-41544c53,load,visual_primitives_max,count,0,7200.0
Atlas,1c2e54b3b8df+bench,SVG,instrument-2026-10-07T06-46-37.937Z,mixed-3000-seed-41544c53,load,svg_element_nodes_n,count,0,1
Atlas,1c2e54b3b8df+bench,SVG,instrument-2026-10-07T06-46-37.937Z,mixed-3000-seed-41544c53,load,svg_element_nodes_median,count,0,14402.0
Atlas,1c2e54b3b8df+bench,SVG,instrument-2026-10-07T06-46-37.937Z,mixed-3000-seed-41544c53,load,svg_element_nodes_p95,count,0,14402.0
Atlas,1c2e54b3b8df+bench,SVG,instrument-2026-10-07T06-46-37.937Z,mixed-3000-seed-41544c53,load,svg_element_nodes_max,count,0,14402.0
Atlas,1c2e54b3b8df+bench,SVG,instrument-2026-10-07T06-46-37.937Z,mixed-3000-seed-41544c53,load,shadow_element_nodes_n,count,0,1
Atlas,1c2e54b3b8df+bench,SVG,instrument-2026-10-07T06-46-37.937Z,mixed-3000-seed-41544c53,load,shadow_element_nodes_median,count,0,14403.0
Atlas,1c2e54b3b8df+bench,SVG,instrument-2026-10-07T06-46-37.937Z,mixed-3000-seed-41544c53,load,shadow_element_nodes_p95,count,0,14403.0
Atlas,1c2e54b3b8df+bench,SVG,instrument-2026-10-07T06-46-37.937Z,mixed-3000-seed-41544c53,load,shadow_element_nodes_max,count,0,14403.0
Atlas,1c2e54b3b8df+bench,SVG,instrument-2026-10-07T06-46-37.937Z,mixed-3000-seed-41544c53,load,shadow_dom_nodes_n,count,0,1
Atlas,1c2e54b3b8df+bench,SVG,instrument-2026-10-07T06-46-37.937Z,mixed-3000-seed-41544c53,load,shadow_dom_nodes_median,count,0,14406.0
Atlas,1c2e54b3b8df+bench,SVG,instrument-2026-10-07T06-46-37.937Z,mixed-3000-seed-41544c53,load,shadow_dom_nodes_p95,count,0,14406.0
Atlas,1c2e54b3b8df+bench,SVG,instrument-2026-10-07T06-46-37.937Z,mixed-3000-seed-41544c53,load,shadow_dom_nodes_max,count,0,14406.0
Atlas,1c2e54b3b8df+bench,SVG,instrument-2026-10-07T06-46-37.937Z,mixed-3000-seed-41544c53,load,root_iterator_creations_n,count,0,1
Atlas,1c2e54b3b8df+bench,SVG,instrument-2026-10-07T06-46-37.937Z,mixed-3000-seed-41544c53,load,root_iterator_creations_median,count,0,4.0
Atlas,1c2e54b3b8df+bench,SVG,instrument-2026-10-07T06-46-37.937Z,mixed-3000-seed-41544c53,load,root_iterator_creations_p95,count,0,4.0
Atlas,1c2e54b3b8df+bench,SVG,instrument-2026-10-07T06-46-37.937Z,mixed-3000-seed-41544c53,load,root_iterator_creations_max,count,0,4.0
Atlas,1c2e54b3b8df+bench,SVG,instrument-2026-10-07T06-46-37.937Z,mixed-3000-seed-41544c53,load,root_iterator_next_calls_n,count,0,1
Atlas,1c2e54b3b8df+bench,SVG,instrument-2026-10-07T06-46-37.937Z,mixed-3000-seed-41544c53,load,root_iterator_next_calls_median,count,0,6004.0
Atlas,1c2e54b3b8df+bench,SVG,instrument-2026-10-07T06-46-37.937Z,mixed-3000-seed-41544c53,load,root_iterator_next_calls_p95,count,0,6004.0
Atlas,1c2e54b3b8df+bench,SVG,instrument-2026-10-07T06-46-37.937Z,mixed-3000-seed-41544c53,load,root_iterator_next_calls_max,count,0,6004.0
Atlas,1c2e54b3b8df+bench,SVG,instrument-2026-10-07T06-46-37.937Z,mixed-3000-seed-41544c53,load,svg_attribute_writes_n,count,0,1
Atlas,1c2e54b3b8df+bench,SVG,instrument-2026-10-07T06-46-37.937Z,mixed-3000-seed-41544c53,load,svg_attribute_writes_median,count,0,61807.0
Atlas,1c2e54b3b8df+bench,SVG,instrument-2026-10-07T06-46-37.937Z,mixed-3000-seed-41544c53,load,svg_attribute_writes_p95,count,0,61807.0
Atlas,1c2e54b3b8df+bench,SVG,instrument-2026-10-07T06-46-37.937Z,mixed-3000-seed-41544c53,load,svg_attribute_writes_max,count,0,61807.0
Atlas,1c2e54b3b8df+bench,SVG,instrument-2026-10-07T06-46-37.937Z,mixed-3000-seed-41544c53,load,renderer_calls_n,count,0,1
Atlas,1c2e54b3b8df+bench,SVG,instrument-2026-10-07T06-46-37.937Z,mixed-3000-seed-41544c53,load,renderer_calls_median,count,0,2.0
Atlas,1c2e54b3b8df+bench,SVG,instrument-2026-10-07T06-46-37.937Z,mixed-3000-seed-41544c53,load,renderer_calls_p95,count,0,2.0
Atlas,1c2e54b3b8df+bench,SVG,instrument-2026-10-07T06-46-37.937Z,mixed-3000-seed-41544c53,load,renderer_calls_max,count,0,2.0
Atlas,1c2e54b3b8df+bench,SVG,instrument-2026-10-07T06-46-37.937Z,mixed-3000-seed-41544c53,load,route_membership_reads_n,count,0,1
Atlas,1c2e54b3b8df+bench,SVG,instrument-2026-10-07T06-46-37.937Z,mixed-3000-seed-41544c53,load,route_membership_reads_median,count,0,1200.0
Atlas,1c2e54b3b8df+bench,SVG,instrument-2026-10-07T06-46-37.937Z,mixed-3000-seed-41544c53,load,route_membership_reads_p95,count,0,1200.0
Atlas,1c2e54b3b8df+bench,SVG,instrument-2026-10-07T06-46-37.937Z,mixed-3000-seed-41544c53,load,route_membership_reads_max,count,0,1200.0
Atlas,1c2e54b3b8df+bench,SVG,instrument-2026-10-07T06-46-37.937Z,mixed-3000-seed-41544c53,load,renderer_scene_reads_n,count,0,1
Atlas,1c2e54b3b8df+bench,SVG,instrument-2026-10-07T06-46-37.937Z,mixed-3000-seed-41544c53,load,renderer_scene_reads_median,count,0,2.0
Atlas,1c2e54b3b8df+bench,SVG,instrument-2026-10-07T06-46-37.937Z,mixed-3000-seed-41544c53,load,renderer_scene_reads_p95,count,0,2.0
Atlas,1c2e54b3b8df+bench,SVG,instrument-2026-10-07T06-46-37.937Z,mixed-3000-seed-41544c53,load,renderer_scene_reads_max,count,0,2.0
Atlas,1c2e54b3b8df+bench,SVG,instrument-2026-10-07T06-46-37.937Z,mixed-3000-seed-41544c53,load,svg_attribute_removals_n,count,0,1
Atlas,1c2e54b3b8df+bench,SVG,instrument-2026-10-07T06-46-37.937Z,mixed-3000-seed-41544c53,load,svg_attribute_removals_median,count,0,7200.0
Atlas,1c2e54b3b8df+bench,SVG,instrument-2026-10-07T06-46-37.937Z,mixed-3000-seed-41544c53,load,svg_attribute_removals_p95,count,0,7200.0
Atlas,1c2e54b3b8df+bench,SVG,instrument-2026-10-07T06-46-37.937Z,mixed-3000-seed-41544c53,load,svg_attribute_removals_max,count,0,7200.0
Atlas,1c2e54b3b8df+bench,SVG,instrument-2026-10-07T06-46-37.937Z,mixed-3000-seed-41544c53,load,layout_rect_reads_n,count,0,1
Atlas,1c2e54b3b8df+bench,SVG,instrument-2026-10-07T06-46-37.937Z,mixed-3000-seed-41544c53,load,layout_rect_reads_median,count,0,0.0
Atlas,1c2e54b3b8df+bench,SVG,instrument-2026-10-07T06-46-37.937Z,mixed-3000-seed-41544c53,load,layout_rect_reads_p95,count,0,0.0
Atlas,1c2e54b3b8df+bench,SVG,instrument-2026-10-07T06-46-37.937Z,mixed-3000-seed-41544c53,load,layout_rect_reads_max,count,0,0.0
Atlas,1c2e54b3b8df+bench,SVG,instrument-2026-10-07T06-46-37.937Z,mixed-3000-seed-41544c53,load,instrumented_renderer_callback_ms_n,count,0,2
Atlas,1c2e54b3b8df+bench,SVG,instrument-2026-10-07T06-46-37.937Z,mixed-3000-seed-41544c53,load,instrumented_renderer_callback_ms_median,ms,0,6.35
Atlas,1c2e54b3b8df+bench,SVG,instrument-2026-10-07T06-46-37.937Z,mixed-3000-seed-41544c53,load,instrumented_renderer_callback_ms_p95,ms,0,12.6
Atlas,1c2e54b3b8df+bench,SVG,instrument-2026-10-07T06-46-37.937Z,mixed-3000-seed-41544c53,load,instrumented_renderer_callback_ms_max,ms,0,12.6
Atlas,1c2e54b3b8df+bench,SVG,instrument-2026-10-07T06-46-37.937Z,mixed-3000-seed-41544c53,load,instrumented_prepare_promise_ms_n,count,0,1
Atlas,1c2e54b3b8df+bench,SVG,instrument-2026-10-07T06-46-37.937Z,mixed-3000-seed-41544c53,load,instrumented_prepare_promise_ms_median,ms,0,12.8
Atlas,1c2e54b3b8df+bench,SVG,instrument-2026-10-07T06-46-37.937Z,mixed-3000-seed-41544c53,load,instrumented_prepare_promise_ms_p95,ms,0,12.8
Atlas,1c2e54b3b8df+bench,SVG,instrument-2026-10-07T06-46-37.937Z,mixed-3000-seed-41544c53,load,instrumented_prepare_promise_ms_max,ms,0,12.8
Atlas,1c2e54b3b8df+bench,SVG,instrument-2026-10-07T06-46-37.937Z,mixed-3000-seed-41544c53,load,cleanup_renderer_calls_n,count,0,1
Atlas,1c2e54b3b8df+bench,SVG,instrument-2026-10-07T06-46-37.937Z,mixed-3000-seed-41544c53,load,cleanup_renderer_calls_median,count,0,0.0
Atlas,1c2e54b3b8df+bench,SVG,instrument-2026-10-07T06-46-37.937Z,mixed-3000-seed-41544c53,load,cleanup_renderer_calls_p95,count,0,0.0
Atlas,1c2e54b3b8df+bench,SVG,instrument-2026-10-07T06-46-37.937Z,mixed-3000-seed-41544c53,load,cleanup_renderer_calls_max,count,0,0.0
Atlas,1c2e54b3b8df+bench,SVG,instrument-2026-10-07T06-46-37.937Z,mixed-3000-seed-41544c53,load,cleanup_stage_children_n,count,0,1
Atlas,1c2e54b3b8df+bench,SVG,instrument-2026-10-07T06-46-37.937Z,mixed-3000-seed-41544c53,load,cleanup_stage_children_median,count,0,0.0
Atlas,1c2e54b3b8df+bench,SVG,instrument-2026-10-07T06-46-37.937Z,mixed-3000-seed-41544c53,load,cleanup_stage_children_p95,count,0,0.0
Atlas,1c2e54b3b8df+bench,SVG,instrument-2026-10-07T06-46-37.937Z,mixed-3000-seed-41544c53,load,cleanup_stage_children_max,count,0,0.0
Atlas,1c2e54b3b8df+bench,SVG,instrument-2026-10-07T06-46-37.937Z,mixed-3000-seed-41544c53,pan,frame_interval_ms_n,count,0,61
Atlas,1c2e54b3b8df+bench,SVG,instrument-2026-10-07T06-46-37.937Z,mixed-3000-seed-41544c53,pan,frame_interval_ms_median,ms,0,16.7
Atlas,1c2e54b3b8df+bench,SVG,instrument-2026-10-07T06-46-37.937Z,mixed-3000-seed-41544c53,pan,frame_interval_ms_p95,ms,0,50.0
Atlas,1c2e54b3b8df+bench,SVG,instrument-2026-10-07T06-46-37.937Z,mixed-3000-seed-41544c53,pan,frame_interval_ms_max,ms,0,50.1
Atlas,1c2e54b3b8df+bench,SVG,instrument-2026-10-07T06-46-37.937Z,mixed-3000-seed-41544c53,pan,camera_api_sync_ms_n,count,0,61
Atlas,1c2e54b3b8df+bench,SVG,instrument-2026-10-07T06-46-37.937Z,mixed-3000-seed-41544c53,pan,camera_api_sync_ms_median,ms,0,0.0
Atlas,1c2e54b3b8df+bench,SVG,instrument-2026-10-07T06-46-37.937Z,mixed-3000-seed-41544c53,pan,camera_api_sync_ms_p95,ms,0,0.1
Atlas,1c2e54b3b8df+bench,SVG,instrument-2026-10-07T06-46-37.937Z,mixed-3000-seed-41544c53,pan,camera_api_sync_ms_max,ms,0,0.1
Atlas,1c2e54b3b8df+bench,SVG,instrument-2026-10-07T06-46-37.937Z,mixed-3000-seed-41544c53,pan,motion_elapsed_ms_n,count,0,1
Atlas,1c2e54b3b8df+bench,SVG,instrument-2026-10-07T06-46-37.937Z,mixed-3000-seed-41544c53,pan,motion_elapsed_ms_median,ms,0,1500.0
Atlas,1c2e54b3b8df+bench,SVG,instrument-2026-10-07T06-46-37.937Z,mixed-3000-seed-41544c53,pan,motion_elapsed_ms_p95,ms,0,1500.0
Atlas,1c2e54b3b8df+bench,SVG,instrument-2026-10-07T06-46-37.937Z,mixed-3000-seed-41544c53,pan,motion_elapsed_ms_max,ms,0,1500.0
Atlas,1c2e54b3b8df+bench,SVG,instrument-2026-10-07T06-46-37.937Z,mixed-3000-seed-41544c53,pan,camera_updates_n,count,0,1
Atlas,1c2e54b3b8df+bench,SVG,instrument-2026-10-07T06-46-37.937Z,mixed-3000-seed-41544c53,pan,camera_updates_median,count,0,61.0
Atlas,1c2e54b3b8df+bench,SVG,instrument-2026-10-07T06-46-37.937Z,mixed-3000-seed-41544c53,pan,camera_updates_p95,count,0,61.0
Atlas,1c2e54b3b8df+bench,SVG,instrument-2026-10-07T06-46-37.937Z,mixed-3000-seed-41544c53,pan,camera_updates_max,count,0,61.0
Atlas,1c2e54b3b8df+bench,SVG,instrument-2026-10-07T06-46-37.937Z,mixed-3000-seed-41544c53,pan,renderer_scene_reads_n,count,0,1
Atlas,1c2e54b3b8df+bench,SVG,instrument-2026-10-07T06-46-37.937Z,mixed-3000-seed-41544c53,pan,renderer_scene_reads_median,count,0,61.0
Atlas,1c2e54b3b8df+bench,SVG,instrument-2026-10-07T06-46-37.937Z,mixed-3000-seed-41544c53,pan,renderer_scene_reads_p95,count,0,61.0
Atlas,1c2e54b3b8df+bench,SVG,instrument-2026-10-07T06-46-37.937Z,mixed-3000-seed-41544c53,pan,renderer_scene_reads_max,count,0,61.0
Atlas,1c2e54b3b8df+bench,SVG,instrument-2026-10-07T06-46-37.937Z,mixed-3000-seed-41544c53,pan,svg_attribute_writes_n,count,0,1
Atlas,1c2e54b3b8df+bench,SVG,instrument-2026-10-07T06-46-37.937Z,mixed-3000-seed-41544c53,pan,svg_attribute_writes_median,count,0,61.0
Atlas,1c2e54b3b8df+bench,SVG,instrument-2026-10-07T06-46-37.937Z,mixed-3000-seed-41544c53,pan,svg_attribute_writes_p95,count,0,61.0
Atlas,1c2e54b3b8df+bench,SVG,instrument-2026-10-07T06-46-37.937Z,mixed-3000-seed-41544c53,pan,svg_attribute_writes_max,count,0,61.0
Atlas,1c2e54b3b8df+bench,SVG,instrument-2026-10-07T06-46-37.937Z,mixed-3000-seed-41544c53,pan,renderer_calls_n,count,0,1
Atlas,1c2e54b3b8df+bench,SVG,instrument-2026-10-07T06-46-37.937Z,mixed-3000-seed-41544c53,pan,renderer_calls_median,count,0,61.0
Atlas,1c2e54b3b8df+bench,SVG,instrument-2026-10-07T06-46-37.937Z,mixed-3000-seed-41544c53,pan,renderer_calls_p95,count,0,61.0
Atlas,1c2e54b3b8df+bench,SVG,instrument-2026-10-07T06-46-37.937Z,mixed-3000-seed-41544c53,pan,renderer_calls_max,count,0,61.0
Atlas,1c2e54b3b8df+bench,SVG,instrument-2026-10-07T06-46-37.937Z,mixed-3000-seed-41544c53,pan,layout_rect_reads_n,count,0,1
Atlas,1c2e54b3b8df+bench,SVG,instrument-2026-10-07T06-46-37.937Z,mixed-3000-seed-41544c53,pan,layout_rect_reads_median,count,0,0.0
Atlas,1c2e54b3b8df+bench,SVG,instrument-2026-10-07T06-46-37.937Z,mixed-3000-seed-41544c53,pan,layout_rect_reads_p95,count,0,0.0
Atlas,1c2e54b3b8df+bench,SVG,instrument-2026-10-07T06-46-37.937Z,mixed-3000-seed-41544c53,pan,layout_rect_reads_max,count,0,0.0
Atlas,1c2e54b3b8df+bench,SVG,instrument-2026-10-07T06-46-37.937Z,mixed-3000-seed-41544c53,pan,instrumented_renderer_callback_ms_n,count,0,61
Atlas,1c2e54b3b8df+bench,SVG,instrument-2026-10-07T06-46-37.937Z,mixed-3000-seed-41544c53,pan,instrumented_renderer_callback_ms_median,ms,0,0.0
Atlas,1c2e54b3b8df+bench,SVG,instrument-2026-10-07T06-46-37.937Z,mixed-3000-seed-41544c53,pan,instrumented_renderer_callback_ms_p95,ms,0,0.1
Atlas,1c2e54b3b8df+bench,SVG,instrument-2026-10-07T06-46-37.937Z,mixed-3000-seed-41544c53,pan,instrumented_renderer_callback_ms_max,ms,0,0.1
Atlas,1c2e54b3b8df+bench,SVG,instrument-2026-10-07T06-46-37.937Z,mixed-3000-seed-41544c53,pan,cleanup_renderer_calls_n,count,0,1
Atlas,1c2e54b3b8df+bench,SVG,instrument-2026-10-07T06-46-37.937Z,mixed-3000-seed-41544c53,pan,cleanup_renderer_calls_median,count,0,0.0
Atlas,1c2e54b3b8df+bench,SVG,instrument-2026-10-07T06-46-37.937Z,mixed-3000-seed-41544c53,pan,cleanup_renderer_calls_p95,count,0,0.0
Atlas,1c2e54b3b8df+bench,SVG,instrument-2026-10-07T06-46-37.937Z,mixed-3000-seed-41544c53,pan,cleanup_renderer_calls_max,count,0,0.0
Atlas,1c2e54b3b8df+bench,SVG,instrument-2026-10-07T06-46-37.937Z,mixed-3000-seed-41544c53,pan,cleanup_stage_children_n,count,0,1
Atlas,1c2e54b3b8df+bench,SVG,instrument-2026-10-07T06-46-37.937Z,mixed-3000-seed-41544c53,pan,cleanup_stage_children_median,count,0,0.0
Atlas,1c2e54b3b8df+bench,SVG,instrument-2026-10-07T06-46-37.937Z,mixed-3000-seed-41544c53,pan,cleanup_stage_children_p95,count,0,0.0
Atlas,1c2e54b3b8df+bench,SVG,instrument-2026-10-07T06-46-37.937Z,mixed-3000-seed-41544c53,pan,cleanup_stage_children_max,count,0,0.0
Atlas,1c2e54b3b8df+bench,SVG,instrument-2026-10-07T06-46-37.937Z,mixed-3000-seed-41544c53,zoom,frame_interval_ms_n,count,0,50
Atlas,1c2e54b3b8df+bench,SVG,instrument-2026-10-07T06-46-37.937Z,mixed-3000-seed-41544c53,zoom,frame_interval_ms_median,ms,0,33.3
Atlas,1c2e54b3b8df+bench,SVG,instrument-2026-10-07T06-46-37.937Z,mixed-3000-seed-41544c53,zoom,frame_interval_ms_p95,ms,0,50.0
Atlas,1c2e54b3b8df+bench,SVG,instrument-2026-10-07T06-46-37.937Z,mixed-3000-seed-41544c53,zoom,frame_interval_ms_max,ms,0,50.1
Atlas,1c2e54b3b8df+bench,SVG,instrument-2026-10-07T06-46-37.937Z,mixed-3000-seed-41544c53,zoom,camera_api_sync_ms_n,count,0,50
Atlas,1c2e54b3b8df+bench,SVG,instrument-2026-10-07T06-46-37.937Z,mixed-3000-seed-41544c53,zoom,camera_api_sync_ms_median,ms,0,0.0
Atlas,1c2e54b3b8df+bench,SVG,instrument-2026-10-07T06-46-37.937Z,mixed-3000-seed-41544c53,zoom,camera_api_sync_ms_p95,ms,0,0.1
Atlas,1c2e54b3b8df+bench,SVG,instrument-2026-10-07T06-46-37.937Z,mixed-3000-seed-41544c53,zoom,camera_api_sync_ms_max,ms,0,0.1
Atlas,1c2e54b3b8df+bench,SVG,instrument-2026-10-07T06-46-37.937Z,mixed-3000-seed-41544c53,zoom,motion_elapsed_ms_n,count,0,1
Atlas,1c2e54b3b8df+bench,SVG,instrument-2026-10-07T06-46-37.937Z,mixed-3000-seed-41544c53,zoom,motion_elapsed_ms_median,ms,0,1516.6
Atlas,1c2e54b3b8df+bench,SVG,instrument-2026-10-07T06-46-37.937Z,mixed-3000-seed-41544c53,zoom,motion_elapsed_ms_p95,ms,0,1516.6
Atlas,1c2e54b3b8df+bench,SVG,instrument-2026-10-07T06-46-37.937Z,mixed-3000-seed-41544c53,zoom,motion_elapsed_ms_max,ms,0,1516.6
Atlas,1c2e54b3b8df+bench,SVG,instrument-2026-10-07T06-46-37.937Z,mixed-3000-seed-41544c53,zoom,camera_updates_n,count,0,1
Atlas,1c2e54b3b8df+bench,SVG,instrument-2026-10-07T06-46-37.937Z,mixed-3000-seed-41544c53,zoom,camera_updates_median,count,0,50.0
Atlas,1c2e54b3b8df+bench,SVG,instrument-2026-10-07T06-46-37.937Z,mixed-3000-seed-41544c53,zoom,camera_updates_p95,count,0,50.0
Atlas,1c2e54b3b8df+bench,SVG,instrument-2026-10-07T06-46-37.937Z,mixed-3000-seed-41544c53,zoom,camera_updates_max,count,0,50.0
Atlas,1c2e54b3b8df+bench,SVG,instrument-2026-10-07T06-46-37.937Z,mixed-3000-seed-41544c53,zoom,renderer_scene_reads_n,count,0,1
Atlas,1c2e54b3b8df+bench,SVG,instrument-2026-10-07T06-46-37.937Z,mixed-3000-seed-41544c53,zoom,renderer_scene_reads_median,count,0,50.0
Atlas,1c2e54b3b8df+bench,SVG,instrument-2026-10-07T06-46-37.937Z,mixed-3000-seed-41544c53,zoom,renderer_scene_reads_p95,count,0,50.0
Atlas,1c2e54b3b8df+bench,SVG,instrument-2026-10-07T06-46-37.937Z,mixed-3000-seed-41544c53,zoom,renderer_scene_reads_max,count,0,50.0
Atlas,1c2e54b3b8df+bench,SVG,instrument-2026-10-07T06-46-37.937Z,mixed-3000-seed-41544c53,zoom,svg_attribute_writes_n,count,0,1
Atlas,1c2e54b3b8df+bench,SVG,instrument-2026-10-07T06-46-37.937Z,mixed-3000-seed-41544c53,zoom,svg_attribute_writes_median,count,0,300050.0
Atlas,1c2e54b3b8df+bench,SVG,instrument-2026-10-07T06-46-37.937Z,mixed-3000-seed-41544c53,zoom,svg_attribute_writes_p95,count,0,300050.0
Atlas,1c2e54b3b8df+bench,SVG,instrument-2026-10-07T06-46-37.937Z,mixed-3000-seed-41544c53,zoom,svg_attribute_writes_max,count,0,300050.0
Atlas,1c2e54b3b8df+bench,SVG,instrument-2026-10-07T06-46-37.937Z,mixed-3000-seed-41544c53,zoom,renderer_calls_n,count,0,1
Atlas,1c2e54b3b8df+bench,SVG,instrument-2026-10-07T06-46-37.937Z,mixed-3000-seed-41544c53,zoom,renderer_calls_median,count,0,50.0
Atlas,1c2e54b3b8df+bench,SVG,instrument-2026-10-07T06-46-37.937Z,mixed-3000-seed-41544c53,zoom,renderer_calls_p95,count,0,50.0
Atlas,1c2e54b3b8df+bench,SVG,instrument-2026-10-07T06-46-37.937Z,mixed-3000-seed-41544c53,zoom,renderer_calls_max,count,0,50.0
Atlas,1c2e54b3b8df+bench,SVG,instrument-2026-10-07T06-46-37.937Z,mixed-3000-seed-41544c53,zoom,layout_rect_reads_n,count,0,1
Atlas,1c2e54b3b8df+bench,SVG,instrument-2026-10-07T06-46-37.937Z,mixed-3000-seed-41544c53,zoom,layout_rect_reads_median,count,0,0.0
Atlas,1c2e54b3b8df+bench,SVG,instrument-2026-10-07T06-46-37.937Z,mixed-3000-seed-41544c53,zoom,layout_rect_reads_p95,count,0,0.0
Atlas,1c2e54b3b8df+bench,SVG,instrument-2026-10-07T06-46-37.937Z,mixed-3000-seed-41544c53,zoom,layout_rect_reads_max,count,0,0.0
Atlas,1c2e54b3b8df+bench,SVG,instrument-2026-10-07T06-46-37.937Z,mixed-3000-seed-41544c53,zoom,instrumented_renderer_callback_ms_n,count,0,50
Atlas,1c2e54b3b8df+bench,SVG,instrument-2026-10-07T06-46-37.937Z,mixed-3000-seed-41544c53,zoom,instrumented_renderer_callback_ms_median,ms,0,2.1
Atlas,1c2e54b3b8df+bench,SVG,instrument-2026-10-07T06-46-37.937Z,mixed-3000-seed-41544c53,zoom,instrumented_renderer_callback_ms_p95,ms,0,2.9
Atlas,1c2e54b3b8df+bench,SVG,instrument-2026-10-07T06-46-37.937Z,mixed-3000-seed-41544c53,zoom,instrumented_renderer_callback_ms_max,ms,0,11.6
Atlas,1c2e54b3b8df+bench,SVG,instrument-2026-10-07T06-46-37.937Z,mixed-3000-seed-41544c53,zoom,cleanup_renderer_calls_n,count,0,1
Atlas,1c2e54b3b8df+bench,SVG,instrument-2026-10-07T06-46-37.937Z,mixed-3000-seed-41544c53,zoom,cleanup_renderer_calls_median,count,0,0.0
Atlas,1c2e54b3b8df+bench,SVG,instrument-2026-10-07T06-46-37.937Z,mixed-3000-seed-41544c53,zoom,cleanup_renderer_calls_p95,count,0,0.0
Atlas,1c2e54b3b8df+bench,SVG,instrument-2026-10-07T06-46-37.937Z,mixed-3000-seed-41544c53,zoom,cleanup_renderer_calls_max,count,0,0.0
Atlas,1c2e54b3b8df+bench,SVG,instrument-2026-10-07T06-46-37.937Z,mixed-3000-seed-41544c53,zoom,cleanup_stage_children_n,count,0,1
Atlas,1c2e54b3b8df+bench,SVG,instrument-2026-10-07T06-46-37.937Z,mixed-3000-seed-41544c53,zoom,cleanup_stage_children_median,count,0,0.0
Atlas,1c2e54b3b8df+bench,SVG,instrument-2026-10-07T06-46-37.937Z,mixed-3000-seed-41544c53,zoom,cleanup_stage_children_p95,count,0,0.0
Atlas,1c2e54b3b8df+bench,SVG,instrument-2026-10-07T06-46-37.937Z,mixed-3000-seed-41544c53,zoom,cleanup_stage_children_max,count,0,0.0
Atlas,1c2e54b3b8df+bench,SVG,instrument-2026-10-07T06-46-37.937Z,mixed-3000-seed-41544c53,hit,spatial_hit_test_sync_ms_n,count,0,200
Atlas,1c2e54b3b8df+bench,SVG,instrument-2026-10-07T06-46-37.937Z,mixed-3000-seed-41544c53,hit,spatial_hit_test_sync_ms_median,ms,0,0.0
Atlas,1c2e54b3b8df+bench,SVG,instrument-2026-10-07T06-46-37.937Z,mixed-3000-seed-41544c53,hit,spatial_hit_test_sync_ms_p95,ms,0,0.0
Atlas,1c2e54b3b8df+bench,SVG,instrument-2026-10-07T06-46-37.937Z,mixed-3000-seed-41544c53,hit,spatial_hit_test_sync_ms_max,ms,0,0.1
Atlas,1c2e54b3b8df+bench,SVG,instrument-2026-10-07T06-46-37.937Z,mixed-3000-seed-41544c53,hit,root_iterator_creations_n,count,0,1
Atlas,1c2e54b3b8df+bench,SVG,instrument-2026-10-07T06-46-37.937Z,mixed-3000-seed-41544c53,hit,root_iterator_creations_median,count,0,1.0
Atlas,1c2e54b3b8df+bench,SVG,instrument-2026-10-07T06-46-37.937Z,mixed-3000-seed-41544c53,hit,root_iterator_creations_p95,count,0,1.0
Atlas,1c2e54b3b8df+bench,SVG,instrument-2026-10-07T06-46-37.937Z,mixed-3000-seed-41544c53,hit,root_iterator_creations_max,count,0,1.0
Atlas,1c2e54b3b8df+bench,SVG,instrument-2026-10-07T06-46-37.937Z,mixed-3000-seed-41544c53,hit,root_iterator_next_calls_n,count,0,1
Atlas,1c2e54b3b8df+bench,SVG,instrument-2026-10-07T06-46-37.937Z,mixed-3000-seed-41544c53,hit,root_iterator_next_calls_median,count,0,3001.0
Atlas,1c2e54b3b8df+bench,SVG,instrument-2026-10-07T06-46-37.937Z,mixed-3000-seed-41544c53,hit,root_iterator_next_calls_p95,count,0,3001.0
Atlas,1c2e54b3b8df+bench,SVG,instrument-2026-10-07T06-46-37.937Z,mixed-3000-seed-41544c53,hit,root_iterator_next_calls_max,count,0,3001.0
Atlas,1c2e54b3b8df+bench,SVG,instrument-2026-10-07T06-46-37.937Z,mixed-3000-seed-41544c53,hit,route_membership_reads_n,count,0,1
Atlas,1c2e54b3b8df+bench,SVG,instrument-2026-10-07T06-46-37.937Z,mixed-3000-seed-41544c53,hit,route_membership_reads_median,count,0,1200.0
Atlas,1c2e54b3b8df+bench,SVG,instrument-2026-10-07T06-46-37.937Z,mixed-3000-seed-41544c53,hit,route_membership_reads_p95,count,0,1200.0
Atlas,1c2e54b3b8df+bench,SVG,instrument-2026-10-07T06-46-37.937Z,mixed-3000-seed-41544c53,hit,route_membership_reads_max,count,0,1200.0
Atlas,1c2e54b3b8df+bench,SVG,instrument-2026-10-07T06-46-37.937Z,mixed-3000-seed-41544c53,hit,layout_rect_reads_n,count,0,1
Atlas,1c2e54b3b8df+bench,SVG,instrument-2026-10-07T06-46-37.937Z,mixed-3000-seed-41544c53,hit,layout_rect_reads_median,count,0,0.0
Atlas,1c2e54b3b8df+bench,SVG,instrument-2026-10-07T06-46-37.937Z,mixed-3000-seed-41544c53,hit,layout_rect_reads_p95,count,0,0.0
Atlas,1c2e54b3b8df+bench,SVG,instrument-2026-10-07T06-46-37.937Z,mixed-3000-seed-41544c53,hit,layout_rect_reads_max,count,0,0.0
Atlas,1c2e54b3b8df+bench,SVG,instrument-2026-10-07T06-46-37.937Z,mixed-3000-seed-41544c53,hit,cleanup_renderer_calls_n,count,0,1
Atlas,1c2e54b3b8df+bench,SVG,instrument-2026-10-07T06-46-37.937Z,mixed-3000-seed-41544c53,hit,cleanup_renderer_calls_median,count,0,0.0
Atlas,1c2e54b3b8df+bench,SVG,instrument-2026-10-07T06-46-37.937Z,mixed-3000-seed-41544c53,hit,cleanup_renderer_calls_p95,count,0,0.0
Atlas,1c2e54b3b8df+bench,SVG,instrument-2026-10-07T06-46-37.937Z,mixed-3000-seed-41544c53,hit,cleanup_renderer_calls_max,count,0,0.0
Atlas,1c2e54b3b8df+bench,SVG,instrument-2026-10-07T06-46-37.937Z,mixed-3000-seed-41544c53,hit,cleanup_stage_children_n,count,0,1
Atlas,1c2e54b3b8df+bench,SVG,instrument-2026-10-07T06-46-37.937Z,mixed-3000-seed-41544c53,hit,cleanup_stage_children_median,count,0,0.0
Atlas,1c2e54b3b8df+bench,SVG,instrument-2026-10-07T06-46-37.937Z,mixed-3000-seed-41544c53,hit,cleanup_stage_children_p95,count,0,0.0
Atlas,1c2e54b3b8df+bench,SVG,instrument-2026-10-07T06-46-37.937Z,mixed-3000-seed-41544c53,hit,cleanup_stage_children_max,count,0,0.0
Atlas,1c2e54b3b8df+bench,SVG,instrument-2026-10-07T06-46-37.937Z,mixed-3000-seed-41544c53,miss,spatial_hit_test_sync_ms_n,count,0,200
Atlas,1c2e54b3b8df+bench,SVG,instrument-2026-10-07T06-46-37.937Z,mixed-3000-seed-41544c53,miss,spatial_hit_test_sync_ms_median,ms,0,2.3
Atlas,1c2e54b3b8df+bench,SVG,instrument-2026-10-07T06-46-37.937Z,mixed-3000-seed-41544c53,miss,spatial_hit_test_sync_ms_p95,ms,0,2.5
Atlas,1c2e54b3b8df+bench,SVG,instrument-2026-10-07T06-46-37.937Z,mixed-3000-seed-41544c53,miss,spatial_hit_test_sync_ms_max,ms,0,9.6
Atlas,1c2e54b3b8df+bench,SVG,instrument-2026-10-07T06-46-37.937Z,mixed-3000-seed-41544c53,miss,root_iterator_creations_n,count,0,1
Atlas,1c2e54b3b8df+bench,SVG,instrument-2026-10-07T06-46-37.937Z,mixed-3000-seed-41544c53,miss,root_iterator_creations_median,count,0,1.0
Atlas,1c2e54b3b8df+bench,SVG,instrument-2026-10-07T06-46-37.937Z,mixed-3000-seed-41544c53,miss,root_iterator_creations_p95,count,0,1.0
Atlas,1c2e54b3b8df+bench,SVG,instrument-2026-10-07T06-46-37.937Z,mixed-3000-seed-41544c53,miss,root_iterator_creations_max,count,0,1.0
Atlas,1c2e54b3b8df+bench,SVG,instrument-2026-10-07T06-46-37.937Z,mixed-3000-seed-41544c53,miss,root_iterator_next_calls_n,count,0,1
Atlas,1c2e54b3b8df+bench,SVG,instrument-2026-10-07T06-46-37.937Z,mixed-3000-seed-41544c53,miss,root_iterator_next_calls_median,count,0,3001.0
Atlas,1c2e54b3b8df+bench,SVG,instrument-2026-10-07T06-46-37.937Z,mixed-3000-seed-41544c53,miss,root_iterator_next_calls_p95,count,0,3001.0
Atlas,1c2e54b3b8df+bench,SVG,instrument-2026-10-07T06-46-37.937Z,mixed-3000-seed-41544c53,miss,root_iterator_next_calls_max,count,0,3001.0
Atlas,1c2e54b3b8df+bench,SVG,instrument-2026-10-07T06-46-37.937Z,mixed-3000-seed-41544c53,miss,route_membership_reads_n,count,0,1
Atlas,1c2e54b3b8df+bench,SVG,instrument-2026-10-07T06-46-37.937Z,mixed-3000-seed-41544c53,miss,route_membership_reads_median,count,0,1200.0
Atlas,1c2e54b3b8df+bench,SVG,instrument-2026-10-07T06-46-37.937Z,mixed-3000-seed-41544c53,miss,route_membership_reads_p95,count,0,1200.0
Atlas,1c2e54b3b8df+bench,SVG,instrument-2026-10-07T06-46-37.937Z,mixed-3000-seed-41544c53,miss,route_membership_reads_max,count,0,1200.0
Atlas,1c2e54b3b8df+bench,SVG,instrument-2026-10-07T06-46-37.937Z,mixed-3000-seed-41544c53,miss,layout_rect_reads_n,count,0,1
Atlas,1c2e54b3b8df+bench,SVG,instrument-2026-10-07T06-46-37.937Z,mixed-3000-seed-41544c53,miss,layout_rect_reads_median,count,0,0.0
Atlas,1c2e54b3b8df+bench,SVG,instrument-2026-10-07T06-46-37.937Z,mixed-3000-seed-41544c53,miss,layout_rect_reads_p95,count,0,0.0
Atlas,1c2e54b3b8df+bench,SVG,instrument-2026-10-07T06-46-37.937Z,mixed-3000-seed-41544c53,miss,layout_rect_reads_max,count,0,0.0
Atlas,1c2e54b3b8df+bench,SVG,instrument-2026-10-07T06-46-37.937Z,mixed-3000-seed-41544c53,miss,cleanup_renderer_calls_n,count,0,1
Atlas,1c2e54b3b8df+bench,SVG,instrument-2026-10-07T06-46-37.937Z,mixed-3000-seed-41544c53,miss,cleanup_renderer_calls_median,count,0,0.0
Atlas,1c2e54b3b8df+bench,SVG,instrument-2026-10-07T06-46-37.937Z,mixed-3000-seed-41544c53,miss,cleanup_renderer_calls_p95,count,0,0.0
Atlas,1c2e54b3b8df+bench,SVG,instrument-2026-10-07T06-46-37.937Z,mixed-3000-seed-41544c53,miss,cleanup_renderer_calls_max,count,0,0.0
Atlas,1c2e54b3b8df+bench,SVG,instrument-2026-10-07T06-46-37.937Z,mixed-3000-seed-41544c53,miss,cleanup_stage_children_n,count,0,1
Atlas,1c2e54b3b8df+bench,SVG,instrument-2026-10-07T06-46-37.937Z,mixed-3000-seed-41544c53,miss,cleanup_stage_children_median,count,0,0.0
Atlas,1c2e54b3b8df+bench,SVG,instrument-2026-10-07T06-46-37.937Z,mixed-3000-seed-41544c53,miss,cleanup_stage_children_p95,count,0,0.0
Atlas,1c2e54b3b8df+bench,SVG,instrument-2026-10-07T06-46-37.937Z,mixed-3000-seed-41544c53,miss,cleanup_stage_children_max,count,0,0.0
Atlas,1c2e54b3b8df+bench,SVG,instrument-2026-10-07T06-46-37.937Z,mixed-3000-seed-41544c53,position-single,operation_sync_ms_n,count,0,1
Atlas,1c2e54b3b8df+bench,SVG,instrument-2026-10-07T06-46-37.937Z,mixed-3000-seed-41544c53,position-single,operation_sync_ms_median,ms,0,0.1
Atlas,1c2e54b3b8df+bench,SVG,instrument-2026-10-07T06-46-37.937Z,mixed-3000-seed-41544c53,position-single,operation_sync_ms_p95,ms,0,0.1
Atlas,1c2e54b3b8df+bench,SVG,instrument-2026-10-07T06-46-37.937Z,mixed-3000-seed-41544c53,position-single,operation_sync_ms_max,ms,0,0.1
Atlas,1c2e54b3b8df+bench,SVG,instrument-2026-10-07T06-46-37.937Z,mixed-3000-seed-41544c53,position-single,operation_to_raf_opportunities_ms_n,count,0,1
Atlas,1c2e54b3b8df+bench,SVG,instrument-2026-10-07T06-46-37.937Z,mixed-3000-seed-41544c53,position-single,operation_to_raf_opportunities_ms_median,ms,0,32.5
Atlas,1c2e54b3b8df+bench,SVG,instrument-2026-10-07T06-46-37.937Z,mixed-3000-seed-41544c53,position-single,operation_to_raf_opportunities_ms_p95,ms,0,32.5
Atlas,1c2e54b3b8df+bench,SVG,instrument-2026-10-07T06-46-37.937Z,mixed-3000-seed-41544c53,position-single,operation_to_raf_opportunities_ms_max,ms,0,32.5
Atlas,1c2e54b3b8df+bench,SVG,instrument-2026-10-07T06-46-37.937Z,mixed-3000-seed-41544c53,position-single,root_iterator_creations_n,count,0,1
Atlas,1c2e54b3b8df+bench,SVG,instrument-2026-10-07T06-46-37.937Z,mixed-3000-seed-41544c53,position-single,root_iterator_creations_median,count,0,1.0
Atlas,1c2e54b3b8df+bench,SVG,instrument-2026-10-07T06-46-37.937Z,mixed-3000-seed-41544c53,position-single,root_iterator_creations_p95,count,0,1.0
Atlas,1c2e54b3b8df+bench,SVG,instrument-2026-10-07T06-46-37.937Z,mixed-3000-seed-41544c53,position-single,root_iterator_creations_max,count,0,1.0
Atlas,1c2e54b3b8df+bench,SVG,instrument-2026-10-07T06-46-37.937Z,mixed-3000-seed-41544c53,position-single,root_iterator_next_calls_n,count,0,1
Atlas,1c2e54b3b8df+bench,SVG,instrument-2026-10-07T06-46-37.937Z,mixed-3000-seed-41544c53,position-single,root_iterator_next_calls_median,count,0,3001.0
Atlas,1c2e54b3b8df+bench,SVG,instrument-2026-10-07T06-46-37.937Z,mixed-3000-seed-41544c53,position-single,root_iterator_next_calls_p95,count,0,3001.0
Atlas,1c2e54b3b8df+bench,SVG,instrument-2026-10-07T06-46-37.937Z,mixed-3000-seed-41544c53,position-single,root_iterator_next_calls_max,count,0,3001.0
Atlas,1c2e54b3b8df+bench,SVG,instrument-2026-10-07T06-46-37.937Z,mixed-3000-seed-41544c53,position-single,renderer_scene_reads_n,count,0,1
Atlas,1c2e54b3b8df+bench,SVG,instrument-2026-10-07T06-46-37.937Z,mixed-3000-seed-41544c53,position-single,renderer_scene_reads_median,count,0,1.0
Atlas,1c2e54b3b8df+bench,SVG,instrument-2026-10-07T06-46-37.937Z,mixed-3000-seed-41544c53,position-single,renderer_scene_reads_p95,count,0,1.0
Atlas,1c2e54b3b8df+bench,SVG,instrument-2026-10-07T06-46-37.937Z,mixed-3000-seed-41544c53,position-single,renderer_scene_reads_max,count,0,1.0
Atlas,1c2e54b3b8df+bench,SVG,instrument-2026-10-07T06-46-37.937Z,mixed-3000-seed-41544c53,position-single,svg_attribute_writes_n,count,0,1
Atlas,1c2e54b3b8df+bench,SVG,instrument-2026-10-07T06-46-37.937Z,mixed-3000-seed-41544c53,position-single,svg_attribute_writes_median,count,0,1.0
Atlas,1c2e54b3b8df+bench,SVG,instrument-2026-10-07T06-46-37.937Z,mixed-3000-seed-41544c53,position-single,svg_attribute_writes_p95,count,0,1.0
Atlas,1c2e54b3b8df+bench,SVG,instrument-2026-10-07T06-46-37.937Z,mixed-3000-seed-41544c53,position-single,svg_attribute_writes_max,count,0,1.0
Atlas,1c2e54b3b8df+bench,SVG,instrument-2026-10-07T06-46-37.937Z,mixed-3000-seed-41544c53,position-single,renderer_calls_n,count,0,1
Atlas,1c2e54b3b8df+bench,SVG,instrument-2026-10-07T06-46-37.937Z,mixed-3000-seed-41544c53,position-single,renderer_calls_median,count,0,1.0
Atlas,1c2e54b3b8df+bench,SVG,instrument-2026-10-07T06-46-37.937Z,mixed-3000-seed-41544c53,position-single,renderer_calls_p95,count,0,1.0
Atlas,1c2e54b3b8df+bench,SVG,instrument-2026-10-07T06-46-37.937Z,mixed-3000-seed-41544c53,position-single,renderer_calls_max,count,0,1.0
Atlas,1c2e54b3b8df+bench,SVG,instrument-2026-10-07T06-46-37.937Z,mixed-3000-seed-41544c53,position-single,layout_rect_reads_n,count,0,1
Atlas,1c2e54b3b8df+bench,SVG,instrument-2026-10-07T06-46-37.937Z,mixed-3000-seed-41544c53,position-single,layout_rect_reads_median,count,0,0.0
Atlas,1c2e54b3b8df+bench,SVG,instrument-2026-10-07T06-46-37.937Z,mixed-3000-seed-41544c53,position-single,layout_rect_reads_p95,count,0,0.0
Atlas,1c2e54b3b8df+bench,SVG,instrument-2026-10-07T06-46-37.937Z,mixed-3000-seed-41544c53,position-single,layout_rect_reads_max,count,0,0.0
Atlas,1c2e54b3b8df+bench,SVG,instrument-2026-10-07T06-46-37.937Z,mixed-3000-seed-41544c53,position-single,instrumented_renderer_callback_ms_n,count,0,1
Atlas,1c2e54b3b8df+bench,SVG,instrument-2026-10-07T06-46-37.937Z,mixed-3000-seed-41544c53,position-single,instrumented_renderer_callback_ms_median,ms,0,0.1
Atlas,1c2e54b3b8df+bench,SVG,instrument-2026-10-07T06-46-37.937Z,mixed-3000-seed-41544c53,position-single,instrumented_renderer_callback_ms_p95,ms,0,0.1
Atlas,1c2e54b3b8df+bench,SVG,instrument-2026-10-07T06-46-37.937Z,mixed-3000-seed-41544c53,position-single,instrumented_renderer_callback_ms_max,ms,0,0.1
Atlas,1c2e54b3b8df+bench,SVG,instrument-2026-10-07T06-46-37.937Z,mixed-3000-seed-41544c53,position-single,cleanup_renderer_calls_n,count,0,1
Atlas,1c2e54b3b8df+bench,SVG,instrument-2026-10-07T06-46-37.937Z,mixed-3000-seed-41544c53,position-single,cleanup_renderer_calls_median,count,0,0.0
Atlas,1c2e54b3b8df+bench,SVG,instrument-2026-10-07T06-46-37.937Z,mixed-3000-seed-41544c53,position-single,cleanup_renderer_calls_p95,count,0,0.0
Atlas,1c2e54b3b8df+bench,SVG,instrument-2026-10-07T06-46-37.937Z,mixed-3000-seed-41544c53,position-single,cleanup_renderer_calls_max,count,0,0.0
Atlas,1c2e54b3b8df+bench,SVG,instrument-2026-10-07T06-46-37.937Z,mixed-3000-seed-41544c53,position-single,cleanup_stage_children_n,count,0,1
Atlas,1c2e54b3b8df+bench,SVG,instrument-2026-10-07T06-46-37.937Z,mixed-3000-seed-41544c53,position-single,cleanup_stage_children_median,count,0,0.0
Atlas,1c2e54b3b8df+bench,SVG,instrument-2026-10-07T06-46-37.937Z,mixed-3000-seed-41544c53,position-single,cleanup_stage_children_p95,count,0,0.0
Atlas,1c2e54b3b8df+bench,SVG,instrument-2026-10-07T06-46-37.937Z,mixed-3000-seed-41544c53,position-single,cleanup_stage_children_max,count,0,0.0
Atlas,1c2e54b3b8df+bench,SVG,instrument-2026-10-07T06-46-37.937Z,mixed-3000-seed-41544c53,position-series,operation_sync_ms_n,count,0,1
Atlas,1c2e54b3b8df+bench,SVG,instrument-2026-10-07T06-46-37.937Z,mixed-3000-seed-41544c53,position-series,operation_sync_ms_median,ms,0,0.1
Atlas,1c2e54b3b8df+bench,SVG,instrument-2026-10-07T06-46-37.937Z,mixed-3000-seed-41544c53,position-series,operation_sync_ms_p95,ms,0,0.1
Atlas,1c2e54b3b8df+bench,SVG,instrument-2026-10-07T06-46-37.937Z,mixed-3000-seed-41544c53,position-series,operation_sync_ms_max,ms,0,0.1
Atlas,1c2e54b3b8df+bench,SVG,instrument-2026-10-07T06-46-37.937Z,mixed-3000-seed-41544c53,position-series,operation_to_raf_opportunities_ms_n,count,0,1
Atlas,1c2e54b3b8df+bench,SVG,instrument-2026-10-07T06-46-37.937Z,mixed-3000-seed-41544c53,position-series,operation_to_raf_opportunities_ms_median,ms,0,26.8
Atlas,1c2e54b3b8df+bench,SVG,instrument-2026-10-07T06-46-37.937Z,mixed-3000-seed-41544c53,position-series,operation_to_raf_opportunities_ms_p95,ms,0,26.8
Atlas,1c2e54b3b8df+bench,SVG,instrument-2026-10-07T06-46-37.937Z,mixed-3000-seed-41544c53,position-series,operation_to_raf_opportunities_ms_max,ms,0,26.8
Atlas,1c2e54b3b8df+bench,SVG,instrument-2026-10-07T06-46-37.937Z,mixed-3000-seed-41544c53,position-series,root_iterator_creations_n,count,0,1
Atlas,1c2e54b3b8df+bench,SVG,instrument-2026-10-07T06-46-37.937Z,mixed-3000-seed-41544c53,position-series,root_iterator_creations_median,count,0,1.0
Atlas,1c2e54b3b8df+bench,SVG,instrument-2026-10-07T06-46-37.937Z,mixed-3000-seed-41544c53,position-series,root_iterator_creations_p95,count,0,1.0
Atlas,1c2e54b3b8df+bench,SVG,instrument-2026-10-07T06-46-37.937Z,mixed-3000-seed-41544c53,position-series,root_iterator_creations_max,count,0,1.0
Atlas,1c2e54b3b8df+bench,SVG,instrument-2026-10-07T06-46-37.937Z,mixed-3000-seed-41544c53,position-series,root_iterator_next_calls_n,count,0,1
Atlas,1c2e54b3b8df+bench,SVG,instrument-2026-10-07T06-46-37.937Z,mixed-3000-seed-41544c53,position-series,root_iterator_next_calls_median,count,0,3001.0
Atlas,1c2e54b3b8df+bench,SVG,instrument-2026-10-07T06-46-37.937Z,mixed-3000-seed-41544c53,position-series,root_iterator_next_calls_p95,count,0,3001.0
Atlas,1c2e54b3b8df+bench,SVG,instrument-2026-10-07T06-46-37.937Z,mixed-3000-seed-41544c53,position-series,root_iterator_next_calls_max,count,0,3001.0
Atlas,1c2e54b3b8df+bench,SVG,instrument-2026-10-07T06-46-37.937Z,mixed-3000-seed-41544c53,position-series,route_membership_reads_n,count,0,1
Atlas,1c2e54b3b8df+bench,SVG,instrument-2026-10-07T06-46-37.937Z,mixed-3000-seed-41544c53,position-series,route_membership_reads_median,count,0,20.0
Atlas,1c2e54b3b8df+bench,SVG,instrument-2026-10-07T06-46-37.937Z,mixed-3000-seed-41544c53,position-series,route_membership_reads_p95,count,0,20.0
Atlas,1c2e54b3b8df+bench,SVG,instrument-2026-10-07T06-46-37.937Z,mixed-3000-seed-41544c53,position-series,route_membership_reads_max,count,0,20.0
Atlas,1c2e54b3b8df+bench,SVG,instrument-2026-10-07T06-46-37.937Z,mixed-3000-seed-41544c53,position-series,renderer_scene_reads_n,count,0,1
Atlas,1c2e54b3b8df+bench,SVG,instrument-2026-10-07T06-46-37.937Z,mixed-3000-seed-41544c53,position-series,renderer_scene_reads_median,count,0,1.0
Atlas,1c2e54b3b8df+bench,SVG,instrument-2026-10-07T06-46-37.937Z,mixed-3000-seed-41544c53,position-series,renderer_scene_reads_p95,count,0,1.0
Atlas,1c2e54b3b8df+bench,SVG,instrument-2026-10-07T06-46-37.937Z,mixed-3000-seed-41544c53,position-series,renderer_scene_reads_max,count,0,1.0
Atlas,1c2e54b3b8df+bench,SVG,instrument-2026-10-07T06-46-37.937Z,mixed-3000-seed-41544c53,position-series,svg_attribute_writes_n,count,0,1
Atlas,1c2e54b3b8df+bench,SVG,instrument-2026-10-07T06-46-37.937Z,mixed-3000-seed-41544c53,position-series,svg_attribute_writes_median,count,0,140.0
Atlas,1c2e54b3b8df+bench,SVG,instrument-2026-10-07T06-46-37.937Z,mixed-3000-seed-41544c53,position-series,svg_attribute_writes_p95,count,0,140.0
Atlas,1c2e54b3b8df+bench,SVG,instrument-2026-10-07T06-46-37.937Z,mixed-3000-seed-41544c53,position-series,svg_attribute_writes_max,count,0,140.0
Atlas,1c2e54b3b8df+bench,SVG,instrument-2026-10-07T06-46-37.937Z,mixed-3000-seed-41544c53,position-series,renderer_calls_n,count,0,1
Atlas,1c2e54b3b8df+bench,SVG,instrument-2026-10-07T06-46-37.937Z,mixed-3000-seed-41544c53,position-series,renderer_calls_median,count,0,1.0
Atlas,1c2e54b3b8df+bench,SVG,instrument-2026-10-07T06-46-37.937Z,mixed-3000-seed-41544c53,position-series,renderer_calls_p95,count,0,1.0
Atlas,1c2e54b3b8df+bench,SVG,instrument-2026-10-07T06-46-37.937Z,mixed-3000-seed-41544c53,position-series,renderer_calls_max,count,0,1.0
Atlas,1c2e54b3b8df+bench,SVG,instrument-2026-10-07T06-46-37.937Z,mixed-3000-seed-41544c53,position-series,layout_rect_reads_n,count,0,1
Atlas,1c2e54b3b8df+bench,SVG,instrument-2026-10-07T06-46-37.937Z,mixed-3000-seed-41544c53,position-series,layout_rect_reads_median,count,0,0.0
Atlas,1c2e54b3b8df+bench,SVG,instrument-2026-10-07T06-46-37.937Z,mixed-3000-seed-41544c53,position-series,layout_rect_reads_p95,count,0,0.0
Atlas,1c2e54b3b8df+bench,SVG,instrument-2026-10-07T06-46-37.937Z,mixed-3000-seed-41544c53,position-series,layout_rect_reads_max,count,0,0.0
Atlas,1c2e54b3b8df+bench,SVG,instrument-2026-10-07T06-46-37.937Z,mixed-3000-seed-41544c53,position-series,instrumented_renderer_callback_ms_n,count,0,1
Atlas,1c2e54b3b8df+bench,SVG,instrument-2026-10-07T06-46-37.937Z,mixed-3000-seed-41544c53,position-series,instrumented_renderer_callback_ms_median,ms,0,0.5
Atlas,1c2e54b3b8df+bench,SVG,instrument-2026-10-07T06-46-37.937Z,mixed-3000-seed-41544c53,position-series,instrumented_renderer_callback_ms_p95,ms,0,0.5
Atlas,1c2e54b3b8df+bench,SVG,instrument-2026-10-07T06-46-37.937Z,mixed-3000-seed-41544c53,position-series,instrumented_renderer_callback_ms_max,ms,0,0.5
Atlas,1c2e54b3b8df+bench,SVG,instrument-2026-10-07T06-46-37.937Z,mixed-3000-seed-41544c53,position-series,cleanup_renderer_calls_n,count,0,1
Atlas,1c2e54b3b8df+bench,SVG,instrument-2026-10-07T06-46-37.937Z,mixed-3000-seed-41544c53,position-series,cleanup_renderer_calls_median,count,0,0.0
Atlas,1c2e54b3b8df+bench,SVG,instrument-2026-10-07T06-46-37.937Z,mixed-3000-seed-41544c53,position-series,cleanup_renderer_calls_p95,count,0,0.0
Atlas,1c2e54b3b8df+bench,SVG,instrument-2026-10-07T06-46-37.937Z,mixed-3000-seed-41544c53,position-series,cleanup_renderer_calls_max,count,0,0.0
Atlas,1c2e54b3b8df+bench,SVG,instrument-2026-10-07T06-46-37.937Z,mixed-3000-seed-41544c53,position-series,cleanup_stage_children_n,count,0,1
Atlas,1c2e54b3b8df+bench,SVG,instrument-2026-10-07T06-46-37.937Z,mixed-3000-seed-41544c53,position-series,cleanup_stage_children_median,count,0,0.0
Atlas,1c2e54b3b8df+bench,SVG,instrument-2026-10-07T06-46-37.937Z,mixed-3000-seed-41544c53,position-series,cleanup_stage_children_p95,count,0,0.0
Atlas,1c2e54b3b8df+bench,SVG,instrument-2026-10-07T06-46-37.937Z,mixed-3000-seed-41544c53,position-series,cleanup_stage_children_max,count,0,0.0
Atlas,1c2e54b3b8df+bench,SVG,instrument-2026-10-07T06-46-37.937Z,mixed-3000-seed-41544c53,add-100,operation_sync_ms_n,count,0,1
Atlas,1c2e54b3b8df+bench,SVG,instrument-2026-10-07T06-46-37.937Z,mixed-3000-seed-41544c53,add-100,operation_sync_ms_median,ms,0,32.8
Atlas,1c2e54b3b8df+bench,SVG,instrument-2026-10-07T06-46-37.937Z,mixed-3000-seed-41544c53,add-100,operation_sync_ms_p95,ms,0,32.8
Atlas,1c2e54b3b8df+bench,SVG,instrument-2026-10-07T06-46-37.937Z,mixed-3000-seed-41544c53,add-100,operation_sync_ms_max,ms,0,32.8
Atlas,1c2e54b3b8df+bench,SVG,instrument-2026-10-07T06-46-37.937Z,mixed-3000-seed-41544c53,add-100,cumulative_operation_ms_n,count,0,1
Atlas,1c2e54b3b8df+bench,SVG,instrument-2026-10-07T06-46-37.937Z,mixed-3000-seed-41544c53,add-100,cumulative_operation_ms_median,ms,0,32.8
Atlas,1c2e54b3b8df+bench,SVG,instrument-2026-10-07T06-46-37.937Z,mixed-3000-seed-41544c53,add-100,cumulative_operation_ms_p95,ms,0,32.8
Atlas,1c2e54b3b8df+bench,SVG,instrument-2026-10-07T06-46-37.937Z,mixed-3000-seed-41544c53,add-100,cumulative_operation_ms_max,ms,0,32.8
Atlas,1c2e54b3b8df+bench,SVG,instrument-2026-10-07T06-46-37.937Z,mixed-3000-seed-41544c53,add-100,operation_to_raf_opportunities_ms_n,count,0,1
Atlas,1c2e54b3b8df+bench,SVG,instrument-2026-10-07T06-46-37.937Z,mixed-3000-seed-41544c53,add-100,operation_to_raf_opportunities_ms_median,ms,0,54.5
Atlas,1c2e54b3b8df+bench,SVG,instrument-2026-10-07T06-46-37.937Z,mixed-3000-seed-41544c53,add-100,operation_to_raf_opportunities_ms_p95,ms,0,54.5
Atlas,1c2e54b3b8df+bench,SVG,instrument-2026-10-07T06-46-37.937Z,mixed-3000-seed-41544c53,add-100,operation_to_raf_opportunities_ms_max,ms,0,54.5
Atlas,1c2e54b3b8df+bench,SVG,instrument-2026-10-07T06-46-37.937Z,mixed-3000-seed-41544c53,add-100,root_iterator_creations_n,count,0,1
Atlas,1c2e54b3b8df+bench,SVG,instrument-2026-10-07T06-46-37.937Z,mixed-3000-seed-41544c53,add-100,root_iterator_creations_median,count,0,102.0
Atlas,1c2e54b3b8df+bench,SVG,instrument-2026-10-07T06-46-37.937Z,mixed-3000-seed-41544c53,add-100,root_iterator_creations_p95,count,0,102.0
Atlas,1c2e54b3b8df+bench,SVG,instrument-2026-10-07T06-46-37.937Z,mixed-3000-seed-41544c53,add-100,root_iterator_creations_max,count,0,102.0
Atlas,1c2e54b3b8df+bench,SVG,instrument-2026-10-07T06-46-37.937Z,mixed-3000-seed-41544c53,add-100,root_iterator_next_calls_n,count,0,1
Atlas,1c2e54b3b8df+bench,SVG,instrument-2026-10-07T06-46-37.937Z,mixed-3000-seed-41544c53,add-100,root_iterator_next_calls_median,count,0,311152.0
Atlas,1c2e54b3b8df+bench,SVG,instrument-2026-10-07T06-46-37.937Z,mixed-3000-seed-41544c53,add-100,root_iterator_next_calls_p95,count,0,311152.0
Atlas,1c2e54b3b8df+bench,SVG,instrument-2026-10-07T06-46-37.937Z,mixed-3000-seed-41544c53,add-100,root_iterator_next_calls_max,count,0,311152.0
Atlas,1c2e54b3b8df+bench,SVG,instrument-2026-10-07T06-46-37.937Z,mixed-3000-seed-41544c53,add-100,renderer_scene_reads_n,count,0,1
Atlas,1c2e54b3b8df+bench,SVG,instrument-2026-10-07T06-46-37.937Z,mixed-3000-seed-41544c53,add-100,renderer_scene_reads_median,count,0,1.0
Atlas,1c2e54b3b8df+bench,SVG,instrument-2026-10-07T06-46-37.937Z,mixed-3000-seed-41544c53,add-100,renderer_scene_reads_p95,count,0,1.0
Atlas,1c2e54b3b8df+bench,SVG,instrument-2026-10-07T06-46-37.937Z,mixed-3000-seed-41544c53,add-100,renderer_scene_reads_max,count,0,1.0
Atlas,1c2e54b3b8df+bench,SVG,instrument-2026-10-07T06-46-37.937Z,mixed-3000-seed-41544c53,add-100,route_membership_reads_n,count,0,1
Atlas,1c2e54b3b8df+bench,SVG,instrument-2026-10-07T06-46-37.937Z,mixed-3000-seed-41544c53,add-100,route_membership_reads_median,count,0,600.0
Atlas,1c2e54b3b8df+bench,SVG,instrument-2026-10-07T06-46-37.937Z,mixed-3000-seed-41544c53,add-100,route_membership_reads_p95,count,0,600.0
Atlas,1c2e54b3b8df+bench,SVG,instrument-2026-10-07T06-46-37.937Z,mixed-3000-seed-41544c53,add-100,route_membership_reads_max,count,0,600.0
Atlas,1c2e54b3b8df+bench,SVG,instrument-2026-10-07T06-46-37.937Z,mixed-3000-seed-41544c53,add-100,renderer_scene_membership_changes_n,count,0,1
Atlas,1c2e54b3b8df+bench,SVG,instrument-2026-10-07T06-46-37.937Z,mixed-3000-seed-41544c53,add-100,renderer_scene_membership_changes_median,count,0,1.0
Atlas,1c2e54b3b8df+bench,SVG,instrument-2026-10-07T06-46-37.937Z,mixed-3000-seed-41544c53,add-100,renderer_scene_membership_changes_p95,count,0,1.0
Atlas,1c2e54b3b8df+bench,SVG,instrument-2026-10-07T06-46-37.937Z,mixed-3000-seed-41544c53,add-100,renderer_scene_membership_changes_max,count,0,1.0
Atlas,1c2e54b3b8df+bench,SVG,instrument-2026-10-07T06-46-37.937Z,mixed-3000-seed-41544c53,add-100,svg_attribute_writes_n,count,0,1
Atlas,1c2e54b3b8df+bench,SVG,instrument-2026-10-07T06-46-37.937Z,mixed-3000-seed-41544c53,add-100,svg_attribute_writes_median,count,0,800.0
Atlas,1c2e54b3b8df+bench,SVG,instrument-2026-10-07T06-46-37.937Z,mixed-3000-seed-41544c53,add-100,svg_attribute_writes_p95,count,0,800.0
Atlas,1c2e54b3b8df+bench,SVG,instrument-2026-10-07T06-46-37.937Z,mixed-3000-seed-41544c53,add-100,svg_attribute_writes_max,count,0,800.0
Atlas,1c2e54b3b8df+bench,SVG,instrument-2026-10-07T06-46-37.937Z,mixed-3000-seed-41544c53,add-100,svg_attribute_removals_n,count,0,1
Atlas,1c2e54b3b8df+bench,SVG,instrument-2026-10-07T06-46-37.937Z,mixed-3000-seed-41544c53,add-100,svg_attribute_removals_median,count,0,100.0
Atlas,1c2e54b3b8df+bench,SVG,instrument-2026-10-07T06-46-37.937Z,mixed-3000-seed-41544c53,add-100,svg_attribute_removals_p95,count,0,100.0
Atlas,1c2e54b3b8df+bench,SVG,instrument-2026-10-07T06-46-37.937Z,mixed-3000-seed-41544c53,add-100,svg_attribute_removals_max,count,0,100.0
Atlas,1c2e54b3b8df+bench,SVG,instrument-2026-10-07T06-46-37.937Z,mixed-3000-seed-41544c53,add-100,renderer_calls_n,count,0,1
Atlas,1c2e54b3b8df+bench,SVG,instrument-2026-10-07T06-46-37.937Z,mixed-3000-seed-41544c53,add-100,renderer_calls_median,count,0,1.0
Atlas,1c2e54b3b8df+bench,SVG,instrument-2026-10-07T06-46-37.937Z,mixed-3000-seed-41544c53,add-100,renderer_calls_p95,count,0,1.0
Atlas,1c2e54b3b8df+bench,SVG,instrument-2026-10-07T06-46-37.937Z,mixed-3000-seed-41544c53,add-100,renderer_calls_max,count,0,1.0
Atlas,1c2e54b3b8df+bench,SVG,instrument-2026-10-07T06-46-37.937Z,mixed-3000-seed-41544c53,add-100,layout_rect_reads_n,count,0,1
Atlas,1c2e54b3b8df+bench,SVG,instrument-2026-10-07T06-46-37.937Z,mixed-3000-seed-41544c53,add-100,layout_rect_reads_median,count,0,0.0
Atlas,1c2e54b3b8df+bench,SVG,instrument-2026-10-07T06-46-37.937Z,mixed-3000-seed-41544c53,add-100,layout_rect_reads_p95,count,0,0.0
Atlas,1c2e54b3b8df+bench,SVG,instrument-2026-10-07T06-46-37.937Z,mixed-3000-seed-41544c53,add-100,layout_rect_reads_max,count,0,0.0
Atlas,1c2e54b3b8df+bench,SVG,instrument-2026-10-07T06-46-37.937Z,mixed-3000-seed-41544c53,add-100,instrumented_renderer_callback_ms_n,count,0,1
Atlas,1c2e54b3b8df+bench,SVG,instrument-2026-10-07T06-46-37.937Z,mixed-3000-seed-41544c53,add-100,instrumented_renderer_callback_ms_median,ms,0,3.1
Atlas,1c2e54b3b8df+bench,SVG,instrument-2026-10-07T06-46-37.937Z,mixed-3000-seed-41544c53,add-100,instrumented_renderer_callback_ms_p95,ms,0,3.1
Atlas,1c2e54b3b8df+bench,SVG,instrument-2026-10-07T06-46-37.937Z,mixed-3000-seed-41544c53,add-100,instrumented_renderer_callback_ms_max,ms,0,3.1
Atlas,1c2e54b3b8df+bench,SVG,instrument-2026-10-07T06-46-37.937Z,mixed-3000-seed-41544c53,add-100,cleanup_renderer_calls_n,count,0,1
Atlas,1c2e54b3b8df+bench,SVG,instrument-2026-10-07T06-46-37.937Z,mixed-3000-seed-41544c53,add-100,cleanup_renderer_calls_median,count,0,0.0
Atlas,1c2e54b3b8df+bench,SVG,instrument-2026-10-07T06-46-37.937Z,mixed-3000-seed-41544c53,add-100,cleanup_renderer_calls_p95,count,0,0.0
Atlas,1c2e54b3b8df+bench,SVG,instrument-2026-10-07T06-46-37.937Z,mixed-3000-seed-41544c53,add-100,cleanup_renderer_calls_max,count,0,0.0
Atlas,1c2e54b3b8df+bench,SVG,instrument-2026-10-07T06-46-37.937Z,mixed-3000-seed-41544c53,add-100,cleanup_stage_children_n,count,0,1
Atlas,1c2e54b3b8df+bench,SVG,instrument-2026-10-07T06-46-37.937Z,mixed-3000-seed-41544c53,add-100,cleanup_stage_children_median,count,0,0.0
Atlas,1c2e54b3b8df+bench,SVG,instrument-2026-10-07T06-46-37.937Z,mixed-3000-seed-41544c53,add-100,cleanup_stage_children_p95,count,0,0.0
Atlas,1c2e54b3b8df+bench,SVG,instrument-2026-10-07T06-46-37.937Z,mixed-3000-seed-41544c53,add-100,cleanup_stage_children_max,count,0,0.0
Atlas,1c2e54b3b8df+bench,SVG,instrument-2026-10-07T06-46-37.937Z,mixed-3000-seed-41544c53,add-500,operation_sync_ms_n,count,0,1
Atlas,1c2e54b3b8df+bench,SVG,instrument-2026-10-07T06-46-37.937Z,mixed-3000-seed-41544c53,add-500,operation_sync_ms_median,ms,0,132.6
Atlas,1c2e54b3b8df+bench,SVG,instrument-2026-10-07T06-46-37.937Z,mixed-3000-seed-41544c53,add-500,operation_sync_ms_p95,ms,0,132.6
Atlas,1c2e54b3b8df+bench,SVG,instrument-2026-10-07T06-46-37.937Z,mixed-3000-seed-41544c53,add-500,operation_sync_ms_max,ms,0,132.6
Atlas,1c2e54b3b8df+bench,SVG,instrument-2026-10-07T06-46-37.937Z,mixed-3000-seed-41544c53,add-500,cumulative_operation_ms_n,count,0,5
Atlas,1c2e54b3b8df+bench,SVG,instrument-2026-10-07T06-46-37.937Z,mixed-3000-seed-41544c53,add-500,cumulative_operation_ms_median,ms,0,79.6
Atlas,1c2e54b3b8df+bench,SVG,instrument-2026-10-07T06-46-37.937Z,mixed-3000-seed-41544c53,add-500,cumulative_operation_ms_p95,ms,0,132.6
Atlas,1c2e54b3b8df+bench,SVG,instrument-2026-10-07T06-46-37.937Z,mixed-3000-seed-41544c53,add-500,cumulative_operation_ms_max,ms,0,132.6
Atlas,1c2e54b3b8df+bench,SVG,instrument-2026-10-07T06-46-37.937Z,mixed-3000-seed-41544c53,add-500,operation_to_raf_opportunities_ms_n,count,0,1
Atlas,1c2e54b3b8df+bench,SVG,instrument-2026-10-07T06-46-37.937Z,mixed-3000-seed-41544c53,add-500,operation_to_raf_opportunities_ms_median,ms,0,159.0
Atlas,1c2e54b3b8df+bench,SVG,instrument-2026-10-07T06-46-37.937Z,mixed-3000-seed-41544c53,add-500,operation_to_raf_opportunities_ms_p95,ms,0,159.0
Atlas,1c2e54b3b8df+bench,SVG,instrument-2026-10-07T06-46-37.937Z,mixed-3000-seed-41544c53,add-500,operation_to_raf_opportunities_ms_max,ms,0,159.0
Atlas,1c2e54b3b8df+bench,SVG,instrument-2026-10-07T06-46-37.937Z,mixed-3000-seed-41544c53,add-500,root_iterator_creations_n,count,0,1
Atlas,1c2e54b3b8df+bench,SVG,instrument-2026-10-07T06-46-37.937Z,mixed-3000-seed-41544c53,add-500,root_iterator_creations_median,count,0,502.0
Atlas,1c2e54b3b8df+bench,SVG,instrument-2026-10-07T06-46-37.937Z,mixed-3000-seed-41544c53,add-500,root_iterator_creations_p95,count,0,502.0
Atlas,1c2e54b3b8df+bench,SVG,instrument-2026-10-07T06-46-37.937Z,mixed-3000-seed-41544c53,add-500,root_iterator_creations_max,count,0,502.0
Atlas,1c2e54b3b8df+bench,SVG,instrument-2026-10-07T06-46-37.937Z,mixed-3000-seed-41544c53,add-500,root_iterator_next_calls_n,count,0,1
Atlas,1c2e54b3b8df+bench,SVG,instrument-2026-10-07T06-46-37.937Z,mixed-3000-seed-41544c53,add-500,root_iterator_next_calls_median,count,0,1631752.0
Atlas,1c2e54b3b8df+bench,SVG,instrument-2026-10-07T06-46-37.937Z,mixed-3000-seed-41544c53,add-500,root_iterator_next_calls_p95,count,0,1631752.0
Atlas,1c2e54b3b8df+bench,SVG,instrument-2026-10-07T06-46-37.937Z,mixed-3000-seed-41544c53,add-500,root_iterator_next_calls_max,count,0,1631752.0
Atlas,1c2e54b3b8df+bench,SVG,instrument-2026-10-07T06-46-37.937Z,mixed-3000-seed-41544c53,add-500,renderer_scene_reads_n,count,0,1
Atlas,1c2e54b3b8df+bench,SVG,instrument-2026-10-07T06-46-37.937Z,mixed-3000-seed-41544c53,add-500,renderer_scene_reads_median,count,0,1.0
Atlas,1c2e54b3b8df+bench,SVG,instrument-2026-10-07T06-46-37.937Z,mixed-3000-seed-41544c53,add-500,renderer_scene_reads_p95,count,0,1.0
Atlas,1c2e54b3b8df+bench,SVG,instrument-2026-10-07T06-46-37.937Z,mixed-3000-seed-41544c53,add-500,renderer_scene_reads_max,count,0,1.0
Atlas,1c2e54b3b8df+bench,SVG,instrument-2026-10-07T06-46-37.937Z,mixed-3000-seed-41544c53,add-500,route_membership_reads_n,count,0,1
Atlas,1c2e54b3b8df+bench,SVG,instrument-2026-10-07T06-46-37.937Z,mixed-3000-seed-41544c53,add-500,route_membership_reads_median,count,0,600.0
Atlas,1c2e54b3b8df+bench,SVG,instrument-2026-10-07T06-46-37.937Z,mixed-3000-seed-41544c53,add-500,route_membership_reads_p95,count,0,600.0
Atlas,1c2e54b3b8df+bench,SVG,instrument-2026-10-07T06-46-37.937Z,mixed-3000-seed-41544c53,add-500,route_membership_reads_max,count,0,600.0
Atlas,1c2e54b3b8df+bench,SVG,instrument-2026-10-07T06-46-37.937Z,mixed-3000-seed-41544c53,add-500,renderer_scene_membership_changes_n,count,0,1
Atlas,1c2e54b3b8df+bench,SVG,instrument-2026-10-07T06-46-37.937Z,mixed-3000-seed-41544c53,add-500,renderer_scene_membership_changes_median,count,0,1.0
Atlas,1c2e54b3b8df+bench,SVG,instrument-2026-10-07T06-46-37.937Z,mixed-3000-seed-41544c53,add-500,renderer_scene_membership_changes_p95,count,0,1.0
Atlas,1c2e54b3b8df+bench,SVG,instrument-2026-10-07T06-46-37.937Z,mixed-3000-seed-41544c53,add-500,renderer_scene_membership_changes_max,count,0,1.0
Atlas,1c2e54b3b8df+bench,SVG,instrument-2026-10-07T06-46-37.937Z,mixed-3000-seed-41544c53,add-500,svg_attribute_writes_n,count,0,1
Atlas,1c2e54b3b8df+bench,SVG,instrument-2026-10-07T06-46-37.937Z,mixed-3000-seed-41544c53,add-500,svg_attribute_writes_median,count,0,4000.0
Atlas,1c2e54b3b8df+bench,SVG,instrument-2026-10-07T06-46-37.937Z,mixed-3000-seed-41544c53,add-500,svg_attribute_writes_p95,count,0,4000.0
Atlas,1c2e54b3b8df+bench,SVG,instrument-2026-10-07T06-46-37.937Z,mixed-3000-seed-41544c53,add-500,svg_attribute_writes_max,count,0,4000.0
Atlas,1c2e54b3b8df+bench,SVG,instrument-2026-10-07T06-46-37.937Z,mixed-3000-seed-41544c53,add-500,svg_attribute_removals_n,count,0,1
Atlas,1c2e54b3b8df+bench,SVG,instrument-2026-10-07T06-46-37.937Z,mixed-3000-seed-41544c53,add-500,svg_attribute_removals_median,count,0,500.0
Atlas,1c2e54b3b8df+bench,SVG,instrument-2026-10-07T06-46-37.937Z,mixed-3000-seed-41544c53,add-500,svg_attribute_removals_p95,count,0,500.0
Atlas,1c2e54b3b8df+bench,SVG,instrument-2026-10-07T06-46-37.937Z,mixed-3000-seed-41544c53,add-500,svg_attribute_removals_max,count,0,500.0
Atlas,1c2e54b3b8df+bench,SVG,instrument-2026-10-07T06-46-37.937Z,mixed-3000-seed-41544c53,add-500,renderer_calls_n,count,0,1
Atlas,1c2e54b3b8df+bench,SVG,instrument-2026-10-07T06-46-37.937Z,mixed-3000-seed-41544c53,add-500,renderer_calls_median,count,0,1.0
Atlas,1c2e54b3b8df+bench,SVG,instrument-2026-10-07T06-46-37.937Z,mixed-3000-seed-41544c53,add-500,renderer_calls_p95,count,0,1.0
Atlas,1c2e54b3b8df+bench,SVG,instrument-2026-10-07T06-46-37.937Z,mixed-3000-seed-41544c53,add-500,renderer_calls_max,count,0,1.0
Atlas,1c2e54b3b8df+bench,SVG,instrument-2026-10-07T06-46-37.937Z,mixed-3000-seed-41544c53,add-500,layout_rect_reads_n,count,0,1
Atlas,1c2e54b3b8df+bench,SVG,instrument-2026-10-07T06-46-37.937Z,mixed-3000-seed-41544c53,add-500,layout_rect_reads_median,count,0,0.0
Atlas,1c2e54b3b8df+bench,SVG,instrument-2026-10-07T06-46-37.937Z,mixed-3000-seed-41544c53,add-500,layout_rect_reads_p95,count,0,0.0
Atlas,1c2e54b3b8df+bench,SVG,instrument-2026-10-07T06-46-37.937Z,mixed-3000-seed-41544c53,add-500,layout_rect_reads_max,count,0,0.0
Atlas,1c2e54b3b8df+bench,SVG,instrument-2026-10-07T06-46-37.937Z,mixed-3000-seed-41544c53,add-500,instrumented_renderer_callback_ms_n,count,0,1
Atlas,1c2e54b3b8df+bench,SVG,instrument-2026-10-07T06-46-37.937Z,mixed-3000-seed-41544c53,add-500,instrumented_renderer_callback_ms_median,ms,0,4.4
Atlas,1c2e54b3b8df+bench,SVG,instrument-2026-10-07T06-46-37.937Z,mixed-3000-seed-41544c53,add-500,instrumented_renderer_callback_ms_p95,ms,0,4.4
Atlas,1c2e54b3b8df+bench,SVG,instrument-2026-10-07T06-46-37.937Z,mixed-3000-seed-41544c53,add-500,instrumented_renderer_callback_ms_max,ms,0,4.4
Atlas,1c2e54b3b8df+bench,SVG,instrument-2026-10-07T06-46-37.937Z,mixed-3000-seed-41544c53,add-500,cleanup_renderer_calls_n,count,0,1
Atlas,1c2e54b3b8df+bench,SVG,instrument-2026-10-07T06-46-37.937Z,mixed-3000-seed-41544c53,add-500,cleanup_renderer_calls_median,count,0,0.0
Atlas,1c2e54b3b8df+bench,SVG,instrument-2026-10-07T06-46-37.937Z,mixed-3000-seed-41544c53,add-500,cleanup_renderer_calls_p95,count,0,0.0
Atlas,1c2e54b3b8df+bench,SVG,instrument-2026-10-07T06-46-37.937Z,mixed-3000-seed-41544c53,add-500,cleanup_renderer_calls_max,count,0,0.0
Atlas,1c2e54b3b8df+bench,SVG,instrument-2026-10-07T06-46-37.937Z,mixed-3000-seed-41544c53,add-500,cleanup_stage_children_n,count,0,1
Atlas,1c2e54b3b8df+bench,SVG,instrument-2026-10-07T06-46-37.937Z,mixed-3000-seed-41544c53,add-500,cleanup_stage_children_median,count,0,0.0
Atlas,1c2e54b3b8df+bench,SVG,instrument-2026-10-07T06-46-37.937Z,mixed-3000-seed-41544c53,add-500,cleanup_stage_children_p95,count,0,0.0
Atlas,1c2e54b3b8df+bench,SVG,instrument-2026-10-07T06-46-37.937Z,mixed-3000-seed-41544c53,add-500,cleanup_stage_children_max,count,0,0.0
Atlas,1c2e54b3b8df+bench,SVG,instrument-2026-10-07T06-46-37.937Z,mixed-3000-seed-41544c53,add-1000,operation_sync_ms_n,count,0,1
Atlas,1c2e54b3b8df+bench,SVG,instrument-2026-10-07T06-46-37.937Z,mixed-3000-seed-41544c53,add-1000,operation_sync_ms_median,ms,0,289.1
Atlas,1c2e54b3b8df+bench,SVG,instrument-2026-10-07T06-46-37.937Z,mixed-3000-seed-41544c53,add-1000,operation_sync_ms_p95,ms,0,289.1
Atlas,1c2e54b3b8df+bench,SVG,instrument-2026-10-07T06-46-37.937Z,mixed-3000-seed-41544c53,add-1000,operation_sync_ms_max,ms,0,289.1
Atlas,1c2e54b3b8df+bench,SVG,instrument-2026-10-07T06-46-37.937Z,mixed-3000-seed-41544c53,add-1000,cumulative_operation_ms_n,count,0,10
Atlas,1c2e54b3b8df+bench,SVG,instrument-2026-10-07T06-46-37.937Z,mixed-3000-seed-41544c53,add-1000,cumulative_operation_ms_median,ms,0,153.95
Atlas,1c2e54b3b8df+bench,SVG,instrument-2026-10-07T06-46-37.937Z,mixed-3000-seed-41544c53,add-1000,cumulative_operation_ms_p95,ms,0,289.0
Atlas,1c2e54b3b8df+bench,SVG,instrument-2026-10-07T06-46-37.937Z,mixed-3000-seed-41544c53,add-1000,cumulative_operation_ms_max,ms,0,289.0
Atlas,1c2e54b3b8df+bench,SVG,instrument-2026-10-07T06-46-37.937Z,mixed-3000-seed-41544c53,add-1000,operation_to_raf_opportunities_ms_n,count,0,1
Atlas,1c2e54b3b8df+bench,SVG,instrument-2026-10-07T06-46-37.937Z,mixed-3000-seed-41544c53,add-1000,operation_to_raf_opportunities_ms_median,ms,0,317.3
Atlas,1c2e54b3b8df+bench,SVG,instrument-2026-10-07T06-46-37.937Z,mixed-3000-seed-41544c53,add-1000,operation_to_raf_opportunities_ms_p95,ms,0,317.3
Atlas,1c2e54b3b8df+bench,SVG,instrument-2026-10-07T06-46-37.937Z,mixed-3000-seed-41544c53,add-1000,operation_to_raf_opportunities_ms_max,ms,0,317.3
Atlas,1c2e54b3b8df+bench,SVG,instrument-2026-10-07T06-46-37.937Z,mixed-3000-seed-41544c53,add-1000,root_iterator_creations_n,count,0,1
Atlas,1c2e54b3b8df+bench,SVG,instrument-2026-10-07T06-46-37.937Z,mixed-3000-seed-41544c53,add-1000,root_iterator_creations_median,count,0,1002.0
Atlas,1c2e54b3b8df+bench,SVG,instrument-2026-10-07T06-46-37.937Z,mixed-3000-seed-41544c53,add-1000,root_iterator_creations_p95,count,0,1002.0
Atlas,1c2e54b3b8df+bench,SVG,instrument-2026-10-07T06-46-37.937Z,mixed-3000-seed-41544c53,add-1000,root_iterator_creations_max,count,0,1002.0
Atlas,1c2e54b3b8df+bench,SVG,instrument-2026-10-07T06-46-37.937Z,mixed-3000-seed-41544c53,add-1000,root_iterator_next_calls_n,count,0,1
Atlas,1c2e54b3b8df+bench,SVG,instrument-2026-10-07T06-46-37.937Z,mixed-3000-seed-41544c53,add-1000,root_iterator_next_calls_median,count,0,3507502.0
Atlas,1c2e54b3b8df+bench,SVG,instrument-2026-10-07T06-46-37.937Z,mixed-3000-seed-41544c53,add-1000,root_iterator_next_calls_p95,count,0,3507502.0
Atlas,1c2e54b3b8df+bench,SVG,instrument-2026-10-07T06-46-37.937Z,mixed-3000-seed-41544c53,add-1000,root_iterator_next_calls_max,count,0,3507502.0
Atlas,1c2e54b3b8df+bench,SVG,instrument-2026-10-07T06-46-37.937Z,mixed-3000-seed-41544c53,add-1000,renderer_scene_reads_n,count,0,1
Atlas,1c2e54b3b8df+bench,SVG,instrument-2026-10-07T06-46-37.937Z,mixed-3000-seed-41544c53,add-1000,renderer_scene_reads_median,count,0,1.0
Atlas,1c2e54b3b8df+bench,SVG,instrument-2026-10-07T06-46-37.937Z,mixed-3000-seed-41544c53,add-1000,renderer_scene_reads_p95,count,0,1.0
Atlas,1c2e54b3b8df+bench,SVG,instrument-2026-10-07T06-46-37.937Z,mixed-3000-seed-41544c53,add-1000,renderer_scene_reads_max,count,0,1.0
Atlas,1c2e54b3b8df+bench,SVG,instrument-2026-10-07T06-46-37.937Z,mixed-3000-seed-41544c53,add-1000,route_membership_reads_n,count,0,1
Atlas,1c2e54b3b8df+bench,SVG,instrument-2026-10-07T06-46-37.937Z,mixed-3000-seed-41544c53,add-1000,route_membership_reads_median,count,0,600.0
Atlas,1c2e54b3b8df+bench,SVG,instrument-2026-10-07T06-46-37.937Z,mixed-3000-seed-41544c53,add-1000,route_membership_reads_p95,count,0,600.0
Atlas,1c2e54b3b8df+bench,SVG,instrument-2026-10-07T06-46-37.937Z,mixed-3000-seed-41544c53,add-1000,route_membership_reads_max,count,0,600.0
Atlas,1c2e54b3b8df+bench,SVG,instrument-2026-10-07T06-46-37.937Z,mixed-3000-seed-41544c53,add-1000,renderer_scene_membership_changes_n,count,0,1
Atlas,1c2e54b3b8df+bench,SVG,instrument-2026-10-07T06-46-37.937Z,mixed-3000-seed-41544c53,add-1000,renderer_scene_membership_changes_median,count,0,1.0
Atlas,1c2e54b3b8df+bench,SVG,instrument-2026-10-07T06-46-37.937Z,mixed-3000-seed-41544c53,add-1000,renderer_scene_membership_changes_p95,count,0,1.0
Atlas,1c2e54b3b8df+bench,SVG,instrument-2026-10-07T06-46-37.937Z,mixed-3000-seed-41544c53,add-1000,renderer_scene_membership_changes_max,count,0,1.0
Atlas,1c2e54b3b8df+bench,SVG,instrument-2026-10-07T06-46-37.937Z,mixed-3000-seed-41544c53,add-1000,svg_attribute_writes_n,count,0,1
Atlas,1c2e54b3b8df+bench,SVG,instrument-2026-10-07T06-46-37.937Z,mixed-3000-seed-41544c53,add-1000,svg_attribute_writes_median,count,0,8000.0
Atlas,1c2e54b3b8df+bench,SVG,instrument-2026-10-07T06-46-37.937Z,mixed-3000-seed-41544c53,add-1000,svg_attribute_writes_p95,count,0,8000.0
Atlas,1c2e54b3b8df+bench,SVG,instrument-2026-10-07T06-46-37.937Z,mixed-3000-seed-41544c53,add-1000,svg_attribute_writes_max,count,0,8000.0
Atlas,1c2e54b3b8df+bench,SVG,instrument-2026-10-07T06-46-37.937Z,mixed-3000-seed-41544c53,add-1000,svg_attribute_removals_n,count,0,1
Atlas,1c2e54b3b8df+bench,SVG,instrument-2026-10-07T06-46-37.937Z,mixed-3000-seed-41544c53,add-1000,svg_attribute_removals_median,count,0,1000.0
Atlas,1c2e54b3b8df+bench,SVG,instrument-2026-10-07T06-46-37.937Z,mixed-3000-seed-41544c53,add-1000,svg_attribute_removals_p95,count,0,1000.0
Atlas,1c2e54b3b8df+bench,SVG,instrument-2026-10-07T06-46-37.937Z,mixed-3000-seed-41544c53,add-1000,svg_attribute_removals_max,count,0,1000.0
Atlas,1c2e54b3b8df+bench,SVG,instrument-2026-10-07T06-46-37.937Z,mixed-3000-seed-41544c53,add-1000,renderer_calls_n,count,0,1
Atlas,1c2e54b3b8df+bench,SVG,instrument-2026-10-07T06-46-37.937Z,mixed-3000-seed-41544c53,add-1000,renderer_calls_median,count,0,1.0
Atlas,1c2e54b3b8df+bench,SVG,instrument-2026-10-07T06-46-37.937Z,mixed-3000-seed-41544c53,add-1000,renderer_calls_p95,count,0,1.0
Atlas,1c2e54b3b8df+bench,SVG,instrument-2026-10-07T06-46-37.937Z,mixed-3000-seed-41544c53,add-1000,renderer_calls_max,count,0,1.0
Atlas,1c2e54b3b8df+bench,SVG,instrument-2026-10-07T06-46-37.937Z,mixed-3000-seed-41544c53,add-1000,layout_rect_reads_n,count,0,1
Atlas,1c2e54b3b8df+bench,SVG,instrument-2026-10-07T06-46-37.937Z,mixed-3000-seed-41544c53,add-1000,layout_rect_reads_median,count,0,0.0
Atlas,1c2e54b3b8df+bench,SVG,instrument-2026-10-07T06-46-37.937Z,mixed-3000-seed-41544c53,add-1000,layout_rect_reads_p95,count,0,0.0
Atlas,1c2e54b3b8df+bench,SVG,instrument-2026-10-07T06-46-37.937Z,mixed-3000-seed-41544c53,add-1000,layout_rect_reads_max,count,0,0.0
Atlas,1c2e54b3b8df+bench,SVG,instrument-2026-10-07T06-46-37.937Z,mixed-3000-seed-41544c53,add-1000,instrumented_renderer_callback_ms_n,count,0,1
Atlas,1c2e54b3b8df+bench,SVG,instrument-2026-10-07T06-46-37.937Z,mixed-3000-seed-41544c53,add-1000,instrumented_renderer_callback_ms_median,ms,0,5.9
Atlas,1c2e54b3b8df+bench,SVG,instrument-2026-10-07T06-46-37.937Z,mixed-3000-seed-41544c53,add-1000,instrumented_renderer_callback_ms_p95,ms,0,5.9
Atlas,1c2e54b3b8df+bench,SVG,instrument-2026-10-07T06-46-37.937Z,mixed-3000-seed-41544c53,add-1000,instrumented_renderer_callback_ms_max,ms,0,5.9
Atlas,1c2e54b3b8df+bench,SVG,instrument-2026-10-07T06-46-37.937Z,mixed-3000-seed-41544c53,add-1000,cleanup_renderer_calls_n,count,0,1
Atlas,1c2e54b3b8df+bench,SVG,instrument-2026-10-07T06-46-37.937Z,mixed-3000-seed-41544c53,add-1000,cleanup_renderer_calls_median,count,0,0.0
Atlas,1c2e54b3b8df+bench,SVG,instrument-2026-10-07T06-46-37.937Z,mixed-3000-seed-41544c53,add-1000,cleanup_renderer_calls_p95,count,0,0.0
Atlas,1c2e54b3b8df+bench,SVG,instrument-2026-10-07T06-46-37.937Z,mixed-3000-seed-41544c53,add-1000,cleanup_renderer_calls_max,count,0,0.0
Atlas,1c2e54b3b8df+bench,SVG,instrument-2026-10-07T06-46-37.937Z,mixed-3000-seed-41544c53,add-1000,cleanup_stage_children_n,count,0,1
Atlas,1c2e54b3b8df+bench,SVG,instrument-2026-10-07T06-46-37.937Z,mixed-3000-seed-41544c53,add-1000,cleanup_stage_children_median,count,0,0.0
Atlas,1c2e54b3b8df+bench,SVG,instrument-2026-10-07T06-46-37.937Z,mixed-3000-seed-41544c53,add-1000,cleanup_stage_children_p95,count,0,0.0
Atlas,1c2e54b3b8df+bench,SVG,instrument-2026-10-07T06-46-37.937Z,mixed-3000-seed-41544c53,add-1000,cleanup_stage_children_max,count,0,0.0
Atlas,1c2e54b3b8df+bench,SVG,instrument-2026-10-07T06-46-37.937Z,mixed-3000-seed-41544c53,remove-100,operation_sync_ms_n,count,0,1
Atlas,1c2e54b3b8df+bench,SVG,instrument-2026-10-07T06-46-37.937Z,mixed-3000-seed-41544c53,remove-100,operation_sync_ms_median,ms,0,30.6
Atlas,1c2e54b3b8df+bench,SVG,instrument-2026-10-07T06-46-37.937Z,mixed-3000-seed-41544c53,remove-100,operation_sync_ms_p95,ms,0,30.6
Atlas,1c2e54b3b8df+bench,SVG,instrument-2026-10-07T06-46-37.937Z,mixed-3000-seed-41544c53,remove-100,operation_sync_ms_max,ms,0,30.6
Atlas,1c2e54b3b8df+bench,SVG,instrument-2026-10-07T06-46-37.937Z,mixed-3000-seed-41544c53,remove-100,cumulative_operation_ms_n,count,0,1
Atlas,1c2e54b3b8df+bench,SVG,instrument-2026-10-07T06-46-37.937Z,mixed-3000-seed-41544c53,remove-100,cumulative_operation_ms_median,ms,0,30.6
Atlas,1c2e54b3b8df+bench,SVG,instrument-2026-10-07T06-46-37.937Z,mixed-3000-seed-41544c53,remove-100,cumulative_operation_ms_p95,ms,0,30.6
Atlas,1c2e54b3b8df+bench,SVG,instrument-2026-10-07T06-46-37.937Z,mixed-3000-seed-41544c53,remove-100,cumulative_operation_ms_max,ms,0,30.6
Atlas,1c2e54b3b8df+bench,SVG,instrument-2026-10-07T06-46-37.937Z,mixed-3000-seed-41544c53,remove-100,operation_to_raf_opportunities_ms_n,count,0,1
Atlas,1c2e54b3b8df+bench,SVG,instrument-2026-10-07T06-46-37.937Z,mixed-3000-seed-41544c53,remove-100,operation_to_raf_opportunities_ms_median,ms,0,61.3
Atlas,1c2e54b3b8df+bench,SVG,instrument-2026-10-07T06-46-37.937Z,mixed-3000-seed-41544c53,remove-100,operation_to_raf_opportunities_ms_p95,ms,0,61.3
Atlas,1c2e54b3b8df+bench,SVG,instrument-2026-10-07T06-46-37.937Z,mixed-3000-seed-41544c53,remove-100,operation_to_raf_opportunities_ms_max,ms,0,61.3
Atlas,1c2e54b3b8df+bench,SVG,instrument-2026-10-07T06-46-37.937Z,mixed-3000-seed-41544c53,remove-100,root_iterator_creations_n,count,0,1
Atlas,1c2e54b3b8df+bench,SVG,instrument-2026-10-07T06-46-37.937Z,mixed-3000-seed-41544c53,remove-100,root_iterator_creations_median,count,0,102.0
Atlas,1c2e54b3b8df+bench,SVG,instrument-2026-10-07T06-46-37.937Z,mixed-3000-seed-41544c53,remove-100,root_iterator_creations_p95,count,0,102.0
Atlas,1c2e54b3b8df+bench,SVG,instrument-2026-10-07T06-46-37.937Z,mixed-3000-seed-41544c53,remove-100,root_iterator_creations_max,count,0,102.0
Atlas,1c2e54b3b8df+bench,SVG,instrument-2026-10-07T06-46-37.937Z,mixed-3000-seed-41544c53,remove-100,root_iterator_next_calls_n,count,0,1
Atlas,1c2e54b3b8df+bench,SVG,instrument-2026-10-07T06-46-37.937Z,mixed-3000-seed-41544c53,remove-100,root_iterator_next_calls_median,count,0,300952.0
Atlas,1c2e54b3b8df+bench,SVG,instrument-2026-10-07T06-46-37.937Z,mixed-3000-seed-41544c53,remove-100,root_iterator_next_calls_p95,count,0,300952.0
Atlas,1c2e54b3b8df+bench,SVG,instrument-2026-10-07T06-46-37.937Z,mixed-3000-seed-41544c53,remove-100,root_iterator_next_calls_max,count,0,300952.0
Atlas,1c2e54b3b8df+bench,SVG,instrument-2026-10-07T06-46-37.937Z,mixed-3000-seed-41544c53,remove-100,renderer_scene_reads_n,count,0,1
Atlas,1c2e54b3b8df+bench,SVG,instrument-2026-10-07T06-46-37.937Z,mixed-3000-seed-41544c53,remove-100,renderer_scene_reads_median,count,0,1.0
Atlas,1c2e54b3b8df+bench,SVG,instrument-2026-10-07T06-46-37.937Z,mixed-3000-seed-41544c53,remove-100,renderer_scene_reads_p95,count,0,1.0
Atlas,1c2e54b3b8df+bench,SVG,instrument-2026-10-07T06-46-37.937Z,mixed-3000-seed-41544c53,remove-100,renderer_scene_reads_max,count,0,1.0
Atlas,1c2e54b3b8df+bench,SVG,instrument-2026-10-07T06-46-37.937Z,mixed-3000-seed-41544c53,remove-100,route_membership_reads_n,count,0,1
Atlas,1c2e54b3b8df+bench,SVG,instrument-2026-10-07T06-46-37.937Z,mixed-3000-seed-41544c53,remove-100,route_membership_reads_median,count,0,580.0
Atlas,1c2e54b3b8df+bench,SVG,instrument-2026-10-07T06-46-37.937Z,mixed-3000-seed-41544c53,remove-100,route_membership_reads_p95,count,0,580.0
Atlas,1c2e54b3b8df+bench,SVG,instrument-2026-10-07T06-46-37.937Z,mixed-3000-seed-41544c53,remove-100,route_membership_reads_max,count,0,580.0
Atlas,1c2e54b3b8df+bench,SVG,instrument-2026-10-07T06-46-37.937Z,mixed-3000-seed-41544c53,remove-100,renderer_scene_membership_changes_n,count,0,1
Atlas,1c2e54b3b8df+bench,SVG,instrument-2026-10-07T06-46-37.937Z,mixed-3000-seed-41544c53,remove-100,renderer_scene_membership_changes_median,count,0,1.0
Atlas,1c2e54b3b8df+bench,SVG,instrument-2026-10-07T06-46-37.937Z,mixed-3000-seed-41544c53,remove-100,renderer_scene_membership_changes_p95,count,0,1.0
Atlas,1c2e54b3b8df+bench,SVG,instrument-2026-10-07T06-46-37.937Z,mixed-3000-seed-41544c53,remove-100,renderer_scene_membership_changes_max,count,0,1.0
Atlas,1c2e54b3b8df+bench,SVG,instrument-2026-10-07T06-46-37.937Z,mixed-3000-seed-41544c53,remove-100,renderer_calls_n,count,0,1
Atlas,1c2e54b3b8df+bench,SVG,instrument-2026-10-07T06-46-37.937Z,mixed-3000-seed-41544c53,remove-100,renderer_calls_median,count,0,1.0
Atlas,1c2e54b3b8df+bench,SVG,instrument-2026-10-07T06-46-37.937Z,mixed-3000-seed-41544c53,remove-100,renderer_calls_p95,count,0,1.0
Atlas,1c2e54b3b8df+bench,SVG,instrument-2026-10-07T06-46-37.937Z,mixed-3000-seed-41544c53,remove-100,renderer_calls_max,count,0,1.0
Atlas,1c2e54b3b8df+bench,SVG,instrument-2026-10-07T06-46-37.937Z,mixed-3000-seed-41544c53,remove-100,layout_rect_reads_n,count,0,1
Atlas,1c2e54b3b8df+bench,SVG,instrument-2026-10-07T06-46-37.937Z,mixed-3000-seed-41544c53,remove-100,layout_rect_reads_median,count,0,0.0
Atlas,1c2e54b3b8df+bench,SVG,instrument-2026-10-07T06-46-37.937Z,mixed-3000-seed-41544c53,remove-100,layout_rect_reads_p95,count,0,0.0
Atlas,1c2e54b3b8df+bench,SVG,instrument-2026-10-07T06-46-37.937Z,mixed-3000-seed-41544c53,remove-100,layout_rect_reads_max,count,0,0.0
Atlas,1c2e54b3b8df+bench,SVG,instrument-2026-10-07T06-46-37.937Z,mixed-3000-seed-41544c53,remove-100,instrumented_renderer_callback_ms_n,count,0,1
Atlas,1c2e54b3b8df+bench,SVG,instrument-2026-10-07T06-46-37.937Z,mixed-3000-seed-41544c53,remove-100,instrumented_renderer_callback_ms_median,ms,0,7.1
Atlas,1c2e54b3b8df+bench,SVG,instrument-2026-10-07T06-46-37.937Z,mixed-3000-seed-41544c53,remove-100,instrumented_renderer_callback_ms_p95,ms,0,7.1
Atlas,1c2e54b3b8df+bench,SVG,instrument-2026-10-07T06-46-37.937Z,mixed-3000-seed-41544c53,remove-100,instrumented_renderer_callback_ms_max,ms,0,7.1
Atlas,1c2e54b3b8df+bench,SVG,instrument-2026-10-07T06-46-37.937Z,mixed-3000-seed-41544c53,remove-100,cleanup_renderer_calls_n,count,0,1
Atlas,1c2e54b3b8df+bench,SVG,instrument-2026-10-07T06-46-37.937Z,mixed-3000-seed-41544c53,remove-100,cleanup_renderer_calls_median,count,0,0.0
Atlas,1c2e54b3b8df+bench,SVG,instrument-2026-10-07T06-46-37.937Z,mixed-3000-seed-41544c53,remove-100,cleanup_renderer_calls_p95,count,0,0.0
Atlas,1c2e54b3b8df+bench,SVG,instrument-2026-10-07T06-46-37.937Z,mixed-3000-seed-41544c53,remove-100,cleanup_renderer_calls_max,count,0,0.0
Atlas,1c2e54b3b8df+bench,SVG,instrument-2026-10-07T06-46-37.937Z,mixed-3000-seed-41544c53,remove-100,cleanup_stage_children_n,count,0,1
Atlas,1c2e54b3b8df+bench,SVG,instrument-2026-10-07T06-46-37.937Z,mixed-3000-seed-41544c53,remove-100,cleanup_stage_children_median,count,0,0.0
Atlas,1c2e54b3b8df+bench,SVG,instrument-2026-10-07T06-46-37.937Z,mixed-3000-seed-41544c53,remove-100,cleanup_stage_children_p95,count,0,0.0
Atlas,1c2e54b3b8df+bench,SVG,instrument-2026-10-07T06-46-37.937Z,mixed-3000-seed-41544c53,remove-100,cleanup_stage_children_max,count,0,0.0
Atlas,1c2e54b3b8df+bench,SVG,instrument-2026-10-07T06-46-37.937Z,mixed-3000-seed-41544c53,remove-500,operation_sync_ms_n,count,0,1
Atlas,1c2e54b3b8df+bench,SVG,instrument-2026-10-07T06-46-37.937Z,mixed-3000-seed-41544c53,remove-500,operation_sync_ms_median,ms,0,131.8
Atlas,1c2e54b3b8df+bench,SVG,instrument-2026-10-07T06-46-37.937Z,mixed-3000-seed-41544c53,remove-500,operation_sync_ms_p95,ms,0,131.8
Atlas,1c2e54b3b8df+bench,SVG,instrument-2026-10-07T06-46-37.937Z,mixed-3000-seed-41544c53,remove-500,operation_sync_ms_max,ms,0,131.8
Atlas,1c2e54b3b8df+bench,SVG,instrument-2026-10-07T06-46-37.937Z,mixed-3000-seed-41544c53,remove-500,cumulative_operation_ms_n,count,0,5
Atlas,1c2e54b3b8df+bench,SVG,instrument-2026-10-07T06-46-37.937Z,mixed-3000-seed-41544c53,remove-500,cumulative_operation_ms_median,ms,0,85.8
Atlas,1c2e54b3b8df+bench,SVG,instrument-2026-10-07T06-46-37.937Z,mixed-3000-seed-41544c53,remove-500,cumulative_operation_ms_p95,ms,0,131.8
Atlas,1c2e54b3b8df+bench,SVG,instrument-2026-10-07T06-46-37.937Z,mixed-3000-seed-41544c53,remove-500,cumulative_operation_ms_max,ms,0,131.8
Atlas,1c2e54b3b8df+bench,SVG,instrument-2026-10-07T06-46-37.937Z,mixed-3000-seed-41544c53,remove-500,operation_to_raf_opportunities_ms_n,count,0,1
Atlas,1c2e54b3b8df+bench,SVG,instrument-2026-10-07T06-46-37.937Z,mixed-3000-seed-41544c53,remove-500,operation_to_raf_opportunities_ms_median,ms,0,150.0
Atlas,1c2e54b3b8df+bench,SVG,instrument-2026-10-07T06-46-37.937Z,mixed-3000-seed-41544c53,remove-500,operation_to_raf_opportunities_ms_p95,ms,0,150.0
Atlas,1c2e54b3b8df+bench,SVG,instrument-2026-10-07T06-46-37.937Z,mixed-3000-seed-41544c53,remove-500,operation_to_raf_opportunities_ms_max,ms,0,150.0
Atlas,1c2e54b3b8df+bench,SVG,instrument-2026-10-07T06-46-37.937Z,mixed-3000-seed-41544c53,remove-500,root_iterator_creations_n,count,0,1
Atlas,1c2e54b3b8df+bench,SVG,instrument-2026-10-07T06-46-37.937Z,mixed-3000-seed-41544c53,remove-500,root_iterator_creations_median,count,0,502.0
Atlas,1c2e54b3b8df+bench,SVG,instrument-2026-10-07T06-46-37.937Z,mixed-3000-seed-41544c53,remove-500,root_iterator_creations_p95,count,0,502.0
Atlas,1c2e54b3b8df+bench,SVG,instrument-2026-10-07T06-46-37.937Z,mixed-3000-seed-41544c53,remove-500,root_iterator_creations_max,count,0,502.0
Atlas,1c2e54b3b8df+bench,SVG,instrument-2026-10-07T06-46-37.937Z,mixed-3000-seed-41544c53,remove-500,root_iterator_next_calls_n,count,0,1
Atlas,1c2e54b3b8df+bench,SVG,instrument-2026-10-07T06-46-37.937Z,mixed-3000-seed-41544c53,remove-500,root_iterator_next_calls_median,count,0,1380752.0
Atlas,1c2e54b3b8df+bench,SVG,instrument-2026-10-07T06-46-37.937Z,mixed-3000-seed-41544c53,remove-500,root_iterator_next_calls_p95,count,0,1380752.0
Atlas,1c2e54b3b8df+bench,SVG,instrument-2026-10-07T06-46-37.937Z,mixed-3000-seed-41544c53,remove-500,root_iterator_next_calls_max,count,0,1380752.0
Atlas,1c2e54b3b8df+bench,SVG,instrument-2026-10-07T06-46-37.937Z,mixed-3000-seed-41544c53,remove-500,renderer_scene_reads_n,count,0,1
Atlas,1c2e54b3b8df+bench,SVG,instrument-2026-10-07T06-46-37.937Z,mixed-3000-seed-41544c53,remove-500,renderer_scene_reads_median,count,0,1.0
Atlas,1c2e54b3b8df+bench,SVG,instrument-2026-10-07T06-46-37.937Z,mixed-3000-seed-41544c53,remove-500,renderer_scene_reads_p95,count,0,1.0
Atlas,1c2e54b3b8df+bench,SVG,instrument-2026-10-07T06-46-37.937Z,mixed-3000-seed-41544c53,remove-500,renderer_scene_reads_max,count,0,1.0
Atlas,1c2e54b3b8df+bench,SVG,instrument-2026-10-07T06-46-37.937Z,mixed-3000-seed-41544c53,remove-500,route_membership_reads_n,count,0,1
Atlas,1c2e54b3b8df+bench,SVG,instrument-2026-10-07T06-46-37.937Z,mixed-3000-seed-41544c53,remove-500,route_membership_reads_median,count,0,500.0
Atlas,1c2e54b3b8df+bench,SVG,instrument-2026-10-07T06-46-37.937Z,mixed-3000-seed-41544c53,remove-500,route_membership_reads_p95,count,0,500.0
Atlas,1c2e54b3b8df+bench,SVG,instrument-2026-10-07T06-46-37.937Z,mixed-3000-seed-41544c53,remove-500,route_membership_reads_max,count,0,500.0
Atlas,1c2e54b3b8df+bench,SVG,instrument-2026-10-07T06-46-37.937Z,mixed-3000-seed-41544c53,remove-500,renderer_scene_membership_changes_n,count,0,1
Atlas,1c2e54b3b8df+bench,SVG,instrument-2026-10-07T06-46-37.937Z,mixed-3000-seed-41544c53,remove-500,renderer_scene_membership_changes_median,count,0,1.0
Atlas,1c2e54b3b8df+bench,SVG,instrument-2026-10-07T06-46-37.937Z,mixed-3000-seed-41544c53,remove-500,renderer_scene_membership_changes_p95,count,0,1.0
Atlas,1c2e54b3b8df+bench,SVG,instrument-2026-10-07T06-46-37.937Z,mixed-3000-seed-41544c53,remove-500,renderer_scene_membership_changes_max,count,0,1.0
Atlas,1c2e54b3b8df+bench,SVG,instrument-2026-10-07T06-46-37.937Z,mixed-3000-seed-41544c53,remove-500,renderer_calls_n,count,0,1
Atlas,1c2e54b3b8df+bench,SVG,instrument-2026-10-07T06-46-37.937Z,mixed-3000-seed-41544c53,remove-500,renderer_calls_median,count,0,1.0
Atlas,1c2e54b3b8df+bench,SVG,instrument-2026-10-07T06-46-37.937Z,mixed-3000-seed-41544c53,remove-500,renderer_calls_p95,count,0,1.0
Atlas,1c2e54b3b8df+bench,SVG,instrument-2026-10-07T06-46-37.937Z,mixed-3000-seed-41544c53,remove-500,renderer_calls_max,count,0,1.0
Atlas,1c2e54b3b8df+bench,SVG,instrument-2026-10-07T06-46-37.937Z,mixed-3000-seed-41544c53,remove-500,layout_rect_reads_n,count,0,1
Atlas,1c2e54b3b8df+bench,SVG,instrument-2026-10-07T06-46-37.937Z,mixed-3000-seed-41544c53,remove-500,layout_rect_reads_median,count,0,0.0
Atlas,1c2e54b3b8df+bench,SVG,instrument-2026-10-07T06-46-37.937Z,mixed-3000-seed-41544c53,remove-500,layout_rect_reads_p95,count,0,0.0
Atlas,1c2e54b3b8df+bench,SVG,instrument-2026-10-07T06-46-37.937Z,mixed-3000-seed-41544c53,remove-500,layout_rect_reads_max,count,0,0.0
Atlas,1c2e54b3b8df+bench,SVG,instrument-2026-10-07T06-46-37.937Z,mixed-3000-seed-41544c53,remove-500,instrumented_renderer_callback_ms_n,count,0,1
Atlas,1c2e54b3b8df+bench,SVG,instrument-2026-10-07T06-46-37.937Z,mixed-3000-seed-41544c53,remove-500,instrumented_renderer_callback_ms_median,ms,0,2.8
Atlas,1c2e54b3b8df+bench,SVG,instrument-2026-10-07T06-46-37.937Z,mixed-3000-seed-41544c53,remove-500,instrumented_renderer_callback_ms_p95,ms,0,2.8
Atlas,1c2e54b3b8df+bench,SVG,instrument-2026-10-07T06-46-37.937Z,mixed-3000-seed-41544c53,remove-500,instrumented_renderer_callback_ms_max,ms,0,2.8
Atlas,1c2e54b3b8df+bench,SVG,instrument-2026-10-07T06-46-37.937Z,mixed-3000-seed-41544c53,remove-500,cleanup_renderer_calls_n,count,0,1
Atlas,1c2e54b3b8df+bench,SVG,instrument-2026-10-07T06-46-37.937Z,mixed-3000-seed-41544c53,remove-500,cleanup_renderer_calls_median,count,0,0.0
Atlas,1c2e54b3b8df+bench,SVG,instrument-2026-10-07T06-46-37.937Z,mixed-3000-seed-41544c53,remove-500,cleanup_renderer_calls_p95,count,0,0.0
Atlas,1c2e54b3b8df+bench,SVG,instrument-2026-10-07T06-46-37.937Z,mixed-3000-seed-41544c53,remove-500,cleanup_renderer_calls_max,count,0,0.0
Atlas,1c2e54b3b8df+bench,SVG,instrument-2026-10-07T06-46-37.937Z,mixed-3000-seed-41544c53,remove-500,cleanup_stage_children_n,count,0,1
Atlas,1c2e54b3b8df+bench,SVG,instrument-2026-10-07T06-46-37.937Z,mixed-3000-seed-41544c53,remove-500,cleanup_stage_children_median,count,0,0.0
Atlas,1c2e54b3b8df+bench,SVG,instrument-2026-10-07T06-46-37.937Z,mixed-3000-seed-41544c53,remove-500,cleanup_stage_children_p95,count,0,0.0
Atlas,1c2e54b3b8df+bench,SVG,instrument-2026-10-07T06-46-37.937Z,mixed-3000-seed-41544c53,remove-500,cleanup_stage_children_max,count,0,0.0
Atlas,1c2e54b3b8df+bench,SVG,instrument-2026-10-07T06-46-37.937Z,mixed-3000-seed-41544c53,remove-1000,operation_sync_ms_n,count,0,1
Atlas,1c2e54b3b8df+bench,SVG,instrument-2026-10-07T06-46-37.937Z,mixed-3000-seed-41544c53,remove-1000,operation_sync_ms_median,ms,0,227.5
Atlas,1c2e54b3b8df+bench,SVG,instrument-2026-10-07T06-46-37.937Z,mixed-3000-seed-41544c53,remove-1000,operation_sync_ms_p95,ms,0,227.5
Atlas,1c2e54b3b8df+bench,SVG,instrument-2026-10-07T06-46-37.937Z,mixed-3000-seed-41544c53,remove-1000,operation_sync_ms_max,ms,0,227.5
Atlas,1c2e54b3b8df+bench,SVG,instrument-2026-10-07T06-46-37.937Z,mixed-3000-seed-41544c53,remove-1000,cumulative_operation_ms_n,count,0,10
Atlas,1c2e54b3b8df+bench,SVG,instrument-2026-10-07T06-46-37.937Z,mixed-3000-seed-41544c53,remove-1000,cumulative_operation_ms_median,ms,0,137.85
Atlas,1c2e54b3b8df+bench,SVG,instrument-2026-10-07T06-46-37.937Z,mixed-3000-seed-41544c53,remove-1000,cumulative_operation_ms_p95,ms,0,227.5
Atlas,1c2e54b3b8df+bench,SVG,instrument-2026-10-07T06-46-37.937Z,mixed-3000-seed-41544c53,remove-1000,cumulative_operation_ms_max,ms,0,227.5
Atlas,1c2e54b3b8df+bench,SVG,instrument-2026-10-07T06-46-37.937Z,mixed-3000-seed-41544c53,remove-1000,operation_to_raf_opportunities_ms_n,count,0,1
Atlas,1c2e54b3b8df+bench,SVG,instrument-2026-10-07T06-46-37.937Z,mixed-3000-seed-41544c53,remove-1000,operation_to_raf_opportunities_ms_median,ms,0,249.8
Atlas,1c2e54b3b8df+bench,SVG,instrument-2026-10-07T06-46-37.937Z,mixed-3000-seed-41544c53,remove-1000,operation_to_raf_opportunities_ms_p95,ms,0,249.8
Atlas,1c2e54b3b8df+bench,SVG,instrument-2026-10-07T06-46-37.937Z,mixed-3000-seed-41544c53,remove-1000,operation_to_raf_opportunities_ms_max,ms,0,249.8
Atlas,1c2e54b3b8df+bench,SVG,instrument-2026-10-07T06-46-37.937Z,mixed-3000-seed-41544c53,remove-1000,root_iterator_creations_n,count,0,1
Atlas,1c2e54b3b8df+bench,SVG,instrument-2026-10-07T06-46-37.937Z,mixed-3000-seed-41544c53,remove-1000,root_iterator_creations_median,count,0,1002.0
Atlas,1c2e54b3b8df+bench,SVG,instrument-2026-10-07T06-46-37.937Z,mixed-3000-seed-41544c53,remove-1000,root_iterator_creations_p95,count,0,1002.0
Atlas,1c2e54b3b8df+bench,SVG,instrument-2026-10-07T06-46-37.937Z,mixed-3000-seed-41544c53,remove-1000,root_iterator_creations_max,count,0,1002.0
Atlas,1c2e54b3b8df+bench,SVG,instrument-2026-10-07T06-46-37.937Z,mixed-3000-seed-41544c53,remove-1000,root_iterator_next_calls_n,count,0,1
Atlas,1c2e54b3b8df+bench,SVG,instrument-2026-10-07T06-46-37.937Z,mixed-3000-seed-41544c53,remove-1000,root_iterator_next_calls_median,count,0,2505502.0
Atlas,1c2e54b3b8df+bench,SVG,instrument-2026-10-07T06-46-37.937Z,mixed-3000-seed-41544c53,remove-1000,root_iterator_next_calls_p95,count,0,2505502.0
Atlas,1c2e54b3b8df+bench,SVG,instrument-2026-10-07T06-46-37.937Z,mixed-3000-seed-41544c53,remove-1000,root_iterator_next_calls_max,count,0,2505502.0
Atlas,1c2e54b3b8df+bench,SVG,instrument-2026-10-07T06-46-37.937Z,mixed-3000-seed-41544c53,remove-1000,renderer_scene_reads_n,count,0,1
Atlas,1c2e54b3b8df+bench,SVG,instrument-2026-10-07T06-46-37.937Z,mixed-3000-seed-41544c53,remove-1000,renderer_scene_reads_median,count,0,1.0
Atlas,1c2e54b3b8df+bench,SVG,instrument-2026-10-07T06-46-37.937Z,mixed-3000-seed-41544c53,remove-1000,renderer_scene_reads_p95,count,0,1.0
Atlas,1c2e54b3b8df+bench,SVG,instrument-2026-10-07T06-46-37.937Z,mixed-3000-seed-41544c53,remove-1000,renderer_scene_reads_max,count,0,1.0
Atlas,1c2e54b3b8df+bench,SVG,instrument-2026-10-07T06-46-37.937Z,mixed-3000-seed-41544c53,remove-1000,route_membership_reads_n,count,0,1
Atlas,1c2e54b3b8df+bench,SVG,instrument-2026-10-07T06-46-37.937Z,mixed-3000-seed-41544c53,remove-1000,route_membership_reads_median,count,0,400.0
Atlas,1c2e54b3b8df+bench,SVG,instrument-2026-10-07T06-46-37.937Z,mixed-3000-seed-41544c53,remove-1000,route_membership_reads_p95,count,0,400.0
Atlas,1c2e54b3b8df+bench,SVG,instrument-2026-10-07T06-46-37.937Z,mixed-3000-seed-41544c53,remove-1000,route_membership_reads_max,count,0,400.0
Atlas,1c2e54b3b8df+bench,SVG,instrument-2026-10-07T06-46-37.937Z,mixed-3000-seed-41544c53,remove-1000,renderer_scene_membership_changes_n,count,0,1
Atlas,1c2e54b3b8df+bench,SVG,instrument-2026-10-07T06-46-37.937Z,mixed-3000-seed-41544c53,remove-1000,renderer_scene_membership_changes_median,count,0,1.0
Atlas,1c2e54b3b8df+bench,SVG,instrument-2026-10-07T06-46-37.937Z,mixed-3000-seed-41544c53,remove-1000,renderer_scene_membership_changes_p95,count,0,1.0
Atlas,1c2e54b3b8df+bench,SVG,instrument-2026-10-07T06-46-37.937Z,mixed-3000-seed-41544c53,remove-1000,renderer_scene_membership_changes_max,count,0,1.0
Atlas,1c2e54b3b8df+bench,SVG,instrument-2026-10-07T06-46-37.937Z,mixed-3000-seed-41544c53,remove-1000,renderer_calls_n,count,0,1
Atlas,1c2e54b3b8df+bench,SVG,instrument-2026-10-07T06-46-37.937Z,mixed-3000-seed-41544c53,remove-1000,renderer_calls_median,count,0,1.0
Atlas,1c2e54b3b8df+bench,SVG,instrument-2026-10-07T06-46-37.937Z,mixed-3000-seed-41544c53,remove-1000,renderer_calls_p95,count,0,1.0
Atlas,1c2e54b3b8df+bench,SVG,instrument-2026-10-07T06-46-37.937Z,mixed-3000-seed-41544c53,remove-1000,renderer_calls_max,count,0,1.0
Atlas,1c2e54b3b8df+bench,SVG,instrument-2026-10-07T06-46-37.937Z,mixed-3000-seed-41544c53,remove-1000,layout_rect_reads_n,count,0,1
Atlas,1c2e54b3b8df+bench,SVG,instrument-2026-10-07T06-46-37.937Z,mixed-3000-seed-41544c53,remove-1000,layout_rect_reads_median,count,0,0.0
Atlas,1c2e54b3b8df+bench,SVG,instrument-2026-10-07T06-46-37.937Z,mixed-3000-seed-41544c53,remove-1000,layout_rect_reads_p95,count,0,0.0
Atlas,1c2e54b3b8df+bench,SVG,instrument-2026-10-07T06-46-37.937Z,mixed-3000-seed-41544c53,remove-1000,layout_rect_reads_max,count,0,0.0
Atlas,1c2e54b3b8df+bench,SVG,instrument-2026-10-07T06-46-37.937Z,mixed-3000-seed-41544c53,remove-1000,instrumented_renderer_callback_ms_n,count,0,1
Atlas,1c2e54b3b8df+bench,SVG,instrument-2026-10-07T06-46-37.937Z,mixed-3000-seed-41544c53,remove-1000,instrumented_renderer_callback_ms_median,ms,0,3.4
Atlas,1c2e54b3b8df+bench,SVG,instrument-2026-10-07T06-46-37.937Z,mixed-3000-seed-41544c53,remove-1000,instrumented_renderer_callback_ms_p95,ms,0,3.4
Atlas,1c2e54b3b8df+bench,SVG,instrument-2026-10-07T06-46-37.937Z,mixed-3000-seed-41544c53,remove-1000,instrumented_renderer_callback_ms_max,ms,0,3.4
Atlas,1c2e54b3b8df+bench,SVG,instrument-2026-10-07T06-46-37.937Z,mixed-3000-seed-41544c53,remove-1000,cleanup_renderer_calls_n,count,0,1
Atlas,1c2e54b3b8df+bench,SVG,instrument-2026-10-07T06-46-37.937Z,mixed-3000-seed-41544c53,remove-1000,cleanup_renderer_calls_median,count,0,0.0
Atlas,1c2e54b3b8df+bench,SVG,instrument-2026-10-07T06-46-37.937Z,mixed-3000-seed-41544c53,remove-1000,cleanup_renderer_calls_p95,count,0,0.0
Atlas,1c2e54b3b8df+bench,SVG,instrument-2026-10-07T06-46-37.937Z,mixed-3000-seed-41544c53,remove-1000,cleanup_renderer_calls_max,count,0,0.0
Atlas,1c2e54b3b8df+bench,SVG,instrument-2026-10-07T06-46-37.937Z,mixed-3000-seed-41544c53,remove-1000,cleanup_stage_children_n,count,0,1
Atlas,1c2e54b3b8df+bench,SVG,instrument-2026-10-07T06-46-37.937Z,mixed-3000-seed-41544c53,remove-1000,cleanup_stage_children_median,count,0,0.0
Atlas,1c2e54b3b8df+bench,SVG,instrument-2026-10-07T06-46-37.937Z,mixed-3000-seed-41544c53,remove-1000,cleanup_stage_children_p95,count,0,0.0
Atlas,1c2e54b3b8df+bench,SVG,instrument-2026-10-07T06-46-37.937Z,mixed-3000-seed-41544c53,remove-1000,cleanup_stage_children_max,count,0,0.0
Atlas,1c2e54b3b8df+bench,SVG,instrument-2026-10-07T06-46-37.937Z,mixed-3000-seed-41544c53,route-update,operation_sync_ms_n,count,0,1
Atlas,1c2e54b3b8df+bench,SVG,instrument-2026-10-07T06-46-37.937Z,mixed-3000-seed-41544c53,route-update,operation_sync_ms_median,ms,0,1.4
Atlas,1c2e54b3b8df+bench,SVG,instrument-2026-10-07T06-46-37.937Z,mixed-3000-seed-41544c53,route-update,operation_sync_ms_p95,ms,0,1.4
Atlas,1c2e54b3b8df+bench,SVG,instrument-2026-10-07T06-46-37.937Z,mixed-3000-seed-41544c53,route-update,operation_sync_ms_max,ms,0,1.4
Atlas,1c2e54b3b8df+bench,SVG,instrument-2026-10-07T06-46-37.937Z,mixed-3000-seed-41544c53,route-update,operation_to_raf_opportunities_ms_n,count,0,1
Atlas,1c2e54b3b8df+bench,SVG,instrument-2026-10-07T06-46-37.937Z,mixed-3000-seed-41544c53,route-update,operation_to_raf_opportunities_ms_median,ms,0,29.1
Atlas,1c2e54b3b8df+bench,SVG,instrument-2026-10-07T06-46-37.937Z,mixed-3000-seed-41544c53,route-update,operation_to_raf_opportunities_ms_p95,ms,0,29.1
Atlas,1c2e54b3b8df+bench,SVG,instrument-2026-10-07T06-46-37.937Z,mixed-3000-seed-41544c53,route-update,operation_to_raf_opportunities_ms_max,ms,0,29.1
Atlas,1c2e54b3b8df+bench,SVG,instrument-2026-10-07T06-46-37.937Z,mixed-3000-seed-41544c53,route-update,root_iterator_creations_n,count,0,1
Atlas,1c2e54b3b8df+bench,SVG,instrument-2026-10-07T06-46-37.937Z,mixed-3000-seed-41544c53,route-update,root_iterator_creations_median,count,0,2.0
Atlas,1c2e54b3b8df+bench,SVG,instrument-2026-10-07T06-46-37.937Z,mixed-3000-seed-41544c53,route-update,root_iterator_creations_p95,count,0,2.0
Atlas,1c2e54b3b8df+bench,SVG,instrument-2026-10-07T06-46-37.937Z,mixed-3000-seed-41544c53,route-update,root_iterator_creations_max,count,0,2.0
Atlas,1c2e54b3b8df+bench,SVG,instrument-2026-10-07T06-46-37.937Z,mixed-3000-seed-41544c53,route-update,root_iterator_next_calls_n,count,0,1
Atlas,1c2e54b3b8df+bench,SVG,instrument-2026-10-07T06-46-37.937Z,mixed-3000-seed-41544c53,route-update,root_iterator_next_calls_median,count,0,6002.0
Atlas,1c2e54b3b8df+bench,SVG,instrument-2026-10-07T06-46-37.937Z,mixed-3000-seed-41544c53,route-update,root_iterator_next_calls_p95,count,0,6002.0
Atlas,1c2e54b3b8df+bench,SVG,instrument-2026-10-07T06-46-37.937Z,mixed-3000-seed-41544c53,route-update,root_iterator_next_calls_max,count,0,6002.0
Atlas,1c2e54b3b8df+bench,SVG,instrument-2026-10-07T06-46-37.937Z,mixed-3000-seed-41544c53,route-update,route_membership_reads_n,count,0,1
Atlas,1c2e54b3b8df+bench,SVG,instrument-2026-10-07T06-46-37.937Z,mixed-3000-seed-41544c53,route-update,route_membership_reads_median,count,0,602.0
Atlas,1c2e54b3b8df+bench,SVG,instrument-2026-10-07T06-46-37.937Z,mixed-3000-seed-41544c53,route-update,route_membership_reads_p95,count,0,602.0
Atlas,1c2e54b3b8df+bench,SVG,instrument-2026-10-07T06-46-37.937Z,mixed-3000-seed-41544c53,route-update,route_membership_reads_max,count,0,602.0
Atlas,1c2e54b3b8df+bench,SVG,instrument-2026-10-07T06-46-37.937Z,mixed-3000-seed-41544c53,route-update,renderer_scene_reads_n,count,0,1
Atlas,1c2e54b3b8df+bench,SVG,instrument-2026-10-07T06-46-37.937Z,mixed-3000-seed-41544c53,route-update,renderer_scene_reads_median,count,0,1.0
Atlas,1c2e54b3b8df+bench,SVG,instrument-2026-10-07T06-46-37.937Z,mixed-3000-seed-41544c53,route-update,renderer_scene_reads_p95,count,0,1.0
Atlas,1c2e54b3b8df+bench,SVG,instrument-2026-10-07T06-46-37.937Z,mixed-3000-seed-41544c53,route-update,renderer_scene_reads_max,count,0,1.0
Atlas,1c2e54b3b8df+bench,SVG,instrument-2026-10-07T06-46-37.937Z,mixed-3000-seed-41544c53,route-update,renderer_scene_membership_changes_n,count,0,1
Atlas,1c2e54b3b8df+bench,SVG,instrument-2026-10-07T06-46-37.937Z,mixed-3000-seed-41544c53,route-update,renderer_scene_membership_changes_median,count,0,1.0
Atlas,1c2e54b3b8df+bench,SVG,instrument-2026-10-07T06-46-37.937Z,mixed-3000-seed-41544c53,route-update,renderer_scene_membership_changes_p95,count,0,1.0
Atlas,1c2e54b3b8df+bench,SVG,instrument-2026-10-07T06-46-37.937Z,mixed-3000-seed-41544c53,route-update,renderer_scene_membership_changes_max,count,0,1.0
Atlas,1c2e54b3b8df+bench,SVG,instrument-2026-10-07T06-46-37.937Z,mixed-3000-seed-41544c53,route-update,svg_attribute_writes_n,count,0,1
Atlas,1c2e54b3b8df+bench,SVG,instrument-2026-10-07T06-46-37.937Z,mixed-3000-seed-41544c53,route-update,svg_attribute_writes_median,count,0,17.0
Atlas,1c2e54b3b8df+bench,SVG,instrument-2026-10-07T06-46-37.937Z,mixed-3000-seed-41544c53,route-update,svg_attribute_writes_p95,count,0,17.0
Atlas,1c2e54b3b8df+bench,SVG,instrument-2026-10-07T06-46-37.937Z,mixed-3000-seed-41544c53,route-update,svg_attribute_writes_max,count,0,17.0
Atlas,1c2e54b3b8df+bench,SVG,instrument-2026-10-07T06-46-37.937Z,mixed-3000-seed-41544c53,route-update,svg_attribute_removals_n,count,0,1
Atlas,1c2e54b3b8df+bench,SVG,instrument-2026-10-07T06-46-37.937Z,mixed-3000-seed-41544c53,route-update,svg_attribute_removals_median,count,0,2.0
Atlas,1c2e54b3b8df+bench,SVG,instrument-2026-10-07T06-46-37.937Z,mixed-3000-seed-41544c53,route-update,svg_attribute_removals_p95,count,0,2.0
Atlas,1c2e54b3b8df+bench,SVG,instrument-2026-10-07T06-46-37.937Z,mixed-3000-seed-41544c53,route-update,svg_attribute_removals_max,count,0,2.0
Atlas,1c2e54b3b8df+bench,SVG,instrument-2026-10-07T06-46-37.937Z,mixed-3000-seed-41544c53,route-update,renderer_calls_n,count,0,1
Atlas,1c2e54b3b8df+bench,SVG,instrument-2026-10-07T06-46-37.937Z,mixed-3000-seed-41544c53,route-update,renderer_calls_median,count,0,1.0
Atlas,1c2e54b3b8df+bench,SVG,instrument-2026-10-07T06-46-37.937Z,mixed-3000-seed-41544c53,route-update,renderer_calls_p95,count,0,1.0
Atlas,1c2e54b3b8df+bench,SVG,instrument-2026-10-07T06-46-37.937Z,mixed-3000-seed-41544c53,route-update,renderer_calls_max,count,0,1.0
Atlas,1c2e54b3b8df+bench,SVG,instrument-2026-10-07T06-46-37.937Z,mixed-3000-seed-41544c53,route-update,layout_rect_reads_n,count,0,1
Atlas,1c2e54b3b8df+bench,SVG,instrument-2026-10-07T06-46-37.937Z,mixed-3000-seed-41544c53,route-update,layout_rect_reads_median,count,0,0.0
Atlas,1c2e54b3b8df+bench,SVG,instrument-2026-10-07T06-46-37.937Z,mixed-3000-seed-41544c53,route-update,layout_rect_reads_p95,count,0,0.0
Atlas,1c2e54b3b8df+bench,SVG,instrument-2026-10-07T06-46-37.937Z,mixed-3000-seed-41544c53,route-update,layout_rect_reads_max,count,0,0.0
Atlas,1c2e54b3b8df+bench,SVG,instrument-2026-10-07T06-46-37.937Z,mixed-3000-seed-41544c53,route-update,instrumented_renderer_callback_ms_n,count,0,1
Atlas,1c2e54b3b8df+bench,SVG,instrument-2026-10-07T06-46-37.937Z,mixed-3000-seed-41544c53,route-update,instrumented_renderer_callback_ms_median,ms,0,2.6
Atlas,1c2e54b3b8df+bench,SVG,instrument-2026-10-07T06-46-37.937Z,mixed-3000-seed-41544c53,route-update,instrumented_renderer_callback_ms_p95,ms,0,2.6
Atlas,1c2e54b3b8df+bench,SVG,instrument-2026-10-07T06-46-37.937Z,mixed-3000-seed-41544c53,route-update,instrumented_renderer_callback_ms_max,ms,0,2.6
Atlas,1c2e54b3b8df+bench,SVG,instrument-2026-10-07T06-46-37.937Z,mixed-3000-seed-41544c53,route-update,cleanup_renderer_calls_n,count,0,1
Atlas,1c2e54b3b8df+bench,SVG,instrument-2026-10-07T06-46-37.937Z,mixed-3000-seed-41544c53,route-update,cleanup_renderer_calls_median,count,0,0.0
Atlas,1c2e54b3b8df+bench,SVG,instrument-2026-10-07T06-46-37.937Z,mixed-3000-seed-41544c53,route-update,cleanup_renderer_calls_p95,count,0,0.0
Atlas,1c2e54b3b8df+bench,SVG,instrument-2026-10-07T06-46-37.937Z,mixed-3000-seed-41544c53,route-update,cleanup_renderer_calls_max,count,0,0.0
Atlas,1c2e54b3b8df+bench,SVG,instrument-2026-10-07T06-46-37.937Z,mixed-3000-seed-41544c53,route-update,cleanup_stage_children_n,count,0,1
Atlas,1c2e54b3b8df+bench,SVG,instrument-2026-10-07T06-46-37.937Z,mixed-3000-seed-41544c53,route-update,cleanup_stage_children_median,count,0,0.0
Atlas,1c2e54b3b8df+bench,SVG,instrument-2026-10-07T06-46-37.937Z,mixed-3000-seed-41544c53,route-update,cleanup_stage_children_p95,count,0,0.0
Atlas,1c2e54b3b8df+bench,SVG,instrument-2026-10-07T06-46-37.937Z,mixed-3000-seed-41544c53,route-update,cleanup_stage_children_max,count,0,0.0
Atlas,1c2e54b3b8df+bench,SVG,instrument-2026-10-07T06-46-37.937Z,mixed-3000-seed-41544c53,wheel-input,synthetic_wheel_dispatch_sync_ms_n,count,0,10
Atlas,1c2e54b3b8df+bench,SVG,instrument-2026-10-07T06-46-37.937Z,mixed-3000-seed-41544c53,wheel-input,synthetic_wheel_dispatch_sync_ms_median,ms,0,0.0
Atlas,1c2e54b3b8df+bench,SVG,instrument-2026-10-07T06-46-37.937Z,mixed-3000-seed-41544c53,wheel-input,synthetic_wheel_dispatch_sync_ms_p95,ms,0,0.1
Atlas,1c2e54b3b8df+bench,SVG,instrument-2026-10-07T06-46-37.937Z,mixed-3000-seed-41544c53,wheel-input,synthetic_wheel_dispatch_sync_ms_max,ms,0,0.1
Atlas,1c2e54b3b8df+bench,SVG,instrument-2026-10-07T06-46-37.937Z,mixed-3000-seed-41544c53,wheel-input,layout_rect_reads_n,count,0,1
Atlas,1c2e54b3b8df+bench,SVG,instrument-2026-10-07T06-46-37.937Z,mixed-3000-seed-41544c53,wheel-input,layout_rect_reads_median,count,0,52.0
Atlas,1c2e54b3b8df+bench,SVG,instrument-2026-10-07T06-46-37.937Z,mixed-3000-seed-41544c53,wheel-input,layout_rect_reads_p95,count,0,52.0
Atlas,1c2e54b3b8df+bench,SVG,instrument-2026-10-07T06-46-37.937Z,mixed-3000-seed-41544c53,wheel-input,layout_rect_reads_max,count,0,52.0
Atlas,1c2e54b3b8df+bench,SVG,instrument-2026-10-07T06-46-37.937Z,mixed-3000-seed-41544c53,wheel-input,renderer_scene_reads_n,count,0,1
Atlas,1c2e54b3b8df+bench,SVG,instrument-2026-10-07T06-46-37.937Z,mixed-3000-seed-41544c53,wheel-input,renderer_scene_reads_median,count,0,10.0
Atlas,1c2e54b3b8df+bench,SVG,instrument-2026-10-07T06-46-37.937Z,mixed-3000-seed-41544c53,wheel-input,renderer_scene_reads_p95,count,0,10.0
Atlas,1c2e54b3b8df+bench,SVG,instrument-2026-10-07T06-46-37.937Z,mixed-3000-seed-41544c53,wheel-input,renderer_scene_reads_max,count,0,10.0
Atlas,1c2e54b3b8df+bench,SVG,instrument-2026-10-07T06-46-37.937Z,mixed-3000-seed-41544c53,wheel-input,svg_attribute_writes_n,count,0,1
Atlas,1c2e54b3b8df+bench,SVG,instrument-2026-10-07T06-46-37.937Z,mixed-3000-seed-41544c53,wheel-input,svg_attribute_writes_median,count,0,60010.0
Atlas,1c2e54b3b8df+bench,SVG,instrument-2026-10-07T06-46-37.937Z,mixed-3000-seed-41544c53,wheel-input,svg_attribute_writes_p95,count,0,60010.0
Atlas,1c2e54b3b8df+bench,SVG,instrument-2026-10-07T06-46-37.937Z,mixed-3000-seed-41544c53,wheel-input,svg_attribute_writes_max,count,0,60010.0
Atlas,1c2e54b3b8df+bench,SVG,instrument-2026-10-07T06-46-37.937Z,mixed-3000-seed-41544c53,wheel-input,renderer_calls_n,count,0,1
Atlas,1c2e54b3b8df+bench,SVG,instrument-2026-10-07T06-46-37.937Z,mixed-3000-seed-41544c53,wheel-input,renderer_calls_median,count,0,10.0
Atlas,1c2e54b3b8df+bench,SVG,instrument-2026-10-07T06-46-37.937Z,mixed-3000-seed-41544c53,wheel-input,renderer_calls_p95,count,0,10.0
Atlas,1c2e54b3b8df+bench,SVG,instrument-2026-10-07T06-46-37.937Z,mixed-3000-seed-41544c53,wheel-input,renderer_calls_max,count,0,10.0
Atlas,1c2e54b3b8df+bench,SVG,instrument-2026-10-07T06-46-37.937Z,mixed-3000-seed-41544c53,wheel-input,instrumented_renderer_callback_ms_n,count,0,10
Atlas,1c2e54b3b8df+bench,SVG,instrument-2026-10-07T06-46-37.937Z,mixed-3000-seed-41544c53,wheel-input,instrumented_renderer_callback_ms_median,ms,0,2.05
Atlas,1c2e54b3b8df+bench,SVG,instrument-2026-10-07T06-46-37.937Z,mixed-3000-seed-41544c53,wheel-input,instrumented_renderer_callback_ms_p95,ms,0,2.3
Atlas,1c2e54b3b8df+bench,SVG,instrument-2026-10-07T06-46-37.937Z,mixed-3000-seed-41544c53,wheel-input,instrumented_renderer_callback_ms_max,ms,0,2.3
Atlas,1c2e54b3b8df+bench,SVG,instrument-2026-10-07T06-46-37.937Z,mixed-3000-seed-41544c53,wheel-input,cleanup_renderer_calls_n,count,0,1
Atlas,1c2e54b3b8df+bench,SVG,instrument-2026-10-07T06-46-37.937Z,mixed-3000-seed-41544c53,wheel-input,cleanup_renderer_calls_median,count,0,0.0
Atlas,1c2e54b3b8df+bench,SVG,instrument-2026-10-07T06-46-37.937Z,mixed-3000-seed-41544c53,wheel-input,cleanup_renderer_calls_p95,count,0,0.0
Atlas,1c2e54b3b8df+bench,SVG,instrument-2026-10-07T06-46-37.937Z,mixed-3000-seed-41544c53,wheel-input,cleanup_renderer_calls_max,count,0,0.0
Atlas,1c2e54b3b8df+bench,SVG,instrument-2026-10-07T06-46-37.937Z,mixed-3000-seed-41544c53,wheel-input,cleanup_stage_children_n,count,0,1
Atlas,1c2e54b3b8df+bench,SVG,instrument-2026-10-07T06-46-37.937Z,mixed-3000-seed-41544c53,wheel-input,cleanup_stage_children_median,count,0,0.0
Atlas,1c2e54b3b8df+bench,SVG,instrument-2026-10-07T06-46-37.937Z,mixed-3000-seed-41544c53,wheel-input,cleanup_stage_children_p95,count,0,0.0
Atlas,1c2e54b3b8df+bench,SVG,instrument-2026-10-07T06-46-37.937Z,mixed-3000-seed-41544c53,wheel-input,cleanup_stage_children_max,count,0,0.0
Atlas,1c2e54b3b8df+bench,SVG,instrument-2026-10-07T06-46-37.937Z,mixed-5000-seed-41544c53,load,load_promise_ms_n,count,0,1
Atlas,1c2e54b3b8df+bench,SVG,instrument-2026-10-07T06-46-37.937Z,mixed-5000-seed-41544c53,load,load_promise_ms_median,ms,0,45.0
Atlas,1c2e54b3b8df+bench,SVG,instrument-2026-10-07T06-46-37.937Z,mixed-5000-seed-41544c53,load,load_promise_ms_p95,ms,0,45.0
Atlas,1c2e54b3b8df+bench,SVG,instrument-2026-10-07T06-46-37.937Z,mixed-5000-seed-41544c53,load,load_promise_ms_max,ms,0,45.0
Atlas,1c2e54b3b8df+bench,SVG,instrument-2026-10-07T06-46-37.937Z,mixed-5000-seed-41544c53,load,create_to_raf_opportunities_ms_n,count,0,1
Atlas,1c2e54b3b8df+bench,SVG,instrument-2026-10-07T06-46-37.937Z,mixed-5000-seed-41544c53,load,create_to_raf_opportunities_ms_median,ms,0,197.2
Atlas,1c2e54b3b8df+bench,SVG,instrument-2026-10-07T06-46-37.937Z,mixed-5000-seed-41544c53,load,create_to_raf_opportunities_ms_p95,ms,0,197.2
Atlas,1c2e54b3b8df+bench,SVG,instrument-2026-10-07T06-46-37.937Z,mixed-5000-seed-41544c53,load,create_to_raf_opportunities_ms_max,ms,0,197.2
Atlas,1c2e54b3b8df+bench,SVG,instrument-2026-10-07T06-46-37.937Z,mixed-5000-seed-41544c53,load,semantic_roots_n,count,0,1
Atlas,1c2e54b3b8df+bench,SVG,instrument-2026-10-07T06-46-37.937Z,mixed-5000-seed-41544c53,load,semantic_roots_median,count,0,5000.0
Atlas,1c2e54b3b8df+bench,SVG,instrument-2026-10-07T06-46-37.937Z,mixed-5000-seed-41544c53,load,semantic_roots_p95,count,0,5000.0
Atlas,1c2e54b3b8df+bench,SVG,instrument-2026-10-07T06-46-37.937Z,mixed-5000-seed-41544c53,load,semantic_roots_max,count,0,5000.0
Atlas,1c2e54b3b8df+bench,SVG,instrument-2026-10-07T06-46-37.937Z,mixed-5000-seed-41544c53,load,owned_points_n,count,0,1
Atlas,1c2e54b3b8df+bench,SVG,instrument-2026-10-07T06-46-37.937Z,mixed-5000-seed-41544c53,load,owned_points_median,count,0,8996.0
Atlas,1c2e54b3b8df+bench,SVG,instrument-2026-10-07T06-46-37.937Z,mixed-5000-seed-41544c53,load,owned_points_p95,count,0,8996.0
Atlas,1c2e54b3b8df+bench,SVG,instrument-2026-10-07T06-46-37.937Z,mixed-5000-seed-41544c53,load,owned_points_max,count,0,8996.0
Atlas,1c2e54b3b8df+bench,SVG,instrument-2026-10-07T06-46-37.937Z,mixed-5000-seed-41544c53,load,visual_primitives_n,count,0,1
Atlas,1c2e54b3b8df+bench,SVG,instrument-2026-10-07T06-46-37.937Z,mixed-5000-seed-41544c53,load,visual_primitives_median,count,0,11996.0
Atlas,1c2e54b3b8df+bench,SVG,instrument-2026-10-07T06-46-37.937Z,mixed-5000-seed-41544c53,load,visual_primitives_p95,count,0,11996.0
Atlas,1c2e54b3b8df+bench,SVG,instrument-2026-10-07T06-46-37.937Z,mixed-5000-seed-41544c53,load,visual_primitives_max,count,0,11996.0
Atlas,1c2e54b3b8df+bench,SVG,instrument-2026-10-07T06-46-37.937Z,mixed-5000-seed-41544c53,load,svg_element_nodes_n,count,0,1
Atlas,1c2e54b3b8df+bench,SVG,instrument-2026-10-07T06-46-37.937Z,mixed-5000-seed-41544c53,load,svg_element_nodes_median,count,0,23994.0
Atlas,1c2e54b3b8df+bench,SVG,instrument-2026-10-07T06-46-37.937Z,mixed-5000-seed-41544c53,load,svg_element_nodes_p95,count,0,23994.0
Atlas,1c2e54b3b8df+bench,SVG,instrument-2026-10-07T06-46-37.937Z,mixed-5000-seed-41544c53,load,svg_element_nodes_max,count,0,23994.0
Atlas,1c2e54b3b8df+bench,SVG,instrument-2026-10-07T06-46-37.937Z,mixed-5000-seed-41544c53,load,shadow_element_nodes_n,count,0,1
Atlas,1c2e54b3b8df+bench,SVG,instrument-2026-10-07T06-46-37.937Z,mixed-5000-seed-41544c53,load,shadow_element_nodes_median,count,0,23995.0
Atlas,1c2e54b3b8df+bench,SVG,instrument-2026-10-07T06-46-37.937Z,mixed-5000-seed-41544c53,load,shadow_element_nodes_p95,count,0,23995.0
Atlas,1c2e54b3b8df+bench,SVG,instrument-2026-10-07T06-46-37.937Z,mixed-5000-seed-41544c53,load,shadow_element_nodes_max,count,0,23995.0
Atlas,1c2e54b3b8df+bench,SVG,instrument-2026-10-07T06-46-37.937Z,mixed-5000-seed-41544c53,load,shadow_dom_nodes_n,count,0,1
Atlas,1c2e54b3b8df+bench,SVG,instrument-2026-10-07T06-46-37.937Z,mixed-5000-seed-41544c53,load,shadow_dom_nodes_median,count,0,23998.0
Atlas,1c2e54b3b8df+bench,SVG,instrument-2026-10-07T06-46-37.937Z,mixed-5000-seed-41544c53,load,shadow_dom_nodes_p95,count,0,23998.0
Atlas,1c2e54b3b8df+bench,SVG,instrument-2026-10-07T06-46-37.937Z,mixed-5000-seed-41544c53,load,shadow_dom_nodes_max,count,0,23998.0
Atlas,1c2e54b3b8df+bench,SVG,instrument-2026-10-07T06-46-37.937Z,mixed-5000-seed-41544c53,load,root_iterator_creations_n,count,0,1
Atlas,1c2e54b3b8df+bench,SVG,instrument-2026-10-07T06-46-37.937Z,mixed-5000-seed-41544c53,load,root_iterator_creations_median,count,0,4.0
Atlas,1c2e54b3b8df+bench,SVG,instrument-2026-10-07T06-46-37.937Z,mixed-5000-seed-41544c53,load,root_iterator_creations_p95,count,0,4.0
Atlas,1c2e54b3b8df+bench,SVG,instrument-2026-10-07T06-46-37.937Z,mixed-5000-seed-41544c53,load,root_iterator_creations_max,count,0,4.0
Atlas,1c2e54b3b8df+bench,SVG,instrument-2026-10-07T06-46-37.937Z,mixed-5000-seed-41544c53,load,root_iterator_next_calls_n,count,0,1
Atlas,1c2e54b3b8df+bench,SVG,instrument-2026-10-07T06-46-37.937Z,mixed-5000-seed-41544c53,load,root_iterator_next_calls_median,count,0,10004.0
Atlas,1c2e54b3b8df+bench,SVG,instrument-2026-10-07T06-46-37.937Z,mixed-5000-seed-41544c53,load,root_iterator_next_calls_p95,count,0,10004.0
Atlas,1c2e54b3b8df+bench,SVG,instrument-2026-10-07T06-46-37.937Z,mixed-5000-seed-41544c53,load,root_iterator_next_calls_max,count,0,10004.0
Atlas,1c2e54b3b8df+bench,SVG,instrument-2026-10-07T06-46-37.937Z,mixed-5000-seed-41544c53,load,svg_attribute_writes_n,count,0,1
Atlas,1c2e54b3b8df+bench,SVG,instrument-2026-10-07T06-46-37.937Z,mixed-5000-seed-41544c53,load,svg_attribute_writes_median,count,0,102975.0
Atlas,1c2e54b3b8df+bench,SVG,instrument-2026-10-07T06-46-37.937Z,mixed-5000-seed-41544c53,load,svg_attribute_writes_p95,count,0,102975.0
Atlas,1c2e54b3b8df+bench,SVG,instrument-2026-10-07T06-46-37.937Z,mixed-5000-seed-41544c53,load,svg_attribute_writes_max,count,0,102975.0
Atlas,1c2e54b3b8df+bench,SVG,instrument-2026-10-07T06-46-37.937Z,mixed-5000-seed-41544c53,load,renderer_calls_n,count,0,1
Atlas,1c2e54b3b8df+bench,SVG,instrument-2026-10-07T06-46-37.937Z,mixed-5000-seed-41544c53,load,renderer_calls_median,count,0,2.0
Atlas,1c2e54b3b8df+bench,SVG,instrument-2026-10-07T06-46-37.937Z,mixed-5000-seed-41544c53,load,renderer_calls_p95,count,0,2.0
Atlas,1c2e54b3b8df+bench,SVG,instrument-2026-10-07T06-46-37.937Z,mixed-5000-seed-41544c53,load,renderer_calls_max,count,0,2.0
Atlas,1c2e54b3b8df+bench,SVG,instrument-2026-10-07T06-46-37.937Z,mixed-5000-seed-41544c53,load,route_membership_reads_n,count,0,1
Atlas,1c2e54b3b8df+bench,SVG,instrument-2026-10-07T06-46-37.937Z,mixed-5000-seed-41544c53,load,route_membership_reads_median,count,0,2000.0
Atlas,1c2e54b3b8df+bench,SVG,instrument-2026-10-07T06-46-37.937Z,mixed-5000-seed-41544c53,load,route_membership_reads_p95,count,0,2000.0
Atlas,1c2e54b3b8df+bench,SVG,instrument-2026-10-07T06-46-37.937Z,mixed-5000-seed-41544c53,load,route_membership_reads_max,count,0,2000.0
Atlas,1c2e54b3b8df+bench,SVG,instrument-2026-10-07T06-46-37.937Z,mixed-5000-seed-41544c53,load,renderer_scene_reads_n,count,0,1
Atlas,1c2e54b3b8df+bench,SVG,instrument-2026-10-07T06-46-37.937Z,mixed-5000-seed-41544c53,load,renderer_scene_reads_median,count,0,2.0
Atlas,1c2e54b3b8df+bench,SVG,instrument-2026-10-07T06-46-37.937Z,mixed-5000-seed-41544c53,load,renderer_scene_reads_p95,count,0,2.0
Atlas,1c2e54b3b8df+bench,SVG,instrument-2026-10-07T06-46-37.937Z,mixed-5000-seed-41544c53,load,renderer_scene_reads_max,count,0,2.0
Atlas,1c2e54b3b8df+bench,SVG,instrument-2026-10-07T06-46-37.937Z,mixed-5000-seed-41544c53,load,svg_attribute_removals_n,count,0,1
Atlas,1c2e54b3b8df+bench,SVG,instrument-2026-10-07T06-46-37.937Z,mixed-5000-seed-41544c53,load,svg_attribute_removals_median,count,0,11996.0
Atlas,1c2e54b3b8df+bench,SVG,instrument-2026-10-07T06-46-37.937Z,mixed-5000-seed-41544c53,load,svg_attribute_removals_p95,count,0,11996.0
Atlas,1c2e54b3b8df+bench,SVG,instrument-2026-10-07T06-46-37.937Z,mixed-5000-seed-41544c53,load,svg_attribute_removals_max,count,0,11996.0
Atlas,1c2e54b3b8df+bench,SVG,instrument-2026-10-07T06-46-37.937Z,mixed-5000-seed-41544c53,load,layout_rect_reads_n,count,0,1
Atlas,1c2e54b3b8df+bench,SVG,instrument-2026-10-07T06-46-37.937Z,mixed-5000-seed-41544c53,load,layout_rect_reads_median,count,0,0.0
Atlas,1c2e54b3b8df+bench,SVG,instrument-2026-10-07T06-46-37.937Z,mixed-5000-seed-41544c53,load,layout_rect_reads_p95,count,0,0.0
Atlas,1c2e54b3b8df+bench,SVG,instrument-2026-10-07T06-46-37.937Z,mixed-5000-seed-41544c53,load,layout_rect_reads_max,count,0,0.0
Atlas,1c2e54b3b8df+bench,SVG,instrument-2026-10-07T06-46-37.937Z,mixed-5000-seed-41544c53,load,instrumented_renderer_callback_ms_n,count,0,2
Atlas,1c2e54b3b8df+bench,SVG,instrument-2026-10-07T06-46-37.937Z,mixed-5000-seed-41544c53,load,instrumented_renderer_callback_ms_median,ms,0,9.95
Atlas,1c2e54b3b8df+bench,SVG,instrument-2026-10-07T06-46-37.937Z,mixed-5000-seed-41544c53,load,instrumented_renderer_callback_ms_p95,ms,0,19.9
Atlas,1c2e54b3b8df+bench,SVG,instrument-2026-10-07T06-46-37.937Z,mixed-5000-seed-41544c53,load,instrumented_renderer_callback_ms_max,ms,0,19.9
Atlas,1c2e54b3b8df+bench,SVG,instrument-2026-10-07T06-46-37.937Z,mixed-5000-seed-41544c53,load,instrumented_prepare_promise_ms_n,count,0,1
Atlas,1c2e54b3b8df+bench,SVG,instrument-2026-10-07T06-46-37.937Z,mixed-5000-seed-41544c53,load,instrumented_prepare_promise_ms_median,ms,0,24.9
Atlas,1c2e54b3b8df+bench,SVG,instrument-2026-10-07T06-46-37.937Z,mixed-5000-seed-41544c53,load,instrumented_prepare_promise_ms_p95,ms,0,24.9
Atlas,1c2e54b3b8df+bench,SVG,instrument-2026-10-07T06-46-37.937Z,mixed-5000-seed-41544c53,load,instrumented_prepare_promise_ms_max,ms,0,24.9
Atlas,1c2e54b3b8df+bench,SVG,instrument-2026-10-07T06-46-37.937Z,mixed-5000-seed-41544c53,load,cleanup_renderer_calls_n,count,0,1
Atlas,1c2e54b3b8df+bench,SVG,instrument-2026-10-07T06-46-37.937Z,mixed-5000-seed-41544c53,load,cleanup_renderer_calls_median,count,0,0.0
Atlas,1c2e54b3b8df+bench,SVG,instrument-2026-10-07T06-46-37.937Z,mixed-5000-seed-41544c53,load,cleanup_renderer_calls_p95,count,0,0.0
Atlas,1c2e54b3b8df+bench,SVG,instrument-2026-10-07T06-46-37.937Z,mixed-5000-seed-41544c53,load,cleanup_renderer_calls_max,count,0,0.0
Atlas,1c2e54b3b8df+bench,SVG,instrument-2026-10-07T06-46-37.937Z,mixed-5000-seed-41544c53,load,cleanup_stage_children_n,count,0,1
Atlas,1c2e54b3b8df+bench,SVG,instrument-2026-10-07T06-46-37.937Z,mixed-5000-seed-41544c53,load,cleanup_stage_children_median,count,0,0.0
Atlas,1c2e54b3b8df+bench,SVG,instrument-2026-10-07T06-46-37.937Z,mixed-5000-seed-41544c53,load,cleanup_stage_children_p95,count,0,0.0
Atlas,1c2e54b3b8df+bench,SVG,instrument-2026-10-07T06-46-37.937Z,mixed-5000-seed-41544c53,load,cleanup_stage_children_max,count,0,0.0
Atlas,1c2e54b3b8df+bench,SVG,instrument-2026-10-07T06-46-37.937Z,mixed-5000-seed-41544c53,pan,frame_interval_ms_n,count,0,39
Atlas,1c2e54b3b8df+bench,SVG,instrument-2026-10-07T06-46-37.937Z,mixed-5000-seed-41544c53,pan,frame_interval_ms_median,ms,0,33.4
Atlas,1c2e54b3b8df+bench,SVG,instrument-2026-10-07T06-46-37.937Z,mixed-5000-seed-41544c53,pan,frame_interval_ms_p95,ms,0,50.1
Atlas,1c2e54b3b8df+bench,SVG,instrument-2026-10-07T06-46-37.937Z,mixed-5000-seed-41544c53,pan,frame_interval_ms_max,ms,0,83.4
Atlas,1c2e54b3b8df+bench,SVG,instrument-2026-10-07T06-46-37.937Z,mixed-5000-seed-41544c53,pan,camera_api_sync_ms_n,count,0,39
Atlas,1c2e54b3b8df+bench,SVG,instrument-2026-10-07T06-46-37.937Z,mixed-5000-seed-41544c53,pan,camera_api_sync_ms_median,ms,0,0.0
Atlas,1c2e54b3b8df+bench,SVG,instrument-2026-10-07T06-46-37.937Z,mixed-5000-seed-41544c53,pan,camera_api_sync_ms_p95,ms,0,0.1
Atlas,1c2e54b3b8df+bench,SVG,instrument-2026-10-07T06-46-37.937Z,mixed-5000-seed-41544c53,pan,camera_api_sync_ms_max,ms,0,2.1
Atlas,1c2e54b3b8df+bench,SVG,instrument-2026-10-07T06-46-37.937Z,mixed-5000-seed-41544c53,pan,motion_elapsed_ms_n,count,0,1
Atlas,1c2e54b3b8df+bench,SVG,instrument-2026-10-07T06-46-37.937Z,mixed-5000-seed-41544c53,pan,motion_elapsed_ms_median,ms,0,1533.3
Atlas,1c2e54b3b8df+bench,SVG,instrument-2026-10-07T06-46-37.937Z,mixed-5000-seed-41544c53,pan,motion_elapsed_ms_p95,ms,0,1533.3
Atlas,1c2e54b3b8df+bench,SVG,instrument-2026-10-07T06-46-37.937Z,mixed-5000-seed-41544c53,pan,motion_elapsed_ms_max,ms,0,1533.3
Atlas,1c2e54b3b8df+bench,SVG,instrument-2026-10-07T06-46-37.937Z,mixed-5000-seed-41544c53,pan,camera_updates_n,count,0,1
Atlas,1c2e54b3b8df+bench,SVG,instrument-2026-10-07T06-46-37.937Z,mixed-5000-seed-41544c53,pan,camera_updates_median,count,0,39.0
Atlas,1c2e54b3b8df+bench,SVG,instrument-2026-10-07T06-46-37.937Z,mixed-5000-seed-41544c53,pan,camera_updates_p95,count,0,39.0
Atlas,1c2e54b3b8df+bench,SVG,instrument-2026-10-07T06-46-37.937Z,mixed-5000-seed-41544c53,pan,camera_updates_max,count,0,39.0
Atlas,1c2e54b3b8df+bench,SVG,instrument-2026-10-07T06-46-37.937Z,mixed-5000-seed-41544c53,pan,renderer_scene_reads_n,count,0,1
Atlas,1c2e54b3b8df+bench,SVG,instrument-2026-10-07T06-46-37.937Z,mixed-5000-seed-41544c53,pan,renderer_scene_reads_median,count,0,39.0
Atlas,1c2e54b3b8df+bench,SVG,instrument-2026-10-07T06-46-37.937Z,mixed-5000-seed-41544c53,pan,renderer_scene_reads_p95,count,0,39.0
Atlas,1c2e54b3b8df+bench,SVG,instrument-2026-10-07T06-46-37.937Z,mixed-5000-seed-41544c53,pan,renderer_scene_reads_max,count,0,39.0
Atlas,1c2e54b3b8df+bench,SVG,instrument-2026-10-07T06-46-37.937Z,mixed-5000-seed-41544c53,pan,svg_attribute_writes_n,count,0,1
Atlas,1c2e54b3b8df+bench,SVG,instrument-2026-10-07T06-46-37.937Z,mixed-5000-seed-41544c53,pan,svg_attribute_writes_median,count,0,39.0
Atlas,1c2e54b3b8df+bench,SVG,instrument-2026-10-07T06-46-37.937Z,mixed-5000-seed-41544c53,pan,svg_attribute_writes_p95,count,0,39.0
Atlas,1c2e54b3b8df+bench,SVG,instrument-2026-10-07T06-46-37.937Z,mixed-5000-seed-41544c53,pan,svg_attribute_writes_max,count,0,39.0
Atlas,1c2e54b3b8df+bench,SVG,instrument-2026-10-07T06-46-37.937Z,mixed-5000-seed-41544c53,pan,renderer_calls_n,count,0,1
Atlas,1c2e54b3b8df+bench,SVG,instrument-2026-10-07T06-46-37.937Z,mixed-5000-seed-41544c53,pan,renderer_calls_median,count,0,39.0
Atlas,1c2e54b3b8df+bench,SVG,instrument-2026-10-07T06-46-37.937Z,mixed-5000-seed-41544c53,pan,renderer_calls_p95,count,0,39.0
Atlas,1c2e54b3b8df+bench,SVG,instrument-2026-10-07T06-46-37.937Z,mixed-5000-seed-41544c53,pan,renderer_calls_max,count,0,39.0
Atlas,1c2e54b3b8df+bench,SVG,instrument-2026-10-07T06-46-37.937Z,mixed-5000-seed-41544c53,pan,layout_rect_reads_n,count,0,1
Atlas,1c2e54b3b8df+bench,SVG,instrument-2026-10-07T06-46-37.937Z,mixed-5000-seed-41544c53,pan,layout_rect_reads_median,count,0,0.0
Atlas,1c2e54b3b8df+bench,SVG,instrument-2026-10-07T06-46-37.937Z,mixed-5000-seed-41544c53,pan,layout_rect_reads_p95,count,0,0.0
Atlas,1c2e54b3b8df+bench,SVG,instrument-2026-10-07T06-46-37.937Z,mixed-5000-seed-41544c53,pan,layout_rect_reads_max,count,0,0.0
Atlas,1c2e54b3b8df+bench,SVG,instrument-2026-10-07T06-46-37.937Z,mixed-5000-seed-41544c53,pan,instrumented_renderer_callback_ms_n,count,0,39
Atlas,1c2e54b3b8df+bench,SVG,instrument-2026-10-07T06-46-37.937Z,mixed-5000-seed-41544c53,pan,instrumented_renderer_callback_ms_median,ms,0,0.0
Atlas,1c2e54b3b8df+bench,SVG,instrument-2026-10-07T06-46-37.937Z,mixed-5000-seed-41544c53,pan,instrumented_renderer_callback_ms_p95,ms,0,0.1
Atlas,1c2e54b3b8df+bench,SVG,instrument-2026-10-07T06-46-37.937Z,mixed-5000-seed-41544c53,pan,instrumented_renderer_callback_ms_max,ms,0,0.1
Atlas,1c2e54b3b8df+bench,SVG,instrument-2026-10-07T06-46-37.937Z,mixed-5000-seed-41544c53,pan,cleanup_renderer_calls_n,count,0,1
Atlas,1c2e54b3b8df+bench,SVG,instrument-2026-10-07T06-46-37.937Z,mixed-5000-seed-41544c53,pan,cleanup_renderer_calls_median,count,0,0.0
Atlas,1c2e54b3b8df+bench,SVG,instrument-2026-10-07T06-46-37.937Z,mixed-5000-seed-41544c53,pan,cleanup_renderer_calls_p95,count,0,0.0
Atlas,1c2e54b3b8df+bench,SVG,instrument-2026-10-07T06-46-37.937Z,mixed-5000-seed-41544c53,pan,cleanup_renderer_calls_max,count,0,0.0
Atlas,1c2e54b3b8df+bench,SVG,instrument-2026-10-07T06-46-37.937Z,mixed-5000-seed-41544c53,pan,cleanup_stage_children_n,count,0,1
Atlas,1c2e54b3b8df+bench,SVG,instrument-2026-10-07T06-46-37.937Z,mixed-5000-seed-41544c53,pan,cleanup_stage_children_median,count,0,0.0
Atlas,1c2e54b3b8df+bench,SVG,instrument-2026-10-07T06-46-37.937Z,mixed-5000-seed-41544c53,pan,cleanup_stage_children_p95,count,0,0.0
Atlas,1c2e54b3b8df+bench,SVG,instrument-2026-10-07T06-46-37.937Z,mixed-5000-seed-41544c53,pan,cleanup_stage_children_max,count,0,0.0
Atlas,1c2e54b3b8df+bench,SVG,instrument-2026-10-07T06-46-37.937Z,mixed-5000-seed-41544c53,zoom,frame_interval_ms_n,count,0,30
Atlas,1c2e54b3b8df+bench,SVG,instrument-2026-10-07T06-46-37.937Z,mixed-5000-seed-41544c53,zoom,frame_interval_ms_median,ms,0,50.0
Atlas,1c2e54b3b8df+bench,SVG,instrument-2026-10-07T06-46-37.937Z,mixed-5000-seed-41544c53,zoom,frame_interval_ms_p95,ms,0,83.3
Atlas,1c2e54b3b8df+bench,SVG,instrument-2026-10-07T06-46-37.937Z,mixed-5000-seed-41544c53,zoom,frame_interval_ms_max,ms,0,83.4
Atlas,1c2e54b3b8df+bench,SVG,instrument-2026-10-07T06-46-37.937Z,mixed-5000-seed-41544c53,zoom,camera_api_sync_ms_n,count,0,30
Atlas,1c2e54b3b8df+bench,SVG,instrument-2026-10-07T06-46-37.937Z,mixed-5000-seed-41544c53,zoom,camera_api_sync_ms_median,ms,0,0.0
Atlas,1c2e54b3b8df+bench,SVG,instrument-2026-10-07T06-46-37.937Z,mixed-5000-seed-41544c53,zoom,camera_api_sync_ms_p95,ms,0,0.1
Atlas,1c2e54b3b8df+bench,SVG,instrument-2026-10-07T06-46-37.937Z,mixed-5000-seed-41544c53,zoom,camera_api_sync_ms_max,ms,0,0.1
Atlas,1c2e54b3b8df+bench,SVG,instrument-2026-10-07T06-46-37.937Z,mixed-5000-seed-41544c53,zoom,motion_elapsed_ms_n,count,0,1
Atlas,1c2e54b3b8df+bench,SVG,instrument-2026-10-07T06-46-37.937Z,mixed-5000-seed-41544c53,zoom,motion_elapsed_ms_median,ms,0,1500.0
Atlas,1c2e54b3b8df+bench,SVG,instrument-2026-10-07T06-46-37.937Z,mixed-5000-seed-41544c53,zoom,motion_elapsed_ms_p95,ms,0,1500.0
Atlas,1c2e54b3b8df+bench,SVG,instrument-2026-10-07T06-46-37.937Z,mixed-5000-seed-41544c53,zoom,motion_elapsed_ms_max,ms,0,1500.0
Atlas,1c2e54b3b8df+bench,SVG,instrument-2026-10-07T06-46-37.937Z,mixed-5000-seed-41544c53,zoom,camera_updates_n,count,0,1
Atlas,1c2e54b3b8df+bench,SVG,instrument-2026-10-07T06-46-37.937Z,mixed-5000-seed-41544c53,zoom,camera_updates_median,count,0,30.0
Atlas,1c2e54b3b8df+bench,SVG,instrument-2026-10-07T06-46-37.937Z,mixed-5000-seed-41544c53,zoom,camera_updates_p95,count,0,30.0
Atlas,1c2e54b3b8df+bench,SVG,instrument-2026-10-07T06-46-37.937Z,mixed-5000-seed-41544c53,zoom,camera_updates_max,count,0,30.0
Atlas,1c2e54b3b8df+bench,SVG,instrument-2026-10-07T06-46-37.937Z,mixed-5000-seed-41544c53,zoom,renderer_scene_reads_n,count,0,1
Atlas,1c2e54b3b8df+bench,SVG,instrument-2026-10-07T06-46-37.937Z,mixed-5000-seed-41544c53,zoom,renderer_scene_reads_median,count,0,30.0
Atlas,1c2e54b3b8df+bench,SVG,instrument-2026-10-07T06-46-37.937Z,mixed-5000-seed-41544c53,zoom,renderer_scene_reads_p95,count,0,30.0
Atlas,1c2e54b3b8df+bench,SVG,instrument-2026-10-07T06-46-37.937Z,mixed-5000-seed-41544c53,zoom,renderer_scene_reads_max,count,0,30.0
Atlas,1c2e54b3b8df+bench,SVG,instrument-2026-10-07T06-46-37.937Z,mixed-5000-seed-41544c53,zoom,svg_attribute_writes_n,count,0,1
Atlas,1c2e54b3b8df+bench,SVG,instrument-2026-10-07T06-46-37.937Z,mixed-5000-seed-41544c53,zoom,svg_attribute_writes_median,count,0,299910.0
Atlas,1c2e54b3b8df+bench,SVG,instrument-2026-10-07T06-46-37.937Z,mixed-5000-seed-41544c53,zoom,svg_attribute_writes_p95,count,0,299910.0
Atlas,1c2e54b3b8df+bench,SVG,instrument-2026-10-07T06-46-37.937Z,mixed-5000-seed-41544c53,zoom,svg_attribute_writes_max,count,0,299910.0
Atlas,1c2e54b3b8df+bench,SVG,instrument-2026-10-07T06-46-37.937Z,mixed-5000-seed-41544c53,zoom,renderer_calls_n,count,0,1
Atlas,1c2e54b3b8df+bench,SVG,instrument-2026-10-07T06-46-37.937Z,mixed-5000-seed-41544c53,zoom,renderer_calls_median,count,0,30.0
Atlas,1c2e54b3b8df+bench,SVG,instrument-2026-10-07T06-46-37.937Z,mixed-5000-seed-41544c53,zoom,renderer_calls_p95,count,0,30.0
Atlas,1c2e54b3b8df+bench,SVG,instrument-2026-10-07T06-46-37.937Z,mixed-5000-seed-41544c53,zoom,renderer_calls_max,count,0,30.0
Atlas,1c2e54b3b8df+bench,SVG,instrument-2026-10-07T06-46-37.937Z,mixed-5000-seed-41544c53,zoom,layout_rect_reads_n,count,0,1
Atlas,1c2e54b3b8df+bench,SVG,instrument-2026-10-07T06-46-37.937Z,mixed-5000-seed-41544c53,zoom,layout_rect_reads_median,count,0,0.0
Atlas,1c2e54b3b8df+bench,SVG,instrument-2026-10-07T06-46-37.937Z,mixed-5000-seed-41544c53,zoom,layout_rect_reads_p95,count,0,0.0
Atlas,1c2e54b3b8df+bench,SVG,instrument-2026-10-07T06-46-37.937Z,mixed-5000-seed-41544c53,zoom,layout_rect_reads_max,count,0,0.0
Atlas,1c2e54b3b8df+bench,SVG,instrument-2026-10-07T06-46-37.937Z,mixed-5000-seed-41544c53,zoom,instrumented_renderer_callback_ms_n,count,0,30
Atlas,1c2e54b3b8df+bench,SVG,instrument-2026-10-07T06-46-37.937Z,mixed-5000-seed-41544c53,zoom,instrumented_renderer_callback_ms_median,ms,0,4.1
Atlas,1c2e54b3b8df+bench,SVG,instrument-2026-10-07T06-46-37.937Z,mixed-5000-seed-41544c53,zoom,instrumented_renderer_callback_ms_p95,ms,0,7.1
Atlas,1c2e54b3b8df+bench,SVG,instrument-2026-10-07T06-46-37.937Z,mixed-5000-seed-41544c53,zoom,instrumented_renderer_callback_ms_max,ms,0,9.9
Atlas,1c2e54b3b8df+bench,SVG,instrument-2026-10-07T06-46-37.937Z,mixed-5000-seed-41544c53,zoom,cleanup_renderer_calls_n,count,0,1
Atlas,1c2e54b3b8df+bench,SVG,instrument-2026-10-07T06-46-37.937Z,mixed-5000-seed-41544c53,zoom,cleanup_renderer_calls_median,count,0,0.0
Atlas,1c2e54b3b8df+bench,SVG,instrument-2026-10-07T06-46-37.937Z,mixed-5000-seed-41544c53,zoom,cleanup_renderer_calls_p95,count,0,0.0
Atlas,1c2e54b3b8df+bench,SVG,instrument-2026-10-07T06-46-37.937Z,mixed-5000-seed-41544c53,zoom,cleanup_renderer_calls_max,count,0,0.0
Atlas,1c2e54b3b8df+bench,SVG,instrument-2026-10-07T06-46-37.937Z,mixed-5000-seed-41544c53,zoom,cleanup_stage_children_n,count,0,1
Atlas,1c2e54b3b8df+bench,SVG,instrument-2026-10-07T06-46-37.937Z,mixed-5000-seed-41544c53,zoom,cleanup_stage_children_median,count,0,0.0
Atlas,1c2e54b3b8df+bench,SVG,instrument-2026-10-07T06-46-37.937Z,mixed-5000-seed-41544c53,zoom,cleanup_stage_children_p95,count,0,0.0
Atlas,1c2e54b3b8df+bench,SVG,instrument-2026-10-07T06-46-37.937Z,mixed-5000-seed-41544c53,zoom,cleanup_stage_children_max,count,0,0.0
Atlas,1c2e54b3b8df+bench,SVG,instrument-2026-10-07T06-46-37.937Z,mixed-5000-seed-41544c53,hit,spatial_hit_test_sync_ms_n,count,0,200
Atlas,1c2e54b3b8df+bench,SVG,instrument-2026-10-07T06-46-37.937Z,mixed-5000-seed-41544c53,hit,spatial_hit_test_sync_ms_median,ms,0,0.0
Atlas,1c2e54b3b8df+bench,SVG,instrument-2026-10-07T06-46-37.937Z,mixed-5000-seed-41544c53,hit,spatial_hit_test_sync_ms_p95,ms,0,0.0
Atlas,1c2e54b3b8df+bench,SVG,instrument-2026-10-07T06-46-37.937Z,mixed-5000-seed-41544c53,hit,spatial_hit_test_sync_ms_max,ms,0,0.1
Atlas,1c2e54b3b8df+bench,SVG,instrument-2026-10-07T06-46-37.937Z,mixed-5000-seed-41544c53,hit,root_iterator_creations_n,count,0,1
Atlas,1c2e54b3b8df+bench,SVG,instrument-2026-10-07T06-46-37.937Z,mixed-5000-seed-41544c53,hit,root_iterator_creations_median,count,0,1.0
Atlas,1c2e54b3b8df+bench,SVG,instrument-2026-10-07T06-46-37.937Z,mixed-5000-seed-41544c53,hit,root_iterator_creations_p95,count,0,1.0
Atlas,1c2e54b3b8df+bench,SVG,instrument-2026-10-07T06-46-37.937Z,mixed-5000-seed-41544c53,hit,root_iterator_creations_max,count,0,1.0
Atlas,1c2e54b3b8df+bench,SVG,instrument-2026-10-07T06-46-37.937Z,mixed-5000-seed-41544c53,hit,root_iterator_next_calls_n,count,0,1
Atlas,1c2e54b3b8df+bench,SVG,instrument-2026-10-07T06-46-37.937Z,mixed-5000-seed-41544c53,hit,root_iterator_next_calls_median,count,0,5001.0
Atlas,1c2e54b3b8df+bench,SVG,instrument-2026-10-07T06-46-37.937Z,mixed-5000-seed-41544c53,hit,root_iterator_next_calls_p95,count,0,5001.0
Atlas,1c2e54b3b8df+bench,SVG,instrument-2026-10-07T06-46-37.937Z,mixed-5000-seed-41544c53,hit,root_iterator_next_calls_max,count,0,5001.0
Atlas,1c2e54b3b8df+bench,SVG,instrument-2026-10-07T06-46-37.937Z,mixed-5000-seed-41544c53,hit,route_membership_reads_n,count,0,1
Atlas,1c2e54b3b8df+bench,SVG,instrument-2026-10-07T06-46-37.937Z,mixed-5000-seed-41544c53,hit,route_membership_reads_median,count,0,2000.0
Atlas,1c2e54b3b8df+bench,SVG,instrument-2026-10-07T06-46-37.937Z,mixed-5000-seed-41544c53,hit,route_membership_reads_p95,count,0,2000.0
Atlas,1c2e54b3b8df+bench,SVG,instrument-2026-10-07T06-46-37.937Z,mixed-5000-seed-41544c53,hit,route_membership_reads_max,count,0,2000.0
Atlas,1c2e54b3b8df+bench,SVG,instrument-2026-10-07T06-46-37.937Z,mixed-5000-seed-41544c53,hit,layout_rect_reads_n,count,0,1
Atlas,1c2e54b3b8df+bench,SVG,instrument-2026-10-07T06-46-37.937Z,mixed-5000-seed-41544c53,hit,layout_rect_reads_median,count,0,0.0
Atlas,1c2e54b3b8df+bench,SVG,instrument-2026-10-07T06-46-37.937Z,mixed-5000-seed-41544c53,hit,layout_rect_reads_p95,count,0,0.0
Atlas,1c2e54b3b8df+bench,SVG,instrument-2026-10-07T06-46-37.937Z,mixed-5000-seed-41544c53,hit,layout_rect_reads_max,count,0,0.0
Atlas,1c2e54b3b8df+bench,SVG,instrument-2026-10-07T06-46-37.937Z,mixed-5000-seed-41544c53,hit,cleanup_renderer_calls_n,count,0,1
Atlas,1c2e54b3b8df+bench,SVG,instrument-2026-10-07T06-46-37.937Z,mixed-5000-seed-41544c53,hit,cleanup_renderer_calls_median,count,0,0.0
Atlas,1c2e54b3b8df+bench,SVG,instrument-2026-10-07T06-46-37.937Z,mixed-5000-seed-41544c53,hit,cleanup_renderer_calls_p95,count,0,0.0
Atlas,1c2e54b3b8df+bench,SVG,instrument-2026-10-07T06-46-37.937Z,mixed-5000-seed-41544c53,hit,cleanup_renderer_calls_max,count,0,0.0
Atlas,1c2e54b3b8df+bench,SVG,instrument-2026-10-07T06-46-37.937Z,mixed-5000-seed-41544c53,hit,cleanup_stage_children_n,count,0,1
Atlas,1c2e54b3b8df+bench,SVG,instrument-2026-10-07T06-46-37.937Z,mixed-5000-seed-41544c53,hit,cleanup_stage_children_median,count,0,0.0
Atlas,1c2e54b3b8df+bench,SVG,instrument-2026-10-07T06-46-37.937Z,mixed-5000-seed-41544c53,hit,cleanup_stage_children_p95,count,0,0.0
Atlas,1c2e54b3b8df+bench,SVG,instrument-2026-10-07T06-46-37.937Z,mixed-5000-seed-41544c53,hit,cleanup_stage_children_max,count,0,0.0
Atlas,1c2e54b3b8df+bench,SVG,instrument-2026-10-07T06-46-37.937Z,mixed-5000-seed-41544c53,miss,spatial_hit_test_sync_ms_n,count,0,200
Atlas,1c2e54b3b8df+bench,SVG,instrument-2026-10-07T06-46-37.937Z,mixed-5000-seed-41544c53,miss,spatial_hit_test_sync_ms_median,ms,0,3.9
Atlas,1c2e54b3b8df+bench,SVG,instrument-2026-10-07T06-46-37.937Z,mixed-5000-seed-41544c53,miss,spatial_hit_test_sync_ms_p95,ms,0,4.2
Atlas,1c2e54b3b8df+bench,SVG,instrument-2026-10-07T06-46-37.937Z,mixed-5000-seed-41544c53,miss,spatial_hit_test_sync_ms_max,ms,0,12.3
Atlas,1c2e54b3b8df+bench,SVG,instrument-2026-10-07T06-46-37.937Z,mixed-5000-seed-41544c53,miss,root_iterator_creations_n,count,0,1
Atlas,1c2e54b3b8df+bench,SVG,instrument-2026-10-07T06-46-37.937Z,mixed-5000-seed-41544c53,miss,root_iterator_creations_median,count,0,1.0
Atlas,1c2e54b3b8df+bench,SVG,instrument-2026-10-07T06-46-37.937Z,mixed-5000-seed-41544c53,miss,root_iterator_creations_p95,count,0,1.0
Atlas,1c2e54b3b8df+bench,SVG,instrument-2026-10-07T06-46-37.937Z,mixed-5000-seed-41544c53,miss,root_iterator_creations_max,count,0,1.0
Atlas,1c2e54b3b8df+bench,SVG,instrument-2026-10-07T06-46-37.937Z,mixed-5000-seed-41544c53,miss,root_iterator_next_calls_n,count,0,1
Atlas,1c2e54b3b8df+bench,SVG,instrument-2026-10-07T06-46-37.937Z,mixed-5000-seed-41544c53,miss,root_iterator_next_calls_median,count,0,5001.0
Atlas,1c2e54b3b8df+bench,SVG,instrument-2026-10-07T06-46-37.937Z,mixed-5000-seed-41544c53,miss,root_iterator_next_calls_p95,count,0,5001.0
Atlas,1c2e54b3b8df+bench,SVG,instrument-2026-10-07T06-46-37.937Z,mixed-5000-seed-41544c53,miss,root_iterator_next_calls_max,count,0,5001.0
Atlas,1c2e54b3b8df+bench,SVG,instrument-2026-10-07T06-46-37.937Z,mixed-5000-seed-41544c53,miss,route_membership_reads_n,count,0,1
Atlas,1c2e54b3b8df+bench,SVG,instrument-2026-10-07T06-46-37.937Z,mixed-5000-seed-41544c53,miss,route_membership_reads_median,count,0,2000.0
Atlas,1c2e54b3b8df+bench,SVG,instrument-2026-10-07T06-46-37.937Z,mixed-5000-seed-41544c53,miss,route_membership_reads_p95,count,0,2000.0
Atlas,1c2e54b3b8df+bench,SVG,instrument-2026-10-07T06-46-37.937Z,mixed-5000-seed-41544c53,miss,route_membership_reads_max,count,0,2000.0
Atlas,1c2e54b3b8df+bench,SVG,instrument-2026-10-07T06-46-37.937Z,mixed-5000-seed-41544c53,miss,layout_rect_reads_n,count,0,1
Atlas,1c2e54b3b8df+bench,SVG,instrument-2026-10-07T06-46-37.937Z,mixed-5000-seed-41544c53,miss,layout_rect_reads_median,count,0,0.0
Atlas,1c2e54b3b8df+bench,SVG,instrument-2026-10-07T06-46-37.937Z,mixed-5000-seed-41544c53,miss,layout_rect_reads_p95,count,0,0.0
Atlas,1c2e54b3b8df+bench,SVG,instrument-2026-10-07T06-46-37.937Z,mixed-5000-seed-41544c53,miss,layout_rect_reads_max,count,0,0.0
Atlas,1c2e54b3b8df+bench,SVG,instrument-2026-10-07T06-46-37.937Z,mixed-5000-seed-41544c53,miss,cleanup_renderer_calls_n,count,0,1
Atlas,1c2e54b3b8df+bench,SVG,instrument-2026-10-07T06-46-37.937Z,mixed-5000-seed-41544c53,miss,cleanup_renderer_calls_median,count,0,0.0
Atlas,1c2e54b3b8df+bench,SVG,instrument-2026-10-07T06-46-37.937Z,mixed-5000-seed-41544c53,miss,cleanup_renderer_calls_p95,count,0,0.0
Atlas,1c2e54b3b8df+bench,SVG,instrument-2026-10-07T06-46-37.937Z,mixed-5000-seed-41544c53,miss,cleanup_renderer_calls_max,count,0,0.0
Atlas,1c2e54b3b8df+bench,SVG,instrument-2026-10-07T06-46-37.937Z,mixed-5000-seed-41544c53,miss,cleanup_stage_children_n,count,0,1
Atlas,1c2e54b3b8df+bench,SVG,instrument-2026-10-07T06-46-37.937Z,mixed-5000-seed-41544c53,miss,cleanup_stage_children_median,count,0,0.0
Atlas,1c2e54b3b8df+bench,SVG,instrument-2026-10-07T06-46-37.937Z,mixed-5000-seed-41544c53,miss,cleanup_stage_children_p95,count,0,0.0
Atlas,1c2e54b3b8df+bench,SVG,instrument-2026-10-07T06-46-37.937Z,mixed-5000-seed-41544c53,miss,cleanup_stage_children_max,count,0,0.0
Atlas,1c2e54b3b8df+bench,SVG,instrument-2026-10-07T06-46-37.937Z,mixed-5000-seed-41544c53,position-single,operation_sync_ms_n,count,0,1
Atlas,1c2e54b3b8df+bench,SVG,instrument-2026-10-07T06-46-37.937Z,mixed-5000-seed-41544c53,position-single,operation_sync_ms_median,ms,0,0.0
Atlas,1c2e54b3b8df+bench,SVG,instrument-2026-10-07T06-46-37.937Z,mixed-5000-seed-41544c53,position-single,operation_sync_ms_p95,ms,0,0.0
Atlas,1c2e54b3b8df+bench,SVG,instrument-2026-10-07T06-46-37.937Z,mixed-5000-seed-41544c53,position-single,operation_sync_ms_max,ms,0,0.0
Atlas,1c2e54b3b8df+bench,SVG,instrument-2026-10-07T06-46-37.937Z,mixed-5000-seed-41544c53,position-single,operation_to_raf_opportunities_ms_n,count,0,1
Atlas,1c2e54b3b8df+bench,SVG,instrument-2026-10-07T06-46-37.937Z,mixed-5000-seed-41544c53,position-single,operation_to_raf_opportunities_ms_median,ms,0,33.5
Atlas,1c2e54b3b8df+bench,SVG,instrument-2026-10-07T06-46-37.937Z,mixed-5000-seed-41544c53,position-single,operation_to_raf_opportunities_ms_p95,ms,0,33.5
Atlas,1c2e54b3b8df+bench,SVG,instrument-2026-10-07T06-46-37.937Z,mixed-5000-seed-41544c53,position-single,operation_to_raf_opportunities_ms_max,ms,0,33.5
Atlas,1c2e54b3b8df+bench,SVG,instrument-2026-10-07T06-46-37.937Z,mixed-5000-seed-41544c53,position-single,root_iterator_creations_n,count,0,1
Atlas,1c2e54b3b8df+bench,SVG,instrument-2026-10-07T06-46-37.937Z,mixed-5000-seed-41544c53,position-single,root_iterator_creations_median,count,0,1.0
Atlas,1c2e54b3b8df+bench,SVG,instrument-2026-10-07T06-46-37.937Z,mixed-5000-seed-41544c53,position-single,root_iterator_creations_p95,count,0,1.0
Atlas,1c2e54b3b8df+bench,SVG,instrument-2026-10-07T06-46-37.937Z,mixed-5000-seed-41544c53,position-single,root_iterator_creations_max,count,0,1.0
Atlas,1c2e54b3b8df+bench,SVG,instrument-2026-10-07T06-46-37.937Z,mixed-5000-seed-41544c53,position-single,root_iterator_next_calls_n,count,0,1
Atlas,1c2e54b3b8df+bench,SVG,instrument-2026-10-07T06-46-37.937Z,mixed-5000-seed-41544c53,position-single,root_iterator_next_calls_median,count,0,5001.0
Atlas,1c2e54b3b8df+bench,SVG,instrument-2026-10-07T06-46-37.937Z,mixed-5000-seed-41544c53,position-single,root_iterator_next_calls_p95,count,0,5001.0
Atlas,1c2e54b3b8df+bench,SVG,instrument-2026-10-07T06-46-37.937Z,mixed-5000-seed-41544c53,position-single,root_iterator_next_calls_max,count,0,5001.0
Atlas,1c2e54b3b8df+bench,SVG,instrument-2026-10-07T06-46-37.937Z,mixed-5000-seed-41544c53,position-single,renderer_scene_reads_n,count,0,1
Atlas,1c2e54b3b8df+bench,SVG,instrument-2026-10-07T06-46-37.937Z,mixed-5000-seed-41544c53,position-single,renderer_scene_reads_median,count,0,1.0
Atlas,1c2e54b3b8df+bench,SVG,instrument-2026-10-07T06-46-37.937Z,mixed-5000-seed-41544c53,position-single,renderer_scene_reads_p95,count,0,1.0
Atlas,1c2e54b3b8df+bench,SVG,instrument-2026-10-07T06-46-37.937Z,mixed-5000-seed-41544c53,position-single,renderer_scene_reads_max,count,0,1.0
Atlas,1c2e54b3b8df+bench,SVG,instrument-2026-10-07T06-46-37.937Z,mixed-5000-seed-41544c53,position-single,svg_attribute_writes_n,count,0,1
Atlas,1c2e54b3b8df+bench,SVG,instrument-2026-10-07T06-46-37.937Z,mixed-5000-seed-41544c53,position-single,svg_attribute_writes_median,count,0,1.0
Atlas,1c2e54b3b8df+bench,SVG,instrument-2026-10-07T06-46-37.937Z,mixed-5000-seed-41544c53,position-single,svg_attribute_writes_p95,count,0,1.0
Atlas,1c2e54b3b8df+bench,SVG,instrument-2026-10-07T06-46-37.937Z,mixed-5000-seed-41544c53,position-single,svg_attribute_writes_max,count,0,1.0
Atlas,1c2e54b3b8df+bench,SVG,instrument-2026-10-07T06-46-37.937Z,mixed-5000-seed-41544c53,position-single,renderer_calls_n,count,0,1
Atlas,1c2e54b3b8df+bench,SVG,instrument-2026-10-07T06-46-37.937Z,mixed-5000-seed-41544c53,position-single,renderer_calls_median,count,0,1.0
Atlas,1c2e54b3b8df+bench,SVG,instrument-2026-10-07T06-46-37.937Z,mixed-5000-seed-41544c53,position-single,renderer_calls_p95,count,0,1.0
Atlas,1c2e54b3b8df+bench,SVG,instrument-2026-10-07T06-46-37.937Z,mixed-5000-seed-41544c53,position-single,renderer_calls_max,count,0,1.0
Atlas,1c2e54b3b8df+bench,SVG,instrument-2026-10-07T06-46-37.937Z,mixed-5000-seed-41544c53,position-single,layout_rect_reads_n,count,0,1
Atlas,1c2e54b3b8df+bench,SVG,instrument-2026-10-07T06-46-37.937Z,mixed-5000-seed-41544c53,position-single,layout_rect_reads_median,count,0,0.0
Atlas,1c2e54b3b8df+bench,SVG,instrument-2026-10-07T06-46-37.937Z,mixed-5000-seed-41544c53,position-single,layout_rect_reads_p95,count,0,0.0
Atlas,1c2e54b3b8df+bench,SVG,instrument-2026-10-07T06-46-37.937Z,mixed-5000-seed-41544c53,position-single,layout_rect_reads_max,count,0,0.0
Atlas,1c2e54b3b8df+bench,SVG,instrument-2026-10-07T06-46-37.937Z,mixed-5000-seed-41544c53,position-single,instrumented_renderer_callback_ms_n,count,0,1
Atlas,1c2e54b3b8df+bench,SVG,instrument-2026-10-07T06-46-37.937Z,mixed-5000-seed-41544c53,position-single,instrumented_renderer_callback_ms_median,ms,0,0.0
Atlas,1c2e54b3b8df+bench,SVG,instrument-2026-10-07T06-46-37.937Z,mixed-5000-seed-41544c53,position-single,instrumented_renderer_callback_ms_p95,ms,0,0.0
Atlas,1c2e54b3b8df+bench,SVG,instrument-2026-10-07T06-46-37.937Z,mixed-5000-seed-41544c53,position-single,instrumented_renderer_callback_ms_max,ms,0,0.0
Atlas,1c2e54b3b8df+bench,SVG,instrument-2026-10-07T06-46-37.937Z,mixed-5000-seed-41544c53,position-single,cleanup_renderer_calls_n,count,0,1
Atlas,1c2e54b3b8df+bench,SVG,instrument-2026-10-07T06-46-37.937Z,mixed-5000-seed-41544c53,position-single,cleanup_renderer_calls_median,count,0,0.0
Atlas,1c2e54b3b8df+bench,SVG,instrument-2026-10-07T06-46-37.937Z,mixed-5000-seed-41544c53,position-single,cleanup_renderer_calls_p95,count,0,0.0
Atlas,1c2e54b3b8df+bench,SVG,instrument-2026-10-07T06-46-37.937Z,mixed-5000-seed-41544c53,position-single,cleanup_renderer_calls_max,count,0,0.0
Atlas,1c2e54b3b8df+bench,SVG,instrument-2026-10-07T06-46-37.937Z,mixed-5000-seed-41544c53,position-single,cleanup_stage_children_n,count,0,1
Atlas,1c2e54b3b8df+bench,SVG,instrument-2026-10-07T06-46-37.937Z,mixed-5000-seed-41544c53,position-single,cleanup_stage_children_median,count,0,0.0
Atlas,1c2e54b3b8df+bench,SVG,instrument-2026-10-07T06-46-37.937Z,mixed-5000-seed-41544c53,position-single,cleanup_stage_children_p95,count,0,0.0
Atlas,1c2e54b3b8df+bench,SVG,instrument-2026-10-07T06-46-37.937Z,mixed-5000-seed-41544c53,position-single,cleanup_stage_children_max,count,0,0.0
Atlas,1c2e54b3b8df+bench,SVG,instrument-2026-10-07T06-46-37.937Z,mixed-5000-seed-41544c53,position-series,operation_sync_ms_n,count,0,1
Atlas,1c2e54b3b8df+bench,SVG,instrument-2026-10-07T06-46-37.937Z,mixed-5000-seed-41544c53,position-series,operation_sync_ms_median,ms,0,0.2
Atlas,1c2e54b3b8df+bench,SVG,instrument-2026-10-07T06-46-37.937Z,mixed-5000-seed-41544c53,position-series,operation_sync_ms_p95,ms,0,0.2
Atlas,1c2e54b3b8df+bench,SVG,instrument-2026-10-07T06-46-37.937Z,mixed-5000-seed-41544c53,position-series,operation_sync_ms_max,ms,0,0.2
Atlas,1c2e54b3b8df+bench,SVG,instrument-2026-10-07T06-46-37.937Z,mixed-5000-seed-41544c53,position-series,operation_to_raf_opportunities_ms_n,count,0,1
Atlas,1c2e54b3b8df+bench,SVG,instrument-2026-10-07T06-46-37.937Z,mixed-5000-seed-41544c53,position-series,operation_to_raf_opportunities_ms_median,ms,0,31.0
Atlas,1c2e54b3b8df+bench,SVG,instrument-2026-10-07T06-46-37.937Z,mixed-5000-seed-41544c53,position-series,operation_to_raf_opportunities_ms_p95,ms,0,31.0
Atlas,1c2e54b3b8df+bench,SVG,instrument-2026-10-07T06-46-37.937Z,mixed-5000-seed-41544c53,position-series,operation_to_raf_opportunities_ms_max,ms,0,31.0
Atlas,1c2e54b3b8df+bench,SVG,instrument-2026-10-07T06-46-37.937Z,mixed-5000-seed-41544c53,position-series,root_iterator_creations_n,count,0,1
Atlas,1c2e54b3b8df+bench,SVG,instrument-2026-10-07T06-46-37.937Z,mixed-5000-seed-41544c53,position-series,root_iterator_creations_median,count,0,1.0
Atlas,1c2e54b3b8df+bench,SVG,instrument-2026-10-07T06-46-37.937Z,mixed-5000-seed-41544c53,position-series,root_iterator_creations_p95,count,0,1.0
Atlas,1c2e54b3b8df+bench,SVG,instrument-2026-10-07T06-46-37.937Z,mixed-5000-seed-41544c53,position-series,root_iterator_creations_max,count,0,1.0
Atlas,1c2e54b3b8df+bench,SVG,instrument-2026-10-07T06-46-37.937Z,mixed-5000-seed-41544c53,position-series,root_iterator_next_calls_n,count,0,1
Atlas,1c2e54b3b8df+bench,SVG,instrument-2026-10-07T06-46-37.937Z,mixed-5000-seed-41544c53,position-series,root_iterator_next_calls_median,count,0,5001.0
Atlas,1c2e54b3b8df+bench,SVG,instrument-2026-10-07T06-46-37.937Z,mixed-5000-seed-41544c53,position-series,root_iterator_next_calls_p95,count,0,5001.0
Atlas,1c2e54b3b8df+bench,SVG,instrument-2026-10-07T06-46-37.937Z,mixed-5000-seed-41544c53,position-series,root_iterator_next_calls_max,count,0,5001.0
Atlas,1c2e54b3b8df+bench,SVG,instrument-2026-10-07T06-46-37.937Z,mixed-5000-seed-41544c53,position-series,route_membership_reads_n,count,0,1
Atlas,1c2e54b3b8df+bench,SVG,instrument-2026-10-07T06-46-37.937Z,mixed-5000-seed-41544c53,position-series,route_membership_reads_median,count,0,20.0
Atlas,1c2e54b3b8df+bench,SVG,instrument-2026-10-07T06-46-37.937Z,mixed-5000-seed-41544c53,position-series,route_membership_reads_p95,count,0,20.0
Atlas,1c2e54b3b8df+bench,SVG,instrument-2026-10-07T06-46-37.937Z,mixed-5000-seed-41544c53,position-series,route_membership_reads_max,count,0,20.0
Atlas,1c2e54b3b8df+bench,SVG,instrument-2026-10-07T06-46-37.937Z,mixed-5000-seed-41544c53,position-series,renderer_scene_reads_n,count,0,1
Atlas,1c2e54b3b8df+bench,SVG,instrument-2026-10-07T06-46-37.937Z,mixed-5000-seed-41544c53,position-series,renderer_scene_reads_median,count,0,1.0
Atlas,1c2e54b3b8df+bench,SVG,instrument-2026-10-07T06-46-37.937Z,mixed-5000-seed-41544c53,position-series,renderer_scene_reads_p95,count,0,1.0
Atlas,1c2e54b3b8df+bench,SVG,instrument-2026-10-07T06-46-37.937Z,mixed-5000-seed-41544c53,position-series,renderer_scene_reads_max,count,0,1.0
Atlas,1c2e54b3b8df+bench,SVG,instrument-2026-10-07T06-46-37.937Z,mixed-5000-seed-41544c53,position-series,svg_attribute_writes_n,count,0,1
Atlas,1c2e54b3b8df+bench,SVG,instrument-2026-10-07T06-46-37.937Z,mixed-5000-seed-41544c53,position-series,svg_attribute_writes_median,count,0,140.0
Atlas,1c2e54b3b8df+bench,SVG,instrument-2026-10-07T06-46-37.937Z,mixed-5000-seed-41544c53,position-series,svg_attribute_writes_p95,count,0,140.0
Atlas,1c2e54b3b8df+bench,SVG,instrument-2026-10-07T06-46-37.937Z,mixed-5000-seed-41544c53,position-series,svg_attribute_writes_max,count,0,140.0
Atlas,1c2e54b3b8df+bench,SVG,instrument-2026-10-07T06-46-37.937Z,mixed-5000-seed-41544c53,position-series,renderer_calls_n,count,0,1
Atlas,1c2e54b3b8df+bench,SVG,instrument-2026-10-07T06-46-37.937Z,mixed-5000-seed-41544c53,position-series,renderer_calls_median,count,0,1.0
Atlas,1c2e54b3b8df+bench,SVG,instrument-2026-10-07T06-46-37.937Z,mixed-5000-seed-41544c53,position-series,renderer_calls_p95,count,0,1.0
Atlas,1c2e54b3b8df+bench,SVG,instrument-2026-10-07T06-46-37.937Z,mixed-5000-seed-41544c53,position-series,renderer_calls_max,count,0,1.0
Atlas,1c2e54b3b8df+bench,SVG,instrument-2026-10-07T06-46-37.937Z,mixed-5000-seed-41544c53,position-series,layout_rect_reads_n,count,0,1
Atlas,1c2e54b3b8df+bench,SVG,instrument-2026-10-07T06-46-37.937Z,mixed-5000-seed-41544c53,position-series,layout_rect_reads_median,count,0,0.0
Atlas,1c2e54b3b8df+bench,SVG,instrument-2026-10-07T06-46-37.937Z,mixed-5000-seed-41544c53,position-series,layout_rect_reads_p95,count,0,0.0
Atlas,1c2e54b3b8df+bench,SVG,instrument-2026-10-07T06-46-37.937Z,mixed-5000-seed-41544c53,position-series,layout_rect_reads_max,count,0,0.0
Atlas,1c2e54b3b8df+bench,SVG,instrument-2026-10-07T06-46-37.937Z,mixed-5000-seed-41544c53,position-series,instrumented_renderer_callback_ms_n,count,0,1
Atlas,1c2e54b3b8df+bench,SVG,instrument-2026-10-07T06-46-37.937Z,mixed-5000-seed-41544c53,position-series,instrumented_renderer_callback_ms_median,ms,0,0.4
Atlas,1c2e54b3b8df+bench,SVG,instrument-2026-10-07T06-46-37.937Z,mixed-5000-seed-41544c53,position-series,instrumented_renderer_callback_ms_p95,ms,0,0.4
Atlas,1c2e54b3b8df+bench,SVG,instrument-2026-10-07T06-46-37.937Z,mixed-5000-seed-41544c53,position-series,instrumented_renderer_callback_ms_max,ms,0,0.4
Atlas,1c2e54b3b8df+bench,SVG,instrument-2026-10-07T06-46-37.937Z,mixed-5000-seed-41544c53,position-series,cleanup_renderer_calls_n,count,0,1
Atlas,1c2e54b3b8df+bench,SVG,instrument-2026-10-07T06-46-37.937Z,mixed-5000-seed-41544c53,position-series,cleanup_renderer_calls_median,count,0,0.0
Atlas,1c2e54b3b8df+bench,SVG,instrument-2026-10-07T06-46-37.937Z,mixed-5000-seed-41544c53,position-series,cleanup_renderer_calls_p95,count,0,0.0
Atlas,1c2e54b3b8df+bench,SVG,instrument-2026-10-07T06-46-37.937Z,mixed-5000-seed-41544c53,position-series,cleanup_renderer_calls_max,count,0,0.0
Atlas,1c2e54b3b8df+bench,SVG,instrument-2026-10-07T06-46-37.937Z,mixed-5000-seed-41544c53,position-series,cleanup_stage_children_n,count,0,1
Atlas,1c2e54b3b8df+bench,SVG,instrument-2026-10-07T06-46-37.937Z,mixed-5000-seed-41544c53,position-series,cleanup_stage_children_median,count,0,0.0
Atlas,1c2e54b3b8df+bench,SVG,instrument-2026-10-07T06-46-37.937Z,mixed-5000-seed-41544c53,position-series,cleanup_stage_children_p95,count,0,0.0
Atlas,1c2e54b3b8df+bench,SVG,instrument-2026-10-07T06-46-37.937Z,mixed-5000-seed-41544c53,position-series,cleanup_stage_children_max,count,0,0.0
Atlas,1c2e54b3b8df+bench,SVG,instrument-2026-10-07T06-46-37.937Z,mixed-5000-seed-41544c53,add-100,operation_sync_ms_n,count,0,1
Atlas,1c2e54b3b8df+bench,SVG,instrument-2026-10-07T06-46-37.937Z,mixed-5000-seed-41544c53,add-100,operation_sync_ms_median,ms,0,56.6
Atlas,1c2e54b3b8df+bench,SVG,instrument-2026-10-07T06-46-37.937Z,mixed-5000-seed-41544c53,add-100,operation_sync_ms_p95,ms,0,56.6
Atlas,1c2e54b3b8df+bench,SVG,instrument-2026-10-07T06-46-37.937Z,mixed-5000-seed-41544c53,add-100,operation_sync_ms_max,ms,0,56.6
Atlas,1c2e54b3b8df+bench,SVG,instrument-2026-10-07T06-46-37.937Z,mixed-5000-seed-41544c53,add-100,cumulative_operation_ms_n,count,0,1
Atlas,1c2e54b3b8df+bench,SVG,instrument-2026-10-07T06-46-37.937Z,mixed-5000-seed-41544c53,add-100,cumulative_operation_ms_median,ms,0,56.6
Atlas,1c2e54b3b8df+bench,SVG,instrument-2026-10-07T06-46-37.937Z,mixed-5000-seed-41544c53,add-100,cumulative_operation_ms_p95,ms,0,56.6
Atlas,1c2e54b3b8df+bench,SVG,instrument-2026-10-07T06-46-37.937Z,mixed-5000-seed-41544c53,add-100,cumulative_operation_ms_max,ms,0,56.6
Atlas,1c2e54b3b8df+bench,SVG,instrument-2026-10-07T06-46-37.937Z,mixed-5000-seed-41544c53,add-100,operation_to_raf_opportunities_ms_n,count,0,1
Atlas,1c2e54b3b8df+bench,SVG,instrument-2026-10-07T06-46-37.937Z,mixed-5000-seed-41544c53,add-100,operation_to_raf_opportunities_ms_median,ms,0,95.1
Atlas,1c2e54b3b8df+bench,SVG,instrument-2026-10-07T06-46-37.937Z,mixed-5000-seed-41544c53,add-100,operation_to_raf_opportunities_ms_p95,ms,0,95.1
Atlas,1c2e54b3b8df+bench,SVG,instrument-2026-10-07T06-46-37.937Z,mixed-5000-seed-41544c53,add-100,operation_to_raf_opportunities_ms_max,ms,0,95.1
Atlas,1c2e54b3b8df+bench,SVG,instrument-2026-10-07T06-46-37.937Z,mixed-5000-seed-41544c53,add-100,root_iterator_creations_n,count,0,1
Atlas,1c2e54b3b8df+bench,SVG,instrument-2026-10-07T06-46-37.937Z,mixed-5000-seed-41544c53,add-100,root_iterator_creations_median,count,0,102.0
Atlas,1c2e54b3b8df+bench,SVG,instrument-2026-10-07T06-46-37.937Z,mixed-5000-seed-41544c53,add-100,root_iterator_creations_p95,count,0,102.0
Atlas,1c2e54b3b8df+bench,SVG,instrument-2026-10-07T06-46-37.937Z,mixed-5000-seed-41544c53,add-100,root_iterator_creations_max,count,0,102.0
Atlas,1c2e54b3b8df+bench,SVG,instrument-2026-10-07T06-46-37.937Z,mixed-5000-seed-41544c53,add-100,root_iterator_next_calls_n,count,0,1
Atlas,1c2e54b3b8df+bench,SVG,instrument-2026-10-07T06-46-37.937Z,mixed-5000-seed-41544c53,add-100,root_iterator_next_calls_median,count,0,515152.0
Atlas,1c2e54b3b8df+bench,SVG,instrument-2026-10-07T06-46-37.937Z,mixed-5000-seed-41544c53,add-100,root_iterator_next_calls_p95,count,0,515152.0
Atlas,1c2e54b3b8df+bench,SVG,instrument-2026-10-07T06-46-37.937Z,mixed-5000-seed-41544c53,add-100,root_iterator_next_calls_max,count,0,515152.0
Atlas,1c2e54b3b8df+bench,SVG,instrument-2026-10-07T06-46-37.937Z,mixed-5000-seed-41544c53,add-100,renderer_scene_reads_n,count,0,1
Atlas,1c2e54b3b8df+bench,SVG,instrument-2026-10-07T06-46-37.937Z,mixed-5000-seed-41544c53,add-100,renderer_scene_reads_median,count,0,1.0
Atlas,1c2e54b3b8df+bench,SVG,instrument-2026-10-07T06-46-37.937Z,mixed-5000-seed-41544c53,add-100,renderer_scene_reads_p95,count,0,1.0
Atlas,1c2e54b3b8df+bench,SVG,instrument-2026-10-07T06-46-37.937Z,mixed-5000-seed-41544c53,add-100,renderer_scene_reads_max,count,0,1.0
Atlas,1c2e54b3b8df+bench,SVG,instrument-2026-10-07T06-46-37.937Z,mixed-5000-seed-41544c53,add-100,route_membership_reads_n,count,0,1
Atlas,1c2e54b3b8df+bench,SVG,instrument-2026-10-07T06-46-37.937Z,mixed-5000-seed-41544c53,add-100,route_membership_reads_median,count,0,1000.0
Atlas,1c2e54b3b8df+bench,SVG,instrument-2026-10-07T06-46-37.937Z,mixed-5000-seed-41544c53,add-100,route_membership_reads_p95,count,0,1000.0
Atlas,1c2e54b3b8df+bench,SVG,instrument-2026-10-07T06-46-37.937Z,mixed-5000-seed-41544c53,add-100,route_membership_reads_max,count,0,1000.0
Atlas,1c2e54b3b8df+bench,SVG,instrument-2026-10-07T06-46-37.937Z,mixed-5000-seed-41544c53,add-100,renderer_scene_membership_changes_n,count,0,1
Atlas,1c2e54b3b8df+bench,SVG,instrument-2026-10-07T06-46-37.937Z,mixed-5000-seed-41544c53,add-100,renderer_scene_membership_changes_median,count,0,1.0
Atlas,1c2e54b3b8df+bench,SVG,instrument-2026-10-07T06-46-37.937Z,mixed-5000-seed-41544c53,add-100,renderer_scene_membership_changes_p95,count,0,1.0
Atlas,1c2e54b3b8df+bench,SVG,instrument-2026-10-07T06-46-37.937Z,mixed-5000-seed-41544c53,add-100,renderer_scene_membership_changes_max,count,0,1.0
Atlas,1c2e54b3b8df+bench,SVG,instrument-2026-10-07T06-46-37.937Z,mixed-5000-seed-41544c53,add-100,svg_attribute_writes_n,count,0,1
Atlas,1c2e54b3b8df+bench,SVG,instrument-2026-10-07T06-46-37.937Z,mixed-5000-seed-41544c53,add-100,svg_attribute_writes_median,count,0,800.0
Atlas,1c2e54b3b8df+bench,SVG,instrument-2026-10-07T06-46-37.937Z,mixed-5000-seed-41544c53,add-100,svg_attribute_writes_p95,count,0,800.0
Atlas,1c2e54b3b8df+bench,SVG,instrument-2026-10-07T06-46-37.937Z,mixed-5000-seed-41544c53,add-100,svg_attribute_writes_max,count,0,800.0
Atlas,1c2e54b3b8df+bench,SVG,instrument-2026-10-07T06-46-37.937Z,mixed-5000-seed-41544c53,add-100,svg_attribute_removals_n,count,0,1
Atlas,1c2e54b3b8df+bench,SVG,instrument-2026-10-07T06-46-37.937Z,mixed-5000-seed-41544c53,add-100,svg_attribute_removals_median,count,0,100.0
Atlas,1c2e54b3b8df+bench,SVG,instrument-2026-10-07T06-46-37.937Z,mixed-5000-seed-41544c53,add-100,svg_attribute_removals_p95,count,0,100.0
Atlas,1c2e54b3b8df+bench,SVG,instrument-2026-10-07T06-46-37.937Z,mixed-5000-seed-41544c53,add-100,svg_attribute_removals_max,count,0,100.0
Atlas,1c2e54b3b8df+bench,SVG,instrument-2026-10-07T06-46-37.937Z,mixed-5000-seed-41544c53,add-100,renderer_calls_n,count,0,1
Atlas,1c2e54b3b8df+bench,SVG,instrument-2026-10-07T06-46-37.937Z,mixed-5000-seed-41544c53,add-100,renderer_calls_median,count,0,1.0
Atlas,1c2e54b3b8df+bench,SVG,instrument-2026-10-07T06-46-37.937Z,mixed-5000-seed-41544c53,add-100,renderer_calls_p95,count,0,1.0
Atlas,1c2e54b3b8df+bench,SVG,instrument-2026-10-07T06-46-37.937Z,mixed-5000-seed-41544c53,add-100,renderer_calls_max,count,0,1.0
Atlas,1c2e54b3b8df+bench,SVG,instrument-2026-10-07T06-46-37.937Z,mixed-5000-seed-41544c53,add-100,layout_rect_reads_n,count,0,1
Atlas,1c2e54b3b8df+bench,SVG,instrument-2026-10-07T06-46-37.937Z,mixed-5000-seed-41544c53,add-100,layout_rect_reads_median,count,0,0.0
Atlas,1c2e54b3b8df+bench,SVG,instrument-2026-10-07T06-46-37.937Z,mixed-5000-seed-41544c53,add-100,layout_rect_reads_p95,count,0,0.0
Atlas,1c2e54b3b8df+bench,SVG,instrument-2026-10-07T06-46-37.937Z,mixed-5000-seed-41544c53,add-100,layout_rect_reads_max,count,0,0.0
Atlas,1c2e54b3b8df+bench,SVG,instrument-2026-10-07T06-46-37.937Z,mixed-5000-seed-41544c53,add-100,instrumented_renderer_callback_ms_n,count,0,1
Atlas,1c2e54b3b8df+bench,SVG,instrument-2026-10-07T06-46-37.937Z,mixed-5000-seed-41544c53,add-100,instrumented_renderer_callback_ms_median,ms,0,5.2
Atlas,1c2e54b3b8df+bench,SVG,instrument-2026-10-07T06-46-37.937Z,mixed-5000-seed-41544c53,add-100,instrumented_renderer_callback_ms_p95,ms,0,5.2
Atlas,1c2e54b3b8df+bench,SVG,instrument-2026-10-07T06-46-37.937Z,mixed-5000-seed-41544c53,add-100,instrumented_renderer_callback_ms_max,ms,0,5.2
Atlas,1c2e54b3b8df+bench,SVG,instrument-2026-10-07T06-46-37.937Z,mixed-5000-seed-41544c53,add-100,cleanup_renderer_calls_n,count,0,1
Atlas,1c2e54b3b8df+bench,SVG,instrument-2026-10-07T06-46-37.937Z,mixed-5000-seed-41544c53,add-100,cleanup_renderer_calls_median,count,0,0.0
Atlas,1c2e54b3b8df+bench,SVG,instrument-2026-10-07T06-46-37.937Z,mixed-5000-seed-41544c53,add-100,cleanup_renderer_calls_p95,count,0,0.0
Atlas,1c2e54b3b8df+bench,SVG,instrument-2026-10-07T06-46-37.937Z,mixed-5000-seed-41544c53,add-100,cleanup_renderer_calls_max,count,0,0.0
Atlas,1c2e54b3b8df+bench,SVG,instrument-2026-10-07T06-46-37.937Z,mixed-5000-seed-41544c53,add-100,cleanup_stage_children_n,count,0,1
Atlas,1c2e54b3b8df+bench,SVG,instrument-2026-10-07T06-46-37.937Z,mixed-5000-seed-41544c53,add-100,cleanup_stage_children_median,count,0,0.0
Atlas,1c2e54b3b8df+bench,SVG,instrument-2026-10-07T06-46-37.937Z,mixed-5000-seed-41544c53,add-100,cleanup_stage_children_p95,count,0,0.0
Atlas,1c2e54b3b8df+bench,SVG,instrument-2026-10-07T06-46-37.937Z,mixed-5000-seed-41544c53,add-100,cleanup_stage_children_max,count,0,0.0
Atlas,1c2e54b3b8df+bench,SVG,instrument-2026-10-07T06-46-37.937Z,mixed-5000-seed-41544c53,add-500,operation_sync_ms_n,count,0,1
Atlas,1c2e54b3b8df+bench,SVG,instrument-2026-10-07T06-46-37.937Z,mixed-5000-seed-41544c53,add-500,operation_sync_ms_median,ms,0,214.6
Atlas,1c2e54b3b8df+bench,SVG,instrument-2026-10-07T06-46-37.937Z,mixed-5000-seed-41544c53,add-500,operation_sync_ms_p95,ms,0,214.6
Atlas,1c2e54b3b8df+bench,SVG,instrument-2026-10-07T06-46-37.937Z,mixed-5000-seed-41544c53,add-500,operation_sync_ms_max,ms,0,214.6
Atlas,1c2e54b3b8df+bench,SVG,instrument-2026-10-07T06-46-37.937Z,mixed-5000-seed-41544c53,add-500,cumulative_operation_ms_n,count,0,5
Atlas,1c2e54b3b8df+bench,SVG,instrument-2026-10-07T06-46-37.937Z,mixed-5000-seed-41544c53,add-500,cumulative_operation_ms_median,ms,0,129.1
Atlas,1c2e54b3b8df+bench,SVG,instrument-2026-10-07T06-46-37.937Z,mixed-5000-seed-41544c53,add-500,cumulative_operation_ms_p95,ms,0,214.6
Atlas,1c2e54b3b8df+bench,SVG,instrument-2026-10-07T06-46-37.937Z,mixed-5000-seed-41544c53,add-500,cumulative_operation_ms_max,ms,0,214.6
Atlas,1c2e54b3b8df+bench,SVG,instrument-2026-10-07T06-46-37.937Z,mixed-5000-seed-41544c53,add-500,operation_to_raf_opportunities_ms_n,count,0,1
Atlas,1c2e54b3b8df+bench,SVG,instrument-2026-10-07T06-46-37.937Z,mixed-5000-seed-41544c53,add-500,operation_to_raf_opportunities_ms_median,ms,0,254.2
Atlas,1c2e54b3b8df+bench,SVG,instrument-2026-10-07T06-46-37.937Z,mixed-5000-seed-41544c53,add-500,operation_to_raf_opportunities_ms_p95,ms,0,254.2
Atlas,1c2e54b3b8df+bench,SVG,instrument-2026-10-07T06-46-37.937Z,mixed-5000-seed-41544c53,add-500,operation_to_raf_opportunities_ms_max,ms,0,254.2
Atlas,1c2e54b3b8df+bench,SVG,instrument-2026-10-07T06-46-37.937Z,mixed-5000-seed-41544c53,add-500,root_iterator_creations_n,count,0,1
Atlas,1c2e54b3b8df+bench,SVG,instrument-2026-10-07T06-46-37.937Z,mixed-5000-seed-41544c53,add-500,root_iterator_creations_median,count,0,502.0
Atlas,1c2e54b3b8df+bench,SVG,instrument-2026-10-07T06-46-37.937Z,mixed-5000-seed-41544c53,add-500,root_iterator_creations_p95,count,0,502.0
Atlas,1c2e54b3b8df+bench,SVG,instrument-2026-10-07T06-46-37.937Z,mixed-5000-seed-41544c53,add-500,root_iterator_creations_max,count,0,502.0
Atlas,1c2e54b3b8df+bench,SVG,instrument-2026-10-07T06-46-37.937Z,mixed-5000-seed-41544c53,add-500,root_iterator_next_calls_n,count,0,1
Atlas,1c2e54b3b8df+bench,SVG,instrument-2026-10-07T06-46-37.937Z,mixed-5000-seed-41544c53,add-500,root_iterator_next_calls_median,count,0,2635752.0
Atlas,1c2e54b3b8df+bench,SVG,instrument-2026-10-07T06-46-37.937Z,mixed-5000-seed-41544c53,add-500,root_iterator_next_calls_p95,count,0,2635752.0
Atlas,1c2e54b3b8df+bench,SVG,instrument-2026-10-07T06-46-37.937Z,mixed-5000-seed-41544c53,add-500,root_iterator_next_calls_max,count,0,2635752.0
Atlas,1c2e54b3b8df+bench,SVG,instrument-2026-10-07T06-46-37.937Z,mixed-5000-seed-41544c53,add-500,renderer_scene_reads_n,count,0,1
Atlas,1c2e54b3b8df+bench,SVG,instrument-2026-10-07T06-46-37.937Z,mixed-5000-seed-41544c53,add-500,renderer_scene_reads_median,count,0,1.0
Atlas,1c2e54b3b8df+bench,SVG,instrument-2026-10-07T06-46-37.937Z,mixed-5000-seed-41544c53,add-500,renderer_scene_reads_p95,count,0,1.0
Atlas,1c2e54b3b8df+bench,SVG,instrument-2026-10-07T06-46-37.937Z,mixed-5000-seed-41544c53,add-500,renderer_scene_reads_max,count,0,1.0
Atlas,1c2e54b3b8df+bench,SVG,instrument-2026-10-07T06-46-37.937Z,mixed-5000-seed-41544c53,add-500,route_membership_reads_n,count,0,1
Atlas,1c2e54b3b8df+bench,SVG,instrument-2026-10-07T06-46-37.937Z,mixed-5000-seed-41544c53,add-500,route_membership_reads_median,count,0,1000.0
Atlas,1c2e54b3b8df+bench,SVG,instrument-2026-10-07T06-46-37.937Z,mixed-5000-seed-41544c53,add-500,route_membership_reads_p95,count,0,1000.0
Atlas,1c2e54b3b8df+bench,SVG,instrument-2026-10-07T06-46-37.937Z,mixed-5000-seed-41544c53,add-500,route_membership_reads_max,count,0,1000.0
Atlas,1c2e54b3b8df+bench,SVG,instrument-2026-10-07T06-46-37.937Z,mixed-5000-seed-41544c53,add-500,renderer_scene_membership_changes_n,count,0,1
Atlas,1c2e54b3b8df+bench,SVG,instrument-2026-10-07T06-46-37.937Z,mixed-5000-seed-41544c53,add-500,renderer_scene_membership_changes_median,count,0,1.0
Atlas,1c2e54b3b8df+bench,SVG,instrument-2026-10-07T06-46-37.937Z,mixed-5000-seed-41544c53,add-500,renderer_scene_membership_changes_p95,count,0,1.0
Atlas,1c2e54b3b8df+bench,SVG,instrument-2026-10-07T06-46-37.937Z,mixed-5000-seed-41544c53,add-500,renderer_scene_membership_changes_max,count,0,1.0
Atlas,1c2e54b3b8df+bench,SVG,instrument-2026-10-07T06-46-37.937Z,mixed-5000-seed-41544c53,add-500,svg_attribute_writes_n,count,0,1
Atlas,1c2e54b3b8df+bench,SVG,instrument-2026-10-07T06-46-37.937Z,mixed-5000-seed-41544c53,add-500,svg_attribute_writes_median,count,0,4000.0
Atlas,1c2e54b3b8df+bench,SVG,instrument-2026-10-07T06-46-37.937Z,mixed-5000-seed-41544c53,add-500,svg_attribute_writes_p95,count,0,4000.0
Atlas,1c2e54b3b8df+bench,SVG,instrument-2026-10-07T06-46-37.937Z,mixed-5000-seed-41544c53,add-500,svg_attribute_writes_max,count,0,4000.0
Atlas,1c2e54b3b8df+bench,SVG,instrument-2026-10-07T06-46-37.937Z,mixed-5000-seed-41544c53,add-500,svg_attribute_removals_n,count,0,1
Atlas,1c2e54b3b8df+bench,SVG,instrument-2026-10-07T06-46-37.937Z,mixed-5000-seed-41544c53,add-500,svg_attribute_removals_median,count,0,500.0
Atlas,1c2e54b3b8df+bench,SVG,instrument-2026-10-07T06-46-37.937Z,mixed-5000-seed-41544c53,add-500,svg_attribute_removals_p95,count,0,500.0
Atlas,1c2e54b3b8df+bench,SVG,instrument-2026-10-07T06-46-37.937Z,mixed-5000-seed-41544c53,add-500,svg_attribute_removals_max,count,0,500.0
Atlas,1c2e54b3b8df+bench,SVG,instrument-2026-10-07T06-46-37.937Z,mixed-5000-seed-41544c53,add-500,renderer_calls_n,count,0,1
Atlas,1c2e54b3b8df+bench,SVG,instrument-2026-10-07T06-46-37.937Z,mixed-5000-seed-41544c53,add-500,renderer_calls_median,count,0,1.0
Atlas,1c2e54b3b8df+bench,SVG,instrument-2026-10-07T06-46-37.937Z,mixed-5000-seed-41544c53,add-500,renderer_calls_p95,count,0,1.0
Atlas,1c2e54b3b8df+bench,SVG,instrument-2026-10-07T06-46-37.937Z,mixed-5000-seed-41544c53,add-500,renderer_calls_max,count,0,1.0
Atlas,1c2e54b3b8df+bench,SVG,instrument-2026-10-07T06-46-37.937Z,mixed-5000-seed-41544c53,add-500,layout_rect_reads_n,count,0,1
Atlas,1c2e54b3b8df+bench,SVG,instrument-2026-10-07T06-46-37.937Z,mixed-5000-seed-41544c53,add-500,layout_rect_reads_median,count,0,0.0
Atlas,1c2e54b3b8df+bench,SVG,instrument-2026-10-07T06-46-37.937Z,mixed-5000-seed-41544c53,add-500,layout_rect_reads_p95,count,0,0.0
Atlas,1c2e54b3b8df+bench,SVG,instrument-2026-10-07T06-46-37.937Z,mixed-5000-seed-41544c53,add-500,layout_rect_reads_max,count,0,0.0
Atlas,1c2e54b3b8df+bench,SVG,instrument-2026-10-07T06-46-37.937Z,mixed-5000-seed-41544c53,add-500,instrumented_renderer_callback_ms_n,count,0,1
Atlas,1c2e54b3b8df+bench,SVG,instrument-2026-10-07T06-46-37.937Z,mixed-5000-seed-41544c53,add-500,instrumented_renderer_callback_ms_median,ms,0,7.7
Atlas,1c2e54b3b8df+bench,SVG,instrument-2026-10-07T06-46-37.937Z,mixed-5000-seed-41544c53,add-500,instrumented_renderer_callback_ms_p95,ms,0,7.7
Atlas,1c2e54b3b8df+bench,SVG,instrument-2026-10-07T06-46-37.937Z,mixed-5000-seed-41544c53,add-500,instrumented_renderer_callback_ms_max,ms,0,7.7
Atlas,1c2e54b3b8df+bench,SVG,instrument-2026-10-07T06-46-37.937Z,mixed-5000-seed-41544c53,add-500,cleanup_renderer_calls_n,count,0,1
Atlas,1c2e54b3b8df+bench,SVG,instrument-2026-10-07T06-46-37.937Z,mixed-5000-seed-41544c53,add-500,cleanup_renderer_calls_median,count,0,0.0
Atlas,1c2e54b3b8df+bench,SVG,instrument-2026-10-07T06-46-37.937Z,mixed-5000-seed-41544c53,add-500,cleanup_renderer_calls_p95,count,0,0.0
Atlas,1c2e54b3b8df+bench,SVG,instrument-2026-10-07T06-46-37.937Z,mixed-5000-seed-41544c53,add-500,cleanup_renderer_calls_max,count,0,0.0
Atlas,1c2e54b3b8df+bench,SVG,instrument-2026-10-07T06-46-37.937Z,mixed-5000-seed-41544c53,add-500,cleanup_stage_children_n,count,0,1
Atlas,1c2e54b3b8df+bench,SVG,instrument-2026-10-07T06-46-37.937Z,mixed-5000-seed-41544c53,add-500,cleanup_stage_children_median,count,0,0.0
Atlas,1c2e54b3b8df+bench,SVG,instrument-2026-10-07T06-46-37.937Z,mixed-5000-seed-41544c53,add-500,cleanup_stage_children_p95,count,0,0.0
Atlas,1c2e54b3b8df+bench,SVG,instrument-2026-10-07T06-46-37.937Z,mixed-5000-seed-41544c53,add-500,cleanup_stage_children_max,count,0,0.0
Atlas,1c2e54b3b8df+bench,SVG,instrument-2026-10-07T06-46-37.937Z,mixed-5000-seed-41544c53,add-1000,operation_sync_ms_n,count,0,1
Atlas,1c2e54b3b8df+bench,SVG,instrument-2026-10-07T06-46-37.937Z,mixed-5000-seed-41544c53,add-1000,operation_sync_ms_median,ms,0,452.2
Atlas,1c2e54b3b8df+bench,SVG,instrument-2026-10-07T06-46-37.937Z,mixed-5000-seed-41544c53,add-1000,operation_sync_ms_p95,ms,0,452.2
Atlas,1c2e54b3b8df+bench,SVG,instrument-2026-10-07T06-46-37.937Z,mixed-5000-seed-41544c53,add-1000,operation_sync_ms_max,ms,0,452.2
Atlas,1c2e54b3b8df+bench,SVG,instrument-2026-10-07T06-46-37.937Z,mixed-5000-seed-41544c53,add-1000,cumulative_operation_ms_n,count,0,10
Atlas,1c2e54b3b8df+bench,SVG,instrument-2026-10-07T06-46-37.937Z,mixed-5000-seed-41544c53,add-1000,cumulative_operation_ms_median,ms,0,244.35
Atlas,1c2e54b3b8df+bench,SVG,instrument-2026-10-07T06-46-37.937Z,mixed-5000-seed-41544c53,add-1000,cumulative_operation_ms_p95,ms,0,452.2
Atlas,1c2e54b3b8df+bench,SVG,instrument-2026-10-07T06-46-37.937Z,mixed-5000-seed-41544c53,add-1000,cumulative_operation_ms_max,ms,0,452.2
Atlas,1c2e54b3b8df+bench,SVG,instrument-2026-10-07T06-46-37.937Z,mixed-5000-seed-41544c53,add-1000,operation_to_raf_opportunities_ms_n,count,0,1
Atlas,1c2e54b3b8df+bench,SVG,instrument-2026-10-07T06-46-37.937Z,mixed-5000-seed-41544c53,add-1000,operation_to_raf_opportunities_ms_median,ms,0,492.9
Atlas,1c2e54b3b8df+bench,SVG,instrument-2026-10-07T06-46-37.937Z,mixed-5000-seed-41544c53,add-1000,operation_to_raf_opportunities_ms_p95,ms,0,492.9
Atlas,1c2e54b3b8df+bench,SVG,instrument-2026-10-07T06-46-37.937Z,mixed-5000-seed-41544c53,add-1000,operation_to_raf_opportunities_ms_max,ms,0,492.9
Atlas,1c2e54b3b8df+bench,SVG,instrument-2026-10-07T06-46-37.937Z,mixed-5000-seed-41544c53,add-1000,root_iterator_creations_n,count,0,1
Atlas,1c2e54b3b8df+bench,SVG,instrument-2026-10-07T06-46-37.937Z,mixed-5000-seed-41544c53,add-1000,root_iterator_creations_median,count,0,1002.0
Atlas,1c2e54b3b8df+bench,SVG,instrument-2026-10-07T06-46-37.937Z,mixed-5000-seed-41544c53,add-1000,root_iterator_creations_p95,count,0,1002.0
Atlas,1c2e54b3b8df+bench,SVG,instrument-2026-10-07T06-46-37.937Z,mixed-5000-seed-41544c53,add-1000,root_iterator_creations_max,count,0,1002.0
Atlas,1c2e54b3b8df+bench,SVG,instrument-2026-10-07T06-46-37.937Z,mixed-5000-seed-41544c53,add-1000,root_iterator_next_calls_n,count,0,1
Atlas,1c2e54b3b8df+bench,SVG,instrument-2026-10-07T06-46-37.937Z,mixed-5000-seed-41544c53,add-1000,root_iterator_next_calls_median,count,0,5511502.0
Atlas,1c2e54b3b8df+bench,SVG,instrument-2026-10-07T06-46-37.937Z,mixed-5000-seed-41544c53,add-1000,root_iterator_next_calls_p95,count,0,5511502.0
Atlas,1c2e54b3b8df+bench,SVG,instrument-2026-10-07T06-46-37.937Z,mixed-5000-seed-41544c53,add-1000,root_iterator_next_calls_max,count,0,5511502.0
Atlas,1c2e54b3b8df+bench,SVG,instrument-2026-10-07T06-46-37.937Z,mixed-5000-seed-41544c53,add-1000,renderer_scene_reads_n,count,0,1
Atlas,1c2e54b3b8df+bench,SVG,instrument-2026-10-07T06-46-37.937Z,mixed-5000-seed-41544c53,add-1000,renderer_scene_reads_median,count,0,1.0
Atlas,1c2e54b3b8df+bench,SVG,instrument-2026-10-07T06-46-37.937Z,mixed-5000-seed-41544c53,add-1000,renderer_scene_reads_p95,count,0,1.0
Atlas,1c2e54b3b8df+bench,SVG,instrument-2026-10-07T06-46-37.937Z,mixed-5000-seed-41544c53,add-1000,renderer_scene_reads_max,count,0,1.0
Atlas,1c2e54b3b8df+bench,SVG,instrument-2026-10-07T06-46-37.937Z,mixed-5000-seed-41544c53,add-1000,route_membership_reads_n,count,0,1
Atlas,1c2e54b3b8df+bench,SVG,instrument-2026-10-07T06-46-37.937Z,mixed-5000-seed-41544c53,add-1000,route_membership_reads_median,count,0,1000.0
Atlas,1c2e54b3b8df+bench,SVG,instrument-2026-10-07T06-46-37.937Z,mixed-5000-seed-41544c53,add-1000,route_membership_reads_p95,count,0,1000.0
Atlas,1c2e54b3b8df+bench,SVG,instrument-2026-10-07T06-46-37.937Z,mixed-5000-seed-41544c53,add-1000,route_membership_reads_max,count,0,1000.0
Atlas,1c2e54b3b8df+bench,SVG,instrument-2026-10-07T06-46-37.937Z,mixed-5000-seed-41544c53,add-1000,renderer_scene_membership_changes_n,count,0,1
Atlas,1c2e54b3b8df+bench,SVG,instrument-2026-10-07T06-46-37.937Z,mixed-5000-seed-41544c53,add-1000,renderer_scene_membership_changes_median,count,0,1.0
Atlas,1c2e54b3b8df+bench,SVG,instrument-2026-10-07T06-46-37.937Z,mixed-5000-seed-41544c53,add-1000,renderer_scene_membership_changes_p95,count,0,1.0
Atlas,1c2e54b3b8df+bench,SVG,instrument-2026-10-07T06-46-37.937Z,mixed-5000-seed-41544c53,add-1000,renderer_scene_membership_changes_max,count,0,1.0
Atlas,1c2e54b3b8df+bench,SVG,instrument-2026-10-07T06-46-37.937Z,mixed-5000-seed-41544c53,add-1000,svg_attribute_writes_n,count,0,1
Atlas,1c2e54b3b8df+bench,SVG,instrument-2026-10-07T06-46-37.937Z,mixed-5000-seed-41544c53,add-1000,svg_attribute_writes_median,count,0,8000.0
Atlas,1c2e54b3b8df+bench,SVG,instrument-2026-10-07T06-46-37.937Z,mixed-5000-seed-41544c53,add-1000,svg_attribute_writes_p95,count,0,8000.0
Atlas,1c2e54b3b8df+bench,SVG,instrument-2026-10-07T06-46-37.937Z,mixed-5000-seed-41544c53,add-1000,svg_attribute_writes_max,count,0,8000.0
Atlas,1c2e54b3b8df+bench,SVG,instrument-2026-10-07T06-46-37.937Z,mixed-5000-seed-41544c53,add-1000,svg_attribute_removals_n,count,0,1
Atlas,1c2e54b3b8df+bench,SVG,instrument-2026-10-07T06-46-37.937Z,mixed-5000-seed-41544c53,add-1000,svg_attribute_removals_median,count,0,1000.0
Atlas,1c2e54b3b8df+bench,SVG,instrument-2026-10-07T06-46-37.937Z,mixed-5000-seed-41544c53,add-1000,svg_attribute_removals_p95,count,0,1000.0
Atlas,1c2e54b3b8df+bench,SVG,instrument-2026-10-07T06-46-37.937Z,mixed-5000-seed-41544c53,add-1000,svg_attribute_removals_max,count,0,1000.0
Atlas,1c2e54b3b8df+bench,SVG,instrument-2026-10-07T06-46-37.937Z,mixed-5000-seed-41544c53,add-1000,renderer_calls_n,count,0,1
Atlas,1c2e54b3b8df+bench,SVG,instrument-2026-10-07T06-46-37.937Z,mixed-5000-seed-41544c53,add-1000,renderer_calls_median,count,0,1.0
Atlas,1c2e54b3b8df+bench,SVG,instrument-2026-10-07T06-46-37.937Z,mixed-5000-seed-41544c53,add-1000,renderer_calls_p95,count,0,1.0
Atlas,1c2e54b3b8df+bench,SVG,instrument-2026-10-07T06-46-37.937Z,mixed-5000-seed-41544c53,add-1000,renderer_calls_max,count,0,1.0
Atlas,1c2e54b3b8df+bench,SVG,instrument-2026-10-07T06-46-37.937Z,mixed-5000-seed-41544c53,add-1000,layout_rect_reads_n,count,0,1
Atlas,1c2e54b3b8df+bench,SVG,instrument-2026-10-07T06-46-37.937Z,mixed-5000-seed-41544c53,add-1000,layout_rect_reads_median,count,0,0.0
Atlas,1c2e54b3b8df+bench,SVG,instrument-2026-10-07T06-46-37.937Z,mixed-5000-seed-41544c53,add-1000,layout_rect_reads_p95,count,0,0.0
Atlas,1c2e54b3b8df+bench,SVG,instrument-2026-10-07T06-46-37.937Z,mixed-5000-seed-41544c53,add-1000,layout_rect_reads_max,count,0,0.0
Atlas,1c2e54b3b8df+bench,SVG,instrument-2026-10-07T06-46-37.937Z,mixed-5000-seed-41544c53,add-1000,instrumented_renderer_callback_ms_n,count,0,1
Atlas,1c2e54b3b8df+bench,SVG,instrument-2026-10-07T06-46-37.937Z,mixed-5000-seed-41544c53,add-1000,instrumented_renderer_callback_ms_median,ms,0,7.7
Atlas,1c2e54b3b8df+bench,SVG,instrument-2026-10-07T06-46-37.937Z,mixed-5000-seed-41544c53,add-1000,instrumented_renderer_callback_ms_p95,ms,0,7.7
Atlas,1c2e54b3b8df+bench,SVG,instrument-2026-10-07T06-46-37.937Z,mixed-5000-seed-41544c53,add-1000,instrumented_renderer_callback_ms_max,ms,0,7.7
Atlas,1c2e54b3b8df+bench,SVG,instrument-2026-10-07T06-46-37.937Z,mixed-5000-seed-41544c53,add-1000,cleanup_renderer_calls_n,count,0,1
Atlas,1c2e54b3b8df+bench,SVG,instrument-2026-10-07T06-46-37.937Z,mixed-5000-seed-41544c53,add-1000,cleanup_renderer_calls_median,count,0,0.0
Atlas,1c2e54b3b8df+bench,SVG,instrument-2026-10-07T06-46-37.937Z,mixed-5000-seed-41544c53,add-1000,cleanup_renderer_calls_p95,count,0,0.0
Atlas,1c2e54b3b8df+bench,SVG,instrument-2026-10-07T06-46-37.937Z,mixed-5000-seed-41544c53,add-1000,cleanup_renderer_calls_max,count,0,0.0
Atlas,1c2e54b3b8df+bench,SVG,instrument-2026-10-07T06-46-37.937Z,mixed-5000-seed-41544c53,add-1000,cleanup_stage_children_n,count,0,1
Atlas,1c2e54b3b8df+bench,SVG,instrument-2026-10-07T06-46-37.937Z,mixed-5000-seed-41544c53,add-1000,cleanup_stage_children_median,count,0,0.0
Atlas,1c2e54b3b8df+bench,SVG,instrument-2026-10-07T06-46-37.937Z,mixed-5000-seed-41544c53,add-1000,cleanup_stage_children_p95,count,0,0.0
Atlas,1c2e54b3b8df+bench,SVG,instrument-2026-10-07T06-46-37.937Z,mixed-5000-seed-41544c53,add-1000,cleanup_stage_children_max,count,0,0.0
Atlas,1c2e54b3b8df+bench,SVG,instrument-2026-10-07T06-46-37.937Z,mixed-5000-seed-41544c53,remove-100,operation_sync_ms_n,count,0,1
Atlas,1c2e54b3b8df+bench,SVG,instrument-2026-10-07T06-46-37.937Z,mixed-5000-seed-41544c53,remove-100,operation_sync_ms_median,ms,0,61.0
Atlas,1c2e54b3b8df+bench,SVG,instrument-2026-10-07T06-46-37.937Z,mixed-5000-seed-41544c53,remove-100,operation_sync_ms_p95,ms,0,61.0
Atlas,1c2e54b3b8df+bench,SVG,instrument-2026-10-07T06-46-37.937Z,mixed-5000-seed-41544c53,remove-100,operation_sync_ms_max,ms,0,61.0
Atlas,1c2e54b3b8df+bench,SVG,instrument-2026-10-07T06-46-37.937Z,mixed-5000-seed-41544c53,remove-100,cumulative_operation_ms_n,count,0,1
Atlas,1c2e54b3b8df+bench,SVG,instrument-2026-10-07T06-46-37.937Z,mixed-5000-seed-41544c53,remove-100,cumulative_operation_ms_median,ms,0,61.0
Atlas,1c2e54b3b8df+bench,SVG,instrument-2026-10-07T06-46-37.937Z,mixed-5000-seed-41544c53,remove-100,cumulative_operation_ms_p95,ms,0,61.0
Atlas,1c2e54b3b8df+bench,SVG,instrument-2026-10-07T06-46-37.937Z,mixed-5000-seed-41544c53,remove-100,cumulative_operation_ms_max,ms,0,61.0
Atlas,1c2e54b3b8df+bench,SVG,instrument-2026-10-07T06-46-37.937Z,mixed-5000-seed-41544c53,remove-100,operation_to_raf_opportunities_ms_n,count,0,1
Atlas,1c2e54b3b8df+bench,SVG,instrument-2026-10-07T06-46-37.937Z,mixed-5000-seed-41544c53,remove-100,operation_to_raf_opportunities_ms_median,ms,0,98.3
Atlas,1c2e54b3b8df+bench,SVG,instrument-2026-10-07T06-46-37.937Z,mixed-5000-seed-41544c53,remove-100,operation_to_raf_opportunities_ms_p95,ms,0,98.3
Atlas,1c2e54b3b8df+bench,SVG,instrument-2026-10-07T06-46-37.937Z,mixed-5000-seed-41544c53,remove-100,operation_to_raf_opportunities_ms_max,ms,0,98.3
Atlas,1c2e54b3b8df+bench,SVG,instrument-2026-10-07T06-46-37.937Z,mixed-5000-seed-41544c53,remove-100,root_iterator_creations_n,count,0,1
Atlas,1c2e54b3b8df+bench,SVG,instrument-2026-10-07T06-46-37.937Z,mixed-5000-seed-41544c53,remove-100,root_iterator_creations_median,count,0,102.0
Atlas,1c2e54b3b8df+bench,SVG,instrument-2026-10-07T06-46-37.937Z,mixed-5000-seed-41544c53,remove-100,root_iterator_creations_p95,count,0,102.0
Atlas,1c2e54b3b8df+bench,SVG,instrument-2026-10-07T06-46-37.937Z,mixed-5000-seed-41544c53,remove-100,root_iterator_creations_max,count,0,102.0
Atlas,1c2e54b3b8df+bench,SVG,instrument-2026-10-07T06-46-37.937Z,mixed-5000-seed-41544c53,remove-100,root_iterator_next_calls_n,count,0,1
Atlas,1c2e54b3b8df+bench,SVG,instrument-2026-10-07T06-46-37.937Z,mixed-5000-seed-41544c53,remove-100,root_iterator_next_calls_median,count,0,504952.0
Atlas,1c2e54b3b8df+bench,SVG,instrument-2026-10-07T06-46-37.937Z,mixed-5000-seed-41544c53,remove-100,root_iterator_next_calls_p95,count,0,504952.0
Atlas,1c2e54b3b8df+bench,SVG,instrument-2026-10-07T06-46-37.937Z,mixed-5000-seed-41544c53,remove-100,root_iterator_next_calls_max,count,0,504952.0
Atlas,1c2e54b3b8df+bench,SVG,instrument-2026-10-07T06-46-37.937Z,mixed-5000-seed-41544c53,remove-100,renderer_scene_reads_n,count,0,1
Atlas,1c2e54b3b8df+bench,SVG,instrument-2026-10-07T06-46-37.937Z,mixed-5000-seed-41544c53,remove-100,renderer_scene_reads_median,count,0,1.0
Atlas,1c2e54b3b8df+bench,SVG,instrument-2026-10-07T06-46-37.937Z,mixed-5000-seed-41544c53,remove-100,renderer_scene_reads_p95,count,0,1.0
Atlas,1c2e54b3b8df+bench,SVG,instrument-2026-10-07T06-46-37.937Z,mixed-5000-seed-41544c53,remove-100,renderer_scene_reads_max,count,0,1.0
Atlas,1c2e54b3b8df+bench,SVG,instrument-2026-10-07T06-46-37.937Z,mixed-5000-seed-41544c53,remove-100,route_membership_reads_n,count,0,1
Atlas,1c2e54b3b8df+bench,SVG,instrument-2026-10-07T06-46-37.937Z,mixed-5000-seed-41544c53,remove-100,route_membership_reads_median,count,0,980.0
Atlas,1c2e54b3b8df+bench,SVG,instrument-2026-10-07T06-46-37.937Z,mixed-5000-seed-41544c53,remove-100,route_membership_reads_p95,count,0,980.0
Atlas,1c2e54b3b8df+bench,SVG,instrument-2026-10-07T06-46-37.937Z,mixed-5000-seed-41544c53,remove-100,route_membership_reads_max,count,0,980.0
Atlas,1c2e54b3b8df+bench,SVG,instrument-2026-10-07T06-46-37.937Z,mixed-5000-seed-41544c53,remove-100,renderer_scene_membership_changes_n,count,0,1
Atlas,1c2e54b3b8df+bench,SVG,instrument-2026-10-07T06-46-37.937Z,mixed-5000-seed-41544c53,remove-100,renderer_scene_membership_changes_median,count,0,1.0
Atlas,1c2e54b3b8df+bench,SVG,instrument-2026-10-07T06-46-37.937Z,mixed-5000-seed-41544c53,remove-100,renderer_scene_membership_changes_p95,count,0,1.0
Atlas,1c2e54b3b8df+bench,SVG,instrument-2026-10-07T06-46-37.937Z,mixed-5000-seed-41544c53,remove-100,renderer_scene_membership_changes_max,count,0,1.0
Atlas,1c2e54b3b8df+bench,SVG,instrument-2026-10-07T06-46-37.937Z,mixed-5000-seed-41544c53,remove-100,renderer_calls_n,count,0,1
Atlas,1c2e54b3b8df+bench,SVG,instrument-2026-10-07T06-46-37.937Z,mixed-5000-seed-41544c53,remove-100,renderer_calls_median,count,0,1.0
Atlas,1c2e54b3b8df+bench,SVG,instrument-2026-10-07T06-46-37.937Z,mixed-5000-seed-41544c53,remove-100,renderer_calls_p95,count,0,1.0
Atlas,1c2e54b3b8df+bench,SVG,instrument-2026-10-07T06-46-37.937Z,mixed-5000-seed-41544c53,remove-100,renderer_calls_max,count,0,1.0
Atlas,1c2e54b3b8df+bench,SVG,instrument-2026-10-07T06-46-37.937Z,mixed-5000-seed-41544c53,remove-100,layout_rect_reads_n,count,0,1
Atlas,1c2e54b3b8df+bench,SVG,instrument-2026-10-07T06-46-37.937Z,mixed-5000-seed-41544c53,remove-100,layout_rect_reads_median,count,0,0.0
Atlas,1c2e54b3b8df+bench,SVG,instrument-2026-10-07T06-46-37.937Z,mixed-5000-seed-41544c53,remove-100,layout_rect_reads_p95,count,0,0.0
Atlas,1c2e54b3b8df+bench,SVG,instrument-2026-10-07T06-46-37.937Z,mixed-5000-seed-41544c53,remove-100,layout_rect_reads_max,count,0,0.0
Atlas,1c2e54b3b8df+bench,SVG,instrument-2026-10-07T06-46-37.937Z,mixed-5000-seed-41544c53,remove-100,instrumented_renderer_callback_ms_n,count,0,1
Atlas,1c2e54b3b8df+bench,SVG,instrument-2026-10-07T06-46-37.937Z,mixed-5000-seed-41544c53,remove-100,instrumented_renderer_callback_ms_median,ms,0,4.4
Atlas,1c2e54b3b8df+bench,SVG,instrument-2026-10-07T06-46-37.937Z,mixed-5000-seed-41544c53,remove-100,instrumented_renderer_callback_ms_p95,ms,0,4.4
Atlas,1c2e54b3b8df+bench,SVG,instrument-2026-10-07T06-46-37.937Z,mixed-5000-seed-41544c53,remove-100,instrumented_renderer_callback_ms_max,ms,0,4.4
Atlas,1c2e54b3b8df+bench,SVG,instrument-2026-10-07T06-46-37.937Z,mixed-5000-seed-41544c53,remove-100,cleanup_renderer_calls_n,count,0,1
Atlas,1c2e54b3b8df+bench,SVG,instrument-2026-10-07T06-46-37.937Z,mixed-5000-seed-41544c53,remove-100,cleanup_renderer_calls_median,count,0,0.0
Atlas,1c2e54b3b8df+bench,SVG,instrument-2026-10-07T06-46-37.937Z,mixed-5000-seed-41544c53,remove-100,cleanup_renderer_calls_p95,count,0,0.0
Atlas,1c2e54b3b8df+bench,SVG,instrument-2026-10-07T06-46-37.937Z,mixed-5000-seed-41544c53,remove-100,cleanup_renderer_calls_max,count,0,0.0
Atlas,1c2e54b3b8df+bench,SVG,instrument-2026-10-07T06-46-37.937Z,mixed-5000-seed-41544c53,remove-100,cleanup_stage_children_n,count,0,1
Atlas,1c2e54b3b8df+bench,SVG,instrument-2026-10-07T06-46-37.937Z,mixed-5000-seed-41544c53,remove-100,cleanup_stage_children_median,count,0,0.0
Atlas,1c2e54b3b8df+bench,SVG,instrument-2026-10-07T06-46-37.937Z,mixed-5000-seed-41544c53,remove-100,cleanup_stage_children_p95,count,0,0.0
Atlas,1c2e54b3b8df+bench,SVG,instrument-2026-10-07T06-46-37.937Z,mixed-5000-seed-41544c53,remove-100,cleanup_stage_children_max,count,0,0.0
Atlas,1c2e54b3b8df+bench,SVG,instrument-2026-10-07T06-46-37.937Z,mixed-5000-seed-41544c53,remove-500,operation_sync_ms_n,count,0,1
Atlas,1c2e54b3b8df+bench,SVG,instrument-2026-10-07T06-46-37.937Z,mixed-5000-seed-41544c53,remove-500,operation_sync_ms_median,ms,0,226.5
Atlas,1c2e54b3b8df+bench,SVG,instrument-2026-10-07T06-46-37.937Z,mixed-5000-seed-41544c53,remove-500,operation_sync_ms_p95,ms,0,226.5
Atlas,1c2e54b3b8df+bench,SVG,instrument-2026-10-07T06-46-37.937Z,mixed-5000-seed-41544c53,remove-500,operation_sync_ms_max,ms,0,226.5
Atlas,1c2e54b3b8df+bench,SVG,instrument-2026-10-07T06-46-37.937Z,mixed-5000-seed-41544c53,remove-500,cumulative_operation_ms_n,count,0,5
Atlas,1c2e54b3b8df+bench,SVG,instrument-2026-10-07T06-46-37.937Z,mixed-5000-seed-41544c53,remove-500,cumulative_operation_ms_median,ms,0,142.1
Atlas,1c2e54b3b8df+bench,SVG,instrument-2026-10-07T06-46-37.937Z,mixed-5000-seed-41544c53,remove-500,cumulative_operation_ms_p95,ms,0,226.5
Atlas,1c2e54b3b8df+bench,SVG,instrument-2026-10-07T06-46-37.937Z,mixed-5000-seed-41544c53,remove-500,cumulative_operation_ms_max,ms,0,226.5
Atlas,1c2e54b3b8df+bench,SVG,instrument-2026-10-07T06-46-37.937Z,mixed-5000-seed-41544c53,remove-500,operation_to_raf_opportunities_ms_n,count,0,1
Atlas,1c2e54b3b8df+bench,SVG,instrument-2026-10-07T06-46-37.937Z,mixed-5000-seed-41544c53,remove-500,operation_to_raf_opportunities_ms_median,ms,0,256.6
Atlas,1c2e54b3b8df+bench,SVG,instrument-2026-10-07T06-46-37.937Z,mixed-5000-seed-41544c53,remove-500,operation_to_raf_opportunities_ms_p95,ms,0,256.6
Atlas,1c2e54b3b8df+bench,SVG,instrument-2026-10-07T06-46-37.937Z,mixed-5000-seed-41544c53,remove-500,operation_to_raf_opportunities_ms_max,ms,0,256.6
Atlas,1c2e54b3b8df+bench,SVG,instrument-2026-10-07T06-46-37.937Z,mixed-5000-seed-41544c53,remove-500,root_iterator_creations_n,count,0,1
Atlas,1c2e54b3b8df+bench,SVG,instrument-2026-10-07T06-46-37.937Z,mixed-5000-seed-41544c53,remove-500,root_iterator_creations_median,count,0,502.0
Atlas,1c2e54b3b8df+bench,SVG,instrument-2026-10-07T06-46-37.937Z,mixed-5000-seed-41544c53,remove-500,root_iterator_creations_p95,count,0,502.0
Atlas,1c2e54b3b8df+bench,SVG,instrument-2026-10-07T06-46-37.937Z,mixed-5000-seed-41544c53,remove-500,root_iterator_creations_max,count,0,502.0
Atlas,1c2e54b3b8df+bench,SVG,instrument-2026-10-07T06-46-37.937Z,mixed-5000-seed-41544c53,remove-500,root_iterator_next_calls_n,count,0,1
Atlas,1c2e54b3b8df+bench,SVG,instrument-2026-10-07T06-46-37.937Z,mixed-5000-seed-41544c53,remove-500,root_iterator_next_calls_median,count,0,2384752.0
Atlas,1c2e54b3b8df+bench,SVG,instrument-2026-10-07T06-46-37.937Z,mixed-5000-seed-41544c53,remove-500,root_iterator_next_calls_p95,count,0,2384752.0
Atlas,1c2e54b3b8df+bench,SVG,instrument-2026-10-07T06-46-37.937Z,mixed-5000-seed-41544c53,remove-500,root_iterator_next_calls_max,count,0,2384752.0
Atlas,1c2e54b3b8df+bench,SVG,instrument-2026-10-07T06-46-37.937Z,mixed-5000-seed-41544c53,remove-500,renderer_scene_reads_n,count,0,1
Atlas,1c2e54b3b8df+bench,SVG,instrument-2026-10-07T06-46-37.937Z,mixed-5000-seed-41544c53,remove-500,renderer_scene_reads_median,count,0,1.0
Atlas,1c2e54b3b8df+bench,SVG,instrument-2026-10-07T06-46-37.937Z,mixed-5000-seed-41544c53,remove-500,renderer_scene_reads_p95,count,0,1.0
Atlas,1c2e54b3b8df+bench,SVG,instrument-2026-10-07T06-46-37.937Z,mixed-5000-seed-41544c53,remove-500,renderer_scene_reads_max,count,0,1.0
Atlas,1c2e54b3b8df+bench,SVG,instrument-2026-10-07T06-46-37.937Z,mixed-5000-seed-41544c53,remove-500,route_membership_reads_n,count,0,1
Atlas,1c2e54b3b8df+bench,SVG,instrument-2026-10-07T06-46-37.937Z,mixed-5000-seed-41544c53,remove-500,route_membership_reads_median,count,0,900.0
Atlas,1c2e54b3b8df+bench,SVG,instrument-2026-10-07T06-46-37.937Z,mixed-5000-seed-41544c53,remove-500,route_membership_reads_p95,count,0,900.0
Atlas,1c2e54b3b8df+bench,SVG,instrument-2026-10-07T06-46-37.937Z,mixed-5000-seed-41544c53,remove-500,route_membership_reads_max,count,0,900.0
Atlas,1c2e54b3b8df+bench,SVG,instrument-2026-10-07T06-46-37.937Z,mixed-5000-seed-41544c53,remove-500,renderer_scene_membership_changes_n,count,0,1
Atlas,1c2e54b3b8df+bench,SVG,instrument-2026-10-07T06-46-37.937Z,mixed-5000-seed-41544c53,remove-500,renderer_scene_membership_changes_median,count,0,1.0
Atlas,1c2e54b3b8df+bench,SVG,instrument-2026-10-07T06-46-37.937Z,mixed-5000-seed-41544c53,remove-500,renderer_scene_membership_changes_p95,count,0,1.0
Atlas,1c2e54b3b8df+bench,SVG,instrument-2026-10-07T06-46-37.937Z,mixed-5000-seed-41544c53,remove-500,renderer_scene_membership_changes_max,count,0,1.0
Atlas,1c2e54b3b8df+bench,SVG,instrument-2026-10-07T06-46-37.937Z,mixed-5000-seed-41544c53,remove-500,renderer_calls_n,count,0,1
Atlas,1c2e54b3b8df+bench,SVG,instrument-2026-10-07T06-46-37.937Z,mixed-5000-seed-41544c53,remove-500,renderer_calls_median,count,0,1.0
Atlas,1c2e54b3b8df+bench,SVG,instrument-2026-10-07T06-46-37.937Z,mixed-5000-seed-41544c53,remove-500,renderer_calls_p95,count,0,1.0
Atlas,1c2e54b3b8df+bench,SVG,instrument-2026-10-07T06-46-37.937Z,mixed-5000-seed-41544c53,remove-500,renderer_calls_max,count,0,1.0
Atlas,1c2e54b3b8df+bench,SVG,instrument-2026-10-07T06-46-37.937Z,mixed-5000-seed-41544c53,remove-500,layout_rect_reads_n,count,0,1
Atlas,1c2e54b3b8df+bench,SVG,instrument-2026-10-07T06-46-37.937Z,mixed-5000-seed-41544c53,remove-500,layout_rect_reads_median,count,0,0.0
Atlas,1c2e54b3b8df+bench,SVG,instrument-2026-10-07T06-46-37.937Z,mixed-5000-seed-41544c53,remove-500,layout_rect_reads_p95,count,0,0.0
Atlas,1c2e54b3b8df+bench,SVG,instrument-2026-10-07T06-46-37.937Z,mixed-5000-seed-41544c53,remove-500,layout_rect_reads_max,count,0,0.0
Atlas,1c2e54b3b8df+bench,SVG,instrument-2026-10-07T06-46-37.937Z,mixed-5000-seed-41544c53,remove-500,instrumented_renderer_callback_ms_n,count,0,1
Atlas,1c2e54b3b8df+bench,SVG,instrument-2026-10-07T06-46-37.937Z,mixed-5000-seed-41544c53,remove-500,instrumented_renderer_callback_ms_median,ms,0,4.4
Atlas,1c2e54b3b8df+bench,SVG,instrument-2026-10-07T06-46-37.937Z,mixed-5000-seed-41544c53,remove-500,instrumented_renderer_callback_ms_p95,ms,0,4.4
Atlas,1c2e54b3b8df+bench,SVG,instrument-2026-10-07T06-46-37.937Z,mixed-5000-seed-41544c53,remove-500,instrumented_renderer_callback_ms_max,ms,0,4.4
Atlas,1c2e54b3b8df+bench,SVG,instrument-2026-10-07T06-46-37.937Z,mixed-5000-seed-41544c53,remove-500,cleanup_renderer_calls_n,count,0,1
Atlas,1c2e54b3b8df+bench,SVG,instrument-2026-10-07T06-46-37.937Z,mixed-5000-seed-41544c53,remove-500,cleanup_renderer_calls_median,count,0,0.0
Atlas,1c2e54b3b8df+bench,SVG,instrument-2026-10-07T06-46-37.937Z,mixed-5000-seed-41544c53,remove-500,cleanup_renderer_calls_p95,count,0,0.0
Atlas,1c2e54b3b8df+bench,SVG,instrument-2026-10-07T06-46-37.937Z,mixed-5000-seed-41544c53,remove-500,cleanup_renderer_calls_max,count,0,0.0
Atlas,1c2e54b3b8df+bench,SVG,instrument-2026-10-07T06-46-37.937Z,mixed-5000-seed-41544c53,remove-500,cleanup_stage_children_n,count,0,1
Atlas,1c2e54b3b8df+bench,SVG,instrument-2026-10-07T06-46-37.937Z,mixed-5000-seed-41544c53,remove-500,cleanup_stage_children_median,count,0,0.0
Atlas,1c2e54b3b8df+bench,SVG,instrument-2026-10-07T06-46-37.937Z,mixed-5000-seed-41544c53,remove-500,cleanup_stage_children_p95,count,0,0.0
Atlas,1c2e54b3b8df+bench,SVG,instrument-2026-10-07T06-46-37.937Z,mixed-5000-seed-41544c53,remove-500,cleanup_stage_children_max,count,0,0.0
Atlas,1c2e54b3b8df+bench,SVG,instrument-2026-10-07T06-46-37.937Z,mixed-5000-seed-41544c53,remove-1000,operation_sync_ms_n,count,0,1
Atlas,1c2e54b3b8df+bench,SVG,instrument-2026-10-07T06-46-37.937Z,mixed-5000-seed-41544c53,remove-1000,operation_sync_ms_median,ms,0,478.4
Atlas,1c2e54b3b8df+bench,SVG,instrument-2026-10-07T06-46-37.937Z,mixed-5000-seed-41544c53,remove-1000,operation_sync_ms_p95,ms,0,478.4
Atlas,1c2e54b3b8df+bench,SVG,instrument-2026-10-07T06-46-37.937Z,mixed-5000-seed-41544c53,remove-1000,operation_sync_ms_max,ms,0,478.4
Atlas,1c2e54b3b8df+bench,SVG,instrument-2026-10-07T06-46-37.937Z,mixed-5000-seed-41544c53,remove-1000,cumulative_operation_ms_n,count,0,10
Atlas,1c2e54b3b8df+bench,SVG,instrument-2026-10-07T06-46-37.937Z,mixed-5000-seed-41544c53,remove-1000,cumulative_operation_ms_median,ms,0,307.55
Atlas,1c2e54b3b8df+bench,SVG,instrument-2026-10-07T06-46-37.937Z,mixed-5000-seed-41544c53,remove-1000,cumulative_operation_ms_p95,ms,0,478.4
Atlas,1c2e54b3b8df+bench,SVG,instrument-2026-10-07T06-46-37.937Z,mixed-5000-seed-41544c53,remove-1000,cumulative_operation_ms_max,ms,0,478.4
Atlas,1c2e54b3b8df+bench,SVG,instrument-2026-10-07T06-46-37.937Z,mixed-5000-seed-41544c53,remove-1000,operation_to_raf_opportunities_ms_n,count,0,1
Atlas,1c2e54b3b8df+bench,SVG,instrument-2026-10-07T06-46-37.937Z,mixed-5000-seed-41544c53,remove-1000,operation_to_raf_opportunities_ms_median,ms,0,532.8
Atlas,1c2e54b3b8df+bench,SVG,instrument-2026-10-07T06-46-37.937Z,mixed-5000-seed-41544c53,remove-1000,operation_to_raf_opportunities_ms_p95,ms,0,532.8
Atlas,1c2e54b3b8df+bench,SVG,instrument-2026-10-07T06-46-37.937Z,mixed-5000-seed-41544c53,remove-1000,operation_to_raf_opportunities_ms_max,ms,0,532.8
Atlas,1c2e54b3b8df+bench,SVG,instrument-2026-10-07T06-46-37.937Z,mixed-5000-seed-41544c53,remove-1000,root_iterator_creations_n,count,0,1
Atlas,1c2e54b3b8df+bench,SVG,instrument-2026-10-07T06-46-37.937Z,mixed-5000-seed-41544c53,remove-1000,root_iterator_creations_median,count,0,1002.0
Atlas,1c2e54b3b8df+bench,SVG,instrument-2026-10-07T06-46-37.937Z,mixed-5000-seed-41544c53,remove-1000,root_iterator_creations_p95,count,0,1002.0
Atlas,1c2e54b3b8df+bench,SVG,instrument-2026-10-07T06-46-37.937Z,mixed-5000-seed-41544c53,remove-1000,root_iterator_creations_max,count,0,1002.0
Atlas,1c2e54b3b8df+bench,SVG,instrument-2026-10-07T06-46-37.937Z,mixed-5000-seed-41544c53,remove-1000,root_iterator_next_calls_n,count,0,1
Atlas,1c2e54b3b8df+bench,SVG,instrument-2026-10-07T06-46-37.937Z,mixed-5000-seed-41544c53,remove-1000,root_iterator_next_calls_median,count,0,4509502.0
Atlas,1c2e54b3b8df+bench,SVG,instrument-2026-10-07T06-46-37.937Z,mixed-5000-seed-41544c53,remove-1000,root_iterator_next_calls_p95,count,0,4509502.0
Atlas,1c2e54b3b8df+bench,SVG,instrument-2026-10-07T06-46-37.937Z,mixed-5000-seed-41544c53,remove-1000,root_iterator_next_calls_max,count,0,4509502.0
Atlas,1c2e54b3b8df+bench,SVG,instrument-2026-10-07T06-46-37.937Z,mixed-5000-seed-41544c53,remove-1000,renderer_scene_reads_n,count,0,1
Atlas,1c2e54b3b8df+bench,SVG,instrument-2026-10-07T06-46-37.937Z,mixed-5000-seed-41544c53,remove-1000,renderer_scene_reads_median,count,0,1.0
Atlas,1c2e54b3b8df+bench,SVG,instrument-2026-10-07T06-46-37.937Z,mixed-5000-seed-41544c53,remove-1000,renderer_scene_reads_p95,count,0,1.0
Atlas,1c2e54b3b8df+bench,SVG,instrument-2026-10-07T06-46-37.937Z,mixed-5000-seed-41544c53,remove-1000,renderer_scene_reads_max,count,0,1.0
Atlas,1c2e54b3b8df+bench,SVG,instrument-2026-10-07T06-46-37.937Z,mixed-5000-seed-41544c53,remove-1000,route_membership_reads_n,count,0,1
Atlas,1c2e54b3b8df+bench,SVG,instrument-2026-10-07T06-46-37.937Z,mixed-5000-seed-41544c53,remove-1000,route_membership_reads_median,count,0,800.0
Atlas,1c2e54b3b8df+bench,SVG,instrument-2026-10-07T06-46-37.937Z,mixed-5000-seed-41544c53,remove-1000,route_membership_reads_p95,count,0,800.0
Atlas,1c2e54b3b8df+bench,SVG,instrument-2026-10-07T06-46-37.937Z,mixed-5000-seed-41544c53,remove-1000,route_membership_reads_max,count,0,800.0
Atlas,1c2e54b3b8df+bench,SVG,instrument-2026-10-07T06-46-37.937Z,mixed-5000-seed-41544c53,remove-1000,renderer_scene_membership_changes_n,count,0,1
Atlas,1c2e54b3b8df+bench,SVG,instrument-2026-10-07T06-46-37.937Z,mixed-5000-seed-41544c53,remove-1000,renderer_scene_membership_changes_median,count,0,1.0
Atlas,1c2e54b3b8df+bench,SVG,instrument-2026-10-07T06-46-37.937Z,mixed-5000-seed-41544c53,remove-1000,renderer_scene_membership_changes_p95,count,0,1.0
Atlas,1c2e54b3b8df+bench,SVG,instrument-2026-10-07T06-46-37.937Z,mixed-5000-seed-41544c53,remove-1000,renderer_scene_membership_changes_max,count,0,1.0
Atlas,1c2e54b3b8df+bench,SVG,instrument-2026-10-07T06-46-37.937Z,mixed-5000-seed-41544c53,remove-1000,renderer_calls_n,count,0,1
Atlas,1c2e54b3b8df+bench,SVG,instrument-2026-10-07T06-46-37.937Z,mixed-5000-seed-41544c53,remove-1000,renderer_calls_median,count,0,1.0
Atlas,1c2e54b3b8df+bench,SVG,instrument-2026-10-07T06-46-37.937Z,mixed-5000-seed-41544c53,remove-1000,renderer_calls_p95,count,0,1.0
Atlas,1c2e54b3b8df+bench,SVG,instrument-2026-10-07T06-46-37.937Z,mixed-5000-seed-41544c53,remove-1000,renderer_calls_max,count,0,1.0
Atlas,1c2e54b3b8df+bench,SVG,instrument-2026-10-07T06-46-37.937Z,mixed-5000-seed-41544c53,remove-1000,layout_rect_reads_n,count,0,1
Atlas,1c2e54b3b8df+bench,SVG,instrument-2026-10-07T06-46-37.937Z,mixed-5000-seed-41544c53,remove-1000,layout_rect_reads_median,count,0,0.0
Atlas,1c2e54b3b8df+bench,SVG,instrument-2026-10-07T06-46-37.937Z,mixed-5000-seed-41544c53,remove-1000,layout_rect_reads_p95,count,0,0.0
Atlas,1c2e54b3b8df+bench,SVG,instrument-2026-10-07T06-46-37.937Z,mixed-5000-seed-41544c53,remove-1000,layout_rect_reads_max,count,0,0.0
Atlas,1c2e54b3b8df+bench,SVG,instrument-2026-10-07T06-46-37.937Z,mixed-5000-seed-41544c53,remove-1000,instrumented_renderer_callback_ms_n,count,0,1
Atlas,1c2e54b3b8df+bench,SVG,instrument-2026-10-07T06-46-37.937Z,mixed-5000-seed-41544c53,remove-1000,instrumented_renderer_callback_ms_median,ms,0,7.0
Atlas,1c2e54b3b8df+bench,SVG,instrument-2026-10-07T06-46-37.937Z,mixed-5000-seed-41544c53,remove-1000,instrumented_renderer_callback_ms_p95,ms,0,7.0
Atlas,1c2e54b3b8df+bench,SVG,instrument-2026-10-07T06-46-37.937Z,mixed-5000-seed-41544c53,remove-1000,instrumented_renderer_callback_ms_max,ms,0,7.0
Atlas,1c2e54b3b8df+bench,SVG,instrument-2026-10-07T06-46-37.937Z,mixed-5000-seed-41544c53,remove-1000,cleanup_renderer_calls_n,count,0,1
Atlas,1c2e54b3b8df+bench,SVG,instrument-2026-10-07T06-46-37.937Z,mixed-5000-seed-41544c53,remove-1000,cleanup_renderer_calls_median,count,0,0.0
Atlas,1c2e54b3b8df+bench,SVG,instrument-2026-10-07T06-46-37.937Z,mixed-5000-seed-41544c53,remove-1000,cleanup_renderer_calls_p95,count,0,0.0
Atlas,1c2e54b3b8df+bench,SVG,instrument-2026-10-07T06-46-37.937Z,mixed-5000-seed-41544c53,remove-1000,cleanup_renderer_calls_max,count,0,0.0
Atlas,1c2e54b3b8df+bench,SVG,instrument-2026-10-07T06-46-37.937Z,mixed-5000-seed-41544c53,remove-1000,cleanup_stage_children_n,count,0,1
Atlas,1c2e54b3b8df+bench,SVG,instrument-2026-10-07T06-46-37.937Z,mixed-5000-seed-41544c53,remove-1000,cleanup_stage_children_median,count,0,0.0
Atlas,1c2e54b3b8df+bench,SVG,instrument-2026-10-07T06-46-37.937Z,mixed-5000-seed-41544c53,remove-1000,cleanup_stage_children_p95,count,0,0.0
Atlas,1c2e54b3b8df+bench,SVG,instrument-2026-10-07T06-46-37.937Z,mixed-5000-seed-41544c53,remove-1000,cleanup_stage_children_max,count,0,0.0
Atlas,1c2e54b3b8df+bench,SVG,instrument-2026-10-07T06-46-37.937Z,mixed-5000-seed-41544c53,route-update,operation_sync_ms_n,count,0,1
Atlas,1c2e54b3b8df+bench,SVG,instrument-2026-10-07T06-46-37.937Z,mixed-5000-seed-41544c53,route-update,operation_sync_ms_median,ms,0,0.1
Atlas,1c2e54b3b8df+bench,SVG,instrument-2026-10-07T06-46-37.937Z,mixed-5000-seed-41544c53,route-update,operation_sync_ms_p95,ms,0,0.1
Atlas,1c2e54b3b8df+bench,SVG,instrument-2026-10-07T06-46-37.937Z,mixed-5000-seed-41544c53,route-update,operation_sync_ms_max,ms,0,0.1
Atlas,1c2e54b3b8df+bench,SVG,instrument-2026-10-07T06-46-37.937Z,mixed-5000-seed-41544c53,route-update,operation_to_raf_opportunities_ms_n,count,0,1
Atlas,1c2e54b3b8df+bench,SVG,instrument-2026-10-07T06-46-37.937Z,mixed-5000-seed-41544c53,route-update,operation_to_raf_opportunities_ms_median,ms,0,44.7
Atlas,1c2e54b3b8df+bench,SVG,instrument-2026-10-07T06-46-37.937Z,mixed-5000-seed-41544c53,route-update,operation_to_raf_opportunities_ms_p95,ms,0,44.7
Atlas,1c2e54b3b8df+bench,SVG,instrument-2026-10-07T06-46-37.937Z,mixed-5000-seed-41544c53,route-update,operation_to_raf_opportunities_ms_max,ms,0,44.7
Atlas,1c2e54b3b8df+bench,SVG,instrument-2026-10-07T06-46-37.937Z,mixed-5000-seed-41544c53,route-update,root_iterator_creations_n,count,0,1
Atlas,1c2e54b3b8df+bench,SVG,instrument-2026-10-07T06-46-37.937Z,mixed-5000-seed-41544c53,route-update,root_iterator_creations_median,count,0,2.0
Atlas,1c2e54b3b8df+bench,SVG,instrument-2026-10-07T06-46-37.937Z,mixed-5000-seed-41544c53,route-update,root_iterator_creations_p95,count,0,2.0
Atlas,1c2e54b3b8df+bench,SVG,instrument-2026-10-07T06-46-37.937Z,mixed-5000-seed-41544c53,route-update,root_iterator_creations_max,count,0,2.0
Atlas,1c2e54b3b8df+bench,SVG,instrument-2026-10-07T06-46-37.937Z,mixed-5000-seed-41544c53,route-update,root_iterator_next_calls_n,count,0,1
Atlas,1c2e54b3b8df+bench,SVG,instrument-2026-10-07T06-46-37.937Z,mixed-5000-seed-41544c53,route-update,root_iterator_next_calls_median,count,0,10002.0
Atlas,1c2e54b3b8df+bench,SVG,instrument-2026-10-07T06-46-37.937Z,mixed-5000-seed-41544c53,route-update,root_iterator_next_calls_p95,count,0,10002.0
Atlas,1c2e54b3b8df+bench,SVG,instrument-2026-10-07T06-46-37.937Z,mixed-5000-seed-41544c53,route-update,root_iterator_next_calls_max,count,0,10002.0
Atlas,1c2e54b3b8df+bench,SVG,instrument-2026-10-07T06-46-37.937Z,mixed-5000-seed-41544c53,route-update,route_membership_reads_n,count,0,1
Atlas,1c2e54b3b8df+bench,SVG,instrument-2026-10-07T06-46-37.937Z,mixed-5000-seed-41544c53,route-update,route_membership_reads_median,count,0,1002.0
Atlas,1c2e54b3b8df+bench,SVG,instrument-2026-10-07T06-46-37.937Z,mixed-5000-seed-41544c53,route-update,route_membership_reads_p95,count,0,1002.0
Atlas,1c2e54b3b8df+bench,SVG,instrument-2026-10-07T06-46-37.937Z,mixed-5000-seed-41544c53,route-update,route_membership_reads_max,count,0,1002.0
Atlas,1c2e54b3b8df+bench,SVG,instrument-2026-10-07T06-46-37.937Z,mixed-5000-seed-41544c53,route-update,renderer_scene_reads_n,count,0,1
Atlas,1c2e54b3b8df+bench,SVG,instrument-2026-10-07T06-46-37.937Z,mixed-5000-seed-41544c53,route-update,renderer_scene_reads_median,count,0,1.0
Atlas,1c2e54b3b8df+bench,SVG,instrument-2026-10-07T06-46-37.937Z,mixed-5000-seed-41544c53,route-update,renderer_scene_reads_p95,count,0,1.0
Atlas,1c2e54b3b8df+bench,SVG,instrument-2026-10-07T06-46-37.937Z,mixed-5000-seed-41544c53,route-update,renderer_scene_reads_max,count,0,1.0
Atlas,1c2e54b3b8df+bench,SVG,instrument-2026-10-07T06-46-37.937Z,mixed-5000-seed-41544c53,route-update,renderer_scene_membership_changes_n,count,0,1
Atlas,1c2e54b3b8df+bench,SVG,instrument-2026-10-07T06-46-37.937Z,mixed-5000-seed-41544c53,route-update,renderer_scene_membership_changes_median,count,0,1.0
Atlas,1c2e54b3b8df+bench,SVG,instrument-2026-10-07T06-46-37.937Z,mixed-5000-seed-41544c53,route-update,renderer_scene_membership_changes_p95,count,0,1.0
Atlas,1c2e54b3b8df+bench,SVG,instrument-2026-10-07T06-46-37.937Z,mixed-5000-seed-41544c53,route-update,renderer_scene_membership_changes_max,count,0,1.0
Atlas,1c2e54b3b8df+bench,SVG,instrument-2026-10-07T06-46-37.937Z,mixed-5000-seed-41544c53,route-update,svg_attribute_writes_n,count,0,1
Atlas,1c2e54b3b8df+bench,SVG,instrument-2026-10-07T06-46-37.937Z,mixed-5000-seed-41544c53,route-update,svg_attribute_writes_median,count,0,17.0
Atlas,1c2e54b3b8df+bench,SVG,instrument-2026-10-07T06-46-37.937Z,mixed-5000-seed-41544c53,route-update,svg_attribute_writes_p95,count,0,17.0
Atlas,1c2e54b3b8df+bench,SVG,instrument-2026-10-07T06-46-37.937Z,mixed-5000-seed-41544c53,route-update,svg_attribute_writes_max,count,0,17.0
Atlas,1c2e54b3b8df+bench,SVG,instrument-2026-10-07T06-46-37.937Z,mixed-5000-seed-41544c53,route-update,svg_attribute_removals_n,count,0,1
Atlas,1c2e54b3b8df+bench,SVG,instrument-2026-10-07T06-46-37.937Z,mixed-5000-seed-41544c53,route-update,svg_attribute_removals_median,count,0,2.0
Atlas,1c2e54b3b8df+bench,SVG,instrument-2026-10-07T06-46-37.937Z,mixed-5000-seed-41544c53,route-update,svg_attribute_removals_p95,count,0,2.0
Atlas,1c2e54b3b8df+bench,SVG,instrument-2026-10-07T06-46-37.937Z,mixed-5000-seed-41544c53,route-update,svg_attribute_removals_max,count,0,2.0
Atlas,1c2e54b3b8df+bench,SVG,instrument-2026-10-07T06-46-37.937Z,mixed-5000-seed-41544c53,route-update,renderer_calls_n,count,0,1
Atlas,1c2e54b3b8df+bench,SVG,instrument-2026-10-07T06-46-37.937Z,mixed-5000-seed-41544c53,route-update,renderer_calls_median,count,0,1.0
Atlas,1c2e54b3b8df+bench,SVG,instrument-2026-10-07T06-46-37.937Z,mixed-5000-seed-41544c53,route-update,renderer_calls_p95,count,0,1.0
Atlas,1c2e54b3b8df+bench,SVG,instrument-2026-10-07T06-46-37.937Z,mixed-5000-seed-41544c53,route-update,renderer_calls_max,count,0,1.0
Atlas,1c2e54b3b8df+bench,SVG,instrument-2026-10-07T06-46-37.937Z,mixed-5000-seed-41544c53,route-update,layout_rect_reads_n,count,0,1
Atlas,1c2e54b3b8df+bench,SVG,instrument-2026-10-07T06-46-37.937Z,mixed-5000-seed-41544c53,route-update,layout_rect_reads_median,count,0,0.0
Atlas,1c2e54b3b8df+bench,SVG,instrument-2026-10-07T06-46-37.937Z,mixed-5000-seed-41544c53,route-update,layout_rect_reads_p95,count,0,0.0
Atlas,1c2e54b3b8df+bench,SVG,instrument-2026-10-07T06-46-37.937Z,mixed-5000-seed-41544c53,route-update,layout_rect_reads_max,count,0,0.0
Atlas,1c2e54b3b8df+bench,SVG,instrument-2026-10-07T06-46-37.937Z,mixed-5000-seed-41544c53,route-update,instrumented_renderer_callback_ms_n,count,0,1
Atlas,1c2e54b3b8df+bench,SVG,instrument-2026-10-07T06-46-37.937Z,mixed-5000-seed-41544c53,route-update,instrumented_renderer_callback_ms_median,ms,0,4.5
Atlas,1c2e54b3b8df+bench,SVG,instrument-2026-10-07T06-46-37.937Z,mixed-5000-seed-41544c53,route-update,instrumented_renderer_callback_ms_p95,ms,0,4.5
Atlas,1c2e54b3b8df+bench,SVG,instrument-2026-10-07T06-46-37.937Z,mixed-5000-seed-41544c53,route-update,instrumented_renderer_callback_ms_max,ms,0,4.5
Atlas,1c2e54b3b8df+bench,SVG,instrument-2026-10-07T06-46-37.937Z,mixed-5000-seed-41544c53,route-update,cleanup_renderer_calls_n,count,0,1
Atlas,1c2e54b3b8df+bench,SVG,instrument-2026-10-07T06-46-37.937Z,mixed-5000-seed-41544c53,route-update,cleanup_renderer_calls_median,count,0,0.0
Atlas,1c2e54b3b8df+bench,SVG,instrument-2026-10-07T06-46-37.937Z,mixed-5000-seed-41544c53,route-update,cleanup_renderer_calls_p95,count,0,0.0
Atlas,1c2e54b3b8df+bench,SVG,instrument-2026-10-07T06-46-37.937Z,mixed-5000-seed-41544c53,route-update,cleanup_renderer_calls_max,count,0,0.0
Atlas,1c2e54b3b8df+bench,SVG,instrument-2026-10-07T06-46-37.937Z,mixed-5000-seed-41544c53,route-update,cleanup_stage_children_n,count,0,1
Atlas,1c2e54b3b8df+bench,SVG,instrument-2026-10-07T06-46-37.937Z,mixed-5000-seed-41544c53,route-update,cleanup_stage_children_median,count,0,0.0
Atlas,1c2e54b3b8df+bench,SVG,instrument-2026-10-07T06-46-37.937Z,mixed-5000-seed-41544c53,route-update,cleanup_stage_children_p95,count,0,0.0
Atlas,1c2e54b3b8df+bench,SVG,instrument-2026-10-07T06-46-37.937Z,mixed-5000-seed-41544c53,route-update,cleanup_stage_children_max,count,0,0.0
Atlas,1c2e54b3b8df+bench,SVG,instrument-2026-10-07T06-46-37.937Z,mixed-5000-seed-41544c53,wheel-input,synthetic_wheel_dispatch_sync_ms_n,count,0,10
Atlas,1c2e54b3b8df+bench,SVG,instrument-2026-10-07T06-46-37.937Z,mixed-5000-seed-41544c53,wheel-input,synthetic_wheel_dispatch_sync_ms_median,ms,0,0.1
Atlas,1c2e54b3b8df+bench,SVG,instrument-2026-10-07T06-46-37.937Z,mixed-5000-seed-41544c53,wheel-input,synthetic_wheel_dispatch_sync_ms_p95,ms,0,0.1
Atlas,1c2e54b3b8df+bench,SVG,instrument-2026-10-07T06-46-37.937Z,mixed-5000-seed-41544c53,wheel-input,synthetic_wheel_dispatch_sync_ms_max,ms,0,0.1
Atlas,1c2e54b3b8df+bench,SVG,instrument-2026-10-07T06-46-37.937Z,mixed-5000-seed-41544c53,wheel-input,layout_rect_reads_n,count,0,1
Atlas,1c2e54b3b8df+bench,SVG,instrument-2026-10-07T06-46-37.937Z,mixed-5000-seed-41544c53,wheel-input,layout_rect_reads_median,count,0,52.0
Atlas,1c2e54b3b8df+bench,SVG,instrument-2026-10-07T06-46-37.937Z,mixed-5000-seed-41544c53,wheel-input,layout_rect_reads_p95,count,0,52.0
Atlas,1c2e54b3b8df+bench,SVG,instrument-2026-10-07T06-46-37.937Z,mixed-5000-seed-41544c53,wheel-input,layout_rect_reads_max,count,0,52.0
Atlas,1c2e54b3b8df+bench,SVG,instrument-2026-10-07T06-46-37.937Z,mixed-5000-seed-41544c53,wheel-input,renderer_scene_reads_n,count,0,1
Atlas,1c2e54b3b8df+bench,SVG,instrument-2026-10-07T06-46-37.937Z,mixed-5000-seed-41544c53,wheel-input,renderer_scene_reads_median,count,0,10.0
Atlas,1c2e54b3b8df+bench,SVG,instrument-2026-10-07T06-46-37.937Z,mixed-5000-seed-41544c53,wheel-input,renderer_scene_reads_p95,count,0,10.0
Atlas,1c2e54b3b8df+bench,SVG,instrument-2026-10-07T06-46-37.937Z,mixed-5000-seed-41544c53,wheel-input,renderer_scene_reads_max,count,0,10.0
Atlas,1c2e54b3b8df+bench,SVG,instrument-2026-10-07T06-46-37.937Z,mixed-5000-seed-41544c53,wheel-input,svg_attribute_writes_n,count,0,1
Atlas,1c2e54b3b8df+bench,SVG,instrument-2026-10-07T06-46-37.937Z,mixed-5000-seed-41544c53,wheel-input,svg_attribute_writes_median,count,0,99970.0
Atlas,1c2e54b3b8df+bench,SVG,instrument-2026-10-07T06-46-37.937Z,mixed-5000-seed-41544c53,wheel-input,svg_attribute_writes_p95,count,0,99970.0
Atlas,1c2e54b3b8df+bench,SVG,instrument-2026-10-07T06-46-37.937Z,mixed-5000-seed-41544c53,wheel-input,svg_attribute_writes_max,count,0,99970.0
Atlas,1c2e54b3b8df+bench,SVG,instrument-2026-10-07T06-46-37.937Z,mixed-5000-seed-41544c53,wheel-input,renderer_calls_n,count,0,1
Atlas,1c2e54b3b8df+bench,SVG,instrument-2026-10-07T06-46-37.937Z,mixed-5000-seed-41544c53,wheel-input,renderer_calls_median,count,0,10.0
Atlas,1c2e54b3b8df+bench,SVG,instrument-2026-10-07T06-46-37.937Z,mixed-5000-seed-41544c53,wheel-input,renderer_calls_p95,count,0,10.0
Atlas,1c2e54b3b8df+bench,SVG,instrument-2026-10-07T06-46-37.937Z,mixed-5000-seed-41544c53,wheel-input,renderer_calls_max,count,0,10.0
Atlas,1c2e54b3b8df+bench,SVG,instrument-2026-10-07T06-46-37.937Z,mixed-5000-seed-41544c53,wheel-input,instrumented_renderer_callback_ms_n,count,0,10
Atlas,1c2e54b3b8df+bench,SVG,instrument-2026-10-07T06-46-37.937Z,mixed-5000-seed-41544c53,wheel-input,instrumented_renderer_callback_ms_median,ms,0,4.15
Atlas,1c2e54b3b8df+bench,SVG,instrument-2026-10-07T06-46-37.937Z,mixed-5000-seed-41544c53,wheel-input,instrumented_renderer_callback_ms_p95,ms,0,6.2
Atlas,1c2e54b3b8df+bench,SVG,instrument-2026-10-07T06-46-37.937Z,mixed-5000-seed-41544c53,wheel-input,instrumented_renderer_callback_ms_max,ms,0,6.2
Atlas,1c2e54b3b8df+bench,SVG,instrument-2026-10-07T06-46-37.937Z,mixed-5000-seed-41544c53,wheel-input,cleanup_renderer_calls_n,count,0,1
Atlas,1c2e54b3b8df+bench,SVG,instrument-2026-10-07T06-46-37.937Z,mixed-5000-seed-41544c53,wheel-input,cleanup_renderer_calls_median,count,0,0.0
Atlas,1c2e54b3b8df+bench,SVG,instrument-2026-10-07T06-46-37.937Z,mixed-5000-seed-41544c53,wheel-input,cleanup_renderer_calls_p95,count,0,0.0
Atlas,1c2e54b3b8df+bench,SVG,instrument-2026-10-07T06-46-37.937Z,mixed-5000-seed-41544c53,wheel-input,cleanup_renderer_calls_max,count,0,0.0
Atlas,1c2e54b3b8df+bench,SVG,instrument-2026-10-07T06-46-37.937Z,mixed-5000-seed-41544c53,wheel-input,cleanup_stage_children_n,count,0,1
Atlas,1c2e54b3b8df+bench,SVG,instrument-2026-10-07T06-46-37.937Z,mixed-5000-seed-41544c53,wheel-input,cleanup_stage_children_median,count,0,0.0
Atlas,1c2e54b3b8df+bench,SVG,instrument-2026-10-07T06-46-37.937Z,mixed-5000-seed-41544c53,wheel-input,cleanup_stage_children_p95,count,0,0.0
Atlas,1c2e54b3b8df+bench,SVG,instrument-2026-10-07T06-46-37.937Z,mixed-5000-seed-41544c53,wheel-input,cleanup_stage_children_max,count,0,0.0
