engine,version,renderer,runId,sceneId,scenario,metric,unit,sample,value
Atlas,1c2e54b3b8df+bench,SVG,instrument-2026-10-07T06-37-50.292Z,points-3000-seed-41544c53,load,load_promise_ms_n,count,0,1
Atlas,1c2e54b3b8df+bench,SVG,instrument-2026-10-07T06-37-50.292Z,points-3000-seed-41544c53,load,load_promise_ms_median,ms,0,8.0
Atlas,1c2e54b3b8df+bench,SVG,instrument-2026-10-07T06-37-50.292Z,points-3000-seed-41544c53,load,load_promise_ms_p95,ms,0,8.0
Atlas,1c2e54b3b8df+bench,SVG,instrument-2026-10-07T06-37-50.292Z,points-3000-seed-41544c53,load,load_promise_ms_max,ms,0,8.0
Atlas,1c2e54b3b8df+bench,SVG,instrument-2026-10-07T06-37-50.292Z,points-3000-seed-41544c53,load,create_to_raf_opportunities_ms_n,count,0,1
Atlas,1c2e54b3b8df+bench,SVG,instrument-2026-10-07T06-37-50.292Z,points-3000-seed-41544c53,load,create_to_raf_opportunities_ms_median,ms,0,61.4
Atlas,1c2e54b3b8df+bench,SVG,instrument-2026-10-07T06-37-50.292Z,points-3000-seed-41544c53,load,create_to_raf_opportunities_ms_p95,ms,0,61.4
Atlas,1c2e54b3b8df+bench,SVG,instrument-2026-10-07T06-37-50.292Z,points-3000-seed-41544c53,load,create_to_raf_opportunities_ms_max,ms,0,61.4
Atlas,1c2e54b3b8df+bench,SVG,instrument-2026-10-07T06-37-50.292Z,points-3000-seed-41544c53,load,semantic_roots_n,count,0,1
Atlas,1c2e54b3b8df+bench,SVG,instrument-2026-10-07T06-37-50.292Z,points-3000-seed-41544c53,load,semantic_roots_median,count,0,3000.0
Atlas,1c2e54b3b8df+bench,SVG,instrument-2026-10-07T06-37-50.292Z,points-3000-seed-41544c53,load,semantic_roots_p95,count,0,3000.0
Atlas,1c2e54b3b8df+bench,SVG,instrument-2026-10-07T06-37-50.292Z,points-3000-seed-41544c53,load,semantic_roots_max,count,0,3000.0
Atlas,1c2e54b3b8df+bench,SVG,instrument-2026-10-07T06-37-50.292Z,points-3000-seed-41544c53,load,owned_points_n,count,0,1
Atlas,1c2e54b3b8df+bench,SVG,instrument-2026-10-07T06-37-50.292Z,points-3000-seed-41544c53,load,owned_points_median,count,0,0.0
Atlas,1c2e54b3b8df+bench,SVG,instrument-2026-10-07T06-37-50.292Z,points-3000-seed-41544c53,load,owned_points_p95,count,0,0.0
Atlas,1c2e54b3b8df+bench,SVG,instrument-2026-10-07T06-37-50.292Z,points-3000-seed-41544c53,load,owned_points_max,count,0,0.0
Atlas,1c2e54b3b8df+bench,SVG,instrument-2026-10-07T06-37-50.292Z,points-3000-seed-41544c53,load,visual_primitives_n,count,0,1
Atlas,1c2e54b3b8df+bench,SVG,instrument-2026-10-07T06-37-50.292Z,points-3000-seed-41544c53,load,visual_primitives_median,count,0,3000.0
Atlas,1c2e54b3b8df+bench,SVG,instrument-2026-10-07T06-37-50.292Z,points-3000-seed-41544c53,load,visual_primitives_p95,count,0,3000.0
Atlas,1c2e54b3b8df+bench,SVG,instrument-2026-10-07T06-37-50.292Z,points-3000-seed-41544c53,load,visual_primitives_max,count,0,3000.0
Atlas,1c2e54b3b8df+bench,SVG,instrument-2026-10-07T06-37-50.292Z,points-3000-seed-41544c53,load,svg_element_nodes_n,count,0,1
Atlas,1c2e54b3b8df+bench,SVG,instrument-2026-10-07T06-37-50.292Z,points-3000-seed-41544c53,load,svg_element_nodes_median,count,0,6002.0
Atlas,1c2e54b3b8df+bench,SVG,instrument-2026-10-07T06-37-50.292Z,points-3000-seed-41544c53,load,svg_element_nodes_p95,count,0,6002.0
Atlas,1c2e54b3b8df+bench,SVG,instrument-2026-10-07T06-37-50.292Z,points-3000-seed-41544c53,load,svg_element_nodes_max,count,0,6002.0
Atlas,1c2e54b3b8df+bench,SVG,instrument-2026-10-07T06-37-50.292Z,points-3000-seed-41544c53,load,shadow_element_nodes_n,count,0,1
Atlas,1c2e54b3b8df+bench,SVG,instrument-2026-10-07T06-37-50.292Z,points-3000-seed-41544c53,load,shadow_element_nodes_median,count,0,6003.0
Atlas,1c2e54b3b8df+bench,SVG,instrument-2026-10-07T06-37-50.292Z,points-3000-seed-41544c53,load,shadow_element_nodes_p95,count,0,6003.0
Atlas,1c2e54b3b8df+bench,SVG,instrument-2026-10-07T06-37-50.292Z,points-3000-seed-41544c53,load,shadow_element_nodes_max,count,0,6003.0
Atlas,1c2e54b3b8df+bench,SVG,instrument-2026-10-07T06-37-50.292Z,points-3000-seed-41544c53,load,shadow_dom_nodes_n,count,0,1
Atlas,1c2e54b3b8df+bench,SVG,instrument-2026-10-07T06-37-50.292Z,points-3000-seed-41544c53,load,shadow_dom_nodes_median,count,0,6006.0
Atlas,1c2e54b3b8df+bench,SVG,instrument-2026-10-07T06-37-50.292Z,points-3000-seed-41544c53,load,shadow_dom_nodes_p95,count,0,6006.0
Atlas,1c2e54b3b8df+bench,SVG,instrument-2026-10-07T06-37-50.292Z,points-3000-seed-41544c53,load,shadow_dom_nodes_max,count,0,6006.0
Atlas,1c2e54b3b8df+bench,SVG,instrument-2026-10-07T06-37-50.292Z,points-3000-seed-41544c53,load,root_iterator_creations_n,count,0,1
Atlas,1c2e54b3b8df+bench,SVG,instrument-2026-10-07T06-37-50.292Z,points-3000-seed-41544c53,load,root_iterator_creations_median,count,0,6.0
Atlas,1c2e54b3b8df+bench,SVG,instrument-2026-10-07T06-37-50.292Z,points-3000-seed-41544c53,load,root_iterator_creations_p95,count,0,6.0
Atlas,1c2e54b3b8df+bench,SVG,instrument-2026-10-07T06-37-50.292Z,points-3000-seed-41544c53,load,root_iterator_creations_max,count,0,6.0
Atlas,1c2e54b3b8df+bench,SVG,instrument-2026-10-07T06-37-50.292Z,points-3000-seed-41544c53,load,root_iterator_next_calls_n,count,0,1
Atlas,1c2e54b3b8df+bench,SVG,instrument-2026-10-07T06-37-50.292Z,points-3000-seed-41544c53,load,root_iterator_next_calls_median,count,0,12004.0
Atlas,1c2e54b3b8df+bench,SVG,instrument-2026-10-07T06-37-50.292Z,points-3000-seed-41544c53,load,root_iterator_next_calls_p95,count,0,12004.0
Atlas,1c2e54b3b8df+bench,SVG,instrument-2026-10-07T06-37-50.292Z,points-3000-seed-41544c53,load,root_iterator_next_calls_max,count,0,12004.0
Atlas,1c2e54b3b8df+bench,SVG,instrument-2026-10-07T06-37-50.292Z,points-3000-seed-41544c53,load,svg_attribute_writes_n,count,0,1
Atlas,1c2e54b3b8df+bench,SVG,instrument-2026-10-07T06-37-50.292Z,points-3000-seed-41544c53,load,svg_attribute_writes_median,count,0,24008.0
Atlas,1c2e54b3b8df+bench,SVG,instrument-2026-10-07T06-37-50.292Z,points-3000-seed-41544c53,load,svg_attribute_writes_p95,count,0,24008.0
Atlas,1c2e54b3b8df+bench,SVG,instrument-2026-10-07T06-37-50.292Z,points-3000-seed-41544c53,load,svg_attribute_writes_max,count,0,24008.0
Atlas,1c2e54b3b8df+bench,SVG,instrument-2026-10-07T06-37-50.292Z,points-3000-seed-41544c53,load,renderer_calls_n,count,0,1
Atlas,1c2e54b3b8df+bench,SVG,instrument-2026-10-07T06-37-50.292Z,points-3000-seed-41544c53,load,renderer_calls_median,count,0,2.0
Atlas,1c2e54b3b8df+bench,SVG,instrument-2026-10-07T06-37-50.292Z,points-3000-seed-41544c53,load,renderer_calls_p95,count,0,2.0
Atlas,1c2e54b3b8df+bench,SVG,instrument-2026-10-07T06-37-50.292Z,points-3000-seed-41544c53,load,renderer_calls_max,count,0,2.0
Atlas,1c2e54b3b8df+bench,SVG,instrument-2026-10-07T06-37-50.292Z,points-3000-seed-41544c53,load,renderer_scene_reads_n,count,0,1
Atlas,1c2e54b3b8df+bench,SVG,instrument-2026-10-07T06-37-50.292Z,points-3000-seed-41544c53,load,renderer_scene_reads_median,count,0,2.0
Atlas,1c2e54b3b8df+bench,SVG,instrument-2026-10-07T06-37-50.292Z,points-3000-seed-41544c53,load,renderer_scene_reads_p95,count,0,2.0
Atlas,1c2e54b3b8df+bench,SVG,instrument-2026-10-07T06-37-50.292Z,points-3000-seed-41544c53,load,renderer_scene_reads_max,count,0,2.0
Atlas,1c2e54b3b8df+bench,SVG,instrument-2026-10-07T06-37-50.292Z,points-3000-seed-41544c53,load,svg_attribute_removals_n,count,0,1
Atlas,1c2e54b3b8df+bench,SVG,instrument-2026-10-07T06-37-50.292Z,points-3000-seed-41544c53,load,svg_attribute_removals_median,count,0,3000.0
Atlas,1c2e54b3b8df+bench,SVG,instrument-2026-10-07T06-37-50.292Z,points-3000-seed-41544c53,load,svg_attribute_removals_p95,count,0,3000.0
Atlas,1c2e54b3b8df+bench,SVG,instrument-2026-10-07T06-37-50.292Z,points-3000-seed-41544c53,load,svg_attribute_removals_max,count,0,3000.0
Atlas,1c2e54b3b8df+bench,SVG,instrument-2026-10-07T06-37-50.292Z,points-3000-seed-41544c53,load,layout_rect_reads_n,count,0,1
Atlas,1c2e54b3b8df+bench,SVG,instrument-2026-10-07T06-37-50.292Z,points-3000-seed-41544c53,load,layout_rect_reads_median,count,0,0.0
Atlas,1c2e54b3b8df+bench,SVG,instrument-2026-10-07T06-37-50.292Z,points-3000-seed-41544c53,load,layout_rect_reads_p95,count,0,0.0
Atlas,1c2e54b3b8df+bench,SVG,instrument-2026-10-07T06-37-50.292Z,points-3000-seed-41544c53,load,layout_rect_reads_max,count,0,0.0
Atlas,1c2e54b3b8df+bench,SVG,instrument-2026-10-07T06-37-50.292Z,points-3000-seed-41544c53,load,instrumented_renderer_callback_ms_n,count,0,2
Atlas,1c2e54b3b8df+bench,SVG,instrument-2026-10-07T06-37-50.292Z,points-3000-seed-41544c53,load,instrumented_renderer_callback_ms_median,ms,0,1.75
Atlas,1c2e54b3b8df+bench,SVG,instrument-2026-10-07T06-37-50.292Z,points-3000-seed-41544c53,load,instrumented_renderer_callback_ms_p95,ms,0,3.5
Atlas,1c2e54b3b8df+bench,SVG,instrument-2026-10-07T06-37-50.292Z,points-3000-seed-41544c53,load,instrumented_renderer_callback_ms_max,ms,0,3.5
Atlas,1c2e54b3b8df+bench,SVG,instrument-2026-10-07T06-37-50.292Z,points-3000-seed-41544c53,load,instrumented_prepare_promise_ms_n,count,0,1
Atlas,1c2e54b3b8df+bench,SVG,instrument-2026-10-07T06-37-50.292Z,points-3000-seed-41544c53,load,instrumented_prepare_promise_ms_median,ms,0,4.4
Atlas,1c2e54b3b8df+bench,SVG,instrument-2026-10-07T06-37-50.292Z,points-3000-seed-41544c53,load,instrumented_prepare_promise_ms_p95,ms,0,4.4
Atlas,1c2e54b3b8df+bench,SVG,instrument-2026-10-07T06-37-50.292Z,points-3000-seed-41544c53,load,instrumented_prepare_promise_ms_max,ms,0,4.4
Atlas,1c2e54b3b8df+bench,SVG,instrument-2026-10-07T06-37-50.292Z,points-3000-seed-41544c53,load,cleanup_renderer_calls_n,count,0,1
Atlas,1c2e54b3b8df+bench,SVG,instrument-2026-10-07T06-37-50.292Z,points-3000-seed-41544c53,load,cleanup_renderer_calls_median,count,0,0.0
Atlas,1c2e54b3b8df+bench,SVG,instrument-2026-10-07T06-37-50.292Z,points-3000-seed-41544c53,load,cleanup_renderer_calls_p95,count,0,0.0
Atlas,1c2e54b3b8df+bench,SVG,instrument-2026-10-07T06-37-50.292Z,points-3000-seed-41544c53,load,cleanup_renderer_calls_max,count,0,0.0
Atlas,1c2e54b3b8df+bench,SVG,instrument-2026-10-07T06-37-50.292Z,points-3000-seed-41544c53,load,cleanup_stage_children_n,count,0,1
Atlas,1c2e54b3b8df+bench,SVG,instrument-2026-10-07T06-37-50.292Z,points-3000-seed-41544c53,load,cleanup_stage_children_median,count,0,0.0
Atlas,1c2e54b3b8df+bench,SVG,instrument-2026-10-07T06-37-50.292Z,points-3000-seed-41544c53,load,cleanup_stage_children_p95,count,0,0.0
Atlas,1c2e54b3b8df+bench,SVG,instrument-2026-10-07T06-37-50.292Z,points-3000-seed-41544c53,load,cleanup_stage_children_max,count,0,0.0
Atlas,1c2e54b3b8df+bench,SVG,instrument-2026-10-07T06-37-50.292Z,points-3000-seed-41544c53,pan,frame_interval_ms_n,count,0,83
Atlas,1c2e54b3b8df+bench,SVG,instrument-2026-10-07T06-37-50.292Z,points-3000-seed-41544c53,pan,frame_interval_ms_median,ms,0,16.7
Atlas,1c2e54b3b8df+bench,SVG,instrument-2026-10-07T06-37-50.292Z,points-3000-seed-41544c53,pan,frame_interval_ms_p95,ms,0,33.3
Atlas,1c2e54b3b8df+bench,SVG,instrument-2026-10-07T06-37-50.292Z,points-3000-seed-41544c53,pan,frame_interval_ms_max,ms,0,33.4
Atlas,1c2e54b3b8df+bench,SVG,instrument-2026-10-07T06-37-50.292Z,points-3000-seed-41544c53,pan,camera_api_sync_ms_n,count,0,83
Atlas,1c2e54b3b8df+bench,SVG,instrument-2026-10-07T06-37-50.292Z,points-3000-seed-41544c53,pan,camera_api_sync_ms_median,ms,0,0.0
Atlas,1c2e54b3b8df+bench,SVG,instrument-2026-10-07T06-37-50.292Z,points-3000-seed-41544c53,pan,camera_api_sync_ms_p95,ms,0,0.1
Atlas,1c2e54b3b8df+bench,SVG,instrument-2026-10-07T06-37-50.292Z,points-3000-seed-41544c53,pan,camera_api_sync_ms_max,ms,0,0.1
Atlas,1c2e54b3b8df+bench,SVG,instrument-2026-10-07T06-37-50.292Z,points-3000-seed-41544c53,pan,motion_elapsed_ms_n,count,0,1
Atlas,1c2e54b3b8df+bench,SVG,instrument-2026-10-07T06-37-50.292Z,points-3000-seed-41544c53,pan,motion_elapsed_ms_median,ms,0,1500.0
Atlas,1c2e54b3b8df+bench,SVG,instrument-2026-10-07T06-37-50.292Z,points-3000-seed-41544c53,pan,motion_elapsed_ms_p95,ms,0,1500.0
Atlas,1c2e54b3b8df+bench,SVG,instrument-2026-10-07T06-37-50.292Z,points-3000-seed-41544c53,pan,motion_elapsed_ms_max,ms,0,1500.0
Atlas,1c2e54b3b8df+bench,SVG,instrument-2026-10-07T06-37-50.292Z,points-3000-seed-41544c53,pan,camera_updates_n,count,0,1
Atlas,1c2e54b3b8df+bench,SVG,instrument-2026-10-07T06-37-50.292Z,points-3000-seed-41544c53,pan,camera_updates_median,count,0,83.0
Atlas,1c2e54b3b8df+bench,SVG,instrument-2026-10-07T06-37-50.292Z,points-3000-seed-41544c53,pan,camera_updates_p95,count,0,83.0
Atlas,1c2e54b3b8df+bench,SVG,instrument-2026-10-07T06-37-50.292Z,points-3000-seed-41544c53,pan,camera_updates_max,count,0,83.0
Atlas,1c2e54b3b8df+bench,SVG,instrument-2026-10-07T06-37-50.292Z,points-3000-seed-41544c53,pan,svg_attribute_writes_n,count,0,1
Atlas,1c2e54b3b8df+bench,SVG,instrument-2026-10-07T06-37-50.292Z,points-3000-seed-41544c53,pan,svg_attribute_writes_median,count,0,498249.0
Atlas,1c2e54b3b8df+bench,SVG,instrument-2026-10-07T06-37-50.292Z,points-3000-seed-41544c53,pan,svg_attribute_writes_p95,count,0,498249.0
Atlas,1c2e54b3b8df+bench,SVG,instrument-2026-10-07T06-37-50.292Z,points-3000-seed-41544c53,pan,svg_attribute_writes_max,count,0,498249.0
Atlas,1c2e54b3b8df+bench,SVG,instrument-2026-10-07T06-37-50.292Z,points-3000-seed-41544c53,pan,renderer_scene_reads_n,count,0,1
Atlas,1c2e54b3b8df+bench,SVG,instrument-2026-10-07T06-37-50.292Z,points-3000-seed-41544c53,pan,renderer_scene_reads_median,count,0,83.0
Atlas,1c2e54b3b8df+bench,SVG,instrument-2026-10-07T06-37-50.292Z,points-3000-seed-41544c53,pan,renderer_scene_reads_p95,count,0,83.0
Atlas,1c2e54b3b8df+bench,SVG,instrument-2026-10-07T06-37-50.292Z,points-3000-seed-41544c53,pan,renderer_scene_reads_max,count,0,83.0
Atlas,1c2e54b3b8df+bench,SVG,instrument-2026-10-07T06-37-50.292Z,points-3000-seed-41544c53,pan,root_iterator_creations_n,count,0,1
Atlas,1c2e54b3b8df+bench,SVG,instrument-2026-10-07T06-37-50.292Z,points-3000-seed-41544c53,pan,root_iterator_creations_median,count,0,83.0
Atlas,1c2e54b3b8df+bench,SVG,instrument-2026-10-07T06-37-50.292Z,points-3000-seed-41544c53,pan,root_iterator_creations_p95,count,0,83.0
Atlas,1c2e54b3b8df+bench,SVG,instrument-2026-10-07T06-37-50.292Z,points-3000-seed-41544c53,pan,root_iterator_creations_max,count,0,83.0
Atlas,1c2e54b3b8df+bench,SVG,instrument-2026-10-07T06-37-50.292Z,points-3000-seed-41544c53,pan,root_iterator_next_calls_n,count,0,1
Atlas,1c2e54b3b8df+bench,SVG,instrument-2026-10-07T06-37-50.292Z,points-3000-seed-41544c53,pan,root_iterator_next_calls_median,count,0,249000.0
Atlas,1c2e54b3b8df+bench,SVG,instrument-2026-10-07T06-37-50.292Z,points-3000-seed-41544c53,pan,root_iterator_next_calls_p95,count,0,249000.0
Atlas,1c2e54b3b8df+bench,SVG,instrument-2026-10-07T06-37-50.292Z,points-3000-seed-41544c53,pan,root_iterator_next_calls_max,count,0,249000.0
Atlas,1c2e54b3b8df+bench,SVG,instrument-2026-10-07T06-37-50.292Z,points-3000-seed-41544c53,pan,svg_attribute_removals_n,count,0,1
Atlas,1c2e54b3b8df+bench,SVG,instrument-2026-10-07T06-37-50.292Z,points-3000-seed-41544c53,pan,svg_attribute_removals_median,count,0,249000.0
Atlas,1c2e54b3b8df+bench,SVG,instrument-2026-10-07T06-37-50.292Z,points-3000-seed-41544c53,pan,svg_attribute_removals_p95,count,0,249000.0
Atlas,1c2e54b3b8df+bench,SVG,instrument-2026-10-07T06-37-50.292Z,points-3000-seed-41544c53,pan,svg_attribute_removals_max,count,0,249000.0
Atlas,1c2e54b3b8df+bench,SVG,instrument-2026-10-07T06-37-50.292Z,points-3000-seed-41544c53,pan,renderer_calls_n,count,0,1
Atlas,1c2e54b3b8df+bench,SVG,instrument-2026-10-07T06-37-50.292Z,points-3000-seed-41544c53,pan,renderer_calls_median,count,0,83.0
Atlas,1c2e54b3b8df+bench,SVG,instrument-2026-10-07T06-37-50.292Z,points-3000-seed-41544c53,pan,renderer_calls_p95,count,0,83.0
Atlas,1c2e54b3b8df+bench,SVG,instrument-2026-10-07T06-37-50.292Z,points-3000-seed-41544c53,pan,renderer_calls_max,count,0,83.0
Atlas,1c2e54b3b8df+bench,SVG,instrument-2026-10-07T06-37-50.292Z,points-3000-seed-41544c53,pan,layout_rect_reads_n,count,0,1
Atlas,1c2e54b3b8df+bench,SVG,instrument-2026-10-07T06-37-50.292Z,points-3000-seed-41544c53,pan,layout_rect_reads_median,count,0,0.0
Atlas,1c2e54b3b8df+bench,SVG,instrument-2026-10-07T06-37-50.292Z,points-3000-seed-41544c53,pan,layout_rect_reads_p95,count,0,0.0
Atlas,1c2e54b3b8df+bench,SVG,instrument-2026-10-07T06-37-50.292Z,points-3000-seed-41544c53,pan,layout_rect_reads_max,count,0,0.0
Atlas,1c2e54b3b8df+bench,SVG,instrument-2026-10-07T06-37-50.292Z,points-3000-seed-41544c53,pan,instrumented_renderer_callback_ms_n,count,0,83
Atlas,1c2e54b3b8df+bench,SVG,instrument-2026-10-07T06-37-50.292Z,points-3000-seed-41544c53,pan,instrumented_renderer_callback_ms_median,ms,0,3.4
Atlas,1c2e54b3b8df+bench,SVG,instrument-2026-10-07T06-37-50.292Z,points-3000-seed-41544c53,pan,instrumented_renderer_callback_ms_p95,ms,0,4.3
Atlas,1c2e54b3b8df+bench,SVG,instrument-2026-10-07T06-37-50.292Z,points-3000-seed-41544c53,pan,instrumented_renderer_callback_ms_max,ms,0,7.6
Atlas,1c2e54b3b8df+bench,SVG,instrument-2026-10-07T06-37-50.292Z,points-3000-seed-41544c53,pan,cleanup_renderer_calls_n,count,0,1
Atlas,1c2e54b3b8df+bench,SVG,instrument-2026-10-07T06-37-50.292Z,points-3000-seed-41544c53,pan,cleanup_renderer_calls_median,count,0,0.0
Atlas,1c2e54b3b8df+bench,SVG,instrument-2026-10-07T06-37-50.292Z,points-3000-seed-41544c53,pan,cleanup_renderer_calls_p95,count,0,0.0
Atlas,1c2e54b3b8df+bench,SVG,instrument-2026-10-07T06-37-50.292Z,points-3000-seed-41544c53,pan,cleanup_renderer_calls_max,count,0,0.0
Atlas,1c2e54b3b8df+bench,SVG,instrument-2026-10-07T06-37-50.292Z,points-3000-seed-41544c53,pan,cleanup_stage_children_n,count,0,1
Atlas,1c2e54b3b8df+bench,SVG,instrument-2026-10-07T06-37-50.292Z,points-3000-seed-41544c53,pan,cleanup_stage_children_median,count,0,0.0
Atlas,1c2e54b3b8df+bench,SVG,instrument-2026-10-07T06-37-50.292Z,points-3000-seed-41544c53,pan,cleanup_stage_children_p95,count,0,0.0
Atlas,1c2e54b3b8df+bench,SVG,instrument-2026-10-07T06-37-50.292Z,points-3000-seed-41544c53,pan,cleanup_stage_children_max,count,0,0.0
Atlas,1c2e54b3b8df+bench,SVG,instrument-2026-10-07T06-37-50.292Z,points-3000-seed-41544c53,zoom,frame_interval_ms_n,count,0,78
Atlas,1c2e54b3b8df+bench,SVG,instrument-2026-10-07T06-37-50.292Z,points-3000-seed-41544c53,zoom,frame_interval_ms_median,ms,0,16.7
Atlas,1c2e54b3b8df+bench,SVG,instrument-2026-10-07T06-37-50.292Z,points-3000-seed-41544c53,zoom,frame_interval_ms_p95,ms,0,33.3
Atlas,1c2e54b3b8df+bench,SVG,instrument-2026-10-07T06-37-50.292Z,points-3000-seed-41544c53,zoom,frame_interval_ms_max,ms,0,33.4
Atlas,1c2e54b3b8df+bench,SVG,instrument-2026-10-07T06-37-50.292Z,points-3000-seed-41544c53,zoom,camera_api_sync_ms_n,count,0,78
Atlas,1c2e54b3b8df+bench,SVG,instrument-2026-10-07T06-37-50.292Z,points-3000-seed-41544c53,zoom,camera_api_sync_ms_median,ms,0,0.0
Atlas,1c2e54b3b8df+bench,SVG,instrument-2026-10-07T06-37-50.292Z,points-3000-seed-41544c53,zoom,camera_api_sync_ms_p95,ms,0,0.1
Atlas,1c2e54b3b8df+bench,SVG,instrument-2026-10-07T06-37-50.292Z,points-3000-seed-41544c53,zoom,camera_api_sync_ms_max,ms,0,0.1
Atlas,1c2e54b3b8df+bench,SVG,instrument-2026-10-07T06-37-50.292Z,points-3000-seed-41544c53,zoom,motion_elapsed_ms_n,count,0,1
Atlas,1c2e54b3b8df+bench,SVG,instrument-2026-10-07T06-37-50.292Z,points-3000-seed-41544c53,zoom,motion_elapsed_ms_median,ms,0,1516.5
Atlas,1c2e54b3b8df+bench,SVG,instrument-2026-10-07T06-37-50.292Z,points-3000-seed-41544c53,zoom,motion_elapsed_ms_p95,ms,0,1516.5
Atlas,1c2e54b3b8df+bench,SVG,instrument-2026-10-07T06-37-50.292Z,points-3000-seed-41544c53,zoom,motion_elapsed_ms_max,ms,0,1516.5
Atlas,1c2e54b3b8df+bench,SVG,instrument-2026-10-07T06-37-50.292Z,points-3000-seed-41544c53,zoom,camera_updates_n,count,0,1
Atlas,1c2e54b3b8df+bench,SVG,instrument-2026-10-07T06-37-50.292Z,points-3000-seed-41544c53,zoom,camera_updates_median,count,0,78.0
Atlas,1c2e54b3b8df+bench,SVG,instrument-2026-10-07T06-37-50.292Z,points-3000-seed-41544c53,zoom,camera_updates_p95,count,0,78.0
Atlas,1c2e54b3b8df+bench,SVG,instrument-2026-10-07T06-37-50.292Z,points-3000-seed-41544c53,zoom,camera_updates_max,count,0,78.0
Atlas,1c2e54b3b8df+bench,SVG,instrument-2026-10-07T06-37-50.292Z,points-3000-seed-41544c53,zoom,svg_attribute_writes_n,count,0,1
Atlas,1c2e54b3b8df+bench,SVG,instrument-2026-10-07T06-37-50.292Z,points-3000-seed-41544c53,zoom,svg_attribute_writes_median,count,0,468234.0
Atlas,1c2e54b3b8df+bench,SVG,instrument-2026-10-07T06-37-50.292Z,points-3000-seed-41544c53,zoom,svg_attribute_writes_p95,count,0,468234.0
Atlas,1c2e54b3b8df+bench,SVG,instrument-2026-10-07T06-37-50.292Z,points-3000-seed-41544c53,zoom,svg_attribute_writes_max,count,0,468234.0
Atlas,1c2e54b3b8df+bench,SVG,instrument-2026-10-07T06-37-50.292Z,points-3000-seed-41544c53,zoom,renderer_scene_reads_n,count,0,1
Atlas,1c2e54b3b8df+bench,SVG,instrument-2026-10-07T06-37-50.292Z,points-3000-seed-41544c53,zoom,renderer_scene_reads_median,count,0,78.0
Atlas,1c2e54b3b8df+bench,SVG,instrument-2026-10-07T06-37-50.292Z,points-3000-seed-41544c53,zoom,renderer_scene_reads_p95,count,0,78.0
Atlas,1c2e54b3b8df+bench,SVG,instrument-2026-10-07T06-37-50.292Z,points-3000-seed-41544c53,zoom,renderer_scene_reads_max,count,0,78.0
Atlas,1c2e54b3b8df+bench,SVG,instrument-2026-10-07T06-37-50.292Z,points-3000-seed-41544c53,zoom,root_iterator_creations_n,count,0,1
Atlas,1c2e54b3b8df+bench,SVG,instrument-2026-10-07T06-37-50.292Z,points-3000-seed-41544c53,zoom,root_iterator_creations_median,count,0,78.0
Atlas,1c2e54b3b8df+bench,SVG,instrument-2026-10-07T06-37-50.292Z,points-3000-seed-41544c53,zoom,root_iterator_creations_p95,count,0,78.0
Atlas,1c2e54b3b8df+bench,SVG,instrument-2026-10-07T06-37-50.292Z,points-3000-seed-41544c53,zoom,root_iterator_creations_max,count,0,78.0
Atlas,1c2e54b3b8df+bench,SVG,instrument-2026-10-07T06-37-50.292Z,points-3000-seed-41544c53,zoom,root_iterator_next_calls_n,count,0,1
Atlas,1c2e54b3b8df+bench,SVG,instrument-2026-10-07T06-37-50.292Z,points-3000-seed-41544c53,zoom,root_iterator_next_calls_median,count,0,234000.0
Atlas,1c2e54b3b8df+bench,SVG,instrument-2026-10-07T06-37-50.292Z,points-3000-seed-41544c53,zoom,root_iterator_next_calls_p95,count,0,234000.0
Atlas,1c2e54b3b8df+bench,SVG,instrument-2026-10-07T06-37-50.292Z,points-3000-seed-41544c53,zoom,root_iterator_next_calls_max,count,0,234000.0
Atlas,1c2e54b3b8df+bench,SVG,instrument-2026-10-07T06-37-50.292Z,points-3000-seed-41544c53,zoom,svg_attribute_removals_n,count,0,1
Atlas,1c2e54b3b8df+bench,SVG,instrument-2026-10-07T06-37-50.292Z,points-3000-seed-41544c53,zoom,svg_attribute_removals_median,count,0,234000.0
Atlas,1c2e54b3b8df+bench,SVG,instrument-2026-10-07T06-37-50.292Z,points-3000-seed-41544c53,zoom,svg_attribute_removals_p95,count,0,234000.0
Atlas,1c2e54b3b8df+bench,SVG,instrument-2026-10-07T06-37-50.292Z,points-3000-seed-41544c53,zoom,svg_attribute_removals_max,count,0,234000.0
Atlas,1c2e54b3b8df+bench,SVG,instrument-2026-10-07T06-37-50.292Z,points-3000-seed-41544c53,zoom,renderer_calls_n,count,0,1
Atlas,1c2e54b3b8df+bench,SVG,instrument-2026-10-07T06-37-50.292Z,points-3000-seed-41544c53,zoom,renderer_calls_median,count,0,78.0
Atlas,1c2e54b3b8df+bench,SVG,instrument-2026-10-07T06-37-50.292Z,points-3000-seed-41544c53,zoom,renderer_calls_p95,count,0,78.0
Atlas,1c2e54b3b8df+bench,SVG,instrument-2026-10-07T06-37-50.292Z,points-3000-seed-41544c53,zoom,renderer_calls_max,count,0,78.0
Atlas,1c2e54b3b8df+bench,SVG,instrument-2026-10-07T06-37-50.292Z,points-3000-seed-41544c53,zoom,layout_rect_reads_n,count,0,1
Atlas,1c2e54b3b8df+bench,SVG,instrument-2026-10-07T06-37-50.292Z,points-3000-seed-41544c53,zoom,layout_rect_reads_median,count,0,0.0
Atlas,1c2e54b3b8df+bench,SVG,instrument-2026-10-07T06-37-50.292Z,points-3000-seed-41544c53,zoom,layout_rect_reads_p95,count,0,0.0
Atlas,1c2e54b3b8df+bench,SVG,instrument-2026-10-07T06-37-50.292Z,points-3000-seed-41544c53,zoom,layout_rect_reads_max,count,0,0.0
Atlas,1c2e54b3b8df+bench,SVG,instrument-2026-10-07T06-37-50.292Z,points-3000-seed-41544c53,zoom,instrumented_renderer_callback_ms_n,count,0,78
Atlas,1c2e54b3b8df+bench,SVG,instrument-2026-10-07T06-37-50.292Z,points-3000-seed-41544c53,zoom,instrumented_renderer_callback_ms_median,ms,0,3.5
Atlas,1c2e54b3b8df+bench,SVG,instrument-2026-10-07T06-37-50.292Z,points-3000-seed-41544c53,zoom,instrumented_renderer_callback_ms_p95,ms,0,3.9
Atlas,1c2e54b3b8df+bench,SVG,instrument-2026-10-07T06-37-50.292Z,points-3000-seed-41544c53,zoom,instrumented_renderer_callback_ms_max,ms,0,8.5
Atlas,1c2e54b3b8df+bench,SVG,instrument-2026-10-07T06-37-50.292Z,points-3000-seed-41544c53,zoom,cleanup_renderer_calls_n,count,0,1
Atlas,1c2e54b3b8df+bench,SVG,instrument-2026-10-07T06-37-50.292Z,points-3000-seed-41544c53,zoom,cleanup_renderer_calls_median,count,0,0.0
Atlas,1c2e54b3b8df+bench,SVG,instrument-2026-10-07T06-37-50.292Z,points-3000-seed-41544c53,zoom,cleanup_renderer_calls_p95,count,0,0.0
Atlas,1c2e54b3b8df+bench,SVG,instrument-2026-10-07T06-37-50.292Z,points-3000-seed-41544c53,zoom,cleanup_renderer_calls_max,count,0,0.0
Atlas,1c2e54b3b8df+bench,SVG,instrument-2026-10-07T06-37-50.292Z,points-3000-seed-41544c53,zoom,cleanup_stage_children_n,count,0,1
Atlas,1c2e54b3b8df+bench,SVG,instrument-2026-10-07T06-37-50.292Z,points-3000-seed-41544c53,zoom,cleanup_stage_children_median,count,0,0.0
Atlas,1c2e54b3b8df+bench,SVG,instrument-2026-10-07T06-37-50.292Z,points-3000-seed-41544c53,zoom,cleanup_stage_children_p95,count,0,0.0
Atlas,1c2e54b3b8df+bench,SVG,instrument-2026-10-07T06-37-50.292Z,points-3000-seed-41544c53,zoom,cleanup_stage_children_max,count,0,0.0
Atlas,1c2e54b3b8df+bench,SVG,instrument-2026-10-07T06-37-50.292Z,points-3000-seed-41544c53,hit,spatial_hit_test_sync_ms_n,count,0,200
Atlas,1c2e54b3b8df+bench,SVG,instrument-2026-10-07T06-37-50.292Z,points-3000-seed-41544c53,hit,spatial_hit_test_sync_ms_median,ms,0,0.2
Atlas,1c2e54b3b8df+bench,SVG,instrument-2026-10-07T06-37-50.292Z,points-3000-seed-41544c53,hit,spatial_hit_test_sync_ms_p95,ms,0,0.3
Atlas,1c2e54b3b8df+bench,SVG,instrument-2026-10-07T06-37-50.292Z,points-3000-seed-41544c53,hit,spatial_hit_test_sync_ms_max,ms,0,1.7
Atlas,1c2e54b3b8df+bench,SVG,instrument-2026-10-07T06-37-50.292Z,points-3000-seed-41544c53,hit,root_iterator_creations_n,count,0,1
Atlas,1c2e54b3b8df+bench,SVG,instrument-2026-10-07T06-37-50.292Z,points-3000-seed-41544c53,hit,root_iterator_creations_median,count,0,201.0
Atlas,1c2e54b3b8df+bench,SVG,instrument-2026-10-07T06-37-50.292Z,points-3000-seed-41544c53,hit,root_iterator_creations_p95,count,0,201.0
Atlas,1c2e54b3b8df+bench,SVG,instrument-2026-10-07T06-37-50.292Z,points-3000-seed-41544c53,hit,root_iterator_creations_max,count,0,201.0
Atlas,1c2e54b3b8df+bench,SVG,instrument-2026-10-07T06-37-50.292Z,points-3000-seed-41544c53,hit,root_iterator_next_calls_n,count,0,1
Atlas,1c2e54b3b8df+bench,SVG,instrument-2026-10-07T06-37-50.292Z,points-3000-seed-41544c53,hit,root_iterator_next_calls_median,count,0,603001.0
Atlas,1c2e54b3b8df+bench,SVG,instrument-2026-10-07T06-37-50.292Z,points-3000-seed-41544c53,hit,root_iterator_next_calls_p95,count,0,603001.0
Atlas,1c2e54b3b8df+bench,SVG,instrument-2026-10-07T06-37-50.292Z,points-3000-seed-41544c53,hit,root_iterator_next_calls_max,count,0,603001.0
Atlas,1c2e54b3b8df+bench,SVG,instrument-2026-10-07T06-37-50.292Z,points-3000-seed-41544c53,hit,layout_rect_reads_n,count,0,1
Atlas,1c2e54b3b8df+bench,SVG,instrument-2026-10-07T06-37-50.292Z,points-3000-seed-41544c53,hit,layout_rect_reads_median,count,0,0.0
Atlas,1c2e54b3b8df+bench,SVG,instrument-2026-10-07T06-37-50.292Z,points-3000-seed-41544c53,hit,layout_rect_reads_p95,count,0,0.0
Atlas,1c2e54b3b8df+bench,SVG,instrument-2026-10-07T06-37-50.292Z,points-3000-seed-41544c53,hit,layout_rect_reads_max,count,0,0.0
Atlas,1c2e54b3b8df+bench,SVG,instrument-2026-10-07T06-37-50.292Z,points-3000-seed-41544c53,hit,cleanup_renderer_calls_n,count,0,1
Atlas,1c2e54b3b8df+bench,SVG,instrument-2026-10-07T06-37-50.292Z,points-3000-seed-41544c53,hit,cleanup_renderer_calls_median,count,0,0.0
Atlas,1c2e54b3b8df+bench,SVG,instrument-2026-10-07T06-37-50.292Z,points-3000-seed-41544c53,hit,cleanup_renderer_calls_p95,count,0,0.0
Atlas,1c2e54b3b8df+bench,SVG,instrument-2026-10-07T06-37-50.292Z,points-3000-seed-41544c53,hit,cleanup_renderer_calls_max,count,0,0.0
Atlas,1c2e54b3b8df+bench,SVG,instrument-2026-10-07T06-37-50.292Z,points-3000-seed-41544c53,hit,cleanup_stage_children_n,count,0,1
Atlas,1c2e54b3b8df+bench,SVG,instrument-2026-10-07T06-37-50.292Z,points-3000-seed-41544c53,hit,cleanup_stage_children_median,count,0,0.0
Atlas,1c2e54b3b8df+bench,SVG,instrument-2026-10-07T06-37-50.292Z,points-3000-seed-41544c53,hit,cleanup_stage_children_p95,count,0,0.0
Atlas,1c2e54b3b8df+bench,SVG,instrument-2026-10-07T06-37-50.292Z,points-3000-seed-41544c53,hit,cleanup_stage_children_max,count,0,0.0
Atlas,1c2e54b3b8df+bench,SVG,instrument-2026-10-07T06-37-50.292Z,points-3000-seed-41544c53,miss,spatial_hit_test_sync_ms_n,count,0,200
Atlas,1c2e54b3b8df+bench,SVG,instrument-2026-10-07T06-37-50.292Z,points-3000-seed-41544c53,miss,spatial_hit_test_sync_ms_median,ms,0,0.6
Atlas,1c2e54b3b8df+bench,SVG,instrument-2026-10-07T06-37-50.292Z,points-3000-seed-41544c53,miss,spatial_hit_test_sync_ms_p95,ms,0,0.7
Atlas,1c2e54b3b8df+bench,SVG,instrument-2026-10-07T06-37-50.292Z,points-3000-seed-41544c53,miss,spatial_hit_test_sync_ms_max,ms,0,2.2
Atlas,1c2e54b3b8df+bench,SVG,instrument-2026-10-07T06-37-50.292Z,points-3000-seed-41544c53,miss,root_iterator_creations_n,count,0,1
Atlas,1c2e54b3b8df+bench,SVG,instrument-2026-10-07T06-37-50.292Z,points-3000-seed-41544c53,miss,root_iterator_creations_median,count,0,201.0
Atlas,1c2e54b3b8df+bench,SVG,instrument-2026-10-07T06-37-50.292Z,points-3000-seed-41544c53,miss,root_iterator_creations_p95,count,0,201.0
Atlas,1c2e54b3b8df+bench,SVG,instrument-2026-10-07T06-37-50.292Z,points-3000-seed-41544c53,miss,root_iterator_creations_max,count,0,201.0
Atlas,1c2e54b3b8df+bench,SVG,instrument-2026-10-07T06-37-50.292Z,points-3000-seed-41544c53,miss,root_iterator_next_calls_n,count,0,1
Atlas,1c2e54b3b8df+bench,SVG,instrument-2026-10-07T06-37-50.292Z,points-3000-seed-41544c53,miss,root_iterator_next_calls_median,count,0,603001.0
Atlas,1c2e54b3b8df+bench,SVG,instrument-2026-10-07T06-37-50.292Z,points-3000-seed-41544c53,miss,root_iterator_next_calls_p95,count,0,603001.0
Atlas,1c2e54b3b8df+bench,SVG,instrument-2026-10-07T06-37-50.292Z,points-3000-seed-41544c53,miss,root_iterator_next_calls_max,count,0,603001.0
Atlas,1c2e54b3b8df+bench,SVG,instrument-2026-10-07T06-37-50.292Z,points-3000-seed-41544c53,miss,layout_rect_reads_n,count,0,1
Atlas,1c2e54b3b8df+bench,SVG,instrument-2026-10-07T06-37-50.292Z,points-3000-seed-41544c53,miss,layout_rect_reads_median,count,0,0.0
Atlas,1c2e54b3b8df+bench,SVG,instrument-2026-10-07T06-37-50.292Z,points-3000-seed-41544c53,miss,layout_rect_reads_p95,count,0,0.0
Atlas,1c2e54b3b8df+bench,SVG,instrument-2026-10-07T06-37-50.292Z,points-3000-seed-41544c53,miss,layout_rect_reads_max,count,0,0.0
Atlas,1c2e54b3b8df+bench,SVG,instrument-2026-10-07T06-37-50.292Z,points-3000-seed-41544c53,miss,cleanup_renderer_calls_n,count,0,1
Atlas,1c2e54b3b8df+bench,SVG,instrument-2026-10-07T06-37-50.292Z,points-3000-seed-41544c53,miss,cleanup_renderer_calls_median,count,0,0.0
Atlas,1c2e54b3b8df+bench,SVG,instrument-2026-10-07T06-37-50.292Z,points-3000-seed-41544c53,miss,cleanup_renderer_calls_p95,count,0,0.0
Atlas,1c2e54b3b8df+bench,SVG,instrument-2026-10-07T06-37-50.292Z,points-3000-seed-41544c53,miss,cleanup_renderer_calls_max,count,0,0.0
Atlas,1c2e54b3b8df+bench,SVG,instrument-2026-10-07T06-37-50.292Z,points-3000-seed-41544c53,miss,cleanup_stage_children_n,count,0,1
Atlas,1c2e54b3b8df+bench,SVG,instrument-2026-10-07T06-37-50.292Z,points-3000-seed-41544c53,miss,cleanup_stage_children_median,count,0,0.0
Atlas,1c2e54b3b8df+bench,SVG,instrument-2026-10-07T06-37-50.292Z,points-3000-seed-41544c53,miss,cleanup_stage_children_p95,count,0,0.0
Atlas,1c2e54b3b8df+bench,SVG,instrument-2026-10-07T06-37-50.292Z,points-3000-seed-41544c53,miss,cleanup_stage_children_max,count,0,0.0
Atlas,1c2e54b3b8df+bench,SVG,instrument-2026-10-07T06-37-50.292Z,points-3000-seed-41544c53,position-single,operation_sync_ms_n,count,0,1
Atlas,1c2e54b3b8df+bench,SVG,instrument-2026-10-07T06-37-50.292Z,points-3000-seed-41544c53,position-single,operation_sync_ms_median,ms,0,0.0
Atlas,1c2e54b3b8df+bench,SVG,instrument-2026-10-07T06-37-50.292Z,points-3000-seed-41544c53,position-single,operation_sync_ms_p95,ms,0,0.0
Atlas,1c2e54b3b8df+bench,SVG,instrument-2026-10-07T06-37-50.292Z,points-3000-seed-41544c53,position-single,operation_sync_ms_max,ms,0,0.0
Atlas,1c2e54b3b8df+bench,SVG,instrument-2026-10-07T06-37-50.292Z,points-3000-seed-41544c53,position-single,operation_to_raf_opportunities_ms_n,count,0,1
Atlas,1c2e54b3b8df+bench,SVG,instrument-2026-10-07T06-37-50.292Z,points-3000-seed-41544c53,position-single,operation_to_raf_opportunities_ms_median,ms,0,28.2
Atlas,1c2e54b3b8df+bench,SVG,instrument-2026-10-07T06-37-50.292Z,points-3000-seed-41544c53,position-single,operation_to_raf_opportunities_ms_p95,ms,0,28.2
Atlas,1c2e54b3b8df+bench,SVG,instrument-2026-10-07T06-37-50.292Z,points-3000-seed-41544c53,position-single,operation_to_raf_opportunities_ms_max,ms,0,28.2
Atlas,1c2e54b3b8df+bench,SVG,instrument-2026-10-07T06-37-50.292Z,points-3000-seed-41544c53,position-single,root_iterator_creations_n,count,0,1
Atlas,1c2e54b3b8df+bench,SVG,instrument-2026-10-07T06-37-50.292Z,points-3000-seed-41544c53,position-single,root_iterator_creations_median,count,0,2.0
Atlas,1c2e54b3b8df+bench,SVG,instrument-2026-10-07T06-37-50.292Z,points-3000-seed-41544c53,position-single,root_iterator_creations_p95,count,0,2.0
Atlas,1c2e54b3b8df+bench,SVG,instrument-2026-10-07T06-37-50.292Z,points-3000-seed-41544c53,position-single,root_iterator_creations_max,count,0,2.0
Atlas,1c2e54b3b8df+bench,SVG,instrument-2026-10-07T06-37-50.292Z,points-3000-seed-41544c53,position-single,root_iterator_next_calls_n,count,0,1
Atlas,1c2e54b3b8df+bench,SVG,instrument-2026-10-07T06-37-50.292Z,points-3000-seed-41544c53,position-single,root_iterator_next_calls_median,count,0,6001.0
Atlas,1c2e54b3b8df+bench,SVG,instrument-2026-10-07T06-37-50.292Z,points-3000-seed-41544c53,position-single,root_iterator_next_calls_p95,count,0,6001.0
Atlas,1c2e54b3b8df+bench,SVG,instrument-2026-10-07T06-37-50.292Z,points-3000-seed-41544c53,position-single,root_iterator_next_calls_max,count,0,6001.0
Atlas,1c2e54b3b8df+bench,SVG,instrument-2026-10-07T06-37-50.292Z,points-3000-seed-41544c53,position-single,svg_attribute_writes_n,count,0,1
Atlas,1c2e54b3b8df+bench,SVG,instrument-2026-10-07T06-37-50.292Z,points-3000-seed-41544c53,position-single,svg_attribute_writes_median,count,0,6003.0
Atlas,1c2e54b3b8df+bench,SVG,instrument-2026-10-07T06-37-50.292Z,points-3000-seed-41544c53,position-single,svg_attribute_writes_p95,count,0,6003.0
Atlas,1c2e54b3b8df+bench,SVG,instrument-2026-10-07T06-37-50.292Z,points-3000-seed-41544c53,position-single,svg_attribute_writes_max,count,0,6003.0
Atlas,1c2e54b3b8df+bench,SVG,instrument-2026-10-07T06-37-50.292Z,points-3000-seed-41544c53,position-single,renderer_scene_reads_n,count,0,1
Atlas,1c2e54b3b8df+bench,SVG,instrument-2026-10-07T06-37-50.292Z,points-3000-seed-41544c53,position-single,renderer_scene_reads_median,count,0,1.0
Atlas,1c2e54b3b8df+bench,SVG,instrument-2026-10-07T06-37-50.292Z,points-3000-seed-41544c53,position-single,renderer_scene_reads_p95,count,0,1.0
Atlas,1c2e54b3b8df+bench,SVG,instrument-2026-10-07T06-37-50.292Z,points-3000-seed-41544c53,position-single,renderer_scene_reads_max,count,0,1.0
Atlas,1c2e54b3b8df+bench,SVG,instrument-2026-10-07T06-37-50.292Z,points-3000-seed-41544c53,position-single,svg_attribute_removals_n,count,0,1
Atlas,1c2e54b3b8df+bench,SVG,instrument-2026-10-07T06-37-50.292Z,points-3000-seed-41544c53,position-single,svg_attribute_removals_median,count,0,3000.0
Atlas,1c2e54b3b8df+bench,SVG,instrument-2026-10-07T06-37-50.292Z,points-3000-seed-41544c53,position-single,svg_attribute_removals_p95,count,0,3000.0
Atlas,1c2e54b3b8df+bench,SVG,instrument-2026-10-07T06-37-50.292Z,points-3000-seed-41544c53,position-single,svg_attribute_removals_max,count,0,3000.0
Atlas,1c2e54b3b8df+bench,SVG,instrument-2026-10-07T06-37-50.292Z,points-3000-seed-41544c53,position-single,renderer_calls_n,count,0,1
Atlas,1c2e54b3b8df+bench,SVG,instrument-2026-10-07T06-37-50.292Z,points-3000-seed-41544c53,position-single,renderer_calls_median,count,0,1.0
Atlas,1c2e54b3b8df+bench,SVG,instrument-2026-10-07T06-37-50.292Z,points-3000-seed-41544c53,position-single,renderer_calls_p95,count,0,1.0
Atlas,1c2e54b3b8df+bench,SVG,instrument-2026-10-07T06-37-50.292Z,points-3000-seed-41544c53,position-single,renderer_calls_max,count,0,1.0
Atlas,1c2e54b3b8df+bench,SVG,instrument-2026-10-07T06-37-50.292Z,points-3000-seed-41544c53,position-single,layout_rect_reads_n,count,0,1
Atlas,1c2e54b3b8df+bench,SVG,instrument-2026-10-07T06-37-50.292Z,points-3000-seed-41544c53,position-single,layout_rect_reads_median,count,0,0.0
Atlas,1c2e54b3b8df+bench,SVG,instrument-2026-10-07T06-37-50.292Z,points-3000-seed-41544c53,position-single,layout_rect_reads_p95,count,0,0.0
Atlas,1c2e54b3b8df+bench,SVG,instrument-2026-10-07T06-37-50.292Z,points-3000-seed-41544c53,position-single,layout_rect_reads_max,count,0,0.0
Atlas,1c2e54b3b8df+bench,SVG,instrument-2026-10-07T06-37-50.292Z,points-3000-seed-41544c53,position-single,instrumented_renderer_callback_ms_n,count,0,1
Atlas,1c2e54b3b8df+bench,SVG,instrument-2026-10-07T06-37-50.292Z,points-3000-seed-41544c53,position-single,instrumented_renderer_callback_ms_median,ms,0,3.0
Atlas,1c2e54b3b8df+bench,SVG,instrument-2026-10-07T06-37-50.292Z,points-3000-seed-41544c53,position-single,instrumented_renderer_callback_ms_p95,ms,0,3.0
Atlas,1c2e54b3b8df+bench,SVG,instrument-2026-10-07T06-37-50.292Z,points-3000-seed-41544c53,position-single,instrumented_renderer_callback_ms_max,ms,0,3.0
Atlas,1c2e54b3b8df+bench,SVG,instrument-2026-10-07T06-37-50.292Z,points-3000-seed-41544c53,position-single,cleanup_renderer_calls_n,count,0,1
Atlas,1c2e54b3b8df+bench,SVG,instrument-2026-10-07T06-37-50.292Z,points-3000-seed-41544c53,position-single,cleanup_renderer_calls_median,count,0,0.0
Atlas,1c2e54b3b8df+bench,SVG,instrument-2026-10-07T06-37-50.292Z,points-3000-seed-41544c53,position-single,cleanup_renderer_calls_p95,count,0,0.0
Atlas,1c2e54b3b8df+bench,SVG,instrument-2026-10-07T06-37-50.292Z,points-3000-seed-41544c53,position-single,cleanup_renderer_calls_max,count,0,0.0
Atlas,1c2e54b3b8df+bench,SVG,instrument-2026-10-07T06-37-50.292Z,points-3000-seed-41544c53,position-single,cleanup_stage_children_n,count,0,1
Atlas,1c2e54b3b8df+bench,SVG,instrument-2026-10-07T06-37-50.292Z,points-3000-seed-41544c53,position-single,cleanup_stage_children_median,count,0,0.0
Atlas,1c2e54b3b8df+bench,SVG,instrument-2026-10-07T06-37-50.292Z,points-3000-seed-41544c53,position-single,cleanup_stage_children_p95,count,0,0.0
Atlas,1c2e54b3b8df+bench,SVG,instrument-2026-10-07T06-37-50.292Z,points-3000-seed-41544c53,position-single,cleanup_stage_children_max,count,0,0.0
Atlas,1c2e54b3b8df+bench,SVG,instrument-2026-10-07T06-37-50.292Z,points-3000-seed-41544c53,position-series,operation_sync_ms_n,count,0,1
Atlas,1c2e54b3b8df+bench,SVG,instrument-2026-10-07T06-37-50.292Z,points-3000-seed-41544c53,position-series,operation_sync_ms_median,ms,0,0.1
Atlas,1c2e54b3b8df+bench,SVG,instrument-2026-10-07T06-37-50.292Z,points-3000-seed-41544c53,position-series,operation_sync_ms_p95,ms,0,0.1
Atlas,1c2e54b3b8df+bench,SVG,instrument-2026-10-07T06-37-50.292Z,points-3000-seed-41544c53,position-series,operation_sync_ms_max,ms,0,0.1
Atlas,1c2e54b3b8df+bench,SVG,instrument-2026-10-07T06-37-50.292Z,points-3000-seed-41544c53,position-series,operation_to_raf_opportunities_ms_n,count,0,1
Atlas,1c2e54b3b8df+bench,SVG,instrument-2026-10-07T06-37-50.292Z,points-3000-seed-41544c53,position-series,operation_to_raf_opportunities_ms_median,ms,0,28.2
Atlas,1c2e54b3b8df+bench,SVG,instrument-2026-10-07T06-37-50.292Z,points-3000-seed-41544c53,position-series,operation_to_raf_opportunities_ms_p95,ms,0,28.2
Atlas,1c2e54b3b8df+bench,SVG,instrument-2026-10-07T06-37-50.292Z,points-3000-seed-41544c53,position-series,operation_to_raf_opportunities_ms_max,ms,0,28.2
Atlas,1c2e54b3b8df+bench,SVG,instrument-2026-10-07T06-37-50.292Z,points-3000-seed-41544c53,position-series,root_iterator_creations_n,count,0,1
Atlas,1c2e54b3b8df+bench,SVG,instrument-2026-10-07T06-37-50.292Z,points-3000-seed-41544c53,position-series,root_iterator_creations_median,count,0,2.0
Atlas,1c2e54b3b8df+bench,SVG,instrument-2026-10-07T06-37-50.292Z,points-3000-seed-41544c53,position-series,root_iterator_creations_p95,count,0,2.0
Atlas,1c2e54b3b8df+bench,SVG,instrument-2026-10-07T06-37-50.292Z,points-3000-seed-41544c53,position-series,root_iterator_creations_max,count,0,2.0
Atlas,1c2e54b3b8df+bench,SVG,instrument-2026-10-07T06-37-50.292Z,points-3000-seed-41544c53,position-series,root_iterator_next_calls_n,count,0,1
Atlas,1c2e54b3b8df+bench,SVG,instrument-2026-10-07T06-37-50.292Z,points-3000-seed-41544c53,position-series,root_iterator_next_calls_median,count,0,6001.0
Atlas,1c2e54b3b8df+bench,SVG,instrument-2026-10-07T06-37-50.292Z,points-3000-seed-41544c53,position-series,root_iterator_next_calls_p95,count,0,6001.0
Atlas,1c2e54b3b8df+bench,SVG,instrument-2026-10-07T06-37-50.292Z,points-3000-seed-41544c53,position-series,root_iterator_next_calls_max,count,0,6001.0
Atlas,1c2e54b3b8df+bench,SVG,instrument-2026-10-07T06-37-50.292Z,points-3000-seed-41544c53,position-series,svg_attribute_writes_n,count,0,1
Atlas,1c2e54b3b8df+bench,SVG,instrument-2026-10-07T06-37-50.292Z,points-3000-seed-41544c53,position-series,svg_attribute_writes_median,count,0,6003.0
Atlas,1c2e54b3b8df+bench,SVG,instrument-2026-10-07T06-37-50.292Z,points-3000-seed-41544c53,position-series,svg_attribute_writes_p95,count,0,6003.0
Atlas,1c2e54b3b8df+bench,SVG,instrument-2026-10-07T06-37-50.292Z,points-3000-seed-41544c53,position-series,svg_attribute_writes_max,count,0,6003.0
Atlas,1c2e54b3b8df+bench,SVG,instrument-2026-10-07T06-37-50.292Z,points-3000-seed-41544c53,position-series,renderer_scene_reads_n,count,0,1
Atlas,1c2e54b3b8df+bench,SVG,instrument-2026-10-07T06-37-50.292Z,points-3000-seed-41544c53,position-series,renderer_scene_reads_median,count,0,1.0
Atlas,1c2e54b3b8df+bench,SVG,instrument-2026-10-07T06-37-50.292Z,points-3000-seed-41544c53,position-series,renderer_scene_reads_p95,count,0,1.0
Atlas,1c2e54b3b8df+bench,SVG,instrument-2026-10-07T06-37-50.292Z,points-3000-seed-41544c53,position-series,renderer_scene_reads_max,count,0,1.0
Atlas,1c2e54b3b8df+bench,SVG,instrument-2026-10-07T06-37-50.292Z,points-3000-seed-41544c53,position-series,svg_attribute_removals_n,count,0,1
Atlas,1c2e54b3b8df+bench,SVG,instrument-2026-10-07T06-37-50.292Z,points-3000-seed-41544c53,position-series,svg_attribute_removals_median,count,0,3000.0
Atlas,1c2e54b3b8df+bench,SVG,instrument-2026-10-07T06-37-50.292Z,points-3000-seed-41544c53,position-series,svg_attribute_removals_p95,count,0,3000.0
Atlas,1c2e54b3b8df+bench,SVG,instrument-2026-10-07T06-37-50.292Z,points-3000-seed-41544c53,position-series,svg_attribute_removals_max,count,0,3000.0
Atlas,1c2e54b3b8df+bench,SVG,instrument-2026-10-07T06-37-50.292Z,points-3000-seed-41544c53,position-series,renderer_calls_n,count,0,1
Atlas,1c2e54b3b8df+bench,SVG,instrument-2026-10-07T06-37-50.292Z,points-3000-seed-41544c53,position-series,renderer_calls_median,count,0,1.0
Atlas,1c2e54b3b8df+bench,SVG,instrument-2026-10-07T06-37-50.292Z,points-3000-seed-41544c53,position-series,renderer_calls_p95,count,0,1.0
Atlas,1c2e54b3b8df+bench,SVG,instrument-2026-10-07T06-37-50.292Z,points-3000-seed-41544c53,position-series,renderer_calls_max,count,0,1.0
Atlas,1c2e54b3b8df+bench,SVG,instrument-2026-10-07T06-37-50.292Z,points-3000-seed-41544c53,position-series,layout_rect_reads_n,count,0,1
Atlas,1c2e54b3b8df+bench,SVG,instrument-2026-10-07T06-37-50.292Z,points-3000-seed-41544c53,position-series,layout_rect_reads_median,count,0,0.0
Atlas,1c2e54b3b8df+bench,SVG,instrument-2026-10-07T06-37-50.292Z,points-3000-seed-41544c53,position-series,layout_rect_reads_p95,count,0,0.0
Atlas,1c2e54b3b8df+bench,SVG,instrument-2026-10-07T06-37-50.292Z,points-3000-seed-41544c53,position-series,layout_rect_reads_max,count,0,0.0
Atlas,1c2e54b3b8df+bench,SVG,instrument-2026-10-07T06-37-50.292Z,points-3000-seed-41544c53,position-series,instrumented_renderer_callback_ms_n,count,0,1
Atlas,1c2e54b3b8df+bench,SVG,instrument-2026-10-07T06-37-50.292Z,points-3000-seed-41544c53,position-series,instrumented_renderer_callback_ms_median,ms,0,2.9
Atlas,1c2e54b3b8df+bench,SVG,instrument-2026-10-07T06-37-50.292Z,points-3000-seed-41544c53,position-series,instrumented_renderer_callback_ms_p95,ms,0,2.9
Atlas,1c2e54b3b8df+bench,SVG,instrument-2026-10-07T06-37-50.292Z,points-3000-seed-41544c53,position-series,instrumented_renderer_callback_ms_max,ms,0,2.9
Atlas,1c2e54b3b8df+bench,SVG,instrument-2026-10-07T06-37-50.292Z,points-3000-seed-41544c53,position-series,cleanup_renderer_calls_n,count,0,1
Atlas,1c2e54b3b8df+bench,SVG,instrument-2026-10-07T06-37-50.292Z,points-3000-seed-41544c53,position-series,cleanup_renderer_calls_median,count,0,0.0
Atlas,1c2e54b3b8df+bench,SVG,instrument-2026-10-07T06-37-50.292Z,points-3000-seed-41544c53,position-series,cleanup_renderer_calls_p95,count,0,0.0
Atlas,1c2e54b3b8df+bench,SVG,instrument-2026-10-07T06-37-50.292Z,points-3000-seed-41544c53,position-series,cleanup_renderer_calls_max,count,0,0.0
Atlas,1c2e54b3b8df+bench,SVG,instrument-2026-10-07T06-37-50.292Z,points-3000-seed-41544c53,position-series,cleanup_stage_children_n,count,0,1
Atlas,1c2e54b3b8df+bench,SVG,instrument-2026-10-07T06-37-50.292Z,points-3000-seed-41544c53,position-series,cleanup_stage_children_median,count,0,0.0
Atlas,1c2e54b3b8df+bench,SVG,instrument-2026-10-07T06-37-50.292Z,points-3000-seed-41544c53,position-series,cleanup_stage_children_p95,count,0,0.0
Atlas,1c2e54b3b8df+bench,SVG,instrument-2026-10-07T06-37-50.292Z,points-3000-seed-41544c53,position-series,cleanup_stage_children_max,count,0,0.0
Atlas,1c2e54b3b8df+bench,SVG,instrument-2026-10-07T06-37-50.292Z,points-3000-seed-41544c53,add-100,operation_sync_ms_n,count,0,1
Atlas,1c2e54b3b8df+bench,SVG,instrument-2026-10-07T06-37-50.292Z,points-3000-seed-41544c53,add-100,operation_sync_ms_median,ms,0,30.7
Atlas,1c2e54b3b8df+bench,SVG,instrument-2026-10-07T06-37-50.292Z,points-3000-seed-41544c53,add-100,operation_sync_ms_p95,ms,0,30.7
Atlas,1c2e54b3b8df+bench,SVG,instrument-2026-10-07T06-37-50.292Z,points-3000-seed-41544c53,add-100,operation_sync_ms_max,ms,0,30.7
Atlas,1c2e54b3b8df+bench,SVG,instrument-2026-10-07T06-37-50.292Z,points-3000-seed-41544c53,add-100,cumulative_operation_ms_n,count,0,1
Atlas,1c2e54b3b8df+bench,SVG,instrument-2026-10-07T06-37-50.292Z,points-3000-seed-41544c53,add-100,cumulative_operation_ms_median,ms,0,30.7
Atlas,1c2e54b3b8df+bench,SVG,instrument-2026-10-07T06-37-50.292Z,points-3000-seed-41544c53,add-100,cumulative_operation_ms_p95,ms,0,30.7
Atlas,1c2e54b3b8df+bench,SVG,instrument-2026-10-07T06-37-50.292Z,points-3000-seed-41544c53,add-100,cumulative_operation_ms_max,ms,0,30.7
Atlas,1c2e54b3b8df+bench,SVG,instrument-2026-10-07T06-37-50.292Z,points-3000-seed-41544c53,add-100,operation_to_raf_opportunities_ms_n,count,0,1
Atlas,1c2e54b3b8df+bench,SVG,instrument-2026-10-07T06-37-50.292Z,points-3000-seed-41544c53,add-100,operation_to_raf_opportunities_ms_median,ms,0,49.0
Atlas,1c2e54b3b8df+bench,SVG,instrument-2026-10-07T06-37-50.292Z,points-3000-seed-41544c53,add-100,operation_to_raf_opportunities_ms_p95,ms,0,49.0
Atlas,1c2e54b3b8df+bench,SVG,instrument-2026-10-07T06-37-50.292Z,points-3000-seed-41544c53,add-100,operation_to_raf_opportunities_ms_max,ms,0,49.0
Atlas,1c2e54b3b8df+bench,SVG,instrument-2026-10-07T06-37-50.292Z,points-3000-seed-41544c53,add-100,root_iterator_creations_n,count,0,1
Atlas,1c2e54b3b8df+bench,SVG,instrument-2026-10-07T06-37-50.292Z,points-3000-seed-41544c53,add-100,root_iterator_creations_median,count,0,103.0
Atlas,1c2e54b3b8df+bench,SVG,instrument-2026-10-07T06-37-50.292Z,points-3000-seed-41544c53,add-100,root_iterator_creations_p95,count,0,103.0
Atlas,1c2e54b3b8df+bench,SVG,instrument-2026-10-07T06-37-50.292Z,points-3000-seed-41544c53,add-100,root_iterator_creations_max,count,0,103.0
Atlas,1c2e54b3b8df+bench,SVG,instrument-2026-10-07T06-37-50.292Z,points-3000-seed-41544c53,add-100,root_iterator_next_calls_n,count,0,1
Atlas,1c2e54b3b8df+bench,SVG,instrument-2026-10-07T06-37-50.292Z,points-3000-seed-41544c53,add-100,root_iterator_next_calls_median,count,0,311152.0
Atlas,1c2e54b3b8df+bench,SVG,instrument-2026-10-07T06-37-50.292Z,points-3000-seed-41544c53,add-100,root_iterator_next_calls_p95,count,0,311152.0
Atlas,1c2e54b3b8df+bench,SVG,instrument-2026-10-07T06-37-50.292Z,points-3000-seed-41544c53,add-100,root_iterator_next_calls_max,count,0,311152.0
Atlas,1c2e54b3b8df+bench,SVG,instrument-2026-10-07T06-37-50.292Z,points-3000-seed-41544c53,add-100,svg_attribute_writes_n,count,0,1
Atlas,1c2e54b3b8df+bench,SVG,instrument-2026-10-07T06-37-50.292Z,points-3000-seed-41544c53,add-100,svg_attribute_writes_median,count,0,6803.0
Atlas,1c2e54b3b8df+bench,SVG,instrument-2026-10-07T06-37-50.292Z,points-3000-seed-41544c53,add-100,svg_attribute_writes_p95,count,0,6803.0
Atlas,1c2e54b3b8df+bench,SVG,instrument-2026-10-07T06-37-50.292Z,points-3000-seed-41544c53,add-100,svg_attribute_writes_max,count,0,6803.0
Atlas,1c2e54b3b8df+bench,SVG,instrument-2026-10-07T06-37-50.292Z,points-3000-seed-41544c53,add-100,renderer_scene_reads_n,count,0,1
Atlas,1c2e54b3b8df+bench,SVG,instrument-2026-10-07T06-37-50.292Z,points-3000-seed-41544c53,add-100,renderer_scene_reads_median,count,0,1.0
Atlas,1c2e54b3b8df+bench,SVG,instrument-2026-10-07T06-37-50.292Z,points-3000-seed-41544c53,add-100,renderer_scene_reads_p95,count,0,1.0
Atlas,1c2e54b3b8df+bench,SVG,instrument-2026-10-07T06-37-50.292Z,points-3000-seed-41544c53,add-100,renderer_scene_reads_max,count,0,1.0
Atlas,1c2e54b3b8df+bench,SVG,instrument-2026-10-07T06-37-50.292Z,points-3000-seed-41544c53,add-100,renderer_scene_membership_changes_n,count,0,1
Atlas,1c2e54b3b8df+bench,SVG,instrument-2026-10-07T06-37-50.292Z,points-3000-seed-41544c53,add-100,renderer_scene_membership_changes_median,count,0,1.0
Atlas,1c2e54b3b8df+bench,SVG,instrument-2026-10-07T06-37-50.292Z,points-3000-seed-41544c53,add-100,renderer_scene_membership_changes_p95,count,0,1.0
Atlas,1c2e54b3b8df+bench,SVG,instrument-2026-10-07T06-37-50.292Z,points-3000-seed-41544c53,add-100,renderer_scene_membership_changes_max,count,0,1.0
Atlas,1c2e54b3b8df+bench,SVG,instrument-2026-10-07T06-37-50.292Z,points-3000-seed-41544c53,add-100,svg_attribute_removals_n,count,0,1
Atlas,1c2e54b3b8df+bench,SVG,instrument-2026-10-07T06-37-50.292Z,points-3000-seed-41544c53,add-100,svg_attribute_removals_median,count,0,3100.0
Atlas,1c2e54b3b8df+bench,SVG,instrument-2026-10-07T06-37-50.292Z,points-3000-seed-41544c53,add-100,svg_attribute_removals_p95,count,0,3100.0
Atlas,1c2e54b3b8df+bench,SVG,instrument-2026-10-07T06-37-50.292Z,points-3000-seed-41544c53,add-100,svg_attribute_removals_max,count,0,3100.0
Atlas,1c2e54b3b8df+bench,SVG,instrument-2026-10-07T06-37-50.292Z,points-3000-seed-41544c53,add-100,renderer_calls_n,count,0,1
Atlas,1c2e54b3b8df+bench,SVG,instrument-2026-10-07T06-37-50.292Z,points-3000-seed-41544c53,add-100,renderer_calls_median,count,0,1.0
Atlas,1c2e54b3b8df+bench,SVG,instrument-2026-10-07T06-37-50.292Z,points-3000-seed-41544c53,add-100,renderer_calls_p95,count,0,1.0
Atlas,1c2e54b3b8df+bench,SVG,instrument-2026-10-07T06-37-50.292Z,points-3000-seed-41544c53,add-100,renderer_calls_max,count,0,1.0
Atlas,1c2e54b3b8df+bench,SVG,instrument-2026-10-07T06-37-50.292Z,points-3000-seed-41544c53,add-100,layout_rect_reads_n,count,0,1
Atlas,1c2e54b3b8df+bench,SVG,instrument-2026-10-07T06-37-50.292Z,points-3000-seed-41544c53,add-100,layout_rect_reads_median,count,0,0.0
Atlas,1c2e54b3b8df+bench,SVG,instrument-2026-10-07T06-37-50.292Z,points-3000-seed-41544c53,add-100,layout_rect_reads_p95,count,0,0.0
Atlas,1c2e54b3b8df+bench,SVG,instrument-2026-10-07T06-37-50.292Z,points-3000-seed-41544c53,add-100,layout_rect_reads_max,count,0,0.0
Atlas,1c2e54b3b8df+bench,SVG,instrument-2026-10-07T06-37-50.292Z,points-3000-seed-41544c53,add-100,instrumented_renderer_callback_ms_n,count,0,1
Atlas,1c2e54b3b8df+bench,SVG,instrument-2026-10-07T06-37-50.292Z,points-3000-seed-41544c53,add-100,instrumented_renderer_callback_ms_median,ms,0,4.0
Atlas,1c2e54b3b8df+bench,SVG,instrument-2026-10-07T06-37-50.292Z,points-3000-seed-41544c53,add-100,instrumented_renderer_callback_ms_p95,ms,0,4.0
Atlas,1c2e54b3b8df+bench,SVG,instrument-2026-10-07T06-37-50.292Z,points-3000-seed-41544c53,add-100,instrumented_renderer_callback_ms_max,ms,0,4.0
Atlas,1c2e54b3b8df+bench,SVG,instrument-2026-10-07T06-37-50.292Z,points-3000-seed-41544c53,add-100,cleanup_renderer_calls_n,count,0,1
Atlas,1c2e54b3b8df+bench,SVG,instrument-2026-10-07T06-37-50.292Z,points-3000-seed-41544c53,add-100,cleanup_renderer_calls_median,count,0,0.0
Atlas,1c2e54b3b8df+bench,SVG,instrument-2026-10-07T06-37-50.292Z,points-3000-seed-41544c53,add-100,cleanup_renderer_calls_p95,count,0,0.0
Atlas,1c2e54b3b8df+bench,SVG,instrument-2026-10-07T06-37-50.292Z,points-3000-seed-41544c53,add-100,cleanup_renderer_calls_max,count,0,0.0
Atlas,1c2e54b3b8df+bench,SVG,instrument-2026-10-07T06-37-50.292Z,points-3000-seed-41544c53,add-100,cleanup_stage_children_n,count,0,1
Atlas,1c2e54b3b8df+bench,SVG,instrument-2026-10-07T06-37-50.292Z,points-3000-seed-41544c53,add-100,cleanup_stage_children_median,count,0,0.0
Atlas,1c2e54b3b8df+bench,SVG,instrument-2026-10-07T06-37-50.292Z,points-3000-seed-41544c53,add-100,cleanup_stage_children_p95,count,0,0.0
Atlas,1c2e54b3b8df+bench,SVG,instrument-2026-10-07T06-37-50.292Z,points-3000-seed-41544c53,add-100,cleanup_stage_children_max,count,0,0.0
Atlas,1c2e54b3b8df+bench,SVG,instrument-2026-10-07T06-37-50.292Z,points-3000-seed-41544c53,add-500,operation_sync_ms_n,count,0,1
Atlas,1c2e54b3b8df+bench,SVG,instrument-2026-10-07T06-37-50.292Z,points-3000-seed-41544c53,add-500,operation_sync_ms_median,ms,0,137.3
Atlas,1c2e54b3b8df+bench,SVG,instrument-2026-10-07T06-37-50.292Z,points-3000-seed-41544c53,add-500,operation_sync_ms_p95,ms,0,137.3
Atlas,1c2e54b3b8df+bench,SVG,instrument-2026-10-07T06-37-50.292Z,points-3000-seed-41544c53,add-500,operation_sync_ms_max,ms,0,137.3
Atlas,1c2e54b3b8df+bench,SVG,instrument-2026-10-07T06-37-50.292Z,points-3000-seed-41544c53,add-500,cumulative_operation_ms_n,count,0,5
Atlas,1c2e54b3b8df+bench,SVG,instrument-2026-10-07T06-37-50.292Z,points-3000-seed-41544c53,add-500,cumulative_operation_ms_median,ms,0,81.0
Atlas,1c2e54b3b8df+bench,SVG,instrument-2026-10-07T06-37-50.292Z,points-3000-seed-41544c53,add-500,cumulative_operation_ms_p95,ms,0,137.3
Atlas,1c2e54b3b8df+bench,SVG,instrument-2026-10-07T06-37-50.292Z,points-3000-seed-41544c53,add-500,cumulative_operation_ms_max,ms,0,137.3
Atlas,1c2e54b3b8df+bench,SVG,instrument-2026-10-07T06-37-50.292Z,points-3000-seed-41544c53,add-500,operation_to_raf_opportunities_ms_n,count,0,1
Atlas,1c2e54b3b8df+bench,SVG,instrument-2026-10-07T06-37-50.292Z,points-3000-seed-41544c53,add-500,operation_to_raf_opportunities_ms_median,ms,0,158.6
Atlas,1c2e54b3b8df+bench,SVG,instrument-2026-10-07T06-37-50.292Z,points-3000-seed-41544c53,add-500,operation_to_raf_opportunities_ms_p95,ms,0,158.6
Atlas,1c2e54b3b8df+bench,SVG,instrument-2026-10-07T06-37-50.292Z,points-3000-seed-41544c53,add-500,operation_to_raf_opportunities_ms_max,ms,0,158.6
Atlas,1c2e54b3b8df+bench,SVG,instrument-2026-10-07T06-37-50.292Z,points-3000-seed-41544c53,add-500,root_iterator_creations_n,count,0,1
Atlas,1c2e54b3b8df+bench,SVG,instrument-2026-10-07T06-37-50.292Z,points-3000-seed-41544c53,add-500,root_iterator_creations_median,count,0,503.0
Atlas,1c2e54b3b8df+bench,SVG,instrument-2026-10-07T06-37-50.292Z,points-3000-seed-41544c53,add-500,root_iterator_creations_p95,count,0,503.0
Atlas,1c2e54b3b8df+bench,SVG,instrument-2026-10-07T06-37-50.292Z,points-3000-seed-41544c53,add-500,root_iterator_creations_max,count,0,503.0
Atlas,1c2e54b3b8df+bench,SVG,instrument-2026-10-07T06-37-50.292Z,points-3000-seed-41544c53,add-500,root_iterator_next_calls_n,count,0,1
Atlas,1c2e54b3b8df+bench,SVG,instrument-2026-10-07T06-37-50.292Z,points-3000-seed-41544c53,add-500,root_iterator_next_calls_median,count,0,1631752.0
Atlas,1c2e54b3b8df+bench,SVG,instrument-2026-10-07T06-37-50.292Z,points-3000-seed-41544c53,add-500,root_iterator_next_calls_p95,count,0,1631752.0
Atlas,1c2e54b3b8df+bench,SVG,instrument-2026-10-07T06-37-50.292Z,points-3000-seed-41544c53,add-500,root_iterator_next_calls_max,count,0,1631752.0
Atlas,1c2e54b3b8df+bench,SVG,instrument-2026-10-07T06-37-50.292Z,points-3000-seed-41544c53,add-500,svg_attribute_writes_n,count,0,1
Atlas,1c2e54b3b8df+bench,SVG,instrument-2026-10-07T06-37-50.292Z,points-3000-seed-41544c53,add-500,svg_attribute_writes_median,count,0,10003.0
Atlas,1c2e54b3b8df+bench,SVG,instrument-2026-10-07T06-37-50.292Z,points-3000-seed-41544c53,add-500,svg_attribute_writes_p95,count,0,10003.0
Atlas,1c2e54b3b8df+bench,SVG,instrument-2026-10-07T06-37-50.292Z,points-3000-seed-41544c53,add-500,svg_attribute_writes_max,count,0,10003.0
Atlas,1c2e54b3b8df+bench,SVG,instrument-2026-10-07T06-37-50.292Z,points-3000-seed-41544c53,add-500,renderer_scene_reads_n,count,0,1
Atlas,1c2e54b3b8df+bench,SVG,instrument-2026-10-07T06-37-50.292Z,points-3000-seed-41544c53,add-500,renderer_scene_reads_median,count,0,1.0
Atlas,1c2e54b3b8df+bench,SVG,instrument-2026-10-07T06-37-50.292Z,points-3000-seed-41544c53,add-500,renderer_scene_reads_p95,count,0,1.0
Atlas,1c2e54b3b8df+bench,SVG,instrument-2026-10-07T06-37-50.292Z,points-3000-seed-41544c53,add-500,renderer_scene_reads_max,count,0,1.0
Atlas,1c2e54b3b8df+bench,SVG,instrument-2026-10-07T06-37-50.292Z,points-3000-seed-41544c53,add-500,renderer_scene_membership_changes_n,count,0,1
Atlas,1c2e54b3b8df+bench,SVG,instrument-2026-10-07T06-37-50.292Z,points-3000-seed-41544c53,add-500,renderer_scene_membership_changes_median,count,0,1.0
Atlas,1c2e54b3b8df+bench,SVG,instrument-2026-10-07T06-37-50.292Z,points-3000-seed-41544c53,add-500,renderer_scene_membership_changes_p95,count,0,1.0
Atlas,1c2e54b3b8df+bench,SVG,instrument-2026-10-07T06-37-50.292Z,points-3000-seed-41544c53,add-500,renderer_scene_membership_changes_max,count,0,1.0
Atlas,1c2e54b3b8df+bench,SVG,instrument-2026-10-07T06-37-50.292Z,points-3000-seed-41544c53,add-500,svg_attribute_removals_n,count,0,1
Atlas,1c2e54b3b8df+bench,SVG,instrument-2026-10-07T06-37-50.292Z,points-3000-seed-41544c53,add-500,svg_attribute_removals_median,count,0,3500.0
Atlas,1c2e54b3b8df+bench,SVG,instrument-2026-10-07T06-37-50.292Z,points-3000-seed-41544c53,add-500,svg_attribute_removals_p95,count,0,3500.0
Atlas,1c2e54b3b8df+bench,SVG,instrument-2026-10-07T06-37-50.292Z,points-3000-seed-41544c53,add-500,svg_attribute_removals_max,count,0,3500.0
Atlas,1c2e54b3b8df+bench,SVG,instrument-2026-10-07T06-37-50.292Z,points-3000-seed-41544c53,add-500,renderer_calls_n,count,0,1
Atlas,1c2e54b3b8df+bench,SVG,instrument-2026-10-07T06-37-50.292Z,points-3000-seed-41544c53,add-500,renderer_calls_median,count,0,1.0
Atlas,1c2e54b3b8df+bench,SVG,instrument-2026-10-07T06-37-50.292Z,points-3000-seed-41544c53,add-500,renderer_calls_p95,count,0,1.0
Atlas,1c2e54b3b8df+bench,SVG,instrument-2026-10-07T06-37-50.292Z,points-3000-seed-41544c53,add-500,renderer_calls_max,count,0,1.0
Atlas,1c2e54b3b8df+bench,SVG,instrument-2026-10-07T06-37-50.292Z,points-3000-seed-41544c53,add-500,layout_rect_reads_n,count,0,1
Atlas,1c2e54b3b8df+bench,SVG,instrument-2026-10-07T06-37-50.292Z,points-3000-seed-41544c53,add-500,layout_rect_reads_median,count,0,0.0
Atlas,1c2e54b3b8df+bench,SVG,instrument-2026-10-07T06-37-50.292Z,points-3000-seed-41544c53,add-500,layout_rect_reads_p95,count,0,0.0
Atlas,1c2e54b3b8df+bench,SVG,instrument-2026-10-07T06-37-50.292Z,points-3000-seed-41544c53,add-500,layout_rect_reads_max,count,0,0.0
Atlas,1c2e54b3b8df+bench,SVG,instrument-2026-10-07T06-37-50.292Z,points-3000-seed-41544c53,add-500,instrumented_renderer_callback_ms_n,count,0,1
Atlas,1c2e54b3b8df+bench,SVG,instrument-2026-10-07T06-37-50.292Z,points-3000-seed-41544c53,add-500,instrumented_renderer_callback_ms_median,ms,0,5.1
Atlas,1c2e54b3b8df+bench,SVG,instrument-2026-10-07T06-37-50.292Z,points-3000-seed-41544c53,add-500,instrumented_renderer_callback_ms_p95,ms,0,5.1
Atlas,1c2e54b3b8df+bench,SVG,instrument-2026-10-07T06-37-50.292Z,points-3000-seed-41544c53,add-500,instrumented_renderer_callback_ms_max,ms,0,5.1
Atlas,1c2e54b3b8df+bench,SVG,instrument-2026-10-07T06-37-50.292Z,points-3000-seed-41544c53,add-500,cleanup_renderer_calls_n,count,0,1
Atlas,1c2e54b3b8df+bench,SVG,instrument-2026-10-07T06-37-50.292Z,points-3000-seed-41544c53,add-500,cleanup_renderer_calls_median,count,0,0.0
Atlas,1c2e54b3b8df+bench,SVG,instrument-2026-10-07T06-37-50.292Z,points-3000-seed-41544c53,add-500,cleanup_renderer_calls_p95,count,0,0.0
Atlas,1c2e54b3b8df+bench,SVG,instrument-2026-10-07T06-37-50.292Z,points-3000-seed-41544c53,add-500,cleanup_renderer_calls_max,count,0,0.0
Atlas,1c2e54b3b8df+bench,SVG,instrument-2026-10-07T06-37-50.292Z,points-3000-seed-41544c53,add-500,cleanup_stage_children_n,count,0,1
Atlas,1c2e54b3b8df+bench,SVG,instrument-2026-10-07T06-37-50.292Z,points-3000-seed-41544c53,add-500,cleanup_stage_children_median,count,0,0.0
Atlas,1c2e54b3b8df+bench,SVG,instrument-2026-10-07T06-37-50.292Z,points-3000-seed-41544c53,add-500,cleanup_stage_children_p95,count,0,0.0
Atlas,1c2e54b3b8df+bench,SVG,instrument-2026-10-07T06-37-50.292Z,points-3000-seed-41544c53,add-500,cleanup_stage_children_max,count,0,0.0
Atlas,1c2e54b3b8df+bench,SVG,instrument-2026-10-07T06-37-50.292Z,points-3000-seed-41544c53,add-1000,operation_sync_ms_n,count,0,1
Atlas,1c2e54b3b8df+bench,SVG,instrument-2026-10-07T06-37-50.292Z,points-3000-seed-41544c53,add-1000,operation_sync_ms_median,ms,0,296.6
Atlas,1c2e54b3b8df+bench,SVG,instrument-2026-10-07T06-37-50.292Z,points-3000-seed-41544c53,add-1000,operation_sync_ms_p95,ms,0,296.6
Atlas,1c2e54b3b8df+bench,SVG,instrument-2026-10-07T06-37-50.292Z,points-3000-seed-41544c53,add-1000,operation_sync_ms_max,ms,0,296.6
Atlas,1c2e54b3b8df+bench,SVG,instrument-2026-10-07T06-37-50.292Z,points-3000-seed-41544c53,add-1000,cumulative_operation_ms_n,count,0,10
Atlas,1c2e54b3b8df+bench,SVG,instrument-2026-10-07T06-37-50.292Z,points-3000-seed-41544c53,add-1000,cumulative_operation_ms_median,ms,0,156.05
Atlas,1c2e54b3b8df+bench,SVG,instrument-2026-10-07T06-37-50.292Z,points-3000-seed-41544c53,add-1000,cumulative_operation_ms_p95,ms,0,296.6
Atlas,1c2e54b3b8df+bench,SVG,instrument-2026-10-07T06-37-50.292Z,points-3000-seed-41544c53,add-1000,cumulative_operation_ms_max,ms,0,296.6
Atlas,1c2e54b3b8df+bench,SVG,instrument-2026-10-07T06-37-50.292Z,points-3000-seed-41544c53,add-1000,operation_to_raf_opportunities_ms_n,count,0,1
Atlas,1c2e54b3b8df+bench,SVG,instrument-2026-10-07T06-37-50.292Z,points-3000-seed-41544c53,add-1000,operation_to_raf_opportunities_ms_median,ms,0,323.1
Atlas,1c2e54b3b8df+bench,SVG,instrument-2026-10-07T06-37-50.292Z,points-3000-seed-41544c53,add-1000,operation_to_raf_opportunities_ms_p95,ms,0,323.1
Atlas,1c2e54b3b8df+bench,SVG,instrument-2026-10-07T06-37-50.292Z,points-3000-seed-41544c53,add-1000,operation_to_raf_opportunities_ms_max,ms,0,323.1
Atlas,1c2e54b3b8df+bench,SVG,instrument-2026-10-07T06-37-50.292Z,points-3000-seed-41544c53,add-1000,root_iterator_creations_n,count,0,1
Atlas,1c2e54b3b8df+bench,SVG,instrument-2026-10-07T06-37-50.292Z,points-3000-seed-41544c53,add-1000,root_iterator_creations_median,count,0,1003.0
Atlas,1c2e54b3b8df+bench,SVG,instrument-2026-10-07T06-37-50.292Z,points-3000-seed-41544c53,add-1000,root_iterator_creations_p95,count,0,1003.0
Atlas,1c2e54b3b8df+bench,SVG,instrument-2026-10-07T06-37-50.292Z,points-3000-seed-41544c53,add-1000,root_iterator_creations_max,count,0,1003.0
Atlas,1c2e54b3b8df+bench,SVG,instrument-2026-10-07T06-37-50.292Z,points-3000-seed-41544c53,add-1000,root_iterator_next_calls_n,count,0,1
Atlas,1c2e54b3b8df+bench,SVG,instrument-2026-10-07T06-37-50.292Z,points-3000-seed-41544c53,add-1000,root_iterator_next_calls_median,count,0,3507502.0
Atlas,1c2e54b3b8df+bench,SVG,instrument-2026-10-07T06-37-50.292Z,points-3000-seed-41544c53,add-1000,root_iterator_next_calls_p95,count,0,3507502.0
Atlas,1c2e54b3b8df+bench,SVG,instrument-2026-10-07T06-37-50.292Z,points-3000-seed-41544c53,add-1000,root_iterator_next_calls_max,count,0,3507502.0
Atlas,1c2e54b3b8df+bench,SVG,instrument-2026-10-07T06-37-50.292Z,points-3000-seed-41544c53,add-1000,svg_attribute_writes_n,count,0,1
Atlas,1c2e54b3b8df+bench,SVG,instrument-2026-10-07T06-37-50.292Z,points-3000-seed-41544c53,add-1000,svg_attribute_writes_median,count,0,14003.0
Atlas,1c2e54b3b8df+bench,SVG,instrument-2026-10-07T06-37-50.292Z,points-3000-seed-41544c53,add-1000,svg_attribute_writes_p95,count,0,14003.0
Atlas,1c2e54b3b8df+bench,SVG,instrument-2026-10-07T06-37-50.292Z,points-3000-seed-41544c53,add-1000,svg_attribute_writes_max,count,0,14003.0
Atlas,1c2e54b3b8df+bench,SVG,instrument-2026-10-07T06-37-50.292Z,points-3000-seed-41544c53,add-1000,renderer_scene_reads_n,count,0,1
Atlas,1c2e54b3b8df+bench,SVG,instrument-2026-10-07T06-37-50.292Z,points-3000-seed-41544c53,add-1000,renderer_scene_reads_median,count,0,1.0
Atlas,1c2e54b3b8df+bench,SVG,instrument-2026-10-07T06-37-50.292Z,points-3000-seed-41544c53,add-1000,renderer_scene_reads_p95,count,0,1.0
Atlas,1c2e54b3b8df+bench,SVG,instrument-2026-10-07T06-37-50.292Z,points-3000-seed-41544c53,add-1000,renderer_scene_reads_max,count,0,1.0
Atlas,1c2e54b3b8df+bench,SVG,instrument-2026-10-07T06-37-50.292Z,points-3000-seed-41544c53,add-1000,renderer_scene_membership_changes_n,count,0,1
Atlas,1c2e54b3b8df+bench,SVG,instrument-2026-10-07T06-37-50.292Z,points-3000-seed-41544c53,add-1000,renderer_scene_membership_changes_median,count,0,1.0
Atlas,1c2e54b3b8df+bench,SVG,instrument-2026-10-07T06-37-50.292Z,points-3000-seed-41544c53,add-1000,renderer_scene_membership_changes_p95,count,0,1.0
Atlas,1c2e54b3b8df+bench,SVG,instrument-2026-10-07T06-37-50.292Z,points-3000-seed-41544c53,add-1000,renderer_scene_membership_changes_max,count,0,1.0
Atlas,1c2e54b3b8df+bench,SVG,instrument-2026-10-07T06-37-50.292Z,points-3000-seed-41544c53,add-1000,svg_attribute_removals_n,count,0,1
Atlas,1c2e54b3b8df+bench,SVG,instrument-2026-10-07T06-37-50.292Z,points-3000-seed-41544c53,add-1000,svg_attribute_removals_median,count,0,4000.0
Atlas,1c2e54b3b8df+bench,SVG,instrument-2026-10-07T06-37-50.292Z,points-3000-seed-41544c53,add-1000,svg_attribute_removals_p95,count,0,4000.0
Atlas,1c2e54b3b8df+bench,SVG,instrument-2026-10-07T06-37-50.292Z,points-3000-seed-41544c53,add-1000,svg_attribute_removals_max,count,0,4000.0
Atlas,1c2e54b3b8df+bench,SVG,instrument-2026-10-07T06-37-50.292Z,points-3000-seed-41544c53,add-1000,renderer_calls_n,count,0,1
Atlas,1c2e54b3b8df+bench,SVG,instrument-2026-10-07T06-37-50.292Z,points-3000-seed-41544c53,add-1000,renderer_calls_median,count,0,1.0
Atlas,1c2e54b3b8df+bench,SVG,instrument-2026-10-07T06-37-50.292Z,points-3000-seed-41544c53,add-1000,renderer_calls_p95,count,0,1.0
Atlas,1c2e54b3b8df+bench,SVG,instrument-2026-10-07T06-37-50.292Z,points-3000-seed-41544c53,add-1000,renderer_calls_max,count,0,1.0
Atlas,1c2e54b3b8df+bench,SVG,instrument-2026-10-07T06-37-50.292Z,points-3000-seed-41544c53,add-1000,layout_rect_reads_n,count,0,1
Atlas,1c2e54b3b8df+bench,SVG,instrument-2026-10-07T06-37-50.292Z,points-3000-seed-41544c53,add-1000,layout_rect_reads_median,count,0,0.0
Atlas,1c2e54b3b8df+bench,SVG,instrument-2026-10-07T06-37-50.292Z,points-3000-seed-41544c53,add-1000,layout_rect_reads_p95,count,0,0.0
Atlas,1c2e54b3b8df+bench,SVG,instrument-2026-10-07T06-37-50.292Z,points-3000-seed-41544c53,add-1000,layout_rect_reads_max,count,0,0.0
Atlas,1c2e54b3b8df+bench,SVG,instrument-2026-10-07T06-37-50.292Z,points-3000-seed-41544c53,add-1000,instrumented_renderer_callback_ms_n,count,0,1
Atlas,1c2e54b3b8df+bench,SVG,instrument-2026-10-07T06-37-50.292Z,points-3000-seed-41544c53,add-1000,instrumented_renderer_callback_ms_median,ms,0,6.1
Atlas,1c2e54b3b8df+bench,SVG,instrument-2026-10-07T06-37-50.292Z,points-3000-seed-41544c53,add-1000,instrumented_renderer_callback_ms_p95,ms,0,6.1
Atlas,1c2e54b3b8df+bench,SVG,instrument-2026-10-07T06-37-50.292Z,points-3000-seed-41544c53,add-1000,instrumented_renderer_callback_ms_max,ms,0,6.1
Atlas,1c2e54b3b8df+bench,SVG,instrument-2026-10-07T06-37-50.292Z,points-3000-seed-41544c53,add-1000,cleanup_renderer_calls_n,count,0,1
Atlas,1c2e54b3b8df+bench,SVG,instrument-2026-10-07T06-37-50.292Z,points-3000-seed-41544c53,add-1000,cleanup_renderer_calls_median,count,0,0.0
Atlas,1c2e54b3b8df+bench,SVG,instrument-2026-10-07T06-37-50.292Z,points-3000-seed-41544c53,add-1000,cleanup_renderer_calls_p95,count,0,0.0
Atlas,1c2e54b3b8df+bench,SVG,instrument-2026-10-07T06-37-50.292Z,points-3000-seed-41544c53,add-1000,cleanup_renderer_calls_max,count,0,0.0
Atlas,1c2e54b3b8df+bench,SVG,instrument-2026-10-07T06-37-50.292Z,points-3000-seed-41544c53,add-1000,cleanup_stage_children_n,count,0,1
Atlas,1c2e54b3b8df+bench,SVG,instrument-2026-10-07T06-37-50.292Z,points-3000-seed-41544c53,add-1000,cleanup_stage_children_median,count,0,0.0
Atlas,1c2e54b3b8df+bench,SVG,instrument-2026-10-07T06-37-50.292Z,points-3000-seed-41544c53,add-1000,cleanup_stage_children_p95,count,0,0.0
Atlas,1c2e54b3b8df+bench,SVG,instrument-2026-10-07T06-37-50.292Z,points-3000-seed-41544c53,add-1000,cleanup_stage_children_max,count,0,0.0
Atlas,1c2e54b3b8df+bench,SVG,instrument-2026-10-07T06-37-50.292Z,points-3000-seed-41544c53,remove-100,operation_sync_ms_n,count,0,1
Atlas,1c2e54b3b8df+bench,SVG,instrument-2026-10-07T06-37-50.292Z,points-3000-seed-41544c53,remove-100,operation_sync_ms_median,ms,0,26.8
Atlas,1c2e54b3b8df+bench,SVG,instrument-2026-10-07T06-37-50.292Z,points-3000-seed-41544c53,remove-100,operation_sync_ms_p95,ms,0,26.8
Atlas,1c2e54b3b8df+bench,SVG,instrument-2026-10-07T06-37-50.292Z,points-3000-seed-41544c53,remove-100,operation_sync_ms_max,ms,0,26.8
Atlas,1c2e54b3b8df+bench,SVG,instrument-2026-10-07T06-37-50.292Z,points-3000-seed-41544c53,remove-100,cumulative_operation_ms_n,count,0,1
Atlas,1c2e54b3b8df+bench,SVG,instrument-2026-10-07T06-37-50.292Z,points-3000-seed-41544c53,remove-100,cumulative_operation_ms_median,ms,0,26.8
Atlas,1c2e54b3b8df+bench,SVG,instrument-2026-10-07T06-37-50.292Z,points-3000-seed-41544c53,remove-100,cumulative_operation_ms_p95,ms,0,26.8
Atlas,1c2e54b3b8df+bench,SVG,instrument-2026-10-07T06-37-50.292Z,points-3000-seed-41544c53,remove-100,cumulative_operation_ms_max,ms,0,26.8
Atlas,1c2e54b3b8df+bench,SVG,instrument-2026-10-07T06-37-50.292Z,points-3000-seed-41544c53,remove-100,operation_to_raf_opportunities_ms_n,count,0,1
Atlas,1c2e54b3b8df+bench,SVG,instrument-2026-10-07T06-37-50.292Z,points-3000-seed-41544c53,remove-100,operation_to_raf_opportunities_ms_median,ms,0,44.3
Atlas,1c2e54b3b8df+bench,SVG,instrument-2026-10-07T06-37-50.292Z,points-3000-seed-41544c53,remove-100,operation_to_raf_opportunities_ms_p95,ms,0,44.3
Atlas,1c2e54b3b8df+bench,SVG,instrument-2026-10-07T06-37-50.292Z,points-3000-seed-41544c53,remove-100,operation_to_raf_opportunities_ms_max,ms,0,44.3
Atlas,1c2e54b3b8df+bench,SVG,instrument-2026-10-07T06-37-50.292Z,points-3000-seed-41544c53,remove-100,root_iterator_creations_n,count,0,1
Atlas,1c2e54b3b8df+bench,SVG,instrument-2026-10-07T06-37-50.292Z,points-3000-seed-41544c53,remove-100,root_iterator_creations_median,count,0,103.0
Atlas,1c2e54b3b8df+bench,SVG,instrument-2026-10-07T06-37-50.292Z,points-3000-seed-41544c53,remove-100,root_iterator_creations_p95,count,0,103.0
Atlas,1c2e54b3b8df+bench,SVG,instrument-2026-10-07T06-37-50.292Z,points-3000-seed-41544c53,remove-100,root_iterator_creations_max,count,0,103.0
Atlas,1c2e54b3b8df+bench,SVG,instrument-2026-10-07T06-37-50.292Z,points-3000-seed-41544c53,remove-100,root_iterator_next_calls_n,count,0,1
Atlas,1c2e54b3b8df+bench,SVG,instrument-2026-10-07T06-37-50.292Z,points-3000-seed-41544c53,remove-100,root_iterator_next_calls_median,count,0,300952.0
Atlas,1c2e54b3b8df+bench,SVG,instrument-2026-10-07T06-37-50.292Z,points-3000-seed-41544c53,remove-100,root_iterator_next_calls_p95,count,0,300952.0
Atlas,1c2e54b3b8df+bench,SVG,instrument-2026-10-07T06-37-50.292Z,points-3000-seed-41544c53,remove-100,root_iterator_next_calls_max,count,0,300952.0
Atlas,1c2e54b3b8df+bench,SVG,instrument-2026-10-07T06-37-50.292Z,points-3000-seed-41544c53,remove-100,svg_attribute_writes_n,count,0,1
Atlas,1c2e54b3b8df+bench,SVG,instrument-2026-10-07T06-37-50.292Z,points-3000-seed-41544c53,remove-100,svg_attribute_writes_median,count,0,5803.0
Atlas,1c2e54b3b8df+bench,SVG,instrument-2026-10-07T06-37-50.292Z,points-3000-seed-41544c53,remove-100,svg_attribute_writes_p95,count,0,5803.0
Atlas,1c2e54b3b8df+bench,SVG,instrument-2026-10-07T06-37-50.292Z,points-3000-seed-41544c53,remove-100,svg_attribute_writes_max,count,0,5803.0
Atlas,1c2e54b3b8df+bench,SVG,instrument-2026-10-07T06-37-50.292Z,points-3000-seed-41544c53,remove-100,renderer_scene_reads_n,count,0,1
Atlas,1c2e54b3b8df+bench,SVG,instrument-2026-10-07T06-37-50.292Z,points-3000-seed-41544c53,remove-100,renderer_scene_reads_median,count,0,1.0
Atlas,1c2e54b3b8df+bench,SVG,instrument-2026-10-07T06-37-50.292Z,points-3000-seed-41544c53,remove-100,renderer_scene_reads_p95,count,0,1.0
Atlas,1c2e54b3b8df+bench,SVG,instrument-2026-10-07T06-37-50.292Z,points-3000-seed-41544c53,remove-100,renderer_scene_reads_max,count,0,1.0
Atlas,1c2e54b3b8df+bench,SVG,instrument-2026-10-07T06-37-50.292Z,points-3000-seed-41544c53,remove-100,renderer_scene_membership_changes_n,count,0,1
Atlas,1c2e54b3b8df+bench,SVG,instrument-2026-10-07T06-37-50.292Z,points-3000-seed-41544c53,remove-100,renderer_scene_membership_changes_median,count,0,1.0
Atlas,1c2e54b3b8df+bench,SVG,instrument-2026-10-07T06-37-50.292Z,points-3000-seed-41544c53,remove-100,renderer_scene_membership_changes_p95,count,0,1.0
Atlas,1c2e54b3b8df+bench,SVG,instrument-2026-10-07T06-37-50.292Z,points-3000-seed-41544c53,remove-100,renderer_scene_membership_changes_max,count,0,1.0
Atlas,1c2e54b3b8df+bench,SVG,instrument-2026-10-07T06-37-50.292Z,points-3000-seed-41544c53,remove-100,svg_attribute_removals_n,count,0,1
Atlas,1c2e54b3b8df+bench,SVG,instrument-2026-10-07T06-37-50.292Z,points-3000-seed-41544c53,remove-100,svg_attribute_removals_median,count,0,2900.0
Atlas,1c2e54b3b8df+bench,SVG,instrument-2026-10-07T06-37-50.292Z,points-3000-seed-41544c53,remove-100,svg_attribute_removals_p95,count,0,2900.0
Atlas,1c2e54b3b8df+bench,SVG,instrument-2026-10-07T06-37-50.292Z,points-3000-seed-41544c53,remove-100,svg_attribute_removals_max,count,0,2900.0
Atlas,1c2e54b3b8df+bench,SVG,instrument-2026-10-07T06-37-50.292Z,points-3000-seed-41544c53,remove-100,renderer_calls_n,count,0,1
Atlas,1c2e54b3b8df+bench,SVG,instrument-2026-10-07T06-37-50.292Z,points-3000-seed-41544c53,remove-100,renderer_calls_median,count,0,1.0
Atlas,1c2e54b3b8df+bench,SVG,instrument-2026-10-07T06-37-50.292Z,points-3000-seed-41544c53,remove-100,renderer_calls_p95,count,0,1.0
Atlas,1c2e54b3b8df+bench,SVG,instrument-2026-10-07T06-37-50.292Z,points-3000-seed-41544c53,remove-100,renderer_calls_max,count,0,1.0
Atlas,1c2e54b3b8df+bench,SVG,instrument-2026-10-07T06-37-50.292Z,points-3000-seed-41544c53,remove-100,layout_rect_reads_n,count,0,1
Atlas,1c2e54b3b8df+bench,SVG,instrument-2026-10-07T06-37-50.292Z,points-3000-seed-41544c53,remove-100,layout_rect_reads_median,count,0,0.0
Atlas,1c2e54b3b8df+bench,SVG,instrument-2026-10-07T06-37-50.292Z,points-3000-seed-41544c53,remove-100,layout_rect_reads_p95,count,0,0.0
Atlas,1c2e54b3b8df+bench,SVG,instrument-2026-10-07T06-37-50.292Z,points-3000-seed-41544c53,remove-100,layout_rect_reads_max,count,0,0.0
Atlas,1c2e54b3b8df+bench,SVG,instrument-2026-10-07T06-37-50.292Z,points-3000-seed-41544c53,remove-100,instrumented_renderer_callback_ms_n,count,0,1
Atlas,1c2e54b3b8df+bench,SVG,instrument-2026-10-07T06-37-50.292Z,points-3000-seed-41544c53,remove-100,instrumented_renderer_callback_ms_median,ms,0,4.1
Atlas,1c2e54b3b8df+bench,SVG,instrument-2026-10-07T06-37-50.292Z,points-3000-seed-41544c53,remove-100,instrumented_renderer_callback_ms_p95,ms,0,4.1
Atlas,1c2e54b3b8df+bench,SVG,instrument-2026-10-07T06-37-50.292Z,points-3000-seed-41544c53,remove-100,instrumented_renderer_callback_ms_max,ms,0,4.1
Atlas,1c2e54b3b8df+bench,SVG,instrument-2026-10-07T06-37-50.292Z,points-3000-seed-41544c53,remove-100,cleanup_renderer_calls_n,count,0,1
Atlas,1c2e54b3b8df+bench,SVG,instrument-2026-10-07T06-37-50.292Z,points-3000-seed-41544c53,remove-100,cleanup_renderer_calls_median,count,0,0.0
Atlas,1c2e54b3b8df+bench,SVG,instrument-2026-10-07T06-37-50.292Z,points-3000-seed-41544c53,remove-100,cleanup_renderer_calls_p95,count,0,0.0
Atlas,1c2e54b3b8df+bench,SVG,instrument-2026-10-07T06-37-50.292Z,points-3000-seed-41544c53,remove-100,cleanup_renderer_calls_max,count,0,0.0
Atlas,1c2e54b3b8df+bench,SVG,instrument-2026-10-07T06-37-50.292Z,points-3000-seed-41544c53,remove-100,cleanup_stage_children_n,count,0,1
Atlas,1c2e54b3b8df+bench,SVG,instrument-2026-10-07T06-37-50.292Z,points-3000-seed-41544c53,remove-100,cleanup_stage_children_median,count,0,0.0
Atlas,1c2e54b3b8df+bench,SVG,instrument-2026-10-07T06-37-50.292Z,points-3000-seed-41544c53,remove-100,cleanup_stage_children_p95,count,0,0.0
Atlas,1c2e54b3b8df+bench,SVG,instrument-2026-10-07T06-37-50.292Z,points-3000-seed-41544c53,remove-100,cleanup_stage_children_max,count,0,0.0
Atlas,1c2e54b3b8df+bench,SVG,instrument-2026-10-07T06-37-50.292Z,points-3000-seed-41544c53,remove-500,operation_sync_ms_n,count,0,1
Atlas,1c2e54b3b8df+bench,SVG,instrument-2026-10-07T06-37-50.292Z,points-3000-seed-41544c53,remove-500,operation_sync_ms_median,ms,0,123.7
Atlas,1c2e54b3b8df+bench,SVG,instrument-2026-10-07T06-37-50.292Z,points-3000-seed-41544c53,remove-500,operation_sync_ms_p95,ms,0,123.7
Atlas,1c2e54b3b8df+bench,SVG,instrument-2026-10-07T06-37-50.292Z,points-3000-seed-41544c53,remove-500,operation_sync_ms_max,ms,0,123.7
Atlas,1c2e54b3b8df+bench,SVG,instrument-2026-10-07T06-37-50.292Z,points-3000-seed-41544c53,remove-500,cumulative_operation_ms_n,count,0,5
Atlas,1c2e54b3b8df+bench,SVG,instrument-2026-10-07T06-37-50.292Z,points-3000-seed-41544c53,remove-500,cumulative_operation_ms_median,ms,0,78.1
Atlas,1c2e54b3b8df+bench,SVG,instrument-2026-10-07T06-37-50.292Z,points-3000-seed-41544c53,remove-500,cumulative_operation_ms_p95,ms,0,123.7
Atlas,1c2e54b3b8df+bench,SVG,instrument-2026-10-07T06-37-50.292Z,points-3000-seed-41544c53,remove-500,cumulative_operation_ms_max,ms,0,123.7
Atlas,1c2e54b3b8df+bench,SVG,instrument-2026-10-07T06-37-50.292Z,points-3000-seed-41544c53,remove-500,operation_to_raf_opportunities_ms_n,count,0,1
Atlas,1c2e54b3b8df+bench,SVG,instrument-2026-10-07T06-37-50.292Z,points-3000-seed-41544c53,remove-500,operation_to_raf_opportunities_ms_median,ms,0,139.3
Atlas,1c2e54b3b8df+bench,SVG,instrument-2026-10-07T06-37-50.292Z,points-3000-seed-41544c53,remove-500,operation_to_raf_opportunities_ms_p95,ms,0,139.3
Atlas,1c2e54b3b8df+bench,SVG,instrument-2026-10-07T06-37-50.292Z,points-3000-seed-41544c53,remove-500,operation_to_raf_opportunities_ms_max,ms,0,139.3
Atlas,1c2e54b3b8df+bench,SVG,instrument-2026-10-07T06-37-50.292Z,points-3000-seed-41544c53,remove-500,root_iterator_creations_n,count,0,1
Atlas,1c2e54b3b8df+bench,SVG,instrument-2026-10-07T06-37-50.292Z,points-3000-seed-41544c53,remove-500,root_iterator_creations_median,count,0,503.0
Atlas,1c2e54b3b8df+bench,SVG,instrument-2026-10-07T06-37-50.292Z,points-3000-seed-41544c53,remove-500,root_iterator_creations_p95,count,0,503.0
Atlas,1c2e54b3b8df+bench,SVG,instrument-2026-10-07T06-37-50.292Z,points-3000-seed-41544c53,remove-500,root_iterator_creations_max,count,0,503.0
Atlas,1c2e54b3b8df+bench,SVG,instrument-2026-10-07T06-37-50.292Z,points-3000-seed-41544c53,remove-500,root_iterator_next_calls_n,count,0,1
Atlas,1c2e54b3b8df+bench,SVG,instrument-2026-10-07T06-37-50.292Z,points-3000-seed-41544c53,remove-500,root_iterator_next_calls_median,count,0,1380752.0
Atlas,1c2e54b3b8df+bench,SVG,instrument-2026-10-07T06-37-50.292Z,points-3000-seed-41544c53,remove-500,root_iterator_next_calls_p95,count,0,1380752.0
Atlas,1c2e54b3b8df+bench,SVG,instrument-2026-10-07T06-37-50.292Z,points-3000-seed-41544c53,remove-500,root_iterator_next_calls_max,count,0,1380752.0
Atlas,1c2e54b3b8df+bench,SVG,instrument-2026-10-07T06-37-50.292Z,points-3000-seed-41544c53,remove-500,svg_attribute_writes_n,count,0,1
Atlas,1c2e54b3b8df+bench,SVG,instrument-2026-10-07T06-37-50.292Z,points-3000-seed-41544c53,remove-500,svg_attribute_writes_median,count,0,5003.0
Atlas,1c2e54b3b8df+bench,SVG,instrument-2026-10-07T06-37-50.292Z,points-3000-seed-41544c53,remove-500,svg_attribute_writes_p95,count,0,5003.0
Atlas,1c2e54b3b8df+bench,SVG,instrument-2026-10-07T06-37-50.292Z,points-3000-seed-41544c53,remove-500,svg_attribute_writes_max,count,0,5003.0
Atlas,1c2e54b3b8df+bench,SVG,instrument-2026-10-07T06-37-50.292Z,points-3000-seed-41544c53,remove-500,renderer_scene_reads_n,count,0,1
Atlas,1c2e54b3b8df+bench,SVG,instrument-2026-10-07T06-37-50.292Z,points-3000-seed-41544c53,remove-500,renderer_scene_reads_median,count,0,1.0
Atlas,1c2e54b3b8df+bench,SVG,instrument-2026-10-07T06-37-50.292Z,points-3000-seed-41544c53,remove-500,renderer_scene_reads_p95,count,0,1.0
Atlas,1c2e54b3b8df+bench,SVG,instrument-2026-10-07T06-37-50.292Z,points-3000-seed-41544c53,remove-500,renderer_scene_reads_max,count,0,1.0
Atlas,1c2e54b3b8df+bench,SVG,instrument-2026-10-07T06-37-50.292Z,points-3000-seed-41544c53,remove-500,renderer_scene_membership_changes_n,count,0,1
Atlas,1c2e54b3b8df+bench,SVG,instrument-2026-10-07T06-37-50.292Z,points-3000-seed-41544c53,remove-500,renderer_scene_membership_changes_median,count,0,1.0
Atlas,1c2e54b3b8df+bench,SVG,instrument-2026-10-07T06-37-50.292Z,points-3000-seed-41544c53,remove-500,renderer_scene_membership_changes_p95,count,0,1.0
Atlas,1c2e54b3b8df+bench,SVG,instrument-2026-10-07T06-37-50.292Z,points-3000-seed-41544c53,remove-500,renderer_scene_membership_changes_max,count,0,1.0
Atlas,1c2e54b3b8df+bench,SVG,instrument-2026-10-07T06-37-50.292Z,points-3000-seed-41544c53,remove-500,svg_attribute_removals_n,count,0,1
Atlas,1c2e54b3b8df+bench,SVG,instrument-2026-10-07T06-37-50.292Z,points-3000-seed-41544c53,remove-500,svg_attribute_removals_median,count,0,2500.0
Atlas,1c2e54b3b8df+bench,SVG,instrument-2026-10-07T06-37-50.292Z,points-3000-seed-41544c53,remove-500,svg_attribute_removals_p95,count,0,2500.0
Atlas,1c2e54b3b8df+bench,SVG,instrument-2026-10-07T06-37-50.292Z,points-3000-seed-41544c53,remove-500,svg_attribute_removals_max,count,0,2500.0
Atlas,1c2e54b3b8df+bench,SVG,instrument-2026-10-07T06-37-50.292Z,points-3000-seed-41544c53,remove-500,renderer_calls_n,count,0,1
Atlas,1c2e54b3b8df+bench,SVG,instrument-2026-10-07T06-37-50.292Z,points-3000-seed-41544c53,remove-500,renderer_calls_median,count,0,1.0
Atlas,1c2e54b3b8df+bench,SVG,instrument-2026-10-07T06-37-50.292Z,points-3000-seed-41544c53,remove-500,renderer_calls_p95,count,0,1.0
Atlas,1c2e54b3b8df+bench,SVG,instrument-2026-10-07T06-37-50.292Z,points-3000-seed-41544c53,remove-500,renderer_calls_max,count,0,1.0
Atlas,1c2e54b3b8df+bench,SVG,instrument-2026-10-07T06-37-50.292Z,points-3000-seed-41544c53,remove-500,layout_rect_reads_n,count,0,1
Atlas,1c2e54b3b8df+bench,SVG,instrument-2026-10-07T06-37-50.292Z,points-3000-seed-41544c53,remove-500,layout_rect_reads_median,count,0,0.0
Atlas,1c2e54b3b8df+bench,SVG,instrument-2026-10-07T06-37-50.292Z,points-3000-seed-41544c53,remove-500,layout_rect_reads_p95,count,0,0.0
Atlas,1c2e54b3b8df+bench,SVG,instrument-2026-10-07T06-37-50.292Z,points-3000-seed-41544c53,remove-500,layout_rect_reads_max,count,0,0.0
Atlas,1c2e54b3b8df+bench,SVG,instrument-2026-10-07T06-37-50.292Z,points-3000-seed-41544c53,remove-500,instrumented_renderer_callback_ms_n,count,0,1
Atlas,1c2e54b3b8df+bench,SVG,instrument-2026-10-07T06-37-50.292Z,points-3000-seed-41544c53,remove-500,instrumented_renderer_callback_ms_median,ms,0,3.3
Atlas,1c2e54b3b8df+bench,SVG,instrument-2026-10-07T06-37-50.292Z,points-3000-seed-41544c53,remove-500,instrumented_renderer_callback_ms_p95,ms,0,3.3
Atlas,1c2e54b3b8df+bench,SVG,instrument-2026-10-07T06-37-50.292Z,points-3000-seed-41544c53,remove-500,instrumented_renderer_callback_ms_max,ms,0,3.3
Atlas,1c2e54b3b8df+bench,SVG,instrument-2026-10-07T06-37-50.292Z,points-3000-seed-41544c53,remove-500,cleanup_renderer_calls_n,count,0,1
Atlas,1c2e54b3b8df+bench,SVG,instrument-2026-10-07T06-37-50.292Z,points-3000-seed-41544c53,remove-500,cleanup_renderer_calls_median,count,0,0.0
Atlas,1c2e54b3b8df+bench,SVG,instrument-2026-10-07T06-37-50.292Z,points-3000-seed-41544c53,remove-500,cleanup_renderer_calls_p95,count,0,0.0
Atlas,1c2e54b3b8df+bench,SVG,instrument-2026-10-07T06-37-50.292Z,points-3000-seed-41544c53,remove-500,cleanup_renderer_calls_max,count,0,0.0
Atlas,1c2e54b3b8df+bench,SVG,instrument-2026-10-07T06-37-50.292Z,points-3000-seed-41544c53,remove-500,cleanup_stage_children_n,count,0,1
Atlas,1c2e54b3b8df+bench,SVG,instrument-2026-10-07T06-37-50.292Z,points-3000-seed-41544c53,remove-500,cleanup_stage_children_median,count,0,0.0
Atlas,1c2e54b3b8df+bench,SVG,instrument-2026-10-07T06-37-50.292Z,points-3000-seed-41544c53,remove-500,cleanup_stage_children_p95,count,0,0.0
Atlas,1c2e54b3b8df+bench,SVG,instrument-2026-10-07T06-37-50.292Z,points-3000-seed-41544c53,remove-500,cleanup_stage_children_max,count,0,0.0
Atlas,1c2e54b3b8df+bench,SVG,instrument-2026-10-07T06-37-50.292Z,points-3000-seed-41544c53,remove-1000,operation_sync_ms_n,count,0,1
Atlas,1c2e54b3b8df+bench,SVG,instrument-2026-10-07T06-37-50.292Z,points-3000-seed-41544c53,remove-1000,operation_sync_ms_median,ms,0,219.2
Atlas,1c2e54b3b8df+bench,SVG,instrument-2026-10-07T06-37-50.292Z,points-3000-seed-41544c53,remove-1000,operation_sync_ms_p95,ms,0,219.2
Atlas,1c2e54b3b8df+bench,SVG,instrument-2026-10-07T06-37-50.292Z,points-3000-seed-41544c53,remove-1000,operation_sync_ms_max,ms,0,219.2
Atlas,1c2e54b3b8df+bench,SVG,instrument-2026-10-07T06-37-50.292Z,points-3000-seed-41544c53,remove-1000,cumulative_operation_ms_n,count,0,10
Atlas,1c2e54b3b8df+bench,SVG,instrument-2026-10-07T06-37-50.292Z,points-3000-seed-41544c53,remove-1000,cumulative_operation_ms_median,ms,0,132.5
Atlas,1c2e54b3b8df+bench,SVG,instrument-2026-10-07T06-37-50.292Z,points-3000-seed-41544c53,remove-1000,cumulative_operation_ms_p95,ms,0,219.2
Atlas,1c2e54b3b8df+bench,SVG,instrument-2026-10-07T06-37-50.292Z,points-3000-seed-41544c53,remove-1000,cumulative_operation_ms_max,ms,0,219.2
Atlas,1c2e54b3b8df+bench,SVG,instrument-2026-10-07T06-37-50.292Z,points-3000-seed-41544c53,remove-1000,operation_to_raf_opportunities_ms_n,count,0,1
Atlas,1c2e54b3b8df+bench,SVG,instrument-2026-10-07T06-37-50.292Z,points-3000-seed-41544c53,remove-1000,operation_to_raf_opportunities_ms_median,ms,0,233.5
Atlas,1c2e54b3b8df+bench,SVG,instrument-2026-10-07T06-37-50.292Z,points-3000-seed-41544c53,remove-1000,operation_to_raf_opportunities_ms_p95,ms,0,233.5
Atlas,1c2e54b3b8df+bench,SVG,instrument-2026-10-07T06-37-50.292Z,points-3000-seed-41544c53,remove-1000,operation_to_raf_opportunities_ms_max,ms,0,233.5
Atlas,1c2e54b3b8df+bench,SVG,instrument-2026-10-07T06-37-50.292Z,points-3000-seed-41544c53,remove-1000,root_iterator_creations_n,count,0,1
Atlas,1c2e54b3b8df+bench,SVG,instrument-2026-10-07T06-37-50.292Z,points-3000-seed-41544c53,remove-1000,root_iterator_creations_median,count,0,1003.0
Atlas,1c2e54b3b8df+bench,SVG,instrument-2026-10-07T06-37-50.292Z,points-3000-seed-41544c53,remove-1000,root_iterator_creations_p95,count,0,1003.0
Atlas,1c2e54b3b8df+bench,SVG,instrument-2026-10-07T06-37-50.292Z,points-3000-seed-41544c53,remove-1000,root_iterator_creations_max,count,0,1003.0
Atlas,1c2e54b3b8df+bench,SVG,instrument-2026-10-07T06-37-50.292Z,points-3000-seed-41544c53,remove-1000,root_iterator_next_calls_n,count,0,1
Atlas,1c2e54b3b8df+bench,SVG,instrument-2026-10-07T06-37-50.292Z,points-3000-seed-41544c53,remove-1000,root_iterator_next_calls_median,count,0,2505502.0
Atlas,1c2e54b3b8df+bench,SVG,instrument-2026-10-07T06-37-50.292Z,points-3000-seed-41544c53,remove-1000,root_iterator_next_calls_p95,count,0,2505502.0
Atlas,1c2e54b3b8df+bench,SVG,instrument-2026-10-07T06-37-50.292Z,points-3000-seed-41544c53,remove-1000,root_iterator_next_calls_max,count,0,2505502.0
Atlas,1c2e54b3b8df+bench,SVG,instrument-2026-10-07T06-37-50.292Z,points-3000-seed-41544c53,remove-1000,svg_attribute_writes_n,count,0,1
Atlas,1c2e54b3b8df+bench,SVG,instrument-2026-10-07T06-37-50.292Z,points-3000-seed-41544c53,remove-1000,svg_attribute_writes_median,count,0,4003.0
Atlas,1c2e54b3b8df+bench,SVG,instrument-2026-10-07T06-37-50.292Z,points-3000-seed-41544c53,remove-1000,svg_attribute_writes_p95,count,0,4003.0
Atlas,1c2e54b3b8df+bench,SVG,instrument-2026-10-07T06-37-50.292Z,points-3000-seed-41544c53,remove-1000,svg_attribute_writes_max,count,0,4003.0
Atlas,1c2e54b3b8df+bench,SVG,instrument-2026-10-07T06-37-50.292Z,points-3000-seed-41544c53,remove-1000,renderer_scene_reads_n,count,0,1
Atlas,1c2e54b3b8df+bench,SVG,instrument-2026-10-07T06-37-50.292Z,points-3000-seed-41544c53,remove-1000,renderer_scene_reads_median,count,0,1.0
Atlas,1c2e54b3b8df+bench,SVG,instrument-2026-10-07T06-37-50.292Z,points-3000-seed-41544c53,remove-1000,renderer_scene_reads_p95,count,0,1.0
Atlas,1c2e54b3b8df+bench,SVG,instrument-2026-10-07T06-37-50.292Z,points-3000-seed-41544c53,remove-1000,renderer_scene_reads_max,count,0,1.0
Atlas,1c2e54b3b8df+bench,SVG,instrument-2026-10-07T06-37-50.292Z,points-3000-seed-41544c53,remove-1000,renderer_scene_membership_changes_n,count,0,1
Atlas,1c2e54b3b8df+bench,SVG,instrument-2026-10-07T06-37-50.292Z,points-3000-seed-41544c53,remove-1000,renderer_scene_membership_changes_median,count,0,1.0
Atlas,1c2e54b3b8df+bench,SVG,instrument-2026-10-07T06-37-50.292Z,points-3000-seed-41544c53,remove-1000,renderer_scene_membership_changes_p95,count,0,1.0
Atlas,1c2e54b3b8df+bench,SVG,instrument-2026-10-07T06-37-50.292Z,points-3000-seed-41544c53,remove-1000,renderer_scene_membership_changes_max,count,0,1.0
Atlas,1c2e54b3b8df+bench,SVG,instrument-2026-10-07T06-37-50.292Z,points-3000-seed-41544c53,remove-1000,svg_attribute_removals_n,count,0,1
Atlas,1c2e54b3b8df+bench,SVG,instrument-2026-10-07T06-37-50.292Z,points-3000-seed-41544c53,remove-1000,svg_attribute_removals_median,count,0,2000.0
Atlas,1c2e54b3b8df+bench,SVG,instrument-2026-10-07T06-37-50.292Z,points-3000-seed-41544c53,remove-1000,svg_attribute_removals_p95,count,0,2000.0
Atlas,1c2e54b3b8df+bench,SVG,instrument-2026-10-07T06-37-50.292Z,points-3000-seed-41544c53,remove-1000,svg_attribute_removals_max,count,0,2000.0
Atlas,1c2e54b3b8df+bench,SVG,instrument-2026-10-07T06-37-50.292Z,points-3000-seed-41544c53,remove-1000,renderer_calls_n,count,0,1
Atlas,1c2e54b3b8df+bench,SVG,instrument-2026-10-07T06-37-50.292Z,points-3000-seed-41544c53,remove-1000,renderer_calls_median,count,0,1.0
Atlas,1c2e54b3b8df+bench,SVG,instrument-2026-10-07T06-37-50.292Z,points-3000-seed-41544c53,remove-1000,renderer_calls_p95,count,0,1.0
Atlas,1c2e54b3b8df+bench,SVG,instrument-2026-10-07T06-37-50.292Z,points-3000-seed-41544c53,remove-1000,renderer_calls_max,count,0,1.0
Atlas,1c2e54b3b8df+bench,SVG,instrument-2026-10-07T06-37-50.292Z,points-3000-seed-41544c53,remove-1000,layout_rect_reads_n,count,0,1
Atlas,1c2e54b3b8df+bench,SVG,instrument-2026-10-07T06-37-50.292Z,points-3000-seed-41544c53,remove-1000,layout_rect_reads_median,count,0,0.0
Atlas,1c2e54b3b8df+bench,SVG,instrument-2026-10-07T06-37-50.292Z,points-3000-seed-41544c53,remove-1000,layout_rect_reads_p95,count,0,0.0
Atlas,1c2e54b3b8df+bench,SVG,instrument-2026-10-07T06-37-50.292Z,points-3000-seed-41544c53,remove-1000,layout_rect_reads_max,count,0,0.0
Atlas,1c2e54b3b8df+bench,SVG,instrument-2026-10-07T06-37-50.292Z,points-3000-seed-41544c53,remove-1000,instrumented_renderer_callback_ms_n,count,0,1
Atlas,1c2e54b3b8df+bench,SVG,instrument-2026-10-07T06-37-50.292Z,points-3000-seed-41544c53,remove-1000,instrumented_renderer_callback_ms_median,ms,0,2.8
Atlas,1c2e54b3b8df+bench,SVG,instrument-2026-10-07T06-37-50.292Z,points-3000-seed-41544c53,remove-1000,instrumented_renderer_callback_ms_p95,ms,0,2.8
Atlas,1c2e54b3b8df+bench,SVG,instrument-2026-10-07T06-37-50.292Z,points-3000-seed-41544c53,remove-1000,instrumented_renderer_callback_ms_max,ms,0,2.8
Atlas,1c2e54b3b8df+bench,SVG,instrument-2026-10-07T06-37-50.292Z,points-3000-seed-41544c53,remove-1000,cleanup_renderer_calls_n,count,0,1
Atlas,1c2e54b3b8df+bench,SVG,instrument-2026-10-07T06-37-50.292Z,points-3000-seed-41544c53,remove-1000,cleanup_renderer_calls_median,count,0,0.0
Atlas,1c2e54b3b8df+bench,SVG,instrument-2026-10-07T06-37-50.292Z,points-3000-seed-41544c53,remove-1000,cleanup_renderer_calls_p95,count,0,0.0
Atlas,1c2e54b3b8df+bench,SVG,instrument-2026-10-07T06-37-50.292Z,points-3000-seed-41544c53,remove-1000,cleanup_renderer_calls_max,count,0,0.0
Atlas,1c2e54b3b8df+bench,SVG,instrument-2026-10-07T06-37-50.292Z,points-3000-seed-41544c53,remove-1000,cleanup_stage_children_n,count,0,1
Atlas,1c2e54b3b8df+bench,SVG,instrument-2026-10-07T06-37-50.292Z,points-3000-seed-41544c53,remove-1000,cleanup_stage_children_median,count,0,0.0
Atlas,1c2e54b3b8df+bench,SVG,instrument-2026-10-07T06-37-50.292Z,points-3000-seed-41544c53,remove-1000,cleanup_stage_children_p95,count,0,0.0
Atlas,1c2e54b3b8df+bench,SVG,instrument-2026-10-07T06-37-50.292Z,points-3000-seed-41544c53,remove-1000,cleanup_stage_children_max,count,0,0.0
Atlas,1c2e54b3b8df+bench,SVG,instrument-2026-10-07T06-37-50.292Z,points-3000-seed-41544c53,wheel-input,synthetic_wheel_dispatch_sync_ms_n,count,0,10
Atlas,1c2e54b3b8df+bench,SVG,instrument-2026-10-07T06-37-50.292Z,points-3000-seed-41544c53,wheel-input,synthetic_wheel_dispatch_sync_ms_median,ms,0,0.0
Atlas,1c2e54b3b8df+bench,SVG,instrument-2026-10-07T06-37-50.292Z,points-3000-seed-41544c53,wheel-input,synthetic_wheel_dispatch_sync_ms_p95,ms,0,0.1
Atlas,1c2e54b3b8df+bench,SVG,instrument-2026-10-07T06-37-50.292Z,points-3000-seed-41544c53,wheel-input,synthetic_wheel_dispatch_sync_ms_max,ms,0,0.1
Atlas,1c2e54b3b8df+bench,SVG,instrument-2026-10-07T06-37-50.292Z,points-3000-seed-41544c53,wheel-input,layout_rect_reads_n,count,0,1
Atlas,1c2e54b3b8df+bench,SVG,instrument-2026-10-07T06-37-50.292Z,points-3000-seed-41544c53,wheel-input,layout_rect_reads_median,count,0,52.0
Atlas,1c2e54b3b8df+bench,SVG,instrument-2026-10-07T06-37-50.292Z,points-3000-seed-41544c53,wheel-input,layout_rect_reads_p95,count,0,52.0
Atlas,1c2e54b3b8df+bench,SVG,instrument-2026-10-07T06-37-50.292Z,points-3000-seed-41544c53,wheel-input,layout_rect_reads_max,count,0,52.0
Atlas,1c2e54b3b8df+bench,SVG,instrument-2026-10-07T06-37-50.292Z,points-3000-seed-41544c53,wheel-input,svg_attribute_writes_n,count,0,1
Atlas,1c2e54b3b8df+bench,SVG,instrument-2026-10-07T06-37-50.292Z,points-3000-seed-41544c53,wheel-input,svg_attribute_writes_median,count,0,60030.0
Atlas,1c2e54b3b8df+bench,SVG,instrument-2026-10-07T06-37-50.292Z,points-3000-seed-41544c53,wheel-input,svg_attribute_writes_p95,count,0,60030.0
Atlas,1c2e54b3b8df+bench,SVG,instrument-2026-10-07T06-37-50.292Z,points-3000-seed-41544c53,wheel-input,svg_attribute_writes_max,count,0,60030.0
Atlas,1c2e54b3b8df+bench,SVG,instrument-2026-10-07T06-37-50.292Z,points-3000-seed-41544c53,wheel-input,renderer_scene_reads_n,count,0,1
Atlas,1c2e54b3b8df+bench,SVG,instrument-2026-10-07T06-37-50.292Z,points-3000-seed-41544c53,wheel-input,renderer_scene_reads_median,count,0,10.0
Atlas,1c2e54b3b8df+bench,SVG,instrument-2026-10-07T06-37-50.292Z,points-3000-seed-41544c53,wheel-input,renderer_scene_reads_p95,count,0,10.0
Atlas,1c2e54b3b8df+bench,SVG,instrument-2026-10-07T06-37-50.292Z,points-3000-seed-41544c53,wheel-input,renderer_scene_reads_max,count,0,10.0
Atlas,1c2e54b3b8df+bench,SVG,instrument-2026-10-07T06-37-50.292Z,points-3000-seed-41544c53,wheel-input,root_iterator_creations_n,count,0,1
Atlas,1c2e54b3b8df+bench,SVG,instrument-2026-10-07T06-37-50.292Z,points-3000-seed-41544c53,wheel-input,root_iterator_creations_median,count,0,10.0
Atlas,1c2e54b3b8df+bench,SVG,instrument-2026-10-07T06-37-50.292Z,points-3000-seed-41544c53,wheel-input,root_iterator_creations_p95,count,0,10.0
Atlas,1c2e54b3b8df+bench,SVG,instrument-2026-10-07T06-37-50.292Z,points-3000-seed-41544c53,wheel-input,root_iterator_creations_max,count,0,10.0
Atlas,1c2e54b3b8df+bench,SVG,instrument-2026-10-07T06-37-50.292Z,points-3000-seed-41544c53,wheel-input,root_iterator_next_calls_n,count,0,1
Atlas,1c2e54b3b8df+bench,SVG,instrument-2026-10-07T06-37-50.292Z,points-3000-seed-41544c53,wheel-input,root_iterator_next_calls_median,count,0,30000.0
Atlas,1c2e54b3b8df+bench,SVG,instrument-2026-10-07T06-37-50.292Z,points-3000-seed-41544c53,wheel-input,root_iterator_next_calls_p95,count,0,30000.0
Atlas,1c2e54b3b8df+bench,SVG,instrument-2026-10-07T06-37-50.292Z,points-3000-seed-41544c53,wheel-input,root_iterator_next_calls_max,count,0,30000.0
Atlas,1c2e54b3b8df+bench,SVG,instrument-2026-10-07T06-37-50.292Z,points-3000-seed-41544c53,wheel-input,svg_attribute_removals_n,count,0,1
Atlas,1c2e54b3b8df+bench,SVG,instrument-2026-10-07T06-37-50.292Z,points-3000-seed-41544c53,wheel-input,svg_attribute_removals_median,count,0,30000.0
Atlas,1c2e54b3b8df+bench,SVG,instrument-2026-10-07T06-37-50.292Z,points-3000-seed-41544c53,wheel-input,svg_attribute_removals_p95,count,0,30000.0
Atlas,1c2e54b3b8df+bench,SVG,instrument-2026-10-07T06-37-50.292Z,points-3000-seed-41544c53,wheel-input,svg_attribute_removals_max,count,0,30000.0
Atlas,1c2e54b3b8df+bench,SVG,instrument-2026-10-07T06-37-50.292Z,points-3000-seed-41544c53,wheel-input,renderer_calls_n,count,0,1
Atlas,1c2e54b3b8df+bench,SVG,instrument-2026-10-07T06-37-50.292Z,points-3000-seed-41544c53,wheel-input,renderer_calls_median,count,0,10.0
Atlas,1c2e54b3b8df+bench,SVG,instrument-2026-10-07T06-37-50.292Z,points-3000-seed-41544c53,wheel-input,renderer_calls_p95,count,0,10.0
Atlas,1c2e54b3b8df+bench,SVG,instrument-2026-10-07T06-37-50.292Z,points-3000-seed-41544c53,wheel-input,renderer_calls_max,count,0,10.0
Atlas,1c2e54b3b8df+bench,SVG,instrument-2026-10-07T06-37-50.292Z,points-3000-seed-41544c53,wheel-input,instrumented_renderer_callback_ms_n,count,0,10
Atlas,1c2e54b3b8df+bench,SVG,instrument-2026-10-07T06-37-50.292Z,points-3000-seed-41544c53,wheel-input,instrumented_renderer_callback_ms_median,ms,0,3.45
Atlas,1c2e54b3b8df+bench,SVG,instrument-2026-10-07T06-37-50.292Z,points-3000-seed-41544c53,wheel-input,instrumented_renderer_callback_ms_p95,ms,0,4.0
Atlas,1c2e54b3b8df+bench,SVG,instrument-2026-10-07T06-37-50.292Z,points-3000-seed-41544c53,wheel-input,instrumented_renderer_callback_ms_max,ms,0,4.0
Atlas,1c2e54b3b8df+bench,SVG,instrument-2026-10-07T06-37-50.292Z,points-3000-seed-41544c53,wheel-input,cleanup_renderer_calls_n,count,0,1
Atlas,1c2e54b3b8df+bench,SVG,instrument-2026-10-07T06-37-50.292Z,points-3000-seed-41544c53,wheel-input,cleanup_renderer_calls_median,count,0,0.0
Atlas,1c2e54b3b8df+bench,SVG,instrument-2026-10-07T06-37-50.292Z,points-3000-seed-41544c53,wheel-input,cleanup_renderer_calls_p95,count,0,0.0
Atlas,1c2e54b3b8df+bench,SVG,instrument-2026-10-07T06-37-50.292Z,points-3000-seed-41544c53,wheel-input,cleanup_renderer_calls_max,count,0,0.0
Atlas,1c2e54b3b8df+bench,SVG,instrument-2026-10-07T06-37-50.292Z,points-3000-seed-41544c53,wheel-input,cleanup_stage_children_n,count,0,1
Atlas,1c2e54b3b8df+bench,SVG,instrument-2026-10-07T06-37-50.292Z,points-3000-seed-41544c53,wheel-input,cleanup_stage_children_median,count,0,0.0
Atlas,1c2e54b3b8df+bench,SVG,instrument-2026-10-07T06-37-50.292Z,points-3000-seed-41544c53,wheel-input,cleanup_stage_children_p95,count,0,0.0
Atlas,1c2e54b3b8df+bench,SVG,instrument-2026-10-07T06-37-50.292Z,points-3000-seed-41544c53,wheel-input,cleanup_stage_children_max,count,0,0.0
Atlas,1c2e54b3b8df+bench,SVG,instrument-2026-10-07T06-37-50.292Z,points-5000-seed-41544c53,load,load_promise_ms_n,count,0,1
Atlas,1c2e54b3b8df+bench,SVG,instrument-2026-10-07T06-37-50.292Z,points-5000-seed-41544c53,load,load_promise_ms_median,ms,0,12.6
Atlas,1c2e54b3b8df+bench,SVG,instrument-2026-10-07T06-37-50.292Z,points-5000-seed-41544c53,load,load_promise_ms_p95,ms,0,12.6
Atlas,1c2e54b3b8df+bench,SVG,instrument-2026-10-07T06-37-50.292Z,points-5000-seed-41544c53,load,load_promise_ms_max,ms,0,12.6
Atlas,1c2e54b3b8df+bench,SVG,instrument-2026-10-07T06-37-50.292Z,points-5000-seed-41544c53,load,create_to_raf_opportunities_ms_n,count,0,1
Atlas,1c2e54b3b8df+bench,SVG,instrument-2026-10-07T06-37-50.292Z,points-5000-seed-41544c53,load,create_to_raf_opportunities_ms_median,ms,0,90.4
Atlas,1c2e54b3b8df+bench,SVG,instrument-2026-10-07T06-37-50.292Z,points-5000-seed-41544c53,load,create_to_raf_opportunities_ms_p95,ms,0,90.4
Atlas,1c2e54b3b8df+bench,SVG,instrument-2026-10-07T06-37-50.292Z,points-5000-seed-41544c53,load,create_to_raf_opportunities_ms_max,ms,0,90.4
Atlas,1c2e54b3b8df+bench,SVG,instrument-2026-10-07T06-37-50.292Z,points-5000-seed-41544c53,load,semantic_roots_n,count,0,1
Atlas,1c2e54b3b8df+bench,SVG,instrument-2026-10-07T06-37-50.292Z,points-5000-seed-41544c53,load,semantic_roots_median,count,0,5000.0
Atlas,1c2e54b3b8df+bench,SVG,instrument-2026-10-07T06-37-50.292Z,points-5000-seed-41544c53,load,semantic_roots_p95,count,0,5000.0
Atlas,1c2e54b3b8df+bench,SVG,instrument-2026-10-07T06-37-50.292Z,points-5000-seed-41544c53,load,semantic_roots_max,count,0,5000.0
Atlas,1c2e54b3b8df+bench,SVG,instrument-2026-10-07T06-37-50.292Z,points-5000-seed-41544c53,load,owned_points_n,count,0,1
Atlas,1c2e54b3b8df+bench,SVG,instrument-2026-10-07T06-37-50.292Z,points-5000-seed-41544c53,load,owned_points_median,count,0,0.0
Atlas,1c2e54b3b8df+bench,SVG,instrument-2026-10-07T06-37-50.292Z,points-5000-seed-41544c53,load,owned_points_p95,count,0,0.0
Atlas,1c2e54b3b8df+bench,SVG,instrument-2026-10-07T06-37-50.292Z,points-5000-seed-41544c53,load,owned_points_max,count,0,0.0
Atlas,1c2e54b3b8df+bench,SVG,instrument-2026-10-07T06-37-50.292Z,points-5000-seed-41544c53,load,visual_primitives_n,count,0,1
Atlas,1c2e54b3b8df+bench,SVG,instrument-2026-10-07T06-37-50.292Z,points-5000-seed-41544c53,load,visual_primitives_median,count,0,5000.0
Atlas,1c2e54b3b8df+bench,SVG,instrument-2026-10-07T06-37-50.292Z,points-5000-seed-41544c53,load,visual_primitives_p95,count,0,5000.0
Atlas,1c2e54b3b8df+bench,SVG,instrument-2026-10-07T06-37-50.292Z,points-5000-seed-41544c53,load,visual_primitives_max,count,0,5000.0
Atlas,1c2e54b3b8df+bench,SVG,instrument-2026-10-07T06-37-50.292Z,points-5000-seed-41544c53,load,svg_element_nodes_n,count,0,1
Atlas,1c2e54b3b8df+bench,SVG,instrument-2026-10-07T06-37-50.292Z,points-5000-seed-41544c53,load,svg_element_nodes_median,count,0,10002.0
Atlas,1c2e54b3b8df+bench,SVG,instrument-2026-10-07T06-37-50.292Z,points-5000-seed-41544c53,load,svg_element_nodes_p95,count,0,10002.0
Atlas,1c2e54b3b8df+bench,SVG,instrument-2026-10-07T06-37-50.292Z,points-5000-seed-41544c53,load,svg_element_nodes_max,count,0,10002.0
Atlas,1c2e54b3b8df+bench,SVG,instrument-2026-10-07T06-37-50.292Z,points-5000-seed-41544c53,load,shadow_element_nodes_n,count,0,1
Atlas,1c2e54b3b8df+bench,SVG,instrument-2026-10-07T06-37-50.292Z,points-5000-seed-41544c53,load,shadow_element_nodes_median,count,0,10003.0
Atlas,1c2e54b3b8df+bench,SVG,instrument-2026-10-07T06-37-50.292Z,points-5000-seed-41544c53,load,shadow_element_nodes_p95,count,0,10003.0
Atlas,1c2e54b3b8df+bench,SVG,instrument-2026-10-07T06-37-50.292Z,points-5000-seed-41544c53,load,shadow_element_nodes_max,count,0,10003.0
Atlas,1c2e54b3b8df+bench,SVG,instrument-2026-10-07T06-37-50.292Z,points-5000-seed-41544c53,load,shadow_dom_nodes_n,count,0,1
Atlas,1c2e54b3b8df+bench,SVG,instrument-2026-10-07T06-37-50.292Z,points-5000-seed-41544c53,load,shadow_dom_nodes_median,count,0,10006.0
Atlas,1c2e54b3b8df+bench,SVG,instrument-2026-10-07T06-37-50.292Z,points-5000-seed-41544c53,load,shadow_dom_nodes_p95,count,0,10006.0
Atlas,1c2e54b3b8df+bench,SVG,instrument-2026-10-07T06-37-50.292Z,points-5000-seed-41544c53,load,shadow_dom_nodes_max,count,0,10006.0
Atlas,1c2e54b3b8df+bench,SVG,instrument-2026-10-07T06-37-50.292Z,points-5000-seed-41544c53,load,root_iterator_creations_n,count,0,1
Atlas,1c2e54b3b8df+bench,SVG,instrument-2026-10-07T06-37-50.292Z,points-5000-seed-41544c53,load,root_iterator_creations_median,count,0,6.0
Atlas,1c2e54b3b8df+bench,SVG,instrument-2026-10-07T06-37-50.292Z,points-5000-seed-41544c53,load,root_iterator_creations_p95,count,0,6.0
Atlas,1c2e54b3b8df+bench,SVG,instrument-2026-10-07T06-37-50.292Z,points-5000-seed-41544c53,load,root_iterator_creations_max,count,0,6.0
Atlas,1c2e54b3b8df+bench,SVG,instrument-2026-10-07T06-37-50.292Z,points-5000-seed-41544c53,load,root_iterator_next_calls_n,count,0,1
Atlas,1c2e54b3b8df+bench,SVG,instrument-2026-10-07T06-37-50.292Z,points-5000-seed-41544c53,load,root_iterator_next_calls_median,count,0,20004.0
Atlas,1c2e54b3b8df+bench,SVG,instrument-2026-10-07T06-37-50.292Z,points-5000-seed-41544c53,load,root_iterator_next_calls_p95,count,0,20004.0
Atlas,1c2e54b3b8df+bench,SVG,instrument-2026-10-07T06-37-50.292Z,points-5000-seed-41544c53,load,root_iterator_next_calls_max,count,0,20004.0
Atlas,1c2e54b3b8df+bench,SVG,instrument-2026-10-07T06-37-50.292Z,points-5000-seed-41544c53,load,svg_attribute_writes_n,count,0,1
Atlas,1c2e54b3b8df+bench,SVG,instrument-2026-10-07T06-37-50.292Z,points-5000-seed-41544c53,load,svg_attribute_writes_median,count,0,40009.0
Atlas,1c2e54b3b8df+bench,SVG,instrument-2026-10-07T06-37-50.292Z,points-5000-seed-41544c53,load,svg_attribute_writes_p95,count,0,40009.0
Atlas,1c2e54b3b8df+bench,SVG,instrument-2026-10-07T06-37-50.292Z,points-5000-seed-41544c53,load,svg_attribute_writes_max,count,0,40009.0
Atlas,1c2e54b3b8df+bench,SVG,instrument-2026-10-07T06-37-50.292Z,points-5000-seed-41544c53,load,renderer_calls_n,count,0,1
Atlas,1c2e54b3b8df+bench,SVG,instrument-2026-10-07T06-37-50.292Z,points-5000-seed-41544c53,load,renderer_calls_median,count,0,2.0
Atlas,1c2e54b3b8df+bench,SVG,instrument-2026-10-07T06-37-50.292Z,points-5000-seed-41544c53,load,renderer_calls_p95,count,0,2.0
Atlas,1c2e54b3b8df+bench,SVG,instrument-2026-10-07T06-37-50.292Z,points-5000-seed-41544c53,load,renderer_calls_max,count,0,2.0
Atlas,1c2e54b3b8df+bench,SVG,instrument-2026-10-07T06-37-50.292Z,points-5000-seed-41544c53,load,renderer_scene_reads_n,count,0,1
Atlas,1c2e54b3b8df+bench,SVG,instrument-2026-10-07T06-37-50.292Z,points-5000-seed-41544c53,load,renderer_scene_reads_median,count,0,2.0
Atlas,1c2e54b3b8df+bench,SVG,instrument-2026-10-07T06-37-50.292Z,points-5000-seed-41544c53,load,renderer_scene_reads_p95,count,0,2.0
Atlas,1c2e54b3b8df+bench,SVG,instrument-2026-10-07T06-37-50.292Z,points-5000-seed-41544c53,load,renderer_scene_reads_max,count,0,2.0
Atlas,1c2e54b3b8df+bench,SVG,instrument-2026-10-07T06-37-50.292Z,points-5000-seed-41544c53,load,svg_attribute_removals_n,count,0,1
Atlas,1c2e54b3b8df+bench,SVG,instrument-2026-10-07T06-37-50.292Z,points-5000-seed-41544c53,load,svg_attribute_removals_median,count,0,5000.0
Atlas,1c2e54b3b8df+bench,SVG,instrument-2026-10-07T06-37-50.292Z,points-5000-seed-41544c53,load,svg_attribute_removals_p95,count,0,5000.0
Atlas,1c2e54b3b8df+bench,SVG,instrument-2026-10-07T06-37-50.292Z,points-5000-seed-41544c53,load,svg_attribute_removals_max,count,0,5000.0
Atlas,1c2e54b3b8df+bench,SVG,instrument-2026-10-07T06-37-50.292Z,points-5000-seed-41544c53,load,layout_rect_reads_n,count,0,1
Atlas,1c2e54b3b8df+bench,SVG,instrument-2026-10-07T06-37-50.292Z,points-5000-seed-41544c53,load,layout_rect_reads_median,count,0,0.0
Atlas,1c2e54b3b8df+bench,SVG,instrument-2026-10-07T06-37-50.292Z,points-5000-seed-41544c53,load,layout_rect_reads_p95,count,0,0.0
Atlas,1c2e54b3b8df+bench,SVG,instrument-2026-10-07T06-37-50.292Z,points-5000-seed-41544c53,load,layout_rect_reads_max,count,0,0.0
Atlas,1c2e54b3b8df+bench,SVG,instrument-2026-10-07T06-37-50.292Z,points-5000-seed-41544c53,load,instrumented_renderer_callback_ms_n,count,0,2
Atlas,1c2e54b3b8df+bench,SVG,instrument-2026-10-07T06-37-50.292Z,points-5000-seed-41544c53,load,instrumented_renderer_callback_ms_median,ms,0,2.9
Atlas,1c2e54b3b8df+bench,SVG,instrument-2026-10-07T06-37-50.292Z,points-5000-seed-41544c53,load,instrumented_renderer_callback_ms_p95,ms,0,5.8
Atlas,1c2e54b3b8df+bench,SVG,instrument-2026-10-07T06-37-50.292Z,points-5000-seed-41544c53,load,instrumented_renderer_callback_ms_max,ms,0,5.8
Atlas,1c2e54b3b8df+bench,SVG,instrument-2026-10-07T06-37-50.292Z,points-5000-seed-41544c53,load,instrumented_prepare_promise_ms_n,count,0,1
Atlas,1c2e54b3b8df+bench,SVG,instrument-2026-10-07T06-37-50.292Z,points-5000-seed-41544c53,load,instrumented_prepare_promise_ms_median,ms,0,7.3
Atlas,1c2e54b3b8df+bench,SVG,instrument-2026-10-07T06-37-50.292Z,points-5000-seed-41544c53,load,instrumented_prepare_promise_ms_p95,ms,0,7.3
Atlas,1c2e54b3b8df+bench,SVG,instrument-2026-10-07T06-37-50.292Z,points-5000-seed-41544c53,load,instrumented_prepare_promise_ms_max,ms,0,7.3
Atlas,1c2e54b3b8df+bench,SVG,instrument-2026-10-07T06-37-50.292Z,points-5000-seed-41544c53,load,cleanup_renderer_calls_n,count,0,1
Atlas,1c2e54b3b8df+bench,SVG,instrument-2026-10-07T06-37-50.292Z,points-5000-seed-41544c53,load,cleanup_renderer_calls_median,count,0,0.0
Atlas,1c2e54b3b8df+bench,SVG,instrument-2026-10-07T06-37-50.292Z,points-5000-seed-41544c53,load,cleanup_renderer_calls_p95,count,0,0.0
Atlas,1c2e54b3b8df+bench,SVG,instrument-2026-10-07T06-37-50.292Z,points-5000-seed-41544c53,load,cleanup_renderer_calls_max,count,0,0.0
Atlas,1c2e54b3b8df+bench,SVG,instrument-2026-10-07T06-37-50.292Z,points-5000-seed-41544c53,load,cleanup_stage_children_n,count,0,1
Atlas,1c2e54b3b8df+bench,SVG,instrument-2026-10-07T06-37-50.292Z,points-5000-seed-41544c53,load,cleanup_stage_children_median,count,0,0.0
Atlas,1c2e54b3b8df+bench,SVG,instrument-2026-10-07T06-37-50.292Z,points-5000-seed-41544c53,load,cleanup_stage_children_p95,count,0,0.0
Atlas,1c2e54b3b8df+bench,SVG,instrument-2026-10-07T06-37-50.292Z,points-5000-seed-41544c53,load,cleanup_stage_children_max,count,0,0.0
Atlas,1c2e54b3b8df+bench,SVG,instrument-2026-10-07T06-37-50.292Z,points-5000-seed-41544c53,pan,frame_interval_ms_n,count,0,55
Atlas,1c2e54b3b8df+bench,SVG,instrument-2026-10-07T06-37-50.292Z,points-5000-seed-41544c53,pan,frame_interval_ms_median,ms,0,33.3
Atlas,1c2e54b3b8df+bench,SVG,instrument-2026-10-07T06-37-50.292Z,points-5000-seed-41544c53,pan,frame_interval_ms_p95,ms,0,33.4
Atlas,1c2e54b3b8df+bench,SVG,instrument-2026-10-07T06-37-50.292Z,points-5000-seed-41544c53,pan,frame_interval_ms_max,ms,0,33.4
Atlas,1c2e54b3b8df+bench,SVG,instrument-2026-10-07T06-37-50.292Z,points-5000-seed-41544c53,pan,camera_api_sync_ms_n,count,0,55
Atlas,1c2e54b3b8df+bench,SVG,instrument-2026-10-07T06-37-50.292Z,points-5000-seed-41544c53,pan,camera_api_sync_ms_median,ms,0,0.0
Atlas,1c2e54b3b8df+bench,SVG,instrument-2026-10-07T06-37-50.292Z,points-5000-seed-41544c53,pan,camera_api_sync_ms_p95,ms,0,0.1
Atlas,1c2e54b3b8df+bench,SVG,instrument-2026-10-07T06-37-50.292Z,points-5000-seed-41544c53,pan,camera_api_sync_ms_max,ms,0,0.1
Atlas,1c2e54b3b8df+bench,SVG,instrument-2026-10-07T06-37-50.292Z,points-5000-seed-41544c53,pan,motion_elapsed_ms_n,count,0,1
Atlas,1c2e54b3b8df+bench,SVG,instrument-2026-10-07T06-37-50.292Z,points-5000-seed-41544c53,pan,motion_elapsed_ms_median,ms,0,1533.3
Atlas,1c2e54b3b8df+bench,SVG,instrument-2026-10-07T06-37-50.292Z,points-5000-seed-41544c53,pan,motion_elapsed_ms_p95,ms,0,1533.3
Atlas,1c2e54b3b8df+bench,SVG,instrument-2026-10-07T06-37-50.292Z,points-5000-seed-41544c53,pan,motion_elapsed_ms_max,ms,0,1533.3
Atlas,1c2e54b3b8df+bench,SVG,instrument-2026-10-07T06-37-50.292Z,points-5000-seed-41544c53,pan,camera_updates_n,count,0,1
Atlas,1c2e54b3b8df+bench,SVG,instrument-2026-10-07T06-37-50.292Z,points-5000-seed-41544c53,pan,camera_updates_median,count,0,55.0
Atlas,1c2e54b3b8df+bench,SVG,instrument-2026-10-07T06-37-50.292Z,points-5000-seed-41544c53,pan,camera_updates_p95,count,0,55.0
Atlas,1c2e54b3b8df+bench,SVG,instrument-2026-10-07T06-37-50.292Z,points-5000-seed-41544c53,pan,camera_updates_max,count,0,55.0
Atlas,1c2e54b3b8df+bench,SVG,instrument-2026-10-07T06-37-50.292Z,points-5000-seed-41544c53,pan,svg_attribute_writes_n,count,0,1
Atlas,1c2e54b3b8df+bench,SVG,instrument-2026-10-07T06-37-50.292Z,points-5000-seed-41544c53,pan,svg_attribute_writes_median,count,0,550165.0
Atlas,1c2e54b3b8df+bench,SVG,instrument-2026-10-07T06-37-50.292Z,points-5000-seed-41544c53,pan,svg_attribute_writes_p95,count,0,550165.0
Atlas,1c2e54b3b8df+bench,SVG,instrument-2026-10-07T06-37-50.292Z,points-5000-seed-41544c53,pan,svg_attribute_writes_max,count,0,550165.0
Atlas,1c2e54b3b8df+bench,SVG,instrument-2026-10-07T06-37-50.292Z,points-5000-seed-41544c53,pan,renderer_scene_reads_n,count,0,1
Atlas,1c2e54b3b8df+bench,SVG,instrument-2026-10-07T06-37-50.292Z,points-5000-seed-41544c53,pan,renderer_scene_reads_median,count,0,55.0
Atlas,1c2e54b3b8df+bench,SVG,instrument-2026-10-07T06-37-50.292Z,points-5000-seed-41544c53,pan,renderer_scene_reads_p95,count,0,55.0
Atlas,1c2e54b3b8df+bench,SVG,instrument-2026-10-07T06-37-50.292Z,points-5000-seed-41544c53,pan,renderer_scene_reads_max,count,0,55.0
Atlas,1c2e54b3b8df+bench,SVG,instrument-2026-10-07T06-37-50.292Z,points-5000-seed-41544c53,pan,root_iterator_creations_n,count,0,1
Atlas,1c2e54b3b8df+bench,SVG,instrument-2026-10-07T06-37-50.292Z,points-5000-seed-41544c53,pan,root_iterator_creations_median,count,0,55.0
Atlas,1c2e54b3b8df+bench,SVG,instrument-2026-10-07T06-37-50.292Z,points-5000-seed-41544c53,pan,root_iterator_creations_p95,count,0,55.0
Atlas,1c2e54b3b8df+bench,SVG,instrument-2026-10-07T06-37-50.292Z,points-5000-seed-41544c53,pan,root_iterator_creations_max,count,0,55.0
Atlas,1c2e54b3b8df+bench,SVG,instrument-2026-10-07T06-37-50.292Z,points-5000-seed-41544c53,pan,root_iterator_next_calls_n,count,0,1
Atlas,1c2e54b3b8df+bench,SVG,instrument-2026-10-07T06-37-50.292Z,points-5000-seed-41544c53,pan,root_iterator_next_calls_median,count,0,275000.0
Atlas,1c2e54b3b8df+bench,SVG,instrument-2026-10-07T06-37-50.292Z,points-5000-seed-41544c53,pan,root_iterator_next_calls_p95,count,0,275000.0
Atlas,1c2e54b3b8df+bench,SVG,instrument-2026-10-07T06-37-50.292Z,points-5000-seed-41544c53,pan,root_iterator_next_calls_max,count,0,275000.0
Atlas,1c2e54b3b8df+bench,SVG,instrument-2026-10-07T06-37-50.292Z,points-5000-seed-41544c53,pan,svg_attribute_removals_n,count,0,1
Atlas,1c2e54b3b8df+bench,SVG,instrument-2026-10-07T06-37-50.292Z,points-5000-seed-41544c53,pan,svg_attribute_removals_median,count,0,275000.0
Atlas,1c2e54b3b8df+bench,SVG,instrument-2026-10-07T06-37-50.292Z,points-5000-seed-41544c53,pan,svg_attribute_removals_p95,count,0,275000.0
Atlas,1c2e54b3b8df+bench,SVG,instrument-2026-10-07T06-37-50.292Z,points-5000-seed-41544c53,pan,svg_attribute_removals_max,count,0,275000.0
Atlas,1c2e54b3b8df+bench,SVG,instrument-2026-10-07T06-37-50.292Z,points-5000-seed-41544c53,pan,renderer_calls_n,count,0,1
Atlas,1c2e54b3b8df+bench,SVG,instrument-2026-10-07T06-37-50.292Z,points-5000-seed-41544c53,pan,renderer_calls_median,count,0,55.0
Atlas,1c2e54b3b8df+bench,SVG,instrument-2026-10-07T06-37-50.292Z,points-5000-seed-41544c53,pan,renderer_calls_p95,count,0,55.0
Atlas,1c2e54b3b8df+bench,SVG,instrument-2026-10-07T06-37-50.292Z,points-5000-seed-41544c53,pan,renderer_calls_max,count,0,55.0
Atlas,1c2e54b3b8df+bench,SVG,instrument-2026-10-07T06-37-50.292Z,points-5000-seed-41544c53,pan,layout_rect_reads_n,count,0,1
Atlas,1c2e54b3b8df+bench,SVG,instrument-2026-10-07T06-37-50.292Z,points-5000-seed-41544c53,pan,layout_rect_reads_median,count,0,0.0
Atlas,1c2e54b3b8df+bench,SVG,instrument-2026-10-07T06-37-50.292Z,points-5000-seed-41544c53,pan,layout_rect_reads_p95,count,0,0.0
Atlas,1c2e54b3b8df+bench,SVG,instrument-2026-10-07T06-37-50.292Z,points-5000-seed-41544c53,pan,layout_rect_reads_max,count,0,0.0
Atlas,1c2e54b3b8df+bench,SVG,instrument-2026-10-07T06-37-50.292Z,points-5000-seed-41544c53,pan,instrumented_renderer_callback_ms_n,count,0,55
Atlas,1c2e54b3b8df+bench,SVG,instrument-2026-10-07T06-37-50.292Z,points-5000-seed-41544c53,pan,instrumented_renderer_callback_ms_median,ms,0,5.5
Atlas,1c2e54b3b8df+bench,SVG,instrument-2026-10-07T06-37-50.292Z,points-5000-seed-41544c53,pan,instrumented_renderer_callback_ms_p95,ms,0,7.7
Atlas,1c2e54b3b8df+bench,SVG,instrument-2026-10-07T06-37-50.292Z,points-5000-seed-41544c53,pan,instrumented_renderer_callback_ms_max,ms,0,14.4
Atlas,1c2e54b3b8df+bench,SVG,instrument-2026-10-07T06-37-50.292Z,points-5000-seed-41544c53,pan,cleanup_renderer_calls_n,count,0,1
Atlas,1c2e54b3b8df+bench,SVG,instrument-2026-10-07T06-37-50.292Z,points-5000-seed-41544c53,pan,cleanup_renderer_calls_median,count,0,0.0
Atlas,1c2e54b3b8df+bench,SVG,instrument-2026-10-07T06-37-50.292Z,points-5000-seed-41544c53,pan,cleanup_renderer_calls_p95,count,0,0.0
Atlas,1c2e54b3b8df+bench,SVG,instrument-2026-10-07T06-37-50.292Z,points-5000-seed-41544c53,pan,cleanup_renderer_calls_max,count,0,0.0
Atlas,1c2e54b3b8df+bench,SVG,instrument-2026-10-07T06-37-50.292Z,points-5000-seed-41544c53,pan,cleanup_stage_children_n,count,0,1
Atlas,1c2e54b3b8df+bench,SVG,instrument-2026-10-07T06-37-50.292Z,points-5000-seed-41544c53,pan,cleanup_stage_children_median,count,0,0.0
Atlas,1c2e54b3b8df+bench,SVG,instrument-2026-10-07T06-37-50.292Z,points-5000-seed-41544c53,pan,cleanup_stage_children_p95,count,0,0.0
Atlas,1c2e54b3b8df+bench,SVG,instrument-2026-10-07T06-37-50.292Z,points-5000-seed-41544c53,pan,cleanup_stage_children_max,count,0,0.0
Atlas,1c2e54b3b8df+bench,SVG,instrument-2026-10-07T06-37-50.292Z,points-5000-seed-41544c53,zoom,frame_interval_ms_n,count,0,53
Atlas,1c2e54b3b8df+bench,SVG,instrument-2026-10-07T06-37-50.292Z,points-5000-seed-41544c53,zoom,frame_interval_ms_median,ms,0,33.3
Atlas,1c2e54b3b8df+bench,SVG,instrument-2026-10-07T06-37-50.292Z,points-5000-seed-41544c53,zoom,frame_interval_ms_p95,ms,0,33.4
Atlas,1c2e54b3b8df+bench,SVG,instrument-2026-10-07T06-37-50.292Z,points-5000-seed-41544c53,zoom,frame_interval_ms_max,ms,0,33.4
Atlas,1c2e54b3b8df+bench,SVG,instrument-2026-10-07T06-37-50.292Z,points-5000-seed-41544c53,zoom,camera_api_sync_ms_n,count,0,53
Atlas,1c2e54b3b8df+bench,SVG,instrument-2026-10-07T06-37-50.292Z,points-5000-seed-41544c53,zoom,camera_api_sync_ms_median,ms,0,0.0
Atlas,1c2e54b3b8df+bench,SVG,instrument-2026-10-07T06-37-50.292Z,points-5000-seed-41544c53,zoom,camera_api_sync_ms_p95,ms,0,0.1
Atlas,1c2e54b3b8df+bench,SVG,instrument-2026-10-07T06-37-50.292Z,points-5000-seed-41544c53,zoom,camera_api_sync_ms_max,ms,0,0.1
Atlas,1c2e54b3b8df+bench,SVG,instrument-2026-10-07T06-37-50.292Z,points-5000-seed-41544c53,zoom,motion_elapsed_ms_n,count,0,1
Atlas,1c2e54b3b8df+bench,SVG,instrument-2026-10-07T06-37-50.292Z,points-5000-seed-41544c53,zoom,motion_elapsed_ms_median,ms,0,1533.2
Atlas,1c2e54b3b8df+bench,SVG,instrument-2026-10-07T06-37-50.292Z,points-5000-seed-41544c53,zoom,motion_elapsed_ms_p95,ms,0,1533.2
Atlas,1c2e54b3b8df+bench,SVG,instrument-2026-10-07T06-37-50.292Z,points-5000-seed-41544c53,zoom,motion_elapsed_ms_max,ms,0,1533.2
Atlas,1c2e54b3b8df+bench,SVG,instrument-2026-10-07T06-37-50.292Z,points-5000-seed-41544c53,zoom,camera_updates_n,count,0,1
Atlas,1c2e54b3b8df+bench,SVG,instrument-2026-10-07T06-37-50.292Z,points-5000-seed-41544c53,zoom,camera_updates_median,count,0,53.0
Atlas,1c2e54b3b8df+bench,SVG,instrument-2026-10-07T06-37-50.292Z,points-5000-seed-41544c53,zoom,camera_updates_p95,count,0,53.0
Atlas,1c2e54b3b8df+bench,SVG,instrument-2026-10-07T06-37-50.292Z,points-5000-seed-41544c53,zoom,camera_updates_max,count,0,53.0
Atlas,1c2e54b3b8df+bench,SVG,instrument-2026-10-07T06-37-50.292Z,points-5000-seed-41544c53,zoom,svg_attribute_writes_n,count,0,1
Atlas,1c2e54b3b8df+bench,SVG,instrument-2026-10-07T06-37-50.292Z,points-5000-seed-41544c53,zoom,svg_attribute_writes_median,count,0,530159.0
Atlas,1c2e54b3b8df+bench,SVG,instrument-2026-10-07T06-37-50.292Z,points-5000-seed-41544c53,zoom,svg_attribute_writes_p95,count,0,530159.0
Atlas,1c2e54b3b8df+bench,SVG,instrument-2026-10-07T06-37-50.292Z,points-5000-seed-41544c53,zoom,svg_attribute_writes_max,count,0,530159.0
Atlas,1c2e54b3b8df+bench,SVG,instrument-2026-10-07T06-37-50.292Z,points-5000-seed-41544c53,zoom,renderer_scene_reads_n,count,0,1
Atlas,1c2e54b3b8df+bench,SVG,instrument-2026-10-07T06-37-50.292Z,points-5000-seed-41544c53,zoom,renderer_scene_reads_median,count,0,53.0
Atlas,1c2e54b3b8df+bench,SVG,instrument-2026-10-07T06-37-50.292Z,points-5000-seed-41544c53,zoom,renderer_scene_reads_p95,count,0,53.0
Atlas,1c2e54b3b8df+bench,SVG,instrument-2026-10-07T06-37-50.292Z,points-5000-seed-41544c53,zoom,renderer_scene_reads_max,count,0,53.0
Atlas,1c2e54b3b8df+bench,SVG,instrument-2026-10-07T06-37-50.292Z,points-5000-seed-41544c53,zoom,root_iterator_creations_n,count,0,1
Atlas,1c2e54b3b8df+bench,SVG,instrument-2026-10-07T06-37-50.292Z,points-5000-seed-41544c53,zoom,root_iterator_creations_median,count,0,53.0
Atlas,1c2e54b3b8df+bench,SVG,instrument-2026-10-07T06-37-50.292Z,points-5000-seed-41544c53,zoom,root_iterator_creations_p95,count,0,53.0
Atlas,1c2e54b3b8df+bench,SVG,instrument-2026-10-07T06-37-50.292Z,points-5000-seed-41544c53,zoom,root_iterator_creations_max,count,0,53.0
Atlas,1c2e54b3b8df+bench,SVG,instrument-2026-10-07T06-37-50.292Z,points-5000-seed-41544c53,zoom,root_iterator_next_calls_n,count,0,1
Atlas,1c2e54b3b8df+bench,SVG,instrument-2026-10-07T06-37-50.292Z,points-5000-seed-41544c53,zoom,root_iterator_next_calls_median,count,0,265000.0
Atlas,1c2e54b3b8df+bench,SVG,instrument-2026-10-07T06-37-50.292Z,points-5000-seed-41544c53,zoom,root_iterator_next_calls_p95,count,0,265000.0
Atlas,1c2e54b3b8df+bench,SVG,instrument-2026-10-07T06-37-50.292Z,points-5000-seed-41544c53,zoom,root_iterator_next_calls_max,count,0,265000.0
Atlas,1c2e54b3b8df+bench,SVG,instrument-2026-10-07T06-37-50.292Z,points-5000-seed-41544c53,zoom,svg_attribute_removals_n,count,0,1
Atlas,1c2e54b3b8df+bench,SVG,instrument-2026-10-07T06-37-50.292Z,points-5000-seed-41544c53,zoom,svg_attribute_removals_median,count,0,265000.0
Atlas,1c2e54b3b8df+bench,SVG,instrument-2026-10-07T06-37-50.292Z,points-5000-seed-41544c53,zoom,svg_attribute_removals_p95,count,0,265000.0
Atlas,1c2e54b3b8df+bench,SVG,instrument-2026-10-07T06-37-50.292Z,points-5000-seed-41544c53,zoom,svg_attribute_removals_max,count,0,265000.0
Atlas,1c2e54b3b8df+bench,SVG,instrument-2026-10-07T06-37-50.292Z,points-5000-seed-41544c53,zoom,renderer_calls_n,count,0,1
Atlas,1c2e54b3b8df+bench,SVG,instrument-2026-10-07T06-37-50.292Z,points-5000-seed-41544c53,zoom,renderer_calls_median,count,0,53.0
Atlas,1c2e54b3b8df+bench,SVG,instrument-2026-10-07T06-37-50.292Z,points-5000-seed-41544c53,zoom,renderer_calls_p95,count,0,53.0
Atlas,1c2e54b3b8df+bench,SVG,instrument-2026-10-07T06-37-50.292Z,points-5000-seed-41544c53,zoom,renderer_calls_max,count,0,53.0
Atlas,1c2e54b3b8df+bench,SVG,instrument-2026-10-07T06-37-50.292Z,points-5000-seed-41544c53,zoom,layout_rect_reads_n,count,0,1
Atlas,1c2e54b3b8df+bench,SVG,instrument-2026-10-07T06-37-50.292Z,points-5000-seed-41544c53,zoom,layout_rect_reads_median,count,0,0.0
Atlas,1c2e54b3b8df+bench,SVG,instrument-2026-10-07T06-37-50.292Z,points-5000-seed-41544c53,zoom,layout_rect_reads_p95,count,0,0.0
Atlas,1c2e54b3b8df+bench,SVG,instrument-2026-10-07T06-37-50.292Z,points-5000-seed-41544c53,zoom,layout_rect_reads_max,count,0,0.0
Atlas,1c2e54b3b8df+bench,SVG,instrument-2026-10-07T06-37-50.292Z,points-5000-seed-41544c53,zoom,instrumented_renderer_callback_ms_n,count,0,53
Atlas,1c2e54b3b8df+bench,SVG,instrument-2026-10-07T06-37-50.292Z,points-5000-seed-41544c53,zoom,instrumented_renderer_callback_ms_median,ms,0,6.1
Atlas,1c2e54b3b8df+bench,SVG,instrument-2026-10-07T06-37-50.292Z,points-5000-seed-41544c53,zoom,instrumented_renderer_callback_ms_p95,ms,0,6.6
Atlas,1c2e54b3b8df+bench,SVG,instrument-2026-10-07T06-37-50.292Z,points-5000-seed-41544c53,zoom,instrumented_renderer_callback_ms_max,ms,0,9.4
Atlas,1c2e54b3b8df+bench,SVG,instrument-2026-10-07T06-37-50.292Z,points-5000-seed-41544c53,zoom,cleanup_renderer_calls_n,count,0,1
Atlas,1c2e54b3b8df+bench,SVG,instrument-2026-10-07T06-37-50.292Z,points-5000-seed-41544c53,zoom,cleanup_renderer_calls_median,count,0,0.0
Atlas,1c2e54b3b8df+bench,SVG,instrument-2026-10-07T06-37-50.292Z,points-5000-seed-41544c53,zoom,cleanup_renderer_calls_p95,count,0,0.0
Atlas,1c2e54b3b8df+bench,SVG,instrument-2026-10-07T06-37-50.292Z,points-5000-seed-41544c53,zoom,cleanup_renderer_calls_max,count,0,0.0
Atlas,1c2e54b3b8df+bench,SVG,instrument-2026-10-07T06-37-50.292Z,points-5000-seed-41544c53,zoom,cleanup_stage_children_n,count,0,1
Atlas,1c2e54b3b8df+bench,SVG,instrument-2026-10-07T06-37-50.292Z,points-5000-seed-41544c53,zoom,cleanup_stage_children_median,count,0,0.0
Atlas,1c2e54b3b8df+bench,SVG,instrument-2026-10-07T06-37-50.292Z,points-5000-seed-41544c53,zoom,cleanup_stage_children_p95,count,0,0.0
Atlas,1c2e54b3b8df+bench,SVG,instrument-2026-10-07T06-37-50.292Z,points-5000-seed-41544c53,zoom,cleanup_stage_children_max,count,0,0.0
Atlas,1c2e54b3b8df+bench,SVG,instrument-2026-10-07T06-37-50.292Z,points-5000-seed-41544c53,hit,spatial_hit_test_sync_ms_n,count,0,200
Atlas,1c2e54b3b8df+bench,SVG,instrument-2026-10-07T06-37-50.292Z,points-5000-seed-41544c53,hit,spatial_hit_test_sync_ms_median,ms,0,0.3
Atlas,1c2e54b3b8df+bench,SVG,instrument-2026-10-07T06-37-50.292Z,points-5000-seed-41544c53,hit,spatial_hit_test_sync_ms_p95,ms,0,0.4
Atlas,1c2e54b3b8df+bench,SVG,instrument-2026-10-07T06-37-50.292Z,points-5000-seed-41544c53,hit,spatial_hit_test_sync_ms_max,ms,0,3.5
Atlas,1c2e54b3b8df+bench,SVG,instrument-2026-10-07T06-37-50.292Z,points-5000-seed-41544c53,hit,root_iterator_creations_n,count,0,1
Atlas,1c2e54b3b8df+bench,SVG,instrument-2026-10-07T06-37-50.292Z,points-5000-seed-41544c53,hit,root_iterator_creations_median,count,0,201.0
Atlas,1c2e54b3b8df+bench,SVG,instrument-2026-10-07T06-37-50.292Z,points-5000-seed-41544c53,hit,root_iterator_creations_p95,count,0,201.0
Atlas,1c2e54b3b8df+bench,SVG,instrument-2026-10-07T06-37-50.292Z,points-5000-seed-41544c53,hit,root_iterator_creations_max,count,0,201.0
Atlas,1c2e54b3b8df+bench,SVG,instrument-2026-10-07T06-37-50.292Z,points-5000-seed-41544c53,hit,root_iterator_next_calls_n,count,0,1
Atlas,1c2e54b3b8df+bench,SVG,instrument-2026-10-07T06-37-50.292Z,points-5000-seed-41544c53,hit,root_iterator_next_calls_median,count,0,1005001.0
Atlas,1c2e54b3b8df+bench,SVG,instrument-2026-10-07T06-37-50.292Z,points-5000-seed-41544c53,hit,root_iterator_next_calls_p95,count,0,1005001.0
Atlas,1c2e54b3b8df+bench,SVG,instrument-2026-10-07T06-37-50.292Z,points-5000-seed-41544c53,hit,root_iterator_next_calls_max,count,0,1005001.0
Atlas,1c2e54b3b8df+bench,SVG,instrument-2026-10-07T06-37-50.292Z,points-5000-seed-41544c53,hit,layout_rect_reads_n,count,0,1
Atlas,1c2e54b3b8df+bench,SVG,instrument-2026-10-07T06-37-50.292Z,points-5000-seed-41544c53,hit,layout_rect_reads_median,count,0,0.0
Atlas,1c2e54b3b8df+bench,SVG,instrument-2026-10-07T06-37-50.292Z,points-5000-seed-41544c53,hit,layout_rect_reads_p95,count,0,0.0
Atlas,1c2e54b3b8df+bench,SVG,instrument-2026-10-07T06-37-50.292Z,points-5000-seed-41544c53,hit,layout_rect_reads_max,count,0,0.0
Atlas,1c2e54b3b8df+bench,SVG,instrument-2026-10-07T06-37-50.292Z,points-5000-seed-41544c53,hit,cleanup_renderer_calls_n,count,0,1
Atlas,1c2e54b3b8df+bench,SVG,instrument-2026-10-07T06-37-50.292Z,points-5000-seed-41544c53,hit,cleanup_renderer_calls_median,count,0,0.0
Atlas,1c2e54b3b8df+bench,SVG,instrument-2026-10-07T06-37-50.292Z,points-5000-seed-41544c53,hit,cleanup_renderer_calls_p95,count,0,0.0
Atlas,1c2e54b3b8df+bench,SVG,instrument-2026-10-07T06-37-50.292Z,points-5000-seed-41544c53,hit,cleanup_renderer_calls_max,count,0,0.0
Atlas,1c2e54b3b8df+bench,SVG,instrument-2026-10-07T06-37-50.292Z,points-5000-seed-41544c53,hit,cleanup_stage_children_n,count,0,1
Atlas,1c2e54b3b8df+bench,SVG,instrument-2026-10-07T06-37-50.292Z,points-5000-seed-41544c53,hit,cleanup_stage_children_median,count,0,0.0
Atlas,1c2e54b3b8df+bench,SVG,instrument-2026-10-07T06-37-50.292Z,points-5000-seed-41544c53,hit,cleanup_stage_children_p95,count,0,0.0
Atlas,1c2e54b3b8df+bench,SVG,instrument-2026-10-07T06-37-50.292Z,points-5000-seed-41544c53,hit,cleanup_stage_children_max,count,0,0.0
Atlas,1c2e54b3b8df+bench,SVG,instrument-2026-10-07T06-37-50.292Z,points-5000-seed-41544c53,miss,spatial_hit_test_sync_ms_n,count,0,200
Atlas,1c2e54b3b8df+bench,SVG,instrument-2026-10-07T06-37-50.292Z,points-5000-seed-41544c53,miss,spatial_hit_test_sync_ms_median,ms,0,1.1
Atlas,1c2e54b3b8df+bench,SVG,instrument-2026-10-07T06-37-50.292Z,points-5000-seed-41544c53,miss,spatial_hit_test_sync_ms_p95,ms,0,1.2
Atlas,1c2e54b3b8df+bench,SVG,instrument-2026-10-07T06-37-50.292Z,points-5000-seed-41544c53,miss,spatial_hit_test_sync_ms_max,ms,0,3.1
Atlas,1c2e54b3b8df+bench,SVG,instrument-2026-10-07T06-37-50.292Z,points-5000-seed-41544c53,miss,root_iterator_creations_n,count,0,1
Atlas,1c2e54b3b8df+bench,SVG,instrument-2026-10-07T06-37-50.292Z,points-5000-seed-41544c53,miss,root_iterator_creations_median,count,0,201.0
Atlas,1c2e54b3b8df+bench,SVG,instrument-2026-10-07T06-37-50.292Z,points-5000-seed-41544c53,miss,root_iterator_creations_p95,count,0,201.0
Atlas,1c2e54b3b8df+bench,SVG,instrument-2026-10-07T06-37-50.292Z,points-5000-seed-41544c53,miss,root_iterator_creations_max,count,0,201.0
Atlas,1c2e54b3b8df+bench,SVG,instrument-2026-10-07T06-37-50.292Z,points-5000-seed-41544c53,miss,root_iterator_next_calls_n,count,0,1
Atlas,1c2e54b3b8df+bench,SVG,instrument-2026-10-07T06-37-50.292Z,points-5000-seed-41544c53,miss,root_iterator_next_calls_median,count,0,1005001.0
Atlas,1c2e54b3b8df+bench,SVG,instrument-2026-10-07T06-37-50.292Z,points-5000-seed-41544c53,miss,root_iterator_next_calls_p95,count,0,1005001.0
Atlas,1c2e54b3b8df+bench,SVG,instrument-2026-10-07T06-37-50.292Z,points-5000-seed-41544c53,miss,root_iterator_next_calls_max,count,0,1005001.0
Atlas,1c2e54b3b8df+bench,SVG,instrument-2026-10-07T06-37-50.292Z,points-5000-seed-41544c53,miss,layout_rect_reads_n,count,0,1
Atlas,1c2e54b3b8df+bench,SVG,instrument-2026-10-07T06-37-50.292Z,points-5000-seed-41544c53,miss,layout_rect_reads_median,count,0,0.0
Atlas,1c2e54b3b8df+bench,SVG,instrument-2026-10-07T06-37-50.292Z,points-5000-seed-41544c53,miss,layout_rect_reads_p95,count,0,0.0
Atlas,1c2e54b3b8df+bench,SVG,instrument-2026-10-07T06-37-50.292Z,points-5000-seed-41544c53,miss,layout_rect_reads_max,count,0,0.0
Atlas,1c2e54b3b8df+bench,SVG,instrument-2026-10-07T06-37-50.292Z,points-5000-seed-41544c53,miss,cleanup_renderer_calls_n,count,0,1
Atlas,1c2e54b3b8df+bench,SVG,instrument-2026-10-07T06-37-50.292Z,points-5000-seed-41544c53,miss,cleanup_renderer_calls_median,count,0,0.0
Atlas,1c2e54b3b8df+bench,SVG,instrument-2026-10-07T06-37-50.292Z,points-5000-seed-41544c53,miss,cleanup_renderer_calls_p95,count,0,0.0
Atlas,1c2e54b3b8df+bench,SVG,instrument-2026-10-07T06-37-50.292Z,points-5000-seed-41544c53,miss,cleanup_renderer_calls_max,count,0,0.0
Atlas,1c2e54b3b8df+bench,SVG,instrument-2026-10-07T06-37-50.292Z,points-5000-seed-41544c53,miss,cleanup_stage_children_n,count,0,1
Atlas,1c2e54b3b8df+bench,SVG,instrument-2026-10-07T06-37-50.292Z,points-5000-seed-41544c53,miss,cleanup_stage_children_median,count,0,0.0
Atlas,1c2e54b3b8df+bench,SVG,instrument-2026-10-07T06-37-50.292Z,points-5000-seed-41544c53,miss,cleanup_stage_children_p95,count,0,0.0
Atlas,1c2e54b3b8df+bench,SVG,instrument-2026-10-07T06-37-50.292Z,points-5000-seed-41544c53,miss,cleanup_stage_children_max,count,0,0.0
Atlas,1c2e54b3b8df+bench,SVG,instrument-2026-10-07T06-37-50.292Z,points-5000-seed-41544c53,position-single,operation_sync_ms_n,count,0,1
Atlas,1c2e54b3b8df+bench,SVG,instrument-2026-10-07T06-37-50.292Z,points-5000-seed-41544c53,position-single,operation_sync_ms_median,ms,0,0.0
Atlas,1c2e54b3b8df+bench,SVG,instrument-2026-10-07T06-37-50.292Z,points-5000-seed-41544c53,position-single,operation_sync_ms_p95,ms,0,0.0
Atlas,1c2e54b3b8df+bench,SVG,instrument-2026-10-07T06-37-50.292Z,points-5000-seed-41544c53,position-single,operation_sync_ms_max,ms,0,0.0
Atlas,1c2e54b3b8df+bench,SVG,instrument-2026-10-07T06-37-50.292Z,points-5000-seed-41544c53,position-single,operation_to_raf_opportunities_ms_n,count,0,1
Atlas,1c2e54b3b8df+bench,SVG,instrument-2026-10-07T06-37-50.292Z,points-5000-seed-41544c53,position-single,operation_to_raf_opportunities_ms_median,ms,0,35.0
Atlas,1c2e54b3b8df+bench,SVG,instrument-2026-10-07T06-37-50.292Z,points-5000-seed-41544c53,position-single,operation_to_raf_opportunities_ms_p95,ms,0,35.0
Atlas,1c2e54b3b8df+bench,SVG,instrument-2026-10-07T06-37-50.292Z,points-5000-seed-41544c53,position-single,operation_to_raf_opportunities_ms_max,ms,0,35.0
Atlas,1c2e54b3b8df+bench,SVG,instrument-2026-10-07T06-37-50.292Z,points-5000-seed-41544c53,position-single,root_iterator_creations_n,count,0,1
Atlas,1c2e54b3b8df+bench,SVG,instrument-2026-10-07T06-37-50.292Z,points-5000-seed-41544c53,position-single,root_iterator_creations_median,count,0,2.0
Atlas,1c2e54b3b8df+bench,SVG,instrument-2026-10-07T06-37-50.292Z,points-5000-seed-41544c53,position-single,root_iterator_creations_p95,count,0,2.0
Atlas,1c2e54b3b8df+bench,SVG,instrument-2026-10-07T06-37-50.292Z,points-5000-seed-41544c53,position-single,root_iterator_creations_max,count,0,2.0
Atlas,1c2e54b3b8df+bench,SVG,instrument-2026-10-07T06-37-50.292Z,points-5000-seed-41544c53,position-single,root_iterator_next_calls_n,count,0,1
Atlas,1c2e54b3b8df+bench,SVG,instrument-2026-10-07T06-37-50.292Z,points-5000-seed-41544c53,position-single,root_iterator_next_calls_median,count,0,10001.0
Atlas,1c2e54b3b8df+bench,SVG,instrument-2026-10-07T06-37-50.292Z,points-5000-seed-41544c53,position-single,root_iterator_next_calls_p95,count,0,10001.0
Atlas,1c2e54b3b8df+bench,SVG,instrument-2026-10-07T06-37-50.292Z,points-5000-seed-41544c53,position-single,root_iterator_next_calls_max,count,0,10001.0
Atlas,1c2e54b3b8df+bench,SVG,instrument-2026-10-07T06-37-50.292Z,points-5000-seed-41544c53,position-single,svg_attribute_writes_n,count,0,1
Atlas,1c2e54b3b8df+bench,SVG,instrument-2026-10-07T06-37-50.292Z,points-5000-seed-41544c53,position-single,svg_attribute_writes_median,count,0,10003.0
Atlas,1c2e54b3b8df+bench,SVG,instrument-2026-10-07T06-37-50.292Z,points-5000-seed-41544c53,position-single,svg_attribute_writes_p95,count,0,10003.0
Atlas,1c2e54b3b8df+bench,SVG,instrument-2026-10-07T06-37-50.292Z,points-5000-seed-41544c53,position-single,svg_attribute_writes_max,count,0,10003.0
Atlas,1c2e54b3b8df+bench,SVG,instrument-2026-10-07T06-37-50.292Z,points-5000-seed-41544c53,position-single,renderer_scene_reads_n,count,0,1
Atlas,1c2e54b3b8df+bench,SVG,instrument-2026-10-07T06-37-50.292Z,points-5000-seed-41544c53,position-single,renderer_scene_reads_median,count,0,1.0
Atlas,1c2e54b3b8df+bench,SVG,instrument-2026-10-07T06-37-50.292Z,points-5000-seed-41544c53,position-single,renderer_scene_reads_p95,count,0,1.0
Atlas,1c2e54b3b8df+bench,SVG,instrument-2026-10-07T06-37-50.292Z,points-5000-seed-41544c53,position-single,renderer_scene_reads_max,count,0,1.0
Atlas,1c2e54b3b8df+bench,SVG,instrument-2026-10-07T06-37-50.292Z,points-5000-seed-41544c53,position-single,svg_attribute_removals_n,count,0,1
Atlas,1c2e54b3b8df+bench,SVG,instrument-2026-10-07T06-37-50.292Z,points-5000-seed-41544c53,position-single,svg_attribute_removals_median,count,0,5000.0
Atlas,1c2e54b3b8df+bench,SVG,instrument-2026-10-07T06-37-50.292Z,points-5000-seed-41544c53,position-single,svg_attribute_removals_p95,count,0,5000.0
Atlas,1c2e54b3b8df+bench,SVG,instrument-2026-10-07T06-37-50.292Z,points-5000-seed-41544c53,position-single,svg_attribute_removals_max,count,0,5000.0
Atlas,1c2e54b3b8df+bench,SVG,instrument-2026-10-07T06-37-50.292Z,points-5000-seed-41544c53,position-single,renderer_calls_n,count,0,1
Atlas,1c2e54b3b8df+bench,SVG,instrument-2026-10-07T06-37-50.292Z,points-5000-seed-41544c53,position-single,renderer_calls_median,count,0,1.0
Atlas,1c2e54b3b8df+bench,SVG,instrument-2026-10-07T06-37-50.292Z,points-5000-seed-41544c53,position-single,renderer_calls_p95,count,0,1.0
Atlas,1c2e54b3b8df+bench,SVG,instrument-2026-10-07T06-37-50.292Z,points-5000-seed-41544c53,position-single,renderer_calls_max,count,0,1.0
Atlas,1c2e54b3b8df+bench,SVG,instrument-2026-10-07T06-37-50.292Z,points-5000-seed-41544c53,position-single,layout_rect_reads_n,count,0,1
Atlas,1c2e54b3b8df+bench,SVG,instrument-2026-10-07T06-37-50.292Z,points-5000-seed-41544c53,position-single,layout_rect_reads_median,count,0,0.0
Atlas,1c2e54b3b8df+bench,SVG,instrument-2026-10-07T06-37-50.292Z,points-5000-seed-41544c53,position-single,layout_rect_reads_p95,count,0,0.0
Atlas,1c2e54b3b8df+bench,SVG,instrument-2026-10-07T06-37-50.292Z,points-5000-seed-41544c53,position-single,layout_rect_reads_max,count,0,0.0
Atlas,1c2e54b3b8df+bench,SVG,instrument-2026-10-07T06-37-50.292Z,points-5000-seed-41544c53,position-single,instrumented_renderer_callback_ms_n,count,0,1
Atlas,1c2e54b3b8df+bench,SVG,instrument-2026-10-07T06-37-50.292Z,points-5000-seed-41544c53,position-single,instrumented_renderer_callback_ms_median,ms,0,5.3
Atlas,1c2e54b3b8df+bench,SVG,instrument-2026-10-07T06-37-50.292Z,points-5000-seed-41544c53,position-single,instrumented_renderer_callback_ms_p95,ms,0,5.3
Atlas,1c2e54b3b8df+bench,SVG,instrument-2026-10-07T06-37-50.292Z,points-5000-seed-41544c53,position-single,instrumented_renderer_callback_ms_max,ms,0,5.3
Atlas,1c2e54b3b8df+bench,SVG,instrument-2026-10-07T06-37-50.292Z,points-5000-seed-41544c53,position-single,cleanup_renderer_calls_n,count,0,1
Atlas,1c2e54b3b8df+bench,SVG,instrument-2026-10-07T06-37-50.292Z,points-5000-seed-41544c53,position-single,cleanup_renderer_calls_median,count,0,0.0
Atlas,1c2e54b3b8df+bench,SVG,instrument-2026-10-07T06-37-50.292Z,points-5000-seed-41544c53,position-single,cleanup_renderer_calls_p95,count,0,0.0
Atlas,1c2e54b3b8df+bench,SVG,instrument-2026-10-07T06-37-50.292Z,points-5000-seed-41544c53,position-single,cleanup_renderer_calls_max,count,0,0.0
Atlas,1c2e54b3b8df+bench,SVG,instrument-2026-10-07T06-37-50.292Z,points-5000-seed-41544c53,position-single,cleanup_stage_children_n,count,0,1
Atlas,1c2e54b3b8df+bench,SVG,instrument-2026-10-07T06-37-50.292Z,points-5000-seed-41544c53,position-single,cleanup_stage_children_median,count,0,0.0
Atlas,1c2e54b3b8df+bench,SVG,instrument-2026-10-07T06-37-50.292Z,points-5000-seed-41544c53,position-single,cleanup_stage_children_p95,count,0,0.0
Atlas,1c2e54b3b8df+bench,SVG,instrument-2026-10-07T06-37-50.292Z,points-5000-seed-41544c53,position-single,cleanup_stage_children_max,count,0,0.0
Atlas,1c2e54b3b8df+bench,SVG,instrument-2026-10-07T06-37-50.292Z,points-5000-seed-41544c53,position-series,operation_sync_ms_n,count,0,1
Atlas,1c2e54b3b8df+bench,SVG,instrument-2026-10-07T06-37-50.292Z,points-5000-seed-41544c53,position-series,operation_sync_ms_median,ms,0,0.1
Atlas,1c2e54b3b8df+bench,SVG,instrument-2026-10-07T06-37-50.292Z,points-5000-seed-41544c53,position-series,operation_sync_ms_p95,ms,0,0.1
Atlas,1c2e54b3b8df+bench,SVG,instrument-2026-10-07T06-37-50.292Z,points-5000-seed-41544c53,position-series,operation_sync_ms_max,ms,0,0.1
Atlas,1c2e54b3b8df+bench,SVG,instrument-2026-10-07T06-37-50.292Z,points-5000-seed-41544c53,position-series,operation_to_raf_opportunities_ms_n,count,0,1
Atlas,1c2e54b3b8df+bench,SVG,instrument-2026-10-07T06-37-50.292Z,points-5000-seed-41544c53,position-series,operation_to_raf_opportunities_ms_median,ms,0,33.6
Atlas,1c2e54b3b8df+bench,SVG,instrument-2026-10-07T06-37-50.292Z,points-5000-seed-41544c53,position-series,operation_to_raf_opportunities_ms_p95,ms,0,33.6
Atlas,1c2e54b3b8df+bench,SVG,instrument-2026-10-07T06-37-50.292Z,points-5000-seed-41544c53,position-series,operation_to_raf_opportunities_ms_max,ms,0,33.6
Atlas,1c2e54b3b8df+bench,SVG,instrument-2026-10-07T06-37-50.292Z,points-5000-seed-41544c53,position-series,root_iterator_creations_n,count,0,1
Atlas,1c2e54b3b8df+bench,SVG,instrument-2026-10-07T06-37-50.292Z,points-5000-seed-41544c53,position-series,root_iterator_creations_median,count,0,2.0
Atlas,1c2e54b3b8df+bench,SVG,instrument-2026-10-07T06-37-50.292Z,points-5000-seed-41544c53,position-series,root_iterator_creations_p95,count,0,2.0
Atlas,1c2e54b3b8df+bench,SVG,instrument-2026-10-07T06-37-50.292Z,points-5000-seed-41544c53,position-series,root_iterator_creations_max,count,0,2.0
Atlas,1c2e54b3b8df+bench,SVG,instrument-2026-10-07T06-37-50.292Z,points-5000-seed-41544c53,position-series,root_iterator_next_calls_n,count,0,1
Atlas,1c2e54b3b8df+bench,SVG,instrument-2026-10-07T06-37-50.292Z,points-5000-seed-41544c53,position-series,root_iterator_next_calls_median,count,0,10001.0
Atlas,1c2e54b3b8df+bench,SVG,instrument-2026-10-07T06-37-50.292Z,points-5000-seed-41544c53,position-series,root_iterator_next_calls_p95,count,0,10001.0
Atlas,1c2e54b3b8df+bench,SVG,instrument-2026-10-07T06-37-50.292Z,points-5000-seed-41544c53,position-series,root_iterator_next_calls_max,count,0,10001.0
Atlas,1c2e54b3b8df+bench,SVG,instrument-2026-10-07T06-37-50.292Z,points-5000-seed-41544c53,position-series,svg_attribute_writes_n,count,0,1
Atlas,1c2e54b3b8df+bench,SVG,instrument-2026-10-07T06-37-50.292Z,points-5000-seed-41544c53,position-series,svg_attribute_writes_median,count,0,10003.0
Atlas,1c2e54b3b8df+bench,SVG,instrument-2026-10-07T06-37-50.292Z,points-5000-seed-41544c53,position-series,svg_attribute_writes_p95,count,0,10003.0
Atlas,1c2e54b3b8df+bench,SVG,instrument-2026-10-07T06-37-50.292Z,points-5000-seed-41544c53,position-series,svg_attribute_writes_max,count,0,10003.0
Atlas,1c2e54b3b8df+bench,SVG,instrument-2026-10-07T06-37-50.292Z,points-5000-seed-41544c53,position-series,renderer_scene_reads_n,count,0,1
Atlas,1c2e54b3b8df+bench,SVG,instrument-2026-10-07T06-37-50.292Z,points-5000-seed-41544c53,position-series,renderer_scene_reads_median,count,0,1.0
Atlas,1c2e54b3b8df+bench,SVG,instrument-2026-10-07T06-37-50.292Z,points-5000-seed-41544c53,position-series,renderer_scene_reads_p95,count,0,1.0
Atlas,1c2e54b3b8df+bench,SVG,instrument-2026-10-07T06-37-50.292Z,points-5000-seed-41544c53,position-series,renderer_scene_reads_max,count,0,1.0
Atlas,1c2e54b3b8df+bench,SVG,instrument-2026-10-07T06-37-50.292Z,points-5000-seed-41544c53,position-series,svg_attribute_removals_n,count,0,1
Atlas,1c2e54b3b8df+bench,SVG,instrument-2026-10-07T06-37-50.292Z,points-5000-seed-41544c53,position-series,svg_attribute_removals_median,count,0,5000.0
Atlas,1c2e54b3b8df+bench,SVG,instrument-2026-10-07T06-37-50.292Z,points-5000-seed-41544c53,position-series,svg_attribute_removals_p95,count,0,5000.0
Atlas,1c2e54b3b8df+bench,SVG,instrument-2026-10-07T06-37-50.292Z,points-5000-seed-41544c53,position-series,svg_attribute_removals_max,count,0,5000.0
Atlas,1c2e54b3b8df+bench,SVG,instrument-2026-10-07T06-37-50.292Z,points-5000-seed-41544c53,position-series,renderer_calls_n,count,0,1
Atlas,1c2e54b3b8df+bench,SVG,instrument-2026-10-07T06-37-50.292Z,points-5000-seed-41544c53,position-series,renderer_calls_median,count,0,1.0
Atlas,1c2e54b3b8df+bench,SVG,instrument-2026-10-07T06-37-50.292Z,points-5000-seed-41544c53,position-series,renderer_calls_p95,count,0,1.0
Atlas,1c2e54b3b8df+bench,SVG,instrument-2026-10-07T06-37-50.292Z,points-5000-seed-41544c53,position-series,renderer_calls_max,count,0,1.0
Atlas,1c2e54b3b8df+bench,SVG,instrument-2026-10-07T06-37-50.292Z,points-5000-seed-41544c53,position-series,layout_rect_reads_n,count,0,1
Atlas,1c2e54b3b8df+bench,SVG,instrument-2026-10-07T06-37-50.292Z,points-5000-seed-41544c53,position-series,layout_rect_reads_median,count,0,0.0
Atlas,1c2e54b3b8df+bench,SVG,instrument-2026-10-07T06-37-50.292Z,points-5000-seed-41544c53,position-series,layout_rect_reads_p95,count,0,0.0
Atlas,1c2e54b3b8df+bench,SVG,instrument-2026-10-07T06-37-50.292Z,points-5000-seed-41544c53,position-series,layout_rect_reads_max,count,0,0.0
Atlas,1c2e54b3b8df+bench,SVG,instrument-2026-10-07T06-37-50.292Z,points-5000-seed-41544c53,position-series,instrumented_renderer_callback_ms_n,count,0,1
Atlas,1c2e54b3b8df+bench,SVG,instrument-2026-10-07T06-37-50.292Z,points-5000-seed-41544c53,position-series,instrumented_renderer_callback_ms_median,ms,0,5.3
Atlas,1c2e54b3b8df+bench,SVG,instrument-2026-10-07T06-37-50.292Z,points-5000-seed-41544c53,position-series,instrumented_renderer_callback_ms_p95,ms,0,5.3
Atlas,1c2e54b3b8df+bench,SVG,instrument-2026-10-07T06-37-50.292Z,points-5000-seed-41544c53,position-series,instrumented_renderer_callback_ms_max,ms,0,5.3
Atlas,1c2e54b3b8df+bench,SVG,instrument-2026-10-07T06-37-50.292Z,points-5000-seed-41544c53,position-series,cleanup_renderer_calls_n,count,0,1
Atlas,1c2e54b3b8df+bench,SVG,instrument-2026-10-07T06-37-50.292Z,points-5000-seed-41544c53,position-series,cleanup_renderer_calls_median,count,0,0.0
Atlas,1c2e54b3b8df+bench,SVG,instrument-2026-10-07T06-37-50.292Z,points-5000-seed-41544c53,position-series,cleanup_renderer_calls_p95,count,0,0.0
Atlas,1c2e54b3b8df+bench,SVG,instrument-2026-10-07T06-37-50.292Z,points-5000-seed-41544c53,position-series,cleanup_renderer_calls_max,count,0,0.0
Atlas,1c2e54b3b8df+bench,SVG,instrument-2026-10-07T06-37-50.292Z,points-5000-seed-41544c53,position-series,cleanup_stage_children_n,count,0,1
Atlas,1c2e54b3b8df+bench,SVG,instrument-2026-10-07T06-37-50.292Z,points-5000-seed-41544c53,position-series,cleanup_stage_children_median,count,0,0.0
Atlas,1c2e54b3b8df+bench,SVG,instrument-2026-10-07T06-37-50.292Z,points-5000-seed-41544c53,position-series,cleanup_stage_children_p95,count,0,0.0
Atlas,1c2e54b3b8df+bench,SVG,instrument-2026-10-07T06-37-50.292Z,points-5000-seed-41544c53,position-series,cleanup_stage_children_max,count,0,0.0
Atlas,1c2e54b3b8df+bench,SVG,instrument-2026-10-07T06-37-50.292Z,points-5000-seed-41544c53,add-100,operation_sync_ms_n,count,0,1
Atlas,1c2e54b3b8df+bench,SVG,instrument-2026-10-07T06-37-50.292Z,points-5000-seed-41544c53,add-100,operation_sync_ms_median,ms,0,49.7
Atlas,1c2e54b3b8df+bench,SVG,instrument-2026-10-07T06-37-50.292Z,points-5000-seed-41544c53,add-100,operation_sync_ms_p95,ms,0,49.7
Atlas,1c2e54b3b8df+bench,SVG,instrument-2026-10-07T06-37-50.292Z,points-5000-seed-41544c53,add-100,operation_sync_ms_max,ms,0,49.7
Atlas,1c2e54b3b8df+bench,SVG,instrument-2026-10-07T06-37-50.292Z,points-5000-seed-41544c53,add-100,cumulative_operation_ms_n,count,0,1
Atlas,1c2e54b3b8df+bench,SVG,instrument-2026-10-07T06-37-50.292Z,points-5000-seed-41544c53,add-100,cumulative_operation_ms_median,ms,0,49.7
Atlas,1c2e54b3b8df+bench,SVG,instrument-2026-10-07T06-37-50.292Z,points-5000-seed-41544c53,add-100,cumulative_operation_ms_p95,ms,0,49.7
Atlas,1c2e54b3b8df+bench,SVG,instrument-2026-10-07T06-37-50.292Z,points-5000-seed-41544c53,add-100,cumulative_operation_ms_max,ms,0,49.7
Atlas,1c2e54b3b8df+bench,SVG,instrument-2026-10-07T06-37-50.292Z,points-5000-seed-41544c53,add-100,operation_to_raf_opportunities_ms_n,count,0,1
Atlas,1c2e54b3b8df+bench,SVG,instrument-2026-10-07T06-37-50.292Z,points-5000-seed-41544c53,add-100,operation_to_raf_opportunities_ms_median,ms,0,76.6
Atlas,1c2e54b3b8df+bench,SVG,instrument-2026-10-07T06-37-50.292Z,points-5000-seed-41544c53,add-100,operation_to_raf_opportunities_ms_p95,ms,0,76.6
Atlas,1c2e54b3b8df+bench,SVG,instrument-2026-10-07T06-37-50.292Z,points-5000-seed-41544c53,add-100,operation_to_raf_opportunities_ms_max,ms,0,76.6
Atlas,1c2e54b3b8df+bench,SVG,instrument-2026-10-07T06-37-50.292Z,points-5000-seed-41544c53,add-100,root_iterator_creations_n,count,0,1
Atlas,1c2e54b3b8df+bench,SVG,instrument-2026-10-07T06-37-50.292Z,points-5000-seed-41544c53,add-100,root_iterator_creations_median,count,0,103.0
Atlas,1c2e54b3b8df+bench,SVG,instrument-2026-10-07T06-37-50.292Z,points-5000-seed-41544c53,add-100,root_iterator_creations_p95,count,0,103.0
Atlas,1c2e54b3b8df+bench,SVG,instrument-2026-10-07T06-37-50.292Z,points-5000-seed-41544c53,add-100,root_iterator_creations_max,count,0,103.0
Atlas,1c2e54b3b8df+bench,SVG,instrument-2026-10-07T06-37-50.292Z,points-5000-seed-41544c53,add-100,root_iterator_next_calls_n,count,0,1
Atlas,1c2e54b3b8df+bench,SVG,instrument-2026-10-07T06-37-50.292Z,points-5000-seed-41544c53,add-100,root_iterator_next_calls_median,count,0,515152.0
Atlas,1c2e54b3b8df+bench,SVG,instrument-2026-10-07T06-37-50.292Z,points-5000-seed-41544c53,add-100,root_iterator_next_calls_p95,count,0,515152.0
Atlas,1c2e54b3b8df+bench,SVG,instrument-2026-10-07T06-37-50.292Z,points-5000-seed-41544c53,add-100,root_iterator_next_calls_max,count,0,515152.0
Atlas,1c2e54b3b8df+bench,SVG,instrument-2026-10-07T06-37-50.292Z,points-5000-seed-41544c53,add-100,svg_attribute_writes_n,count,0,1
Atlas,1c2e54b3b8df+bench,SVG,instrument-2026-10-07T06-37-50.292Z,points-5000-seed-41544c53,add-100,svg_attribute_writes_median,count,0,10803.0
Atlas,1c2e54b3b8df+bench,SVG,instrument-2026-10-07T06-37-50.292Z,points-5000-seed-41544c53,add-100,svg_attribute_writes_p95,count,0,10803.0
Atlas,1c2e54b3b8df+bench,SVG,instrument-2026-10-07T06-37-50.292Z,points-5000-seed-41544c53,add-100,svg_attribute_writes_max,count,0,10803.0
Atlas,1c2e54b3b8df+bench,SVG,instrument-2026-10-07T06-37-50.292Z,points-5000-seed-41544c53,add-100,renderer_scene_reads_n,count,0,1
Atlas,1c2e54b3b8df+bench,SVG,instrument-2026-10-07T06-37-50.292Z,points-5000-seed-41544c53,add-100,renderer_scene_reads_median,count,0,1.0
Atlas,1c2e54b3b8df+bench,SVG,instrument-2026-10-07T06-37-50.292Z,points-5000-seed-41544c53,add-100,renderer_scene_reads_p95,count,0,1.0
Atlas,1c2e54b3b8df+bench,SVG,instrument-2026-10-07T06-37-50.292Z,points-5000-seed-41544c53,add-100,renderer_scene_reads_max,count,0,1.0
Atlas,1c2e54b3b8df+bench,SVG,instrument-2026-10-07T06-37-50.292Z,points-5000-seed-41544c53,add-100,renderer_scene_membership_changes_n,count,0,1
Atlas,1c2e54b3b8df+bench,SVG,instrument-2026-10-07T06-37-50.292Z,points-5000-seed-41544c53,add-100,renderer_scene_membership_changes_median,count,0,1.0
Atlas,1c2e54b3b8df+bench,SVG,instrument-2026-10-07T06-37-50.292Z,points-5000-seed-41544c53,add-100,renderer_scene_membership_changes_p95,count,0,1.0
Atlas,1c2e54b3b8df+bench,SVG,instrument-2026-10-07T06-37-50.292Z,points-5000-seed-41544c53,add-100,renderer_scene_membership_changes_max,count,0,1.0
Atlas,1c2e54b3b8df+bench,SVG,instrument-2026-10-07T06-37-50.292Z,points-5000-seed-41544c53,add-100,svg_attribute_removals_n,count,0,1
Atlas,1c2e54b3b8df+bench,SVG,instrument-2026-10-07T06-37-50.292Z,points-5000-seed-41544c53,add-100,svg_attribute_removals_median,count,0,5100.0
Atlas,1c2e54b3b8df+bench,SVG,instrument-2026-10-07T06-37-50.292Z,points-5000-seed-41544c53,add-100,svg_attribute_removals_p95,count,0,5100.0
Atlas,1c2e54b3b8df+bench,SVG,instrument-2026-10-07T06-37-50.292Z,points-5000-seed-41544c53,add-100,svg_attribute_removals_max,count,0,5100.0
Atlas,1c2e54b3b8df+bench,SVG,instrument-2026-10-07T06-37-50.292Z,points-5000-seed-41544c53,add-100,renderer_calls_n,count,0,1
Atlas,1c2e54b3b8df+bench,SVG,instrument-2026-10-07T06-37-50.292Z,points-5000-seed-41544c53,add-100,renderer_calls_median,count,0,1.0
Atlas,1c2e54b3b8df+bench,SVG,instrument-2026-10-07T06-37-50.292Z,points-5000-seed-41544c53,add-100,renderer_calls_p95,count,0,1.0
Atlas,1c2e54b3b8df+bench,SVG,instrument-2026-10-07T06-37-50.292Z,points-5000-seed-41544c53,add-100,renderer_calls_max,count,0,1.0
Atlas,1c2e54b3b8df+bench,SVG,instrument-2026-10-07T06-37-50.292Z,points-5000-seed-41544c53,add-100,layout_rect_reads_n,count,0,1
Atlas,1c2e54b3b8df+bench,SVG,instrument-2026-10-07T06-37-50.292Z,points-5000-seed-41544c53,add-100,layout_rect_reads_median,count,0,0.0
Atlas,1c2e54b3b8df+bench,SVG,instrument-2026-10-07T06-37-50.292Z,points-5000-seed-41544c53,add-100,layout_rect_reads_p95,count,0,0.0
Atlas,1c2e54b3b8df+bench,SVG,instrument-2026-10-07T06-37-50.292Z,points-5000-seed-41544c53,add-100,layout_rect_reads_max,count,0,0.0
Atlas,1c2e54b3b8df+bench,SVG,instrument-2026-10-07T06-37-50.292Z,points-5000-seed-41544c53,add-100,instrumented_renderer_callback_ms_n,count,0,1
Atlas,1c2e54b3b8df+bench,SVG,instrument-2026-10-07T06-37-50.292Z,points-5000-seed-41544c53,add-100,instrumented_renderer_callback_ms_median,ms,0,6.5
Atlas,1c2e54b3b8df+bench,SVG,instrument-2026-10-07T06-37-50.292Z,points-5000-seed-41544c53,add-100,instrumented_renderer_callback_ms_p95,ms,0,6.5
Atlas,1c2e54b3b8df+bench,SVG,instrument-2026-10-07T06-37-50.292Z,points-5000-seed-41544c53,add-100,instrumented_renderer_callback_ms_max,ms,0,6.5
Atlas,1c2e54b3b8df+bench,SVG,instrument-2026-10-07T06-37-50.292Z,points-5000-seed-41544c53,add-100,cleanup_renderer_calls_n,count,0,1
Atlas,1c2e54b3b8df+bench,SVG,instrument-2026-10-07T06-37-50.292Z,points-5000-seed-41544c53,add-100,cleanup_renderer_calls_median,count,0,0.0
Atlas,1c2e54b3b8df+bench,SVG,instrument-2026-10-07T06-37-50.292Z,points-5000-seed-41544c53,add-100,cleanup_renderer_calls_p95,count,0,0.0
Atlas,1c2e54b3b8df+bench,SVG,instrument-2026-10-07T06-37-50.292Z,points-5000-seed-41544c53,add-100,cleanup_renderer_calls_max,count,0,0.0
Atlas,1c2e54b3b8df+bench,SVG,instrument-2026-10-07T06-37-50.292Z,points-5000-seed-41544c53,add-100,cleanup_stage_children_n,count,0,1
Atlas,1c2e54b3b8df+bench,SVG,instrument-2026-10-07T06-37-50.292Z,points-5000-seed-41544c53,add-100,cleanup_stage_children_median,count,0,0.0
Atlas,1c2e54b3b8df+bench,SVG,instrument-2026-10-07T06-37-50.292Z,points-5000-seed-41544c53,add-100,cleanup_stage_children_p95,count,0,0.0
Atlas,1c2e54b3b8df+bench,SVG,instrument-2026-10-07T06-37-50.292Z,points-5000-seed-41544c53,add-100,cleanup_stage_children_max,count,0,0.0
Atlas,1c2e54b3b8df+bench,SVG,instrument-2026-10-07T06-37-50.292Z,points-5000-seed-41544c53,add-500,operation_sync_ms_n,count,0,1
Atlas,1c2e54b3b8df+bench,SVG,instrument-2026-10-07T06-37-50.292Z,points-5000-seed-41544c53,add-500,operation_sync_ms_median,ms,0,219.8
Atlas,1c2e54b3b8df+bench,SVG,instrument-2026-10-07T06-37-50.292Z,points-5000-seed-41544c53,add-500,operation_sync_ms_p95,ms,0,219.8
Atlas,1c2e54b3b8df+bench,SVG,instrument-2026-10-07T06-37-50.292Z,points-5000-seed-41544c53,add-500,operation_sync_ms_max,ms,0,219.8
Atlas,1c2e54b3b8df+bench,SVG,instrument-2026-10-07T06-37-50.292Z,points-5000-seed-41544c53,add-500,cumulative_operation_ms_n,count,0,5
Atlas,1c2e54b3b8df+bench,SVG,instrument-2026-10-07T06-37-50.292Z,points-5000-seed-41544c53,add-500,cumulative_operation_ms_median,ms,0,132.3
Atlas,1c2e54b3b8df+bench,SVG,instrument-2026-10-07T06-37-50.292Z,points-5000-seed-41544c53,add-500,cumulative_operation_ms_p95,ms,0,219.8
Atlas,1c2e54b3b8df+bench,SVG,instrument-2026-10-07T06-37-50.292Z,points-5000-seed-41544c53,add-500,cumulative_operation_ms_max,ms,0,219.8
Atlas,1c2e54b3b8df+bench,SVG,instrument-2026-10-07T06-37-50.292Z,points-5000-seed-41544c53,add-500,operation_to_raf_opportunities_ms_n,count,0,1
Atlas,1c2e54b3b8df+bench,SVG,instrument-2026-10-07T06-37-50.292Z,points-5000-seed-41544c53,add-500,operation_to_raf_opportunities_ms_median,ms,0,250.0
Atlas,1c2e54b3b8df+bench,SVG,instrument-2026-10-07T06-37-50.292Z,points-5000-seed-41544c53,add-500,operation_to_raf_opportunities_ms_p95,ms,0,250.0
Atlas,1c2e54b3b8df+bench,SVG,instrument-2026-10-07T06-37-50.292Z,points-5000-seed-41544c53,add-500,operation_to_raf_opportunities_ms_max,ms,0,250.0
Atlas,1c2e54b3b8df+bench,SVG,instrument-2026-10-07T06-37-50.292Z,points-5000-seed-41544c53,add-500,root_iterator_creations_n,count,0,1
Atlas,1c2e54b3b8df+bench,SVG,instrument-2026-10-07T06-37-50.292Z,points-5000-seed-41544c53,add-500,root_iterator_creations_median,count,0,503.0
Atlas,1c2e54b3b8df+bench,SVG,instrument-2026-10-07T06-37-50.292Z,points-5000-seed-41544c53,add-500,root_iterator_creations_p95,count,0,503.0
Atlas,1c2e54b3b8df+bench,SVG,instrument-2026-10-07T06-37-50.292Z,points-5000-seed-41544c53,add-500,root_iterator_creations_max,count,0,503.0
Atlas,1c2e54b3b8df+bench,SVG,instrument-2026-10-07T06-37-50.292Z,points-5000-seed-41544c53,add-500,root_iterator_next_calls_n,count,0,1
Atlas,1c2e54b3b8df+bench,SVG,instrument-2026-10-07T06-37-50.292Z,points-5000-seed-41544c53,add-500,root_iterator_next_calls_median,count,0,2635752.0
Atlas,1c2e54b3b8df+bench,SVG,instrument-2026-10-07T06-37-50.292Z,points-5000-seed-41544c53,add-500,root_iterator_next_calls_p95,count,0,2635752.0
Atlas,1c2e54b3b8df+bench,SVG,instrument-2026-10-07T06-37-50.292Z,points-5000-seed-41544c53,add-500,root_iterator_next_calls_max,count,0,2635752.0
Atlas,1c2e54b3b8df+bench,SVG,instrument-2026-10-07T06-37-50.292Z,points-5000-seed-41544c53,add-500,svg_attribute_writes_n,count,0,1
Atlas,1c2e54b3b8df+bench,SVG,instrument-2026-10-07T06-37-50.292Z,points-5000-seed-41544c53,add-500,svg_attribute_writes_median,count,0,14003.0
Atlas,1c2e54b3b8df+bench,SVG,instrument-2026-10-07T06-37-50.292Z,points-5000-seed-41544c53,add-500,svg_attribute_writes_p95,count,0,14003.0
Atlas,1c2e54b3b8df+bench,SVG,instrument-2026-10-07T06-37-50.292Z,points-5000-seed-41544c53,add-500,svg_attribute_writes_max,count,0,14003.0
Atlas,1c2e54b3b8df+bench,SVG,instrument-2026-10-07T06-37-50.292Z,points-5000-seed-41544c53,add-500,renderer_scene_reads_n,count,0,1
Atlas,1c2e54b3b8df+bench,SVG,instrument-2026-10-07T06-37-50.292Z,points-5000-seed-41544c53,add-500,renderer_scene_reads_median,count,0,1.0
Atlas,1c2e54b3b8df+bench,SVG,instrument-2026-10-07T06-37-50.292Z,points-5000-seed-41544c53,add-500,renderer_scene_reads_p95,count,0,1.0
Atlas,1c2e54b3b8df+bench,SVG,instrument-2026-10-07T06-37-50.292Z,points-5000-seed-41544c53,add-500,renderer_scene_reads_max,count,0,1.0
Atlas,1c2e54b3b8df+bench,SVG,instrument-2026-10-07T06-37-50.292Z,points-5000-seed-41544c53,add-500,renderer_scene_membership_changes_n,count,0,1
Atlas,1c2e54b3b8df+bench,SVG,instrument-2026-10-07T06-37-50.292Z,points-5000-seed-41544c53,add-500,renderer_scene_membership_changes_median,count,0,1.0
Atlas,1c2e54b3b8df+bench,SVG,instrument-2026-10-07T06-37-50.292Z,points-5000-seed-41544c53,add-500,renderer_scene_membership_changes_p95,count,0,1.0
Atlas,1c2e54b3b8df+bench,SVG,instrument-2026-10-07T06-37-50.292Z,points-5000-seed-41544c53,add-500,renderer_scene_membership_changes_max,count,0,1.0
Atlas,1c2e54b3b8df+bench,SVG,instrument-2026-10-07T06-37-50.292Z,points-5000-seed-41544c53,add-500,svg_attribute_removals_n,count,0,1
Atlas,1c2e54b3b8df+bench,SVG,instrument-2026-10-07T06-37-50.292Z,points-5000-seed-41544c53,add-500,svg_attribute_removals_median,count,0,5500.0
Atlas,1c2e54b3b8df+bench,SVG,instrument-2026-10-07T06-37-50.292Z,points-5000-seed-41544c53,add-500,svg_attribute_removals_p95,count,0,5500.0
Atlas,1c2e54b3b8df+bench,SVG,instrument-2026-10-07T06-37-50.292Z,points-5000-seed-41544c53,add-500,svg_attribute_removals_max,count,0,5500.0
Atlas,1c2e54b3b8df+bench,SVG,instrument-2026-10-07T06-37-50.292Z,points-5000-seed-41544c53,add-500,renderer_calls_n,count,0,1
Atlas,1c2e54b3b8df+bench,SVG,instrument-2026-10-07T06-37-50.292Z,points-5000-seed-41544c53,add-500,renderer_calls_median,count,0,1.0
Atlas,1c2e54b3b8df+bench,SVG,instrument-2026-10-07T06-37-50.292Z,points-5000-seed-41544c53,add-500,renderer_calls_p95,count,0,1.0
Atlas,1c2e54b3b8df+bench,SVG,instrument-2026-10-07T06-37-50.292Z,points-5000-seed-41544c53,add-500,renderer_calls_max,count,0,1.0
Atlas,1c2e54b3b8df+bench,SVG,instrument-2026-10-07T06-37-50.292Z,points-5000-seed-41544c53,add-500,layout_rect_reads_n,count,0,1
Atlas,1c2e54b3b8df+bench,SVG,instrument-2026-10-07T06-37-50.292Z,points-5000-seed-41544c53,add-500,layout_rect_reads_median,count,0,0.0
Atlas,1c2e54b3b8df+bench,SVG,instrument-2026-10-07T06-37-50.292Z,points-5000-seed-41544c53,add-500,layout_rect_reads_p95,count,0,0.0
Atlas,1c2e54b3b8df+bench,SVG,instrument-2026-10-07T06-37-50.292Z,points-5000-seed-41544c53,add-500,layout_rect_reads_max,count,0,0.0
Atlas,1c2e54b3b8df+bench,SVG,instrument-2026-10-07T06-37-50.292Z,points-5000-seed-41544c53,add-500,instrumented_renderer_callback_ms_n,count,0,1
Atlas,1c2e54b3b8df+bench,SVG,instrument-2026-10-07T06-37-50.292Z,points-5000-seed-41544c53,add-500,instrumented_renderer_callback_ms_median,ms,0,7.5
Atlas,1c2e54b3b8df+bench,SVG,instrument-2026-10-07T06-37-50.292Z,points-5000-seed-41544c53,add-500,instrumented_renderer_callback_ms_p95,ms,0,7.5
Atlas,1c2e54b3b8df+bench,SVG,instrument-2026-10-07T06-37-50.292Z,points-5000-seed-41544c53,add-500,instrumented_renderer_callback_ms_max,ms,0,7.5
Atlas,1c2e54b3b8df+bench,SVG,instrument-2026-10-07T06-37-50.292Z,points-5000-seed-41544c53,add-500,cleanup_renderer_calls_n,count,0,1
Atlas,1c2e54b3b8df+bench,SVG,instrument-2026-10-07T06-37-50.292Z,points-5000-seed-41544c53,add-500,cleanup_renderer_calls_median,count,0,0.0
Atlas,1c2e54b3b8df+bench,SVG,instrument-2026-10-07T06-37-50.292Z,points-5000-seed-41544c53,add-500,cleanup_renderer_calls_p95,count,0,0.0
Atlas,1c2e54b3b8df+bench,SVG,instrument-2026-10-07T06-37-50.292Z,points-5000-seed-41544c53,add-500,cleanup_renderer_calls_max,count,0,0.0
Atlas,1c2e54b3b8df+bench,SVG,instrument-2026-10-07T06-37-50.292Z,points-5000-seed-41544c53,add-500,cleanup_stage_children_n,count,0,1
Atlas,1c2e54b3b8df+bench,SVG,instrument-2026-10-07T06-37-50.292Z,points-5000-seed-41544c53,add-500,cleanup_stage_children_median,count,0,0.0
Atlas,1c2e54b3b8df+bench,SVG,instrument-2026-10-07T06-37-50.292Z,points-5000-seed-41544c53,add-500,cleanup_stage_children_p95,count,0,0.0
Atlas,1c2e54b3b8df+bench,SVG,instrument-2026-10-07T06-37-50.292Z,points-5000-seed-41544c53,add-500,cleanup_stage_children_max,count,0,0.0
Atlas,1c2e54b3b8df+bench,SVG,instrument-2026-10-07T06-37-50.292Z,points-5000-seed-41544c53,add-1000,operation_sync_ms_n,count,0,1
Atlas,1c2e54b3b8df+bench,SVG,instrument-2026-10-07T06-37-50.292Z,points-5000-seed-41544c53,add-1000,operation_sync_ms_median,ms,0,456.0
Atlas,1c2e54b3b8df+bench,SVG,instrument-2026-10-07T06-37-50.292Z,points-5000-seed-41544c53,add-1000,operation_sync_ms_p95,ms,0,456.0
Atlas,1c2e54b3b8df+bench,SVG,instrument-2026-10-07T06-37-50.292Z,points-5000-seed-41544c53,add-1000,operation_sync_ms_max,ms,0,456.0
Atlas,1c2e54b3b8df+bench,SVG,instrument-2026-10-07T06-37-50.292Z,points-5000-seed-41544c53,add-1000,cumulative_operation_ms_n,count,0,10
Atlas,1c2e54b3b8df+bench,SVG,instrument-2026-10-07T06-37-50.292Z,points-5000-seed-41544c53,add-1000,cumulative_operation_ms_median,ms,0,243.35
Atlas,1c2e54b3b8df+bench,SVG,instrument-2026-10-07T06-37-50.292Z,points-5000-seed-41544c53,add-1000,cumulative_operation_ms_p95,ms,0,456.0
Atlas,1c2e54b3b8df+bench,SVG,instrument-2026-10-07T06-37-50.292Z,points-5000-seed-41544c53,add-1000,cumulative_operation_ms_max,ms,0,456.0
Atlas,1c2e54b3b8df+bench,SVG,instrument-2026-10-07T06-37-50.292Z,points-5000-seed-41544c53,add-1000,operation_to_raf_opportunities_ms_n,count,0,1
Atlas,1c2e54b3b8df+bench,SVG,instrument-2026-10-07T06-37-50.292Z,points-5000-seed-41544c53,add-1000,operation_to_raf_opportunities_ms_median,ms,0,490.7
Atlas,1c2e54b3b8df+bench,SVG,instrument-2026-10-07T06-37-50.292Z,points-5000-seed-41544c53,add-1000,operation_to_raf_opportunities_ms_p95,ms,0,490.7
Atlas,1c2e54b3b8df+bench,SVG,instrument-2026-10-07T06-37-50.292Z,points-5000-seed-41544c53,add-1000,operation_to_raf_opportunities_ms_max,ms,0,490.7
Atlas,1c2e54b3b8df+bench,SVG,instrument-2026-10-07T06-37-50.292Z,points-5000-seed-41544c53,add-1000,root_iterator_creations_n,count,0,1
Atlas,1c2e54b3b8df+bench,SVG,instrument-2026-10-07T06-37-50.292Z,points-5000-seed-41544c53,add-1000,root_iterator_creations_median,count,0,1003.0
Atlas,1c2e54b3b8df+bench,SVG,instrument-2026-10-07T06-37-50.292Z,points-5000-seed-41544c53,add-1000,root_iterator_creations_p95,count,0,1003.0
Atlas,1c2e54b3b8df+bench,SVG,instrument-2026-10-07T06-37-50.292Z,points-5000-seed-41544c53,add-1000,root_iterator_creations_max,count,0,1003.0
Atlas,1c2e54b3b8df+bench,SVG,instrument-2026-10-07T06-37-50.292Z,points-5000-seed-41544c53,add-1000,root_iterator_next_calls_n,count,0,1
Atlas,1c2e54b3b8df+bench,SVG,instrument-2026-10-07T06-37-50.292Z,points-5000-seed-41544c53,add-1000,root_iterator_next_calls_median,count,0,5511502.0
Atlas,1c2e54b3b8df+bench,SVG,instrument-2026-10-07T06-37-50.292Z,points-5000-seed-41544c53,add-1000,root_iterator_next_calls_p95,count,0,5511502.0
Atlas,1c2e54b3b8df+bench,SVG,instrument-2026-10-07T06-37-50.292Z,points-5000-seed-41544c53,add-1000,root_iterator_next_calls_max,count,0,5511502.0
Atlas,1c2e54b3b8df+bench,SVG,instrument-2026-10-07T06-37-50.292Z,points-5000-seed-41544c53,add-1000,svg_attribute_writes_n,count,0,1
Atlas,1c2e54b3b8df+bench,SVG,instrument-2026-10-07T06-37-50.292Z,points-5000-seed-41544c53,add-1000,svg_attribute_writes_median,count,0,18003.0
Atlas,1c2e54b3b8df+bench,SVG,instrument-2026-10-07T06-37-50.292Z,points-5000-seed-41544c53,add-1000,svg_attribute_writes_p95,count,0,18003.0
Atlas,1c2e54b3b8df+bench,SVG,instrument-2026-10-07T06-37-50.292Z,points-5000-seed-41544c53,add-1000,svg_attribute_writes_max,count,0,18003.0
Atlas,1c2e54b3b8df+bench,SVG,instrument-2026-10-07T06-37-50.292Z,points-5000-seed-41544c53,add-1000,renderer_scene_reads_n,count,0,1
Atlas,1c2e54b3b8df+bench,SVG,instrument-2026-10-07T06-37-50.292Z,points-5000-seed-41544c53,add-1000,renderer_scene_reads_median,count,0,1.0
Atlas,1c2e54b3b8df+bench,SVG,instrument-2026-10-07T06-37-50.292Z,points-5000-seed-41544c53,add-1000,renderer_scene_reads_p95,count,0,1.0
Atlas,1c2e54b3b8df+bench,SVG,instrument-2026-10-07T06-37-50.292Z,points-5000-seed-41544c53,add-1000,renderer_scene_reads_max,count,0,1.0
Atlas,1c2e54b3b8df+bench,SVG,instrument-2026-10-07T06-37-50.292Z,points-5000-seed-41544c53,add-1000,renderer_scene_membership_changes_n,count,0,1
Atlas,1c2e54b3b8df+bench,SVG,instrument-2026-10-07T06-37-50.292Z,points-5000-seed-41544c53,add-1000,renderer_scene_membership_changes_median,count,0,1.0
Atlas,1c2e54b3b8df+bench,SVG,instrument-2026-10-07T06-37-50.292Z,points-5000-seed-41544c53,add-1000,renderer_scene_membership_changes_p95,count,0,1.0
Atlas,1c2e54b3b8df+bench,SVG,instrument-2026-10-07T06-37-50.292Z,points-5000-seed-41544c53,add-1000,renderer_scene_membership_changes_max,count,0,1.0
Atlas,1c2e54b3b8df+bench,SVG,instrument-2026-10-07T06-37-50.292Z,points-5000-seed-41544c53,add-1000,svg_attribute_removals_n,count,0,1
Atlas,1c2e54b3b8df+bench,SVG,instrument-2026-10-07T06-37-50.292Z,points-5000-seed-41544c53,add-1000,svg_attribute_removals_median,count,0,6000.0
Atlas,1c2e54b3b8df+bench,SVG,instrument-2026-10-07T06-37-50.292Z,points-5000-seed-41544c53,add-1000,svg_attribute_removals_p95,count,0,6000.0
Atlas,1c2e54b3b8df+bench,SVG,instrument-2026-10-07T06-37-50.292Z,points-5000-seed-41544c53,add-1000,svg_attribute_removals_max,count,0,6000.0
Atlas,1c2e54b3b8df+bench,SVG,instrument-2026-10-07T06-37-50.292Z,points-5000-seed-41544c53,add-1000,renderer_calls_n,count,0,1
Atlas,1c2e54b3b8df+bench,SVG,instrument-2026-10-07T06-37-50.292Z,points-5000-seed-41544c53,add-1000,renderer_calls_median,count,0,1.0
Atlas,1c2e54b3b8df+bench,SVG,instrument-2026-10-07T06-37-50.292Z,points-5000-seed-41544c53,add-1000,renderer_calls_p95,count,0,1.0
Atlas,1c2e54b3b8df+bench,SVG,instrument-2026-10-07T06-37-50.292Z,points-5000-seed-41544c53,add-1000,renderer_calls_max,count,0,1.0
Atlas,1c2e54b3b8df+bench,SVG,instrument-2026-10-07T06-37-50.292Z,points-5000-seed-41544c53,add-1000,layout_rect_reads_n,count,0,1
Atlas,1c2e54b3b8df+bench,SVG,instrument-2026-10-07T06-37-50.292Z,points-5000-seed-41544c53,add-1000,layout_rect_reads_median,count,0,0.0
Atlas,1c2e54b3b8df+bench,SVG,instrument-2026-10-07T06-37-50.292Z,points-5000-seed-41544c53,add-1000,layout_rect_reads_p95,count,0,0.0
Atlas,1c2e54b3b8df+bench,SVG,instrument-2026-10-07T06-37-50.292Z,points-5000-seed-41544c53,add-1000,layout_rect_reads_max,count,0,0.0
Atlas,1c2e54b3b8df+bench,SVG,instrument-2026-10-07T06-37-50.292Z,points-5000-seed-41544c53,add-1000,instrumented_renderer_callback_ms_n,count,0,1
Atlas,1c2e54b3b8df+bench,SVG,instrument-2026-10-07T06-37-50.292Z,points-5000-seed-41544c53,add-1000,instrumented_renderer_callback_ms_median,ms,0,9.3
Atlas,1c2e54b3b8df+bench,SVG,instrument-2026-10-07T06-37-50.292Z,points-5000-seed-41544c53,add-1000,instrumented_renderer_callback_ms_p95,ms,0,9.3
Atlas,1c2e54b3b8df+bench,SVG,instrument-2026-10-07T06-37-50.292Z,points-5000-seed-41544c53,add-1000,instrumented_renderer_callback_ms_max,ms,0,9.3
Atlas,1c2e54b3b8df+bench,SVG,instrument-2026-10-07T06-37-50.292Z,points-5000-seed-41544c53,add-1000,cleanup_renderer_calls_n,count,0,1
Atlas,1c2e54b3b8df+bench,SVG,instrument-2026-10-07T06-37-50.292Z,points-5000-seed-41544c53,add-1000,cleanup_renderer_calls_median,count,0,0.0
Atlas,1c2e54b3b8df+bench,SVG,instrument-2026-10-07T06-37-50.292Z,points-5000-seed-41544c53,add-1000,cleanup_renderer_calls_p95,count,0,0.0
Atlas,1c2e54b3b8df+bench,SVG,instrument-2026-10-07T06-37-50.292Z,points-5000-seed-41544c53,add-1000,cleanup_renderer_calls_max,count,0,0.0
Atlas,1c2e54b3b8df+bench,SVG,instrument-2026-10-07T06-37-50.292Z,points-5000-seed-41544c53,add-1000,cleanup_stage_children_n,count,0,1
Atlas,1c2e54b3b8df+bench,SVG,instrument-2026-10-07T06-37-50.292Z,points-5000-seed-41544c53,add-1000,cleanup_stage_children_median,count,0,0.0
Atlas,1c2e54b3b8df+bench,SVG,instrument-2026-10-07T06-37-50.292Z,points-5000-seed-41544c53,add-1000,cleanup_stage_children_p95,count,0,0.0
Atlas,1c2e54b3b8df+bench,SVG,instrument-2026-10-07T06-37-50.292Z,points-5000-seed-41544c53,add-1000,cleanup_stage_children_max,count,0,0.0
Atlas,1c2e54b3b8df+bench,SVG,instrument-2026-10-07T06-37-50.292Z,points-5000-seed-41544c53,remove-100,operation_sync_ms_n,count,0,1
Atlas,1c2e54b3b8df+bench,SVG,instrument-2026-10-07T06-37-50.292Z,points-5000-seed-41544c53,remove-100,operation_sync_ms_median,ms,0,50.2
Atlas,1c2e54b3b8df+bench,SVG,instrument-2026-10-07T06-37-50.292Z,points-5000-seed-41544c53,remove-100,operation_sync_ms_p95,ms,0,50.2
Atlas,1c2e54b3b8df+bench,SVG,instrument-2026-10-07T06-37-50.292Z,points-5000-seed-41544c53,remove-100,operation_sync_ms_max,ms,0,50.2
Atlas,1c2e54b3b8df+bench,SVG,instrument-2026-10-07T06-37-50.292Z,points-5000-seed-41544c53,remove-100,cumulative_operation_ms_n,count,0,1
Atlas,1c2e54b3b8df+bench,SVG,instrument-2026-10-07T06-37-50.292Z,points-5000-seed-41544c53,remove-100,cumulative_operation_ms_median,ms,0,50.2
Atlas,1c2e54b3b8df+bench,SVG,instrument-2026-10-07T06-37-50.292Z,points-5000-seed-41544c53,remove-100,cumulative_operation_ms_p95,ms,0,50.2
Atlas,1c2e54b3b8df+bench,SVG,instrument-2026-10-07T06-37-50.292Z,points-5000-seed-41544c53,remove-100,cumulative_operation_ms_max,ms,0,50.2
Atlas,1c2e54b3b8df+bench,SVG,instrument-2026-10-07T06-37-50.292Z,points-5000-seed-41544c53,remove-100,operation_to_raf_opportunities_ms_n,count,0,1
Atlas,1c2e54b3b8df+bench,SVG,instrument-2026-10-07T06-37-50.292Z,points-5000-seed-41544c53,remove-100,operation_to_raf_opportunities_ms_median,ms,0,78.3
Atlas,1c2e54b3b8df+bench,SVG,instrument-2026-10-07T06-37-50.292Z,points-5000-seed-41544c53,remove-100,operation_to_raf_opportunities_ms_p95,ms,0,78.3
Atlas,1c2e54b3b8df+bench,SVG,instrument-2026-10-07T06-37-50.292Z,points-5000-seed-41544c53,remove-100,operation_to_raf_opportunities_ms_max,ms,0,78.3
Atlas,1c2e54b3b8df+bench,SVG,instrument-2026-10-07T06-37-50.292Z,points-5000-seed-41544c53,remove-100,root_iterator_creations_n,count,0,1
Atlas,1c2e54b3b8df+bench,SVG,instrument-2026-10-07T06-37-50.292Z,points-5000-seed-41544c53,remove-100,root_iterator_creations_median,count,0,103.0
Atlas,1c2e54b3b8df+bench,SVG,instrument-2026-10-07T06-37-50.292Z,points-5000-seed-41544c53,remove-100,root_iterator_creations_p95,count,0,103.0
Atlas,1c2e54b3b8df+bench,SVG,instrument-2026-10-07T06-37-50.292Z,points-5000-seed-41544c53,remove-100,root_iterator_creations_max,count,0,103.0
Atlas,1c2e54b3b8df+bench,SVG,instrument-2026-10-07T06-37-50.292Z,points-5000-seed-41544c53,remove-100,root_iterator_next_calls_n,count,0,1
Atlas,1c2e54b3b8df+bench,SVG,instrument-2026-10-07T06-37-50.292Z,points-5000-seed-41544c53,remove-100,root_iterator_next_calls_median,count,0,504952.0
Atlas,1c2e54b3b8df+bench,SVG,instrument-2026-10-07T06-37-50.292Z,points-5000-seed-41544c53,remove-100,root_iterator_next_calls_p95,count,0,504952.0
Atlas,1c2e54b3b8df+bench,SVG,instrument-2026-10-07T06-37-50.292Z,points-5000-seed-41544c53,remove-100,root_iterator_next_calls_max,count,0,504952.0
Atlas,1c2e54b3b8df+bench,SVG,instrument-2026-10-07T06-37-50.292Z,points-5000-seed-41544c53,remove-100,svg_attribute_writes_n,count,0,1
Atlas,1c2e54b3b8df+bench,SVG,instrument-2026-10-07T06-37-50.292Z,points-5000-seed-41544c53,remove-100,svg_attribute_writes_median,count,0,9803.0
Atlas,1c2e54b3b8df+bench,SVG,instrument-2026-10-07T06-37-50.292Z,points-5000-seed-41544c53,remove-100,svg_attribute_writes_p95,count,0,9803.0
Atlas,1c2e54b3b8df+bench,SVG,instrument-2026-10-07T06-37-50.292Z,points-5000-seed-41544c53,remove-100,svg_attribute_writes_max,count,0,9803.0
Atlas,1c2e54b3b8df+bench,SVG,instrument-2026-10-07T06-37-50.292Z,points-5000-seed-41544c53,remove-100,renderer_scene_reads_n,count,0,1
Atlas,1c2e54b3b8df+bench,SVG,instrument-2026-10-07T06-37-50.292Z,points-5000-seed-41544c53,remove-100,renderer_scene_reads_median,count,0,1.0
Atlas,1c2e54b3b8df+bench,SVG,instrument-2026-10-07T06-37-50.292Z,points-5000-seed-41544c53,remove-100,renderer_scene_reads_p95,count,0,1.0
Atlas,1c2e54b3b8df+bench,SVG,instrument-2026-10-07T06-37-50.292Z,points-5000-seed-41544c53,remove-100,renderer_scene_reads_max,count,0,1.0
Atlas,1c2e54b3b8df+bench,SVG,instrument-2026-10-07T06-37-50.292Z,points-5000-seed-41544c53,remove-100,renderer_scene_membership_changes_n,count,0,1
Atlas,1c2e54b3b8df+bench,SVG,instrument-2026-10-07T06-37-50.292Z,points-5000-seed-41544c53,remove-100,renderer_scene_membership_changes_median,count,0,1.0
Atlas,1c2e54b3b8df+bench,SVG,instrument-2026-10-07T06-37-50.292Z,points-5000-seed-41544c53,remove-100,renderer_scene_membership_changes_p95,count,0,1.0
Atlas,1c2e54b3b8df+bench,SVG,instrument-2026-10-07T06-37-50.292Z,points-5000-seed-41544c53,remove-100,renderer_scene_membership_changes_max,count,0,1.0
Atlas,1c2e54b3b8df+bench,SVG,instrument-2026-10-07T06-37-50.292Z,points-5000-seed-41544c53,remove-100,svg_attribute_removals_n,count,0,1
Atlas,1c2e54b3b8df+bench,SVG,instrument-2026-10-07T06-37-50.292Z,points-5000-seed-41544c53,remove-100,svg_attribute_removals_median,count,0,4900.0
Atlas,1c2e54b3b8df+bench,SVG,instrument-2026-10-07T06-37-50.292Z,points-5000-seed-41544c53,remove-100,svg_attribute_removals_p95,count,0,4900.0
Atlas,1c2e54b3b8df+bench,SVG,instrument-2026-10-07T06-37-50.292Z,points-5000-seed-41544c53,remove-100,svg_attribute_removals_max,count,0,4900.0
Atlas,1c2e54b3b8df+bench,SVG,instrument-2026-10-07T06-37-50.292Z,points-5000-seed-41544c53,remove-100,renderer_calls_n,count,0,1
Atlas,1c2e54b3b8df+bench,SVG,instrument-2026-10-07T06-37-50.292Z,points-5000-seed-41544c53,remove-100,renderer_calls_median,count,0,1.0
Atlas,1c2e54b3b8df+bench,SVG,instrument-2026-10-07T06-37-50.292Z,points-5000-seed-41544c53,remove-100,renderer_calls_p95,count,0,1.0
Atlas,1c2e54b3b8df+bench,SVG,instrument-2026-10-07T06-37-50.292Z,points-5000-seed-41544c53,remove-100,renderer_calls_max,count,0,1.0
Atlas,1c2e54b3b8df+bench,SVG,instrument-2026-10-07T06-37-50.292Z,points-5000-seed-41544c53,remove-100,layout_rect_reads_n,count,0,1
Atlas,1c2e54b3b8df+bench,SVG,instrument-2026-10-07T06-37-50.292Z,points-5000-seed-41544c53,remove-100,layout_rect_reads_median,count,0,0.0
Atlas,1c2e54b3b8df+bench,SVG,instrument-2026-10-07T06-37-50.292Z,points-5000-seed-41544c53,remove-100,layout_rect_reads_p95,count,0,0.0
Atlas,1c2e54b3b8df+bench,SVG,instrument-2026-10-07T06-37-50.292Z,points-5000-seed-41544c53,remove-100,layout_rect_reads_max,count,0,0.0
Atlas,1c2e54b3b8df+bench,SVG,instrument-2026-10-07T06-37-50.292Z,points-5000-seed-41544c53,remove-100,instrumented_renderer_callback_ms_n,count,0,1
Atlas,1c2e54b3b8df+bench,SVG,instrument-2026-10-07T06-37-50.292Z,points-5000-seed-41544c53,remove-100,instrumented_renderer_callback_ms_median,ms,0,7.0
Atlas,1c2e54b3b8df+bench,SVG,instrument-2026-10-07T06-37-50.292Z,points-5000-seed-41544c53,remove-100,instrumented_renderer_callback_ms_p95,ms,0,7.0
Atlas,1c2e54b3b8df+bench,SVG,instrument-2026-10-07T06-37-50.292Z,points-5000-seed-41544c53,remove-100,instrumented_renderer_callback_ms_max,ms,0,7.0
Atlas,1c2e54b3b8df+bench,SVG,instrument-2026-10-07T06-37-50.292Z,points-5000-seed-41544c53,remove-100,cleanup_renderer_calls_n,count,0,1
Atlas,1c2e54b3b8df+bench,SVG,instrument-2026-10-07T06-37-50.292Z,points-5000-seed-41544c53,remove-100,cleanup_renderer_calls_median,count,0,0.0
Atlas,1c2e54b3b8df+bench,SVG,instrument-2026-10-07T06-37-50.292Z,points-5000-seed-41544c53,remove-100,cleanup_renderer_calls_p95,count,0,0.0
Atlas,1c2e54b3b8df+bench,SVG,instrument-2026-10-07T06-37-50.292Z,points-5000-seed-41544c53,remove-100,cleanup_renderer_calls_max,count,0,0.0
Atlas,1c2e54b3b8df+bench,SVG,instrument-2026-10-07T06-37-50.292Z,points-5000-seed-41544c53,remove-100,cleanup_stage_children_n,count,0,1
Atlas,1c2e54b3b8df+bench,SVG,instrument-2026-10-07T06-37-50.292Z,points-5000-seed-41544c53,remove-100,cleanup_stage_children_median,count,0,0.0
Atlas,1c2e54b3b8df+bench,SVG,instrument-2026-10-07T06-37-50.292Z,points-5000-seed-41544c53,remove-100,cleanup_stage_children_p95,count,0,0.0
Atlas,1c2e54b3b8df+bench,SVG,instrument-2026-10-07T06-37-50.292Z,points-5000-seed-41544c53,remove-100,cleanup_stage_children_max,count,0,0.0
Atlas,1c2e54b3b8df+bench,SVG,instrument-2026-10-07T06-37-50.292Z,points-5000-seed-41544c53,remove-500,operation_sync_ms_n,count,0,1
Atlas,1c2e54b3b8df+bench,SVG,instrument-2026-10-07T06-37-50.292Z,points-5000-seed-41544c53,remove-500,operation_sync_ms_median,ms,0,214.9
Atlas,1c2e54b3b8df+bench,SVG,instrument-2026-10-07T06-37-50.292Z,points-5000-seed-41544c53,remove-500,operation_sync_ms_p95,ms,0,214.9
Atlas,1c2e54b3b8df+bench,SVG,instrument-2026-10-07T06-37-50.292Z,points-5000-seed-41544c53,remove-500,operation_sync_ms_max,ms,0,214.9
Atlas,1c2e54b3b8df+bench,SVG,instrument-2026-10-07T06-37-50.292Z,points-5000-seed-41544c53,remove-500,cumulative_operation_ms_n,count,0,5
Atlas,1c2e54b3b8df+bench,SVG,instrument-2026-10-07T06-37-50.292Z,points-5000-seed-41544c53,remove-500,cumulative_operation_ms_median,ms,0,133.0
Atlas,1c2e54b3b8df+bench,SVG,instrument-2026-10-07T06-37-50.292Z,points-5000-seed-41544c53,remove-500,cumulative_operation_ms_p95,ms,0,214.9
Atlas,1c2e54b3b8df+bench,SVG,instrument-2026-10-07T06-37-50.292Z,points-5000-seed-41544c53,remove-500,cumulative_operation_ms_max,ms,0,214.9
Atlas,1c2e54b3b8df+bench,SVG,instrument-2026-10-07T06-37-50.292Z,points-5000-seed-41544c53,remove-500,operation_to_raf_opportunities_ms_n,count,0,1
Atlas,1c2e54b3b8df+bench,SVG,instrument-2026-10-07T06-37-50.292Z,points-5000-seed-41544c53,remove-500,operation_to_raf_opportunities_ms_median,ms,0,239.5
Atlas,1c2e54b3b8df+bench,SVG,instrument-2026-10-07T06-37-50.292Z,points-5000-seed-41544c53,remove-500,operation_to_raf_opportunities_ms_p95,ms,0,239.5
Atlas,1c2e54b3b8df+bench,SVG,instrument-2026-10-07T06-37-50.292Z,points-5000-seed-41544c53,remove-500,operation_to_raf_opportunities_ms_max,ms,0,239.5
Atlas,1c2e54b3b8df+bench,SVG,instrument-2026-10-07T06-37-50.292Z,points-5000-seed-41544c53,remove-500,root_iterator_creations_n,count,0,1
Atlas,1c2e54b3b8df+bench,SVG,instrument-2026-10-07T06-37-50.292Z,points-5000-seed-41544c53,remove-500,root_iterator_creations_median,count,0,503.0
Atlas,1c2e54b3b8df+bench,SVG,instrument-2026-10-07T06-37-50.292Z,points-5000-seed-41544c53,remove-500,root_iterator_creations_p95,count,0,503.0
Atlas,1c2e54b3b8df+bench,SVG,instrument-2026-10-07T06-37-50.292Z,points-5000-seed-41544c53,remove-500,root_iterator_creations_max,count,0,503.0
Atlas,1c2e54b3b8df+bench,SVG,instrument-2026-10-07T06-37-50.292Z,points-5000-seed-41544c53,remove-500,root_iterator_next_calls_n,count,0,1
Atlas,1c2e54b3b8df+bench,SVG,instrument-2026-10-07T06-37-50.292Z,points-5000-seed-41544c53,remove-500,root_iterator_next_calls_median,count,0,2384752.0
Atlas,1c2e54b3b8df+bench,SVG,instrument-2026-10-07T06-37-50.292Z,points-5000-seed-41544c53,remove-500,root_iterator_next_calls_p95,count,0,2384752.0
Atlas,1c2e54b3b8df+bench,SVG,instrument-2026-10-07T06-37-50.292Z,points-5000-seed-41544c53,remove-500,root_iterator_next_calls_max,count,0,2384752.0
Atlas,1c2e54b3b8df+bench,SVG,instrument-2026-10-07T06-37-50.292Z,points-5000-seed-41544c53,remove-500,svg_attribute_writes_n,count,0,1
Atlas,1c2e54b3b8df+bench,SVG,instrument-2026-10-07T06-37-50.292Z,points-5000-seed-41544c53,remove-500,svg_attribute_writes_median,count,0,9003.0
Atlas,1c2e54b3b8df+bench,SVG,instrument-2026-10-07T06-37-50.292Z,points-5000-seed-41544c53,remove-500,svg_attribute_writes_p95,count,0,9003.0
Atlas,1c2e54b3b8df+bench,SVG,instrument-2026-10-07T06-37-50.292Z,points-5000-seed-41544c53,remove-500,svg_attribute_writes_max,count,0,9003.0
Atlas,1c2e54b3b8df+bench,SVG,instrument-2026-10-07T06-37-50.292Z,points-5000-seed-41544c53,remove-500,renderer_scene_reads_n,count,0,1
Atlas,1c2e54b3b8df+bench,SVG,instrument-2026-10-07T06-37-50.292Z,points-5000-seed-41544c53,remove-500,renderer_scene_reads_median,count,0,1.0
Atlas,1c2e54b3b8df+bench,SVG,instrument-2026-10-07T06-37-50.292Z,points-5000-seed-41544c53,remove-500,renderer_scene_reads_p95,count,0,1.0
Atlas,1c2e54b3b8df+bench,SVG,instrument-2026-10-07T06-37-50.292Z,points-5000-seed-41544c53,remove-500,renderer_scene_reads_max,count,0,1.0
Atlas,1c2e54b3b8df+bench,SVG,instrument-2026-10-07T06-37-50.292Z,points-5000-seed-41544c53,remove-500,renderer_scene_membership_changes_n,count,0,1
Atlas,1c2e54b3b8df+bench,SVG,instrument-2026-10-07T06-37-50.292Z,points-5000-seed-41544c53,remove-500,renderer_scene_membership_changes_median,count,0,1.0
Atlas,1c2e54b3b8df+bench,SVG,instrument-2026-10-07T06-37-50.292Z,points-5000-seed-41544c53,remove-500,renderer_scene_membership_changes_p95,count,0,1.0
Atlas,1c2e54b3b8df+bench,SVG,instrument-2026-10-07T06-37-50.292Z,points-5000-seed-41544c53,remove-500,renderer_scene_membership_changes_max,count,0,1.0
Atlas,1c2e54b3b8df+bench,SVG,instrument-2026-10-07T06-37-50.292Z,points-5000-seed-41544c53,remove-500,svg_attribute_removals_n,count,0,1
Atlas,1c2e54b3b8df+bench,SVG,instrument-2026-10-07T06-37-50.292Z,points-5000-seed-41544c53,remove-500,svg_attribute_removals_median,count,0,4500.0
Atlas,1c2e54b3b8df+bench,SVG,instrument-2026-10-07T06-37-50.292Z,points-5000-seed-41544c53,remove-500,svg_attribute_removals_p95,count,0,4500.0
Atlas,1c2e54b3b8df+bench,SVG,instrument-2026-10-07T06-37-50.292Z,points-5000-seed-41544c53,remove-500,svg_attribute_removals_max,count,0,4500.0
Atlas,1c2e54b3b8df+bench,SVG,instrument-2026-10-07T06-37-50.292Z,points-5000-seed-41544c53,remove-500,renderer_calls_n,count,0,1
Atlas,1c2e54b3b8df+bench,SVG,instrument-2026-10-07T06-37-50.292Z,points-5000-seed-41544c53,remove-500,renderer_calls_median,count,0,1.0
Atlas,1c2e54b3b8df+bench,SVG,instrument-2026-10-07T06-37-50.292Z,points-5000-seed-41544c53,remove-500,renderer_calls_p95,count,0,1.0
Atlas,1c2e54b3b8df+bench,SVG,instrument-2026-10-07T06-37-50.292Z,points-5000-seed-41544c53,remove-500,renderer_calls_max,count,0,1.0
Atlas,1c2e54b3b8df+bench,SVG,instrument-2026-10-07T06-37-50.292Z,points-5000-seed-41544c53,remove-500,layout_rect_reads_n,count,0,1
Atlas,1c2e54b3b8df+bench,SVG,instrument-2026-10-07T06-37-50.292Z,points-5000-seed-41544c53,remove-500,layout_rect_reads_median,count,0,0.0
Atlas,1c2e54b3b8df+bench,SVG,instrument-2026-10-07T06-37-50.292Z,points-5000-seed-41544c53,remove-500,layout_rect_reads_p95,count,0,0.0
Atlas,1c2e54b3b8df+bench,SVG,instrument-2026-10-07T06-37-50.292Z,points-5000-seed-41544c53,remove-500,layout_rect_reads_max,count,0,0.0
Atlas,1c2e54b3b8df+bench,SVG,instrument-2026-10-07T06-37-50.292Z,points-5000-seed-41544c53,remove-500,instrumented_renderer_callback_ms_n,count,0,1
Atlas,1c2e54b3b8df+bench,SVG,instrument-2026-10-07T06-37-50.292Z,points-5000-seed-41544c53,remove-500,instrumented_renderer_callback_ms_median,ms,0,6.0
Atlas,1c2e54b3b8df+bench,SVG,instrument-2026-10-07T06-37-50.292Z,points-5000-seed-41544c53,remove-500,instrumented_renderer_callback_ms_p95,ms,0,6.0
Atlas,1c2e54b3b8df+bench,SVG,instrument-2026-10-07T06-37-50.292Z,points-5000-seed-41544c53,remove-500,instrumented_renderer_callback_ms_max,ms,0,6.0
Atlas,1c2e54b3b8df+bench,SVG,instrument-2026-10-07T06-37-50.292Z,points-5000-seed-41544c53,remove-500,cleanup_renderer_calls_n,count,0,1
Atlas,1c2e54b3b8df+bench,SVG,instrument-2026-10-07T06-37-50.292Z,points-5000-seed-41544c53,remove-500,cleanup_renderer_calls_median,count,0,0.0
Atlas,1c2e54b3b8df+bench,SVG,instrument-2026-10-07T06-37-50.292Z,points-5000-seed-41544c53,remove-500,cleanup_renderer_calls_p95,count,0,0.0
Atlas,1c2e54b3b8df+bench,SVG,instrument-2026-10-07T06-37-50.292Z,points-5000-seed-41544c53,remove-500,cleanup_renderer_calls_max,count,0,0.0
Atlas,1c2e54b3b8df+bench,SVG,instrument-2026-10-07T06-37-50.292Z,points-5000-seed-41544c53,remove-500,cleanup_stage_children_n,count,0,1
Atlas,1c2e54b3b8df+bench,SVG,instrument-2026-10-07T06-37-50.292Z,points-5000-seed-41544c53,remove-500,cleanup_stage_children_median,count,0,0.0
Atlas,1c2e54b3b8df+bench,SVG,instrument-2026-10-07T06-37-50.292Z,points-5000-seed-41544c53,remove-500,cleanup_stage_children_p95,count,0,0.0
Atlas,1c2e54b3b8df+bench,SVG,instrument-2026-10-07T06-37-50.292Z,points-5000-seed-41544c53,remove-500,cleanup_stage_children_max,count,0,0.0
Atlas,1c2e54b3b8df+bench,SVG,instrument-2026-10-07T06-37-50.292Z,points-5000-seed-41544c53,remove-1000,operation_sync_ms_n,count,0,1
Atlas,1c2e54b3b8df+bench,SVG,instrument-2026-10-07T06-37-50.292Z,points-5000-seed-41544c53,remove-1000,operation_sync_ms_median,ms,0,400.5
Atlas,1c2e54b3b8df+bench,SVG,instrument-2026-10-07T06-37-50.292Z,points-5000-seed-41544c53,remove-1000,operation_sync_ms_p95,ms,0,400.5
Atlas,1c2e54b3b8df+bench,SVG,instrument-2026-10-07T06-37-50.292Z,points-5000-seed-41544c53,remove-1000,operation_sync_ms_max,ms,0,400.5
Atlas,1c2e54b3b8df+bench,SVG,instrument-2026-10-07T06-37-50.292Z,points-5000-seed-41544c53,remove-1000,cumulative_operation_ms_n,count,0,10
Atlas,1c2e54b3b8df+bench,SVG,instrument-2026-10-07T06-37-50.292Z,points-5000-seed-41544c53,remove-1000,cumulative_operation_ms_median,ms,0,232.85
Atlas,1c2e54b3b8df+bench,SVG,instrument-2026-10-07T06-37-50.292Z,points-5000-seed-41544c53,remove-1000,cumulative_operation_ms_p95,ms,0,400.5
Atlas,1c2e54b3b8df+bench,SVG,instrument-2026-10-07T06-37-50.292Z,points-5000-seed-41544c53,remove-1000,cumulative_operation_ms_max,ms,0,400.5
Atlas,1c2e54b3b8df+bench,SVG,instrument-2026-10-07T06-37-50.292Z,points-5000-seed-41544c53,remove-1000,operation_to_raf_opportunities_ms_n,count,0,1
Atlas,1c2e54b3b8df+bench,SVG,instrument-2026-10-07T06-37-50.292Z,points-5000-seed-41544c53,remove-1000,operation_to_raf_opportunities_ms_median,ms,0,422.9
Atlas,1c2e54b3b8df+bench,SVG,instrument-2026-10-07T06-37-50.292Z,points-5000-seed-41544c53,remove-1000,operation_to_raf_opportunities_ms_p95,ms,0,422.9
Atlas,1c2e54b3b8df+bench,SVG,instrument-2026-10-07T06-37-50.292Z,points-5000-seed-41544c53,remove-1000,operation_to_raf_opportunities_ms_max,ms,0,422.9
Atlas,1c2e54b3b8df+bench,SVG,instrument-2026-10-07T06-37-50.292Z,points-5000-seed-41544c53,remove-1000,root_iterator_creations_n,count,0,1
Atlas,1c2e54b3b8df+bench,SVG,instrument-2026-10-07T06-37-50.292Z,points-5000-seed-41544c53,remove-1000,root_iterator_creations_median,count,0,1003.0
Atlas,1c2e54b3b8df+bench,SVG,instrument-2026-10-07T06-37-50.292Z,points-5000-seed-41544c53,remove-1000,root_iterator_creations_p95,count,0,1003.0
Atlas,1c2e54b3b8df+bench,SVG,instrument-2026-10-07T06-37-50.292Z,points-5000-seed-41544c53,remove-1000,root_iterator_creations_max,count,0,1003.0
Atlas,1c2e54b3b8df+bench,SVG,instrument-2026-10-07T06-37-50.292Z,points-5000-seed-41544c53,remove-1000,root_iterator_next_calls_n,count,0,1
Atlas,1c2e54b3b8df+bench,SVG,instrument-2026-10-07T06-37-50.292Z,points-5000-seed-41544c53,remove-1000,root_iterator_next_calls_median,count,0,4509502.0
Atlas,1c2e54b3b8df+bench,SVG,instrument-2026-10-07T06-37-50.292Z,points-5000-seed-41544c53,remove-1000,root_iterator_next_calls_p95,count,0,4509502.0
Atlas,1c2e54b3b8df+bench,SVG,instrument-2026-10-07T06-37-50.292Z,points-5000-seed-41544c53,remove-1000,root_iterator_next_calls_max,count,0,4509502.0
Atlas,1c2e54b3b8df+bench,SVG,instrument-2026-10-07T06-37-50.292Z,points-5000-seed-41544c53,remove-1000,svg_attribute_writes_n,count,0,1
Atlas,1c2e54b3b8df+bench,SVG,instrument-2026-10-07T06-37-50.292Z,points-5000-seed-41544c53,remove-1000,svg_attribute_writes_median,count,0,8003.0
Atlas,1c2e54b3b8df+bench,SVG,instrument-2026-10-07T06-37-50.292Z,points-5000-seed-41544c53,remove-1000,svg_attribute_writes_p95,count,0,8003.0
Atlas,1c2e54b3b8df+bench,SVG,instrument-2026-10-07T06-37-50.292Z,points-5000-seed-41544c53,remove-1000,svg_attribute_writes_max,count,0,8003.0
Atlas,1c2e54b3b8df+bench,SVG,instrument-2026-10-07T06-37-50.292Z,points-5000-seed-41544c53,remove-1000,renderer_scene_reads_n,count,0,1
Atlas,1c2e54b3b8df+bench,SVG,instrument-2026-10-07T06-37-50.292Z,points-5000-seed-41544c53,remove-1000,renderer_scene_reads_median,count,0,1.0
Atlas,1c2e54b3b8df+bench,SVG,instrument-2026-10-07T06-37-50.292Z,points-5000-seed-41544c53,remove-1000,renderer_scene_reads_p95,count,0,1.0
Atlas,1c2e54b3b8df+bench,SVG,instrument-2026-10-07T06-37-50.292Z,points-5000-seed-41544c53,remove-1000,renderer_scene_reads_max,count,0,1.0
Atlas,1c2e54b3b8df+bench,SVG,instrument-2026-10-07T06-37-50.292Z,points-5000-seed-41544c53,remove-1000,renderer_scene_membership_changes_n,count,0,1
Atlas,1c2e54b3b8df+bench,SVG,instrument-2026-10-07T06-37-50.292Z,points-5000-seed-41544c53,remove-1000,renderer_scene_membership_changes_median,count,0,1.0
Atlas,1c2e54b3b8df+bench,SVG,instrument-2026-10-07T06-37-50.292Z,points-5000-seed-41544c53,remove-1000,renderer_scene_membership_changes_p95,count,0,1.0
Atlas,1c2e54b3b8df+bench,SVG,instrument-2026-10-07T06-37-50.292Z,points-5000-seed-41544c53,remove-1000,renderer_scene_membership_changes_max,count,0,1.0
Atlas,1c2e54b3b8df+bench,SVG,instrument-2026-10-07T06-37-50.292Z,points-5000-seed-41544c53,remove-1000,svg_attribute_removals_n,count,0,1
Atlas,1c2e54b3b8df+bench,SVG,instrument-2026-10-07T06-37-50.292Z,points-5000-seed-41544c53,remove-1000,svg_attribute_removals_median,count,0,4000.0
Atlas,1c2e54b3b8df+bench,SVG,instrument-2026-10-07T06-37-50.292Z,points-5000-seed-41544c53,remove-1000,svg_attribute_removals_p95,count,0,4000.0
Atlas,1c2e54b3b8df+bench,SVG,instrument-2026-10-07T06-37-50.292Z,points-5000-seed-41544c53,remove-1000,svg_attribute_removals_max,count,0,4000.0
Atlas,1c2e54b3b8df+bench,SVG,instrument-2026-10-07T06-37-50.292Z,points-5000-seed-41544c53,remove-1000,renderer_calls_n,count,0,1
Atlas,1c2e54b3b8df+bench,SVG,instrument-2026-10-07T06-37-50.292Z,points-5000-seed-41544c53,remove-1000,renderer_calls_median,count,0,1.0
Atlas,1c2e54b3b8df+bench,SVG,instrument-2026-10-07T06-37-50.292Z,points-5000-seed-41544c53,remove-1000,renderer_calls_p95,count,0,1.0
Atlas,1c2e54b3b8df+bench,SVG,instrument-2026-10-07T06-37-50.292Z,points-5000-seed-41544c53,remove-1000,renderer_calls_max,count,0,1.0
Atlas,1c2e54b3b8df+bench,SVG,instrument-2026-10-07T06-37-50.292Z,points-5000-seed-41544c53,remove-1000,layout_rect_reads_n,count,0,1
Atlas,1c2e54b3b8df+bench,SVG,instrument-2026-10-07T06-37-50.292Z,points-5000-seed-41544c53,remove-1000,layout_rect_reads_median,count,0,0.0
Atlas,1c2e54b3b8df+bench,SVG,instrument-2026-10-07T06-37-50.292Z,points-5000-seed-41544c53,remove-1000,layout_rect_reads_p95,count,0,0.0
Atlas,1c2e54b3b8df+bench,SVG,instrument-2026-10-07T06-37-50.292Z,points-5000-seed-41544c53,remove-1000,layout_rect_reads_max,count,0,0.0
Atlas,1c2e54b3b8df+bench,SVG,instrument-2026-10-07T06-37-50.292Z,points-5000-seed-41544c53,remove-1000,instrumented_renderer_callback_ms_n,count,0,1
Atlas,1c2e54b3b8df+bench,SVG,instrument-2026-10-07T06-37-50.292Z,points-5000-seed-41544c53,remove-1000,instrumented_renderer_callback_ms_median,ms,0,5.3
Atlas,1c2e54b3b8df+bench,SVG,instrument-2026-10-07T06-37-50.292Z,points-5000-seed-41544c53,remove-1000,instrumented_renderer_callback_ms_p95,ms,0,5.3
Atlas,1c2e54b3b8df+bench,SVG,instrument-2026-10-07T06-37-50.292Z,points-5000-seed-41544c53,remove-1000,instrumented_renderer_callback_ms_max,ms,0,5.3
Atlas,1c2e54b3b8df+bench,SVG,instrument-2026-10-07T06-37-50.292Z,points-5000-seed-41544c53,remove-1000,cleanup_renderer_calls_n,count,0,1
Atlas,1c2e54b3b8df+bench,SVG,instrument-2026-10-07T06-37-50.292Z,points-5000-seed-41544c53,remove-1000,cleanup_renderer_calls_median,count,0,0.0
Atlas,1c2e54b3b8df+bench,SVG,instrument-2026-10-07T06-37-50.292Z,points-5000-seed-41544c53,remove-1000,cleanup_renderer_calls_p95,count,0,0.0
Atlas,1c2e54b3b8df+bench,SVG,instrument-2026-10-07T06-37-50.292Z,points-5000-seed-41544c53,remove-1000,cleanup_renderer_calls_max,count,0,0.0
Atlas,1c2e54b3b8df+bench,SVG,instrument-2026-10-07T06-37-50.292Z,points-5000-seed-41544c53,remove-1000,cleanup_stage_children_n,count,0,1
Atlas,1c2e54b3b8df+bench,SVG,instrument-2026-10-07T06-37-50.292Z,points-5000-seed-41544c53,remove-1000,cleanup_stage_children_median,count,0,0.0
Atlas,1c2e54b3b8df+bench,SVG,instrument-2026-10-07T06-37-50.292Z,points-5000-seed-41544c53,remove-1000,cleanup_stage_children_p95,count,0,0.0
Atlas,1c2e54b3b8df+bench,SVG,instrument-2026-10-07T06-37-50.292Z,points-5000-seed-41544c53,remove-1000,cleanup_stage_children_max,count,0,0.0
Atlas,1c2e54b3b8df+bench,SVG,instrument-2026-10-07T06-37-50.292Z,points-5000-seed-41544c53,wheel-input,synthetic_wheel_dispatch_sync_ms_n,count,0,10
Atlas,1c2e54b3b8df+bench,SVG,instrument-2026-10-07T06-37-50.292Z,points-5000-seed-41544c53,wheel-input,synthetic_wheel_dispatch_sync_ms_median,ms,0,0.0
Atlas,1c2e54b3b8df+bench,SVG,instrument-2026-10-07T06-37-50.292Z,points-5000-seed-41544c53,wheel-input,synthetic_wheel_dispatch_sync_ms_p95,ms,0,0.1
Atlas,1c2e54b3b8df+bench,SVG,instrument-2026-10-07T06-37-50.292Z,points-5000-seed-41544c53,wheel-input,synthetic_wheel_dispatch_sync_ms_max,ms,0,0.1
Atlas,1c2e54b3b8df+bench,SVG,instrument-2026-10-07T06-37-50.292Z,points-5000-seed-41544c53,wheel-input,layout_rect_reads_n,count,0,1
Atlas,1c2e54b3b8df+bench,SVG,instrument-2026-10-07T06-37-50.292Z,points-5000-seed-41544c53,wheel-input,layout_rect_reads_median,count,0,52.0
Atlas,1c2e54b3b8df+bench,SVG,instrument-2026-10-07T06-37-50.292Z,points-5000-seed-41544c53,wheel-input,layout_rect_reads_p95,count,0,52.0
Atlas,1c2e54b3b8df+bench,SVG,instrument-2026-10-07T06-37-50.292Z,points-5000-seed-41544c53,wheel-input,layout_rect_reads_max,count,0,52.0
Atlas,1c2e54b3b8df+bench,SVG,instrument-2026-10-07T06-37-50.292Z,points-5000-seed-41544c53,wheel-input,svg_attribute_writes_n,count,0,1
Atlas,1c2e54b3b8df+bench,SVG,instrument-2026-10-07T06-37-50.292Z,points-5000-seed-41544c53,wheel-input,svg_attribute_writes_median,count,0,100030.0
Atlas,1c2e54b3b8df+bench,SVG,instrument-2026-10-07T06-37-50.292Z,points-5000-seed-41544c53,wheel-input,svg_attribute_writes_p95,count,0,100030.0
Atlas,1c2e54b3b8df+bench,SVG,instrument-2026-10-07T06-37-50.292Z,points-5000-seed-41544c53,wheel-input,svg_attribute_writes_max,count,0,100030.0
Atlas,1c2e54b3b8df+bench,SVG,instrument-2026-10-07T06-37-50.292Z,points-5000-seed-41544c53,wheel-input,renderer_scene_reads_n,count,0,1
Atlas,1c2e54b3b8df+bench,SVG,instrument-2026-10-07T06-37-50.292Z,points-5000-seed-41544c53,wheel-input,renderer_scene_reads_median,count,0,10.0
Atlas,1c2e54b3b8df+bench,SVG,instrument-2026-10-07T06-37-50.292Z,points-5000-seed-41544c53,wheel-input,renderer_scene_reads_p95,count,0,10.0
Atlas,1c2e54b3b8df+bench,SVG,instrument-2026-10-07T06-37-50.292Z,points-5000-seed-41544c53,wheel-input,renderer_scene_reads_max,count,0,10.0
Atlas,1c2e54b3b8df+bench,SVG,instrument-2026-10-07T06-37-50.292Z,points-5000-seed-41544c53,wheel-input,root_iterator_creations_n,count,0,1
Atlas,1c2e54b3b8df+bench,SVG,instrument-2026-10-07T06-37-50.292Z,points-5000-seed-41544c53,wheel-input,root_iterator_creations_median,count,0,10.0
Atlas,1c2e54b3b8df+bench,SVG,instrument-2026-10-07T06-37-50.292Z,points-5000-seed-41544c53,wheel-input,root_iterator_creations_p95,count,0,10.0
Atlas,1c2e54b3b8df+bench,SVG,instrument-2026-10-07T06-37-50.292Z,points-5000-seed-41544c53,wheel-input,root_iterator_creations_max,count,0,10.0
Atlas,1c2e54b3b8df+bench,SVG,instrument-2026-10-07T06-37-50.292Z,points-5000-seed-41544c53,wheel-input,root_iterator_next_calls_n,count,0,1
Atlas,1c2e54b3b8df+bench,SVG,instrument-2026-10-07T06-37-50.292Z,points-5000-seed-41544c53,wheel-input,root_iterator_next_calls_median,count,0,50000.0
Atlas,1c2e54b3b8df+bench,SVG,instrument-2026-10-07T06-37-50.292Z,points-5000-seed-41544c53,wheel-input,root_iterator_next_calls_p95,count,0,50000.0
Atlas,1c2e54b3b8df+bench,SVG,instrument-2026-10-07T06-37-50.292Z,points-5000-seed-41544c53,wheel-input,root_iterator_next_calls_max,count,0,50000.0
Atlas,1c2e54b3b8df+bench,SVG,instrument-2026-10-07T06-37-50.292Z,points-5000-seed-41544c53,wheel-input,svg_attribute_removals_n,count,0,1
Atlas,1c2e54b3b8df+bench,SVG,instrument-2026-10-07T06-37-50.292Z,points-5000-seed-41544c53,wheel-input,svg_attribute_removals_median,count,0,50000.0
Atlas,1c2e54b3b8df+bench,SVG,instrument-2026-10-07T06-37-50.292Z,points-5000-seed-41544c53,wheel-input,svg_attribute_removals_p95,count,0,50000.0
Atlas,1c2e54b3b8df+bench,SVG,instrument-2026-10-07T06-37-50.292Z,points-5000-seed-41544c53,wheel-input,svg_attribute_removals_max,count,0,50000.0
Atlas,1c2e54b3b8df+bench,SVG,instrument-2026-10-07T06-37-50.292Z,points-5000-seed-41544c53,wheel-input,renderer_calls_n,count,0,1
Atlas,1c2e54b3b8df+bench,SVG,instrument-2026-10-07T06-37-50.292Z,points-5000-seed-41544c53,wheel-input,renderer_calls_median,count,0,10.0
Atlas,1c2e54b3b8df+bench,SVG,instrument-2026-10-07T06-37-50.292Z,points-5000-seed-41544c53,wheel-input,renderer_calls_p95,count,0,10.0
Atlas,1c2e54b3b8df+bench,SVG,instrument-2026-10-07T06-37-50.292Z,points-5000-seed-41544c53,wheel-input,renderer_calls_max,count,0,10.0
Atlas,1c2e54b3b8df+bench,SVG,instrument-2026-10-07T06-37-50.292Z,points-5000-seed-41544c53,wheel-input,instrumented_renderer_callback_ms_n,count,0,10
Atlas,1c2e54b3b8df+bench,SVG,instrument-2026-10-07T06-37-50.292Z,points-5000-seed-41544c53,wheel-input,instrumented_renderer_callback_ms_median,ms,0,5.75
Atlas,1c2e54b3b8df+bench,SVG,instrument-2026-10-07T06-37-50.292Z,points-5000-seed-41544c53,wheel-input,instrumented_renderer_callback_ms_p95,ms,0,5.8
Atlas,1c2e54b3b8df+bench,SVG,instrument-2026-10-07T06-37-50.292Z,points-5000-seed-41544c53,wheel-input,instrumented_renderer_callback_ms_max,ms,0,5.8
Atlas,1c2e54b3b8df+bench,SVG,instrument-2026-10-07T06-37-50.292Z,points-5000-seed-41544c53,wheel-input,cleanup_renderer_calls_n,count,0,1
Atlas,1c2e54b3b8df+bench,SVG,instrument-2026-10-07T06-37-50.292Z,points-5000-seed-41544c53,wheel-input,cleanup_renderer_calls_median,count,0,0.0
Atlas,1c2e54b3b8df+bench,SVG,instrument-2026-10-07T06-37-50.292Z,points-5000-seed-41544c53,wheel-input,cleanup_renderer_calls_p95,count,0,0.0
Atlas,1c2e54b3b8df+bench,SVG,instrument-2026-10-07T06-37-50.292Z,points-5000-seed-41544c53,wheel-input,cleanup_renderer_calls_max,count,0,0.0
Atlas,1c2e54b3b8df+bench,SVG,instrument-2026-10-07T06-37-50.292Z,points-5000-seed-41544c53,wheel-input,cleanup_stage_children_n,count,0,1
Atlas,1c2e54b3b8df+bench,SVG,instrument-2026-10-07T06-37-50.292Z,points-5000-seed-41544c53,wheel-input,cleanup_stage_children_median,count,0,0.0
Atlas,1c2e54b3b8df+bench,SVG,instrument-2026-10-07T06-37-50.292Z,points-5000-seed-41544c53,wheel-input,cleanup_stage_children_p95,count,0,0.0
Atlas,1c2e54b3b8df+bench,SVG,instrument-2026-10-07T06-37-50.292Z,points-5000-seed-41544c53,wheel-input,cleanup_stage_children_max,count,0,0.0
Atlas,1c2e54b3b8df+bench,SVG,instrument-2026-10-07T06-37-50.292Z,mixed-3000-seed-41544c53,load,load_promise_ms_n,count,0,1
Atlas,1c2e54b3b8df+bench,SVG,instrument-2026-10-07T06-37-50.292Z,mixed-3000-seed-41544c53,load,load_promise_ms_median,ms,0,22.6
Atlas,1c2e54b3b8df+bench,SVG,instrument-2026-10-07T06-37-50.292Z,mixed-3000-seed-41544c53,load,load_promise_ms_p95,ms,0,22.6
Atlas,1c2e54b3b8df+bench,SVG,instrument-2026-10-07T06-37-50.292Z,mixed-3000-seed-41544c53,load,load_promise_ms_max,ms,0,22.6
Atlas,1c2e54b3b8df+bench,SVG,instrument-2026-10-07T06-37-50.292Z,mixed-3000-seed-41544c53,load,create_to_raf_opportunities_ms_n,count,0,1
Atlas,1c2e54b3b8df+bench,SVG,instrument-2026-10-07T06-37-50.292Z,mixed-3000-seed-41544c53,load,create_to_raf_opportunities_ms_median,ms,0,117.6
Atlas,1c2e54b3b8df+bench,SVG,instrument-2026-10-07T06-37-50.292Z,mixed-3000-seed-41544c53,load,create_to_raf_opportunities_ms_p95,ms,0,117.6
Atlas,1c2e54b3b8df+bench,SVG,instrument-2026-10-07T06-37-50.292Z,mixed-3000-seed-41544c53,load,create_to_raf_opportunities_ms_max,ms,0,117.6
Atlas,1c2e54b3b8df+bench,SVG,instrument-2026-10-07T06-37-50.292Z,mixed-3000-seed-41544c53,load,semantic_roots_n,count,0,1
Atlas,1c2e54b3b8df+bench,SVG,instrument-2026-10-07T06-37-50.292Z,mixed-3000-seed-41544c53,load,semantic_roots_median,count,0,3000.0
Atlas,1c2e54b3b8df+bench,SVG,instrument-2026-10-07T06-37-50.292Z,mixed-3000-seed-41544c53,load,semantic_roots_p95,count,0,3000.0
Atlas,1c2e54b3b8df+bench,SVG,instrument-2026-10-07T06-37-50.292Z,mixed-3000-seed-41544c53,load,semantic_roots_max,count,0,3000.0
Atlas,1c2e54b3b8df+bench,SVG,instrument-2026-10-07T06-37-50.292Z,mixed-3000-seed-41544c53,load,owned_points_n,count,0,1
Atlas,1c2e54b3b8df+bench,SVG,instrument-2026-10-07T06-37-50.292Z,mixed-3000-seed-41544c53,load,owned_points_median,count,0,5400.0
Atlas,1c2e54b3b8df+bench,SVG,instrument-2026-10-07T06-37-50.292Z,mixed-3000-seed-41544c53,load,owned_points_p95,count,0,5400.0
Atlas,1c2e54b3b8df+bench,SVG,instrument-2026-10-07T06-37-50.292Z,mixed-3000-seed-41544c53,load,owned_points_max,count,0,5400.0
Atlas,1c2e54b3b8df+bench,SVG,instrument-2026-10-07T06-37-50.292Z,mixed-3000-seed-41544c53,load,visual_primitives_n,count,0,1
Atlas,1c2e54b3b8df+bench,SVG,instrument-2026-10-07T06-37-50.292Z,mixed-3000-seed-41544c53,load,visual_primitives_median,count,0,7200.0
Atlas,1c2e54b3b8df+bench,SVG,instrument-2026-10-07T06-37-50.292Z,mixed-3000-seed-41544c53,load,visual_primitives_p95,count,0,7200.0
Atlas,1c2e54b3b8df+bench,SVG,instrument-2026-10-07T06-37-50.292Z,mixed-3000-seed-41544c53,load,visual_primitives_max,count,0,7200.0
Atlas,1c2e54b3b8df+bench,SVG,instrument-2026-10-07T06-37-50.292Z,mixed-3000-seed-41544c53,load,svg_element_nodes_n,count,0,1
Atlas,1c2e54b3b8df+bench,SVG,instrument-2026-10-07T06-37-50.292Z,mixed-3000-seed-41544c53,load,svg_element_nodes_median,count,0,14402.0
Atlas,1c2e54b3b8df+bench,SVG,instrument-2026-10-07T06-37-50.292Z,mixed-3000-seed-41544c53,load,svg_element_nodes_p95,count,0,14402.0
Atlas,1c2e54b3b8df+bench,SVG,instrument-2026-10-07T06-37-50.292Z,mixed-3000-seed-41544c53,load,svg_element_nodes_max,count,0,14402.0
Atlas,1c2e54b3b8df+bench,SVG,instrument-2026-10-07T06-37-50.292Z,mixed-3000-seed-41544c53,load,shadow_element_nodes_n,count,0,1
Atlas,1c2e54b3b8df+bench,SVG,instrument-2026-10-07T06-37-50.292Z,mixed-3000-seed-41544c53,load,shadow_element_nodes_median,count,0,14403.0
Atlas,1c2e54b3b8df+bench,SVG,instrument-2026-10-07T06-37-50.292Z,mixed-3000-seed-41544c53,load,shadow_element_nodes_p95,count,0,14403.0
Atlas,1c2e54b3b8df+bench,SVG,instrument-2026-10-07T06-37-50.292Z,mixed-3000-seed-41544c53,load,shadow_element_nodes_max,count,0,14403.0
Atlas,1c2e54b3b8df+bench,SVG,instrument-2026-10-07T06-37-50.292Z,mixed-3000-seed-41544c53,load,shadow_dom_nodes_n,count,0,1
Atlas,1c2e54b3b8df+bench,SVG,instrument-2026-10-07T06-37-50.292Z,mixed-3000-seed-41544c53,load,shadow_dom_nodes_median,count,0,14406.0
Atlas,1c2e54b3b8df+bench,SVG,instrument-2026-10-07T06-37-50.292Z,mixed-3000-seed-41544c53,load,shadow_dom_nodes_p95,count,0,14406.0
Atlas,1c2e54b3b8df+bench,SVG,instrument-2026-10-07T06-37-50.292Z,mixed-3000-seed-41544c53,load,shadow_dom_nodes_max,count,0,14406.0
Atlas,1c2e54b3b8df+bench,SVG,instrument-2026-10-07T06-37-50.292Z,mixed-3000-seed-41544c53,load,root_iterator_creations_n,count,0,1
Atlas,1c2e54b3b8df+bench,SVG,instrument-2026-10-07T06-37-50.292Z,mixed-3000-seed-41544c53,load,root_iterator_creations_median,count,0,6.0
Atlas,1c2e54b3b8df+bench,SVG,instrument-2026-10-07T06-37-50.292Z,mixed-3000-seed-41544c53,load,root_iterator_creations_p95,count,0,6.0
Atlas,1c2e54b3b8df+bench,SVG,instrument-2026-10-07T06-37-50.292Z,mixed-3000-seed-41544c53,load,root_iterator_creations_max,count,0,6.0
Atlas,1c2e54b3b8df+bench,SVG,instrument-2026-10-07T06-37-50.292Z,mixed-3000-seed-41544c53,load,root_iterator_next_calls_n,count,0,1
Atlas,1c2e54b3b8df+bench,SVG,instrument-2026-10-07T06-37-50.292Z,mixed-3000-seed-41544c53,load,root_iterator_next_calls_median,count,0,12004.0
Atlas,1c2e54b3b8df+bench,SVG,instrument-2026-10-07T06-37-50.292Z,mixed-3000-seed-41544c53,load,root_iterator_next_calls_p95,count,0,12004.0
Atlas,1c2e54b3b8df+bench,SVG,instrument-2026-10-07T06-37-50.292Z,mixed-3000-seed-41544c53,load,root_iterator_next_calls_max,count,0,12004.0
Atlas,1c2e54b3b8df+bench,SVG,instrument-2026-10-07T06-37-50.292Z,mixed-3000-seed-41544c53,load,svg_attribute_writes_n,count,0,1
Atlas,1c2e54b3b8df+bench,SVG,instrument-2026-10-07T06-37-50.292Z,mixed-3000-seed-41544c53,load,svg_attribute_writes_median,count,0,61809.0
Atlas,1c2e54b3b8df+bench,SVG,instrument-2026-10-07T06-37-50.292Z,mixed-3000-seed-41544c53,load,svg_attribute_writes_p95,count,0,61809.0
Atlas,1c2e54b3b8df+bench,SVG,instrument-2026-10-07T06-37-50.292Z,mixed-3000-seed-41544c53,load,svg_attribute_writes_max,count,0,61809.0
Atlas,1c2e54b3b8df+bench,SVG,instrument-2026-10-07T06-37-50.292Z,mixed-3000-seed-41544c53,load,renderer_calls_n,count,0,1
Atlas,1c2e54b3b8df+bench,SVG,instrument-2026-10-07T06-37-50.292Z,mixed-3000-seed-41544c53,load,renderer_calls_median,count,0,2.0
Atlas,1c2e54b3b8df+bench,SVG,instrument-2026-10-07T06-37-50.292Z,mixed-3000-seed-41544c53,load,renderer_calls_p95,count,0,2.0
Atlas,1c2e54b3b8df+bench,SVG,instrument-2026-10-07T06-37-50.292Z,mixed-3000-seed-41544c53,load,renderer_calls_max,count,0,2.0
Atlas,1c2e54b3b8df+bench,SVG,instrument-2026-10-07T06-37-50.292Z,mixed-3000-seed-41544c53,load,route_membership_reads_n,count,0,1
Atlas,1c2e54b3b8df+bench,SVG,instrument-2026-10-07T06-37-50.292Z,mixed-3000-seed-41544c53,load,route_membership_reads_median,count,0,4200.0
Atlas,1c2e54b3b8df+bench,SVG,instrument-2026-10-07T06-37-50.292Z,mixed-3000-seed-41544c53,load,route_membership_reads_p95,count,0,4200.0
Atlas,1c2e54b3b8df+bench,SVG,instrument-2026-10-07T06-37-50.292Z,mixed-3000-seed-41544c53,load,route_membership_reads_max,count,0,4200.0
Atlas,1c2e54b3b8df+bench,SVG,instrument-2026-10-07T06-37-50.292Z,mixed-3000-seed-41544c53,load,renderer_scene_reads_n,count,0,1
Atlas,1c2e54b3b8df+bench,SVG,instrument-2026-10-07T06-37-50.292Z,mixed-3000-seed-41544c53,load,renderer_scene_reads_median,count,0,2.0
Atlas,1c2e54b3b8df+bench,SVG,instrument-2026-10-07T06-37-50.292Z,mixed-3000-seed-41544c53,load,renderer_scene_reads_p95,count,0,2.0
Atlas,1c2e54b3b8df+bench,SVG,instrument-2026-10-07T06-37-50.292Z,mixed-3000-seed-41544c53,load,renderer_scene_reads_max,count,0,2.0
Atlas,1c2e54b3b8df+bench,SVG,instrument-2026-10-07T06-37-50.292Z,mixed-3000-seed-41544c53,load,svg_attribute_removals_n,count,0,1
Atlas,1c2e54b3b8df+bench,SVG,instrument-2026-10-07T06-37-50.292Z,mixed-3000-seed-41544c53,load,svg_attribute_removals_median,count,0,7200.0
Atlas,1c2e54b3b8df+bench,SVG,instrument-2026-10-07T06-37-50.292Z,mixed-3000-seed-41544c53,load,svg_attribute_removals_p95,count,0,7200.0
Atlas,1c2e54b3b8df+bench,SVG,instrument-2026-10-07T06-37-50.292Z,mixed-3000-seed-41544c53,load,svg_attribute_removals_max,count,0,7200.0
Atlas,1c2e54b3b8df+bench,SVG,instrument-2026-10-07T06-37-50.292Z,mixed-3000-seed-41544c53,load,layout_rect_reads_n,count,0,1
Atlas,1c2e54b3b8df+bench,SVG,instrument-2026-10-07T06-37-50.292Z,mixed-3000-seed-41544c53,load,layout_rect_reads_median,count,0,0.0
Atlas,1c2e54b3b8df+bench,SVG,instrument-2026-10-07T06-37-50.292Z,mixed-3000-seed-41544c53,load,layout_rect_reads_p95,count,0,0.0
Atlas,1c2e54b3b8df+bench,SVG,instrument-2026-10-07T06-37-50.292Z,mixed-3000-seed-41544c53,load,layout_rect_reads_max,count,0,0.0
Atlas,1c2e54b3b8df+bench,SVG,instrument-2026-10-07T06-37-50.292Z,mixed-3000-seed-41544c53,load,instrumented_renderer_callback_ms_n,count,0,2
Atlas,1c2e54b3b8df+bench,SVG,instrument-2026-10-07T06-37-50.292Z,mixed-3000-seed-41544c53,load,instrumented_renderer_callback_ms_median,ms,0,5.4
Atlas,1c2e54b3b8df+bench,SVG,instrument-2026-10-07T06-37-50.292Z,mixed-3000-seed-41544c53,load,instrumented_renderer_callback_ms_p95,ms,0,10.8
Atlas,1c2e54b3b8df+bench,SVG,instrument-2026-10-07T06-37-50.292Z,mixed-3000-seed-41544c53,load,instrumented_renderer_callback_ms_max,ms,0,10.8
Atlas,1c2e54b3b8df+bench,SVG,instrument-2026-10-07T06-37-50.292Z,mixed-3000-seed-41544c53,load,instrumented_prepare_promise_ms_n,count,0,1
Atlas,1c2e54b3b8df+bench,SVG,instrument-2026-10-07T06-37-50.292Z,mixed-3000-seed-41544c53,load,instrumented_prepare_promise_ms_median,ms,0,12.0
Atlas,1c2e54b3b8df+bench,SVG,instrument-2026-10-07T06-37-50.292Z,mixed-3000-seed-41544c53,load,instrumented_prepare_promise_ms_p95,ms,0,12.0
Atlas,1c2e54b3b8df+bench,SVG,instrument-2026-10-07T06-37-50.292Z,mixed-3000-seed-41544c53,load,instrumented_prepare_promise_ms_max,ms,0,12.0
Atlas,1c2e54b3b8df+bench,SVG,instrument-2026-10-07T06-37-50.292Z,mixed-3000-seed-41544c53,load,cleanup_renderer_calls_n,count,0,1
Atlas,1c2e54b3b8df+bench,SVG,instrument-2026-10-07T06-37-50.292Z,mixed-3000-seed-41544c53,load,cleanup_renderer_calls_median,count,0,0.0
Atlas,1c2e54b3b8df+bench,SVG,instrument-2026-10-07T06-37-50.292Z,mixed-3000-seed-41544c53,load,cleanup_renderer_calls_p95,count,0,0.0
Atlas,1c2e54b3b8df+bench,SVG,instrument-2026-10-07T06-37-50.292Z,mixed-3000-seed-41544c53,load,cleanup_renderer_calls_max,count,0,0.0
Atlas,1c2e54b3b8df+bench,SVG,instrument-2026-10-07T06-37-50.292Z,mixed-3000-seed-41544c53,load,cleanup_stage_children_n,count,0,1
Atlas,1c2e54b3b8df+bench,SVG,instrument-2026-10-07T06-37-50.292Z,mixed-3000-seed-41544c53,load,cleanup_stage_children_median,count,0,0.0
Atlas,1c2e54b3b8df+bench,SVG,instrument-2026-10-07T06-37-50.292Z,mixed-3000-seed-41544c53,load,cleanup_stage_children_p95,count,0,0.0
Atlas,1c2e54b3b8df+bench,SVG,instrument-2026-10-07T06-37-50.292Z,mixed-3000-seed-41544c53,load,cleanup_stage_children_max,count,0,0.0
Atlas,1c2e54b3b8df+bench,SVG,instrument-2026-10-07T06-37-50.292Z,mixed-3000-seed-41544c53,pan,frame_interval_ms_n,count,0,42
Atlas,1c2e54b3b8df+bench,SVG,instrument-2026-10-07T06-37-50.292Z,mixed-3000-seed-41544c53,pan,frame_interval_ms_median,ms,0,33.35
Atlas,1c2e54b3b8df+bench,SVG,instrument-2026-10-07T06-37-50.292Z,mixed-3000-seed-41544c53,pan,frame_interval_ms_p95,ms,0,50.0
Atlas,1c2e54b3b8df+bench,SVG,instrument-2026-10-07T06-37-50.292Z,mixed-3000-seed-41544c53,pan,frame_interval_ms_max,ms,0,50.1
Atlas,1c2e54b3b8df+bench,SVG,instrument-2026-10-07T06-37-50.292Z,mixed-3000-seed-41544c53,pan,camera_api_sync_ms_n,count,0,42
Atlas,1c2e54b3b8df+bench,SVG,instrument-2026-10-07T06-37-50.292Z,mixed-3000-seed-41544c53,pan,camera_api_sync_ms_median,ms,0,0.0
Atlas,1c2e54b3b8df+bench,SVG,instrument-2026-10-07T06-37-50.292Z,mixed-3000-seed-41544c53,pan,camera_api_sync_ms_p95,ms,0,0.1
Atlas,1c2e54b3b8df+bench,SVG,instrument-2026-10-07T06-37-50.292Z,mixed-3000-seed-41544c53,pan,camera_api_sync_ms_max,ms,0,0.1
Atlas,1c2e54b3b8df+bench,SVG,instrument-2026-10-07T06-37-50.292Z,mixed-3000-seed-41544c53,pan,motion_elapsed_ms_n,count,0,1
Atlas,1c2e54b3b8df+bench,SVG,instrument-2026-10-07T06-37-50.292Z,mixed-3000-seed-41544c53,pan,motion_elapsed_ms_median,ms,0,1516.6
Atlas,1c2e54b3b8df+bench,SVG,instrument-2026-10-07T06-37-50.292Z,mixed-3000-seed-41544c53,pan,motion_elapsed_ms_p95,ms,0,1516.6
Atlas,1c2e54b3b8df+bench,SVG,instrument-2026-10-07T06-37-50.292Z,mixed-3000-seed-41544c53,pan,motion_elapsed_ms_max,ms,0,1516.6
Atlas,1c2e54b3b8df+bench,SVG,instrument-2026-10-07T06-37-50.292Z,mixed-3000-seed-41544c53,pan,camera_updates_n,count,0,1
Atlas,1c2e54b3b8df+bench,SVG,instrument-2026-10-07T06-37-50.292Z,mixed-3000-seed-41544c53,pan,camera_updates_median,count,0,42.0
Atlas,1c2e54b3b8df+bench,SVG,instrument-2026-10-07T06-37-50.292Z,mixed-3000-seed-41544c53,pan,camera_updates_p95,count,0,42.0
Atlas,1c2e54b3b8df+bench,SVG,instrument-2026-10-07T06-37-50.292Z,mixed-3000-seed-41544c53,pan,camera_updates_max,count,0,42.0
Atlas,1c2e54b3b8df+bench,SVG,instrument-2026-10-07T06-37-50.292Z,mixed-3000-seed-41544c53,pan,svg_attribute_writes_n,count,0,1
Atlas,1c2e54b3b8df+bench,SVG,instrument-2026-10-07T06-37-50.292Z,mixed-3000-seed-41544c53,pan,svg_attribute_writes_median,count,0,630126.0
Atlas,1c2e54b3b8df+bench,SVG,instrument-2026-10-07T06-37-50.292Z,mixed-3000-seed-41544c53,pan,svg_attribute_writes_p95,count,0,630126.0
Atlas,1c2e54b3b8df+bench,SVG,instrument-2026-10-07T06-37-50.292Z,mixed-3000-seed-41544c53,pan,svg_attribute_writes_max,count,0,630126.0
Atlas,1c2e54b3b8df+bench,SVG,instrument-2026-10-07T06-37-50.292Z,mixed-3000-seed-41544c53,pan,renderer_scene_reads_n,count,0,1
Atlas,1c2e54b3b8df+bench,SVG,instrument-2026-10-07T06-37-50.292Z,mixed-3000-seed-41544c53,pan,renderer_scene_reads_median,count,0,42.0
Atlas,1c2e54b3b8df+bench,SVG,instrument-2026-10-07T06-37-50.292Z,mixed-3000-seed-41544c53,pan,renderer_scene_reads_p95,count,0,42.0
Atlas,1c2e54b3b8df+bench,SVG,instrument-2026-10-07T06-37-50.292Z,mixed-3000-seed-41544c53,pan,renderer_scene_reads_max,count,0,42.0
Atlas,1c2e54b3b8df+bench,SVG,instrument-2026-10-07T06-37-50.292Z,mixed-3000-seed-41544c53,pan,root_iterator_creations_n,count,0,1
Atlas,1c2e54b3b8df+bench,SVG,instrument-2026-10-07T06-37-50.292Z,mixed-3000-seed-41544c53,pan,root_iterator_creations_median,count,0,42.0
Atlas,1c2e54b3b8df+bench,SVG,instrument-2026-10-07T06-37-50.292Z,mixed-3000-seed-41544c53,pan,root_iterator_creations_p95,count,0,42.0
Atlas,1c2e54b3b8df+bench,SVG,instrument-2026-10-07T06-37-50.292Z,mixed-3000-seed-41544c53,pan,root_iterator_creations_max,count,0,42.0
Atlas,1c2e54b3b8df+bench,SVG,instrument-2026-10-07T06-37-50.292Z,mixed-3000-seed-41544c53,pan,root_iterator_next_calls_n,count,0,1
Atlas,1c2e54b3b8df+bench,SVG,instrument-2026-10-07T06-37-50.292Z,mixed-3000-seed-41544c53,pan,root_iterator_next_calls_median,count,0,126000.0
Atlas,1c2e54b3b8df+bench,SVG,instrument-2026-10-07T06-37-50.292Z,mixed-3000-seed-41544c53,pan,root_iterator_next_calls_p95,count,0,126000.0
Atlas,1c2e54b3b8df+bench,SVG,instrument-2026-10-07T06-37-50.292Z,mixed-3000-seed-41544c53,pan,root_iterator_next_calls_max,count,0,126000.0
Atlas,1c2e54b3b8df+bench,SVG,instrument-2026-10-07T06-37-50.292Z,mixed-3000-seed-41544c53,pan,route_membership_reads_n,count,0,1
Atlas,1c2e54b3b8df+bench,SVG,instrument-2026-10-07T06-37-50.292Z,mixed-3000-seed-41544c53,pan,route_membership_reads_median,count,0,75600.0
Atlas,1c2e54b3b8df+bench,SVG,instrument-2026-10-07T06-37-50.292Z,mixed-3000-seed-41544c53,pan,route_membership_reads_p95,count,0,75600.0
Atlas,1c2e54b3b8df+bench,SVG,instrument-2026-10-07T06-37-50.292Z,mixed-3000-seed-41544c53,pan,route_membership_reads_max,count,0,75600.0
Atlas,1c2e54b3b8df+bench,SVG,instrument-2026-10-07T06-37-50.292Z,mixed-3000-seed-41544c53,pan,svg_attribute_removals_n,count,0,1
Atlas,1c2e54b3b8df+bench,SVG,instrument-2026-10-07T06-37-50.292Z,mixed-3000-seed-41544c53,pan,svg_attribute_removals_median,count,0,302400.0
Atlas,1c2e54b3b8df+bench,SVG,instrument-2026-10-07T06-37-50.292Z,mixed-3000-seed-41544c53,pan,svg_attribute_removals_p95,count,0,302400.0
Atlas,1c2e54b3b8df+bench,SVG,instrument-2026-10-07T06-37-50.292Z,mixed-3000-seed-41544c53,pan,svg_attribute_removals_max,count,0,302400.0
Atlas,1c2e54b3b8df+bench,SVG,instrument-2026-10-07T06-37-50.292Z,mixed-3000-seed-41544c53,pan,renderer_calls_n,count,0,1
Atlas,1c2e54b3b8df+bench,SVG,instrument-2026-10-07T06-37-50.292Z,mixed-3000-seed-41544c53,pan,renderer_calls_median,count,0,42.0
Atlas,1c2e54b3b8df+bench,SVG,instrument-2026-10-07T06-37-50.292Z,mixed-3000-seed-41544c53,pan,renderer_calls_p95,count,0,42.0
Atlas,1c2e54b3b8df+bench,SVG,instrument-2026-10-07T06-37-50.292Z,mixed-3000-seed-41544c53,pan,renderer_calls_max,count,0,42.0
Atlas,1c2e54b3b8df+bench,SVG,instrument-2026-10-07T06-37-50.292Z,mixed-3000-seed-41544c53,pan,layout_rect_reads_n,count,0,1
Atlas,1c2e54b3b8df+bench,SVG,instrument-2026-10-07T06-37-50.292Z,mixed-3000-seed-41544c53,pan,layout_rect_reads_median,count,0,0.0
Atlas,1c2e54b3b8df+bench,SVG,instrument-2026-10-07T06-37-50.292Z,mixed-3000-seed-41544c53,pan,layout_rect_reads_p95,count,0,0.0
Atlas,1c2e54b3b8df+bench,SVG,instrument-2026-10-07T06-37-50.292Z,mixed-3000-seed-41544c53,pan,layout_rect_reads_max,count,0,0.0
Atlas,1c2e54b3b8df+bench,SVG,instrument-2026-10-07T06-37-50.292Z,mixed-3000-seed-41544c53,pan,instrumented_renderer_callback_ms_n,count,0,42
Atlas,1c2e54b3b8df+bench,SVG,instrument-2026-10-07T06-37-50.292Z,mixed-3000-seed-41544c53,pan,instrumented_renderer_callback_ms_median,ms,0,9.2
Atlas,1c2e54b3b8df+bench,SVG,instrument-2026-10-07T06-37-50.292Z,mixed-3000-seed-41544c53,pan,instrumented_renderer_callback_ms_p95,ms,0,9.9
Atlas,1c2e54b3b8df+bench,SVG,instrument-2026-10-07T06-37-50.292Z,mixed-3000-seed-41544c53,pan,instrumented_renderer_callback_ms_max,ms,0,24.3
Atlas,1c2e54b3b8df+bench,SVG,instrument-2026-10-07T06-37-50.292Z,mixed-3000-seed-41544c53,pan,cleanup_renderer_calls_n,count,0,1
Atlas,1c2e54b3b8df+bench,SVG,instrument-2026-10-07T06-37-50.292Z,mixed-3000-seed-41544c53,pan,cleanup_renderer_calls_median,count,0,0.0
Atlas,1c2e54b3b8df+bench,SVG,instrument-2026-10-07T06-37-50.292Z,mixed-3000-seed-41544c53,pan,cleanup_renderer_calls_p95,count,0,0.0
Atlas,1c2e54b3b8df+bench,SVG,instrument-2026-10-07T06-37-50.292Z,mixed-3000-seed-41544c53,pan,cleanup_renderer_calls_max,count,0,0.0
Atlas,1c2e54b3b8df+bench,SVG,instrument-2026-10-07T06-37-50.292Z,mixed-3000-seed-41544c53,pan,cleanup_stage_children_n,count,0,1
Atlas,1c2e54b3b8df+bench,SVG,instrument-2026-10-07T06-37-50.292Z,mixed-3000-seed-41544c53,pan,cleanup_stage_children_median,count,0,0.0
Atlas,1c2e54b3b8df+bench,SVG,instrument-2026-10-07T06-37-50.292Z,mixed-3000-seed-41544c53,pan,cleanup_stage_children_p95,count,0,0.0
Atlas,1c2e54b3b8df+bench,SVG,instrument-2026-10-07T06-37-50.292Z,mixed-3000-seed-41544c53,pan,cleanup_stage_children_max,count,0,0.0
Atlas,1c2e54b3b8df+bench,SVG,instrument-2026-10-07T06-37-50.292Z,mixed-3000-seed-41544c53,zoom,frame_interval_ms_n,count,0,40
Atlas,1c2e54b3b8df+bench,SVG,instrument-2026-10-07T06-37-50.292Z,mixed-3000-seed-41544c53,zoom,frame_interval_ms_median,ms,0,33.4
Atlas,1c2e54b3b8df+bench,SVG,instrument-2026-10-07T06-37-50.292Z,mixed-3000-seed-41544c53,zoom,frame_interval_ms_p95,ms,0,50.0
Atlas,1c2e54b3b8df+bench,SVG,instrument-2026-10-07T06-37-50.292Z,mixed-3000-seed-41544c53,zoom,frame_interval_ms_max,ms,0,50.1
Atlas,1c2e54b3b8df+bench,SVG,instrument-2026-10-07T06-37-50.292Z,mixed-3000-seed-41544c53,zoom,camera_api_sync_ms_n,count,0,40
Atlas,1c2e54b3b8df+bench,SVG,instrument-2026-10-07T06-37-50.292Z,mixed-3000-seed-41544c53,zoom,camera_api_sync_ms_median,ms,0,0.0
Atlas,1c2e54b3b8df+bench,SVG,instrument-2026-10-07T06-37-50.292Z,mixed-3000-seed-41544c53,zoom,camera_api_sync_ms_p95,ms,0,0.1
Atlas,1c2e54b3b8df+bench,SVG,instrument-2026-10-07T06-37-50.292Z,mixed-3000-seed-41544c53,zoom,camera_api_sync_ms_max,ms,0,0.1
Atlas,1c2e54b3b8df+bench,SVG,instrument-2026-10-07T06-37-50.292Z,mixed-3000-seed-41544c53,zoom,motion_elapsed_ms_n,count,0,1
Atlas,1c2e54b3b8df+bench,SVG,instrument-2026-10-07T06-37-50.292Z,mixed-3000-seed-41544c53,zoom,motion_elapsed_ms_median,ms,0,1533.3
Atlas,1c2e54b3b8df+bench,SVG,instrument-2026-10-07T06-37-50.292Z,mixed-3000-seed-41544c53,zoom,motion_elapsed_ms_p95,ms,0,1533.3
Atlas,1c2e54b3b8df+bench,SVG,instrument-2026-10-07T06-37-50.292Z,mixed-3000-seed-41544c53,zoom,motion_elapsed_ms_max,ms,0,1533.3
Atlas,1c2e54b3b8df+bench,SVG,instrument-2026-10-07T06-37-50.292Z,mixed-3000-seed-41544c53,zoom,camera_updates_n,count,0,1
Atlas,1c2e54b3b8df+bench,SVG,instrument-2026-10-07T06-37-50.292Z,mixed-3000-seed-41544c53,zoom,camera_updates_median,count,0,40.0
Atlas,1c2e54b3b8df+bench,SVG,instrument-2026-10-07T06-37-50.292Z,mixed-3000-seed-41544c53,zoom,camera_updates_p95,count,0,40.0
Atlas,1c2e54b3b8df+bench,SVG,instrument-2026-10-07T06-37-50.292Z,mixed-3000-seed-41544c53,zoom,camera_updates_max,count,0,40.0
Atlas,1c2e54b3b8df+bench,SVG,instrument-2026-10-07T06-37-50.292Z,mixed-3000-seed-41544c53,zoom,svg_attribute_writes_n,count,0,1
Atlas,1c2e54b3b8df+bench,SVG,instrument-2026-10-07T06-37-50.292Z,mixed-3000-seed-41544c53,zoom,svg_attribute_writes_median,count,0,600120.0
Atlas,1c2e54b3b8df+bench,SVG,instrument-2026-10-07T06-37-50.292Z,mixed-3000-seed-41544c53,zoom,svg_attribute_writes_p95,count,0,600120.0
Atlas,1c2e54b3b8df+bench,SVG,instrument-2026-10-07T06-37-50.292Z,mixed-3000-seed-41544c53,zoom,svg_attribute_writes_max,count,0,600120.0
Atlas,1c2e54b3b8df+bench,SVG,instrument-2026-10-07T06-37-50.292Z,mixed-3000-seed-41544c53,zoom,renderer_scene_reads_n,count,0,1
Atlas,1c2e54b3b8df+bench,SVG,instrument-2026-10-07T06-37-50.292Z,mixed-3000-seed-41544c53,zoom,renderer_scene_reads_median,count,0,40.0
Atlas,1c2e54b3b8df+bench,SVG,instrument-2026-10-07T06-37-50.292Z,mixed-3000-seed-41544c53,zoom,renderer_scene_reads_p95,count,0,40.0
Atlas,1c2e54b3b8df+bench,SVG,instrument-2026-10-07T06-37-50.292Z,mixed-3000-seed-41544c53,zoom,renderer_scene_reads_max,count,0,40.0
Atlas,1c2e54b3b8df+bench,SVG,instrument-2026-10-07T06-37-50.292Z,mixed-3000-seed-41544c53,zoom,root_iterator_creations_n,count,0,1
Atlas,1c2e54b3b8df+bench,SVG,instrument-2026-10-07T06-37-50.292Z,mixed-3000-seed-41544c53,zoom,root_iterator_creations_median,count,0,40.0
Atlas,1c2e54b3b8df+bench,SVG,instrument-2026-10-07T06-37-50.292Z,mixed-3000-seed-41544c53,zoom,root_iterator_creations_p95,count,0,40.0
Atlas,1c2e54b3b8df+bench,SVG,instrument-2026-10-07T06-37-50.292Z,mixed-3000-seed-41544c53,zoom,root_iterator_creations_max,count,0,40.0
Atlas,1c2e54b3b8df+bench,SVG,instrument-2026-10-07T06-37-50.292Z,mixed-3000-seed-41544c53,zoom,root_iterator_next_calls_n,count,0,1
Atlas,1c2e54b3b8df+bench,SVG,instrument-2026-10-07T06-37-50.292Z,mixed-3000-seed-41544c53,zoom,root_iterator_next_calls_median,count,0,120000.0
Atlas,1c2e54b3b8df+bench,SVG,instrument-2026-10-07T06-37-50.292Z,mixed-3000-seed-41544c53,zoom,root_iterator_next_calls_p95,count,0,120000.0
Atlas,1c2e54b3b8df+bench,SVG,instrument-2026-10-07T06-37-50.292Z,mixed-3000-seed-41544c53,zoom,root_iterator_next_calls_max,count,0,120000.0
Atlas,1c2e54b3b8df+bench,SVG,instrument-2026-10-07T06-37-50.292Z,mixed-3000-seed-41544c53,zoom,route_membership_reads_n,count,0,1
Atlas,1c2e54b3b8df+bench,SVG,instrument-2026-10-07T06-37-50.292Z,mixed-3000-seed-41544c53,zoom,route_membership_reads_median,count,0,72000.0
Atlas,1c2e54b3b8df+bench,SVG,instrument-2026-10-07T06-37-50.292Z,mixed-3000-seed-41544c53,zoom,route_membership_reads_p95,count,0,72000.0
Atlas,1c2e54b3b8df+bench,SVG,instrument-2026-10-07T06-37-50.292Z,mixed-3000-seed-41544c53,zoom,route_membership_reads_max,count,0,72000.0
Atlas,1c2e54b3b8df+bench,SVG,instrument-2026-10-07T06-37-50.292Z,mixed-3000-seed-41544c53,zoom,svg_attribute_removals_n,count,0,1
Atlas,1c2e54b3b8df+bench,SVG,instrument-2026-10-07T06-37-50.292Z,mixed-3000-seed-41544c53,zoom,svg_attribute_removals_median,count,0,288000.0
Atlas,1c2e54b3b8df+bench,SVG,instrument-2026-10-07T06-37-50.292Z,mixed-3000-seed-41544c53,zoom,svg_attribute_removals_p95,count,0,288000.0
Atlas,1c2e54b3b8df+bench,SVG,instrument-2026-10-07T06-37-50.292Z,mixed-3000-seed-41544c53,zoom,svg_attribute_removals_max,count,0,288000.0
Atlas,1c2e54b3b8df+bench,SVG,instrument-2026-10-07T06-37-50.292Z,mixed-3000-seed-41544c53,zoom,renderer_calls_n,count,0,1
Atlas,1c2e54b3b8df+bench,SVG,instrument-2026-10-07T06-37-50.292Z,mixed-3000-seed-41544c53,zoom,renderer_calls_median,count,0,40.0
Atlas,1c2e54b3b8df+bench,SVG,instrument-2026-10-07T06-37-50.292Z,mixed-3000-seed-41544c53,zoom,renderer_calls_p95,count,0,40.0
Atlas,1c2e54b3b8df+bench,SVG,instrument-2026-10-07T06-37-50.292Z,mixed-3000-seed-41544c53,zoom,renderer_calls_max,count,0,40.0
Atlas,1c2e54b3b8df+bench,SVG,instrument-2026-10-07T06-37-50.292Z,mixed-3000-seed-41544c53,zoom,layout_rect_reads_n,count,0,1
Atlas,1c2e54b3b8df+bench,SVG,instrument-2026-10-07T06-37-50.292Z,mixed-3000-seed-41544c53,zoom,layout_rect_reads_median,count,0,0.0
Atlas,1c2e54b3b8df+bench,SVG,instrument-2026-10-07T06-37-50.292Z,mixed-3000-seed-41544c53,zoom,layout_rect_reads_p95,count,0,0.0
Atlas,1c2e54b3b8df+bench,SVG,instrument-2026-10-07T06-37-50.292Z,mixed-3000-seed-41544c53,zoom,layout_rect_reads_max,count,0,0.0
Atlas,1c2e54b3b8df+bench,SVG,instrument-2026-10-07T06-37-50.292Z,mixed-3000-seed-41544c53,zoom,instrumented_renderer_callback_ms_n,count,0,40
Atlas,1c2e54b3b8df+bench,SVG,instrument-2026-10-07T06-37-50.292Z,mixed-3000-seed-41544c53,zoom,instrumented_renderer_callback_ms_median,ms,0,9.8
Atlas,1c2e54b3b8df+bench,SVG,instrument-2026-10-07T06-37-50.292Z,mixed-3000-seed-41544c53,zoom,instrumented_renderer_callback_ms_p95,ms,0,10.5
Atlas,1c2e54b3b8df+bench,SVG,instrument-2026-10-07T06-37-50.292Z,mixed-3000-seed-41544c53,zoom,instrumented_renderer_callback_ms_max,ms,0,11.5
Atlas,1c2e54b3b8df+bench,SVG,instrument-2026-10-07T06-37-50.292Z,mixed-3000-seed-41544c53,zoom,cleanup_renderer_calls_n,count,0,1
Atlas,1c2e54b3b8df+bench,SVG,instrument-2026-10-07T06-37-50.292Z,mixed-3000-seed-41544c53,zoom,cleanup_renderer_calls_median,count,0,0.0
Atlas,1c2e54b3b8df+bench,SVG,instrument-2026-10-07T06-37-50.292Z,mixed-3000-seed-41544c53,zoom,cleanup_renderer_calls_p95,count,0,0.0
Atlas,1c2e54b3b8df+bench,SVG,instrument-2026-10-07T06-37-50.292Z,mixed-3000-seed-41544c53,zoom,cleanup_renderer_calls_max,count,0,0.0
Atlas,1c2e54b3b8df+bench,SVG,instrument-2026-10-07T06-37-50.292Z,mixed-3000-seed-41544c53,zoom,cleanup_stage_children_n,count,0,1
Atlas,1c2e54b3b8df+bench,SVG,instrument-2026-10-07T06-37-50.292Z,mixed-3000-seed-41544c53,zoom,cleanup_stage_children_median,count,0,0.0
Atlas,1c2e54b3b8df+bench,SVG,instrument-2026-10-07T06-37-50.292Z,mixed-3000-seed-41544c53,zoom,cleanup_stage_children_p95,count,0,0.0
Atlas,1c2e54b3b8df+bench,SVG,instrument-2026-10-07T06-37-50.292Z,mixed-3000-seed-41544c53,zoom,cleanup_stage_children_max,count,0,0.0
Atlas,1c2e54b3b8df+bench,SVG,instrument-2026-10-07T06-37-50.292Z,mixed-3000-seed-41544c53,hit,spatial_hit_test_sync_ms_n,count,0,200
Atlas,1c2e54b3b8df+bench,SVG,instrument-2026-10-07T06-37-50.292Z,mixed-3000-seed-41544c53,hit,spatial_hit_test_sync_ms_median,ms,0,0.2
Atlas,1c2e54b3b8df+bench,SVG,instrument-2026-10-07T06-37-50.292Z,mixed-3000-seed-41544c53,hit,spatial_hit_test_sync_ms_p95,ms,0,0.3
Atlas,1c2e54b3b8df+bench,SVG,instrument-2026-10-07T06-37-50.292Z,mixed-3000-seed-41544c53,hit,spatial_hit_test_sync_ms_max,ms,0,3.6
Atlas,1c2e54b3b8df+bench,SVG,instrument-2026-10-07T06-37-50.292Z,mixed-3000-seed-41544c53,hit,root_iterator_creations_n,count,0,1
Atlas,1c2e54b3b8df+bench,SVG,instrument-2026-10-07T06-37-50.292Z,mixed-3000-seed-41544c53,hit,root_iterator_creations_median,count,0,201.0
Atlas,1c2e54b3b8df+bench,SVG,instrument-2026-10-07T06-37-50.292Z,mixed-3000-seed-41544c53,hit,root_iterator_creations_p95,count,0,201.0
Atlas,1c2e54b3b8df+bench,SVG,instrument-2026-10-07T06-37-50.292Z,mixed-3000-seed-41544c53,hit,root_iterator_creations_max,count,0,201.0
Atlas,1c2e54b3b8df+bench,SVG,instrument-2026-10-07T06-37-50.292Z,mixed-3000-seed-41544c53,hit,root_iterator_next_calls_n,count,0,1
Atlas,1c2e54b3b8df+bench,SVG,instrument-2026-10-07T06-37-50.292Z,mixed-3000-seed-41544c53,hit,root_iterator_next_calls_median,count,0,603001.0
Atlas,1c2e54b3b8df+bench,SVG,instrument-2026-10-07T06-37-50.292Z,mixed-3000-seed-41544c53,hit,root_iterator_next_calls_p95,count,0,603001.0
Atlas,1c2e54b3b8df+bench,SVG,instrument-2026-10-07T06-37-50.292Z,mixed-3000-seed-41544c53,hit,root_iterator_next_calls_max,count,0,603001.0
Atlas,1c2e54b3b8df+bench,SVG,instrument-2026-10-07T06-37-50.292Z,mixed-3000-seed-41544c53,hit,route_membership_reads_n,count,0,1
Atlas,1c2e54b3b8df+bench,SVG,instrument-2026-10-07T06-37-50.292Z,mixed-3000-seed-41544c53,hit,route_membership_reads_median,count,0,125400.0
Atlas,1c2e54b3b8df+bench,SVG,instrument-2026-10-07T06-37-50.292Z,mixed-3000-seed-41544c53,hit,route_membership_reads_p95,count,0,125400.0
Atlas,1c2e54b3b8df+bench,SVG,instrument-2026-10-07T06-37-50.292Z,mixed-3000-seed-41544c53,hit,route_membership_reads_max,count,0,125400.0
Atlas,1c2e54b3b8df+bench,SVG,instrument-2026-10-07T06-37-50.292Z,mixed-3000-seed-41544c53,hit,layout_rect_reads_n,count,0,1
Atlas,1c2e54b3b8df+bench,SVG,instrument-2026-10-07T06-37-50.292Z,mixed-3000-seed-41544c53,hit,layout_rect_reads_median,count,0,0.0
Atlas,1c2e54b3b8df+bench,SVG,instrument-2026-10-07T06-37-50.292Z,mixed-3000-seed-41544c53,hit,layout_rect_reads_p95,count,0,0.0
Atlas,1c2e54b3b8df+bench,SVG,instrument-2026-10-07T06-37-50.292Z,mixed-3000-seed-41544c53,hit,layout_rect_reads_max,count,0,0.0
Atlas,1c2e54b3b8df+bench,SVG,instrument-2026-10-07T06-37-50.292Z,mixed-3000-seed-41544c53,hit,cleanup_renderer_calls_n,count,0,1
Atlas,1c2e54b3b8df+bench,SVG,instrument-2026-10-07T06-37-50.292Z,mixed-3000-seed-41544c53,hit,cleanup_renderer_calls_median,count,0,0.0
Atlas,1c2e54b3b8df+bench,SVG,instrument-2026-10-07T06-37-50.292Z,mixed-3000-seed-41544c53,hit,cleanup_renderer_calls_p95,count,0,0.0
Atlas,1c2e54b3b8df+bench,SVG,instrument-2026-10-07T06-37-50.292Z,mixed-3000-seed-41544c53,hit,cleanup_renderer_calls_max,count,0,0.0
Atlas,1c2e54b3b8df+bench,SVG,instrument-2026-10-07T06-37-50.292Z,mixed-3000-seed-41544c53,hit,cleanup_stage_children_n,count,0,1
Atlas,1c2e54b3b8df+bench,SVG,instrument-2026-10-07T06-37-50.292Z,mixed-3000-seed-41544c53,hit,cleanup_stage_children_median,count,0,0.0
Atlas,1c2e54b3b8df+bench,SVG,instrument-2026-10-07T06-37-50.292Z,mixed-3000-seed-41544c53,hit,cleanup_stage_children_p95,count,0,0.0
Atlas,1c2e54b3b8df+bench,SVG,instrument-2026-10-07T06-37-50.292Z,mixed-3000-seed-41544c53,hit,cleanup_stage_children_max,count,0,0.0
Atlas,1c2e54b3b8df+bench,SVG,instrument-2026-10-07T06-37-50.292Z,mixed-3000-seed-41544c53,miss,spatial_hit_test_sync_ms_n,count,0,200
Atlas,1c2e54b3b8df+bench,SVG,instrument-2026-10-07T06-37-50.292Z,mixed-3000-seed-41544c53,miss,spatial_hit_test_sync_ms_median,ms,0,2.5
Atlas,1c2e54b3b8df+bench,SVG,instrument-2026-10-07T06-37-50.292Z,mixed-3000-seed-41544c53,miss,spatial_hit_test_sync_ms_p95,ms,0,2.6
Atlas,1c2e54b3b8df+bench,SVG,instrument-2026-10-07T06-37-50.292Z,mixed-3000-seed-41544c53,miss,spatial_hit_test_sync_ms_max,ms,0,5.6
Atlas,1c2e54b3b8df+bench,SVG,instrument-2026-10-07T06-37-50.292Z,mixed-3000-seed-41544c53,miss,root_iterator_creations_n,count,0,1
Atlas,1c2e54b3b8df+bench,SVG,instrument-2026-10-07T06-37-50.292Z,mixed-3000-seed-41544c53,miss,root_iterator_creations_median,count,0,201.0
Atlas,1c2e54b3b8df+bench,SVG,instrument-2026-10-07T06-37-50.292Z,mixed-3000-seed-41544c53,miss,root_iterator_creations_p95,count,0,201.0
Atlas,1c2e54b3b8df+bench,SVG,instrument-2026-10-07T06-37-50.292Z,mixed-3000-seed-41544c53,miss,root_iterator_creations_max,count,0,201.0
Atlas,1c2e54b3b8df+bench,SVG,instrument-2026-10-07T06-37-50.292Z,mixed-3000-seed-41544c53,miss,root_iterator_next_calls_n,count,0,1
Atlas,1c2e54b3b8df+bench,SVG,instrument-2026-10-07T06-37-50.292Z,mixed-3000-seed-41544c53,miss,root_iterator_next_calls_median,count,0,603001.0
Atlas,1c2e54b3b8df+bench,SVG,instrument-2026-10-07T06-37-50.292Z,mixed-3000-seed-41544c53,miss,root_iterator_next_calls_p95,count,0,603001.0
Atlas,1c2e54b3b8df+bench,SVG,instrument-2026-10-07T06-37-50.292Z,mixed-3000-seed-41544c53,miss,root_iterator_next_calls_max,count,0,603001.0
Atlas,1c2e54b3b8df+bench,SVG,instrument-2026-10-07T06-37-50.292Z,mixed-3000-seed-41544c53,miss,route_membership_reads_n,count,0,1
Atlas,1c2e54b3b8df+bench,SVG,instrument-2026-10-07T06-37-50.292Z,mixed-3000-seed-41544c53,miss,route_membership_reads_median,count,0,961800.0
Atlas,1c2e54b3b8df+bench,SVG,instrument-2026-10-07T06-37-50.292Z,mixed-3000-seed-41544c53,miss,route_membership_reads_p95,count,0,961800.0
Atlas,1c2e54b3b8df+bench,SVG,instrument-2026-10-07T06-37-50.292Z,mixed-3000-seed-41544c53,miss,route_membership_reads_max,count,0,961800.0
Atlas,1c2e54b3b8df+bench,SVG,instrument-2026-10-07T06-37-50.292Z,mixed-3000-seed-41544c53,miss,layout_rect_reads_n,count,0,1
Atlas,1c2e54b3b8df+bench,SVG,instrument-2026-10-07T06-37-50.292Z,mixed-3000-seed-41544c53,miss,layout_rect_reads_median,count,0,0.0
Atlas,1c2e54b3b8df+bench,SVG,instrument-2026-10-07T06-37-50.292Z,mixed-3000-seed-41544c53,miss,layout_rect_reads_p95,count,0,0.0
Atlas,1c2e54b3b8df+bench,SVG,instrument-2026-10-07T06-37-50.292Z,mixed-3000-seed-41544c53,miss,layout_rect_reads_max,count,0,0.0
Atlas,1c2e54b3b8df+bench,SVG,instrument-2026-10-07T06-37-50.292Z,mixed-3000-seed-41544c53,miss,cleanup_renderer_calls_n,count,0,1
Atlas,1c2e54b3b8df+bench,SVG,instrument-2026-10-07T06-37-50.292Z,mixed-3000-seed-41544c53,miss,cleanup_renderer_calls_median,count,0,0.0
Atlas,1c2e54b3b8df+bench,SVG,instrument-2026-10-07T06-37-50.292Z,mixed-3000-seed-41544c53,miss,cleanup_renderer_calls_p95,count,0,0.0
Atlas,1c2e54b3b8df+bench,SVG,instrument-2026-10-07T06-37-50.292Z,mixed-3000-seed-41544c53,miss,cleanup_renderer_calls_max,count,0,0.0
Atlas,1c2e54b3b8df+bench,SVG,instrument-2026-10-07T06-37-50.292Z,mixed-3000-seed-41544c53,miss,cleanup_stage_children_n,count,0,1
Atlas,1c2e54b3b8df+bench,SVG,instrument-2026-10-07T06-37-50.292Z,mixed-3000-seed-41544c53,miss,cleanup_stage_children_median,count,0,0.0
Atlas,1c2e54b3b8df+bench,SVG,instrument-2026-10-07T06-37-50.292Z,mixed-3000-seed-41544c53,miss,cleanup_stage_children_p95,count,0,0.0
Atlas,1c2e54b3b8df+bench,SVG,instrument-2026-10-07T06-37-50.292Z,mixed-3000-seed-41544c53,miss,cleanup_stage_children_max,count,0,0.0
Atlas,1c2e54b3b8df+bench,SVG,instrument-2026-10-07T06-37-50.292Z,mixed-3000-seed-41544c53,position-single,operation_sync_ms_n,count,0,1
Atlas,1c2e54b3b8df+bench,SVG,instrument-2026-10-07T06-37-50.292Z,mixed-3000-seed-41544c53,position-single,operation_sync_ms_median,ms,0,0.0
Atlas,1c2e54b3b8df+bench,SVG,instrument-2026-10-07T06-37-50.292Z,mixed-3000-seed-41544c53,position-single,operation_sync_ms_p95,ms,0,0.0
Atlas,1c2e54b3b8df+bench,SVG,instrument-2026-10-07T06-37-50.292Z,mixed-3000-seed-41544c53,position-single,operation_sync_ms_max,ms,0,0.0
Atlas,1c2e54b3b8df+bench,SVG,instrument-2026-10-07T06-37-50.292Z,mixed-3000-seed-41544c53,position-single,operation_to_raf_opportunities_ms_n,count,0,1
Atlas,1c2e54b3b8df+bench,SVG,instrument-2026-10-07T06-37-50.292Z,mixed-3000-seed-41544c53,position-single,operation_to_raf_opportunities_ms_median,ms,0,35.4
Atlas,1c2e54b3b8df+bench,SVG,instrument-2026-10-07T06-37-50.292Z,mixed-3000-seed-41544c53,position-single,operation_to_raf_opportunities_ms_p95,ms,0,35.4
Atlas,1c2e54b3b8df+bench,SVG,instrument-2026-10-07T06-37-50.292Z,mixed-3000-seed-41544c53,position-single,operation_to_raf_opportunities_ms_max,ms,0,35.4
Atlas,1c2e54b3b8df+bench,SVG,instrument-2026-10-07T06-37-50.292Z,mixed-3000-seed-41544c53,position-single,root_iterator_creations_n,count,0,1
Atlas,1c2e54b3b8df+bench,SVG,instrument-2026-10-07T06-37-50.292Z,mixed-3000-seed-41544c53,position-single,root_iterator_creations_median,count,0,2.0
Atlas,1c2e54b3b8df+bench,SVG,instrument-2026-10-07T06-37-50.292Z,mixed-3000-seed-41544c53,position-single,root_iterator_creations_p95,count,0,2.0
Atlas,1c2e54b3b8df+bench,SVG,instrument-2026-10-07T06-37-50.292Z,mixed-3000-seed-41544c53,position-single,root_iterator_creations_max,count,0,2.0
Atlas,1c2e54b3b8df+bench,SVG,instrument-2026-10-07T06-37-50.292Z,mixed-3000-seed-41544c53,position-single,root_iterator_next_calls_n,count,0,1
Atlas,1c2e54b3b8df+bench,SVG,instrument-2026-10-07T06-37-50.292Z,mixed-3000-seed-41544c53,position-single,root_iterator_next_calls_median,count,0,6001.0
Atlas,1c2e54b3b8df+bench,SVG,instrument-2026-10-07T06-37-50.292Z,mixed-3000-seed-41544c53,position-single,root_iterator_next_calls_p95,count,0,6001.0
Atlas,1c2e54b3b8df+bench,SVG,instrument-2026-10-07T06-37-50.292Z,mixed-3000-seed-41544c53,position-single,root_iterator_next_calls_max,count,0,6001.0
Atlas,1c2e54b3b8df+bench,SVG,instrument-2026-10-07T06-37-50.292Z,mixed-3000-seed-41544c53,position-single,svg_attribute_writes_n,count,0,1
Atlas,1c2e54b3b8df+bench,SVG,instrument-2026-10-07T06-37-50.292Z,mixed-3000-seed-41544c53,position-single,svg_attribute_writes_median,count,0,15003.0
Atlas,1c2e54b3b8df+bench,SVG,instrument-2026-10-07T06-37-50.292Z,mixed-3000-seed-41544c53,position-single,svg_attribute_writes_p95,count,0,15003.0
Atlas,1c2e54b3b8df+bench,SVG,instrument-2026-10-07T06-37-50.292Z,mixed-3000-seed-41544c53,position-single,svg_attribute_writes_max,count,0,15003.0
Atlas,1c2e54b3b8df+bench,SVG,instrument-2026-10-07T06-37-50.292Z,mixed-3000-seed-41544c53,position-single,renderer_scene_reads_n,count,0,1
Atlas,1c2e54b3b8df+bench,SVG,instrument-2026-10-07T06-37-50.292Z,mixed-3000-seed-41544c53,position-single,renderer_scene_reads_median,count,0,1.0
Atlas,1c2e54b3b8df+bench,SVG,instrument-2026-10-07T06-37-50.292Z,mixed-3000-seed-41544c53,position-single,renderer_scene_reads_p95,count,0,1.0
Atlas,1c2e54b3b8df+bench,SVG,instrument-2026-10-07T06-37-50.292Z,mixed-3000-seed-41544c53,position-single,renderer_scene_reads_max,count,0,1.0
Atlas,1c2e54b3b8df+bench,SVG,instrument-2026-10-07T06-37-50.292Z,mixed-3000-seed-41544c53,position-single,route_membership_reads_n,count,0,1
Atlas,1c2e54b3b8df+bench,SVG,instrument-2026-10-07T06-37-50.292Z,mixed-3000-seed-41544c53,position-single,route_membership_reads_median,count,0,1800.0
Atlas,1c2e54b3b8df+bench,SVG,instrument-2026-10-07T06-37-50.292Z,mixed-3000-seed-41544c53,position-single,route_membership_reads_p95,count,0,1800.0
Atlas,1c2e54b3b8df+bench,SVG,instrument-2026-10-07T06-37-50.292Z,mixed-3000-seed-41544c53,position-single,route_membership_reads_max,count,0,1800.0
Atlas,1c2e54b3b8df+bench,SVG,instrument-2026-10-07T06-37-50.292Z,mixed-3000-seed-41544c53,position-single,svg_attribute_removals_n,count,0,1
Atlas,1c2e54b3b8df+bench,SVG,instrument-2026-10-07T06-37-50.292Z,mixed-3000-seed-41544c53,position-single,svg_attribute_removals_median,count,0,7200.0
Atlas,1c2e54b3b8df+bench,SVG,instrument-2026-10-07T06-37-50.292Z,mixed-3000-seed-41544c53,position-single,svg_attribute_removals_p95,count,0,7200.0
Atlas,1c2e54b3b8df+bench,SVG,instrument-2026-10-07T06-37-50.292Z,mixed-3000-seed-41544c53,position-single,svg_attribute_removals_max,count,0,7200.0
Atlas,1c2e54b3b8df+bench,SVG,instrument-2026-10-07T06-37-50.292Z,mixed-3000-seed-41544c53,position-single,renderer_calls_n,count,0,1
Atlas,1c2e54b3b8df+bench,SVG,instrument-2026-10-07T06-37-50.292Z,mixed-3000-seed-41544c53,position-single,renderer_calls_median,count,0,1.0
Atlas,1c2e54b3b8df+bench,SVG,instrument-2026-10-07T06-37-50.292Z,mixed-3000-seed-41544c53,position-single,renderer_calls_p95,count,0,1.0
Atlas,1c2e54b3b8df+bench,SVG,instrument-2026-10-07T06-37-50.292Z,mixed-3000-seed-41544c53,position-single,renderer_calls_max,count,0,1.0
Atlas,1c2e54b3b8df+bench,SVG,instrument-2026-10-07T06-37-50.292Z,mixed-3000-seed-41544c53,position-single,layout_rect_reads_n,count,0,1
Atlas,1c2e54b3b8df+bench,SVG,instrument-2026-10-07T06-37-50.292Z,mixed-3000-seed-41544c53,position-single,layout_rect_reads_median,count,0,0.0
Atlas,1c2e54b3b8df+bench,SVG,instrument-2026-10-07T06-37-50.292Z,mixed-3000-seed-41544c53,position-single,layout_rect_reads_p95,count,0,0.0
Atlas,1c2e54b3b8df+bench,SVG,instrument-2026-10-07T06-37-50.292Z,mixed-3000-seed-41544c53,position-single,layout_rect_reads_max,count,0,0.0
Atlas,1c2e54b3b8df+bench,SVG,instrument-2026-10-07T06-37-50.292Z,mixed-3000-seed-41544c53,position-single,instrumented_renderer_callback_ms_n,count,0,1
Atlas,1c2e54b3b8df+bench,SVG,instrument-2026-10-07T06-37-50.292Z,mixed-3000-seed-41544c53,position-single,instrumented_renderer_callback_ms_median,ms,0,9.6
Atlas,1c2e54b3b8df+bench,SVG,instrument-2026-10-07T06-37-50.292Z,mixed-3000-seed-41544c53,position-single,instrumented_renderer_callback_ms_p95,ms,0,9.6
Atlas,1c2e54b3b8df+bench,SVG,instrument-2026-10-07T06-37-50.292Z,mixed-3000-seed-41544c53,position-single,instrumented_renderer_callback_ms_max,ms,0,9.6
Atlas,1c2e54b3b8df+bench,SVG,instrument-2026-10-07T06-37-50.292Z,mixed-3000-seed-41544c53,position-single,cleanup_renderer_calls_n,count,0,1
Atlas,1c2e54b3b8df+bench,SVG,instrument-2026-10-07T06-37-50.292Z,mixed-3000-seed-41544c53,position-single,cleanup_renderer_calls_median,count,0,0.0
Atlas,1c2e54b3b8df+bench,SVG,instrument-2026-10-07T06-37-50.292Z,mixed-3000-seed-41544c53,position-single,cleanup_renderer_calls_p95,count,0,0.0
Atlas,1c2e54b3b8df+bench,SVG,instrument-2026-10-07T06-37-50.292Z,mixed-3000-seed-41544c53,position-single,cleanup_renderer_calls_max,count,0,0.0
Atlas,1c2e54b3b8df+bench,SVG,instrument-2026-10-07T06-37-50.292Z,mixed-3000-seed-41544c53,position-single,cleanup_stage_children_n,count,0,1
Atlas,1c2e54b3b8df+bench,SVG,instrument-2026-10-07T06-37-50.292Z,mixed-3000-seed-41544c53,position-single,cleanup_stage_children_median,count,0,0.0
Atlas,1c2e54b3b8df+bench,SVG,instrument-2026-10-07T06-37-50.292Z,mixed-3000-seed-41544c53,position-single,cleanup_stage_children_p95,count,0,0.0
Atlas,1c2e54b3b8df+bench,SVG,instrument-2026-10-07T06-37-50.292Z,mixed-3000-seed-41544c53,position-single,cleanup_stage_children_max,count,0,0.0
Atlas,1c2e54b3b8df+bench,SVG,instrument-2026-10-07T06-37-50.292Z,mixed-3000-seed-41544c53,position-series,operation_sync_ms_n,count,0,1
Atlas,1c2e54b3b8df+bench,SVG,instrument-2026-10-07T06-37-50.292Z,mixed-3000-seed-41544c53,position-series,operation_sync_ms_median,ms,0,0.1
Atlas,1c2e54b3b8df+bench,SVG,instrument-2026-10-07T06-37-50.292Z,mixed-3000-seed-41544c53,position-series,operation_sync_ms_p95,ms,0,0.1
Atlas,1c2e54b3b8df+bench,SVG,instrument-2026-10-07T06-37-50.292Z,mixed-3000-seed-41544c53,position-series,operation_sync_ms_max,ms,0,0.1
Atlas,1c2e54b3b8df+bench,SVG,instrument-2026-10-07T06-37-50.292Z,mixed-3000-seed-41544c53,position-series,operation_to_raf_opportunities_ms_n,count,0,1
Atlas,1c2e54b3b8df+bench,SVG,instrument-2026-10-07T06-37-50.292Z,mixed-3000-seed-41544c53,position-series,operation_to_raf_opportunities_ms_median,ms,0,38.8
Atlas,1c2e54b3b8df+bench,SVG,instrument-2026-10-07T06-37-50.292Z,mixed-3000-seed-41544c53,position-series,operation_to_raf_opportunities_ms_p95,ms,0,38.8
Atlas,1c2e54b3b8df+bench,SVG,instrument-2026-10-07T06-37-50.292Z,mixed-3000-seed-41544c53,position-series,operation_to_raf_opportunities_ms_max,ms,0,38.8
Atlas,1c2e54b3b8df+bench,SVG,instrument-2026-10-07T06-37-50.292Z,mixed-3000-seed-41544c53,position-series,root_iterator_creations_n,count,0,1
Atlas,1c2e54b3b8df+bench,SVG,instrument-2026-10-07T06-37-50.292Z,mixed-3000-seed-41544c53,position-series,root_iterator_creations_median,count,0,2.0
Atlas,1c2e54b3b8df+bench,SVG,instrument-2026-10-07T06-37-50.292Z,mixed-3000-seed-41544c53,position-series,root_iterator_creations_p95,count,0,2.0
Atlas,1c2e54b3b8df+bench,SVG,instrument-2026-10-07T06-37-50.292Z,mixed-3000-seed-41544c53,position-series,root_iterator_creations_max,count,0,2.0
Atlas,1c2e54b3b8df+bench,SVG,instrument-2026-10-07T06-37-50.292Z,mixed-3000-seed-41544c53,position-series,root_iterator_next_calls_n,count,0,1
Atlas,1c2e54b3b8df+bench,SVG,instrument-2026-10-07T06-37-50.292Z,mixed-3000-seed-41544c53,position-series,root_iterator_next_calls_median,count,0,6001.0
Atlas,1c2e54b3b8df+bench,SVG,instrument-2026-10-07T06-37-50.292Z,mixed-3000-seed-41544c53,position-series,root_iterator_next_calls_p95,count,0,6001.0
Atlas,1c2e54b3b8df+bench,SVG,instrument-2026-10-07T06-37-50.292Z,mixed-3000-seed-41544c53,position-series,root_iterator_next_calls_max,count,0,6001.0
Atlas,1c2e54b3b8df+bench,SVG,instrument-2026-10-07T06-37-50.292Z,mixed-3000-seed-41544c53,position-series,route_membership_reads_n,count,0,1
Atlas,1c2e54b3b8df+bench,SVG,instrument-2026-10-07T06-37-50.292Z,mixed-3000-seed-41544c53,position-series,route_membership_reads_median,count,0,1820.0
Atlas,1c2e54b3b8df+bench,SVG,instrument-2026-10-07T06-37-50.292Z,mixed-3000-seed-41544c53,position-series,route_membership_reads_p95,count,0,1820.0
Atlas,1c2e54b3b8df+bench,SVG,instrument-2026-10-07T06-37-50.292Z,mixed-3000-seed-41544c53,position-series,route_membership_reads_max,count,0,1820.0
Atlas,1c2e54b3b8df+bench,SVG,instrument-2026-10-07T06-37-50.292Z,mixed-3000-seed-41544c53,position-series,svg_attribute_writes_n,count,0,1
Atlas,1c2e54b3b8df+bench,SVG,instrument-2026-10-07T06-37-50.292Z,mixed-3000-seed-41544c53,position-series,svg_attribute_writes_median,count,0,15003.0
Atlas,1c2e54b3b8df+bench,SVG,instrument-2026-10-07T06-37-50.292Z,mixed-3000-seed-41544c53,position-series,svg_attribute_writes_p95,count,0,15003.0
Atlas,1c2e54b3b8df+bench,SVG,instrument-2026-10-07T06-37-50.292Z,mixed-3000-seed-41544c53,position-series,svg_attribute_writes_max,count,0,15003.0
Atlas,1c2e54b3b8df+bench,SVG,instrument-2026-10-07T06-37-50.292Z,mixed-3000-seed-41544c53,position-series,renderer_scene_reads_n,count,0,1
Atlas,1c2e54b3b8df+bench,SVG,instrument-2026-10-07T06-37-50.292Z,mixed-3000-seed-41544c53,position-series,renderer_scene_reads_median,count,0,1.0
Atlas,1c2e54b3b8df+bench,SVG,instrument-2026-10-07T06-37-50.292Z,mixed-3000-seed-41544c53,position-series,renderer_scene_reads_p95,count,0,1.0
Atlas,1c2e54b3b8df+bench,SVG,instrument-2026-10-07T06-37-50.292Z,mixed-3000-seed-41544c53,position-series,renderer_scene_reads_max,count,0,1.0
Atlas,1c2e54b3b8df+bench,SVG,instrument-2026-10-07T06-37-50.292Z,mixed-3000-seed-41544c53,position-series,svg_attribute_removals_n,count,0,1
Atlas,1c2e54b3b8df+bench,SVG,instrument-2026-10-07T06-37-50.292Z,mixed-3000-seed-41544c53,position-series,svg_attribute_removals_median,count,0,7200.0
Atlas,1c2e54b3b8df+bench,SVG,instrument-2026-10-07T06-37-50.292Z,mixed-3000-seed-41544c53,position-series,svg_attribute_removals_p95,count,0,7200.0
Atlas,1c2e54b3b8df+bench,SVG,instrument-2026-10-07T06-37-50.292Z,mixed-3000-seed-41544c53,position-series,svg_attribute_removals_max,count,0,7200.0
Atlas,1c2e54b3b8df+bench,SVG,instrument-2026-10-07T06-37-50.292Z,mixed-3000-seed-41544c53,position-series,renderer_calls_n,count,0,1
Atlas,1c2e54b3b8df+bench,SVG,instrument-2026-10-07T06-37-50.292Z,mixed-3000-seed-41544c53,position-series,renderer_calls_median,count,0,1.0
Atlas,1c2e54b3b8df+bench,SVG,instrument-2026-10-07T06-37-50.292Z,mixed-3000-seed-41544c53,position-series,renderer_calls_p95,count,0,1.0
Atlas,1c2e54b3b8df+bench,SVG,instrument-2026-10-07T06-37-50.292Z,mixed-3000-seed-41544c53,position-series,renderer_calls_max,count,0,1.0
Atlas,1c2e54b3b8df+bench,SVG,instrument-2026-10-07T06-37-50.292Z,mixed-3000-seed-41544c53,position-series,layout_rect_reads_n,count,0,1
Atlas,1c2e54b3b8df+bench,SVG,instrument-2026-10-07T06-37-50.292Z,mixed-3000-seed-41544c53,position-series,layout_rect_reads_median,count,0,0.0
Atlas,1c2e54b3b8df+bench,SVG,instrument-2026-10-07T06-37-50.292Z,mixed-3000-seed-41544c53,position-series,layout_rect_reads_p95,count,0,0.0
Atlas,1c2e54b3b8df+bench,SVG,instrument-2026-10-07T06-37-50.292Z,mixed-3000-seed-41544c53,position-series,layout_rect_reads_max,count,0,0.0
Atlas,1c2e54b3b8df+bench,SVG,instrument-2026-10-07T06-37-50.292Z,mixed-3000-seed-41544c53,position-series,instrumented_renderer_callback_ms_n,count,0,1
Atlas,1c2e54b3b8df+bench,SVG,instrument-2026-10-07T06-37-50.292Z,mixed-3000-seed-41544c53,position-series,instrumented_renderer_callback_ms_median,ms,0,9.4
Atlas,1c2e54b3b8df+bench,SVG,instrument-2026-10-07T06-37-50.292Z,mixed-3000-seed-41544c53,position-series,instrumented_renderer_callback_ms_p95,ms,0,9.4
Atlas,1c2e54b3b8df+bench,SVG,instrument-2026-10-07T06-37-50.292Z,mixed-3000-seed-41544c53,position-series,instrumented_renderer_callback_ms_max,ms,0,9.4
Atlas,1c2e54b3b8df+bench,SVG,instrument-2026-10-07T06-37-50.292Z,mixed-3000-seed-41544c53,position-series,cleanup_renderer_calls_n,count,0,1
Atlas,1c2e54b3b8df+bench,SVG,instrument-2026-10-07T06-37-50.292Z,mixed-3000-seed-41544c53,position-series,cleanup_renderer_calls_median,count,0,0.0
Atlas,1c2e54b3b8df+bench,SVG,instrument-2026-10-07T06-37-50.292Z,mixed-3000-seed-41544c53,position-series,cleanup_renderer_calls_p95,count,0,0.0
Atlas,1c2e54b3b8df+bench,SVG,instrument-2026-10-07T06-37-50.292Z,mixed-3000-seed-41544c53,position-series,cleanup_renderer_calls_max,count,0,0.0
Atlas,1c2e54b3b8df+bench,SVG,instrument-2026-10-07T06-37-50.292Z,mixed-3000-seed-41544c53,position-series,cleanup_stage_children_n,count,0,1
Atlas,1c2e54b3b8df+bench,SVG,instrument-2026-10-07T06-37-50.292Z,mixed-3000-seed-41544c53,position-series,cleanup_stage_children_median,count,0,0.0
Atlas,1c2e54b3b8df+bench,SVG,instrument-2026-10-07T06-37-50.292Z,mixed-3000-seed-41544c53,position-series,cleanup_stage_children_p95,count,0,0.0
Atlas,1c2e54b3b8df+bench,SVG,instrument-2026-10-07T06-37-50.292Z,mixed-3000-seed-41544c53,position-series,cleanup_stage_children_max,count,0,0.0
Atlas,1c2e54b3b8df+bench,SVG,instrument-2026-10-07T06-37-50.292Z,mixed-3000-seed-41544c53,add-100,operation_sync_ms_n,count,0,1
Atlas,1c2e54b3b8df+bench,SVG,instrument-2026-10-07T06-37-50.292Z,mixed-3000-seed-41544c53,add-100,operation_sync_ms_median,ms,0,28.2
Atlas,1c2e54b3b8df+bench,SVG,instrument-2026-10-07T06-37-50.292Z,mixed-3000-seed-41544c53,add-100,operation_sync_ms_p95,ms,0,28.2
Atlas,1c2e54b3b8df+bench,SVG,instrument-2026-10-07T06-37-50.292Z,mixed-3000-seed-41544c53,add-100,operation_sync_ms_max,ms,0,28.2
Atlas,1c2e54b3b8df+bench,SVG,instrument-2026-10-07T06-37-50.292Z,mixed-3000-seed-41544c53,add-100,cumulative_operation_ms_n,count,0,1
Atlas,1c2e54b3b8df+bench,SVG,instrument-2026-10-07T06-37-50.292Z,mixed-3000-seed-41544c53,add-100,cumulative_operation_ms_median,ms,0,28.2
Atlas,1c2e54b3b8df+bench,SVG,instrument-2026-10-07T06-37-50.292Z,mixed-3000-seed-41544c53,add-100,cumulative_operation_ms_p95,ms,0,28.2
Atlas,1c2e54b3b8df+bench,SVG,instrument-2026-10-07T06-37-50.292Z,mixed-3000-seed-41544c53,add-100,cumulative_operation_ms_max,ms,0,28.2
Atlas,1c2e54b3b8df+bench,SVG,instrument-2026-10-07T06-37-50.292Z,mixed-3000-seed-41544c53,add-100,operation_to_raf_opportunities_ms_n,count,0,1
Atlas,1c2e54b3b8df+bench,SVG,instrument-2026-10-07T06-37-50.292Z,mixed-3000-seed-41544c53,add-100,operation_to_raf_opportunities_ms_median,ms,0,66.2
Atlas,1c2e54b3b8df+bench,SVG,instrument-2026-10-07T06-37-50.292Z,mixed-3000-seed-41544c53,add-100,operation_to_raf_opportunities_ms_p95,ms,0,66.2
Atlas,1c2e54b3b8df+bench,SVG,instrument-2026-10-07T06-37-50.292Z,mixed-3000-seed-41544c53,add-100,operation_to_raf_opportunities_ms_max,ms,0,66.2
Atlas,1c2e54b3b8df+bench,SVG,instrument-2026-10-07T06-37-50.292Z,mixed-3000-seed-41544c53,add-100,root_iterator_creations_n,count,0,1
Atlas,1c2e54b3b8df+bench,SVG,instrument-2026-10-07T06-37-50.292Z,mixed-3000-seed-41544c53,add-100,root_iterator_creations_median,count,0,103.0
Atlas,1c2e54b3b8df+bench,SVG,instrument-2026-10-07T06-37-50.292Z,mixed-3000-seed-41544c53,add-100,root_iterator_creations_p95,count,0,103.0
Atlas,1c2e54b3b8df+bench,SVG,instrument-2026-10-07T06-37-50.292Z,mixed-3000-seed-41544c53,add-100,root_iterator_creations_max,count,0,103.0
Atlas,1c2e54b3b8df+bench,SVG,instrument-2026-10-07T06-37-50.292Z,mixed-3000-seed-41544c53,add-100,root_iterator_next_calls_n,count,0,1
Atlas,1c2e54b3b8df+bench,SVG,instrument-2026-10-07T06-37-50.292Z,mixed-3000-seed-41544c53,add-100,root_iterator_next_calls_median,count,0,311152.0
Atlas,1c2e54b3b8df+bench,SVG,instrument-2026-10-07T06-37-50.292Z,mixed-3000-seed-41544c53,add-100,root_iterator_next_calls_p95,count,0,311152.0
Atlas,1c2e54b3b8df+bench,SVG,instrument-2026-10-07T06-37-50.292Z,mixed-3000-seed-41544c53,add-100,root_iterator_next_calls_max,count,0,311152.0
Atlas,1c2e54b3b8df+bench,SVG,instrument-2026-10-07T06-37-50.292Z,mixed-3000-seed-41544c53,add-100,svg_attribute_writes_n,count,0,1
Atlas,1c2e54b3b8df+bench,SVG,instrument-2026-10-07T06-37-50.292Z,mixed-3000-seed-41544c53,add-100,svg_attribute_writes_median,count,0,15803.0
Atlas,1c2e54b3b8df+bench,SVG,instrument-2026-10-07T06-37-50.292Z,mixed-3000-seed-41544c53,add-100,svg_attribute_writes_p95,count,0,15803.0
Atlas,1c2e54b3b8df+bench,SVG,instrument-2026-10-07T06-37-50.292Z,mixed-3000-seed-41544c53,add-100,svg_attribute_writes_max,count,0,15803.0
Atlas,1c2e54b3b8df+bench,SVG,instrument-2026-10-07T06-37-50.292Z,mixed-3000-seed-41544c53,add-100,renderer_scene_reads_n,count,0,1
Atlas,1c2e54b3b8df+bench,SVG,instrument-2026-10-07T06-37-50.292Z,mixed-3000-seed-41544c53,add-100,renderer_scene_reads_median,count,0,1.0
Atlas,1c2e54b3b8df+bench,SVG,instrument-2026-10-07T06-37-50.292Z,mixed-3000-seed-41544c53,add-100,renderer_scene_reads_p95,count,0,1.0
Atlas,1c2e54b3b8df+bench,SVG,instrument-2026-10-07T06-37-50.292Z,mixed-3000-seed-41544c53,add-100,renderer_scene_reads_max,count,0,1.0
Atlas,1c2e54b3b8df+bench,SVG,instrument-2026-10-07T06-37-50.292Z,mixed-3000-seed-41544c53,add-100,route_membership_reads_n,count,0,1
Atlas,1c2e54b3b8df+bench,SVG,instrument-2026-10-07T06-37-50.292Z,mixed-3000-seed-41544c53,add-100,route_membership_reads_median,count,0,2400.0
Atlas,1c2e54b3b8df+bench,SVG,instrument-2026-10-07T06-37-50.292Z,mixed-3000-seed-41544c53,add-100,route_membership_reads_p95,count,0,2400.0
Atlas,1c2e54b3b8df+bench,SVG,instrument-2026-10-07T06-37-50.292Z,mixed-3000-seed-41544c53,add-100,route_membership_reads_max,count,0,2400.0
Atlas,1c2e54b3b8df+bench,SVG,instrument-2026-10-07T06-37-50.292Z,mixed-3000-seed-41544c53,add-100,renderer_scene_membership_changes_n,count,0,1
Atlas,1c2e54b3b8df+bench,SVG,instrument-2026-10-07T06-37-50.292Z,mixed-3000-seed-41544c53,add-100,renderer_scene_membership_changes_median,count,0,1.0
Atlas,1c2e54b3b8df+bench,SVG,instrument-2026-10-07T06-37-50.292Z,mixed-3000-seed-41544c53,add-100,renderer_scene_membership_changes_p95,count,0,1.0
Atlas,1c2e54b3b8df+bench,SVG,instrument-2026-10-07T06-37-50.292Z,mixed-3000-seed-41544c53,add-100,renderer_scene_membership_changes_max,count,0,1.0
Atlas,1c2e54b3b8df+bench,SVG,instrument-2026-10-07T06-37-50.292Z,mixed-3000-seed-41544c53,add-100,svg_attribute_removals_n,count,0,1
Atlas,1c2e54b3b8df+bench,SVG,instrument-2026-10-07T06-37-50.292Z,mixed-3000-seed-41544c53,add-100,svg_attribute_removals_median,count,0,7300.0
Atlas,1c2e54b3b8df+bench,SVG,instrument-2026-10-07T06-37-50.292Z,mixed-3000-seed-41544c53,add-100,svg_attribute_removals_p95,count,0,7300.0
Atlas,1c2e54b3b8df+bench,SVG,instrument-2026-10-07T06-37-50.292Z,mixed-3000-seed-41544c53,add-100,svg_attribute_removals_max,count,0,7300.0
Atlas,1c2e54b3b8df+bench,SVG,instrument-2026-10-07T06-37-50.292Z,mixed-3000-seed-41544c53,add-100,renderer_calls_n,count,0,1
Atlas,1c2e54b3b8df+bench,SVG,instrument-2026-10-07T06-37-50.292Z,mixed-3000-seed-41544c53,add-100,renderer_calls_median,count,0,1.0
Atlas,1c2e54b3b8df+bench,SVG,instrument-2026-10-07T06-37-50.292Z,mixed-3000-seed-41544c53,add-100,renderer_calls_p95,count,0,1.0
Atlas,1c2e54b3b8df+bench,SVG,instrument-2026-10-07T06-37-50.292Z,mixed-3000-seed-41544c53,add-100,renderer_calls_max,count,0,1.0
Atlas,1c2e54b3b8df+bench,SVG,instrument-2026-10-07T06-37-50.292Z,mixed-3000-seed-41544c53,add-100,layout_rect_reads_n,count,0,1
Atlas,1c2e54b3b8df+bench,SVG,instrument-2026-10-07T06-37-50.292Z,mixed-3000-seed-41544c53,add-100,layout_rect_reads_median,count,0,0.0
Atlas,1c2e54b3b8df+bench,SVG,instrument-2026-10-07T06-37-50.292Z,mixed-3000-seed-41544c53,add-100,layout_rect_reads_p95,count,0,0.0
Atlas,1c2e54b3b8df+bench,SVG,instrument-2026-10-07T06-37-50.292Z,mixed-3000-seed-41544c53,add-100,layout_rect_reads_max,count,0,0.0
Atlas,1c2e54b3b8df+bench,SVG,instrument-2026-10-07T06-37-50.292Z,mixed-3000-seed-41544c53,add-100,instrumented_renderer_callback_ms_n,count,0,1
Atlas,1c2e54b3b8df+bench,SVG,instrument-2026-10-07T06-37-50.292Z,mixed-3000-seed-41544c53,add-100,instrumented_renderer_callback_ms_median,ms,0,11.2
Atlas,1c2e54b3b8df+bench,SVG,instrument-2026-10-07T06-37-50.292Z,mixed-3000-seed-41544c53,add-100,instrumented_renderer_callback_ms_p95,ms,0,11.2
Atlas,1c2e54b3b8df+bench,SVG,instrument-2026-10-07T06-37-50.292Z,mixed-3000-seed-41544c53,add-100,instrumented_renderer_callback_ms_max,ms,0,11.2
Atlas,1c2e54b3b8df+bench,SVG,instrument-2026-10-07T06-37-50.292Z,mixed-3000-seed-41544c53,add-100,cleanup_renderer_calls_n,count,0,1
Atlas,1c2e54b3b8df+bench,SVG,instrument-2026-10-07T06-37-50.292Z,mixed-3000-seed-41544c53,add-100,cleanup_renderer_calls_median,count,0,0.0
Atlas,1c2e54b3b8df+bench,SVG,instrument-2026-10-07T06-37-50.292Z,mixed-3000-seed-41544c53,add-100,cleanup_renderer_calls_p95,count,0,0.0
Atlas,1c2e54b3b8df+bench,SVG,instrument-2026-10-07T06-37-50.292Z,mixed-3000-seed-41544c53,add-100,cleanup_renderer_calls_max,count,0,0.0
Atlas,1c2e54b3b8df+bench,SVG,instrument-2026-10-07T06-37-50.292Z,mixed-3000-seed-41544c53,add-100,cleanup_stage_children_n,count,0,1
Atlas,1c2e54b3b8df+bench,SVG,instrument-2026-10-07T06-37-50.292Z,mixed-3000-seed-41544c53,add-100,cleanup_stage_children_median,count,0,0.0
Atlas,1c2e54b3b8df+bench,SVG,instrument-2026-10-07T06-37-50.292Z,mixed-3000-seed-41544c53,add-100,cleanup_stage_children_p95,count,0,0.0
Atlas,1c2e54b3b8df+bench,SVG,instrument-2026-10-07T06-37-50.292Z,mixed-3000-seed-41544c53,add-100,cleanup_stage_children_max,count,0,0.0
Atlas,1c2e54b3b8df+bench,SVG,instrument-2026-10-07T06-37-50.292Z,mixed-3000-seed-41544c53,add-500,operation_sync_ms_n,count,0,1
Atlas,1c2e54b3b8df+bench,SVG,instrument-2026-10-07T06-37-50.292Z,mixed-3000-seed-41544c53,add-500,operation_sync_ms_median,ms,0,138.2
Atlas,1c2e54b3b8df+bench,SVG,instrument-2026-10-07T06-37-50.292Z,mixed-3000-seed-41544c53,add-500,operation_sync_ms_p95,ms,0,138.2
Atlas,1c2e54b3b8df+bench,SVG,instrument-2026-10-07T06-37-50.292Z,mixed-3000-seed-41544c53,add-500,operation_sync_ms_max,ms,0,138.2
Atlas,1c2e54b3b8df+bench,SVG,instrument-2026-10-07T06-37-50.292Z,mixed-3000-seed-41544c53,add-500,cumulative_operation_ms_n,count,0,5
Atlas,1c2e54b3b8df+bench,SVG,instrument-2026-10-07T06-37-50.292Z,mixed-3000-seed-41544c53,add-500,cumulative_operation_ms_median,ms,0,83.3
Atlas,1c2e54b3b8df+bench,SVG,instrument-2026-10-07T06-37-50.292Z,mixed-3000-seed-41544c53,add-500,cumulative_operation_ms_p95,ms,0,138.2
Atlas,1c2e54b3b8df+bench,SVG,instrument-2026-10-07T06-37-50.292Z,mixed-3000-seed-41544c53,add-500,cumulative_operation_ms_max,ms,0,138.2
Atlas,1c2e54b3b8df+bench,SVG,instrument-2026-10-07T06-37-50.292Z,mixed-3000-seed-41544c53,add-500,operation_to_raf_opportunities_ms_n,count,0,1
Atlas,1c2e54b3b8df+bench,SVG,instrument-2026-10-07T06-37-50.292Z,mixed-3000-seed-41544c53,add-500,operation_to_raf_opportunities_ms_median,ms,0,179.7
Atlas,1c2e54b3b8df+bench,SVG,instrument-2026-10-07T06-37-50.292Z,mixed-3000-seed-41544c53,add-500,operation_to_raf_opportunities_ms_p95,ms,0,179.7
Atlas,1c2e54b3b8df+bench,SVG,instrument-2026-10-07T06-37-50.292Z,mixed-3000-seed-41544c53,add-500,operation_to_raf_opportunities_ms_max,ms,0,179.7
Atlas,1c2e54b3b8df+bench,SVG,instrument-2026-10-07T06-37-50.292Z,mixed-3000-seed-41544c53,add-500,root_iterator_creations_n,count,0,1
Atlas,1c2e54b3b8df+bench,SVG,instrument-2026-10-07T06-37-50.292Z,mixed-3000-seed-41544c53,add-500,root_iterator_creations_median,count,0,503.0
Atlas,1c2e54b3b8df+bench,SVG,instrument-2026-10-07T06-37-50.292Z,mixed-3000-seed-41544c53,add-500,root_iterator_creations_p95,count,0,503.0
Atlas,1c2e54b3b8df+bench,SVG,instrument-2026-10-07T06-37-50.292Z,mixed-3000-seed-41544c53,add-500,root_iterator_creations_max,count,0,503.0
Atlas,1c2e54b3b8df+bench,SVG,instrument-2026-10-07T06-37-50.292Z,mixed-3000-seed-41544c53,add-500,root_iterator_next_calls_n,count,0,1
Atlas,1c2e54b3b8df+bench,SVG,instrument-2026-10-07T06-37-50.292Z,mixed-3000-seed-41544c53,add-500,root_iterator_next_calls_median,count,0,1631752.0
Atlas,1c2e54b3b8df+bench,SVG,instrument-2026-10-07T06-37-50.292Z,mixed-3000-seed-41544c53,add-500,root_iterator_next_calls_p95,count,0,1631752.0
Atlas,1c2e54b3b8df+bench,SVG,instrument-2026-10-07T06-37-50.292Z,mixed-3000-seed-41544c53,add-500,root_iterator_next_calls_max,count,0,1631752.0
Atlas,1c2e54b3b8df+bench,SVG,instrument-2026-10-07T06-37-50.292Z,mixed-3000-seed-41544c53,add-500,svg_attribute_writes_n,count,0,1
Atlas,1c2e54b3b8df+bench,SVG,instrument-2026-10-07T06-37-50.292Z,mixed-3000-seed-41544c53,add-500,svg_attribute_writes_median,count,0,19003.0
Atlas,1c2e54b3b8df+bench,SVG,instrument-2026-10-07T06-37-50.292Z,mixed-3000-seed-41544c53,add-500,svg_attribute_writes_p95,count,0,19003.0
Atlas,1c2e54b3b8df+bench,SVG,instrument-2026-10-07T06-37-50.292Z,mixed-3000-seed-41544c53,add-500,svg_attribute_writes_max,count,0,19003.0
Atlas,1c2e54b3b8df+bench,SVG,instrument-2026-10-07T06-37-50.292Z,mixed-3000-seed-41544c53,add-500,renderer_scene_reads_n,count,0,1
Atlas,1c2e54b3b8df+bench,SVG,instrument-2026-10-07T06-37-50.292Z,mixed-3000-seed-41544c53,add-500,renderer_scene_reads_median,count,0,1.0
Atlas,1c2e54b3b8df+bench,SVG,instrument-2026-10-07T06-37-50.292Z,mixed-3000-seed-41544c53,add-500,renderer_scene_reads_p95,count,0,1.0
Atlas,1c2e54b3b8df+bench,SVG,instrument-2026-10-07T06-37-50.292Z,mixed-3000-seed-41544c53,add-500,renderer_scene_reads_max,count,0,1.0
Atlas,1c2e54b3b8df+bench,SVG,instrument-2026-10-07T06-37-50.292Z,mixed-3000-seed-41544c53,add-500,route_membership_reads_n,count,0,1
Atlas,1c2e54b3b8df+bench,SVG,instrument-2026-10-07T06-37-50.292Z,mixed-3000-seed-41544c53,add-500,route_membership_reads_median,count,0,2400.0
Atlas,1c2e54b3b8df+bench,SVG,instrument-2026-10-07T06-37-50.292Z,mixed-3000-seed-41544c53,add-500,route_membership_reads_p95,count,0,2400.0
Atlas,1c2e54b3b8df+bench,SVG,instrument-2026-10-07T06-37-50.292Z,mixed-3000-seed-41544c53,add-500,route_membership_reads_max,count,0,2400.0
Atlas,1c2e54b3b8df+bench,SVG,instrument-2026-10-07T06-37-50.292Z,mixed-3000-seed-41544c53,add-500,renderer_scene_membership_changes_n,count,0,1
Atlas,1c2e54b3b8df+bench,SVG,instrument-2026-10-07T06-37-50.292Z,mixed-3000-seed-41544c53,add-500,renderer_scene_membership_changes_median,count,0,1.0
Atlas,1c2e54b3b8df+bench,SVG,instrument-2026-10-07T06-37-50.292Z,mixed-3000-seed-41544c53,add-500,renderer_scene_membership_changes_p95,count,0,1.0
Atlas,1c2e54b3b8df+bench,SVG,instrument-2026-10-07T06-37-50.292Z,mixed-3000-seed-41544c53,add-500,renderer_scene_membership_changes_max,count,0,1.0
Atlas,1c2e54b3b8df+bench,SVG,instrument-2026-10-07T06-37-50.292Z,mixed-3000-seed-41544c53,add-500,svg_attribute_removals_n,count,0,1
Atlas,1c2e54b3b8df+bench,SVG,instrument-2026-10-07T06-37-50.292Z,mixed-3000-seed-41544c53,add-500,svg_attribute_removals_median,count,0,7700.0
Atlas,1c2e54b3b8df+bench,SVG,instrument-2026-10-07T06-37-50.292Z,mixed-3000-seed-41544c53,add-500,svg_attribute_removals_p95,count,0,7700.0
Atlas,1c2e54b3b8df+bench,SVG,instrument-2026-10-07T06-37-50.292Z,mixed-3000-seed-41544c53,add-500,svg_attribute_removals_max,count,0,7700.0
Atlas,1c2e54b3b8df+bench,SVG,instrument-2026-10-07T06-37-50.292Z,mixed-3000-seed-41544c53,add-500,renderer_calls_n,count,0,1
Atlas,1c2e54b3b8df+bench,SVG,instrument-2026-10-07T06-37-50.292Z,mixed-3000-seed-41544c53,add-500,renderer_calls_median,count,0,1.0
Atlas,1c2e54b3b8df+bench,SVG,instrument-2026-10-07T06-37-50.292Z,mixed-3000-seed-41544c53,add-500,renderer_calls_p95,count,0,1.0
Atlas,1c2e54b3b8df+bench,SVG,instrument-2026-10-07T06-37-50.292Z,mixed-3000-seed-41544c53,add-500,renderer_calls_max,count,0,1.0
Atlas,1c2e54b3b8df+bench,SVG,instrument-2026-10-07T06-37-50.292Z,mixed-3000-seed-41544c53,add-500,layout_rect_reads_n,count,0,1
Atlas,1c2e54b3b8df+bench,SVG,instrument-2026-10-07T06-37-50.292Z,mixed-3000-seed-41544c53,add-500,layout_rect_reads_median,count,0,0.0
Atlas,1c2e54b3b8df+bench,SVG,instrument-2026-10-07T06-37-50.292Z,mixed-3000-seed-41544c53,add-500,layout_rect_reads_p95,count,0,0.0
Atlas,1c2e54b3b8df+bench,SVG,instrument-2026-10-07T06-37-50.292Z,mixed-3000-seed-41544c53,add-500,layout_rect_reads_max,count,0,0.0
Atlas,1c2e54b3b8df+bench,SVG,instrument-2026-10-07T06-37-50.292Z,mixed-3000-seed-41544c53,add-500,instrumented_renderer_callback_ms_n,count,0,1
Atlas,1c2e54b3b8df+bench,SVG,instrument-2026-10-07T06-37-50.292Z,mixed-3000-seed-41544c53,add-500,instrumented_renderer_callback_ms_median,ms,0,11.9
Atlas,1c2e54b3b8df+bench,SVG,instrument-2026-10-07T06-37-50.292Z,mixed-3000-seed-41544c53,add-500,instrumented_renderer_callback_ms_p95,ms,0,11.9
Atlas,1c2e54b3b8df+bench,SVG,instrument-2026-10-07T06-37-50.292Z,mixed-3000-seed-41544c53,add-500,instrumented_renderer_callback_ms_max,ms,0,11.9
Atlas,1c2e54b3b8df+bench,SVG,instrument-2026-10-07T06-37-50.292Z,mixed-3000-seed-41544c53,add-500,cleanup_renderer_calls_n,count,0,1
Atlas,1c2e54b3b8df+bench,SVG,instrument-2026-10-07T06-37-50.292Z,mixed-3000-seed-41544c53,add-500,cleanup_renderer_calls_median,count,0,0.0
Atlas,1c2e54b3b8df+bench,SVG,instrument-2026-10-07T06-37-50.292Z,mixed-3000-seed-41544c53,add-500,cleanup_renderer_calls_p95,count,0,0.0
Atlas,1c2e54b3b8df+bench,SVG,instrument-2026-10-07T06-37-50.292Z,mixed-3000-seed-41544c53,add-500,cleanup_renderer_calls_max,count,0,0.0
Atlas,1c2e54b3b8df+bench,SVG,instrument-2026-10-07T06-37-50.292Z,mixed-3000-seed-41544c53,add-500,cleanup_stage_children_n,count,0,1
Atlas,1c2e54b3b8df+bench,SVG,instrument-2026-10-07T06-37-50.292Z,mixed-3000-seed-41544c53,add-500,cleanup_stage_children_median,count,0,0.0
Atlas,1c2e54b3b8df+bench,SVG,instrument-2026-10-07T06-37-50.292Z,mixed-3000-seed-41544c53,add-500,cleanup_stage_children_p95,count,0,0.0
Atlas,1c2e54b3b8df+bench,SVG,instrument-2026-10-07T06-37-50.292Z,mixed-3000-seed-41544c53,add-500,cleanup_stage_children_max,count,0,0.0
Atlas,1c2e54b3b8df+bench,SVG,instrument-2026-10-07T06-37-50.292Z,mixed-3000-seed-41544c53,add-1000,operation_sync_ms_n,count,0,1
Atlas,1c2e54b3b8df+bench,SVG,instrument-2026-10-07T06-37-50.292Z,mixed-3000-seed-41544c53,add-1000,operation_sync_ms_median,ms,0,299.0
Atlas,1c2e54b3b8df+bench,SVG,instrument-2026-10-07T06-37-50.292Z,mixed-3000-seed-41544c53,add-1000,operation_sync_ms_p95,ms,0,299.0
Atlas,1c2e54b3b8df+bench,SVG,instrument-2026-10-07T06-37-50.292Z,mixed-3000-seed-41544c53,add-1000,operation_sync_ms_max,ms,0,299.0
Atlas,1c2e54b3b8df+bench,SVG,instrument-2026-10-07T06-37-50.292Z,mixed-3000-seed-41544c53,add-1000,cumulative_operation_ms_n,count,0,10
Atlas,1c2e54b3b8df+bench,SVG,instrument-2026-10-07T06-37-50.292Z,mixed-3000-seed-41544c53,add-1000,cumulative_operation_ms_median,ms,0,159.3
Atlas,1c2e54b3b8df+bench,SVG,instrument-2026-10-07T06-37-50.292Z,mixed-3000-seed-41544c53,add-1000,cumulative_operation_ms_p95,ms,0,299.0
Atlas,1c2e54b3b8df+bench,SVG,instrument-2026-10-07T06-37-50.292Z,mixed-3000-seed-41544c53,add-1000,cumulative_operation_ms_max,ms,0,299.0
Atlas,1c2e54b3b8df+bench,SVG,instrument-2026-10-07T06-37-50.292Z,mixed-3000-seed-41544c53,add-1000,operation_to_raf_opportunities_ms_n,count,0,1
Atlas,1c2e54b3b8df+bench,SVG,instrument-2026-10-07T06-37-50.292Z,mixed-3000-seed-41544c53,add-1000,operation_to_raf_opportunities_ms_median,ms,0,342.4
Atlas,1c2e54b3b8df+bench,SVG,instrument-2026-10-07T06-37-50.292Z,mixed-3000-seed-41544c53,add-1000,operation_to_raf_opportunities_ms_p95,ms,0,342.4
Atlas,1c2e54b3b8df+bench,SVG,instrument-2026-10-07T06-37-50.292Z,mixed-3000-seed-41544c53,add-1000,operation_to_raf_opportunities_ms_max,ms,0,342.4
Atlas,1c2e54b3b8df+bench,SVG,instrument-2026-10-07T06-37-50.292Z,mixed-3000-seed-41544c53,add-1000,root_iterator_creations_n,count,0,1
Atlas,1c2e54b3b8df+bench,SVG,instrument-2026-10-07T06-37-50.292Z,mixed-3000-seed-41544c53,add-1000,root_iterator_creations_median,count,0,1003.0
Atlas,1c2e54b3b8df+bench,SVG,instrument-2026-10-07T06-37-50.292Z,mixed-3000-seed-41544c53,add-1000,root_iterator_creations_p95,count,0,1003.0
Atlas,1c2e54b3b8df+bench,SVG,instrument-2026-10-07T06-37-50.292Z,mixed-3000-seed-41544c53,add-1000,root_iterator_creations_max,count,0,1003.0
Atlas,1c2e54b3b8df+bench,SVG,instrument-2026-10-07T06-37-50.292Z,mixed-3000-seed-41544c53,add-1000,root_iterator_next_calls_n,count,0,1
Atlas,1c2e54b3b8df+bench,SVG,instrument-2026-10-07T06-37-50.292Z,mixed-3000-seed-41544c53,add-1000,root_iterator_next_calls_median,count,0,3507502.0
Atlas,1c2e54b3b8df+bench,SVG,instrument-2026-10-07T06-37-50.292Z,mixed-3000-seed-41544c53,add-1000,root_iterator_next_calls_p95,count,0,3507502.0
Atlas,1c2e54b3b8df+bench,SVG,instrument-2026-10-07T06-37-50.292Z,mixed-3000-seed-41544c53,add-1000,root_iterator_next_calls_max,count,0,3507502.0
Atlas,1c2e54b3b8df+bench,SVG,instrument-2026-10-07T06-37-50.292Z,mixed-3000-seed-41544c53,add-1000,svg_attribute_writes_n,count,0,1
Atlas,1c2e54b3b8df+bench,SVG,instrument-2026-10-07T06-37-50.292Z,mixed-3000-seed-41544c53,add-1000,svg_attribute_writes_median,count,0,23003.0
Atlas,1c2e54b3b8df+bench,SVG,instrument-2026-10-07T06-37-50.292Z,mixed-3000-seed-41544c53,add-1000,svg_attribute_writes_p95,count,0,23003.0
Atlas,1c2e54b3b8df+bench,SVG,instrument-2026-10-07T06-37-50.292Z,mixed-3000-seed-41544c53,add-1000,svg_attribute_writes_max,count,0,23003.0
Atlas,1c2e54b3b8df+bench,SVG,instrument-2026-10-07T06-37-50.292Z,mixed-3000-seed-41544c53,add-1000,renderer_scene_reads_n,count,0,1
Atlas,1c2e54b3b8df+bench,SVG,instrument-2026-10-07T06-37-50.292Z,mixed-3000-seed-41544c53,add-1000,renderer_scene_reads_median,count,0,1.0
Atlas,1c2e54b3b8df+bench,SVG,instrument-2026-10-07T06-37-50.292Z,mixed-3000-seed-41544c53,add-1000,renderer_scene_reads_p95,count,0,1.0
Atlas,1c2e54b3b8df+bench,SVG,instrument-2026-10-07T06-37-50.292Z,mixed-3000-seed-41544c53,add-1000,renderer_scene_reads_max,count,0,1.0
Atlas,1c2e54b3b8df+bench,SVG,instrument-2026-10-07T06-37-50.292Z,mixed-3000-seed-41544c53,add-1000,route_membership_reads_n,count,0,1
Atlas,1c2e54b3b8df+bench,SVG,instrument-2026-10-07T06-37-50.292Z,mixed-3000-seed-41544c53,add-1000,route_membership_reads_median,count,0,2400.0
Atlas,1c2e54b3b8df+bench,SVG,instrument-2026-10-07T06-37-50.292Z,mixed-3000-seed-41544c53,add-1000,route_membership_reads_p95,count,0,2400.0
Atlas,1c2e54b3b8df+bench,SVG,instrument-2026-10-07T06-37-50.292Z,mixed-3000-seed-41544c53,add-1000,route_membership_reads_max,count,0,2400.0
Atlas,1c2e54b3b8df+bench,SVG,instrument-2026-10-07T06-37-50.292Z,mixed-3000-seed-41544c53,add-1000,renderer_scene_membership_changes_n,count,0,1
Atlas,1c2e54b3b8df+bench,SVG,instrument-2026-10-07T06-37-50.292Z,mixed-3000-seed-41544c53,add-1000,renderer_scene_membership_changes_median,count,0,1.0
Atlas,1c2e54b3b8df+bench,SVG,instrument-2026-10-07T06-37-50.292Z,mixed-3000-seed-41544c53,add-1000,renderer_scene_membership_changes_p95,count,0,1.0
Atlas,1c2e54b3b8df+bench,SVG,instrument-2026-10-07T06-37-50.292Z,mixed-3000-seed-41544c53,add-1000,renderer_scene_membership_changes_max,count,0,1.0
Atlas,1c2e54b3b8df+bench,SVG,instrument-2026-10-07T06-37-50.292Z,mixed-3000-seed-41544c53,add-1000,svg_attribute_removals_n,count,0,1
Atlas,1c2e54b3b8df+bench,SVG,instrument-2026-10-07T06-37-50.292Z,mixed-3000-seed-41544c53,add-1000,svg_attribute_removals_median,count,0,8200.0
Atlas,1c2e54b3b8df+bench,SVG,instrument-2026-10-07T06-37-50.292Z,mixed-3000-seed-41544c53,add-1000,svg_attribute_removals_p95,count,0,8200.0
Atlas,1c2e54b3b8df+bench,SVG,instrument-2026-10-07T06-37-50.292Z,mixed-3000-seed-41544c53,add-1000,svg_attribute_removals_max,count,0,8200.0
Atlas,1c2e54b3b8df+bench,SVG,instrument-2026-10-07T06-37-50.292Z,mixed-3000-seed-41544c53,add-1000,renderer_calls_n,count,0,1
Atlas,1c2e54b3b8df+bench,SVG,instrument-2026-10-07T06-37-50.292Z,mixed-3000-seed-41544c53,add-1000,renderer_calls_median,count,0,1.0
Atlas,1c2e54b3b8df+bench,SVG,instrument-2026-10-07T06-37-50.292Z,mixed-3000-seed-41544c53,add-1000,renderer_calls_p95,count,0,1.0
Atlas,1c2e54b3b8df+bench,SVG,instrument-2026-10-07T06-37-50.292Z,mixed-3000-seed-41544c53,add-1000,renderer_calls_max,count,0,1.0
Atlas,1c2e54b3b8df+bench,SVG,instrument-2026-10-07T06-37-50.292Z,mixed-3000-seed-41544c53,add-1000,layout_rect_reads_n,count,0,1
Atlas,1c2e54b3b8df+bench,SVG,instrument-2026-10-07T06-37-50.292Z,mixed-3000-seed-41544c53,add-1000,layout_rect_reads_median,count,0,0.0
Atlas,1c2e54b3b8df+bench,SVG,instrument-2026-10-07T06-37-50.292Z,mixed-3000-seed-41544c53,add-1000,layout_rect_reads_p95,count,0,0.0
Atlas,1c2e54b3b8df+bench,SVG,instrument-2026-10-07T06-37-50.292Z,mixed-3000-seed-41544c53,add-1000,layout_rect_reads_max,count,0,0.0
Atlas,1c2e54b3b8df+bench,SVG,instrument-2026-10-07T06-37-50.292Z,mixed-3000-seed-41544c53,add-1000,instrumented_renderer_callback_ms_n,count,0,1
Atlas,1c2e54b3b8df+bench,SVG,instrument-2026-10-07T06-37-50.292Z,mixed-3000-seed-41544c53,add-1000,instrumented_renderer_callback_ms_median,ms,0,13.1
Atlas,1c2e54b3b8df+bench,SVG,instrument-2026-10-07T06-37-50.292Z,mixed-3000-seed-41544c53,add-1000,instrumented_renderer_callback_ms_p95,ms,0,13.1
Atlas,1c2e54b3b8df+bench,SVG,instrument-2026-10-07T06-37-50.292Z,mixed-3000-seed-41544c53,add-1000,instrumented_renderer_callback_ms_max,ms,0,13.1
Atlas,1c2e54b3b8df+bench,SVG,instrument-2026-10-07T06-37-50.292Z,mixed-3000-seed-41544c53,add-1000,cleanup_renderer_calls_n,count,0,1
Atlas,1c2e54b3b8df+bench,SVG,instrument-2026-10-07T06-37-50.292Z,mixed-3000-seed-41544c53,add-1000,cleanup_renderer_calls_median,count,0,0.0
Atlas,1c2e54b3b8df+bench,SVG,instrument-2026-10-07T06-37-50.292Z,mixed-3000-seed-41544c53,add-1000,cleanup_renderer_calls_p95,count,0,0.0
Atlas,1c2e54b3b8df+bench,SVG,instrument-2026-10-07T06-37-50.292Z,mixed-3000-seed-41544c53,add-1000,cleanup_renderer_calls_max,count,0,0.0
Atlas,1c2e54b3b8df+bench,SVG,instrument-2026-10-07T06-37-50.292Z,mixed-3000-seed-41544c53,add-1000,cleanup_stage_children_n,count,0,1
Atlas,1c2e54b3b8df+bench,SVG,instrument-2026-10-07T06-37-50.292Z,mixed-3000-seed-41544c53,add-1000,cleanup_stage_children_median,count,0,0.0
Atlas,1c2e54b3b8df+bench,SVG,instrument-2026-10-07T06-37-50.292Z,mixed-3000-seed-41544c53,add-1000,cleanup_stage_children_p95,count,0,0.0
Atlas,1c2e54b3b8df+bench,SVG,instrument-2026-10-07T06-37-50.292Z,mixed-3000-seed-41544c53,add-1000,cleanup_stage_children_max,count,0,0.0
Atlas,1c2e54b3b8df+bench,SVG,instrument-2026-10-07T06-37-50.292Z,mixed-3000-seed-41544c53,remove-100,operation_sync_ms_n,count,0,1
Atlas,1c2e54b3b8df+bench,SVG,instrument-2026-10-07T06-37-50.292Z,mixed-3000-seed-41544c53,remove-100,operation_sync_ms_median,ms,0,29.3
Atlas,1c2e54b3b8df+bench,SVG,instrument-2026-10-07T06-37-50.292Z,mixed-3000-seed-41544c53,remove-100,operation_sync_ms_p95,ms,0,29.3
Atlas,1c2e54b3b8df+bench,SVG,instrument-2026-10-07T06-37-50.292Z,mixed-3000-seed-41544c53,remove-100,operation_sync_ms_max,ms,0,29.3
Atlas,1c2e54b3b8df+bench,SVG,instrument-2026-10-07T06-37-50.292Z,mixed-3000-seed-41544c53,remove-100,cumulative_operation_ms_n,count,0,1
Atlas,1c2e54b3b8df+bench,SVG,instrument-2026-10-07T06-37-50.292Z,mixed-3000-seed-41544c53,remove-100,cumulative_operation_ms_median,ms,0,29.3
Atlas,1c2e54b3b8df+bench,SVG,instrument-2026-10-07T06-37-50.292Z,mixed-3000-seed-41544c53,remove-100,cumulative_operation_ms_p95,ms,0,29.3
Atlas,1c2e54b3b8df+bench,SVG,instrument-2026-10-07T06-37-50.292Z,mixed-3000-seed-41544c53,remove-100,cumulative_operation_ms_max,ms,0,29.3
Atlas,1c2e54b3b8df+bench,SVG,instrument-2026-10-07T06-37-50.292Z,mixed-3000-seed-41544c53,remove-100,operation_to_raf_opportunities_ms_n,count,0,1
Atlas,1c2e54b3b8df+bench,SVG,instrument-2026-10-07T06-37-50.292Z,mixed-3000-seed-41544c53,remove-100,operation_to_raf_opportunities_ms_median,ms,0,63.8
Atlas,1c2e54b3b8df+bench,SVG,instrument-2026-10-07T06-37-50.292Z,mixed-3000-seed-41544c53,remove-100,operation_to_raf_opportunities_ms_p95,ms,0,63.8
Atlas,1c2e54b3b8df+bench,SVG,instrument-2026-10-07T06-37-50.292Z,mixed-3000-seed-41544c53,remove-100,operation_to_raf_opportunities_ms_max,ms,0,63.8
Atlas,1c2e54b3b8df+bench,SVG,instrument-2026-10-07T06-37-50.292Z,mixed-3000-seed-41544c53,remove-100,root_iterator_creations_n,count,0,1
Atlas,1c2e54b3b8df+bench,SVG,instrument-2026-10-07T06-37-50.292Z,mixed-3000-seed-41544c53,remove-100,root_iterator_creations_median,count,0,103.0
Atlas,1c2e54b3b8df+bench,SVG,instrument-2026-10-07T06-37-50.292Z,mixed-3000-seed-41544c53,remove-100,root_iterator_creations_p95,count,0,103.0
Atlas,1c2e54b3b8df+bench,SVG,instrument-2026-10-07T06-37-50.292Z,mixed-3000-seed-41544c53,remove-100,root_iterator_creations_max,count,0,103.0
Atlas,1c2e54b3b8df+bench,SVG,instrument-2026-10-07T06-37-50.292Z,mixed-3000-seed-41544c53,remove-100,root_iterator_next_calls_n,count,0,1
Atlas,1c2e54b3b8df+bench,SVG,instrument-2026-10-07T06-37-50.292Z,mixed-3000-seed-41544c53,remove-100,root_iterator_next_calls_median,count,0,300952.0
Atlas,1c2e54b3b8df+bench,SVG,instrument-2026-10-07T06-37-50.292Z,mixed-3000-seed-41544c53,remove-100,root_iterator_next_calls_p95,count,0,300952.0
Atlas,1c2e54b3b8df+bench,SVG,instrument-2026-10-07T06-37-50.292Z,mixed-3000-seed-41544c53,remove-100,root_iterator_next_calls_max,count,0,300952.0
Atlas,1c2e54b3b8df+bench,SVG,instrument-2026-10-07T06-37-50.292Z,mixed-3000-seed-41544c53,remove-100,svg_attribute_writes_n,count,0,1
Atlas,1c2e54b3b8df+bench,SVG,instrument-2026-10-07T06-37-50.292Z,mixed-3000-seed-41544c53,remove-100,svg_attribute_writes_median,count,0,14513.0
Atlas,1c2e54b3b8df+bench,SVG,instrument-2026-10-07T06-37-50.292Z,mixed-3000-seed-41544c53,remove-100,svg_attribute_writes_p95,count,0,14513.0
Atlas,1c2e54b3b8df+bench,SVG,instrument-2026-10-07T06-37-50.292Z,mixed-3000-seed-41544c53,remove-100,svg_attribute_writes_max,count,0,14513.0
Atlas,1c2e54b3b8df+bench,SVG,instrument-2026-10-07T06-37-50.292Z,mixed-3000-seed-41544c53,remove-100,renderer_scene_reads_n,count,0,1
Atlas,1c2e54b3b8df+bench,SVG,instrument-2026-10-07T06-37-50.292Z,mixed-3000-seed-41544c53,remove-100,renderer_scene_reads_median,count,0,1.0
Atlas,1c2e54b3b8df+bench,SVG,instrument-2026-10-07T06-37-50.292Z,mixed-3000-seed-41544c53,remove-100,renderer_scene_reads_p95,count,0,1.0
Atlas,1c2e54b3b8df+bench,SVG,instrument-2026-10-07T06-37-50.292Z,mixed-3000-seed-41544c53,remove-100,renderer_scene_reads_max,count,0,1.0
Atlas,1c2e54b3b8df+bench,SVG,instrument-2026-10-07T06-37-50.292Z,mixed-3000-seed-41544c53,remove-100,route_membership_reads_n,count,0,1
Atlas,1c2e54b3b8df+bench,SVG,instrument-2026-10-07T06-37-50.292Z,mixed-3000-seed-41544c53,remove-100,route_membership_reads_median,count,0,2320.0
Atlas,1c2e54b3b8df+bench,SVG,instrument-2026-10-07T06-37-50.292Z,mixed-3000-seed-41544c53,remove-100,route_membership_reads_p95,count,0,2320.0
Atlas,1c2e54b3b8df+bench,SVG,instrument-2026-10-07T06-37-50.292Z,mixed-3000-seed-41544c53,remove-100,route_membership_reads_max,count,0,2320.0
Atlas,1c2e54b3b8df+bench,SVG,instrument-2026-10-07T06-37-50.292Z,mixed-3000-seed-41544c53,remove-100,renderer_scene_membership_changes_n,count,0,1
Atlas,1c2e54b3b8df+bench,SVG,instrument-2026-10-07T06-37-50.292Z,mixed-3000-seed-41544c53,remove-100,renderer_scene_membership_changes_median,count,0,1.0
Atlas,1c2e54b3b8df+bench,SVG,instrument-2026-10-07T06-37-50.292Z,mixed-3000-seed-41544c53,remove-100,renderer_scene_membership_changes_p95,count,0,1.0
Atlas,1c2e54b3b8df+bench,SVG,instrument-2026-10-07T06-37-50.292Z,mixed-3000-seed-41544c53,remove-100,renderer_scene_membership_changes_max,count,0,1.0
Atlas,1c2e54b3b8df+bench,SVG,instrument-2026-10-07T06-37-50.292Z,mixed-3000-seed-41544c53,remove-100,svg_attribute_removals_n,count,0,1
Atlas,1c2e54b3b8df+bench,SVG,instrument-2026-10-07T06-37-50.292Z,mixed-3000-seed-41544c53,remove-100,svg_attribute_removals_median,count,0,6965.0
Atlas,1c2e54b3b8df+bench,SVG,instrument-2026-10-07T06-37-50.292Z,mixed-3000-seed-41544c53,remove-100,svg_attribute_removals_p95,count,0,6965.0
Atlas,1c2e54b3b8df+bench,SVG,instrument-2026-10-07T06-37-50.292Z,mixed-3000-seed-41544c53,remove-100,svg_attribute_removals_max,count,0,6965.0
Atlas,1c2e54b3b8df+bench,SVG,instrument-2026-10-07T06-37-50.292Z,mixed-3000-seed-41544c53,remove-100,renderer_calls_n,count,0,1
Atlas,1c2e54b3b8df+bench,SVG,instrument-2026-10-07T06-37-50.292Z,mixed-3000-seed-41544c53,remove-100,renderer_calls_median,count,0,1.0
Atlas,1c2e54b3b8df+bench,SVG,instrument-2026-10-07T06-37-50.292Z,mixed-3000-seed-41544c53,remove-100,renderer_calls_p95,count,0,1.0
Atlas,1c2e54b3b8df+bench,SVG,instrument-2026-10-07T06-37-50.292Z,mixed-3000-seed-41544c53,remove-100,renderer_calls_max,count,0,1.0
Atlas,1c2e54b3b8df+bench,SVG,instrument-2026-10-07T06-37-50.292Z,mixed-3000-seed-41544c53,remove-100,layout_rect_reads_n,count,0,1
Atlas,1c2e54b3b8df+bench,SVG,instrument-2026-10-07T06-37-50.292Z,mixed-3000-seed-41544c53,remove-100,layout_rect_reads_median,count,0,0.0
Atlas,1c2e54b3b8df+bench,SVG,instrument-2026-10-07T06-37-50.292Z,mixed-3000-seed-41544c53,remove-100,layout_rect_reads_p95,count,0,0.0
Atlas,1c2e54b3b8df+bench,SVG,instrument-2026-10-07T06-37-50.292Z,mixed-3000-seed-41544c53,remove-100,layout_rect_reads_max,count,0,0.0
Atlas,1c2e54b3b8df+bench,SVG,instrument-2026-10-07T06-37-50.292Z,mixed-3000-seed-41544c53,remove-100,instrumented_renderer_callback_ms_n,count,0,1
Atlas,1c2e54b3b8df+bench,SVG,instrument-2026-10-07T06-37-50.292Z,mixed-3000-seed-41544c53,remove-100,instrumented_renderer_callback_ms_median,ms,0,10.7
Atlas,1c2e54b3b8df+bench,SVG,instrument-2026-10-07T06-37-50.292Z,mixed-3000-seed-41544c53,remove-100,instrumented_renderer_callback_ms_p95,ms,0,10.7
Atlas,1c2e54b3b8df+bench,SVG,instrument-2026-10-07T06-37-50.292Z,mixed-3000-seed-41544c53,remove-100,instrumented_renderer_callback_ms_max,ms,0,10.7
Atlas,1c2e54b3b8df+bench,SVG,instrument-2026-10-07T06-37-50.292Z,mixed-3000-seed-41544c53,remove-100,cleanup_renderer_calls_n,count,0,1
Atlas,1c2e54b3b8df+bench,SVG,instrument-2026-10-07T06-37-50.292Z,mixed-3000-seed-41544c53,remove-100,cleanup_renderer_calls_median,count,0,0.0
Atlas,1c2e54b3b8df+bench,SVG,instrument-2026-10-07T06-37-50.292Z,mixed-3000-seed-41544c53,remove-100,cleanup_renderer_calls_p95,count,0,0.0
Atlas,1c2e54b3b8df+bench,SVG,instrument-2026-10-07T06-37-50.292Z,mixed-3000-seed-41544c53,remove-100,cleanup_renderer_calls_max,count,0,0.0
Atlas,1c2e54b3b8df+bench,SVG,instrument-2026-10-07T06-37-50.292Z,mixed-3000-seed-41544c53,remove-100,cleanup_stage_children_n,count,0,1
Atlas,1c2e54b3b8df+bench,SVG,instrument-2026-10-07T06-37-50.292Z,mixed-3000-seed-41544c53,remove-100,cleanup_stage_children_median,count,0,0.0
Atlas,1c2e54b3b8df+bench,SVG,instrument-2026-10-07T06-37-50.292Z,mixed-3000-seed-41544c53,remove-100,cleanup_stage_children_p95,count,0,0.0
Atlas,1c2e54b3b8df+bench,SVG,instrument-2026-10-07T06-37-50.292Z,mixed-3000-seed-41544c53,remove-100,cleanup_stage_children_max,count,0,0.0
Atlas,1c2e54b3b8df+bench,SVG,instrument-2026-10-07T06-37-50.292Z,mixed-3000-seed-41544c53,remove-500,operation_sync_ms_n,count,0,1
Atlas,1c2e54b3b8df+bench,SVG,instrument-2026-10-07T06-37-50.292Z,mixed-3000-seed-41544c53,remove-500,operation_sync_ms_median,ms,0,125.1
Atlas,1c2e54b3b8df+bench,SVG,instrument-2026-10-07T06-37-50.292Z,mixed-3000-seed-41544c53,remove-500,operation_sync_ms_p95,ms,0,125.1
Atlas,1c2e54b3b8df+bench,SVG,instrument-2026-10-07T06-37-50.292Z,mixed-3000-seed-41544c53,remove-500,operation_sync_ms_max,ms,0,125.1
Atlas,1c2e54b3b8df+bench,SVG,instrument-2026-10-07T06-37-50.292Z,mixed-3000-seed-41544c53,remove-500,cumulative_operation_ms_n,count,0,5
Atlas,1c2e54b3b8df+bench,SVG,instrument-2026-10-07T06-37-50.292Z,mixed-3000-seed-41544c53,remove-500,cumulative_operation_ms_median,ms,0,79.2
Atlas,1c2e54b3b8df+bench,SVG,instrument-2026-10-07T06-37-50.292Z,mixed-3000-seed-41544c53,remove-500,cumulative_operation_ms_p95,ms,0,125.1
Atlas,1c2e54b3b8df+bench,SVG,instrument-2026-10-07T06-37-50.292Z,mixed-3000-seed-41544c53,remove-500,cumulative_operation_ms_max,ms,0,125.1
Atlas,1c2e54b3b8df+bench,SVG,instrument-2026-10-07T06-37-50.292Z,mixed-3000-seed-41544c53,remove-500,operation_to_raf_opportunities_ms_n,count,0,1
Atlas,1c2e54b3b8df+bench,SVG,instrument-2026-10-07T06-37-50.292Z,mixed-3000-seed-41544c53,remove-500,operation_to_raf_opportunities_ms_median,ms,0,156.0
Atlas,1c2e54b3b8df+bench,SVG,instrument-2026-10-07T06-37-50.292Z,mixed-3000-seed-41544c53,remove-500,operation_to_raf_opportunities_ms_p95,ms,0,156.0
Atlas,1c2e54b3b8df+bench,SVG,instrument-2026-10-07T06-37-50.292Z,mixed-3000-seed-41544c53,remove-500,operation_to_raf_opportunities_ms_max,ms,0,156.0
Atlas,1c2e54b3b8df+bench,SVG,instrument-2026-10-07T06-37-50.292Z,mixed-3000-seed-41544c53,remove-500,root_iterator_creations_n,count,0,1
Atlas,1c2e54b3b8df+bench,SVG,instrument-2026-10-07T06-37-50.292Z,mixed-3000-seed-41544c53,remove-500,root_iterator_creations_median,count,0,503.0
Atlas,1c2e54b3b8df+bench,SVG,instrument-2026-10-07T06-37-50.292Z,mixed-3000-seed-41544c53,remove-500,root_iterator_creations_p95,count,0,503.0
Atlas,1c2e54b3b8df+bench,SVG,instrument-2026-10-07T06-37-50.292Z,mixed-3000-seed-41544c53,remove-500,root_iterator_creations_max,count,0,503.0
Atlas,1c2e54b3b8df+bench,SVG,instrument-2026-10-07T06-37-50.292Z,mixed-3000-seed-41544c53,remove-500,root_iterator_next_calls_n,count,0,1
Atlas,1c2e54b3b8df+bench,SVG,instrument-2026-10-07T06-37-50.292Z,mixed-3000-seed-41544c53,remove-500,root_iterator_next_calls_median,count,0,1380752.0
Atlas,1c2e54b3b8df+bench,SVG,instrument-2026-10-07T06-37-50.292Z,mixed-3000-seed-41544c53,remove-500,root_iterator_next_calls_p95,count,0,1380752.0
Atlas,1c2e54b3b8df+bench,SVG,instrument-2026-10-07T06-37-50.292Z,mixed-3000-seed-41544c53,remove-500,root_iterator_next_calls_max,count,0,1380752.0
Atlas,1c2e54b3b8df+bench,SVG,instrument-2026-10-07T06-37-50.292Z,mixed-3000-seed-41544c53,remove-500,svg_attribute_writes_n,count,0,1
Atlas,1c2e54b3b8df+bench,SVG,instrument-2026-10-07T06-37-50.292Z,mixed-3000-seed-41544c53,remove-500,svg_attribute_writes_median,count,0,12511.0
Atlas,1c2e54b3b8df+bench,SVG,instrument-2026-10-07T06-37-50.292Z,mixed-3000-seed-41544c53,remove-500,svg_attribute_writes_p95,count,0,12511.0
Atlas,1c2e54b3b8df+bench,SVG,instrument-2026-10-07T06-37-50.292Z,mixed-3000-seed-41544c53,remove-500,svg_attribute_writes_max,count,0,12511.0
Atlas,1c2e54b3b8df+bench,SVG,instrument-2026-10-07T06-37-50.292Z,mixed-3000-seed-41544c53,remove-500,renderer_scene_reads_n,count,0,1
Atlas,1c2e54b3b8df+bench,SVG,instrument-2026-10-07T06-37-50.292Z,mixed-3000-seed-41544c53,remove-500,renderer_scene_reads_median,count,0,1.0
Atlas,1c2e54b3b8df+bench,SVG,instrument-2026-10-07T06-37-50.292Z,mixed-3000-seed-41544c53,remove-500,renderer_scene_reads_p95,count,0,1.0
Atlas,1c2e54b3b8df+bench,SVG,instrument-2026-10-07T06-37-50.292Z,mixed-3000-seed-41544c53,remove-500,renderer_scene_reads_max,count,0,1.0
Atlas,1c2e54b3b8df+bench,SVG,instrument-2026-10-07T06-37-50.292Z,mixed-3000-seed-41544c53,remove-500,route_membership_reads_n,count,0,1
Atlas,1c2e54b3b8df+bench,SVG,instrument-2026-10-07T06-37-50.292Z,mixed-3000-seed-41544c53,remove-500,route_membership_reads_median,count,0,2000.0
Atlas,1c2e54b3b8df+bench,SVG,instrument-2026-10-07T06-37-50.292Z,mixed-3000-seed-41544c53,remove-500,route_membership_reads_p95,count,0,2000.0
Atlas,1c2e54b3b8df+bench,SVG,instrument-2026-10-07T06-37-50.292Z,mixed-3000-seed-41544c53,remove-500,route_membership_reads_max,count,0,2000.0
Atlas,1c2e54b3b8df+bench,SVG,instrument-2026-10-07T06-37-50.292Z,mixed-3000-seed-41544c53,remove-500,renderer_scene_membership_changes_n,count,0,1
Atlas,1c2e54b3b8df+bench,SVG,instrument-2026-10-07T06-37-50.292Z,mixed-3000-seed-41544c53,remove-500,renderer_scene_membership_changes_median,count,0,1.0
Atlas,1c2e54b3b8df+bench,SVG,instrument-2026-10-07T06-37-50.292Z,mixed-3000-seed-41544c53,remove-500,renderer_scene_membership_changes_p95,count,0,1.0
Atlas,1c2e54b3b8df+bench,SVG,instrument-2026-10-07T06-37-50.292Z,mixed-3000-seed-41544c53,remove-500,renderer_scene_membership_changes_max,count,0,1.0
Atlas,1c2e54b3b8df+bench,SVG,instrument-2026-10-07T06-37-50.292Z,mixed-3000-seed-41544c53,remove-500,svg_attribute_removals_n,count,0,1
Atlas,1c2e54b3b8df+bench,SVG,instrument-2026-10-07T06-37-50.292Z,mixed-3000-seed-41544c53,remove-500,svg_attribute_removals_median,count,0,6004.0
Atlas,1c2e54b3b8df+bench,SVG,instrument-2026-10-07T06-37-50.292Z,mixed-3000-seed-41544c53,remove-500,svg_attribute_removals_p95,count,0,6004.0
Atlas,1c2e54b3b8df+bench,SVG,instrument-2026-10-07T06-37-50.292Z,mixed-3000-seed-41544c53,remove-500,svg_attribute_removals_max,count,0,6004.0
Atlas,1c2e54b3b8df+bench,SVG,instrument-2026-10-07T06-37-50.292Z,mixed-3000-seed-41544c53,remove-500,renderer_calls_n,count,0,1
Atlas,1c2e54b3b8df+bench,SVG,instrument-2026-10-07T06-37-50.292Z,mixed-3000-seed-41544c53,remove-500,renderer_calls_median,count,0,1.0
Atlas,1c2e54b3b8df+bench,SVG,instrument-2026-10-07T06-37-50.292Z,mixed-3000-seed-41544c53,remove-500,renderer_calls_p95,count,0,1.0
Atlas,1c2e54b3b8df+bench,SVG,instrument-2026-10-07T06-37-50.292Z,mixed-3000-seed-41544c53,remove-500,renderer_calls_max,count,0,1.0
Atlas,1c2e54b3b8df+bench,SVG,instrument-2026-10-07T06-37-50.292Z,mixed-3000-seed-41544c53,remove-500,layout_rect_reads_n,count,0,1
Atlas,1c2e54b3b8df+bench,SVG,instrument-2026-10-07T06-37-50.292Z,mixed-3000-seed-41544c53,remove-500,layout_rect_reads_median,count,0,0.0
Atlas,1c2e54b3b8df+bench,SVG,instrument-2026-10-07T06-37-50.292Z,mixed-3000-seed-41544c53,remove-500,layout_rect_reads_p95,count,0,0.0
Atlas,1c2e54b3b8df+bench,SVG,instrument-2026-10-07T06-37-50.292Z,mixed-3000-seed-41544c53,remove-500,layout_rect_reads_max,count,0,0.0
Atlas,1c2e54b3b8df+bench,SVG,instrument-2026-10-07T06-37-50.292Z,mixed-3000-seed-41544c53,remove-500,instrumented_renderer_callback_ms_n,count,0,1
Atlas,1c2e54b3b8df+bench,SVG,instrument-2026-10-07T06-37-50.292Z,mixed-3000-seed-41544c53,remove-500,instrumented_renderer_callback_ms_median,ms,0,9.6
Atlas,1c2e54b3b8df+bench,SVG,instrument-2026-10-07T06-37-50.292Z,mixed-3000-seed-41544c53,remove-500,instrumented_renderer_callback_ms_p95,ms,0,9.6
Atlas,1c2e54b3b8df+bench,SVG,instrument-2026-10-07T06-37-50.292Z,mixed-3000-seed-41544c53,remove-500,instrumented_renderer_callback_ms_max,ms,0,9.6
Atlas,1c2e54b3b8df+bench,SVG,instrument-2026-10-07T06-37-50.292Z,mixed-3000-seed-41544c53,remove-500,cleanup_renderer_calls_n,count,0,1
Atlas,1c2e54b3b8df+bench,SVG,instrument-2026-10-07T06-37-50.292Z,mixed-3000-seed-41544c53,remove-500,cleanup_renderer_calls_median,count,0,0.0
Atlas,1c2e54b3b8df+bench,SVG,instrument-2026-10-07T06-37-50.292Z,mixed-3000-seed-41544c53,remove-500,cleanup_renderer_calls_p95,count,0,0.0
Atlas,1c2e54b3b8df+bench,SVG,instrument-2026-10-07T06-37-50.292Z,mixed-3000-seed-41544c53,remove-500,cleanup_renderer_calls_max,count,0,0.0
Atlas,1c2e54b3b8df+bench,SVG,instrument-2026-10-07T06-37-50.292Z,mixed-3000-seed-41544c53,remove-500,cleanup_stage_children_n,count,0,1
Atlas,1c2e54b3b8df+bench,SVG,instrument-2026-10-07T06-37-50.292Z,mixed-3000-seed-41544c53,remove-500,cleanup_stage_children_median,count,0,0.0
Atlas,1c2e54b3b8df+bench,SVG,instrument-2026-10-07T06-37-50.292Z,mixed-3000-seed-41544c53,remove-500,cleanup_stage_children_p95,count,0,0.0
Atlas,1c2e54b3b8df+bench,SVG,instrument-2026-10-07T06-37-50.292Z,mixed-3000-seed-41544c53,remove-500,cleanup_stage_children_max,count,0,0.0
Atlas,1c2e54b3b8df+bench,SVG,instrument-2026-10-07T06-37-50.292Z,mixed-3000-seed-41544c53,remove-1000,operation_sync_ms_n,count,0,1
Atlas,1c2e54b3b8df+bench,SVG,instrument-2026-10-07T06-37-50.292Z,mixed-3000-seed-41544c53,remove-1000,operation_sync_ms_median,ms,0,231.3
Atlas,1c2e54b3b8df+bench,SVG,instrument-2026-10-07T06-37-50.292Z,mixed-3000-seed-41544c53,remove-1000,operation_sync_ms_p95,ms,0,231.3
Atlas,1c2e54b3b8df+bench,SVG,instrument-2026-10-07T06-37-50.292Z,mixed-3000-seed-41544c53,remove-1000,operation_sync_ms_max,ms,0,231.3
Atlas,1c2e54b3b8df+bench,SVG,instrument-2026-10-07T06-37-50.292Z,mixed-3000-seed-41544c53,remove-1000,cumulative_operation_ms_n,count,0,10
Atlas,1c2e54b3b8df+bench,SVG,instrument-2026-10-07T06-37-50.292Z,mixed-3000-seed-41544c53,remove-1000,cumulative_operation_ms_median,ms,0,140.9
Atlas,1c2e54b3b8df+bench,SVG,instrument-2026-10-07T06-37-50.292Z,mixed-3000-seed-41544c53,remove-1000,cumulative_operation_ms_p95,ms,0,231.3
Atlas,1c2e54b3b8df+bench,SVG,instrument-2026-10-07T06-37-50.292Z,mixed-3000-seed-41544c53,remove-1000,cumulative_operation_ms_max,ms,0,231.3
Atlas,1c2e54b3b8df+bench,SVG,instrument-2026-10-07T06-37-50.292Z,mixed-3000-seed-41544c53,remove-1000,operation_to_raf_opportunities_ms_n,count,0,1
Atlas,1c2e54b3b8df+bench,SVG,instrument-2026-10-07T06-37-50.292Z,mixed-3000-seed-41544c53,remove-1000,operation_to_raf_opportunities_ms_median,ms,0,258.0
Atlas,1c2e54b3b8df+bench,SVG,instrument-2026-10-07T06-37-50.292Z,mixed-3000-seed-41544c53,remove-1000,operation_to_raf_opportunities_ms_p95,ms,0,258.0
Atlas,1c2e54b3b8df+bench,SVG,instrument-2026-10-07T06-37-50.292Z,mixed-3000-seed-41544c53,remove-1000,operation_to_raf_opportunities_ms_max,ms,0,258.0
Atlas,1c2e54b3b8df+bench,SVG,instrument-2026-10-07T06-37-50.292Z,mixed-3000-seed-41544c53,remove-1000,root_iterator_creations_n,count,0,1
Atlas,1c2e54b3b8df+bench,SVG,instrument-2026-10-07T06-37-50.292Z,mixed-3000-seed-41544c53,remove-1000,root_iterator_creations_median,count,0,1003.0
Atlas,1c2e54b3b8df+bench,SVG,instrument-2026-10-07T06-37-50.292Z,mixed-3000-seed-41544c53,remove-1000,root_iterator_creations_p95,count,0,1003.0
Atlas,1c2e54b3b8df+bench,SVG,instrument-2026-10-07T06-37-50.292Z,mixed-3000-seed-41544c53,remove-1000,root_iterator_creations_max,count,0,1003.0
Atlas,1c2e54b3b8df+bench,SVG,instrument-2026-10-07T06-37-50.292Z,mixed-3000-seed-41544c53,remove-1000,root_iterator_next_calls_n,count,0,1
Atlas,1c2e54b3b8df+bench,SVG,instrument-2026-10-07T06-37-50.292Z,mixed-3000-seed-41544c53,remove-1000,root_iterator_next_calls_median,count,0,2505502.0
Atlas,1c2e54b3b8df+bench,SVG,instrument-2026-10-07T06-37-50.292Z,mixed-3000-seed-41544c53,remove-1000,root_iterator_next_calls_p95,count,0,2505502.0
Atlas,1c2e54b3b8df+bench,SVG,instrument-2026-10-07T06-37-50.292Z,mixed-3000-seed-41544c53,remove-1000,root_iterator_next_calls_max,count,0,2505502.0
Atlas,1c2e54b3b8df+bench,SVG,instrument-2026-10-07T06-37-50.292Z,mixed-3000-seed-41544c53,remove-1000,svg_attribute_writes_n,count,0,1
Atlas,1c2e54b3b8df+bench,SVG,instrument-2026-10-07T06-37-50.292Z,mixed-3000-seed-41544c53,remove-1000,svg_attribute_writes_median,count,0,10013.0
Atlas,1c2e54b3b8df+bench,SVG,instrument-2026-10-07T06-37-50.292Z,mixed-3000-seed-41544c53,remove-1000,svg_attribute_writes_p95,count,0,10013.0
Atlas,1c2e54b3b8df+bench,SVG,instrument-2026-10-07T06-37-50.292Z,mixed-3000-seed-41544c53,remove-1000,svg_attribute_writes_max,count,0,10013.0
Atlas,1c2e54b3b8df+bench,SVG,instrument-2026-10-07T06-37-50.292Z,mixed-3000-seed-41544c53,remove-1000,renderer_scene_reads_n,count,0,1
Atlas,1c2e54b3b8df+bench,SVG,instrument-2026-10-07T06-37-50.292Z,mixed-3000-seed-41544c53,remove-1000,renderer_scene_reads_median,count,0,1.0
Atlas,1c2e54b3b8df+bench,SVG,instrument-2026-10-07T06-37-50.292Z,mixed-3000-seed-41544c53,remove-1000,renderer_scene_reads_p95,count,0,1.0
Atlas,1c2e54b3b8df+bench,SVG,instrument-2026-10-07T06-37-50.292Z,mixed-3000-seed-41544c53,remove-1000,renderer_scene_reads_max,count,0,1.0
Atlas,1c2e54b3b8df+bench,SVG,instrument-2026-10-07T06-37-50.292Z,mixed-3000-seed-41544c53,remove-1000,route_membership_reads_n,count,0,1
Atlas,1c2e54b3b8df+bench,SVG,instrument-2026-10-07T06-37-50.292Z,mixed-3000-seed-41544c53,remove-1000,route_membership_reads_median,count,0,1600.0
Atlas,1c2e54b3b8df+bench,SVG,instrument-2026-10-07T06-37-50.292Z,mixed-3000-seed-41544c53,remove-1000,route_membership_reads_p95,count,0,1600.0
Atlas,1c2e54b3b8df+bench,SVG,instrument-2026-10-07T06-37-50.292Z,mixed-3000-seed-41544c53,remove-1000,route_membership_reads_max,count,0,1600.0
Atlas,1c2e54b3b8df+bench,SVG,instrument-2026-10-07T06-37-50.292Z,mixed-3000-seed-41544c53,remove-1000,renderer_scene_membership_changes_n,count,0,1
Atlas,1c2e54b3b8df+bench,SVG,instrument-2026-10-07T06-37-50.292Z,mixed-3000-seed-41544c53,remove-1000,renderer_scene_membership_changes_median,count,0,1.0
Atlas,1c2e54b3b8df+bench,SVG,instrument-2026-10-07T06-37-50.292Z,mixed-3000-seed-41544c53,remove-1000,renderer_scene_membership_changes_p95,count,0,1.0
Atlas,1c2e54b3b8df+bench,SVG,instrument-2026-10-07T06-37-50.292Z,mixed-3000-seed-41544c53,remove-1000,renderer_scene_membership_changes_max,count,0,1.0
Atlas,1c2e54b3b8df+bench,SVG,instrument-2026-10-07T06-37-50.292Z,mixed-3000-seed-41544c53,remove-1000,svg_attribute_removals_n,count,0,1
Atlas,1c2e54b3b8df+bench,SVG,instrument-2026-10-07T06-37-50.292Z,mixed-3000-seed-41544c53,remove-1000,svg_attribute_removals_median,count,0,4805.0
Atlas,1c2e54b3b8df+bench,SVG,instrument-2026-10-07T06-37-50.292Z,mixed-3000-seed-41544c53,remove-1000,svg_attribute_removals_p95,count,0,4805.0
Atlas,1c2e54b3b8df+bench,SVG,instrument-2026-10-07T06-37-50.292Z,mixed-3000-seed-41544c53,remove-1000,svg_attribute_removals_max,count,0,4805.0
Atlas,1c2e54b3b8df+bench,SVG,instrument-2026-10-07T06-37-50.292Z,mixed-3000-seed-41544c53,remove-1000,renderer_calls_n,count,0,1
Atlas,1c2e54b3b8df+bench,SVG,instrument-2026-10-07T06-37-50.292Z,mixed-3000-seed-41544c53,remove-1000,renderer_calls_median,count,0,1.0
Atlas,1c2e54b3b8df+bench,SVG,instrument-2026-10-07T06-37-50.292Z,mixed-3000-seed-41544c53,remove-1000,renderer_calls_p95,count,0,1.0
Atlas,1c2e54b3b8df+bench,SVG,instrument-2026-10-07T06-37-50.292Z,mixed-3000-seed-41544c53,remove-1000,renderer_calls_max,count,0,1.0
Atlas,1c2e54b3b8df+bench,SVG,instrument-2026-10-07T06-37-50.292Z,mixed-3000-seed-41544c53,remove-1000,layout_rect_reads_n,count,0,1
Atlas,1c2e54b3b8df+bench,SVG,instrument-2026-10-07T06-37-50.292Z,mixed-3000-seed-41544c53,remove-1000,layout_rect_reads_median,count,0,0.0
Atlas,1c2e54b3b8df+bench,SVG,instrument-2026-10-07T06-37-50.292Z,mixed-3000-seed-41544c53,remove-1000,layout_rect_reads_p95,count,0,0.0
Atlas,1c2e54b3b8df+bench,SVG,instrument-2026-10-07T06-37-50.292Z,mixed-3000-seed-41544c53,remove-1000,layout_rect_reads_max,count,0,0.0
Atlas,1c2e54b3b8df+bench,SVG,instrument-2026-10-07T06-37-50.292Z,mixed-3000-seed-41544c53,remove-1000,instrumented_renderer_callback_ms_n,count,0,1
Atlas,1c2e54b3b8df+bench,SVG,instrument-2026-10-07T06-37-50.292Z,mixed-3000-seed-41544c53,remove-1000,instrumented_renderer_callback_ms_median,ms,0,8.1
Atlas,1c2e54b3b8df+bench,SVG,instrument-2026-10-07T06-37-50.292Z,mixed-3000-seed-41544c53,remove-1000,instrumented_renderer_callback_ms_p95,ms,0,8.1
Atlas,1c2e54b3b8df+bench,SVG,instrument-2026-10-07T06-37-50.292Z,mixed-3000-seed-41544c53,remove-1000,instrumented_renderer_callback_ms_max,ms,0,8.1
Atlas,1c2e54b3b8df+bench,SVG,instrument-2026-10-07T06-37-50.292Z,mixed-3000-seed-41544c53,remove-1000,cleanup_renderer_calls_n,count,0,1
Atlas,1c2e54b3b8df+bench,SVG,instrument-2026-10-07T06-37-50.292Z,mixed-3000-seed-41544c53,remove-1000,cleanup_renderer_calls_median,count,0,0.0
Atlas,1c2e54b3b8df+bench,SVG,instrument-2026-10-07T06-37-50.292Z,mixed-3000-seed-41544c53,remove-1000,cleanup_renderer_calls_p95,count,0,0.0
Atlas,1c2e54b3b8df+bench,SVG,instrument-2026-10-07T06-37-50.292Z,mixed-3000-seed-41544c53,remove-1000,cleanup_renderer_calls_max,count,0,0.0
Atlas,1c2e54b3b8df+bench,SVG,instrument-2026-10-07T06-37-50.292Z,mixed-3000-seed-41544c53,remove-1000,cleanup_stage_children_n,count,0,1
Atlas,1c2e54b3b8df+bench,SVG,instrument-2026-10-07T06-37-50.292Z,mixed-3000-seed-41544c53,remove-1000,cleanup_stage_children_median,count,0,0.0
Atlas,1c2e54b3b8df+bench,SVG,instrument-2026-10-07T06-37-50.292Z,mixed-3000-seed-41544c53,remove-1000,cleanup_stage_children_p95,count,0,0.0
Atlas,1c2e54b3b8df+bench,SVG,instrument-2026-10-07T06-37-50.292Z,mixed-3000-seed-41544c53,remove-1000,cleanup_stage_children_max,count,0,0.0
Atlas,1c2e54b3b8df+bench,SVG,instrument-2026-10-07T06-37-50.292Z,mixed-3000-seed-41544c53,route-update,operation_sync_ms_n,count,0,1
Atlas,1c2e54b3b8df+bench,SVG,instrument-2026-10-07T06-37-50.292Z,mixed-3000-seed-41544c53,route-update,operation_sync_ms_median,ms,0,1.4
Atlas,1c2e54b3b8df+bench,SVG,instrument-2026-10-07T06-37-50.292Z,mixed-3000-seed-41544c53,route-update,operation_sync_ms_p95,ms,0,1.4
Atlas,1c2e54b3b8df+bench,SVG,instrument-2026-10-07T06-37-50.292Z,mixed-3000-seed-41544c53,route-update,operation_sync_ms_max,ms,0,1.4
Atlas,1c2e54b3b8df+bench,SVG,instrument-2026-10-07T06-37-50.292Z,mixed-3000-seed-41544c53,route-update,operation_to_raf_opportunities_ms_n,count,0,1
Atlas,1c2e54b3b8df+bench,SVG,instrument-2026-10-07T06-37-50.292Z,mixed-3000-seed-41544c53,route-update,operation_to_raf_opportunities_ms_median,ms,0,37.0
Atlas,1c2e54b3b8df+bench,SVG,instrument-2026-10-07T06-37-50.292Z,mixed-3000-seed-41544c53,route-update,operation_to_raf_opportunities_ms_p95,ms,0,37.0
Atlas,1c2e54b3b8df+bench,SVG,instrument-2026-10-07T06-37-50.292Z,mixed-3000-seed-41544c53,route-update,operation_to_raf_opportunities_ms_max,ms,0,37.0
Atlas,1c2e54b3b8df+bench,SVG,instrument-2026-10-07T06-37-50.292Z,mixed-3000-seed-41544c53,route-update,root_iterator_creations_n,count,0,1
Atlas,1c2e54b3b8df+bench,SVG,instrument-2026-10-07T06-37-50.292Z,mixed-3000-seed-41544c53,route-update,root_iterator_creations_median,count,0,2.0
Atlas,1c2e54b3b8df+bench,SVG,instrument-2026-10-07T06-37-50.292Z,mixed-3000-seed-41544c53,route-update,root_iterator_creations_p95,count,0,2.0
Atlas,1c2e54b3b8df+bench,SVG,instrument-2026-10-07T06-37-50.292Z,mixed-3000-seed-41544c53,route-update,root_iterator_creations_max,count,0,2.0
Atlas,1c2e54b3b8df+bench,SVG,instrument-2026-10-07T06-37-50.292Z,mixed-3000-seed-41544c53,route-update,root_iterator_next_calls_n,count,0,1
Atlas,1c2e54b3b8df+bench,SVG,instrument-2026-10-07T06-37-50.292Z,mixed-3000-seed-41544c53,route-update,root_iterator_next_calls_median,count,0,6001.0
Atlas,1c2e54b3b8df+bench,SVG,instrument-2026-10-07T06-37-50.292Z,mixed-3000-seed-41544c53,route-update,root_iterator_next_calls_p95,count,0,6001.0
Atlas,1c2e54b3b8df+bench,SVG,instrument-2026-10-07T06-37-50.292Z,mixed-3000-seed-41544c53,route-update,root_iterator_next_calls_max,count,0,6001.0
Atlas,1c2e54b3b8df+bench,SVG,instrument-2026-10-07T06-37-50.292Z,mixed-3000-seed-41544c53,route-update,route_membership_reads_n,count,0,1
Atlas,1c2e54b3b8df+bench,SVG,instrument-2026-10-07T06-37-50.292Z,mixed-3000-seed-41544c53,route-update,route_membership_reads_median,count,0,2404.0
Atlas,1c2e54b3b8df+bench,SVG,instrument-2026-10-07T06-37-50.292Z,mixed-3000-seed-41544c53,route-update,route_membership_reads_p95,count,0,2404.0
Atlas,1c2e54b3b8df+bench,SVG,instrument-2026-10-07T06-37-50.292Z,mixed-3000-seed-41544c53,route-update,route_membership_reads_max,count,0,2404.0
Atlas,1c2e54b3b8df+bench,SVG,instrument-2026-10-07T06-37-50.292Z,mixed-3000-seed-41544c53,route-update,svg_attribute_writes_n,count,0,1
Atlas,1c2e54b3b8df+bench,SVG,instrument-2026-10-07T06-37-50.292Z,mixed-3000-seed-41544c53,route-update,svg_attribute_writes_median,count,0,15017.0
Atlas,1c2e54b3b8df+bench,SVG,instrument-2026-10-07T06-37-50.292Z,mixed-3000-seed-41544c53,route-update,svg_attribute_writes_p95,count,0,15017.0
Atlas,1c2e54b3b8df+bench,SVG,instrument-2026-10-07T06-37-50.292Z,mixed-3000-seed-41544c53,route-update,svg_attribute_writes_max,count,0,15017.0
Atlas,1c2e54b3b8df+bench,SVG,instrument-2026-10-07T06-37-50.292Z,mixed-3000-seed-41544c53,route-update,renderer_scene_reads_n,count,0,1
Atlas,1c2e54b3b8df+bench,SVG,instrument-2026-10-07T06-37-50.292Z,mixed-3000-seed-41544c53,route-update,renderer_scene_reads_median,count,0,1.0
Atlas,1c2e54b3b8df+bench,SVG,instrument-2026-10-07T06-37-50.292Z,mixed-3000-seed-41544c53,route-update,renderer_scene_reads_p95,count,0,1.0
Atlas,1c2e54b3b8df+bench,SVG,instrument-2026-10-07T06-37-50.292Z,mixed-3000-seed-41544c53,route-update,renderer_scene_reads_max,count,0,1.0
Atlas,1c2e54b3b8df+bench,SVG,instrument-2026-10-07T06-37-50.292Z,mixed-3000-seed-41544c53,route-update,renderer_scene_membership_changes_n,count,0,1
Atlas,1c2e54b3b8df+bench,SVG,instrument-2026-10-07T06-37-50.292Z,mixed-3000-seed-41544c53,route-update,renderer_scene_membership_changes_median,count,0,1.0
Atlas,1c2e54b3b8df+bench,SVG,instrument-2026-10-07T06-37-50.292Z,mixed-3000-seed-41544c53,route-update,renderer_scene_membership_changes_p95,count,0,1.0
Atlas,1c2e54b3b8df+bench,SVG,instrument-2026-10-07T06-37-50.292Z,mixed-3000-seed-41544c53,route-update,renderer_scene_membership_changes_max,count,0,1.0
Atlas,1c2e54b3b8df+bench,SVG,instrument-2026-10-07T06-37-50.292Z,mixed-3000-seed-41544c53,route-update,svg_attribute_removals_n,count,0,1
Atlas,1c2e54b3b8df+bench,SVG,instrument-2026-10-07T06-37-50.292Z,mixed-3000-seed-41544c53,route-update,svg_attribute_removals_median,count,0,7201.0
Atlas,1c2e54b3b8df+bench,SVG,instrument-2026-10-07T06-37-50.292Z,mixed-3000-seed-41544c53,route-update,svg_attribute_removals_p95,count,0,7201.0
Atlas,1c2e54b3b8df+bench,SVG,instrument-2026-10-07T06-37-50.292Z,mixed-3000-seed-41544c53,route-update,svg_attribute_removals_max,count,0,7201.0
Atlas,1c2e54b3b8df+bench,SVG,instrument-2026-10-07T06-37-50.292Z,mixed-3000-seed-41544c53,route-update,renderer_calls_n,count,0,1
Atlas,1c2e54b3b8df+bench,SVG,instrument-2026-10-07T06-37-50.292Z,mixed-3000-seed-41544c53,route-update,renderer_calls_median,count,0,1.0
Atlas,1c2e54b3b8df+bench,SVG,instrument-2026-10-07T06-37-50.292Z,mixed-3000-seed-41544c53,route-update,renderer_calls_p95,count,0,1.0
Atlas,1c2e54b3b8df+bench,SVG,instrument-2026-10-07T06-37-50.292Z,mixed-3000-seed-41544c53,route-update,renderer_calls_max,count,0,1.0
Atlas,1c2e54b3b8df+bench,SVG,instrument-2026-10-07T06-37-50.292Z,mixed-3000-seed-41544c53,route-update,layout_rect_reads_n,count,0,1
Atlas,1c2e54b3b8df+bench,SVG,instrument-2026-10-07T06-37-50.292Z,mixed-3000-seed-41544c53,route-update,layout_rect_reads_median,count,0,0.0
Atlas,1c2e54b3b8df+bench,SVG,instrument-2026-10-07T06-37-50.292Z,mixed-3000-seed-41544c53,route-update,layout_rect_reads_p95,count,0,0.0
Atlas,1c2e54b3b8df+bench,SVG,instrument-2026-10-07T06-37-50.292Z,mixed-3000-seed-41544c53,route-update,layout_rect_reads_max,count,0,0.0
Atlas,1c2e54b3b8df+bench,SVG,instrument-2026-10-07T06-37-50.292Z,mixed-3000-seed-41544c53,route-update,instrumented_renderer_callback_ms_n,count,0,1
Atlas,1c2e54b3b8df+bench,SVG,instrument-2026-10-07T06-37-50.292Z,mixed-3000-seed-41544c53,route-update,instrumented_renderer_callback_ms_median,ms,0,10.6
Atlas,1c2e54b3b8df+bench,SVG,instrument-2026-10-07T06-37-50.292Z,mixed-3000-seed-41544c53,route-update,instrumented_renderer_callback_ms_p95,ms,0,10.6
Atlas,1c2e54b3b8df+bench,SVG,instrument-2026-10-07T06-37-50.292Z,mixed-3000-seed-41544c53,route-update,instrumented_renderer_callback_ms_max,ms,0,10.6
Atlas,1c2e54b3b8df+bench,SVG,instrument-2026-10-07T06-37-50.292Z,mixed-3000-seed-41544c53,route-update,cleanup_renderer_calls_n,count,0,1
Atlas,1c2e54b3b8df+bench,SVG,instrument-2026-10-07T06-37-50.292Z,mixed-3000-seed-41544c53,route-update,cleanup_renderer_calls_median,count,0,0.0
Atlas,1c2e54b3b8df+bench,SVG,instrument-2026-10-07T06-37-50.292Z,mixed-3000-seed-41544c53,route-update,cleanup_renderer_calls_p95,count,0,0.0
Atlas,1c2e54b3b8df+bench,SVG,instrument-2026-10-07T06-37-50.292Z,mixed-3000-seed-41544c53,route-update,cleanup_renderer_calls_max,count,0,0.0
Atlas,1c2e54b3b8df+bench,SVG,instrument-2026-10-07T06-37-50.292Z,mixed-3000-seed-41544c53,route-update,cleanup_stage_children_n,count,0,1
Atlas,1c2e54b3b8df+bench,SVG,instrument-2026-10-07T06-37-50.292Z,mixed-3000-seed-41544c53,route-update,cleanup_stage_children_median,count,0,0.0
Atlas,1c2e54b3b8df+bench,SVG,instrument-2026-10-07T06-37-50.292Z,mixed-3000-seed-41544c53,route-update,cleanup_stage_children_p95,count,0,0.0
Atlas,1c2e54b3b8df+bench,SVG,instrument-2026-10-07T06-37-50.292Z,mixed-3000-seed-41544c53,route-update,cleanup_stage_children_max,count,0,0.0
Atlas,1c2e54b3b8df+bench,SVG,instrument-2026-10-07T06-37-50.292Z,mixed-3000-seed-41544c53,wheel-input,synthetic_wheel_dispatch_sync_ms_n,count,0,10
Atlas,1c2e54b3b8df+bench,SVG,instrument-2026-10-07T06-37-50.292Z,mixed-3000-seed-41544c53,wheel-input,synthetic_wheel_dispatch_sync_ms_median,ms,0,0.0
Atlas,1c2e54b3b8df+bench,SVG,instrument-2026-10-07T06-37-50.292Z,mixed-3000-seed-41544c53,wheel-input,synthetic_wheel_dispatch_sync_ms_p95,ms,0,0.1
Atlas,1c2e54b3b8df+bench,SVG,instrument-2026-10-07T06-37-50.292Z,mixed-3000-seed-41544c53,wheel-input,synthetic_wheel_dispatch_sync_ms_max,ms,0,0.1
Atlas,1c2e54b3b8df+bench,SVG,instrument-2026-10-07T06-37-50.292Z,mixed-3000-seed-41544c53,wheel-input,layout_rect_reads_n,count,0,1
Atlas,1c2e54b3b8df+bench,SVG,instrument-2026-10-07T06-37-50.292Z,mixed-3000-seed-41544c53,wheel-input,layout_rect_reads_median,count,0,52.0
Atlas,1c2e54b3b8df+bench,SVG,instrument-2026-10-07T06-37-50.292Z,mixed-3000-seed-41544c53,wheel-input,layout_rect_reads_p95,count,0,52.0
Atlas,1c2e54b3b8df+bench,SVG,instrument-2026-10-07T06-37-50.292Z,mixed-3000-seed-41544c53,wheel-input,layout_rect_reads_max,count,0,52.0
Atlas,1c2e54b3b8df+bench,SVG,instrument-2026-10-07T06-37-50.292Z,mixed-3000-seed-41544c53,wheel-input,svg_attribute_writes_n,count,0,1
Atlas,1c2e54b3b8df+bench,SVG,instrument-2026-10-07T06-37-50.292Z,mixed-3000-seed-41544c53,wheel-input,svg_attribute_writes_median,count,0,150030.0
Atlas,1c2e54b3b8df+bench,SVG,instrument-2026-10-07T06-37-50.292Z,mixed-3000-seed-41544c53,wheel-input,svg_attribute_writes_p95,count,0,150030.0
Atlas,1c2e54b3b8df+bench,SVG,instrument-2026-10-07T06-37-50.292Z,mixed-3000-seed-41544c53,wheel-input,svg_attribute_writes_max,count,0,150030.0
Atlas,1c2e54b3b8df+bench,SVG,instrument-2026-10-07T06-37-50.292Z,mixed-3000-seed-41544c53,wheel-input,renderer_scene_reads_n,count,0,1
Atlas,1c2e54b3b8df+bench,SVG,instrument-2026-10-07T06-37-50.292Z,mixed-3000-seed-41544c53,wheel-input,renderer_scene_reads_median,count,0,10.0
Atlas,1c2e54b3b8df+bench,SVG,instrument-2026-10-07T06-37-50.292Z,mixed-3000-seed-41544c53,wheel-input,renderer_scene_reads_p95,count,0,10.0
Atlas,1c2e54b3b8df+bench,SVG,instrument-2026-10-07T06-37-50.292Z,mixed-3000-seed-41544c53,wheel-input,renderer_scene_reads_max,count,0,10.0
Atlas,1c2e54b3b8df+bench,SVG,instrument-2026-10-07T06-37-50.292Z,mixed-3000-seed-41544c53,wheel-input,root_iterator_creations_n,count,0,1
Atlas,1c2e54b3b8df+bench,SVG,instrument-2026-10-07T06-37-50.292Z,mixed-3000-seed-41544c53,wheel-input,root_iterator_creations_median,count,0,10.0
Atlas,1c2e54b3b8df+bench,SVG,instrument-2026-10-07T06-37-50.292Z,mixed-3000-seed-41544c53,wheel-input,root_iterator_creations_p95,count,0,10.0
Atlas,1c2e54b3b8df+bench,SVG,instrument-2026-10-07T06-37-50.292Z,mixed-3000-seed-41544c53,wheel-input,root_iterator_creations_max,count,0,10.0
Atlas,1c2e54b3b8df+bench,SVG,instrument-2026-10-07T06-37-50.292Z,mixed-3000-seed-41544c53,wheel-input,root_iterator_next_calls_n,count,0,1
Atlas,1c2e54b3b8df+bench,SVG,instrument-2026-10-07T06-37-50.292Z,mixed-3000-seed-41544c53,wheel-input,root_iterator_next_calls_median,count,0,30000.0
Atlas,1c2e54b3b8df+bench,SVG,instrument-2026-10-07T06-37-50.292Z,mixed-3000-seed-41544c53,wheel-input,root_iterator_next_calls_p95,count,0,30000.0
Atlas,1c2e54b3b8df+bench,SVG,instrument-2026-10-07T06-37-50.292Z,mixed-3000-seed-41544c53,wheel-input,root_iterator_next_calls_max,count,0,30000.0
Atlas,1c2e54b3b8df+bench,SVG,instrument-2026-10-07T06-37-50.292Z,mixed-3000-seed-41544c53,wheel-input,route_membership_reads_n,count,0,1
Atlas,1c2e54b3b8df+bench,SVG,instrument-2026-10-07T06-37-50.292Z,mixed-3000-seed-41544c53,wheel-input,route_membership_reads_median,count,0,18000.0
Atlas,1c2e54b3b8df+bench,SVG,instrument-2026-10-07T06-37-50.292Z,mixed-3000-seed-41544c53,wheel-input,route_membership_reads_p95,count,0,18000.0
Atlas,1c2e54b3b8df+bench,SVG,instrument-2026-10-07T06-37-50.292Z,mixed-3000-seed-41544c53,wheel-input,route_membership_reads_max,count,0,18000.0
Atlas,1c2e54b3b8df+bench,SVG,instrument-2026-10-07T06-37-50.292Z,mixed-3000-seed-41544c53,wheel-input,svg_attribute_removals_n,count,0,1
Atlas,1c2e54b3b8df+bench,SVG,instrument-2026-10-07T06-37-50.292Z,mixed-3000-seed-41544c53,wheel-input,svg_attribute_removals_median,count,0,72000.0
Atlas,1c2e54b3b8df+bench,SVG,instrument-2026-10-07T06-37-50.292Z,mixed-3000-seed-41544c53,wheel-input,svg_attribute_removals_p95,count,0,72000.0
Atlas,1c2e54b3b8df+bench,SVG,instrument-2026-10-07T06-37-50.292Z,mixed-3000-seed-41544c53,wheel-input,svg_attribute_removals_max,count,0,72000.0
Atlas,1c2e54b3b8df+bench,SVG,instrument-2026-10-07T06-37-50.292Z,mixed-3000-seed-41544c53,wheel-input,renderer_calls_n,count,0,1
Atlas,1c2e54b3b8df+bench,SVG,instrument-2026-10-07T06-37-50.292Z,mixed-3000-seed-41544c53,wheel-input,renderer_calls_median,count,0,10.0
Atlas,1c2e54b3b8df+bench,SVG,instrument-2026-10-07T06-37-50.292Z,mixed-3000-seed-41544c53,wheel-input,renderer_calls_p95,count,0,10.0
Atlas,1c2e54b3b8df+bench,SVG,instrument-2026-10-07T06-37-50.292Z,mixed-3000-seed-41544c53,wheel-input,renderer_calls_max,count,0,10.0
Atlas,1c2e54b3b8df+bench,SVG,instrument-2026-10-07T06-37-50.292Z,mixed-3000-seed-41544c53,wheel-input,instrumented_renderer_callback_ms_n,count,0,10
Atlas,1c2e54b3b8df+bench,SVG,instrument-2026-10-07T06-37-50.292Z,mixed-3000-seed-41544c53,wheel-input,instrumented_renderer_callback_ms_median,ms,0,9.95
Atlas,1c2e54b3b8df+bench,SVG,instrument-2026-10-07T06-37-50.292Z,mixed-3000-seed-41544c53,wheel-input,instrumented_renderer_callback_ms_p95,ms,0,10.3
Atlas,1c2e54b3b8df+bench,SVG,instrument-2026-10-07T06-37-50.292Z,mixed-3000-seed-41544c53,wheel-input,instrumented_renderer_callback_ms_max,ms,0,10.3
Atlas,1c2e54b3b8df+bench,SVG,instrument-2026-10-07T06-37-50.292Z,mixed-3000-seed-41544c53,wheel-input,cleanup_renderer_calls_n,count,0,1
Atlas,1c2e54b3b8df+bench,SVG,instrument-2026-10-07T06-37-50.292Z,mixed-3000-seed-41544c53,wheel-input,cleanup_renderer_calls_median,count,0,0.0
Atlas,1c2e54b3b8df+bench,SVG,instrument-2026-10-07T06-37-50.292Z,mixed-3000-seed-41544c53,wheel-input,cleanup_renderer_calls_p95,count,0,0.0
Atlas,1c2e54b3b8df+bench,SVG,instrument-2026-10-07T06-37-50.292Z,mixed-3000-seed-41544c53,wheel-input,cleanup_renderer_calls_max,count,0,0.0
Atlas,1c2e54b3b8df+bench,SVG,instrument-2026-10-07T06-37-50.292Z,mixed-3000-seed-41544c53,wheel-input,cleanup_stage_children_n,count,0,1
Atlas,1c2e54b3b8df+bench,SVG,instrument-2026-10-07T06-37-50.292Z,mixed-3000-seed-41544c53,wheel-input,cleanup_stage_children_median,count,0,0.0
Atlas,1c2e54b3b8df+bench,SVG,instrument-2026-10-07T06-37-50.292Z,mixed-3000-seed-41544c53,wheel-input,cleanup_stage_children_p95,count,0,0.0
Atlas,1c2e54b3b8df+bench,SVG,instrument-2026-10-07T06-37-50.292Z,mixed-3000-seed-41544c53,wheel-input,cleanup_stage_children_max,count,0,0.0
Atlas,1c2e54b3b8df+bench,SVG,instrument-2026-10-07T06-37-50.292Z,mixed-5000-seed-41544c53,load,load_promise_ms_n,count,0,1
Atlas,1c2e54b3b8df+bench,SVG,instrument-2026-10-07T06-37-50.292Z,mixed-5000-seed-41544c53,load,load_promise_ms_median,ms,0,36.0
Atlas,1c2e54b3b8df+bench,SVG,instrument-2026-10-07T06-37-50.292Z,mixed-5000-seed-41544c53,load,load_promise_ms_p95,ms,0,36.0
Atlas,1c2e54b3b8df+bench,SVG,instrument-2026-10-07T06-37-50.292Z,mixed-5000-seed-41544c53,load,load_promise_ms_max,ms,0,36.0
Atlas,1c2e54b3b8df+bench,SVG,instrument-2026-10-07T06-37-50.292Z,mixed-5000-seed-41544c53,load,create_to_raf_opportunities_ms_n,count,0,1
Atlas,1c2e54b3b8df+bench,SVG,instrument-2026-10-07T06-37-50.292Z,mixed-5000-seed-41544c53,load,create_to_raf_opportunities_ms_median,ms,0,163.6
Atlas,1c2e54b3b8df+bench,SVG,instrument-2026-10-07T06-37-50.292Z,mixed-5000-seed-41544c53,load,create_to_raf_opportunities_ms_p95,ms,0,163.6
Atlas,1c2e54b3b8df+bench,SVG,instrument-2026-10-07T06-37-50.292Z,mixed-5000-seed-41544c53,load,create_to_raf_opportunities_ms_max,ms,0,163.6
Atlas,1c2e54b3b8df+bench,SVG,instrument-2026-10-07T06-37-50.292Z,mixed-5000-seed-41544c53,load,semantic_roots_n,count,0,1
Atlas,1c2e54b3b8df+bench,SVG,instrument-2026-10-07T06-37-50.292Z,mixed-5000-seed-41544c53,load,semantic_roots_median,count,0,5000.0
Atlas,1c2e54b3b8df+bench,SVG,instrument-2026-10-07T06-37-50.292Z,mixed-5000-seed-41544c53,load,semantic_roots_p95,count,0,5000.0
Atlas,1c2e54b3b8df+bench,SVG,instrument-2026-10-07T06-37-50.292Z,mixed-5000-seed-41544c53,load,semantic_roots_max,count,0,5000.0
Atlas,1c2e54b3b8df+bench,SVG,instrument-2026-10-07T06-37-50.292Z,mixed-5000-seed-41544c53,load,owned_points_n,count,0,1
Atlas,1c2e54b3b8df+bench,SVG,instrument-2026-10-07T06-37-50.292Z,mixed-5000-seed-41544c53,load,owned_points_median,count,0,8996.0
Atlas,1c2e54b3b8df+bench,SVG,instrument-2026-10-07T06-37-50.292Z,mixed-5000-seed-41544c53,load,owned_points_p95,count,0,8996.0
Atlas,1c2e54b3b8df+bench,SVG,instrument-2026-10-07T06-37-50.292Z,mixed-5000-seed-41544c53,load,owned_points_max,count,0,8996.0
Atlas,1c2e54b3b8df+bench,SVG,instrument-2026-10-07T06-37-50.292Z,mixed-5000-seed-41544c53,load,visual_primitives_n,count,0,1
Atlas,1c2e54b3b8df+bench,SVG,instrument-2026-10-07T06-37-50.292Z,mixed-5000-seed-41544c53,load,visual_primitives_median,count,0,11996.0
Atlas,1c2e54b3b8df+bench,SVG,instrument-2026-10-07T06-37-50.292Z,mixed-5000-seed-41544c53,load,visual_primitives_p95,count,0,11996.0
Atlas,1c2e54b3b8df+bench,SVG,instrument-2026-10-07T06-37-50.292Z,mixed-5000-seed-41544c53,load,visual_primitives_max,count,0,11996.0
Atlas,1c2e54b3b8df+bench,SVG,instrument-2026-10-07T06-37-50.292Z,mixed-5000-seed-41544c53,load,svg_element_nodes_n,count,0,1
Atlas,1c2e54b3b8df+bench,SVG,instrument-2026-10-07T06-37-50.292Z,mixed-5000-seed-41544c53,load,svg_element_nodes_median,count,0,23994.0
Atlas,1c2e54b3b8df+bench,SVG,instrument-2026-10-07T06-37-50.292Z,mixed-5000-seed-41544c53,load,svg_element_nodes_p95,count,0,23994.0
Atlas,1c2e54b3b8df+bench,SVG,instrument-2026-10-07T06-37-50.292Z,mixed-5000-seed-41544c53,load,svg_element_nodes_max,count,0,23994.0
Atlas,1c2e54b3b8df+bench,SVG,instrument-2026-10-07T06-37-50.292Z,mixed-5000-seed-41544c53,load,shadow_element_nodes_n,count,0,1
Atlas,1c2e54b3b8df+bench,SVG,instrument-2026-10-07T06-37-50.292Z,mixed-5000-seed-41544c53,load,shadow_element_nodes_median,count,0,23995.0
Atlas,1c2e54b3b8df+bench,SVG,instrument-2026-10-07T06-37-50.292Z,mixed-5000-seed-41544c53,load,shadow_element_nodes_p95,count,0,23995.0
Atlas,1c2e54b3b8df+bench,SVG,instrument-2026-10-07T06-37-50.292Z,mixed-5000-seed-41544c53,load,shadow_element_nodes_max,count,0,23995.0
Atlas,1c2e54b3b8df+bench,SVG,instrument-2026-10-07T06-37-50.292Z,mixed-5000-seed-41544c53,load,shadow_dom_nodes_n,count,0,1
Atlas,1c2e54b3b8df+bench,SVG,instrument-2026-10-07T06-37-50.292Z,mixed-5000-seed-41544c53,load,shadow_dom_nodes_median,count,0,23998.0
Atlas,1c2e54b3b8df+bench,SVG,instrument-2026-10-07T06-37-50.292Z,mixed-5000-seed-41544c53,load,shadow_dom_nodes_p95,count,0,23998.0
Atlas,1c2e54b3b8df+bench,SVG,instrument-2026-10-07T06-37-50.292Z,mixed-5000-seed-41544c53,load,shadow_dom_nodes_max,count,0,23998.0
Atlas,1c2e54b3b8df+bench,SVG,instrument-2026-10-07T06-37-50.292Z,mixed-5000-seed-41544c53,load,root_iterator_creations_n,count,0,1
Atlas,1c2e54b3b8df+bench,SVG,instrument-2026-10-07T06-37-50.292Z,mixed-5000-seed-41544c53,load,root_iterator_creations_median,count,0,6.0
Atlas,1c2e54b3b8df+bench,SVG,instrument-2026-10-07T06-37-50.292Z,mixed-5000-seed-41544c53,load,root_iterator_creations_p95,count,0,6.0
Atlas,1c2e54b3b8df+bench,SVG,instrument-2026-10-07T06-37-50.292Z,mixed-5000-seed-41544c53,load,root_iterator_creations_max,count,0,6.0
Atlas,1c2e54b3b8df+bench,SVG,instrument-2026-10-07T06-37-50.292Z,mixed-5000-seed-41544c53,load,root_iterator_next_calls_n,count,0,1
Atlas,1c2e54b3b8df+bench,SVG,instrument-2026-10-07T06-37-50.292Z,mixed-5000-seed-41544c53,load,root_iterator_next_calls_median,count,0,20004.0
Atlas,1c2e54b3b8df+bench,SVG,instrument-2026-10-07T06-37-50.292Z,mixed-5000-seed-41544c53,load,root_iterator_next_calls_p95,count,0,20004.0
Atlas,1c2e54b3b8df+bench,SVG,instrument-2026-10-07T06-37-50.292Z,mixed-5000-seed-41544c53,load,root_iterator_next_calls_max,count,0,20004.0
Atlas,1c2e54b3b8df+bench,SVG,instrument-2026-10-07T06-37-50.292Z,mixed-5000-seed-41544c53,load,svg_attribute_writes_n,count,0,1
Atlas,1c2e54b3b8df+bench,SVG,instrument-2026-10-07T06-37-50.292Z,mixed-5000-seed-41544c53,load,svg_attribute_writes_median,count,0,102977.0
Atlas,1c2e54b3b8df+bench,SVG,instrument-2026-10-07T06-37-50.292Z,mixed-5000-seed-41544c53,load,svg_attribute_writes_p95,count,0,102977.0
Atlas,1c2e54b3b8df+bench,SVG,instrument-2026-10-07T06-37-50.292Z,mixed-5000-seed-41544c53,load,svg_attribute_writes_max,count,0,102977.0
Atlas,1c2e54b3b8df+bench,SVG,instrument-2026-10-07T06-37-50.292Z,mixed-5000-seed-41544c53,load,renderer_calls_n,count,0,1
Atlas,1c2e54b3b8df+bench,SVG,instrument-2026-10-07T06-37-50.292Z,mixed-5000-seed-41544c53,load,renderer_calls_median,count,0,2.0
Atlas,1c2e54b3b8df+bench,SVG,instrument-2026-10-07T06-37-50.292Z,mixed-5000-seed-41544c53,load,renderer_calls_p95,count,0,2.0
Atlas,1c2e54b3b8df+bench,SVG,instrument-2026-10-07T06-37-50.292Z,mixed-5000-seed-41544c53,load,renderer_calls_max,count,0,2.0
Atlas,1c2e54b3b8df+bench,SVG,instrument-2026-10-07T06-37-50.292Z,mixed-5000-seed-41544c53,load,route_membership_reads_n,count,0,1
Atlas,1c2e54b3b8df+bench,SVG,instrument-2026-10-07T06-37-50.292Z,mixed-5000-seed-41544c53,load,route_membership_reads_median,count,0,7000.0
Atlas,1c2e54b3b8df+bench,SVG,instrument-2026-10-07T06-37-50.292Z,mixed-5000-seed-41544c53,load,route_membership_reads_p95,count,0,7000.0
Atlas,1c2e54b3b8df+bench,SVG,instrument-2026-10-07T06-37-50.292Z,mixed-5000-seed-41544c53,load,route_membership_reads_max,count,0,7000.0
Atlas,1c2e54b3b8df+bench,SVG,instrument-2026-10-07T06-37-50.292Z,mixed-5000-seed-41544c53,load,renderer_scene_reads_n,count,0,1
Atlas,1c2e54b3b8df+bench,SVG,instrument-2026-10-07T06-37-50.292Z,mixed-5000-seed-41544c53,load,renderer_scene_reads_median,count,0,2.0
Atlas,1c2e54b3b8df+bench,SVG,instrument-2026-10-07T06-37-50.292Z,mixed-5000-seed-41544c53,load,renderer_scene_reads_p95,count,0,2.0
Atlas,1c2e54b3b8df+bench,SVG,instrument-2026-10-07T06-37-50.292Z,mixed-5000-seed-41544c53,load,renderer_scene_reads_max,count,0,2.0
Atlas,1c2e54b3b8df+bench,SVG,instrument-2026-10-07T06-37-50.292Z,mixed-5000-seed-41544c53,load,svg_attribute_removals_n,count,0,1
Atlas,1c2e54b3b8df+bench,SVG,instrument-2026-10-07T06-37-50.292Z,mixed-5000-seed-41544c53,load,svg_attribute_removals_median,count,0,11996.0
Atlas,1c2e54b3b8df+bench,SVG,instrument-2026-10-07T06-37-50.292Z,mixed-5000-seed-41544c53,load,svg_attribute_removals_p95,count,0,11996.0
Atlas,1c2e54b3b8df+bench,SVG,instrument-2026-10-07T06-37-50.292Z,mixed-5000-seed-41544c53,load,svg_attribute_removals_max,count,0,11996.0
Atlas,1c2e54b3b8df+bench,SVG,instrument-2026-10-07T06-37-50.292Z,mixed-5000-seed-41544c53,load,layout_rect_reads_n,count,0,1
Atlas,1c2e54b3b8df+bench,SVG,instrument-2026-10-07T06-37-50.292Z,mixed-5000-seed-41544c53,load,layout_rect_reads_median,count,0,0.0
Atlas,1c2e54b3b8df+bench,SVG,instrument-2026-10-07T06-37-50.292Z,mixed-5000-seed-41544c53,load,layout_rect_reads_p95,count,0,0.0
Atlas,1c2e54b3b8df+bench,SVG,instrument-2026-10-07T06-37-50.292Z,mixed-5000-seed-41544c53,load,layout_rect_reads_max,count,0,0.0
Atlas,1c2e54b3b8df+bench,SVG,instrument-2026-10-07T06-37-50.292Z,mixed-5000-seed-41544c53,load,instrumented_renderer_callback_ms_n,count,0,2
Atlas,1c2e54b3b8df+bench,SVG,instrument-2026-10-07T06-37-50.292Z,mixed-5000-seed-41544c53,load,instrumented_renderer_callback_ms_median,ms,0,8.3
Atlas,1c2e54b3b8df+bench,SVG,instrument-2026-10-07T06-37-50.292Z,mixed-5000-seed-41544c53,load,instrumented_renderer_callback_ms_p95,ms,0,16.6
Atlas,1c2e54b3b8df+bench,SVG,instrument-2026-10-07T06-37-50.292Z,mixed-5000-seed-41544c53,load,instrumented_renderer_callback_ms_max,ms,0,16.6
Atlas,1c2e54b3b8df+bench,SVG,instrument-2026-10-07T06-37-50.292Z,mixed-5000-seed-41544c53,load,instrumented_prepare_promise_ms_n,count,0,1
Atlas,1c2e54b3b8df+bench,SVG,instrument-2026-10-07T06-37-50.292Z,mixed-5000-seed-41544c53,load,instrumented_prepare_promise_ms_median,ms,0,18.4
Atlas,1c2e54b3b8df+bench,SVG,instrument-2026-10-07T06-37-50.292Z,mixed-5000-seed-41544c53,load,instrumented_prepare_promise_ms_p95,ms,0,18.4
Atlas,1c2e54b3b8df+bench,SVG,instrument-2026-10-07T06-37-50.292Z,mixed-5000-seed-41544c53,load,instrumented_prepare_promise_ms_max,ms,0,18.4
Atlas,1c2e54b3b8df+bench,SVG,instrument-2026-10-07T06-37-50.292Z,mixed-5000-seed-41544c53,load,cleanup_renderer_calls_n,count,0,1
Atlas,1c2e54b3b8df+bench,SVG,instrument-2026-10-07T06-37-50.292Z,mixed-5000-seed-41544c53,load,cleanup_renderer_calls_median,count,0,0.0
Atlas,1c2e54b3b8df+bench,SVG,instrument-2026-10-07T06-37-50.292Z,mixed-5000-seed-41544c53,load,cleanup_renderer_calls_p95,count,0,0.0
Atlas,1c2e54b3b8df+bench,SVG,instrument-2026-10-07T06-37-50.292Z,mixed-5000-seed-41544c53,load,cleanup_renderer_calls_max,count,0,0.0
Atlas,1c2e54b3b8df+bench,SVG,instrument-2026-10-07T06-37-50.292Z,mixed-5000-seed-41544c53,load,cleanup_stage_children_n,count,0,1
Atlas,1c2e54b3b8df+bench,SVG,instrument-2026-10-07T06-37-50.292Z,mixed-5000-seed-41544c53,load,cleanup_stage_children_median,count,0,0.0
Atlas,1c2e54b3b8df+bench,SVG,instrument-2026-10-07T06-37-50.292Z,mixed-5000-seed-41544c53,load,cleanup_stage_children_p95,count,0,0.0
Atlas,1c2e54b3b8df+bench,SVG,instrument-2026-10-07T06-37-50.292Z,mixed-5000-seed-41544c53,load,cleanup_stage_children_max,count,0,0.0
Atlas,1c2e54b3b8df+bench,SVG,instrument-2026-10-07T06-37-50.292Z,mixed-5000-seed-41544c53,pan,frame_interval_ms_n,count,0,27
Atlas,1c2e54b3b8df+bench,SVG,instrument-2026-10-07T06-37-50.292Z,mixed-5000-seed-41544c53,pan,frame_interval_ms_median,ms,0,50.1
Atlas,1c2e54b3b8df+bench,SVG,instrument-2026-10-07T06-37-50.292Z,mixed-5000-seed-41544c53,pan,frame_interval_ms_p95,ms,0,66.8
Atlas,1c2e54b3b8df+bench,SVG,instrument-2026-10-07T06-37-50.292Z,mixed-5000-seed-41544c53,pan,frame_interval_ms_max,ms,0,66.8
Atlas,1c2e54b3b8df+bench,SVG,instrument-2026-10-07T06-37-50.292Z,mixed-5000-seed-41544c53,pan,camera_api_sync_ms_n,count,0,27
Atlas,1c2e54b3b8df+bench,SVG,instrument-2026-10-07T06-37-50.292Z,mixed-5000-seed-41544c53,pan,camera_api_sync_ms_median,ms,0,0.0
Atlas,1c2e54b3b8df+bench,SVG,instrument-2026-10-07T06-37-50.292Z,mixed-5000-seed-41544c53,pan,camera_api_sync_ms_p95,ms,0,0.0
Atlas,1c2e54b3b8df+bench,SVG,instrument-2026-10-07T06-37-50.292Z,mixed-5000-seed-41544c53,pan,camera_api_sync_ms_max,ms,0,0.1
Atlas,1c2e54b3b8df+bench,SVG,instrument-2026-10-07T06-37-50.292Z,mixed-5000-seed-41544c53,pan,motion_elapsed_ms_n,count,0,1
Atlas,1c2e54b3b8df+bench,SVG,instrument-2026-10-07T06-37-50.292Z,mixed-5000-seed-41544c53,pan,motion_elapsed_ms_median,ms,0,1500.0
Atlas,1c2e54b3b8df+bench,SVG,instrument-2026-10-07T06-37-50.292Z,mixed-5000-seed-41544c53,pan,motion_elapsed_ms_p95,ms,0,1500.0
Atlas,1c2e54b3b8df+bench,SVG,instrument-2026-10-07T06-37-50.292Z,mixed-5000-seed-41544c53,pan,motion_elapsed_ms_max,ms,0,1500.0
Atlas,1c2e54b3b8df+bench,SVG,instrument-2026-10-07T06-37-50.292Z,mixed-5000-seed-41544c53,pan,camera_updates_n,count,0,1
Atlas,1c2e54b3b8df+bench,SVG,instrument-2026-10-07T06-37-50.292Z,mixed-5000-seed-41544c53,pan,camera_updates_median,count,0,27.0
Atlas,1c2e54b3b8df+bench,SVG,instrument-2026-10-07T06-37-50.292Z,mixed-5000-seed-41544c53,pan,camera_updates_p95,count,0,27.0
Atlas,1c2e54b3b8df+bench,SVG,instrument-2026-10-07T06-37-50.292Z,mixed-5000-seed-41544c53,pan,camera_updates_max,count,0,27.0
Atlas,1c2e54b3b8df+bench,SVG,instrument-2026-10-07T06-37-50.292Z,mixed-5000-seed-41544c53,pan,svg_attribute_writes_n,count,0,1
Atlas,1c2e54b3b8df+bench,SVG,instrument-2026-10-07T06-37-50.292Z,mixed-5000-seed-41544c53,pan,svg_attribute_writes_median,count,0,674865.0
Atlas,1c2e54b3b8df+bench,SVG,instrument-2026-10-07T06-37-50.292Z,mixed-5000-seed-41544c53,pan,svg_attribute_writes_p95,count,0,674865.0
Atlas,1c2e54b3b8df+bench,SVG,instrument-2026-10-07T06-37-50.292Z,mixed-5000-seed-41544c53,pan,svg_attribute_writes_max,count,0,674865.0
Atlas,1c2e54b3b8df+bench,SVG,instrument-2026-10-07T06-37-50.292Z,mixed-5000-seed-41544c53,pan,renderer_scene_reads_n,count,0,1
Atlas,1c2e54b3b8df+bench,SVG,instrument-2026-10-07T06-37-50.292Z,mixed-5000-seed-41544c53,pan,renderer_scene_reads_median,count,0,27.0
Atlas,1c2e54b3b8df+bench,SVG,instrument-2026-10-07T06-37-50.292Z,mixed-5000-seed-41544c53,pan,renderer_scene_reads_p95,count,0,27.0
Atlas,1c2e54b3b8df+bench,SVG,instrument-2026-10-07T06-37-50.292Z,mixed-5000-seed-41544c53,pan,renderer_scene_reads_max,count,0,27.0
Atlas,1c2e54b3b8df+bench,SVG,instrument-2026-10-07T06-37-50.292Z,mixed-5000-seed-41544c53,pan,root_iterator_creations_n,count,0,1
Atlas,1c2e54b3b8df+bench,SVG,instrument-2026-10-07T06-37-50.292Z,mixed-5000-seed-41544c53,pan,root_iterator_creations_median,count,0,27.0
Atlas,1c2e54b3b8df+bench,SVG,instrument-2026-10-07T06-37-50.292Z,mixed-5000-seed-41544c53,pan,root_iterator_creations_p95,count,0,27.0
Atlas,1c2e54b3b8df+bench,SVG,instrument-2026-10-07T06-37-50.292Z,mixed-5000-seed-41544c53,pan,root_iterator_creations_max,count,0,27.0
Atlas,1c2e54b3b8df+bench,SVG,instrument-2026-10-07T06-37-50.292Z,mixed-5000-seed-41544c53,pan,root_iterator_next_calls_n,count,0,1
Atlas,1c2e54b3b8df+bench,SVG,instrument-2026-10-07T06-37-50.292Z,mixed-5000-seed-41544c53,pan,root_iterator_next_calls_median,count,0,135000.0
Atlas,1c2e54b3b8df+bench,SVG,instrument-2026-10-07T06-37-50.292Z,mixed-5000-seed-41544c53,pan,root_iterator_next_calls_p95,count,0,135000.0
Atlas,1c2e54b3b8df+bench,SVG,instrument-2026-10-07T06-37-50.292Z,mixed-5000-seed-41544c53,pan,root_iterator_next_calls_max,count,0,135000.0
Atlas,1c2e54b3b8df+bench,SVG,instrument-2026-10-07T06-37-50.292Z,mixed-5000-seed-41544c53,pan,route_membership_reads_n,count,0,1
Atlas,1c2e54b3b8df+bench,SVG,instrument-2026-10-07T06-37-50.292Z,mixed-5000-seed-41544c53,pan,route_membership_reads_median,count,0,81000.0
Atlas,1c2e54b3b8df+bench,SVG,instrument-2026-10-07T06-37-50.292Z,mixed-5000-seed-41544c53,pan,route_membership_reads_p95,count,0,81000.0
Atlas,1c2e54b3b8df+bench,SVG,instrument-2026-10-07T06-37-50.292Z,mixed-5000-seed-41544c53,pan,route_membership_reads_max,count,0,81000.0
Atlas,1c2e54b3b8df+bench,SVG,instrument-2026-10-07T06-37-50.292Z,mixed-5000-seed-41544c53,pan,svg_attribute_removals_n,count,0,1
Atlas,1c2e54b3b8df+bench,SVG,instrument-2026-10-07T06-37-50.292Z,mixed-5000-seed-41544c53,pan,svg_attribute_removals_median,count,0,323892.0
Atlas,1c2e54b3b8df+bench,SVG,instrument-2026-10-07T06-37-50.292Z,mixed-5000-seed-41544c53,pan,svg_attribute_removals_p95,count,0,323892.0
Atlas,1c2e54b3b8df+bench,SVG,instrument-2026-10-07T06-37-50.292Z,mixed-5000-seed-41544c53,pan,svg_attribute_removals_max,count,0,323892.0
Atlas,1c2e54b3b8df+bench,SVG,instrument-2026-10-07T06-37-50.292Z,mixed-5000-seed-41544c53,pan,renderer_calls_n,count,0,1
Atlas,1c2e54b3b8df+bench,SVG,instrument-2026-10-07T06-37-50.292Z,mixed-5000-seed-41544c53,pan,renderer_calls_median,count,0,27.0
Atlas,1c2e54b3b8df+bench,SVG,instrument-2026-10-07T06-37-50.292Z,mixed-5000-seed-41544c53,pan,renderer_calls_p95,count,0,27.0
Atlas,1c2e54b3b8df+bench,SVG,instrument-2026-10-07T06-37-50.292Z,mixed-5000-seed-41544c53,pan,renderer_calls_max,count,0,27.0
Atlas,1c2e54b3b8df+bench,SVG,instrument-2026-10-07T06-37-50.292Z,mixed-5000-seed-41544c53,pan,layout_rect_reads_n,count,0,1
Atlas,1c2e54b3b8df+bench,SVG,instrument-2026-10-07T06-37-50.292Z,mixed-5000-seed-41544c53,pan,layout_rect_reads_median,count,0,0.0
Atlas,1c2e54b3b8df+bench,SVG,instrument-2026-10-07T06-37-50.292Z,mixed-5000-seed-41544c53,pan,layout_rect_reads_p95,count,0,0.0
Atlas,1c2e54b3b8df+bench,SVG,instrument-2026-10-07T06-37-50.292Z,mixed-5000-seed-41544c53,pan,layout_rect_reads_max,count,0,0.0
Atlas,1c2e54b3b8df+bench,SVG,instrument-2026-10-07T06-37-50.292Z,mixed-5000-seed-41544c53,pan,instrumented_renderer_callback_ms_n,count,0,27
Atlas,1c2e54b3b8df+bench,SVG,instrument-2026-10-07T06-37-50.292Z,mixed-5000-seed-41544c53,pan,instrumented_renderer_callback_ms_median,ms,0,16.0
Atlas,1c2e54b3b8df+bench,SVG,instrument-2026-10-07T06-37-50.292Z,mixed-5000-seed-41544c53,pan,instrumented_renderer_callback_ms_p95,ms,0,19.3
Atlas,1c2e54b3b8df+bench,SVG,instrument-2026-10-07T06-37-50.292Z,mixed-5000-seed-41544c53,pan,instrumented_renderer_callback_ms_max,ms,0,19.6
Atlas,1c2e54b3b8df+bench,SVG,instrument-2026-10-07T06-37-50.292Z,mixed-5000-seed-41544c53,pan,cleanup_renderer_calls_n,count,0,1
Atlas,1c2e54b3b8df+bench,SVG,instrument-2026-10-07T06-37-50.292Z,mixed-5000-seed-41544c53,pan,cleanup_renderer_calls_median,count,0,0.0
Atlas,1c2e54b3b8df+bench,SVG,instrument-2026-10-07T06-37-50.292Z,mixed-5000-seed-41544c53,pan,cleanup_renderer_calls_p95,count,0,0.0
Atlas,1c2e54b3b8df+bench,SVG,instrument-2026-10-07T06-37-50.292Z,mixed-5000-seed-41544c53,pan,cleanup_renderer_calls_max,count,0,0.0
Atlas,1c2e54b3b8df+bench,SVG,instrument-2026-10-07T06-37-50.292Z,mixed-5000-seed-41544c53,pan,cleanup_stage_children_n,count,0,1
Atlas,1c2e54b3b8df+bench,SVG,instrument-2026-10-07T06-37-50.292Z,mixed-5000-seed-41544c53,pan,cleanup_stage_children_median,count,0,0.0
Atlas,1c2e54b3b8df+bench,SVG,instrument-2026-10-07T06-37-50.292Z,mixed-5000-seed-41544c53,pan,cleanup_stage_children_p95,count,0,0.0
Atlas,1c2e54b3b8df+bench,SVG,instrument-2026-10-07T06-37-50.292Z,mixed-5000-seed-41544c53,pan,cleanup_stage_children_max,count,0,0.0
Atlas,1c2e54b3b8df+bench,SVG,instrument-2026-10-07T06-37-50.292Z,mixed-5000-seed-41544c53,zoom,frame_interval_ms_n,count,0,25
Atlas,1c2e54b3b8df+bench,SVG,instrument-2026-10-07T06-37-50.292Z,mixed-5000-seed-41544c53,zoom,frame_interval_ms_median,ms,0,66.6
Atlas,1c2e54b3b8df+bench,SVG,instrument-2026-10-07T06-37-50.292Z,mixed-5000-seed-41544c53,zoom,frame_interval_ms_p95,ms,0,83.3
Atlas,1c2e54b3b8df+bench,SVG,instrument-2026-10-07T06-37-50.292Z,mixed-5000-seed-41544c53,zoom,frame_interval_ms_max,ms,0,83.4
Atlas,1c2e54b3b8df+bench,SVG,instrument-2026-10-07T06-37-50.292Z,mixed-5000-seed-41544c53,zoom,camera_api_sync_ms_n,count,0,25
Atlas,1c2e54b3b8df+bench,SVG,instrument-2026-10-07T06-37-50.292Z,mixed-5000-seed-41544c53,zoom,camera_api_sync_ms_median,ms,0,0.0
Atlas,1c2e54b3b8df+bench,SVG,instrument-2026-10-07T06-37-50.292Z,mixed-5000-seed-41544c53,zoom,camera_api_sync_ms_p95,ms,0,0.1
Atlas,1c2e54b3b8df+bench,SVG,instrument-2026-10-07T06-37-50.292Z,mixed-5000-seed-41544c53,zoom,camera_api_sync_ms_max,ms,0,0.1
Atlas,1c2e54b3b8df+bench,SVG,instrument-2026-10-07T06-37-50.292Z,mixed-5000-seed-41544c53,zoom,motion_elapsed_ms_n,count,0,1
Atlas,1c2e54b3b8df+bench,SVG,instrument-2026-10-07T06-37-50.292Z,mixed-5000-seed-41544c53,zoom,motion_elapsed_ms_median,ms,0,1533.3
Atlas,1c2e54b3b8df+bench,SVG,instrument-2026-10-07T06-37-50.292Z,mixed-5000-seed-41544c53,zoom,motion_elapsed_ms_p95,ms,0,1533.3
Atlas,1c2e54b3b8df+bench,SVG,instrument-2026-10-07T06-37-50.292Z,mixed-5000-seed-41544c53,zoom,motion_elapsed_ms_max,ms,0,1533.3
Atlas,1c2e54b3b8df+bench,SVG,instrument-2026-10-07T06-37-50.292Z,mixed-5000-seed-41544c53,zoom,camera_updates_n,count,0,1
Atlas,1c2e54b3b8df+bench,SVG,instrument-2026-10-07T06-37-50.292Z,mixed-5000-seed-41544c53,zoom,camera_updates_median,count,0,25.0
Atlas,1c2e54b3b8df+bench,SVG,instrument-2026-10-07T06-37-50.292Z,mixed-5000-seed-41544c53,zoom,camera_updates_p95,count,0,25.0
Atlas,1c2e54b3b8df+bench,SVG,instrument-2026-10-07T06-37-50.292Z,mixed-5000-seed-41544c53,zoom,camera_updates_max,count,0,25.0
Atlas,1c2e54b3b8df+bench,SVG,instrument-2026-10-07T06-37-50.292Z,mixed-5000-seed-41544c53,zoom,svg_attribute_writes_n,count,0,1
Atlas,1c2e54b3b8df+bench,SVG,instrument-2026-10-07T06-37-50.292Z,mixed-5000-seed-41544c53,zoom,svg_attribute_writes_median,count,0,624875.0
Atlas,1c2e54b3b8df+bench,SVG,instrument-2026-10-07T06-37-50.292Z,mixed-5000-seed-41544c53,zoom,svg_attribute_writes_p95,count,0,624875.0
Atlas,1c2e54b3b8df+bench,SVG,instrument-2026-10-07T06-37-50.292Z,mixed-5000-seed-41544c53,zoom,svg_attribute_writes_max,count,0,624875.0
Atlas,1c2e54b3b8df+bench,SVG,instrument-2026-10-07T06-37-50.292Z,mixed-5000-seed-41544c53,zoom,renderer_scene_reads_n,count,0,1
Atlas,1c2e54b3b8df+bench,SVG,instrument-2026-10-07T06-37-50.292Z,mixed-5000-seed-41544c53,zoom,renderer_scene_reads_median,count,0,25.0
Atlas,1c2e54b3b8df+bench,SVG,instrument-2026-10-07T06-37-50.292Z,mixed-5000-seed-41544c53,zoom,renderer_scene_reads_p95,count,0,25.0
Atlas,1c2e54b3b8df+bench,SVG,instrument-2026-10-07T06-37-50.292Z,mixed-5000-seed-41544c53,zoom,renderer_scene_reads_max,count,0,25.0
Atlas,1c2e54b3b8df+bench,SVG,instrument-2026-10-07T06-37-50.292Z,mixed-5000-seed-41544c53,zoom,root_iterator_creations_n,count,0,1
Atlas,1c2e54b3b8df+bench,SVG,instrument-2026-10-07T06-37-50.292Z,mixed-5000-seed-41544c53,zoom,root_iterator_creations_median,count,0,25.0
Atlas,1c2e54b3b8df+bench,SVG,instrument-2026-10-07T06-37-50.292Z,mixed-5000-seed-41544c53,zoom,root_iterator_creations_p95,count,0,25.0
Atlas,1c2e54b3b8df+bench,SVG,instrument-2026-10-07T06-37-50.292Z,mixed-5000-seed-41544c53,zoom,root_iterator_creations_max,count,0,25.0
Atlas,1c2e54b3b8df+bench,SVG,instrument-2026-10-07T06-37-50.292Z,mixed-5000-seed-41544c53,zoom,root_iterator_next_calls_n,count,0,1
Atlas,1c2e54b3b8df+bench,SVG,instrument-2026-10-07T06-37-50.292Z,mixed-5000-seed-41544c53,zoom,root_iterator_next_calls_median,count,0,125000.0
Atlas,1c2e54b3b8df+bench,SVG,instrument-2026-10-07T06-37-50.292Z,mixed-5000-seed-41544c53,zoom,root_iterator_next_calls_p95,count,0,125000.0
Atlas,1c2e54b3b8df+bench,SVG,instrument-2026-10-07T06-37-50.292Z,mixed-5000-seed-41544c53,zoom,root_iterator_next_calls_max,count,0,125000.0
Atlas,1c2e54b3b8df+bench,SVG,instrument-2026-10-07T06-37-50.292Z,mixed-5000-seed-41544c53,zoom,route_membership_reads_n,count,0,1
Atlas,1c2e54b3b8df+bench,SVG,instrument-2026-10-07T06-37-50.292Z,mixed-5000-seed-41544c53,zoom,route_membership_reads_median,count,0,75000.0
Atlas,1c2e54b3b8df+bench,SVG,instrument-2026-10-07T06-37-50.292Z,mixed-5000-seed-41544c53,zoom,route_membership_reads_p95,count,0,75000.0
Atlas,1c2e54b3b8df+bench,SVG,instrument-2026-10-07T06-37-50.292Z,mixed-5000-seed-41544c53,zoom,route_membership_reads_max,count,0,75000.0
Atlas,1c2e54b3b8df+bench,SVG,instrument-2026-10-07T06-37-50.292Z,mixed-5000-seed-41544c53,zoom,svg_attribute_removals_n,count,0,1
Atlas,1c2e54b3b8df+bench,SVG,instrument-2026-10-07T06-37-50.292Z,mixed-5000-seed-41544c53,zoom,svg_attribute_removals_median,count,0,299900.0
Atlas,1c2e54b3b8df+bench,SVG,instrument-2026-10-07T06-37-50.292Z,mixed-5000-seed-41544c53,zoom,svg_attribute_removals_p95,count,0,299900.0
Atlas,1c2e54b3b8df+bench,SVG,instrument-2026-10-07T06-37-50.292Z,mixed-5000-seed-41544c53,zoom,svg_attribute_removals_max,count,0,299900.0
Atlas,1c2e54b3b8df+bench,SVG,instrument-2026-10-07T06-37-50.292Z,mixed-5000-seed-41544c53,zoom,renderer_calls_n,count,0,1
Atlas,1c2e54b3b8df+bench,SVG,instrument-2026-10-07T06-37-50.292Z,mixed-5000-seed-41544c53,zoom,renderer_calls_median,count,0,25.0
Atlas,1c2e54b3b8df+bench,SVG,instrument-2026-10-07T06-37-50.292Z,mixed-5000-seed-41544c53,zoom,renderer_calls_p95,count,0,25.0
Atlas,1c2e54b3b8df+bench,SVG,instrument-2026-10-07T06-37-50.292Z,mixed-5000-seed-41544c53,zoom,renderer_calls_max,count,0,25.0
Atlas,1c2e54b3b8df+bench,SVG,instrument-2026-10-07T06-37-50.292Z,mixed-5000-seed-41544c53,zoom,layout_rect_reads_n,count,0,1
Atlas,1c2e54b3b8df+bench,SVG,instrument-2026-10-07T06-37-50.292Z,mixed-5000-seed-41544c53,zoom,layout_rect_reads_median,count,0,0.0
Atlas,1c2e54b3b8df+bench,SVG,instrument-2026-10-07T06-37-50.292Z,mixed-5000-seed-41544c53,zoom,layout_rect_reads_p95,count,0,0.0
Atlas,1c2e54b3b8df+bench,SVG,instrument-2026-10-07T06-37-50.292Z,mixed-5000-seed-41544c53,zoom,layout_rect_reads_max,count,0,0.0
Atlas,1c2e54b3b8df+bench,SVG,instrument-2026-10-07T06-37-50.292Z,mixed-5000-seed-41544c53,zoom,instrumented_renderer_callback_ms_n,count,0,25
Atlas,1c2e54b3b8df+bench,SVG,instrument-2026-10-07T06-37-50.292Z,mixed-5000-seed-41544c53,zoom,instrumented_renderer_callback_ms_median,ms,0,16.5
Atlas,1c2e54b3b8df+bench,SVG,instrument-2026-10-07T06-37-50.292Z,mixed-5000-seed-41544c53,zoom,instrumented_renderer_callback_ms_p95,ms,0,18.1
Atlas,1c2e54b3b8df+bench,SVG,instrument-2026-10-07T06-37-50.292Z,mixed-5000-seed-41544c53,zoom,instrumented_renderer_callback_ms_max,ms,0,32.2
Atlas,1c2e54b3b8df+bench,SVG,instrument-2026-10-07T06-37-50.292Z,mixed-5000-seed-41544c53,zoom,cleanup_renderer_calls_n,count,0,1
Atlas,1c2e54b3b8df+bench,SVG,instrument-2026-10-07T06-37-50.292Z,mixed-5000-seed-41544c53,zoom,cleanup_renderer_calls_median,count,0,0.0
Atlas,1c2e54b3b8df+bench,SVG,instrument-2026-10-07T06-37-50.292Z,mixed-5000-seed-41544c53,zoom,cleanup_renderer_calls_p95,count,0,0.0
Atlas,1c2e54b3b8df+bench,SVG,instrument-2026-10-07T06-37-50.292Z,mixed-5000-seed-41544c53,zoom,cleanup_renderer_calls_max,count,0,0.0
Atlas,1c2e54b3b8df+bench,SVG,instrument-2026-10-07T06-37-50.292Z,mixed-5000-seed-41544c53,zoom,cleanup_stage_children_n,count,0,1
Atlas,1c2e54b3b8df+bench,SVG,instrument-2026-10-07T06-37-50.292Z,mixed-5000-seed-41544c53,zoom,cleanup_stage_children_median,count,0,0.0
Atlas,1c2e54b3b8df+bench,SVG,instrument-2026-10-07T06-37-50.292Z,mixed-5000-seed-41544c53,zoom,cleanup_stage_children_p95,count,0,0.0
Atlas,1c2e54b3b8df+bench,SVG,instrument-2026-10-07T06-37-50.292Z,mixed-5000-seed-41544c53,zoom,cleanup_stage_children_max,count,0,0.0
Atlas,1c2e54b3b8df+bench,SVG,instrument-2026-10-07T06-37-50.292Z,mixed-5000-seed-41544c53,hit,spatial_hit_test_sync_ms_n,count,0,200
Atlas,1c2e54b3b8df+bench,SVG,instrument-2026-10-07T06-37-50.292Z,mixed-5000-seed-41544c53,hit,spatial_hit_test_sync_ms_median,ms,0,0.4
Atlas,1c2e54b3b8df+bench,SVG,instrument-2026-10-07T06-37-50.292Z,mixed-5000-seed-41544c53,hit,spatial_hit_test_sync_ms_p95,ms,0,0.5
Atlas,1c2e54b3b8df+bench,SVG,instrument-2026-10-07T06-37-50.292Z,mixed-5000-seed-41544c53,hit,spatial_hit_test_sync_ms_max,ms,0,7.0
Atlas,1c2e54b3b8df+bench,SVG,instrument-2026-10-07T06-37-50.292Z,mixed-5000-seed-41544c53,hit,root_iterator_creations_n,count,0,1
Atlas,1c2e54b3b8df+bench,SVG,instrument-2026-10-07T06-37-50.292Z,mixed-5000-seed-41544c53,hit,root_iterator_creations_median,count,0,201.0
Atlas,1c2e54b3b8df+bench,SVG,instrument-2026-10-07T06-37-50.292Z,mixed-5000-seed-41544c53,hit,root_iterator_creations_p95,count,0,201.0
Atlas,1c2e54b3b8df+bench,SVG,instrument-2026-10-07T06-37-50.292Z,mixed-5000-seed-41544c53,hit,root_iterator_creations_max,count,0,201.0
Atlas,1c2e54b3b8df+bench,SVG,instrument-2026-10-07T06-37-50.292Z,mixed-5000-seed-41544c53,hit,root_iterator_next_calls_n,count,0,1
Atlas,1c2e54b3b8df+bench,SVG,instrument-2026-10-07T06-37-50.292Z,mixed-5000-seed-41544c53,hit,root_iterator_next_calls_median,count,0,1005001.0
Atlas,1c2e54b3b8df+bench,SVG,instrument-2026-10-07T06-37-50.292Z,mixed-5000-seed-41544c53,hit,root_iterator_next_calls_p95,count,0,1005001.0
Atlas,1c2e54b3b8df+bench,SVG,instrument-2026-10-07T06-37-50.292Z,mixed-5000-seed-41544c53,hit,root_iterator_next_calls_max,count,0,1005001.0
Atlas,1c2e54b3b8df+bench,SVG,instrument-2026-10-07T06-37-50.292Z,mixed-5000-seed-41544c53,hit,route_membership_reads_n,count,0,1
Atlas,1c2e54b3b8df+bench,SVG,instrument-2026-10-07T06-37-50.292Z,mixed-5000-seed-41544c53,hit,route_membership_reads_median,count,0,206000.0
Atlas,1c2e54b3b8df+bench,SVG,instrument-2026-10-07T06-37-50.292Z,mixed-5000-seed-41544c53,hit,route_membership_reads_p95,count,0,206000.0
Atlas,1c2e54b3b8df+bench,SVG,instrument-2026-10-07T06-37-50.292Z,mixed-5000-seed-41544c53,hit,route_membership_reads_max,count,0,206000.0
Atlas,1c2e54b3b8df+bench,SVG,instrument-2026-10-07T06-37-50.292Z,mixed-5000-seed-41544c53,hit,layout_rect_reads_n,count,0,1
Atlas,1c2e54b3b8df+bench,SVG,instrument-2026-10-07T06-37-50.292Z,mixed-5000-seed-41544c53,hit,layout_rect_reads_median,count,0,0.0
Atlas,1c2e54b3b8df+bench,SVG,instrument-2026-10-07T06-37-50.292Z,mixed-5000-seed-41544c53,hit,layout_rect_reads_p95,count,0,0.0
Atlas,1c2e54b3b8df+bench,SVG,instrument-2026-10-07T06-37-50.292Z,mixed-5000-seed-41544c53,hit,layout_rect_reads_max,count,0,0.0
Atlas,1c2e54b3b8df+bench,SVG,instrument-2026-10-07T06-37-50.292Z,mixed-5000-seed-41544c53,hit,cleanup_renderer_calls_n,count,0,1
Atlas,1c2e54b3b8df+bench,SVG,instrument-2026-10-07T06-37-50.292Z,mixed-5000-seed-41544c53,hit,cleanup_renderer_calls_median,count,0,0.0
Atlas,1c2e54b3b8df+bench,SVG,instrument-2026-10-07T06-37-50.292Z,mixed-5000-seed-41544c53,hit,cleanup_renderer_calls_p95,count,0,0.0
Atlas,1c2e54b3b8df+bench,SVG,instrument-2026-10-07T06-37-50.292Z,mixed-5000-seed-41544c53,hit,cleanup_renderer_calls_max,count,0,0.0
Atlas,1c2e54b3b8df+bench,SVG,instrument-2026-10-07T06-37-50.292Z,mixed-5000-seed-41544c53,hit,cleanup_stage_children_n,count,0,1
Atlas,1c2e54b3b8df+bench,SVG,instrument-2026-10-07T06-37-50.292Z,mixed-5000-seed-41544c53,hit,cleanup_stage_children_median,count,0,0.0
Atlas,1c2e54b3b8df+bench,SVG,instrument-2026-10-07T06-37-50.292Z,mixed-5000-seed-41544c53,hit,cleanup_stage_children_p95,count,0,0.0
Atlas,1c2e54b3b8df+bench,SVG,instrument-2026-10-07T06-37-50.292Z,mixed-5000-seed-41544c53,hit,cleanup_stage_children_max,count,0,0.0
Atlas,1c2e54b3b8df+bench,SVG,instrument-2026-10-07T06-37-50.292Z,mixed-5000-seed-41544c53,miss,spatial_hit_test_sync_ms_n,count,0,200
Atlas,1c2e54b3b8df+bench,SVG,instrument-2026-10-07T06-37-50.292Z,mixed-5000-seed-41544c53,miss,spatial_hit_test_sync_ms_median,ms,0,4.2
Atlas,1c2e54b3b8df+bench,SVG,instrument-2026-10-07T06-37-50.292Z,mixed-5000-seed-41544c53,miss,spatial_hit_test_sync_ms_p95,ms,0,4.4
Atlas,1c2e54b3b8df+bench,SVG,instrument-2026-10-07T06-37-50.292Z,mixed-5000-seed-41544c53,miss,spatial_hit_test_sync_ms_max,ms,0,9.6
Atlas,1c2e54b3b8df+bench,SVG,instrument-2026-10-07T06-37-50.292Z,mixed-5000-seed-41544c53,miss,root_iterator_creations_n,count,0,1
Atlas,1c2e54b3b8df+bench,SVG,instrument-2026-10-07T06-37-50.292Z,mixed-5000-seed-41544c53,miss,root_iterator_creations_median,count,0,201.0
Atlas,1c2e54b3b8df+bench,SVG,instrument-2026-10-07T06-37-50.292Z,mixed-5000-seed-41544c53,miss,root_iterator_creations_p95,count,0,201.0
Atlas,1c2e54b3b8df+bench,SVG,instrument-2026-10-07T06-37-50.292Z,mixed-5000-seed-41544c53,miss,root_iterator_creations_max,count,0,201.0
Atlas,1c2e54b3b8df+bench,SVG,instrument-2026-10-07T06-37-50.292Z,mixed-5000-seed-41544c53,miss,root_iterator_next_calls_n,count,0,1
Atlas,1c2e54b3b8df+bench,SVG,instrument-2026-10-07T06-37-50.292Z,mixed-5000-seed-41544c53,miss,root_iterator_next_calls_median,count,0,1005001.0
Atlas,1c2e54b3b8df+bench,SVG,instrument-2026-10-07T06-37-50.292Z,mixed-5000-seed-41544c53,miss,root_iterator_next_calls_p95,count,0,1005001.0
Atlas,1c2e54b3b8df+bench,SVG,instrument-2026-10-07T06-37-50.292Z,mixed-5000-seed-41544c53,miss,root_iterator_next_calls_max,count,0,1005001.0
Atlas,1c2e54b3b8df+bench,SVG,instrument-2026-10-07T06-37-50.292Z,mixed-5000-seed-41544c53,miss,route_membership_reads_n,count,0,1
Atlas,1c2e54b3b8df+bench,SVG,instrument-2026-10-07T06-37-50.292Z,mixed-5000-seed-41544c53,miss,route_membership_reads_median,count,0,1602200.0
Atlas,1c2e54b3b8df+bench,SVG,instrument-2026-10-07T06-37-50.292Z,mixed-5000-seed-41544c53,miss,route_membership_reads_p95,count,0,1602200.0
Atlas,1c2e54b3b8df+bench,SVG,instrument-2026-10-07T06-37-50.292Z,mixed-5000-seed-41544c53,miss,route_membership_reads_max,count,0,1602200.0
Atlas,1c2e54b3b8df+bench,SVG,instrument-2026-10-07T06-37-50.292Z,mixed-5000-seed-41544c53,miss,layout_rect_reads_n,count,0,1
Atlas,1c2e54b3b8df+bench,SVG,instrument-2026-10-07T06-37-50.292Z,mixed-5000-seed-41544c53,miss,layout_rect_reads_median,count,0,0.0
Atlas,1c2e54b3b8df+bench,SVG,instrument-2026-10-07T06-37-50.292Z,mixed-5000-seed-41544c53,miss,layout_rect_reads_p95,count,0,0.0
Atlas,1c2e54b3b8df+bench,SVG,instrument-2026-10-07T06-37-50.292Z,mixed-5000-seed-41544c53,miss,layout_rect_reads_max,count,0,0.0
Atlas,1c2e54b3b8df+bench,SVG,instrument-2026-10-07T06-37-50.292Z,mixed-5000-seed-41544c53,miss,cleanup_renderer_calls_n,count,0,1
Atlas,1c2e54b3b8df+bench,SVG,instrument-2026-10-07T06-37-50.292Z,mixed-5000-seed-41544c53,miss,cleanup_renderer_calls_median,count,0,0.0
Atlas,1c2e54b3b8df+bench,SVG,instrument-2026-10-07T06-37-50.292Z,mixed-5000-seed-41544c53,miss,cleanup_renderer_calls_p95,count,0,0.0
Atlas,1c2e54b3b8df+bench,SVG,instrument-2026-10-07T06-37-50.292Z,mixed-5000-seed-41544c53,miss,cleanup_renderer_calls_max,count,0,0.0
Atlas,1c2e54b3b8df+bench,SVG,instrument-2026-10-07T06-37-50.292Z,mixed-5000-seed-41544c53,miss,cleanup_stage_children_n,count,0,1
Atlas,1c2e54b3b8df+bench,SVG,instrument-2026-10-07T06-37-50.292Z,mixed-5000-seed-41544c53,miss,cleanup_stage_children_median,count,0,0.0
Atlas,1c2e54b3b8df+bench,SVG,instrument-2026-10-07T06-37-50.292Z,mixed-5000-seed-41544c53,miss,cleanup_stage_children_p95,count,0,0.0
Atlas,1c2e54b3b8df+bench,SVG,instrument-2026-10-07T06-37-50.292Z,mixed-5000-seed-41544c53,miss,cleanup_stage_children_max,count,0,0.0
Atlas,1c2e54b3b8df+bench,SVG,instrument-2026-10-07T06-37-50.292Z,mixed-5000-seed-41544c53,position-single,operation_sync_ms_n,count,0,1
Atlas,1c2e54b3b8df+bench,SVG,instrument-2026-10-07T06-37-50.292Z,mixed-5000-seed-41544c53,position-single,operation_sync_ms_median,ms,0,0.0
Atlas,1c2e54b3b8df+bench,SVG,instrument-2026-10-07T06-37-50.292Z,mixed-5000-seed-41544c53,position-single,operation_sync_ms_p95,ms,0,0.0
Atlas,1c2e54b3b8df+bench,SVG,instrument-2026-10-07T06-37-50.292Z,mixed-5000-seed-41544c53,position-single,operation_sync_ms_max,ms,0,0.0
Atlas,1c2e54b3b8df+bench,SVG,instrument-2026-10-07T06-37-50.292Z,mixed-5000-seed-41544c53,position-single,operation_to_raf_opportunities_ms_n,count,0,1
Atlas,1c2e54b3b8df+bench,SVG,instrument-2026-10-07T06-37-50.292Z,mixed-5000-seed-41544c53,position-single,operation_to_raf_opportunities_ms_median,ms,0,57.6
Atlas,1c2e54b3b8df+bench,SVG,instrument-2026-10-07T06-37-50.292Z,mixed-5000-seed-41544c53,position-single,operation_to_raf_opportunities_ms_p95,ms,0,57.6
Atlas,1c2e54b3b8df+bench,SVG,instrument-2026-10-07T06-37-50.292Z,mixed-5000-seed-41544c53,position-single,operation_to_raf_opportunities_ms_max,ms,0,57.6
Atlas,1c2e54b3b8df+bench,SVG,instrument-2026-10-07T06-37-50.292Z,mixed-5000-seed-41544c53,position-single,root_iterator_creations_n,count,0,1
Atlas,1c2e54b3b8df+bench,SVG,instrument-2026-10-07T06-37-50.292Z,mixed-5000-seed-41544c53,position-single,root_iterator_creations_median,count,0,2.0
Atlas,1c2e54b3b8df+bench,SVG,instrument-2026-10-07T06-37-50.292Z,mixed-5000-seed-41544c53,position-single,root_iterator_creations_p95,count,0,2.0
Atlas,1c2e54b3b8df+bench,SVG,instrument-2026-10-07T06-37-50.292Z,mixed-5000-seed-41544c53,position-single,root_iterator_creations_max,count,0,2.0
Atlas,1c2e54b3b8df+bench,SVG,instrument-2026-10-07T06-37-50.292Z,mixed-5000-seed-41544c53,position-single,root_iterator_next_calls_n,count,0,1
Atlas,1c2e54b3b8df+bench,SVG,instrument-2026-10-07T06-37-50.292Z,mixed-5000-seed-41544c53,position-single,root_iterator_next_calls_median,count,0,10001.0
Atlas,1c2e54b3b8df+bench,SVG,instrument-2026-10-07T06-37-50.292Z,mixed-5000-seed-41544c53,position-single,root_iterator_next_calls_p95,count,0,10001.0
Atlas,1c2e54b3b8df+bench,SVG,instrument-2026-10-07T06-37-50.292Z,mixed-5000-seed-41544c53,position-single,root_iterator_next_calls_max,count,0,10001.0
Atlas,1c2e54b3b8df+bench,SVG,instrument-2026-10-07T06-37-50.292Z,mixed-5000-seed-41544c53,position-single,svg_attribute_writes_n,count,0,1
Atlas,1c2e54b3b8df+bench,SVG,instrument-2026-10-07T06-37-50.292Z,mixed-5000-seed-41544c53,position-single,svg_attribute_writes_median,count,0,24995.0
Atlas,1c2e54b3b8df+bench,SVG,instrument-2026-10-07T06-37-50.292Z,mixed-5000-seed-41544c53,position-single,svg_attribute_writes_p95,count,0,24995.0
Atlas,1c2e54b3b8df+bench,SVG,instrument-2026-10-07T06-37-50.292Z,mixed-5000-seed-41544c53,position-single,svg_attribute_writes_max,count,0,24995.0
Atlas,1c2e54b3b8df+bench,SVG,instrument-2026-10-07T06-37-50.292Z,mixed-5000-seed-41544c53,position-single,renderer_scene_reads_n,count,0,1
Atlas,1c2e54b3b8df+bench,SVG,instrument-2026-10-07T06-37-50.292Z,mixed-5000-seed-41544c53,position-single,renderer_scene_reads_median,count,0,1.0
Atlas,1c2e54b3b8df+bench,SVG,instrument-2026-10-07T06-37-50.292Z,mixed-5000-seed-41544c53,position-single,renderer_scene_reads_p95,count,0,1.0
Atlas,1c2e54b3b8df+bench,SVG,instrument-2026-10-07T06-37-50.292Z,mixed-5000-seed-41544c53,position-single,renderer_scene_reads_max,count,0,1.0
Atlas,1c2e54b3b8df+bench,SVG,instrument-2026-10-07T06-37-50.292Z,mixed-5000-seed-41544c53,position-single,route_membership_reads_n,count,0,1
Atlas,1c2e54b3b8df+bench,SVG,instrument-2026-10-07T06-37-50.292Z,mixed-5000-seed-41544c53,position-single,route_membership_reads_median,count,0,3000.0
Atlas,1c2e54b3b8df+bench,SVG,instrument-2026-10-07T06-37-50.292Z,mixed-5000-seed-41544c53,position-single,route_membership_reads_p95,count,0,3000.0
Atlas,1c2e54b3b8df+bench,SVG,instrument-2026-10-07T06-37-50.292Z,mixed-5000-seed-41544c53,position-single,route_membership_reads_max,count,0,3000.0
Atlas,1c2e54b3b8df+bench,SVG,instrument-2026-10-07T06-37-50.292Z,mixed-5000-seed-41544c53,position-single,svg_attribute_removals_n,count,0,1
Atlas,1c2e54b3b8df+bench,SVG,instrument-2026-10-07T06-37-50.292Z,mixed-5000-seed-41544c53,position-single,svg_attribute_removals_median,count,0,11996.0
Atlas,1c2e54b3b8df+bench,SVG,instrument-2026-10-07T06-37-50.292Z,mixed-5000-seed-41544c53,position-single,svg_attribute_removals_p95,count,0,11996.0
Atlas,1c2e54b3b8df+bench,SVG,instrument-2026-10-07T06-37-50.292Z,mixed-5000-seed-41544c53,position-single,svg_attribute_removals_max,count,0,11996.0
Atlas,1c2e54b3b8df+bench,SVG,instrument-2026-10-07T06-37-50.292Z,mixed-5000-seed-41544c53,position-single,renderer_calls_n,count,0,1
Atlas,1c2e54b3b8df+bench,SVG,instrument-2026-10-07T06-37-50.292Z,mixed-5000-seed-41544c53,position-single,renderer_calls_median,count,0,1.0
Atlas,1c2e54b3b8df+bench,SVG,instrument-2026-10-07T06-37-50.292Z,mixed-5000-seed-41544c53,position-single,renderer_calls_p95,count,0,1.0
Atlas,1c2e54b3b8df+bench,SVG,instrument-2026-10-07T06-37-50.292Z,mixed-5000-seed-41544c53,position-single,renderer_calls_max,count,0,1.0
Atlas,1c2e54b3b8df+bench,SVG,instrument-2026-10-07T06-37-50.292Z,mixed-5000-seed-41544c53,position-single,layout_rect_reads_n,count,0,1
Atlas,1c2e54b3b8df+bench,SVG,instrument-2026-10-07T06-37-50.292Z,mixed-5000-seed-41544c53,position-single,layout_rect_reads_median,count,0,0.0
Atlas,1c2e54b3b8df+bench,SVG,instrument-2026-10-07T06-37-50.292Z,mixed-5000-seed-41544c53,position-single,layout_rect_reads_p95,count,0,0.0
Atlas,1c2e54b3b8df+bench,SVG,instrument-2026-10-07T06-37-50.292Z,mixed-5000-seed-41544c53,position-single,layout_rect_reads_max,count,0,0.0
Atlas,1c2e54b3b8df+bench,SVG,instrument-2026-10-07T06-37-50.292Z,mixed-5000-seed-41544c53,position-single,instrumented_renderer_callback_ms_n,count,0,1
Atlas,1c2e54b3b8df+bench,SVG,instrument-2026-10-07T06-37-50.292Z,mixed-5000-seed-41544c53,position-single,instrumented_renderer_callback_ms_median,ms,0,15.8
Atlas,1c2e54b3b8df+bench,SVG,instrument-2026-10-07T06-37-50.292Z,mixed-5000-seed-41544c53,position-single,instrumented_renderer_callback_ms_p95,ms,0,15.8
Atlas,1c2e54b3b8df+bench,SVG,instrument-2026-10-07T06-37-50.292Z,mixed-5000-seed-41544c53,position-single,instrumented_renderer_callback_ms_max,ms,0,15.8
Atlas,1c2e54b3b8df+bench,SVG,instrument-2026-10-07T06-37-50.292Z,mixed-5000-seed-41544c53,position-single,cleanup_renderer_calls_n,count,0,1
Atlas,1c2e54b3b8df+bench,SVG,instrument-2026-10-07T06-37-50.292Z,mixed-5000-seed-41544c53,position-single,cleanup_renderer_calls_median,count,0,0.0
Atlas,1c2e54b3b8df+bench,SVG,instrument-2026-10-07T06-37-50.292Z,mixed-5000-seed-41544c53,position-single,cleanup_renderer_calls_p95,count,0,0.0
Atlas,1c2e54b3b8df+bench,SVG,instrument-2026-10-07T06-37-50.292Z,mixed-5000-seed-41544c53,position-single,cleanup_renderer_calls_max,count,0,0.0
Atlas,1c2e54b3b8df+bench,SVG,instrument-2026-10-07T06-37-50.292Z,mixed-5000-seed-41544c53,position-single,cleanup_stage_children_n,count,0,1
Atlas,1c2e54b3b8df+bench,SVG,instrument-2026-10-07T06-37-50.292Z,mixed-5000-seed-41544c53,position-single,cleanup_stage_children_median,count,0,0.0
Atlas,1c2e54b3b8df+bench,SVG,instrument-2026-10-07T06-37-50.292Z,mixed-5000-seed-41544c53,position-single,cleanup_stage_children_p95,count,0,0.0
Atlas,1c2e54b3b8df+bench,SVG,instrument-2026-10-07T06-37-50.292Z,mixed-5000-seed-41544c53,position-single,cleanup_stage_children_max,count,0,0.0
Atlas,1c2e54b3b8df+bench,SVG,instrument-2026-10-07T06-37-50.292Z,mixed-5000-seed-41544c53,position-series,operation_sync_ms_n,count,0,1
Atlas,1c2e54b3b8df+bench,SVG,instrument-2026-10-07T06-37-50.292Z,mixed-5000-seed-41544c53,position-series,operation_sync_ms_median,ms,0,0.1
Atlas,1c2e54b3b8df+bench,SVG,instrument-2026-10-07T06-37-50.292Z,mixed-5000-seed-41544c53,position-series,operation_sync_ms_p95,ms,0,0.1
Atlas,1c2e54b3b8df+bench,SVG,instrument-2026-10-07T06-37-50.292Z,mixed-5000-seed-41544c53,position-series,operation_sync_ms_max,ms,0,0.1
Atlas,1c2e54b3b8df+bench,SVG,instrument-2026-10-07T06-37-50.292Z,mixed-5000-seed-41544c53,position-series,operation_to_raf_opportunities_ms_n,count,0,1
Atlas,1c2e54b3b8df+bench,SVG,instrument-2026-10-07T06-37-50.292Z,mixed-5000-seed-41544c53,position-series,operation_to_raf_opportunities_ms_median,ms,0,77.1
Atlas,1c2e54b3b8df+bench,SVG,instrument-2026-10-07T06-37-50.292Z,mixed-5000-seed-41544c53,position-series,operation_to_raf_opportunities_ms_p95,ms,0,77.1
Atlas,1c2e54b3b8df+bench,SVG,instrument-2026-10-07T06-37-50.292Z,mixed-5000-seed-41544c53,position-series,operation_to_raf_opportunities_ms_max,ms,0,77.1
Atlas,1c2e54b3b8df+bench,SVG,instrument-2026-10-07T06-37-50.292Z,mixed-5000-seed-41544c53,position-series,root_iterator_creations_n,count,0,1
Atlas,1c2e54b3b8df+bench,SVG,instrument-2026-10-07T06-37-50.292Z,mixed-5000-seed-41544c53,position-series,root_iterator_creations_median,count,0,2.0
Atlas,1c2e54b3b8df+bench,SVG,instrument-2026-10-07T06-37-50.292Z,mixed-5000-seed-41544c53,position-series,root_iterator_creations_p95,count,0,2.0
Atlas,1c2e54b3b8df+bench,SVG,instrument-2026-10-07T06-37-50.292Z,mixed-5000-seed-41544c53,position-series,root_iterator_creations_max,count,0,2.0
Atlas,1c2e54b3b8df+bench,SVG,instrument-2026-10-07T06-37-50.292Z,mixed-5000-seed-41544c53,position-series,root_iterator_next_calls_n,count,0,1
Atlas,1c2e54b3b8df+bench,SVG,instrument-2026-10-07T06-37-50.292Z,mixed-5000-seed-41544c53,position-series,root_iterator_next_calls_median,count,0,10001.0
Atlas,1c2e54b3b8df+bench,SVG,instrument-2026-10-07T06-37-50.292Z,mixed-5000-seed-41544c53,position-series,root_iterator_next_calls_p95,count,0,10001.0
Atlas,1c2e54b3b8df+bench,SVG,instrument-2026-10-07T06-37-50.292Z,mixed-5000-seed-41544c53,position-series,root_iterator_next_calls_max,count,0,10001.0
Atlas,1c2e54b3b8df+bench,SVG,instrument-2026-10-07T06-37-50.292Z,mixed-5000-seed-41544c53,position-series,route_membership_reads_n,count,0,1
Atlas,1c2e54b3b8df+bench,SVG,instrument-2026-10-07T06-37-50.292Z,mixed-5000-seed-41544c53,position-series,route_membership_reads_median,count,0,3020.0
Atlas,1c2e54b3b8df+bench,SVG,instrument-2026-10-07T06-37-50.292Z,mixed-5000-seed-41544c53,position-series,route_membership_reads_p95,count,0,3020.0
Atlas,1c2e54b3b8df+bench,SVG,instrument-2026-10-07T06-37-50.292Z,mixed-5000-seed-41544c53,position-series,route_membership_reads_max,count,0,3020.0
Atlas,1c2e54b3b8df+bench,SVG,instrument-2026-10-07T06-37-50.292Z,mixed-5000-seed-41544c53,position-series,svg_attribute_writes_n,count,0,1
Atlas,1c2e54b3b8df+bench,SVG,instrument-2026-10-07T06-37-50.292Z,mixed-5000-seed-41544c53,position-series,svg_attribute_writes_median,count,0,24995.0
Atlas,1c2e54b3b8df+bench,SVG,instrument-2026-10-07T06-37-50.292Z,mixed-5000-seed-41544c53,position-series,svg_attribute_writes_p95,count,0,24995.0
Atlas,1c2e54b3b8df+bench,SVG,instrument-2026-10-07T06-37-50.292Z,mixed-5000-seed-41544c53,position-series,svg_attribute_writes_max,count,0,24995.0
Atlas,1c2e54b3b8df+bench,SVG,instrument-2026-10-07T06-37-50.292Z,mixed-5000-seed-41544c53,position-series,renderer_scene_reads_n,count,0,1
Atlas,1c2e54b3b8df+bench,SVG,instrument-2026-10-07T06-37-50.292Z,mixed-5000-seed-41544c53,position-series,renderer_scene_reads_median,count,0,1.0
Atlas,1c2e54b3b8df+bench,SVG,instrument-2026-10-07T06-37-50.292Z,mixed-5000-seed-41544c53,position-series,renderer_scene_reads_p95,count,0,1.0
Atlas,1c2e54b3b8df+bench,SVG,instrument-2026-10-07T06-37-50.292Z,mixed-5000-seed-41544c53,position-series,renderer_scene_reads_max,count,0,1.0
Atlas,1c2e54b3b8df+bench,SVG,instrument-2026-10-07T06-37-50.292Z,mixed-5000-seed-41544c53,position-series,svg_attribute_removals_n,count,0,1
Atlas,1c2e54b3b8df+bench,SVG,instrument-2026-10-07T06-37-50.292Z,mixed-5000-seed-41544c53,position-series,svg_attribute_removals_median,count,0,11996.0
Atlas,1c2e54b3b8df+bench,SVG,instrument-2026-10-07T06-37-50.292Z,mixed-5000-seed-41544c53,position-series,svg_attribute_removals_p95,count,0,11996.0
Atlas,1c2e54b3b8df+bench,SVG,instrument-2026-10-07T06-37-50.292Z,mixed-5000-seed-41544c53,position-series,svg_attribute_removals_max,count,0,11996.0
Atlas,1c2e54b3b8df+bench,SVG,instrument-2026-10-07T06-37-50.292Z,mixed-5000-seed-41544c53,position-series,renderer_calls_n,count,0,1
Atlas,1c2e54b3b8df+bench,SVG,instrument-2026-10-07T06-37-50.292Z,mixed-5000-seed-41544c53,position-series,renderer_calls_median,count,0,1.0
Atlas,1c2e54b3b8df+bench,SVG,instrument-2026-10-07T06-37-50.292Z,mixed-5000-seed-41544c53,position-series,renderer_calls_p95,count,0,1.0
Atlas,1c2e54b3b8df+bench,SVG,instrument-2026-10-07T06-37-50.292Z,mixed-5000-seed-41544c53,position-series,renderer_calls_max,count,0,1.0
Atlas,1c2e54b3b8df+bench,SVG,instrument-2026-10-07T06-37-50.292Z,mixed-5000-seed-41544c53,position-series,layout_rect_reads_n,count,0,1
Atlas,1c2e54b3b8df+bench,SVG,instrument-2026-10-07T06-37-50.292Z,mixed-5000-seed-41544c53,position-series,layout_rect_reads_median,count,0,0.0
Atlas,1c2e54b3b8df+bench,SVG,instrument-2026-10-07T06-37-50.292Z,mixed-5000-seed-41544c53,position-series,layout_rect_reads_p95,count,0,0.0
Atlas,1c2e54b3b8df+bench,SVG,instrument-2026-10-07T06-37-50.292Z,mixed-5000-seed-41544c53,position-series,layout_rect_reads_max,count,0,0.0
Atlas,1c2e54b3b8df+bench,SVG,instrument-2026-10-07T06-37-50.292Z,mixed-5000-seed-41544c53,position-series,instrumented_renderer_callback_ms_n,count,0,1
Atlas,1c2e54b3b8df+bench,SVG,instrument-2026-10-07T06-37-50.292Z,mixed-5000-seed-41544c53,position-series,instrumented_renderer_callback_ms_median,ms,0,29.8
Atlas,1c2e54b3b8df+bench,SVG,instrument-2026-10-07T06-37-50.292Z,mixed-5000-seed-41544c53,position-series,instrumented_renderer_callback_ms_p95,ms,0,29.8
Atlas,1c2e54b3b8df+bench,SVG,instrument-2026-10-07T06-37-50.292Z,mixed-5000-seed-41544c53,position-series,instrumented_renderer_callback_ms_max,ms,0,29.8
Atlas,1c2e54b3b8df+bench,SVG,instrument-2026-10-07T06-37-50.292Z,mixed-5000-seed-41544c53,position-series,cleanup_renderer_calls_n,count,0,1
Atlas,1c2e54b3b8df+bench,SVG,instrument-2026-10-07T06-37-50.292Z,mixed-5000-seed-41544c53,position-series,cleanup_renderer_calls_median,count,0,0.0
Atlas,1c2e54b3b8df+bench,SVG,instrument-2026-10-07T06-37-50.292Z,mixed-5000-seed-41544c53,position-series,cleanup_renderer_calls_p95,count,0,0.0
Atlas,1c2e54b3b8df+bench,SVG,instrument-2026-10-07T06-37-50.292Z,mixed-5000-seed-41544c53,position-series,cleanup_renderer_calls_max,count,0,0.0
Atlas,1c2e54b3b8df+bench,SVG,instrument-2026-10-07T06-37-50.292Z,mixed-5000-seed-41544c53,position-series,cleanup_stage_children_n,count,0,1
Atlas,1c2e54b3b8df+bench,SVG,instrument-2026-10-07T06-37-50.292Z,mixed-5000-seed-41544c53,position-series,cleanup_stage_children_median,count,0,0.0
Atlas,1c2e54b3b8df+bench,SVG,instrument-2026-10-07T06-37-50.292Z,mixed-5000-seed-41544c53,position-series,cleanup_stage_children_p95,count,0,0.0
Atlas,1c2e54b3b8df+bench,SVG,instrument-2026-10-07T06-37-50.292Z,mixed-5000-seed-41544c53,position-series,cleanup_stage_children_max,count,0,0.0
Atlas,1c2e54b3b8df+bench,SVG,instrument-2026-10-07T06-37-50.292Z,mixed-5000-seed-41544c53,add-100,operation_sync_ms_n,count,0,1
Atlas,1c2e54b3b8df+bench,SVG,instrument-2026-10-07T06-37-50.292Z,mixed-5000-seed-41544c53,add-100,operation_sync_ms_median,ms,0,54.1
Atlas,1c2e54b3b8df+bench,SVG,instrument-2026-10-07T06-37-50.292Z,mixed-5000-seed-41544c53,add-100,operation_sync_ms_p95,ms,0,54.1
Atlas,1c2e54b3b8df+bench,SVG,instrument-2026-10-07T06-37-50.292Z,mixed-5000-seed-41544c53,add-100,operation_sync_ms_max,ms,0,54.1
Atlas,1c2e54b3b8df+bench,SVG,instrument-2026-10-07T06-37-50.292Z,mixed-5000-seed-41544c53,add-100,cumulative_operation_ms_n,count,0,1
Atlas,1c2e54b3b8df+bench,SVG,instrument-2026-10-07T06-37-50.292Z,mixed-5000-seed-41544c53,add-100,cumulative_operation_ms_median,ms,0,54.1
Atlas,1c2e54b3b8df+bench,SVG,instrument-2026-10-07T06-37-50.292Z,mixed-5000-seed-41544c53,add-100,cumulative_operation_ms_p95,ms,0,54.1
Atlas,1c2e54b3b8df+bench,SVG,instrument-2026-10-07T06-37-50.292Z,mixed-5000-seed-41544c53,add-100,cumulative_operation_ms_max,ms,0,54.1
Atlas,1c2e54b3b8df+bench,SVG,instrument-2026-10-07T06-37-50.292Z,mixed-5000-seed-41544c53,add-100,operation_to_raf_opportunities_ms_n,count,0,1
Atlas,1c2e54b3b8df+bench,SVG,instrument-2026-10-07T06-37-50.292Z,mixed-5000-seed-41544c53,add-100,operation_to_raf_opportunities_ms_median,ms,0,112.5
Atlas,1c2e54b3b8df+bench,SVG,instrument-2026-10-07T06-37-50.292Z,mixed-5000-seed-41544c53,add-100,operation_to_raf_opportunities_ms_p95,ms,0,112.5
Atlas,1c2e54b3b8df+bench,SVG,instrument-2026-10-07T06-37-50.292Z,mixed-5000-seed-41544c53,add-100,operation_to_raf_opportunities_ms_max,ms,0,112.5
Atlas,1c2e54b3b8df+bench,SVG,instrument-2026-10-07T06-37-50.292Z,mixed-5000-seed-41544c53,add-100,root_iterator_creations_n,count,0,1
Atlas,1c2e54b3b8df+bench,SVG,instrument-2026-10-07T06-37-50.292Z,mixed-5000-seed-41544c53,add-100,root_iterator_creations_median,count,0,103.0
Atlas,1c2e54b3b8df+bench,SVG,instrument-2026-10-07T06-37-50.292Z,mixed-5000-seed-41544c53,add-100,root_iterator_creations_p95,count,0,103.0
Atlas,1c2e54b3b8df+bench,SVG,instrument-2026-10-07T06-37-50.292Z,mixed-5000-seed-41544c53,add-100,root_iterator_creations_max,count,0,103.0
Atlas,1c2e54b3b8df+bench,SVG,instrument-2026-10-07T06-37-50.292Z,mixed-5000-seed-41544c53,add-100,root_iterator_next_calls_n,count,0,1
Atlas,1c2e54b3b8df+bench,SVG,instrument-2026-10-07T06-37-50.292Z,mixed-5000-seed-41544c53,add-100,root_iterator_next_calls_median,count,0,515152.0
Atlas,1c2e54b3b8df+bench,SVG,instrument-2026-10-07T06-37-50.292Z,mixed-5000-seed-41544c53,add-100,root_iterator_next_calls_p95,count,0,515152.0
Atlas,1c2e54b3b8df+bench,SVG,instrument-2026-10-07T06-37-50.292Z,mixed-5000-seed-41544c53,add-100,root_iterator_next_calls_max,count,0,515152.0
Atlas,1c2e54b3b8df+bench,SVG,instrument-2026-10-07T06-37-50.292Z,mixed-5000-seed-41544c53,add-100,svg_attribute_writes_n,count,0,1
Atlas,1c2e54b3b8df+bench,SVG,instrument-2026-10-07T06-37-50.292Z,mixed-5000-seed-41544c53,add-100,svg_attribute_writes_median,count,0,25795.0
Atlas,1c2e54b3b8df+bench,SVG,instrument-2026-10-07T06-37-50.292Z,mixed-5000-seed-41544c53,add-100,svg_attribute_writes_p95,count,0,25795.0
Atlas,1c2e54b3b8df+bench,SVG,instrument-2026-10-07T06-37-50.292Z,mixed-5000-seed-41544c53,add-100,svg_attribute_writes_max,count,0,25795.0
Atlas,1c2e54b3b8df+bench,SVG,instrument-2026-10-07T06-37-50.292Z,mixed-5000-seed-41544c53,add-100,renderer_scene_reads_n,count,0,1
Atlas,1c2e54b3b8df+bench,SVG,instrument-2026-10-07T06-37-50.292Z,mixed-5000-seed-41544c53,add-100,renderer_scene_reads_median,count,0,1.0
Atlas,1c2e54b3b8df+bench,SVG,instrument-2026-10-07T06-37-50.292Z,mixed-5000-seed-41544c53,add-100,renderer_scene_reads_p95,count,0,1.0
Atlas,1c2e54b3b8df+bench,SVG,instrument-2026-10-07T06-37-50.292Z,mixed-5000-seed-41544c53,add-100,renderer_scene_reads_max,count,0,1.0
Atlas,1c2e54b3b8df+bench,SVG,instrument-2026-10-07T06-37-50.292Z,mixed-5000-seed-41544c53,add-100,route_membership_reads_n,count,0,1
Atlas,1c2e54b3b8df+bench,SVG,instrument-2026-10-07T06-37-50.292Z,mixed-5000-seed-41544c53,add-100,route_membership_reads_median,count,0,4000.0
Atlas,1c2e54b3b8df+bench,SVG,instrument-2026-10-07T06-37-50.292Z,mixed-5000-seed-41544c53,add-100,route_membership_reads_p95,count,0,4000.0
Atlas,1c2e54b3b8df+bench,SVG,instrument-2026-10-07T06-37-50.292Z,mixed-5000-seed-41544c53,add-100,route_membership_reads_max,count,0,4000.0
Atlas,1c2e54b3b8df+bench,SVG,instrument-2026-10-07T06-37-50.292Z,mixed-5000-seed-41544c53,add-100,renderer_scene_membership_changes_n,count,0,1
Atlas,1c2e54b3b8df+bench,SVG,instrument-2026-10-07T06-37-50.292Z,mixed-5000-seed-41544c53,add-100,renderer_scene_membership_changes_median,count,0,1.0
Atlas,1c2e54b3b8df+bench,SVG,instrument-2026-10-07T06-37-50.292Z,mixed-5000-seed-41544c53,add-100,renderer_scene_membership_changes_p95,count,0,1.0
Atlas,1c2e54b3b8df+bench,SVG,instrument-2026-10-07T06-37-50.292Z,mixed-5000-seed-41544c53,add-100,renderer_scene_membership_changes_max,count,0,1.0
Atlas,1c2e54b3b8df+bench,SVG,instrument-2026-10-07T06-37-50.292Z,mixed-5000-seed-41544c53,add-100,svg_attribute_removals_n,count,0,1
Atlas,1c2e54b3b8df+bench,SVG,instrument-2026-10-07T06-37-50.292Z,mixed-5000-seed-41544c53,add-100,svg_attribute_removals_median,count,0,12096.0
Atlas,1c2e54b3b8df+bench,SVG,instrument-2026-10-07T06-37-50.292Z,mixed-5000-seed-41544c53,add-100,svg_attribute_removals_p95,count,0,12096.0
Atlas,1c2e54b3b8df+bench,SVG,instrument-2026-10-07T06-37-50.292Z,mixed-5000-seed-41544c53,add-100,svg_attribute_removals_max,count,0,12096.0
Atlas,1c2e54b3b8df+bench,SVG,instrument-2026-10-07T06-37-50.292Z,mixed-5000-seed-41544c53,add-100,renderer_calls_n,count,0,1
Atlas,1c2e54b3b8df+bench,SVG,instrument-2026-10-07T06-37-50.292Z,mixed-5000-seed-41544c53,add-100,renderer_calls_median,count,0,1.0
Atlas,1c2e54b3b8df+bench,SVG,instrument-2026-10-07T06-37-50.292Z,mixed-5000-seed-41544c53,add-100,renderer_calls_p95,count,0,1.0
Atlas,1c2e54b3b8df+bench,SVG,instrument-2026-10-07T06-37-50.292Z,mixed-5000-seed-41544c53,add-100,renderer_calls_max,count,0,1.0
Atlas,1c2e54b3b8df+bench,SVG,instrument-2026-10-07T06-37-50.292Z,mixed-5000-seed-41544c53,add-100,layout_rect_reads_n,count,0,1
Atlas,1c2e54b3b8df+bench,SVG,instrument-2026-10-07T06-37-50.292Z,mixed-5000-seed-41544c53,add-100,layout_rect_reads_median,count,0,0.0
Atlas,1c2e54b3b8df+bench,SVG,instrument-2026-10-07T06-37-50.292Z,mixed-5000-seed-41544c53,add-100,layout_rect_reads_p95,count,0,0.0
Atlas,1c2e54b3b8df+bench,SVG,instrument-2026-10-07T06-37-50.292Z,mixed-5000-seed-41544c53,add-100,layout_rect_reads_max,count,0,0.0
Atlas,1c2e54b3b8df+bench,SVG,instrument-2026-10-07T06-37-50.292Z,mixed-5000-seed-41544c53,add-100,instrumented_renderer_callback_ms_n,count,0,1
Atlas,1c2e54b3b8df+bench,SVG,instrument-2026-10-07T06-37-50.292Z,mixed-5000-seed-41544c53,add-100,instrumented_renderer_callback_ms_median,ms,0,18.2
Atlas,1c2e54b3b8df+bench,SVG,instrument-2026-10-07T06-37-50.292Z,mixed-5000-seed-41544c53,add-100,instrumented_renderer_callback_ms_p95,ms,0,18.2
Atlas,1c2e54b3b8df+bench,SVG,instrument-2026-10-07T06-37-50.292Z,mixed-5000-seed-41544c53,add-100,instrumented_renderer_callback_ms_max,ms,0,18.2
Atlas,1c2e54b3b8df+bench,SVG,instrument-2026-10-07T06-37-50.292Z,mixed-5000-seed-41544c53,add-100,cleanup_renderer_calls_n,count,0,1
Atlas,1c2e54b3b8df+bench,SVG,instrument-2026-10-07T06-37-50.292Z,mixed-5000-seed-41544c53,add-100,cleanup_renderer_calls_median,count,0,0.0
Atlas,1c2e54b3b8df+bench,SVG,instrument-2026-10-07T06-37-50.292Z,mixed-5000-seed-41544c53,add-100,cleanup_renderer_calls_p95,count,0,0.0
Atlas,1c2e54b3b8df+bench,SVG,instrument-2026-10-07T06-37-50.292Z,mixed-5000-seed-41544c53,add-100,cleanup_renderer_calls_max,count,0,0.0
Atlas,1c2e54b3b8df+bench,SVG,instrument-2026-10-07T06-37-50.292Z,mixed-5000-seed-41544c53,add-100,cleanup_stage_children_n,count,0,1
Atlas,1c2e54b3b8df+bench,SVG,instrument-2026-10-07T06-37-50.292Z,mixed-5000-seed-41544c53,add-100,cleanup_stage_children_median,count,0,0.0
Atlas,1c2e54b3b8df+bench,SVG,instrument-2026-10-07T06-37-50.292Z,mixed-5000-seed-41544c53,add-100,cleanup_stage_children_p95,count,0,0.0
Atlas,1c2e54b3b8df+bench,SVG,instrument-2026-10-07T06-37-50.292Z,mixed-5000-seed-41544c53,add-100,cleanup_stage_children_max,count,0,0.0
Atlas,1c2e54b3b8df+bench,SVG,instrument-2026-10-07T06-37-50.292Z,mixed-5000-seed-41544c53,add-500,operation_sync_ms_n,count,0,1
Atlas,1c2e54b3b8df+bench,SVG,instrument-2026-10-07T06-37-50.292Z,mixed-5000-seed-41544c53,add-500,operation_sync_ms_median,ms,0,223.8
Atlas,1c2e54b3b8df+bench,SVG,instrument-2026-10-07T06-37-50.292Z,mixed-5000-seed-41544c53,add-500,operation_sync_ms_p95,ms,0,223.8
Atlas,1c2e54b3b8df+bench,SVG,instrument-2026-10-07T06-37-50.292Z,mixed-5000-seed-41544c53,add-500,operation_sync_ms_max,ms,0,223.8
Atlas,1c2e54b3b8df+bench,SVG,instrument-2026-10-07T06-37-50.292Z,mixed-5000-seed-41544c53,add-500,cumulative_operation_ms_n,count,0,5
Atlas,1c2e54b3b8df+bench,SVG,instrument-2026-10-07T06-37-50.292Z,mixed-5000-seed-41544c53,add-500,cumulative_operation_ms_median,ms,0,138.1
Atlas,1c2e54b3b8df+bench,SVG,instrument-2026-10-07T06-37-50.292Z,mixed-5000-seed-41544c53,add-500,cumulative_operation_ms_p95,ms,0,223.8
Atlas,1c2e54b3b8df+bench,SVG,instrument-2026-10-07T06-37-50.292Z,mixed-5000-seed-41544c53,add-500,cumulative_operation_ms_max,ms,0,223.8
Atlas,1c2e54b3b8df+bench,SVG,instrument-2026-10-07T06-37-50.292Z,mixed-5000-seed-41544c53,add-500,operation_to_raf_opportunities_ms_n,count,0,1
Atlas,1c2e54b3b8df+bench,SVG,instrument-2026-10-07T06-37-50.292Z,mixed-5000-seed-41544c53,add-500,operation_to_raf_opportunities_ms_median,ms,0,286.2
Atlas,1c2e54b3b8df+bench,SVG,instrument-2026-10-07T06-37-50.292Z,mixed-5000-seed-41544c53,add-500,operation_to_raf_opportunities_ms_p95,ms,0,286.2
Atlas,1c2e54b3b8df+bench,SVG,instrument-2026-10-07T06-37-50.292Z,mixed-5000-seed-41544c53,add-500,operation_to_raf_opportunities_ms_max,ms,0,286.2
Atlas,1c2e54b3b8df+bench,SVG,instrument-2026-10-07T06-37-50.292Z,mixed-5000-seed-41544c53,add-500,root_iterator_creations_n,count,0,1
Atlas,1c2e54b3b8df+bench,SVG,instrument-2026-10-07T06-37-50.292Z,mixed-5000-seed-41544c53,add-500,root_iterator_creations_median,count,0,503.0
Atlas,1c2e54b3b8df+bench,SVG,instrument-2026-10-07T06-37-50.292Z,mixed-5000-seed-41544c53,add-500,root_iterator_creations_p95,count,0,503.0
Atlas,1c2e54b3b8df+bench,SVG,instrument-2026-10-07T06-37-50.292Z,mixed-5000-seed-41544c53,add-500,root_iterator_creations_max,count,0,503.0
Atlas,1c2e54b3b8df+bench,SVG,instrument-2026-10-07T06-37-50.292Z,mixed-5000-seed-41544c53,add-500,root_iterator_next_calls_n,count,0,1
Atlas,1c2e54b3b8df+bench,SVG,instrument-2026-10-07T06-37-50.292Z,mixed-5000-seed-41544c53,add-500,root_iterator_next_calls_median,count,0,2635752.0
Atlas,1c2e54b3b8df+bench,SVG,instrument-2026-10-07T06-37-50.292Z,mixed-5000-seed-41544c53,add-500,root_iterator_next_calls_p95,count,0,2635752.0
Atlas,1c2e54b3b8df+bench,SVG,instrument-2026-10-07T06-37-50.292Z,mixed-5000-seed-41544c53,add-500,root_iterator_next_calls_max,count,0,2635752.0
Atlas,1c2e54b3b8df+bench,SVG,instrument-2026-10-07T06-37-50.292Z,mixed-5000-seed-41544c53,add-500,svg_attribute_writes_n,count,0,1
Atlas,1c2e54b3b8df+bench,SVG,instrument-2026-10-07T06-37-50.292Z,mixed-5000-seed-41544c53,add-500,svg_attribute_writes_median,count,0,28995.0
Atlas,1c2e54b3b8df+bench,SVG,instrument-2026-10-07T06-37-50.292Z,mixed-5000-seed-41544c53,add-500,svg_attribute_writes_p95,count,0,28995.0
Atlas,1c2e54b3b8df+bench,SVG,instrument-2026-10-07T06-37-50.292Z,mixed-5000-seed-41544c53,add-500,svg_attribute_writes_max,count,0,28995.0
Atlas,1c2e54b3b8df+bench,SVG,instrument-2026-10-07T06-37-50.292Z,mixed-5000-seed-41544c53,add-500,renderer_scene_reads_n,count,0,1
Atlas,1c2e54b3b8df+bench,SVG,instrument-2026-10-07T06-37-50.292Z,mixed-5000-seed-41544c53,add-500,renderer_scene_reads_median,count,0,1.0
Atlas,1c2e54b3b8df+bench,SVG,instrument-2026-10-07T06-37-50.292Z,mixed-5000-seed-41544c53,add-500,renderer_scene_reads_p95,count,0,1.0
Atlas,1c2e54b3b8df+bench,SVG,instrument-2026-10-07T06-37-50.292Z,mixed-5000-seed-41544c53,add-500,renderer_scene_reads_max,count,0,1.0
Atlas,1c2e54b3b8df+bench,SVG,instrument-2026-10-07T06-37-50.292Z,mixed-5000-seed-41544c53,add-500,route_membership_reads_n,count,0,1
Atlas,1c2e54b3b8df+bench,SVG,instrument-2026-10-07T06-37-50.292Z,mixed-5000-seed-41544c53,add-500,route_membership_reads_median,count,0,4000.0
Atlas,1c2e54b3b8df+bench,SVG,instrument-2026-10-07T06-37-50.292Z,mixed-5000-seed-41544c53,add-500,route_membership_reads_p95,count,0,4000.0
Atlas,1c2e54b3b8df+bench,SVG,instrument-2026-10-07T06-37-50.292Z,mixed-5000-seed-41544c53,add-500,route_membership_reads_max,count,0,4000.0
Atlas,1c2e54b3b8df+bench,SVG,instrument-2026-10-07T06-37-50.292Z,mixed-5000-seed-41544c53,add-500,renderer_scene_membership_changes_n,count,0,1
Atlas,1c2e54b3b8df+bench,SVG,instrument-2026-10-07T06-37-50.292Z,mixed-5000-seed-41544c53,add-500,renderer_scene_membership_changes_median,count,0,1.0
Atlas,1c2e54b3b8df+bench,SVG,instrument-2026-10-07T06-37-50.292Z,mixed-5000-seed-41544c53,add-500,renderer_scene_membership_changes_p95,count,0,1.0
Atlas,1c2e54b3b8df+bench,SVG,instrument-2026-10-07T06-37-50.292Z,mixed-5000-seed-41544c53,add-500,renderer_scene_membership_changes_max,count,0,1.0
Atlas,1c2e54b3b8df+bench,SVG,instrument-2026-10-07T06-37-50.292Z,mixed-5000-seed-41544c53,add-500,svg_attribute_removals_n,count,0,1
Atlas,1c2e54b3b8df+bench,SVG,instrument-2026-10-07T06-37-50.292Z,mixed-5000-seed-41544c53,add-500,svg_attribute_removals_median,count,0,12496.0
Atlas,1c2e54b3b8df+bench,SVG,instrument-2026-10-07T06-37-50.292Z,mixed-5000-seed-41544c53,add-500,svg_attribute_removals_p95,count,0,12496.0
Atlas,1c2e54b3b8df+bench,SVG,instrument-2026-10-07T06-37-50.292Z,mixed-5000-seed-41544c53,add-500,svg_attribute_removals_max,count,0,12496.0
Atlas,1c2e54b3b8df+bench,SVG,instrument-2026-10-07T06-37-50.292Z,mixed-5000-seed-41544c53,add-500,renderer_calls_n,count,0,1
Atlas,1c2e54b3b8df+bench,SVG,instrument-2026-10-07T06-37-50.292Z,mixed-5000-seed-41544c53,add-500,renderer_calls_median,count,0,1.0
Atlas,1c2e54b3b8df+bench,SVG,instrument-2026-10-07T06-37-50.292Z,mixed-5000-seed-41544c53,add-500,renderer_calls_p95,count,0,1.0
Atlas,1c2e54b3b8df+bench,SVG,instrument-2026-10-07T06-37-50.292Z,mixed-5000-seed-41544c53,add-500,renderer_calls_max,count,0,1.0
Atlas,1c2e54b3b8df+bench,SVG,instrument-2026-10-07T06-37-50.292Z,mixed-5000-seed-41544c53,add-500,layout_rect_reads_n,count,0,1
Atlas,1c2e54b3b8df+bench,SVG,instrument-2026-10-07T06-37-50.292Z,mixed-5000-seed-41544c53,add-500,layout_rect_reads_median,count,0,0.0
Atlas,1c2e54b3b8df+bench,SVG,instrument-2026-10-07T06-37-50.292Z,mixed-5000-seed-41544c53,add-500,layout_rect_reads_p95,count,0,0.0
Atlas,1c2e54b3b8df+bench,SVG,instrument-2026-10-07T06-37-50.292Z,mixed-5000-seed-41544c53,add-500,layout_rect_reads_max,count,0,0.0
Atlas,1c2e54b3b8df+bench,SVG,instrument-2026-10-07T06-37-50.292Z,mixed-5000-seed-41544c53,add-500,instrumented_renderer_callback_ms_n,count,0,1
Atlas,1c2e54b3b8df+bench,SVG,instrument-2026-10-07T06-37-50.292Z,mixed-5000-seed-41544c53,add-500,instrumented_renderer_callback_ms_median,ms,0,19.1
Atlas,1c2e54b3b8df+bench,SVG,instrument-2026-10-07T06-37-50.292Z,mixed-5000-seed-41544c53,add-500,instrumented_renderer_callback_ms_p95,ms,0,19.1
Atlas,1c2e54b3b8df+bench,SVG,instrument-2026-10-07T06-37-50.292Z,mixed-5000-seed-41544c53,add-500,instrumented_renderer_callback_ms_max,ms,0,19.1
Atlas,1c2e54b3b8df+bench,SVG,instrument-2026-10-07T06-37-50.292Z,mixed-5000-seed-41544c53,add-500,cleanup_renderer_calls_n,count,0,1
Atlas,1c2e54b3b8df+bench,SVG,instrument-2026-10-07T06-37-50.292Z,mixed-5000-seed-41544c53,add-500,cleanup_renderer_calls_median,count,0,0.0
Atlas,1c2e54b3b8df+bench,SVG,instrument-2026-10-07T06-37-50.292Z,mixed-5000-seed-41544c53,add-500,cleanup_renderer_calls_p95,count,0,0.0
Atlas,1c2e54b3b8df+bench,SVG,instrument-2026-10-07T06-37-50.292Z,mixed-5000-seed-41544c53,add-500,cleanup_renderer_calls_max,count,0,0.0
Atlas,1c2e54b3b8df+bench,SVG,instrument-2026-10-07T06-37-50.292Z,mixed-5000-seed-41544c53,add-500,cleanup_stage_children_n,count,0,1
Atlas,1c2e54b3b8df+bench,SVG,instrument-2026-10-07T06-37-50.292Z,mixed-5000-seed-41544c53,add-500,cleanup_stage_children_median,count,0,0.0
Atlas,1c2e54b3b8df+bench,SVG,instrument-2026-10-07T06-37-50.292Z,mixed-5000-seed-41544c53,add-500,cleanup_stage_children_p95,count,0,0.0
Atlas,1c2e54b3b8df+bench,SVG,instrument-2026-10-07T06-37-50.292Z,mixed-5000-seed-41544c53,add-500,cleanup_stage_children_max,count,0,0.0
Atlas,1c2e54b3b8df+bench,SVG,instrument-2026-10-07T06-37-50.292Z,mixed-5000-seed-41544c53,add-1000,operation_sync_ms_n,count,0,1
Atlas,1c2e54b3b8df+bench,SVG,instrument-2026-10-07T06-37-50.292Z,mixed-5000-seed-41544c53,add-1000,operation_sync_ms_median,ms,0,454.0
Atlas,1c2e54b3b8df+bench,SVG,instrument-2026-10-07T06-37-50.292Z,mixed-5000-seed-41544c53,add-1000,operation_sync_ms_p95,ms,0,454.0
Atlas,1c2e54b3b8df+bench,SVG,instrument-2026-10-07T06-37-50.292Z,mixed-5000-seed-41544c53,add-1000,operation_sync_ms_max,ms,0,454.0
Atlas,1c2e54b3b8df+bench,SVG,instrument-2026-10-07T06-37-50.292Z,mixed-5000-seed-41544c53,add-1000,cumulative_operation_ms_n,count,0,10
Atlas,1c2e54b3b8df+bench,SVG,instrument-2026-10-07T06-37-50.292Z,mixed-5000-seed-41544c53,add-1000,cumulative_operation_ms_median,ms,0,242.5
Atlas,1c2e54b3b8df+bench,SVG,instrument-2026-10-07T06-37-50.292Z,mixed-5000-seed-41544c53,add-1000,cumulative_operation_ms_p95,ms,0,454.0
Atlas,1c2e54b3b8df+bench,SVG,instrument-2026-10-07T06-37-50.292Z,mixed-5000-seed-41544c53,add-1000,cumulative_operation_ms_max,ms,0,454.0
Atlas,1c2e54b3b8df+bench,SVG,instrument-2026-10-07T06-37-50.292Z,mixed-5000-seed-41544c53,add-1000,operation_to_raf_opportunities_ms_n,count,0,1
Atlas,1c2e54b3b8df+bench,SVG,instrument-2026-10-07T06-37-50.292Z,mixed-5000-seed-41544c53,add-1000,operation_to_raf_opportunities_ms_median,ms,0,519.6
Atlas,1c2e54b3b8df+bench,SVG,instrument-2026-10-07T06-37-50.292Z,mixed-5000-seed-41544c53,add-1000,operation_to_raf_opportunities_ms_p95,ms,0,519.6
Atlas,1c2e54b3b8df+bench,SVG,instrument-2026-10-07T06-37-50.292Z,mixed-5000-seed-41544c53,add-1000,operation_to_raf_opportunities_ms_max,ms,0,519.6
Atlas,1c2e54b3b8df+bench,SVG,instrument-2026-10-07T06-37-50.292Z,mixed-5000-seed-41544c53,add-1000,root_iterator_creations_n,count,0,1
Atlas,1c2e54b3b8df+bench,SVG,instrument-2026-10-07T06-37-50.292Z,mixed-5000-seed-41544c53,add-1000,root_iterator_creations_median,count,0,1003.0
Atlas,1c2e54b3b8df+bench,SVG,instrument-2026-10-07T06-37-50.292Z,mixed-5000-seed-41544c53,add-1000,root_iterator_creations_p95,count,0,1003.0
Atlas,1c2e54b3b8df+bench,SVG,instrument-2026-10-07T06-37-50.292Z,mixed-5000-seed-41544c53,add-1000,root_iterator_creations_max,count,0,1003.0
Atlas,1c2e54b3b8df+bench,SVG,instrument-2026-10-07T06-37-50.292Z,mixed-5000-seed-41544c53,add-1000,root_iterator_next_calls_n,count,0,1
Atlas,1c2e54b3b8df+bench,SVG,instrument-2026-10-07T06-37-50.292Z,mixed-5000-seed-41544c53,add-1000,root_iterator_next_calls_median,count,0,5511502.0
Atlas,1c2e54b3b8df+bench,SVG,instrument-2026-10-07T06-37-50.292Z,mixed-5000-seed-41544c53,add-1000,root_iterator_next_calls_p95,count,0,5511502.0
Atlas,1c2e54b3b8df+bench,SVG,instrument-2026-10-07T06-37-50.292Z,mixed-5000-seed-41544c53,add-1000,root_iterator_next_calls_max,count,0,5511502.0
Atlas,1c2e54b3b8df+bench,SVG,instrument-2026-10-07T06-37-50.292Z,mixed-5000-seed-41544c53,add-1000,svg_attribute_writes_n,count,0,1
Atlas,1c2e54b3b8df+bench,SVG,instrument-2026-10-07T06-37-50.292Z,mixed-5000-seed-41544c53,add-1000,svg_attribute_writes_median,count,0,32995.0
Atlas,1c2e54b3b8df+bench,SVG,instrument-2026-10-07T06-37-50.292Z,mixed-5000-seed-41544c53,add-1000,svg_attribute_writes_p95,count,0,32995.0
Atlas,1c2e54b3b8df+bench,SVG,instrument-2026-10-07T06-37-50.292Z,mixed-5000-seed-41544c53,add-1000,svg_attribute_writes_max,count,0,32995.0
Atlas,1c2e54b3b8df+bench,SVG,instrument-2026-10-07T06-37-50.292Z,mixed-5000-seed-41544c53,add-1000,renderer_scene_reads_n,count,0,1
Atlas,1c2e54b3b8df+bench,SVG,instrument-2026-10-07T06-37-50.292Z,mixed-5000-seed-41544c53,add-1000,renderer_scene_reads_median,count,0,1.0
Atlas,1c2e54b3b8df+bench,SVG,instrument-2026-10-07T06-37-50.292Z,mixed-5000-seed-41544c53,add-1000,renderer_scene_reads_p95,count,0,1.0
Atlas,1c2e54b3b8df+bench,SVG,instrument-2026-10-07T06-37-50.292Z,mixed-5000-seed-41544c53,add-1000,renderer_scene_reads_max,count,0,1.0
Atlas,1c2e54b3b8df+bench,SVG,instrument-2026-10-07T06-37-50.292Z,mixed-5000-seed-41544c53,add-1000,route_membership_reads_n,count,0,1
Atlas,1c2e54b3b8df+bench,SVG,instrument-2026-10-07T06-37-50.292Z,mixed-5000-seed-41544c53,add-1000,route_membership_reads_median,count,0,4000.0
Atlas,1c2e54b3b8df+bench,SVG,instrument-2026-10-07T06-37-50.292Z,mixed-5000-seed-41544c53,add-1000,route_membership_reads_p95,count,0,4000.0
Atlas,1c2e54b3b8df+bench,SVG,instrument-2026-10-07T06-37-50.292Z,mixed-5000-seed-41544c53,add-1000,route_membership_reads_max,count,0,4000.0
Atlas,1c2e54b3b8df+bench,SVG,instrument-2026-10-07T06-37-50.292Z,mixed-5000-seed-41544c53,add-1000,renderer_scene_membership_changes_n,count,0,1
Atlas,1c2e54b3b8df+bench,SVG,instrument-2026-10-07T06-37-50.292Z,mixed-5000-seed-41544c53,add-1000,renderer_scene_membership_changes_median,count,0,1.0
Atlas,1c2e54b3b8df+bench,SVG,instrument-2026-10-07T06-37-50.292Z,mixed-5000-seed-41544c53,add-1000,renderer_scene_membership_changes_p95,count,0,1.0
Atlas,1c2e54b3b8df+bench,SVG,instrument-2026-10-07T06-37-50.292Z,mixed-5000-seed-41544c53,add-1000,renderer_scene_membership_changes_max,count,0,1.0
Atlas,1c2e54b3b8df+bench,SVG,instrument-2026-10-07T06-37-50.292Z,mixed-5000-seed-41544c53,add-1000,svg_attribute_removals_n,count,0,1
Atlas,1c2e54b3b8df+bench,SVG,instrument-2026-10-07T06-37-50.292Z,mixed-5000-seed-41544c53,add-1000,svg_attribute_removals_median,count,0,12996.0
Atlas,1c2e54b3b8df+bench,SVG,instrument-2026-10-07T06-37-50.292Z,mixed-5000-seed-41544c53,add-1000,svg_attribute_removals_p95,count,0,12996.0
Atlas,1c2e54b3b8df+bench,SVG,instrument-2026-10-07T06-37-50.292Z,mixed-5000-seed-41544c53,add-1000,svg_attribute_removals_max,count,0,12996.0
Atlas,1c2e54b3b8df+bench,SVG,instrument-2026-10-07T06-37-50.292Z,mixed-5000-seed-41544c53,add-1000,renderer_calls_n,count,0,1
Atlas,1c2e54b3b8df+bench,SVG,instrument-2026-10-07T06-37-50.292Z,mixed-5000-seed-41544c53,add-1000,renderer_calls_median,count,0,1.0
Atlas,1c2e54b3b8df+bench,SVG,instrument-2026-10-07T06-37-50.292Z,mixed-5000-seed-41544c53,add-1000,renderer_calls_p95,count,0,1.0
Atlas,1c2e54b3b8df+bench,SVG,instrument-2026-10-07T06-37-50.292Z,mixed-5000-seed-41544c53,add-1000,renderer_calls_max,count,0,1.0
Atlas,1c2e54b3b8df+bench,SVG,instrument-2026-10-07T06-37-50.292Z,mixed-5000-seed-41544c53,add-1000,layout_rect_reads_n,count,0,1
Atlas,1c2e54b3b8df+bench,SVG,instrument-2026-10-07T06-37-50.292Z,mixed-5000-seed-41544c53,add-1000,layout_rect_reads_median,count,0,0.0
Atlas,1c2e54b3b8df+bench,SVG,instrument-2026-10-07T06-37-50.292Z,mixed-5000-seed-41544c53,add-1000,layout_rect_reads_p95,count,0,0.0
Atlas,1c2e54b3b8df+bench,SVG,instrument-2026-10-07T06-37-50.292Z,mixed-5000-seed-41544c53,add-1000,layout_rect_reads_max,count,0,0.0
Atlas,1c2e54b3b8df+bench,SVG,instrument-2026-10-07T06-37-50.292Z,mixed-5000-seed-41544c53,add-1000,instrumented_renderer_callback_ms_n,count,0,1
Atlas,1c2e54b3b8df+bench,SVG,instrument-2026-10-07T06-37-50.292Z,mixed-5000-seed-41544c53,add-1000,instrumented_renderer_callback_ms_median,ms,0,19.4
Atlas,1c2e54b3b8df+bench,SVG,instrument-2026-10-07T06-37-50.292Z,mixed-5000-seed-41544c53,add-1000,instrumented_renderer_callback_ms_p95,ms,0,19.4
Atlas,1c2e54b3b8df+bench,SVG,instrument-2026-10-07T06-37-50.292Z,mixed-5000-seed-41544c53,add-1000,instrumented_renderer_callback_ms_max,ms,0,19.4
Atlas,1c2e54b3b8df+bench,SVG,instrument-2026-10-07T06-37-50.292Z,mixed-5000-seed-41544c53,add-1000,cleanup_renderer_calls_n,count,0,1
Atlas,1c2e54b3b8df+bench,SVG,instrument-2026-10-07T06-37-50.292Z,mixed-5000-seed-41544c53,add-1000,cleanup_renderer_calls_median,count,0,0.0
Atlas,1c2e54b3b8df+bench,SVG,instrument-2026-10-07T06-37-50.292Z,mixed-5000-seed-41544c53,add-1000,cleanup_renderer_calls_p95,count,0,0.0
Atlas,1c2e54b3b8df+bench,SVG,instrument-2026-10-07T06-37-50.292Z,mixed-5000-seed-41544c53,add-1000,cleanup_renderer_calls_max,count,0,0.0
Atlas,1c2e54b3b8df+bench,SVG,instrument-2026-10-07T06-37-50.292Z,mixed-5000-seed-41544c53,add-1000,cleanup_stage_children_n,count,0,1
Atlas,1c2e54b3b8df+bench,SVG,instrument-2026-10-07T06-37-50.292Z,mixed-5000-seed-41544c53,add-1000,cleanup_stage_children_median,count,0,0.0
Atlas,1c2e54b3b8df+bench,SVG,instrument-2026-10-07T06-37-50.292Z,mixed-5000-seed-41544c53,add-1000,cleanup_stage_children_p95,count,0,0.0
Atlas,1c2e54b3b8df+bench,SVG,instrument-2026-10-07T06-37-50.292Z,mixed-5000-seed-41544c53,add-1000,cleanup_stage_children_max,count,0,0.0
Atlas,1c2e54b3b8df+bench,SVG,instrument-2026-10-07T06-37-50.292Z,mixed-5000-seed-41544c53,remove-100,operation_sync_ms_n,count,0,1
Atlas,1c2e54b3b8df+bench,SVG,instrument-2026-10-07T06-37-50.292Z,mixed-5000-seed-41544c53,remove-100,operation_sync_ms_median,ms,0,57.4
Atlas,1c2e54b3b8df+bench,SVG,instrument-2026-10-07T06-37-50.292Z,mixed-5000-seed-41544c53,remove-100,operation_sync_ms_p95,ms,0,57.4
Atlas,1c2e54b3b8df+bench,SVG,instrument-2026-10-07T06-37-50.292Z,mixed-5000-seed-41544c53,remove-100,operation_sync_ms_max,ms,0,57.4
Atlas,1c2e54b3b8df+bench,SVG,instrument-2026-10-07T06-37-50.292Z,mixed-5000-seed-41544c53,remove-100,cumulative_operation_ms_n,count,0,1
Atlas,1c2e54b3b8df+bench,SVG,instrument-2026-10-07T06-37-50.292Z,mixed-5000-seed-41544c53,remove-100,cumulative_operation_ms_median,ms,0,57.4
Atlas,1c2e54b3b8df+bench,SVG,instrument-2026-10-07T06-37-50.292Z,mixed-5000-seed-41544c53,remove-100,cumulative_operation_ms_p95,ms,0,57.4
Atlas,1c2e54b3b8df+bench,SVG,instrument-2026-10-07T06-37-50.292Z,mixed-5000-seed-41544c53,remove-100,cumulative_operation_ms_max,ms,0,57.4
Atlas,1c2e54b3b8df+bench,SVG,instrument-2026-10-07T06-37-50.292Z,mixed-5000-seed-41544c53,remove-100,operation_to_raf_opportunities_ms_n,count,0,1
Atlas,1c2e54b3b8df+bench,SVG,instrument-2026-10-07T06-37-50.292Z,mixed-5000-seed-41544c53,remove-100,operation_to_raf_opportunities_ms_median,ms,0,113.2
Atlas,1c2e54b3b8df+bench,SVG,instrument-2026-10-07T06-37-50.292Z,mixed-5000-seed-41544c53,remove-100,operation_to_raf_opportunities_ms_p95,ms,0,113.2
Atlas,1c2e54b3b8df+bench,SVG,instrument-2026-10-07T06-37-50.292Z,mixed-5000-seed-41544c53,remove-100,operation_to_raf_opportunities_ms_max,ms,0,113.2
Atlas,1c2e54b3b8df+bench,SVG,instrument-2026-10-07T06-37-50.292Z,mixed-5000-seed-41544c53,remove-100,root_iterator_creations_n,count,0,1
Atlas,1c2e54b3b8df+bench,SVG,instrument-2026-10-07T06-37-50.292Z,mixed-5000-seed-41544c53,remove-100,root_iterator_creations_median,count,0,103.0
Atlas,1c2e54b3b8df+bench,SVG,instrument-2026-10-07T06-37-50.292Z,mixed-5000-seed-41544c53,remove-100,root_iterator_creations_p95,count,0,103.0
Atlas,1c2e54b3b8df+bench,SVG,instrument-2026-10-07T06-37-50.292Z,mixed-5000-seed-41544c53,remove-100,root_iterator_creations_max,count,0,103.0
Atlas,1c2e54b3b8df+bench,SVG,instrument-2026-10-07T06-37-50.292Z,mixed-5000-seed-41544c53,remove-100,root_iterator_next_calls_n,count,0,1
Atlas,1c2e54b3b8df+bench,SVG,instrument-2026-10-07T06-37-50.292Z,mixed-5000-seed-41544c53,remove-100,root_iterator_next_calls_median,count,0,504952.0
Atlas,1c2e54b3b8df+bench,SVG,instrument-2026-10-07T06-37-50.292Z,mixed-5000-seed-41544c53,remove-100,root_iterator_next_calls_p95,count,0,504952.0
Atlas,1c2e54b3b8df+bench,SVG,instrument-2026-10-07T06-37-50.292Z,mixed-5000-seed-41544c53,remove-100,root_iterator_next_calls_max,count,0,504952.0
Atlas,1c2e54b3b8df+bench,SVG,instrument-2026-10-07T06-37-50.292Z,mixed-5000-seed-41544c53,remove-100,svg_attribute_writes_n,count,0,1
Atlas,1c2e54b3b8df+bench,SVG,instrument-2026-10-07T06-37-50.292Z,mixed-5000-seed-41544c53,remove-100,svg_attribute_writes_median,count,0,24505.0
Atlas,1c2e54b3b8df+bench,SVG,instrument-2026-10-07T06-37-50.292Z,mixed-5000-seed-41544c53,remove-100,svg_attribute_writes_p95,count,0,24505.0
Atlas,1c2e54b3b8df+bench,SVG,instrument-2026-10-07T06-37-50.292Z,mixed-5000-seed-41544c53,remove-100,svg_attribute_writes_max,count,0,24505.0
Atlas,1c2e54b3b8df+bench,SVG,instrument-2026-10-07T06-37-50.292Z,mixed-5000-seed-41544c53,remove-100,renderer_scene_reads_n,count,0,1
Atlas,1c2e54b3b8df+bench,SVG,instrument-2026-10-07T06-37-50.292Z,mixed-5000-seed-41544c53,remove-100,renderer_scene_reads_median,count,0,1.0
Atlas,1c2e54b3b8df+bench,SVG,instrument-2026-10-07T06-37-50.292Z,mixed-5000-seed-41544c53,remove-100,renderer_scene_reads_p95,count,0,1.0
Atlas,1c2e54b3b8df+bench,SVG,instrument-2026-10-07T06-37-50.292Z,mixed-5000-seed-41544c53,remove-100,renderer_scene_reads_max,count,0,1.0
Atlas,1c2e54b3b8df+bench,SVG,instrument-2026-10-07T06-37-50.292Z,mixed-5000-seed-41544c53,remove-100,route_membership_reads_n,count,0,1
Atlas,1c2e54b3b8df+bench,SVG,instrument-2026-10-07T06-37-50.292Z,mixed-5000-seed-41544c53,remove-100,route_membership_reads_median,count,0,3920.0
Atlas,1c2e54b3b8df+bench,SVG,instrument-2026-10-07T06-37-50.292Z,mixed-5000-seed-41544c53,remove-100,route_membership_reads_p95,count,0,3920.0
Atlas,1c2e54b3b8df+bench,SVG,instrument-2026-10-07T06-37-50.292Z,mixed-5000-seed-41544c53,remove-100,route_membership_reads_max,count,0,3920.0
Atlas,1c2e54b3b8df+bench,SVG,instrument-2026-10-07T06-37-50.292Z,mixed-5000-seed-41544c53,remove-100,renderer_scene_membership_changes_n,count,0,1
Atlas,1c2e54b3b8df+bench,SVG,instrument-2026-10-07T06-37-50.292Z,mixed-5000-seed-41544c53,remove-100,renderer_scene_membership_changes_median,count,0,1.0
Atlas,1c2e54b3b8df+bench,SVG,instrument-2026-10-07T06-37-50.292Z,mixed-5000-seed-41544c53,remove-100,renderer_scene_membership_changes_p95,count,0,1.0
Atlas,1c2e54b3b8df+bench,SVG,instrument-2026-10-07T06-37-50.292Z,mixed-5000-seed-41544c53,remove-100,renderer_scene_membership_changes_max,count,0,1.0
Atlas,1c2e54b3b8df+bench,SVG,instrument-2026-10-07T06-37-50.292Z,mixed-5000-seed-41544c53,remove-100,svg_attribute_removals_n,count,0,1
Atlas,1c2e54b3b8df+bench,SVG,instrument-2026-10-07T06-37-50.292Z,mixed-5000-seed-41544c53,remove-100,svg_attribute_removals_median,count,0,11761.0
Atlas,1c2e54b3b8df+bench,SVG,instrument-2026-10-07T06-37-50.292Z,mixed-5000-seed-41544c53,remove-100,svg_attribute_removals_p95,count,0,11761.0
Atlas,1c2e54b3b8df+bench,SVG,instrument-2026-10-07T06-37-50.292Z,mixed-5000-seed-41544c53,remove-100,svg_attribute_removals_max,count,0,11761.0
Atlas,1c2e54b3b8df+bench,SVG,instrument-2026-10-07T06-37-50.292Z,mixed-5000-seed-41544c53,remove-100,renderer_calls_n,count,0,1
Atlas,1c2e54b3b8df+bench,SVG,instrument-2026-10-07T06-37-50.292Z,mixed-5000-seed-41544c53,remove-100,renderer_calls_median,count,0,1.0
Atlas,1c2e54b3b8df+bench,SVG,instrument-2026-10-07T06-37-50.292Z,mixed-5000-seed-41544c53,remove-100,renderer_calls_p95,count,0,1.0
Atlas,1c2e54b3b8df+bench,SVG,instrument-2026-10-07T06-37-50.292Z,mixed-5000-seed-41544c53,remove-100,renderer_calls_max,count,0,1.0
Atlas,1c2e54b3b8df+bench,SVG,instrument-2026-10-07T06-37-50.292Z,mixed-5000-seed-41544c53,remove-100,layout_rect_reads_n,count,0,1
Atlas,1c2e54b3b8df+bench,SVG,instrument-2026-10-07T06-37-50.292Z,mixed-5000-seed-41544c53,remove-100,layout_rect_reads_median,count,0,0.0
Atlas,1c2e54b3b8df+bench,SVG,instrument-2026-10-07T06-37-50.292Z,mixed-5000-seed-41544c53,remove-100,layout_rect_reads_p95,count,0,0.0
Atlas,1c2e54b3b8df+bench,SVG,instrument-2026-10-07T06-37-50.292Z,mixed-5000-seed-41544c53,remove-100,layout_rect_reads_max,count,0,0.0
Atlas,1c2e54b3b8df+bench,SVG,instrument-2026-10-07T06-37-50.292Z,mixed-5000-seed-41544c53,remove-100,instrumented_renderer_callback_ms_n,count,0,1
Atlas,1c2e54b3b8df+bench,SVG,instrument-2026-10-07T06-37-50.292Z,mixed-5000-seed-41544c53,remove-100,instrumented_renderer_callback_ms_median,ms,0,18.4
Atlas,1c2e54b3b8df+bench,SVG,instrument-2026-10-07T06-37-50.292Z,mixed-5000-seed-41544c53,remove-100,instrumented_renderer_callback_ms_p95,ms,0,18.4
Atlas,1c2e54b3b8df+bench,SVG,instrument-2026-10-07T06-37-50.292Z,mixed-5000-seed-41544c53,remove-100,instrumented_renderer_callback_ms_max,ms,0,18.4
Atlas,1c2e54b3b8df+bench,SVG,instrument-2026-10-07T06-37-50.292Z,mixed-5000-seed-41544c53,remove-100,cleanup_renderer_calls_n,count,0,1
Atlas,1c2e54b3b8df+bench,SVG,instrument-2026-10-07T06-37-50.292Z,mixed-5000-seed-41544c53,remove-100,cleanup_renderer_calls_median,count,0,0.0
Atlas,1c2e54b3b8df+bench,SVG,instrument-2026-10-07T06-37-50.292Z,mixed-5000-seed-41544c53,remove-100,cleanup_renderer_calls_p95,count,0,0.0
Atlas,1c2e54b3b8df+bench,SVG,instrument-2026-10-07T06-37-50.292Z,mixed-5000-seed-41544c53,remove-100,cleanup_renderer_calls_max,count,0,0.0
Atlas,1c2e54b3b8df+bench,SVG,instrument-2026-10-07T06-37-50.292Z,mixed-5000-seed-41544c53,remove-100,cleanup_stage_children_n,count,0,1
Atlas,1c2e54b3b8df+bench,SVG,instrument-2026-10-07T06-37-50.292Z,mixed-5000-seed-41544c53,remove-100,cleanup_stage_children_median,count,0,0.0
Atlas,1c2e54b3b8df+bench,SVG,instrument-2026-10-07T06-37-50.292Z,mixed-5000-seed-41544c53,remove-100,cleanup_stage_children_p95,count,0,0.0
Atlas,1c2e54b3b8df+bench,SVG,instrument-2026-10-07T06-37-50.292Z,mixed-5000-seed-41544c53,remove-100,cleanup_stage_children_max,count,0,0.0
Atlas,1c2e54b3b8df+bench,SVG,instrument-2026-10-07T06-37-50.292Z,mixed-5000-seed-41544c53,remove-500,operation_sync_ms_n,count,0,1
Atlas,1c2e54b3b8df+bench,SVG,instrument-2026-10-07T06-37-50.292Z,mixed-5000-seed-41544c53,remove-500,operation_sync_ms_median,ms,0,225.1
Atlas,1c2e54b3b8df+bench,SVG,instrument-2026-10-07T06-37-50.292Z,mixed-5000-seed-41544c53,remove-500,operation_sync_ms_p95,ms,0,225.1
Atlas,1c2e54b3b8df+bench,SVG,instrument-2026-10-07T06-37-50.292Z,mixed-5000-seed-41544c53,remove-500,operation_sync_ms_max,ms,0,225.1
Atlas,1c2e54b3b8df+bench,SVG,instrument-2026-10-07T06-37-50.292Z,mixed-5000-seed-41544c53,remove-500,cumulative_operation_ms_n,count,0,5
Atlas,1c2e54b3b8df+bench,SVG,instrument-2026-10-07T06-37-50.292Z,mixed-5000-seed-41544c53,remove-500,cumulative_operation_ms_median,ms,0,143.5
Atlas,1c2e54b3b8df+bench,SVG,instrument-2026-10-07T06-37-50.292Z,mixed-5000-seed-41544c53,remove-500,cumulative_operation_ms_p95,ms,0,225.1
Atlas,1c2e54b3b8df+bench,SVG,instrument-2026-10-07T06-37-50.292Z,mixed-5000-seed-41544c53,remove-500,cumulative_operation_ms_max,ms,0,225.1
Atlas,1c2e54b3b8df+bench,SVG,instrument-2026-10-07T06-37-50.292Z,mixed-5000-seed-41544c53,remove-500,operation_to_raf_opportunities_ms_n,count,0,1
Atlas,1c2e54b3b8df+bench,SVG,instrument-2026-10-07T06-37-50.292Z,mixed-5000-seed-41544c53,remove-500,operation_to_raf_opportunities_ms_median,ms,0,284.4
Atlas,1c2e54b3b8df+bench,SVG,instrument-2026-10-07T06-37-50.292Z,mixed-5000-seed-41544c53,remove-500,operation_to_raf_opportunities_ms_p95,ms,0,284.4
Atlas,1c2e54b3b8df+bench,SVG,instrument-2026-10-07T06-37-50.292Z,mixed-5000-seed-41544c53,remove-500,operation_to_raf_opportunities_ms_max,ms,0,284.4
Atlas,1c2e54b3b8df+bench,SVG,instrument-2026-10-07T06-37-50.292Z,mixed-5000-seed-41544c53,remove-500,root_iterator_creations_n,count,0,1
Atlas,1c2e54b3b8df+bench,SVG,instrument-2026-10-07T06-37-50.292Z,mixed-5000-seed-41544c53,remove-500,root_iterator_creations_median,count,0,503.0
Atlas,1c2e54b3b8df+bench,SVG,instrument-2026-10-07T06-37-50.292Z,mixed-5000-seed-41544c53,remove-500,root_iterator_creations_p95,count,0,503.0
Atlas,1c2e54b3b8df+bench,SVG,instrument-2026-10-07T06-37-50.292Z,mixed-5000-seed-41544c53,remove-500,root_iterator_creations_max,count,0,503.0
Atlas,1c2e54b3b8df+bench,SVG,instrument-2026-10-07T06-37-50.292Z,mixed-5000-seed-41544c53,remove-500,root_iterator_next_calls_n,count,0,1
Atlas,1c2e54b3b8df+bench,SVG,instrument-2026-10-07T06-37-50.292Z,mixed-5000-seed-41544c53,remove-500,root_iterator_next_calls_median,count,0,2384752.0
Atlas,1c2e54b3b8df+bench,SVG,instrument-2026-10-07T06-37-50.292Z,mixed-5000-seed-41544c53,remove-500,root_iterator_next_calls_p95,count,0,2384752.0
Atlas,1c2e54b3b8df+bench,SVG,instrument-2026-10-07T06-37-50.292Z,mixed-5000-seed-41544c53,remove-500,root_iterator_next_calls_max,count,0,2384752.0
Atlas,1c2e54b3b8df+bench,SVG,instrument-2026-10-07T06-37-50.292Z,mixed-5000-seed-41544c53,remove-500,svg_attribute_writes_n,count,0,1
Atlas,1c2e54b3b8df+bench,SVG,instrument-2026-10-07T06-37-50.292Z,mixed-5000-seed-41544c53,remove-500,svg_attribute_writes_median,count,0,22503.0
Atlas,1c2e54b3b8df+bench,SVG,instrument-2026-10-07T06-37-50.292Z,mixed-5000-seed-41544c53,remove-500,svg_attribute_writes_p95,count,0,22503.0
Atlas,1c2e54b3b8df+bench,SVG,instrument-2026-10-07T06-37-50.292Z,mixed-5000-seed-41544c53,remove-500,svg_attribute_writes_max,count,0,22503.0
Atlas,1c2e54b3b8df+bench,SVG,instrument-2026-10-07T06-37-50.292Z,mixed-5000-seed-41544c53,remove-500,renderer_scene_reads_n,count,0,1
Atlas,1c2e54b3b8df+bench,SVG,instrument-2026-10-07T06-37-50.292Z,mixed-5000-seed-41544c53,remove-500,renderer_scene_reads_median,count,0,1.0
Atlas,1c2e54b3b8df+bench,SVG,instrument-2026-10-07T06-37-50.292Z,mixed-5000-seed-41544c53,remove-500,renderer_scene_reads_p95,count,0,1.0
Atlas,1c2e54b3b8df+bench,SVG,instrument-2026-10-07T06-37-50.292Z,mixed-5000-seed-41544c53,remove-500,renderer_scene_reads_max,count,0,1.0
Atlas,1c2e54b3b8df+bench,SVG,instrument-2026-10-07T06-37-50.292Z,mixed-5000-seed-41544c53,remove-500,route_membership_reads_n,count,0,1
Atlas,1c2e54b3b8df+bench,SVG,instrument-2026-10-07T06-37-50.292Z,mixed-5000-seed-41544c53,remove-500,route_membership_reads_median,count,0,3600.0
Atlas,1c2e54b3b8df+bench,SVG,instrument-2026-10-07T06-37-50.292Z,mixed-5000-seed-41544c53,remove-500,route_membership_reads_p95,count,0,3600.0
Atlas,1c2e54b3b8df+bench,SVG,instrument-2026-10-07T06-37-50.292Z,mixed-5000-seed-41544c53,remove-500,route_membership_reads_max,count,0,3600.0
Atlas,1c2e54b3b8df+bench,SVG,instrument-2026-10-07T06-37-50.292Z,mixed-5000-seed-41544c53,remove-500,renderer_scene_membership_changes_n,count,0,1
Atlas,1c2e54b3b8df+bench,SVG,instrument-2026-10-07T06-37-50.292Z,mixed-5000-seed-41544c53,remove-500,renderer_scene_membership_changes_median,count,0,1.0
Atlas,1c2e54b3b8df+bench,SVG,instrument-2026-10-07T06-37-50.292Z,mixed-5000-seed-41544c53,remove-500,renderer_scene_membership_changes_p95,count,0,1.0
Atlas,1c2e54b3b8df+bench,SVG,instrument-2026-10-07T06-37-50.292Z,mixed-5000-seed-41544c53,remove-500,renderer_scene_membership_changes_max,count,0,1.0
Atlas,1c2e54b3b8df+bench,SVG,instrument-2026-10-07T06-37-50.292Z,mixed-5000-seed-41544c53,remove-500,svg_attribute_removals_n,count,0,1
Atlas,1c2e54b3b8df+bench,SVG,instrument-2026-10-07T06-37-50.292Z,mixed-5000-seed-41544c53,remove-500,svg_attribute_removals_median,count,0,10800.0
Atlas,1c2e54b3b8df+bench,SVG,instrument-2026-10-07T06-37-50.292Z,mixed-5000-seed-41544c53,remove-500,svg_attribute_removals_p95,count,0,10800.0
Atlas,1c2e54b3b8df+bench,SVG,instrument-2026-10-07T06-37-50.292Z,mixed-5000-seed-41544c53,remove-500,svg_attribute_removals_max,count,0,10800.0
Atlas,1c2e54b3b8df+bench,SVG,instrument-2026-10-07T06-37-50.292Z,mixed-5000-seed-41544c53,remove-500,renderer_calls_n,count,0,1
Atlas,1c2e54b3b8df+bench,SVG,instrument-2026-10-07T06-37-50.292Z,mixed-5000-seed-41544c53,remove-500,renderer_calls_median,count,0,1.0
Atlas,1c2e54b3b8df+bench,SVG,instrument-2026-10-07T06-37-50.292Z,mixed-5000-seed-41544c53,remove-500,renderer_calls_p95,count,0,1.0
Atlas,1c2e54b3b8df+bench,SVG,instrument-2026-10-07T06-37-50.292Z,mixed-5000-seed-41544c53,remove-500,renderer_calls_max,count,0,1.0
Atlas,1c2e54b3b8df+bench,SVG,instrument-2026-10-07T06-37-50.292Z,mixed-5000-seed-41544c53,remove-500,layout_rect_reads_n,count,0,1
Atlas,1c2e54b3b8df+bench,SVG,instrument-2026-10-07T06-37-50.292Z,mixed-5000-seed-41544c53,remove-500,layout_rect_reads_median,count,0,0.0
Atlas,1c2e54b3b8df+bench,SVG,instrument-2026-10-07T06-37-50.292Z,mixed-5000-seed-41544c53,remove-500,layout_rect_reads_p95,count,0,0.0
Atlas,1c2e54b3b8df+bench,SVG,instrument-2026-10-07T06-37-50.292Z,mixed-5000-seed-41544c53,remove-500,layout_rect_reads_max,count,0,0.0
Atlas,1c2e54b3b8df+bench,SVG,instrument-2026-10-07T06-37-50.292Z,mixed-5000-seed-41544c53,remove-500,instrumented_renderer_callback_ms_n,count,0,1
Atlas,1c2e54b3b8df+bench,SVG,instrument-2026-10-07T06-37-50.292Z,mixed-5000-seed-41544c53,remove-500,instrumented_renderer_callback_ms_median,ms,0,15.8
Atlas,1c2e54b3b8df+bench,SVG,instrument-2026-10-07T06-37-50.292Z,mixed-5000-seed-41544c53,remove-500,instrumented_renderer_callback_ms_p95,ms,0,15.8
Atlas,1c2e54b3b8df+bench,SVG,instrument-2026-10-07T06-37-50.292Z,mixed-5000-seed-41544c53,remove-500,instrumented_renderer_callback_ms_max,ms,0,15.8
Atlas,1c2e54b3b8df+bench,SVG,instrument-2026-10-07T06-37-50.292Z,mixed-5000-seed-41544c53,remove-500,cleanup_renderer_calls_n,count,0,1
Atlas,1c2e54b3b8df+bench,SVG,instrument-2026-10-07T06-37-50.292Z,mixed-5000-seed-41544c53,remove-500,cleanup_renderer_calls_median,count,0,0.0
Atlas,1c2e54b3b8df+bench,SVG,instrument-2026-10-07T06-37-50.292Z,mixed-5000-seed-41544c53,remove-500,cleanup_renderer_calls_p95,count,0,0.0
Atlas,1c2e54b3b8df+bench,SVG,instrument-2026-10-07T06-37-50.292Z,mixed-5000-seed-41544c53,remove-500,cleanup_renderer_calls_max,count,0,0.0
Atlas,1c2e54b3b8df+bench,SVG,instrument-2026-10-07T06-37-50.292Z,mixed-5000-seed-41544c53,remove-500,cleanup_stage_children_n,count,0,1
Atlas,1c2e54b3b8df+bench,SVG,instrument-2026-10-07T06-37-50.292Z,mixed-5000-seed-41544c53,remove-500,cleanup_stage_children_median,count,0,0.0
Atlas,1c2e54b3b8df+bench,SVG,instrument-2026-10-07T06-37-50.292Z,mixed-5000-seed-41544c53,remove-500,cleanup_stage_children_p95,count,0,0.0
Atlas,1c2e54b3b8df+bench,SVG,instrument-2026-10-07T06-37-50.292Z,mixed-5000-seed-41544c53,remove-500,cleanup_stage_children_max,count,0,0.0
Atlas,1c2e54b3b8df+bench,SVG,instrument-2026-10-07T06-37-50.292Z,mixed-5000-seed-41544c53,remove-1000,operation_sync_ms_n,count,0,1
Atlas,1c2e54b3b8df+bench,SVG,instrument-2026-10-07T06-37-50.292Z,mixed-5000-seed-41544c53,remove-1000,operation_sync_ms_median,ms,0,408.5
Atlas,1c2e54b3b8df+bench,SVG,instrument-2026-10-07T06-37-50.292Z,mixed-5000-seed-41544c53,remove-1000,operation_sync_ms_p95,ms,0,408.5
Atlas,1c2e54b3b8df+bench,SVG,instrument-2026-10-07T06-37-50.292Z,mixed-5000-seed-41544c53,remove-1000,operation_sync_ms_max,ms,0,408.5
Atlas,1c2e54b3b8df+bench,SVG,instrument-2026-10-07T06-37-50.292Z,mixed-5000-seed-41544c53,remove-1000,cumulative_operation_ms_n,count,0,10
Atlas,1c2e54b3b8df+bench,SVG,instrument-2026-10-07T06-37-50.292Z,mixed-5000-seed-41544c53,remove-1000,cumulative_operation_ms_median,ms,0,239.85
Atlas,1c2e54b3b8df+bench,SVG,instrument-2026-10-07T06-37-50.292Z,mixed-5000-seed-41544c53,remove-1000,cumulative_operation_ms_p95,ms,0,408.5
Atlas,1c2e54b3b8df+bench,SVG,instrument-2026-10-07T06-37-50.292Z,mixed-5000-seed-41544c53,remove-1000,cumulative_operation_ms_max,ms,0,408.5
Atlas,1c2e54b3b8df+bench,SVG,instrument-2026-10-07T06-37-50.292Z,mixed-5000-seed-41544c53,remove-1000,operation_to_raf_opportunities_ms_n,count,0,1
Atlas,1c2e54b3b8df+bench,SVG,instrument-2026-10-07T06-37-50.292Z,mixed-5000-seed-41544c53,remove-1000,operation_to_raf_opportunities_ms_median,ms,0,455.0
Atlas,1c2e54b3b8df+bench,SVG,instrument-2026-10-07T06-37-50.292Z,mixed-5000-seed-41544c53,remove-1000,operation_to_raf_opportunities_ms_p95,ms,0,455.0
Atlas,1c2e54b3b8df+bench,SVG,instrument-2026-10-07T06-37-50.292Z,mixed-5000-seed-41544c53,remove-1000,operation_to_raf_opportunities_ms_max,ms,0,455.0
Atlas,1c2e54b3b8df+bench,SVG,instrument-2026-10-07T06-37-50.292Z,mixed-5000-seed-41544c53,remove-1000,root_iterator_creations_n,count,0,1
Atlas,1c2e54b3b8df+bench,SVG,instrument-2026-10-07T06-37-50.292Z,mixed-5000-seed-41544c53,remove-1000,root_iterator_creations_median,count,0,1003.0
Atlas,1c2e54b3b8df+bench,SVG,instrument-2026-10-07T06-37-50.292Z,mixed-5000-seed-41544c53,remove-1000,root_iterator_creations_p95,count,0,1003.0
Atlas,1c2e54b3b8df+bench,SVG,instrument-2026-10-07T06-37-50.292Z,mixed-5000-seed-41544c53,remove-1000,root_iterator_creations_max,count,0,1003.0
Atlas,1c2e54b3b8df+bench,SVG,instrument-2026-10-07T06-37-50.292Z,mixed-5000-seed-41544c53,remove-1000,root_iterator_next_calls_n,count,0,1
Atlas,1c2e54b3b8df+bench,SVG,instrument-2026-10-07T06-37-50.292Z,mixed-5000-seed-41544c53,remove-1000,root_iterator_next_calls_median,count,0,4509502.0
Atlas,1c2e54b3b8df+bench,SVG,instrument-2026-10-07T06-37-50.292Z,mixed-5000-seed-41544c53,remove-1000,root_iterator_next_calls_p95,count,0,4509502.0
Atlas,1c2e54b3b8df+bench,SVG,instrument-2026-10-07T06-37-50.292Z,mixed-5000-seed-41544c53,remove-1000,root_iterator_next_calls_max,count,0,4509502.0
Atlas,1c2e54b3b8df+bench,SVG,instrument-2026-10-07T06-37-50.292Z,mixed-5000-seed-41544c53,remove-1000,svg_attribute_writes_n,count,0,1
Atlas,1c2e54b3b8df+bench,SVG,instrument-2026-10-07T06-37-50.292Z,mixed-5000-seed-41544c53,remove-1000,svg_attribute_writes_median,count,0,20005.0
Atlas,1c2e54b3b8df+bench,SVG,instrument-2026-10-07T06-37-50.292Z,mixed-5000-seed-41544c53,remove-1000,svg_attribute_writes_p95,count,0,20005.0
Atlas,1c2e54b3b8df+bench,SVG,instrument-2026-10-07T06-37-50.292Z,mixed-5000-seed-41544c53,remove-1000,svg_attribute_writes_max,count,0,20005.0
Atlas,1c2e54b3b8df+bench,SVG,instrument-2026-10-07T06-37-50.292Z,mixed-5000-seed-41544c53,remove-1000,renderer_scene_reads_n,count,0,1
Atlas,1c2e54b3b8df+bench,SVG,instrument-2026-10-07T06-37-50.292Z,mixed-5000-seed-41544c53,remove-1000,renderer_scene_reads_median,count,0,1.0
Atlas,1c2e54b3b8df+bench,SVG,instrument-2026-10-07T06-37-50.292Z,mixed-5000-seed-41544c53,remove-1000,renderer_scene_reads_p95,count,0,1.0
Atlas,1c2e54b3b8df+bench,SVG,instrument-2026-10-07T06-37-50.292Z,mixed-5000-seed-41544c53,remove-1000,renderer_scene_reads_max,count,0,1.0
Atlas,1c2e54b3b8df+bench,SVG,instrument-2026-10-07T06-37-50.292Z,mixed-5000-seed-41544c53,remove-1000,route_membership_reads_n,count,0,1
Atlas,1c2e54b3b8df+bench,SVG,instrument-2026-10-07T06-37-50.292Z,mixed-5000-seed-41544c53,remove-1000,route_membership_reads_median,count,0,3200.0
Atlas,1c2e54b3b8df+bench,SVG,instrument-2026-10-07T06-37-50.292Z,mixed-5000-seed-41544c53,remove-1000,route_membership_reads_p95,count,0,3200.0
Atlas,1c2e54b3b8df+bench,SVG,instrument-2026-10-07T06-37-50.292Z,mixed-5000-seed-41544c53,remove-1000,route_membership_reads_max,count,0,3200.0
Atlas,1c2e54b3b8df+bench,SVG,instrument-2026-10-07T06-37-50.292Z,mixed-5000-seed-41544c53,remove-1000,renderer_scene_membership_changes_n,count,0,1
Atlas,1c2e54b3b8df+bench,SVG,instrument-2026-10-07T06-37-50.292Z,mixed-5000-seed-41544c53,remove-1000,renderer_scene_membership_changes_median,count,0,1.0
Atlas,1c2e54b3b8df+bench,SVG,instrument-2026-10-07T06-37-50.292Z,mixed-5000-seed-41544c53,remove-1000,renderer_scene_membership_changes_p95,count,0,1.0
Atlas,1c2e54b3b8df+bench,SVG,instrument-2026-10-07T06-37-50.292Z,mixed-5000-seed-41544c53,remove-1000,renderer_scene_membership_changes_max,count,0,1.0
Atlas,1c2e54b3b8df+bench,SVG,instrument-2026-10-07T06-37-50.292Z,mixed-5000-seed-41544c53,remove-1000,svg_attribute_removals_n,count,0,1
Atlas,1c2e54b3b8df+bench,SVG,instrument-2026-10-07T06-37-50.292Z,mixed-5000-seed-41544c53,remove-1000,svg_attribute_removals_median,count,0,9601.0
Atlas,1c2e54b3b8df+bench,SVG,instrument-2026-10-07T06-37-50.292Z,mixed-5000-seed-41544c53,remove-1000,svg_attribute_removals_p95,count,0,9601.0
Atlas,1c2e54b3b8df+bench,SVG,instrument-2026-10-07T06-37-50.292Z,mixed-5000-seed-41544c53,remove-1000,svg_attribute_removals_max,count,0,9601.0
Atlas,1c2e54b3b8df+bench,SVG,instrument-2026-10-07T06-37-50.292Z,mixed-5000-seed-41544c53,remove-1000,renderer_calls_n,count,0,1
Atlas,1c2e54b3b8df+bench,SVG,instrument-2026-10-07T06-37-50.292Z,mixed-5000-seed-41544c53,remove-1000,renderer_calls_median,count,0,1.0
Atlas,1c2e54b3b8df+bench,SVG,instrument-2026-10-07T06-37-50.292Z,mixed-5000-seed-41544c53,remove-1000,renderer_calls_p95,count,0,1.0
Atlas,1c2e54b3b8df+bench,SVG,instrument-2026-10-07T06-37-50.292Z,mixed-5000-seed-41544c53,remove-1000,renderer_calls_max,count,0,1.0
Atlas,1c2e54b3b8df+bench,SVG,instrument-2026-10-07T06-37-50.292Z,mixed-5000-seed-41544c53,remove-1000,layout_rect_reads_n,count,0,1
Atlas,1c2e54b3b8df+bench,SVG,instrument-2026-10-07T06-37-50.292Z,mixed-5000-seed-41544c53,remove-1000,layout_rect_reads_median,count,0,0.0
Atlas,1c2e54b3b8df+bench,SVG,instrument-2026-10-07T06-37-50.292Z,mixed-5000-seed-41544c53,remove-1000,layout_rect_reads_p95,count,0,0.0
Atlas,1c2e54b3b8df+bench,SVG,instrument-2026-10-07T06-37-50.292Z,mixed-5000-seed-41544c53,remove-1000,layout_rect_reads_max,count,0,0.0
Atlas,1c2e54b3b8df+bench,SVG,instrument-2026-10-07T06-37-50.292Z,mixed-5000-seed-41544c53,remove-1000,instrumented_renderer_callback_ms_n,count,0,1
Atlas,1c2e54b3b8df+bench,SVG,instrument-2026-10-07T06-37-50.292Z,mixed-5000-seed-41544c53,remove-1000,instrumented_renderer_callback_ms_median,ms,0,14.9
Atlas,1c2e54b3b8df+bench,SVG,instrument-2026-10-07T06-37-50.292Z,mixed-5000-seed-41544c53,remove-1000,instrumented_renderer_callback_ms_p95,ms,0,14.9
Atlas,1c2e54b3b8df+bench,SVG,instrument-2026-10-07T06-37-50.292Z,mixed-5000-seed-41544c53,remove-1000,instrumented_renderer_callback_ms_max,ms,0,14.9
Atlas,1c2e54b3b8df+bench,SVG,instrument-2026-10-07T06-37-50.292Z,mixed-5000-seed-41544c53,remove-1000,cleanup_renderer_calls_n,count,0,1
Atlas,1c2e54b3b8df+bench,SVG,instrument-2026-10-07T06-37-50.292Z,mixed-5000-seed-41544c53,remove-1000,cleanup_renderer_calls_median,count,0,0.0
Atlas,1c2e54b3b8df+bench,SVG,instrument-2026-10-07T06-37-50.292Z,mixed-5000-seed-41544c53,remove-1000,cleanup_renderer_calls_p95,count,0,0.0
Atlas,1c2e54b3b8df+bench,SVG,instrument-2026-10-07T06-37-50.292Z,mixed-5000-seed-41544c53,remove-1000,cleanup_renderer_calls_max,count,0,0.0
Atlas,1c2e54b3b8df+bench,SVG,instrument-2026-10-07T06-37-50.292Z,mixed-5000-seed-41544c53,remove-1000,cleanup_stage_children_n,count,0,1
Atlas,1c2e54b3b8df+bench,SVG,instrument-2026-10-07T06-37-50.292Z,mixed-5000-seed-41544c53,remove-1000,cleanup_stage_children_median,count,0,0.0
Atlas,1c2e54b3b8df+bench,SVG,instrument-2026-10-07T06-37-50.292Z,mixed-5000-seed-41544c53,remove-1000,cleanup_stage_children_p95,count,0,0.0
Atlas,1c2e54b3b8df+bench,SVG,instrument-2026-10-07T06-37-50.292Z,mixed-5000-seed-41544c53,remove-1000,cleanup_stage_children_max,count,0,0.0
Atlas,1c2e54b3b8df+bench,SVG,instrument-2026-10-07T06-37-50.292Z,mixed-5000-seed-41544c53,route-update,operation_sync_ms_n,count,0,1
Atlas,1c2e54b3b8df+bench,SVG,instrument-2026-10-07T06-37-50.292Z,mixed-5000-seed-41544c53,route-update,operation_sync_ms_median,ms,0,0.0
Atlas,1c2e54b3b8df+bench,SVG,instrument-2026-10-07T06-37-50.292Z,mixed-5000-seed-41544c53,route-update,operation_sync_ms_p95,ms,0,0.0
Atlas,1c2e54b3b8df+bench,SVG,instrument-2026-10-07T06-37-50.292Z,mixed-5000-seed-41544c53,route-update,operation_sync_ms_max,ms,0,0.0
Atlas,1c2e54b3b8df+bench,SVG,instrument-2026-10-07T06-37-50.292Z,mixed-5000-seed-41544c53,route-update,operation_to_raf_opportunities_ms_n,count,0,1
Atlas,1c2e54b3b8df+bench,SVG,instrument-2026-10-07T06-37-50.292Z,mixed-5000-seed-41544c53,route-update,operation_to_raf_opportunities_ms_median,ms,0,61.6
Atlas,1c2e54b3b8df+bench,SVG,instrument-2026-10-07T06-37-50.292Z,mixed-5000-seed-41544c53,route-update,operation_to_raf_opportunities_ms_p95,ms,0,61.6
Atlas,1c2e54b3b8df+bench,SVG,instrument-2026-10-07T06-37-50.292Z,mixed-5000-seed-41544c53,route-update,operation_to_raf_opportunities_ms_max,ms,0,61.6
Atlas,1c2e54b3b8df+bench,SVG,instrument-2026-10-07T06-37-50.292Z,mixed-5000-seed-41544c53,route-update,root_iterator_creations_n,count,0,1
Atlas,1c2e54b3b8df+bench,SVG,instrument-2026-10-07T06-37-50.292Z,mixed-5000-seed-41544c53,route-update,root_iterator_creations_median,count,0,2.0
Atlas,1c2e54b3b8df+bench,SVG,instrument-2026-10-07T06-37-50.292Z,mixed-5000-seed-41544c53,route-update,root_iterator_creations_p95,count,0,2.0
Atlas,1c2e54b3b8df+bench,SVG,instrument-2026-10-07T06-37-50.292Z,mixed-5000-seed-41544c53,route-update,root_iterator_creations_max,count,0,2.0
Atlas,1c2e54b3b8df+bench,SVG,instrument-2026-10-07T06-37-50.292Z,mixed-5000-seed-41544c53,route-update,root_iterator_next_calls_n,count,0,1
Atlas,1c2e54b3b8df+bench,SVG,instrument-2026-10-07T06-37-50.292Z,mixed-5000-seed-41544c53,route-update,root_iterator_next_calls_median,count,0,10001.0
Atlas,1c2e54b3b8df+bench,SVG,instrument-2026-10-07T06-37-50.292Z,mixed-5000-seed-41544c53,route-update,root_iterator_next_calls_p95,count,0,10001.0
Atlas,1c2e54b3b8df+bench,SVG,instrument-2026-10-07T06-37-50.292Z,mixed-5000-seed-41544c53,route-update,root_iterator_next_calls_max,count,0,10001.0
Atlas,1c2e54b3b8df+bench,SVG,instrument-2026-10-07T06-37-50.292Z,mixed-5000-seed-41544c53,route-update,route_membership_reads_n,count,0,1
Atlas,1c2e54b3b8df+bench,SVG,instrument-2026-10-07T06-37-50.292Z,mixed-5000-seed-41544c53,route-update,route_membership_reads_median,count,0,4004.0
Atlas,1c2e54b3b8df+bench,SVG,instrument-2026-10-07T06-37-50.292Z,mixed-5000-seed-41544c53,route-update,route_membership_reads_p95,count,0,4004.0
Atlas,1c2e54b3b8df+bench,SVG,instrument-2026-10-07T06-37-50.292Z,mixed-5000-seed-41544c53,route-update,route_membership_reads_max,count,0,4004.0
Atlas,1c2e54b3b8df+bench,SVG,instrument-2026-10-07T06-37-50.292Z,mixed-5000-seed-41544c53,route-update,svg_attribute_writes_n,count,0,1
Atlas,1c2e54b3b8df+bench,SVG,instrument-2026-10-07T06-37-50.292Z,mixed-5000-seed-41544c53,route-update,svg_attribute_writes_median,count,0,25009.0
Atlas,1c2e54b3b8df+bench,SVG,instrument-2026-10-07T06-37-50.292Z,mixed-5000-seed-41544c53,route-update,svg_attribute_writes_p95,count,0,25009.0
Atlas,1c2e54b3b8df+bench,SVG,instrument-2026-10-07T06-37-50.292Z,mixed-5000-seed-41544c53,route-update,svg_attribute_writes_max,count,0,25009.0
Atlas,1c2e54b3b8df+bench,SVG,instrument-2026-10-07T06-37-50.292Z,mixed-5000-seed-41544c53,route-update,renderer_scene_reads_n,count,0,1
Atlas,1c2e54b3b8df+bench,SVG,instrument-2026-10-07T06-37-50.292Z,mixed-5000-seed-41544c53,route-update,renderer_scene_reads_median,count,0,1.0
Atlas,1c2e54b3b8df+bench,SVG,instrument-2026-10-07T06-37-50.292Z,mixed-5000-seed-41544c53,route-update,renderer_scene_reads_p95,count,0,1.0
Atlas,1c2e54b3b8df+bench,SVG,instrument-2026-10-07T06-37-50.292Z,mixed-5000-seed-41544c53,route-update,renderer_scene_reads_max,count,0,1.0
Atlas,1c2e54b3b8df+bench,SVG,instrument-2026-10-07T06-37-50.292Z,mixed-5000-seed-41544c53,route-update,renderer_scene_membership_changes_n,count,0,1
Atlas,1c2e54b3b8df+bench,SVG,instrument-2026-10-07T06-37-50.292Z,mixed-5000-seed-41544c53,route-update,renderer_scene_membership_changes_median,count,0,1.0
Atlas,1c2e54b3b8df+bench,SVG,instrument-2026-10-07T06-37-50.292Z,mixed-5000-seed-41544c53,route-update,renderer_scene_membership_changes_p95,count,0,1.0
Atlas,1c2e54b3b8df+bench,SVG,instrument-2026-10-07T06-37-50.292Z,mixed-5000-seed-41544c53,route-update,renderer_scene_membership_changes_max,count,0,1.0
Atlas,1c2e54b3b8df+bench,SVG,instrument-2026-10-07T06-37-50.292Z,mixed-5000-seed-41544c53,route-update,svg_attribute_removals_n,count,0,1
Atlas,1c2e54b3b8df+bench,SVG,instrument-2026-10-07T06-37-50.292Z,mixed-5000-seed-41544c53,route-update,svg_attribute_removals_median,count,0,11997.0
Atlas,1c2e54b3b8df+bench,SVG,instrument-2026-10-07T06-37-50.292Z,mixed-5000-seed-41544c53,route-update,svg_attribute_removals_p95,count,0,11997.0
Atlas,1c2e54b3b8df+bench,SVG,instrument-2026-10-07T06-37-50.292Z,mixed-5000-seed-41544c53,route-update,svg_attribute_removals_max,count,0,11997.0
Atlas,1c2e54b3b8df+bench,SVG,instrument-2026-10-07T06-37-50.292Z,mixed-5000-seed-41544c53,route-update,renderer_calls_n,count,0,1
Atlas,1c2e54b3b8df+bench,SVG,instrument-2026-10-07T06-37-50.292Z,mixed-5000-seed-41544c53,route-update,renderer_calls_median,count,0,1.0
Atlas,1c2e54b3b8df+bench,SVG,instrument-2026-10-07T06-37-50.292Z,mixed-5000-seed-41544c53,route-update,renderer_calls_p95,count,0,1.0
Atlas,1c2e54b3b8df+bench,SVG,instrument-2026-10-07T06-37-50.292Z,mixed-5000-seed-41544c53,route-update,renderer_calls_max,count,0,1.0
Atlas,1c2e54b3b8df+bench,SVG,instrument-2026-10-07T06-37-50.292Z,mixed-5000-seed-41544c53,route-update,layout_rect_reads_n,count,0,1
Atlas,1c2e54b3b8df+bench,SVG,instrument-2026-10-07T06-37-50.292Z,mixed-5000-seed-41544c53,route-update,layout_rect_reads_median,count,0,0.0
Atlas,1c2e54b3b8df+bench,SVG,instrument-2026-10-07T06-37-50.292Z,mixed-5000-seed-41544c53,route-update,layout_rect_reads_p95,count,0,0.0
Atlas,1c2e54b3b8df+bench,SVG,instrument-2026-10-07T06-37-50.292Z,mixed-5000-seed-41544c53,route-update,layout_rect_reads_max,count,0,0.0
Atlas,1c2e54b3b8df+bench,SVG,instrument-2026-10-07T06-37-50.292Z,mixed-5000-seed-41544c53,route-update,instrumented_renderer_callback_ms_n,count,0,1
Atlas,1c2e54b3b8df+bench,SVG,instrument-2026-10-07T06-37-50.292Z,mixed-5000-seed-41544c53,route-update,instrumented_renderer_callback_ms_median,ms,0,17.5
Atlas,1c2e54b3b8df+bench,SVG,instrument-2026-10-07T06-37-50.292Z,mixed-5000-seed-41544c53,route-update,instrumented_renderer_callback_ms_p95,ms,0,17.5
Atlas,1c2e54b3b8df+bench,SVG,instrument-2026-10-07T06-37-50.292Z,mixed-5000-seed-41544c53,route-update,instrumented_renderer_callback_ms_max,ms,0,17.5
Atlas,1c2e54b3b8df+bench,SVG,instrument-2026-10-07T06-37-50.292Z,mixed-5000-seed-41544c53,route-update,cleanup_renderer_calls_n,count,0,1
Atlas,1c2e54b3b8df+bench,SVG,instrument-2026-10-07T06-37-50.292Z,mixed-5000-seed-41544c53,route-update,cleanup_renderer_calls_median,count,0,0.0
Atlas,1c2e54b3b8df+bench,SVG,instrument-2026-10-07T06-37-50.292Z,mixed-5000-seed-41544c53,route-update,cleanup_renderer_calls_p95,count,0,0.0
Atlas,1c2e54b3b8df+bench,SVG,instrument-2026-10-07T06-37-50.292Z,mixed-5000-seed-41544c53,route-update,cleanup_renderer_calls_max,count,0,0.0
Atlas,1c2e54b3b8df+bench,SVG,instrument-2026-10-07T06-37-50.292Z,mixed-5000-seed-41544c53,route-update,cleanup_stage_children_n,count,0,1
Atlas,1c2e54b3b8df+bench,SVG,instrument-2026-10-07T06-37-50.292Z,mixed-5000-seed-41544c53,route-update,cleanup_stage_children_median,count,0,0.0
Atlas,1c2e54b3b8df+bench,SVG,instrument-2026-10-07T06-37-50.292Z,mixed-5000-seed-41544c53,route-update,cleanup_stage_children_p95,count,0,0.0
Atlas,1c2e54b3b8df+bench,SVG,instrument-2026-10-07T06-37-50.292Z,mixed-5000-seed-41544c53,route-update,cleanup_stage_children_max,count,0,0.0
Atlas,1c2e54b3b8df+bench,SVG,instrument-2026-10-07T06-37-50.292Z,mixed-5000-seed-41544c53,wheel-input,synthetic_wheel_dispatch_sync_ms_n,count,0,10
Atlas,1c2e54b3b8df+bench,SVG,instrument-2026-10-07T06-37-50.292Z,mixed-5000-seed-41544c53,wheel-input,synthetic_wheel_dispatch_sync_ms_median,ms,0,0.0
Atlas,1c2e54b3b8df+bench,SVG,instrument-2026-10-07T06-37-50.292Z,mixed-5000-seed-41544c53,wheel-input,synthetic_wheel_dispatch_sync_ms_p95,ms,0,0.1
Atlas,1c2e54b3b8df+bench,SVG,instrument-2026-10-07T06-37-50.292Z,mixed-5000-seed-41544c53,wheel-input,synthetic_wheel_dispatch_sync_ms_max,ms,0,0.1
Atlas,1c2e54b3b8df+bench,SVG,instrument-2026-10-07T06-37-50.292Z,mixed-5000-seed-41544c53,wheel-input,layout_rect_reads_n,count,0,1
Atlas,1c2e54b3b8df+bench,SVG,instrument-2026-10-07T06-37-50.292Z,mixed-5000-seed-41544c53,wheel-input,layout_rect_reads_median,count,0,52.0
Atlas,1c2e54b3b8df+bench,SVG,instrument-2026-10-07T06-37-50.292Z,mixed-5000-seed-41544c53,wheel-input,layout_rect_reads_p95,count,0,52.0
Atlas,1c2e54b3b8df+bench,SVG,instrument-2026-10-07T06-37-50.292Z,mixed-5000-seed-41544c53,wheel-input,layout_rect_reads_max,count,0,52.0
Atlas,1c2e54b3b8df+bench,SVG,instrument-2026-10-07T06-37-50.292Z,mixed-5000-seed-41544c53,wheel-input,svg_attribute_writes_n,count,0,1
Atlas,1c2e54b3b8df+bench,SVG,instrument-2026-10-07T06-37-50.292Z,mixed-5000-seed-41544c53,wheel-input,svg_attribute_writes_median,count,0,249950.0
Atlas,1c2e54b3b8df+bench,SVG,instrument-2026-10-07T06-37-50.292Z,mixed-5000-seed-41544c53,wheel-input,svg_attribute_writes_p95,count,0,249950.0
Atlas,1c2e54b3b8df+bench,SVG,instrument-2026-10-07T06-37-50.292Z,mixed-5000-seed-41544c53,wheel-input,svg_attribute_writes_max,count,0,249950.0
Atlas,1c2e54b3b8df+bench,SVG,instrument-2026-10-07T06-37-50.292Z,mixed-5000-seed-41544c53,wheel-input,renderer_scene_reads_n,count,0,1
Atlas,1c2e54b3b8df+bench,SVG,instrument-2026-10-07T06-37-50.292Z,mixed-5000-seed-41544c53,wheel-input,renderer_scene_reads_median,count,0,10.0
Atlas,1c2e54b3b8df+bench,SVG,instrument-2026-10-07T06-37-50.292Z,mixed-5000-seed-41544c53,wheel-input,renderer_scene_reads_p95,count,0,10.0
Atlas,1c2e54b3b8df+bench,SVG,instrument-2026-10-07T06-37-50.292Z,mixed-5000-seed-41544c53,wheel-input,renderer_scene_reads_max,count,0,10.0
Atlas,1c2e54b3b8df+bench,SVG,instrument-2026-10-07T06-37-50.292Z,mixed-5000-seed-41544c53,wheel-input,root_iterator_creations_n,count,0,1
Atlas,1c2e54b3b8df+bench,SVG,instrument-2026-10-07T06-37-50.292Z,mixed-5000-seed-41544c53,wheel-input,root_iterator_creations_median,count,0,10.0
Atlas,1c2e54b3b8df+bench,SVG,instrument-2026-10-07T06-37-50.292Z,mixed-5000-seed-41544c53,wheel-input,root_iterator_creations_p95,count,0,10.0
Atlas,1c2e54b3b8df+bench,SVG,instrument-2026-10-07T06-37-50.292Z,mixed-5000-seed-41544c53,wheel-input,root_iterator_creations_max,count,0,10.0
Atlas,1c2e54b3b8df+bench,SVG,instrument-2026-10-07T06-37-50.292Z,mixed-5000-seed-41544c53,wheel-input,root_iterator_next_calls_n,count,0,1
Atlas,1c2e54b3b8df+bench,SVG,instrument-2026-10-07T06-37-50.292Z,mixed-5000-seed-41544c53,wheel-input,root_iterator_next_calls_median,count,0,50000.0
Atlas,1c2e54b3b8df+bench,SVG,instrument-2026-10-07T06-37-50.292Z,mixed-5000-seed-41544c53,wheel-input,root_iterator_next_calls_p95,count,0,50000.0
Atlas,1c2e54b3b8df+bench,SVG,instrument-2026-10-07T06-37-50.292Z,mixed-5000-seed-41544c53,wheel-input,root_iterator_next_calls_max,count,0,50000.0
Atlas,1c2e54b3b8df+bench,SVG,instrument-2026-10-07T06-37-50.292Z,mixed-5000-seed-41544c53,wheel-input,route_membership_reads_n,count,0,1
Atlas,1c2e54b3b8df+bench,SVG,instrument-2026-10-07T06-37-50.292Z,mixed-5000-seed-41544c53,wheel-input,route_membership_reads_median,count,0,30000.0
Atlas,1c2e54b3b8df+bench,SVG,instrument-2026-10-07T06-37-50.292Z,mixed-5000-seed-41544c53,wheel-input,route_membership_reads_p95,count,0,30000.0
Atlas,1c2e54b3b8df+bench,SVG,instrument-2026-10-07T06-37-50.292Z,mixed-5000-seed-41544c53,wheel-input,route_membership_reads_max,count,0,30000.0
Atlas,1c2e54b3b8df+bench,SVG,instrument-2026-10-07T06-37-50.292Z,mixed-5000-seed-41544c53,wheel-input,svg_attribute_removals_n,count,0,1
Atlas,1c2e54b3b8df+bench,SVG,instrument-2026-10-07T06-37-50.292Z,mixed-5000-seed-41544c53,wheel-input,svg_attribute_removals_median,count,0,119960.0
Atlas,1c2e54b3b8df+bench,SVG,instrument-2026-10-07T06-37-50.292Z,mixed-5000-seed-41544c53,wheel-input,svg_attribute_removals_p95,count,0,119960.0
Atlas,1c2e54b3b8df+bench,SVG,instrument-2026-10-07T06-37-50.292Z,mixed-5000-seed-41544c53,wheel-input,svg_attribute_removals_max,count,0,119960.0
Atlas,1c2e54b3b8df+bench,SVG,instrument-2026-10-07T06-37-50.292Z,mixed-5000-seed-41544c53,wheel-input,renderer_calls_n,count,0,1
Atlas,1c2e54b3b8df+bench,SVG,instrument-2026-10-07T06-37-50.292Z,mixed-5000-seed-41544c53,wheel-input,renderer_calls_median,count,0,10.0
Atlas,1c2e54b3b8df+bench,SVG,instrument-2026-10-07T06-37-50.292Z,mixed-5000-seed-41544c53,wheel-input,renderer_calls_p95,count,0,10.0
Atlas,1c2e54b3b8df+bench,SVG,instrument-2026-10-07T06-37-50.292Z,mixed-5000-seed-41544c53,wheel-input,renderer_calls_max,count,0,10.0
Atlas,1c2e54b3b8df+bench,SVG,instrument-2026-10-07T06-37-50.292Z,mixed-5000-seed-41544c53,wheel-input,instrumented_renderer_callback_ms_n,count,0,10
Atlas,1c2e54b3b8df+bench,SVG,instrument-2026-10-07T06-37-50.292Z,mixed-5000-seed-41544c53,wheel-input,instrumented_renderer_callback_ms_median,ms,0,17.9
Atlas,1c2e54b3b8df+bench,SVG,instrument-2026-10-07T06-37-50.292Z,mixed-5000-seed-41544c53,wheel-input,instrumented_renderer_callback_ms_p95,ms,0,18.4
Atlas,1c2e54b3b8df+bench,SVG,instrument-2026-10-07T06-37-50.292Z,mixed-5000-seed-41544c53,wheel-input,instrumented_renderer_callback_ms_max,ms,0,18.4
Atlas,1c2e54b3b8df+bench,SVG,instrument-2026-10-07T06-37-50.292Z,mixed-5000-seed-41544c53,wheel-input,cleanup_renderer_calls_n,count,0,1
Atlas,1c2e54b3b8df+bench,SVG,instrument-2026-10-07T06-37-50.292Z,mixed-5000-seed-41544c53,wheel-input,cleanup_renderer_calls_median,count,0,0.0
Atlas,1c2e54b3b8df+bench,SVG,instrument-2026-10-07T06-37-50.292Z,mixed-5000-seed-41544c53,wheel-input,cleanup_renderer_calls_p95,count,0,0.0
Atlas,1c2e54b3b8df+bench,SVG,instrument-2026-10-07T06-37-50.292Z,mixed-5000-seed-41544c53,wheel-input,cleanup_renderer_calls_max,count,0,0.0
Atlas,1c2e54b3b8df+bench,SVG,instrument-2026-10-07T06-37-50.292Z,mixed-5000-seed-41544c53,wheel-input,cleanup_stage_children_n,count,0,1
Atlas,1c2e54b3b8df+bench,SVG,instrument-2026-10-07T06-37-50.292Z,mixed-5000-seed-41544c53,wheel-input,cleanup_stage_children_median,count,0,0.0
Atlas,1c2e54b3b8df+bench,SVG,instrument-2026-10-07T06-37-50.292Z,mixed-5000-seed-41544c53,wheel-input,cleanup_stage_children_p95,count,0,0.0
Atlas,1c2e54b3b8df+bench,SVG,instrument-2026-10-07T06-37-50.292Z,mixed-5000-seed-41544c53,wheel-input,cleanup_stage_children_max,count,0,0.0
