engine,version,renderer,runId,sceneId,scenario,metric,unit,sample,value
Atlas,f393bc3bb2ad,SVG,comparison-instrument-2026-10-06T15-51-13.379Z,points-3000-seed-41544c53,load,atlas_load_promise_ms,ms,0,45.30000019073486
Atlas,f393bc3bb2ad,SVG,comparison-instrument-2026-10-06T15-51-13.379Z,points-3000-seed-41544c53,load,create_to_raf_opportunities_ms,ms,0,130.09999990463257
Atlas,f393bc3bb2ad,SVG,comparison-instrument-2026-10-06T15-51-13.379Z,points-3000-seed-41544c53,load,semantic_roots,count,0,3000
Atlas,f393bc3bb2ad,SVG,comparison-instrument-2026-10-06T15-51-13.379Z,points-3000-seed-41544c53,load,owned_points,count,0,0
Atlas,f393bc3bb2ad,SVG,comparison-instrument-2026-10-06T15-51-13.379Z,points-3000-seed-41544c53,load,visual_primitives,count,0,3000
Atlas,f393bc3bb2ad,SVG,comparison-instrument-2026-10-06T15-51-13.379Z,points-3000-seed-41544c53,load,svg_element_nodes,count,0,6002
Atlas,f393bc3bb2ad,SVG,comparison-instrument-2026-10-06T15-51-13.379Z,points-3000-seed-41544c53,load,owned_element_nodes,count,0,6004
Atlas,f393bc3bb2ad,SVG,comparison-instrument-2026-10-06T15-51-13.379Z,points-3000-seed-41544c53,load,svg_attribute_writes,count,0,24006
Atlas,f393bc3bb2ad,SVG,comparison-instrument-2026-10-06T15-51-13.379Z,points-3000-seed-41544c53,load,svg_attribute_removals,count,0,3000
Atlas,f393bc3bb2ad,SVG,comparison-instrument-2026-10-06T15-51-13.379Z,points-3000-seed-41544c53,load,dom_added_nodes,count,0,3001
Atlas,f393bc3bb2ad,SVG,comparison-instrument-2026-10-06T15-51-13.379Z,points-3000-seed-41544c53,load,dom_removed_nodes,count,0,0
Leaflet,1.9.4,SVG,comparison-instrument-2026-10-06T15-51-13.379Z,points-3000-seed-41544c53,load,leaflet_scene_setup_ms,ms,0,47.40000009536743
Leaflet,1.9.4,SVG,comparison-instrument-2026-10-06T15-51-13.379Z,points-3000-seed-41544c53,load,create_to_raf_opportunities_ms,ms,0,81
Leaflet,1.9.4,SVG,comparison-instrument-2026-10-06T15-51-13.379Z,points-3000-seed-41544c53,load,semantic_roots,count,0,3000
Leaflet,1.9.4,SVG,comparison-instrument-2026-10-06T15-51-13.379Z,points-3000-seed-41544c53,load,owned_points,count,0,0
Leaflet,1.9.4,SVG,comparison-instrument-2026-10-06T15-51-13.379Z,points-3000-seed-41544c53,load,visual_primitives,count,0,3000
Leaflet,1.9.4,SVG,comparison-instrument-2026-10-06T15-51-13.379Z,points-3000-seed-41544c53,load,svg_element_nodes,count,0,3002
Leaflet,1.9.4,SVG,comparison-instrument-2026-10-06T15-51-13.379Z,points-3000-seed-41544c53,load,owned_element_nodes,count,0,3016
Leaflet,1.9.4,SVG,comparison-instrument-2026-10-06T15-51-13.379Z,points-3000-seed-41544c53,load,svg_attribute_writes,count,0,27004
Leaflet,1.9.4,SVG,comparison-instrument-2026-10-06T15-51-13.379Z,points-3000-seed-41544c53,load,svg_attribute_removals,count,0,6000
Leaflet,1.9.4,SVG,comparison-instrument-2026-10-06T15-51-13.379Z,points-3000-seed-41544c53,load,dom_added_nodes,count,0,3014
Leaflet,1.9.4,SVG,comparison-instrument-2026-10-06T15-51-13.379Z,points-3000-seed-41544c53,load,dom_removed_nodes,count,0,0
Leaflet,1.9.4,Canvas,comparison-instrument-2026-10-06T15-51-13.379Z,points-3000-seed-41544c53,load,leaflet_scene_setup_ms,ms,0,12.799999952316284
Leaflet,1.9.4,Canvas,comparison-instrument-2026-10-06T15-51-13.379Z,points-3000-seed-41544c53,load,create_to_raf_opportunities_ms,ms,0,58
Leaflet,1.9.4,Canvas,comparison-instrument-2026-10-06T15-51-13.379Z,points-3000-seed-41544c53,load,semantic_roots,count,0,3000
Leaflet,1.9.4,Canvas,comparison-instrument-2026-10-06T15-51-13.379Z,points-3000-seed-41544c53,load,owned_points,count,0,0
Leaflet,1.9.4,Canvas,comparison-instrument-2026-10-06T15-51-13.379Z,points-3000-seed-41544c53,load,visual_primitives,count,0,3000
Leaflet,1.9.4,Canvas,comparison-instrument-2026-10-06T15-51-13.379Z,points-3000-seed-41544c53,load,svg_element_nodes,count,0,N/A
Leaflet,1.9.4,Canvas,comparison-instrument-2026-10-06T15-51-13.379Z,points-3000-seed-41544c53,load,owned_element_nodes,count,0,15
Leaflet,1.9.4,Canvas,comparison-instrument-2026-10-06T15-51-13.379Z,points-3000-seed-41544c53,load,svg_attribute_writes,N/A,0,N/A
Leaflet,1.9.4,Canvas,comparison-instrument-2026-10-06T15-51-13.379Z,points-3000-seed-41544c53,load,svg_attribute_removals,N/A,0,N/A
Leaflet,1.9.4,Canvas,comparison-instrument-2026-10-06T15-51-13.379Z,points-3000-seed-41544c53,load,dom_added_nodes,N/A,0,N/A
Leaflet,1.9.4,Canvas,comparison-instrument-2026-10-06T15-51-13.379Z,points-3000-seed-41544c53,load,dom_removed_nodes,N/A,0,N/A
Atlas,f393bc3bb2ad,SVG,comparison-instrument-2026-10-06T15-51-13.379Z,points-3000-seed-41544c53,pan,frame_interval_ms,ms,0,16.699999999953434
Atlas,f393bc3bb2ad,SVG,comparison-instrument-2026-10-06T15-51-13.379Z,points-3000-seed-41544c53,pan,camera_api_sync_ms,ms,0,0
Atlas,f393bc3bb2ad,SVG,comparison-instrument-2026-10-06T15-51-13.379Z,points-3000-seed-41544c53,pan,frame_interval_ms,ms,1,16.599999999976717
Atlas,f393bc3bb2ad,SVG,comparison-instrument-2026-10-06T15-51-13.379Z,points-3000-seed-41544c53,pan,camera_api_sync_ms,ms,1,0
Atlas,f393bc3bb2ad,SVG,comparison-instrument-2026-10-06T15-51-13.379Z,points-3000-seed-41544c53,pan,frame_interval_ms,ms,2,16.70000000006985
Atlas,f393bc3bb2ad,SVG,comparison-instrument-2026-10-06T15-51-13.379Z,points-3000-seed-41544c53,pan,camera_api_sync_ms,ms,2,0
Atlas,f393bc3bb2ad,SVG,comparison-instrument-2026-10-06T15-51-13.379Z,points-3000-seed-41544c53,pan,frame_interval_ms,ms,3,16.699999999953434
Atlas,f393bc3bb2ad,SVG,comparison-instrument-2026-10-06T15-51-13.379Z,points-3000-seed-41544c53,pan,camera_api_sync_ms,ms,3,0
Atlas,f393bc3bb2ad,SVG,comparison-instrument-2026-10-06T15-51-13.379Z,points-3000-seed-41544c53,pan,frame_interval_ms,ms,4,16.70000000006985
Atlas,f393bc3bb2ad,SVG,comparison-instrument-2026-10-06T15-51-13.379Z,points-3000-seed-41544c53,pan,camera_api_sync_ms,ms,4,0
Atlas,f393bc3bb2ad,SVG,comparison-instrument-2026-10-06T15-51-13.379Z,points-3000-seed-41544c53,pan,frame_interval_ms,ms,5,16.599999999976717
Atlas,f393bc3bb2ad,SVG,comparison-instrument-2026-10-06T15-51-13.379Z,points-3000-seed-41544c53,pan,camera_api_sync_ms,ms,5,0
Atlas,f393bc3bb2ad,SVG,comparison-instrument-2026-10-06T15-51-13.379Z,points-3000-seed-41544c53,pan,frame_interval_ms,ms,6,16.599999999976717
Atlas,f393bc3bb2ad,SVG,comparison-instrument-2026-10-06T15-51-13.379Z,points-3000-seed-41544c53,pan,camera_api_sync_ms,ms,6,0
Atlas,f393bc3bb2ad,SVG,comparison-instrument-2026-10-06T15-51-13.379Z,points-3000-seed-41544c53,pan,frame_interval_ms,ms,7,16
Atlas,f393bc3bb2ad,SVG,comparison-instrument-2026-10-06T15-51-13.379Z,points-3000-seed-41544c53,pan,camera_api_sync_ms,ms,7,0
Atlas,f393bc3bb2ad,SVG,comparison-instrument-2026-10-06T15-51-13.379Z,points-3000-seed-41544c53,pan,frame_interval_ms,ms,8,17.400000000023283
Atlas,f393bc3bb2ad,SVG,comparison-instrument-2026-10-06T15-51-13.379Z,points-3000-seed-41544c53,pan,camera_api_sync_ms,ms,8,0.10000014305114746
Atlas,f393bc3bb2ad,SVG,comparison-instrument-2026-10-06T15-51-13.379Z,points-3000-seed-41544c53,pan,frame_interval_ms,ms,9,33.29999999993015
Atlas,f393bc3bb2ad,SVG,comparison-instrument-2026-10-06T15-51-13.379Z,points-3000-seed-41544c53,pan,camera_api_sync_ms,ms,9,0
Atlas,f393bc3bb2ad,SVG,comparison-instrument-2026-10-06T15-51-13.379Z,points-3000-seed-41544c53,pan,frame_interval_ms,ms,10,15.800000000046566
Atlas,f393bc3bb2ad,SVG,comparison-instrument-2026-10-06T15-51-13.379Z,points-3000-seed-41544c53,pan,camera_api_sync_ms,ms,10,0
Atlas,f393bc3bb2ad,SVG,comparison-instrument-2026-10-06T15-51-13.379Z,points-3000-seed-41544c53,pan,frame_interval_ms,ms,11,34.199999999953434
Atlas,f393bc3bb2ad,SVG,comparison-instrument-2026-10-06T15-51-13.379Z,points-3000-seed-41544c53,pan,camera_api_sync_ms,ms,11,0
Atlas,f393bc3bb2ad,SVG,comparison-instrument-2026-10-06T15-51-13.379Z,points-3000-seed-41544c53,pan,frame_interval_ms,ms,12,15.70000000006985
Atlas,f393bc3bb2ad,SVG,comparison-instrument-2026-10-06T15-51-13.379Z,points-3000-seed-41544c53,pan,camera_api_sync_ms,ms,12,0.10000014305114746
Atlas,f393bc3bb2ad,SVG,comparison-instrument-2026-10-06T15-51-13.379Z,points-3000-seed-41544c53,pan,frame_interval_ms,ms,13,17.599999999976717
Atlas,f393bc3bb2ad,SVG,comparison-instrument-2026-10-06T15-51-13.379Z,points-3000-seed-41544c53,pan,camera_api_sync_ms,ms,13,0.10000014305114746
Atlas,f393bc3bb2ad,SVG,comparison-instrument-2026-10-06T15-51-13.379Z,points-3000-seed-41544c53,pan,frame_interval_ms,ms,14,33.40000000002328
Atlas,f393bc3bb2ad,SVG,comparison-instrument-2026-10-06T15-51-13.379Z,points-3000-seed-41544c53,pan,camera_api_sync_ms,ms,14,0
Atlas,f393bc3bb2ad,SVG,comparison-instrument-2026-10-06T15-51-13.379Z,points-3000-seed-41544c53,pan,frame_interval_ms,ms,15,16.599999999976717
Atlas,f393bc3bb2ad,SVG,comparison-instrument-2026-10-06T15-51-13.379Z,points-3000-seed-41544c53,pan,camera_api_sync_ms,ms,15,0
Atlas,f393bc3bb2ad,SVG,comparison-instrument-2026-10-06T15-51-13.379Z,points-3000-seed-41544c53,pan,frame_interval_ms,ms,16,16.699999999953434
Atlas,f393bc3bb2ad,SVG,comparison-instrument-2026-10-06T15-51-13.379Z,points-3000-seed-41544c53,pan,camera_api_sync_ms,ms,16,0.10000014305114746
Atlas,f393bc3bb2ad,SVG,comparison-instrument-2026-10-06T15-51-13.379Z,points-3000-seed-41544c53,pan,frame_interval_ms,ms,17,33.300000000046566
Atlas,f393bc3bb2ad,SVG,comparison-instrument-2026-10-06T15-51-13.379Z,points-3000-seed-41544c53,pan,camera_api_sync_ms,ms,17,0
Atlas,f393bc3bb2ad,SVG,comparison-instrument-2026-10-06T15-51-13.379Z,points-3000-seed-41544c53,pan,frame_interval_ms,ms,18,16.699999999953434
Atlas,f393bc3bb2ad,SVG,comparison-instrument-2026-10-06T15-51-13.379Z,points-3000-seed-41544c53,pan,camera_api_sync_ms,ms,18,0.09999990463256836
Atlas,f393bc3bb2ad,SVG,comparison-instrument-2026-10-06T15-51-13.379Z,points-3000-seed-41544c53,pan,frame_interval_ms,ms,19,33.40000000002328
Atlas,f393bc3bb2ad,SVG,comparison-instrument-2026-10-06T15-51-13.379Z,points-3000-seed-41544c53,pan,camera_api_sync_ms,ms,19,0
Atlas,f393bc3bb2ad,SVG,comparison-instrument-2026-10-06T15-51-13.379Z,points-3000-seed-41544c53,pan,frame_interval_ms,ms,20,16.599999999976717
Atlas,f393bc3bb2ad,SVG,comparison-instrument-2026-10-06T15-51-13.379Z,points-3000-seed-41544c53,pan,camera_api_sync_ms,ms,20,0
Atlas,f393bc3bb2ad,SVG,comparison-instrument-2026-10-06T15-51-13.379Z,points-3000-seed-41544c53,pan,frame_interval_ms,ms,21,16.300000000046566
Atlas,f393bc3bb2ad,SVG,comparison-instrument-2026-10-06T15-51-13.379Z,points-3000-seed-41544c53,pan,camera_api_sync_ms,ms,21,0.10000014305114746
Atlas,f393bc3bb2ad,SVG,comparison-instrument-2026-10-06T15-51-13.379Z,points-3000-seed-41544c53,pan,frame_interval_ms,ms,22,33.699999999953434
Atlas,f393bc3bb2ad,SVG,comparison-instrument-2026-10-06T15-51-13.379Z,points-3000-seed-41544c53,pan,camera_api_sync_ms,ms,22,0.10000014305114746
Atlas,f393bc3bb2ad,SVG,comparison-instrument-2026-10-06T15-51-13.379Z,points-3000-seed-41544c53,pan,frame_interval_ms,ms,23,16.70000000006985
Atlas,f393bc3bb2ad,SVG,comparison-instrument-2026-10-06T15-51-13.379Z,points-3000-seed-41544c53,pan,camera_api_sync_ms,ms,23,0
Atlas,f393bc3bb2ad,SVG,comparison-instrument-2026-10-06T15-51-13.379Z,points-3000-seed-41544c53,pan,frame_interval_ms,ms,24,16.699999999953434
Atlas,f393bc3bb2ad,SVG,comparison-instrument-2026-10-06T15-51-13.379Z,points-3000-seed-41544c53,pan,camera_api_sync_ms,ms,24,0
Atlas,f393bc3bb2ad,SVG,comparison-instrument-2026-10-06T15-51-13.379Z,points-3000-seed-41544c53,pan,frame_interval_ms,ms,25,16.599999999976717
Atlas,f393bc3bb2ad,SVG,comparison-instrument-2026-10-06T15-51-13.379Z,points-3000-seed-41544c53,pan,camera_api_sync_ms,ms,25,0
Atlas,f393bc3bb2ad,SVG,comparison-instrument-2026-10-06T15-51-13.379Z,points-3000-seed-41544c53,pan,frame_interval_ms,ms,26,16.600000000093132
Atlas,f393bc3bb2ad,SVG,comparison-instrument-2026-10-06T15-51-13.379Z,points-3000-seed-41544c53,pan,camera_api_sync_ms,ms,26,0
Atlas,f393bc3bb2ad,SVG,comparison-instrument-2026-10-06T15-51-13.379Z,points-3000-seed-41544c53,pan,frame_interval_ms,ms,27,16.79999999993015
Atlas,f393bc3bb2ad,SVG,comparison-instrument-2026-10-06T15-51-13.379Z,points-3000-seed-41544c53,pan,camera_api_sync_ms,ms,27,0
Atlas,f393bc3bb2ad,SVG,comparison-instrument-2026-10-06T15-51-13.379Z,points-3000-seed-41544c53,pan,frame_interval_ms,ms,28,16.599999999976717
Atlas,f393bc3bb2ad,SVG,comparison-instrument-2026-10-06T15-51-13.379Z,points-3000-seed-41544c53,pan,camera_api_sync_ms,ms,28,0
Atlas,f393bc3bb2ad,SVG,comparison-instrument-2026-10-06T15-51-13.379Z,points-3000-seed-41544c53,pan,frame_interval_ms,ms,29,33
Atlas,f393bc3bb2ad,SVG,comparison-instrument-2026-10-06T15-51-13.379Z,points-3000-seed-41544c53,pan,camera_api_sync_ms,ms,29,0
Atlas,f393bc3bb2ad,SVG,comparison-instrument-2026-10-06T15-51-13.379Z,points-3000-seed-41544c53,pan,frame_interval_ms,ms,30,17
Atlas,f393bc3bb2ad,SVG,comparison-instrument-2026-10-06T15-51-13.379Z,points-3000-seed-41544c53,pan,camera_api_sync_ms,ms,30,0
Atlas,f393bc3bb2ad,SVG,comparison-instrument-2026-10-06T15-51-13.379Z,points-3000-seed-41544c53,pan,frame_interval_ms,ms,31,16.70000000006985
Atlas,f393bc3bb2ad,SVG,comparison-instrument-2026-10-06T15-51-13.379Z,points-3000-seed-41544c53,pan,camera_api_sync_ms,ms,31,0
Atlas,f393bc3bb2ad,SVG,comparison-instrument-2026-10-06T15-51-13.379Z,points-3000-seed-41544c53,pan,frame_interval_ms,ms,32,16.699999999953434
Atlas,f393bc3bb2ad,SVG,comparison-instrument-2026-10-06T15-51-13.379Z,points-3000-seed-41544c53,pan,camera_api_sync_ms,ms,32,0
Atlas,f393bc3bb2ad,SVG,comparison-instrument-2026-10-06T15-51-13.379Z,points-3000-seed-41544c53,pan,frame_interval_ms,ms,33,16.20000000006985
Atlas,f393bc3bb2ad,SVG,comparison-instrument-2026-10-06T15-51-13.379Z,points-3000-seed-41544c53,pan,camera_api_sync_ms,ms,33,0
Atlas,f393bc3bb2ad,SVG,comparison-instrument-2026-10-06T15-51-13.379Z,points-3000-seed-41544c53,pan,frame_interval_ms,ms,34,17.099999999976717
Atlas,f393bc3bb2ad,SVG,comparison-instrument-2026-10-06T15-51-13.379Z,points-3000-seed-41544c53,pan,camera_api_sync_ms,ms,34,0
Atlas,f393bc3bb2ad,SVG,comparison-instrument-2026-10-06T15-51-13.379Z,points-3000-seed-41544c53,pan,frame_interval_ms,ms,35,16.699999999953434
Atlas,f393bc3bb2ad,SVG,comparison-instrument-2026-10-06T15-51-13.379Z,points-3000-seed-41544c53,pan,camera_api_sync_ms,ms,35,0
Atlas,f393bc3bb2ad,SVG,comparison-instrument-2026-10-06T15-51-13.379Z,points-3000-seed-41544c53,pan,frame_interval_ms,ms,36,16.599999999976717
Atlas,f393bc3bb2ad,SVG,comparison-instrument-2026-10-06T15-51-13.379Z,points-3000-seed-41544c53,pan,camera_api_sync_ms,ms,36,0
Atlas,f393bc3bb2ad,SVG,comparison-instrument-2026-10-06T15-51-13.379Z,points-3000-seed-41544c53,pan,frame_interval_ms,ms,37,16.600000000093132
Atlas,f393bc3bb2ad,SVG,comparison-instrument-2026-10-06T15-51-13.379Z,points-3000-seed-41544c53,pan,camera_api_sync_ms,ms,37,0
Atlas,f393bc3bb2ad,SVG,comparison-instrument-2026-10-06T15-51-13.379Z,points-3000-seed-41544c53,pan,frame_interval_ms,ms,38,16.699999999953434
Atlas,f393bc3bb2ad,SVG,comparison-instrument-2026-10-06T15-51-13.379Z,points-3000-seed-41544c53,pan,camera_api_sync_ms,ms,38,0
Atlas,f393bc3bb2ad,SVG,comparison-instrument-2026-10-06T15-51-13.379Z,points-3000-seed-41544c53,pan,frame_interval_ms,ms,39,16.699999999953434
Atlas,f393bc3bb2ad,SVG,comparison-instrument-2026-10-06T15-51-13.379Z,points-3000-seed-41544c53,pan,camera_api_sync_ms,ms,39,0
Atlas,f393bc3bb2ad,SVG,comparison-instrument-2026-10-06T15-51-13.379Z,points-3000-seed-41544c53,pan,frame_interval_ms,ms,40,16
Atlas,f393bc3bb2ad,SVG,comparison-instrument-2026-10-06T15-51-13.379Z,points-3000-seed-41544c53,pan,camera_api_sync_ms,ms,40,0
Atlas,f393bc3bb2ad,SVG,comparison-instrument-2026-10-06T15-51-13.379Z,points-3000-seed-41544c53,pan,frame_interval_ms,ms,41,17.400000000023283
Atlas,f393bc3bb2ad,SVG,comparison-instrument-2026-10-06T15-51-13.379Z,points-3000-seed-41544c53,pan,camera_api_sync_ms,ms,41,0
Atlas,f393bc3bb2ad,SVG,comparison-instrument-2026-10-06T15-51-13.379Z,points-3000-seed-41544c53,pan,frame_interval_ms,ms,42,16.70000000006985
Atlas,f393bc3bb2ad,SVG,comparison-instrument-2026-10-06T15-51-13.379Z,points-3000-seed-41544c53,pan,camera_api_sync_ms,ms,42,0
Atlas,f393bc3bb2ad,SVG,comparison-instrument-2026-10-06T15-51-13.379Z,points-3000-seed-41544c53,pan,frame_interval_ms,ms,43,16.599999999976717
Atlas,f393bc3bb2ad,SVG,comparison-instrument-2026-10-06T15-51-13.379Z,points-3000-seed-41544c53,pan,camera_api_sync_ms,ms,43,0
Atlas,f393bc3bb2ad,SVG,comparison-instrument-2026-10-06T15-51-13.379Z,points-3000-seed-41544c53,pan,frame_interval_ms,ms,44,16.699999999953434
Atlas,f393bc3bb2ad,SVG,comparison-instrument-2026-10-06T15-51-13.379Z,points-3000-seed-41544c53,pan,camera_api_sync_ms,ms,44,0
Atlas,f393bc3bb2ad,SVG,comparison-instrument-2026-10-06T15-51-13.379Z,points-3000-seed-41544c53,pan,frame_interval_ms,ms,45,16.70000000006985
Atlas,f393bc3bb2ad,SVG,comparison-instrument-2026-10-06T15-51-13.379Z,points-3000-seed-41544c53,pan,camera_api_sync_ms,ms,45,0.09999990463256836
Atlas,f393bc3bb2ad,SVG,comparison-instrument-2026-10-06T15-51-13.379Z,points-3000-seed-41544c53,pan,frame_interval_ms,ms,46,16.599999999976717
Atlas,f393bc3bb2ad,SVG,comparison-instrument-2026-10-06T15-51-13.379Z,points-3000-seed-41544c53,pan,camera_api_sync_ms,ms,46,0
Atlas,f393bc3bb2ad,SVG,comparison-instrument-2026-10-06T15-51-13.379Z,points-3000-seed-41544c53,pan,frame_interval_ms,ms,47,16.699999999953434
Atlas,f393bc3bb2ad,SVG,comparison-instrument-2026-10-06T15-51-13.379Z,points-3000-seed-41544c53,pan,camera_api_sync_ms,ms,47,0
Atlas,f393bc3bb2ad,SVG,comparison-instrument-2026-10-06T15-51-13.379Z,points-3000-seed-41544c53,pan,frame_interval_ms,ms,48,16.599999999976717
Atlas,f393bc3bb2ad,SVG,comparison-instrument-2026-10-06T15-51-13.379Z,points-3000-seed-41544c53,pan,camera_api_sync_ms,ms,48,0.09999990463256836
Atlas,f393bc3bb2ad,SVG,comparison-instrument-2026-10-06T15-51-13.379Z,points-3000-seed-41544c53,pan,frame_interval_ms,ms,49,16.70000000006985
Atlas,f393bc3bb2ad,SVG,comparison-instrument-2026-10-06T15-51-13.379Z,points-3000-seed-41544c53,pan,camera_api_sync_ms,ms,49,0.09999990463256836
Atlas,f393bc3bb2ad,SVG,comparison-instrument-2026-10-06T15-51-13.379Z,points-3000-seed-41544c53,pan,frame_interval_ms,ms,50,16.699999999953434
Atlas,f393bc3bb2ad,SVG,comparison-instrument-2026-10-06T15-51-13.379Z,points-3000-seed-41544c53,pan,camera_api_sync_ms,ms,50,0
Atlas,f393bc3bb2ad,SVG,comparison-instrument-2026-10-06T15-51-13.379Z,points-3000-seed-41544c53,pan,frame_interval_ms,ms,51,16.599999999976717
Atlas,f393bc3bb2ad,SVG,comparison-instrument-2026-10-06T15-51-13.379Z,points-3000-seed-41544c53,pan,camera_api_sync_ms,ms,51,0
Atlas,f393bc3bb2ad,SVG,comparison-instrument-2026-10-06T15-51-13.379Z,points-3000-seed-41544c53,pan,frame_interval_ms,ms,52,16.70000000006985
Atlas,f393bc3bb2ad,SVG,comparison-instrument-2026-10-06T15-51-13.379Z,points-3000-seed-41544c53,pan,camera_api_sync_ms,ms,52,0
Atlas,f393bc3bb2ad,SVG,comparison-instrument-2026-10-06T15-51-13.379Z,points-3000-seed-41544c53,pan,frame_interval_ms,ms,53,16.599999999976717
Atlas,f393bc3bb2ad,SVG,comparison-instrument-2026-10-06T15-51-13.379Z,points-3000-seed-41544c53,pan,camera_api_sync_ms,ms,53,0
Atlas,f393bc3bb2ad,SVG,comparison-instrument-2026-10-06T15-51-13.379Z,points-3000-seed-41544c53,pan,frame_interval_ms,ms,54,16.699999999953434
Atlas,f393bc3bb2ad,SVG,comparison-instrument-2026-10-06T15-51-13.379Z,points-3000-seed-41544c53,pan,camera_api_sync_ms,ms,54,0.10000014305114746
Atlas,f393bc3bb2ad,SVG,comparison-instrument-2026-10-06T15-51-13.379Z,points-3000-seed-41544c53,pan,frame_interval_ms,ms,55,33.300000000046566
Atlas,f393bc3bb2ad,SVG,comparison-instrument-2026-10-06T15-51-13.379Z,points-3000-seed-41544c53,pan,camera_api_sync_ms,ms,55,0
Atlas,f393bc3bb2ad,SVG,comparison-instrument-2026-10-06T15-51-13.379Z,points-3000-seed-41544c53,pan,frame_interval_ms,ms,56,16.699999999953434
Atlas,f393bc3bb2ad,SVG,comparison-instrument-2026-10-06T15-51-13.379Z,points-3000-seed-41544c53,pan,camera_api_sync_ms,ms,56,0
Atlas,f393bc3bb2ad,SVG,comparison-instrument-2026-10-06T15-51-13.379Z,points-3000-seed-41544c53,pan,frame_interval_ms,ms,57,16.70000000006985
Atlas,f393bc3bb2ad,SVG,comparison-instrument-2026-10-06T15-51-13.379Z,points-3000-seed-41544c53,pan,camera_api_sync_ms,ms,57,0.09999990463256836
Atlas,f393bc3bb2ad,SVG,comparison-instrument-2026-10-06T15-51-13.379Z,points-3000-seed-41544c53,pan,frame_interval_ms,ms,58,16.599999999976717
Atlas,f393bc3bb2ad,SVG,comparison-instrument-2026-10-06T15-51-13.379Z,points-3000-seed-41544c53,pan,camera_api_sync_ms,ms,58,0
Atlas,f393bc3bb2ad,SVG,comparison-instrument-2026-10-06T15-51-13.379Z,points-3000-seed-41544c53,pan,frame_interval_ms,ms,59,16.699999999953434
Atlas,f393bc3bb2ad,SVG,comparison-instrument-2026-10-06T15-51-13.379Z,points-3000-seed-41544c53,pan,camera_api_sync_ms,ms,59,0
Atlas,f393bc3bb2ad,SVG,comparison-instrument-2026-10-06T15-51-13.379Z,points-3000-seed-41544c53,pan,frame_interval_ms,ms,60,16.70000000006985
Atlas,f393bc3bb2ad,SVG,comparison-instrument-2026-10-06T15-51-13.379Z,points-3000-seed-41544c53,pan,camera_api_sync_ms,ms,60,0
Atlas,f393bc3bb2ad,SVG,comparison-instrument-2026-10-06T15-51-13.379Z,points-3000-seed-41544c53,pan,frame_interval_ms,ms,61,16.599999999976717
Atlas,f393bc3bb2ad,SVG,comparison-instrument-2026-10-06T15-51-13.379Z,points-3000-seed-41544c53,pan,camera_api_sync_ms,ms,61,0
Atlas,f393bc3bb2ad,SVG,comparison-instrument-2026-10-06T15-51-13.379Z,points-3000-seed-41544c53,pan,frame_interval_ms,ms,62,16.699999999953434
Atlas,f393bc3bb2ad,SVG,comparison-instrument-2026-10-06T15-51-13.379Z,points-3000-seed-41544c53,pan,camera_api_sync_ms,ms,62,0
Atlas,f393bc3bb2ad,SVG,comparison-instrument-2026-10-06T15-51-13.379Z,points-3000-seed-41544c53,pan,frame_interval_ms,ms,63,16.70000000006985
Atlas,f393bc3bb2ad,SVG,comparison-instrument-2026-10-06T15-51-13.379Z,points-3000-seed-41544c53,pan,camera_api_sync_ms,ms,63,0
Atlas,f393bc3bb2ad,SVG,comparison-instrument-2026-10-06T15-51-13.379Z,points-3000-seed-41544c53,pan,frame_interval_ms,ms,64,16.599999999976717
Atlas,f393bc3bb2ad,SVG,comparison-instrument-2026-10-06T15-51-13.379Z,points-3000-seed-41544c53,pan,camera_api_sync_ms,ms,64,0
Atlas,f393bc3bb2ad,SVG,comparison-instrument-2026-10-06T15-51-13.379Z,points-3000-seed-41544c53,pan,frame_interval_ms,ms,65,16.699999999953434
Atlas,f393bc3bb2ad,SVG,comparison-instrument-2026-10-06T15-51-13.379Z,points-3000-seed-41544c53,pan,camera_api_sync_ms,ms,65,0
Atlas,f393bc3bb2ad,SVG,comparison-instrument-2026-10-06T15-51-13.379Z,points-3000-seed-41544c53,pan,frame_interval_ms,ms,66,16.70000000006985
Atlas,f393bc3bb2ad,SVG,comparison-instrument-2026-10-06T15-51-13.379Z,points-3000-seed-41544c53,pan,camera_api_sync_ms,ms,66,0
Atlas,f393bc3bb2ad,SVG,comparison-instrument-2026-10-06T15-51-13.379Z,points-3000-seed-41544c53,pan,frame_interval_ms,ms,67,16.29999999993015
Atlas,f393bc3bb2ad,SVG,comparison-instrument-2026-10-06T15-51-13.379Z,points-3000-seed-41544c53,pan,camera_api_sync_ms,ms,67,0
Atlas,f393bc3bb2ad,SVG,comparison-instrument-2026-10-06T15-51-13.379Z,points-3000-seed-41544c53,pan,frame_interval_ms,ms,68,16.100000000093132
Atlas,f393bc3bb2ad,SVG,comparison-instrument-2026-10-06T15-51-13.379Z,points-3000-seed-41544c53,pan,camera_api_sync_ms,ms,68,0
Atlas,f393bc3bb2ad,SVG,comparison-instrument-2026-10-06T15-51-13.379Z,points-3000-seed-41544c53,pan,frame_interval_ms,ms,69,17.5
Atlas,f393bc3bb2ad,SVG,comparison-instrument-2026-10-06T15-51-13.379Z,points-3000-seed-41544c53,pan,camera_api_sync_ms,ms,69,0.10000014305114746
Atlas,f393bc3bb2ad,SVG,comparison-instrument-2026-10-06T15-51-13.379Z,points-3000-seed-41544c53,pan,frame_interval_ms,ms,70,16.79999999993015
Atlas,f393bc3bb2ad,SVG,comparison-instrument-2026-10-06T15-51-13.379Z,points-3000-seed-41544c53,pan,camera_api_sync_ms,ms,70,0
Atlas,f393bc3bb2ad,SVG,comparison-instrument-2026-10-06T15-51-13.379Z,points-3000-seed-41544c53,pan,frame_interval_ms,ms,71,16.599999999976717
Atlas,f393bc3bb2ad,SVG,comparison-instrument-2026-10-06T15-51-13.379Z,points-3000-seed-41544c53,pan,camera_api_sync_ms,ms,71,0
Atlas,f393bc3bb2ad,SVG,comparison-instrument-2026-10-06T15-51-13.379Z,points-3000-seed-41544c53,pan,frame_interval_ms,ms,72,16.70000000006985
Atlas,f393bc3bb2ad,SVG,comparison-instrument-2026-10-06T15-51-13.379Z,points-3000-seed-41544c53,pan,camera_api_sync_ms,ms,72,0
Atlas,f393bc3bb2ad,SVG,comparison-instrument-2026-10-06T15-51-13.379Z,points-3000-seed-41544c53,pan,frame_interval_ms,ms,73,16.599999999976717
Atlas,f393bc3bb2ad,SVG,comparison-instrument-2026-10-06T15-51-13.379Z,points-3000-seed-41544c53,pan,camera_api_sync_ms,ms,73,0
Atlas,f393bc3bb2ad,SVG,comparison-instrument-2026-10-06T15-51-13.379Z,points-3000-seed-41544c53,pan,frame_interval_ms,ms,74,16.699999999953434
Atlas,f393bc3bb2ad,SVG,comparison-instrument-2026-10-06T15-51-13.379Z,points-3000-seed-41544c53,pan,camera_api_sync_ms,ms,74,0
Atlas,f393bc3bb2ad,SVG,comparison-instrument-2026-10-06T15-51-13.379Z,points-3000-seed-41544c53,pan,frame_interval_ms,ms,75,16.70000000006985
Atlas,f393bc3bb2ad,SVG,comparison-instrument-2026-10-06T15-51-13.379Z,points-3000-seed-41544c53,pan,camera_api_sync_ms,ms,75,0
Atlas,f393bc3bb2ad,SVG,comparison-instrument-2026-10-06T15-51-13.379Z,points-3000-seed-41544c53,pan,frame_interval_ms,ms,76,15.699999999953434
Atlas,f393bc3bb2ad,SVG,comparison-instrument-2026-10-06T15-51-13.379Z,points-3000-seed-41544c53,pan,camera_api_sync_ms,ms,76,0
Atlas,f393bc3bb2ad,SVG,comparison-instrument-2026-10-06T15-51-13.379Z,points-3000-seed-41544c53,pan,frame_interval_ms,ms,77,16.599999999976717
Atlas,f393bc3bb2ad,SVG,comparison-instrument-2026-10-06T15-51-13.379Z,points-3000-seed-41544c53,pan,camera_api_sync_ms,ms,77,0
Atlas,f393bc3bb2ad,SVG,comparison-instrument-2026-10-06T15-51-13.379Z,points-3000-seed-41544c53,pan,frame_interval_ms,ms,78,16.800000000046566
Atlas,f393bc3bb2ad,SVG,comparison-instrument-2026-10-06T15-51-13.379Z,points-3000-seed-41544c53,pan,camera_api_sync_ms,ms,78,0
Atlas,f393bc3bb2ad,SVG,comparison-instrument-2026-10-06T15-51-13.379Z,points-3000-seed-41544c53,pan,frame_interval_ms,ms,79,17.099999999976717
Atlas,f393bc3bb2ad,SVG,comparison-instrument-2026-10-06T15-51-13.379Z,points-3000-seed-41544c53,pan,camera_api_sync_ms,ms,79,0
Atlas,f393bc3bb2ad,SVG,comparison-instrument-2026-10-06T15-51-13.379Z,points-3000-seed-41544c53,pan,frame_interval_ms,ms,80,17.099999999976717
Atlas,f393bc3bb2ad,SVG,comparison-instrument-2026-10-06T15-51-13.379Z,points-3000-seed-41544c53,pan,camera_api_sync_ms,ms,80,0
Atlas,f393bc3bb2ad,SVG,comparison-instrument-2026-10-06T15-51-13.379Z,points-3000-seed-41544c53,pan,frame_interval_ms,ms,81,16.600000000093132
Atlas,f393bc3bb2ad,SVG,comparison-instrument-2026-10-06T15-51-13.379Z,points-3000-seed-41544c53,pan,camera_api_sync_ms,ms,81,0
Atlas,f393bc3bb2ad,SVG,comparison-instrument-2026-10-06T15-51-13.379Z,points-3000-seed-41544c53,pan,frame_interval_ms,ms,82,16.699999999953434
Atlas,f393bc3bb2ad,SVG,comparison-instrument-2026-10-06T15-51-13.379Z,points-3000-seed-41544c53,pan,camera_api_sync_ms,ms,82,0
Atlas,f393bc3bb2ad,SVG,comparison-instrument-2026-10-06T15-51-13.379Z,points-3000-seed-41544c53,pan,motion_elapsed_ms,ms,0,1516.5999999999767
Atlas,f393bc3bb2ad,SVG,comparison-instrument-2026-10-06T15-51-13.379Z,points-3000-seed-41544c53,pan,camera_updates,count,0,83
Atlas,f393bc3bb2ad,SVG,comparison-instrument-2026-10-06T15-51-13.379Z,points-3000-seed-41544c53,pan,svg_attribute_writes,count,0,498249
Atlas,f393bc3bb2ad,SVG,comparison-instrument-2026-10-06T15-51-13.379Z,points-3000-seed-41544c53,pan,svg_attribute_removals,count,0,249000
Atlas,f393bc3bb2ad,SVG,comparison-instrument-2026-10-06T15-51-13.379Z,points-3000-seed-41544c53,pan,dom_added_nodes,count,0,0
Atlas,f393bc3bb2ad,SVG,comparison-instrument-2026-10-06T15-51-13.379Z,points-3000-seed-41544c53,pan,dom_removed_nodes,count,0,0
Leaflet,1.9.4,SVG,comparison-instrument-2026-10-06T15-51-13.379Z,points-3000-seed-41544c53,pan,frame_interval_ms,ms,0,16.599999999976717
Leaflet,1.9.4,SVG,comparison-instrument-2026-10-06T15-51-13.379Z,points-3000-seed-41544c53,pan,camera_api_sync_ms,ms,0,3.200000047683716
Leaflet,1.9.4,SVG,comparison-instrument-2026-10-06T15-51-13.379Z,points-3000-seed-41544c53,pan,frame_interval_ms,ms,1,16.70000000006985
Leaflet,1.9.4,SVG,comparison-instrument-2026-10-06T15-51-13.379Z,points-3000-seed-41544c53,pan,camera_api_sync_ms,ms,1,2.4000000953674316
Leaflet,1.9.4,SVG,comparison-instrument-2026-10-06T15-51-13.379Z,points-3000-seed-41544c53,pan,frame_interval_ms,ms,2,16.599999999976717
Leaflet,1.9.4,SVG,comparison-instrument-2026-10-06T15-51-13.379Z,points-3000-seed-41544c53,pan,camera_api_sync_ms,ms,2,2.5
Leaflet,1.9.4,SVG,comparison-instrument-2026-10-06T15-51-13.379Z,points-3000-seed-41544c53,pan,frame_interval_ms,ms,3,16.699999999953434
Leaflet,1.9.4,SVG,comparison-instrument-2026-10-06T15-51-13.379Z,points-3000-seed-41544c53,pan,camera_api_sync_ms,ms,3,2.5
Leaflet,1.9.4,SVG,comparison-instrument-2026-10-06T15-51-13.379Z,points-3000-seed-41544c53,pan,frame_interval_ms,ms,4,16.70000000006985
Leaflet,1.9.4,SVG,comparison-instrument-2026-10-06T15-51-13.379Z,points-3000-seed-41544c53,pan,camera_api_sync_ms,ms,4,2.6999998092651367
Leaflet,1.9.4,SVG,comparison-instrument-2026-10-06T15-51-13.379Z,points-3000-seed-41544c53,pan,frame_interval_ms,ms,5,16.699999999953434
Leaflet,1.9.4,SVG,comparison-instrument-2026-10-06T15-51-13.379Z,points-3000-seed-41544c53,pan,camera_api_sync_ms,ms,5,2.5
Leaflet,1.9.4,SVG,comparison-instrument-2026-10-06T15-51-13.379Z,points-3000-seed-41544c53,pan,frame_interval_ms,ms,6,16.599999999976717
Leaflet,1.9.4,SVG,comparison-instrument-2026-10-06T15-51-13.379Z,points-3000-seed-41544c53,pan,camera_api_sync_ms,ms,6,2.4000000953674316
Leaflet,1.9.4,SVG,comparison-instrument-2026-10-06T15-51-13.379Z,points-3000-seed-41544c53,pan,frame_interval_ms,ms,7,16.600000000093132
Leaflet,1.9.4,SVG,comparison-instrument-2026-10-06T15-51-13.379Z,points-3000-seed-41544c53,pan,camera_api_sync_ms,ms,7,2.299999952316284
Leaflet,1.9.4,SVG,comparison-instrument-2026-10-06T15-51-13.379Z,points-3000-seed-41544c53,pan,frame_interval_ms,ms,8,16.79999999993015
Leaflet,1.9.4,SVG,comparison-instrument-2026-10-06T15-51-13.379Z,points-3000-seed-41544c53,pan,camera_api_sync_ms,ms,8,2.4000000953674316
Leaflet,1.9.4,SVG,comparison-instrument-2026-10-06T15-51-13.379Z,points-3000-seed-41544c53,pan,frame_interval_ms,ms,9,16.599999999976717
Leaflet,1.9.4,SVG,comparison-instrument-2026-10-06T15-51-13.379Z,points-3000-seed-41544c53,pan,camera_api_sync_ms,ms,9,2.3000001907348633
Leaflet,1.9.4,SVG,comparison-instrument-2026-10-06T15-51-13.379Z,points-3000-seed-41544c53,pan,frame_interval_ms,ms,10,16.70000000006985
Leaflet,1.9.4,SVG,comparison-instrument-2026-10-06T15-51-13.379Z,points-3000-seed-41544c53,pan,camera_api_sync_ms,ms,10,2.299999952316284
Leaflet,1.9.4,SVG,comparison-instrument-2026-10-06T15-51-13.379Z,points-3000-seed-41544c53,pan,frame_interval_ms,ms,11,16.699999999953434
Leaflet,1.9.4,SVG,comparison-instrument-2026-10-06T15-51-13.379Z,points-3000-seed-41544c53,pan,camera_api_sync_ms,ms,11,2.299999952316284
Leaflet,1.9.4,SVG,comparison-instrument-2026-10-06T15-51-13.379Z,points-3000-seed-41544c53,pan,frame_interval_ms,ms,12,16.599999999976717
Leaflet,1.9.4,SVG,comparison-instrument-2026-10-06T15-51-13.379Z,points-3000-seed-41544c53,pan,camera_api_sync_ms,ms,12,2.3999998569488525
Leaflet,1.9.4,SVG,comparison-instrument-2026-10-06T15-51-13.379Z,points-3000-seed-41544c53,pan,frame_interval_ms,ms,13,16.70000000006985
Leaflet,1.9.4,SVG,comparison-instrument-2026-10-06T15-51-13.379Z,points-3000-seed-41544c53,pan,camera_api_sync_ms,ms,13,2.5999999046325684
Leaflet,1.9.4,SVG,comparison-instrument-2026-10-06T15-51-13.379Z,points-3000-seed-41544c53,pan,frame_interval_ms,ms,14,16.599999999976717
Leaflet,1.9.4,SVG,comparison-instrument-2026-10-06T15-51-13.379Z,points-3000-seed-41544c53,pan,camera_api_sync_ms,ms,14,2.799999952316284
Leaflet,1.9.4,SVG,comparison-instrument-2026-10-06T15-51-13.379Z,points-3000-seed-41544c53,pan,frame_interval_ms,ms,15,16.699999999953434
Leaflet,1.9.4,SVG,comparison-instrument-2026-10-06T15-51-13.379Z,points-3000-seed-41544c53,pan,camera_api_sync_ms,ms,15,2.299999952316284
Leaflet,1.9.4,SVG,comparison-instrument-2026-10-06T15-51-13.379Z,points-3000-seed-41544c53,pan,frame_interval_ms,ms,16,16.70000000006985
Leaflet,1.9.4,SVG,comparison-instrument-2026-10-06T15-51-13.379Z,points-3000-seed-41544c53,pan,camera_api_sync_ms,ms,16,2.5
Leaflet,1.9.4,SVG,comparison-instrument-2026-10-06T15-51-13.379Z,points-3000-seed-41544c53,pan,frame_interval_ms,ms,17,16.699999999953434
Leaflet,1.9.4,SVG,comparison-instrument-2026-10-06T15-51-13.379Z,points-3000-seed-41544c53,pan,camera_api_sync_ms,ms,17,2.6000001430511475
Leaflet,1.9.4,SVG,comparison-instrument-2026-10-06T15-51-13.379Z,points-3000-seed-41544c53,pan,frame_interval_ms,ms,18,16.599999999976717
Leaflet,1.9.4,SVG,comparison-instrument-2026-10-06T15-51-13.379Z,points-3000-seed-41544c53,pan,camera_api_sync_ms,ms,18,2.5
Leaflet,1.9.4,SVG,comparison-instrument-2026-10-06T15-51-13.379Z,points-3000-seed-41544c53,pan,frame_interval_ms,ms,19,16.70000000006985
Leaflet,1.9.4,SVG,comparison-instrument-2026-10-06T15-51-13.379Z,points-3000-seed-41544c53,pan,camera_api_sync_ms,ms,19,2.8000001907348633
Leaflet,1.9.4,SVG,comparison-instrument-2026-10-06T15-51-13.379Z,points-3000-seed-41544c53,pan,frame_interval_ms,ms,20,16.699999999953434
Leaflet,1.9.4,SVG,comparison-instrument-2026-10-06T15-51-13.379Z,points-3000-seed-41544c53,pan,camera_api_sync_ms,ms,20,2.799999952316284
Leaflet,1.9.4,SVG,comparison-instrument-2026-10-06T15-51-13.379Z,points-3000-seed-41544c53,pan,frame_interval_ms,ms,21,16.70000000006985
Leaflet,1.9.4,SVG,comparison-instrument-2026-10-06T15-51-13.379Z,points-3000-seed-41544c53,pan,camera_api_sync_ms,ms,21,2.799999952316284
Leaflet,1.9.4,SVG,comparison-instrument-2026-10-06T15-51-13.379Z,points-3000-seed-41544c53,pan,frame_interval_ms,ms,22,16.5
Leaflet,1.9.4,SVG,comparison-instrument-2026-10-06T15-51-13.379Z,points-3000-seed-41544c53,pan,camera_api_sync_ms,ms,22,2.799999952316284
Leaflet,1.9.4,SVG,comparison-instrument-2026-10-06T15-51-13.379Z,points-3000-seed-41544c53,pan,frame_interval_ms,ms,23,16.699999999953434
Leaflet,1.9.4,SVG,comparison-instrument-2026-10-06T15-51-13.379Z,points-3000-seed-41544c53,pan,camera_api_sync_ms,ms,23,2.700000047683716
Leaflet,1.9.4,SVG,comparison-instrument-2026-10-06T15-51-13.379Z,points-3000-seed-41544c53,pan,frame_interval_ms,ms,24,16.699999999953434
Leaflet,1.9.4,SVG,comparison-instrument-2026-10-06T15-51-13.379Z,points-3000-seed-41544c53,pan,camera_api_sync_ms,ms,24,2.5999999046325684
Leaflet,1.9.4,SVG,comparison-instrument-2026-10-06T15-51-13.379Z,points-3000-seed-41544c53,pan,frame_interval_ms,ms,25,16.600000000093132
Leaflet,1.9.4,SVG,comparison-instrument-2026-10-06T15-51-13.379Z,points-3000-seed-41544c53,pan,camera_api_sync_ms,ms,25,2.6000001430511475
Leaflet,1.9.4,SVG,comparison-instrument-2026-10-06T15-51-13.379Z,points-3000-seed-41544c53,pan,frame_interval_ms,ms,26,16.699999999953434
Leaflet,1.9.4,SVG,comparison-instrument-2026-10-06T15-51-13.379Z,points-3000-seed-41544c53,pan,camera_api_sync_ms,ms,26,2.5
Leaflet,1.9.4,SVG,comparison-instrument-2026-10-06T15-51-13.379Z,points-3000-seed-41544c53,pan,frame_interval_ms,ms,27,16.699999999953434
Leaflet,1.9.4,SVG,comparison-instrument-2026-10-06T15-51-13.379Z,points-3000-seed-41544c53,pan,camera_api_sync_ms,ms,27,2.5999999046325684
Leaflet,1.9.4,SVG,comparison-instrument-2026-10-06T15-51-13.379Z,points-3000-seed-41544c53,pan,frame_interval_ms,ms,28,16.70000000006985
Leaflet,1.9.4,SVG,comparison-instrument-2026-10-06T15-51-13.379Z,points-3000-seed-41544c53,pan,camera_api_sync_ms,ms,28,2.6000001430511475
Leaflet,1.9.4,SVG,comparison-instrument-2026-10-06T15-51-13.379Z,points-3000-seed-41544c53,pan,frame_interval_ms,ms,29,16.599999999976717
Leaflet,1.9.4,SVG,comparison-instrument-2026-10-06T15-51-13.379Z,points-3000-seed-41544c53,pan,camera_api_sync_ms,ms,29,2.3999998569488525
Leaflet,1.9.4,SVG,comparison-instrument-2026-10-06T15-51-13.379Z,points-3000-seed-41544c53,pan,frame_interval_ms,ms,30,16.699999999953434
Leaflet,1.9.4,SVG,comparison-instrument-2026-10-06T15-51-13.379Z,points-3000-seed-41544c53,pan,camera_api_sync_ms,ms,30,2.3999998569488525
Leaflet,1.9.4,SVG,comparison-instrument-2026-10-06T15-51-13.379Z,points-3000-seed-41544c53,pan,frame_interval_ms,ms,31,16.70000000006985
Leaflet,1.9.4,SVG,comparison-instrument-2026-10-06T15-51-13.379Z,points-3000-seed-41544c53,pan,camera_api_sync_ms,ms,31,2.5
Leaflet,1.9.4,SVG,comparison-instrument-2026-10-06T15-51-13.379Z,points-3000-seed-41544c53,pan,frame_interval_ms,ms,32,16.699999999953434
Leaflet,1.9.4,SVG,comparison-instrument-2026-10-06T15-51-13.379Z,points-3000-seed-41544c53,pan,camera_api_sync_ms,ms,32,3
Leaflet,1.9.4,SVG,comparison-instrument-2026-10-06T15-51-13.379Z,points-3000-seed-41544c53,pan,frame_interval_ms,ms,33,15.70000000006985
Leaflet,1.9.4,SVG,comparison-instrument-2026-10-06T15-51-13.379Z,points-3000-seed-41544c53,pan,camera_api_sync_ms,ms,33,3
Leaflet,1.9.4,SVG,comparison-instrument-2026-10-06T15-51-13.379Z,points-3000-seed-41544c53,pan,frame_interval_ms,ms,34,17.599999999976717
Leaflet,1.9.4,SVG,comparison-instrument-2026-10-06T15-51-13.379Z,points-3000-seed-41544c53,pan,camera_api_sync_ms,ms,34,2.200000047683716
Leaflet,1.9.4,SVG,comparison-instrument-2026-10-06T15-51-13.379Z,points-3000-seed-41544c53,pan,frame_interval_ms,ms,35,16.599999999976717
Leaflet,1.9.4,SVG,comparison-instrument-2026-10-06T15-51-13.379Z,points-3000-seed-41544c53,pan,camera_api_sync_ms,ms,35,2.5
Leaflet,1.9.4,SVG,comparison-instrument-2026-10-06T15-51-13.379Z,points-3000-seed-41544c53,pan,frame_interval_ms,ms,36,16.5
Leaflet,1.9.4,SVG,comparison-instrument-2026-10-06T15-51-13.379Z,points-3000-seed-41544c53,pan,camera_api_sync_ms,ms,36,2.3999998569488525
Leaflet,1.9.4,SVG,comparison-instrument-2026-10-06T15-51-13.379Z,points-3000-seed-41544c53,pan,frame_interval_ms,ms,37,16.900000000023283
Leaflet,1.9.4,SVG,comparison-instrument-2026-10-06T15-51-13.379Z,points-3000-seed-41544c53,pan,camera_api_sync_ms,ms,37,2.5
Leaflet,1.9.4,SVG,comparison-instrument-2026-10-06T15-51-13.379Z,points-3000-seed-41544c53,pan,frame_interval_ms,ms,38,16.699999999953434
Leaflet,1.9.4,SVG,comparison-instrument-2026-10-06T15-51-13.379Z,points-3000-seed-41544c53,pan,camera_api_sync_ms,ms,38,2.3999998569488525
Leaflet,1.9.4,SVG,comparison-instrument-2026-10-06T15-51-13.379Z,points-3000-seed-41544c53,pan,frame_interval_ms,ms,39,16.599999999976717
Leaflet,1.9.4,SVG,comparison-instrument-2026-10-06T15-51-13.379Z,points-3000-seed-41544c53,pan,camera_api_sync_ms,ms,39,2.4000000953674316
Leaflet,1.9.4,SVG,comparison-instrument-2026-10-06T15-51-13.379Z,points-3000-seed-41544c53,pan,frame_interval_ms,ms,40,16
Leaflet,1.9.4,SVG,comparison-instrument-2026-10-06T15-51-13.379Z,points-3000-seed-41544c53,pan,camera_api_sync_ms,ms,40,2.3999998569488525
Leaflet,1.9.4,SVG,comparison-instrument-2026-10-06T15-51-13.379Z,points-3000-seed-41544c53,pan,frame_interval_ms,ms,41,17.400000000023283
Leaflet,1.9.4,SVG,comparison-instrument-2026-10-06T15-51-13.379Z,points-3000-seed-41544c53,pan,camera_api_sync_ms,ms,41,2.5999999046325684
Leaflet,1.9.4,SVG,comparison-instrument-2026-10-06T15-51-13.379Z,points-3000-seed-41544c53,pan,frame_interval_ms,ms,42,16.70000000006985
Leaflet,1.9.4,SVG,comparison-instrument-2026-10-06T15-51-13.379Z,points-3000-seed-41544c53,pan,camera_api_sync_ms,ms,42,2.5
Leaflet,1.9.4,SVG,comparison-instrument-2026-10-06T15-51-13.379Z,points-3000-seed-41544c53,pan,frame_interval_ms,ms,43,16.5
Leaflet,1.9.4,SVG,comparison-instrument-2026-10-06T15-51-13.379Z,points-3000-seed-41544c53,pan,camera_api_sync_ms,ms,43,3
Leaflet,1.9.4,SVG,comparison-instrument-2026-10-06T15-51-13.379Z,points-3000-seed-41544c53,pan,frame_interval_ms,ms,44,16.79999999993015
Leaflet,1.9.4,SVG,comparison-instrument-2026-10-06T15-51-13.379Z,points-3000-seed-41544c53,pan,camera_api_sync_ms,ms,44,2.700000047683716
Leaflet,1.9.4,SVG,comparison-instrument-2026-10-06T15-51-13.379Z,points-3000-seed-41544c53,pan,frame_interval_ms,ms,45,16.599999999976717
Leaflet,1.9.4,SVG,comparison-instrument-2026-10-06T15-51-13.379Z,points-3000-seed-41544c53,pan,camera_api_sync_ms,ms,45,2.799999952316284
Leaflet,1.9.4,SVG,comparison-instrument-2026-10-06T15-51-13.379Z,points-3000-seed-41544c53,pan,frame_interval_ms,ms,46,16.600000000093132
Leaflet,1.9.4,SVG,comparison-instrument-2026-10-06T15-51-13.379Z,points-3000-seed-41544c53,pan,camera_api_sync_ms,ms,46,2.799999952316284
Leaflet,1.9.4,SVG,comparison-instrument-2026-10-06T15-51-13.379Z,points-3000-seed-41544c53,pan,frame_interval_ms,ms,47,16.699999999953434
Leaflet,1.9.4,SVG,comparison-instrument-2026-10-06T15-51-13.379Z,points-3000-seed-41544c53,pan,camera_api_sync_ms,ms,47,2.700000047683716
Leaflet,1.9.4,SVG,comparison-instrument-2026-10-06T15-51-13.379Z,points-3000-seed-41544c53,pan,frame_interval_ms,ms,48,16.699999999953434
Leaflet,1.9.4,SVG,comparison-instrument-2026-10-06T15-51-13.379Z,points-3000-seed-41544c53,pan,camera_api_sync_ms,ms,48,2.799999952316284
Leaflet,1.9.4,SVG,comparison-instrument-2026-10-06T15-51-13.379Z,points-3000-seed-41544c53,pan,frame_interval_ms,ms,49,16.300000000046566
Leaflet,1.9.4,SVG,comparison-instrument-2026-10-06T15-51-13.379Z,points-3000-seed-41544c53,pan,camera_api_sync_ms,ms,49,2.700000047683716
Leaflet,1.9.4,SVG,comparison-instrument-2026-10-06T15-51-13.379Z,points-3000-seed-41544c53,pan,frame_interval_ms,ms,50,17.099999999976717
Leaflet,1.9.4,SVG,comparison-instrument-2026-10-06T15-51-13.379Z,points-3000-seed-41544c53,pan,camera_api_sync_ms,ms,50,4.099999904632568
Leaflet,1.9.4,SVG,comparison-instrument-2026-10-06T15-51-13.379Z,points-3000-seed-41544c53,pan,frame_interval_ms,ms,51,16.099999999976717
Leaflet,1.9.4,SVG,comparison-instrument-2026-10-06T15-51-13.379Z,points-3000-seed-41544c53,pan,camera_api_sync_ms,ms,51,2.799999952316284
Leaflet,1.9.4,SVG,comparison-instrument-2026-10-06T15-51-13.379Z,points-3000-seed-41544c53,pan,frame_interval_ms,ms,52,16.5
Leaflet,1.9.4,SVG,comparison-instrument-2026-10-06T15-51-13.379Z,points-3000-seed-41544c53,pan,camera_api_sync_ms,ms,52,2.5999999046325684
Leaflet,1.9.4,SVG,comparison-instrument-2026-10-06T15-51-13.379Z,points-3000-seed-41544c53,pan,frame_interval_ms,ms,53,17.400000000023283
Leaflet,1.9.4,SVG,comparison-instrument-2026-10-06T15-51-13.379Z,points-3000-seed-41544c53,pan,camera_api_sync_ms,ms,53,3
Leaflet,1.9.4,SVG,comparison-instrument-2026-10-06T15-51-13.379Z,points-3000-seed-41544c53,pan,frame_interval_ms,ms,54,16.599999999976717
Leaflet,1.9.4,SVG,comparison-instrument-2026-10-06T15-51-13.379Z,points-3000-seed-41544c53,pan,camera_api_sync_ms,ms,54,2.5999999046325684
Leaflet,1.9.4,SVG,comparison-instrument-2026-10-06T15-51-13.379Z,points-3000-seed-41544c53,pan,frame_interval_ms,ms,55,16.600000000093132
Leaflet,1.9.4,SVG,comparison-instrument-2026-10-06T15-51-13.379Z,points-3000-seed-41544c53,pan,camera_api_sync_ms,ms,55,2.5999999046325684
Leaflet,1.9.4,SVG,comparison-instrument-2026-10-06T15-51-13.379Z,points-3000-seed-41544c53,pan,frame_interval_ms,ms,56,16.699999999953434
Leaflet,1.9.4,SVG,comparison-instrument-2026-10-06T15-51-13.379Z,points-3000-seed-41544c53,pan,camera_api_sync_ms,ms,56,2.299999952316284
Leaflet,1.9.4,SVG,comparison-instrument-2026-10-06T15-51-13.379Z,points-3000-seed-41544c53,pan,frame_interval_ms,ms,57,16.699999999953434
Leaflet,1.9.4,SVG,comparison-instrument-2026-10-06T15-51-13.379Z,points-3000-seed-41544c53,pan,camera_api_sync_ms,ms,57,2.4000000953674316
Leaflet,1.9.4,SVG,comparison-instrument-2026-10-06T15-51-13.379Z,points-3000-seed-41544c53,pan,frame_interval_ms,ms,58,16.70000000006985
Leaflet,1.9.4,SVG,comparison-instrument-2026-10-06T15-51-13.379Z,points-3000-seed-41544c53,pan,camera_api_sync_ms,ms,58,2.4000000953674316
Leaflet,1.9.4,SVG,comparison-instrument-2026-10-06T15-51-13.379Z,points-3000-seed-41544c53,pan,frame_interval_ms,ms,59,16.699999999953434
Leaflet,1.9.4,SVG,comparison-instrument-2026-10-06T15-51-13.379Z,points-3000-seed-41544c53,pan,camera_api_sync_ms,ms,59,2.3999998569488525
Leaflet,1.9.4,SVG,comparison-instrument-2026-10-06T15-51-13.379Z,points-3000-seed-41544c53,pan,frame_interval_ms,ms,60,16.599999999976717
Leaflet,1.9.4,SVG,comparison-instrument-2026-10-06T15-51-13.379Z,points-3000-seed-41544c53,pan,camera_api_sync_ms,ms,60,2.299999952316284
Leaflet,1.9.4,SVG,comparison-instrument-2026-10-06T15-51-13.379Z,points-3000-seed-41544c53,pan,frame_interval_ms,ms,61,16.70000000006985
Leaflet,1.9.4,SVG,comparison-instrument-2026-10-06T15-51-13.379Z,points-3000-seed-41544c53,pan,camera_api_sync_ms,ms,61,2.4000000953674316
Leaflet,1.9.4,SVG,comparison-instrument-2026-10-06T15-51-13.379Z,points-3000-seed-41544c53,pan,frame_interval_ms,ms,62,16.599999999976717
Leaflet,1.9.4,SVG,comparison-instrument-2026-10-06T15-51-13.379Z,points-3000-seed-41544c53,pan,camera_api_sync_ms,ms,62,2.3999998569488525
Leaflet,1.9.4,SVG,comparison-instrument-2026-10-06T15-51-13.379Z,points-3000-seed-41544c53,pan,frame_interval_ms,ms,63,16.699999999953434
Leaflet,1.9.4,SVG,comparison-instrument-2026-10-06T15-51-13.379Z,points-3000-seed-41544c53,pan,camera_api_sync_ms,ms,63,2.5
Leaflet,1.9.4,SVG,comparison-instrument-2026-10-06T15-51-13.379Z,points-3000-seed-41544c53,pan,frame_interval_ms,ms,64,16.70000000006985
Leaflet,1.9.4,SVG,comparison-instrument-2026-10-06T15-51-13.379Z,points-3000-seed-41544c53,pan,camera_api_sync_ms,ms,64,2.4000000953674316
Leaflet,1.9.4,SVG,comparison-instrument-2026-10-06T15-51-13.379Z,points-3000-seed-41544c53,pan,frame_interval_ms,ms,65,16.599999999976717
Leaflet,1.9.4,SVG,comparison-instrument-2026-10-06T15-51-13.379Z,points-3000-seed-41544c53,pan,camera_api_sync_ms,ms,65,2.5
Leaflet,1.9.4,SVG,comparison-instrument-2026-10-06T15-51-13.379Z,points-3000-seed-41544c53,pan,frame_interval_ms,ms,66,16.699999999953434
Leaflet,1.9.4,SVG,comparison-instrument-2026-10-06T15-51-13.379Z,points-3000-seed-41544c53,pan,camera_api_sync_ms,ms,66,2.6000001430511475
Leaflet,1.9.4,SVG,comparison-instrument-2026-10-06T15-51-13.379Z,points-3000-seed-41544c53,pan,frame_interval_ms,ms,67,16.5
Leaflet,1.9.4,SVG,comparison-instrument-2026-10-06T15-51-13.379Z,points-3000-seed-41544c53,pan,camera_api_sync_ms,ms,67,2.5999999046325684
Leaflet,1.9.4,SVG,comparison-instrument-2026-10-06T15-51-13.379Z,points-3000-seed-41544c53,pan,frame_interval_ms,ms,68,16.900000000023283
Leaflet,1.9.4,SVG,comparison-instrument-2026-10-06T15-51-13.379Z,points-3000-seed-41544c53,pan,camera_api_sync_ms,ms,68,2.5
Leaflet,1.9.4,SVG,comparison-instrument-2026-10-06T15-51-13.379Z,points-3000-seed-41544c53,pan,frame_interval_ms,ms,69,16.599999999976717
Leaflet,1.9.4,SVG,comparison-instrument-2026-10-06T15-51-13.379Z,points-3000-seed-41544c53,pan,camera_api_sync_ms,ms,69,2.6999998092651367
Leaflet,1.9.4,SVG,comparison-instrument-2026-10-06T15-51-13.379Z,points-3000-seed-41544c53,pan,frame_interval_ms,ms,70,16.70000000006985
Leaflet,1.9.4,SVG,comparison-instrument-2026-10-06T15-51-13.379Z,points-3000-seed-41544c53,pan,camera_api_sync_ms,ms,70,3.200000047683716
Leaflet,1.9.4,SVG,comparison-instrument-2026-10-06T15-51-13.379Z,points-3000-seed-41544c53,pan,frame_interval_ms,ms,71,16.599999999976717
Leaflet,1.9.4,SVG,comparison-instrument-2026-10-06T15-51-13.379Z,points-3000-seed-41544c53,pan,camera_api_sync_ms,ms,71,2.700000047683716
Leaflet,1.9.4,SVG,comparison-instrument-2026-10-06T15-51-13.379Z,points-3000-seed-41544c53,pan,frame_interval_ms,ms,72,16.800000000046566
Leaflet,1.9.4,SVG,comparison-instrument-2026-10-06T15-51-13.379Z,points-3000-seed-41544c53,pan,camera_api_sync_ms,ms,72,2.3999998569488525
Leaflet,1.9.4,SVG,comparison-instrument-2026-10-06T15-51-13.379Z,points-3000-seed-41544c53,pan,frame_interval_ms,ms,73,16.099999999976717
Leaflet,1.9.4,SVG,comparison-instrument-2026-10-06T15-51-13.379Z,points-3000-seed-41544c53,pan,camera_api_sync_ms,ms,73,2.9000000953674316
Leaflet,1.9.4,SVG,comparison-instrument-2026-10-06T15-51-13.379Z,points-3000-seed-41544c53,pan,frame_interval_ms,ms,74,17.199999999953434
Leaflet,1.9.4,SVG,comparison-instrument-2026-10-06T15-51-13.379Z,points-3000-seed-41544c53,pan,camera_api_sync_ms,ms,74,2.700000047683716
Leaflet,1.9.4,SVG,comparison-instrument-2026-10-06T15-51-13.379Z,points-3000-seed-41544c53,pan,frame_interval_ms,ms,75,16.599999999976717
Leaflet,1.9.4,SVG,comparison-instrument-2026-10-06T15-51-13.379Z,points-3000-seed-41544c53,pan,camera_api_sync_ms,ms,75,2.5
Leaflet,1.9.4,SVG,comparison-instrument-2026-10-06T15-51-13.379Z,points-3000-seed-41544c53,pan,frame_interval_ms,ms,76,16.70000000006985
Leaflet,1.9.4,SVG,comparison-instrument-2026-10-06T15-51-13.379Z,points-3000-seed-41544c53,pan,camera_api_sync_ms,ms,76,2.4000000953674316
Leaflet,1.9.4,SVG,comparison-instrument-2026-10-06T15-51-13.379Z,points-3000-seed-41544c53,pan,frame_interval_ms,ms,77,16.599999999976717
Leaflet,1.9.4,SVG,comparison-instrument-2026-10-06T15-51-13.379Z,points-3000-seed-41544c53,pan,camera_api_sync_ms,ms,77,2.6000001430511475
Leaflet,1.9.4,SVG,comparison-instrument-2026-10-06T15-51-13.379Z,points-3000-seed-41544c53,pan,frame_interval_ms,ms,78,16.800000000046566
Leaflet,1.9.4,SVG,comparison-instrument-2026-10-06T15-51-13.379Z,points-3000-seed-41544c53,pan,camera_api_sync_ms,ms,78,2.799999952316284
Leaflet,1.9.4,SVG,comparison-instrument-2026-10-06T15-51-13.379Z,points-3000-seed-41544c53,pan,frame_interval_ms,ms,79,16.399999999906868
Leaflet,1.9.4,SVG,comparison-instrument-2026-10-06T15-51-13.379Z,points-3000-seed-41544c53,pan,camera_api_sync_ms,ms,79,3.5
Leaflet,1.9.4,SVG,comparison-instrument-2026-10-06T15-51-13.379Z,points-3000-seed-41544c53,pan,frame_interval_ms,ms,80,15.900000000023283
Leaflet,1.9.4,SVG,comparison-instrument-2026-10-06T15-51-13.379Z,points-3000-seed-41544c53,pan,camera_api_sync_ms,ms,80,3
Leaflet,1.9.4,SVG,comparison-instrument-2026-10-06T15-51-13.379Z,points-3000-seed-41544c53,pan,frame_interval_ms,ms,81,17.599999999976717
Leaflet,1.9.4,SVG,comparison-instrument-2026-10-06T15-51-13.379Z,points-3000-seed-41544c53,pan,camera_api_sync_ms,ms,81,2.799999952316284
Leaflet,1.9.4,SVG,comparison-instrument-2026-10-06T15-51-13.379Z,points-3000-seed-41544c53,pan,frame_interval_ms,ms,82,16.5
Leaflet,1.9.4,SVG,comparison-instrument-2026-10-06T15-51-13.379Z,points-3000-seed-41544c53,pan,camera_api_sync_ms,ms,82,6
Leaflet,1.9.4,SVG,comparison-instrument-2026-10-06T15-51-13.379Z,points-3000-seed-41544c53,pan,frame_interval_ms,ms,83,16.20000000006985
Leaflet,1.9.4,SVG,comparison-instrument-2026-10-06T15-51-13.379Z,points-3000-seed-41544c53,pan,camera_api_sync_ms,ms,83,3.299999952316284
Leaflet,1.9.4,SVG,comparison-instrument-2026-10-06T15-51-13.379Z,points-3000-seed-41544c53,pan,frame_interval_ms,ms,84,17.29999999993015
Leaflet,1.9.4,SVG,comparison-instrument-2026-10-06T15-51-13.379Z,points-3000-seed-41544c53,pan,camera_api_sync_ms,ms,84,2.9000000953674316
Leaflet,1.9.4,SVG,comparison-instrument-2026-10-06T15-51-13.379Z,points-3000-seed-41544c53,pan,frame_interval_ms,ms,85,16.70000000006985
Leaflet,1.9.4,SVG,comparison-instrument-2026-10-06T15-51-13.379Z,points-3000-seed-41544c53,pan,camera_api_sync_ms,ms,85,2.8000001907348633
Leaflet,1.9.4,SVG,comparison-instrument-2026-10-06T15-51-13.379Z,points-3000-seed-41544c53,pan,frame_interval_ms,ms,86,16
Leaflet,1.9.4,SVG,comparison-instrument-2026-10-06T15-51-13.379Z,points-3000-seed-41544c53,pan,camera_api_sync_ms,ms,86,2.8000001907348633
Leaflet,1.9.4,SVG,comparison-instrument-2026-10-06T15-51-13.379Z,points-3000-seed-41544c53,pan,frame_interval_ms,ms,87,17.29999999993015
Leaflet,1.9.4,SVG,comparison-instrument-2026-10-06T15-51-13.379Z,points-3000-seed-41544c53,pan,camera_api_sync_ms,ms,87,4.5
Leaflet,1.9.4,SVG,comparison-instrument-2026-10-06T15-51-13.379Z,points-3000-seed-41544c53,pan,frame_interval_ms,ms,88,15.70000000006985
Leaflet,1.9.4,SVG,comparison-instrument-2026-10-06T15-51-13.379Z,points-3000-seed-41544c53,pan,camera_api_sync_ms,ms,88,3.1000001430511475
Leaflet,1.9.4,SVG,comparison-instrument-2026-10-06T15-51-13.379Z,points-3000-seed-41544c53,pan,frame_interval_ms,ms,89,17.599999999976717
Leaflet,1.9.4,SVG,comparison-instrument-2026-10-06T15-51-13.379Z,points-3000-seed-41544c53,pan,camera_api_sync_ms,ms,89,3.0999999046325684
Leaflet,1.9.4,SVG,comparison-instrument-2026-10-06T15-51-13.379Z,points-3000-seed-41544c53,pan,frame_interval_ms,ms,90,16.699999999953434
Leaflet,1.9.4,SVG,comparison-instrument-2026-10-06T15-51-13.379Z,points-3000-seed-41544c53,pan,camera_api_sync_ms,ms,90,3
Leaflet,1.9.4,SVG,comparison-instrument-2026-10-06T15-51-13.379Z,points-3000-seed-41544c53,pan,motion_elapsed_ms,ms,0,1516.5999999999767
Leaflet,1.9.4,SVG,comparison-instrument-2026-10-06T15-51-13.379Z,points-3000-seed-41544c53,pan,camera_updates,count,0,91
Leaflet,1.9.4,SVG,comparison-instrument-2026-10-06T15-51-13.379Z,points-3000-seed-41544c53,pan,svg_attribute_writes,count,0,273091
Leaflet,1.9.4,SVG,comparison-instrument-2026-10-06T15-51-13.379Z,points-3000-seed-41544c53,pan,svg_attribute_removals,count,0,0
Leaflet,1.9.4,SVG,comparison-instrument-2026-10-06T15-51-13.379Z,points-3000-seed-41544c53,pan,dom_added_nodes,count,0,0
Leaflet,1.9.4,SVG,comparison-instrument-2026-10-06T15-51-13.379Z,points-3000-seed-41544c53,pan,dom_removed_nodes,count,0,0
Leaflet,1.9.4,Canvas,comparison-instrument-2026-10-06T15-51-13.379Z,points-3000-seed-41544c53,pan,frame_interval_ms,ms,0,16.599999999976717
Leaflet,1.9.4,Canvas,comparison-instrument-2026-10-06T15-51-13.379Z,points-3000-seed-41544c53,pan,camera_api_sync_ms,ms,0,2.299999952316284
Leaflet,1.9.4,Canvas,comparison-instrument-2026-10-06T15-51-13.379Z,points-3000-seed-41544c53,pan,frame_interval_ms,ms,1,16.699999999953434
Leaflet,1.9.4,Canvas,comparison-instrument-2026-10-06T15-51-13.379Z,points-3000-seed-41544c53,pan,camera_api_sync_ms,ms,1,1.6999998092651367
Leaflet,1.9.4,Canvas,comparison-instrument-2026-10-06T15-51-13.379Z,points-3000-seed-41544c53,pan,frame_interval_ms,ms,2,16.70000000006985
Leaflet,1.9.4,Canvas,comparison-instrument-2026-10-06T15-51-13.379Z,points-3000-seed-41544c53,pan,camera_api_sync_ms,ms,2,1.7000000476837158
Leaflet,1.9.4,Canvas,comparison-instrument-2026-10-06T15-51-13.379Z,points-3000-seed-41544c53,pan,frame_interval_ms,ms,3,33.29999999993015
Leaflet,1.9.4,Canvas,comparison-instrument-2026-10-06T15-51-13.379Z,points-3000-seed-41544c53,pan,camera_api_sync_ms,ms,3,1.7000000476837158
Leaflet,1.9.4,Canvas,comparison-instrument-2026-10-06T15-51-13.379Z,points-3000-seed-41544c53,pan,frame_interval_ms,ms,4,15.70000000006985
Leaflet,1.9.4,Canvas,comparison-instrument-2026-10-06T15-51-13.379Z,points-3000-seed-41544c53,pan,camera_api_sync_ms,ms,4,1.9000000953674316
Leaflet,1.9.4,Canvas,comparison-instrument-2026-10-06T15-51-13.379Z,points-3000-seed-41544c53,pan,frame_interval_ms,ms,5,33.29999999993015
Leaflet,1.9.4,Canvas,comparison-instrument-2026-10-06T15-51-13.379Z,points-3000-seed-41544c53,pan,camera_api_sync_ms,ms,5,2.200000047683716
Leaflet,1.9.4,Canvas,comparison-instrument-2026-10-06T15-51-13.379Z,points-3000-seed-41544c53,pan,frame_interval_ms,ms,6,16.800000000046566
Leaflet,1.9.4,Canvas,comparison-instrument-2026-10-06T15-51-13.379Z,points-3000-seed-41544c53,pan,camera_api_sync_ms,ms,6,1.5999999046325684
Leaflet,1.9.4,Canvas,comparison-instrument-2026-10-06T15-51-13.379Z,points-3000-seed-41544c53,pan,frame_interval_ms,ms,7,16.5
Leaflet,1.9.4,Canvas,comparison-instrument-2026-10-06T15-51-13.379Z,points-3000-seed-41544c53,pan,camera_api_sync_ms,ms,7,1.6000001430511475
Leaflet,1.9.4,Canvas,comparison-instrument-2026-10-06T15-51-13.379Z,points-3000-seed-41544c53,pan,frame_interval_ms,ms,8,34.40000000002328
Leaflet,1.9.4,Canvas,comparison-instrument-2026-10-06T15-51-13.379Z,points-3000-seed-41544c53,pan,camera_api_sync_ms,ms,8,1.5999999046325684
Leaflet,1.9.4,Canvas,comparison-instrument-2026-10-06T15-51-13.379Z,points-3000-seed-41544c53,pan,frame_interval_ms,ms,9,16.699999999953434
Leaflet,1.9.4,Canvas,comparison-instrument-2026-10-06T15-51-13.379Z,points-3000-seed-41544c53,pan,camera_api_sync_ms,ms,9,1.7000000476837158
Leaflet,1.9.4,Canvas,comparison-instrument-2026-10-06T15-51-13.379Z,points-3000-seed-41544c53,pan,frame_interval_ms,ms,10,33.20000000006985
Leaflet,1.9.4,Canvas,comparison-instrument-2026-10-06T15-51-13.379Z,points-3000-seed-41544c53,pan,camera_api_sync_ms,ms,10,1.7000000476837158
Leaflet,1.9.4,Canvas,comparison-instrument-2026-10-06T15-51-13.379Z,points-3000-seed-41544c53,pan,frame_interval_ms,ms,11,16.79999999993015
Leaflet,1.9.4,Canvas,comparison-instrument-2026-10-06T15-51-13.379Z,points-3000-seed-41544c53,pan,camera_api_sync_ms,ms,11,1.6999998092651367
Leaflet,1.9.4,Canvas,comparison-instrument-2026-10-06T15-51-13.379Z,points-3000-seed-41544c53,pan,frame_interval_ms,ms,12,16.599999999976717
Leaflet,1.9.4,Canvas,comparison-instrument-2026-10-06T15-51-13.379Z,points-3000-seed-41544c53,pan,camera_api_sync_ms,ms,12,1.5
Leaflet,1.9.4,Canvas,comparison-instrument-2026-10-06T15-51-13.379Z,points-3000-seed-41544c53,pan,frame_interval_ms,ms,13,33.300000000046566
Leaflet,1.9.4,Canvas,comparison-instrument-2026-10-06T15-51-13.379Z,points-3000-seed-41544c53,pan,camera_api_sync_ms,ms,13,1.7000000476837158
Leaflet,1.9.4,Canvas,comparison-instrument-2026-10-06T15-51-13.379Z,points-3000-seed-41544c53,pan,frame_interval_ms,ms,14,16.699999999953434
Leaflet,1.9.4,Canvas,comparison-instrument-2026-10-06T15-51-13.379Z,points-3000-seed-41544c53,pan,camera_api_sync_ms,ms,14,1.6000001430511475
Leaflet,1.9.4,Canvas,comparison-instrument-2026-10-06T15-51-13.379Z,points-3000-seed-41544c53,pan,frame_interval_ms,ms,15,16.600000000093132
Leaflet,1.9.4,Canvas,comparison-instrument-2026-10-06T15-51-13.379Z,points-3000-seed-41544c53,pan,camera_api_sync_ms,ms,15,1.6000001430511475
Leaflet,1.9.4,Canvas,comparison-instrument-2026-10-06T15-51-13.379Z,points-3000-seed-41544c53,pan,frame_interval_ms,ms,16,33.39999999990687
Leaflet,1.9.4,Canvas,comparison-instrument-2026-10-06T15-51-13.379Z,points-3000-seed-41544c53,pan,camera_api_sync_ms,ms,16,1.7000000476837158
Leaflet,1.9.4,Canvas,comparison-instrument-2026-10-06T15-51-13.379Z,points-3000-seed-41544c53,pan,frame_interval_ms,ms,17,16.70000000006985
Leaflet,1.9.4,Canvas,comparison-instrument-2026-10-06T15-51-13.379Z,points-3000-seed-41544c53,pan,camera_api_sync_ms,ms,17,1.7000000476837158
Leaflet,1.9.4,Canvas,comparison-instrument-2026-10-06T15-51-13.379Z,points-3000-seed-41544c53,pan,frame_interval_ms,ms,18,33.29999999993015
Leaflet,1.9.4,Canvas,comparison-instrument-2026-10-06T15-51-13.379Z,points-3000-seed-41544c53,pan,camera_api_sync_ms,ms,18,1.5
Leaflet,1.9.4,Canvas,comparison-instrument-2026-10-06T15-51-13.379Z,points-3000-seed-41544c53,pan,frame_interval_ms,ms,19,16.70000000006985
Leaflet,1.9.4,Canvas,comparison-instrument-2026-10-06T15-51-13.379Z,points-3000-seed-41544c53,pan,camera_api_sync_ms,ms,19,1.5
Leaflet,1.9.4,Canvas,comparison-instrument-2026-10-06T15-51-13.379Z,points-3000-seed-41544c53,pan,frame_interval_ms,ms,20,16.599999999976717
Leaflet,1.9.4,Canvas,comparison-instrument-2026-10-06T15-51-13.379Z,points-3000-seed-41544c53,pan,camera_api_sync_ms,ms,20,1.6000001430511475
Leaflet,1.9.4,Canvas,comparison-instrument-2026-10-06T15-51-13.379Z,points-3000-seed-41544c53,pan,frame_interval_ms,ms,21,16.699999999953434
Leaflet,1.9.4,Canvas,comparison-instrument-2026-10-06T15-51-13.379Z,points-3000-seed-41544c53,pan,camera_api_sync_ms,ms,21,1.5
Leaflet,1.9.4,Canvas,comparison-instrument-2026-10-06T15-51-13.379Z,points-3000-seed-41544c53,pan,frame_interval_ms,ms,22,33.300000000046566
Leaflet,1.9.4,Canvas,comparison-instrument-2026-10-06T15-51-13.379Z,points-3000-seed-41544c53,pan,camera_api_sync_ms,ms,22,1.5999999046325684
Leaflet,1.9.4,Canvas,comparison-instrument-2026-10-06T15-51-13.379Z,points-3000-seed-41544c53,pan,frame_interval_ms,ms,23,16.699999999953434
Leaflet,1.9.4,Canvas,comparison-instrument-2026-10-06T15-51-13.379Z,points-3000-seed-41544c53,pan,camera_api_sync_ms,ms,23,1.7000000476837158
Leaflet,1.9.4,Canvas,comparison-instrument-2026-10-06T15-51-13.379Z,points-3000-seed-41544c53,pan,frame_interval_ms,ms,24,33.300000000046566
Leaflet,1.9.4,Canvas,comparison-instrument-2026-10-06T15-51-13.379Z,points-3000-seed-41544c53,pan,camera_api_sync_ms,ms,24,1.7000000476837158
Leaflet,1.9.4,Canvas,comparison-instrument-2026-10-06T15-51-13.379Z,points-3000-seed-41544c53,pan,frame_interval_ms,ms,25,16.699999999953434
Leaflet,1.9.4,Canvas,comparison-instrument-2026-10-06T15-51-13.379Z,points-3000-seed-41544c53,pan,camera_api_sync_ms,ms,25,1.5999999046325684
Leaflet,1.9.4,Canvas,comparison-instrument-2026-10-06T15-51-13.379Z,points-3000-seed-41544c53,pan,frame_interval_ms,ms,26,16.70000000006985
Leaflet,1.9.4,Canvas,comparison-instrument-2026-10-06T15-51-13.379Z,points-3000-seed-41544c53,pan,camera_api_sync_ms,ms,26,1.5999999046325684
Leaflet,1.9.4,Canvas,comparison-instrument-2026-10-06T15-51-13.379Z,points-3000-seed-41544c53,pan,frame_interval_ms,ms,27,33.199999999953434
Leaflet,1.9.4,Canvas,comparison-instrument-2026-10-06T15-51-13.379Z,points-3000-seed-41544c53,pan,camera_api_sync_ms,ms,27,1.5
Leaflet,1.9.4,Canvas,comparison-instrument-2026-10-06T15-51-13.379Z,points-3000-seed-41544c53,pan,frame_interval_ms,ms,28,15.900000000023283
Leaflet,1.9.4,Canvas,comparison-instrument-2026-10-06T15-51-13.379Z,points-3000-seed-41544c53,pan,camera_api_sync_ms,ms,28,1.3999998569488525
Leaflet,1.9.4,Canvas,comparison-instrument-2026-10-06T15-51-13.379Z,points-3000-seed-41544c53,pan,frame_interval_ms,ms,29,34.199999999953434
Leaflet,1.9.4,Canvas,comparison-instrument-2026-10-06T15-51-13.379Z,points-3000-seed-41544c53,pan,camera_api_sync_ms,ms,29,1.5999999046325684
Leaflet,1.9.4,Canvas,comparison-instrument-2026-10-06T15-51-13.379Z,points-3000-seed-41544c53,pan,frame_interval_ms,ms,30,16.600000000093132
Leaflet,1.9.4,Canvas,comparison-instrument-2026-10-06T15-51-13.379Z,points-3000-seed-41544c53,pan,camera_api_sync_ms,ms,30,1.5
Leaflet,1.9.4,Canvas,comparison-instrument-2026-10-06T15-51-13.379Z,points-3000-seed-41544c53,pan,frame_interval_ms,ms,31,16.699999999953434
Leaflet,1.9.4,Canvas,comparison-instrument-2026-10-06T15-51-13.379Z,points-3000-seed-41544c53,pan,camera_api_sync_ms,ms,31,1.5
Leaflet,1.9.4,Canvas,comparison-instrument-2026-10-06T15-51-13.379Z,points-3000-seed-41544c53,pan,frame_interval_ms,ms,32,32.40000000002328
Leaflet,1.9.4,Canvas,comparison-instrument-2026-10-06T15-51-13.379Z,points-3000-seed-41544c53,pan,camera_api_sync_ms,ms,32,1.7000000476837158
Leaflet,1.9.4,Canvas,comparison-instrument-2026-10-06T15-51-13.379Z,points-3000-seed-41544c53,pan,frame_interval_ms,ms,33,16.699999999953434
Leaflet,1.9.4,Canvas,comparison-instrument-2026-10-06T15-51-13.379Z,points-3000-seed-41544c53,pan,camera_api_sync_ms,ms,33,1.5
Leaflet,1.9.4,Canvas,comparison-instrument-2026-10-06T15-51-13.379Z,points-3000-seed-41544c53,pan,frame_interval_ms,ms,34,17.5
Leaflet,1.9.4,Canvas,comparison-instrument-2026-10-06T15-51-13.379Z,points-3000-seed-41544c53,pan,camera_api_sync_ms,ms,34,1.4000000953674316
Leaflet,1.9.4,Canvas,comparison-instrument-2026-10-06T15-51-13.379Z,points-3000-seed-41544c53,pan,frame_interval_ms,ms,35,16.800000000046566
Leaflet,1.9.4,Canvas,comparison-instrument-2026-10-06T15-51-13.379Z,points-3000-seed-41544c53,pan,camera_api_sync_ms,ms,35,1.5
Leaflet,1.9.4,Canvas,comparison-instrument-2026-10-06T15-51-13.379Z,points-3000-seed-41544c53,pan,frame_interval_ms,ms,36,33.29999999993015
Leaflet,1.9.4,Canvas,comparison-instrument-2026-10-06T15-51-13.379Z,points-3000-seed-41544c53,pan,camera_api_sync_ms,ms,36,1.5999999046325684
Leaflet,1.9.4,Canvas,comparison-instrument-2026-10-06T15-51-13.379Z,points-3000-seed-41544c53,pan,frame_interval_ms,ms,37,16.70000000006985
Leaflet,1.9.4,Canvas,comparison-instrument-2026-10-06T15-51-13.379Z,points-3000-seed-41544c53,pan,camera_api_sync_ms,ms,37,1.5
Leaflet,1.9.4,Canvas,comparison-instrument-2026-10-06T15-51-13.379Z,points-3000-seed-41544c53,pan,frame_interval_ms,ms,38,16.599999999976717
Leaflet,1.9.4,Canvas,comparison-instrument-2026-10-06T15-51-13.379Z,points-3000-seed-41544c53,pan,camera_api_sync_ms,ms,38,1.5
Leaflet,1.9.4,Canvas,comparison-instrument-2026-10-06T15-51-13.379Z,points-3000-seed-41544c53,pan,frame_interval_ms,ms,39,16.699999999953434
Leaflet,1.9.4,Canvas,comparison-instrument-2026-10-06T15-51-13.379Z,points-3000-seed-41544c53,pan,camera_api_sync_ms,ms,39,1.5999999046325684
Leaflet,1.9.4,Canvas,comparison-instrument-2026-10-06T15-51-13.379Z,points-3000-seed-41544c53,pan,frame_interval_ms,ms,40,33.300000000046566
Leaflet,1.9.4,Canvas,comparison-instrument-2026-10-06T15-51-13.379Z,points-3000-seed-41544c53,pan,camera_api_sync_ms,ms,40,1.4000000953674316
Leaflet,1.9.4,Canvas,comparison-instrument-2026-10-06T15-51-13.379Z,points-3000-seed-41544c53,pan,frame_interval_ms,ms,41,16.699999999953434
Leaflet,1.9.4,Canvas,comparison-instrument-2026-10-06T15-51-13.379Z,points-3000-seed-41544c53,pan,camera_api_sync_ms,ms,41,1.5999999046325684
Leaflet,1.9.4,Canvas,comparison-instrument-2026-10-06T15-51-13.379Z,points-3000-seed-41544c53,pan,frame_interval_ms,ms,42,16.70000000006985
Leaflet,1.9.4,Canvas,comparison-instrument-2026-10-06T15-51-13.379Z,points-3000-seed-41544c53,pan,camera_api_sync_ms,ms,42,1.3000001907348633
Leaflet,1.9.4,Canvas,comparison-instrument-2026-10-06T15-51-13.379Z,points-3000-seed-41544c53,pan,frame_interval_ms,ms,43,33.29999999993015
Leaflet,1.9.4,Canvas,comparison-instrument-2026-10-06T15-51-13.379Z,points-3000-seed-41544c53,pan,camera_api_sync_ms,ms,43,1.5
Leaflet,1.9.4,Canvas,comparison-instrument-2026-10-06T15-51-13.379Z,points-3000-seed-41544c53,pan,frame_interval_ms,ms,44,16.70000000006985
Leaflet,1.9.4,Canvas,comparison-instrument-2026-10-06T15-51-13.379Z,points-3000-seed-41544c53,pan,camera_api_sync_ms,ms,44,1.4000000953674316
Leaflet,1.9.4,Canvas,comparison-instrument-2026-10-06T15-51-13.379Z,points-3000-seed-41544c53,pan,frame_interval_ms,ms,45,16.599999999976717
Leaflet,1.9.4,Canvas,comparison-instrument-2026-10-06T15-51-13.379Z,points-3000-seed-41544c53,pan,camera_api_sync_ms,ms,45,1.5999999046325684
Leaflet,1.9.4,Canvas,comparison-instrument-2026-10-06T15-51-13.379Z,points-3000-seed-41544c53,pan,frame_interval_ms,ms,46,16.699999999953434
Leaflet,1.9.4,Canvas,comparison-instrument-2026-10-06T15-51-13.379Z,points-3000-seed-41544c53,pan,camera_api_sync_ms,ms,46,1.5999999046325684
Leaflet,1.9.4,Canvas,comparison-instrument-2026-10-06T15-51-13.379Z,points-3000-seed-41544c53,pan,frame_interval_ms,ms,47,33.40000000002328
Leaflet,1.9.4,Canvas,comparison-instrument-2026-10-06T15-51-13.379Z,points-3000-seed-41544c53,pan,camera_api_sync_ms,ms,47,1.5999999046325684
Leaflet,1.9.4,Canvas,comparison-instrument-2026-10-06T15-51-13.379Z,points-3000-seed-41544c53,pan,frame_interval_ms,ms,48,16.5
Leaflet,1.9.4,Canvas,comparison-instrument-2026-10-06T15-51-13.379Z,points-3000-seed-41544c53,pan,camera_api_sync_ms,ms,48,1.6000001430511475
Leaflet,1.9.4,Canvas,comparison-instrument-2026-10-06T15-51-13.379Z,points-3000-seed-41544c53,pan,frame_interval_ms,ms,49,33.40000000002328
Leaflet,1.9.4,Canvas,comparison-instrument-2026-10-06T15-51-13.379Z,points-3000-seed-41544c53,pan,camera_api_sync_ms,ms,49,1.6000001430511475
Leaflet,1.9.4,Canvas,comparison-instrument-2026-10-06T15-51-13.379Z,points-3000-seed-41544c53,pan,frame_interval_ms,ms,50,16.699999999953434
Leaflet,1.9.4,Canvas,comparison-instrument-2026-10-06T15-51-13.379Z,points-3000-seed-41544c53,pan,camera_api_sync_ms,ms,50,1.3999998569488525
Leaflet,1.9.4,Canvas,comparison-instrument-2026-10-06T15-51-13.379Z,points-3000-seed-41544c53,pan,frame_interval_ms,ms,51,33.300000000046566
Leaflet,1.9.4,Canvas,comparison-instrument-2026-10-06T15-51-13.379Z,points-3000-seed-41544c53,pan,camera_api_sync_ms,ms,51,1.6000001430511475
Leaflet,1.9.4,Canvas,comparison-instrument-2026-10-06T15-51-13.379Z,points-3000-seed-41544c53,pan,frame_interval_ms,ms,52,16.699999999953434
Leaflet,1.9.4,Canvas,comparison-instrument-2026-10-06T15-51-13.379Z,points-3000-seed-41544c53,pan,camera_api_sync_ms,ms,52,1.5
Leaflet,1.9.4,Canvas,comparison-instrument-2026-10-06T15-51-13.379Z,points-3000-seed-41544c53,pan,frame_interval_ms,ms,53,33.300000000046566
Leaflet,1.9.4,Canvas,comparison-instrument-2026-10-06T15-51-13.379Z,points-3000-seed-41544c53,pan,camera_api_sync_ms,ms,53,1.6000001430511475
Leaflet,1.9.4,Canvas,comparison-instrument-2026-10-06T15-51-13.379Z,points-3000-seed-41544c53,pan,frame_interval_ms,ms,54,16.699999999953434
Leaflet,1.9.4,Canvas,comparison-instrument-2026-10-06T15-51-13.379Z,points-3000-seed-41544c53,pan,camera_api_sync_ms,ms,54,1.8000001907348633
Leaflet,1.9.4,Canvas,comparison-instrument-2026-10-06T15-51-13.379Z,points-3000-seed-41544c53,pan,frame_interval_ms,ms,55,16.70000000006985
Leaflet,1.9.4,Canvas,comparison-instrument-2026-10-06T15-51-13.379Z,points-3000-seed-41544c53,pan,camera_api_sync_ms,ms,55,1.6000001430511475
Leaflet,1.9.4,Canvas,comparison-instrument-2026-10-06T15-51-13.379Z,points-3000-seed-41544c53,pan,frame_interval_ms,ms,56,33.29999999993015
Leaflet,1.9.4,Canvas,comparison-instrument-2026-10-06T15-51-13.379Z,points-3000-seed-41544c53,pan,camera_api_sync_ms,ms,56,1.7000000476837158
Leaflet,1.9.4,Canvas,comparison-instrument-2026-10-06T15-51-13.379Z,points-3000-seed-41544c53,pan,frame_interval_ms,ms,57,16.70000000006985
Leaflet,1.9.4,Canvas,comparison-instrument-2026-10-06T15-51-13.379Z,points-3000-seed-41544c53,pan,camera_api_sync_ms,ms,57,1.5
Leaflet,1.9.4,Canvas,comparison-instrument-2026-10-06T15-51-13.379Z,points-3000-seed-41544c53,pan,frame_interval_ms,ms,58,33.29999999993015
Leaflet,1.9.4,Canvas,comparison-instrument-2026-10-06T15-51-13.379Z,points-3000-seed-41544c53,pan,camera_api_sync_ms,ms,58,1.5999999046325684
Leaflet,1.9.4,Canvas,comparison-instrument-2026-10-06T15-51-13.379Z,points-3000-seed-41544c53,pan,frame_interval_ms,ms,59,16.70000000006985
Leaflet,1.9.4,Canvas,comparison-instrument-2026-10-06T15-51-13.379Z,points-3000-seed-41544c53,pan,camera_api_sync_ms,ms,59,1.5
Leaflet,1.9.4,Canvas,comparison-instrument-2026-10-06T15-51-13.379Z,points-3000-seed-41544c53,pan,frame_interval_ms,ms,60,16.599999999976717
Leaflet,1.9.4,Canvas,comparison-instrument-2026-10-06T15-51-13.379Z,points-3000-seed-41544c53,pan,camera_api_sync_ms,ms,60,1.3999998569488525
Leaflet,1.9.4,Canvas,comparison-instrument-2026-10-06T15-51-13.379Z,points-3000-seed-41544c53,pan,frame_interval_ms,ms,61,33.40000000002328
Leaflet,1.9.4,Canvas,comparison-instrument-2026-10-06T15-51-13.379Z,points-3000-seed-41544c53,pan,camera_api_sync_ms,ms,61,1.7000000476837158
Leaflet,1.9.4,Canvas,comparison-instrument-2026-10-06T15-51-13.379Z,points-3000-seed-41544c53,pan,frame_interval_ms,ms,62,16.599999999976717
Leaflet,1.9.4,Canvas,comparison-instrument-2026-10-06T15-51-13.379Z,points-3000-seed-41544c53,pan,camera_api_sync_ms,ms,62,1.5999999046325684
Leaflet,1.9.4,Canvas,comparison-instrument-2026-10-06T15-51-13.379Z,points-3000-seed-41544c53,pan,frame_interval_ms,ms,63,16.699999999953434
Leaflet,1.9.4,Canvas,comparison-instrument-2026-10-06T15-51-13.379Z,points-3000-seed-41544c53,pan,camera_api_sync_ms,ms,63,1.5999999046325684
Leaflet,1.9.4,Canvas,comparison-instrument-2026-10-06T15-51-13.379Z,points-3000-seed-41544c53,pan,frame_interval_ms,ms,64,33.300000000046566
Leaflet,1.9.4,Canvas,comparison-instrument-2026-10-06T15-51-13.379Z,points-3000-seed-41544c53,pan,camera_api_sync_ms,ms,64,1.5999999046325684
Leaflet,1.9.4,Canvas,comparison-instrument-2026-10-06T15-51-13.379Z,points-3000-seed-41544c53,pan,frame_interval_ms,ms,65,16.699999999953434
Leaflet,1.9.4,Canvas,comparison-instrument-2026-10-06T15-51-13.379Z,points-3000-seed-41544c53,pan,camera_api_sync_ms,ms,65,1.5
Leaflet,1.9.4,Canvas,comparison-instrument-2026-10-06T15-51-13.379Z,points-3000-seed-41544c53,pan,frame_interval_ms,ms,66,16.600000000093132
Leaflet,1.9.4,Canvas,comparison-instrument-2026-10-06T15-51-13.379Z,points-3000-seed-41544c53,pan,camera_api_sync_ms,ms,66,1.5999999046325684
Leaflet,1.9.4,Canvas,comparison-instrument-2026-10-06T15-51-13.379Z,points-3000-seed-41544c53,pan,frame_interval_ms,ms,67,32.5
Leaflet,1.9.4,Canvas,comparison-instrument-2026-10-06T15-51-13.379Z,points-3000-seed-41544c53,pan,camera_api_sync_ms,ms,67,1.5999999046325684
Leaflet,1.9.4,Canvas,comparison-instrument-2026-10-06T15-51-13.379Z,points-3000-seed-41544c53,pan,motion_elapsed_ms,ms,0,1532.4000000000233
Leaflet,1.9.4,Canvas,comparison-instrument-2026-10-06T15-51-13.379Z,points-3000-seed-41544c53,pan,camera_updates,count,0,68
Leaflet,1.9.4,Canvas,comparison-instrument-2026-10-06T15-51-13.379Z,points-3000-seed-41544c53,pan,svg_attribute_writes,N/A,0,N/A
Leaflet,1.9.4,Canvas,comparison-instrument-2026-10-06T15-51-13.379Z,points-3000-seed-41544c53,pan,svg_attribute_removals,N/A,0,N/A
Leaflet,1.9.4,Canvas,comparison-instrument-2026-10-06T15-51-13.379Z,points-3000-seed-41544c53,pan,dom_added_nodes,N/A,0,N/A
Leaflet,1.9.4,Canvas,comparison-instrument-2026-10-06T15-51-13.379Z,points-3000-seed-41544c53,pan,dom_removed_nodes,N/A,0,N/A
Atlas,f393bc3bb2ad,SVG,comparison-instrument-2026-10-06T15-51-13.379Z,points-3000-seed-41544c53,zoom,frame_interval_ms,ms,0,16.699999999953434
Atlas,f393bc3bb2ad,SVG,comparison-instrument-2026-10-06T15-51-13.379Z,points-3000-seed-41544c53,zoom,camera_api_sync_ms,ms,0,0
Atlas,f393bc3bb2ad,SVG,comparison-instrument-2026-10-06T15-51-13.379Z,points-3000-seed-41544c53,zoom,frame_interval_ms,ms,1,16.70000000006985
Atlas,f393bc3bb2ad,SVG,comparison-instrument-2026-10-06T15-51-13.379Z,points-3000-seed-41544c53,zoom,camera_api_sync_ms,ms,1,0
Atlas,f393bc3bb2ad,SVG,comparison-instrument-2026-10-06T15-51-13.379Z,points-3000-seed-41544c53,zoom,frame_interval_ms,ms,2,16.599999999976717
Atlas,f393bc3bb2ad,SVG,comparison-instrument-2026-10-06T15-51-13.379Z,points-3000-seed-41544c53,zoom,camera_api_sync_ms,ms,2,0
Atlas,f393bc3bb2ad,SVG,comparison-instrument-2026-10-06T15-51-13.379Z,points-3000-seed-41544c53,zoom,frame_interval_ms,ms,3,16.699999999953434
Atlas,f393bc3bb2ad,SVG,comparison-instrument-2026-10-06T15-51-13.379Z,points-3000-seed-41544c53,zoom,camera_api_sync_ms,ms,3,0
Atlas,f393bc3bb2ad,SVG,comparison-instrument-2026-10-06T15-51-13.379Z,points-3000-seed-41544c53,zoom,frame_interval_ms,ms,4,16.600000000093132
Atlas,f393bc3bb2ad,SVG,comparison-instrument-2026-10-06T15-51-13.379Z,points-3000-seed-41544c53,zoom,camera_api_sync_ms,ms,4,0
Atlas,f393bc3bb2ad,SVG,comparison-instrument-2026-10-06T15-51-13.379Z,points-3000-seed-41544c53,zoom,frame_interval_ms,ms,5,16.699999999953434
Atlas,f393bc3bb2ad,SVG,comparison-instrument-2026-10-06T15-51-13.379Z,points-3000-seed-41544c53,zoom,camera_api_sync_ms,ms,5,0
Atlas,f393bc3bb2ad,SVG,comparison-instrument-2026-10-06T15-51-13.379Z,points-3000-seed-41544c53,zoom,frame_interval_ms,ms,6,16.699999999953434
Atlas,f393bc3bb2ad,SVG,comparison-instrument-2026-10-06T15-51-13.379Z,points-3000-seed-41544c53,zoom,camera_api_sync_ms,ms,6,0.10000014305114746
Atlas,f393bc3bb2ad,SVG,comparison-instrument-2026-10-06T15-51-13.379Z,points-3000-seed-41544c53,zoom,frame_interval_ms,ms,7,16.600000000093132
Atlas,f393bc3bb2ad,SVG,comparison-instrument-2026-10-06T15-51-13.379Z,points-3000-seed-41544c53,zoom,camera_api_sync_ms,ms,7,0
Atlas,f393bc3bb2ad,SVG,comparison-instrument-2026-10-06T15-51-13.379Z,points-3000-seed-41544c53,zoom,frame_interval_ms,ms,8,33.39999999990687
Atlas,f393bc3bb2ad,SVG,comparison-instrument-2026-10-06T15-51-13.379Z,points-3000-seed-41544c53,zoom,camera_api_sync_ms,ms,8,0
Atlas,f393bc3bb2ad,SVG,comparison-instrument-2026-10-06T15-51-13.379Z,points-3000-seed-41544c53,zoom,frame_interval_ms,ms,9,16.600000000093132
Atlas,f393bc3bb2ad,SVG,comparison-instrument-2026-10-06T15-51-13.379Z,points-3000-seed-41544c53,zoom,camera_api_sync_ms,ms,9,0
Atlas,f393bc3bb2ad,SVG,comparison-instrument-2026-10-06T15-51-13.379Z,points-3000-seed-41544c53,zoom,frame_interval_ms,ms,10,15.79999999993015
Atlas,f393bc3bb2ad,SVG,comparison-instrument-2026-10-06T15-51-13.379Z,points-3000-seed-41544c53,zoom,camera_api_sync_ms,ms,10,0
Atlas,f393bc3bb2ad,SVG,comparison-instrument-2026-10-06T15-51-13.379Z,points-3000-seed-41544c53,zoom,frame_interval_ms,ms,11,17.599999999976717
Atlas,f393bc3bb2ad,SVG,comparison-instrument-2026-10-06T15-51-13.379Z,points-3000-seed-41544c53,zoom,camera_api_sync_ms,ms,11,0.09999990463256836
Atlas,f393bc3bb2ad,SVG,comparison-instrument-2026-10-06T15-51-13.379Z,points-3000-seed-41544c53,zoom,frame_interval_ms,ms,12,16.70000000006985
Atlas,f393bc3bb2ad,SVG,comparison-instrument-2026-10-06T15-51-13.379Z,points-3000-seed-41544c53,zoom,camera_api_sync_ms,ms,12,0
Atlas,f393bc3bb2ad,SVG,comparison-instrument-2026-10-06T15-51-13.379Z,points-3000-seed-41544c53,zoom,frame_interval_ms,ms,13,33.29999999993015
Atlas,f393bc3bb2ad,SVG,comparison-instrument-2026-10-06T15-51-13.379Z,points-3000-seed-41544c53,zoom,camera_api_sync_ms,ms,13,0
Atlas,f393bc3bb2ad,SVG,comparison-instrument-2026-10-06T15-51-13.379Z,points-3000-seed-41544c53,zoom,frame_interval_ms,ms,14,33.300000000046566
Atlas,f393bc3bb2ad,SVG,comparison-instrument-2026-10-06T15-51-13.379Z,points-3000-seed-41544c53,zoom,camera_api_sync_ms,ms,14,0.09999990463256836
Atlas,f393bc3bb2ad,SVG,comparison-instrument-2026-10-06T15-51-13.379Z,points-3000-seed-41544c53,zoom,frame_interval_ms,ms,15,33.40000000002328
Atlas,f393bc3bb2ad,SVG,comparison-instrument-2026-10-06T15-51-13.379Z,points-3000-seed-41544c53,zoom,camera_api_sync_ms,ms,15,0
Atlas,f393bc3bb2ad,SVG,comparison-instrument-2026-10-06T15-51-13.379Z,points-3000-seed-41544c53,zoom,frame_interval_ms,ms,16,33.29999999993015
Atlas,f393bc3bb2ad,SVG,comparison-instrument-2026-10-06T15-51-13.379Z,points-3000-seed-41544c53,zoom,camera_api_sync_ms,ms,16,0
Atlas,f393bc3bb2ad,SVG,comparison-instrument-2026-10-06T15-51-13.379Z,points-3000-seed-41544c53,zoom,frame_interval_ms,ms,17,16.70000000006985
Atlas,f393bc3bb2ad,SVG,comparison-instrument-2026-10-06T15-51-13.379Z,points-3000-seed-41544c53,zoom,camera_api_sync_ms,ms,17,0
Atlas,f393bc3bb2ad,SVG,comparison-instrument-2026-10-06T15-51-13.379Z,points-3000-seed-41544c53,zoom,frame_interval_ms,ms,18,16.599999999976717
Atlas,f393bc3bb2ad,SVG,comparison-instrument-2026-10-06T15-51-13.379Z,points-3000-seed-41544c53,zoom,camera_api_sync_ms,ms,18,0.09999990463256836
Atlas,f393bc3bb2ad,SVG,comparison-instrument-2026-10-06T15-51-13.379Z,points-3000-seed-41544c53,zoom,frame_interval_ms,ms,19,16.699999999953434
Atlas,f393bc3bb2ad,SVG,comparison-instrument-2026-10-06T15-51-13.379Z,points-3000-seed-41544c53,zoom,camera_api_sync_ms,ms,19,0.09999990463256836
Atlas,f393bc3bb2ad,SVG,comparison-instrument-2026-10-06T15-51-13.379Z,points-3000-seed-41544c53,zoom,frame_interval_ms,ms,20,33.300000000046566
Atlas,f393bc3bb2ad,SVG,comparison-instrument-2026-10-06T15-51-13.379Z,points-3000-seed-41544c53,zoom,camera_api_sync_ms,ms,20,0
Atlas,f393bc3bb2ad,SVG,comparison-instrument-2026-10-06T15-51-13.379Z,points-3000-seed-41544c53,zoom,frame_interval_ms,ms,21,33.300000000046566
Atlas,f393bc3bb2ad,SVG,comparison-instrument-2026-10-06T15-51-13.379Z,points-3000-seed-41544c53,zoom,camera_api_sync_ms,ms,21,0
Atlas,f393bc3bb2ad,SVG,comparison-instrument-2026-10-06T15-51-13.379Z,points-3000-seed-41544c53,zoom,frame_interval_ms,ms,22,15.79999999993015
Atlas,f393bc3bb2ad,SVG,comparison-instrument-2026-10-06T15-51-13.379Z,points-3000-seed-41544c53,zoom,camera_api_sync_ms,ms,22,0.09999990463256836
Atlas,f393bc3bb2ad,SVG,comparison-instrument-2026-10-06T15-51-13.379Z,points-3000-seed-41544c53,zoom,frame_interval_ms,ms,23,34.20000000006985
Atlas,f393bc3bb2ad,SVG,comparison-instrument-2026-10-06T15-51-13.379Z,points-3000-seed-41544c53,zoom,camera_api_sync_ms,ms,23,0
Atlas,f393bc3bb2ad,SVG,comparison-instrument-2026-10-06T15-51-13.379Z,points-3000-seed-41544c53,zoom,frame_interval_ms,ms,24,16.699999999953434
Atlas,f393bc3bb2ad,SVG,comparison-instrument-2026-10-06T15-51-13.379Z,points-3000-seed-41544c53,zoom,camera_api_sync_ms,ms,24,0
Atlas,f393bc3bb2ad,SVG,comparison-instrument-2026-10-06T15-51-13.379Z,points-3000-seed-41544c53,zoom,frame_interval_ms,ms,25,16.699999999953434
Atlas,f393bc3bb2ad,SVG,comparison-instrument-2026-10-06T15-51-13.379Z,points-3000-seed-41544c53,zoom,camera_api_sync_ms,ms,25,0
Atlas,f393bc3bb2ad,SVG,comparison-instrument-2026-10-06T15-51-13.379Z,points-3000-seed-41544c53,zoom,frame_interval_ms,ms,26,16.70000000006985
Atlas,f393bc3bb2ad,SVG,comparison-instrument-2026-10-06T15-51-13.379Z,points-3000-seed-41544c53,zoom,camera_api_sync_ms,ms,26,0
Atlas,f393bc3bb2ad,SVG,comparison-instrument-2026-10-06T15-51-13.379Z,points-3000-seed-41544c53,zoom,frame_interval_ms,ms,27,33.29999999993015
Atlas,f393bc3bb2ad,SVG,comparison-instrument-2026-10-06T15-51-13.379Z,points-3000-seed-41544c53,zoom,camera_api_sync_ms,ms,27,0
Atlas,f393bc3bb2ad,SVG,comparison-instrument-2026-10-06T15-51-13.379Z,points-3000-seed-41544c53,zoom,frame_interval_ms,ms,28,15.70000000006985
Atlas,f393bc3bb2ad,SVG,comparison-instrument-2026-10-06T15-51-13.379Z,points-3000-seed-41544c53,zoom,camera_api_sync_ms,ms,28,0
Atlas,f393bc3bb2ad,SVG,comparison-instrument-2026-10-06T15-51-13.379Z,points-3000-seed-41544c53,zoom,frame_interval_ms,ms,29,17.699999999953434
Atlas,f393bc3bb2ad,SVG,comparison-instrument-2026-10-06T15-51-13.379Z,points-3000-seed-41544c53,zoom,camera_api_sync_ms,ms,29,0
Atlas,f393bc3bb2ad,SVG,comparison-instrument-2026-10-06T15-51-13.379Z,points-3000-seed-41544c53,zoom,frame_interval_ms,ms,30,16.5
Atlas,f393bc3bb2ad,SVG,comparison-instrument-2026-10-06T15-51-13.379Z,points-3000-seed-41544c53,zoom,camera_api_sync_ms,ms,30,0
Atlas,f393bc3bb2ad,SVG,comparison-instrument-2026-10-06T15-51-13.379Z,points-3000-seed-41544c53,zoom,frame_interval_ms,ms,31,16.70000000006985
Atlas,f393bc3bb2ad,SVG,comparison-instrument-2026-10-06T15-51-13.379Z,points-3000-seed-41544c53,zoom,camera_api_sync_ms,ms,31,0
Atlas,f393bc3bb2ad,SVG,comparison-instrument-2026-10-06T15-51-13.379Z,points-3000-seed-41544c53,zoom,frame_interval_ms,ms,32,16.699999999953434
Atlas,f393bc3bb2ad,SVG,comparison-instrument-2026-10-06T15-51-13.379Z,points-3000-seed-41544c53,zoom,camera_api_sync_ms,ms,32,0.10000014305114746
Atlas,f393bc3bb2ad,SVG,comparison-instrument-2026-10-06T15-51-13.379Z,points-3000-seed-41544c53,zoom,frame_interval_ms,ms,33,33.40000000002328
Atlas,f393bc3bb2ad,SVG,comparison-instrument-2026-10-06T15-51-13.379Z,points-3000-seed-41544c53,zoom,camera_api_sync_ms,ms,33,0.10000014305114746
Atlas,f393bc3bb2ad,SVG,comparison-instrument-2026-10-06T15-51-13.379Z,points-3000-seed-41544c53,zoom,frame_interval_ms,ms,34,16.599999999976717
Atlas,f393bc3bb2ad,SVG,comparison-instrument-2026-10-06T15-51-13.379Z,points-3000-seed-41544c53,zoom,camera_api_sync_ms,ms,34,0
Atlas,f393bc3bb2ad,SVG,comparison-instrument-2026-10-06T15-51-13.379Z,points-3000-seed-41544c53,zoom,frame_interval_ms,ms,35,16.699999999953434
Atlas,f393bc3bb2ad,SVG,comparison-instrument-2026-10-06T15-51-13.379Z,points-3000-seed-41544c53,zoom,camera_api_sync_ms,ms,35,0
Atlas,f393bc3bb2ad,SVG,comparison-instrument-2026-10-06T15-51-13.379Z,points-3000-seed-41544c53,zoom,frame_interval_ms,ms,36,16.70000000006985
Atlas,f393bc3bb2ad,SVG,comparison-instrument-2026-10-06T15-51-13.379Z,points-3000-seed-41544c53,zoom,camera_api_sync_ms,ms,36,0
Atlas,f393bc3bb2ad,SVG,comparison-instrument-2026-10-06T15-51-13.379Z,points-3000-seed-41544c53,zoom,frame_interval_ms,ms,37,16.599999999976717
Atlas,f393bc3bb2ad,SVG,comparison-instrument-2026-10-06T15-51-13.379Z,points-3000-seed-41544c53,zoom,camera_api_sync_ms,ms,37,0
Atlas,f393bc3bb2ad,SVG,comparison-instrument-2026-10-06T15-51-13.379Z,points-3000-seed-41544c53,zoom,frame_interval_ms,ms,38,16.699999999953434
Atlas,f393bc3bb2ad,SVG,comparison-instrument-2026-10-06T15-51-13.379Z,points-3000-seed-41544c53,zoom,camera_api_sync_ms,ms,38,0
Atlas,f393bc3bb2ad,SVG,comparison-instrument-2026-10-06T15-51-13.379Z,points-3000-seed-41544c53,zoom,frame_interval_ms,ms,39,16.70000000006985
Atlas,f393bc3bb2ad,SVG,comparison-instrument-2026-10-06T15-51-13.379Z,points-3000-seed-41544c53,zoom,camera_api_sync_ms,ms,39,0
Atlas,f393bc3bb2ad,SVG,comparison-instrument-2026-10-06T15-51-13.379Z,points-3000-seed-41544c53,zoom,frame_interval_ms,ms,40,16.599999999976717
Atlas,f393bc3bb2ad,SVG,comparison-instrument-2026-10-06T15-51-13.379Z,points-3000-seed-41544c53,zoom,camera_api_sync_ms,ms,40,0
Atlas,f393bc3bb2ad,SVG,comparison-instrument-2026-10-06T15-51-13.379Z,points-3000-seed-41544c53,zoom,frame_interval_ms,ms,41,16.599999999976717
Atlas,f393bc3bb2ad,SVG,comparison-instrument-2026-10-06T15-51-13.379Z,points-3000-seed-41544c53,zoom,camera_api_sync_ms,ms,41,0
Atlas,f393bc3bb2ad,SVG,comparison-instrument-2026-10-06T15-51-13.379Z,points-3000-seed-41544c53,zoom,frame_interval_ms,ms,42,32.5
Atlas,f393bc3bb2ad,SVG,comparison-instrument-2026-10-06T15-51-13.379Z,points-3000-seed-41544c53,zoom,camera_api_sync_ms,ms,42,0.09999990463256836
Atlas,f393bc3bb2ad,SVG,comparison-instrument-2026-10-06T15-51-13.379Z,points-3000-seed-41544c53,zoom,frame_interval_ms,ms,43,17.5
Atlas,f393bc3bb2ad,SVG,comparison-instrument-2026-10-06T15-51-13.379Z,points-3000-seed-41544c53,zoom,camera_api_sync_ms,ms,43,0
Atlas,f393bc3bb2ad,SVG,comparison-instrument-2026-10-06T15-51-13.379Z,points-3000-seed-41544c53,zoom,frame_interval_ms,ms,44,16.800000000046566
Atlas,f393bc3bb2ad,SVG,comparison-instrument-2026-10-06T15-51-13.379Z,points-3000-seed-41544c53,zoom,camera_api_sync_ms,ms,44,0
Atlas,f393bc3bb2ad,SVG,comparison-instrument-2026-10-06T15-51-13.379Z,points-3000-seed-41544c53,zoom,frame_interval_ms,ms,45,16.599999999976717
Atlas,f393bc3bb2ad,SVG,comparison-instrument-2026-10-06T15-51-13.379Z,points-3000-seed-41544c53,zoom,camera_api_sync_ms,ms,45,0
Atlas,f393bc3bb2ad,SVG,comparison-instrument-2026-10-06T15-51-13.379Z,points-3000-seed-41544c53,zoom,frame_interval_ms,ms,46,16.599999999976717
Atlas,f393bc3bb2ad,SVG,comparison-instrument-2026-10-06T15-51-13.379Z,points-3000-seed-41544c53,zoom,camera_api_sync_ms,ms,46,0
Atlas,f393bc3bb2ad,SVG,comparison-instrument-2026-10-06T15-51-13.379Z,points-3000-seed-41544c53,zoom,frame_interval_ms,ms,47,16.70000000006985
Atlas,f393bc3bb2ad,SVG,comparison-instrument-2026-10-06T15-51-13.379Z,points-3000-seed-41544c53,zoom,camera_api_sync_ms,ms,47,0
Atlas,f393bc3bb2ad,SVG,comparison-instrument-2026-10-06T15-51-13.379Z,points-3000-seed-41544c53,zoom,frame_interval_ms,ms,48,16.79999999993015
Atlas,f393bc3bb2ad,SVG,comparison-instrument-2026-10-06T15-51-13.379Z,points-3000-seed-41544c53,zoom,camera_api_sync_ms,ms,48,0.10000014305114746
Atlas,f393bc3bb2ad,SVG,comparison-instrument-2026-10-06T15-51-13.379Z,points-3000-seed-41544c53,zoom,frame_interval_ms,ms,49,16.5
Atlas,f393bc3bb2ad,SVG,comparison-instrument-2026-10-06T15-51-13.379Z,points-3000-seed-41544c53,zoom,camera_api_sync_ms,ms,49,0
Atlas,f393bc3bb2ad,SVG,comparison-instrument-2026-10-06T15-51-13.379Z,points-3000-seed-41544c53,zoom,frame_interval_ms,ms,50,16.800000000046566
Atlas,f393bc3bb2ad,SVG,comparison-instrument-2026-10-06T15-51-13.379Z,points-3000-seed-41544c53,zoom,camera_api_sync_ms,ms,50,0
Atlas,f393bc3bb2ad,SVG,comparison-instrument-2026-10-06T15-51-13.379Z,points-3000-seed-41544c53,zoom,frame_interval_ms,ms,51,16.599999999976717
Atlas,f393bc3bb2ad,SVG,comparison-instrument-2026-10-06T15-51-13.379Z,points-3000-seed-41544c53,zoom,camera_api_sync_ms,ms,51,0.10000014305114746
Atlas,f393bc3bb2ad,SVG,comparison-instrument-2026-10-06T15-51-13.379Z,points-3000-seed-41544c53,zoom,frame_interval_ms,ms,52,33.300000000046566
Atlas,f393bc3bb2ad,SVG,comparison-instrument-2026-10-06T15-51-13.379Z,points-3000-seed-41544c53,zoom,camera_api_sync_ms,ms,52,0
Atlas,f393bc3bb2ad,SVG,comparison-instrument-2026-10-06T15-51-13.379Z,points-3000-seed-41544c53,zoom,frame_interval_ms,ms,53,16.699999999953434
Atlas,f393bc3bb2ad,SVG,comparison-instrument-2026-10-06T15-51-13.379Z,points-3000-seed-41544c53,zoom,camera_api_sync_ms,ms,53,0.09999990463256836
Atlas,f393bc3bb2ad,SVG,comparison-instrument-2026-10-06T15-51-13.379Z,points-3000-seed-41544c53,zoom,frame_interval_ms,ms,54,16.599999999976717
Atlas,f393bc3bb2ad,SVG,comparison-instrument-2026-10-06T15-51-13.379Z,points-3000-seed-41544c53,zoom,camera_api_sync_ms,ms,54,0.09999990463256836
Atlas,f393bc3bb2ad,SVG,comparison-instrument-2026-10-06T15-51-13.379Z,points-3000-seed-41544c53,zoom,frame_interval_ms,ms,55,16.800000000046566
Atlas,f393bc3bb2ad,SVG,comparison-instrument-2026-10-06T15-51-13.379Z,points-3000-seed-41544c53,zoom,camera_api_sync_ms,ms,55,0
Atlas,f393bc3bb2ad,SVG,comparison-instrument-2026-10-06T15-51-13.379Z,points-3000-seed-41544c53,zoom,frame_interval_ms,ms,56,16.599999999976717
Atlas,f393bc3bb2ad,SVG,comparison-instrument-2026-10-06T15-51-13.379Z,points-3000-seed-41544c53,zoom,camera_api_sync_ms,ms,56,0.09999990463256836
Atlas,f393bc3bb2ad,SVG,comparison-instrument-2026-10-06T15-51-13.379Z,points-3000-seed-41544c53,zoom,frame_interval_ms,ms,57,16.699999999953434
Atlas,f393bc3bb2ad,SVG,comparison-instrument-2026-10-06T15-51-13.379Z,points-3000-seed-41544c53,zoom,camera_api_sync_ms,ms,57,0
Atlas,f393bc3bb2ad,SVG,comparison-instrument-2026-10-06T15-51-13.379Z,points-3000-seed-41544c53,zoom,frame_interval_ms,ms,58,16.70000000006985
Atlas,f393bc3bb2ad,SVG,comparison-instrument-2026-10-06T15-51-13.379Z,points-3000-seed-41544c53,zoom,camera_api_sync_ms,ms,58,0.09999990463256836
Atlas,f393bc3bb2ad,SVG,comparison-instrument-2026-10-06T15-51-13.379Z,points-3000-seed-41544c53,zoom,frame_interval_ms,ms,59,15.79999999993015
Atlas,f393bc3bb2ad,SVG,comparison-instrument-2026-10-06T15-51-13.379Z,points-3000-seed-41544c53,zoom,camera_api_sync_ms,ms,59,0
Atlas,f393bc3bb2ad,SVG,comparison-instrument-2026-10-06T15-51-13.379Z,points-3000-seed-41544c53,zoom,frame_interval_ms,ms,60,16.800000000046566
Atlas,f393bc3bb2ad,SVG,comparison-instrument-2026-10-06T15-51-13.379Z,points-3000-seed-41544c53,zoom,camera_api_sync_ms,ms,60,0
Atlas,f393bc3bb2ad,SVG,comparison-instrument-2026-10-06T15-51-13.379Z,points-3000-seed-41544c53,zoom,frame_interval_ms,ms,61,17.400000000023283
Atlas,f393bc3bb2ad,SVG,comparison-instrument-2026-10-06T15-51-13.379Z,points-3000-seed-41544c53,zoom,camera_api_sync_ms,ms,61,0.09999990463256836
Atlas,f393bc3bb2ad,SVG,comparison-instrument-2026-10-06T15-51-13.379Z,points-3000-seed-41544c53,zoom,frame_interval_ms,ms,62,33.199999999953434
Atlas,f393bc3bb2ad,SVG,comparison-instrument-2026-10-06T15-51-13.379Z,points-3000-seed-41544c53,zoom,camera_api_sync_ms,ms,62,0
Atlas,f393bc3bb2ad,SVG,comparison-instrument-2026-10-06T15-51-13.379Z,points-3000-seed-41544c53,zoom,frame_interval_ms,ms,63,16.70000000006985
Atlas,f393bc3bb2ad,SVG,comparison-instrument-2026-10-06T15-51-13.379Z,points-3000-seed-41544c53,zoom,camera_api_sync_ms,ms,63,0
Atlas,f393bc3bb2ad,SVG,comparison-instrument-2026-10-06T15-51-13.379Z,points-3000-seed-41544c53,zoom,frame_interval_ms,ms,64,16.699999999953434
Atlas,f393bc3bb2ad,SVG,comparison-instrument-2026-10-06T15-51-13.379Z,points-3000-seed-41544c53,zoom,camera_api_sync_ms,ms,64,0
Atlas,f393bc3bb2ad,SVG,comparison-instrument-2026-10-06T15-51-13.379Z,points-3000-seed-41544c53,zoom,frame_interval_ms,ms,65,16.699999999953434
Atlas,f393bc3bb2ad,SVG,comparison-instrument-2026-10-06T15-51-13.379Z,points-3000-seed-41544c53,zoom,camera_api_sync_ms,ms,65,0
Atlas,f393bc3bb2ad,SVG,comparison-instrument-2026-10-06T15-51-13.379Z,points-3000-seed-41544c53,zoom,frame_interval_ms,ms,66,15.70000000006985
Atlas,f393bc3bb2ad,SVG,comparison-instrument-2026-10-06T15-51-13.379Z,points-3000-seed-41544c53,zoom,camera_api_sync_ms,ms,66,0
Atlas,f393bc3bb2ad,SVG,comparison-instrument-2026-10-06T15-51-13.379Z,points-3000-seed-41544c53,zoom,frame_interval_ms,ms,67,34.199999999953434
Atlas,f393bc3bb2ad,SVG,comparison-instrument-2026-10-06T15-51-13.379Z,points-3000-seed-41544c53,zoom,camera_api_sync_ms,ms,67,0
Atlas,f393bc3bb2ad,SVG,comparison-instrument-2026-10-06T15-51-13.379Z,points-3000-seed-41544c53,zoom,frame_interval_ms,ms,68,15.800000000046566
Atlas,f393bc3bb2ad,SVG,comparison-instrument-2026-10-06T15-51-13.379Z,points-3000-seed-41544c53,zoom,camera_api_sync_ms,ms,68,0
Atlas,f393bc3bb2ad,SVG,comparison-instrument-2026-10-06T15-51-13.379Z,points-3000-seed-41544c53,zoom,frame_interval_ms,ms,69,34.29999999993015
Atlas,f393bc3bb2ad,SVG,comparison-instrument-2026-10-06T15-51-13.379Z,points-3000-seed-41544c53,zoom,camera_api_sync_ms,ms,69,0
Atlas,f393bc3bb2ad,SVG,comparison-instrument-2026-10-06T15-51-13.379Z,points-3000-seed-41544c53,zoom,frame_interval_ms,ms,70,16.600000000093132
Atlas,f393bc3bb2ad,SVG,comparison-instrument-2026-10-06T15-51-13.379Z,points-3000-seed-41544c53,zoom,camera_api_sync_ms,ms,70,0.10000014305114746
Atlas,f393bc3bb2ad,SVG,comparison-instrument-2026-10-06T15-51-13.379Z,points-3000-seed-41544c53,zoom,frame_interval_ms,ms,71,15.79999999993015
Atlas,f393bc3bb2ad,SVG,comparison-instrument-2026-10-06T15-51-13.379Z,points-3000-seed-41544c53,zoom,camera_api_sync_ms,ms,71,0
Atlas,f393bc3bb2ad,SVG,comparison-instrument-2026-10-06T15-51-13.379Z,points-3000-seed-41544c53,zoom,frame_interval_ms,ms,72,34.20000000006985
Atlas,f393bc3bb2ad,SVG,comparison-instrument-2026-10-06T15-51-13.379Z,points-3000-seed-41544c53,zoom,camera_api_sync_ms,ms,72,0
Atlas,f393bc3bb2ad,SVG,comparison-instrument-2026-10-06T15-51-13.379Z,points-3000-seed-41544c53,zoom,frame_interval_ms,ms,73,16.699999999953434
Atlas,f393bc3bb2ad,SVG,comparison-instrument-2026-10-06T15-51-13.379Z,points-3000-seed-41544c53,zoom,camera_api_sync_ms,ms,73,0
Atlas,f393bc3bb2ad,SVG,comparison-instrument-2026-10-06T15-51-13.379Z,points-3000-seed-41544c53,zoom,motion_elapsed_ms,ms,0,1500
Atlas,f393bc3bb2ad,SVG,comparison-instrument-2026-10-06T15-51-13.379Z,points-3000-seed-41544c53,zoom,camera_updates,count,0,74
Atlas,f393bc3bb2ad,SVG,comparison-instrument-2026-10-06T15-51-13.379Z,points-3000-seed-41544c53,zoom,svg_attribute_writes,count,0,444222
Atlas,f393bc3bb2ad,SVG,comparison-instrument-2026-10-06T15-51-13.379Z,points-3000-seed-41544c53,zoom,svg_attribute_removals,count,0,222000
Atlas,f393bc3bb2ad,SVG,comparison-instrument-2026-10-06T15-51-13.379Z,points-3000-seed-41544c53,zoom,dom_added_nodes,count,0,0
Atlas,f393bc3bb2ad,SVG,comparison-instrument-2026-10-06T15-51-13.379Z,points-3000-seed-41544c53,zoom,dom_removed_nodes,count,0,0
Leaflet,1.9.4,SVG,comparison-instrument-2026-10-06T15-51-13.379Z,points-3000-seed-41544c53,zoom,frame_interval_ms,ms,0,16.699999999953434
Leaflet,1.9.4,SVG,comparison-instrument-2026-10-06T15-51-13.379Z,points-3000-seed-41544c53,zoom,camera_api_sync_ms,ms,0,8.700000047683716
Leaflet,1.9.4,SVG,comparison-instrument-2026-10-06T15-51-13.379Z,points-3000-seed-41544c53,zoom,frame_interval_ms,ms,1,16.600000000093132
Leaflet,1.9.4,SVG,comparison-instrument-2026-10-06T15-51-13.379Z,points-3000-seed-41544c53,zoom,camera_api_sync_ms,ms,1,8.299999952316284
Leaflet,1.9.4,SVG,comparison-instrument-2026-10-06T15-51-13.379Z,points-3000-seed-41544c53,zoom,frame_interval_ms,ms,2,16.699999999953434
Leaflet,1.9.4,SVG,comparison-instrument-2026-10-06T15-51-13.379Z,points-3000-seed-41544c53,zoom,camera_api_sync_ms,ms,2,8.599999904632568
Leaflet,1.9.4,SVG,comparison-instrument-2026-10-06T15-51-13.379Z,points-3000-seed-41544c53,zoom,frame_interval_ms,ms,3,16.599999999976717
Leaflet,1.9.4,SVG,comparison-instrument-2026-10-06T15-51-13.379Z,points-3000-seed-41544c53,zoom,camera_api_sync_ms,ms,3,8.900000095367432
Leaflet,1.9.4,SVG,comparison-instrument-2026-10-06T15-51-13.379Z,points-3000-seed-41544c53,zoom,frame_interval_ms,ms,4,16.800000000046566
Leaflet,1.9.4,SVG,comparison-instrument-2026-10-06T15-51-13.379Z,points-3000-seed-41544c53,zoom,camera_api_sync_ms,ms,4,8.799999952316284
Leaflet,1.9.4,SVG,comparison-instrument-2026-10-06T15-51-13.379Z,points-3000-seed-41544c53,zoom,frame_interval_ms,ms,5,33.29999999993015
Leaflet,1.9.4,SVG,comparison-instrument-2026-10-06T15-51-13.379Z,points-3000-seed-41544c53,zoom,camera_api_sync_ms,ms,5,11.599999904632568
Leaflet,1.9.4,SVG,comparison-instrument-2026-10-06T15-51-13.379Z,points-3000-seed-41544c53,zoom,frame_interval_ms,ms,6,16.600000000093132
Leaflet,1.9.4,SVG,comparison-instrument-2026-10-06T15-51-13.379Z,points-3000-seed-41544c53,zoom,camera_api_sync_ms,ms,6,8.800000190734863
Leaflet,1.9.4,SVG,comparison-instrument-2026-10-06T15-51-13.379Z,points-3000-seed-41544c53,zoom,frame_interval_ms,ms,7,15.79999999993015
Leaflet,1.9.4,SVG,comparison-instrument-2026-10-06T15-51-13.379Z,points-3000-seed-41544c53,zoom,camera_api_sync_ms,ms,7,8.099999904632568
Leaflet,1.9.4,SVG,comparison-instrument-2026-10-06T15-51-13.379Z,points-3000-seed-41544c53,zoom,frame_interval_ms,ms,8,34.20000000006985
Leaflet,1.9.4,SVG,comparison-instrument-2026-10-06T15-51-13.379Z,points-3000-seed-41544c53,zoom,camera_api_sync_ms,ms,8,7.700000047683716
Leaflet,1.9.4,SVG,comparison-instrument-2026-10-06T15-51-13.379Z,points-3000-seed-41544c53,zoom,frame_interval_ms,ms,9,16.699999999953434
Leaflet,1.9.4,SVG,comparison-instrument-2026-10-06T15-51-13.379Z,points-3000-seed-41544c53,zoom,camera_api_sync_ms,ms,9,7.6000001430511475
Leaflet,1.9.4,SVG,comparison-instrument-2026-10-06T15-51-13.379Z,points-3000-seed-41544c53,zoom,frame_interval_ms,ms,10,16.699999999953434
Leaflet,1.9.4,SVG,comparison-instrument-2026-10-06T15-51-13.379Z,points-3000-seed-41544c53,zoom,camera_api_sync_ms,ms,10,9.300000190734863
Leaflet,1.9.4,SVG,comparison-instrument-2026-10-06T15-51-13.379Z,points-3000-seed-41544c53,zoom,frame_interval_ms,ms,11,16.600000000093132
Leaflet,1.9.4,SVG,comparison-instrument-2026-10-06T15-51-13.379Z,points-3000-seed-41544c53,zoom,camera_api_sync_ms,ms,11,14.400000095367432
Leaflet,1.9.4,SVG,comparison-instrument-2026-10-06T15-51-13.379Z,points-3000-seed-41544c53,zoom,frame_interval_ms,ms,12,32.5
Leaflet,1.9.4,SVG,comparison-instrument-2026-10-06T15-51-13.379Z,points-3000-seed-41544c53,zoom,camera_api_sync_ms,ms,12,9.200000047683716
Leaflet,1.9.4,SVG,comparison-instrument-2026-10-06T15-51-13.379Z,points-3000-seed-41544c53,zoom,frame_interval_ms,ms,13,16.599999999976717
Leaflet,1.9.4,SVG,comparison-instrument-2026-10-06T15-51-13.379Z,points-3000-seed-41544c53,zoom,camera_api_sync_ms,ms,13,7.8999998569488525
Leaflet,1.9.4,SVG,comparison-instrument-2026-10-06T15-51-13.379Z,points-3000-seed-41544c53,zoom,frame_interval_ms,ms,14,34.199999999953434
Leaflet,1.9.4,SVG,comparison-instrument-2026-10-06T15-51-13.379Z,points-3000-seed-41544c53,zoom,camera_api_sync_ms,ms,14,7.900000095367432
Leaflet,1.9.4,SVG,comparison-instrument-2026-10-06T15-51-13.379Z,points-3000-seed-41544c53,zoom,frame_interval_ms,ms,15,16.70000000006985
Leaflet,1.9.4,SVG,comparison-instrument-2026-10-06T15-51-13.379Z,points-3000-seed-41544c53,zoom,camera_api_sync_ms,ms,15,7.700000047683716
Leaflet,1.9.4,SVG,comparison-instrument-2026-10-06T15-51-13.379Z,points-3000-seed-41544c53,zoom,frame_interval_ms,ms,16,16.699999999953434
Leaflet,1.9.4,SVG,comparison-instrument-2026-10-06T15-51-13.379Z,points-3000-seed-41544c53,zoom,camera_api_sync_ms,ms,16,7.799999952316284
Leaflet,1.9.4,SVG,comparison-instrument-2026-10-06T15-51-13.379Z,points-3000-seed-41544c53,zoom,frame_interval_ms,ms,17,16.699999999953434
Leaflet,1.9.4,SVG,comparison-instrument-2026-10-06T15-51-13.379Z,points-3000-seed-41544c53,zoom,camera_api_sync_ms,ms,17,7.6000001430511475
Leaflet,1.9.4,SVG,comparison-instrument-2026-10-06T15-51-13.379Z,points-3000-seed-41544c53,zoom,frame_interval_ms,ms,18,33.300000000046566
Leaflet,1.9.4,SVG,comparison-instrument-2026-10-06T15-51-13.379Z,points-3000-seed-41544c53,zoom,camera_api_sync_ms,ms,18,6.8999998569488525
Leaflet,1.9.4,SVG,comparison-instrument-2026-10-06T15-51-13.379Z,points-3000-seed-41544c53,zoom,frame_interval_ms,ms,19,16.699999999953434
Leaflet,1.9.4,SVG,comparison-instrument-2026-10-06T15-51-13.379Z,points-3000-seed-41544c53,zoom,camera_api_sync_ms,ms,19,7.200000047683716
Leaflet,1.9.4,SVG,comparison-instrument-2026-10-06T15-51-13.379Z,points-3000-seed-41544c53,zoom,frame_interval_ms,ms,20,16.70000000006985
Leaflet,1.9.4,SVG,comparison-instrument-2026-10-06T15-51-13.379Z,points-3000-seed-41544c53,zoom,camera_api_sync_ms,ms,20,7.1000001430511475
Leaflet,1.9.4,SVG,comparison-instrument-2026-10-06T15-51-13.379Z,points-3000-seed-41544c53,zoom,frame_interval_ms,ms,21,16.599999999976717
Leaflet,1.9.4,SVG,comparison-instrument-2026-10-06T15-51-13.379Z,points-3000-seed-41544c53,zoom,camera_api_sync_ms,ms,21,7.200000047683716
Leaflet,1.9.4,SVG,comparison-instrument-2026-10-06T15-51-13.379Z,points-3000-seed-41544c53,zoom,frame_interval_ms,ms,22,16.699999999953434
Leaflet,1.9.4,SVG,comparison-instrument-2026-10-06T15-51-13.379Z,points-3000-seed-41544c53,zoom,camera_api_sync_ms,ms,22,6.6000001430511475
Leaflet,1.9.4,SVG,comparison-instrument-2026-10-06T15-51-13.379Z,points-3000-seed-41544c53,zoom,frame_interval_ms,ms,23,16.600000000093132
Leaflet,1.9.4,SVG,comparison-instrument-2026-10-06T15-51-13.379Z,points-3000-seed-41544c53,zoom,camera_api_sync_ms,ms,23,7.5
Leaflet,1.9.4,SVG,comparison-instrument-2026-10-06T15-51-13.379Z,points-3000-seed-41544c53,zoom,frame_interval_ms,ms,24,33.29999999993015
Leaflet,1.9.4,SVG,comparison-instrument-2026-10-06T15-51-13.379Z,points-3000-seed-41544c53,zoom,camera_api_sync_ms,ms,24,5.900000095367432
Leaflet,1.9.4,SVG,comparison-instrument-2026-10-06T15-51-13.379Z,points-3000-seed-41544c53,zoom,frame_interval_ms,ms,25,16.70000000006985
Leaflet,1.9.4,SVG,comparison-instrument-2026-10-06T15-51-13.379Z,points-3000-seed-41544c53,zoom,camera_api_sync_ms,ms,25,5.900000095367432
Leaflet,1.9.4,SVG,comparison-instrument-2026-10-06T15-51-13.379Z,points-3000-seed-41544c53,zoom,frame_interval_ms,ms,26,16.699999999953434
Leaflet,1.9.4,SVG,comparison-instrument-2026-10-06T15-51-13.379Z,points-3000-seed-41544c53,zoom,camera_api_sync_ms,ms,26,5.6000001430511475
Leaflet,1.9.4,SVG,comparison-instrument-2026-10-06T15-51-13.379Z,points-3000-seed-41544c53,zoom,frame_interval_ms,ms,27,16.599999999976717
Leaflet,1.9.4,SVG,comparison-instrument-2026-10-06T15-51-13.379Z,points-3000-seed-41544c53,zoom,camera_api_sync_ms,ms,27,5.700000047683716
Leaflet,1.9.4,SVG,comparison-instrument-2026-10-06T15-51-13.379Z,points-3000-seed-41544c53,zoom,frame_interval_ms,ms,28,16.70000000006985
Leaflet,1.9.4,SVG,comparison-instrument-2026-10-06T15-51-13.379Z,points-3000-seed-41544c53,zoom,camera_api_sync_ms,ms,28,6.400000095367432
Leaflet,1.9.4,SVG,comparison-instrument-2026-10-06T15-51-13.379Z,points-3000-seed-41544c53,zoom,frame_interval_ms,ms,29,16.699999999953434
Leaflet,1.9.4,SVG,comparison-instrument-2026-10-06T15-51-13.379Z,points-3000-seed-41544c53,zoom,camera_api_sync_ms,ms,29,5.700000047683716
Leaflet,1.9.4,SVG,comparison-instrument-2026-10-06T15-51-13.379Z,points-3000-seed-41544c53,zoom,frame_interval_ms,ms,30,16.699999999953434
Leaflet,1.9.4,SVG,comparison-instrument-2026-10-06T15-51-13.379Z,points-3000-seed-41544c53,zoom,camera_api_sync_ms,ms,30,6.400000095367432
Leaflet,1.9.4,SVG,comparison-instrument-2026-10-06T15-51-13.379Z,points-3000-seed-41544c53,zoom,frame_interval_ms,ms,31,16.70000000006985
Leaflet,1.9.4,SVG,comparison-instrument-2026-10-06T15-51-13.379Z,points-3000-seed-41544c53,zoom,camera_api_sync_ms,ms,31,5.5
Leaflet,1.9.4,SVG,comparison-instrument-2026-10-06T15-51-13.379Z,points-3000-seed-41544c53,zoom,frame_interval_ms,ms,32,16.599999999976717
Leaflet,1.9.4,SVG,comparison-instrument-2026-10-06T15-51-13.379Z,points-3000-seed-41544c53,zoom,camera_api_sync_ms,ms,32,5.5
Leaflet,1.9.4,SVG,comparison-instrument-2026-10-06T15-51-13.379Z,points-3000-seed-41544c53,zoom,frame_interval_ms,ms,33,16.699999999953434
Leaflet,1.9.4,SVG,comparison-instrument-2026-10-06T15-51-13.379Z,points-3000-seed-41544c53,zoom,camera_api_sync_ms,ms,33,6.599999904632568
Leaflet,1.9.4,SVG,comparison-instrument-2026-10-06T15-51-13.379Z,points-3000-seed-41544c53,zoom,frame_interval_ms,ms,34,16.600000000093132
Leaflet,1.9.4,SVG,comparison-instrument-2026-10-06T15-51-13.379Z,points-3000-seed-41544c53,zoom,camera_api_sync_ms,ms,34,5.699999809265137
Leaflet,1.9.4,SVG,comparison-instrument-2026-10-06T15-51-13.379Z,points-3000-seed-41544c53,zoom,frame_interval_ms,ms,35,16.699999999953434
Leaflet,1.9.4,SVG,comparison-instrument-2026-10-06T15-51-13.379Z,points-3000-seed-41544c53,zoom,camera_api_sync_ms,ms,35,5.3999998569488525
Leaflet,1.9.4,SVG,comparison-instrument-2026-10-06T15-51-13.379Z,points-3000-seed-41544c53,zoom,frame_interval_ms,ms,36,16.699999999953434
Leaflet,1.9.4,SVG,comparison-instrument-2026-10-06T15-51-13.379Z,points-3000-seed-41544c53,zoom,camera_api_sync_ms,ms,36,6.1000001430511475
Leaflet,1.9.4,SVG,comparison-instrument-2026-10-06T15-51-13.379Z,points-3000-seed-41544c53,zoom,frame_interval_ms,ms,37,16.600000000093132
Leaflet,1.9.4,SVG,comparison-instrument-2026-10-06T15-51-13.379Z,points-3000-seed-41544c53,zoom,camera_api_sync_ms,ms,37,5.900000095367432
Leaflet,1.9.4,SVG,comparison-instrument-2026-10-06T15-51-13.379Z,points-3000-seed-41544c53,zoom,frame_interval_ms,ms,38,16.699999999953434
Leaflet,1.9.4,SVG,comparison-instrument-2026-10-06T15-51-13.379Z,points-3000-seed-41544c53,zoom,camera_api_sync_ms,ms,38,6.199999809265137
Leaflet,1.9.4,SVG,comparison-instrument-2026-10-06T15-51-13.379Z,points-3000-seed-41544c53,zoom,frame_interval_ms,ms,39,16.699999999953434
Leaflet,1.9.4,SVG,comparison-instrument-2026-10-06T15-51-13.379Z,points-3000-seed-41544c53,zoom,camera_api_sync_ms,ms,39,5.5
Leaflet,1.9.4,SVG,comparison-instrument-2026-10-06T15-51-13.379Z,points-3000-seed-41544c53,zoom,frame_interval_ms,ms,40,16.70000000006985
Leaflet,1.9.4,SVG,comparison-instrument-2026-10-06T15-51-13.379Z,points-3000-seed-41544c53,zoom,camera_api_sync_ms,ms,40,5.700000047683716
Leaflet,1.9.4,SVG,comparison-instrument-2026-10-06T15-51-13.379Z,points-3000-seed-41544c53,zoom,frame_interval_ms,ms,41,16.599999999976717
Leaflet,1.9.4,SVG,comparison-instrument-2026-10-06T15-51-13.379Z,points-3000-seed-41544c53,zoom,camera_api_sync_ms,ms,41,5.799999952316284
Leaflet,1.9.4,SVG,comparison-instrument-2026-10-06T15-51-13.379Z,points-3000-seed-41544c53,zoom,frame_interval_ms,ms,42,16.699999999953434
Leaflet,1.9.4,SVG,comparison-instrument-2026-10-06T15-51-13.379Z,points-3000-seed-41544c53,zoom,camera_api_sync_ms,ms,42,5.800000190734863
Leaflet,1.9.4,SVG,comparison-instrument-2026-10-06T15-51-13.379Z,points-3000-seed-41544c53,zoom,frame_interval_ms,ms,43,16.70000000006985
Leaflet,1.9.4,SVG,comparison-instrument-2026-10-06T15-51-13.379Z,points-3000-seed-41544c53,zoom,camera_api_sync_ms,ms,43,5.699999809265137
Leaflet,1.9.4,SVG,comparison-instrument-2026-10-06T15-51-13.379Z,points-3000-seed-41544c53,zoom,frame_interval_ms,ms,44,16.599999999976717
Leaflet,1.9.4,SVG,comparison-instrument-2026-10-06T15-51-13.379Z,points-3000-seed-41544c53,zoom,camera_api_sync_ms,ms,44,5.8999998569488525
Leaflet,1.9.4,SVG,comparison-instrument-2026-10-06T15-51-13.379Z,points-3000-seed-41544c53,zoom,frame_interval_ms,ms,45,16.699999999953434
Leaflet,1.9.4,SVG,comparison-instrument-2026-10-06T15-51-13.379Z,points-3000-seed-41544c53,zoom,camera_api_sync_ms,ms,45,5.799999952316284
Leaflet,1.9.4,SVG,comparison-instrument-2026-10-06T15-51-13.379Z,points-3000-seed-41544c53,zoom,frame_interval_ms,ms,46,16.600000000093132
Leaflet,1.9.4,SVG,comparison-instrument-2026-10-06T15-51-13.379Z,points-3000-seed-41544c53,zoom,camera_api_sync_ms,ms,46,5.699999809265137
Leaflet,1.9.4,SVG,comparison-instrument-2026-10-06T15-51-13.379Z,points-3000-seed-41544c53,zoom,frame_interval_ms,ms,47,15.79999999993015
Leaflet,1.9.4,SVG,comparison-instrument-2026-10-06T15-51-13.379Z,points-3000-seed-41544c53,zoom,camera_api_sync_ms,ms,47,6.200000047683716
Leaflet,1.9.4,SVG,comparison-instrument-2026-10-06T15-51-13.379Z,points-3000-seed-41544c53,zoom,frame_interval_ms,ms,48,17.599999999976717
Leaflet,1.9.4,SVG,comparison-instrument-2026-10-06T15-51-13.379Z,points-3000-seed-41544c53,zoom,camera_api_sync_ms,ms,48,5.799999952316284
Leaflet,1.9.4,SVG,comparison-instrument-2026-10-06T15-51-13.379Z,points-3000-seed-41544c53,zoom,frame_interval_ms,ms,49,15.70000000006985
Leaflet,1.9.4,SVG,comparison-instrument-2026-10-06T15-51-13.379Z,points-3000-seed-41544c53,zoom,camera_api_sync_ms,ms,49,5.6000001430511475
Leaflet,1.9.4,SVG,comparison-instrument-2026-10-06T15-51-13.379Z,points-3000-seed-41544c53,zoom,frame_interval_ms,ms,50,16.699999999953434
Leaflet,1.9.4,SVG,comparison-instrument-2026-10-06T15-51-13.379Z,points-3000-seed-41544c53,zoom,camera_api_sync_ms,ms,50,5.799999952316284
Leaflet,1.9.4,SVG,comparison-instrument-2026-10-06T15-51-13.379Z,points-3000-seed-41544c53,zoom,frame_interval_ms,ms,51,16.70000000006985
Leaflet,1.9.4,SVG,comparison-instrument-2026-10-06T15-51-13.379Z,points-3000-seed-41544c53,zoom,camera_api_sync_ms,ms,51,5.900000095367432
Leaflet,1.9.4,SVG,comparison-instrument-2026-10-06T15-51-13.379Z,points-3000-seed-41544c53,zoom,frame_interval_ms,ms,52,16.599999999976717
Leaflet,1.9.4,SVG,comparison-instrument-2026-10-06T15-51-13.379Z,points-3000-seed-41544c53,zoom,camera_api_sync_ms,ms,52,5.900000095367432
Leaflet,1.9.4,SVG,comparison-instrument-2026-10-06T15-51-13.379Z,points-3000-seed-41544c53,zoom,frame_interval_ms,ms,53,16.699999999953434
Leaflet,1.9.4,SVG,comparison-instrument-2026-10-06T15-51-13.379Z,points-3000-seed-41544c53,zoom,camera_api_sync_ms,ms,53,6.199999809265137
Leaflet,1.9.4,SVG,comparison-instrument-2026-10-06T15-51-13.379Z,points-3000-seed-41544c53,zoom,frame_interval_ms,ms,54,16.599999999976717
Leaflet,1.9.4,SVG,comparison-instrument-2026-10-06T15-51-13.379Z,points-3000-seed-41544c53,zoom,camera_api_sync_ms,ms,54,6.6000001430511475
Leaflet,1.9.4,SVG,comparison-instrument-2026-10-06T15-51-13.379Z,points-3000-seed-41544c53,zoom,frame_interval_ms,ms,55,16.70000000006985
Leaflet,1.9.4,SVG,comparison-instrument-2026-10-06T15-51-13.379Z,points-3000-seed-41544c53,zoom,camera_api_sync_ms,ms,55,6.400000095367432
Leaflet,1.9.4,SVG,comparison-instrument-2026-10-06T15-51-13.379Z,points-3000-seed-41544c53,zoom,frame_interval_ms,ms,56,16.599999999976717
Leaflet,1.9.4,SVG,comparison-instrument-2026-10-06T15-51-13.379Z,points-3000-seed-41544c53,zoom,camera_api_sync_ms,ms,56,7.299999952316284
Leaflet,1.9.4,SVG,comparison-instrument-2026-10-06T15-51-13.379Z,points-3000-seed-41544c53,zoom,frame_interval_ms,ms,57,16.699999999953434
Leaflet,1.9.4,SVG,comparison-instrument-2026-10-06T15-51-13.379Z,points-3000-seed-41544c53,zoom,camera_api_sync_ms,ms,57,8.5
Leaflet,1.9.4,SVG,comparison-instrument-2026-10-06T15-51-13.379Z,points-3000-seed-41544c53,zoom,frame_interval_ms,ms,58,34.40000000002328
Leaflet,1.9.4,SVG,comparison-instrument-2026-10-06T15-51-13.379Z,points-3000-seed-41544c53,zoom,camera_api_sync_ms,ms,58,6.099999904632568
Leaflet,1.9.4,SVG,comparison-instrument-2026-10-06T15-51-13.379Z,points-3000-seed-41544c53,zoom,frame_interval_ms,ms,59,15.599999999976717
Leaflet,1.9.4,SVG,comparison-instrument-2026-10-06T15-51-13.379Z,points-3000-seed-41544c53,zoom,camera_api_sync_ms,ms,59,6.299999952316284
Leaflet,1.9.4,SVG,comparison-instrument-2026-10-06T15-51-13.379Z,points-3000-seed-41544c53,zoom,frame_interval_ms,ms,60,16.70000000006985
Leaflet,1.9.4,SVG,comparison-instrument-2026-10-06T15-51-13.379Z,points-3000-seed-41544c53,zoom,camera_api_sync_ms,ms,60,6.3999998569488525
Leaflet,1.9.4,SVG,comparison-instrument-2026-10-06T15-51-13.379Z,points-3000-seed-41544c53,zoom,frame_interval_ms,ms,61,16.699999999953434
Leaflet,1.9.4,SVG,comparison-instrument-2026-10-06T15-51-13.379Z,points-3000-seed-41544c53,zoom,camera_api_sync_ms,ms,61,6.5
Leaflet,1.9.4,SVG,comparison-instrument-2026-10-06T15-51-13.379Z,points-3000-seed-41544c53,zoom,frame_interval_ms,ms,62,16.70000000006985
Leaflet,1.9.4,SVG,comparison-instrument-2026-10-06T15-51-13.379Z,points-3000-seed-41544c53,zoom,camera_api_sync_ms,ms,62,6.599999904632568
Leaflet,1.9.4,SVG,comparison-instrument-2026-10-06T15-51-13.379Z,points-3000-seed-41544c53,zoom,frame_interval_ms,ms,63,17.5
Leaflet,1.9.4,SVG,comparison-instrument-2026-10-06T15-51-13.379Z,points-3000-seed-41544c53,zoom,camera_api_sync_ms,ms,63,6.599999904632568
Leaflet,1.9.4,SVG,comparison-instrument-2026-10-06T15-51-13.379Z,points-3000-seed-41544c53,zoom,frame_interval_ms,ms,64,15.699999999953434
Leaflet,1.9.4,SVG,comparison-instrument-2026-10-06T15-51-13.379Z,points-3000-seed-41544c53,zoom,camera_api_sync_ms,ms,64,8.100000143051147
Leaflet,1.9.4,SVG,comparison-instrument-2026-10-06T15-51-13.379Z,points-3000-seed-41544c53,zoom,frame_interval_ms,ms,65,16.800000000046566
Leaflet,1.9.4,SVG,comparison-instrument-2026-10-06T15-51-13.379Z,points-3000-seed-41544c53,zoom,camera_api_sync_ms,ms,65,8.400000095367432
Leaflet,1.9.4,SVG,comparison-instrument-2026-10-06T15-51-13.379Z,points-3000-seed-41544c53,zoom,frame_interval_ms,ms,66,34.199999999953434
Leaflet,1.9.4,SVG,comparison-instrument-2026-10-06T15-51-13.379Z,points-3000-seed-41544c53,zoom,camera_api_sync_ms,ms,66,8.799999952316284
Leaflet,1.9.4,SVG,comparison-instrument-2026-10-06T15-51-13.379Z,points-3000-seed-41544c53,zoom,frame_interval_ms,ms,67,16.699999999953434
Leaflet,1.9.4,SVG,comparison-instrument-2026-10-06T15-51-13.379Z,points-3000-seed-41544c53,zoom,camera_api_sync_ms,ms,67,8.599999904632568
Leaflet,1.9.4,SVG,comparison-instrument-2026-10-06T15-51-13.379Z,points-3000-seed-41544c53,zoom,frame_interval_ms,ms,68,16.70000000006985
Leaflet,1.9.4,SVG,comparison-instrument-2026-10-06T15-51-13.379Z,points-3000-seed-41544c53,zoom,camera_api_sync_ms,ms,68,7.800000190734863
Leaflet,1.9.4,SVG,comparison-instrument-2026-10-06T15-51-13.379Z,points-3000-seed-41544c53,zoom,frame_interval_ms,ms,69,33.29999999993015
Leaflet,1.9.4,SVG,comparison-instrument-2026-10-06T15-51-13.379Z,points-3000-seed-41544c53,zoom,camera_api_sync_ms,ms,69,6.900000095367432
Leaflet,1.9.4,SVG,comparison-instrument-2026-10-06T15-51-13.379Z,points-3000-seed-41544c53,zoom,frame_interval_ms,ms,70,15.70000000006985
Leaflet,1.9.4,SVG,comparison-instrument-2026-10-06T15-51-13.379Z,points-3000-seed-41544c53,zoom,camera_api_sync_ms,ms,70,9
Leaflet,1.9.4,SVG,comparison-instrument-2026-10-06T15-51-13.379Z,points-3000-seed-41544c53,zoom,frame_interval_ms,ms,71,17.599999999976717
Leaflet,1.9.4,SVG,comparison-instrument-2026-10-06T15-51-13.379Z,points-3000-seed-41544c53,zoom,camera_api_sync_ms,ms,71,9.800000190734863
Leaflet,1.9.4,SVG,comparison-instrument-2026-10-06T15-51-13.379Z,points-3000-seed-41544c53,zoom,frame_interval_ms,ms,72,32.40000000002328
Leaflet,1.9.4,SVG,comparison-instrument-2026-10-06T15-51-13.379Z,points-3000-seed-41544c53,zoom,camera_api_sync_ms,ms,72,9.699999809265137
Leaflet,1.9.4,SVG,comparison-instrument-2026-10-06T15-51-13.379Z,points-3000-seed-41544c53,zoom,frame_interval_ms,ms,73,17.199999999953434
Leaflet,1.9.4,SVG,comparison-instrument-2026-10-06T15-51-13.379Z,points-3000-seed-41544c53,zoom,camera_api_sync_ms,ms,73,9.099999904632568
Leaflet,1.9.4,SVG,comparison-instrument-2026-10-06T15-51-13.379Z,points-3000-seed-41544c53,zoom,frame_interval_ms,ms,74,32.90000000002328
Leaflet,1.9.4,SVG,comparison-instrument-2026-10-06T15-51-13.379Z,points-3000-seed-41544c53,zoom,camera_api_sync_ms,ms,74,11.700000047683716
Leaflet,1.9.4,SVG,comparison-instrument-2026-10-06T15-51-13.379Z,points-3000-seed-41544c53,zoom,frame_interval_ms,ms,75,17.099999999976717
Leaflet,1.9.4,SVG,comparison-instrument-2026-10-06T15-51-13.379Z,points-3000-seed-41544c53,zoom,camera_api_sync_ms,ms,75,8.199999809265137
Leaflet,1.9.4,SVG,comparison-instrument-2026-10-06T15-51-13.379Z,points-3000-seed-41544c53,zoom,frame_interval_ms,ms,76,32.800000000046566
Leaflet,1.9.4,SVG,comparison-instrument-2026-10-06T15-51-13.379Z,points-3000-seed-41544c53,zoom,camera_api_sync_ms,ms,76,7.099999904632568
Leaflet,1.9.4,SVG,comparison-instrument-2026-10-06T15-51-13.379Z,points-3000-seed-41544c53,zoom,frame_interval_ms,ms,77,16.599999999976717
Leaflet,1.9.4,SVG,comparison-instrument-2026-10-06T15-51-13.379Z,points-3000-seed-41544c53,zoom,camera_api_sync_ms,ms,77,6.5
Leaflet,1.9.4,SVG,comparison-instrument-2026-10-06T15-51-13.379Z,points-3000-seed-41544c53,zoom,frame_interval_ms,ms,78,16.800000000046566
Leaflet,1.9.4,SVG,comparison-instrument-2026-10-06T15-51-13.379Z,points-3000-seed-41544c53,zoom,camera_api_sync_ms,ms,78,6.599999904632568
Leaflet,1.9.4,SVG,comparison-instrument-2026-10-06T15-51-13.379Z,points-3000-seed-41544c53,zoom,motion_elapsed_ms,ms,0,1515.8000000000466
Leaflet,1.9.4,SVG,comparison-instrument-2026-10-06T15-51-13.379Z,points-3000-seed-41544c53,zoom,camera_updates,count,0,79
Leaflet,1.9.4,SVG,comparison-instrument-2026-10-06T15-51-13.379Z,points-3000-seed-41544c53,zoom,svg_attribute_writes,count,0,711158
Leaflet,1.9.4,SVG,comparison-instrument-2026-10-06T15-51-13.379Z,points-3000-seed-41544c53,zoom,svg_attribute_removals,count,0,0
Leaflet,1.9.4,SVG,comparison-instrument-2026-10-06T15-51-13.379Z,points-3000-seed-41544c53,zoom,dom_added_nodes,count,0,0
Leaflet,1.9.4,SVG,comparison-instrument-2026-10-06T15-51-13.379Z,points-3000-seed-41544c53,zoom,dom_removed_nodes,count,0,0
Leaflet,1.9.4,Canvas,comparison-instrument-2026-10-06T15-51-13.379Z,points-3000-seed-41544c53,zoom,frame_interval_ms,ms,0,16.599999999976717
Leaflet,1.9.4,Canvas,comparison-instrument-2026-10-06T15-51-13.379Z,points-3000-seed-41544c53,zoom,camera_api_sync_ms,ms,0,3.6000001430511475
Leaflet,1.9.4,Canvas,comparison-instrument-2026-10-06T15-51-13.379Z,points-3000-seed-41544c53,zoom,frame_interval_ms,ms,1,16.70000000006985
Leaflet,1.9.4,Canvas,comparison-instrument-2026-10-06T15-51-13.379Z,points-3000-seed-41544c53,zoom,camera_api_sync_ms,ms,1,2.700000047683716
Leaflet,1.9.4,Canvas,comparison-instrument-2026-10-06T15-51-13.379Z,points-3000-seed-41544c53,zoom,frame_interval_ms,ms,2,34.29999999993015
Leaflet,1.9.4,Canvas,comparison-instrument-2026-10-06T15-51-13.379Z,points-3000-seed-41544c53,zoom,camera_api_sync_ms,ms,2,2.799999952316284
Leaflet,1.9.4,Canvas,comparison-instrument-2026-10-06T15-51-13.379Z,points-3000-seed-41544c53,zoom,frame_interval_ms,ms,3,16.600000000093132
Leaflet,1.9.4,Canvas,comparison-instrument-2026-10-06T15-51-13.379Z,points-3000-seed-41544c53,zoom,camera_api_sync_ms,ms,3,2.700000047683716
Leaflet,1.9.4,Canvas,comparison-instrument-2026-10-06T15-51-13.379Z,points-3000-seed-41544c53,zoom,frame_interval_ms,ms,4,16.699999999953434
Leaflet,1.9.4,Canvas,comparison-instrument-2026-10-06T15-51-13.379Z,points-3000-seed-41544c53,zoom,camera_api_sync_ms,ms,4,2.700000047683716
Leaflet,1.9.4,Canvas,comparison-instrument-2026-10-06T15-51-13.379Z,points-3000-seed-41544c53,zoom,frame_interval_ms,ms,5,32.40000000002328
Leaflet,1.9.4,Canvas,comparison-instrument-2026-10-06T15-51-13.379Z,points-3000-seed-41544c53,zoom,camera_api_sync_ms,ms,5,3
Leaflet,1.9.4,Canvas,comparison-instrument-2026-10-06T15-51-13.379Z,points-3000-seed-41544c53,zoom,frame_interval_ms,ms,6,17.599999999976717
Leaflet,1.9.4,Canvas,comparison-instrument-2026-10-06T15-51-13.379Z,points-3000-seed-41544c53,zoom,camera_api_sync_ms,ms,6,2.6000001430511475
Leaflet,1.9.4,Canvas,comparison-instrument-2026-10-06T15-51-13.379Z,points-3000-seed-41544c53,zoom,frame_interval_ms,ms,7,33.40000000002328
Leaflet,1.9.4,Canvas,comparison-instrument-2026-10-06T15-51-13.379Z,points-3000-seed-41544c53,zoom,camera_api_sync_ms,ms,7,2.8000001907348633
Leaflet,1.9.4,Canvas,comparison-instrument-2026-10-06T15-51-13.379Z,points-3000-seed-41544c53,zoom,frame_interval_ms,ms,8,16.599999999976717
Leaflet,1.9.4,Canvas,comparison-instrument-2026-10-06T15-51-13.379Z,points-3000-seed-41544c53,zoom,camera_api_sync_ms,ms,8,2.4000000953674316
Leaflet,1.9.4,Canvas,comparison-instrument-2026-10-06T15-51-13.379Z,points-3000-seed-41544c53,zoom,frame_interval_ms,ms,9,33.40000000002328
Leaflet,1.9.4,Canvas,comparison-instrument-2026-10-06T15-51-13.379Z,points-3000-seed-41544c53,zoom,camera_api_sync_ms,ms,9,2.299999952316284
Leaflet,1.9.4,Canvas,comparison-instrument-2026-10-06T15-51-13.379Z,points-3000-seed-41544c53,zoom,frame_interval_ms,ms,10,16.599999999976717
Leaflet,1.9.4,Canvas,comparison-instrument-2026-10-06T15-51-13.379Z,points-3000-seed-41544c53,zoom,camera_api_sync_ms,ms,10,2.4000000953674316
Leaflet,1.9.4,Canvas,comparison-instrument-2026-10-06T15-51-13.379Z,points-3000-seed-41544c53,zoom,frame_interval_ms,ms,11,33.300000000046566
Leaflet,1.9.4,Canvas,comparison-instrument-2026-10-06T15-51-13.379Z,points-3000-seed-41544c53,zoom,camera_api_sync_ms,ms,11,2.200000047683716
Leaflet,1.9.4,Canvas,comparison-instrument-2026-10-06T15-51-13.379Z,points-3000-seed-41544c53,zoom,frame_interval_ms,ms,12,16.699999999953434
Leaflet,1.9.4,Canvas,comparison-instrument-2026-10-06T15-51-13.379Z,points-3000-seed-41544c53,zoom,camera_api_sync_ms,ms,12,3
Leaflet,1.9.4,Canvas,comparison-instrument-2026-10-06T15-51-13.379Z,points-3000-seed-41544c53,zoom,frame_interval_ms,ms,13,15.800000000046566
Leaflet,1.9.4,Canvas,comparison-instrument-2026-10-06T15-51-13.379Z,points-3000-seed-41544c53,zoom,camera_api_sync_ms,ms,13,2.299999952316284
Leaflet,1.9.4,Canvas,comparison-instrument-2026-10-06T15-51-13.379Z,points-3000-seed-41544c53,zoom,frame_interval_ms,ms,14,33.29999999993015
Leaflet,1.9.4,Canvas,comparison-instrument-2026-10-06T15-51-13.379Z,points-3000-seed-41544c53,zoom,camera_api_sync_ms,ms,14,2.4000000953674316
Leaflet,1.9.4,Canvas,comparison-instrument-2026-10-06T15-51-13.379Z,points-3000-seed-41544c53,zoom,frame_interval_ms,ms,15,17.5
Leaflet,1.9.4,Canvas,comparison-instrument-2026-10-06T15-51-13.379Z,points-3000-seed-41544c53,zoom,camera_api_sync_ms,ms,15,2.200000047683716
Leaflet,1.9.4,Canvas,comparison-instrument-2026-10-06T15-51-13.379Z,points-3000-seed-41544c53,zoom,frame_interval_ms,ms,16,16.800000000046566
Leaflet,1.9.4,Canvas,comparison-instrument-2026-10-06T15-51-13.379Z,points-3000-seed-41544c53,zoom,camera_api_sync_ms,ms,16,2.299999952316284
Leaflet,1.9.4,Canvas,comparison-instrument-2026-10-06T15-51-13.379Z,points-3000-seed-41544c53,zoom,frame_interval_ms,ms,17,16.599999999976717
Leaflet,1.9.4,Canvas,comparison-instrument-2026-10-06T15-51-13.379Z,points-3000-seed-41544c53,zoom,camera_api_sync_ms,ms,17,2.3000001907348633
Leaflet,1.9.4,Canvas,comparison-instrument-2026-10-06T15-51-13.379Z,points-3000-seed-41544c53,zoom,frame_interval_ms,ms,18,16.5
Leaflet,1.9.4,Canvas,comparison-instrument-2026-10-06T15-51-13.379Z,points-3000-seed-41544c53,zoom,camera_api_sync_ms,ms,18,2.700000047683716
Leaflet,1.9.4,Canvas,comparison-instrument-2026-10-06T15-51-13.379Z,points-3000-seed-41544c53,zoom,frame_interval_ms,ms,19,16.900000000023283
Leaflet,1.9.4,Canvas,comparison-instrument-2026-10-06T15-51-13.379Z,points-3000-seed-41544c53,zoom,camera_api_sync_ms,ms,19,2.1000001430511475
Leaflet,1.9.4,Canvas,comparison-instrument-2026-10-06T15-51-13.379Z,points-3000-seed-41544c53,zoom,frame_interval_ms,ms,20,16.599999999976717
Leaflet,1.9.4,Canvas,comparison-instrument-2026-10-06T15-51-13.379Z,points-3000-seed-41544c53,zoom,camera_api_sync_ms,ms,20,2.200000047683716
Leaflet,1.9.4,Canvas,comparison-instrument-2026-10-06T15-51-13.379Z,points-3000-seed-41544c53,zoom,frame_interval_ms,ms,21,16.699999999953434
Leaflet,1.9.4,Canvas,comparison-instrument-2026-10-06T15-51-13.379Z,points-3000-seed-41544c53,zoom,camera_api_sync_ms,ms,21,2
Leaflet,1.9.4,Canvas,comparison-instrument-2026-10-06T15-51-13.379Z,points-3000-seed-41544c53,zoom,frame_interval_ms,ms,22,16.600000000093132
Leaflet,1.9.4,Canvas,comparison-instrument-2026-10-06T15-51-13.379Z,points-3000-seed-41544c53,zoom,camera_api_sync_ms,ms,22,2.0999999046325684
Leaflet,1.9.4,Canvas,comparison-instrument-2026-10-06T15-51-13.379Z,points-3000-seed-41544c53,zoom,frame_interval_ms,ms,23,16.699999999953434
Leaflet,1.9.4,Canvas,comparison-instrument-2026-10-06T15-51-13.379Z,points-3000-seed-41544c53,zoom,camera_api_sync_ms,ms,23,2
Leaflet,1.9.4,Canvas,comparison-instrument-2026-10-06T15-51-13.379Z,points-3000-seed-41544c53,zoom,frame_interval_ms,ms,24,16.599999999976717
Leaflet,1.9.4,Canvas,comparison-instrument-2026-10-06T15-51-13.379Z,points-3000-seed-41544c53,zoom,camera_api_sync_ms,ms,24,1.8999998569488525
Leaflet,1.9.4,Canvas,comparison-instrument-2026-10-06T15-51-13.379Z,points-3000-seed-41544c53,zoom,frame_interval_ms,ms,25,16.70000000006985
Leaflet,1.9.4,Canvas,comparison-instrument-2026-10-06T15-51-13.379Z,points-3000-seed-41544c53,zoom,camera_api_sync_ms,ms,25,1.7999999523162842
Leaflet,1.9.4,Canvas,comparison-instrument-2026-10-06T15-51-13.379Z,points-3000-seed-41544c53,zoom,frame_interval_ms,ms,26,16.699999999953434
Leaflet,1.9.4,Canvas,comparison-instrument-2026-10-06T15-51-13.379Z,points-3000-seed-41544c53,zoom,camera_api_sync_ms,ms,26,2.0999999046325684
Leaflet,1.9.4,Canvas,comparison-instrument-2026-10-06T15-51-13.379Z,points-3000-seed-41544c53,zoom,frame_interval_ms,ms,27,16.599999999976717
Leaflet,1.9.4,Canvas,comparison-instrument-2026-10-06T15-51-13.379Z,points-3000-seed-41544c53,zoom,camera_api_sync_ms,ms,27,2
Leaflet,1.9.4,Canvas,comparison-instrument-2026-10-06T15-51-13.379Z,points-3000-seed-41544c53,zoom,frame_interval_ms,ms,28,16.70000000006985
Leaflet,1.9.4,Canvas,comparison-instrument-2026-10-06T15-51-13.379Z,points-3000-seed-41544c53,zoom,camera_api_sync_ms,ms,28,2
Leaflet,1.9.4,Canvas,comparison-instrument-2026-10-06T15-51-13.379Z,points-3000-seed-41544c53,zoom,frame_interval_ms,ms,29,16.699999999953434
Leaflet,1.9.4,Canvas,comparison-instrument-2026-10-06T15-51-13.379Z,points-3000-seed-41544c53,zoom,camera_api_sync_ms,ms,29,2.200000047683716
Leaflet,1.9.4,Canvas,comparison-instrument-2026-10-06T15-51-13.379Z,points-3000-seed-41544c53,zoom,frame_interval_ms,ms,30,16.699999999953434
Leaflet,1.9.4,Canvas,comparison-instrument-2026-10-06T15-51-13.379Z,points-3000-seed-41544c53,zoom,camera_api_sync_ms,ms,30,2.200000047683716
Leaflet,1.9.4,Canvas,comparison-instrument-2026-10-06T15-51-13.379Z,points-3000-seed-41544c53,zoom,frame_interval_ms,ms,31,16.600000000093132
Leaflet,1.9.4,Canvas,comparison-instrument-2026-10-06T15-51-13.379Z,points-3000-seed-41544c53,zoom,camera_api_sync_ms,ms,31,2.200000047683716
Leaflet,1.9.4,Canvas,comparison-instrument-2026-10-06T15-51-13.379Z,points-3000-seed-41544c53,zoom,frame_interval_ms,ms,32,16.699999999953434
Leaflet,1.9.4,Canvas,comparison-instrument-2026-10-06T15-51-13.379Z,points-3000-seed-41544c53,zoom,camera_api_sync_ms,ms,32,2.1000001430511475
Leaflet,1.9.4,Canvas,comparison-instrument-2026-10-06T15-51-13.379Z,points-3000-seed-41544c53,zoom,frame_interval_ms,ms,33,16.699999999953434
Leaflet,1.9.4,Canvas,comparison-instrument-2026-10-06T15-51-13.379Z,points-3000-seed-41544c53,zoom,camera_api_sync_ms,ms,33,2
Leaflet,1.9.4,Canvas,comparison-instrument-2026-10-06T15-51-13.379Z,points-3000-seed-41544c53,zoom,frame_interval_ms,ms,34,16.600000000093132
Leaflet,1.9.4,Canvas,comparison-instrument-2026-10-06T15-51-13.379Z,points-3000-seed-41544c53,zoom,camera_api_sync_ms,ms,34,2
Leaflet,1.9.4,Canvas,comparison-instrument-2026-10-06T15-51-13.379Z,points-3000-seed-41544c53,zoom,frame_interval_ms,ms,35,16.699999999953434
Leaflet,1.9.4,Canvas,comparison-instrument-2026-10-06T15-51-13.379Z,points-3000-seed-41544c53,zoom,camera_api_sync_ms,ms,35,2.0999999046325684
Leaflet,1.9.4,Canvas,comparison-instrument-2026-10-06T15-51-13.379Z,points-3000-seed-41544c53,zoom,frame_interval_ms,ms,36,16.699999999953434
Leaflet,1.9.4,Canvas,comparison-instrument-2026-10-06T15-51-13.379Z,points-3000-seed-41544c53,zoom,camera_api_sync_ms,ms,36,2
Leaflet,1.9.4,Canvas,comparison-instrument-2026-10-06T15-51-13.379Z,points-3000-seed-41544c53,zoom,frame_interval_ms,ms,37,16.600000000093132
Leaflet,1.9.4,Canvas,comparison-instrument-2026-10-06T15-51-13.379Z,points-3000-seed-41544c53,zoom,camera_api_sync_ms,ms,37,2.0999999046325684
Leaflet,1.9.4,Canvas,comparison-instrument-2026-10-06T15-51-13.379Z,points-3000-seed-41544c53,zoom,frame_interval_ms,ms,38,16.699999999953434
Leaflet,1.9.4,Canvas,comparison-instrument-2026-10-06T15-51-13.379Z,points-3000-seed-41544c53,zoom,camera_api_sync_ms,ms,38,2
Leaflet,1.9.4,Canvas,comparison-instrument-2026-10-06T15-51-13.379Z,points-3000-seed-41544c53,zoom,frame_interval_ms,ms,39,16.699999999953434
Leaflet,1.9.4,Canvas,comparison-instrument-2026-10-06T15-51-13.379Z,points-3000-seed-41544c53,zoom,camera_api_sync_ms,ms,39,2
Leaflet,1.9.4,Canvas,comparison-instrument-2026-10-06T15-51-13.379Z,points-3000-seed-41544c53,zoom,frame_interval_ms,ms,40,16.70000000006985
Leaflet,1.9.4,Canvas,comparison-instrument-2026-10-06T15-51-13.379Z,points-3000-seed-41544c53,zoom,camera_api_sync_ms,ms,40,2.0999999046325684
Leaflet,1.9.4,Canvas,comparison-instrument-2026-10-06T15-51-13.379Z,points-3000-seed-41544c53,zoom,frame_interval_ms,ms,41,16.699999999953434
Leaflet,1.9.4,Canvas,comparison-instrument-2026-10-06T15-51-13.379Z,points-3000-seed-41544c53,zoom,camera_api_sync_ms,ms,41,2.200000047683716
Leaflet,1.9.4,Canvas,comparison-instrument-2026-10-06T15-51-13.379Z,points-3000-seed-41544c53,zoom,frame_interval_ms,ms,42,16.599999999976717
Leaflet,1.9.4,Canvas,comparison-instrument-2026-10-06T15-51-13.379Z,points-3000-seed-41544c53,zoom,camera_api_sync_ms,ms,42,1.8999998569488525
Leaflet,1.9.4,Canvas,comparison-instrument-2026-10-06T15-51-13.379Z,points-3000-seed-41544c53,zoom,frame_interval_ms,ms,43,16.70000000006985
Leaflet,1.9.4,Canvas,comparison-instrument-2026-10-06T15-51-13.379Z,points-3000-seed-41544c53,zoom,camera_api_sync_ms,ms,43,2.0999999046325684
Leaflet,1.9.4,Canvas,comparison-instrument-2026-10-06T15-51-13.379Z,points-3000-seed-41544c53,zoom,frame_interval_ms,ms,44,16.599999999976717
Leaflet,1.9.4,Canvas,comparison-instrument-2026-10-06T15-51-13.379Z,points-3000-seed-41544c53,zoom,camera_api_sync_ms,ms,44,2
Leaflet,1.9.4,Canvas,comparison-instrument-2026-10-06T15-51-13.379Z,points-3000-seed-41544c53,zoom,frame_interval_ms,ms,45,16.699999999953434
Leaflet,1.9.4,Canvas,comparison-instrument-2026-10-06T15-51-13.379Z,points-3000-seed-41544c53,zoom,camera_api_sync_ms,ms,45,2
Leaflet,1.9.4,Canvas,comparison-instrument-2026-10-06T15-51-13.379Z,points-3000-seed-41544c53,zoom,frame_interval_ms,ms,46,16.70000000006985
Leaflet,1.9.4,Canvas,comparison-instrument-2026-10-06T15-51-13.379Z,points-3000-seed-41544c53,zoom,camera_api_sync_ms,ms,46,2.0999999046325684
Leaflet,1.9.4,Canvas,comparison-instrument-2026-10-06T15-51-13.379Z,points-3000-seed-41544c53,zoom,frame_interval_ms,ms,47,16.599999999976717
Leaflet,1.9.4,Canvas,comparison-instrument-2026-10-06T15-51-13.379Z,points-3000-seed-41544c53,zoom,camera_api_sync_ms,ms,47,2
Leaflet,1.9.4,Canvas,comparison-instrument-2026-10-06T15-51-13.379Z,points-3000-seed-41544c53,zoom,frame_interval_ms,ms,48,16.699999999953434
Leaflet,1.9.4,Canvas,comparison-instrument-2026-10-06T15-51-13.379Z,points-3000-seed-41544c53,zoom,camera_api_sync_ms,ms,48,2
Leaflet,1.9.4,Canvas,comparison-instrument-2026-10-06T15-51-13.379Z,points-3000-seed-41544c53,zoom,frame_interval_ms,ms,49,16.600000000093132
Leaflet,1.9.4,Canvas,comparison-instrument-2026-10-06T15-51-13.379Z,points-3000-seed-41544c53,zoom,camera_api_sync_ms,ms,49,2
Leaflet,1.9.4,Canvas,comparison-instrument-2026-10-06T15-51-13.379Z,points-3000-seed-41544c53,zoom,frame_interval_ms,ms,50,16.699999999953434
Leaflet,1.9.4,Canvas,comparison-instrument-2026-10-06T15-51-13.379Z,points-3000-seed-41544c53,zoom,camera_api_sync_ms,ms,50,2
Leaflet,1.9.4,Canvas,comparison-instrument-2026-10-06T15-51-13.379Z,points-3000-seed-41544c53,zoom,frame_interval_ms,ms,51,16.699999999953434
Leaflet,1.9.4,Canvas,comparison-instrument-2026-10-06T15-51-13.379Z,points-3000-seed-41544c53,zoom,camera_api_sync_ms,ms,51,2
Leaflet,1.9.4,Canvas,comparison-instrument-2026-10-06T15-51-13.379Z,points-3000-seed-41544c53,zoom,frame_interval_ms,ms,52,16.600000000093132
Leaflet,1.9.4,Canvas,comparison-instrument-2026-10-06T15-51-13.379Z,points-3000-seed-41544c53,zoom,camera_api_sync_ms,ms,52,2
Leaflet,1.9.4,Canvas,comparison-instrument-2026-10-06T15-51-13.379Z,points-3000-seed-41544c53,zoom,frame_interval_ms,ms,53,16.699999999953434
Leaflet,1.9.4,Canvas,comparison-instrument-2026-10-06T15-51-13.379Z,points-3000-seed-41544c53,zoom,camera_api_sync_ms,ms,53,2
Leaflet,1.9.4,Canvas,comparison-instrument-2026-10-06T15-51-13.379Z,points-3000-seed-41544c53,zoom,frame_interval_ms,ms,54,16.699999999953434
Leaflet,1.9.4,Canvas,comparison-instrument-2026-10-06T15-51-13.379Z,points-3000-seed-41544c53,zoom,camera_api_sync_ms,ms,54,2
Leaflet,1.9.4,Canvas,comparison-instrument-2026-10-06T15-51-13.379Z,points-3000-seed-41544c53,zoom,frame_interval_ms,ms,55,16.600000000093132
Leaflet,1.9.4,Canvas,comparison-instrument-2026-10-06T15-51-13.379Z,points-3000-seed-41544c53,zoom,camera_api_sync_ms,ms,55,2.1000001430511475
Leaflet,1.9.4,Canvas,comparison-instrument-2026-10-06T15-51-13.379Z,points-3000-seed-41544c53,zoom,frame_interval_ms,ms,56,16.699999999953434
Leaflet,1.9.4,Canvas,comparison-instrument-2026-10-06T15-51-13.379Z,points-3000-seed-41544c53,zoom,camera_api_sync_ms,ms,56,2.0999999046325684
Leaflet,1.9.4,Canvas,comparison-instrument-2026-10-06T15-51-13.379Z,points-3000-seed-41544c53,zoom,frame_interval_ms,ms,57,16.599999999976717
Leaflet,1.9.4,Canvas,comparison-instrument-2026-10-06T15-51-13.379Z,points-3000-seed-41544c53,zoom,camera_api_sync_ms,ms,57,2.299999952316284
Leaflet,1.9.4,Canvas,comparison-instrument-2026-10-06T15-51-13.379Z,points-3000-seed-41544c53,zoom,frame_interval_ms,ms,58,16.70000000006985
Leaflet,1.9.4,Canvas,comparison-instrument-2026-10-06T15-51-13.379Z,points-3000-seed-41544c53,zoom,camera_api_sync_ms,ms,58,2.1000001430511475
Leaflet,1.9.4,Canvas,comparison-instrument-2026-10-06T15-51-13.379Z,points-3000-seed-41544c53,zoom,frame_interval_ms,ms,59,16.699999999953434
Leaflet,1.9.4,Canvas,comparison-instrument-2026-10-06T15-51-13.379Z,points-3000-seed-41544c53,zoom,camera_api_sync_ms,ms,59,2.1999998092651367
Leaflet,1.9.4,Canvas,comparison-instrument-2026-10-06T15-51-13.379Z,points-3000-seed-41544c53,zoom,frame_interval_ms,ms,60,16.599999999976717
Leaflet,1.9.4,Canvas,comparison-instrument-2026-10-06T15-51-13.379Z,points-3000-seed-41544c53,zoom,camera_api_sync_ms,ms,60,2.200000047683716
Leaflet,1.9.4,Canvas,comparison-instrument-2026-10-06T15-51-13.379Z,points-3000-seed-41544c53,zoom,frame_interval_ms,ms,61,16.70000000006985
Leaflet,1.9.4,Canvas,comparison-instrument-2026-10-06T15-51-13.379Z,points-3000-seed-41544c53,zoom,camera_api_sync_ms,ms,61,2.5999999046325684
Leaflet,1.9.4,Canvas,comparison-instrument-2026-10-06T15-51-13.379Z,points-3000-seed-41544c53,zoom,frame_interval_ms,ms,62,16.699999999953434
Leaflet,1.9.4,Canvas,comparison-instrument-2026-10-06T15-51-13.379Z,points-3000-seed-41544c53,zoom,camera_api_sync_ms,ms,62,2.3999998569488525
Leaflet,1.9.4,Canvas,comparison-instrument-2026-10-06T15-51-13.379Z,points-3000-seed-41544c53,zoom,frame_interval_ms,ms,63,16.599999999976717
Leaflet,1.9.4,Canvas,comparison-instrument-2026-10-06T15-51-13.379Z,points-3000-seed-41544c53,zoom,camera_api_sync_ms,ms,63,2.5
Leaflet,1.9.4,Canvas,comparison-instrument-2026-10-06T15-51-13.379Z,points-3000-seed-41544c53,zoom,frame_interval_ms,ms,64,16.70000000006985
Leaflet,1.9.4,Canvas,comparison-instrument-2026-10-06T15-51-13.379Z,points-3000-seed-41544c53,zoom,camera_api_sync_ms,ms,64,2.299999952316284
Leaflet,1.9.4,Canvas,comparison-instrument-2026-10-06T15-51-13.379Z,points-3000-seed-41544c53,zoom,frame_interval_ms,ms,65,16.699999999953434
Leaflet,1.9.4,Canvas,comparison-instrument-2026-10-06T15-51-13.379Z,points-3000-seed-41544c53,zoom,camera_api_sync_ms,ms,65,2.4000000953674316
Leaflet,1.9.4,Canvas,comparison-instrument-2026-10-06T15-51-13.379Z,points-3000-seed-41544c53,zoom,frame_interval_ms,ms,66,16.699999999953434
Leaflet,1.9.4,Canvas,comparison-instrument-2026-10-06T15-51-13.379Z,points-3000-seed-41544c53,zoom,camera_api_sync_ms,ms,66,2.5999999046325684
Leaflet,1.9.4,Canvas,comparison-instrument-2026-10-06T15-51-13.379Z,points-3000-seed-41544c53,zoom,frame_interval_ms,ms,67,33.300000000046566
Leaflet,1.9.4,Canvas,comparison-instrument-2026-10-06T15-51-13.379Z,points-3000-seed-41544c53,zoom,camera_api_sync_ms,ms,67,2.5
Leaflet,1.9.4,Canvas,comparison-instrument-2026-10-06T15-51-13.379Z,points-3000-seed-41544c53,zoom,frame_interval_ms,ms,68,16.699999999953434
Leaflet,1.9.4,Canvas,comparison-instrument-2026-10-06T15-51-13.379Z,points-3000-seed-41544c53,zoom,camera_api_sync_ms,ms,68,2.5
Leaflet,1.9.4,Canvas,comparison-instrument-2026-10-06T15-51-13.379Z,points-3000-seed-41544c53,zoom,frame_interval_ms,ms,69,16.600000000093132
Leaflet,1.9.4,Canvas,comparison-instrument-2026-10-06T15-51-13.379Z,points-3000-seed-41544c53,zoom,camera_api_sync_ms,ms,69,2.5
Leaflet,1.9.4,Canvas,comparison-instrument-2026-10-06T15-51-13.379Z,points-3000-seed-41544c53,zoom,frame_interval_ms,ms,70,16.699999999953434
Leaflet,1.9.4,Canvas,comparison-instrument-2026-10-06T15-51-13.379Z,points-3000-seed-41544c53,zoom,camera_api_sync_ms,ms,70,2.799999952316284
Leaflet,1.9.4,Canvas,comparison-instrument-2026-10-06T15-51-13.379Z,points-3000-seed-41544c53,zoom,frame_interval_ms,ms,71,33.300000000046566
Leaflet,1.9.4,Canvas,comparison-instrument-2026-10-06T15-51-13.379Z,points-3000-seed-41544c53,zoom,camera_api_sync_ms,ms,71,3.0999999046325684
Leaflet,1.9.4,Canvas,comparison-instrument-2026-10-06T15-51-13.379Z,points-3000-seed-41544c53,zoom,frame_interval_ms,ms,72,16.699999999953434
Leaflet,1.9.4,Canvas,comparison-instrument-2026-10-06T15-51-13.379Z,points-3000-seed-41544c53,zoom,camera_api_sync_ms,ms,72,2.700000047683716
Leaflet,1.9.4,Canvas,comparison-instrument-2026-10-06T15-51-13.379Z,points-3000-seed-41544c53,zoom,frame_interval_ms,ms,73,32.40000000002328
Leaflet,1.9.4,Canvas,comparison-instrument-2026-10-06T15-51-13.379Z,points-3000-seed-41544c53,zoom,camera_api_sync_ms,ms,73,2.700000047683716
Leaflet,1.9.4,Canvas,comparison-instrument-2026-10-06T15-51-13.379Z,points-3000-seed-41544c53,zoom,frame_interval_ms,ms,74,16.599999999976717
Leaflet,1.9.4,Canvas,comparison-instrument-2026-10-06T15-51-13.379Z,points-3000-seed-41544c53,zoom,camera_api_sync_ms,ms,74,2.4000000953674316
Leaflet,1.9.4,Canvas,comparison-instrument-2026-10-06T15-51-13.379Z,points-3000-seed-41544c53,zoom,frame_interval_ms,ms,75,33.40000000002328
Leaflet,1.9.4,Canvas,comparison-instrument-2026-10-06T15-51-13.379Z,points-3000-seed-41544c53,zoom,camera_api_sync_ms,ms,75,2.5
Leaflet,1.9.4,Canvas,comparison-instrument-2026-10-06T15-51-13.379Z,points-3000-seed-41544c53,zoom,frame_interval_ms,ms,76,17.599999999976717
Leaflet,1.9.4,Canvas,comparison-instrument-2026-10-06T15-51-13.379Z,points-3000-seed-41544c53,zoom,camera_api_sync_ms,ms,76,2.5999999046325684
Leaflet,1.9.4,Canvas,comparison-instrument-2026-10-06T15-51-13.379Z,points-3000-seed-41544c53,zoom,frame_interval_ms,ms,77,16.699999999953434
Leaflet,1.9.4,Canvas,comparison-instrument-2026-10-06T15-51-13.379Z,points-3000-seed-41544c53,zoom,camera_api_sync_ms,ms,77,2.5999999046325684
Leaflet,1.9.4,Canvas,comparison-instrument-2026-10-06T15-51-13.379Z,points-3000-seed-41544c53,zoom,frame_interval_ms,ms,78,33.300000000046566
Leaflet,1.9.4,Canvas,comparison-instrument-2026-10-06T15-51-13.379Z,points-3000-seed-41544c53,zoom,camera_api_sync_ms,ms,78,2.5
Leaflet,1.9.4,Canvas,comparison-instrument-2026-10-06T15-51-13.379Z,points-3000-seed-41544c53,zoom,motion_elapsed_ms,ms,0,1500.9000000000233
Leaflet,1.9.4,Canvas,comparison-instrument-2026-10-06T15-51-13.379Z,points-3000-seed-41544c53,zoom,camera_updates,count,0,79
Leaflet,1.9.4,Canvas,comparison-instrument-2026-10-06T15-51-13.379Z,points-3000-seed-41544c53,zoom,svg_attribute_writes,N/A,0,N/A
Leaflet,1.9.4,Canvas,comparison-instrument-2026-10-06T15-51-13.379Z,points-3000-seed-41544c53,zoom,svg_attribute_removals,N/A,0,N/A
Leaflet,1.9.4,Canvas,comparison-instrument-2026-10-06T15-51-13.379Z,points-3000-seed-41544c53,zoom,dom_added_nodes,N/A,0,N/A
Leaflet,1.9.4,Canvas,comparison-instrument-2026-10-06T15-51-13.379Z,points-3000-seed-41544c53,zoom,dom_removed_nodes,N/A,0,N/A
Atlas,f393bc3bb2ad,SVG,comparison-instrument-2026-10-06T15-51-13.379Z,points-3000-seed-41544c53,position-single,operation_sync_ms,ms,0,0
Atlas,f393bc3bb2ad,SVG,comparison-instrument-2026-10-06T15-51-13.379Z,points-3000-seed-41544c53,position-single,operation_to_raf_opportunities_ms,ms,0,15.699999809265137
Atlas,f393bc3bb2ad,SVG,comparison-instrument-2026-10-06T15-51-13.379Z,points-3000-seed-41544c53,position-single,svg_attribute_writes,count,0,6003
Atlas,f393bc3bb2ad,SVG,comparison-instrument-2026-10-06T15-51-13.379Z,points-3000-seed-41544c53,position-single,svg_attribute_removals,count,0,3000
Atlas,f393bc3bb2ad,SVG,comparison-instrument-2026-10-06T15-51-13.379Z,points-3000-seed-41544c53,position-single,dom_added_nodes,count,0,0
Atlas,f393bc3bb2ad,SVG,comparison-instrument-2026-10-06T15-51-13.379Z,points-3000-seed-41544c53,position-single,dom_removed_nodes,count,0,0
Leaflet,1.9.4,SVG,comparison-instrument-2026-10-06T15-51-13.379Z,points-3000-seed-41544c53,position-single,operation_sync_ms,ms,0,1.1000001430511475
Leaflet,1.9.4,SVG,comparison-instrument-2026-10-06T15-51-13.379Z,points-3000-seed-41544c53,position-single,operation_to_raf_opportunities_ms,ms,0,21.700000047683716
Leaflet,1.9.4,SVG,comparison-instrument-2026-10-06T15-51-13.379Z,points-3000-seed-41544c53,position-single,svg_attribute_writes,count,0,1
Leaflet,1.9.4,SVG,comparison-instrument-2026-10-06T15-51-13.379Z,points-3000-seed-41544c53,position-single,svg_attribute_removals,count,0,0
Leaflet,1.9.4,SVG,comparison-instrument-2026-10-06T15-51-13.379Z,points-3000-seed-41544c53,position-single,dom_added_nodes,count,0,0
Leaflet,1.9.4,SVG,comparison-instrument-2026-10-06T15-51-13.379Z,points-3000-seed-41544c53,position-single,dom_removed_nodes,count,0,0
Leaflet,1.9.4,Canvas,comparison-instrument-2026-10-06T15-51-13.379Z,points-3000-seed-41544c53,position-single,operation_sync_ms,ms,0,0
Leaflet,1.9.4,Canvas,comparison-instrument-2026-10-06T15-51-13.379Z,points-3000-seed-41544c53,position-single,operation_to_raf_opportunities_ms,ms,0,24.299999952316284
Leaflet,1.9.4,Canvas,comparison-instrument-2026-10-06T15-51-13.379Z,points-3000-seed-41544c53,position-single,svg_attribute_writes,N/A,0,N/A
Leaflet,1.9.4,Canvas,comparison-instrument-2026-10-06T15-51-13.379Z,points-3000-seed-41544c53,position-single,svg_attribute_removals,N/A,0,N/A
Leaflet,1.9.4,Canvas,comparison-instrument-2026-10-06T15-51-13.379Z,points-3000-seed-41544c53,position-single,dom_added_nodes,N/A,0,N/A
Leaflet,1.9.4,Canvas,comparison-instrument-2026-10-06T15-51-13.379Z,points-3000-seed-41544c53,position-single,dom_removed_nodes,N/A,0,N/A
Atlas,f393bc3bb2ad,SVG,comparison-instrument-2026-10-06T15-51-13.379Z,points-3000-seed-41544c53,position-series,operation_sync_ms,ms,0,0.09999990463256836
Atlas,f393bc3bb2ad,SVG,comparison-instrument-2026-10-06T15-51-13.379Z,points-3000-seed-41544c53,position-series,operation_to_raf_opportunities_ms,ms,0,16.200000047683716
Atlas,f393bc3bb2ad,SVG,comparison-instrument-2026-10-06T15-51-13.379Z,points-3000-seed-41544c53,position-series,svg_attribute_writes,count,0,6003
Atlas,f393bc3bb2ad,SVG,comparison-instrument-2026-10-06T15-51-13.379Z,points-3000-seed-41544c53,position-series,svg_attribute_removals,count,0,3000
Atlas,f393bc3bb2ad,SVG,comparison-instrument-2026-10-06T15-51-13.379Z,points-3000-seed-41544c53,position-series,dom_added_nodes,count,0,0
Atlas,f393bc3bb2ad,SVG,comparison-instrument-2026-10-06T15-51-13.379Z,points-3000-seed-41544c53,position-series,dom_removed_nodes,count,0,0
Leaflet,1.9.4,SVG,comparison-instrument-2026-10-06T15-51-13.379Z,points-3000-seed-41544c53,position-series,operation_sync_ms,ms,0,0.8999998569488525
Leaflet,1.9.4,SVG,comparison-instrument-2026-10-06T15-51-13.379Z,points-3000-seed-41544c53,position-series,operation_to_raf_opportunities_ms,ms,0,21.799999952316284
Leaflet,1.9.4,SVG,comparison-instrument-2026-10-06T15-51-13.379Z,points-3000-seed-41544c53,position-series,svg_attribute_writes,count,0,100
Leaflet,1.9.4,SVG,comparison-instrument-2026-10-06T15-51-13.379Z,points-3000-seed-41544c53,position-series,svg_attribute_removals,count,0,0
Leaflet,1.9.4,SVG,comparison-instrument-2026-10-06T15-51-13.379Z,points-3000-seed-41544c53,position-series,dom_added_nodes,count,0,0
Leaflet,1.9.4,SVG,comparison-instrument-2026-10-06T15-51-13.379Z,points-3000-seed-41544c53,position-series,dom_removed_nodes,count,0,0
Leaflet,1.9.4,Canvas,comparison-instrument-2026-10-06T15-51-13.379Z,points-3000-seed-41544c53,position-series,operation_sync_ms,ms,0,0.09999990463256836
Leaflet,1.9.4,Canvas,comparison-instrument-2026-10-06T15-51-13.379Z,points-3000-seed-41544c53,position-series,operation_to_raf_opportunities_ms,ms,0,24.699999809265137
Leaflet,1.9.4,Canvas,comparison-instrument-2026-10-06T15-51-13.379Z,points-3000-seed-41544c53,position-series,svg_attribute_writes,N/A,0,N/A
Leaflet,1.9.4,Canvas,comparison-instrument-2026-10-06T15-51-13.379Z,points-3000-seed-41544c53,position-series,svg_attribute_removals,N/A,0,N/A
Leaflet,1.9.4,Canvas,comparison-instrument-2026-10-06T15-51-13.379Z,points-3000-seed-41544c53,position-series,dom_added_nodes,N/A,0,N/A
Leaflet,1.9.4,Canvas,comparison-instrument-2026-10-06T15-51-13.379Z,points-3000-seed-41544c53,position-series,dom_removed_nodes,N/A,0,N/A
Atlas,f393bc3bb2ad,SVG,comparison-instrument-2026-10-06T15-51-13.379Z,points-3000-seed-41544c53,add-100,operation_sync_ms,ms,0,2.3999998569488525
Atlas,f393bc3bb2ad,SVG,comparison-instrument-2026-10-06T15-51-13.379Z,points-3000-seed-41544c53,add-100,cumulative_operation_ms,ms,100,2.3999998569488525
Atlas,f393bc3bb2ad,SVG,comparison-instrument-2026-10-06T15-51-13.379Z,points-3000-seed-41544c53,add-100,operation_to_raf_opportunities_ms,ms,0,21.299999952316284
Atlas,f393bc3bb2ad,SVG,comparison-instrument-2026-10-06T15-51-13.379Z,points-3000-seed-41544c53,add-100,svg_attribute_writes,count,0,6803
Atlas,f393bc3bb2ad,SVG,comparison-instrument-2026-10-06T15-51-13.379Z,points-3000-seed-41544c53,add-100,svg_attribute_removals,count,0,3100
Atlas,f393bc3bb2ad,SVG,comparison-instrument-2026-10-06T15-51-13.379Z,points-3000-seed-41544c53,add-100,dom_added_nodes,count,0,100
Atlas,f393bc3bb2ad,SVG,comparison-instrument-2026-10-06T15-51-13.379Z,points-3000-seed-41544c53,add-100,dom_removed_nodes,count,0,0
Leaflet,1.9.4,SVG,comparison-instrument-2026-10-06T15-51-13.379Z,points-3000-seed-41544c53,add-100,operation_sync_ms,ms,0,0.5999999046325684
Leaflet,1.9.4,SVG,comparison-instrument-2026-10-06T15-51-13.379Z,points-3000-seed-41544c53,add-100,cumulative_operation_ms,ms,100,0.5999999046325684
Leaflet,1.9.4,SVG,comparison-instrument-2026-10-06T15-51-13.379Z,points-3000-seed-41544c53,add-100,operation_to_raf_opportunities_ms,ms,0,22.700000047683716
Leaflet,1.9.4,SVG,comparison-instrument-2026-10-06T15-51-13.379Z,points-3000-seed-41544c53,add-100,svg_attribute_writes,count,0,900
Leaflet,1.9.4,SVG,comparison-instrument-2026-10-06T15-51-13.379Z,points-3000-seed-41544c53,add-100,svg_attribute_removals,count,0,200
Leaflet,1.9.4,SVG,comparison-instrument-2026-10-06T15-51-13.379Z,points-3000-seed-41544c53,add-100,dom_added_nodes,count,0,100
Leaflet,1.9.4,SVG,comparison-instrument-2026-10-06T15-51-13.379Z,points-3000-seed-41544c53,add-100,dom_removed_nodes,count,0,0
Leaflet,1.9.4,Canvas,comparison-instrument-2026-10-06T15-51-13.379Z,points-3000-seed-41544c53,add-100,operation_sync_ms,ms,0,0.10000014305114746
Leaflet,1.9.4,Canvas,comparison-instrument-2026-10-06T15-51-13.379Z,points-3000-seed-41544c53,add-100,cumulative_operation_ms,ms,100,0.10000014305114746
Leaflet,1.9.4,Canvas,comparison-instrument-2026-10-06T15-51-13.379Z,points-3000-seed-41544c53,add-100,operation_to_raf_opportunities_ms,ms,0,25.100000143051147
Leaflet,1.9.4,Canvas,comparison-instrument-2026-10-06T15-51-13.379Z,points-3000-seed-41544c53,add-100,svg_attribute_writes,N/A,0,N/A
Leaflet,1.9.4,Canvas,comparison-instrument-2026-10-06T15-51-13.379Z,points-3000-seed-41544c53,add-100,svg_attribute_removals,N/A,0,N/A
Leaflet,1.9.4,Canvas,comparison-instrument-2026-10-06T15-51-13.379Z,points-3000-seed-41544c53,add-100,dom_added_nodes,N/A,0,N/A
Leaflet,1.9.4,Canvas,comparison-instrument-2026-10-06T15-51-13.379Z,points-3000-seed-41544c53,add-100,dom_removed_nodes,N/A,0,N/A
Atlas,f393bc3bb2ad,SVG,comparison-instrument-2026-10-06T15-51-13.379Z,points-3000-seed-41544c53,add-500,operation_sync_ms,ms,0,13
Atlas,f393bc3bb2ad,SVG,comparison-instrument-2026-10-06T15-51-13.379Z,points-3000-seed-41544c53,add-500,cumulative_operation_ms,ms,100,2
Atlas,f393bc3bb2ad,SVG,comparison-instrument-2026-10-06T15-51-13.379Z,points-3000-seed-41544c53,add-500,cumulative_operation_ms,ms,200,4.200000047683716
Atlas,f393bc3bb2ad,SVG,comparison-instrument-2026-10-06T15-51-13.379Z,points-3000-seed-41544c53,add-500,cumulative_operation_ms,ms,300,8.5
Atlas,f393bc3bb2ad,SVG,comparison-instrument-2026-10-06T15-51-13.379Z,points-3000-seed-41544c53,add-500,cumulative_operation_ms,ms,400,10.700000047683716
Atlas,f393bc3bb2ad,SVG,comparison-instrument-2026-10-06T15-51-13.379Z,points-3000-seed-41544c53,add-500,cumulative_operation_ms,ms,500,13
Atlas,f393bc3bb2ad,SVG,comparison-instrument-2026-10-06T15-51-13.379Z,points-3000-seed-41544c53,add-500,operation_to_raf_opportunities_ms,ms,0,38.5
Atlas,f393bc3bb2ad,SVG,comparison-instrument-2026-10-06T15-51-13.379Z,points-3000-seed-41544c53,add-500,svg_attribute_writes,count,0,10003
Atlas,f393bc3bb2ad,SVG,comparison-instrument-2026-10-06T15-51-13.379Z,points-3000-seed-41544c53,add-500,svg_attribute_removals,count,0,3500
Atlas,f393bc3bb2ad,SVG,comparison-instrument-2026-10-06T15-51-13.379Z,points-3000-seed-41544c53,add-500,dom_added_nodes,count,0,500
Atlas,f393bc3bb2ad,SVG,comparison-instrument-2026-10-06T15-51-13.379Z,points-3000-seed-41544c53,add-500,dom_removed_nodes,count,0,0
Leaflet,1.9.4,SVG,comparison-instrument-2026-10-06T15-51-13.379Z,points-3000-seed-41544c53,add-500,operation_sync_ms,ms,0,2.700000047683716
Leaflet,1.9.4,SVG,comparison-instrument-2026-10-06T15-51-13.379Z,points-3000-seed-41544c53,add-500,cumulative_operation_ms,ms,100,0.5
Leaflet,1.9.4,SVG,comparison-instrument-2026-10-06T15-51-13.379Z,points-3000-seed-41544c53,add-500,cumulative_operation_ms,ms,200,1
Leaflet,1.9.4,SVG,comparison-instrument-2026-10-06T15-51-13.379Z,points-3000-seed-41544c53,add-500,cumulative_operation_ms,ms,300,1.6000001430511475
Leaflet,1.9.4,SVG,comparison-instrument-2026-10-06T15-51-13.379Z,points-3000-seed-41544c53,add-500,cumulative_operation_ms,ms,400,2.200000047683716
Leaflet,1.9.4,SVG,comparison-instrument-2026-10-06T15-51-13.379Z,points-3000-seed-41544c53,add-500,cumulative_operation_ms,ms,500,2.700000047683716
Leaflet,1.9.4,SVG,comparison-instrument-2026-10-06T15-51-13.379Z,points-3000-seed-41544c53,add-500,operation_to_raf_opportunities_ms,ms,0,22.40000009536743
Leaflet,1.9.4,SVG,comparison-instrument-2026-10-06T15-51-13.379Z,points-3000-seed-41544c53,add-500,svg_attribute_writes,count,0,4500
Leaflet,1.9.4,SVG,comparison-instrument-2026-10-06T15-51-13.379Z,points-3000-seed-41544c53,add-500,svg_attribute_removals,count,0,1000
Leaflet,1.9.4,SVG,comparison-instrument-2026-10-06T15-51-13.379Z,points-3000-seed-41544c53,add-500,dom_added_nodes,count,0,500
Leaflet,1.9.4,SVG,comparison-instrument-2026-10-06T15-51-13.379Z,points-3000-seed-41544c53,add-500,dom_removed_nodes,count,0,0
Leaflet,1.9.4,Canvas,comparison-instrument-2026-10-06T15-51-13.379Z,points-3000-seed-41544c53,add-500,operation_sync_ms,ms,0,0.39999985694885254
Leaflet,1.9.4,Canvas,comparison-instrument-2026-10-06T15-51-13.379Z,points-3000-seed-41544c53,add-500,cumulative_operation_ms,ms,100,0.09999990463256836
Leaflet,1.9.4,Canvas,comparison-instrument-2026-10-06T15-51-13.379Z,points-3000-seed-41544c53,add-500,cumulative_operation_ms,ms,200,0.19999980926513672
Leaflet,1.9.4,Canvas,comparison-instrument-2026-10-06T15-51-13.379Z,points-3000-seed-41544c53,add-500,cumulative_operation_ms,ms,300,0.2999999523162842
Leaflet,1.9.4,Canvas,comparison-instrument-2026-10-06T15-51-13.379Z,points-3000-seed-41544c53,add-500,cumulative_operation_ms,ms,400,0.2999999523162842
Leaflet,1.9.4,Canvas,comparison-instrument-2026-10-06T15-51-13.379Z,points-3000-seed-41544c53,add-500,cumulative_operation_ms,ms,500,0.39999985694885254
Leaflet,1.9.4,Canvas,comparison-instrument-2026-10-06T15-51-13.379Z,points-3000-seed-41544c53,add-500,operation_to_raf_opportunities_ms,ms,0,27.299999952316284
Leaflet,1.9.4,Canvas,comparison-instrument-2026-10-06T15-51-13.379Z,points-3000-seed-41544c53,add-500,svg_attribute_writes,N/A,0,N/A
Leaflet,1.9.4,Canvas,comparison-instrument-2026-10-06T15-51-13.379Z,points-3000-seed-41544c53,add-500,svg_attribute_removals,N/A,0,N/A
Leaflet,1.9.4,Canvas,comparison-instrument-2026-10-06T15-51-13.379Z,points-3000-seed-41544c53,add-500,dom_added_nodes,N/A,0,N/A
Leaflet,1.9.4,Canvas,comparison-instrument-2026-10-06T15-51-13.379Z,points-3000-seed-41544c53,add-500,dom_removed_nodes,N/A,0,N/A
Atlas,f393bc3bb2ad,SVG,comparison-instrument-2026-10-06T15-51-13.379Z,points-3000-seed-41544c53,add-1000,operation_sync_ms,ms,0,29.700000047683716
Atlas,f393bc3bb2ad,SVG,comparison-instrument-2026-10-06T15-51-13.379Z,points-3000-seed-41544c53,add-1000,cumulative_operation_ms,ms,100,5.900000095367432
Atlas,f393bc3bb2ad,SVG,comparison-instrument-2026-10-06T15-51-13.379Z,points-3000-seed-41544c53,add-1000,cumulative_operation_ms,ms,200,8
Atlas,f393bc3bb2ad,SVG,comparison-instrument-2026-10-06T15-51-13.379Z,points-3000-seed-41544c53,add-1000,cumulative_operation_ms,ms,300,13
Atlas,f393bc3bb2ad,SVG,comparison-instrument-2026-10-06T15-51-13.379Z,points-3000-seed-41544c53,add-1000,cumulative_operation_ms,ms,400,15.200000047683716
Atlas,f393bc3bb2ad,SVG,comparison-instrument-2026-10-06T15-51-13.379Z,points-3000-seed-41544c53,add-1000,cumulative_operation_ms,ms,500,17.5
Atlas,f393bc3bb2ad,SVG,comparison-instrument-2026-10-06T15-51-13.379Z,points-3000-seed-41544c53,add-1000,cumulative_operation_ms,ms,600,19.700000047683716
Atlas,f393bc3bb2ad,SVG,comparison-instrument-2026-10-06T15-51-13.379Z,points-3000-seed-41544c53,add-1000,cumulative_operation_ms,ms,700,22.299999952316284
Atlas,f393bc3bb2ad,SVG,comparison-instrument-2026-10-06T15-51-13.379Z,points-3000-seed-41544c53,add-1000,cumulative_operation_ms,ms,800,24.600000143051147
Atlas,f393bc3bb2ad,SVG,comparison-instrument-2026-10-06T15-51-13.379Z,points-3000-seed-41544c53,add-1000,cumulative_operation_ms,ms,900,27.100000143051147
Atlas,f393bc3bb2ad,SVG,comparison-instrument-2026-10-06T15-51-13.379Z,points-3000-seed-41544c53,add-1000,cumulative_operation_ms,ms,1000,29.700000047683716
Atlas,f393bc3bb2ad,SVG,comparison-instrument-2026-10-06T15-51-13.379Z,points-3000-seed-41544c53,add-1000,operation_to_raf_opportunities_ms,ms,0,61
Atlas,f393bc3bb2ad,SVG,comparison-instrument-2026-10-06T15-51-13.379Z,points-3000-seed-41544c53,add-1000,svg_attribute_writes,count,0,14003
Atlas,f393bc3bb2ad,SVG,comparison-instrument-2026-10-06T15-51-13.379Z,points-3000-seed-41544c53,add-1000,svg_attribute_removals,count,0,4000
Atlas,f393bc3bb2ad,SVG,comparison-instrument-2026-10-06T15-51-13.379Z,points-3000-seed-41544c53,add-1000,dom_added_nodes,count,0,1000
Atlas,f393bc3bb2ad,SVG,comparison-instrument-2026-10-06T15-51-13.379Z,points-3000-seed-41544c53,add-1000,dom_removed_nodes,count,0,0
Leaflet,1.9.4,SVG,comparison-instrument-2026-10-06T15-51-13.379Z,points-3000-seed-41544c53,add-1000,operation_sync_ms,ms,0,5.5
Leaflet,1.9.4,SVG,comparison-instrument-2026-10-06T15-51-13.379Z,points-3000-seed-41544c53,add-1000,cumulative_operation_ms,ms,100,0.6999998092651367
Leaflet,1.9.4,SVG,comparison-instrument-2026-10-06T15-51-13.379Z,points-3000-seed-41544c53,add-1000,cumulative_operation_ms,ms,200,1.1999998092651367
Leaflet,1.9.4,SVG,comparison-instrument-2026-10-06T15-51-13.379Z,points-3000-seed-41544c53,add-1000,cumulative_operation_ms,ms,300,1.7999999523162842
Leaflet,1.9.4,SVG,comparison-instrument-2026-10-06T15-51-13.379Z,points-3000-seed-41544c53,add-1000,cumulative_operation_ms,ms,400,2.3999998569488525
Leaflet,1.9.4,SVG,comparison-instrument-2026-10-06T15-51-13.379Z,points-3000-seed-41544c53,add-1000,cumulative_operation_ms,ms,500,2.8999998569488525
Leaflet,1.9.4,SVG,comparison-instrument-2026-10-06T15-51-13.379Z,points-3000-seed-41544c53,add-1000,cumulative_operation_ms,ms,600,3.3999998569488525
Leaflet,1.9.4,SVG,comparison-instrument-2026-10-06T15-51-13.379Z,points-3000-seed-41544c53,add-1000,cumulative_operation_ms,ms,700,3.8999998569488525
Leaflet,1.9.4,SVG,comparison-instrument-2026-10-06T15-51-13.379Z,points-3000-seed-41544c53,add-1000,cumulative_operation_ms,ms,800,4.3999998569488525
Leaflet,1.9.4,SVG,comparison-instrument-2026-10-06T15-51-13.379Z,points-3000-seed-41544c53,add-1000,cumulative_operation_ms,ms,900,4.8999998569488525
Leaflet,1.9.4,SVG,comparison-instrument-2026-10-06T15-51-13.379Z,points-3000-seed-41544c53,add-1000,cumulative_operation_ms,ms,1000,5.5
Leaflet,1.9.4,SVG,comparison-instrument-2026-10-06T15-51-13.379Z,points-3000-seed-41544c53,add-1000,operation_to_raf_opportunities_ms,ms,0,22.899999856948853
Leaflet,1.9.4,SVG,comparison-instrument-2026-10-06T15-51-13.379Z,points-3000-seed-41544c53,add-1000,svg_attribute_writes,count,0,9000
Leaflet,1.9.4,SVG,comparison-instrument-2026-10-06T15-51-13.379Z,points-3000-seed-41544c53,add-1000,svg_attribute_removals,count,0,2000
Leaflet,1.9.4,SVG,comparison-instrument-2026-10-06T15-51-13.379Z,points-3000-seed-41544c53,add-1000,dom_added_nodes,count,0,1000
Leaflet,1.9.4,SVG,comparison-instrument-2026-10-06T15-51-13.379Z,points-3000-seed-41544c53,add-1000,dom_removed_nodes,count,0,0
Leaflet,1.9.4,Canvas,comparison-instrument-2026-10-06T15-51-13.379Z,points-3000-seed-41544c53,add-1000,operation_sync_ms,ms,0,0.7999999523162842
Leaflet,1.9.4,Canvas,comparison-instrument-2026-10-06T15-51-13.379Z,points-3000-seed-41544c53,add-1000,cumulative_operation_ms,ms,100,0.09999990463256836
Leaflet,1.9.4,Canvas,comparison-instrument-2026-10-06T15-51-13.379Z,points-3000-seed-41544c53,add-1000,cumulative_operation_ms,ms,200,0.20000004768371582
Leaflet,1.9.4,Canvas,comparison-instrument-2026-10-06T15-51-13.379Z,points-3000-seed-41544c53,add-1000,cumulative_operation_ms,ms,300,0.20000004768371582
Leaflet,1.9.4,Canvas,comparison-instrument-2026-10-06T15-51-13.379Z,points-3000-seed-41544c53,add-1000,cumulative_operation_ms,ms,400,0.40000009536743164
Leaflet,1.9.4,Canvas,comparison-instrument-2026-10-06T15-51-13.379Z,points-3000-seed-41544c53,add-1000,cumulative_operation_ms,ms,500,0.40000009536743164
Leaflet,1.9.4,Canvas,comparison-instrument-2026-10-06T15-51-13.379Z,points-3000-seed-41544c53,add-1000,cumulative_operation_ms,ms,600,0.5
Leaflet,1.9.4,Canvas,comparison-instrument-2026-10-06T15-51-13.379Z,points-3000-seed-41544c53,add-1000,cumulative_operation_ms,ms,700,0.5999999046325684
Leaflet,1.9.4,Canvas,comparison-instrument-2026-10-06T15-51-13.379Z,points-3000-seed-41544c53,add-1000,cumulative_operation_ms,ms,800,0.5999999046325684
Leaflet,1.9.4,Canvas,comparison-instrument-2026-10-06T15-51-13.379Z,points-3000-seed-41544c53,add-1000,cumulative_operation_ms,ms,900,0.7000000476837158
Leaflet,1.9.4,Canvas,comparison-instrument-2026-10-06T15-51-13.379Z,points-3000-seed-41544c53,add-1000,cumulative_operation_ms,ms,1000,0.7999999523162842
Leaflet,1.9.4,Canvas,comparison-instrument-2026-10-06T15-51-13.379Z,points-3000-seed-41544c53,add-1000,operation_to_raf_opportunities_ms,ms,0,30.59999990463257
Leaflet,1.9.4,Canvas,comparison-instrument-2026-10-06T15-51-13.379Z,points-3000-seed-41544c53,add-1000,svg_attribute_writes,N/A,0,N/A
Leaflet,1.9.4,Canvas,comparison-instrument-2026-10-06T15-51-13.379Z,points-3000-seed-41544c53,add-1000,svg_attribute_removals,N/A,0,N/A
Leaflet,1.9.4,Canvas,comparison-instrument-2026-10-06T15-51-13.379Z,points-3000-seed-41544c53,add-1000,dom_added_nodes,N/A,0,N/A
Leaflet,1.9.4,Canvas,comparison-instrument-2026-10-06T15-51-13.379Z,points-3000-seed-41544c53,add-1000,dom_removed_nodes,N/A,0,N/A
Atlas,f393bc3bb2ad,SVG,comparison-instrument-2026-10-06T15-51-13.379Z,points-3000-seed-41544c53,remove-100,operation_sync_ms,ms,0,12.799999952316284
Atlas,f393bc3bb2ad,SVG,comparison-instrument-2026-10-06T15-51-13.379Z,points-3000-seed-41544c53,remove-100,cumulative_operation_ms,ms,100,12.799999952316284
Atlas,f393bc3bb2ad,SVG,comparison-instrument-2026-10-06T15-51-13.379Z,points-3000-seed-41544c53,remove-100,operation_to_raf_opportunities_ms,ms,0,29.600000143051147
Atlas,f393bc3bb2ad,SVG,comparison-instrument-2026-10-06T15-51-13.379Z,points-3000-seed-41544c53,remove-100,svg_attribute_writes,count,0,5803
Atlas,f393bc3bb2ad,SVG,comparison-instrument-2026-10-06T15-51-13.379Z,points-3000-seed-41544c53,remove-100,svg_attribute_removals,count,0,2900
Atlas,f393bc3bb2ad,SVG,comparison-instrument-2026-10-06T15-51-13.379Z,points-3000-seed-41544c53,remove-100,dom_added_nodes,count,0,0
Atlas,f393bc3bb2ad,SVG,comparison-instrument-2026-10-06T15-51-13.379Z,points-3000-seed-41544c53,remove-100,dom_removed_nodes,count,0,100
Leaflet,1.9.4,SVG,comparison-instrument-2026-10-06T15-51-13.379Z,points-3000-seed-41544c53,remove-100,operation_sync_ms,ms,0,0.3000001907348633
Leaflet,1.9.4,SVG,comparison-instrument-2026-10-06T15-51-13.379Z,points-3000-seed-41544c53,remove-100,cumulative_operation_ms,ms,100,0.20000004768371582
Leaflet,1.9.4,SVG,comparison-instrument-2026-10-06T15-51-13.379Z,points-3000-seed-41544c53,remove-100,operation_to_raf_opportunities_ms,ms,0,22.100000143051147
Leaflet,1.9.4,SVG,comparison-instrument-2026-10-06T15-51-13.379Z,points-3000-seed-41544c53,remove-100,svg_attribute_writes,count,0,0
Leaflet,1.9.4,SVG,comparison-instrument-2026-10-06T15-51-13.379Z,points-3000-seed-41544c53,remove-100,svg_attribute_removals,count,0,0
Leaflet,1.9.4,SVG,comparison-instrument-2026-10-06T15-51-13.379Z,points-3000-seed-41544c53,remove-100,dom_added_nodes,count,0,0
Leaflet,1.9.4,SVG,comparison-instrument-2026-10-06T15-51-13.379Z,points-3000-seed-41544c53,remove-100,dom_removed_nodes,count,0,100
Leaflet,1.9.4,Canvas,comparison-instrument-2026-10-06T15-51-13.379Z,points-3000-seed-41544c53,remove-100,operation_sync_ms,ms,0,0.19999980926513672
Leaflet,1.9.4,Canvas,comparison-instrument-2026-10-06T15-51-13.379Z,points-3000-seed-41544c53,remove-100,cumulative_operation_ms,ms,100,0
Leaflet,1.9.4,Canvas,comparison-instrument-2026-10-06T15-51-13.379Z,points-3000-seed-41544c53,remove-100,operation_to_raf_opportunities_ms,ms,0,18.799999952316284
Leaflet,1.9.4,Canvas,comparison-instrument-2026-10-06T15-51-13.379Z,points-3000-seed-41544c53,remove-100,svg_attribute_writes,N/A,0,N/A
Leaflet,1.9.4,Canvas,comparison-instrument-2026-10-06T15-51-13.379Z,points-3000-seed-41544c53,remove-100,svg_attribute_removals,N/A,0,N/A
Leaflet,1.9.4,Canvas,comparison-instrument-2026-10-06T15-51-13.379Z,points-3000-seed-41544c53,remove-100,dom_added_nodes,N/A,0,N/A
Leaflet,1.9.4,Canvas,comparison-instrument-2026-10-06T15-51-13.379Z,points-3000-seed-41544c53,remove-100,dom_removed_nodes,N/A,0,N/A
Atlas,f393bc3bb2ad,SVG,comparison-instrument-2026-10-06T15-51-13.379Z,points-3000-seed-41544c53,remove-500,operation_sync_ms,ms,0,48.89999985694885
Atlas,f393bc3bb2ad,SVG,comparison-instrument-2026-10-06T15-51-13.379Z,points-3000-seed-41544c53,remove-500,cumulative_operation_ms,ms,100,9.599999904632568
Atlas,f393bc3bb2ad,SVG,comparison-instrument-2026-10-06T15-51-13.379Z,points-3000-seed-41544c53,remove-500,cumulative_operation_ms,ms,200,21
Atlas,f393bc3bb2ad,SVG,comparison-instrument-2026-10-06T15-51-13.379Z,points-3000-seed-41544c53,remove-500,cumulative_operation_ms,ms,300,29.5
Atlas,f393bc3bb2ad,SVG,comparison-instrument-2026-10-06T15-51-13.379Z,points-3000-seed-41544c53,remove-500,cumulative_operation_ms,ms,400,38.09999990463257
Atlas,f393bc3bb2ad,SVG,comparison-instrument-2026-10-06T15-51-13.379Z,points-3000-seed-41544c53,remove-500,cumulative_operation_ms,ms,500,48.89999985694885
Atlas,f393bc3bb2ad,SVG,comparison-instrument-2026-10-06T15-51-13.379Z,points-3000-seed-41544c53,remove-500,operation_to_raf_opportunities_ms,ms,0,64.70000004768372
Atlas,f393bc3bb2ad,SVG,comparison-instrument-2026-10-06T15-51-13.379Z,points-3000-seed-41544c53,remove-500,svg_attribute_writes,count,0,5003
Atlas,f393bc3bb2ad,SVG,comparison-instrument-2026-10-06T15-51-13.379Z,points-3000-seed-41544c53,remove-500,svg_attribute_removals,count,0,2500
Atlas,f393bc3bb2ad,SVG,comparison-instrument-2026-10-06T15-51-13.379Z,points-3000-seed-41544c53,remove-500,dom_added_nodes,count,0,0
Atlas,f393bc3bb2ad,SVG,comparison-instrument-2026-10-06T15-51-13.379Z,points-3000-seed-41544c53,remove-500,dom_removed_nodes,count,0,500
Leaflet,1.9.4,SVG,comparison-instrument-2026-10-06T15-51-13.379Z,points-3000-seed-41544c53,remove-500,operation_sync_ms,ms,0,0.7999999523162842
Leaflet,1.9.4,SVG,comparison-instrument-2026-10-06T15-51-13.379Z,points-3000-seed-41544c53,remove-500,cumulative_operation_ms,ms,100,0.20000004768371582
Leaflet,1.9.4,SVG,comparison-instrument-2026-10-06T15-51-13.379Z,points-3000-seed-41544c53,remove-500,cumulative_operation_ms,ms,200,0.2999999523162842
Leaflet,1.9.4,SVG,comparison-instrument-2026-10-06T15-51-13.379Z,points-3000-seed-41544c53,remove-500,cumulative_operation_ms,ms,300,0.5
Leaflet,1.9.4,SVG,comparison-instrument-2026-10-06T15-51-13.379Z,points-3000-seed-41544c53,remove-500,cumulative_operation_ms,ms,400,0.5
Leaflet,1.9.4,SVG,comparison-instrument-2026-10-06T15-51-13.379Z,points-3000-seed-41544c53,remove-500,cumulative_operation_ms,ms,500,0.7000000476837158
Leaflet,1.9.4,SVG,comparison-instrument-2026-10-06T15-51-13.379Z,points-3000-seed-41544c53,remove-500,operation_to_raf_opportunities_ms,ms,0,23.299999952316284
Leaflet,1.9.4,SVG,comparison-instrument-2026-10-06T15-51-13.379Z,points-3000-seed-41544c53,remove-500,svg_attribute_writes,count,0,0
Leaflet,1.9.4,SVG,comparison-instrument-2026-10-06T15-51-13.379Z,points-3000-seed-41544c53,remove-500,svg_attribute_removals,count,0,0
Leaflet,1.9.4,SVG,comparison-instrument-2026-10-06T15-51-13.379Z,points-3000-seed-41544c53,remove-500,dom_added_nodes,count,0,0
Leaflet,1.9.4,SVG,comparison-instrument-2026-10-06T15-51-13.379Z,points-3000-seed-41544c53,remove-500,dom_removed_nodes,count,0,500
Leaflet,1.9.4,Canvas,comparison-instrument-2026-10-06T15-51-13.379Z,points-3000-seed-41544c53,remove-500,operation_sync_ms,ms,0,0.40000009536743164
Leaflet,1.9.4,Canvas,comparison-instrument-2026-10-06T15-51-13.379Z,points-3000-seed-41544c53,remove-500,cumulative_operation_ms,ms,100,0.10000014305114746
Leaflet,1.9.4,Canvas,comparison-instrument-2026-10-06T15-51-13.379Z,points-3000-seed-41544c53,remove-500,cumulative_operation_ms,ms,200,0.10000014305114746
Leaflet,1.9.4,Canvas,comparison-instrument-2026-10-06T15-51-13.379Z,points-3000-seed-41544c53,remove-500,cumulative_operation_ms,ms,300,0.20000004768371582
Leaflet,1.9.4,Canvas,comparison-instrument-2026-10-06T15-51-13.379Z,points-3000-seed-41544c53,remove-500,cumulative_operation_ms,ms,400,0.20000004768371582
Leaflet,1.9.4,Canvas,comparison-instrument-2026-10-06T15-51-13.379Z,points-3000-seed-41544c53,remove-500,cumulative_operation_ms,ms,500,0.2999999523162842
Leaflet,1.9.4,Canvas,comparison-instrument-2026-10-06T15-51-13.379Z,points-3000-seed-41544c53,remove-500,operation_to_raf_opportunities_ms,ms,0,23.600000143051147
Leaflet,1.9.4,Canvas,comparison-instrument-2026-10-06T15-51-13.379Z,points-3000-seed-41544c53,remove-500,svg_attribute_writes,N/A,0,N/A
Leaflet,1.9.4,Canvas,comparison-instrument-2026-10-06T15-51-13.379Z,points-3000-seed-41544c53,remove-500,svg_attribute_removals,N/A,0,N/A
Leaflet,1.9.4,Canvas,comparison-instrument-2026-10-06T15-51-13.379Z,points-3000-seed-41544c53,remove-500,dom_added_nodes,N/A,0,N/A
Leaflet,1.9.4,Canvas,comparison-instrument-2026-10-06T15-51-13.379Z,points-3000-seed-41544c53,remove-500,dom_removed_nodes,N/A,0,N/A
Atlas,f393bc3bb2ad,SVG,comparison-instrument-2026-10-06T15-51-13.379Z,points-3000-seed-41544c53,remove-1000,operation_sync_ms,ms,0,85.40000009536743
Atlas,f393bc3bb2ad,SVG,comparison-instrument-2026-10-06T15-51-13.379Z,points-3000-seed-41544c53,remove-1000,cumulative_operation_ms,ms,100,13.099999904632568
Atlas,f393bc3bb2ad,SVG,comparison-instrument-2026-10-06T15-51-13.379Z,points-3000-seed-41544c53,remove-1000,cumulative_operation_ms,ms,200,22
Atlas,f393bc3bb2ad,SVG,comparison-instrument-2026-10-06T15-51-13.379Z,points-3000-seed-41544c53,remove-1000,cumulative_operation_ms,ms,300,33
Atlas,f393bc3bb2ad,SVG,comparison-instrument-2026-10-06T15-51-13.379Z,points-3000-seed-41544c53,remove-1000,cumulative_operation_ms,ms,400,41.299999952316284
Atlas,f393bc3bb2ad,SVG,comparison-instrument-2026-10-06T15-51-13.379Z,points-3000-seed-41544c53,remove-1000,cumulative_operation_ms,ms,500,49.09999990463257
Atlas,f393bc3bb2ad,SVG,comparison-instrument-2026-10-06T15-51-13.379Z,points-3000-seed-41544c53,remove-1000,cumulative_operation_ms,ms,600,57
Atlas,f393bc3bb2ad,SVG,comparison-instrument-2026-10-06T15-51-13.379Z,points-3000-seed-41544c53,remove-1000,cumulative_operation_ms,ms,700,64.5
Atlas,f393bc3bb2ad,SVG,comparison-instrument-2026-10-06T15-51-13.379Z,points-3000-seed-41544c53,remove-1000,cumulative_operation_ms,ms,800,71.79999995231628
Atlas,f393bc3bb2ad,SVG,comparison-instrument-2026-10-06T15-51-13.379Z,points-3000-seed-41544c53,remove-1000,cumulative_operation_ms,ms,900,78.79999995231628
Atlas,f393bc3bb2ad,SVG,comparison-instrument-2026-10-06T15-51-13.379Z,points-3000-seed-41544c53,remove-1000,cumulative_operation_ms,ms,1000,85.40000009536743
Atlas,f393bc3bb2ad,SVG,comparison-instrument-2026-10-06T15-51-13.379Z,points-3000-seed-41544c53,remove-1000,operation_to_raf_opportunities_ms,ms,0,101.40000009536743
Atlas,f393bc3bb2ad,SVG,comparison-instrument-2026-10-06T15-51-13.379Z,points-3000-seed-41544c53,remove-1000,svg_attribute_writes,count,0,4003
Atlas,f393bc3bb2ad,SVG,comparison-instrument-2026-10-06T15-51-13.379Z,points-3000-seed-41544c53,remove-1000,svg_attribute_removals,count,0,2000
Atlas,f393bc3bb2ad,SVG,comparison-instrument-2026-10-06T15-51-13.379Z,points-3000-seed-41544c53,remove-1000,dom_added_nodes,count,0,0
Atlas,f393bc3bb2ad,SVG,comparison-instrument-2026-10-06T15-51-13.379Z,points-3000-seed-41544c53,remove-1000,dom_removed_nodes,count,0,1000
Leaflet,1.9.4,SVG,comparison-instrument-2026-10-06T15-51-13.379Z,points-3000-seed-41544c53,remove-1000,operation_sync_ms,ms,0,1.7000000476837158
Leaflet,1.9.4,SVG,comparison-instrument-2026-10-06T15-51-13.379Z,points-3000-seed-41544c53,remove-1000,cumulative_operation_ms,ms,100,0.20000004768371582
Leaflet,1.9.4,SVG,comparison-instrument-2026-10-06T15-51-13.379Z,points-3000-seed-41544c53,remove-1000,cumulative_operation_ms,ms,200,0.3000001907348633
Leaflet,1.9.4,SVG,comparison-instrument-2026-10-06T15-51-13.379Z,points-3000-seed-41544c53,remove-1000,cumulative_operation_ms,ms,300,0.5
Leaflet,1.9.4,SVG,comparison-instrument-2026-10-06T15-51-13.379Z,points-3000-seed-41544c53,remove-1000,cumulative_operation_ms,ms,400,0.6000001430511475
Leaflet,1.9.4,SVG,comparison-instrument-2026-10-06T15-51-13.379Z,points-3000-seed-41544c53,remove-1000,cumulative_operation_ms,ms,500,0.7000000476837158
Leaflet,1.9.4,SVG,comparison-instrument-2026-10-06T15-51-13.379Z,points-3000-seed-41544c53,remove-1000,cumulative_operation_ms,ms,600,0.9000000953674316
Leaflet,1.9.4,SVG,comparison-instrument-2026-10-06T15-51-13.379Z,points-3000-seed-41544c53,remove-1000,cumulative_operation_ms,ms,700,1
Leaflet,1.9.4,SVG,comparison-instrument-2026-10-06T15-51-13.379Z,points-3000-seed-41544c53,remove-1000,cumulative_operation_ms,ms,800,1.2000000476837158
Leaflet,1.9.4,SVG,comparison-instrument-2026-10-06T15-51-13.379Z,points-3000-seed-41544c53,remove-1000,cumulative_operation_ms,ms,900,1.3000001907348633
Leaflet,1.9.4,SVG,comparison-instrument-2026-10-06T15-51-13.379Z,points-3000-seed-41544c53,remove-1000,cumulative_operation_ms,ms,1000,1.5
Leaflet,1.9.4,SVG,comparison-instrument-2026-10-06T15-51-13.379Z,points-3000-seed-41544c53,remove-1000,operation_to_raf_opportunities_ms,ms,0,23.100000143051147
Leaflet,1.9.4,SVG,comparison-instrument-2026-10-06T15-51-13.379Z,points-3000-seed-41544c53,remove-1000,svg_attribute_writes,count,0,0
Leaflet,1.9.4,SVG,comparison-instrument-2026-10-06T15-51-13.379Z,points-3000-seed-41544c53,remove-1000,svg_attribute_removals,count,0,0
Leaflet,1.9.4,SVG,comparison-instrument-2026-10-06T15-51-13.379Z,points-3000-seed-41544c53,remove-1000,dom_added_nodes,count,0,0
Leaflet,1.9.4,SVG,comparison-instrument-2026-10-06T15-51-13.379Z,points-3000-seed-41544c53,remove-1000,dom_removed_nodes,count,0,1000
Leaflet,1.9.4,Canvas,comparison-instrument-2026-10-06T15-51-13.379Z,points-3000-seed-41544c53,remove-1000,operation_sync_ms,ms,0,0.6999998092651367
Leaflet,1.9.4,Canvas,comparison-instrument-2026-10-06T15-51-13.379Z,points-3000-seed-41544c53,remove-1000,cumulative_operation_ms,ms,100,0.09999990463256836
Leaflet,1.9.4,Canvas,comparison-instrument-2026-10-06T15-51-13.379Z,points-3000-seed-41544c53,remove-1000,cumulative_operation_ms,ms,200,0.19999980926513672
Leaflet,1.9.4,Canvas,comparison-instrument-2026-10-06T15-51-13.379Z,points-3000-seed-41544c53,remove-1000,cumulative_operation_ms,ms,300,0.2999999523162842
Leaflet,1.9.4,Canvas,comparison-instrument-2026-10-06T15-51-13.379Z,points-3000-seed-41544c53,remove-1000,cumulative_operation_ms,ms,400,0.2999999523162842
Leaflet,1.9.4,Canvas,comparison-instrument-2026-10-06T15-51-13.379Z,points-3000-seed-41544c53,remove-1000,cumulative_operation_ms,ms,500,0.2999999523162842
Leaflet,1.9.4,Canvas,comparison-instrument-2026-10-06T15-51-13.379Z,points-3000-seed-41544c53,remove-1000,cumulative_operation_ms,ms,600,0.2999999523162842
Leaflet,1.9.4,Canvas,comparison-instrument-2026-10-06T15-51-13.379Z,points-3000-seed-41544c53,remove-1000,cumulative_operation_ms,ms,700,0.39999985694885254
Leaflet,1.9.4,Canvas,comparison-instrument-2026-10-06T15-51-13.379Z,points-3000-seed-41544c53,remove-1000,cumulative_operation_ms,ms,800,0.39999985694885254
Leaflet,1.9.4,Canvas,comparison-instrument-2026-10-06T15-51-13.379Z,points-3000-seed-41544c53,remove-1000,cumulative_operation_ms,ms,900,0.5
Leaflet,1.9.4,Canvas,comparison-instrument-2026-10-06T15-51-13.379Z,points-3000-seed-41544c53,remove-1000,cumulative_operation_ms,ms,1000,0.5999999046325684
Leaflet,1.9.4,Canvas,comparison-instrument-2026-10-06T15-51-13.379Z,points-3000-seed-41544c53,remove-1000,operation_to_raf_opportunities_ms,ms,0,23.59999990463257
Leaflet,1.9.4,Canvas,comparison-instrument-2026-10-06T15-51-13.379Z,points-3000-seed-41544c53,remove-1000,svg_attribute_writes,N/A,0,N/A
Leaflet,1.9.4,Canvas,comparison-instrument-2026-10-06T15-51-13.379Z,points-3000-seed-41544c53,remove-1000,svg_attribute_removals,N/A,0,N/A
Leaflet,1.9.4,Canvas,comparison-instrument-2026-10-06T15-51-13.379Z,points-3000-seed-41544c53,remove-1000,dom_added_nodes,N/A,0,N/A
Leaflet,1.9.4,Canvas,comparison-instrument-2026-10-06T15-51-13.379Z,points-3000-seed-41544c53,remove-1000,dom_removed_nodes,N/A,0,N/A
Atlas,f393bc3bb2ad,SVG,comparison-instrument-2026-10-06T15-51-13.379Z,points-3000-seed-41544c53,route-update,not_applicable,N/A,0,N/A
Leaflet,1.9.4,SVG,comparison-instrument-2026-10-06T15-51-13.379Z,points-3000-seed-41544c53,route-update,not_applicable,N/A,0,N/A
Leaflet,1.9.4,Canvas,comparison-instrument-2026-10-06T15-51-13.379Z,points-3000-seed-41544c53,route-update,not_applicable,N/A,0,N/A
Atlas,f393bc3bb2ad,SVG,comparison-instrument-2026-10-06T15-51-13.379Z,points-3000-seed-41544c53,hit,spatial_hit_test_sync_ms,ms,0,0.10000014305114746
Atlas,f393bc3bb2ad,SVG,comparison-instrument-2026-10-06T15-51-13.379Z,points-3000-seed-41544c53,hit,spatial_hit_test_sync_ms,ms,1,0
Atlas,f393bc3bb2ad,SVG,comparison-instrument-2026-10-06T15-51-13.379Z,points-3000-seed-41544c53,hit,spatial_hit_test_sync_ms,ms,2,0
Atlas,f393bc3bb2ad,SVG,comparison-instrument-2026-10-06T15-51-13.379Z,points-3000-seed-41544c53,hit,spatial_hit_test_sync_ms,ms,3,0
Atlas,f393bc3bb2ad,SVG,comparison-instrument-2026-10-06T15-51-13.379Z,points-3000-seed-41544c53,hit,spatial_hit_test_sync_ms,ms,4,0
Atlas,f393bc3bb2ad,SVG,comparison-instrument-2026-10-06T15-51-13.379Z,points-3000-seed-41544c53,hit,spatial_hit_test_sync_ms,ms,5,0.09999990463256836
Atlas,f393bc3bb2ad,SVG,comparison-instrument-2026-10-06T15-51-13.379Z,points-3000-seed-41544c53,hit,spatial_hit_test_sync_ms,ms,6,0
Atlas,f393bc3bb2ad,SVG,comparison-instrument-2026-10-06T15-51-13.379Z,points-3000-seed-41544c53,hit,spatial_hit_test_sync_ms,ms,7,0.09999990463256836
Atlas,f393bc3bb2ad,SVG,comparison-instrument-2026-10-06T15-51-13.379Z,points-3000-seed-41544c53,hit,spatial_hit_test_sync_ms,ms,8,0
Atlas,f393bc3bb2ad,SVG,comparison-instrument-2026-10-06T15-51-13.379Z,points-3000-seed-41544c53,hit,spatial_hit_test_sync_ms,ms,9,0
Atlas,f393bc3bb2ad,SVG,comparison-instrument-2026-10-06T15-51-13.379Z,points-3000-seed-41544c53,hit,spatial_hit_test_sync_ms,ms,10,0
Atlas,f393bc3bb2ad,SVG,comparison-instrument-2026-10-06T15-51-13.379Z,points-3000-seed-41544c53,hit,spatial_hit_test_sync_ms,ms,11,0.10000014305114746
Atlas,f393bc3bb2ad,SVG,comparison-instrument-2026-10-06T15-51-13.379Z,points-3000-seed-41544c53,hit,spatial_hit_test_sync_ms,ms,12,0
Atlas,f393bc3bb2ad,SVG,comparison-instrument-2026-10-06T15-51-13.379Z,points-3000-seed-41544c53,hit,spatial_hit_test_sync_ms,ms,13,0
Atlas,f393bc3bb2ad,SVG,comparison-instrument-2026-10-06T15-51-13.379Z,points-3000-seed-41544c53,hit,spatial_hit_test_sync_ms,ms,14,0.09999990463256836
Atlas,f393bc3bb2ad,SVG,comparison-instrument-2026-10-06T15-51-13.379Z,points-3000-seed-41544c53,hit,spatial_hit_test_sync_ms,ms,15,0
Atlas,f393bc3bb2ad,SVG,comparison-instrument-2026-10-06T15-51-13.379Z,points-3000-seed-41544c53,hit,spatial_hit_test_sync_ms,ms,16,0
Atlas,f393bc3bb2ad,SVG,comparison-instrument-2026-10-06T15-51-13.379Z,points-3000-seed-41544c53,hit,spatial_hit_test_sync_ms,ms,17,0.10000014305114746
Atlas,f393bc3bb2ad,SVG,comparison-instrument-2026-10-06T15-51-13.379Z,points-3000-seed-41544c53,hit,spatial_hit_test_sync_ms,ms,18,0
Atlas,f393bc3bb2ad,SVG,comparison-instrument-2026-10-06T15-51-13.379Z,points-3000-seed-41544c53,hit,spatial_hit_test_sync_ms,ms,19,0
Atlas,f393bc3bb2ad,SVG,comparison-instrument-2026-10-06T15-51-13.379Z,points-3000-seed-41544c53,hit,spatial_hit_test_sync_ms,ms,20,0
Atlas,f393bc3bb2ad,SVG,comparison-instrument-2026-10-06T15-51-13.379Z,points-3000-seed-41544c53,hit,spatial_hit_test_sync_ms,ms,21,0
Atlas,f393bc3bb2ad,SVG,comparison-instrument-2026-10-06T15-51-13.379Z,points-3000-seed-41544c53,hit,spatial_hit_test_sync_ms,ms,22,0
Atlas,f393bc3bb2ad,SVG,comparison-instrument-2026-10-06T15-51-13.379Z,points-3000-seed-41544c53,hit,spatial_hit_test_sync_ms,ms,23,0
Atlas,f393bc3bb2ad,SVG,comparison-instrument-2026-10-06T15-51-13.379Z,points-3000-seed-41544c53,hit,spatial_hit_test_sync_ms,ms,24,0
Atlas,f393bc3bb2ad,SVG,comparison-instrument-2026-10-06T15-51-13.379Z,points-3000-seed-41544c53,hit,spatial_hit_test_sync_ms,ms,25,0.09999990463256836
Atlas,f393bc3bb2ad,SVG,comparison-instrument-2026-10-06T15-51-13.379Z,points-3000-seed-41544c53,hit,spatial_hit_test_sync_ms,ms,26,0
Atlas,f393bc3bb2ad,SVG,comparison-instrument-2026-10-06T15-51-13.379Z,points-3000-seed-41544c53,hit,spatial_hit_test_sync_ms,ms,27,0
Atlas,f393bc3bb2ad,SVG,comparison-instrument-2026-10-06T15-51-13.379Z,points-3000-seed-41544c53,hit,spatial_hit_test_sync_ms,ms,28,0.10000014305114746
Atlas,f393bc3bb2ad,SVG,comparison-instrument-2026-10-06T15-51-13.379Z,points-3000-seed-41544c53,hit,spatial_hit_test_sync_ms,ms,29,0
Atlas,f393bc3bb2ad,SVG,comparison-instrument-2026-10-06T15-51-13.379Z,points-3000-seed-41544c53,hit,spatial_hit_test_sync_ms,ms,30,0.09999990463256836
Atlas,f393bc3bb2ad,SVG,comparison-instrument-2026-10-06T15-51-13.379Z,points-3000-seed-41544c53,hit,spatial_hit_test_sync_ms,ms,31,0
Atlas,f393bc3bb2ad,SVG,comparison-instrument-2026-10-06T15-51-13.379Z,points-3000-seed-41544c53,hit,spatial_hit_test_sync_ms,ms,32,0
Atlas,f393bc3bb2ad,SVG,comparison-instrument-2026-10-06T15-51-13.379Z,points-3000-seed-41544c53,hit,spatial_hit_test_sync_ms,ms,33,0
Atlas,f393bc3bb2ad,SVG,comparison-instrument-2026-10-06T15-51-13.379Z,points-3000-seed-41544c53,hit,spatial_hit_test_sync_ms,ms,34,0
Atlas,f393bc3bb2ad,SVG,comparison-instrument-2026-10-06T15-51-13.379Z,points-3000-seed-41544c53,hit,spatial_hit_test_sync_ms,ms,35,0
Atlas,f393bc3bb2ad,SVG,comparison-instrument-2026-10-06T15-51-13.379Z,points-3000-seed-41544c53,hit,spatial_hit_test_sync_ms,ms,36,0.10000014305114746
Atlas,f393bc3bb2ad,SVG,comparison-instrument-2026-10-06T15-51-13.379Z,points-3000-seed-41544c53,hit,spatial_hit_test_sync_ms,ms,37,0
Atlas,f393bc3bb2ad,SVG,comparison-instrument-2026-10-06T15-51-13.379Z,points-3000-seed-41544c53,hit,spatial_hit_test_sync_ms,ms,38,0.09999990463256836
Atlas,f393bc3bb2ad,SVG,comparison-instrument-2026-10-06T15-51-13.379Z,points-3000-seed-41544c53,hit,spatial_hit_test_sync_ms,ms,39,0
Atlas,f393bc3bb2ad,SVG,comparison-instrument-2026-10-06T15-51-13.379Z,points-3000-seed-41544c53,hit,spatial_hit_test_sync_ms,ms,40,0
Atlas,f393bc3bb2ad,SVG,comparison-instrument-2026-10-06T15-51-13.379Z,points-3000-seed-41544c53,hit,spatial_hit_test_sync_ms,ms,41,0
Atlas,f393bc3bb2ad,SVG,comparison-instrument-2026-10-06T15-51-13.379Z,points-3000-seed-41544c53,hit,spatial_hit_test_sync_ms,ms,42,0
Atlas,f393bc3bb2ad,SVG,comparison-instrument-2026-10-06T15-51-13.379Z,points-3000-seed-41544c53,hit,spatial_hit_test_sync_ms,ms,43,0.20000004768371582
Atlas,f393bc3bb2ad,SVG,comparison-instrument-2026-10-06T15-51-13.379Z,points-3000-seed-41544c53,hit,spatial_hit_test_sync_ms,ms,44,0
Atlas,f393bc3bb2ad,SVG,comparison-instrument-2026-10-06T15-51-13.379Z,points-3000-seed-41544c53,hit,spatial_hit_test_sync_ms,ms,45,0
Atlas,f393bc3bb2ad,SVG,comparison-instrument-2026-10-06T15-51-13.379Z,points-3000-seed-41544c53,hit,spatial_hit_test_sync_ms,ms,46,0
Atlas,f393bc3bb2ad,SVG,comparison-instrument-2026-10-06T15-51-13.379Z,points-3000-seed-41544c53,hit,spatial_hit_test_sync_ms,ms,47,0
Atlas,f393bc3bb2ad,SVG,comparison-instrument-2026-10-06T15-51-13.379Z,points-3000-seed-41544c53,hit,spatial_hit_test_sync_ms,ms,48,0
Atlas,f393bc3bb2ad,SVG,comparison-instrument-2026-10-06T15-51-13.379Z,points-3000-seed-41544c53,hit,spatial_hit_test_sync_ms,ms,49,0.09999990463256836
Atlas,f393bc3bb2ad,SVG,comparison-instrument-2026-10-06T15-51-13.379Z,points-3000-seed-41544c53,hit,spatial_hit_test_sync_ms,ms,50,0
Atlas,f393bc3bb2ad,SVG,comparison-instrument-2026-10-06T15-51-13.379Z,points-3000-seed-41544c53,hit,spatial_hit_test_sync_ms,ms,51,0
Atlas,f393bc3bb2ad,SVG,comparison-instrument-2026-10-06T15-51-13.379Z,points-3000-seed-41544c53,hit,spatial_hit_test_sync_ms,ms,52,0.10000014305114746
Atlas,f393bc3bb2ad,SVG,comparison-instrument-2026-10-06T15-51-13.379Z,points-3000-seed-41544c53,hit,spatial_hit_test_sync_ms,ms,53,0
Atlas,f393bc3bb2ad,SVG,comparison-instrument-2026-10-06T15-51-13.379Z,points-3000-seed-41544c53,hit,spatial_hit_test_sync_ms,ms,54,0
Atlas,f393bc3bb2ad,SVG,comparison-instrument-2026-10-06T15-51-13.379Z,points-3000-seed-41544c53,hit,spatial_hit_test_sync_ms,ms,55,0
Atlas,f393bc3bb2ad,SVG,comparison-instrument-2026-10-06T15-51-13.379Z,points-3000-seed-41544c53,hit,spatial_hit_test_sync_ms,ms,56,0.09999990463256836
Atlas,f393bc3bb2ad,SVG,comparison-instrument-2026-10-06T15-51-13.379Z,points-3000-seed-41544c53,hit,spatial_hit_test_sync_ms,ms,57,0
Atlas,f393bc3bb2ad,SVG,comparison-instrument-2026-10-06T15-51-13.379Z,points-3000-seed-41544c53,hit,spatial_hit_test_sync_ms,ms,58,0
Atlas,f393bc3bb2ad,SVG,comparison-instrument-2026-10-06T15-51-13.379Z,points-3000-seed-41544c53,hit,spatial_hit_test_sync_ms,ms,59,0
Atlas,f393bc3bb2ad,SVG,comparison-instrument-2026-10-06T15-51-13.379Z,points-3000-seed-41544c53,hit,spatial_hit_test_sync_ms,ms,60,0.09999990463256836
Atlas,f393bc3bb2ad,SVG,comparison-instrument-2026-10-06T15-51-13.379Z,points-3000-seed-41544c53,hit,spatial_hit_test_sync_ms,ms,61,0
Atlas,f393bc3bb2ad,SVG,comparison-instrument-2026-10-06T15-51-13.379Z,points-3000-seed-41544c53,hit,spatial_hit_test_sync_ms,ms,62,0
Atlas,f393bc3bb2ad,SVG,comparison-instrument-2026-10-06T15-51-13.379Z,points-3000-seed-41544c53,hit,spatial_hit_test_sync_ms,ms,63,0.10000014305114746
Atlas,f393bc3bb2ad,SVG,comparison-instrument-2026-10-06T15-51-13.379Z,points-3000-seed-41544c53,hit,spatial_hit_test_sync_ms,ms,64,0
Atlas,f393bc3bb2ad,SVG,comparison-instrument-2026-10-06T15-51-13.379Z,points-3000-seed-41544c53,hit,spatial_hit_test_sync_ms,ms,65,0.09999990463256836
Atlas,f393bc3bb2ad,SVG,comparison-instrument-2026-10-06T15-51-13.379Z,points-3000-seed-41544c53,hit,spatial_hit_test_sync_ms,ms,66,0
Atlas,f393bc3bb2ad,SVG,comparison-instrument-2026-10-06T15-51-13.379Z,points-3000-seed-41544c53,hit,spatial_hit_test_sync_ms,ms,67,0
Atlas,f393bc3bb2ad,SVG,comparison-instrument-2026-10-06T15-51-13.379Z,points-3000-seed-41544c53,hit,spatial_hit_test_sync_ms,ms,68,0
Atlas,f393bc3bb2ad,SVG,comparison-instrument-2026-10-06T15-51-13.379Z,points-3000-seed-41544c53,hit,spatial_hit_test_sync_ms,ms,69,0.10000014305114746
Atlas,f393bc3bb2ad,SVG,comparison-instrument-2026-10-06T15-51-13.379Z,points-3000-seed-41544c53,hit,spatial_hit_test_sync_ms,ms,70,0
Atlas,f393bc3bb2ad,SVG,comparison-instrument-2026-10-06T15-51-13.379Z,points-3000-seed-41544c53,hit,spatial_hit_test_sync_ms,ms,71,0.09999990463256836
Atlas,f393bc3bb2ad,SVG,comparison-instrument-2026-10-06T15-51-13.379Z,points-3000-seed-41544c53,hit,spatial_hit_test_sync_ms,ms,72,0
Atlas,f393bc3bb2ad,SVG,comparison-instrument-2026-10-06T15-51-13.379Z,points-3000-seed-41544c53,hit,spatial_hit_test_sync_ms,ms,73,0
Atlas,f393bc3bb2ad,SVG,comparison-instrument-2026-10-06T15-51-13.379Z,points-3000-seed-41544c53,hit,spatial_hit_test_sync_ms,ms,74,0
Atlas,f393bc3bb2ad,SVG,comparison-instrument-2026-10-06T15-51-13.379Z,points-3000-seed-41544c53,hit,spatial_hit_test_sync_ms,ms,75,0
Atlas,f393bc3bb2ad,SVG,comparison-instrument-2026-10-06T15-51-13.379Z,points-3000-seed-41544c53,hit,spatial_hit_test_sync_ms,ms,76,0.09999990463256836
Atlas,f393bc3bb2ad,SVG,comparison-instrument-2026-10-06T15-51-13.379Z,points-3000-seed-41544c53,hit,spatial_hit_test_sync_ms,ms,77,0
Atlas,f393bc3bb2ad,SVG,comparison-instrument-2026-10-06T15-51-13.379Z,points-3000-seed-41544c53,hit,spatial_hit_test_sync_ms,ms,78,0
Atlas,f393bc3bb2ad,SVG,comparison-instrument-2026-10-06T15-51-13.379Z,points-3000-seed-41544c53,hit,spatial_hit_test_sync_ms,ms,79,0.10000014305114746
Atlas,f393bc3bb2ad,SVG,comparison-instrument-2026-10-06T15-51-13.379Z,points-3000-seed-41544c53,hit,spatial_hit_test_sync_ms,ms,80,0.09999990463256836
Atlas,f393bc3bb2ad,SVG,comparison-instrument-2026-10-06T15-51-13.379Z,points-3000-seed-41544c53,hit,spatial_hit_test_sync_ms,ms,81,0
Atlas,f393bc3bb2ad,SVG,comparison-instrument-2026-10-06T15-51-13.379Z,points-3000-seed-41544c53,hit,spatial_hit_test_sync_ms,ms,82,0
Atlas,f393bc3bb2ad,SVG,comparison-instrument-2026-10-06T15-51-13.379Z,points-3000-seed-41544c53,hit,spatial_hit_test_sync_ms,ms,83,0.10000014305114746
Atlas,f393bc3bb2ad,SVG,comparison-instrument-2026-10-06T15-51-13.379Z,points-3000-seed-41544c53,hit,spatial_hit_test_sync_ms,ms,84,0
Atlas,f393bc3bb2ad,SVG,comparison-instrument-2026-10-06T15-51-13.379Z,points-3000-seed-41544c53,hit,spatial_hit_test_sync_ms,ms,85,3.6999998092651367
Atlas,f393bc3bb2ad,SVG,comparison-instrument-2026-10-06T15-51-13.379Z,points-3000-seed-41544c53,hit,spatial_hit_test_sync_ms,ms,86,0
Atlas,f393bc3bb2ad,SVG,comparison-instrument-2026-10-06T15-51-13.379Z,points-3000-seed-41544c53,hit,spatial_hit_test_sync_ms,ms,87,0
Atlas,f393bc3bb2ad,SVG,comparison-instrument-2026-10-06T15-51-13.379Z,points-3000-seed-41544c53,hit,spatial_hit_test_sync_ms,ms,88,0.10000014305114746
Atlas,f393bc3bb2ad,SVG,comparison-instrument-2026-10-06T15-51-13.379Z,points-3000-seed-41544c53,hit,spatial_hit_test_sync_ms,ms,89,0.09999990463256836
Atlas,f393bc3bb2ad,SVG,comparison-instrument-2026-10-06T15-51-13.379Z,points-3000-seed-41544c53,hit,spatial_hit_test_sync_ms,ms,90,0
Atlas,f393bc3bb2ad,SVG,comparison-instrument-2026-10-06T15-51-13.379Z,points-3000-seed-41544c53,hit,spatial_hit_test_sync_ms,ms,91,0
Atlas,f393bc3bb2ad,SVG,comparison-instrument-2026-10-06T15-51-13.379Z,points-3000-seed-41544c53,hit,spatial_hit_test_sync_ms,ms,92,0
Atlas,f393bc3bb2ad,SVG,comparison-instrument-2026-10-06T15-51-13.379Z,points-3000-seed-41544c53,hit,spatial_hit_test_sync_ms,ms,93,0.10000014305114746
Atlas,f393bc3bb2ad,SVG,comparison-instrument-2026-10-06T15-51-13.379Z,points-3000-seed-41544c53,hit,spatial_hit_test_sync_ms,ms,94,0
Atlas,f393bc3bb2ad,SVG,comparison-instrument-2026-10-06T15-51-13.379Z,points-3000-seed-41544c53,hit,spatial_hit_test_sync_ms,ms,95,0
Atlas,f393bc3bb2ad,SVG,comparison-instrument-2026-10-06T15-51-13.379Z,points-3000-seed-41544c53,hit,spatial_hit_test_sync_ms,ms,96,0
Atlas,f393bc3bb2ad,SVG,comparison-instrument-2026-10-06T15-51-13.379Z,points-3000-seed-41544c53,hit,spatial_hit_test_sync_ms,ms,97,0
Atlas,f393bc3bb2ad,SVG,comparison-instrument-2026-10-06T15-51-13.379Z,points-3000-seed-41544c53,hit,spatial_hit_test_sync_ms,ms,98,0.09999990463256836
Atlas,f393bc3bb2ad,SVG,comparison-instrument-2026-10-06T15-51-13.379Z,points-3000-seed-41544c53,hit,spatial_hit_test_sync_ms,ms,99,0
Atlas,f393bc3bb2ad,SVG,comparison-instrument-2026-10-06T15-51-13.379Z,points-3000-seed-41544c53,hit,spatial_hit_test_sync_ms,ms,100,0
Atlas,f393bc3bb2ad,SVG,comparison-instrument-2026-10-06T15-51-13.379Z,points-3000-seed-41544c53,hit,spatial_hit_test_sync_ms,ms,101,0
Atlas,f393bc3bb2ad,SVG,comparison-instrument-2026-10-06T15-51-13.379Z,points-3000-seed-41544c53,hit,spatial_hit_test_sync_ms,ms,102,0.09999990463256836
Atlas,f393bc3bb2ad,SVG,comparison-instrument-2026-10-06T15-51-13.379Z,points-3000-seed-41544c53,hit,spatial_hit_test_sync_ms,ms,103,0.10000014305114746
Atlas,f393bc3bb2ad,SVG,comparison-instrument-2026-10-06T15-51-13.379Z,points-3000-seed-41544c53,hit,spatial_hit_test_sync_ms,ms,104,0
Atlas,f393bc3bb2ad,SVG,comparison-instrument-2026-10-06T15-51-13.379Z,points-3000-seed-41544c53,hit,spatial_hit_test_sync_ms,ms,105,0
Atlas,f393bc3bb2ad,SVG,comparison-instrument-2026-10-06T15-51-13.379Z,points-3000-seed-41544c53,hit,spatial_hit_test_sync_ms,ms,106,0.09999990463256836
Atlas,f393bc3bb2ad,SVG,comparison-instrument-2026-10-06T15-51-13.379Z,points-3000-seed-41544c53,hit,spatial_hit_test_sync_ms,ms,107,0
Atlas,f393bc3bb2ad,SVG,comparison-instrument-2026-10-06T15-51-13.379Z,points-3000-seed-41544c53,hit,spatial_hit_test_sync_ms,ms,108,0
Atlas,f393bc3bb2ad,SVG,comparison-instrument-2026-10-06T15-51-13.379Z,points-3000-seed-41544c53,hit,spatial_hit_test_sync_ms,ms,109,0
Atlas,f393bc3bb2ad,SVG,comparison-instrument-2026-10-06T15-51-13.379Z,points-3000-seed-41544c53,hit,spatial_hit_test_sync_ms,ms,110,0
Atlas,f393bc3bb2ad,SVG,comparison-instrument-2026-10-06T15-51-13.379Z,points-3000-seed-41544c53,hit,spatial_hit_test_sync_ms,ms,111,0.10000014305114746
Atlas,f393bc3bb2ad,SVG,comparison-instrument-2026-10-06T15-51-13.379Z,points-3000-seed-41544c53,hit,spatial_hit_test_sync_ms,ms,112,0.09999990463256836
Atlas,f393bc3bb2ad,SVG,comparison-instrument-2026-10-06T15-51-13.379Z,points-3000-seed-41544c53,hit,spatial_hit_test_sync_ms,ms,113,0
Atlas,f393bc3bb2ad,SVG,comparison-instrument-2026-10-06T15-51-13.379Z,points-3000-seed-41544c53,hit,spatial_hit_test_sync_ms,ms,114,0
Atlas,f393bc3bb2ad,SVG,comparison-instrument-2026-10-06T15-51-13.379Z,points-3000-seed-41544c53,hit,spatial_hit_test_sync_ms,ms,115,0.09999990463256836
Atlas,f393bc3bb2ad,SVG,comparison-instrument-2026-10-06T15-51-13.379Z,points-3000-seed-41544c53,hit,spatial_hit_test_sync_ms,ms,116,0
Atlas,f393bc3bb2ad,SVG,comparison-instrument-2026-10-06T15-51-13.379Z,points-3000-seed-41544c53,hit,spatial_hit_test_sync_ms,ms,117,0
Atlas,f393bc3bb2ad,SVG,comparison-instrument-2026-10-06T15-51-13.379Z,points-3000-seed-41544c53,hit,spatial_hit_test_sync_ms,ms,118,0
Atlas,f393bc3bb2ad,SVG,comparison-instrument-2026-10-06T15-51-13.379Z,points-3000-seed-41544c53,hit,spatial_hit_test_sync_ms,ms,119,0.10000014305114746
Atlas,f393bc3bb2ad,SVG,comparison-instrument-2026-10-06T15-51-13.379Z,points-3000-seed-41544c53,hit,spatial_hit_test_sync_ms,ms,120,0
Atlas,f393bc3bb2ad,SVG,comparison-instrument-2026-10-06T15-51-13.379Z,points-3000-seed-41544c53,hit,spatial_hit_test_sync_ms,ms,121,0.09999990463256836
Atlas,f393bc3bb2ad,SVG,comparison-instrument-2026-10-06T15-51-13.379Z,points-3000-seed-41544c53,hit,spatial_hit_test_sync_ms,ms,122,0
Atlas,f393bc3bb2ad,SVG,comparison-instrument-2026-10-06T15-51-13.379Z,points-3000-seed-41544c53,hit,spatial_hit_test_sync_ms,ms,123,0
Atlas,f393bc3bb2ad,SVG,comparison-instrument-2026-10-06T15-51-13.379Z,points-3000-seed-41544c53,hit,spatial_hit_test_sync_ms,ms,124,0
Atlas,f393bc3bb2ad,SVG,comparison-instrument-2026-10-06T15-51-13.379Z,points-3000-seed-41544c53,hit,spatial_hit_test_sync_ms,ms,125,0
Atlas,f393bc3bb2ad,SVG,comparison-instrument-2026-10-06T15-51-13.379Z,points-3000-seed-41544c53,hit,spatial_hit_test_sync_ms,ms,126,0
Atlas,f393bc3bb2ad,SVG,comparison-instrument-2026-10-06T15-51-13.379Z,points-3000-seed-41544c53,hit,spatial_hit_test_sync_ms,ms,127,0.10000014305114746
Atlas,f393bc3bb2ad,SVG,comparison-instrument-2026-10-06T15-51-13.379Z,points-3000-seed-41544c53,hit,spatial_hit_test_sync_ms,ms,128,0
Atlas,f393bc3bb2ad,SVG,comparison-instrument-2026-10-06T15-51-13.379Z,points-3000-seed-41544c53,hit,spatial_hit_test_sync_ms,ms,129,0
Atlas,f393bc3bb2ad,SVG,comparison-instrument-2026-10-06T15-51-13.379Z,points-3000-seed-41544c53,hit,spatial_hit_test_sync_ms,ms,130,0.09999990463256836
Atlas,f393bc3bb2ad,SVG,comparison-instrument-2026-10-06T15-51-13.379Z,points-3000-seed-41544c53,hit,spatial_hit_test_sync_ms,ms,131,0
Atlas,f393bc3bb2ad,SVG,comparison-instrument-2026-10-06T15-51-13.379Z,points-3000-seed-41544c53,hit,spatial_hit_test_sync_ms,ms,132,0
Atlas,f393bc3bb2ad,SVG,comparison-instrument-2026-10-06T15-51-13.379Z,points-3000-seed-41544c53,hit,spatial_hit_test_sync_ms,ms,133,0.09999990463256836
Atlas,f393bc3bb2ad,SVG,comparison-instrument-2026-10-06T15-51-13.379Z,points-3000-seed-41544c53,hit,spatial_hit_test_sync_ms,ms,134,0
Atlas,f393bc3bb2ad,SVG,comparison-instrument-2026-10-06T15-51-13.379Z,points-3000-seed-41544c53,hit,spatial_hit_test_sync_ms,ms,135,0
Atlas,f393bc3bb2ad,SVG,comparison-instrument-2026-10-06T15-51-13.379Z,points-3000-seed-41544c53,hit,spatial_hit_test_sync_ms,ms,136,0.10000014305114746
Atlas,f393bc3bb2ad,SVG,comparison-instrument-2026-10-06T15-51-13.379Z,points-3000-seed-41544c53,hit,spatial_hit_test_sync_ms,ms,137,0
Atlas,f393bc3bb2ad,SVG,comparison-instrument-2026-10-06T15-51-13.379Z,points-3000-seed-41544c53,hit,spatial_hit_test_sync_ms,ms,138,0
Atlas,f393bc3bb2ad,SVG,comparison-instrument-2026-10-06T15-51-13.379Z,points-3000-seed-41544c53,hit,spatial_hit_test_sync_ms,ms,139,0.09999990463256836
Atlas,f393bc3bb2ad,SVG,comparison-instrument-2026-10-06T15-51-13.379Z,points-3000-seed-41544c53,hit,spatial_hit_test_sync_ms,ms,140,0
Atlas,f393bc3bb2ad,SVG,comparison-instrument-2026-10-06T15-51-13.379Z,points-3000-seed-41544c53,hit,spatial_hit_test_sync_ms,ms,141,0.10000014305114746
Atlas,f393bc3bb2ad,SVG,comparison-instrument-2026-10-06T15-51-13.379Z,points-3000-seed-41544c53,hit,spatial_hit_test_sync_ms,ms,142,0
Atlas,f393bc3bb2ad,SVG,comparison-instrument-2026-10-06T15-51-13.379Z,points-3000-seed-41544c53,hit,spatial_hit_test_sync_ms,ms,143,0
Atlas,f393bc3bb2ad,SVG,comparison-instrument-2026-10-06T15-51-13.379Z,points-3000-seed-41544c53,hit,spatial_hit_test_sync_ms,ms,144,0
Atlas,f393bc3bb2ad,SVG,comparison-instrument-2026-10-06T15-51-13.379Z,points-3000-seed-41544c53,hit,spatial_hit_test_sync_ms,ms,145,0.09999990463256836
Atlas,f393bc3bb2ad,SVG,comparison-instrument-2026-10-06T15-51-13.379Z,points-3000-seed-41544c53,hit,spatial_hit_test_sync_ms,ms,146,0
Atlas,f393bc3bb2ad,SVG,comparison-instrument-2026-10-06T15-51-13.379Z,points-3000-seed-41544c53,hit,spatial_hit_test_sync_ms,ms,147,0.09999990463256836
Atlas,f393bc3bb2ad,SVG,comparison-instrument-2026-10-06T15-51-13.379Z,points-3000-seed-41544c53,hit,spatial_hit_test_sync_ms,ms,148,0
Atlas,f393bc3bb2ad,SVG,comparison-instrument-2026-10-06T15-51-13.379Z,points-3000-seed-41544c53,hit,spatial_hit_test_sync_ms,ms,149,0
Atlas,f393bc3bb2ad,SVG,comparison-instrument-2026-10-06T15-51-13.379Z,points-3000-seed-41544c53,hit,spatial_hit_test_sync_ms,ms,150,0
Atlas,f393bc3bb2ad,SVG,comparison-instrument-2026-10-06T15-51-13.379Z,points-3000-seed-41544c53,hit,spatial_hit_test_sync_ms,ms,151,0.10000014305114746
Atlas,f393bc3bb2ad,SVG,comparison-instrument-2026-10-06T15-51-13.379Z,points-3000-seed-41544c53,hit,spatial_hit_test_sync_ms,ms,152,0
Atlas,f393bc3bb2ad,SVG,comparison-instrument-2026-10-06T15-51-13.379Z,points-3000-seed-41544c53,hit,spatial_hit_test_sync_ms,ms,153,0
Atlas,f393bc3bb2ad,SVG,comparison-instrument-2026-10-06T15-51-13.379Z,points-3000-seed-41544c53,hit,spatial_hit_test_sync_ms,ms,154,0
Atlas,f393bc3bb2ad,SVG,comparison-instrument-2026-10-06T15-51-13.379Z,points-3000-seed-41544c53,hit,spatial_hit_test_sync_ms,ms,155,0
Atlas,f393bc3bb2ad,SVG,comparison-instrument-2026-10-06T15-51-13.379Z,points-3000-seed-41544c53,hit,spatial_hit_test_sync_ms,ms,156,0.09999990463256836
Atlas,f393bc3bb2ad,SVG,comparison-instrument-2026-10-06T15-51-13.379Z,points-3000-seed-41544c53,hit,spatial_hit_test_sync_ms,ms,157,0
Atlas,f393bc3bb2ad,SVG,comparison-instrument-2026-10-06T15-51-13.379Z,points-3000-seed-41544c53,hit,spatial_hit_test_sync_ms,ms,158,0
Atlas,f393bc3bb2ad,SVG,comparison-instrument-2026-10-06T15-51-13.379Z,points-3000-seed-41544c53,hit,spatial_hit_test_sync_ms,ms,159,0.10000014305114746
Atlas,f393bc3bb2ad,SVG,comparison-instrument-2026-10-06T15-51-13.379Z,points-3000-seed-41544c53,hit,spatial_hit_test_sync_ms,ms,160,0
Atlas,f393bc3bb2ad,SVG,comparison-instrument-2026-10-06T15-51-13.379Z,points-3000-seed-41544c53,hit,spatial_hit_test_sync_ms,ms,161,0.09999990463256836
Atlas,f393bc3bb2ad,SVG,comparison-instrument-2026-10-06T15-51-13.379Z,points-3000-seed-41544c53,hit,spatial_hit_test_sync_ms,ms,162,0
Atlas,f393bc3bb2ad,SVG,comparison-instrument-2026-10-06T15-51-13.379Z,points-3000-seed-41544c53,hit,spatial_hit_test_sync_ms,ms,163,0
Atlas,f393bc3bb2ad,SVG,comparison-instrument-2026-10-06T15-51-13.379Z,points-3000-seed-41544c53,hit,spatial_hit_test_sync_ms,ms,164,0.09999990463256836
Atlas,f393bc3bb2ad,SVG,comparison-instrument-2026-10-06T15-51-13.379Z,points-3000-seed-41544c53,hit,spatial_hit_test_sync_ms,ms,165,0
Atlas,f393bc3bb2ad,SVG,comparison-instrument-2026-10-06T15-51-13.379Z,points-3000-seed-41544c53,hit,spatial_hit_test_sync_ms,ms,166,0
Atlas,f393bc3bb2ad,SVG,comparison-instrument-2026-10-06T15-51-13.379Z,points-3000-seed-41544c53,hit,spatial_hit_test_sync_ms,ms,167,0
Atlas,f393bc3bb2ad,SVG,comparison-instrument-2026-10-06T15-51-13.379Z,points-3000-seed-41544c53,hit,spatial_hit_test_sync_ms,ms,168,0.10000014305114746
Atlas,f393bc3bb2ad,SVG,comparison-instrument-2026-10-06T15-51-13.379Z,points-3000-seed-41544c53,hit,spatial_hit_test_sync_ms,ms,169,0
Atlas,f393bc3bb2ad,SVG,comparison-instrument-2026-10-06T15-51-13.379Z,points-3000-seed-41544c53,hit,spatial_hit_test_sync_ms,ms,170,0
Atlas,f393bc3bb2ad,SVG,comparison-instrument-2026-10-06T15-51-13.379Z,points-3000-seed-41544c53,hit,spatial_hit_test_sync_ms,ms,171,0
Atlas,f393bc3bb2ad,SVG,comparison-instrument-2026-10-06T15-51-13.379Z,points-3000-seed-41544c53,hit,spatial_hit_test_sync_ms,ms,172,0
Atlas,f393bc3bb2ad,SVG,comparison-instrument-2026-10-06T15-51-13.379Z,points-3000-seed-41544c53,hit,spatial_hit_test_sync_ms,ms,173,0.09999990463256836
Atlas,f393bc3bb2ad,SVG,comparison-instrument-2026-10-06T15-51-13.379Z,points-3000-seed-41544c53,hit,spatial_hit_test_sync_ms,ms,174,0
Atlas,f393bc3bb2ad,SVG,comparison-instrument-2026-10-06T15-51-13.379Z,points-3000-seed-41544c53,hit,spatial_hit_test_sync_ms,ms,175,0
Atlas,f393bc3bb2ad,SVG,comparison-instrument-2026-10-06T15-51-13.379Z,points-3000-seed-41544c53,hit,spatial_hit_test_sync_ms,ms,176,0.10000014305114746
Atlas,f393bc3bb2ad,SVG,comparison-instrument-2026-10-06T15-51-13.379Z,points-3000-seed-41544c53,hit,spatial_hit_test_sync_ms,ms,177,0
Atlas,f393bc3bb2ad,SVG,comparison-instrument-2026-10-06T15-51-13.379Z,points-3000-seed-41544c53,hit,spatial_hit_test_sync_ms,ms,178,0
Atlas,f393bc3bb2ad,SVG,comparison-instrument-2026-10-06T15-51-13.379Z,points-3000-seed-41544c53,hit,spatial_hit_test_sync_ms,ms,179,0.09999990463256836
Atlas,f393bc3bb2ad,SVG,comparison-instrument-2026-10-06T15-51-13.379Z,points-3000-seed-41544c53,hit,spatial_hit_test_sync_ms,ms,180,0
Atlas,f393bc3bb2ad,SVG,comparison-instrument-2026-10-06T15-51-13.379Z,points-3000-seed-41544c53,hit,spatial_hit_test_sync_ms,ms,181,0.09999990463256836
Atlas,f393bc3bb2ad,SVG,comparison-instrument-2026-10-06T15-51-13.379Z,points-3000-seed-41544c53,hit,spatial_hit_test_sync_ms,ms,182,0
Atlas,f393bc3bb2ad,SVG,comparison-instrument-2026-10-06T15-51-13.379Z,points-3000-seed-41544c53,hit,spatial_hit_test_sync_ms,ms,183,0
Atlas,f393bc3bb2ad,SVG,comparison-instrument-2026-10-06T15-51-13.379Z,points-3000-seed-41544c53,hit,spatial_hit_test_sync_ms,ms,184,0
Atlas,f393bc3bb2ad,SVG,comparison-instrument-2026-10-06T15-51-13.379Z,points-3000-seed-41544c53,hit,spatial_hit_test_sync_ms,ms,185,0
Atlas,f393bc3bb2ad,SVG,comparison-instrument-2026-10-06T15-51-13.379Z,points-3000-seed-41544c53,hit,spatial_hit_test_sync_ms,ms,186,0
Atlas,f393bc3bb2ad,SVG,comparison-instrument-2026-10-06T15-51-13.379Z,points-3000-seed-41544c53,hit,spatial_hit_test_sync_ms,ms,187,0.10000014305114746
Atlas,f393bc3bb2ad,SVG,comparison-instrument-2026-10-06T15-51-13.379Z,points-3000-seed-41544c53,hit,spatial_hit_test_sync_ms,ms,188,0
Atlas,f393bc3bb2ad,SVG,comparison-instrument-2026-10-06T15-51-13.379Z,points-3000-seed-41544c53,hit,spatial_hit_test_sync_ms,ms,189,0
Atlas,f393bc3bb2ad,SVG,comparison-instrument-2026-10-06T15-51-13.379Z,points-3000-seed-41544c53,hit,spatial_hit_test_sync_ms,ms,190,0.09999990463256836
Atlas,f393bc3bb2ad,SVG,comparison-instrument-2026-10-06T15-51-13.379Z,points-3000-seed-41544c53,hit,spatial_hit_test_sync_ms,ms,191,0
Atlas,f393bc3bb2ad,SVG,comparison-instrument-2026-10-06T15-51-13.379Z,points-3000-seed-41544c53,hit,spatial_hit_test_sync_ms,ms,192,0
Atlas,f393bc3bb2ad,SVG,comparison-instrument-2026-10-06T15-51-13.379Z,points-3000-seed-41544c53,hit,spatial_hit_test_sync_ms,ms,193,0
Atlas,f393bc3bb2ad,SVG,comparison-instrument-2026-10-06T15-51-13.379Z,points-3000-seed-41544c53,hit,spatial_hit_test_sync_ms,ms,194,0.10000014305114746
Atlas,f393bc3bb2ad,SVG,comparison-instrument-2026-10-06T15-51-13.379Z,points-3000-seed-41544c53,hit,spatial_hit_test_sync_ms,ms,195,0
Atlas,f393bc3bb2ad,SVG,comparison-instrument-2026-10-06T15-51-13.379Z,points-3000-seed-41544c53,hit,spatial_hit_test_sync_ms,ms,196,0
Atlas,f393bc3bb2ad,SVG,comparison-instrument-2026-10-06T15-51-13.379Z,points-3000-seed-41544c53,hit,spatial_hit_test_sync_ms,ms,197,0.09999990463256836
Atlas,f393bc3bb2ad,SVG,comparison-instrument-2026-10-06T15-51-13.379Z,points-3000-seed-41544c53,hit,spatial_hit_test_sync_ms,ms,198,0
Atlas,f393bc3bb2ad,SVG,comparison-instrument-2026-10-06T15-51-13.379Z,points-3000-seed-41544c53,hit,spatial_hit_test_sync_ms,ms,199,0.09999990463256836
Atlas,f393bc3bb2ad,SVG,comparison-instrument-2026-10-06T15-51-13.379Z,points-3000-seed-41544c53,hit,svg_attribute_writes,count,0,0
Atlas,f393bc3bb2ad,SVG,comparison-instrument-2026-10-06T15-51-13.379Z,points-3000-seed-41544c53,hit,svg_attribute_removals,count,0,0
Atlas,f393bc3bb2ad,SVG,comparison-instrument-2026-10-06T15-51-13.379Z,points-3000-seed-41544c53,hit,dom_added_nodes,count,0,0
Atlas,f393bc3bb2ad,SVG,comparison-instrument-2026-10-06T15-51-13.379Z,points-3000-seed-41544c53,hit,dom_removed_nodes,count,0,0
Leaflet,1.9.4,SVG,comparison-instrument-2026-10-06T15-51-13.379Z,points-3000-seed-41544c53,hit,not_applicable,N/A,0,N/A
Leaflet,1.9.4,Canvas,comparison-instrument-2026-10-06T15-51-13.379Z,points-3000-seed-41544c53,hit,not_applicable,N/A,0,N/A
Atlas,f393bc3bb2ad,SVG,comparison-instrument-2026-10-06T15-51-13.379Z,points-3000-seed-41544c53,miss,spatial_hit_test_sync_ms,ms,0,0.5
Atlas,f393bc3bb2ad,SVG,comparison-instrument-2026-10-06T15-51-13.379Z,points-3000-seed-41544c53,miss,spatial_hit_test_sync_ms,ms,1,0.40000009536743164
Atlas,f393bc3bb2ad,SVG,comparison-instrument-2026-10-06T15-51-13.379Z,points-3000-seed-41544c53,miss,spatial_hit_test_sync_ms,ms,2,0.2999999523162842
Atlas,f393bc3bb2ad,SVG,comparison-instrument-2026-10-06T15-51-13.379Z,points-3000-seed-41544c53,miss,spatial_hit_test_sync_ms,ms,3,0.39999985694885254
Atlas,f393bc3bb2ad,SVG,comparison-instrument-2026-10-06T15-51-13.379Z,points-3000-seed-41544c53,miss,spatial_hit_test_sync_ms,ms,4,0.40000009536743164
Atlas,f393bc3bb2ad,SVG,comparison-instrument-2026-10-06T15-51-13.379Z,points-3000-seed-41544c53,miss,spatial_hit_test_sync_ms,ms,5,0.5
Atlas,f393bc3bb2ad,SVG,comparison-instrument-2026-10-06T15-51-13.379Z,points-3000-seed-41544c53,miss,spatial_hit_test_sync_ms,ms,6,0.40000009536743164
Atlas,f393bc3bb2ad,SVG,comparison-instrument-2026-10-06T15-51-13.379Z,points-3000-seed-41544c53,miss,spatial_hit_test_sync_ms,ms,7,0.39999985694885254
Atlas,f393bc3bb2ad,SVG,comparison-instrument-2026-10-06T15-51-13.379Z,points-3000-seed-41544c53,miss,spatial_hit_test_sync_ms,ms,8,0.5
Atlas,f393bc3bb2ad,SVG,comparison-instrument-2026-10-06T15-51-13.379Z,points-3000-seed-41544c53,miss,spatial_hit_test_sync_ms,ms,9,0.40000009536743164
Atlas,f393bc3bb2ad,SVG,comparison-instrument-2026-10-06T15-51-13.379Z,points-3000-seed-41544c53,miss,spatial_hit_test_sync_ms,ms,10,0.39999985694885254
Atlas,f393bc3bb2ad,SVG,comparison-instrument-2026-10-06T15-51-13.379Z,points-3000-seed-41544c53,miss,spatial_hit_test_sync_ms,ms,11,0.3000001907348633
Atlas,f393bc3bb2ad,SVG,comparison-instrument-2026-10-06T15-51-13.379Z,points-3000-seed-41544c53,miss,spatial_hit_test_sync_ms,ms,12,0.39999985694885254
Atlas,f393bc3bb2ad,SVG,comparison-instrument-2026-10-06T15-51-13.379Z,points-3000-seed-41544c53,miss,spatial_hit_test_sync_ms,ms,13,0.5
Atlas,f393bc3bb2ad,SVG,comparison-instrument-2026-10-06T15-51-13.379Z,points-3000-seed-41544c53,miss,spatial_hit_test_sync_ms,ms,14,0.40000009536743164
Atlas,f393bc3bb2ad,SVG,comparison-instrument-2026-10-06T15-51-13.379Z,points-3000-seed-41544c53,miss,spatial_hit_test_sync_ms,ms,15,0.2999999523162842
Atlas,f393bc3bb2ad,SVG,comparison-instrument-2026-10-06T15-51-13.379Z,points-3000-seed-41544c53,miss,spatial_hit_test_sync_ms,ms,16,0.40000009536743164
Atlas,f393bc3bb2ad,SVG,comparison-instrument-2026-10-06T15-51-13.379Z,points-3000-seed-41544c53,miss,spatial_hit_test_sync_ms,ms,17,0.39999985694885254
Atlas,f393bc3bb2ad,SVG,comparison-instrument-2026-10-06T15-51-13.379Z,points-3000-seed-41544c53,miss,spatial_hit_test_sync_ms,ms,18,0.40000009536743164
Atlas,f393bc3bb2ad,SVG,comparison-instrument-2026-10-06T15-51-13.379Z,points-3000-seed-41544c53,miss,spatial_hit_test_sync_ms,ms,19,0.39999985694885254
Atlas,f393bc3bb2ad,SVG,comparison-instrument-2026-10-06T15-51-13.379Z,points-3000-seed-41544c53,miss,spatial_hit_test_sync_ms,ms,20,0.40000009536743164
Atlas,f393bc3bb2ad,SVG,comparison-instrument-2026-10-06T15-51-13.379Z,points-3000-seed-41544c53,miss,spatial_hit_test_sync_ms,ms,21,0.2999999523162842
Atlas,f393bc3bb2ad,SVG,comparison-instrument-2026-10-06T15-51-13.379Z,points-3000-seed-41544c53,miss,spatial_hit_test_sync_ms,ms,22,0.40000009536743164
Atlas,f393bc3bb2ad,SVG,comparison-instrument-2026-10-06T15-51-13.379Z,points-3000-seed-41544c53,miss,spatial_hit_test_sync_ms,ms,23,0.39999985694885254
Atlas,f393bc3bb2ad,SVG,comparison-instrument-2026-10-06T15-51-13.379Z,points-3000-seed-41544c53,miss,spatial_hit_test_sync_ms,ms,24,0.40000009536743164
Atlas,f393bc3bb2ad,SVG,comparison-instrument-2026-10-06T15-51-13.379Z,points-3000-seed-41544c53,miss,spatial_hit_test_sync_ms,ms,25,0.40000009536743164
Atlas,f393bc3bb2ad,SVG,comparison-instrument-2026-10-06T15-51-13.379Z,points-3000-seed-41544c53,miss,spatial_hit_test_sync_ms,ms,26,0.39999985694885254
Atlas,f393bc3bb2ad,SVG,comparison-instrument-2026-10-06T15-51-13.379Z,points-3000-seed-41544c53,miss,spatial_hit_test_sync_ms,ms,27,0.40000009536743164
Atlas,f393bc3bb2ad,SVG,comparison-instrument-2026-10-06T15-51-13.379Z,points-3000-seed-41544c53,miss,spatial_hit_test_sync_ms,ms,28,0.39999985694885254
Atlas,f393bc3bb2ad,SVG,comparison-instrument-2026-10-06T15-51-13.379Z,points-3000-seed-41544c53,miss,spatial_hit_test_sync_ms,ms,29,0.40000009536743164
Atlas,f393bc3bb2ad,SVG,comparison-instrument-2026-10-06T15-51-13.379Z,points-3000-seed-41544c53,miss,spatial_hit_test_sync_ms,ms,30,0.2999999523162842
Atlas,f393bc3bb2ad,SVG,comparison-instrument-2026-10-06T15-51-13.379Z,points-3000-seed-41544c53,miss,spatial_hit_test_sync_ms,ms,31,0.5
Atlas,f393bc3bb2ad,SVG,comparison-instrument-2026-10-06T15-51-13.379Z,points-3000-seed-41544c53,miss,spatial_hit_test_sync_ms,ms,32,0.2999999523162842
Atlas,f393bc3bb2ad,SVG,comparison-instrument-2026-10-06T15-51-13.379Z,points-3000-seed-41544c53,miss,spatial_hit_test_sync_ms,ms,33,0.5
Atlas,f393bc3bb2ad,SVG,comparison-instrument-2026-10-06T15-51-13.379Z,points-3000-seed-41544c53,miss,spatial_hit_test_sync_ms,ms,34,0.3000001907348633
Atlas,f393bc3bb2ad,SVG,comparison-instrument-2026-10-06T15-51-13.379Z,points-3000-seed-41544c53,miss,spatial_hit_test_sync_ms,ms,35,0.39999985694885254
Atlas,f393bc3bb2ad,SVG,comparison-instrument-2026-10-06T15-51-13.379Z,points-3000-seed-41544c53,miss,spatial_hit_test_sync_ms,ms,36,0.40000009536743164
Atlas,f393bc3bb2ad,SVG,comparison-instrument-2026-10-06T15-51-13.379Z,points-3000-seed-41544c53,miss,spatial_hit_test_sync_ms,ms,37,0.39999985694885254
Atlas,f393bc3bb2ad,SVG,comparison-instrument-2026-10-06T15-51-13.379Z,points-3000-seed-41544c53,miss,spatial_hit_test_sync_ms,ms,38,0.5
Atlas,f393bc3bb2ad,SVG,comparison-instrument-2026-10-06T15-51-13.379Z,points-3000-seed-41544c53,miss,spatial_hit_test_sync_ms,ms,39,0.40000009536743164
Atlas,f393bc3bb2ad,SVG,comparison-instrument-2026-10-06T15-51-13.379Z,points-3000-seed-41544c53,miss,spatial_hit_test_sync_ms,ms,40,0.40000009536743164
Atlas,f393bc3bb2ad,SVG,comparison-instrument-2026-10-06T15-51-13.379Z,points-3000-seed-41544c53,miss,spatial_hit_test_sync_ms,ms,41,0.39999985694885254
Atlas,f393bc3bb2ad,SVG,comparison-instrument-2026-10-06T15-51-13.379Z,points-3000-seed-41544c53,miss,spatial_hit_test_sync_ms,ms,42,0.40000009536743164
Atlas,f393bc3bb2ad,SVG,comparison-instrument-2026-10-06T15-51-13.379Z,points-3000-seed-41544c53,miss,spatial_hit_test_sync_ms,ms,43,0.39999985694885254
Atlas,f393bc3bb2ad,SVG,comparison-instrument-2026-10-06T15-51-13.379Z,points-3000-seed-41544c53,miss,spatial_hit_test_sync_ms,ms,44,0.40000009536743164
Atlas,f393bc3bb2ad,SVG,comparison-instrument-2026-10-06T15-51-13.379Z,points-3000-seed-41544c53,miss,spatial_hit_test_sync_ms,ms,45,0.40000009536743164
Atlas,f393bc3bb2ad,SVG,comparison-instrument-2026-10-06T15-51-13.379Z,points-3000-seed-41544c53,miss,spatial_hit_test_sync_ms,ms,46,0.39999985694885254
Atlas,f393bc3bb2ad,SVG,comparison-instrument-2026-10-06T15-51-13.379Z,points-3000-seed-41544c53,miss,spatial_hit_test_sync_ms,ms,47,4.799999952316284
Atlas,f393bc3bb2ad,SVG,comparison-instrument-2026-10-06T15-51-13.379Z,points-3000-seed-41544c53,miss,spatial_hit_test_sync_ms,ms,48,0.40000009536743164
Atlas,f393bc3bb2ad,SVG,comparison-instrument-2026-10-06T15-51-13.379Z,points-3000-seed-41544c53,miss,spatial_hit_test_sync_ms,ms,49,0.40000009536743164
Atlas,f393bc3bb2ad,SVG,comparison-instrument-2026-10-06T15-51-13.379Z,points-3000-seed-41544c53,miss,spatial_hit_test_sync_ms,ms,50,0.39999985694885254
Atlas,f393bc3bb2ad,SVG,comparison-instrument-2026-10-06T15-51-13.379Z,points-3000-seed-41544c53,miss,spatial_hit_test_sync_ms,ms,51,0.40000009536743164
Atlas,f393bc3bb2ad,SVG,comparison-instrument-2026-10-06T15-51-13.379Z,points-3000-seed-41544c53,miss,spatial_hit_test_sync_ms,ms,52,0.39999985694885254
Atlas,f393bc3bb2ad,SVG,comparison-instrument-2026-10-06T15-51-13.379Z,points-3000-seed-41544c53,miss,spatial_hit_test_sync_ms,ms,53,0.40000009536743164
Atlas,f393bc3bb2ad,SVG,comparison-instrument-2026-10-06T15-51-13.379Z,points-3000-seed-41544c53,miss,spatial_hit_test_sync_ms,ms,54,0.40000009536743164
Atlas,f393bc3bb2ad,SVG,comparison-instrument-2026-10-06T15-51-13.379Z,points-3000-seed-41544c53,miss,spatial_hit_test_sync_ms,ms,55,0.2999999523162842
Atlas,f393bc3bb2ad,SVG,comparison-instrument-2026-10-06T15-51-13.379Z,points-3000-seed-41544c53,miss,spatial_hit_test_sync_ms,ms,56,0.39999985694885254
Atlas,f393bc3bb2ad,SVG,comparison-instrument-2026-10-06T15-51-13.379Z,points-3000-seed-41544c53,miss,spatial_hit_test_sync_ms,ms,57,0.40000009536743164
Atlas,f393bc3bb2ad,SVG,comparison-instrument-2026-10-06T15-51-13.379Z,points-3000-seed-41544c53,miss,spatial_hit_test_sync_ms,ms,58,0.5
Atlas,f393bc3bb2ad,SVG,comparison-instrument-2026-10-06T15-51-13.379Z,points-3000-seed-41544c53,miss,spatial_hit_test_sync_ms,ms,59,0.2999999523162842
Atlas,f393bc3bb2ad,SVG,comparison-instrument-2026-10-06T15-51-13.379Z,points-3000-seed-41544c53,miss,spatial_hit_test_sync_ms,ms,60,0.40000009536743164
Atlas,f393bc3bb2ad,SVG,comparison-instrument-2026-10-06T15-51-13.379Z,points-3000-seed-41544c53,miss,spatial_hit_test_sync_ms,ms,61,0.2999999523162842
Atlas,f393bc3bb2ad,SVG,comparison-instrument-2026-10-06T15-51-13.379Z,points-3000-seed-41544c53,miss,spatial_hit_test_sync_ms,ms,62,0.5
Atlas,f393bc3bb2ad,SVG,comparison-instrument-2026-10-06T15-51-13.379Z,points-3000-seed-41544c53,miss,spatial_hit_test_sync_ms,ms,63,0.40000009536743164
Atlas,f393bc3bb2ad,SVG,comparison-instrument-2026-10-06T15-51-13.379Z,points-3000-seed-41544c53,miss,spatial_hit_test_sync_ms,ms,64,0.2999999523162842
Atlas,f393bc3bb2ad,SVG,comparison-instrument-2026-10-06T15-51-13.379Z,points-3000-seed-41544c53,miss,spatial_hit_test_sync_ms,ms,65,0.39999985694885254
Atlas,f393bc3bb2ad,SVG,comparison-instrument-2026-10-06T15-51-13.379Z,points-3000-seed-41544c53,miss,spatial_hit_test_sync_ms,ms,66,0.40000009536743164
Atlas,f393bc3bb2ad,SVG,comparison-instrument-2026-10-06T15-51-13.379Z,points-3000-seed-41544c53,miss,spatial_hit_test_sync_ms,ms,67,0.5
Atlas,f393bc3bb2ad,SVG,comparison-instrument-2026-10-06T15-51-13.379Z,points-3000-seed-41544c53,miss,spatial_hit_test_sync_ms,ms,68,0.40000009536743164
Atlas,f393bc3bb2ad,SVG,comparison-instrument-2026-10-06T15-51-13.379Z,points-3000-seed-41544c53,miss,spatial_hit_test_sync_ms,ms,69,0.39999985694885254
Atlas,f393bc3bb2ad,SVG,comparison-instrument-2026-10-06T15-51-13.379Z,points-3000-seed-41544c53,miss,spatial_hit_test_sync_ms,ms,70,0.2999999523162842
Atlas,f393bc3bb2ad,SVG,comparison-instrument-2026-10-06T15-51-13.379Z,points-3000-seed-41544c53,miss,spatial_hit_test_sync_ms,ms,71,0.5
Atlas,f393bc3bb2ad,SVG,comparison-instrument-2026-10-06T15-51-13.379Z,points-3000-seed-41544c53,miss,spatial_hit_test_sync_ms,ms,72,0.40000009536743164
Atlas,f393bc3bb2ad,SVG,comparison-instrument-2026-10-06T15-51-13.379Z,points-3000-seed-41544c53,miss,spatial_hit_test_sync_ms,ms,73,0.2999999523162842
Atlas,f393bc3bb2ad,SVG,comparison-instrument-2026-10-06T15-51-13.379Z,points-3000-seed-41544c53,miss,spatial_hit_test_sync_ms,ms,74,0.40000009536743164
Atlas,f393bc3bb2ad,SVG,comparison-instrument-2026-10-06T15-51-13.379Z,points-3000-seed-41544c53,miss,spatial_hit_test_sync_ms,ms,75,0.39999985694885254
Atlas,f393bc3bb2ad,SVG,comparison-instrument-2026-10-06T15-51-13.379Z,points-3000-seed-41544c53,miss,spatial_hit_test_sync_ms,ms,76,0.3000001907348633
Atlas,f393bc3bb2ad,SVG,comparison-instrument-2026-10-06T15-51-13.379Z,points-3000-seed-41544c53,miss,spatial_hit_test_sync_ms,ms,77,0.5
Atlas,f393bc3bb2ad,SVG,comparison-instrument-2026-10-06T15-51-13.379Z,points-3000-seed-41544c53,miss,spatial_hit_test_sync_ms,ms,78,0.2999999523162842
Atlas,f393bc3bb2ad,SVG,comparison-instrument-2026-10-06T15-51-13.379Z,points-3000-seed-41544c53,miss,spatial_hit_test_sync_ms,ms,79,0.5
Atlas,f393bc3bb2ad,SVG,comparison-instrument-2026-10-06T15-51-13.379Z,points-3000-seed-41544c53,miss,spatial_hit_test_sync_ms,ms,80,0.39999985694885254
Atlas,f393bc3bb2ad,SVG,comparison-instrument-2026-10-06T15-51-13.379Z,points-3000-seed-41544c53,miss,spatial_hit_test_sync_ms,ms,81,0.40000009536743164
Atlas,f393bc3bb2ad,SVG,comparison-instrument-2026-10-06T15-51-13.379Z,points-3000-seed-41544c53,miss,spatial_hit_test_sync_ms,ms,82,0.40000009536743164
Atlas,f393bc3bb2ad,SVG,comparison-instrument-2026-10-06T15-51-13.379Z,points-3000-seed-41544c53,miss,spatial_hit_test_sync_ms,ms,83,0.39999985694885254
Atlas,f393bc3bb2ad,SVG,comparison-instrument-2026-10-06T15-51-13.379Z,points-3000-seed-41544c53,miss,spatial_hit_test_sync_ms,ms,84,0.40000009536743164
Atlas,f393bc3bb2ad,SVG,comparison-instrument-2026-10-06T15-51-13.379Z,points-3000-seed-41544c53,miss,spatial_hit_test_sync_ms,ms,85,0.5
Atlas,f393bc3bb2ad,SVG,comparison-instrument-2026-10-06T15-51-13.379Z,points-3000-seed-41544c53,miss,spatial_hit_test_sync_ms,ms,86,0.2999999523162842
Atlas,f393bc3bb2ad,SVG,comparison-instrument-2026-10-06T15-51-13.379Z,points-3000-seed-41544c53,miss,spatial_hit_test_sync_ms,ms,87,0.2999999523162842
Atlas,f393bc3bb2ad,SVG,comparison-instrument-2026-10-06T15-51-13.379Z,points-3000-seed-41544c53,miss,spatial_hit_test_sync_ms,ms,88,0.5
Atlas,f393bc3bb2ad,SVG,comparison-instrument-2026-10-06T15-51-13.379Z,points-3000-seed-41544c53,miss,spatial_hit_test_sync_ms,ms,89,0.40000009536743164
Atlas,f393bc3bb2ad,SVG,comparison-instrument-2026-10-06T15-51-13.379Z,points-3000-seed-41544c53,miss,spatial_hit_test_sync_ms,ms,90,0.2999999523162842
Atlas,f393bc3bb2ad,SVG,comparison-instrument-2026-10-06T15-51-13.379Z,points-3000-seed-41544c53,miss,spatial_hit_test_sync_ms,ms,91,0.5
Atlas,f393bc3bb2ad,SVG,comparison-instrument-2026-10-06T15-51-13.379Z,points-3000-seed-41544c53,miss,spatial_hit_test_sync_ms,ms,92,0.2999999523162842
Atlas,f393bc3bb2ad,SVG,comparison-instrument-2026-10-06T15-51-13.379Z,points-3000-seed-41544c53,miss,spatial_hit_test_sync_ms,ms,93,0.40000009536743164
Atlas,f393bc3bb2ad,SVG,comparison-instrument-2026-10-06T15-51-13.379Z,points-3000-seed-41544c53,miss,spatial_hit_test_sync_ms,ms,94,0.39999985694885254
Atlas,f393bc3bb2ad,SVG,comparison-instrument-2026-10-06T15-51-13.379Z,points-3000-seed-41544c53,miss,spatial_hit_test_sync_ms,ms,95,0.40000009536743164
Atlas,f393bc3bb2ad,SVG,comparison-instrument-2026-10-06T15-51-13.379Z,points-3000-seed-41544c53,miss,spatial_hit_test_sync_ms,ms,96,0.40000009536743164
Atlas,f393bc3bb2ad,SVG,comparison-instrument-2026-10-06T15-51-13.379Z,points-3000-seed-41544c53,miss,spatial_hit_test_sync_ms,ms,97,0.39999985694885254
Atlas,f393bc3bb2ad,SVG,comparison-instrument-2026-10-06T15-51-13.379Z,points-3000-seed-41544c53,miss,spatial_hit_test_sync_ms,ms,98,0.2999999523162842
Atlas,f393bc3bb2ad,SVG,comparison-instrument-2026-10-06T15-51-13.379Z,points-3000-seed-41544c53,miss,spatial_hit_test_sync_ms,ms,99,0.40000009536743164
Atlas,f393bc3bb2ad,SVG,comparison-instrument-2026-10-06T15-51-13.379Z,points-3000-seed-41544c53,miss,spatial_hit_test_sync_ms,ms,100,0.5
Atlas,f393bc3bb2ad,SVG,comparison-instrument-2026-10-06T15-51-13.379Z,points-3000-seed-41544c53,miss,spatial_hit_test_sync_ms,ms,101,0.40000009536743164
Atlas,f393bc3bb2ad,SVG,comparison-instrument-2026-10-06T15-51-13.379Z,points-3000-seed-41544c53,miss,spatial_hit_test_sync_ms,ms,102,0.39999985694885254
Atlas,f393bc3bb2ad,SVG,comparison-instrument-2026-10-06T15-51-13.379Z,points-3000-seed-41544c53,miss,spatial_hit_test_sync_ms,ms,103,0.40000009536743164
Atlas,f393bc3bb2ad,SVG,comparison-instrument-2026-10-06T15-51-13.379Z,points-3000-seed-41544c53,miss,spatial_hit_test_sync_ms,ms,104,0.39999985694885254
Atlas,f393bc3bb2ad,SVG,comparison-instrument-2026-10-06T15-51-13.379Z,points-3000-seed-41544c53,miss,spatial_hit_test_sync_ms,ms,105,0.40000009536743164
Atlas,f393bc3bb2ad,SVG,comparison-instrument-2026-10-06T15-51-13.379Z,points-3000-seed-41544c53,miss,spatial_hit_test_sync_ms,ms,106,0.40000009536743164
Atlas,f393bc3bb2ad,SVG,comparison-instrument-2026-10-06T15-51-13.379Z,points-3000-seed-41544c53,miss,spatial_hit_test_sync_ms,ms,107,0.39999985694885254
Atlas,f393bc3bb2ad,SVG,comparison-instrument-2026-10-06T15-51-13.379Z,points-3000-seed-41544c53,miss,spatial_hit_test_sync_ms,ms,108,0.40000009536743164
Atlas,f393bc3bb2ad,SVG,comparison-instrument-2026-10-06T15-51-13.379Z,points-3000-seed-41544c53,miss,spatial_hit_test_sync_ms,ms,109,0.39999985694885254
Atlas,f393bc3bb2ad,SVG,comparison-instrument-2026-10-06T15-51-13.379Z,points-3000-seed-41544c53,miss,spatial_hit_test_sync_ms,ms,110,0.5
Atlas,f393bc3bb2ad,SVG,comparison-instrument-2026-10-06T15-51-13.379Z,points-3000-seed-41544c53,miss,spatial_hit_test_sync_ms,ms,111,0.40000009536743164
Atlas,f393bc3bb2ad,SVG,comparison-instrument-2026-10-06T15-51-13.379Z,points-3000-seed-41544c53,miss,spatial_hit_test_sync_ms,ms,112,0.40000009536743164
Atlas,f393bc3bb2ad,SVG,comparison-instrument-2026-10-06T15-51-13.379Z,points-3000-seed-41544c53,miss,spatial_hit_test_sync_ms,ms,113,0.39999985694885254
Atlas,f393bc3bb2ad,SVG,comparison-instrument-2026-10-06T15-51-13.379Z,points-3000-seed-41544c53,miss,spatial_hit_test_sync_ms,ms,114,0.40000009536743164
Atlas,f393bc3bb2ad,SVG,comparison-instrument-2026-10-06T15-51-13.379Z,points-3000-seed-41544c53,miss,spatial_hit_test_sync_ms,ms,115,0.39999985694885254
Atlas,f393bc3bb2ad,SVG,comparison-instrument-2026-10-06T15-51-13.379Z,points-3000-seed-41544c53,miss,spatial_hit_test_sync_ms,ms,116,0.3000001907348633
Atlas,f393bc3bb2ad,SVG,comparison-instrument-2026-10-06T15-51-13.379Z,points-3000-seed-41544c53,miss,spatial_hit_test_sync_ms,ms,117,0.5
Atlas,f393bc3bb2ad,SVG,comparison-instrument-2026-10-06T15-51-13.379Z,points-3000-seed-41544c53,miss,spatial_hit_test_sync_ms,ms,118,0.39999985694885254
Atlas,f393bc3bb2ad,SVG,comparison-instrument-2026-10-06T15-51-13.379Z,points-3000-seed-41544c53,miss,spatial_hit_test_sync_ms,ms,119,0.5
Atlas,f393bc3bb2ad,SVG,comparison-instrument-2026-10-06T15-51-13.379Z,points-3000-seed-41544c53,miss,spatial_hit_test_sync_ms,ms,120,0.40000009536743164
Atlas,f393bc3bb2ad,SVG,comparison-instrument-2026-10-06T15-51-13.379Z,points-3000-seed-41544c53,miss,spatial_hit_test_sync_ms,ms,121,0.39999985694885254
Atlas,f393bc3bb2ad,SVG,comparison-instrument-2026-10-06T15-51-13.379Z,points-3000-seed-41544c53,miss,spatial_hit_test_sync_ms,ms,122,0.40000009536743164
Atlas,f393bc3bb2ad,SVG,comparison-instrument-2026-10-06T15-51-13.379Z,points-3000-seed-41544c53,miss,spatial_hit_test_sync_ms,ms,123,0.40000009536743164
Atlas,f393bc3bb2ad,SVG,comparison-instrument-2026-10-06T15-51-13.379Z,points-3000-seed-41544c53,miss,spatial_hit_test_sync_ms,ms,124,0.39999985694885254
Atlas,f393bc3bb2ad,SVG,comparison-instrument-2026-10-06T15-51-13.379Z,points-3000-seed-41544c53,miss,spatial_hit_test_sync_ms,ms,125,0.5
Atlas,f393bc3bb2ad,SVG,comparison-instrument-2026-10-06T15-51-13.379Z,points-3000-seed-41544c53,miss,spatial_hit_test_sync_ms,ms,126,0.40000009536743164
Atlas,f393bc3bb2ad,SVG,comparison-instrument-2026-10-06T15-51-13.379Z,points-3000-seed-41544c53,miss,spatial_hit_test_sync_ms,ms,127,0.2999999523162842
Atlas,f393bc3bb2ad,SVG,comparison-instrument-2026-10-06T15-51-13.379Z,points-3000-seed-41544c53,miss,spatial_hit_test_sync_ms,ms,128,0.5
Atlas,f393bc3bb2ad,SVG,comparison-instrument-2026-10-06T15-51-13.379Z,points-3000-seed-41544c53,miss,spatial_hit_test_sync_ms,ms,129,0.2999999523162842
Atlas,f393bc3bb2ad,SVG,comparison-instrument-2026-10-06T15-51-13.379Z,points-3000-seed-41544c53,miss,spatial_hit_test_sync_ms,ms,130,0.5
Atlas,f393bc3bb2ad,SVG,comparison-instrument-2026-10-06T15-51-13.379Z,points-3000-seed-41544c53,miss,spatial_hit_test_sync_ms,ms,131,0.2999999523162842
Atlas,f393bc3bb2ad,SVG,comparison-instrument-2026-10-06T15-51-13.379Z,points-3000-seed-41544c53,miss,spatial_hit_test_sync_ms,ms,132,0.5
Atlas,f393bc3bb2ad,SVG,comparison-instrument-2026-10-06T15-51-13.379Z,points-3000-seed-41544c53,miss,spatial_hit_test_sync_ms,ms,133,0.40000009536743164
Atlas,f393bc3bb2ad,SVG,comparison-instrument-2026-10-06T15-51-13.379Z,points-3000-seed-41544c53,miss,spatial_hit_test_sync_ms,ms,134,0.40000009536743164
Atlas,f393bc3bb2ad,SVG,comparison-instrument-2026-10-06T15-51-13.379Z,points-3000-seed-41544c53,miss,spatial_hit_test_sync_ms,ms,135,0.39999985694885254
Atlas,f393bc3bb2ad,SVG,comparison-instrument-2026-10-06T15-51-13.379Z,points-3000-seed-41544c53,miss,spatial_hit_test_sync_ms,ms,136,0.40000009536743164
Atlas,f393bc3bb2ad,SVG,comparison-instrument-2026-10-06T15-51-13.379Z,points-3000-seed-41544c53,miss,spatial_hit_test_sync_ms,ms,137,0.39999985694885254
Atlas,f393bc3bb2ad,SVG,comparison-instrument-2026-10-06T15-51-13.379Z,points-3000-seed-41544c53,miss,spatial_hit_test_sync_ms,ms,138,0.40000009536743164
Atlas,f393bc3bb2ad,SVG,comparison-instrument-2026-10-06T15-51-13.379Z,points-3000-seed-41544c53,miss,spatial_hit_test_sync_ms,ms,139,0.40000009536743164
Atlas,f393bc3bb2ad,SVG,comparison-instrument-2026-10-06T15-51-13.379Z,points-3000-seed-41544c53,miss,spatial_hit_test_sync_ms,ms,140,0.2999999523162842
Atlas,f393bc3bb2ad,SVG,comparison-instrument-2026-10-06T15-51-13.379Z,points-3000-seed-41544c53,miss,spatial_hit_test_sync_ms,ms,141,0.5
Atlas,f393bc3bb2ad,SVG,comparison-instrument-2026-10-06T15-51-13.379Z,points-3000-seed-41544c53,miss,spatial_hit_test_sync_ms,ms,142,0.39999985694885254
Atlas,f393bc3bb2ad,SVG,comparison-instrument-2026-10-06T15-51-13.379Z,points-3000-seed-41544c53,miss,spatial_hit_test_sync_ms,ms,143,0.40000009536743164
Atlas,f393bc3bb2ad,SVG,comparison-instrument-2026-10-06T15-51-13.379Z,points-3000-seed-41544c53,miss,spatial_hit_test_sync_ms,ms,144,0.40000009536743164
Atlas,f393bc3bb2ad,SVG,comparison-instrument-2026-10-06T15-51-13.379Z,points-3000-seed-41544c53,miss,spatial_hit_test_sync_ms,ms,145,0.39999985694885254
Atlas,f393bc3bb2ad,SVG,comparison-instrument-2026-10-06T15-51-13.379Z,points-3000-seed-41544c53,miss,spatial_hit_test_sync_ms,ms,146,0.40000009536743164
Atlas,f393bc3bb2ad,SVG,comparison-instrument-2026-10-06T15-51-13.379Z,points-3000-seed-41544c53,miss,spatial_hit_test_sync_ms,ms,147,0.39999985694885254
Atlas,f393bc3bb2ad,SVG,comparison-instrument-2026-10-06T15-51-13.379Z,points-3000-seed-41544c53,miss,spatial_hit_test_sync_ms,ms,148,0.40000009536743164
Atlas,f393bc3bb2ad,SVG,comparison-instrument-2026-10-06T15-51-13.379Z,points-3000-seed-41544c53,miss,spatial_hit_test_sync_ms,ms,149,0.40000009536743164
Atlas,f393bc3bb2ad,SVG,comparison-instrument-2026-10-06T15-51-13.379Z,points-3000-seed-41544c53,miss,spatial_hit_test_sync_ms,ms,150,0.2999999523162842
Atlas,f393bc3bb2ad,SVG,comparison-instrument-2026-10-06T15-51-13.379Z,points-3000-seed-41544c53,miss,spatial_hit_test_sync_ms,ms,151,0.39999985694885254
Atlas,f393bc3bb2ad,SVG,comparison-instrument-2026-10-06T15-51-13.379Z,points-3000-seed-41544c53,miss,spatial_hit_test_sync_ms,ms,152,0.5
Atlas,f393bc3bb2ad,SVG,comparison-instrument-2026-10-06T15-51-13.379Z,points-3000-seed-41544c53,miss,spatial_hit_test_sync_ms,ms,153,0.40000009536743164
Atlas,f393bc3bb2ad,SVG,comparison-instrument-2026-10-06T15-51-13.379Z,points-3000-seed-41544c53,miss,spatial_hit_test_sync_ms,ms,154,0.40000009536743164
Atlas,f393bc3bb2ad,SVG,comparison-instrument-2026-10-06T15-51-13.379Z,points-3000-seed-41544c53,miss,spatial_hit_test_sync_ms,ms,155,0.39999985694885254
Atlas,f393bc3bb2ad,SVG,comparison-instrument-2026-10-06T15-51-13.379Z,points-3000-seed-41544c53,miss,spatial_hit_test_sync_ms,ms,156,0.5
Atlas,f393bc3bb2ad,SVG,comparison-instrument-2026-10-06T15-51-13.379Z,points-3000-seed-41544c53,miss,spatial_hit_test_sync_ms,ms,157,0.40000009536743164
Atlas,f393bc3bb2ad,SVG,comparison-instrument-2026-10-06T15-51-13.379Z,points-3000-seed-41544c53,miss,spatial_hit_test_sync_ms,ms,158,0.39999985694885254
Atlas,f393bc3bb2ad,SVG,comparison-instrument-2026-10-06T15-51-13.379Z,points-3000-seed-41544c53,miss,spatial_hit_test_sync_ms,ms,159,0.40000009536743164
Atlas,f393bc3bb2ad,SVG,comparison-instrument-2026-10-06T15-51-13.379Z,points-3000-seed-41544c53,miss,spatial_hit_test_sync_ms,ms,160,0.5
Atlas,f393bc3bb2ad,SVG,comparison-instrument-2026-10-06T15-51-13.379Z,points-3000-seed-41544c53,miss,spatial_hit_test_sync_ms,ms,161,0.40000009536743164
Atlas,f393bc3bb2ad,SVG,comparison-instrument-2026-10-06T15-51-13.379Z,points-3000-seed-41544c53,miss,spatial_hit_test_sync_ms,ms,162,0.39999985694885254
Atlas,f393bc3bb2ad,SVG,comparison-instrument-2026-10-06T15-51-13.379Z,points-3000-seed-41544c53,miss,spatial_hit_test_sync_ms,ms,163,0.5
Atlas,f393bc3bb2ad,SVG,comparison-instrument-2026-10-06T15-51-13.379Z,points-3000-seed-41544c53,miss,spatial_hit_test_sync_ms,ms,164,0.2999999523162842
Atlas,f393bc3bb2ad,SVG,comparison-instrument-2026-10-06T15-51-13.379Z,points-3000-seed-41544c53,miss,spatial_hit_test_sync_ms,ms,165,0.40000009536743164
Atlas,f393bc3bb2ad,SVG,comparison-instrument-2026-10-06T15-51-13.379Z,points-3000-seed-41544c53,miss,spatial_hit_test_sync_ms,ms,166,0.40000009536743164
Atlas,f393bc3bb2ad,SVG,comparison-instrument-2026-10-06T15-51-13.379Z,points-3000-seed-41544c53,miss,spatial_hit_test_sync_ms,ms,167,0.39999985694885254
Atlas,f393bc3bb2ad,SVG,comparison-instrument-2026-10-06T15-51-13.379Z,points-3000-seed-41544c53,miss,spatial_hit_test_sync_ms,ms,168,0.40000009536743164
Atlas,f393bc3bb2ad,SVG,comparison-instrument-2026-10-06T15-51-13.379Z,points-3000-seed-41544c53,miss,spatial_hit_test_sync_ms,ms,169,0.39999985694885254
Atlas,f393bc3bb2ad,SVG,comparison-instrument-2026-10-06T15-51-13.379Z,points-3000-seed-41544c53,miss,spatial_hit_test_sync_ms,ms,170,0.40000009536743164
Atlas,f393bc3bb2ad,SVG,comparison-instrument-2026-10-06T15-51-13.379Z,points-3000-seed-41544c53,miss,spatial_hit_test_sync_ms,ms,171,0.5
Atlas,f393bc3bb2ad,SVG,comparison-instrument-2026-10-06T15-51-13.379Z,points-3000-seed-41544c53,miss,spatial_hit_test_sync_ms,ms,172,0.2999999523162842
Atlas,f393bc3bb2ad,SVG,comparison-instrument-2026-10-06T15-51-13.379Z,points-3000-seed-41544c53,miss,spatial_hit_test_sync_ms,ms,173,0.5
Atlas,f393bc3bb2ad,SVG,comparison-instrument-2026-10-06T15-51-13.379Z,points-3000-seed-41544c53,miss,spatial_hit_test_sync_ms,ms,174,0.2999999523162842
Atlas,f393bc3bb2ad,SVG,comparison-instrument-2026-10-06T15-51-13.379Z,points-3000-seed-41544c53,miss,spatial_hit_test_sync_ms,ms,175,0.5
Atlas,f393bc3bb2ad,SVG,comparison-instrument-2026-10-06T15-51-13.379Z,points-3000-seed-41544c53,miss,spatial_hit_test_sync_ms,ms,176,0.3000001907348633
Atlas,f393bc3bb2ad,SVG,comparison-instrument-2026-10-06T15-51-13.379Z,points-3000-seed-41544c53,miss,spatial_hit_test_sync_ms,ms,177,0.39999985694885254
Atlas,f393bc3bb2ad,SVG,comparison-instrument-2026-10-06T15-51-13.379Z,points-3000-seed-41544c53,miss,spatial_hit_test_sync_ms,ms,178,0.40000009536743164
Atlas,f393bc3bb2ad,SVG,comparison-instrument-2026-10-06T15-51-13.379Z,points-3000-seed-41544c53,miss,spatial_hit_test_sync_ms,ms,179,0.39999985694885254
Atlas,f393bc3bb2ad,SVG,comparison-instrument-2026-10-06T15-51-13.379Z,points-3000-seed-41544c53,miss,spatial_hit_test_sync_ms,ms,180,0.40000009536743164
Atlas,f393bc3bb2ad,SVG,comparison-instrument-2026-10-06T15-51-13.379Z,points-3000-seed-41544c53,miss,spatial_hit_test_sync_ms,ms,181,0.40000009536743164
Atlas,f393bc3bb2ad,SVG,comparison-instrument-2026-10-06T15-51-13.379Z,points-3000-seed-41544c53,miss,spatial_hit_test_sync_ms,ms,182,0.39999985694885254
Atlas,f393bc3bb2ad,SVG,comparison-instrument-2026-10-06T15-51-13.379Z,points-3000-seed-41544c53,miss,spatial_hit_test_sync_ms,ms,183,0.5
Atlas,f393bc3bb2ad,SVG,comparison-instrument-2026-10-06T15-51-13.379Z,points-3000-seed-41544c53,miss,spatial_hit_test_sync_ms,ms,184,0.2999999523162842
Atlas,f393bc3bb2ad,SVG,comparison-instrument-2026-10-06T15-51-13.379Z,points-3000-seed-41544c53,miss,spatial_hit_test_sync_ms,ms,185,0.40000009536743164
Atlas,f393bc3bb2ad,SVG,comparison-instrument-2026-10-06T15-51-13.379Z,points-3000-seed-41544c53,miss,spatial_hit_test_sync_ms,ms,186,0.40000009536743164
Atlas,f393bc3bb2ad,SVG,comparison-instrument-2026-10-06T15-51-13.379Z,points-3000-seed-41544c53,miss,spatial_hit_test_sync_ms,ms,187,0.5
Atlas,f393bc3bb2ad,SVG,comparison-instrument-2026-10-06T15-51-13.379Z,points-3000-seed-41544c53,miss,spatial_hit_test_sync_ms,ms,188,0.2999999523162842
Atlas,f393bc3bb2ad,SVG,comparison-instrument-2026-10-06T15-51-13.379Z,points-3000-seed-41544c53,miss,spatial_hit_test_sync_ms,ms,189,0.39999985694885254
Atlas,f393bc3bb2ad,SVG,comparison-instrument-2026-10-06T15-51-13.379Z,points-3000-seed-41544c53,miss,spatial_hit_test_sync_ms,ms,190,0.40000009536743164
Atlas,f393bc3bb2ad,SVG,comparison-instrument-2026-10-06T15-51-13.379Z,points-3000-seed-41544c53,miss,spatial_hit_test_sync_ms,ms,191,0.5
Atlas,f393bc3bb2ad,SVG,comparison-instrument-2026-10-06T15-51-13.379Z,points-3000-seed-41544c53,miss,spatial_hit_test_sync_ms,ms,192,0.2999999523162842
Atlas,f393bc3bb2ad,SVG,comparison-instrument-2026-10-06T15-51-13.379Z,points-3000-seed-41544c53,miss,spatial_hit_test_sync_ms,ms,193,0.5
Atlas,f393bc3bb2ad,SVG,comparison-instrument-2026-10-06T15-51-13.379Z,points-3000-seed-41544c53,miss,spatial_hit_test_sync_ms,ms,194,0.40000009536743164
Atlas,f393bc3bb2ad,SVG,comparison-instrument-2026-10-06T15-51-13.379Z,points-3000-seed-41544c53,miss,spatial_hit_test_sync_ms,ms,195,0.39999985694885254
Atlas,f393bc3bb2ad,SVG,comparison-instrument-2026-10-06T15-51-13.379Z,points-3000-seed-41544c53,miss,spatial_hit_test_sync_ms,ms,196,0.40000009536743164
Atlas,f393bc3bb2ad,SVG,comparison-instrument-2026-10-06T15-51-13.379Z,points-3000-seed-41544c53,miss,spatial_hit_test_sync_ms,ms,197,0.40000009536743164
Atlas,f393bc3bb2ad,SVG,comparison-instrument-2026-10-06T15-51-13.379Z,points-3000-seed-41544c53,miss,spatial_hit_test_sync_ms,ms,198,0.5
Atlas,f393bc3bb2ad,SVG,comparison-instrument-2026-10-06T15-51-13.379Z,points-3000-seed-41544c53,miss,spatial_hit_test_sync_ms,ms,199,0.39999985694885254
Atlas,f393bc3bb2ad,SVG,comparison-instrument-2026-10-06T15-51-13.379Z,points-3000-seed-41544c53,miss,svg_attribute_writes,count,0,0
Atlas,f393bc3bb2ad,SVG,comparison-instrument-2026-10-06T15-51-13.379Z,points-3000-seed-41544c53,miss,svg_attribute_removals,count,0,0
Atlas,f393bc3bb2ad,SVG,comparison-instrument-2026-10-06T15-51-13.379Z,points-3000-seed-41544c53,miss,dom_added_nodes,count,0,0
Atlas,f393bc3bb2ad,SVG,comparison-instrument-2026-10-06T15-51-13.379Z,points-3000-seed-41544c53,miss,dom_removed_nodes,count,0,0
Leaflet,1.9.4,SVG,comparison-instrument-2026-10-06T15-51-13.379Z,points-3000-seed-41544c53,miss,not_applicable,N/A,0,N/A
Leaflet,1.9.4,Canvas,comparison-instrument-2026-10-06T15-51-13.379Z,points-3000-seed-41544c53,miss,not_applicable,N/A,0,N/A
Atlas,f393bc3bb2ad,SVG,comparison-instrument-2026-10-06T15-51-13.379Z,points-3000-seed-41544c53,wheel-input,synthetic_wheel_dispatch_sync_ms,ms,0,0.10000014305114746
Atlas,f393bc3bb2ad,SVG,comparison-instrument-2026-10-06T15-51-13.379Z,points-3000-seed-41544c53,wheel-input,synthetic_wheel_dispatch_sync_ms,ms,1,0
Atlas,f393bc3bb2ad,SVG,comparison-instrument-2026-10-06T15-51-13.379Z,points-3000-seed-41544c53,wheel-input,synthetic_wheel_dispatch_sync_ms,ms,2,0.09999990463256836
Atlas,f393bc3bb2ad,SVG,comparison-instrument-2026-10-06T15-51-13.379Z,points-3000-seed-41544c53,wheel-input,synthetic_wheel_dispatch_sync_ms,ms,3,0.10000014305114746
Atlas,f393bc3bb2ad,SVG,comparison-instrument-2026-10-06T15-51-13.379Z,points-3000-seed-41544c53,wheel-input,synthetic_wheel_dispatch_sync_ms,ms,4,0
Atlas,f393bc3bb2ad,SVG,comparison-instrument-2026-10-06T15-51-13.379Z,points-3000-seed-41544c53,wheel-input,synthetic_wheel_dispatch_sync_ms,ms,5,0.09999990463256836
Atlas,f393bc3bb2ad,SVG,comparison-instrument-2026-10-06T15-51-13.379Z,points-3000-seed-41544c53,wheel-input,synthetic_wheel_dispatch_sync_ms,ms,6,0
Atlas,f393bc3bb2ad,SVG,comparison-instrument-2026-10-06T15-51-13.379Z,points-3000-seed-41544c53,wheel-input,synthetic_wheel_dispatch_sync_ms,ms,7,0
Atlas,f393bc3bb2ad,SVG,comparison-instrument-2026-10-06T15-51-13.379Z,points-3000-seed-41544c53,wheel-input,synthetic_wheel_dispatch_sync_ms,ms,8,0
Atlas,f393bc3bb2ad,SVG,comparison-instrument-2026-10-06T15-51-13.379Z,points-3000-seed-41544c53,wheel-input,synthetic_wheel_dispatch_sync_ms,ms,9,0
Atlas,f393bc3bb2ad,SVG,comparison-instrument-2026-10-06T15-51-13.379Z,points-3000-seed-41544c53,wheel-input,svg_attribute_writes,count,0,60030
Atlas,f393bc3bb2ad,SVG,comparison-instrument-2026-10-06T15-51-13.379Z,points-3000-seed-41544c53,wheel-input,svg_attribute_removals,count,0,30000
Atlas,f393bc3bb2ad,SVG,comparison-instrument-2026-10-06T15-51-13.379Z,points-3000-seed-41544c53,wheel-input,dom_added_nodes,count,0,0
Atlas,f393bc3bb2ad,SVG,comparison-instrument-2026-10-06T15-51-13.379Z,points-3000-seed-41544c53,wheel-input,dom_removed_nodes,count,0,0
Leaflet,1.9.4,SVG,comparison-instrument-2026-10-06T15-51-13.379Z,points-3000-seed-41544c53,wheel-input,not_applicable,N/A,0,N/A
Leaflet,1.9.4,Canvas,comparison-instrument-2026-10-06T15-51-13.379Z,points-3000-seed-41544c53,wheel-input,not_applicable,N/A,0,N/A
Atlas,f393bc3bb2ad,SVG,comparison-instrument-2026-10-06T15-51-13.379Z,points-5000-seed-41544c53,load,atlas_load_promise_ms,ms,0,20.799999952316284
Atlas,f393bc3bb2ad,SVG,comparison-instrument-2026-10-06T15-51-13.379Z,points-5000-seed-41544c53,load,create_to_raf_opportunities_ms,ms,0,105.29999995231628
Atlas,f393bc3bb2ad,SVG,comparison-instrument-2026-10-06T15-51-13.379Z,points-5000-seed-41544c53,load,semantic_roots,count,0,5000
Atlas,f393bc3bb2ad,SVG,comparison-instrument-2026-10-06T15-51-13.379Z,points-5000-seed-41544c53,load,owned_points,count,0,0
Atlas,f393bc3bb2ad,SVG,comparison-instrument-2026-10-06T15-51-13.379Z,points-5000-seed-41544c53,load,visual_primitives,count,0,5000
Atlas,f393bc3bb2ad,SVG,comparison-instrument-2026-10-06T15-51-13.379Z,points-5000-seed-41544c53,load,svg_element_nodes,count,0,10002
Atlas,f393bc3bb2ad,SVG,comparison-instrument-2026-10-06T15-51-13.379Z,points-5000-seed-41544c53,load,owned_element_nodes,count,0,10004
Atlas,f393bc3bb2ad,SVG,comparison-instrument-2026-10-06T15-51-13.379Z,points-5000-seed-41544c53,load,svg_attribute_writes,count,0,40006
Atlas,f393bc3bb2ad,SVG,comparison-instrument-2026-10-06T15-51-13.379Z,points-5000-seed-41544c53,load,svg_attribute_removals,count,0,5000
Atlas,f393bc3bb2ad,SVG,comparison-instrument-2026-10-06T15-51-13.379Z,points-5000-seed-41544c53,load,dom_added_nodes,count,0,5001
Atlas,f393bc3bb2ad,SVG,comparison-instrument-2026-10-06T15-51-13.379Z,points-5000-seed-41544c53,load,dom_removed_nodes,count,0,0
Leaflet,1.9.4,SVG,comparison-instrument-2026-10-06T15-51-13.379Z,points-5000-seed-41544c53,load,leaflet_scene_setup_ms,ms,0,59.19999980926514
Leaflet,1.9.4,SVG,comparison-instrument-2026-10-06T15-51-13.379Z,points-5000-seed-41544c53,load,create_to_raf_opportunities_ms,ms,0,94.69999980926514
Leaflet,1.9.4,SVG,comparison-instrument-2026-10-06T15-51-13.379Z,points-5000-seed-41544c53,load,semantic_roots,count,0,5000
Leaflet,1.9.4,SVG,comparison-instrument-2026-10-06T15-51-13.379Z,points-5000-seed-41544c53,load,owned_points,count,0,0
Leaflet,1.9.4,SVG,comparison-instrument-2026-10-06T15-51-13.379Z,points-5000-seed-41544c53,load,visual_primitives,count,0,5000
Leaflet,1.9.4,SVG,comparison-instrument-2026-10-06T15-51-13.379Z,points-5000-seed-41544c53,load,svg_element_nodes,count,0,5002
Leaflet,1.9.4,SVG,comparison-instrument-2026-10-06T15-51-13.379Z,points-5000-seed-41544c53,load,owned_element_nodes,count,0,5016
Leaflet,1.9.4,SVG,comparison-instrument-2026-10-06T15-51-13.379Z,points-5000-seed-41544c53,load,svg_attribute_writes,count,0,45004
Leaflet,1.9.4,SVG,comparison-instrument-2026-10-06T15-51-13.379Z,points-5000-seed-41544c53,load,svg_attribute_removals,count,0,10000
Leaflet,1.9.4,SVG,comparison-instrument-2026-10-06T15-51-13.379Z,points-5000-seed-41544c53,load,dom_added_nodes,count,0,5014
Leaflet,1.9.4,SVG,comparison-instrument-2026-10-06T15-51-13.379Z,points-5000-seed-41544c53,load,dom_removed_nodes,count,0,0
Leaflet,1.9.4,Canvas,comparison-instrument-2026-10-06T15-51-13.379Z,points-5000-seed-41544c53,load,leaflet_scene_setup_ms,ms,0,10.5
Leaflet,1.9.4,Canvas,comparison-instrument-2026-10-06T15-51-13.379Z,points-5000-seed-41544c53,load,create_to_raf_opportunities_ms,ms,0,67.5
Leaflet,1.9.4,Canvas,comparison-instrument-2026-10-06T15-51-13.379Z,points-5000-seed-41544c53,load,semantic_roots,count,0,5000
Leaflet,1.9.4,Canvas,comparison-instrument-2026-10-06T15-51-13.379Z,points-5000-seed-41544c53,load,owned_points,count,0,0
Leaflet,1.9.4,Canvas,comparison-instrument-2026-10-06T15-51-13.379Z,points-5000-seed-41544c53,load,visual_primitives,count,0,5000
Leaflet,1.9.4,Canvas,comparison-instrument-2026-10-06T15-51-13.379Z,points-5000-seed-41544c53,load,svg_element_nodes,count,0,N/A
Leaflet,1.9.4,Canvas,comparison-instrument-2026-10-06T15-51-13.379Z,points-5000-seed-41544c53,load,owned_element_nodes,count,0,15
Leaflet,1.9.4,Canvas,comparison-instrument-2026-10-06T15-51-13.379Z,points-5000-seed-41544c53,load,svg_attribute_writes,N/A,0,N/A
Leaflet,1.9.4,Canvas,comparison-instrument-2026-10-06T15-51-13.379Z,points-5000-seed-41544c53,load,svg_attribute_removals,N/A,0,N/A
Leaflet,1.9.4,Canvas,comparison-instrument-2026-10-06T15-51-13.379Z,points-5000-seed-41544c53,load,dom_added_nodes,N/A,0,N/A
Leaflet,1.9.4,Canvas,comparison-instrument-2026-10-06T15-51-13.379Z,points-5000-seed-41544c53,load,dom_removed_nodes,N/A,0,N/A
Atlas,f393bc3bb2ad,SVG,comparison-instrument-2026-10-06T15-51-13.379Z,points-5000-seed-41544c53,pan,frame_interval_ms,ms,0,16.70000000006985
Atlas,f393bc3bb2ad,SVG,comparison-instrument-2026-10-06T15-51-13.379Z,points-5000-seed-41544c53,pan,camera_api_sync_ms,ms,0,0.09999990463256836
Atlas,f393bc3bb2ad,SVG,comparison-instrument-2026-10-06T15-51-13.379Z,points-5000-seed-41544c53,pan,frame_interval_ms,ms,1,16.699999999953434
Atlas,f393bc3bb2ad,SVG,comparison-instrument-2026-10-06T15-51-13.379Z,points-5000-seed-41544c53,pan,camera_api_sync_ms,ms,1,0
Atlas,f393bc3bb2ad,SVG,comparison-instrument-2026-10-06T15-51-13.379Z,points-5000-seed-41544c53,pan,frame_interval_ms,ms,2,16.599999999976717
Atlas,f393bc3bb2ad,SVG,comparison-instrument-2026-10-06T15-51-13.379Z,points-5000-seed-41544c53,pan,camera_api_sync_ms,ms,2,0
Atlas,f393bc3bb2ad,SVG,comparison-instrument-2026-10-06T15-51-13.379Z,points-5000-seed-41544c53,pan,frame_interval_ms,ms,3,33.40000000002328
Atlas,f393bc3bb2ad,SVG,comparison-instrument-2026-10-06T15-51-13.379Z,points-5000-seed-41544c53,pan,camera_api_sync_ms,ms,3,0
Atlas,f393bc3bb2ad,SVG,comparison-instrument-2026-10-06T15-51-13.379Z,points-5000-seed-41544c53,pan,frame_interval_ms,ms,4,16.699999999953434
Atlas,f393bc3bb2ad,SVG,comparison-instrument-2026-10-06T15-51-13.379Z,points-5000-seed-41544c53,pan,camera_api_sync_ms,ms,4,0
Atlas,f393bc3bb2ad,SVG,comparison-instrument-2026-10-06T15-51-13.379Z,points-5000-seed-41544c53,pan,frame_interval_ms,ms,5,33.20000000006985
Atlas,f393bc3bb2ad,SVG,comparison-instrument-2026-10-06T15-51-13.379Z,points-5000-seed-41544c53,pan,camera_api_sync_ms,ms,5,0
Atlas,f393bc3bb2ad,SVG,comparison-instrument-2026-10-06T15-51-13.379Z,points-5000-seed-41544c53,pan,frame_interval_ms,ms,6,15.79999999993015
Atlas,f393bc3bb2ad,SVG,comparison-instrument-2026-10-06T15-51-13.379Z,points-5000-seed-41544c53,pan,camera_api_sync_ms,ms,6,0
Atlas,f393bc3bb2ad,SVG,comparison-instrument-2026-10-06T15-51-13.379Z,points-5000-seed-41544c53,pan,frame_interval_ms,ms,7,34.20000000006985
Atlas,f393bc3bb2ad,SVG,comparison-instrument-2026-10-06T15-51-13.379Z,points-5000-seed-41544c53,pan,camera_api_sync_ms,ms,7,0
Atlas,f393bc3bb2ad,SVG,comparison-instrument-2026-10-06T15-51-13.379Z,points-5000-seed-41544c53,pan,frame_interval_ms,ms,8,16.79999999993015
Atlas,f393bc3bb2ad,SVG,comparison-instrument-2026-10-06T15-51-13.379Z,points-5000-seed-41544c53,pan,camera_api_sync_ms,ms,8,0
Atlas,f393bc3bb2ad,SVG,comparison-instrument-2026-10-06T15-51-13.379Z,points-5000-seed-41544c53,pan,frame_interval_ms,ms,9,33.300000000046566
Atlas,f393bc3bb2ad,SVG,comparison-instrument-2026-10-06T15-51-13.379Z,points-5000-seed-41544c53,pan,camera_api_sync_ms,ms,9,0
Atlas,f393bc3bb2ad,SVG,comparison-instrument-2026-10-06T15-51-13.379Z,points-5000-seed-41544c53,pan,frame_interval_ms,ms,10,16.599999999976717
Atlas,f393bc3bb2ad,SVG,comparison-instrument-2026-10-06T15-51-13.379Z,points-5000-seed-41544c53,pan,camera_api_sync_ms,ms,10,0
Atlas,f393bc3bb2ad,SVG,comparison-instrument-2026-10-06T15-51-13.379Z,points-5000-seed-41544c53,pan,frame_interval_ms,ms,11,33.40000000002328
Atlas,f393bc3bb2ad,SVG,comparison-instrument-2026-10-06T15-51-13.379Z,points-5000-seed-41544c53,pan,camera_api_sync_ms,ms,11,0
Atlas,f393bc3bb2ad,SVG,comparison-instrument-2026-10-06T15-51-13.379Z,points-5000-seed-41544c53,pan,frame_interval_ms,ms,12,16.599999999976717
Atlas,f393bc3bb2ad,SVG,comparison-instrument-2026-10-06T15-51-13.379Z,points-5000-seed-41544c53,pan,camera_api_sync_ms,ms,12,0
Atlas,f393bc3bb2ad,SVG,comparison-instrument-2026-10-06T15-51-13.379Z,points-5000-seed-41544c53,pan,frame_interval_ms,ms,13,33.40000000002328
Atlas,f393bc3bb2ad,SVG,comparison-instrument-2026-10-06T15-51-13.379Z,points-5000-seed-41544c53,pan,camera_api_sync_ms,ms,13,0
Atlas,f393bc3bb2ad,SVG,comparison-instrument-2026-10-06T15-51-13.379Z,points-5000-seed-41544c53,pan,frame_interval_ms,ms,14,16.099999999976717
Atlas,f393bc3bb2ad,SVG,comparison-instrument-2026-10-06T15-51-13.379Z,points-5000-seed-41544c53,pan,camera_api_sync_ms,ms,14,0
Atlas,f393bc3bb2ad,SVG,comparison-instrument-2026-10-06T15-51-13.379Z,points-5000-seed-41544c53,pan,frame_interval_ms,ms,15,33.90000000002328
Atlas,f393bc3bb2ad,SVG,comparison-instrument-2026-10-06T15-51-13.379Z,points-5000-seed-41544c53,pan,camera_api_sync_ms,ms,15,0
Atlas,f393bc3bb2ad,SVG,comparison-instrument-2026-10-06T15-51-13.379Z,points-5000-seed-41544c53,pan,frame_interval_ms,ms,16,16.599999999976717
Atlas,f393bc3bb2ad,SVG,comparison-instrument-2026-10-06T15-51-13.379Z,points-5000-seed-41544c53,pan,camera_api_sync_ms,ms,16,0
Atlas,f393bc3bb2ad,SVG,comparison-instrument-2026-10-06T15-51-13.379Z,points-5000-seed-41544c53,pan,frame_interval_ms,ms,17,33.300000000046566
Atlas,f393bc3bb2ad,SVG,comparison-instrument-2026-10-06T15-51-13.379Z,points-5000-seed-41544c53,pan,camera_api_sync_ms,ms,17,0
Atlas,f393bc3bb2ad,SVG,comparison-instrument-2026-10-06T15-51-13.379Z,points-5000-seed-41544c53,pan,frame_interval_ms,ms,18,16.79999999993015
Atlas,f393bc3bb2ad,SVG,comparison-instrument-2026-10-06T15-51-13.379Z,points-5000-seed-41544c53,pan,camera_api_sync_ms,ms,18,0
Atlas,f393bc3bb2ad,SVG,comparison-instrument-2026-10-06T15-51-13.379Z,points-5000-seed-41544c53,pan,frame_interval_ms,ms,19,33.20000000006985
Atlas,f393bc3bb2ad,SVG,comparison-instrument-2026-10-06T15-51-13.379Z,points-5000-seed-41544c53,pan,camera_api_sync_ms,ms,19,0
Atlas,f393bc3bb2ad,SVG,comparison-instrument-2026-10-06T15-51-13.379Z,points-5000-seed-41544c53,pan,frame_interval_ms,ms,20,16.699999999953434
Atlas,f393bc3bb2ad,SVG,comparison-instrument-2026-10-06T15-51-13.379Z,points-5000-seed-41544c53,pan,camera_api_sync_ms,ms,20,0
Atlas,f393bc3bb2ad,SVG,comparison-instrument-2026-10-06T15-51-13.379Z,points-5000-seed-41544c53,pan,frame_interval_ms,ms,21,33.40000000002328
Atlas,f393bc3bb2ad,SVG,comparison-instrument-2026-10-06T15-51-13.379Z,points-5000-seed-41544c53,pan,camera_api_sync_ms,ms,21,0.09999990463256836
Atlas,f393bc3bb2ad,SVG,comparison-instrument-2026-10-06T15-51-13.379Z,points-5000-seed-41544c53,pan,frame_interval_ms,ms,22,16.699999999953434
Atlas,f393bc3bb2ad,SVG,comparison-instrument-2026-10-06T15-51-13.379Z,points-5000-seed-41544c53,pan,camera_api_sync_ms,ms,22,0
Atlas,f393bc3bb2ad,SVG,comparison-instrument-2026-10-06T15-51-13.379Z,points-5000-seed-41544c53,pan,frame_interval_ms,ms,23,33.300000000046566
Atlas,f393bc3bb2ad,SVG,comparison-instrument-2026-10-06T15-51-13.379Z,points-5000-seed-41544c53,pan,camera_api_sync_ms,ms,23,0
Atlas,f393bc3bb2ad,SVG,comparison-instrument-2026-10-06T15-51-13.379Z,points-5000-seed-41544c53,pan,frame_interval_ms,ms,24,16.599999999976717
Atlas,f393bc3bb2ad,SVG,comparison-instrument-2026-10-06T15-51-13.379Z,points-5000-seed-41544c53,pan,camera_api_sync_ms,ms,24,0
Atlas,f393bc3bb2ad,SVG,comparison-instrument-2026-10-06T15-51-13.379Z,points-5000-seed-41544c53,pan,frame_interval_ms,ms,25,33.300000000046566
Atlas,f393bc3bb2ad,SVG,comparison-instrument-2026-10-06T15-51-13.379Z,points-5000-seed-41544c53,pan,camera_api_sync_ms,ms,25,0.09999990463256836
Atlas,f393bc3bb2ad,SVG,comparison-instrument-2026-10-06T15-51-13.379Z,points-5000-seed-41544c53,pan,frame_interval_ms,ms,26,16.699999999953434
Atlas,f393bc3bb2ad,SVG,comparison-instrument-2026-10-06T15-51-13.379Z,points-5000-seed-41544c53,pan,camera_api_sync_ms,ms,26,0
Atlas,f393bc3bb2ad,SVG,comparison-instrument-2026-10-06T15-51-13.379Z,points-5000-seed-41544c53,pan,frame_interval_ms,ms,27,33.300000000046566
Atlas,f393bc3bb2ad,SVG,comparison-instrument-2026-10-06T15-51-13.379Z,points-5000-seed-41544c53,pan,camera_api_sync_ms,ms,27,0
Atlas,f393bc3bb2ad,SVG,comparison-instrument-2026-10-06T15-51-13.379Z,points-5000-seed-41544c53,pan,frame_interval_ms,ms,28,16.699999999953434
Atlas,f393bc3bb2ad,SVG,comparison-instrument-2026-10-06T15-51-13.379Z,points-5000-seed-41544c53,pan,camera_api_sync_ms,ms,28,0
Atlas,f393bc3bb2ad,SVG,comparison-instrument-2026-10-06T15-51-13.379Z,points-5000-seed-41544c53,pan,frame_interval_ms,ms,29,33.40000000002328
Atlas,f393bc3bb2ad,SVG,comparison-instrument-2026-10-06T15-51-13.379Z,points-5000-seed-41544c53,pan,camera_api_sync_ms,ms,29,0
Atlas,f393bc3bb2ad,SVG,comparison-instrument-2026-10-06T15-51-13.379Z,points-5000-seed-41544c53,pan,frame_interval_ms,ms,30,33.300000000046566
Atlas,f393bc3bb2ad,SVG,comparison-instrument-2026-10-06T15-51-13.379Z,points-5000-seed-41544c53,pan,camera_api_sync_ms,ms,30,0
Atlas,f393bc3bb2ad,SVG,comparison-instrument-2026-10-06T15-51-13.379Z,points-5000-seed-41544c53,pan,frame_interval_ms,ms,31,16.599999999976717
Atlas,f393bc3bb2ad,SVG,comparison-instrument-2026-10-06T15-51-13.379Z,points-5000-seed-41544c53,pan,camera_api_sync_ms,ms,31,0
Atlas,f393bc3bb2ad,SVG,comparison-instrument-2026-10-06T15-51-13.379Z,points-5000-seed-41544c53,pan,frame_interval_ms,ms,32,33.40000000002328
Atlas,f393bc3bb2ad,SVG,comparison-instrument-2026-10-06T15-51-13.379Z,points-5000-seed-41544c53,pan,camera_api_sync_ms,ms,32,0
Atlas,f393bc3bb2ad,SVG,comparison-instrument-2026-10-06T15-51-13.379Z,points-5000-seed-41544c53,pan,frame_interval_ms,ms,33,16.699999999953434
Atlas,f393bc3bb2ad,SVG,comparison-instrument-2026-10-06T15-51-13.379Z,points-5000-seed-41544c53,pan,camera_api_sync_ms,ms,33,0
Atlas,f393bc3bb2ad,SVG,comparison-instrument-2026-10-06T15-51-13.379Z,points-5000-seed-41544c53,pan,frame_interval_ms,ms,34,33.300000000046566
Atlas,f393bc3bb2ad,SVG,comparison-instrument-2026-10-06T15-51-13.379Z,points-5000-seed-41544c53,pan,camera_api_sync_ms,ms,34,0.10000014305114746
Atlas,f393bc3bb2ad,SVG,comparison-instrument-2026-10-06T15-51-13.379Z,points-5000-seed-41544c53,pan,frame_interval_ms,ms,35,16.699999999953434
Atlas,f393bc3bb2ad,SVG,comparison-instrument-2026-10-06T15-51-13.379Z,points-5000-seed-41544c53,pan,camera_api_sync_ms,ms,35,0
Atlas,f393bc3bb2ad,SVG,comparison-instrument-2026-10-06T15-51-13.379Z,points-5000-seed-41544c53,pan,frame_interval_ms,ms,36,33.300000000046566
Atlas,f393bc3bb2ad,SVG,comparison-instrument-2026-10-06T15-51-13.379Z,points-5000-seed-41544c53,pan,camera_api_sync_ms,ms,36,0
Atlas,f393bc3bb2ad,SVG,comparison-instrument-2026-10-06T15-51-13.379Z,points-5000-seed-41544c53,pan,frame_interval_ms,ms,37,15.699999999953434
Atlas,f393bc3bb2ad,SVG,comparison-instrument-2026-10-06T15-51-13.379Z,points-5000-seed-41544c53,pan,camera_api_sync_ms,ms,37,0
Atlas,f393bc3bb2ad,SVG,comparison-instrument-2026-10-06T15-51-13.379Z,points-5000-seed-41544c53,pan,frame_interval_ms,ms,38,34.300000000046566
Atlas,f393bc3bb2ad,SVG,comparison-instrument-2026-10-06T15-51-13.379Z,points-5000-seed-41544c53,pan,camera_api_sync_ms,ms,38,0
Atlas,f393bc3bb2ad,SVG,comparison-instrument-2026-10-06T15-51-13.379Z,points-5000-seed-41544c53,pan,frame_interval_ms,ms,39,16.699999999953434
Atlas,f393bc3bb2ad,SVG,comparison-instrument-2026-10-06T15-51-13.379Z,points-5000-seed-41544c53,pan,camera_api_sync_ms,ms,39,0
Atlas,f393bc3bb2ad,SVG,comparison-instrument-2026-10-06T15-51-13.379Z,points-5000-seed-41544c53,pan,frame_interval_ms,ms,40,33.300000000046566
Atlas,f393bc3bb2ad,SVG,comparison-instrument-2026-10-06T15-51-13.379Z,points-5000-seed-41544c53,pan,camera_api_sync_ms,ms,40,0
Atlas,f393bc3bb2ad,SVG,comparison-instrument-2026-10-06T15-51-13.379Z,points-5000-seed-41544c53,pan,frame_interval_ms,ms,41,33.29999999993015
Atlas,f393bc3bb2ad,SVG,comparison-instrument-2026-10-06T15-51-13.379Z,points-5000-seed-41544c53,pan,camera_api_sync_ms,ms,41,0
Atlas,f393bc3bb2ad,SVG,comparison-instrument-2026-10-06T15-51-13.379Z,points-5000-seed-41544c53,pan,frame_interval_ms,ms,42,16.70000000006985
Atlas,f393bc3bb2ad,SVG,comparison-instrument-2026-10-06T15-51-13.379Z,points-5000-seed-41544c53,pan,camera_api_sync_ms,ms,42,0
Atlas,f393bc3bb2ad,SVG,comparison-instrument-2026-10-06T15-51-13.379Z,points-5000-seed-41544c53,pan,frame_interval_ms,ms,43,33.29999999993015
Atlas,f393bc3bb2ad,SVG,comparison-instrument-2026-10-06T15-51-13.379Z,points-5000-seed-41544c53,pan,camera_api_sync_ms,ms,43,0
Atlas,f393bc3bb2ad,SVG,comparison-instrument-2026-10-06T15-51-13.379Z,points-5000-seed-41544c53,pan,frame_interval_ms,ms,44,32.40000000002328
Atlas,f393bc3bb2ad,SVG,comparison-instrument-2026-10-06T15-51-13.379Z,points-5000-seed-41544c53,pan,camera_api_sync_ms,ms,44,0
Atlas,f393bc3bb2ad,SVG,comparison-instrument-2026-10-06T15-51-13.379Z,points-5000-seed-41544c53,pan,frame_interval_ms,ms,45,16.699999999953434
Atlas,f393bc3bb2ad,SVG,comparison-instrument-2026-10-06T15-51-13.379Z,points-5000-seed-41544c53,pan,camera_api_sync_ms,ms,45,0
Atlas,f393bc3bb2ad,SVG,comparison-instrument-2026-10-06T15-51-13.379Z,points-5000-seed-41544c53,pan,frame_interval_ms,ms,46,34.300000000046566
Atlas,f393bc3bb2ad,SVG,comparison-instrument-2026-10-06T15-51-13.379Z,points-5000-seed-41544c53,pan,camera_api_sync_ms,ms,46,0
Atlas,f393bc3bb2ad,SVG,comparison-instrument-2026-10-06T15-51-13.379Z,points-5000-seed-41544c53,pan,frame_interval_ms,ms,47,15.699999999953434
Atlas,f393bc3bb2ad,SVG,comparison-instrument-2026-10-06T15-51-13.379Z,points-5000-seed-41544c53,pan,camera_api_sync_ms,ms,47,0
Atlas,f393bc3bb2ad,SVG,comparison-instrument-2026-10-06T15-51-13.379Z,points-5000-seed-41544c53,pan,frame_interval_ms,ms,48,34.20000000006985
Atlas,f393bc3bb2ad,SVG,comparison-instrument-2026-10-06T15-51-13.379Z,points-5000-seed-41544c53,pan,camera_api_sync_ms,ms,48,0
Atlas,f393bc3bb2ad,SVG,comparison-instrument-2026-10-06T15-51-13.379Z,points-5000-seed-41544c53,pan,frame_interval_ms,ms,49,15.79999999993015
Atlas,f393bc3bb2ad,SVG,comparison-instrument-2026-10-06T15-51-13.379Z,points-5000-seed-41544c53,pan,camera_api_sync_ms,ms,49,0
Atlas,f393bc3bb2ad,SVG,comparison-instrument-2026-10-06T15-51-13.379Z,points-5000-seed-41544c53,pan,frame_interval_ms,ms,50,50.90000000002328
Atlas,f393bc3bb2ad,SVG,comparison-instrument-2026-10-06T15-51-13.379Z,points-5000-seed-41544c53,pan,camera_api_sync_ms,ms,50,0.10000014305114746
Atlas,f393bc3bb2ad,SVG,comparison-instrument-2026-10-06T15-51-13.379Z,points-5000-seed-41544c53,pan,frame_interval_ms,ms,51,66.70000000006985
Atlas,f393bc3bb2ad,SVG,comparison-instrument-2026-10-06T15-51-13.379Z,points-5000-seed-41544c53,pan,camera_api_sync_ms,ms,51,0
Atlas,f393bc3bb2ad,SVG,comparison-instrument-2026-10-06T15-51-13.379Z,points-5000-seed-41544c53,pan,frame_interval_ms,ms,52,33.39999999990687
Atlas,f393bc3bb2ad,SVG,comparison-instrument-2026-10-06T15-51-13.379Z,points-5000-seed-41544c53,pan,camera_api_sync_ms,ms,52,0
Atlas,f393bc3bb2ad,SVG,comparison-instrument-2026-10-06T15-51-13.379Z,points-5000-seed-41544c53,pan,frame_interval_ms,ms,53,33.20000000006985
Atlas,f393bc3bb2ad,SVG,comparison-instrument-2026-10-06T15-51-13.379Z,points-5000-seed-41544c53,pan,camera_api_sync_ms,ms,53,0
Atlas,f393bc3bb2ad,SVG,comparison-instrument-2026-10-06T15-51-13.379Z,points-5000-seed-41544c53,pan,frame_interval_ms,ms,54,33.40000000002328
Atlas,f393bc3bb2ad,SVG,comparison-instrument-2026-10-06T15-51-13.379Z,points-5000-seed-41544c53,pan,camera_api_sync_ms,ms,54,0
Atlas,f393bc3bb2ad,SVG,comparison-instrument-2026-10-06T15-51-13.379Z,points-5000-seed-41544c53,pan,frame_interval_ms,ms,55,15.699999999953434
Atlas,f393bc3bb2ad,SVG,comparison-instrument-2026-10-06T15-51-13.379Z,points-5000-seed-41544c53,pan,camera_api_sync_ms,ms,55,0
Atlas,f393bc3bb2ad,SVG,comparison-instrument-2026-10-06T15-51-13.379Z,points-5000-seed-41544c53,pan,frame_interval_ms,ms,56,34.300000000046566
Atlas,f393bc3bb2ad,SVG,comparison-instrument-2026-10-06T15-51-13.379Z,points-5000-seed-41544c53,pan,camera_api_sync_ms,ms,56,0
Atlas,f393bc3bb2ad,SVG,comparison-instrument-2026-10-06T15-51-13.379Z,points-5000-seed-41544c53,pan,motion_elapsed_ms,ms,0,1516.7000000000698
Atlas,f393bc3bb2ad,SVG,comparison-instrument-2026-10-06T15-51-13.379Z,points-5000-seed-41544c53,pan,camera_updates,count,0,57
Atlas,f393bc3bb2ad,SVG,comparison-instrument-2026-10-06T15-51-13.379Z,points-5000-seed-41544c53,pan,svg_attribute_writes,count,0,570171
Atlas,f393bc3bb2ad,SVG,comparison-instrument-2026-10-06T15-51-13.379Z,points-5000-seed-41544c53,pan,svg_attribute_removals,count,0,285000
Atlas,f393bc3bb2ad,SVG,comparison-instrument-2026-10-06T15-51-13.379Z,points-5000-seed-41544c53,pan,dom_added_nodes,count,0,0
Atlas,f393bc3bb2ad,SVG,comparison-instrument-2026-10-06T15-51-13.379Z,points-5000-seed-41544c53,pan,dom_removed_nodes,count,0,0
Leaflet,1.9.4,SVG,comparison-instrument-2026-10-06T15-51-13.379Z,points-5000-seed-41544c53,pan,frame_interval_ms,ms,0,15.699999999953434
Leaflet,1.9.4,SVG,comparison-instrument-2026-10-06T15-51-13.379Z,points-5000-seed-41544c53,pan,camera_api_sync_ms,ms,0,3.5
Leaflet,1.9.4,SVG,comparison-instrument-2026-10-06T15-51-13.379Z,points-5000-seed-41544c53,pan,frame_interval_ms,ms,1,16.699999999953434
Leaflet,1.9.4,SVG,comparison-instrument-2026-10-06T15-51-13.379Z,points-5000-seed-41544c53,pan,camera_api_sync_ms,ms,1,3.5
Leaflet,1.9.4,SVG,comparison-instrument-2026-10-06T15-51-13.379Z,points-5000-seed-41544c53,pan,frame_interval_ms,ms,2,17.600000000093132
Leaflet,1.9.4,SVG,comparison-instrument-2026-10-06T15-51-13.379Z,points-5000-seed-41544c53,pan,camera_api_sync_ms,ms,2,3.5
Leaflet,1.9.4,SVG,comparison-instrument-2026-10-06T15-51-13.379Z,points-5000-seed-41544c53,pan,frame_interval_ms,ms,3,16.699999999953434
Leaflet,1.9.4,SVG,comparison-instrument-2026-10-06T15-51-13.379Z,points-5000-seed-41544c53,pan,camera_api_sync_ms,ms,3,3.5
Leaflet,1.9.4,SVG,comparison-instrument-2026-10-06T15-51-13.379Z,points-5000-seed-41544c53,pan,frame_interval_ms,ms,4,16.599999999976717
Leaflet,1.9.4,SVG,comparison-instrument-2026-10-06T15-51-13.379Z,points-5000-seed-41544c53,pan,camera_api_sync_ms,ms,4,3.5
Leaflet,1.9.4,SVG,comparison-instrument-2026-10-06T15-51-13.379Z,points-5000-seed-41544c53,pan,frame_interval_ms,ms,5,16.70000000006985
Leaflet,1.9.4,SVG,comparison-instrument-2026-10-06T15-51-13.379Z,points-5000-seed-41544c53,pan,camera_api_sync_ms,ms,5,3.299999952316284
Leaflet,1.9.4,SVG,comparison-instrument-2026-10-06T15-51-13.379Z,points-5000-seed-41544c53,pan,frame_interval_ms,ms,6,16.599999999976717
Leaflet,1.9.4,SVG,comparison-instrument-2026-10-06T15-51-13.379Z,points-5000-seed-41544c53,pan,camera_api_sync_ms,ms,6,3.6000001430511475
Leaflet,1.9.4,SVG,comparison-instrument-2026-10-06T15-51-13.379Z,points-5000-seed-41544c53,pan,frame_interval_ms,ms,7,16.699999999953434
Leaflet,1.9.4,SVG,comparison-instrument-2026-10-06T15-51-13.379Z,points-5000-seed-41544c53,pan,camera_api_sync_ms,ms,7,3.3999998569488525
Leaflet,1.9.4,SVG,comparison-instrument-2026-10-06T15-51-13.379Z,points-5000-seed-41544c53,pan,frame_interval_ms,ms,8,16.70000000006985
Leaflet,1.9.4,SVG,comparison-instrument-2026-10-06T15-51-13.379Z,points-5000-seed-41544c53,pan,camera_api_sync_ms,ms,8,7.700000047683716
Leaflet,1.9.4,SVG,comparison-instrument-2026-10-06T15-51-13.379Z,points-5000-seed-41544c53,pan,frame_interval_ms,ms,9,16.599999999976717
Leaflet,1.9.4,SVG,comparison-instrument-2026-10-06T15-51-13.379Z,points-5000-seed-41544c53,pan,camera_api_sync_ms,ms,9,4.200000047683716
Leaflet,1.9.4,SVG,comparison-instrument-2026-10-06T15-51-13.379Z,points-5000-seed-41544c53,pan,frame_interval_ms,ms,10,16.699999999953434
Leaflet,1.9.4,SVG,comparison-instrument-2026-10-06T15-51-13.379Z,points-5000-seed-41544c53,pan,camera_api_sync_ms,ms,10,4.300000190734863
Leaflet,1.9.4,SVG,comparison-instrument-2026-10-06T15-51-13.379Z,points-5000-seed-41544c53,pan,frame_interval_ms,ms,11,16.70000000006985
Leaflet,1.9.4,SVG,comparison-instrument-2026-10-06T15-51-13.379Z,points-5000-seed-41544c53,pan,camera_api_sync_ms,ms,11,4.200000047683716
Leaflet,1.9.4,SVG,comparison-instrument-2026-10-06T15-51-13.379Z,points-5000-seed-41544c53,pan,frame_interval_ms,ms,12,16.699999999953434
Leaflet,1.9.4,SVG,comparison-instrument-2026-10-06T15-51-13.379Z,points-5000-seed-41544c53,pan,camera_api_sync_ms,ms,12,4.3999998569488525
Leaflet,1.9.4,SVG,comparison-instrument-2026-10-06T15-51-13.379Z,points-5000-seed-41544c53,pan,frame_interval_ms,ms,13,16.599999999976717
Leaflet,1.9.4,SVG,comparison-instrument-2026-10-06T15-51-13.379Z,points-5000-seed-41544c53,pan,camera_api_sync_ms,ms,13,4.299999952316284
Leaflet,1.9.4,SVG,comparison-instrument-2026-10-06T15-51-13.379Z,points-5000-seed-41544c53,pan,frame_interval_ms,ms,14,16.599999999976717
Leaflet,1.9.4,SVG,comparison-instrument-2026-10-06T15-51-13.379Z,points-5000-seed-41544c53,pan,camera_api_sync_ms,ms,14,5.099999904632568
Leaflet,1.9.4,SVG,comparison-instrument-2026-10-06T15-51-13.379Z,points-5000-seed-41544c53,pan,frame_interval_ms,ms,15,15.900000000023283
Leaflet,1.9.4,SVG,comparison-instrument-2026-10-06T15-51-13.379Z,points-5000-seed-41544c53,pan,camera_api_sync_ms,ms,15,5.1000001430511475
Leaflet,1.9.4,SVG,comparison-instrument-2026-10-06T15-51-13.379Z,points-5000-seed-41544c53,pan,frame_interval_ms,ms,16,17.599999999976717
Leaflet,1.9.4,SVG,comparison-instrument-2026-10-06T15-51-13.379Z,points-5000-seed-41544c53,pan,camera_api_sync_ms,ms,16,4.299999952316284
Leaflet,1.9.4,SVG,comparison-instrument-2026-10-06T15-51-13.379Z,points-5000-seed-41544c53,pan,frame_interval_ms,ms,17,33.300000000046566
Leaflet,1.9.4,SVG,comparison-instrument-2026-10-06T15-51-13.379Z,points-5000-seed-41544c53,pan,camera_api_sync_ms,ms,17,4.1000001430511475
Leaflet,1.9.4,SVG,comparison-instrument-2026-10-06T15-51-13.379Z,points-5000-seed-41544c53,pan,frame_interval_ms,ms,18,16.599999999976717
Leaflet,1.9.4,SVG,comparison-instrument-2026-10-06T15-51-13.379Z,points-5000-seed-41544c53,pan,camera_api_sync_ms,ms,18,4.400000095367432
Leaflet,1.9.4,SVG,comparison-instrument-2026-10-06T15-51-13.379Z,points-5000-seed-41544c53,pan,frame_interval_ms,ms,19,16.70000000006985
Leaflet,1.9.4,SVG,comparison-instrument-2026-10-06T15-51-13.379Z,points-5000-seed-41544c53,pan,camera_api_sync_ms,ms,19,4.3999998569488525
Leaflet,1.9.4,SVG,comparison-instrument-2026-10-06T15-51-13.379Z,points-5000-seed-41544c53,pan,frame_interval_ms,ms,20,16.599999999976717
Leaflet,1.9.4,SVG,comparison-instrument-2026-10-06T15-51-13.379Z,points-5000-seed-41544c53,pan,camera_api_sync_ms,ms,20,4.5
Leaflet,1.9.4,SVG,comparison-instrument-2026-10-06T15-51-13.379Z,points-5000-seed-41544c53,pan,frame_interval_ms,ms,21,16.699999999953434
Leaflet,1.9.4,SVG,comparison-instrument-2026-10-06T15-51-13.379Z,points-5000-seed-41544c53,pan,camera_api_sync_ms,ms,21,4.700000047683716
Leaflet,1.9.4,SVG,comparison-instrument-2026-10-06T15-51-13.379Z,points-5000-seed-41544c53,pan,frame_interval_ms,ms,22,16.70000000006985
Leaflet,1.9.4,SVG,comparison-instrument-2026-10-06T15-51-13.379Z,points-5000-seed-41544c53,pan,camera_api_sync_ms,ms,22,5.1000001430511475
Leaflet,1.9.4,SVG,comparison-instrument-2026-10-06T15-51-13.379Z,points-5000-seed-41544c53,pan,frame_interval_ms,ms,23,16.699999999953434
Leaflet,1.9.4,SVG,comparison-instrument-2026-10-06T15-51-13.379Z,points-5000-seed-41544c53,pan,camera_api_sync_ms,ms,23,5.099999904632568
Leaflet,1.9.4,SVG,comparison-instrument-2026-10-06T15-51-13.379Z,points-5000-seed-41544c53,pan,frame_interval_ms,ms,24,16.599999999976717
Leaflet,1.9.4,SVG,comparison-instrument-2026-10-06T15-51-13.379Z,points-5000-seed-41544c53,pan,camera_api_sync_ms,ms,24,5
Leaflet,1.9.4,SVG,comparison-instrument-2026-10-06T15-51-13.379Z,points-5000-seed-41544c53,pan,frame_interval_ms,ms,25,32.40000000002328
Leaflet,1.9.4,SVG,comparison-instrument-2026-10-06T15-51-13.379Z,points-5000-seed-41544c53,pan,camera_api_sync_ms,ms,25,4.599999904632568
Leaflet,1.9.4,SVG,comparison-instrument-2026-10-06T15-51-13.379Z,points-5000-seed-41544c53,pan,frame_interval_ms,ms,26,16.599999999976717
Leaflet,1.9.4,SVG,comparison-instrument-2026-10-06T15-51-13.379Z,points-5000-seed-41544c53,pan,camera_api_sync_ms,ms,26,4.6000001430511475
Leaflet,1.9.4,SVG,comparison-instrument-2026-10-06T15-51-13.379Z,points-5000-seed-41544c53,pan,frame_interval_ms,ms,27,16.900000000023283
Leaflet,1.9.4,SVG,comparison-instrument-2026-10-06T15-51-13.379Z,points-5000-seed-41544c53,pan,camera_api_sync_ms,ms,27,4.699999809265137
Leaflet,1.9.4,SVG,comparison-instrument-2026-10-06T15-51-13.379Z,points-5000-seed-41544c53,pan,frame_interval_ms,ms,28,17.400000000023283
Leaflet,1.9.4,SVG,comparison-instrument-2026-10-06T15-51-13.379Z,points-5000-seed-41544c53,pan,camera_api_sync_ms,ms,28,4.299999952316284
Leaflet,1.9.4,SVG,comparison-instrument-2026-10-06T15-51-13.379Z,points-5000-seed-41544c53,pan,frame_interval_ms,ms,29,16.699999999953434
Leaflet,1.9.4,SVG,comparison-instrument-2026-10-06T15-51-13.379Z,points-5000-seed-41544c53,pan,camera_api_sync_ms,ms,29,4.3999998569488525
Leaflet,1.9.4,SVG,comparison-instrument-2026-10-06T15-51-13.379Z,points-5000-seed-41544c53,pan,frame_interval_ms,ms,30,16.70000000006985
Leaflet,1.9.4,SVG,comparison-instrument-2026-10-06T15-51-13.379Z,points-5000-seed-41544c53,pan,camera_api_sync_ms,ms,30,4.5
Leaflet,1.9.4,SVG,comparison-instrument-2026-10-06T15-51-13.379Z,points-5000-seed-41544c53,pan,frame_interval_ms,ms,31,16.599999999976717
Leaflet,1.9.4,SVG,comparison-instrument-2026-10-06T15-51-13.379Z,points-5000-seed-41544c53,pan,camera_api_sync_ms,ms,31,6.3999998569488525
Leaflet,1.9.4,SVG,comparison-instrument-2026-10-06T15-51-13.379Z,points-5000-seed-41544c53,pan,frame_interval_ms,ms,32,16.699999999953434
Leaflet,1.9.4,SVG,comparison-instrument-2026-10-06T15-51-13.379Z,points-5000-seed-41544c53,pan,camera_api_sync_ms,ms,32,5.3999998569488525
Leaflet,1.9.4,SVG,comparison-instrument-2026-10-06T15-51-13.379Z,points-5000-seed-41544c53,pan,frame_interval_ms,ms,33,16.70000000006985
Leaflet,1.9.4,SVG,comparison-instrument-2026-10-06T15-51-13.379Z,points-5000-seed-41544c53,pan,camera_api_sync_ms,ms,33,5.200000047683716
Leaflet,1.9.4,SVG,comparison-instrument-2026-10-06T15-51-13.379Z,points-5000-seed-41544c53,pan,frame_interval_ms,ms,34,16.599999999976717
Leaflet,1.9.4,SVG,comparison-instrument-2026-10-06T15-51-13.379Z,points-5000-seed-41544c53,pan,camera_api_sync_ms,ms,34,4.700000047683716
Leaflet,1.9.4,SVG,comparison-instrument-2026-10-06T15-51-13.379Z,points-5000-seed-41544c53,pan,frame_interval_ms,ms,35,16.79999999993015
Leaflet,1.9.4,SVG,comparison-instrument-2026-10-06T15-51-13.379Z,points-5000-seed-41544c53,pan,camera_api_sync_ms,ms,35,4.700000047683716
Leaflet,1.9.4,SVG,comparison-instrument-2026-10-06T15-51-13.379Z,points-5000-seed-41544c53,pan,frame_interval_ms,ms,36,33.20000000006985
Leaflet,1.9.4,SVG,comparison-instrument-2026-10-06T15-51-13.379Z,points-5000-seed-41544c53,pan,camera_api_sync_ms,ms,36,4.6000001430511475
Leaflet,1.9.4,SVG,comparison-instrument-2026-10-06T15-51-13.379Z,points-5000-seed-41544c53,pan,frame_interval_ms,ms,37,16.699999999953434
Leaflet,1.9.4,SVG,comparison-instrument-2026-10-06T15-51-13.379Z,points-5000-seed-41544c53,pan,camera_api_sync_ms,ms,37,4.599999904632568
Leaflet,1.9.4,SVG,comparison-instrument-2026-10-06T15-51-13.379Z,points-5000-seed-41544c53,pan,frame_interval_ms,ms,38,16.70000000006985
Leaflet,1.9.4,SVG,comparison-instrument-2026-10-06T15-51-13.379Z,points-5000-seed-41544c53,pan,camera_api_sync_ms,ms,38,4.5
Leaflet,1.9.4,SVG,comparison-instrument-2026-10-06T15-51-13.379Z,points-5000-seed-41544c53,pan,frame_interval_ms,ms,39,16.699999999953434
Leaflet,1.9.4,SVG,comparison-instrument-2026-10-06T15-51-13.379Z,points-5000-seed-41544c53,pan,camera_api_sync_ms,ms,39,4.5
Leaflet,1.9.4,SVG,comparison-instrument-2026-10-06T15-51-13.379Z,points-5000-seed-41544c53,pan,frame_interval_ms,ms,40,16.599999999976717
Leaflet,1.9.4,SVG,comparison-instrument-2026-10-06T15-51-13.379Z,points-5000-seed-41544c53,pan,camera_api_sync_ms,ms,40,4.400000095367432
Leaflet,1.9.4,SVG,comparison-instrument-2026-10-06T15-51-13.379Z,points-5000-seed-41544c53,pan,frame_interval_ms,ms,41,16.599999999976717
Leaflet,1.9.4,SVG,comparison-instrument-2026-10-06T15-51-13.379Z,points-5000-seed-41544c53,pan,camera_api_sync_ms,ms,41,4.3999998569488525
Leaflet,1.9.4,SVG,comparison-instrument-2026-10-06T15-51-13.379Z,points-5000-seed-41544c53,pan,frame_interval_ms,ms,42,16.800000000046566
Leaflet,1.9.4,SVG,comparison-instrument-2026-10-06T15-51-13.379Z,points-5000-seed-41544c53,pan,camera_api_sync_ms,ms,42,4.400000095367432
Leaflet,1.9.4,SVG,comparison-instrument-2026-10-06T15-51-13.379Z,points-5000-seed-41544c53,pan,frame_interval_ms,ms,43,16.599999999976717
Leaflet,1.9.4,SVG,comparison-instrument-2026-10-06T15-51-13.379Z,points-5000-seed-41544c53,pan,camera_api_sync_ms,ms,43,4.599999904632568
Leaflet,1.9.4,SVG,comparison-instrument-2026-10-06T15-51-13.379Z,points-5000-seed-41544c53,pan,frame_interval_ms,ms,44,16.70000000006985
Leaflet,1.9.4,SVG,comparison-instrument-2026-10-06T15-51-13.379Z,points-5000-seed-41544c53,pan,camera_api_sync_ms,ms,44,4.700000047683716
Leaflet,1.9.4,SVG,comparison-instrument-2026-10-06T15-51-13.379Z,points-5000-seed-41544c53,pan,frame_interval_ms,ms,45,16.599999999976717
Leaflet,1.9.4,SVG,comparison-instrument-2026-10-06T15-51-13.379Z,points-5000-seed-41544c53,pan,camera_api_sync_ms,ms,45,4.8999998569488525
Leaflet,1.9.4,SVG,comparison-instrument-2026-10-06T15-51-13.379Z,points-5000-seed-41544c53,pan,frame_interval_ms,ms,46,16.699999999953434
Leaflet,1.9.4,SVG,comparison-instrument-2026-10-06T15-51-13.379Z,points-5000-seed-41544c53,pan,camera_api_sync_ms,ms,46,5.300000190734863
Leaflet,1.9.4,SVG,comparison-instrument-2026-10-06T15-51-13.379Z,points-5000-seed-41544c53,pan,frame_interval_ms,ms,47,16.70000000006985
Leaflet,1.9.4,SVG,comparison-instrument-2026-10-06T15-51-13.379Z,points-5000-seed-41544c53,pan,camera_api_sync_ms,ms,47,5.200000047683716
Leaflet,1.9.4,SVG,comparison-instrument-2026-10-06T15-51-13.379Z,points-5000-seed-41544c53,pan,frame_interval_ms,ms,48,33.39999999990687
Leaflet,1.9.4,SVG,comparison-instrument-2026-10-06T15-51-13.379Z,points-5000-seed-41544c53,pan,camera_api_sync_ms,ms,48,4.8999998569488525
Leaflet,1.9.4,SVG,comparison-instrument-2026-10-06T15-51-13.379Z,points-5000-seed-41544c53,pan,frame_interval_ms,ms,49,15.800000000046566
Leaflet,1.9.4,SVG,comparison-instrument-2026-10-06T15-51-13.379Z,points-5000-seed-41544c53,pan,camera_api_sync_ms,ms,49,4.599999904632568
Leaflet,1.9.4,SVG,comparison-instrument-2026-10-06T15-51-13.379Z,points-5000-seed-41544c53,pan,frame_interval_ms,ms,50,17.400000000023283
Leaflet,1.9.4,SVG,comparison-instrument-2026-10-06T15-51-13.379Z,points-5000-seed-41544c53,pan,camera_api_sync_ms,ms,50,4.5
Leaflet,1.9.4,SVG,comparison-instrument-2026-10-06T15-51-13.379Z,points-5000-seed-41544c53,pan,frame_interval_ms,ms,51,16.699999999953434
Leaflet,1.9.4,SVG,comparison-instrument-2026-10-06T15-51-13.379Z,points-5000-seed-41544c53,pan,camera_api_sync_ms,ms,51,4.5
Leaflet,1.9.4,SVG,comparison-instrument-2026-10-06T15-51-13.379Z,points-5000-seed-41544c53,pan,frame_interval_ms,ms,52,16.70000000006985
Leaflet,1.9.4,SVG,comparison-instrument-2026-10-06T15-51-13.379Z,points-5000-seed-41544c53,pan,camera_api_sync_ms,ms,52,5.1000001430511475
Leaflet,1.9.4,SVG,comparison-instrument-2026-10-06T15-51-13.379Z,points-5000-seed-41544c53,pan,frame_interval_ms,ms,53,16.699999999953434
Leaflet,1.9.4,SVG,comparison-instrument-2026-10-06T15-51-13.379Z,points-5000-seed-41544c53,pan,camera_api_sync_ms,ms,53,5.599999904632568
Leaflet,1.9.4,SVG,comparison-instrument-2026-10-06T15-51-13.379Z,points-5000-seed-41544c53,pan,frame_interval_ms,ms,54,16.199999999953434
Leaflet,1.9.4,SVG,comparison-instrument-2026-10-06T15-51-13.379Z,points-5000-seed-41544c53,pan,camera_api_sync_ms,ms,54,5.299999952316284
Leaflet,1.9.4,SVG,comparison-instrument-2026-10-06T15-51-13.379Z,points-5000-seed-41544c53,pan,frame_interval_ms,ms,55,17.100000000093132
Leaflet,1.9.4,SVG,comparison-instrument-2026-10-06T15-51-13.379Z,points-5000-seed-41544c53,pan,camera_api_sync_ms,ms,55,5
Leaflet,1.9.4,SVG,comparison-instrument-2026-10-06T15-51-13.379Z,points-5000-seed-41544c53,pan,frame_interval_ms,ms,56,16.699999999953434
Leaflet,1.9.4,SVG,comparison-instrument-2026-10-06T15-51-13.379Z,points-5000-seed-41544c53,pan,camera_api_sync_ms,ms,56,4.5
Leaflet,1.9.4,SVG,comparison-instrument-2026-10-06T15-51-13.379Z,points-5000-seed-41544c53,pan,frame_interval_ms,ms,57,33.300000000046566
Leaflet,1.9.4,SVG,comparison-instrument-2026-10-06T15-51-13.379Z,points-5000-seed-41544c53,pan,camera_api_sync_ms,ms,57,4.700000047683716
Leaflet,1.9.4,SVG,comparison-instrument-2026-10-06T15-51-13.379Z,points-5000-seed-41544c53,pan,frame_interval_ms,ms,58,16.699999999953434
Leaflet,1.9.4,SVG,comparison-instrument-2026-10-06T15-51-13.379Z,points-5000-seed-41544c53,pan,camera_api_sync_ms,ms,58,5
Leaflet,1.9.4,SVG,comparison-instrument-2026-10-06T15-51-13.379Z,points-5000-seed-41544c53,pan,frame_interval_ms,ms,59,16.599999999976717
Leaflet,1.9.4,SVG,comparison-instrument-2026-10-06T15-51-13.379Z,points-5000-seed-41544c53,pan,camera_api_sync_ms,ms,59,4.5
Leaflet,1.9.4,SVG,comparison-instrument-2026-10-06T15-51-13.379Z,points-5000-seed-41544c53,pan,frame_interval_ms,ms,60,16.70000000006985
Leaflet,1.9.4,SVG,comparison-instrument-2026-10-06T15-51-13.379Z,points-5000-seed-41544c53,pan,camera_api_sync_ms,ms,60,4.599999904632568
Leaflet,1.9.4,SVG,comparison-instrument-2026-10-06T15-51-13.379Z,points-5000-seed-41544c53,pan,frame_interval_ms,ms,61,16.699999999953434
Leaflet,1.9.4,SVG,comparison-instrument-2026-10-06T15-51-13.379Z,points-5000-seed-41544c53,pan,camera_api_sync_ms,ms,61,4.799999952316284
Leaflet,1.9.4,SVG,comparison-instrument-2026-10-06T15-51-13.379Z,points-5000-seed-41544c53,pan,frame_interval_ms,ms,62,16.599999999976717
Leaflet,1.9.4,SVG,comparison-instrument-2026-10-06T15-51-13.379Z,points-5000-seed-41544c53,pan,camera_api_sync_ms,ms,62,4.799999952316284
Leaflet,1.9.4,SVG,comparison-instrument-2026-10-06T15-51-13.379Z,points-5000-seed-41544c53,pan,frame_interval_ms,ms,63,16.70000000006985
Leaflet,1.9.4,SVG,comparison-instrument-2026-10-06T15-51-13.379Z,points-5000-seed-41544c53,pan,camera_api_sync_ms,ms,63,5.099999904632568
Leaflet,1.9.4,SVG,comparison-instrument-2026-10-06T15-51-13.379Z,points-5000-seed-41544c53,pan,frame_interval_ms,ms,64,16.599999999976717
Leaflet,1.9.4,SVG,comparison-instrument-2026-10-06T15-51-13.379Z,points-5000-seed-41544c53,pan,camera_api_sync_ms,ms,64,5.299999952316284
Leaflet,1.9.4,SVG,comparison-instrument-2026-10-06T15-51-13.379Z,points-5000-seed-41544c53,pan,frame_interval_ms,ms,65,16.699999999953434
Leaflet,1.9.4,SVG,comparison-instrument-2026-10-06T15-51-13.379Z,points-5000-seed-41544c53,pan,camera_api_sync_ms,ms,65,4.800000190734863
Leaflet,1.9.4,SVG,comparison-instrument-2026-10-06T15-51-13.379Z,points-5000-seed-41544c53,pan,frame_interval_ms,ms,66,16.70000000006985
Leaflet,1.9.4,SVG,comparison-instrument-2026-10-06T15-51-13.379Z,points-5000-seed-41544c53,pan,camera_api_sync_ms,ms,66,4.799999952316284
Leaflet,1.9.4,SVG,comparison-instrument-2026-10-06T15-51-13.379Z,points-5000-seed-41544c53,pan,frame_interval_ms,ms,67,16.599999999976717
Leaflet,1.9.4,SVG,comparison-instrument-2026-10-06T15-51-13.379Z,points-5000-seed-41544c53,pan,camera_api_sync_ms,ms,67,4.5
Leaflet,1.9.4,SVG,comparison-instrument-2026-10-06T15-51-13.379Z,points-5000-seed-41544c53,pan,frame_interval_ms,ms,68,33.40000000002328
Leaflet,1.9.4,SVG,comparison-instrument-2026-10-06T15-51-13.379Z,points-5000-seed-41544c53,pan,camera_api_sync_ms,ms,68,4.599999904632568
Leaflet,1.9.4,SVG,comparison-instrument-2026-10-06T15-51-13.379Z,points-5000-seed-41544c53,pan,frame_interval_ms,ms,69,16.599999999976717
Leaflet,1.9.4,SVG,comparison-instrument-2026-10-06T15-51-13.379Z,points-5000-seed-41544c53,pan,camera_api_sync_ms,ms,69,4.6000001430511475
Leaflet,1.9.4,SVG,comparison-instrument-2026-10-06T15-51-13.379Z,points-5000-seed-41544c53,pan,frame_interval_ms,ms,70,16.699999999953434
Leaflet,1.9.4,SVG,comparison-instrument-2026-10-06T15-51-13.379Z,points-5000-seed-41544c53,pan,camera_api_sync_ms,ms,70,4.299999952316284
Leaflet,1.9.4,SVG,comparison-instrument-2026-10-06T15-51-13.379Z,points-5000-seed-41544c53,pan,frame_interval_ms,ms,71,16.599999999976717
Leaflet,1.9.4,SVG,comparison-instrument-2026-10-06T15-51-13.379Z,points-5000-seed-41544c53,pan,camera_api_sync_ms,ms,71,4.299999952316284
Leaflet,1.9.4,SVG,comparison-instrument-2026-10-06T15-51-13.379Z,points-5000-seed-41544c53,pan,frame_interval_ms,ms,72,16.800000000046566
Leaflet,1.9.4,SVG,comparison-instrument-2026-10-06T15-51-13.379Z,points-5000-seed-41544c53,pan,camera_api_sync_ms,ms,72,4.400000095367432
Leaflet,1.9.4,SVG,comparison-instrument-2026-10-06T15-51-13.379Z,points-5000-seed-41544c53,pan,frame_interval_ms,ms,73,16.599999999976717
Leaflet,1.9.4,SVG,comparison-instrument-2026-10-06T15-51-13.379Z,points-5000-seed-41544c53,pan,camera_api_sync_ms,ms,73,4.299999952316284
Leaflet,1.9.4,SVG,comparison-instrument-2026-10-06T15-51-13.379Z,points-5000-seed-41544c53,pan,frame_interval_ms,ms,74,16.70000000006985
Leaflet,1.9.4,SVG,comparison-instrument-2026-10-06T15-51-13.379Z,points-5000-seed-41544c53,pan,camera_api_sync_ms,ms,74,4.400000095367432
Leaflet,1.9.4,SVG,comparison-instrument-2026-10-06T15-51-13.379Z,points-5000-seed-41544c53,pan,frame_interval_ms,ms,75,16.599999999976717
Leaflet,1.9.4,SVG,comparison-instrument-2026-10-06T15-51-13.379Z,points-5000-seed-41544c53,pan,camera_api_sync_ms,ms,75,4.599999904632568
Leaflet,1.9.4,SVG,comparison-instrument-2026-10-06T15-51-13.379Z,points-5000-seed-41544c53,pan,frame_interval_ms,ms,76,16.699999999953434
Leaflet,1.9.4,SVG,comparison-instrument-2026-10-06T15-51-13.379Z,points-5000-seed-41544c53,pan,camera_api_sync_ms,ms,76,4.6000001430511475
Leaflet,1.9.4,SVG,comparison-instrument-2026-10-06T15-51-13.379Z,points-5000-seed-41544c53,pan,frame_interval_ms,ms,77,15.800000000046566
Leaflet,1.9.4,SVG,comparison-instrument-2026-10-06T15-51-13.379Z,points-5000-seed-41544c53,pan,camera_api_sync_ms,ms,77,5.300000190734863
Leaflet,1.9.4,SVG,comparison-instrument-2026-10-06T15-51-13.379Z,points-5000-seed-41544c53,pan,frame_interval_ms,ms,78,17.599999999976717
Leaflet,1.9.4,SVG,comparison-instrument-2026-10-06T15-51-13.379Z,points-5000-seed-41544c53,pan,camera_api_sync_ms,ms,78,4.800000190734863
Leaflet,1.9.4,SVG,comparison-instrument-2026-10-06T15-51-13.379Z,points-5000-seed-41544c53,pan,frame_interval_ms,ms,79,16.599999999976717
Leaflet,1.9.4,SVG,comparison-instrument-2026-10-06T15-51-13.379Z,points-5000-seed-41544c53,pan,camera_api_sync_ms,ms,79,5.400000095367432
Leaflet,1.9.4,SVG,comparison-instrument-2026-10-06T15-51-13.379Z,points-5000-seed-41544c53,pan,frame_interval_ms,ms,80,16.70000000006985
Leaflet,1.9.4,SVG,comparison-instrument-2026-10-06T15-51-13.379Z,points-5000-seed-41544c53,pan,camera_api_sync_ms,ms,80,5.400000095367432
Leaflet,1.9.4,SVG,comparison-instrument-2026-10-06T15-51-13.379Z,points-5000-seed-41544c53,pan,frame_interval_ms,ms,81,16.599999999976717
Leaflet,1.9.4,SVG,comparison-instrument-2026-10-06T15-51-13.379Z,points-5000-seed-41544c53,pan,camera_api_sync_ms,ms,81,5.099999904632568
Leaflet,1.9.4,SVG,comparison-instrument-2026-10-06T15-51-13.379Z,points-5000-seed-41544c53,pan,frame_interval_ms,ms,82,16.699999999953434
Leaflet,1.9.4,SVG,comparison-instrument-2026-10-06T15-51-13.379Z,points-5000-seed-41544c53,pan,camera_api_sync_ms,ms,82,5.099999904632568
Leaflet,1.9.4,SVG,comparison-instrument-2026-10-06T15-51-13.379Z,points-5000-seed-41544c53,pan,frame_interval_ms,ms,83,33.40000000002328
Leaflet,1.9.4,SVG,comparison-instrument-2026-10-06T15-51-13.379Z,points-5000-seed-41544c53,pan,camera_api_sync_ms,ms,83,4.799999952316284
Leaflet,1.9.4,SVG,comparison-instrument-2026-10-06T15-51-13.379Z,points-5000-seed-41544c53,pan,motion_elapsed_ms,ms,0,1516.6999999999534
Leaflet,1.9.4,SVG,comparison-instrument-2026-10-06T15-51-13.379Z,points-5000-seed-41544c53,pan,camera_updates,count,0,84
Leaflet,1.9.4,SVG,comparison-instrument-2026-10-06T15-51-13.379Z,points-5000-seed-41544c53,pan,svg_attribute_writes,count,0,420084
Leaflet,1.9.4,SVG,comparison-instrument-2026-10-06T15-51-13.379Z,points-5000-seed-41544c53,pan,svg_attribute_removals,count,0,0
Leaflet,1.9.4,SVG,comparison-instrument-2026-10-06T15-51-13.379Z,points-5000-seed-41544c53,pan,dom_added_nodes,count,0,0
Leaflet,1.9.4,SVG,comparison-instrument-2026-10-06T15-51-13.379Z,points-5000-seed-41544c53,pan,dom_removed_nodes,count,0,0
Leaflet,1.9.4,Canvas,comparison-instrument-2026-10-06T15-51-13.379Z,points-5000-seed-41544c53,pan,frame_interval_ms,ms,0,16.600000000093132
Leaflet,1.9.4,Canvas,comparison-instrument-2026-10-06T15-51-13.379Z,points-5000-seed-41544c53,pan,camera_api_sync_ms,ms,0,2.5
Leaflet,1.9.4,Canvas,comparison-instrument-2026-10-06T15-51-13.379Z,points-5000-seed-41544c53,pan,frame_interval_ms,ms,1,33.29999999993015
Leaflet,1.9.4,Canvas,comparison-instrument-2026-10-06T15-51-13.379Z,points-5000-seed-41544c53,pan,camera_api_sync_ms,ms,1,2.4000000953674316
Leaflet,1.9.4,Canvas,comparison-instrument-2026-10-06T15-51-13.379Z,points-5000-seed-41544c53,pan,frame_interval_ms,ms,2,33.40000000002328
Leaflet,1.9.4,Canvas,comparison-instrument-2026-10-06T15-51-13.379Z,points-5000-seed-41544c53,pan,camera_api_sync_ms,ms,2,2.5999999046325684
Leaflet,1.9.4,Canvas,comparison-instrument-2026-10-06T15-51-13.379Z,points-5000-seed-41544c53,pan,frame_interval_ms,ms,3,33.199999999953434
Leaflet,1.9.4,Canvas,comparison-instrument-2026-10-06T15-51-13.379Z,points-5000-seed-41544c53,pan,camera_api_sync_ms,ms,3,2.5
Leaflet,1.9.4,Canvas,comparison-instrument-2026-10-06T15-51-13.379Z,points-5000-seed-41544c53,pan,frame_interval_ms,ms,4,33.40000000002328
Leaflet,1.9.4,Canvas,comparison-instrument-2026-10-06T15-51-13.379Z,points-5000-seed-41544c53,pan,camera_api_sync_ms,ms,4,2.6000001430511475
Leaflet,1.9.4,Canvas,comparison-instrument-2026-10-06T15-51-13.379Z,points-5000-seed-41544c53,pan,frame_interval_ms,ms,5,33.300000000046566
Leaflet,1.9.4,Canvas,comparison-instrument-2026-10-06T15-51-13.379Z,points-5000-seed-41544c53,pan,camera_api_sync_ms,ms,5,2.5999999046325684
Leaflet,1.9.4,Canvas,comparison-instrument-2026-10-06T15-51-13.379Z,points-5000-seed-41544c53,pan,frame_interval_ms,ms,6,33.09999999997672
Leaflet,1.9.4,Canvas,comparison-instrument-2026-10-06T15-51-13.379Z,points-5000-seed-41544c53,pan,camera_api_sync_ms,ms,6,2.700000047683716
Leaflet,1.9.4,Canvas,comparison-instrument-2026-10-06T15-51-13.379Z,points-5000-seed-41544c53,pan,frame_interval_ms,ms,7,33.59999999997672
Leaflet,1.9.4,Canvas,comparison-instrument-2026-10-06T15-51-13.379Z,points-5000-seed-41544c53,pan,camera_api_sync_ms,ms,7,2.5999999046325684
Leaflet,1.9.4,Canvas,comparison-instrument-2026-10-06T15-51-13.379Z,points-5000-seed-41544c53,pan,frame_interval_ms,ms,8,33.300000000046566
Leaflet,1.9.4,Canvas,comparison-instrument-2026-10-06T15-51-13.379Z,points-5000-seed-41544c53,pan,camera_api_sync_ms,ms,8,2.4000000953674316
Leaflet,1.9.4,Canvas,comparison-instrument-2026-10-06T15-51-13.379Z,points-5000-seed-41544c53,pan,frame_interval_ms,ms,9,33.40000000002328
Leaflet,1.9.4,Canvas,comparison-instrument-2026-10-06T15-51-13.379Z,points-5000-seed-41544c53,pan,camera_api_sync_ms,ms,9,2.5
Leaflet,1.9.4,Canvas,comparison-instrument-2026-10-06T15-51-13.379Z,points-5000-seed-41544c53,pan,frame_interval_ms,ms,10,33.39999999990687
Leaflet,1.9.4,Canvas,comparison-instrument-2026-10-06T15-51-13.379Z,points-5000-seed-41544c53,pan,camera_api_sync_ms,ms,10,2.6000001430511475
Leaflet,1.9.4,Canvas,comparison-instrument-2026-10-06T15-51-13.379Z,points-5000-seed-41544c53,pan,frame_interval_ms,ms,11,49.90000000002328
Leaflet,1.9.4,Canvas,comparison-instrument-2026-10-06T15-51-13.379Z,points-5000-seed-41544c53,pan,camera_api_sync_ms,ms,11,2.6999998092651367
Leaflet,1.9.4,Canvas,comparison-instrument-2026-10-06T15-51-13.379Z,points-5000-seed-41544c53,pan,frame_interval_ms,ms,12,33.300000000046566
Leaflet,1.9.4,Canvas,comparison-instrument-2026-10-06T15-51-13.379Z,points-5000-seed-41544c53,pan,camera_api_sync_ms,ms,12,2.5
Leaflet,1.9.4,Canvas,comparison-instrument-2026-10-06T15-51-13.379Z,points-5000-seed-41544c53,pan,frame_interval_ms,ms,13,33.40000000002328
Leaflet,1.9.4,Canvas,comparison-instrument-2026-10-06T15-51-13.379Z,points-5000-seed-41544c53,pan,camera_api_sync_ms,ms,13,2.299999952316284
Leaflet,1.9.4,Canvas,comparison-instrument-2026-10-06T15-51-13.379Z,points-5000-seed-41544c53,pan,frame_interval_ms,ms,14,33.39999999990687
Leaflet,1.9.4,Canvas,comparison-instrument-2026-10-06T15-51-13.379Z,points-5000-seed-41544c53,pan,camera_api_sync_ms,ms,14,2.5
Leaflet,1.9.4,Canvas,comparison-instrument-2026-10-06T15-51-13.379Z,points-5000-seed-41544c53,pan,frame_interval_ms,ms,15,33.300000000046566
Leaflet,1.9.4,Canvas,comparison-instrument-2026-10-06T15-51-13.379Z,points-5000-seed-41544c53,pan,camera_api_sync_ms,ms,15,2.799999952316284
Leaflet,1.9.4,Canvas,comparison-instrument-2026-10-06T15-51-13.379Z,points-5000-seed-41544c53,pan,frame_interval_ms,ms,16,33.300000000046566
Leaflet,1.9.4,Canvas,comparison-instrument-2026-10-06T15-51-13.379Z,points-5000-seed-41544c53,pan,camera_api_sync_ms,ms,16,2.5
Leaflet,1.9.4,Canvas,comparison-instrument-2026-10-06T15-51-13.379Z,points-5000-seed-41544c53,pan,frame_interval_ms,ms,17,33.29999999993015
Leaflet,1.9.4,Canvas,comparison-instrument-2026-10-06T15-51-13.379Z,points-5000-seed-41544c53,pan,camera_api_sync_ms,ms,17,2.700000047683716
Leaflet,1.9.4,Canvas,comparison-instrument-2026-10-06T15-51-13.379Z,points-5000-seed-41544c53,pan,frame_interval_ms,ms,18,33.300000000046566
Leaflet,1.9.4,Canvas,comparison-instrument-2026-10-06T15-51-13.379Z,points-5000-seed-41544c53,pan,camera_api_sync_ms,ms,18,2.799999952316284
Leaflet,1.9.4,Canvas,comparison-instrument-2026-10-06T15-51-13.379Z,points-5000-seed-41544c53,pan,frame_interval_ms,ms,19,49.199999999953434
Leaflet,1.9.4,Canvas,comparison-instrument-2026-10-06T15-51-13.379Z,points-5000-seed-41544c53,pan,camera_api_sync_ms,ms,19,2.8999998569488525
Leaflet,1.9.4,Canvas,comparison-instrument-2026-10-06T15-51-13.379Z,points-5000-seed-41544c53,pan,frame_interval_ms,ms,20,34.20000000006985
Leaflet,1.9.4,Canvas,comparison-instrument-2026-10-06T15-51-13.379Z,points-5000-seed-41544c53,pan,camera_api_sync_ms,ms,20,2.799999952316284
Leaflet,1.9.4,Canvas,comparison-instrument-2026-10-06T15-51-13.379Z,points-5000-seed-41544c53,pan,frame_interval_ms,ms,21,33.29999999993015
Leaflet,1.9.4,Canvas,comparison-instrument-2026-10-06T15-51-13.379Z,points-5000-seed-41544c53,pan,camera_api_sync_ms,ms,21,2.700000047683716
Leaflet,1.9.4,Canvas,comparison-instrument-2026-10-06T15-51-13.379Z,points-5000-seed-41544c53,pan,frame_interval_ms,ms,22,33.300000000046566
Leaflet,1.9.4,Canvas,comparison-instrument-2026-10-06T15-51-13.379Z,points-5000-seed-41544c53,pan,camera_api_sync_ms,ms,22,2.6000001430511475
Leaflet,1.9.4,Canvas,comparison-instrument-2026-10-06T15-51-13.379Z,points-5000-seed-41544c53,pan,frame_interval_ms,ms,23,50
Leaflet,1.9.4,Canvas,comparison-instrument-2026-10-06T15-51-13.379Z,points-5000-seed-41544c53,pan,camera_api_sync_ms,ms,23,2.700000047683716
Leaflet,1.9.4,Canvas,comparison-instrument-2026-10-06T15-51-13.379Z,points-5000-seed-41544c53,pan,frame_interval_ms,ms,24,33.40000000002328
Leaflet,1.9.4,Canvas,comparison-instrument-2026-10-06T15-51-13.379Z,points-5000-seed-41544c53,pan,camera_api_sync_ms,ms,24,2.9000000953674316
Leaflet,1.9.4,Canvas,comparison-instrument-2026-10-06T15-51-13.379Z,points-5000-seed-41544c53,pan,frame_interval_ms,ms,25,32.79999999993015
Leaflet,1.9.4,Canvas,comparison-instrument-2026-10-06T15-51-13.379Z,points-5000-seed-41544c53,pan,camera_api_sync_ms,ms,25,2.700000047683716
Leaflet,1.9.4,Canvas,comparison-instrument-2026-10-06T15-51-13.379Z,points-5000-seed-41544c53,pan,frame_interval_ms,ms,26,32.90000000002328
Leaflet,1.9.4,Canvas,comparison-instrument-2026-10-06T15-51-13.379Z,points-5000-seed-41544c53,pan,camera_api_sync_ms,ms,26,2.799999952316284
Leaflet,1.9.4,Canvas,comparison-instrument-2026-10-06T15-51-13.379Z,points-5000-seed-41544c53,pan,frame_interval_ms,ms,27,51
Leaflet,1.9.4,Canvas,comparison-instrument-2026-10-06T15-51-13.379Z,points-5000-seed-41544c53,pan,camera_api_sync_ms,ms,27,2.8000001907348633
Leaflet,1.9.4,Canvas,comparison-instrument-2026-10-06T15-51-13.379Z,points-5000-seed-41544c53,pan,frame_interval_ms,ms,28,33.300000000046566
Leaflet,1.9.4,Canvas,comparison-instrument-2026-10-06T15-51-13.379Z,points-5000-seed-41544c53,pan,camera_api_sync_ms,ms,28,2.5999999046325684
Leaflet,1.9.4,Canvas,comparison-instrument-2026-10-06T15-51-13.379Z,points-5000-seed-41544c53,pan,frame_interval_ms,ms,29,33.29999999993015
Leaflet,1.9.4,Canvas,comparison-instrument-2026-10-06T15-51-13.379Z,points-5000-seed-41544c53,pan,camera_api_sync_ms,ms,29,2.6999998092651367
Leaflet,1.9.4,Canvas,comparison-instrument-2026-10-06T15-51-13.379Z,points-5000-seed-41544c53,pan,frame_interval_ms,ms,30,33.300000000046566
Leaflet,1.9.4,Canvas,comparison-instrument-2026-10-06T15-51-13.379Z,points-5000-seed-41544c53,pan,camera_api_sync_ms,ms,30,2.5999999046325684
Leaflet,1.9.4,Canvas,comparison-instrument-2026-10-06T15-51-13.379Z,points-5000-seed-41544c53,pan,frame_interval_ms,ms,31,33.40000000002328
Leaflet,1.9.4,Canvas,comparison-instrument-2026-10-06T15-51-13.379Z,points-5000-seed-41544c53,pan,camera_api_sync_ms,ms,31,2.5
Leaflet,1.9.4,Canvas,comparison-instrument-2026-10-06T15-51-13.379Z,points-5000-seed-41544c53,pan,frame_interval_ms,ms,32,32.39999999990687
Leaflet,1.9.4,Canvas,comparison-instrument-2026-10-06T15-51-13.379Z,points-5000-seed-41544c53,pan,camera_api_sync_ms,ms,32,2.5999999046325684
Leaflet,1.9.4,Canvas,comparison-instrument-2026-10-06T15-51-13.379Z,points-5000-seed-41544c53,pan,frame_interval_ms,ms,33,50.90000000002328
Leaflet,1.9.4,Canvas,comparison-instrument-2026-10-06T15-51-13.379Z,points-5000-seed-41544c53,pan,camera_api_sync_ms,ms,33,2.700000047683716
Leaflet,1.9.4,Canvas,comparison-instrument-2026-10-06T15-51-13.379Z,points-5000-seed-41544c53,pan,frame_interval_ms,ms,34,33.40000000002328
Leaflet,1.9.4,Canvas,comparison-instrument-2026-10-06T15-51-13.379Z,points-5000-seed-41544c53,pan,camera_api_sync_ms,ms,34,2.799999952316284
Leaflet,1.9.4,Canvas,comparison-instrument-2026-10-06T15-51-13.379Z,points-5000-seed-41544c53,pan,frame_interval_ms,ms,35,32.300000000046566
Leaflet,1.9.4,Canvas,comparison-instrument-2026-10-06T15-51-13.379Z,points-5000-seed-41544c53,pan,camera_api_sync_ms,ms,35,2.700000047683716
Leaflet,1.9.4,Canvas,comparison-instrument-2026-10-06T15-51-13.379Z,points-5000-seed-41544c53,pan,frame_interval_ms,ms,36,50.89999999990687
Leaflet,1.9.4,Canvas,comparison-instrument-2026-10-06T15-51-13.379Z,points-5000-seed-41544c53,pan,camera_api_sync_ms,ms,36,2.8999998569488525
Leaflet,1.9.4,Canvas,comparison-instrument-2026-10-06T15-51-13.379Z,points-5000-seed-41544c53,pan,frame_interval_ms,ms,37,33.40000000002328
Leaflet,1.9.4,Canvas,comparison-instrument-2026-10-06T15-51-13.379Z,points-5000-seed-41544c53,pan,camera_api_sync_ms,ms,37,2.9000000953674316
Leaflet,1.9.4,Canvas,comparison-instrument-2026-10-06T15-51-13.379Z,points-5000-seed-41544c53,pan,frame_interval_ms,ms,38,33.40000000002328
Leaflet,1.9.4,Canvas,comparison-instrument-2026-10-06T15-51-13.379Z,points-5000-seed-41544c53,pan,camera_api_sync_ms,ms,38,2.700000047683716
Leaflet,1.9.4,Canvas,comparison-instrument-2026-10-06T15-51-13.379Z,points-5000-seed-41544c53,pan,frame_interval_ms,ms,39,33.300000000046566
Leaflet,1.9.4,Canvas,comparison-instrument-2026-10-06T15-51-13.379Z,points-5000-seed-41544c53,pan,camera_api_sync_ms,ms,39,2.5
Leaflet,1.9.4,Canvas,comparison-instrument-2026-10-06T15-51-13.379Z,points-5000-seed-41544c53,pan,frame_interval_ms,ms,40,50
Leaflet,1.9.4,Canvas,comparison-instrument-2026-10-06T15-51-13.379Z,points-5000-seed-41544c53,pan,camera_api_sync_ms,ms,40,2.700000047683716
Leaflet,1.9.4,Canvas,comparison-instrument-2026-10-06T15-51-13.379Z,points-5000-seed-41544c53,pan,frame_interval_ms,ms,41,32.699999999953434
Leaflet,1.9.4,Canvas,comparison-instrument-2026-10-06T15-51-13.379Z,points-5000-seed-41544c53,pan,camera_api_sync_ms,ms,41,2.5
Leaflet,1.9.4,Canvas,comparison-instrument-2026-10-06T15-51-13.379Z,points-5000-seed-41544c53,pan,frame_interval_ms,ms,42,33.90000000002328
Leaflet,1.9.4,Canvas,comparison-instrument-2026-10-06T15-51-13.379Z,points-5000-seed-41544c53,pan,camera_api_sync_ms,ms,42,2.5
Leaflet,1.9.4,Canvas,comparison-instrument-2026-10-06T15-51-13.379Z,points-5000-seed-41544c53,pan,motion_elapsed_ms,ms,0,1533.2000000000698
Leaflet,1.9.4,Canvas,comparison-instrument-2026-10-06T15-51-13.379Z,points-5000-seed-41544c53,pan,camera_updates,count,0,43
Leaflet,1.9.4,Canvas,comparison-instrument-2026-10-06T15-51-13.379Z,points-5000-seed-41544c53,pan,svg_attribute_writes,N/A,0,N/A
Leaflet,1.9.4,Canvas,comparison-instrument-2026-10-06T15-51-13.379Z,points-5000-seed-41544c53,pan,svg_attribute_removals,N/A,0,N/A
Leaflet,1.9.4,Canvas,comparison-instrument-2026-10-06T15-51-13.379Z,points-5000-seed-41544c53,pan,dom_added_nodes,N/A,0,N/A
Leaflet,1.9.4,Canvas,comparison-instrument-2026-10-06T15-51-13.379Z,points-5000-seed-41544c53,pan,dom_removed_nodes,N/A,0,N/A
Atlas,f393bc3bb2ad,SVG,comparison-instrument-2026-10-06T15-51-13.379Z,points-5000-seed-41544c53,zoom,frame_interval_ms,ms,0,17.599999999976717
Atlas,f393bc3bb2ad,SVG,comparison-instrument-2026-10-06T15-51-13.379Z,points-5000-seed-41544c53,zoom,camera_api_sync_ms,ms,0,0
Atlas,f393bc3bb2ad,SVG,comparison-instrument-2026-10-06T15-51-13.379Z,points-5000-seed-41544c53,zoom,frame_interval_ms,ms,1,16.699999999953434
Atlas,f393bc3bb2ad,SVG,comparison-instrument-2026-10-06T15-51-13.379Z,points-5000-seed-41544c53,zoom,camera_api_sync_ms,ms,1,0
Atlas,f393bc3bb2ad,SVG,comparison-instrument-2026-10-06T15-51-13.379Z,points-5000-seed-41544c53,zoom,frame_interval_ms,ms,2,16.70000000006985
Atlas,f393bc3bb2ad,SVG,comparison-instrument-2026-10-06T15-51-13.379Z,points-5000-seed-41544c53,zoom,camera_api_sync_ms,ms,2,0
Atlas,f393bc3bb2ad,SVG,comparison-instrument-2026-10-06T15-51-13.379Z,points-5000-seed-41544c53,zoom,frame_interval_ms,ms,3,33.29999999993015
Atlas,f393bc3bb2ad,SVG,comparison-instrument-2026-10-06T15-51-13.379Z,points-5000-seed-41544c53,zoom,camera_api_sync_ms,ms,3,0
Atlas,f393bc3bb2ad,SVG,comparison-instrument-2026-10-06T15-51-13.379Z,points-5000-seed-41544c53,zoom,frame_interval_ms,ms,4,32.5
Atlas,f393bc3bb2ad,SVG,comparison-instrument-2026-10-06T15-51-13.379Z,points-5000-seed-41544c53,zoom,camera_api_sync_ms,ms,4,0
Atlas,f393bc3bb2ad,SVG,comparison-instrument-2026-10-06T15-51-13.379Z,points-5000-seed-41544c53,zoom,frame_interval_ms,ms,5,34.20000000006985
Atlas,f393bc3bb2ad,SVG,comparison-instrument-2026-10-06T15-51-13.379Z,points-5000-seed-41544c53,zoom,camera_api_sync_ms,ms,5,0
Atlas,f393bc3bb2ad,SVG,comparison-instrument-2026-10-06T15-51-13.379Z,points-5000-seed-41544c53,zoom,frame_interval_ms,ms,6,32.39999999990687
Atlas,f393bc3bb2ad,SVG,comparison-instrument-2026-10-06T15-51-13.379Z,points-5000-seed-41544c53,zoom,camera_api_sync_ms,ms,6,0
Atlas,f393bc3bb2ad,SVG,comparison-instrument-2026-10-06T15-51-13.379Z,points-5000-seed-41544c53,zoom,frame_interval_ms,ms,7,33.70000000006985
Atlas,f393bc3bb2ad,SVG,comparison-instrument-2026-10-06T15-51-13.379Z,points-5000-seed-41544c53,zoom,camera_api_sync_ms,ms,7,0.09999990463256836
Atlas,f393bc3bb2ad,SVG,comparison-instrument-2026-10-06T15-51-13.379Z,points-5000-seed-41544c53,zoom,frame_interval_ms,ms,8,17.199999999953434
Atlas,f393bc3bb2ad,SVG,comparison-instrument-2026-10-06T15-51-13.379Z,points-5000-seed-41544c53,zoom,camera_api_sync_ms,ms,8,0
Atlas,f393bc3bb2ad,SVG,comparison-instrument-2026-10-06T15-51-13.379Z,points-5000-seed-41544c53,zoom,frame_interval_ms,ms,9,32.5
Atlas,f393bc3bb2ad,SVG,comparison-instrument-2026-10-06T15-51-13.379Z,points-5000-seed-41544c53,zoom,camera_api_sync_ms,ms,9,0.09999990463256836
Atlas,f393bc3bb2ad,SVG,comparison-instrument-2026-10-06T15-51-13.379Z,points-5000-seed-41544c53,zoom,frame_interval_ms,ms,10,34.09999999997672
Atlas,f393bc3bb2ad,SVG,comparison-instrument-2026-10-06T15-51-13.379Z,points-5000-seed-41544c53,zoom,camera_api_sync_ms,ms,10,0
Atlas,f393bc3bb2ad,SVG,comparison-instrument-2026-10-06T15-51-13.379Z,points-5000-seed-41544c53,zoom,frame_interval_ms,ms,11,33.40000000002328
Atlas,f393bc3bb2ad,SVG,comparison-instrument-2026-10-06T15-51-13.379Z,points-5000-seed-41544c53,zoom,camera_api_sync_ms,ms,11,0.09999990463256836
Atlas,f393bc3bb2ad,SVG,comparison-instrument-2026-10-06T15-51-13.379Z,points-5000-seed-41544c53,zoom,frame_interval_ms,ms,12,33.300000000046566
Atlas,f393bc3bb2ad,SVG,comparison-instrument-2026-10-06T15-51-13.379Z,points-5000-seed-41544c53,zoom,camera_api_sync_ms,ms,12,0.09999990463256836
Atlas,f393bc3bb2ad,SVG,comparison-instrument-2026-10-06T15-51-13.379Z,points-5000-seed-41544c53,zoom,frame_interval_ms,ms,13,33.40000000002328
Atlas,f393bc3bb2ad,SVG,comparison-instrument-2026-10-06T15-51-13.379Z,points-5000-seed-41544c53,zoom,camera_api_sync_ms,ms,13,0
Atlas,f393bc3bb2ad,SVG,comparison-instrument-2026-10-06T15-51-13.379Z,points-5000-seed-41544c53,zoom,frame_interval_ms,ms,14,33.29999999993015
Atlas,f393bc3bb2ad,SVG,comparison-instrument-2026-10-06T15-51-13.379Z,points-5000-seed-41544c53,zoom,camera_api_sync_ms,ms,14,0
Atlas,f393bc3bb2ad,SVG,comparison-instrument-2026-10-06T15-51-13.379Z,points-5000-seed-41544c53,zoom,frame_interval_ms,ms,15,33.300000000046566
Atlas,f393bc3bb2ad,SVG,comparison-instrument-2026-10-06T15-51-13.379Z,points-5000-seed-41544c53,zoom,camera_api_sync_ms,ms,15,0
Atlas,f393bc3bb2ad,SVG,comparison-instrument-2026-10-06T15-51-13.379Z,points-5000-seed-41544c53,zoom,frame_interval_ms,ms,16,16.699999999953434
Atlas,f393bc3bb2ad,SVG,comparison-instrument-2026-10-06T15-51-13.379Z,points-5000-seed-41544c53,zoom,camera_api_sync_ms,ms,16,0
Atlas,f393bc3bb2ad,SVG,comparison-instrument-2026-10-06T15-51-13.379Z,points-5000-seed-41544c53,zoom,frame_interval_ms,ms,17,33.300000000046566
Atlas,f393bc3bb2ad,SVG,comparison-instrument-2026-10-06T15-51-13.379Z,points-5000-seed-41544c53,zoom,camera_api_sync_ms,ms,17,0
Atlas,f393bc3bb2ad,SVG,comparison-instrument-2026-10-06T15-51-13.379Z,points-5000-seed-41544c53,zoom,frame_interval_ms,ms,18,33.40000000002328
Atlas,f393bc3bb2ad,SVG,comparison-instrument-2026-10-06T15-51-13.379Z,points-5000-seed-41544c53,zoom,camera_api_sync_ms,ms,18,0
Atlas,f393bc3bb2ad,SVG,comparison-instrument-2026-10-06T15-51-13.379Z,points-5000-seed-41544c53,zoom,frame_interval_ms,ms,19,33.29999999993015
Atlas,f393bc3bb2ad,SVG,comparison-instrument-2026-10-06T15-51-13.379Z,points-5000-seed-41544c53,zoom,camera_api_sync_ms,ms,19,0
Atlas,f393bc3bb2ad,SVG,comparison-instrument-2026-10-06T15-51-13.379Z,points-5000-seed-41544c53,zoom,frame_interval_ms,ms,20,33.300000000046566
Atlas,f393bc3bb2ad,SVG,comparison-instrument-2026-10-06T15-51-13.379Z,points-5000-seed-41544c53,zoom,camera_api_sync_ms,ms,20,0
Atlas,f393bc3bb2ad,SVG,comparison-instrument-2026-10-06T15-51-13.379Z,points-5000-seed-41544c53,zoom,frame_interval_ms,ms,21,33.40000000002328
Atlas,f393bc3bb2ad,SVG,comparison-instrument-2026-10-06T15-51-13.379Z,points-5000-seed-41544c53,zoom,camera_api_sync_ms,ms,21,0
Atlas,f393bc3bb2ad,SVG,comparison-instrument-2026-10-06T15-51-13.379Z,points-5000-seed-41544c53,zoom,frame_interval_ms,ms,22,16.699999999953434
Atlas,f393bc3bb2ad,SVG,comparison-instrument-2026-10-06T15-51-13.379Z,points-5000-seed-41544c53,zoom,camera_api_sync_ms,ms,22,0
Atlas,f393bc3bb2ad,SVG,comparison-instrument-2026-10-06T15-51-13.379Z,points-5000-seed-41544c53,zoom,frame_interval_ms,ms,23,33.199999999953434
Atlas,f393bc3bb2ad,SVG,comparison-instrument-2026-10-06T15-51-13.379Z,points-5000-seed-41544c53,zoom,camera_api_sync_ms,ms,23,0
Atlas,f393bc3bb2ad,SVG,comparison-instrument-2026-10-06T15-51-13.379Z,points-5000-seed-41544c53,zoom,frame_interval_ms,ms,24,33.40000000002328
Atlas,f393bc3bb2ad,SVG,comparison-instrument-2026-10-06T15-51-13.379Z,points-5000-seed-41544c53,zoom,camera_api_sync_ms,ms,24,0
Atlas,f393bc3bb2ad,SVG,comparison-instrument-2026-10-06T15-51-13.379Z,points-5000-seed-41544c53,zoom,frame_interval_ms,ms,25,32.40000000002328
Atlas,f393bc3bb2ad,SVG,comparison-instrument-2026-10-06T15-51-13.379Z,points-5000-seed-41544c53,zoom,camera_api_sync_ms,ms,25,0
Atlas,f393bc3bb2ad,SVG,comparison-instrument-2026-10-06T15-51-13.379Z,points-5000-seed-41544c53,zoom,frame_interval_ms,ms,26,34.300000000046566
Atlas,f393bc3bb2ad,SVG,comparison-instrument-2026-10-06T15-51-13.379Z,points-5000-seed-41544c53,zoom,camera_api_sync_ms,ms,26,0
Atlas,f393bc3bb2ad,SVG,comparison-instrument-2026-10-06T15-51-13.379Z,points-5000-seed-41544c53,zoom,frame_interval_ms,ms,27,16.599999999976717
Atlas,f393bc3bb2ad,SVG,comparison-instrument-2026-10-06T15-51-13.379Z,points-5000-seed-41544c53,zoom,camera_api_sync_ms,ms,27,0
Atlas,f393bc3bb2ad,SVG,comparison-instrument-2026-10-06T15-51-13.379Z,points-5000-seed-41544c53,zoom,frame_interval_ms,ms,28,32.40000000002328
Atlas,f393bc3bb2ad,SVG,comparison-instrument-2026-10-06T15-51-13.379Z,points-5000-seed-41544c53,zoom,camera_api_sync_ms,ms,28,0
Atlas,f393bc3bb2ad,SVG,comparison-instrument-2026-10-06T15-51-13.379Z,points-5000-seed-41544c53,zoom,frame_interval_ms,ms,29,34.29999999993015
Atlas,f393bc3bb2ad,SVG,comparison-instrument-2026-10-06T15-51-13.379Z,points-5000-seed-41544c53,zoom,camera_api_sync_ms,ms,29,0
Atlas,f393bc3bb2ad,SVG,comparison-instrument-2026-10-06T15-51-13.379Z,points-5000-seed-41544c53,zoom,frame_interval_ms,ms,30,33.300000000046566
Atlas,f393bc3bb2ad,SVG,comparison-instrument-2026-10-06T15-51-13.379Z,points-5000-seed-41544c53,zoom,camera_api_sync_ms,ms,30,0
Atlas,f393bc3bb2ad,SVG,comparison-instrument-2026-10-06T15-51-13.379Z,points-5000-seed-41544c53,zoom,frame_interval_ms,ms,31,32.40000000002328
Atlas,f393bc3bb2ad,SVG,comparison-instrument-2026-10-06T15-51-13.379Z,points-5000-seed-41544c53,zoom,camera_api_sync_ms,ms,31,0.09999990463256836
Atlas,f393bc3bb2ad,SVG,comparison-instrument-2026-10-06T15-51-13.379Z,points-5000-seed-41544c53,zoom,frame_interval_ms,ms,32,34.29999999993015
Atlas,f393bc3bb2ad,SVG,comparison-instrument-2026-10-06T15-51-13.379Z,points-5000-seed-41544c53,zoom,camera_api_sync_ms,ms,32,0
Atlas,f393bc3bb2ad,SVG,comparison-instrument-2026-10-06T15-51-13.379Z,points-5000-seed-41544c53,zoom,frame_interval_ms,ms,33,33.40000000002328
Atlas,f393bc3bb2ad,SVG,comparison-instrument-2026-10-06T15-51-13.379Z,points-5000-seed-41544c53,zoom,camera_api_sync_ms,ms,33,0.09999990463256836
Atlas,f393bc3bb2ad,SVG,comparison-instrument-2026-10-06T15-51-13.379Z,points-5000-seed-41544c53,zoom,frame_interval_ms,ms,34,16.599999999976717
Atlas,f393bc3bb2ad,SVG,comparison-instrument-2026-10-06T15-51-13.379Z,points-5000-seed-41544c53,zoom,camera_api_sync_ms,ms,34,0
Atlas,f393bc3bb2ad,SVG,comparison-instrument-2026-10-06T15-51-13.379Z,points-5000-seed-41544c53,zoom,frame_interval_ms,ms,35,32.40000000002328
Atlas,f393bc3bb2ad,SVG,comparison-instrument-2026-10-06T15-51-13.379Z,points-5000-seed-41544c53,zoom,camera_api_sync_ms,ms,35,0.09999990463256836
Atlas,f393bc3bb2ad,SVG,comparison-instrument-2026-10-06T15-51-13.379Z,points-5000-seed-41544c53,zoom,frame_interval_ms,ms,36,34.300000000046566
Atlas,f393bc3bb2ad,SVG,comparison-instrument-2026-10-06T15-51-13.379Z,points-5000-seed-41544c53,zoom,camera_api_sync_ms,ms,36,0
Atlas,f393bc3bb2ad,SVG,comparison-instrument-2026-10-06T15-51-13.379Z,points-5000-seed-41544c53,zoom,frame_interval_ms,ms,37,33.29999999993015
Atlas,f393bc3bb2ad,SVG,comparison-instrument-2026-10-06T15-51-13.379Z,points-5000-seed-41544c53,zoom,camera_api_sync_ms,ms,37,0
Atlas,f393bc3bb2ad,SVG,comparison-instrument-2026-10-06T15-51-13.379Z,points-5000-seed-41544c53,zoom,frame_interval_ms,ms,38,33.40000000002328
Atlas,f393bc3bb2ad,SVG,comparison-instrument-2026-10-06T15-51-13.379Z,points-5000-seed-41544c53,zoom,camera_api_sync_ms,ms,38,0
Atlas,f393bc3bb2ad,SVG,comparison-instrument-2026-10-06T15-51-13.379Z,points-5000-seed-41544c53,zoom,frame_interval_ms,ms,39,32.40000000002328
Atlas,f393bc3bb2ad,SVG,comparison-instrument-2026-10-06T15-51-13.379Z,points-5000-seed-41544c53,zoom,camera_api_sync_ms,ms,39,0
Atlas,f393bc3bb2ad,SVG,comparison-instrument-2026-10-06T15-51-13.379Z,points-5000-seed-41544c53,zoom,frame_interval_ms,ms,40,17.5
Atlas,f393bc3bb2ad,SVG,comparison-instrument-2026-10-06T15-51-13.379Z,points-5000-seed-41544c53,zoom,camera_api_sync_ms,ms,40,0
Atlas,f393bc3bb2ad,SVG,comparison-instrument-2026-10-06T15-51-13.379Z,points-5000-seed-41544c53,zoom,frame_interval_ms,ms,41,33.40000000002328
Atlas,f393bc3bb2ad,SVG,comparison-instrument-2026-10-06T15-51-13.379Z,points-5000-seed-41544c53,zoom,camera_api_sync_ms,ms,41,0
Atlas,f393bc3bb2ad,SVG,comparison-instrument-2026-10-06T15-51-13.379Z,points-5000-seed-41544c53,zoom,frame_interval_ms,ms,42,32.5
Atlas,f393bc3bb2ad,SVG,comparison-instrument-2026-10-06T15-51-13.379Z,points-5000-seed-41544c53,zoom,camera_api_sync_ms,ms,42,0
Atlas,f393bc3bb2ad,SVG,comparison-instrument-2026-10-06T15-51-13.379Z,points-5000-seed-41544c53,zoom,frame_interval_ms,ms,43,34.09999999997672
Atlas,f393bc3bb2ad,SVG,comparison-instrument-2026-10-06T15-51-13.379Z,points-5000-seed-41544c53,zoom,camera_api_sync_ms,ms,43,0
Atlas,f393bc3bb2ad,SVG,comparison-instrument-2026-10-06T15-51-13.379Z,points-5000-seed-41544c53,zoom,frame_interval_ms,ms,44,33.29999999993015
Atlas,f393bc3bb2ad,SVG,comparison-instrument-2026-10-06T15-51-13.379Z,points-5000-seed-41544c53,zoom,camera_api_sync_ms,ms,44,0
Atlas,f393bc3bb2ad,SVG,comparison-instrument-2026-10-06T15-51-13.379Z,points-5000-seed-41544c53,zoom,frame_interval_ms,ms,45,33.40000000002328
Atlas,f393bc3bb2ad,SVG,comparison-instrument-2026-10-06T15-51-13.379Z,points-5000-seed-41544c53,zoom,camera_api_sync_ms,ms,45,0.09999990463256836
Atlas,f393bc3bb2ad,SVG,comparison-instrument-2026-10-06T15-51-13.379Z,points-5000-seed-41544c53,zoom,frame_interval_ms,ms,46,32.40000000002328
Atlas,f393bc3bb2ad,SVG,comparison-instrument-2026-10-06T15-51-13.379Z,points-5000-seed-41544c53,zoom,camera_api_sync_ms,ms,46,0
Atlas,f393bc3bb2ad,SVG,comparison-instrument-2026-10-06T15-51-13.379Z,points-5000-seed-41544c53,zoom,frame_interval_ms,ms,47,17.599999999976717
Atlas,f393bc3bb2ad,SVG,comparison-instrument-2026-10-06T15-51-13.379Z,points-5000-seed-41544c53,zoom,camera_api_sync_ms,ms,47,0
Atlas,f393bc3bb2ad,SVG,comparison-instrument-2026-10-06T15-51-13.379Z,points-5000-seed-41544c53,zoom,frame_interval_ms,ms,48,33.300000000046566
Atlas,f393bc3bb2ad,SVG,comparison-instrument-2026-10-06T15-51-13.379Z,points-5000-seed-41544c53,zoom,camera_api_sync_ms,ms,48,0
Atlas,f393bc3bb2ad,SVG,comparison-instrument-2026-10-06T15-51-13.379Z,points-5000-seed-41544c53,zoom,frame_interval_ms,ms,49,32.5
Atlas,f393bc3bb2ad,SVG,comparison-instrument-2026-10-06T15-51-13.379Z,points-5000-seed-41544c53,zoom,camera_api_sync_ms,ms,49,0.10000014305114746
Atlas,f393bc3bb2ad,SVG,comparison-instrument-2026-10-06T15-51-13.379Z,points-5000-seed-41544c53,zoom,motion_elapsed_ms,ms,0,1500.0999999999767
Atlas,f393bc3bb2ad,SVG,comparison-instrument-2026-10-06T15-51-13.379Z,points-5000-seed-41544c53,zoom,camera_updates,count,0,50
Atlas,f393bc3bb2ad,SVG,comparison-instrument-2026-10-06T15-51-13.379Z,points-5000-seed-41544c53,zoom,svg_attribute_writes,count,0,500150
Atlas,f393bc3bb2ad,SVG,comparison-instrument-2026-10-06T15-51-13.379Z,points-5000-seed-41544c53,zoom,svg_attribute_removals,count,0,250000
Atlas,f393bc3bb2ad,SVG,comparison-instrument-2026-10-06T15-51-13.379Z,points-5000-seed-41544c53,zoom,dom_added_nodes,count,0,0
Atlas,f393bc3bb2ad,SVG,comparison-instrument-2026-10-06T15-51-13.379Z,points-5000-seed-41544c53,zoom,dom_removed_nodes,count,0,0
Leaflet,1.9.4,SVG,comparison-instrument-2026-10-06T15-51-13.379Z,points-5000-seed-41544c53,zoom,frame_interval_ms,ms,0,16.70000000006985
Leaflet,1.9.4,SVG,comparison-instrument-2026-10-06T15-51-13.379Z,points-5000-seed-41544c53,zoom,camera_api_sync_ms,ms,0,13.700000047683716
Leaflet,1.9.4,SVG,comparison-instrument-2026-10-06T15-51-13.379Z,points-5000-seed-41544c53,zoom,frame_interval_ms,ms,1,16.699999999953434
Leaflet,1.9.4,SVG,comparison-instrument-2026-10-06T15-51-13.379Z,points-5000-seed-41544c53,zoom,camera_api_sync_ms,ms,1,14.600000143051147
Leaflet,1.9.4,SVG,comparison-instrument-2026-10-06T15-51-13.379Z,points-5000-seed-41544c53,zoom,frame_interval_ms,ms,2,33.300000000046566
Leaflet,1.9.4,SVG,comparison-instrument-2026-10-06T15-51-13.379Z,points-5000-seed-41544c53,zoom,camera_api_sync_ms,ms,2,14.199999809265137
Leaflet,1.9.4,SVG,comparison-instrument-2026-10-06T15-51-13.379Z,points-5000-seed-41544c53,zoom,frame_interval_ms,ms,3,33.40000000002328
Leaflet,1.9.4,SVG,comparison-instrument-2026-10-06T15-51-13.379Z,points-5000-seed-41544c53,zoom,camera_api_sync_ms,ms,3,18.100000143051147
Leaflet,1.9.4,SVG,comparison-instrument-2026-10-06T15-51-13.379Z,points-5000-seed-41544c53,zoom,frame_interval_ms,ms,4,49.89999999990687
Leaflet,1.9.4,SVG,comparison-instrument-2026-10-06T15-51-13.379Z,points-5000-seed-41544c53,zoom,camera_api_sync_ms,ms,4,16.59999990463257
Leaflet,1.9.4,SVG,comparison-instrument-2026-10-06T15-51-13.379Z,points-5000-seed-41544c53,zoom,frame_interval_ms,ms,5,33.40000000002328
Leaflet,1.9.4,SVG,comparison-instrument-2026-10-06T15-51-13.379Z,points-5000-seed-41544c53,zoom,camera_api_sync_ms,ms,5,15
Leaflet,1.9.4,SVG,comparison-instrument-2026-10-06T15-51-13.379Z,points-5000-seed-41544c53,zoom,frame_interval_ms,ms,6,32.40000000002328
Leaflet,1.9.4,SVG,comparison-instrument-2026-10-06T15-51-13.379Z,points-5000-seed-41544c53,zoom,camera_api_sync_ms,ms,6,15.700000047683716
Leaflet,1.9.4,SVG,comparison-instrument-2026-10-06T15-51-13.379Z,points-5000-seed-41544c53,zoom,frame_interval_ms,ms,7,34.199999999953434
Leaflet,1.9.4,SVG,comparison-instrument-2026-10-06T15-51-13.379Z,points-5000-seed-41544c53,zoom,camera_api_sync_ms,ms,7,18.200000047683716
Leaflet,1.9.4,SVG,comparison-instrument-2026-10-06T15-51-13.379Z,points-5000-seed-41544c53,zoom,frame_interval_ms,ms,8,33.40000000002328
Leaflet,1.9.4,SVG,comparison-instrument-2026-10-06T15-51-13.379Z,points-5000-seed-41544c53,zoom,camera_api_sync_ms,ms,8,15.599999904632568
Leaflet,1.9.4,SVG,comparison-instrument-2026-10-06T15-51-13.379Z,points-5000-seed-41544c53,zoom,frame_interval_ms,ms,9,50
Leaflet,1.9.4,SVG,comparison-instrument-2026-10-06T15-51-13.379Z,points-5000-seed-41544c53,zoom,camera_api_sync_ms,ms,9,15.5
Leaflet,1.9.4,SVG,comparison-instrument-2026-10-06T15-51-13.379Z,points-5000-seed-41544c53,zoom,frame_interval_ms,ms,10,33.300000000046566
Leaflet,1.9.4,SVG,comparison-instrument-2026-10-06T15-51-13.379Z,points-5000-seed-41544c53,zoom,camera_api_sync_ms,ms,10,14.700000047683716
Leaflet,1.9.4,SVG,comparison-instrument-2026-10-06T15-51-13.379Z,points-5000-seed-41544c53,zoom,frame_interval_ms,ms,11,33.40000000002328
Leaflet,1.9.4,SVG,comparison-instrument-2026-10-06T15-51-13.379Z,points-5000-seed-41544c53,zoom,camera_api_sync_ms,ms,11,15.900000095367432
Leaflet,1.9.4,SVG,comparison-instrument-2026-10-06T15-51-13.379Z,points-5000-seed-41544c53,zoom,frame_interval_ms,ms,12,33.29999999993015
Leaflet,1.9.4,SVG,comparison-instrument-2026-10-06T15-51-13.379Z,points-5000-seed-41544c53,zoom,camera_api_sync_ms,ms,12,13.5
Leaflet,1.9.4,SVG,comparison-instrument-2026-10-06T15-51-13.379Z,points-5000-seed-41544c53,zoom,frame_interval_ms,ms,13,32.40000000002328
Leaflet,1.9.4,SVG,comparison-instrument-2026-10-06T15-51-13.379Z,points-5000-seed-41544c53,zoom,camera_api_sync_ms,ms,13,14.100000143051147
Leaflet,1.9.4,SVG,comparison-instrument-2026-10-06T15-51-13.379Z,points-5000-seed-41544c53,zoom,frame_interval_ms,ms,14,34.199999999953434
Leaflet,1.9.4,SVG,comparison-instrument-2026-10-06T15-51-13.379Z,points-5000-seed-41544c53,zoom,camera_api_sync_ms,ms,14,11.899999856948853
Leaflet,1.9.4,SVG,comparison-instrument-2026-10-06T15-51-13.379Z,points-5000-seed-41544c53,zoom,frame_interval_ms,ms,15,32.5
Leaflet,1.9.4,SVG,comparison-instrument-2026-10-06T15-51-13.379Z,points-5000-seed-41544c53,zoom,camera_api_sync_ms,ms,15,11.200000047683716
Leaflet,1.9.4,SVG,comparison-instrument-2026-10-06T15-51-13.379Z,points-5000-seed-41544c53,zoom,frame_interval_ms,ms,16,34.300000000046566
Leaflet,1.9.4,SVG,comparison-instrument-2026-10-06T15-51-13.379Z,points-5000-seed-41544c53,zoom,camera_api_sync_ms,ms,16,11.899999856948853
Leaflet,1.9.4,SVG,comparison-instrument-2026-10-06T15-51-13.379Z,points-5000-seed-41544c53,zoom,frame_interval_ms,ms,17,33.199999999953434
Leaflet,1.9.4,SVG,comparison-instrument-2026-10-06T15-51-13.379Z,points-5000-seed-41544c53,zoom,camera_api_sync_ms,ms,17,12.799999952316284
Leaflet,1.9.4,SVG,comparison-instrument-2026-10-06T15-51-13.379Z,points-5000-seed-41544c53,zoom,frame_interval_ms,ms,18,16.70000000006985
Leaflet,1.9.4,SVG,comparison-instrument-2026-10-06T15-51-13.379Z,points-5000-seed-41544c53,zoom,camera_api_sync_ms,ms,18,11.100000143051147
Leaflet,1.9.4,SVG,comparison-instrument-2026-10-06T15-51-13.379Z,points-5000-seed-41544c53,zoom,frame_interval_ms,ms,19,50
Leaflet,1.9.4,SVG,comparison-instrument-2026-10-06T15-51-13.379Z,points-5000-seed-41544c53,zoom,camera_api_sync_ms,ms,19,40.5
Leaflet,1.9.4,SVG,comparison-instrument-2026-10-06T15-51-13.379Z,points-5000-seed-41544c53,zoom,frame_interval_ms,ms,20,66.69999999995343
Leaflet,1.9.4,SVG,comparison-instrument-2026-10-06T15-51-13.379Z,points-5000-seed-41544c53,zoom,camera_api_sync_ms,ms,20,11.900000095367432
Leaflet,1.9.4,SVG,comparison-instrument-2026-10-06T15-51-13.379Z,points-5000-seed-41544c53,zoom,frame_interval_ms,ms,21,16.599999999976717
Leaflet,1.9.4,SVG,comparison-instrument-2026-10-06T15-51-13.379Z,points-5000-seed-41544c53,zoom,camera_api_sync_ms,ms,21,11.700000047683716
Leaflet,1.9.4,SVG,comparison-instrument-2026-10-06T15-51-13.379Z,points-5000-seed-41544c53,zoom,frame_interval_ms,ms,22,33.40000000002328
Leaflet,1.9.4,SVG,comparison-instrument-2026-10-06T15-51-13.379Z,points-5000-seed-41544c53,zoom,camera_api_sync_ms,ms,22,11.900000095367432
Leaflet,1.9.4,SVG,comparison-instrument-2026-10-06T15-51-13.379Z,points-5000-seed-41544c53,zoom,frame_interval_ms,ms,23,32.300000000046566
Leaflet,1.9.4,SVG,comparison-instrument-2026-10-06T15-51-13.379Z,points-5000-seed-41544c53,zoom,camera_api_sync_ms,ms,23,12.400000095367432
Leaflet,1.9.4,SVG,comparison-instrument-2026-10-06T15-51-13.379Z,points-5000-seed-41544c53,zoom,frame_interval_ms,ms,24,33.5
Leaflet,1.9.4,SVG,comparison-instrument-2026-10-06T15-51-13.379Z,points-5000-seed-41544c53,zoom,camera_api_sync_ms,ms,24,11.400000095367432
Leaflet,1.9.4,SVG,comparison-instrument-2026-10-06T15-51-13.379Z,points-5000-seed-41544c53,zoom,frame_interval_ms,ms,25,33.199999999953434
Leaflet,1.9.4,SVG,comparison-instrument-2026-10-06T15-51-13.379Z,points-5000-seed-41544c53,zoom,camera_api_sync_ms,ms,25,12.599999904632568
Leaflet,1.9.4,SVG,comparison-instrument-2026-10-06T15-51-13.379Z,points-5000-seed-41544c53,zoom,frame_interval_ms,ms,26,34.40000000002328
Leaflet,1.9.4,SVG,comparison-instrument-2026-10-06T15-51-13.379Z,points-5000-seed-41544c53,zoom,camera_api_sync_ms,ms,26,12.099999904632568
Leaflet,1.9.4,SVG,comparison-instrument-2026-10-06T15-51-13.379Z,points-5000-seed-41544c53,zoom,frame_interval_ms,ms,27,33.199999999953434
Leaflet,1.9.4,SVG,comparison-instrument-2026-10-06T15-51-13.379Z,points-5000-seed-41544c53,zoom,camera_api_sync_ms,ms,27,11.800000190734863
Leaflet,1.9.4,SVG,comparison-instrument-2026-10-06T15-51-13.379Z,points-5000-seed-41544c53,zoom,frame_interval_ms,ms,28,33.40000000002328
Leaflet,1.9.4,SVG,comparison-instrument-2026-10-06T15-51-13.379Z,points-5000-seed-41544c53,zoom,camera_api_sync_ms,ms,28,12
Leaflet,1.9.4,SVG,comparison-instrument-2026-10-06T15-51-13.379Z,points-5000-seed-41544c53,zoom,frame_interval_ms,ms,29,33.09999999997672
Leaflet,1.9.4,SVG,comparison-instrument-2026-10-06T15-51-13.379Z,points-5000-seed-41544c53,zoom,camera_api_sync_ms,ms,29,12.299999952316284
Leaflet,1.9.4,SVG,comparison-instrument-2026-10-06T15-51-13.379Z,points-5000-seed-41544c53,zoom,frame_interval_ms,ms,30,33.60000000009313
Leaflet,1.9.4,SVG,comparison-instrument-2026-10-06T15-51-13.379Z,points-5000-seed-41544c53,zoom,camera_api_sync_ms,ms,30,12.899999856948853
Leaflet,1.9.4,SVG,comparison-instrument-2026-10-06T15-51-13.379Z,points-5000-seed-41544c53,zoom,frame_interval_ms,ms,31,33.29999999993015
Leaflet,1.9.4,SVG,comparison-instrument-2026-10-06T15-51-13.379Z,points-5000-seed-41544c53,zoom,camera_api_sync_ms,ms,31,11.599999904632568
Leaflet,1.9.4,SVG,comparison-instrument-2026-10-06T15-51-13.379Z,points-5000-seed-41544c53,zoom,frame_interval_ms,ms,32,33.40000000002328
Leaflet,1.9.4,SVG,comparison-instrument-2026-10-06T15-51-13.379Z,points-5000-seed-41544c53,zoom,camera_api_sync_ms,ms,32,14.100000143051147
Leaflet,1.9.4,SVG,comparison-instrument-2026-10-06T15-51-13.379Z,points-5000-seed-41544c53,zoom,frame_interval_ms,ms,33,33.199999999953434
Leaflet,1.9.4,SVG,comparison-instrument-2026-10-06T15-51-13.379Z,points-5000-seed-41544c53,zoom,camera_api_sync_ms,ms,33,14.5
Leaflet,1.9.4,SVG,comparison-instrument-2026-10-06T15-51-13.379Z,points-5000-seed-41544c53,zoom,frame_interval_ms,ms,34,33.40000000002328
Leaflet,1.9.4,SVG,comparison-instrument-2026-10-06T15-51-13.379Z,points-5000-seed-41544c53,zoom,camera_api_sync_ms,ms,34,13.600000143051147
Leaflet,1.9.4,SVG,comparison-instrument-2026-10-06T15-51-13.379Z,points-5000-seed-41544c53,zoom,frame_interval_ms,ms,35,33.300000000046566
Leaflet,1.9.4,SVG,comparison-instrument-2026-10-06T15-51-13.379Z,points-5000-seed-41544c53,zoom,camera_api_sync_ms,ms,35,16.299999952316284
Leaflet,1.9.4,SVG,comparison-instrument-2026-10-06T15-51-13.379Z,points-5000-seed-41544c53,zoom,frame_interval_ms,ms,36,50
Leaflet,1.9.4,SVG,comparison-instrument-2026-10-06T15-51-13.379Z,points-5000-seed-41544c53,zoom,camera_api_sync_ms,ms,36,14.799999952316284
Leaflet,1.9.4,SVG,comparison-instrument-2026-10-06T15-51-13.379Z,points-5000-seed-41544c53,zoom,frame_interval_ms,ms,37,33.29999999993015
Leaflet,1.9.4,SVG,comparison-instrument-2026-10-06T15-51-13.379Z,points-5000-seed-41544c53,zoom,camera_api_sync_ms,ms,37,15.5
Leaflet,1.9.4,SVG,comparison-instrument-2026-10-06T15-51-13.379Z,points-5000-seed-41544c53,zoom,frame_interval_ms,ms,38,33.40000000002328
Leaflet,1.9.4,SVG,comparison-instrument-2026-10-06T15-51-13.379Z,points-5000-seed-41544c53,zoom,camera_api_sync_ms,ms,38,15.599999904632568
Leaflet,1.9.4,SVG,comparison-instrument-2026-10-06T15-51-13.379Z,points-5000-seed-41544c53,zoom,frame_interval_ms,ms,39,49.300000000046566
Leaflet,1.9.4,SVG,comparison-instrument-2026-10-06T15-51-13.379Z,points-5000-seed-41544c53,zoom,camera_api_sync_ms,ms,39,16.899999856948853
Leaflet,1.9.4,SVG,comparison-instrument-2026-10-06T15-51-13.379Z,points-5000-seed-41544c53,zoom,frame_interval_ms,ms,40,34.09999999997672
Leaflet,1.9.4,SVG,comparison-instrument-2026-10-06T15-51-13.379Z,points-5000-seed-41544c53,zoom,camera_api_sync_ms,ms,40,16.09999990463257
Leaflet,1.9.4,SVG,comparison-instrument-2026-10-06T15-51-13.379Z,points-5000-seed-41544c53,zoom,frame_interval_ms,ms,41,33.199999999953434
Leaflet,1.9.4,SVG,comparison-instrument-2026-10-06T15-51-13.379Z,points-5000-seed-41544c53,zoom,camera_api_sync_ms,ms,41,15.700000047683716
Leaflet,1.9.4,SVG,comparison-instrument-2026-10-06T15-51-13.379Z,points-5000-seed-41544c53,zoom,frame_interval_ms,ms,42,50
Leaflet,1.9.4,SVG,comparison-instrument-2026-10-06T15-51-13.379Z,points-5000-seed-41544c53,zoom,camera_api_sync_ms,ms,42,15.899999856948853
Leaflet,1.9.4,SVG,comparison-instrument-2026-10-06T15-51-13.379Z,points-5000-seed-41544c53,zoom,motion_elapsed_ms,ms,0,1500
Leaflet,1.9.4,SVG,comparison-instrument-2026-10-06T15-51-13.379Z,points-5000-seed-41544c53,zoom,camera_updates,count,0,43
Leaflet,1.9.4,SVG,comparison-instrument-2026-10-06T15-51-13.379Z,points-5000-seed-41544c53,zoom,svg_attribute_writes,count,0,645086
Leaflet,1.9.4,SVG,comparison-instrument-2026-10-06T15-51-13.379Z,points-5000-seed-41544c53,zoom,svg_attribute_removals,count,0,0
Leaflet,1.9.4,SVG,comparison-instrument-2026-10-06T15-51-13.379Z,points-5000-seed-41544c53,zoom,dom_added_nodes,count,0,0
Leaflet,1.9.4,SVG,comparison-instrument-2026-10-06T15-51-13.379Z,points-5000-seed-41544c53,zoom,dom_removed_nodes,count,0,0
Leaflet,1.9.4,Canvas,comparison-instrument-2026-10-06T15-51-13.379Z,points-5000-seed-41544c53,zoom,frame_interval_ms,ms,0,16.599999999976717
Leaflet,1.9.4,Canvas,comparison-instrument-2026-10-06T15-51-13.379Z,points-5000-seed-41544c53,zoom,camera_api_sync_ms,ms,0,4.900000095367432
Leaflet,1.9.4,Canvas,comparison-instrument-2026-10-06T15-51-13.379Z,points-5000-seed-41544c53,zoom,frame_interval_ms,ms,1,32.40000000002328
Leaflet,1.9.4,Canvas,comparison-instrument-2026-10-06T15-51-13.379Z,points-5000-seed-41544c53,zoom,camera_api_sync_ms,ms,1,5.200000047683716
Leaflet,1.9.4,Canvas,comparison-instrument-2026-10-06T15-51-13.379Z,points-5000-seed-41544c53,zoom,frame_interval_ms,ms,2,51
Leaflet,1.9.4,Canvas,comparison-instrument-2026-10-06T15-51-13.379Z,points-5000-seed-41544c53,zoom,camera_api_sync_ms,ms,2,5.200000047683716
Leaflet,1.9.4,Canvas,comparison-instrument-2026-10-06T15-51-13.379Z,points-5000-seed-41544c53,zoom,frame_interval_ms,ms,3,49.89999999990687
Leaflet,1.9.4,Canvas,comparison-instrument-2026-10-06T15-51-13.379Z,points-5000-seed-41544c53,zoom,camera_api_sync_ms,ms,3,5.799999952316284
Leaflet,1.9.4,Canvas,comparison-instrument-2026-10-06T15-51-13.379Z,points-5000-seed-41544c53,zoom,frame_interval_ms,ms,4,32.40000000002328
Leaflet,1.9.4,Canvas,comparison-instrument-2026-10-06T15-51-13.379Z,points-5000-seed-41544c53,zoom,camera_api_sync_ms,ms,4,5.700000047683716
Leaflet,1.9.4,Canvas,comparison-instrument-2026-10-06T15-51-13.379Z,points-5000-seed-41544c53,zoom,frame_interval_ms,ms,5,51
Leaflet,1.9.4,Canvas,comparison-instrument-2026-10-06T15-51-13.379Z,points-5000-seed-41544c53,zoom,camera_api_sync_ms,ms,5,7.300000190734863
Leaflet,1.9.4,Canvas,comparison-instrument-2026-10-06T15-51-13.379Z,points-5000-seed-41544c53,zoom,frame_interval_ms,ms,6,50
Leaflet,1.9.4,Canvas,comparison-instrument-2026-10-06T15-51-13.379Z,points-5000-seed-41544c53,zoom,camera_api_sync_ms,ms,6,5.200000047683716
Leaflet,1.9.4,Canvas,comparison-instrument-2026-10-06T15-51-13.379Z,points-5000-seed-41544c53,zoom,frame_interval_ms,ms,7,33.300000000046566
Leaflet,1.9.4,Canvas,comparison-instrument-2026-10-06T15-51-13.379Z,points-5000-seed-41544c53,zoom,camera_api_sync_ms,ms,7,4.8999998569488525
Leaflet,1.9.4,Canvas,comparison-instrument-2026-10-06T15-51-13.379Z,points-5000-seed-41544c53,zoom,frame_interval_ms,ms,8,33.29999999993015
Leaflet,1.9.4,Canvas,comparison-instrument-2026-10-06T15-51-13.379Z,points-5000-seed-41544c53,zoom,camera_api_sync_ms,ms,8,4.799999952316284
Leaflet,1.9.4,Canvas,comparison-instrument-2026-10-06T15-51-13.379Z,points-5000-seed-41544c53,zoom,frame_interval_ms,ms,9,33.40000000002328
Leaflet,1.9.4,Canvas,comparison-instrument-2026-10-06T15-51-13.379Z,points-5000-seed-41544c53,zoom,camera_api_sync_ms,ms,9,4.5
Leaflet,1.9.4,Canvas,comparison-instrument-2026-10-06T15-51-13.379Z,points-5000-seed-41544c53,zoom,frame_interval_ms,ms,10,32.300000000046566
Leaflet,1.9.4,Canvas,comparison-instrument-2026-10-06T15-51-13.379Z,points-5000-seed-41544c53,zoom,camera_api_sync_ms,ms,10,4.5
Leaflet,1.9.4,Canvas,comparison-instrument-2026-10-06T15-51-13.379Z,points-5000-seed-41544c53,zoom,frame_interval_ms,ms,11,16.79999999993015
Leaflet,1.9.4,Canvas,comparison-instrument-2026-10-06T15-51-13.379Z,points-5000-seed-41544c53,zoom,camera_api_sync_ms,ms,11,4.200000047683716
Leaflet,1.9.4,Canvas,comparison-instrument-2026-10-06T15-51-13.379Z,points-5000-seed-41544c53,zoom,frame_interval_ms,ms,12,33.70000000006985
Leaflet,1.9.4,Canvas,comparison-instrument-2026-10-06T15-51-13.379Z,points-5000-seed-41544c53,zoom,camera_api_sync_ms,ms,12,5.599999904632568
Leaflet,1.9.4,Canvas,comparison-instrument-2026-10-06T15-51-13.379Z,points-5000-seed-41544c53,zoom,frame_interval_ms,ms,13,17.199999999953434
Leaflet,1.9.4,Canvas,comparison-instrument-2026-10-06T15-51-13.379Z,points-5000-seed-41544c53,zoom,camera_api_sync_ms,ms,13,4.099999904632568
Leaflet,1.9.4,Canvas,comparison-instrument-2026-10-06T15-51-13.379Z,points-5000-seed-41544c53,zoom,frame_interval_ms,ms,14,33.300000000046566
Leaflet,1.9.4,Canvas,comparison-instrument-2026-10-06T15-51-13.379Z,points-5000-seed-41544c53,zoom,camera_api_sync_ms,ms,14,4.099999904632568
Leaflet,1.9.4,Canvas,comparison-instrument-2026-10-06T15-51-13.379Z,points-5000-seed-41544c53,zoom,frame_interval_ms,ms,15,15.699999999953434
Leaflet,1.9.4,Canvas,comparison-instrument-2026-10-06T15-51-13.379Z,points-5000-seed-41544c53,zoom,camera_api_sync_ms,ms,15,3.8999998569488525
Leaflet,1.9.4,Canvas,comparison-instrument-2026-10-06T15-51-13.379Z,points-5000-seed-41544c53,zoom,frame_interval_ms,ms,16,17.70000000006985
Leaflet,1.9.4,Canvas,comparison-instrument-2026-10-06T15-51-13.379Z,points-5000-seed-41544c53,zoom,camera_api_sync_ms,ms,16,3.9000000953674316
Leaflet,1.9.4,Canvas,comparison-instrument-2026-10-06T15-51-13.379Z,points-5000-seed-41544c53,zoom,frame_interval_ms,ms,17,16.599999999976717
Leaflet,1.9.4,Canvas,comparison-instrument-2026-10-06T15-51-13.379Z,points-5000-seed-41544c53,zoom,camera_api_sync_ms,ms,17,3.799999952316284
Leaflet,1.9.4,Canvas,comparison-instrument-2026-10-06T15-51-13.379Z,points-5000-seed-41544c53,zoom,frame_interval_ms,ms,18,16.5
Leaflet,1.9.4,Canvas,comparison-instrument-2026-10-06T15-51-13.379Z,points-5000-seed-41544c53,zoom,camera_api_sync_ms,ms,18,4.1000001430511475
Leaflet,1.9.4,Canvas,comparison-instrument-2026-10-06T15-51-13.379Z,points-5000-seed-41544c53,zoom,frame_interval_ms,ms,19,33.5
Leaflet,1.9.4,Canvas,comparison-instrument-2026-10-06T15-51-13.379Z,points-5000-seed-41544c53,zoom,camera_api_sync_ms,ms,19,3.700000047683716
Leaflet,1.9.4,Canvas,comparison-instrument-2026-10-06T15-51-13.379Z,points-5000-seed-41544c53,zoom,frame_interval_ms,ms,20,16.699999999953434
Leaflet,1.9.4,Canvas,comparison-instrument-2026-10-06T15-51-13.379Z,points-5000-seed-41544c53,zoom,camera_api_sync_ms,ms,20,4.099999904632568
Leaflet,1.9.4,Canvas,comparison-instrument-2026-10-06T15-51-13.379Z,points-5000-seed-41544c53,zoom,frame_interval_ms,ms,21,16.599999999976717
Leaflet,1.9.4,Canvas,comparison-instrument-2026-10-06T15-51-13.379Z,points-5000-seed-41544c53,zoom,camera_api_sync_ms,ms,21,4
Leaflet,1.9.4,Canvas,comparison-instrument-2026-10-06T15-51-13.379Z,points-5000-seed-41544c53,zoom,frame_interval_ms,ms,22,16.70000000006985
Leaflet,1.9.4,Canvas,comparison-instrument-2026-10-06T15-51-13.379Z,points-5000-seed-41544c53,zoom,camera_api_sync_ms,ms,22,3.9000000953674316
Leaflet,1.9.4,Canvas,comparison-instrument-2026-10-06T15-51-13.379Z,points-5000-seed-41544c53,zoom,frame_interval_ms,ms,23,16.099999999976717
Leaflet,1.9.4,Canvas,comparison-instrument-2026-10-06T15-51-13.379Z,points-5000-seed-41544c53,zoom,camera_api_sync_ms,ms,23,3.799999952316284
Leaflet,1.9.4,Canvas,comparison-instrument-2026-10-06T15-51-13.379Z,points-5000-seed-41544c53,zoom,frame_interval_ms,ms,24,17.199999999953434
Leaflet,1.9.4,Canvas,comparison-instrument-2026-10-06T15-51-13.379Z,points-5000-seed-41544c53,zoom,camera_api_sync_ms,ms,24,3.8999998569488525
Leaflet,1.9.4,Canvas,comparison-instrument-2026-10-06T15-51-13.379Z,points-5000-seed-41544c53,zoom,frame_interval_ms,ms,25,16.70000000006985
Leaflet,1.9.4,Canvas,comparison-instrument-2026-10-06T15-51-13.379Z,points-5000-seed-41544c53,zoom,camera_api_sync_ms,ms,25,3.8000001907348633
Leaflet,1.9.4,Canvas,comparison-instrument-2026-10-06T15-51-13.379Z,points-5000-seed-41544c53,zoom,frame_interval_ms,ms,26,15.79999999993015
Leaflet,1.9.4,Canvas,comparison-instrument-2026-10-06T15-51-13.379Z,points-5000-seed-41544c53,zoom,camera_api_sync_ms,ms,26,4.200000047683716
Leaflet,1.9.4,Canvas,comparison-instrument-2026-10-06T15-51-13.379Z,points-5000-seed-41544c53,zoom,frame_interval_ms,ms,27,17.600000000093132
Leaflet,1.9.4,Canvas,comparison-instrument-2026-10-06T15-51-13.379Z,points-5000-seed-41544c53,zoom,camera_api_sync_ms,ms,27,3.700000047683716
Leaflet,1.9.4,Canvas,comparison-instrument-2026-10-06T15-51-13.379Z,points-5000-seed-41544c53,zoom,frame_interval_ms,ms,28,16.599999999976717
Leaflet,1.9.4,Canvas,comparison-instrument-2026-10-06T15-51-13.379Z,points-5000-seed-41544c53,zoom,camera_api_sync_ms,ms,28,4.400000095367432
Leaflet,1.9.4,Canvas,comparison-instrument-2026-10-06T15-51-13.379Z,points-5000-seed-41544c53,zoom,frame_interval_ms,ms,29,16.699999999953434
Leaflet,1.9.4,Canvas,comparison-instrument-2026-10-06T15-51-13.379Z,points-5000-seed-41544c53,zoom,camera_api_sync_ms,ms,29,3.6000001430511475
Leaflet,1.9.4,Canvas,comparison-instrument-2026-10-06T15-51-13.379Z,points-5000-seed-41544c53,zoom,frame_interval_ms,ms,30,16.599999999976717
Leaflet,1.9.4,Canvas,comparison-instrument-2026-10-06T15-51-13.379Z,points-5000-seed-41544c53,zoom,camera_api_sync_ms,ms,30,3.700000047683716
Leaflet,1.9.4,Canvas,comparison-instrument-2026-10-06T15-51-13.379Z,points-5000-seed-41544c53,zoom,frame_interval_ms,ms,31,16.70000000006985
Leaflet,1.9.4,Canvas,comparison-instrument-2026-10-06T15-51-13.379Z,points-5000-seed-41544c53,zoom,camera_api_sync_ms,ms,31,3.3999998569488525
Leaflet,1.9.4,Canvas,comparison-instrument-2026-10-06T15-51-13.379Z,points-5000-seed-41544c53,zoom,frame_interval_ms,ms,32,15.699999999953434
Leaflet,1.9.4,Canvas,comparison-instrument-2026-10-06T15-51-13.379Z,points-5000-seed-41544c53,zoom,camera_api_sync_ms,ms,32,3.6000001430511475
Leaflet,1.9.4,Canvas,comparison-instrument-2026-10-06T15-51-13.379Z,points-5000-seed-41544c53,zoom,frame_interval_ms,ms,33,17.599999999976717
Leaflet,1.9.4,Canvas,comparison-instrument-2026-10-06T15-51-13.379Z,points-5000-seed-41544c53,zoom,camera_api_sync_ms,ms,33,3.9000000953674316
Leaflet,1.9.4,Canvas,comparison-instrument-2026-10-06T15-51-13.379Z,points-5000-seed-41544c53,zoom,frame_interval_ms,ms,34,16.70000000006985
Leaflet,1.9.4,Canvas,comparison-instrument-2026-10-06T15-51-13.379Z,points-5000-seed-41544c53,zoom,camera_api_sync_ms,ms,34,3.700000047683716
Leaflet,1.9.4,Canvas,comparison-instrument-2026-10-06T15-51-13.379Z,points-5000-seed-41544c53,zoom,frame_interval_ms,ms,35,16.400000000023283
Leaflet,1.9.4,Canvas,comparison-instrument-2026-10-06T15-51-13.379Z,points-5000-seed-41544c53,zoom,camera_api_sync_ms,ms,35,4
Leaflet,1.9.4,Canvas,comparison-instrument-2026-10-06T15-51-13.379Z,points-5000-seed-41544c53,zoom,frame_interval_ms,ms,36,33.59999999997672
Leaflet,1.9.4,Canvas,comparison-instrument-2026-10-06T15-51-13.379Z,points-5000-seed-41544c53,zoom,camera_api_sync_ms,ms,36,4.700000047683716
Leaflet,1.9.4,Canvas,comparison-instrument-2026-10-06T15-51-13.379Z,points-5000-seed-41544c53,zoom,frame_interval_ms,ms,37,15.699999999953434
Leaflet,1.9.4,Canvas,comparison-instrument-2026-10-06T15-51-13.379Z,points-5000-seed-41544c53,zoom,camera_api_sync_ms,ms,37,3.9000000953674316
Leaflet,1.9.4,Canvas,comparison-instrument-2026-10-06T15-51-13.379Z,points-5000-seed-41544c53,zoom,frame_interval_ms,ms,38,17.599999999976717
Leaflet,1.9.4,Canvas,comparison-instrument-2026-10-06T15-51-13.379Z,points-5000-seed-41544c53,zoom,camera_api_sync_ms,ms,38,3.700000047683716
Leaflet,1.9.4,Canvas,comparison-instrument-2026-10-06T15-51-13.379Z,points-5000-seed-41544c53,zoom,frame_interval_ms,ms,39,16.800000000046566
Leaflet,1.9.4,Canvas,comparison-instrument-2026-10-06T15-51-13.379Z,points-5000-seed-41544c53,zoom,camera_api_sync_ms,ms,39,4
Leaflet,1.9.4,Canvas,comparison-instrument-2026-10-06T15-51-13.379Z,points-5000-seed-41544c53,zoom,frame_interval_ms,ms,40,15.699999999953434
Leaflet,1.9.4,Canvas,comparison-instrument-2026-10-06T15-51-13.379Z,points-5000-seed-41544c53,zoom,camera_api_sync_ms,ms,40,4
Leaflet,1.9.4,Canvas,comparison-instrument-2026-10-06T15-51-13.379Z,points-5000-seed-41544c53,zoom,frame_interval_ms,ms,41,33.300000000046566
Leaflet,1.9.4,Canvas,comparison-instrument-2026-10-06T15-51-13.379Z,points-5000-seed-41544c53,zoom,camera_api_sync_ms,ms,41,3.799999952316284
Leaflet,1.9.4,Canvas,comparison-instrument-2026-10-06T15-51-13.379Z,points-5000-seed-41544c53,zoom,frame_interval_ms,ms,42,16.699999999953434
Leaflet,1.9.4,Canvas,comparison-instrument-2026-10-06T15-51-13.379Z,points-5000-seed-41544c53,zoom,camera_api_sync_ms,ms,42,4.1000001430511475
Leaflet,1.9.4,Canvas,comparison-instrument-2026-10-06T15-51-13.379Z,points-5000-seed-41544c53,zoom,frame_interval_ms,ms,43,17.600000000093132
Leaflet,1.9.4,Canvas,comparison-instrument-2026-10-06T15-51-13.379Z,points-5000-seed-41544c53,zoom,camera_api_sync_ms,ms,43,4.200000047683716
Leaflet,1.9.4,Canvas,comparison-instrument-2026-10-06T15-51-13.379Z,points-5000-seed-41544c53,zoom,frame_interval_ms,ms,44,33.29999999993015
Leaflet,1.9.4,Canvas,comparison-instrument-2026-10-06T15-51-13.379Z,points-5000-seed-41544c53,zoom,camera_api_sync_ms,ms,44,4.700000047683716
Leaflet,1.9.4,Canvas,comparison-instrument-2026-10-06T15-51-13.379Z,points-5000-seed-41544c53,zoom,frame_interval_ms,ms,45,16.70000000006985
Leaflet,1.9.4,Canvas,comparison-instrument-2026-10-06T15-51-13.379Z,points-5000-seed-41544c53,zoom,camera_api_sync_ms,ms,45,4.3999998569488525
Leaflet,1.9.4,Canvas,comparison-instrument-2026-10-06T15-51-13.379Z,points-5000-seed-41544c53,zoom,frame_interval_ms,ms,46,32.39999999990687
Leaflet,1.9.4,Canvas,comparison-instrument-2026-10-06T15-51-13.379Z,points-5000-seed-41544c53,zoom,camera_api_sync_ms,ms,46,4.800000190734863
Leaflet,1.9.4,Canvas,comparison-instrument-2026-10-06T15-51-13.379Z,points-5000-seed-41544c53,zoom,frame_interval_ms,ms,47,33.300000000046566
Leaflet,1.9.4,Canvas,comparison-instrument-2026-10-06T15-51-13.379Z,points-5000-seed-41544c53,zoom,camera_api_sync_ms,ms,47,4.5
Leaflet,1.9.4,Canvas,comparison-instrument-2026-10-06T15-51-13.379Z,points-5000-seed-41544c53,zoom,frame_interval_ms,ms,48,34.300000000046566
Leaflet,1.9.4,Canvas,comparison-instrument-2026-10-06T15-51-13.379Z,points-5000-seed-41544c53,zoom,camera_api_sync_ms,ms,48,4.8999998569488525
Leaflet,1.9.4,Canvas,comparison-instrument-2026-10-06T15-51-13.379Z,points-5000-seed-41544c53,zoom,frame_interval_ms,ms,49,33.29999999993015
Leaflet,1.9.4,Canvas,comparison-instrument-2026-10-06T15-51-13.379Z,points-5000-seed-41544c53,zoom,camera_api_sync_ms,ms,49,4.200000047683716
Leaflet,1.9.4,Canvas,comparison-instrument-2026-10-06T15-51-13.379Z,points-5000-seed-41544c53,zoom,frame_interval_ms,ms,50,32.40000000002328
Leaflet,1.9.4,Canvas,comparison-instrument-2026-10-06T15-51-13.379Z,points-5000-seed-41544c53,zoom,camera_api_sync_ms,ms,50,4.3999998569488525
Leaflet,1.9.4,Canvas,comparison-instrument-2026-10-06T15-51-13.379Z,points-5000-seed-41544c53,zoom,frame_interval_ms,ms,51,50.90000000002328
Leaflet,1.9.4,Canvas,comparison-instrument-2026-10-06T15-51-13.379Z,points-5000-seed-41544c53,zoom,camera_api_sync_ms,ms,51,4.900000095367432
Leaflet,1.9.4,Canvas,comparison-instrument-2026-10-06T15-51-13.379Z,points-5000-seed-41544c53,zoom,frame_interval_ms,ms,52,33.29999999993015
Leaflet,1.9.4,Canvas,comparison-instrument-2026-10-06T15-51-13.379Z,points-5000-seed-41544c53,zoom,camera_api_sync_ms,ms,52,5.5
Leaflet,1.9.4,Canvas,comparison-instrument-2026-10-06T15-51-13.379Z,points-5000-seed-41544c53,zoom,frame_interval_ms,ms,53,49.10000000009313
Leaflet,1.9.4,Canvas,comparison-instrument-2026-10-06T15-51-13.379Z,points-5000-seed-41544c53,zoom,camera_api_sync_ms,ms,53,4.599999904632568
Leaflet,1.9.4,Canvas,comparison-instrument-2026-10-06T15-51-13.379Z,points-5000-seed-41544c53,zoom,frame_interval_ms,ms,54,34.29999999993015
Leaflet,1.9.4,Canvas,comparison-instrument-2026-10-06T15-51-13.379Z,points-5000-seed-41544c53,zoom,camera_api_sync_ms,ms,54,4.699999809265137
Leaflet,1.9.4,Canvas,comparison-instrument-2026-10-06T15-51-13.379Z,points-5000-seed-41544c53,zoom,frame_interval_ms,ms,55,50
Leaflet,1.9.4,Canvas,comparison-instrument-2026-10-06T15-51-13.379Z,points-5000-seed-41544c53,zoom,camera_api_sync_ms,ms,55,4.8999998569488525
Leaflet,1.9.4,Canvas,comparison-instrument-2026-10-06T15-51-13.379Z,points-5000-seed-41544c53,zoom,frame_interval_ms,ms,56,33.300000000046566
Leaflet,1.9.4,Canvas,comparison-instrument-2026-10-06T15-51-13.379Z,points-5000-seed-41544c53,zoom,camera_api_sync_ms,ms,56,4.3999998569488525
Leaflet,1.9.4,Canvas,comparison-instrument-2026-10-06T15-51-13.379Z,points-5000-seed-41544c53,zoom,motion_elapsed_ms,ms,0,1516.5999999999767
Leaflet,1.9.4,Canvas,comparison-instrument-2026-10-06T15-51-13.379Z,points-5000-seed-41544c53,zoom,camera_updates,count,0,57
Leaflet,1.9.4,Canvas,comparison-instrument-2026-10-06T15-51-13.379Z,points-5000-seed-41544c53,zoom,svg_attribute_writes,N/A,0,N/A
Leaflet,1.9.4,Canvas,comparison-instrument-2026-10-06T15-51-13.379Z,points-5000-seed-41544c53,zoom,svg_attribute_removals,N/A,0,N/A
Leaflet,1.9.4,Canvas,comparison-instrument-2026-10-06T15-51-13.379Z,points-5000-seed-41544c53,zoom,dom_added_nodes,N/A,0,N/A
Leaflet,1.9.4,Canvas,comparison-instrument-2026-10-06T15-51-13.379Z,points-5000-seed-41544c53,zoom,dom_removed_nodes,N/A,0,N/A
Atlas,f393bc3bb2ad,SVG,comparison-instrument-2026-10-06T15-51-13.379Z,points-5000-seed-41544c53,position-single,operation_sync_ms,ms,0,0
Atlas,f393bc3bb2ad,SVG,comparison-instrument-2026-10-06T15-51-13.379Z,points-5000-seed-41544c53,position-single,operation_to_raf_opportunities_ms,ms,0,26.699999809265137
Atlas,f393bc3bb2ad,SVG,comparison-instrument-2026-10-06T15-51-13.379Z,points-5000-seed-41544c53,position-single,svg_attribute_writes,count,0,10003
Atlas,f393bc3bb2ad,SVG,comparison-instrument-2026-10-06T15-51-13.379Z,points-5000-seed-41544c53,position-single,svg_attribute_removals,count,0,5000
Atlas,f393bc3bb2ad,SVG,comparison-instrument-2026-10-06T15-51-13.379Z,points-5000-seed-41544c53,position-single,dom_added_nodes,count,0,0
Atlas,f393bc3bb2ad,SVG,comparison-instrument-2026-10-06T15-51-13.379Z,points-5000-seed-41544c53,position-single,dom_removed_nodes,count,0,0
Leaflet,1.9.4,SVG,comparison-instrument-2026-10-06T15-51-13.379Z,points-5000-seed-41544c53,position-single,operation_sync_ms,ms,0,0
Leaflet,1.9.4,SVG,comparison-instrument-2026-10-06T15-51-13.379Z,points-5000-seed-41544c53,position-single,operation_to_raf_opportunities_ms,ms,0,15.299999952316284
Leaflet,1.9.4,SVG,comparison-instrument-2026-10-06T15-51-13.379Z,points-5000-seed-41544c53,position-single,svg_attribute_writes,count,0,1
Leaflet,1.9.4,SVG,comparison-instrument-2026-10-06T15-51-13.379Z,points-5000-seed-41544c53,position-single,svg_attribute_removals,count,0,0
Leaflet,1.9.4,SVG,comparison-instrument-2026-10-06T15-51-13.379Z,points-5000-seed-41544c53,position-single,dom_added_nodes,count,0,0
Leaflet,1.9.4,SVG,comparison-instrument-2026-10-06T15-51-13.379Z,points-5000-seed-41544c53,position-single,dom_removed_nodes,count,0,0
Leaflet,1.9.4,Canvas,comparison-instrument-2026-10-06T15-51-13.379Z,points-5000-seed-41544c53,position-single,operation_sync_ms,ms,0,0
Leaflet,1.9.4,Canvas,comparison-instrument-2026-10-06T15-51-13.379Z,points-5000-seed-41544c53,position-single,operation_to_raf_opportunities_ms,ms,0,4.099999904632568
Leaflet,1.9.4,Canvas,comparison-instrument-2026-10-06T15-51-13.379Z,points-5000-seed-41544c53,position-single,svg_attribute_writes,N/A,0,N/A
Leaflet,1.9.4,Canvas,comparison-instrument-2026-10-06T15-51-13.379Z,points-5000-seed-41544c53,position-single,svg_attribute_removals,N/A,0,N/A
Leaflet,1.9.4,Canvas,comparison-instrument-2026-10-06T15-51-13.379Z,points-5000-seed-41544c53,position-single,dom_added_nodes,N/A,0,N/A
Leaflet,1.9.4,Canvas,comparison-instrument-2026-10-06T15-51-13.379Z,points-5000-seed-41544c53,position-single,dom_removed_nodes,N/A,0,N/A
Atlas,f393bc3bb2ad,SVG,comparison-instrument-2026-10-06T15-51-13.379Z,points-5000-seed-41544c53,position-series,operation_sync_ms,ms,0,0
Atlas,f393bc3bb2ad,SVG,comparison-instrument-2026-10-06T15-51-13.379Z,points-5000-seed-41544c53,position-series,operation_to_raf_opportunities_ms,ms,0,27.899999856948853
Atlas,f393bc3bb2ad,SVG,comparison-instrument-2026-10-06T15-51-13.379Z,points-5000-seed-41544c53,position-series,svg_attribute_writes,count,0,10003
Atlas,f393bc3bb2ad,SVG,comparison-instrument-2026-10-06T15-51-13.379Z,points-5000-seed-41544c53,position-series,svg_attribute_removals,count,0,5000
Atlas,f393bc3bb2ad,SVG,comparison-instrument-2026-10-06T15-51-13.379Z,points-5000-seed-41544c53,position-series,dom_added_nodes,count,0,0
Atlas,f393bc3bb2ad,SVG,comparison-instrument-2026-10-06T15-51-13.379Z,points-5000-seed-41544c53,position-series,dom_removed_nodes,count,0,0
Leaflet,1.9.4,SVG,comparison-instrument-2026-10-06T15-51-13.379Z,points-5000-seed-41544c53,position-series,operation_sync_ms,ms,0,0.2999999523162842
Leaflet,1.9.4,SVG,comparison-instrument-2026-10-06T15-51-13.379Z,points-5000-seed-41544c53,position-series,operation_to_raf_opportunities_ms,ms,0,16
Leaflet,1.9.4,SVG,comparison-instrument-2026-10-06T15-51-13.379Z,points-5000-seed-41544c53,position-series,svg_attribute_writes,count,0,100
Leaflet,1.9.4,SVG,comparison-instrument-2026-10-06T15-51-13.379Z,points-5000-seed-41544c53,position-series,svg_attribute_removals,count,0,0
Leaflet,1.9.4,SVG,comparison-instrument-2026-10-06T15-51-13.379Z,points-5000-seed-41544c53,position-series,dom_added_nodes,count,0,0
Leaflet,1.9.4,SVG,comparison-instrument-2026-10-06T15-51-13.379Z,points-5000-seed-41544c53,position-series,dom_removed_nodes,count,0,0
Leaflet,1.9.4,Canvas,comparison-instrument-2026-10-06T15-51-13.379Z,points-5000-seed-41544c53,position-series,operation_sync_ms,ms,0,0
Leaflet,1.9.4,Canvas,comparison-instrument-2026-10-06T15-51-13.379Z,points-5000-seed-41544c53,position-series,operation_to_raf_opportunities_ms,ms,0,31.90000009536743
Leaflet,1.9.4,Canvas,comparison-instrument-2026-10-06T15-51-13.379Z,points-5000-seed-41544c53,position-series,svg_attribute_writes,N/A,0,N/A
Leaflet,1.9.4,Canvas,comparison-instrument-2026-10-06T15-51-13.379Z,points-5000-seed-41544c53,position-series,svg_attribute_removals,N/A,0,N/A
Leaflet,1.9.4,Canvas,comparison-instrument-2026-10-06T15-51-13.379Z,points-5000-seed-41544c53,position-series,dom_added_nodes,N/A,0,N/A
Leaflet,1.9.4,Canvas,comparison-instrument-2026-10-06T15-51-13.379Z,points-5000-seed-41544c53,position-series,dom_removed_nodes,N/A,0,N/A
Atlas,f393bc3bb2ad,SVG,comparison-instrument-2026-10-06T15-51-13.379Z,points-5000-seed-41544c53,add-100,operation_sync_ms,ms,0,3.5
Atlas,f393bc3bb2ad,SVG,comparison-instrument-2026-10-06T15-51-13.379Z,points-5000-seed-41544c53,add-100,cumulative_operation_ms,ms,100,3.5
Atlas,f393bc3bb2ad,SVG,comparison-instrument-2026-10-06T15-51-13.379Z,points-5000-seed-41544c53,add-100,operation_to_raf_opportunities_ms,ms,0,35.200000047683716
Atlas,f393bc3bb2ad,SVG,comparison-instrument-2026-10-06T15-51-13.379Z,points-5000-seed-41544c53,add-100,svg_attribute_writes,count,0,10803
Atlas,f393bc3bb2ad,SVG,comparison-instrument-2026-10-06T15-51-13.379Z,points-5000-seed-41544c53,add-100,svg_attribute_removals,count,0,5100
Atlas,f393bc3bb2ad,SVG,comparison-instrument-2026-10-06T15-51-13.379Z,points-5000-seed-41544c53,add-100,dom_added_nodes,count,0,100
Atlas,f393bc3bb2ad,SVG,comparison-instrument-2026-10-06T15-51-13.379Z,points-5000-seed-41544c53,add-100,dom_removed_nodes,count,0,0
Leaflet,1.9.4,SVG,comparison-instrument-2026-10-06T15-51-13.379Z,points-5000-seed-41544c53,add-100,operation_sync_ms,ms,0,0.7000000476837158
Leaflet,1.9.4,SVG,comparison-instrument-2026-10-06T15-51-13.379Z,points-5000-seed-41544c53,add-100,cumulative_operation_ms,ms,100,0.7000000476837158
Leaflet,1.9.4,SVG,comparison-instrument-2026-10-06T15-51-13.379Z,points-5000-seed-41544c53,add-100,operation_to_raf_opportunities_ms,ms,0,13.900000095367432
Leaflet,1.9.4,SVG,comparison-instrument-2026-10-06T15-51-13.379Z,points-5000-seed-41544c53,add-100,svg_attribute_writes,count,0,900
Leaflet,1.9.4,SVG,comparison-instrument-2026-10-06T15-51-13.379Z,points-5000-seed-41544c53,add-100,svg_attribute_removals,count,0,200
Leaflet,1.9.4,SVG,comparison-instrument-2026-10-06T15-51-13.379Z,points-5000-seed-41544c53,add-100,dom_added_nodes,count,0,100
Leaflet,1.9.4,SVG,comparison-instrument-2026-10-06T15-51-13.379Z,points-5000-seed-41544c53,add-100,dom_removed_nodes,count,0,0
Leaflet,1.9.4,Canvas,comparison-instrument-2026-10-06T15-51-13.379Z,points-5000-seed-41544c53,add-100,operation_sync_ms,ms,0,0.09999990463256836
Leaflet,1.9.4,Canvas,comparison-instrument-2026-10-06T15-51-13.379Z,points-5000-seed-41544c53,add-100,cumulative_operation_ms,ms,100,0.09999990463256836
Leaflet,1.9.4,Canvas,comparison-instrument-2026-10-06T15-51-13.379Z,points-5000-seed-41544c53,add-100,operation_to_raf_opportunities_ms,ms,0,34.299999952316284
Leaflet,1.9.4,Canvas,comparison-instrument-2026-10-06T15-51-13.379Z,points-5000-seed-41544c53,add-100,svg_attribute_writes,N/A,0,N/A
Leaflet,1.9.4,Canvas,comparison-instrument-2026-10-06T15-51-13.379Z,points-5000-seed-41544c53,add-100,svg_attribute_removals,N/A,0,N/A
Leaflet,1.9.4,Canvas,comparison-instrument-2026-10-06T15-51-13.379Z,points-5000-seed-41544c53,add-100,dom_added_nodes,N/A,0,N/A
Leaflet,1.9.4,Canvas,comparison-instrument-2026-10-06T15-51-13.379Z,points-5000-seed-41544c53,add-100,dom_removed_nodes,N/A,0,N/A
Atlas,f393bc3bb2ad,SVG,comparison-instrument-2026-10-06T15-51-13.379Z,points-5000-seed-41544c53,add-500,operation_sync_ms,ms,0,31
Atlas,f393bc3bb2ad,SVG,comparison-instrument-2026-10-06T15-51-13.379Z,points-5000-seed-41544c53,add-500,cumulative_operation_ms,ms,100,8
Atlas,f393bc3bb2ad,SVG,comparison-instrument-2026-10-06T15-51-13.379Z,points-5000-seed-41544c53,add-500,cumulative_operation_ms,ms,200,12.600000143051147
Atlas,f393bc3bb2ad,SVG,comparison-instrument-2026-10-06T15-51-13.379Z,points-5000-seed-41544c53,add-500,cumulative_operation_ms,ms,300,21.5
Atlas,f393bc3bb2ad,SVG,comparison-instrument-2026-10-06T15-51-13.379Z,points-5000-seed-41544c53,add-500,cumulative_operation_ms,ms,400,26.299999952316284
Atlas,f393bc3bb2ad,SVG,comparison-instrument-2026-10-06T15-51-13.379Z,points-5000-seed-41544c53,add-500,cumulative_operation_ms,ms,500,31
Atlas,f393bc3bb2ad,SVG,comparison-instrument-2026-10-06T15-51-13.379Z,points-5000-seed-41544c53,add-500,operation_to_raf_opportunities_ms,ms,0,70.70000004768372
Atlas,f393bc3bb2ad,SVG,comparison-instrument-2026-10-06T15-51-13.379Z,points-5000-seed-41544c53,add-500,svg_attribute_writes,count,0,14003
Atlas,f393bc3bb2ad,SVG,comparison-instrument-2026-10-06T15-51-13.379Z,points-5000-seed-41544c53,add-500,svg_attribute_removals,count,0,5500
Atlas,f393bc3bb2ad,SVG,comparison-instrument-2026-10-06T15-51-13.379Z,points-5000-seed-41544c53,add-500,dom_added_nodes,count,0,500
Atlas,f393bc3bb2ad,SVG,comparison-instrument-2026-10-06T15-51-13.379Z,points-5000-seed-41544c53,add-500,dom_removed_nodes,count,0,0
Leaflet,1.9.4,SVG,comparison-instrument-2026-10-06T15-51-13.379Z,points-5000-seed-41544c53,add-500,operation_sync_ms,ms,0,3.5
Leaflet,1.9.4,SVG,comparison-instrument-2026-10-06T15-51-13.379Z,points-5000-seed-41544c53,add-500,cumulative_operation_ms,ms,100,0.6999998092651367
Leaflet,1.9.4,SVG,comparison-instrument-2026-10-06T15-51-13.379Z,points-5000-seed-41544c53,add-500,cumulative_operation_ms,ms,200,1.2999999523162842
Leaflet,1.9.4,SVG,comparison-instrument-2026-10-06T15-51-13.379Z,points-5000-seed-41544c53,add-500,cumulative_operation_ms,ms,300,2
Leaflet,1.9.4,SVG,comparison-instrument-2026-10-06T15-51-13.379Z,points-5000-seed-41544c53,add-500,cumulative_operation_ms,ms,400,2.5
Leaflet,1.9.4,SVG,comparison-instrument-2026-10-06T15-51-13.379Z,points-5000-seed-41544c53,add-500,cumulative_operation_ms,ms,500,3.5
Leaflet,1.9.4,SVG,comparison-instrument-2026-10-06T15-51-13.379Z,points-5000-seed-41544c53,add-500,operation_to_raf_opportunities_ms,ms,0,27.699999809265137
Leaflet,1.9.4,SVG,comparison-instrument-2026-10-06T15-51-13.379Z,points-5000-seed-41544c53,add-500,svg_attribute_writes,count,0,4500
Leaflet,1.9.4,SVG,comparison-instrument-2026-10-06T15-51-13.379Z,points-5000-seed-41544c53,add-500,svg_attribute_removals,count,0,1000
Leaflet,1.9.4,SVG,comparison-instrument-2026-10-06T15-51-13.379Z,points-5000-seed-41544c53,add-500,dom_added_nodes,count,0,500
Leaflet,1.9.4,SVG,comparison-instrument-2026-10-06T15-51-13.379Z,points-5000-seed-41544c53,add-500,dom_removed_nodes,count,0,0
Leaflet,1.9.4,Canvas,comparison-instrument-2026-10-06T15-51-13.379Z,points-5000-seed-41544c53,add-500,operation_sync_ms,ms,0,0.8999998569488525
Leaflet,1.9.4,Canvas,comparison-instrument-2026-10-06T15-51-13.379Z,points-5000-seed-41544c53,add-500,cumulative_operation_ms,ms,100,0.20000004768371582
Leaflet,1.9.4,Canvas,comparison-instrument-2026-10-06T15-51-13.379Z,points-5000-seed-41544c53,add-500,cumulative_operation_ms,ms,200,0.20000004768371582
Leaflet,1.9.4,Canvas,comparison-instrument-2026-10-06T15-51-13.379Z,points-5000-seed-41544c53,add-500,cumulative_operation_ms,ms,300,0.39999985694885254
Leaflet,1.9.4,Canvas,comparison-instrument-2026-10-06T15-51-13.379Z,points-5000-seed-41544c53,add-500,cumulative_operation_ms,ms,400,0.5
Leaflet,1.9.4,Canvas,comparison-instrument-2026-10-06T15-51-13.379Z,points-5000-seed-41544c53,add-500,cumulative_operation_ms,ms,500,0.8999998569488525
Leaflet,1.9.4,Canvas,comparison-instrument-2026-10-06T15-51-13.379Z,points-5000-seed-41544c53,add-500,operation_to_raf_opportunities_ms,ms,0,42.09999990463257
Leaflet,1.9.4,Canvas,comparison-instrument-2026-10-06T15-51-13.379Z,points-5000-seed-41544c53,add-500,svg_attribute_writes,N/A,0,N/A
Leaflet,1.9.4,Canvas,comparison-instrument-2026-10-06T15-51-13.379Z,points-5000-seed-41544c53,add-500,svg_attribute_removals,N/A,0,N/A
Leaflet,1.9.4,Canvas,comparison-instrument-2026-10-06T15-51-13.379Z,points-5000-seed-41544c53,add-500,dom_added_nodes,N/A,0,N/A
Leaflet,1.9.4,Canvas,comparison-instrument-2026-10-06T15-51-13.379Z,points-5000-seed-41544c53,add-500,dom_removed_nodes,N/A,0,N/A
Atlas,f393bc3bb2ad,SVG,comparison-instrument-2026-10-06T15-51-13.379Z,points-5000-seed-41544c53,add-1000,operation_sync_ms,ms,0,78
Atlas,f393bc3bb2ad,SVG,comparison-instrument-2026-10-06T15-51-13.379Z,points-5000-seed-41544c53,add-1000,cumulative_operation_ms,ms,100,9.5
Atlas,f393bc3bb2ad,SVG,comparison-instrument-2026-10-06T15-51-13.379Z,points-5000-seed-41544c53,add-1000,cumulative_operation_ms,ms,200,18.40000009536743
Atlas,f393bc3bb2ad,SVG,comparison-instrument-2026-10-06T15-51-13.379Z,points-5000-seed-41544c53,add-1000,cumulative_operation_ms,ms,300,40.90000009536743
Atlas,f393bc3bb2ad,SVG,comparison-instrument-2026-10-06T15-51-13.379Z,points-5000-seed-41544c53,add-1000,cumulative_operation_ms,ms,400,48.40000009536743
Atlas,f393bc3bb2ad,SVG,comparison-instrument-2026-10-06T15-51-13.379Z,points-5000-seed-41544c53,add-1000,cumulative_operation_ms,ms,500,52.60000014305115
Atlas,f393bc3bb2ad,SVG,comparison-instrument-2026-10-06T15-51-13.379Z,points-5000-seed-41544c53,add-1000,cumulative_operation_ms,ms,600,59.10000014305115
Atlas,f393bc3bb2ad,SVG,comparison-instrument-2026-10-06T15-51-13.379Z,points-5000-seed-41544c53,add-1000,cumulative_operation_ms,ms,700,63.700000047683716
Atlas,f393bc3bb2ad,SVG,comparison-instrument-2026-10-06T15-51-13.379Z,points-5000-seed-41544c53,add-1000,cumulative_operation_ms,ms,800,68.5
Atlas,f393bc3bb2ad,SVG,comparison-instrument-2026-10-06T15-51-13.379Z,points-5000-seed-41544c53,add-1000,cumulative_operation_ms,ms,900,73.29999995231628
Atlas,f393bc3bb2ad,SVG,comparison-instrument-2026-10-06T15-51-13.379Z,points-5000-seed-41544c53,add-1000,cumulative_operation_ms,ms,1000,78
Atlas,f393bc3bb2ad,SVG,comparison-instrument-2026-10-06T15-51-13.379Z,points-5000-seed-41544c53,add-1000,operation_to_raf_opportunities_ms,ms,0,122.5
Atlas,f393bc3bb2ad,SVG,comparison-instrument-2026-10-06T15-51-13.379Z,points-5000-seed-41544c53,add-1000,svg_attribute_writes,count,0,18003
Atlas,f393bc3bb2ad,SVG,comparison-instrument-2026-10-06T15-51-13.379Z,points-5000-seed-41544c53,add-1000,svg_attribute_removals,count,0,6000
Atlas,f393bc3bb2ad,SVG,comparison-instrument-2026-10-06T15-51-13.379Z,points-5000-seed-41544c53,add-1000,dom_added_nodes,count,0,1000
Atlas,f393bc3bb2ad,SVG,comparison-instrument-2026-10-06T15-51-13.379Z,points-5000-seed-41544c53,add-1000,dom_removed_nodes,count,0,0
Leaflet,1.9.4,SVG,comparison-instrument-2026-10-06T15-51-13.379Z,points-5000-seed-41544c53,add-1000,operation_sync_ms,ms,0,5.800000190734863
Leaflet,1.9.4,SVG,comparison-instrument-2026-10-06T15-51-13.379Z,points-5000-seed-41544c53,add-1000,cumulative_operation_ms,ms,100,0.6000001430511475
Leaflet,1.9.4,SVG,comparison-instrument-2026-10-06T15-51-13.379Z,points-5000-seed-41544c53,add-1000,cumulative_operation_ms,ms,200,1.2000000476837158
Leaflet,1.9.4,SVG,comparison-instrument-2026-10-06T15-51-13.379Z,points-5000-seed-41544c53,add-1000,cumulative_operation_ms,ms,300,1.7000000476837158
Leaflet,1.9.4,SVG,comparison-instrument-2026-10-06T15-51-13.379Z,points-5000-seed-41544c53,add-1000,cumulative_operation_ms,ms,400,2.3000001907348633
Leaflet,1.9.4,SVG,comparison-instrument-2026-10-06T15-51-13.379Z,points-5000-seed-41544c53,add-1000,cumulative_operation_ms,ms,500,3.1000001430511475
Leaflet,1.9.4,SVG,comparison-instrument-2026-10-06T15-51-13.379Z,points-5000-seed-41544c53,add-1000,cumulative_operation_ms,ms,600,3.6000001430511475
Leaflet,1.9.4,SVG,comparison-instrument-2026-10-06T15-51-13.379Z,points-5000-seed-41544c53,add-1000,cumulative_operation_ms,ms,700,4.200000047683716
Leaflet,1.9.4,SVG,comparison-instrument-2026-10-06T15-51-13.379Z,points-5000-seed-41544c53,add-1000,cumulative_operation_ms,ms,800,4.700000047683716
Leaflet,1.9.4,SVG,comparison-instrument-2026-10-06T15-51-13.379Z,points-5000-seed-41544c53,add-1000,cumulative_operation_ms,ms,900,5.200000047683716
Leaflet,1.9.4,SVG,comparison-instrument-2026-10-06T15-51-13.379Z,points-5000-seed-41544c53,add-1000,cumulative_operation_ms,ms,1000,5.800000190734863
Leaflet,1.9.4,SVG,comparison-instrument-2026-10-06T15-51-13.379Z,points-5000-seed-41544c53,add-1000,operation_to_raf_opportunities_ms,ms,0,27.100000143051147
Leaflet,1.9.4,SVG,comparison-instrument-2026-10-06T15-51-13.379Z,points-5000-seed-41544c53,add-1000,svg_attribute_writes,count,0,9000
Leaflet,1.9.4,SVG,comparison-instrument-2026-10-06T15-51-13.379Z,points-5000-seed-41544c53,add-1000,svg_attribute_removals,count,0,2000
Leaflet,1.9.4,SVG,comparison-instrument-2026-10-06T15-51-13.379Z,points-5000-seed-41544c53,add-1000,dom_added_nodes,count,0,1000
Leaflet,1.9.4,SVG,comparison-instrument-2026-10-06T15-51-13.379Z,points-5000-seed-41544c53,add-1000,dom_removed_nodes,count,0,0
Leaflet,1.9.4,Canvas,comparison-instrument-2026-10-06T15-51-13.379Z,points-5000-seed-41544c53,add-1000,operation_sync_ms,ms,0,1.2000000476837158
Leaflet,1.9.4,Canvas,comparison-instrument-2026-10-06T15-51-13.379Z,points-5000-seed-41544c53,add-1000,cumulative_operation_ms,ms,100,0.20000004768371582
Leaflet,1.9.4,Canvas,comparison-instrument-2026-10-06T15-51-13.379Z,points-5000-seed-41544c53,add-1000,cumulative_operation_ms,ms,200,0.3000001907348633
Leaflet,1.9.4,Canvas,comparison-instrument-2026-10-06T15-51-13.379Z,points-5000-seed-41544c53,add-1000,cumulative_operation_ms,ms,300,0.40000009536743164
Leaflet,1.9.4,Canvas,comparison-instrument-2026-10-06T15-51-13.379Z,points-5000-seed-41544c53,add-1000,cumulative_operation_ms,ms,400,0.5
Leaflet,1.9.4,Canvas,comparison-instrument-2026-10-06T15-51-13.379Z,points-5000-seed-41544c53,add-1000,cumulative_operation_ms,ms,500,0.7000000476837158
Leaflet,1.9.4,Canvas,comparison-instrument-2026-10-06T15-51-13.379Z,points-5000-seed-41544c53,add-1000,cumulative_operation_ms,ms,600,0.8000001907348633
Leaflet,1.9.4,Canvas,comparison-instrument-2026-10-06T15-51-13.379Z,points-5000-seed-41544c53,add-1000,cumulative_operation_ms,ms,700,0.9000000953674316
Leaflet,1.9.4,Canvas,comparison-instrument-2026-10-06T15-51-13.379Z,points-5000-seed-41544c53,add-1000,cumulative_operation_ms,ms,800,1
Leaflet,1.9.4,Canvas,comparison-instrument-2026-10-06T15-51-13.379Z,points-5000-seed-41544c53,add-1000,cumulative_operation_ms,ms,900,1.1000001430511475
Leaflet,1.9.4,Canvas,comparison-instrument-2026-10-06T15-51-13.379Z,points-5000-seed-41544c53,add-1000,cumulative_operation_ms,ms,1000,1.2000000476837158
Leaflet,1.9.4,Canvas,comparison-instrument-2026-10-06T15-51-13.379Z,points-5000-seed-41544c53,add-1000,operation_to_raf_opportunities_ms,ms,0,42.80000019073486
Leaflet,1.9.4,Canvas,comparison-instrument-2026-10-06T15-51-13.379Z,points-5000-seed-41544c53,add-1000,svg_attribute_writes,N/A,0,N/A
Leaflet,1.9.4,Canvas,comparison-instrument-2026-10-06T15-51-13.379Z,points-5000-seed-41544c53,add-1000,svg_attribute_removals,N/A,0,N/A
Leaflet,1.9.4,Canvas,comparison-instrument-2026-10-06T15-51-13.379Z,points-5000-seed-41544c53,add-1000,dom_added_nodes,N/A,0,N/A
Leaflet,1.9.4,Canvas,comparison-instrument-2026-10-06T15-51-13.379Z,points-5000-seed-41544c53,add-1000,dom_removed_nodes,N/A,0,N/A
Atlas,f393bc3bb2ad,SVG,comparison-instrument-2026-10-06T15-51-13.379Z,points-5000-seed-41544c53,remove-100,operation_sync_ms,ms,0,24.40000009536743
Atlas,f393bc3bb2ad,SVG,comparison-instrument-2026-10-06T15-51-13.379Z,points-5000-seed-41544c53,remove-100,cumulative_operation_ms,ms,100,24.40000009536743
Atlas,f393bc3bb2ad,SVG,comparison-instrument-2026-10-06T15-51-13.379Z,points-5000-seed-41544c53,remove-100,operation_to_raf_opportunities_ms,ms,0,55.40000009536743
Atlas,f393bc3bb2ad,SVG,comparison-instrument-2026-10-06T15-51-13.379Z,points-5000-seed-41544c53,remove-100,svg_attribute_writes,count,0,9803
Atlas,f393bc3bb2ad,SVG,comparison-instrument-2026-10-06T15-51-13.379Z,points-5000-seed-41544c53,remove-100,svg_attribute_removals,count,0,4900
Atlas,f393bc3bb2ad,SVG,comparison-instrument-2026-10-06T15-51-13.379Z,points-5000-seed-41544c53,remove-100,dom_added_nodes,count,0,0
Atlas,f393bc3bb2ad,SVG,comparison-instrument-2026-10-06T15-51-13.379Z,points-5000-seed-41544c53,remove-100,dom_removed_nodes,count,0,100
Leaflet,1.9.4,SVG,comparison-instrument-2026-10-06T15-51-13.379Z,points-5000-seed-41544c53,remove-100,operation_sync_ms,ms,0,0.20000004768371582
Leaflet,1.9.4,SVG,comparison-instrument-2026-10-06T15-51-13.379Z,points-5000-seed-41544c53,remove-100,cumulative_operation_ms,ms,100,0.20000004768371582
Leaflet,1.9.4,SVG,comparison-instrument-2026-10-06T15-51-13.379Z,points-5000-seed-41544c53,remove-100,operation_to_raf_opportunities_ms,ms,0,18.200000047683716
Leaflet,1.9.4,SVG,comparison-instrument-2026-10-06T15-51-13.379Z,points-5000-seed-41544c53,remove-100,svg_attribute_writes,count,0,0
Leaflet,1.9.4,SVG,comparison-instrument-2026-10-06T15-51-13.379Z,points-5000-seed-41544c53,remove-100,svg_attribute_removals,count,0,0
Leaflet,1.9.4,SVG,comparison-instrument-2026-10-06T15-51-13.379Z,points-5000-seed-41544c53,remove-100,dom_added_nodes,count,0,0
Leaflet,1.9.4,SVG,comparison-instrument-2026-10-06T15-51-13.379Z,points-5000-seed-41544c53,remove-100,dom_removed_nodes,count,0,100
Leaflet,1.9.4,Canvas,comparison-instrument-2026-10-06T15-51-13.379Z,points-5000-seed-41544c53,remove-100,operation_sync_ms,ms,0,0.2999999523162842
Leaflet,1.9.4,Canvas,comparison-instrument-2026-10-06T15-51-13.379Z,points-5000-seed-41544c53,remove-100,cumulative_operation_ms,ms,100,0.09999990463256836
Leaflet,1.9.4,Canvas,comparison-instrument-2026-10-06T15-51-13.379Z,points-5000-seed-41544c53,remove-100,operation_to_raf_opportunities_ms,ms,0,31.59999990463257
Leaflet,1.9.4,Canvas,comparison-instrument-2026-10-06T15-51-13.379Z,points-5000-seed-41544c53,remove-100,svg_attribute_writes,N/A,0,N/A
Leaflet,1.9.4,Canvas,comparison-instrument-2026-10-06T15-51-13.379Z,points-5000-seed-41544c53,remove-100,svg_attribute_removals,N/A,0,N/A
Leaflet,1.9.4,Canvas,comparison-instrument-2026-10-06T15-51-13.379Z,points-5000-seed-41544c53,remove-100,dom_added_nodes,N/A,0,N/A
Leaflet,1.9.4,Canvas,comparison-instrument-2026-10-06T15-51-13.379Z,points-5000-seed-41544c53,remove-100,dom_removed_nodes,N/A,0,N/A
Atlas,f393bc3bb2ad,SVG,comparison-instrument-2026-10-06T15-51-13.379Z,points-5000-seed-41544c53,remove-500,operation_sync_ms,ms,0,91.60000014305115
Atlas,f393bc3bb2ad,SVG,comparison-instrument-2026-10-06T15-51-13.379Z,points-5000-seed-41544c53,remove-500,cumulative_operation_ms,ms,100,17.90000009536743
Atlas,f393bc3bb2ad,SVG,comparison-instrument-2026-10-06T15-51-13.379Z,points-5000-seed-41544c53,remove-500,cumulative_operation_ms,ms,200,38.30000019073486
Atlas,f393bc3bb2ad,SVG,comparison-instrument-2026-10-06T15-51-13.379Z,points-5000-seed-41544c53,remove-500,cumulative_operation_ms,ms,300,57.40000009536743
Atlas,f393bc3bb2ad,SVG,comparison-instrument-2026-10-06T15-51-13.379Z,points-5000-seed-41544c53,remove-500,cumulative_operation_ms,ms,400,74.80000019073486
Atlas,f393bc3bb2ad,SVG,comparison-instrument-2026-10-06T15-51-13.379Z,points-5000-seed-41544c53,remove-500,cumulative_operation_ms,ms,500,91.60000014305115
Atlas,f393bc3bb2ad,SVG,comparison-instrument-2026-10-06T15-51-13.379Z,points-5000-seed-41544c53,remove-500,operation_to_raf_opportunities_ms,ms,0,122
Atlas,f393bc3bb2ad,SVG,comparison-instrument-2026-10-06T15-51-13.379Z,points-5000-seed-41544c53,remove-500,svg_attribute_writes,count,0,9003
Atlas,f393bc3bb2ad,SVG,comparison-instrument-2026-10-06T15-51-13.379Z,points-5000-seed-41544c53,remove-500,svg_attribute_removals,count,0,4500
Atlas,f393bc3bb2ad,SVG,comparison-instrument-2026-10-06T15-51-13.379Z,points-5000-seed-41544c53,remove-500,dom_added_nodes,count,0,0
Atlas,f393bc3bb2ad,SVG,comparison-instrument-2026-10-06T15-51-13.379Z,points-5000-seed-41544c53,remove-500,dom_removed_nodes,count,0,500
Leaflet,1.9.4,SVG,comparison-instrument-2026-10-06T15-51-13.379Z,points-5000-seed-41544c53,remove-500,operation_sync_ms,ms,0,1.0999999046325684
Leaflet,1.9.4,SVG,comparison-instrument-2026-10-06T15-51-13.379Z,points-5000-seed-41544c53,remove-500,cumulative_operation_ms,ms,100,0.20000004768371582
Leaflet,1.9.4,SVG,comparison-instrument-2026-10-06T15-51-13.379Z,points-5000-seed-41544c53,remove-500,cumulative_operation_ms,ms,200,0.40000009536743164
Leaflet,1.9.4,SVG,comparison-instrument-2026-10-06T15-51-13.379Z,points-5000-seed-41544c53,remove-500,cumulative_operation_ms,ms,300,0.5999999046325684
Leaflet,1.9.4,SVG,comparison-instrument-2026-10-06T15-51-13.379Z,points-5000-seed-41544c53,remove-500,cumulative_operation_ms,ms,400,0.7000000476837158
Leaflet,1.9.4,SVG,comparison-instrument-2026-10-06T15-51-13.379Z,points-5000-seed-41544c53,remove-500,cumulative_operation_ms,ms,500,0.9000000953674316
Leaflet,1.9.4,SVG,comparison-instrument-2026-10-06T15-51-13.379Z,points-5000-seed-41544c53,remove-500,operation_to_raf_opportunities_ms,ms,0,11
Leaflet,1.9.4,SVG,comparison-instrument-2026-10-06T15-51-13.379Z,points-5000-seed-41544c53,remove-500,svg_attribute_writes,count,0,0
Leaflet,1.9.4,SVG,comparison-instrument-2026-10-06T15-51-13.379Z,points-5000-seed-41544c53,remove-500,svg_attribute_removals,count,0,0
Leaflet,1.9.4,SVG,comparison-instrument-2026-10-06T15-51-13.379Z,points-5000-seed-41544c53,remove-500,dom_added_nodes,count,0,0
Leaflet,1.9.4,SVG,comparison-instrument-2026-10-06T15-51-13.379Z,points-5000-seed-41544c53,remove-500,dom_removed_nodes,count,0,500
Leaflet,1.9.4,Canvas,comparison-instrument-2026-10-06T15-51-13.379Z,points-5000-seed-41544c53,remove-500,operation_sync_ms,ms,0,0.39999985694885254
Leaflet,1.9.4,Canvas,comparison-instrument-2026-10-06T15-51-13.379Z,points-5000-seed-41544c53,remove-500,cumulative_operation_ms,ms,100,0
Leaflet,1.9.4,Canvas,comparison-instrument-2026-10-06T15-51-13.379Z,points-5000-seed-41544c53,remove-500,cumulative_operation_ms,ms,200,0.09999990463256836
Leaflet,1.9.4,Canvas,comparison-instrument-2026-10-06T15-51-13.379Z,points-5000-seed-41544c53,remove-500,cumulative_operation_ms,ms,300,0.20000004768371582
Leaflet,1.9.4,Canvas,comparison-instrument-2026-10-06T15-51-13.379Z,points-5000-seed-41544c53,remove-500,cumulative_operation_ms,ms,400,0.20000004768371582
Leaflet,1.9.4,Canvas,comparison-instrument-2026-10-06T15-51-13.379Z,points-5000-seed-41544c53,remove-500,cumulative_operation_ms,ms,500,0.20000004768371582
Leaflet,1.9.4,Canvas,comparison-instrument-2026-10-06T15-51-13.379Z,points-5000-seed-41544c53,remove-500,operation_to_raf_opportunities_ms,ms,0,28.59999990463257
Leaflet,1.9.4,Canvas,comparison-instrument-2026-10-06T15-51-13.379Z,points-5000-seed-41544c53,remove-500,svg_attribute_writes,N/A,0,N/A
Leaflet,1.9.4,Canvas,comparison-instrument-2026-10-06T15-51-13.379Z,points-5000-seed-41544c53,remove-500,svg_attribute_removals,N/A,0,N/A
Leaflet,1.9.4,Canvas,comparison-instrument-2026-10-06T15-51-13.379Z,points-5000-seed-41544c53,remove-500,dom_added_nodes,N/A,0,N/A
Leaflet,1.9.4,Canvas,comparison-instrument-2026-10-06T15-51-13.379Z,points-5000-seed-41544c53,remove-500,dom_removed_nodes,N/A,0,N/A
Atlas,f393bc3bb2ad,SVG,comparison-instrument-2026-10-06T15-51-13.379Z,points-5000-seed-41544c53,remove-1000,operation_sync_ms,ms,0,167.80000019073486
Atlas,f393bc3bb2ad,SVG,comparison-instrument-2026-10-06T15-51-13.379Z,points-5000-seed-41544c53,remove-1000,cumulative_operation_ms,ms,100,19.700000047683716
Atlas,f393bc3bb2ad,SVG,comparison-instrument-2026-10-06T15-51-13.379Z,points-5000-seed-41544c53,remove-1000,cumulative_operation_ms,ms,200,43.200000047683716
Atlas,f393bc3bb2ad,SVG,comparison-instrument-2026-10-06T15-51-13.379Z,points-5000-seed-41544c53,remove-1000,cumulative_operation_ms,ms,300,59.90000009536743
Atlas,f393bc3bb2ad,SVG,comparison-instrument-2026-10-06T15-51-13.379Z,points-5000-seed-41544c53,remove-1000,cumulative_operation_ms,ms,400,77.5
Atlas,f393bc3bb2ad,SVG,comparison-instrument-2026-10-06T15-51-13.379Z,points-5000-seed-41544c53,remove-1000,cumulative_operation_ms,ms,500,95
Atlas,f393bc3bb2ad,SVG,comparison-instrument-2026-10-06T15-51-13.379Z,points-5000-seed-41544c53,remove-1000,cumulative_operation_ms,ms,600,110.5
Atlas,f393bc3bb2ad,SVG,comparison-instrument-2026-10-06T15-51-13.379Z,points-5000-seed-41544c53,remove-1000,cumulative_operation_ms,ms,700,126.10000014305115
Atlas,f393bc3bb2ad,SVG,comparison-instrument-2026-10-06T15-51-13.379Z,points-5000-seed-41544c53,remove-1000,cumulative_operation_ms,ms,800,140.60000014305115
Atlas,f393bc3bb2ad,SVG,comparison-instrument-2026-10-06T15-51-13.379Z,points-5000-seed-41544c53,remove-1000,cumulative_operation_ms,ms,900,154.5
Atlas,f393bc3bb2ad,SVG,comparison-instrument-2026-10-06T15-51-13.379Z,points-5000-seed-41544c53,remove-1000,cumulative_operation_ms,ms,1000,167.80000019073486
Atlas,f393bc3bb2ad,SVG,comparison-instrument-2026-10-06T15-51-13.379Z,points-5000-seed-41544c53,remove-1000,operation_to_raf_opportunities_ms,ms,0,194.40000009536743
Atlas,f393bc3bb2ad,SVG,comparison-instrument-2026-10-06T15-51-13.379Z,points-5000-seed-41544c53,remove-1000,svg_attribute_writes,count,0,8003
Atlas,f393bc3bb2ad,SVG,comparison-instrument-2026-10-06T15-51-13.379Z,points-5000-seed-41544c53,remove-1000,svg_attribute_removals,count,0,4000
Atlas,f393bc3bb2ad,SVG,comparison-instrument-2026-10-06T15-51-13.379Z,points-5000-seed-41544c53,remove-1000,dom_added_nodes,count,0,0
Atlas,f393bc3bb2ad,SVG,comparison-instrument-2026-10-06T15-51-13.379Z,points-5000-seed-41544c53,remove-1000,dom_removed_nodes,count,0,1000
Leaflet,1.9.4,SVG,comparison-instrument-2026-10-06T15-51-13.379Z,points-5000-seed-41544c53,remove-1000,operation_sync_ms,ms,0,1.6999998092651367
Leaflet,1.9.4,SVG,comparison-instrument-2026-10-06T15-51-13.379Z,points-5000-seed-41544c53,remove-1000,cumulative_operation_ms,ms,100,0.19999980926513672
Leaflet,1.9.4,SVG,comparison-instrument-2026-10-06T15-51-13.379Z,points-5000-seed-41544c53,remove-1000,cumulative_operation_ms,ms,200,0.39999985694885254
Leaflet,1.9.4,SVG,comparison-instrument-2026-10-06T15-51-13.379Z,points-5000-seed-41544c53,remove-1000,cumulative_operation_ms,ms,300,0.5999999046325684
Leaflet,1.9.4,SVG,comparison-instrument-2026-10-06T15-51-13.379Z,points-5000-seed-41544c53,remove-1000,cumulative_operation_ms,ms,400,0.6999998092651367
Leaflet,1.9.4,SVG,comparison-instrument-2026-10-06T15-51-13.379Z,points-5000-seed-41544c53,remove-1000,cumulative_operation_ms,ms,500,0.8999998569488525
Leaflet,1.9.4,SVG,comparison-instrument-2026-10-06T15-51-13.379Z,points-5000-seed-41544c53,remove-1000,cumulative_operation_ms,ms,600,1
Leaflet,1.9.4,SVG,comparison-instrument-2026-10-06T15-51-13.379Z,points-5000-seed-41544c53,remove-1000,cumulative_operation_ms,ms,700,1.0999999046325684
Leaflet,1.9.4,SVG,comparison-instrument-2026-10-06T15-51-13.379Z,points-5000-seed-41544c53,remove-1000,cumulative_operation_ms,ms,800,1.2999999523162842
Leaflet,1.9.4,SVG,comparison-instrument-2026-10-06T15-51-13.379Z,points-5000-seed-41544c53,remove-1000,cumulative_operation_ms,ms,900,1.5
Leaflet,1.9.4,SVG,comparison-instrument-2026-10-06T15-51-13.379Z,points-5000-seed-41544c53,remove-1000,cumulative_operation_ms,ms,1000,1.5999999046325684
Leaflet,1.9.4,SVG,comparison-instrument-2026-10-06T15-51-13.379Z,points-5000-seed-41544c53,remove-1000,operation_to_raf_opportunities_ms,ms,0,14.099999904632568
Leaflet,1.9.4,SVG,comparison-instrument-2026-10-06T15-51-13.379Z,points-5000-seed-41544c53,remove-1000,svg_attribute_writes,count,0,0
Leaflet,1.9.4,SVG,comparison-instrument-2026-10-06T15-51-13.379Z,points-5000-seed-41544c53,remove-1000,svg_attribute_removals,count,0,0
Leaflet,1.9.4,SVG,comparison-instrument-2026-10-06T15-51-13.379Z,points-5000-seed-41544c53,remove-1000,dom_added_nodes,count,0,0
Leaflet,1.9.4,SVG,comparison-instrument-2026-10-06T15-51-13.379Z,points-5000-seed-41544c53,remove-1000,dom_removed_nodes,count,0,1000
Leaflet,1.9.4,Canvas,comparison-instrument-2026-10-06T15-51-13.379Z,points-5000-seed-41544c53,remove-1000,operation_sync_ms,ms,0,0.6999998092651367
Leaflet,1.9.4,Canvas,comparison-instrument-2026-10-06T15-51-13.379Z,points-5000-seed-41544c53,remove-1000,cumulative_operation_ms,ms,100,0.09999990463256836
Leaflet,1.9.4,Canvas,comparison-instrument-2026-10-06T15-51-13.379Z,points-5000-seed-41544c53,remove-1000,cumulative_operation_ms,ms,200,0.19999980926513672
Leaflet,1.9.4,Canvas,comparison-instrument-2026-10-06T15-51-13.379Z,points-5000-seed-41544c53,remove-1000,cumulative_operation_ms,ms,300,0.19999980926513672
Leaflet,1.9.4,Canvas,comparison-instrument-2026-10-06T15-51-13.379Z,points-5000-seed-41544c53,remove-1000,cumulative_operation_ms,ms,400,0.2999999523162842
Leaflet,1.9.4,Canvas,comparison-instrument-2026-10-06T15-51-13.379Z,points-5000-seed-41544c53,remove-1000,cumulative_operation_ms,ms,500,0.39999985694885254
Leaflet,1.9.4,Canvas,comparison-instrument-2026-10-06T15-51-13.379Z,points-5000-seed-41544c53,remove-1000,cumulative_operation_ms,ms,600,0.39999985694885254
Leaflet,1.9.4,Canvas,comparison-instrument-2026-10-06T15-51-13.379Z,points-5000-seed-41544c53,remove-1000,cumulative_operation_ms,ms,700,0.39999985694885254
Leaflet,1.9.4,Canvas,comparison-instrument-2026-10-06T15-51-13.379Z,points-5000-seed-41544c53,remove-1000,cumulative_operation_ms,ms,800,0.5
Leaflet,1.9.4,Canvas,comparison-instrument-2026-10-06T15-51-13.379Z,points-5000-seed-41544c53,remove-1000,cumulative_operation_ms,ms,900,0.5
Leaflet,1.9.4,Canvas,comparison-instrument-2026-10-06T15-51-13.379Z,points-5000-seed-41544c53,remove-1000,cumulative_operation_ms,ms,1000,0.5999999046325684
Leaflet,1.9.4,Canvas,comparison-instrument-2026-10-06T15-51-13.379Z,points-5000-seed-41544c53,remove-1000,operation_to_raf_opportunities_ms,ms,0,26.59999990463257
Leaflet,1.9.4,Canvas,comparison-instrument-2026-10-06T15-51-13.379Z,points-5000-seed-41544c53,remove-1000,svg_attribute_writes,N/A,0,N/A
Leaflet,1.9.4,Canvas,comparison-instrument-2026-10-06T15-51-13.379Z,points-5000-seed-41544c53,remove-1000,svg_attribute_removals,N/A,0,N/A
Leaflet,1.9.4,Canvas,comparison-instrument-2026-10-06T15-51-13.379Z,points-5000-seed-41544c53,remove-1000,dom_added_nodes,N/A,0,N/A
Leaflet,1.9.4,Canvas,comparison-instrument-2026-10-06T15-51-13.379Z,points-5000-seed-41544c53,remove-1000,dom_removed_nodes,N/A,0,N/A
Atlas,f393bc3bb2ad,SVG,comparison-instrument-2026-10-06T15-51-13.379Z,points-5000-seed-41544c53,route-update,not_applicable,N/A,0,N/A
Leaflet,1.9.4,SVG,comparison-instrument-2026-10-06T15-51-13.379Z,points-5000-seed-41544c53,route-update,not_applicable,N/A,0,N/A
Leaflet,1.9.4,Canvas,comparison-instrument-2026-10-06T15-51-13.379Z,points-5000-seed-41544c53,route-update,not_applicable,N/A,0,N/A
Atlas,f393bc3bb2ad,SVG,comparison-instrument-2026-10-06T15-51-13.379Z,points-5000-seed-41544c53,hit,spatial_hit_test_sync_ms,ms,0,0
Atlas,f393bc3bb2ad,SVG,comparison-instrument-2026-10-06T15-51-13.379Z,points-5000-seed-41544c53,hit,spatial_hit_test_sync_ms,ms,1,0.09999990463256836
Atlas,f393bc3bb2ad,SVG,comparison-instrument-2026-10-06T15-51-13.379Z,points-5000-seed-41544c53,hit,spatial_hit_test_sync_ms,ms,2,0.10000014305114746
Atlas,f393bc3bb2ad,SVG,comparison-instrument-2026-10-06T15-51-13.379Z,points-5000-seed-41544c53,hit,spatial_hit_test_sync_ms,ms,3,0
Atlas,f393bc3bb2ad,SVG,comparison-instrument-2026-10-06T15-51-13.379Z,points-5000-seed-41544c53,hit,spatial_hit_test_sync_ms,ms,4,0.09999990463256836
Atlas,f393bc3bb2ad,SVG,comparison-instrument-2026-10-06T15-51-13.379Z,points-5000-seed-41544c53,hit,spatial_hit_test_sync_ms,ms,5,0
Atlas,f393bc3bb2ad,SVG,comparison-instrument-2026-10-06T15-51-13.379Z,points-5000-seed-41544c53,hit,spatial_hit_test_sync_ms,ms,6,0.20000004768371582
Atlas,f393bc3bb2ad,SVG,comparison-instrument-2026-10-06T15-51-13.379Z,points-5000-seed-41544c53,hit,spatial_hit_test_sync_ms,ms,7,0
Atlas,f393bc3bb2ad,SVG,comparison-instrument-2026-10-06T15-51-13.379Z,points-5000-seed-41544c53,hit,spatial_hit_test_sync_ms,ms,8,0
Atlas,f393bc3bb2ad,SVG,comparison-instrument-2026-10-06T15-51-13.379Z,points-5000-seed-41544c53,hit,spatial_hit_test_sync_ms,ms,9,0.09999990463256836
Atlas,f393bc3bb2ad,SVG,comparison-instrument-2026-10-06T15-51-13.379Z,points-5000-seed-41544c53,hit,spatial_hit_test_sync_ms,ms,10,0.10000014305114746
Atlas,f393bc3bb2ad,SVG,comparison-instrument-2026-10-06T15-51-13.379Z,points-5000-seed-41544c53,hit,spatial_hit_test_sync_ms,ms,11,0.09999990463256836
Atlas,f393bc3bb2ad,SVG,comparison-instrument-2026-10-06T15-51-13.379Z,points-5000-seed-41544c53,hit,spatial_hit_test_sync_ms,ms,12,0
Atlas,f393bc3bb2ad,SVG,comparison-instrument-2026-10-06T15-51-13.379Z,points-5000-seed-41544c53,hit,spatial_hit_test_sync_ms,ms,13,0.09999990463256836
Atlas,f393bc3bb2ad,SVG,comparison-instrument-2026-10-06T15-51-13.379Z,points-5000-seed-41544c53,hit,spatial_hit_test_sync_ms,ms,14,0.10000014305114746
Atlas,f393bc3bb2ad,SVG,comparison-instrument-2026-10-06T15-51-13.379Z,points-5000-seed-41544c53,hit,spatial_hit_test_sync_ms,ms,15,0
Atlas,f393bc3bb2ad,SVG,comparison-instrument-2026-10-06T15-51-13.379Z,points-5000-seed-41544c53,hit,spatial_hit_test_sync_ms,ms,16,0
Atlas,f393bc3bb2ad,SVG,comparison-instrument-2026-10-06T15-51-13.379Z,points-5000-seed-41544c53,hit,spatial_hit_test_sync_ms,ms,17,0.09999990463256836
Atlas,f393bc3bb2ad,SVG,comparison-instrument-2026-10-06T15-51-13.379Z,points-5000-seed-41544c53,hit,spatial_hit_test_sync_ms,ms,18,0.10000014305114746
Atlas,f393bc3bb2ad,SVG,comparison-instrument-2026-10-06T15-51-13.379Z,points-5000-seed-41544c53,hit,spatial_hit_test_sync_ms,ms,19,0
Atlas,f393bc3bb2ad,SVG,comparison-instrument-2026-10-06T15-51-13.379Z,points-5000-seed-41544c53,hit,spatial_hit_test_sync_ms,ms,20,0.09999990463256836
Atlas,f393bc3bb2ad,SVG,comparison-instrument-2026-10-06T15-51-13.379Z,points-5000-seed-41544c53,hit,spatial_hit_test_sync_ms,ms,21,0
Atlas,f393bc3bb2ad,SVG,comparison-instrument-2026-10-06T15-51-13.379Z,points-5000-seed-41544c53,hit,spatial_hit_test_sync_ms,ms,22,0.09999990463256836
Atlas,f393bc3bb2ad,SVG,comparison-instrument-2026-10-06T15-51-13.379Z,points-5000-seed-41544c53,hit,spatial_hit_test_sync_ms,ms,23,0.10000014305114746
Atlas,f393bc3bb2ad,SVG,comparison-instrument-2026-10-06T15-51-13.379Z,points-5000-seed-41544c53,hit,spatial_hit_test_sync_ms,ms,24,0.09999990463256836
Atlas,f393bc3bb2ad,SVG,comparison-instrument-2026-10-06T15-51-13.379Z,points-5000-seed-41544c53,hit,spatial_hit_test_sync_ms,ms,25,0.10000014305114746
Atlas,f393bc3bb2ad,SVG,comparison-instrument-2026-10-06T15-51-13.379Z,points-5000-seed-41544c53,hit,spatial_hit_test_sync_ms,ms,26,0
Atlas,f393bc3bb2ad,SVG,comparison-instrument-2026-10-06T15-51-13.379Z,points-5000-seed-41544c53,hit,spatial_hit_test_sync_ms,ms,27,0
Atlas,f393bc3bb2ad,SVG,comparison-instrument-2026-10-06T15-51-13.379Z,points-5000-seed-41544c53,hit,spatial_hit_test_sync_ms,ms,28,0
Atlas,f393bc3bb2ad,SVG,comparison-instrument-2026-10-06T15-51-13.379Z,points-5000-seed-41544c53,hit,spatial_hit_test_sync_ms,ms,29,0.09999990463256836
Atlas,f393bc3bb2ad,SVG,comparison-instrument-2026-10-06T15-51-13.379Z,points-5000-seed-41544c53,hit,spatial_hit_test_sync_ms,ms,30,0
Atlas,f393bc3bb2ad,SVG,comparison-instrument-2026-10-06T15-51-13.379Z,points-5000-seed-41544c53,hit,spatial_hit_test_sync_ms,ms,31,0.20000004768371582
Atlas,f393bc3bb2ad,SVG,comparison-instrument-2026-10-06T15-51-13.379Z,points-5000-seed-41544c53,hit,spatial_hit_test_sync_ms,ms,32,0
Atlas,f393bc3bb2ad,SVG,comparison-instrument-2026-10-06T15-51-13.379Z,points-5000-seed-41544c53,hit,spatial_hit_test_sync_ms,ms,33,0
Atlas,f393bc3bb2ad,SVG,comparison-instrument-2026-10-06T15-51-13.379Z,points-5000-seed-41544c53,hit,spatial_hit_test_sync_ms,ms,34,0.09999990463256836
Atlas,f393bc3bb2ad,SVG,comparison-instrument-2026-10-06T15-51-13.379Z,points-5000-seed-41544c53,hit,spatial_hit_test_sync_ms,ms,35,0.10000014305114746
Atlas,f393bc3bb2ad,SVG,comparison-instrument-2026-10-06T15-51-13.379Z,points-5000-seed-41544c53,hit,spatial_hit_test_sync_ms,ms,36,0
Atlas,f393bc3bb2ad,SVG,comparison-instrument-2026-10-06T15-51-13.379Z,points-5000-seed-41544c53,hit,spatial_hit_test_sync_ms,ms,37,0
Atlas,f393bc3bb2ad,SVG,comparison-instrument-2026-10-06T15-51-13.379Z,points-5000-seed-41544c53,hit,spatial_hit_test_sync_ms,ms,38,0.09999990463256836
Atlas,f393bc3bb2ad,SVG,comparison-instrument-2026-10-06T15-51-13.379Z,points-5000-seed-41544c53,hit,spatial_hit_test_sync_ms,ms,39,0
Atlas,f393bc3bb2ad,SVG,comparison-instrument-2026-10-06T15-51-13.379Z,points-5000-seed-41544c53,hit,spatial_hit_test_sync_ms,ms,40,0.09999990463256836
Atlas,f393bc3bb2ad,SVG,comparison-instrument-2026-10-06T15-51-13.379Z,points-5000-seed-41544c53,hit,spatial_hit_test_sync_ms,ms,41,0
Atlas,f393bc3bb2ad,SVG,comparison-instrument-2026-10-06T15-51-13.379Z,points-5000-seed-41544c53,hit,spatial_hit_test_sync_ms,ms,42,0.10000014305114746
Atlas,f393bc3bb2ad,SVG,comparison-instrument-2026-10-06T15-51-13.379Z,points-5000-seed-41544c53,hit,spatial_hit_test_sync_ms,ms,43,0
Atlas,f393bc3bb2ad,SVG,comparison-instrument-2026-10-06T15-51-13.379Z,points-5000-seed-41544c53,hit,spatial_hit_test_sync_ms,ms,44,0.09999990463256836
Atlas,f393bc3bb2ad,SVG,comparison-instrument-2026-10-06T15-51-13.379Z,points-5000-seed-41544c53,hit,spatial_hit_test_sync_ms,ms,45,0.10000014305114746
Atlas,f393bc3bb2ad,SVG,comparison-instrument-2026-10-06T15-51-13.379Z,points-5000-seed-41544c53,hit,spatial_hit_test_sync_ms,ms,46,0.09999990463256836
Atlas,f393bc3bb2ad,SVG,comparison-instrument-2026-10-06T15-51-13.379Z,points-5000-seed-41544c53,hit,spatial_hit_test_sync_ms,ms,47,0
Atlas,f393bc3bb2ad,SVG,comparison-instrument-2026-10-06T15-51-13.379Z,points-5000-seed-41544c53,hit,spatial_hit_test_sync_ms,ms,48,0
Atlas,f393bc3bb2ad,SVG,comparison-instrument-2026-10-06T15-51-13.379Z,points-5000-seed-41544c53,hit,spatial_hit_test_sync_ms,ms,49,0.20000004768371582
Atlas,f393bc3bb2ad,SVG,comparison-instrument-2026-10-06T15-51-13.379Z,points-5000-seed-41544c53,hit,spatial_hit_test_sync_ms,ms,50,0.09999990463256836
Atlas,f393bc3bb2ad,SVG,comparison-instrument-2026-10-06T15-51-13.379Z,points-5000-seed-41544c53,hit,spatial_hit_test_sync_ms,ms,51,0
Atlas,f393bc3bb2ad,SVG,comparison-instrument-2026-10-06T15-51-13.379Z,points-5000-seed-41544c53,hit,spatial_hit_test_sync_ms,ms,52,0.10000014305114746
Atlas,f393bc3bb2ad,SVG,comparison-instrument-2026-10-06T15-51-13.379Z,points-5000-seed-41544c53,hit,spatial_hit_test_sync_ms,ms,53,0
Atlas,f393bc3bb2ad,SVG,comparison-instrument-2026-10-06T15-51-13.379Z,points-5000-seed-41544c53,hit,spatial_hit_test_sync_ms,ms,54,0.09999990463256836
Atlas,f393bc3bb2ad,SVG,comparison-instrument-2026-10-06T15-51-13.379Z,points-5000-seed-41544c53,hit,spatial_hit_test_sync_ms,ms,55,0
Atlas,f393bc3bb2ad,SVG,comparison-instrument-2026-10-06T15-51-13.379Z,points-5000-seed-41544c53,hit,spatial_hit_test_sync_ms,ms,56,0.09999990463256836
Atlas,f393bc3bb2ad,SVG,comparison-instrument-2026-10-06T15-51-13.379Z,points-5000-seed-41544c53,hit,spatial_hit_test_sync_ms,ms,57,0
Atlas,f393bc3bb2ad,SVG,comparison-instrument-2026-10-06T15-51-13.379Z,points-5000-seed-41544c53,hit,spatial_hit_test_sync_ms,ms,58,0.10000014305114746
Atlas,f393bc3bb2ad,SVG,comparison-instrument-2026-10-06T15-51-13.379Z,points-5000-seed-41544c53,hit,spatial_hit_test_sync_ms,ms,59,0
Atlas,f393bc3bb2ad,SVG,comparison-instrument-2026-10-06T15-51-13.379Z,points-5000-seed-41544c53,hit,spatial_hit_test_sync_ms,ms,60,0.09999990463256836
Atlas,f393bc3bb2ad,SVG,comparison-instrument-2026-10-06T15-51-13.379Z,points-5000-seed-41544c53,hit,spatial_hit_test_sync_ms,ms,61,0.10000014305114746
Atlas,f393bc3bb2ad,SVG,comparison-instrument-2026-10-06T15-51-13.379Z,points-5000-seed-41544c53,hit,spatial_hit_test_sync_ms,ms,62,0.09999990463256836
Atlas,f393bc3bb2ad,SVG,comparison-instrument-2026-10-06T15-51-13.379Z,points-5000-seed-41544c53,hit,spatial_hit_test_sync_ms,ms,63,0
Atlas,f393bc3bb2ad,SVG,comparison-instrument-2026-10-06T15-51-13.379Z,points-5000-seed-41544c53,hit,spatial_hit_test_sync_ms,ms,64,0
Atlas,f393bc3bb2ad,SVG,comparison-instrument-2026-10-06T15-51-13.379Z,points-5000-seed-41544c53,hit,spatial_hit_test_sync_ms,ms,65,0.09999990463256836
Atlas,f393bc3bb2ad,SVG,comparison-instrument-2026-10-06T15-51-13.379Z,points-5000-seed-41544c53,hit,spatial_hit_test_sync_ms,ms,66,0
Atlas,f393bc3bb2ad,SVG,comparison-instrument-2026-10-06T15-51-13.379Z,points-5000-seed-41544c53,hit,spatial_hit_test_sync_ms,ms,67,0.10000014305114746
Atlas,f393bc3bb2ad,SVG,comparison-instrument-2026-10-06T15-51-13.379Z,points-5000-seed-41544c53,hit,spatial_hit_test_sync_ms,ms,68,0
Atlas,f393bc3bb2ad,SVG,comparison-instrument-2026-10-06T15-51-13.379Z,points-5000-seed-41544c53,hit,spatial_hit_test_sync_ms,ms,69,0.09999990463256836
Atlas,f393bc3bb2ad,SVG,comparison-instrument-2026-10-06T15-51-13.379Z,points-5000-seed-41544c53,hit,spatial_hit_test_sync_ms,ms,70,0
Atlas,f393bc3bb2ad,SVG,comparison-instrument-2026-10-06T15-51-13.379Z,points-5000-seed-41544c53,hit,spatial_hit_test_sync_ms,ms,71,0.10000014305114746
Atlas,f393bc3bb2ad,SVG,comparison-instrument-2026-10-06T15-51-13.379Z,points-5000-seed-41544c53,hit,spatial_hit_test_sync_ms,ms,72,0.09999990463256836
Atlas,f393bc3bb2ad,SVG,comparison-instrument-2026-10-06T15-51-13.379Z,points-5000-seed-41544c53,hit,spatial_hit_test_sync_ms,ms,73,0
Atlas,f393bc3bb2ad,SVG,comparison-instrument-2026-10-06T15-51-13.379Z,points-5000-seed-41544c53,hit,spatial_hit_test_sync_ms,ms,74,0
Atlas,f393bc3bb2ad,SVG,comparison-instrument-2026-10-06T15-51-13.379Z,points-5000-seed-41544c53,hit,spatial_hit_test_sync_ms,ms,75,0.09999990463256836
Atlas,f393bc3bb2ad,SVG,comparison-instrument-2026-10-06T15-51-13.379Z,points-5000-seed-41544c53,hit,spatial_hit_test_sync_ms,ms,76,0
Atlas,f393bc3bb2ad,SVG,comparison-instrument-2026-10-06T15-51-13.379Z,points-5000-seed-41544c53,hit,spatial_hit_test_sync_ms,ms,77,0.10000014305114746
Atlas,f393bc3bb2ad,SVG,comparison-instrument-2026-10-06T15-51-13.379Z,points-5000-seed-41544c53,hit,spatial_hit_test_sync_ms,ms,78,0.09999990463256836
Atlas,f393bc3bb2ad,SVG,comparison-instrument-2026-10-06T15-51-13.379Z,points-5000-seed-41544c53,hit,spatial_hit_test_sync_ms,ms,79,0
Atlas,f393bc3bb2ad,SVG,comparison-instrument-2026-10-06T15-51-13.379Z,points-5000-seed-41544c53,hit,spatial_hit_test_sync_ms,ms,80,0
Atlas,f393bc3bb2ad,SVG,comparison-instrument-2026-10-06T15-51-13.379Z,points-5000-seed-41544c53,hit,spatial_hit_test_sync_ms,ms,81,0.10000014305114746
Atlas,f393bc3bb2ad,SVG,comparison-instrument-2026-10-06T15-51-13.379Z,points-5000-seed-41544c53,hit,spatial_hit_test_sync_ms,ms,82,0
Atlas,f393bc3bb2ad,SVG,comparison-instrument-2026-10-06T15-51-13.379Z,points-5000-seed-41544c53,hit,spatial_hit_test_sync_ms,ms,83,0.09999990463256836
Atlas,f393bc3bb2ad,SVG,comparison-instrument-2026-10-06T15-51-13.379Z,points-5000-seed-41544c53,hit,spatial_hit_test_sync_ms,ms,84,0
Atlas,f393bc3bb2ad,SVG,comparison-instrument-2026-10-06T15-51-13.379Z,points-5000-seed-41544c53,hit,spatial_hit_test_sync_ms,ms,85,0.20000004768371582
Atlas,f393bc3bb2ad,SVG,comparison-instrument-2026-10-06T15-51-13.379Z,points-5000-seed-41544c53,hit,spatial_hit_test_sync_ms,ms,86,0
Atlas,f393bc3bb2ad,SVG,comparison-instrument-2026-10-06T15-51-13.379Z,points-5000-seed-41544c53,hit,spatial_hit_test_sync_ms,ms,87,0
Atlas,f393bc3bb2ad,SVG,comparison-instrument-2026-10-06T15-51-13.379Z,points-5000-seed-41544c53,hit,spatial_hit_test_sync_ms,ms,88,0.09999990463256836
Atlas,f393bc3bb2ad,SVG,comparison-instrument-2026-10-06T15-51-13.379Z,points-5000-seed-41544c53,hit,spatial_hit_test_sync_ms,ms,89,0
Atlas,f393bc3bb2ad,SVG,comparison-instrument-2026-10-06T15-51-13.379Z,points-5000-seed-41544c53,hit,spatial_hit_test_sync_ms,ms,90,0.10000014305114746
Atlas,f393bc3bb2ad,SVG,comparison-instrument-2026-10-06T15-51-13.379Z,points-5000-seed-41544c53,hit,spatial_hit_test_sync_ms,ms,91,0
Atlas,f393bc3bb2ad,SVG,comparison-instrument-2026-10-06T15-51-13.379Z,points-5000-seed-41544c53,hit,spatial_hit_test_sync_ms,ms,92,0.09999990463256836
Atlas,f393bc3bb2ad,SVG,comparison-instrument-2026-10-06T15-51-13.379Z,points-5000-seed-41544c53,hit,spatial_hit_test_sync_ms,ms,93,0
Atlas,f393bc3bb2ad,SVG,comparison-instrument-2026-10-06T15-51-13.379Z,points-5000-seed-41544c53,hit,spatial_hit_test_sync_ms,ms,94,0.09999990463256836
Atlas,f393bc3bb2ad,SVG,comparison-instrument-2026-10-06T15-51-13.379Z,points-5000-seed-41544c53,hit,spatial_hit_test_sync_ms,ms,95,0
Atlas,f393bc3bb2ad,SVG,comparison-instrument-2026-10-06T15-51-13.379Z,points-5000-seed-41544c53,hit,spatial_hit_test_sync_ms,ms,96,0.10000014305114746
Atlas,f393bc3bb2ad,SVG,comparison-instrument-2026-10-06T15-51-13.379Z,points-5000-seed-41544c53,hit,spatial_hit_test_sync_ms,ms,97,0.09999990463256836
Atlas,f393bc3bb2ad,SVG,comparison-instrument-2026-10-06T15-51-13.379Z,points-5000-seed-41544c53,hit,spatial_hit_test_sync_ms,ms,98,0.10000014305114746
Atlas,f393bc3bb2ad,SVG,comparison-instrument-2026-10-06T15-51-13.379Z,points-5000-seed-41544c53,hit,spatial_hit_test_sync_ms,ms,99,0
Atlas,f393bc3bb2ad,SVG,comparison-instrument-2026-10-06T15-51-13.379Z,points-5000-seed-41544c53,hit,spatial_hit_test_sync_ms,ms,100,0.09999990463256836
Atlas,f393bc3bb2ad,SVG,comparison-instrument-2026-10-06T15-51-13.379Z,points-5000-seed-41544c53,hit,spatial_hit_test_sync_ms,ms,101,0.09999990463256836
Atlas,f393bc3bb2ad,SVG,comparison-instrument-2026-10-06T15-51-13.379Z,points-5000-seed-41544c53,hit,spatial_hit_test_sync_ms,ms,102,0
Atlas,f393bc3bb2ad,SVG,comparison-instrument-2026-10-06T15-51-13.379Z,points-5000-seed-41544c53,hit,spatial_hit_test_sync_ms,ms,103,0.10000014305114746
Atlas,f393bc3bb2ad,SVG,comparison-instrument-2026-10-06T15-51-13.379Z,points-5000-seed-41544c53,hit,spatial_hit_test_sync_ms,ms,104,0
Atlas,f393bc3bb2ad,SVG,comparison-instrument-2026-10-06T15-51-13.379Z,points-5000-seed-41544c53,hit,spatial_hit_test_sync_ms,ms,105,0
Atlas,f393bc3bb2ad,SVG,comparison-instrument-2026-10-06T15-51-13.379Z,points-5000-seed-41544c53,hit,spatial_hit_test_sync_ms,ms,106,0.09999990463256836
Atlas,f393bc3bb2ad,SVG,comparison-instrument-2026-10-06T15-51-13.379Z,points-5000-seed-41544c53,hit,spatial_hit_test_sync_ms,ms,107,0.10000014305114746
Atlas,f393bc3bb2ad,SVG,comparison-instrument-2026-10-06T15-51-13.379Z,points-5000-seed-41544c53,hit,spatial_hit_test_sync_ms,ms,108,0.09999990463256836
Atlas,f393bc3bb2ad,SVG,comparison-instrument-2026-10-06T15-51-13.379Z,points-5000-seed-41544c53,hit,spatial_hit_test_sync_ms,ms,109,0
Atlas,f393bc3bb2ad,SVG,comparison-instrument-2026-10-06T15-51-13.379Z,points-5000-seed-41544c53,hit,spatial_hit_test_sync_ms,ms,110,0.09999990463256836
Atlas,f393bc3bb2ad,SVG,comparison-instrument-2026-10-06T15-51-13.379Z,points-5000-seed-41544c53,hit,spatial_hit_test_sync_ms,ms,111,0
Atlas,f393bc3bb2ad,SVG,comparison-instrument-2026-10-06T15-51-13.379Z,points-5000-seed-41544c53,hit,spatial_hit_test_sync_ms,ms,112,0
Atlas,f393bc3bb2ad,SVG,comparison-instrument-2026-10-06T15-51-13.379Z,points-5000-seed-41544c53,hit,spatial_hit_test_sync_ms,ms,113,0.10000014305114746
Atlas,f393bc3bb2ad,SVG,comparison-instrument-2026-10-06T15-51-13.379Z,points-5000-seed-41544c53,hit,spatial_hit_test_sync_ms,ms,114,0.09999990463256836
Atlas,f393bc3bb2ad,SVG,comparison-instrument-2026-10-06T15-51-13.379Z,points-5000-seed-41544c53,hit,spatial_hit_test_sync_ms,ms,115,0
Atlas,f393bc3bb2ad,SVG,comparison-instrument-2026-10-06T15-51-13.379Z,points-5000-seed-41544c53,hit,spatial_hit_test_sync_ms,ms,116,0.10000014305114746
Atlas,f393bc3bb2ad,SVG,comparison-instrument-2026-10-06T15-51-13.379Z,points-5000-seed-41544c53,hit,spatial_hit_test_sync_ms,ms,117,0.09999990463256836
Atlas,f393bc3bb2ad,SVG,comparison-instrument-2026-10-06T15-51-13.379Z,points-5000-seed-41544c53,hit,spatial_hit_test_sync_ms,ms,118,3.700000047683716
Atlas,f393bc3bb2ad,SVG,comparison-instrument-2026-10-06T15-51-13.379Z,points-5000-seed-41544c53,hit,spatial_hit_test_sync_ms,ms,119,0
Atlas,f393bc3bb2ad,SVG,comparison-instrument-2026-10-06T15-51-13.379Z,points-5000-seed-41544c53,hit,spatial_hit_test_sync_ms,ms,120,0.09999990463256836
Atlas,f393bc3bb2ad,SVG,comparison-instrument-2026-10-06T15-51-13.379Z,points-5000-seed-41544c53,hit,spatial_hit_test_sync_ms,ms,121,0.10000014305114746
Atlas,f393bc3bb2ad,SVG,comparison-instrument-2026-10-06T15-51-13.379Z,points-5000-seed-41544c53,hit,spatial_hit_test_sync_ms,ms,122,0
Atlas,f393bc3bb2ad,SVG,comparison-instrument-2026-10-06T15-51-13.379Z,points-5000-seed-41544c53,hit,spatial_hit_test_sync_ms,ms,123,0.09999990463256836
Atlas,f393bc3bb2ad,SVG,comparison-instrument-2026-10-06T15-51-13.379Z,points-5000-seed-41544c53,hit,spatial_hit_test_sync_ms,ms,124,0
Atlas,f393bc3bb2ad,SVG,comparison-instrument-2026-10-06T15-51-13.379Z,points-5000-seed-41544c53,hit,spatial_hit_test_sync_ms,ms,125,0
Atlas,f393bc3bb2ad,SVG,comparison-instrument-2026-10-06T15-51-13.379Z,points-5000-seed-41544c53,hit,spatial_hit_test_sync_ms,ms,126,0.20000004768371582
Atlas,f393bc3bb2ad,SVG,comparison-instrument-2026-10-06T15-51-13.379Z,points-5000-seed-41544c53,hit,spatial_hit_test_sync_ms,ms,127,0
Atlas,f393bc3bb2ad,SVG,comparison-instrument-2026-10-06T15-51-13.379Z,points-5000-seed-41544c53,hit,spatial_hit_test_sync_ms,ms,128,0
Atlas,f393bc3bb2ad,SVG,comparison-instrument-2026-10-06T15-51-13.379Z,points-5000-seed-41544c53,hit,spatial_hit_test_sync_ms,ms,129,0.09999990463256836
Atlas,f393bc3bb2ad,SVG,comparison-instrument-2026-10-06T15-51-13.379Z,points-5000-seed-41544c53,hit,spatial_hit_test_sync_ms,ms,130,0
Atlas,f393bc3bb2ad,SVG,comparison-instrument-2026-10-06T15-51-13.379Z,points-5000-seed-41544c53,hit,spatial_hit_test_sync_ms,ms,131,0.20000004768371582
Atlas,f393bc3bb2ad,SVG,comparison-instrument-2026-10-06T15-51-13.379Z,points-5000-seed-41544c53,hit,spatial_hit_test_sync_ms,ms,132,0
Atlas,f393bc3bb2ad,SVG,comparison-instrument-2026-10-06T15-51-13.379Z,points-5000-seed-41544c53,hit,spatial_hit_test_sync_ms,ms,133,0
Atlas,f393bc3bb2ad,SVG,comparison-instrument-2026-10-06T15-51-13.379Z,points-5000-seed-41544c53,hit,spatial_hit_test_sync_ms,ms,134,0.09999990463256836
Atlas,f393bc3bb2ad,SVG,comparison-instrument-2026-10-06T15-51-13.379Z,points-5000-seed-41544c53,hit,spatial_hit_test_sync_ms,ms,135,0
Atlas,f393bc3bb2ad,SVG,comparison-instrument-2026-10-06T15-51-13.379Z,points-5000-seed-41544c53,hit,spatial_hit_test_sync_ms,ms,136,0.20000004768371582
Atlas,f393bc3bb2ad,SVG,comparison-instrument-2026-10-06T15-51-13.379Z,points-5000-seed-41544c53,hit,spatial_hit_test_sync_ms,ms,137,0
Atlas,f393bc3bb2ad,SVG,comparison-instrument-2026-10-06T15-51-13.379Z,points-5000-seed-41544c53,hit,spatial_hit_test_sync_ms,ms,138,0
Atlas,f393bc3bb2ad,SVG,comparison-instrument-2026-10-06T15-51-13.379Z,points-5000-seed-41544c53,hit,spatial_hit_test_sync_ms,ms,139,0.10000014305114746
Atlas,f393bc3bb2ad,SVG,comparison-instrument-2026-10-06T15-51-13.379Z,points-5000-seed-41544c53,hit,spatial_hit_test_sync_ms,ms,140,0.09999990463256836
Atlas,f393bc3bb2ad,SVG,comparison-instrument-2026-10-06T15-51-13.379Z,points-5000-seed-41544c53,hit,spatial_hit_test_sync_ms,ms,141,0
Atlas,f393bc3bb2ad,SVG,comparison-instrument-2026-10-06T15-51-13.379Z,points-5000-seed-41544c53,hit,spatial_hit_test_sync_ms,ms,142,0.09999990463256836
Atlas,f393bc3bb2ad,SVG,comparison-instrument-2026-10-06T15-51-13.379Z,points-5000-seed-41544c53,hit,spatial_hit_test_sync_ms,ms,143,0.10000014305114746
Atlas,f393bc3bb2ad,SVG,comparison-instrument-2026-10-06T15-51-13.379Z,points-5000-seed-41544c53,hit,spatial_hit_test_sync_ms,ms,144,0
Atlas,f393bc3bb2ad,SVG,comparison-instrument-2026-10-06T15-51-13.379Z,points-5000-seed-41544c53,hit,spatial_hit_test_sync_ms,ms,145,0.09999990463256836
Atlas,f393bc3bb2ad,SVG,comparison-instrument-2026-10-06T15-51-13.379Z,points-5000-seed-41544c53,hit,spatial_hit_test_sync_ms,ms,146,0
Atlas,f393bc3bb2ad,SVG,comparison-instrument-2026-10-06T15-51-13.379Z,points-5000-seed-41544c53,hit,spatial_hit_test_sync_ms,ms,147,0.10000014305114746
Atlas,f393bc3bb2ad,SVG,comparison-instrument-2026-10-06T15-51-13.379Z,points-5000-seed-41544c53,hit,spatial_hit_test_sync_ms,ms,148,0.09999990463256836
Atlas,f393bc3bb2ad,SVG,comparison-instrument-2026-10-06T15-51-13.379Z,points-5000-seed-41544c53,hit,spatial_hit_test_sync_ms,ms,149,0
Atlas,f393bc3bb2ad,SVG,comparison-instrument-2026-10-06T15-51-13.379Z,points-5000-seed-41544c53,hit,spatial_hit_test_sync_ms,ms,150,0.09999990463256836
Atlas,f393bc3bb2ad,SVG,comparison-instrument-2026-10-06T15-51-13.379Z,points-5000-seed-41544c53,hit,spatial_hit_test_sync_ms,ms,151,0
Atlas,f393bc3bb2ad,SVG,comparison-instrument-2026-10-06T15-51-13.379Z,points-5000-seed-41544c53,hit,spatial_hit_test_sync_ms,ms,152,0.10000014305114746
Atlas,f393bc3bb2ad,SVG,comparison-instrument-2026-10-06T15-51-13.379Z,points-5000-seed-41544c53,hit,spatial_hit_test_sync_ms,ms,153,0.09999990463256836
Atlas,f393bc3bb2ad,SVG,comparison-instrument-2026-10-06T15-51-13.379Z,points-5000-seed-41544c53,hit,spatial_hit_test_sync_ms,ms,154,0
Atlas,f393bc3bb2ad,SVG,comparison-instrument-2026-10-06T15-51-13.379Z,points-5000-seed-41544c53,hit,spatial_hit_test_sync_ms,ms,155,0
Atlas,f393bc3bb2ad,SVG,comparison-instrument-2026-10-06T15-51-13.379Z,points-5000-seed-41544c53,hit,spatial_hit_test_sync_ms,ms,156,0.10000014305114746
Atlas,f393bc3bb2ad,SVG,comparison-instrument-2026-10-06T15-51-13.379Z,points-5000-seed-41544c53,hit,spatial_hit_test_sync_ms,ms,157,0
Atlas,f393bc3bb2ad,SVG,comparison-instrument-2026-10-06T15-51-13.379Z,points-5000-seed-41544c53,hit,spatial_hit_test_sync_ms,ms,158,0.09999990463256836
Atlas,f393bc3bb2ad,SVG,comparison-instrument-2026-10-06T15-51-13.379Z,points-5000-seed-41544c53,hit,spatial_hit_test_sync_ms,ms,159,0.09999990463256836
Atlas,f393bc3bb2ad,SVG,comparison-instrument-2026-10-06T15-51-13.379Z,points-5000-seed-41544c53,hit,spatial_hit_test_sync_ms,ms,160,0.10000014305114746
Atlas,f393bc3bb2ad,SVG,comparison-instrument-2026-10-06T15-51-13.379Z,points-5000-seed-41544c53,hit,spatial_hit_test_sync_ms,ms,161,0
Atlas,f393bc3bb2ad,SVG,comparison-instrument-2026-10-06T15-51-13.379Z,points-5000-seed-41544c53,hit,spatial_hit_test_sync_ms,ms,162,0
Atlas,f393bc3bb2ad,SVG,comparison-instrument-2026-10-06T15-51-13.379Z,points-5000-seed-41544c53,hit,spatial_hit_test_sync_ms,ms,163,0.09999990463256836
Atlas,f393bc3bb2ad,SVG,comparison-instrument-2026-10-06T15-51-13.379Z,points-5000-seed-41544c53,hit,spatial_hit_test_sync_ms,ms,164,0.10000014305114746
Atlas,f393bc3bb2ad,SVG,comparison-instrument-2026-10-06T15-51-13.379Z,points-5000-seed-41544c53,hit,spatial_hit_test_sync_ms,ms,165,0
Atlas,f393bc3bb2ad,SVG,comparison-instrument-2026-10-06T15-51-13.379Z,points-5000-seed-41544c53,hit,spatial_hit_test_sync_ms,ms,166,0.09999990463256836
Atlas,f393bc3bb2ad,SVG,comparison-instrument-2026-10-06T15-51-13.379Z,points-5000-seed-41544c53,hit,spatial_hit_test_sync_ms,ms,167,0
Atlas,f393bc3bb2ad,SVG,comparison-instrument-2026-10-06T15-51-13.379Z,points-5000-seed-41544c53,hit,spatial_hit_test_sync_ms,ms,168,0
Atlas,f393bc3bb2ad,SVG,comparison-instrument-2026-10-06T15-51-13.379Z,points-5000-seed-41544c53,hit,spatial_hit_test_sync_ms,ms,169,0
Atlas,f393bc3bb2ad,SVG,comparison-instrument-2026-10-06T15-51-13.379Z,points-5000-seed-41544c53,hit,spatial_hit_test_sync_ms,ms,170,0.20000004768371582
Atlas,f393bc3bb2ad,SVG,comparison-instrument-2026-10-06T15-51-13.379Z,points-5000-seed-41544c53,hit,spatial_hit_test_sync_ms,ms,171,0
Atlas,f393bc3bb2ad,SVG,comparison-instrument-2026-10-06T15-51-13.379Z,points-5000-seed-41544c53,hit,spatial_hit_test_sync_ms,ms,172,0
Atlas,f393bc3bb2ad,SVG,comparison-instrument-2026-10-06T15-51-13.379Z,points-5000-seed-41544c53,hit,spatial_hit_test_sync_ms,ms,173,0.09999990463256836
Atlas,f393bc3bb2ad,SVG,comparison-instrument-2026-10-06T15-51-13.379Z,points-5000-seed-41544c53,hit,spatial_hit_test_sync_ms,ms,174,0.10000014305114746
Atlas,f393bc3bb2ad,SVG,comparison-instrument-2026-10-06T15-51-13.379Z,points-5000-seed-41544c53,hit,spatial_hit_test_sync_ms,ms,175,0.09999990463256836
Atlas,f393bc3bb2ad,SVG,comparison-instrument-2026-10-06T15-51-13.379Z,points-5000-seed-41544c53,hit,spatial_hit_test_sync_ms,ms,176,0
Atlas,f393bc3bb2ad,SVG,comparison-instrument-2026-10-06T15-51-13.379Z,points-5000-seed-41544c53,hit,spatial_hit_test_sync_ms,ms,177,0.09999990463256836
Atlas,f393bc3bb2ad,SVG,comparison-instrument-2026-10-06T15-51-13.379Z,points-5000-seed-41544c53,hit,spatial_hit_test_sync_ms,ms,178,0.10000014305114746
Atlas,f393bc3bb2ad,SVG,comparison-instrument-2026-10-06T15-51-13.379Z,points-5000-seed-41544c53,hit,spatial_hit_test_sync_ms,ms,179,0.09999990463256836
Atlas,f393bc3bb2ad,SVG,comparison-instrument-2026-10-06T15-51-13.379Z,points-5000-seed-41544c53,hit,spatial_hit_test_sync_ms,ms,180,0
Atlas,f393bc3bb2ad,SVG,comparison-instrument-2026-10-06T15-51-13.379Z,points-5000-seed-41544c53,hit,spatial_hit_test_sync_ms,ms,181,0
Atlas,f393bc3bb2ad,SVG,comparison-instrument-2026-10-06T15-51-13.379Z,points-5000-seed-41544c53,hit,spatial_hit_test_sync_ms,ms,182,0.10000014305114746
Atlas,f393bc3bb2ad,SVG,comparison-instrument-2026-10-06T15-51-13.379Z,points-5000-seed-41544c53,hit,spatial_hit_test_sync_ms,ms,183,0.09999990463256836
Atlas,f393bc3bb2ad,SVG,comparison-instrument-2026-10-06T15-51-13.379Z,points-5000-seed-41544c53,hit,spatial_hit_test_sync_ms,ms,184,0.09999990463256836
Atlas,f393bc3bb2ad,SVG,comparison-instrument-2026-10-06T15-51-13.379Z,points-5000-seed-41544c53,hit,spatial_hit_test_sync_ms,ms,185,0
Atlas,f393bc3bb2ad,SVG,comparison-instrument-2026-10-06T15-51-13.379Z,points-5000-seed-41544c53,hit,spatial_hit_test_sync_ms,ms,186,0.10000014305114746
Atlas,f393bc3bb2ad,SVG,comparison-instrument-2026-10-06T15-51-13.379Z,points-5000-seed-41544c53,hit,spatial_hit_test_sync_ms,ms,187,0.09999990463256836
Atlas,f393bc3bb2ad,SVG,comparison-instrument-2026-10-06T15-51-13.379Z,points-5000-seed-41544c53,hit,spatial_hit_test_sync_ms,ms,188,0
Atlas,f393bc3bb2ad,SVG,comparison-instrument-2026-10-06T15-51-13.379Z,points-5000-seed-41544c53,hit,spatial_hit_test_sync_ms,ms,189,0.10000014305114746
Atlas,f393bc3bb2ad,SVG,comparison-instrument-2026-10-06T15-51-13.379Z,points-5000-seed-41544c53,hit,spatial_hit_test_sync_ms,ms,190,0
Atlas,f393bc3bb2ad,SVG,comparison-instrument-2026-10-06T15-51-13.379Z,points-5000-seed-41544c53,hit,spatial_hit_test_sync_ms,ms,191,0.09999990463256836
Atlas,f393bc3bb2ad,SVG,comparison-instrument-2026-10-06T15-51-13.379Z,points-5000-seed-41544c53,hit,spatial_hit_test_sync_ms,ms,192,0
Atlas,f393bc3bb2ad,SVG,comparison-instrument-2026-10-06T15-51-13.379Z,points-5000-seed-41544c53,hit,spatial_hit_test_sync_ms,ms,193,0.09999990463256836
Atlas,f393bc3bb2ad,SVG,comparison-instrument-2026-10-06T15-51-13.379Z,points-5000-seed-41544c53,hit,spatial_hit_test_sync_ms,ms,194,0
Atlas,f393bc3bb2ad,SVG,comparison-instrument-2026-10-06T15-51-13.379Z,points-5000-seed-41544c53,hit,spatial_hit_test_sync_ms,ms,195,0.10000014305114746
Atlas,f393bc3bb2ad,SVG,comparison-instrument-2026-10-06T15-51-13.379Z,points-5000-seed-41544c53,hit,spatial_hit_test_sync_ms,ms,196,0.09999990463256836
Atlas,f393bc3bb2ad,SVG,comparison-instrument-2026-10-06T15-51-13.379Z,points-5000-seed-41544c53,hit,spatial_hit_test_sync_ms,ms,197,0
Atlas,f393bc3bb2ad,SVG,comparison-instrument-2026-10-06T15-51-13.379Z,points-5000-seed-41544c53,hit,spatial_hit_test_sync_ms,ms,198,0
Atlas,f393bc3bb2ad,SVG,comparison-instrument-2026-10-06T15-51-13.379Z,points-5000-seed-41544c53,hit,spatial_hit_test_sync_ms,ms,199,0.10000014305114746
Atlas,f393bc3bb2ad,SVG,comparison-instrument-2026-10-06T15-51-13.379Z,points-5000-seed-41544c53,hit,svg_attribute_writes,count,0,0
Atlas,f393bc3bb2ad,SVG,comparison-instrument-2026-10-06T15-51-13.379Z,points-5000-seed-41544c53,hit,svg_attribute_removals,count,0,0
Atlas,f393bc3bb2ad,SVG,comparison-instrument-2026-10-06T15-51-13.379Z,points-5000-seed-41544c53,hit,dom_added_nodes,count,0,0
Atlas,f393bc3bb2ad,SVG,comparison-instrument-2026-10-06T15-51-13.379Z,points-5000-seed-41544c53,hit,dom_removed_nodes,count,0,0
Leaflet,1.9.4,SVG,comparison-instrument-2026-10-06T15-51-13.379Z,points-5000-seed-41544c53,hit,not_applicable,N/A,0,N/A
Leaflet,1.9.4,Canvas,comparison-instrument-2026-10-06T15-51-13.379Z,points-5000-seed-41544c53,hit,not_applicable,N/A,0,N/A
Atlas,f393bc3bb2ad,SVG,comparison-instrument-2026-10-06T15-51-13.379Z,points-5000-seed-41544c53,miss,spatial_hit_test_sync_ms,ms,0,0.8999998569488525
Atlas,f393bc3bb2ad,SVG,comparison-instrument-2026-10-06T15-51-13.379Z,points-5000-seed-41544c53,miss,spatial_hit_test_sync_ms,ms,1,0.9000000953674316
Atlas,f393bc3bb2ad,SVG,comparison-instrument-2026-10-06T15-51-13.379Z,points-5000-seed-41544c53,miss,spatial_hit_test_sync_ms,ms,2,0.9000000953674316
Atlas,f393bc3bb2ad,SVG,comparison-instrument-2026-10-06T15-51-13.379Z,points-5000-seed-41544c53,miss,spatial_hit_test_sync_ms,ms,3,0.8999998569488525
Atlas,f393bc3bb2ad,SVG,comparison-instrument-2026-10-06T15-51-13.379Z,points-5000-seed-41544c53,miss,spatial_hit_test_sync_ms,ms,4,0.9000000953674316
Atlas,f393bc3bb2ad,SVG,comparison-instrument-2026-10-06T15-51-13.379Z,points-5000-seed-41544c53,miss,spatial_hit_test_sync_ms,ms,5,0.7999999523162842
Atlas,f393bc3bb2ad,SVG,comparison-instrument-2026-10-06T15-51-13.379Z,points-5000-seed-41544c53,miss,spatial_hit_test_sync_ms,ms,6,0.9000000953674316
Atlas,f393bc3bb2ad,SVG,comparison-instrument-2026-10-06T15-51-13.379Z,points-5000-seed-41544c53,miss,spatial_hit_test_sync_ms,ms,7,0.8999998569488525
Atlas,f393bc3bb2ad,SVG,comparison-instrument-2026-10-06T15-51-13.379Z,points-5000-seed-41544c53,miss,spatial_hit_test_sync_ms,ms,8,0.7999999523162842
Atlas,f393bc3bb2ad,SVG,comparison-instrument-2026-10-06T15-51-13.379Z,points-5000-seed-41544c53,miss,spatial_hit_test_sync_ms,ms,9,0.9000000953674316
Atlas,f393bc3bb2ad,SVG,comparison-instrument-2026-10-06T15-51-13.379Z,points-5000-seed-41544c53,miss,spatial_hit_test_sync_ms,ms,10,0.9000000953674316
Atlas,f393bc3bb2ad,SVG,comparison-instrument-2026-10-06T15-51-13.379Z,points-5000-seed-41544c53,miss,spatial_hit_test_sync_ms,ms,11,0.8999998569488525
Atlas,f393bc3bb2ad,SVG,comparison-instrument-2026-10-06T15-51-13.379Z,points-5000-seed-41544c53,miss,spatial_hit_test_sync_ms,ms,12,0.9000000953674316
Atlas,f393bc3bb2ad,SVG,comparison-instrument-2026-10-06T15-51-13.379Z,points-5000-seed-41544c53,miss,spatial_hit_test_sync_ms,ms,13,0.7999999523162842
Atlas,f393bc3bb2ad,SVG,comparison-instrument-2026-10-06T15-51-13.379Z,points-5000-seed-41544c53,miss,spatial_hit_test_sync_ms,ms,14,0.9000000953674316
Atlas,f393bc3bb2ad,SVG,comparison-instrument-2026-10-06T15-51-13.379Z,points-5000-seed-41544c53,miss,spatial_hit_test_sync_ms,ms,15,1
Atlas,f393bc3bb2ad,SVG,comparison-instrument-2026-10-06T15-51-13.379Z,points-5000-seed-41544c53,miss,spatial_hit_test_sync_ms,ms,16,1
Atlas,f393bc3bb2ad,SVG,comparison-instrument-2026-10-06T15-51-13.379Z,points-5000-seed-41544c53,miss,spatial_hit_test_sync_ms,ms,17,0.7999999523162842
Atlas,f393bc3bb2ad,SVG,comparison-instrument-2026-10-06T15-51-13.379Z,points-5000-seed-41544c53,miss,spatial_hit_test_sync_ms,ms,18,0.8999998569488525
Atlas,f393bc3bb2ad,SVG,comparison-instrument-2026-10-06T15-51-13.379Z,points-5000-seed-41544c53,miss,spatial_hit_test_sync_ms,ms,19,0.9000000953674316
Atlas,f393bc3bb2ad,SVG,comparison-instrument-2026-10-06T15-51-13.379Z,points-5000-seed-41544c53,miss,spatial_hit_test_sync_ms,ms,20,0.9000000953674316
Atlas,f393bc3bb2ad,SVG,comparison-instrument-2026-10-06T15-51-13.379Z,points-5000-seed-41544c53,miss,spatial_hit_test_sync_ms,ms,21,0.6999998092651367
Atlas,f393bc3bb2ad,SVG,comparison-instrument-2026-10-06T15-51-13.379Z,points-5000-seed-41544c53,miss,spatial_hit_test_sync_ms,ms,22,0.9000000953674316
Atlas,f393bc3bb2ad,SVG,comparison-instrument-2026-10-06T15-51-13.379Z,points-5000-seed-41544c53,miss,spatial_hit_test_sync_ms,ms,23,0.7000000476837158
Atlas,f393bc3bb2ad,SVG,comparison-instrument-2026-10-06T15-51-13.379Z,points-5000-seed-41544c53,miss,spatial_hit_test_sync_ms,ms,24,0.8999998569488525
Atlas,f393bc3bb2ad,SVG,comparison-instrument-2026-10-06T15-51-13.379Z,points-5000-seed-41544c53,miss,spatial_hit_test_sync_ms,ms,25,0.8000001907348633
Atlas,f393bc3bb2ad,SVG,comparison-instrument-2026-10-06T15-51-13.379Z,points-5000-seed-41544c53,miss,spatial_hit_test_sync_ms,ms,26,1
Atlas,f393bc3bb2ad,SVG,comparison-instrument-2026-10-06T15-51-13.379Z,points-5000-seed-41544c53,miss,spatial_hit_test_sync_ms,ms,27,0.8999998569488525
Atlas,f393bc3bb2ad,SVG,comparison-instrument-2026-10-06T15-51-13.379Z,points-5000-seed-41544c53,miss,spatial_hit_test_sync_ms,ms,28,0.9000000953674316
Atlas,f393bc3bb2ad,SVG,comparison-instrument-2026-10-06T15-51-13.379Z,points-5000-seed-41544c53,miss,spatial_hit_test_sync_ms,ms,29,0.8999998569488525
Atlas,f393bc3bb2ad,SVG,comparison-instrument-2026-10-06T15-51-13.379Z,points-5000-seed-41544c53,miss,spatial_hit_test_sync_ms,ms,30,0.9000000953674316
Atlas,f393bc3bb2ad,SVG,comparison-instrument-2026-10-06T15-51-13.379Z,points-5000-seed-41544c53,miss,spatial_hit_test_sync_ms,ms,31,0.9000000953674316
Atlas,f393bc3bb2ad,SVG,comparison-instrument-2026-10-06T15-51-13.379Z,points-5000-seed-41544c53,miss,spatial_hit_test_sync_ms,ms,32,1
Atlas,f393bc3bb2ad,SVG,comparison-instrument-2026-10-06T15-51-13.379Z,points-5000-seed-41544c53,miss,spatial_hit_test_sync_ms,ms,33,0.7999999523162842
Atlas,f393bc3bb2ad,SVG,comparison-instrument-2026-10-06T15-51-13.379Z,points-5000-seed-41544c53,miss,spatial_hit_test_sync_ms,ms,34,0.8999998569488525
Atlas,f393bc3bb2ad,SVG,comparison-instrument-2026-10-06T15-51-13.379Z,points-5000-seed-41544c53,miss,spatial_hit_test_sync_ms,ms,35,0.9000000953674316
Atlas,f393bc3bb2ad,SVG,comparison-instrument-2026-10-06T15-51-13.379Z,points-5000-seed-41544c53,miss,spatial_hit_test_sync_ms,ms,36,0.7999999523162842
Atlas,f393bc3bb2ad,SVG,comparison-instrument-2026-10-06T15-51-13.379Z,points-5000-seed-41544c53,miss,spatial_hit_test_sync_ms,ms,37,1
Atlas,f393bc3bb2ad,SVG,comparison-instrument-2026-10-06T15-51-13.379Z,points-5000-seed-41544c53,miss,spatial_hit_test_sync_ms,ms,38,0.9000000953674316
Atlas,f393bc3bb2ad,SVG,comparison-instrument-2026-10-06T15-51-13.379Z,points-5000-seed-41544c53,miss,spatial_hit_test_sync_ms,ms,39,0.8999998569488525
Atlas,f393bc3bb2ad,SVG,comparison-instrument-2026-10-06T15-51-13.379Z,points-5000-seed-41544c53,miss,spatial_hit_test_sync_ms,ms,40,0.9000000953674316
Atlas,f393bc3bb2ad,SVG,comparison-instrument-2026-10-06T15-51-13.379Z,points-5000-seed-41544c53,miss,spatial_hit_test_sync_ms,ms,41,1
Atlas,f393bc3bb2ad,SVG,comparison-instrument-2026-10-06T15-51-13.379Z,points-5000-seed-41544c53,miss,spatial_hit_test_sync_ms,ms,42,0.9000000953674316
Atlas,f393bc3bb2ad,SVG,comparison-instrument-2026-10-06T15-51-13.379Z,points-5000-seed-41544c53,miss,spatial_hit_test_sync_ms,ms,43,0.8999998569488525
Atlas,f393bc3bb2ad,SVG,comparison-instrument-2026-10-06T15-51-13.379Z,points-5000-seed-41544c53,miss,spatial_hit_test_sync_ms,ms,44,0.7999999523162842
Atlas,f393bc3bb2ad,SVG,comparison-instrument-2026-10-06T15-51-13.379Z,points-5000-seed-41544c53,miss,spatial_hit_test_sync_ms,ms,45,0.9000000953674316
Atlas,f393bc3bb2ad,SVG,comparison-instrument-2026-10-06T15-51-13.379Z,points-5000-seed-41544c53,miss,spatial_hit_test_sync_ms,ms,46,0.7999999523162842
Atlas,f393bc3bb2ad,SVG,comparison-instrument-2026-10-06T15-51-13.379Z,points-5000-seed-41544c53,miss,spatial_hit_test_sync_ms,ms,47,0.9000000953674316
Atlas,f393bc3bb2ad,SVG,comparison-instrument-2026-10-06T15-51-13.379Z,points-5000-seed-41544c53,miss,spatial_hit_test_sync_ms,ms,48,1
Atlas,f393bc3bb2ad,SVG,comparison-instrument-2026-10-06T15-51-13.379Z,points-5000-seed-41544c53,miss,spatial_hit_test_sync_ms,ms,49,0.8999998569488525
Atlas,f393bc3bb2ad,SVG,comparison-instrument-2026-10-06T15-51-13.379Z,points-5000-seed-41544c53,miss,spatial_hit_test_sync_ms,ms,50,0.7000000476837158
Atlas,f393bc3bb2ad,SVG,comparison-instrument-2026-10-06T15-51-13.379Z,points-5000-seed-41544c53,miss,spatial_hit_test_sync_ms,ms,51,0.7999999523162842
Atlas,f393bc3bb2ad,SVG,comparison-instrument-2026-10-06T15-51-13.379Z,points-5000-seed-41544c53,miss,spatial_hit_test_sync_ms,ms,52,1
Atlas,f393bc3bb2ad,SVG,comparison-instrument-2026-10-06T15-51-13.379Z,points-5000-seed-41544c53,miss,spatial_hit_test_sync_ms,ms,53,0.9000000953674316
Atlas,f393bc3bb2ad,SVG,comparison-instrument-2026-10-06T15-51-13.379Z,points-5000-seed-41544c53,miss,spatial_hit_test_sync_ms,ms,54,0.9000000953674316
Atlas,f393bc3bb2ad,SVG,comparison-instrument-2026-10-06T15-51-13.379Z,points-5000-seed-41544c53,miss,spatial_hit_test_sync_ms,ms,55,0.8999998569488525
Atlas,f393bc3bb2ad,SVG,comparison-instrument-2026-10-06T15-51-13.379Z,points-5000-seed-41544c53,miss,spatial_hit_test_sync_ms,ms,56,1
Atlas,f393bc3bb2ad,SVG,comparison-instrument-2026-10-06T15-51-13.379Z,points-5000-seed-41544c53,miss,spatial_hit_test_sync_ms,ms,57,0.9000000953674316
Atlas,f393bc3bb2ad,SVG,comparison-instrument-2026-10-06T15-51-13.379Z,points-5000-seed-41544c53,miss,spatial_hit_test_sync_ms,ms,58,1
Atlas,f393bc3bb2ad,SVG,comparison-instrument-2026-10-06T15-51-13.379Z,points-5000-seed-41544c53,miss,spatial_hit_test_sync_ms,ms,59,0.8999998569488525
Atlas,f393bc3bb2ad,SVG,comparison-instrument-2026-10-06T15-51-13.379Z,points-5000-seed-41544c53,miss,spatial_hit_test_sync_ms,ms,60,0.9000000953674316
Atlas,f393bc3bb2ad,SVG,comparison-instrument-2026-10-06T15-51-13.379Z,points-5000-seed-41544c53,miss,spatial_hit_test_sync_ms,ms,61,0.9000000953674316
Atlas,f393bc3bb2ad,SVG,comparison-instrument-2026-10-06T15-51-13.379Z,points-5000-seed-41544c53,miss,spatial_hit_test_sync_ms,ms,62,0.8999998569488525
Atlas,f393bc3bb2ad,SVG,comparison-instrument-2026-10-06T15-51-13.379Z,points-5000-seed-41544c53,miss,spatial_hit_test_sync_ms,ms,63,1
Atlas,f393bc3bb2ad,SVG,comparison-instrument-2026-10-06T15-51-13.379Z,points-5000-seed-41544c53,miss,spatial_hit_test_sync_ms,ms,64,0.9000000953674316
Atlas,f393bc3bb2ad,SVG,comparison-instrument-2026-10-06T15-51-13.379Z,points-5000-seed-41544c53,miss,spatial_hit_test_sync_ms,ms,65,1.0999999046325684
Atlas,f393bc3bb2ad,SVG,comparison-instrument-2026-10-06T15-51-13.379Z,points-5000-seed-41544c53,miss,spatial_hit_test_sync_ms,ms,66,0.9000000953674316
Atlas,f393bc3bb2ad,SVG,comparison-instrument-2026-10-06T15-51-13.379Z,points-5000-seed-41544c53,miss,spatial_hit_test_sync_ms,ms,67,0.8999998569488525
Atlas,f393bc3bb2ad,SVG,comparison-instrument-2026-10-06T15-51-13.379Z,points-5000-seed-41544c53,miss,spatial_hit_test_sync_ms,ms,68,1.1000001430511475
Atlas,f393bc3bb2ad,SVG,comparison-instrument-2026-10-06T15-51-13.379Z,points-5000-seed-41544c53,miss,spatial_hit_test_sync_ms,ms,69,0.8999998569488525
Atlas,f393bc3bb2ad,SVG,comparison-instrument-2026-10-06T15-51-13.379Z,points-5000-seed-41544c53,miss,spatial_hit_test_sync_ms,ms,70,0.9000000953674316
Atlas,f393bc3bb2ad,SVG,comparison-instrument-2026-10-06T15-51-13.379Z,points-5000-seed-41544c53,miss,spatial_hit_test_sync_ms,ms,71,1
Atlas,f393bc3bb2ad,SVG,comparison-instrument-2026-10-06T15-51-13.379Z,points-5000-seed-41544c53,miss,spatial_hit_test_sync_ms,ms,72,0.9000000953674316
Atlas,f393bc3bb2ad,SVG,comparison-instrument-2026-10-06T15-51-13.379Z,points-5000-seed-41544c53,miss,spatial_hit_test_sync_ms,ms,73,0.7999999523162842
Atlas,f393bc3bb2ad,SVG,comparison-instrument-2026-10-06T15-51-13.379Z,points-5000-seed-41544c53,miss,spatial_hit_test_sync_ms,ms,74,0.7999999523162842
Atlas,f393bc3bb2ad,SVG,comparison-instrument-2026-10-06T15-51-13.379Z,points-5000-seed-41544c53,miss,spatial_hit_test_sync_ms,ms,75,1
Atlas,f393bc3bb2ad,SVG,comparison-instrument-2026-10-06T15-51-13.379Z,points-5000-seed-41544c53,miss,spatial_hit_test_sync_ms,ms,76,0.7999999523162842
Atlas,f393bc3bb2ad,SVG,comparison-instrument-2026-10-06T15-51-13.379Z,points-5000-seed-41544c53,miss,spatial_hit_test_sync_ms,ms,77,0.7999999523162842
Atlas,f393bc3bb2ad,SVG,comparison-instrument-2026-10-06T15-51-13.379Z,points-5000-seed-41544c53,miss,spatial_hit_test_sync_ms,ms,78,0.9000000953674316
Atlas,f393bc3bb2ad,SVG,comparison-instrument-2026-10-06T15-51-13.379Z,points-5000-seed-41544c53,miss,spatial_hit_test_sync_ms,ms,79,1
Atlas,f393bc3bb2ad,SVG,comparison-instrument-2026-10-06T15-51-13.379Z,points-5000-seed-41544c53,miss,spatial_hit_test_sync_ms,ms,80,1
Atlas,f393bc3bb2ad,SVG,comparison-instrument-2026-10-06T15-51-13.379Z,points-5000-seed-41544c53,miss,spatial_hit_test_sync_ms,ms,81,1
Atlas,f393bc3bb2ad,SVG,comparison-instrument-2026-10-06T15-51-13.379Z,points-5000-seed-41544c53,miss,spatial_hit_test_sync_ms,ms,82,0.9000000953674316
Atlas,f393bc3bb2ad,SVG,comparison-instrument-2026-10-06T15-51-13.379Z,points-5000-seed-41544c53,miss,spatial_hit_test_sync_ms,ms,83,0.8999998569488525
Atlas,f393bc3bb2ad,SVG,comparison-instrument-2026-10-06T15-51-13.379Z,points-5000-seed-41544c53,miss,spatial_hit_test_sync_ms,ms,84,1
Atlas,f393bc3bb2ad,SVG,comparison-instrument-2026-10-06T15-51-13.379Z,points-5000-seed-41544c53,miss,spatial_hit_test_sync_ms,ms,85,0.9000000953674316
Atlas,f393bc3bb2ad,SVG,comparison-instrument-2026-10-06T15-51-13.379Z,points-5000-seed-41544c53,miss,spatial_hit_test_sync_ms,ms,86,0.7999999523162842
Atlas,f393bc3bb2ad,SVG,comparison-instrument-2026-10-06T15-51-13.379Z,points-5000-seed-41544c53,miss,spatial_hit_test_sync_ms,ms,87,0.7999999523162842
Atlas,f393bc3bb2ad,SVG,comparison-instrument-2026-10-06T15-51-13.379Z,points-5000-seed-41544c53,miss,spatial_hit_test_sync_ms,ms,88,0.9000000953674316
Atlas,f393bc3bb2ad,SVG,comparison-instrument-2026-10-06T15-51-13.379Z,points-5000-seed-41544c53,miss,spatial_hit_test_sync_ms,ms,89,0.7999999523162842
Atlas,f393bc3bb2ad,SVG,comparison-instrument-2026-10-06T15-51-13.379Z,points-5000-seed-41544c53,miss,spatial_hit_test_sync_ms,ms,90,0.9000000953674316
Atlas,f393bc3bb2ad,SVG,comparison-instrument-2026-10-06T15-51-13.379Z,points-5000-seed-41544c53,miss,spatial_hit_test_sync_ms,ms,91,0.7999999523162842
Atlas,f393bc3bb2ad,SVG,comparison-instrument-2026-10-06T15-51-13.379Z,points-5000-seed-41544c53,miss,spatial_hit_test_sync_ms,ms,92,0.8999998569488525
Atlas,f393bc3bb2ad,SVG,comparison-instrument-2026-10-06T15-51-13.379Z,points-5000-seed-41544c53,miss,spatial_hit_test_sync_ms,ms,93,0.8000001907348633
Atlas,f393bc3bb2ad,SVG,comparison-instrument-2026-10-06T15-51-13.379Z,points-5000-seed-41544c53,miss,spatial_hit_test_sync_ms,ms,94,0.8999998569488525
Atlas,f393bc3bb2ad,SVG,comparison-instrument-2026-10-06T15-51-13.379Z,points-5000-seed-41544c53,miss,spatial_hit_test_sync_ms,ms,95,0.9000000953674316
Atlas,f393bc3bb2ad,SVG,comparison-instrument-2026-10-06T15-51-13.379Z,points-5000-seed-41544c53,miss,spatial_hit_test_sync_ms,ms,96,0.8999998569488525
Atlas,f393bc3bb2ad,SVG,comparison-instrument-2026-10-06T15-51-13.379Z,points-5000-seed-41544c53,miss,spatial_hit_test_sync_ms,ms,97,0.9000000953674316
Atlas,f393bc3bb2ad,SVG,comparison-instrument-2026-10-06T15-51-13.379Z,points-5000-seed-41544c53,miss,spatial_hit_test_sync_ms,ms,98,1.0999999046325684
Atlas,f393bc3bb2ad,SVG,comparison-instrument-2026-10-06T15-51-13.379Z,points-5000-seed-41544c53,miss,spatial_hit_test_sync_ms,ms,99,1.1000001430511475
Atlas,f393bc3bb2ad,SVG,comparison-instrument-2026-10-06T15-51-13.379Z,points-5000-seed-41544c53,miss,spatial_hit_test_sync_ms,ms,100,1
Atlas,f393bc3bb2ad,SVG,comparison-instrument-2026-10-06T15-51-13.379Z,points-5000-seed-41544c53,miss,spatial_hit_test_sync_ms,ms,101,1.2000000476837158
Atlas,f393bc3bb2ad,SVG,comparison-instrument-2026-10-06T15-51-13.379Z,points-5000-seed-41544c53,miss,spatial_hit_test_sync_ms,ms,102,1
Atlas,f393bc3bb2ad,SVG,comparison-instrument-2026-10-06T15-51-13.379Z,points-5000-seed-41544c53,miss,spatial_hit_test_sync_ms,ms,103,4.599999904632568
Atlas,f393bc3bb2ad,SVG,comparison-instrument-2026-10-06T15-51-13.379Z,points-5000-seed-41544c53,miss,spatial_hit_test_sync_ms,ms,104,1.0999999046325684
Atlas,f393bc3bb2ad,SVG,comparison-instrument-2026-10-06T15-51-13.379Z,points-5000-seed-41544c53,miss,spatial_hit_test_sync_ms,ms,105,1.1000001430511475
Atlas,f393bc3bb2ad,SVG,comparison-instrument-2026-10-06T15-51-13.379Z,points-5000-seed-41544c53,miss,spatial_hit_test_sync_ms,ms,106,0.8999998569488525
Atlas,f393bc3bb2ad,SVG,comparison-instrument-2026-10-06T15-51-13.379Z,points-5000-seed-41544c53,miss,spatial_hit_test_sync_ms,ms,107,0.9000000953674316
Atlas,f393bc3bb2ad,SVG,comparison-instrument-2026-10-06T15-51-13.379Z,points-5000-seed-41544c53,miss,spatial_hit_test_sync_ms,ms,108,1.0999999046325684
Atlas,f393bc3bb2ad,SVG,comparison-instrument-2026-10-06T15-51-13.379Z,points-5000-seed-41544c53,miss,spatial_hit_test_sync_ms,ms,109,1.1000001430511475
Atlas,f393bc3bb2ad,SVG,comparison-instrument-2026-10-06T15-51-13.379Z,points-5000-seed-41544c53,miss,spatial_hit_test_sync_ms,ms,110,1
Atlas,f393bc3bb2ad,SVG,comparison-instrument-2026-10-06T15-51-13.379Z,points-5000-seed-41544c53,miss,spatial_hit_test_sync_ms,ms,111,1.0999999046325684
Atlas,f393bc3bb2ad,SVG,comparison-instrument-2026-10-06T15-51-13.379Z,points-5000-seed-41544c53,miss,spatial_hit_test_sync_ms,ms,112,1
Atlas,f393bc3bb2ad,SVG,comparison-instrument-2026-10-06T15-51-13.379Z,points-5000-seed-41544c53,miss,spatial_hit_test_sync_ms,ms,113,1.1000001430511475
Atlas,f393bc3bb2ad,SVG,comparison-instrument-2026-10-06T15-51-13.379Z,points-5000-seed-41544c53,miss,spatial_hit_test_sync_ms,ms,114,1
Atlas,f393bc3bb2ad,SVG,comparison-instrument-2026-10-06T15-51-13.379Z,points-5000-seed-41544c53,miss,spatial_hit_test_sync_ms,ms,115,1
Atlas,f393bc3bb2ad,SVG,comparison-instrument-2026-10-06T15-51-13.379Z,points-5000-seed-41544c53,miss,spatial_hit_test_sync_ms,ms,116,1
Atlas,f393bc3bb2ad,SVG,comparison-instrument-2026-10-06T15-51-13.379Z,points-5000-seed-41544c53,miss,spatial_hit_test_sync_ms,ms,117,1
Atlas,f393bc3bb2ad,SVG,comparison-instrument-2026-10-06T15-51-13.379Z,points-5000-seed-41544c53,miss,spatial_hit_test_sync_ms,ms,118,1
Atlas,f393bc3bb2ad,SVG,comparison-instrument-2026-10-06T15-51-13.379Z,points-5000-seed-41544c53,miss,spatial_hit_test_sync_ms,ms,119,1
Atlas,f393bc3bb2ad,SVG,comparison-instrument-2026-10-06T15-51-13.379Z,points-5000-seed-41544c53,miss,spatial_hit_test_sync_ms,ms,120,1.0999999046325684
Atlas,f393bc3bb2ad,SVG,comparison-instrument-2026-10-06T15-51-13.379Z,points-5000-seed-41544c53,miss,spatial_hit_test_sync_ms,ms,121,1
Atlas,f393bc3bb2ad,SVG,comparison-instrument-2026-10-06T15-51-13.379Z,points-5000-seed-41544c53,miss,spatial_hit_test_sync_ms,ms,122,0.9000000953674316
Atlas,f393bc3bb2ad,SVG,comparison-instrument-2026-10-06T15-51-13.379Z,points-5000-seed-41544c53,miss,spatial_hit_test_sync_ms,ms,123,1.0999999046325684
Atlas,f393bc3bb2ad,SVG,comparison-instrument-2026-10-06T15-51-13.379Z,points-5000-seed-41544c53,miss,spatial_hit_test_sync_ms,ms,124,1.0999999046325684
Atlas,f393bc3bb2ad,SVG,comparison-instrument-2026-10-06T15-51-13.379Z,points-5000-seed-41544c53,miss,spatial_hit_test_sync_ms,ms,125,1
Atlas,f393bc3bb2ad,SVG,comparison-instrument-2026-10-06T15-51-13.379Z,points-5000-seed-41544c53,miss,spatial_hit_test_sync_ms,ms,126,1
Atlas,f393bc3bb2ad,SVG,comparison-instrument-2026-10-06T15-51-13.379Z,points-5000-seed-41544c53,miss,spatial_hit_test_sync_ms,ms,127,0.9000000953674316
Atlas,f393bc3bb2ad,SVG,comparison-instrument-2026-10-06T15-51-13.379Z,points-5000-seed-41544c53,miss,spatial_hit_test_sync_ms,ms,128,1
Atlas,f393bc3bb2ad,SVG,comparison-instrument-2026-10-06T15-51-13.379Z,points-5000-seed-41544c53,miss,spatial_hit_test_sync_ms,ms,129,0.9000000953674316
Atlas,f393bc3bb2ad,SVG,comparison-instrument-2026-10-06T15-51-13.379Z,points-5000-seed-41544c53,miss,spatial_hit_test_sync_ms,ms,130,1
Atlas,f393bc3bb2ad,SVG,comparison-instrument-2026-10-06T15-51-13.379Z,points-5000-seed-41544c53,miss,spatial_hit_test_sync_ms,ms,131,0.8999998569488525
Atlas,f393bc3bb2ad,SVG,comparison-instrument-2026-10-06T15-51-13.379Z,points-5000-seed-41544c53,miss,spatial_hit_test_sync_ms,ms,132,1
Atlas,f393bc3bb2ad,SVG,comparison-instrument-2026-10-06T15-51-13.379Z,points-5000-seed-41544c53,miss,spatial_hit_test_sync_ms,ms,133,0.9000000953674316
Atlas,f393bc3bb2ad,SVG,comparison-instrument-2026-10-06T15-51-13.379Z,points-5000-seed-41544c53,miss,spatial_hit_test_sync_ms,ms,134,0.7999999523162842
Atlas,f393bc3bb2ad,SVG,comparison-instrument-2026-10-06T15-51-13.379Z,points-5000-seed-41544c53,miss,spatial_hit_test_sync_ms,ms,135,1
Atlas,f393bc3bb2ad,SVG,comparison-instrument-2026-10-06T15-51-13.379Z,points-5000-seed-41544c53,miss,spatial_hit_test_sync_ms,ms,136,0.9000000953674316
Atlas,f393bc3bb2ad,SVG,comparison-instrument-2026-10-06T15-51-13.379Z,points-5000-seed-41544c53,miss,spatial_hit_test_sync_ms,ms,137,0.7999999523162842
Atlas,f393bc3bb2ad,SVG,comparison-instrument-2026-10-06T15-51-13.379Z,points-5000-seed-41544c53,miss,spatial_hit_test_sync_ms,ms,138,0.8999998569488525
Atlas,f393bc3bb2ad,SVG,comparison-instrument-2026-10-06T15-51-13.379Z,points-5000-seed-41544c53,miss,spatial_hit_test_sync_ms,ms,139,1.2000000476837158
Atlas,f393bc3bb2ad,SVG,comparison-instrument-2026-10-06T15-51-13.379Z,points-5000-seed-41544c53,miss,spatial_hit_test_sync_ms,ms,140,0.9000000953674316
Atlas,f393bc3bb2ad,SVG,comparison-instrument-2026-10-06T15-51-13.379Z,points-5000-seed-41544c53,miss,spatial_hit_test_sync_ms,ms,141,1.0999999046325684
Atlas,f393bc3bb2ad,SVG,comparison-instrument-2026-10-06T15-51-13.379Z,points-5000-seed-41544c53,miss,spatial_hit_test_sync_ms,ms,142,1
Atlas,f393bc3bb2ad,SVG,comparison-instrument-2026-10-06T15-51-13.379Z,points-5000-seed-41544c53,miss,spatial_hit_test_sync_ms,ms,143,1
Atlas,f393bc3bb2ad,SVG,comparison-instrument-2026-10-06T15-51-13.379Z,points-5000-seed-41544c53,miss,spatial_hit_test_sync_ms,ms,144,1
Atlas,f393bc3bb2ad,SVG,comparison-instrument-2026-10-06T15-51-13.379Z,points-5000-seed-41544c53,miss,spatial_hit_test_sync_ms,ms,145,1
Atlas,f393bc3bb2ad,SVG,comparison-instrument-2026-10-06T15-51-13.379Z,points-5000-seed-41544c53,miss,spatial_hit_test_sync_ms,ms,146,0.9000000953674316
Atlas,f393bc3bb2ad,SVG,comparison-instrument-2026-10-06T15-51-13.379Z,points-5000-seed-41544c53,miss,spatial_hit_test_sync_ms,ms,147,0.8999998569488525
Atlas,f393bc3bb2ad,SVG,comparison-instrument-2026-10-06T15-51-13.379Z,points-5000-seed-41544c53,miss,spatial_hit_test_sync_ms,ms,148,0.9000000953674316
Atlas,f393bc3bb2ad,SVG,comparison-instrument-2026-10-06T15-51-13.379Z,points-5000-seed-41544c53,miss,spatial_hit_test_sync_ms,ms,149,1
Atlas,f393bc3bb2ad,SVG,comparison-instrument-2026-10-06T15-51-13.379Z,points-5000-seed-41544c53,miss,spatial_hit_test_sync_ms,ms,150,0.7999999523162842
Atlas,f393bc3bb2ad,SVG,comparison-instrument-2026-10-06T15-51-13.379Z,points-5000-seed-41544c53,miss,spatial_hit_test_sync_ms,ms,151,0.9000000953674316
Atlas,f393bc3bb2ad,SVG,comparison-instrument-2026-10-06T15-51-13.379Z,points-5000-seed-41544c53,miss,spatial_hit_test_sync_ms,ms,152,0.8999998569488525
Atlas,f393bc3bb2ad,SVG,comparison-instrument-2026-10-06T15-51-13.379Z,points-5000-seed-41544c53,miss,spatial_hit_test_sync_ms,ms,153,1
Atlas,f393bc3bb2ad,SVG,comparison-instrument-2026-10-06T15-51-13.379Z,points-5000-seed-41544c53,miss,spatial_hit_test_sync_ms,ms,154,0.9000000953674316
Atlas,f393bc3bb2ad,SVG,comparison-instrument-2026-10-06T15-51-13.379Z,points-5000-seed-41544c53,miss,spatial_hit_test_sync_ms,ms,155,1
Atlas,f393bc3bb2ad,SVG,comparison-instrument-2026-10-06T15-51-13.379Z,points-5000-seed-41544c53,miss,spatial_hit_test_sync_ms,ms,156,0.9000000953674316
Atlas,f393bc3bb2ad,SVG,comparison-instrument-2026-10-06T15-51-13.379Z,points-5000-seed-41544c53,miss,spatial_hit_test_sync_ms,ms,157,0.8999998569488525
Atlas,f393bc3bb2ad,SVG,comparison-instrument-2026-10-06T15-51-13.379Z,points-5000-seed-41544c53,miss,spatial_hit_test_sync_ms,ms,158,1
Atlas,f393bc3bb2ad,SVG,comparison-instrument-2026-10-06T15-51-13.379Z,points-5000-seed-41544c53,miss,spatial_hit_test_sync_ms,ms,159,0.9000000953674316
Atlas,f393bc3bb2ad,SVG,comparison-instrument-2026-10-06T15-51-13.379Z,points-5000-seed-41544c53,miss,spatial_hit_test_sync_ms,ms,160,1
Atlas,f393bc3bb2ad,SVG,comparison-instrument-2026-10-06T15-51-13.379Z,points-5000-seed-41544c53,miss,spatial_hit_test_sync_ms,ms,161,1.0999999046325684
Atlas,f393bc3bb2ad,SVG,comparison-instrument-2026-10-06T15-51-13.379Z,points-5000-seed-41544c53,miss,spatial_hit_test_sync_ms,ms,162,1
Atlas,f393bc3bb2ad,SVG,comparison-instrument-2026-10-06T15-51-13.379Z,points-5000-seed-41544c53,miss,spatial_hit_test_sync_ms,ms,163,0.7999999523162842
Atlas,f393bc3bb2ad,SVG,comparison-instrument-2026-10-06T15-51-13.379Z,points-5000-seed-41544c53,miss,spatial_hit_test_sync_ms,ms,164,0.9000000953674316
Atlas,f393bc3bb2ad,SVG,comparison-instrument-2026-10-06T15-51-13.379Z,points-5000-seed-41544c53,miss,spatial_hit_test_sync_ms,ms,165,0.9000000953674316
Atlas,f393bc3bb2ad,SVG,comparison-instrument-2026-10-06T15-51-13.379Z,points-5000-seed-41544c53,miss,spatial_hit_test_sync_ms,ms,166,1
Atlas,f393bc3bb2ad,SVG,comparison-instrument-2026-10-06T15-51-13.379Z,points-5000-seed-41544c53,miss,spatial_hit_test_sync_ms,ms,167,0.9000000953674316
Atlas,f393bc3bb2ad,SVG,comparison-instrument-2026-10-06T15-51-13.379Z,points-5000-seed-41544c53,miss,spatial_hit_test_sync_ms,ms,168,1
Atlas,f393bc3bb2ad,SVG,comparison-instrument-2026-10-06T15-51-13.379Z,points-5000-seed-41544c53,miss,spatial_hit_test_sync_ms,ms,169,1
Atlas,f393bc3bb2ad,SVG,comparison-instrument-2026-10-06T15-51-13.379Z,points-5000-seed-41544c53,miss,spatial_hit_test_sync_ms,ms,170,0.8999998569488525
Atlas,f393bc3bb2ad,SVG,comparison-instrument-2026-10-06T15-51-13.379Z,points-5000-seed-41544c53,miss,spatial_hit_test_sync_ms,ms,171,1.1000001430511475
Atlas,f393bc3bb2ad,SVG,comparison-instrument-2026-10-06T15-51-13.379Z,points-5000-seed-41544c53,miss,spatial_hit_test_sync_ms,ms,172,1
Atlas,f393bc3bb2ad,SVG,comparison-instrument-2026-10-06T15-51-13.379Z,points-5000-seed-41544c53,miss,spatial_hit_test_sync_ms,ms,173,1
Atlas,f393bc3bb2ad,SVG,comparison-instrument-2026-10-06T15-51-13.379Z,points-5000-seed-41544c53,miss,spatial_hit_test_sync_ms,ms,174,1
Atlas,f393bc3bb2ad,SVG,comparison-instrument-2026-10-06T15-51-13.379Z,points-5000-seed-41544c53,miss,spatial_hit_test_sync_ms,ms,175,1.0999999046325684
Atlas,f393bc3bb2ad,SVG,comparison-instrument-2026-10-06T15-51-13.379Z,points-5000-seed-41544c53,miss,spatial_hit_test_sync_ms,ms,176,1.0999999046325684
Atlas,f393bc3bb2ad,SVG,comparison-instrument-2026-10-06T15-51-13.379Z,points-5000-seed-41544c53,miss,spatial_hit_test_sync_ms,ms,177,1
Atlas,f393bc3bb2ad,SVG,comparison-instrument-2026-10-06T15-51-13.379Z,points-5000-seed-41544c53,miss,spatial_hit_test_sync_ms,ms,178,1.1000001430511475
Atlas,f393bc3bb2ad,SVG,comparison-instrument-2026-10-06T15-51-13.379Z,points-5000-seed-41544c53,miss,spatial_hit_test_sync_ms,ms,179,1
Atlas,f393bc3bb2ad,SVG,comparison-instrument-2026-10-06T15-51-13.379Z,points-5000-seed-41544c53,miss,spatial_hit_test_sync_ms,ms,180,1
Atlas,f393bc3bb2ad,SVG,comparison-instrument-2026-10-06T15-51-13.379Z,points-5000-seed-41544c53,miss,spatial_hit_test_sync_ms,ms,181,1
Atlas,f393bc3bb2ad,SVG,comparison-instrument-2026-10-06T15-51-13.379Z,points-5000-seed-41544c53,miss,spatial_hit_test_sync_ms,ms,182,1.0999999046325684
Atlas,f393bc3bb2ad,SVG,comparison-instrument-2026-10-06T15-51-13.379Z,points-5000-seed-41544c53,miss,spatial_hit_test_sync_ms,ms,183,0.7999999523162842
Atlas,f393bc3bb2ad,SVG,comparison-instrument-2026-10-06T15-51-13.379Z,points-5000-seed-41544c53,miss,spatial_hit_test_sync_ms,ms,184,0.9000000953674316
Atlas,f393bc3bb2ad,SVG,comparison-instrument-2026-10-06T15-51-13.379Z,points-5000-seed-41544c53,miss,spatial_hit_test_sync_ms,ms,185,0.9000000953674316
Atlas,f393bc3bb2ad,SVG,comparison-instrument-2026-10-06T15-51-13.379Z,points-5000-seed-41544c53,miss,spatial_hit_test_sync_ms,ms,186,0.8999998569488525
Atlas,f393bc3bb2ad,SVG,comparison-instrument-2026-10-06T15-51-13.379Z,points-5000-seed-41544c53,miss,spatial_hit_test_sync_ms,ms,187,1
Atlas,f393bc3bb2ad,SVG,comparison-instrument-2026-10-06T15-51-13.379Z,points-5000-seed-41544c53,miss,spatial_hit_test_sync_ms,ms,188,1
Atlas,f393bc3bb2ad,SVG,comparison-instrument-2026-10-06T15-51-13.379Z,points-5000-seed-41544c53,miss,spatial_hit_test_sync_ms,ms,189,0.7999999523162842
Atlas,f393bc3bb2ad,SVG,comparison-instrument-2026-10-06T15-51-13.379Z,points-5000-seed-41544c53,miss,spatial_hit_test_sync_ms,ms,190,1.1000001430511475
Atlas,f393bc3bb2ad,SVG,comparison-instrument-2026-10-06T15-51-13.379Z,points-5000-seed-41544c53,miss,spatial_hit_test_sync_ms,ms,191,1.0999999046325684
Atlas,f393bc3bb2ad,SVG,comparison-instrument-2026-10-06T15-51-13.379Z,points-5000-seed-41544c53,miss,spatial_hit_test_sync_ms,ms,192,1
Atlas,f393bc3bb2ad,SVG,comparison-instrument-2026-10-06T15-51-13.379Z,points-5000-seed-41544c53,miss,spatial_hit_test_sync_ms,ms,193,1
Atlas,f393bc3bb2ad,SVG,comparison-instrument-2026-10-06T15-51-13.379Z,points-5000-seed-41544c53,miss,spatial_hit_test_sync_ms,ms,194,1.2000000476837158
Atlas,f393bc3bb2ad,SVG,comparison-instrument-2026-10-06T15-51-13.379Z,points-5000-seed-41544c53,miss,spatial_hit_test_sync_ms,ms,195,1.0999999046325684
Atlas,f393bc3bb2ad,SVG,comparison-instrument-2026-10-06T15-51-13.379Z,points-5000-seed-41544c53,miss,spatial_hit_test_sync_ms,ms,196,1.1000001430511475
Atlas,f393bc3bb2ad,SVG,comparison-instrument-2026-10-06T15-51-13.379Z,points-5000-seed-41544c53,miss,spatial_hit_test_sync_ms,ms,197,0.8999998569488525
Atlas,f393bc3bb2ad,SVG,comparison-instrument-2026-10-06T15-51-13.379Z,points-5000-seed-41544c53,miss,spatial_hit_test_sync_ms,ms,198,1
Atlas,f393bc3bb2ad,SVG,comparison-instrument-2026-10-06T15-51-13.379Z,points-5000-seed-41544c53,miss,spatial_hit_test_sync_ms,ms,199,1
Atlas,f393bc3bb2ad,SVG,comparison-instrument-2026-10-06T15-51-13.379Z,points-5000-seed-41544c53,miss,svg_attribute_writes,count,0,0
Atlas,f393bc3bb2ad,SVG,comparison-instrument-2026-10-06T15-51-13.379Z,points-5000-seed-41544c53,miss,svg_attribute_removals,count,0,0
Atlas,f393bc3bb2ad,SVG,comparison-instrument-2026-10-06T15-51-13.379Z,points-5000-seed-41544c53,miss,dom_added_nodes,count,0,0
Atlas,f393bc3bb2ad,SVG,comparison-instrument-2026-10-06T15-51-13.379Z,points-5000-seed-41544c53,miss,dom_removed_nodes,count,0,0
Leaflet,1.9.4,SVG,comparison-instrument-2026-10-06T15-51-13.379Z,points-5000-seed-41544c53,miss,not_applicable,N/A,0,N/A
Leaflet,1.9.4,Canvas,comparison-instrument-2026-10-06T15-51-13.379Z,points-5000-seed-41544c53,miss,not_applicable,N/A,0,N/A
Atlas,f393bc3bb2ad,SVG,comparison-instrument-2026-10-06T15-51-13.379Z,points-5000-seed-41544c53,wheel-input,synthetic_wheel_dispatch_sync_ms,ms,0,0.09999990463256836
Atlas,f393bc3bb2ad,SVG,comparison-instrument-2026-10-06T15-51-13.379Z,points-5000-seed-41544c53,wheel-input,synthetic_wheel_dispatch_sync_ms,ms,1,0.09999990463256836
Atlas,f393bc3bb2ad,SVG,comparison-instrument-2026-10-06T15-51-13.379Z,points-5000-seed-41544c53,wheel-input,synthetic_wheel_dispatch_sync_ms,ms,2,0
Atlas,f393bc3bb2ad,SVG,comparison-instrument-2026-10-06T15-51-13.379Z,points-5000-seed-41544c53,wheel-input,synthetic_wheel_dispatch_sync_ms,ms,3,0
Atlas,f393bc3bb2ad,SVG,comparison-instrument-2026-10-06T15-51-13.379Z,points-5000-seed-41544c53,wheel-input,synthetic_wheel_dispatch_sync_ms,ms,4,0.10000014305114746
Atlas,f393bc3bb2ad,SVG,comparison-instrument-2026-10-06T15-51-13.379Z,points-5000-seed-41544c53,wheel-input,synthetic_wheel_dispatch_sync_ms,ms,5,0
Atlas,f393bc3bb2ad,SVG,comparison-instrument-2026-10-06T15-51-13.379Z,points-5000-seed-41544c53,wheel-input,synthetic_wheel_dispatch_sync_ms,ms,6,0.10000014305114746
Atlas,f393bc3bb2ad,SVG,comparison-instrument-2026-10-06T15-51-13.379Z,points-5000-seed-41544c53,wheel-input,synthetic_wheel_dispatch_sync_ms,ms,7,0
Atlas,f393bc3bb2ad,SVG,comparison-instrument-2026-10-06T15-51-13.379Z,points-5000-seed-41544c53,wheel-input,synthetic_wheel_dispatch_sync_ms,ms,8,0
Atlas,f393bc3bb2ad,SVG,comparison-instrument-2026-10-06T15-51-13.379Z,points-5000-seed-41544c53,wheel-input,synthetic_wheel_dispatch_sync_ms,ms,9,0
Atlas,f393bc3bb2ad,SVG,comparison-instrument-2026-10-06T15-51-13.379Z,points-5000-seed-41544c53,wheel-input,svg_attribute_writes,count,0,100030
Atlas,f393bc3bb2ad,SVG,comparison-instrument-2026-10-06T15-51-13.379Z,points-5000-seed-41544c53,wheel-input,svg_attribute_removals,count,0,50000
Atlas,f393bc3bb2ad,SVG,comparison-instrument-2026-10-06T15-51-13.379Z,points-5000-seed-41544c53,wheel-input,dom_added_nodes,count,0,0
Atlas,f393bc3bb2ad,SVG,comparison-instrument-2026-10-06T15-51-13.379Z,points-5000-seed-41544c53,wheel-input,dom_removed_nodes,count,0,0
Leaflet,1.9.4,SVG,comparison-instrument-2026-10-06T15-51-13.379Z,points-5000-seed-41544c53,wheel-input,not_applicable,N/A,0,N/A
Leaflet,1.9.4,Canvas,comparison-instrument-2026-10-06T15-51-13.379Z,points-5000-seed-41544c53,wheel-input,not_applicable,N/A,0,N/A
Atlas,f393bc3bb2ad,SVG,comparison-instrument-2026-10-06T15-51-13.379Z,mixed-3000-seed-41544c53,load,atlas_load_promise_ms,ms,0,52.799999952316284
Atlas,f393bc3bb2ad,SVG,comparison-instrument-2026-10-06T15-51-13.379Z,mixed-3000-seed-41544c53,load,create_to_raf_opportunities_ms,ms,0,188.29999995231628
Atlas,f393bc3bb2ad,SVG,comparison-instrument-2026-10-06T15-51-13.379Z,mixed-3000-seed-41544c53,load,semantic_roots,count,0,3000
Atlas,f393bc3bb2ad,SVG,comparison-instrument-2026-10-06T15-51-13.379Z,mixed-3000-seed-41544c53,load,owned_points,count,0,5400
Atlas,f393bc3bb2ad,SVG,comparison-instrument-2026-10-06T15-51-13.379Z,mixed-3000-seed-41544c53,load,visual_primitives,count,0,7200
Atlas,f393bc3bb2ad,SVG,comparison-instrument-2026-10-06T15-51-13.379Z,mixed-3000-seed-41544c53,load,svg_element_nodes,count,0,14402
Atlas,f393bc3bb2ad,SVG,comparison-instrument-2026-10-06T15-51-13.379Z,mixed-3000-seed-41544c53,load,owned_element_nodes,count,0,14404
Atlas,f393bc3bb2ad,SVG,comparison-instrument-2026-10-06T15-51-13.379Z,mixed-3000-seed-41544c53,load,svg_attribute_writes,count,0,61806
Atlas,f393bc3bb2ad,SVG,comparison-instrument-2026-10-06T15-51-13.379Z,mixed-3000-seed-41544c53,load,svg_attribute_removals,count,0,7200
Atlas,f393bc3bb2ad,SVG,comparison-instrument-2026-10-06T15-51-13.379Z,mixed-3000-seed-41544c53,load,dom_added_nodes,count,0,7201
Atlas,f393bc3bb2ad,SVG,comparison-instrument-2026-10-06T15-51-13.379Z,mixed-3000-seed-41544c53,load,dom_removed_nodes,count,0,0
Leaflet,1.9.4,SVG,comparison-instrument-2026-10-06T15-51-13.379Z,mixed-3000-seed-41544c53,load,leaflet_scene_setup_ms,ms,0,115.90000009536743
Leaflet,1.9.4,SVG,comparison-instrument-2026-10-06T15-51-13.379Z,mixed-3000-seed-41544c53,load,create_to_raf_opportunities_ms,ms,0,151.70000004768372
Leaflet,1.9.4,SVG,comparison-instrument-2026-10-06T15-51-13.379Z,mixed-3000-seed-41544c53,load,semantic_roots,count,0,3000
Leaflet,1.9.4,SVG,comparison-instrument-2026-10-06T15-51-13.379Z,mixed-3000-seed-41544c53,load,owned_points,count,0,5400
Leaflet,1.9.4,SVG,comparison-instrument-2026-10-06T15-51-13.379Z,mixed-3000-seed-41544c53,load,visual_primitives,count,0,7200
Leaflet,1.9.4,SVG,comparison-instrument-2026-10-06T15-51-13.379Z,mixed-3000-seed-41544c53,load,svg_element_nodes,count,0,7202
Leaflet,1.9.4,SVG,comparison-instrument-2026-10-06T15-51-13.379Z,mixed-3000-seed-41544c53,load,owned_element_nodes,count,0,7216
Leaflet,1.9.4,SVG,comparison-instrument-2026-10-06T15-51-13.379Z,mixed-3000-seed-41544c53,load,svg_attribute_writes,count,0,62404
Leaflet,1.9.4,SVG,comparison-instrument-2026-10-06T15-51-13.379Z,mixed-3000-seed-41544c53,load,svg_attribute_removals,count,0,14400
Leaflet,1.9.4,SVG,comparison-instrument-2026-10-06T15-51-13.379Z,mixed-3000-seed-41544c53,load,dom_added_nodes,count,0,7214
Leaflet,1.9.4,SVG,comparison-instrument-2026-10-06T15-51-13.379Z,mixed-3000-seed-41544c53,load,dom_removed_nodes,count,0,0
Leaflet,1.9.4,Canvas,comparison-instrument-2026-10-06T15-51-13.379Z,mixed-3000-seed-41544c53,load,leaflet_scene_setup_ms,ms,0,17.399999856948853
Leaflet,1.9.4,Canvas,comparison-instrument-2026-10-06T15-51-13.379Z,mixed-3000-seed-41544c53,load,create_to_raf_opportunities_ms,ms,0,78.89999985694885
Leaflet,1.9.4,Canvas,comparison-instrument-2026-10-06T15-51-13.379Z,mixed-3000-seed-41544c53,load,semantic_roots,count,0,3000
Leaflet,1.9.4,Canvas,comparison-instrument-2026-10-06T15-51-13.379Z,mixed-3000-seed-41544c53,load,owned_points,count,0,5400
Leaflet,1.9.4,Canvas,comparison-instrument-2026-10-06T15-51-13.379Z,mixed-3000-seed-41544c53,load,visual_primitives,count,0,7200
Leaflet,1.9.4,Canvas,comparison-instrument-2026-10-06T15-51-13.379Z,mixed-3000-seed-41544c53,load,svg_element_nodes,count,0,N/A
Leaflet,1.9.4,Canvas,comparison-instrument-2026-10-06T15-51-13.379Z,mixed-3000-seed-41544c53,load,owned_element_nodes,count,0,15
Leaflet,1.9.4,Canvas,comparison-instrument-2026-10-06T15-51-13.379Z,mixed-3000-seed-41544c53,load,svg_attribute_writes,N/A,0,N/A
Leaflet,1.9.4,Canvas,comparison-instrument-2026-10-06T15-51-13.379Z,mixed-3000-seed-41544c53,load,svg_attribute_removals,N/A,0,N/A
Leaflet,1.9.4,Canvas,comparison-instrument-2026-10-06T15-51-13.379Z,mixed-3000-seed-41544c53,load,dom_added_nodes,N/A,0,N/A
Leaflet,1.9.4,Canvas,comparison-instrument-2026-10-06T15-51-13.379Z,mixed-3000-seed-41544c53,load,dom_removed_nodes,N/A,0,N/A
Atlas,f393bc3bb2ad,SVG,comparison-instrument-2026-10-06T15-51-13.379Z,mixed-3000-seed-41544c53,pan,frame_interval_ms,ms,0,18.300000000046566
Atlas,f393bc3bb2ad,SVG,comparison-instrument-2026-10-06T15-51-13.379Z,mixed-3000-seed-41544c53,pan,camera_api_sync_ms,ms,0,0
Atlas,f393bc3bb2ad,SVG,comparison-instrument-2026-10-06T15-51-13.379Z,mixed-3000-seed-41544c53,pan,frame_interval_ms,ms,1,16.599999999976717
Atlas,f393bc3bb2ad,SVG,comparison-instrument-2026-10-06T15-51-13.379Z,mixed-3000-seed-41544c53,pan,camera_api_sync_ms,ms,1,0
Atlas,f393bc3bb2ad,SVG,comparison-instrument-2026-10-06T15-51-13.379Z,mixed-3000-seed-41544c53,pan,frame_interval_ms,ms,2,33.09999999997672
Atlas,f393bc3bb2ad,SVG,comparison-instrument-2026-10-06T15-51-13.379Z,mixed-3000-seed-41544c53,pan,camera_api_sync_ms,ms,2,0
Atlas,f393bc3bb2ad,SVG,comparison-instrument-2026-10-06T15-51-13.379Z,mixed-3000-seed-41544c53,pan,frame_interval_ms,ms,3,50.300000000046566
Atlas,f393bc3bb2ad,SVG,comparison-instrument-2026-10-06T15-51-13.379Z,mixed-3000-seed-41544c53,pan,camera_api_sync_ms,ms,3,0
Atlas,f393bc3bb2ad,SVG,comparison-instrument-2026-10-06T15-51-13.379Z,mixed-3000-seed-41544c53,pan,frame_interval_ms,ms,4,32.90000000002328
Atlas,f393bc3bb2ad,SVG,comparison-instrument-2026-10-06T15-51-13.379Z,mixed-3000-seed-41544c53,pan,camera_api_sync_ms,ms,4,0
Atlas,f393bc3bb2ad,SVG,comparison-instrument-2026-10-06T15-51-13.379Z,mixed-3000-seed-41544c53,pan,frame_interval_ms,ms,5,33.79999999993015
Atlas,f393bc3bb2ad,SVG,comparison-instrument-2026-10-06T15-51-13.379Z,mixed-3000-seed-41544c53,pan,camera_api_sync_ms,ms,5,0
Atlas,f393bc3bb2ad,SVG,comparison-instrument-2026-10-06T15-51-13.379Z,mixed-3000-seed-41544c53,pan,frame_interval_ms,ms,6,49.90000000002328
Atlas,f393bc3bb2ad,SVG,comparison-instrument-2026-10-06T15-51-13.379Z,mixed-3000-seed-41544c53,pan,camera_api_sync_ms,ms,6,0
Atlas,f393bc3bb2ad,SVG,comparison-instrument-2026-10-06T15-51-13.379Z,mixed-3000-seed-41544c53,pan,frame_interval_ms,ms,7,50.09999999997672
Atlas,f393bc3bb2ad,SVG,comparison-instrument-2026-10-06T15-51-13.379Z,mixed-3000-seed-41544c53,pan,camera_api_sync_ms,ms,7,0.09999990463256836
Atlas,f393bc3bb2ad,SVG,comparison-instrument-2026-10-06T15-51-13.379Z,mixed-3000-seed-41544c53,pan,frame_interval_ms,ms,8,49.90000000002328
Atlas,f393bc3bb2ad,SVG,comparison-instrument-2026-10-06T15-51-13.379Z,mixed-3000-seed-41544c53,pan,camera_api_sync_ms,ms,8,0.10000014305114746
Atlas,f393bc3bb2ad,SVG,comparison-instrument-2026-10-06T15-51-13.379Z,mixed-3000-seed-41544c53,pan,frame_interval_ms,ms,9,33.40000000002328
Atlas,f393bc3bb2ad,SVG,comparison-instrument-2026-10-06T15-51-13.379Z,mixed-3000-seed-41544c53,pan,camera_api_sync_ms,ms,9,0
Atlas,f393bc3bb2ad,SVG,comparison-instrument-2026-10-06T15-51-13.379Z,mixed-3000-seed-41544c53,pan,frame_interval_ms,ms,10,48.199999999953434
Atlas,f393bc3bb2ad,SVG,comparison-instrument-2026-10-06T15-51-13.379Z,mixed-3000-seed-41544c53,pan,camera_api_sync_ms,ms,10,0
Atlas,f393bc3bb2ad,SVG,comparison-instrument-2026-10-06T15-51-13.379Z,mixed-3000-seed-41544c53,pan,frame_interval_ms,ms,11,35.09999999997672
Atlas,f393bc3bb2ad,SVG,comparison-instrument-2026-10-06T15-51-13.379Z,mixed-3000-seed-41544c53,pan,camera_api_sync_ms,ms,11,0
Atlas,f393bc3bb2ad,SVG,comparison-instrument-2026-10-06T15-51-13.379Z,mixed-3000-seed-41544c53,pan,frame_interval_ms,ms,12,50
Atlas,f393bc3bb2ad,SVG,comparison-instrument-2026-10-06T15-51-13.379Z,mixed-3000-seed-41544c53,pan,camera_api_sync_ms,ms,12,0.09999990463256836
Atlas,f393bc3bb2ad,SVG,comparison-instrument-2026-10-06T15-51-13.379Z,mixed-3000-seed-41544c53,pan,frame_interval_ms,ms,13,33.300000000046566
Atlas,f393bc3bb2ad,SVG,comparison-instrument-2026-10-06T15-51-13.379Z,mixed-3000-seed-41544c53,pan,camera_api_sync_ms,ms,13,0
Atlas,f393bc3bb2ad,SVG,comparison-instrument-2026-10-06T15-51-13.379Z,mixed-3000-seed-41544c53,pan,frame_interval_ms,ms,14,50
Atlas,f393bc3bb2ad,SVG,comparison-instrument-2026-10-06T15-51-13.379Z,mixed-3000-seed-41544c53,pan,camera_api_sync_ms,ms,14,0.10000014305114746
Atlas,f393bc3bb2ad,SVG,comparison-instrument-2026-10-06T15-51-13.379Z,mixed-3000-seed-41544c53,pan,frame_interval_ms,ms,15,50
Atlas,f393bc3bb2ad,SVG,comparison-instrument-2026-10-06T15-51-13.379Z,mixed-3000-seed-41544c53,pan,camera_api_sync_ms,ms,15,0
Atlas,f393bc3bb2ad,SVG,comparison-instrument-2026-10-06T15-51-13.379Z,mixed-3000-seed-41544c53,pan,frame_interval_ms,ms,16,33.300000000046566
Atlas,f393bc3bb2ad,SVG,comparison-instrument-2026-10-06T15-51-13.379Z,mixed-3000-seed-41544c53,pan,camera_api_sync_ms,ms,16,0
Atlas,f393bc3bb2ad,SVG,comparison-instrument-2026-10-06T15-51-13.379Z,mixed-3000-seed-41544c53,pan,frame_interval_ms,ms,17,50.09999999997672
Atlas,f393bc3bb2ad,SVG,comparison-instrument-2026-10-06T15-51-13.379Z,mixed-3000-seed-41544c53,pan,camera_api_sync_ms,ms,17,0.09999990463256836
Atlas,f393bc3bb2ad,SVG,comparison-instrument-2026-10-06T15-51-13.379Z,mixed-3000-seed-41544c53,pan,frame_interval_ms,ms,18,32.199999999953434
Atlas,f393bc3bb2ad,SVG,comparison-instrument-2026-10-06T15-51-13.379Z,mixed-3000-seed-41544c53,pan,camera_api_sync_ms,ms,18,0
Atlas,f393bc3bb2ad,SVG,comparison-instrument-2026-10-06T15-51-13.379Z,mixed-3000-seed-41544c53,pan,frame_interval_ms,ms,19,51.09999999997672
Atlas,f393bc3bb2ad,SVG,comparison-instrument-2026-10-06T15-51-13.379Z,mixed-3000-seed-41544c53,pan,camera_api_sync_ms,ms,19,0.09999990463256836
Atlas,f393bc3bb2ad,SVG,comparison-instrument-2026-10-06T15-51-13.379Z,mixed-3000-seed-41544c53,pan,frame_interval_ms,ms,20,31.5
Atlas,f393bc3bb2ad,SVG,comparison-instrument-2026-10-06T15-51-13.379Z,mixed-3000-seed-41544c53,pan,camera_api_sync_ms,ms,20,0
Atlas,f393bc3bb2ad,SVG,comparison-instrument-2026-10-06T15-51-13.379Z,mixed-3000-seed-41544c53,pan,frame_interval_ms,ms,21,51.90000000002328
Atlas,f393bc3bb2ad,SVG,comparison-instrument-2026-10-06T15-51-13.379Z,mixed-3000-seed-41544c53,pan,camera_api_sync_ms,ms,21,0.10000014305114746
Atlas,f393bc3bb2ad,SVG,comparison-instrument-2026-10-06T15-51-13.379Z,mixed-3000-seed-41544c53,pan,frame_interval_ms,ms,22,49.90000000002328
Atlas,f393bc3bb2ad,SVG,comparison-instrument-2026-10-06T15-51-13.379Z,mixed-3000-seed-41544c53,pan,camera_api_sync_ms,ms,22,0
Atlas,f393bc3bb2ad,SVG,comparison-instrument-2026-10-06T15-51-13.379Z,mixed-3000-seed-41544c53,pan,frame_interval_ms,ms,23,50
Atlas,f393bc3bb2ad,SVG,comparison-instrument-2026-10-06T15-51-13.379Z,mixed-3000-seed-41544c53,pan,camera_api_sync_ms,ms,23,0
Atlas,f393bc3bb2ad,SVG,comparison-instrument-2026-10-06T15-51-13.379Z,mixed-3000-seed-41544c53,pan,frame_interval_ms,ms,24,100.09999999997672
Atlas,f393bc3bb2ad,SVG,comparison-instrument-2026-10-06T15-51-13.379Z,mixed-3000-seed-41544c53,pan,camera_api_sync_ms,ms,24,0.10000014305114746
Atlas,f393bc3bb2ad,SVG,comparison-instrument-2026-10-06T15-51-13.379Z,mixed-3000-seed-41544c53,pan,frame_interval_ms,ms,25,116.40000000002328
Atlas,f393bc3bb2ad,SVG,comparison-instrument-2026-10-06T15-51-13.379Z,mixed-3000-seed-41544c53,pan,camera_api_sync_ms,ms,25,0.09999990463256836
Atlas,f393bc3bb2ad,SVG,comparison-instrument-2026-10-06T15-51-13.379Z,mixed-3000-seed-41544c53,pan,frame_interval_ms,ms,26,50
Atlas,f393bc3bb2ad,SVG,comparison-instrument-2026-10-06T15-51-13.379Z,mixed-3000-seed-41544c53,pan,camera_api_sync_ms,ms,26,0
Atlas,f393bc3bb2ad,SVG,comparison-instrument-2026-10-06T15-51-13.379Z,mixed-3000-seed-41544c53,pan,frame_interval_ms,ms,27,50.199999999953434
Atlas,f393bc3bb2ad,SVG,comparison-instrument-2026-10-06T15-51-13.379Z,mixed-3000-seed-41544c53,pan,camera_api_sync_ms,ms,27,0
Atlas,f393bc3bb2ad,SVG,comparison-instrument-2026-10-06T15-51-13.379Z,mixed-3000-seed-41544c53,pan,frame_interval_ms,ms,28,33.40000000002328
Atlas,f393bc3bb2ad,SVG,comparison-instrument-2026-10-06T15-51-13.379Z,mixed-3000-seed-41544c53,pan,camera_api_sync_ms,ms,28,0
Atlas,f393bc3bb2ad,SVG,comparison-instrument-2026-10-06T15-51-13.379Z,mixed-3000-seed-41544c53,pan,frame_interval_ms,ms,29,49.300000000046566
Atlas,f393bc3bb2ad,SVG,comparison-instrument-2026-10-06T15-51-13.379Z,mixed-3000-seed-41544c53,pan,camera_api_sync_ms,ms,29,0
Atlas,f393bc3bb2ad,SVG,comparison-instrument-2026-10-06T15-51-13.379Z,mixed-3000-seed-41544c53,pan,frame_interval_ms,ms,30,50.699999999953434
Atlas,f393bc3bb2ad,SVG,comparison-instrument-2026-10-06T15-51-13.379Z,mixed-3000-seed-41544c53,pan,camera_api_sync_ms,ms,30,0
Atlas,f393bc3bb2ad,SVG,comparison-instrument-2026-10-06T15-51-13.379Z,mixed-3000-seed-41544c53,pan,frame_interval_ms,ms,31,33.300000000046566
Atlas,f393bc3bb2ad,SVG,comparison-instrument-2026-10-06T15-51-13.379Z,mixed-3000-seed-41544c53,pan,camera_api_sync_ms,ms,31,0.10000014305114746
Atlas,f393bc3bb2ad,SVG,comparison-instrument-2026-10-06T15-51-13.379Z,mixed-3000-seed-41544c53,pan,frame_interval_ms,ms,32,50
Atlas,f393bc3bb2ad,SVG,comparison-instrument-2026-10-06T15-51-13.379Z,mixed-3000-seed-41544c53,pan,camera_api_sync_ms,ms,32,0
Atlas,f393bc3bb2ad,SVG,comparison-instrument-2026-10-06T15-51-13.379Z,mixed-3000-seed-41544c53,pan,motion_elapsed_ms,ms,0,1518.3000000000466
Atlas,f393bc3bb2ad,SVG,comparison-instrument-2026-10-06T15-51-13.379Z,mixed-3000-seed-41544c53,pan,camera_updates,count,0,33
Atlas,f393bc3bb2ad,SVG,comparison-instrument-2026-10-06T15-51-13.379Z,mixed-3000-seed-41544c53,pan,svg_attribute_writes,count,0,495099
Atlas,f393bc3bb2ad,SVG,comparison-instrument-2026-10-06T15-51-13.379Z,mixed-3000-seed-41544c53,pan,svg_attribute_removals,count,0,237600
Atlas,f393bc3bb2ad,SVG,comparison-instrument-2026-10-06T15-51-13.379Z,mixed-3000-seed-41544c53,pan,dom_added_nodes,count,0,0
Atlas,f393bc3bb2ad,SVG,comparison-instrument-2026-10-06T15-51-13.379Z,mixed-3000-seed-41544c53,pan,dom_removed_nodes,count,0,0
Leaflet,1.9.4,SVG,comparison-instrument-2026-10-06T15-51-13.379Z,mixed-3000-seed-41544c53,pan,frame_interval_ms,ms,0,16.70000000006985
Leaflet,1.9.4,SVG,comparison-instrument-2026-10-06T15-51-13.379Z,mixed-3000-seed-41544c53,pan,camera_api_sync_ms,ms,0,7.700000047683716
Leaflet,1.9.4,SVG,comparison-instrument-2026-10-06T15-51-13.379Z,mixed-3000-seed-41544c53,pan,frame_interval_ms,ms,1,14.699999999953434
Leaflet,1.9.4,SVG,comparison-instrument-2026-10-06T15-51-13.379Z,mixed-3000-seed-41544c53,pan,camera_api_sync_ms,ms,1,9
Leaflet,1.9.4,SVG,comparison-instrument-2026-10-06T15-51-13.379Z,mixed-3000-seed-41544c53,pan,frame_interval_ms,ms,2,33.300000000046566
Leaflet,1.9.4,SVG,comparison-instrument-2026-10-06T15-51-13.379Z,mixed-3000-seed-41544c53,pan,camera_api_sync_ms,ms,2,7.200000047683716
Leaflet,1.9.4,SVG,comparison-instrument-2026-10-06T15-51-13.379Z,mixed-3000-seed-41544c53,pan,frame_interval_ms,ms,3,35.40000000002328
Leaflet,1.9.4,SVG,comparison-instrument-2026-10-06T15-51-13.379Z,mixed-3000-seed-41544c53,pan,camera_api_sync_ms,ms,3,7.299999952316284
Leaflet,1.9.4,SVG,comparison-instrument-2026-10-06T15-51-13.379Z,mixed-3000-seed-41544c53,pan,frame_interval_ms,ms,4,16.599999999976717
Leaflet,1.9.4,SVG,comparison-instrument-2026-10-06T15-51-13.379Z,mixed-3000-seed-41544c53,pan,camera_api_sync_ms,ms,4,7.3999998569488525
Leaflet,1.9.4,SVG,comparison-instrument-2026-10-06T15-51-13.379Z,mixed-3000-seed-41544c53,pan,frame_interval_ms,ms,5,16.599999999976717
Leaflet,1.9.4,SVG,comparison-instrument-2026-10-06T15-51-13.379Z,mixed-3000-seed-41544c53,pan,camera_api_sync_ms,ms,5,7.299999952316284
Leaflet,1.9.4,SVG,comparison-instrument-2026-10-06T15-51-13.379Z,mixed-3000-seed-41544c53,pan,frame_interval_ms,ms,6,31.400000000023283
Leaflet,1.9.4,SVG,comparison-instrument-2026-10-06T15-51-13.379Z,mixed-3000-seed-41544c53,pan,camera_api_sync_ms,ms,6,6.799999952316284
Leaflet,1.9.4,SVG,comparison-instrument-2026-10-06T15-51-13.379Z,mixed-3000-seed-41544c53,pan,frame_interval_ms,ms,7,18.599999999976717
Leaflet,1.9.4,SVG,comparison-instrument-2026-10-06T15-51-13.379Z,mixed-3000-seed-41544c53,pan,camera_api_sync_ms,ms,7,7
Leaflet,1.9.4,SVG,comparison-instrument-2026-10-06T15-51-13.379Z,mixed-3000-seed-41544c53,pan,frame_interval_ms,ms,8,33.40000000002328
Leaflet,1.9.4,SVG,comparison-instrument-2026-10-06T15-51-13.379Z,mixed-3000-seed-41544c53,pan,camera_api_sync_ms,ms,8,7.099999904632568
Leaflet,1.9.4,SVG,comparison-instrument-2026-10-06T15-51-13.379Z,mixed-3000-seed-41544c53,pan,frame_interval_ms,ms,9,16.599999999976717
Leaflet,1.9.4,SVG,comparison-instrument-2026-10-06T15-51-13.379Z,mixed-3000-seed-41544c53,pan,camera_api_sync_ms,ms,9,7
Leaflet,1.9.4,SVG,comparison-instrument-2026-10-06T15-51-13.379Z,mixed-3000-seed-41544c53,pan,frame_interval_ms,ms,10,33.40000000002328
Leaflet,1.9.4,SVG,comparison-instrument-2026-10-06T15-51-13.379Z,mixed-3000-seed-41544c53,pan,camera_api_sync_ms,ms,10,11.200000047683716
Leaflet,1.9.4,SVG,comparison-instrument-2026-10-06T15-51-13.379Z,mixed-3000-seed-41544c53,pan,frame_interval_ms,ms,11,33.29999999993015
Leaflet,1.9.4,SVG,comparison-instrument-2026-10-06T15-51-13.379Z,mixed-3000-seed-41544c53,pan,camera_api_sync_ms,ms,11,9.200000047683716
Leaflet,1.9.4,SVG,comparison-instrument-2026-10-06T15-51-13.379Z,mixed-3000-seed-41544c53,pan,frame_interval_ms,ms,12,33.40000000002328
Leaflet,1.9.4,SVG,comparison-instrument-2026-10-06T15-51-13.379Z,mixed-3000-seed-41544c53,pan,camera_api_sync_ms,ms,12,9.099999904632568
Leaflet,1.9.4,SVG,comparison-instrument-2026-10-06T15-51-13.379Z,mixed-3000-seed-41544c53,pan,frame_interval_ms,ms,13,31.599999999976717
Leaflet,1.9.4,SVG,comparison-instrument-2026-10-06T15-51-13.379Z,mixed-3000-seed-41544c53,pan,camera_api_sync_ms,ms,13,9.099999904632568
Leaflet,1.9.4,SVG,comparison-instrument-2026-10-06T15-51-13.379Z,mixed-3000-seed-41544c53,pan,frame_interval_ms,ms,14,35
Leaflet,1.9.4,SVG,comparison-instrument-2026-10-06T15-51-13.379Z,mixed-3000-seed-41544c53,pan,camera_api_sync_ms,ms,14,8.400000095367432
Leaflet,1.9.4,SVG,comparison-instrument-2026-10-06T15-51-13.379Z,mixed-3000-seed-41544c53,pan,frame_interval_ms,ms,15,16.20000000006985
Leaflet,1.9.4,SVG,comparison-instrument-2026-10-06T15-51-13.379Z,mixed-3000-seed-41544c53,pan,camera_api_sync_ms,ms,15,8.5
Leaflet,1.9.4,SVG,comparison-instrument-2026-10-06T15-51-13.379Z,mixed-3000-seed-41544c53,pan,frame_interval_ms,ms,16,33.79999999993015
Leaflet,1.9.4,SVG,comparison-instrument-2026-10-06T15-51-13.379Z,mixed-3000-seed-41544c53,pan,camera_api_sync_ms,ms,16,8.5
Leaflet,1.9.4,SVG,comparison-instrument-2026-10-06T15-51-13.379Z,mixed-3000-seed-41544c53,pan,frame_interval_ms,ms,17,33.40000000002328
Leaflet,1.9.4,SVG,comparison-instrument-2026-10-06T15-51-13.379Z,mixed-3000-seed-41544c53,pan,camera_api_sync_ms,ms,17,8.900000095367432
Leaflet,1.9.4,SVG,comparison-instrument-2026-10-06T15-51-13.379Z,mixed-3000-seed-41544c53,pan,frame_interval_ms,ms,18,33.20000000006985
Leaflet,1.9.4,SVG,comparison-instrument-2026-10-06T15-51-13.379Z,mixed-3000-seed-41544c53,pan,camera_api_sync_ms,ms,18,8.899999856948853
Leaflet,1.9.4,SVG,comparison-instrument-2026-10-06T15-51-13.379Z,mixed-3000-seed-41544c53,pan,frame_interval_ms,ms,19,16.099999999976717
Leaflet,1.9.4,SVG,comparison-instrument-2026-10-06T15-51-13.379Z,mixed-3000-seed-41544c53,pan,camera_api_sync_ms,ms,19,9
Leaflet,1.9.4,SVG,comparison-instrument-2026-10-06T15-51-13.379Z,mixed-3000-seed-41544c53,pan,frame_interval_ms,ms,20,33.199999999953434
Leaflet,1.9.4,SVG,comparison-instrument-2026-10-06T15-51-13.379Z,mixed-3000-seed-41544c53,pan,camera_api_sync_ms,ms,20,8.200000047683716
Leaflet,1.9.4,SVG,comparison-instrument-2026-10-06T15-51-13.379Z,mixed-3000-seed-41544c53,pan,frame_interval_ms,ms,21,34.09999999997672
Leaflet,1.9.4,SVG,comparison-instrument-2026-10-06T15-51-13.379Z,mixed-3000-seed-41544c53,pan,camera_api_sync_ms,ms,21,8.599999904632568
Leaflet,1.9.4,SVG,comparison-instrument-2026-10-06T15-51-13.379Z,mixed-3000-seed-41544c53,pan,frame_interval_ms,ms,22,32.60000000009313
Leaflet,1.9.4,SVG,comparison-instrument-2026-10-06T15-51-13.379Z,mixed-3000-seed-41544c53,pan,camera_api_sync_ms,ms,22,8.299999952316284
Leaflet,1.9.4,SVG,comparison-instrument-2026-10-06T15-51-13.379Z,mixed-3000-seed-41544c53,pan,frame_interval_ms,ms,23,34.09999999997672
Leaflet,1.9.4,SVG,comparison-instrument-2026-10-06T15-51-13.379Z,mixed-3000-seed-41544c53,pan,camera_api_sync_ms,ms,23,9.299999952316284
Leaflet,1.9.4,SVG,comparison-instrument-2026-10-06T15-51-13.379Z,mixed-3000-seed-41544c53,pan,frame_interval_ms,ms,24,33.29999999993015
Leaflet,1.9.4,SVG,comparison-instrument-2026-10-06T15-51-13.379Z,mixed-3000-seed-41544c53,pan,camera_api_sync_ms,ms,24,10.199999809265137
Leaflet,1.9.4,SVG,comparison-instrument-2026-10-06T15-51-13.379Z,mixed-3000-seed-41544c53,pan,frame_interval_ms,ms,25,31.400000000023283
Leaflet,1.9.4,SVG,comparison-instrument-2026-10-06T15-51-13.379Z,mixed-3000-seed-41544c53,pan,camera_api_sync_ms,ms,25,8.700000047683716
Leaflet,1.9.4,SVG,comparison-instrument-2026-10-06T15-51-13.379Z,mixed-3000-seed-41544c53,pan,frame_interval_ms,ms,26,33.300000000046566
Leaflet,1.9.4,SVG,comparison-instrument-2026-10-06T15-51-13.379Z,mixed-3000-seed-41544c53,pan,camera_api_sync_ms,ms,26,9.5
Leaflet,1.9.4,SVG,comparison-instrument-2026-10-06T15-51-13.379Z,mixed-3000-seed-41544c53,pan,frame_interval_ms,ms,27,18.29999999993015
Leaflet,1.9.4,SVG,comparison-instrument-2026-10-06T15-51-13.379Z,mixed-3000-seed-41544c53,pan,camera_api_sync_ms,ms,27,9.200000047683716
Leaflet,1.9.4,SVG,comparison-instrument-2026-10-06T15-51-13.379Z,mixed-3000-seed-41544c53,pan,frame_interval_ms,ms,28,33.70000000006985
Leaflet,1.9.4,SVG,comparison-instrument-2026-10-06T15-51-13.379Z,mixed-3000-seed-41544c53,pan,camera_api_sync_ms,ms,28,8.600000143051147
Leaflet,1.9.4,SVG,comparison-instrument-2026-10-06T15-51-13.379Z,mixed-3000-seed-41544c53,pan,frame_interval_ms,ms,29,33.29999999993015
Leaflet,1.9.4,SVG,comparison-instrument-2026-10-06T15-51-13.379Z,mixed-3000-seed-41544c53,pan,camera_api_sync_ms,ms,29,9.599999904632568
Leaflet,1.9.4,SVG,comparison-instrument-2026-10-06T15-51-13.379Z,mixed-3000-seed-41544c53,pan,frame_interval_ms,ms,30,33.300000000046566
Leaflet,1.9.4,SVG,comparison-instrument-2026-10-06T15-51-13.379Z,mixed-3000-seed-41544c53,pan,camera_api_sync_ms,ms,30,9.5
Leaflet,1.9.4,SVG,comparison-instrument-2026-10-06T15-51-13.379Z,mixed-3000-seed-41544c53,pan,frame_interval_ms,ms,31,31.699999999953434
Leaflet,1.9.4,SVG,comparison-instrument-2026-10-06T15-51-13.379Z,mixed-3000-seed-41544c53,pan,camera_api_sync_ms,ms,31,9.200000047683716
Leaflet,1.9.4,SVG,comparison-instrument-2026-10-06T15-51-13.379Z,mixed-3000-seed-41544c53,pan,frame_interval_ms,ms,32,35
Leaflet,1.9.4,SVG,comparison-instrument-2026-10-06T15-51-13.379Z,mixed-3000-seed-41544c53,pan,camera_api_sync_ms,ms,32,9.200000047683716
Leaflet,1.9.4,SVG,comparison-instrument-2026-10-06T15-51-13.379Z,mixed-3000-seed-41544c53,pan,frame_interval_ms,ms,33,31.400000000023283
Leaflet,1.9.4,SVG,comparison-instrument-2026-10-06T15-51-13.379Z,mixed-3000-seed-41544c53,pan,camera_api_sync_ms,ms,33,9.399999856948853
Leaflet,1.9.4,SVG,comparison-instrument-2026-10-06T15-51-13.379Z,mixed-3000-seed-41544c53,pan,frame_interval_ms,ms,34,18.599999999976717
Leaflet,1.9.4,SVG,comparison-instrument-2026-10-06T15-51-13.379Z,mixed-3000-seed-41544c53,pan,camera_api_sync_ms,ms,34,9.200000047683716
Leaflet,1.9.4,SVG,comparison-instrument-2026-10-06T15-51-13.379Z,mixed-3000-seed-41544c53,pan,frame_interval_ms,ms,35,33.300000000046566
Leaflet,1.9.4,SVG,comparison-instrument-2026-10-06T15-51-13.379Z,mixed-3000-seed-41544c53,pan,camera_api_sync_ms,ms,35,8.800000190734863
Leaflet,1.9.4,SVG,comparison-instrument-2026-10-06T15-51-13.379Z,mixed-3000-seed-41544c53,pan,frame_interval_ms,ms,36,33.199999999953434
Leaflet,1.9.4,SVG,comparison-instrument-2026-10-06T15-51-13.379Z,mixed-3000-seed-41544c53,pan,camera_api_sync_ms,ms,36,8.599999904632568
Leaflet,1.9.4,SVG,comparison-instrument-2026-10-06T15-51-13.379Z,mixed-3000-seed-41544c53,pan,frame_interval_ms,ms,37,33
Leaflet,1.9.4,SVG,comparison-instrument-2026-10-06T15-51-13.379Z,mixed-3000-seed-41544c53,pan,camera_api_sync_ms,ms,37,8.100000143051147
Leaflet,1.9.4,SVG,comparison-instrument-2026-10-06T15-51-13.379Z,mixed-3000-seed-41544c53,pan,frame_interval_ms,ms,38,17.100000000093132
Leaflet,1.9.4,SVG,comparison-instrument-2026-10-06T15-51-13.379Z,mixed-3000-seed-41544c53,pan,camera_api_sync_ms,ms,38,8.200000047683716
Leaflet,1.9.4,SVG,comparison-instrument-2026-10-06T15-51-13.379Z,mixed-3000-seed-41544c53,pan,frame_interval_ms,ms,39,33.09999999997672
Leaflet,1.9.4,SVG,comparison-instrument-2026-10-06T15-51-13.379Z,mixed-3000-seed-41544c53,pan,camera_api_sync_ms,ms,39,8.099999904632568
Leaflet,1.9.4,SVG,comparison-instrument-2026-10-06T15-51-13.379Z,mixed-3000-seed-41544c53,pan,frame_interval_ms,ms,40,17
Leaflet,1.9.4,SVG,comparison-instrument-2026-10-06T15-51-13.379Z,mixed-3000-seed-41544c53,pan,camera_api_sync_ms,ms,40,8.299999952316284
Leaflet,1.9.4,SVG,comparison-instrument-2026-10-06T15-51-13.379Z,mixed-3000-seed-41544c53,pan,frame_interval_ms,ms,41,31.599999999976717
Leaflet,1.9.4,SVG,comparison-instrument-2026-10-06T15-51-13.379Z,mixed-3000-seed-41544c53,pan,camera_api_sync_ms,ms,41,8.199999809265137
Leaflet,1.9.4,SVG,comparison-instrument-2026-10-06T15-51-13.379Z,mixed-3000-seed-41544c53,pan,frame_interval_ms,ms,42,33.59999999997672
Leaflet,1.9.4,SVG,comparison-instrument-2026-10-06T15-51-13.379Z,mixed-3000-seed-41544c53,pan,camera_api_sync_ms,ms,42,8.199999809265137
Leaflet,1.9.4,SVG,comparison-instrument-2026-10-06T15-51-13.379Z,mixed-3000-seed-41544c53,pan,frame_interval_ms,ms,43,16.400000000023283
Leaflet,1.9.4,SVG,comparison-instrument-2026-10-06T15-51-13.379Z,mixed-3000-seed-41544c53,pan,camera_api_sync_ms,ms,43,9.199999809265137
Leaflet,1.9.4,SVG,comparison-instrument-2026-10-06T15-51-13.379Z,mixed-3000-seed-41544c53,pan,frame_interval_ms,ms,44,35.09999999997672
Leaflet,1.9.4,SVG,comparison-instrument-2026-10-06T15-51-13.379Z,mixed-3000-seed-41544c53,pan,camera_api_sync_ms,ms,44,8.300000190734863
Leaflet,1.9.4,SVG,comparison-instrument-2026-10-06T15-51-13.379Z,mixed-3000-seed-41544c53,pan,frame_interval_ms,ms,45,31.300000000046566
Leaflet,1.9.4,SVG,comparison-instrument-2026-10-06T15-51-13.379Z,mixed-3000-seed-41544c53,pan,camera_api_sync_ms,ms,45,8.299999952316284
Leaflet,1.9.4,SVG,comparison-instrument-2026-10-06T15-51-13.379Z,mixed-3000-seed-41544c53,pan,frame_interval_ms,ms,46,18.599999999976717
Leaflet,1.9.4,SVG,comparison-instrument-2026-10-06T15-51-13.379Z,mixed-3000-seed-41544c53,pan,camera_api_sync_ms,ms,46,7.900000095367432
Leaflet,1.9.4,SVG,comparison-instrument-2026-10-06T15-51-13.379Z,mixed-3000-seed-41544c53,pan,frame_interval_ms,ms,47,33.40000000002328
Leaflet,1.9.4,SVG,comparison-instrument-2026-10-06T15-51-13.379Z,mixed-3000-seed-41544c53,pan,camera_api_sync_ms,ms,47,8.399999856948853
Leaflet,1.9.4,SVG,comparison-instrument-2026-10-06T15-51-13.379Z,mixed-3000-seed-41544c53,pan,frame_interval_ms,ms,48,16.599999999976717
Leaflet,1.9.4,SVG,comparison-instrument-2026-10-06T15-51-13.379Z,mixed-3000-seed-41544c53,pan,camera_api_sync_ms,ms,48,8.599999904632568
Leaflet,1.9.4,SVG,comparison-instrument-2026-10-06T15-51-13.379Z,mixed-3000-seed-41544c53,pan,frame_interval_ms,ms,49,31.800000000046566
Leaflet,1.9.4,SVG,comparison-instrument-2026-10-06T15-51-13.379Z,mixed-3000-seed-41544c53,pan,camera_api_sync_ms,ms,49,9.100000143051147
Leaflet,1.9.4,SVG,comparison-instrument-2026-10-06T15-51-13.379Z,mixed-3000-seed-41544c53,pan,frame_interval_ms,ms,50,16.399999999906868
Leaflet,1.9.4,SVG,comparison-instrument-2026-10-06T15-51-13.379Z,mixed-3000-seed-41544c53,pan,camera_api_sync_ms,ms,50,8.099999904632568
Leaflet,1.9.4,SVG,comparison-instrument-2026-10-06T15-51-13.379Z,mixed-3000-seed-41544c53,pan,frame_interval_ms,ms,51,35.10000000009313
Leaflet,1.9.4,SVG,comparison-instrument-2026-10-06T15-51-13.379Z,mixed-3000-seed-41544c53,pan,camera_api_sync_ms,ms,51,9.700000047683716
Leaflet,1.9.4,SVG,comparison-instrument-2026-10-06T15-51-13.379Z,mixed-3000-seed-41544c53,pan,frame_interval_ms,ms,52,15.79999999993015
Leaflet,1.9.4,SVG,comparison-instrument-2026-10-06T15-51-13.379Z,mixed-3000-seed-41544c53,pan,camera_api_sync_ms,ms,52,8.299999952316284
Leaflet,1.9.4,SVG,comparison-instrument-2026-10-06T15-51-13.379Z,mixed-3000-seed-41544c53,pan,frame_interval_ms,ms,53,34.300000000046566
Leaflet,1.9.4,SVG,comparison-instrument-2026-10-06T15-51-13.379Z,mixed-3000-seed-41544c53,pan,camera_api_sync_ms,ms,53,8.599999904632568
Leaflet,1.9.4,SVG,comparison-instrument-2026-10-06T15-51-13.379Z,mixed-3000-seed-41544c53,pan,motion_elapsed_ms,ms,0,1516.7000000000698
Leaflet,1.9.4,SVG,comparison-instrument-2026-10-06T15-51-13.379Z,mixed-3000-seed-41544c53,pan,camera_updates,count,0,54
Leaflet,1.9.4,SVG,comparison-instrument-2026-10-06T15-51-13.379Z,mixed-3000-seed-41544c53,pan,svg_attribute_writes,count,0,388854
Leaflet,1.9.4,SVG,comparison-instrument-2026-10-06T15-51-13.379Z,mixed-3000-seed-41544c53,pan,svg_attribute_removals,count,0,0
Leaflet,1.9.4,SVG,comparison-instrument-2026-10-06T15-51-13.379Z,mixed-3000-seed-41544c53,pan,dom_added_nodes,count,0,0
Leaflet,1.9.4,SVG,comparison-instrument-2026-10-06T15-51-13.379Z,mixed-3000-seed-41544c53,pan,dom_removed_nodes,count,0,0
Leaflet,1.9.4,Canvas,comparison-instrument-2026-10-06T15-51-13.379Z,mixed-3000-seed-41544c53,pan,frame_interval_ms,ms,0,16.70000000006985
Leaflet,1.9.4,Canvas,comparison-instrument-2026-10-06T15-51-13.379Z,mixed-3000-seed-41544c53,pan,camera_api_sync_ms,ms,0,5.299999952316284
Leaflet,1.9.4,Canvas,comparison-instrument-2026-10-06T15-51-13.379Z,mixed-3000-seed-41544c53,pan,frame_interval_ms,ms,1,50
Leaflet,1.9.4,Canvas,comparison-instrument-2026-10-06T15-51-13.379Z,mixed-3000-seed-41544c53,pan,camera_api_sync_ms,ms,1,4.6000001430511475
Leaflet,1.9.4,Canvas,comparison-instrument-2026-10-06T15-51-13.379Z,mixed-3000-seed-41544c53,pan,frame_interval_ms,ms,2,98.5
Leaflet,1.9.4,Canvas,comparison-instrument-2026-10-06T15-51-13.379Z,mixed-3000-seed-41544c53,pan,camera_api_sync_ms,ms,2,7.300000190734863
Leaflet,1.9.4,Canvas,comparison-instrument-2026-10-06T15-51-13.379Z,mixed-3000-seed-41544c53,pan,frame_interval_ms,ms,3,101.90000000002328
Leaflet,1.9.4,Canvas,comparison-instrument-2026-10-06T15-51-13.379Z,mixed-3000-seed-41544c53,pan,camera_api_sync_ms,ms,3,11.5
Leaflet,1.9.4,Canvas,comparison-instrument-2026-10-06T15-51-13.379Z,mixed-3000-seed-41544c53,pan,frame_interval_ms,ms,4,133.29999999993015
Leaflet,1.9.4,Canvas,comparison-instrument-2026-10-06T15-51-13.379Z,mixed-3000-seed-41544c53,pan,camera_api_sync_ms,ms,4,13.5
Leaflet,1.9.4,Canvas,comparison-instrument-2026-10-06T15-51-13.379Z,mixed-3000-seed-41544c53,pan,frame_interval_ms,ms,5,153.09999999997672
Leaflet,1.9.4,Canvas,comparison-instrument-2026-10-06T15-51-13.379Z,mixed-3000-seed-41544c53,pan,camera_api_sync_ms,ms,5,6.299999952316284
Leaflet,1.9.4,Canvas,comparison-instrument-2026-10-06T15-51-13.379Z,mixed-3000-seed-41544c53,pan,frame_interval_ms,ms,6,116.10000000009313
Leaflet,1.9.4,Canvas,comparison-instrument-2026-10-06T15-51-13.379Z,mixed-3000-seed-41544c53,pan,camera_api_sync_ms,ms,6,11.299999952316284
Leaflet,1.9.4,Canvas,comparison-instrument-2026-10-06T15-51-13.379Z,mixed-3000-seed-41544c53,pan,frame_interval_ms,ms,7,100.69999999995343
Leaflet,1.9.4,Canvas,comparison-instrument-2026-10-06T15-51-13.379Z,mixed-3000-seed-41544c53,pan,camera_api_sync_ms,ms,7,10.700000047683716
Leaflet,1.9.4,Canvas,comparison-instrument-2026-10-06T15-51-13.379Z,mixed-3000-seed-41544c53,pan,frame_interval_ms,ms,8,99.09999999997672
Leaflet,1.9.4,Canvas,comparison-instrument-2026-10-06T15-51-13.379Z,mixed-3000-seed-41544c53,pan,camera_api_sync_ms,ms,8,7.1000001430511475
Leaflet,1.9.4,Canvas,comparison-instrument-2026-10-06T15-51-13.379Z,mixed-3000-seed-41544c53,pan,frame_interval_ms,ms,9,67.59999999997672
Leaflet,1.9.4,Canvas,comparison-instrument-2026-10-06T15-51-13.379Z,mixed-3000-seed-41544c53,pan,camera_api_sync_ms,ms,9,4.700000047683716
Leaflet,1.9.4,Canvas,comparison-instrument-2026-10-06T15-51-13.379Z,mixed-3000-seed-41544c53,pan,frame_interval_ms,ms,10,49.90000000002328
Leaflet,1.9.4,Canvas,comparison-instrument-2026-10-06T15-51-13.379Z,mixed-3000-seed-41544c53,pan,camera_api_sync_ms,ms,10,4.799999952316284
Leaflet,1.9.4,Canvas,comparison-instrument-2026-10-06T15-51-13.379Z,mixed-3000-seed-41544c53,pan,frame_interval_ms,ms,11,50.09999999997672
Leaflet,1.9.4,Canvas,comparison-instrument-2026-10-06T15-51-13.379Z,mixed-3000-seed-41544c53,pan,camera_api_sync_ms,ms,11,5.599999904632568
Leaflet,1.9.4,Canvas,comparison-instrument-2026-10-06T15-51-13.379Z,mixed-3000-seed-41544c53,pan,frame_interval_ms,ms,12,49.90000000002328
Leaflet,1.9.4,Canvas,comparison-instrument-2026-10-06T15-51-13.379Z,mixed-3000-seed-41544c53,pan,camera_api_sync_ms,ms,12,4.5
Leaflet,1.9.4,Canvas,comparison-instrument-2026-10-06T15-51-13.379Z,mixed-3000-seed-41544c53,pan,frame_interval_ms,ms,13,50.09999999997672
Leaflet,1.9.4,Canvas,comparison-instrument-2026-10-06T15-51-13.379Z,mixed-3000-seed-41544c53,pan,camera_api_sync_ms,ms,13,4.6000001430511475
Leaflet,1.9.4,Canvas,comparison-instrument-2026-10-06T15-51-13.379Z,mixed-3000-seed-41544c53,pan,frame_interval_ms,ms,14,66.10000000009313
Leaflet,1.9.4,Canvas,comparison-instrument-2026-10-06T15-51-13.379Z,mixed-3000-seed-41544c53,pan,camera_api_sync_ms,ms,14,4.299999952316284
Leaflet,1.9.4,Canvas,comparison-instrument-2026-10-06T15-51-13.379Z,mixed-3000-seed-41544c53,pan,frame_interval_ms,ms,15,50.5
Leaflet,1.9.4,Canvas,comparison-instrument-2026-10-06T15-51-13.379Z,mixed-3000-seed-41544c53,pan,camera_api_sync_ms,ms,15,4.5
Leaflet,1.9.4,Canvas,comparison-instrument-2026-10-06T15-51-13.379Z,mixed-3000-seed-41544c53,pan,frame_interval_ms,ms,16,49.199999999953434
Leaflet,1.9.4,Canvas,comparison-instrument-2026-10-06T15-51-13.379Z,mixed-3000-seed-41544c53,pan,camera_api_sync_ms,ms,16,6.300000190734863
Leaflet,1.9.4,Canvas,comparison-instrument-2026-10-06T15-51-13.379Z,mixed-3000-seed-41544c53,pan,frame_interval_ms,ms,17,84.09999999997672
Leaflet,1.9.4,Canvas,comparison-instrument-2026-10-06T15-51-13.379Z,mixed-3000-seed-41544c53,pan,camera_api_sync_ms,ms,17,5
Leaflet,1.9.4,Canvas,comparison-instrument-2026-10-06T15-51-13.379Z,mixed-3000-seed-41544c53,pan,frame_interval_ms,ms,18,66.70000000006985
Leaflet,1.9.4,Canvas,comparison-instrument-2026-10-06T15-51-13.379Z,mixed-3000-seed-41544c53,pan,camera_api_sync_ms,ms,18,5.699999809265137
Leaflet,1.9.4,Canvas,comparison-instrument-2026-10-06T15-51-13.379Z,mixed-3000-seed-41544c53,pan,frame_interval_ms,ms,19,66.69999999995343
Leaflet,1.9.4,Canvas,comparison-instrument-2026-10-06T15-51-13.379Z,mixed-3000-seed-41544c53,pan,camera_api_sync_ms,ms,19,7
Leaflet,1.9.4,Canvas,comparison-instrument-2026-10-06T15-51-13.379Z,mixed-3000-seed-41544c53,pan,motion_elapsed_ms,ms,0,1520.3000000000466
Leaflet,1.9.4,Canvas,comparison-instrument-2026-10-06T15-51-13.379Z,mixed-3000-seed-41544c53,pan,camera_updates,count,0,20
Leaflet,1.9.4,Canvas,comparison-instrument-2026-10-06T15-51-13.379Z,mixed-3000-seed-41544c53,pan,svg_attribute_writes,N/A,0,N/A
Leaflet,1.9.4,Canvas,comparison-instrument-2026-10-06T15-51-13.379Z,mixed-3000-seed-41544c53,pan,svg_attribute_removals,N/A,0,N/A
Leaflet,1.9.4,Canvas,comparison-instrument-2026-10-06T15-51-13.379Z,mixed-3000-seed-41544c53,pan,dom_added_nodes,N/A,0,N/A
Leaflet,1.9.4,Canvas,comparison-instrument-2026-10-06T15-51-13.379Z,mixed-3000-seed-41544c53,pan,dom_removed_nodes,N/A,0,N/A
Atlas,f393bc3bb2ad,SVG,comparison-instrument-2026-10-06T15-51-13.379Z,mixed-3000-seed-41544c53,zoom,frame_interval_ms,ms,0,16.70000000006985
Atlas,f393bc3bb2ad,SVG,comparison-instrument-2026-10-06T15-51-13.379Z,mixed-3000-seed-41544c53,zoom,camera_api_sync_ms,ms,0,0
Atlas,f393bc3bb2ad,SVG,comparison-instrument-2026-10-06T15-51-13.379Z,mixed-3000-seed-41544c53,zoom,frame_interval_ms,ms,1,16.599999999976717
Atlas,f393bc3bb2ad,SVG,comparison-instrument-2026-10-06T15-51-13.379Z,mixed-3000-seed-41544c53,zoom,camera_api_sync_ms,ms,1,0.09999990463256836
Atlas,f393bc3bb2ad,SVG,comparison-instrument-2026-10-06T15-51-13.379Z,mixed-3000-seed-41544c53,zoom,frame_interval_ms,ms,2,50.09999999997672
Atlas,f393bc3bb2ad,SVG,comparison-instrument-2026-10-06T15-51-13.379Z,mixed-3000-seed-41544c53,zoom,camera_api_sync_ms,ms,2,0
Atlas,f393bc3bb2ad,SVG,comparison-instrument-2026-10-06T15-51-13.379Z,mixed-3000-seed-41544c53,zoom,frame_interval_ms,ms,3,66.59999999997672
Atlas,f393bc3bb2ad,SVG,comparison-instrument-2026-10-06T15-51-13.379Z,mixed-3000-seed-41544c53,zoom,camera_api_sync_ms,ms,3,0
Atlas,f393bc3bb2ad,SVG,comparison-instrument-2026-10-06T15-51-13.379Z,mixed-3000-seed-41544c53,zoom,frame_interval_ms,ms,4,50
Atlas,f393bc3bb2ad,SVG,comparison-instrument-2026-10-06T15-51-13.379Z,mixed-3000-seed-41544c53,zoom,camera_api_sync_ms,ms,4,0
Atlas,f393bc3bb2ad,SVG,comparison-instrument-2026-10-06T15-51-13.379Z,mixed-3000-seed-41544c53,zoom,frame_interval_ms,ms,5,66.70000000006985
Atlas,f393bc3bb2ad,SVG,comparison-instrument-2026-10-06T15-51-13.379Z,mixed-3000-seed-41544c53,zoom,camera_api_sync_ms,ms,5,0
Atlas,f393bc3bb2ad,SVG,comparison-instrument-2026-10-06T15-51-13.379Z,mixed-3000-seed-41544c53,zoom,frame_interval_ms,ms,6,50
Atlas,f393bc3bb2ad,SVG,comparison-instrument-2026-10-06T15-51-13.379Z,mixed-3000-seed-41544c53,zoom,camera_api_sync_ms,ms,6,0
Atlas,f393bc3bb2ad,SVG,comparison-instrument-2026-10-06T15-51-13.379Z,mixed-3000-seed-41544c53,zoom,frame_interval_ms,ms,7,66.59999999997672
Atlas,f393bc3bb2ad,SVG,comparison-instrument-2026-10-06T15-51-13.379Z,mixed-3000-seed-41544c53,zoom,camera_api_sync_ms,ms,7,0
Atlas,f393bc3bb2ad,SVG,comparison-instrument-2026-10-06T15-51-13.379Z,mixed-3000-seed-41544c53,zoom,frame_interval_ms,ms,8,50
Atlas,f393bc3bb2ad,SVG,comparison-instrument-2026-10-06T15-51-13.379Z,mixed-3000-seed-41544c53,zoom,camera_api_sync_ms,ms,8,0
Atlas,f393bc3bb2ad,SVG,comparison-instrument-2026-10-06T15-51-13.379Z,mixed-3000-seed-41544c53,zoom,frame_interval_ms,ms,9,50
Atlas,f393bc3bb2ad,SVG,comparison-instrument-2026-10-06T15-51-13.379Z,mixed-3000-seed-41544c53,zoom,camera_api_sync_ms,ms,9,0.09999990463256836
Atlas,f393bc3bb2ad,SVG,comparison-instrument-2026-10-06T15-51-13.379Z,mixed-3000-seed-41544c53,zoom,frame_interval_ms,ms,10,50.09999999997672
Atlas,f393bc3bb2ad,SVG,comparison-instrument-2026-10-06T15-51-13.379Z,mixed-3000-seed-41544c53,zoom,camera_api_sync_ms,ms,10,0
Atlas,f393bc3bb2ad,SVG,comparison-instrument-2026-10-06T15-51-13.379Z,mixed-3000-seed-41544c53,zoom,frame_interval_ms,ms,11,50
Atlas,f393bc3bb2ad,SVG,comparison-instrument-2026-10-06T15-51-13.379Z,mixed-3000-seed-41544c53,zoom,camera_api_sync_ms,ms,11,0
Atlas,f393bc3bb2ad,SVG,comparison-instrument-2026-10-06T15-51-13.379Z,mixed-3000-seed-41544c53,zoom,frame_interval_ms,ms,12,49.90000000002328
Atlas,f393bc3bb2ad,SVG,comparison-instrument-2026-10-06T15-51-13.379Z,mixed-3000-seed-41544c53,zoom,camera_api_sync_ms,ms,12,0.09999990463256836
Atlas,f393bc3bb2ad,SVG,comparison-instrument-2026-10-06T15-51-13.379Z,mixed-3000-seed-41544c53,zoom,frame_interval_ms,ms,13,66.79999999993015
Atlas,f393bc3bb2ad,SVG,comparison-instrument-2026-10-06T15-51-13.379Z,mixed-3000-seed-41544c53,zoom,camera_api_sync_ms,ms,13,0
Atlas,f393bc3bb2ad,SVG,comparison-instrument-2026-10-06T15-51-13.379Z,mixed-3000-seed-41544c53,zoom,frame_interval_ms,ms,14,49.90000000002328
Atlas,f393bc3bb2ad,SVG,comparison-instrument-2026-10-06T15-51-13.379Z,mixed-3000-seed-41544c53,zoom,camera_api_sync_ms,ms,14,0
Atlas,f393bc3bb2ad,SVG,comparison-instrument-2026-10-06T15-51-13.379Z,mixed-3000-seed-41544c53,zoom,frame_interval_ms,ms,15,50.09999999997672
Atlas,f393bc3bb2ad,SVG,comparison-instrument-2026-10-06T15-51-13.379Z,mixed-3000-seed-41544c53,zoom,camera_api_sync_ms,ms,15,0.09999990463256836
Atlas,f393bc3bb2ad,SVG,comparison-instrument-2026-10-06T15-51-13.379Z,mixed-3000-seed-41544c53,zoom,frame_interval_ms,ms,16,50
Atlas,f393bc3bb2ad,SVG,comparison-instrument-2026-10-06T15-51-13.379Z,mixed-3000-seed-41544c53,zoom,camera_api_sync_ms,ms,16,0
Atlas,f393bc3bb2ad,SVG,comparison-instrument-2026-10-06T15-51-13.379Z,mixed-3000-seed-41544c53,zoom,frame_interval_ms,ms,17,49.90000000002328
Atlas,f393bc3bb2ad,SVG,comparison-instrument-2026-10-06T15-51-13.379Z,mixed-3000-seed-41544c53,zoom,camera_api_sync_ms,ms,17,0.10000014305114746
Atlas,f393bc3bb2ad,SVG,comparison-instrument-2026-10-06T15-51-13.379Z,mixed-3000-seed-41544c53,zoom,frame_interval_ms,ms,18,66.70000000006985
Atlas,f393bc3bb2ad,SVG,comparison-instrument-2026-10-06T15-51-13.379Z,mixed-3000-seed-41544c53,zoom,camera_api_sync_ms,ms,18,0
Atlas,f393bc3bb2ad,SVG,comparison-instrument-2026-10-06T15-51-13.379Z,mixed-3000-seed-41544c53,zoom,frame_interval_ms,ms,19,50
Atlas,f393bc3bb2ad,SVG,comparison-instrument-2026-10-06T15-51-13.379Z,mixed-3000-seed-41544c53,zoom,camera_api_sync_ms,ms,19,0
Atlas,f393bc3bb2ad,SVG,comparison-instrument-2026-10-06T15-51-13.379Z,mixed-3000-seed-41544c53,zoom,frame_interval_ms,ms,20,50
Atlas,f393bc3bb2ad,SVG,comparison-instrument-2026-10-06T15-51-13.379Z,mixed-3000-seed-41544c53,zoom,camera_api_sync_ms,ms,20,0.09999990463256836
Atlas,f393bc3bb2ad,SVG,comparison-instrument-2026-10-06T15-51-13.379Z,mixed-3000-seed-41544c53,zoom,frame_interval_ms,ms,21,50
Atlas,f393bc3bb2ad,SVG,comparison-instrument-2026-10-06T15-51-13.379Z,mixed-3000-seed-41544c53,zoom,camera_api_sync_ms,ms,21,0.10000014305114746
Atlas,f393bc3bb2ad,SVG,comparison-instrument-2026-10-06T15-51-13.379Z,mixed-3000-seed-41544c53,zoom,frame_interval_ms,ms,22,50
Atlas,f393bc3bb2ad,SVG,comparison-instrument-2026-10-06T15-51-13.379Z,mixed-3000-seed-41544c53,zoom,camera_api_sync_ms,ms,22,0
Atlas,f393bc3bb2ad,SVG,comparison-instrument-2026-10-06T15-51-13.379Z,mixed-3000-seed-41544c53,zoom,frame_interval_ms,ms,23,66.59999999997672
Atlas,f393bc3bb2ad,SVG,comparison-instrument-2026-10-06T15-51-13.379Z,mixed-3000-seed-41544c53,zoom,camera_api_sync_ms,ms,23,0
Atlas,f393bc3bb2ad,SVG,comparison-instrument-2026-10-06T15-51-13.379Z,mixed-3000-seed-41544c53,zoom,frame_interval_ms,ms,24,50.09999999997672
Atlas,f393bc3bb2ad,SVG,comparison-instrument-2026-10-06T15-51-13.379Z,mixed-3000-seed-41544c53,zoom,camera_api_sync_ms,ms,24,0
Atlas,f393bc3bb2ad,SVG,comparison-instrument-2026-10-06T15-51-13.379Z,mixed-3000-seed-41544c53,zoom,frame_interval_ms,ms,25,66.59999999997672
Atlas,f393bc3bb2ad,SVG,comparison-instrument-2026-10-06T15-51-13.379Z,mixed-3000-seed-41544c53,zoom,camera_api_sync_ms,ms,25,0.09999990463256836
Atlas,f393bc3bb2ad,SVG,comparison-instrument-2026-10-06T15-51-13.379Z,mixed-3000-seed-41544c53,zoom,frame_interval_ms,ms,26,50
Atlas,f393bc3bb2ad,SVG,comparison-instrument-2026-10-06T15-51-13.379Z,mixed-3000-seed-41544c53,zoom,camera_api_sync_ms,ms,26,0.09999990463256836
Atlas,f393bc3bb2ad,SVG,comparison-instrument-2026-10-06T15-51-13.379Z,mixed-3000-seed-41544c53,zoom,frame_interval_ms,ms,27,66.70000000006985
Atlas,f393bc3bb2ad,SVG,comparison-instrument-2026-10-06T15-51-13.379Z,mixed-3000-seed-41544c53,zoom,camera_api_sync_ms,ms,27,0
Atlas,f393bc3bb2ad,SVG,comparison-instrument-2026-10-06T15-51-13.379Z,mixed-3000-seed-41544c53,zoom,frame_interval_ms,ms,28,50
Atlas,f393bc3bb2ad,SVG,comparison-instrument-2026-10-06T15-51-13.379Z,mixed-3000-seed-41544c53,zoom,camera_api_sync_ms,ms,28,0
Atlas,f393bc3bb2ad,SVG,comparison-instrument-2026-10-06T15-51-13.379Z,mixed-3000-seed-41544c53,zoom,motion_elapsed_ms,ms,0,1516.7000000000698
Atlas,f393bc3bb2ad,SVG,comparison-instrument-2026-10-06T15-51-13.379Z,mixed-3000-seed-41544c53,zoom,camera_updates,count,0,29
Atlas,f393bc3bb2ad,SVG,comparison-instrument-2026-10-06T15-51-13.379Z,mixed-3000-seed-41544c53,zoom,svg_attribute_writes,count,0,435087
Atlas,f393bc3bb2ad,SVG,comparison-instrument-2026-10-06T15-51-13.379Z,mixed-3000-seed-41544c53,zoom,svg_attribute_removals,count,0,208800
Atlas,f393bc3bb2ad,SVG,comparison-instrument-2026-10-06T15-51-13.379Z,mixed-3000-seed-41544c53,zoom,dom_added_nodes,count,0,0
Atlas,f393bc3bb2ad,SVG,comparison-instrument-2026-10-06T15-51-13.379Z,mixed-3000-seed-41544c53,zoom,dom_removed_nodes,count,0,0
Leaflet,1.9.4,SVG,comparison-instrument-2026-10-06T15-51-13.379Z,mixed-3000-seed-41544c53,zoom,frame_interval_ms,ms,0,16.70000000006985
Leaflet,1.9.4,SVG,comparison-instrument-2026-10-06T15-51-13.379Z,mixed-3000-seed-41544c53,zoom,camera_api_sync_ms,ms,0,30.899999856948853
Leaflet,1.9.4,SVG,comparison-instrument-2026-10-06T15-51-13.379Z,mixed-3000-seed-41544c53,zoom,frame_interval_ms,ms,1,50
Leaflet,1.9.4,SVG,comparison-instrument-2026-10-06T15-51-13.379Z,mixed-3000-seed-41544c53,zoom,camera_api_sync_ms,ms,1,38.700000047683716
Leaflet,1.9.4,SVG,comparison-instrument-2026-10-06T15-51-13.379Z,mixed-3000-seed-41544c53,zoom,frame_interval_ms,ms,2,66.69999999995343
Leaflet,1.9.4,SVG,comparison-instrument-2026-10-06T15-51-13.379Z,mixed-3000-seed-41544c53,zoom,camera_api_sync_ms,ms,2,34
Leaflet,1.9.4,SVG,comparison-instrument-2026-10-06T15-51-13.379Z,mixed-3000-seed-41544c53,zoom,frame_interval_ms,ms,3,66.59999999997672
Leaflet,1.9.4,SVG,comparison-instrument-2026-10-06T15-51-13.379Z,mixed-3000-seed-41544c53,zoom,camera_api_sync_ms,ms,3,34.799999952316284
Leaflet,1.9.4,SVG,comparison-instrument-2026-10-06T15-51-13.379Z,mixed-3000-seed-41544c53,zoom,frame_interval_ms,ms,4,65.70000000006985
Leaflet,1.9.4,SVG,comparison-instrument-2026-10-06T15-51-13.379Z,mixed-3000-seed-41544c53,zoom,camera_api_sync_ms,ms,4,30.40000009536743
Leaflet,1.9.4,SVG,comparison-instrument-2026-10-06T15-51-13.379Z,mixed-3000-seed-41544c53,zoom,frame_interval_ms,ms,5,51
Leaflet,1.9.4,SVG,comparison-instrument-2026-10-06T15-51-13.379Z,mixed-3000-seed-41544c53,zoom,camera_api_sync_ms,ms,5,28.59999990463257
Leaflet,1.9.4,SVG,comparison-instrument-2026-10-06T15-51-13.379Z,mixed-3000-seed-41544c53,zoom,frame_interval_ms,ms,6,50
Leaflet,1.9.4,SVG,comparison-instrument-2026-10-06T15-51-13.379Z,mixed-3000-seed-41544c53,zoom,camera_api_sync_ms,ms,6,35.39999985694885
Leaflet,1.9.4,SVG,comparison-instrument-2026-10-06T15-51-13.379Z,mixed-3000-seed-41544c53,zoom,frame_interval_ms,ms,7,66.69999999995343
Leaflet,1.9.4,SVG,comparison-instrument-2026-10-06T15-51-13.379Z,mixed-3000-seed-41544c53,zoom,camera_api_sync_ms,ms,7,27.5
Leaflet,1.9.4,SVG,comparison-instrument-2026-10-06T15-51-13.379Z,mixed-3000-seed-41544c53,zoom,frame_interval_ms,ms,8,49.699999999953434
Leaflet,1.9.4,SVG,comparison-instrument-2026-10-06T15-51-13.379Z,mixed-3000-seed-41544c53,zoom,camera_api_sync_ms,ms,8,28.700000047683716
Leaflet,1.9.4,SVG,comparison-instrument-2026-10-06T15-51-13.379Z,mixed-3000-seed-41544c53,zoom,frame_interval_ms,ms,9,66.90000000002328
Leaflet,1.9.4,SVG,comparison-instrument-2026-10-06T15-51-13.379Z,mixed-3000-seed-41544c53,zoom,camera_api_sync_ms,ms,9,24
Leaflet,1.9.4,SVG,comparison-instrument-2026-10-06T15-51-13.379Z,mixed-3000-seed-41544c53,zoom,frame_interval_ms,ms,10,33.300000000046566
Leaflet,1.9.4,SVG,comparison-instrument-2026-10-06T15-51-13.379Z,mixed-3000-seed-41544c53,zoom,camera_api_sync_ms,ms,10,22.5
Leaflet,1.9.4,SVG,comparison-instrument-2026-10-06T15-51-13.379Z,mixed-3000-seed-41544c53,zoom,frame_interval_ms,ms,11,50
Leaflet,1.9.4,SVG,comparison-instrument-2026-10-06T15-51-13.379Z,mixed-3000-seed-41544c53,zoom,camera_api_sync_ms,ms,11,25.100000143051147
Leaflet,1.9.4,SVG,comparison-instrument-2026-10-06T15-51-13.379Z,mixed-3000-seed-41544c53,zoom,frame_interval_ms,ms,12,50
Leaflet,1.9.4,SVG,comparison-instrument-2026-10-06T15-51-13.379Z,mixed-3000-seed-41544c53,zoom,camera_api_sync_ms,ms,12,21.399999856948853
Leaflet,1.9.4,SVG,comparison-instrument-2026-10-06T15-51-13.379Z,mixed-3000-seed-41544c53,zoom,frame_interval_ms,ms,13,50.09999999997672
Leaflet,1.9.4,SVG,comparison-instrument-2026-10-06T15-51-13.379Z,mixed-3000-seed-41544c53,zoom,camera_api_sync_ms,ms,13,19.5
Leaflet,1.9.4,SVG,comparison-instrument-2026-10-06T15-51-13.379Z,mixed-3000-seed-41544c53,zoom,frame_interval_ms,ms,14,33.300000000046566
Leaflet,1.9.4,SVG,comparison-instrument-2026-10-06T15-51-13.379Z,mixed-3000-seed-41544c53,zoom,camera_api_sync_ms,ms,14,22.100000143051147
Leaflet,1.9.4,SVG,comparison-instrument-2026-10-06T15-51-13.379Z,mixed-3000-seed-41544c53,zoom,frame_interval_ms,ms,15,49
Leaflet,1.9.4,SVG,comparison-instrument-2026-10-06T15-51-13.379Z,mixed-3000-seed-41544c53,zoom,camera_api_sync_ms,ms,15,18.600000143051147
Leaflet,1.9.4,SVG,comparison-instrument-2026-10-06T15-51-13.379Z,mixed-3000-seed-41544c53,zoom,frame_interval_ms,ms,16,33.29999999993015
Leaflet,1.9.4,SVG,comparison-instrument-2026-10-06T15-51-13.379Z,mixed-3000-seed-41544c53,zoom,camera_api_sync_ms,ms,16,18.700000047683716
Leaflet,1.9.4,SVG,comparison-instrument-2026-10-06T15-51-13.379Z,mixed-3000-seed-41544c53,zoom,frame_interval_ms,ms,17,33.40000000002328
Leaflet,1.9.4,SVG,comparison-instrument-2026-10-06T15-51-13.379Z,mixed-3000-seed-41544c53,zoom,camera_api_sync_ms,ms,17,20.799999952316284
Leaflet,1.9.4,SVG,comparison-instrument-2026-10-06T15-51-13.379Z,mixed-3000-seed-41544c53,zoom,frame_interval_ms,ms,18,50
Leaflet,1.9.4,SVG,comparison-instrument-2026-10-06T15-51-13.379Z,mixed-3000-seed-41544c53,zoom,camera_api_sync_ms,ms,18,27.399999856948853
Leaflet,1.9.4,SVG,comparison-instrument-2026-10-06T15-51-13.379Z,mixed-3000-seed-41544c53,zoom,frame_interval_ms,ms,19,50
Leaflet,1.9.4,SVG,comparison-instrument-2026-10-06T15-51-13.379Z,mixed-3000-seed-41544c53,zoom,camera_api_sync_ms,ms,19,21.09999990463257
Leaflet,1.9.4,SVG,comparison-instrument-2026-10-06T15-51-13.379Z,mixed-3000-seed-41544c53,zoom,frame_interval_ms,ms,20,50.90000000002328
Leaflet,1.9.4,SVG,comparison-instrument-2026-10-06T15-51-13.379Z,mixed-3000-seed-41544c53,zoom,camera_api_sync_ms,ms,20,24.600000143051147
Leaflet,1.9.4,SVG,comparison-instrument-2026-10-06T15-51-13.379Z,mixed-3000-seed-41544c53,zoom,frame_interval_ms,ms,21,49.09999999997672
Leaflet,1.9.4,SVG,comparison-instrument-2026-10-06T15-51-13.379Z,mixed-3000-seed-41544c53,zoom,camera_api_sync_ms,ms,21,24.09999990463257
Leaflet,1.9.4,SVG,comparison-instrument-2026-10-06T15-51-13.379Z,mixed-3000-seed-41544c53,zoom,frame_interval_ms,ms,22,50
Leaflet,1.9.4,SVG,comparison-instrument-2026-10-06T15-51-13.379Z,mixed-3000-seed-41544c53,zoom,camera_api_sync_ms,ms,22,23.600000143051147
Leaflet,1.9.4,SVG,comparison-instrument-2026-10-06T15-51-13.379Z,mixed-3000-seed-41544c53,zoom,frame_interval_ms,ms,23,50.90000000002328
Leaflet,1.9.4,SVG,comparison-instrument-2026-10-06T15-51-13.379Z,mixed-3000-seed-41544c53,zoom,camera_api_sync_ms,ms,23,28
Leaflet,1.9.4,SVG,comparison-instrument-2026-10-06T15-51-13.379Z,mixed-3000-seed-41544c53,zoom,frame_interval_ms,ms,24,50
Leaflet,1.9.4,SVG,comparison-instrument-2026-10-06T15-51-13.379Z,mixed-3000-seed-41544c53,zoom,camera_api_sync_ms,ms,24,27.59999990463257
Leaflet,1.9.4,SVG,comparison-instrument-2026-10-06T15-51-13.379Z,mixed-3000-seed-41544c53,zoom,frame_interval_ms,ms,25,50
Leaflet,1.9.4,SVG,comparison-instrument-2026-10-06T15-51-13.379Z,mixed-3000-seed-41544c53,zoom,camera_api_sync_ms,ms,25,29.40000009536743
Leaflet,1.9.4,SVG,comparison-instrument-2026-10-06T15-51-13.379Z,mixed-3000-seed-41544c53,zoom,frame_interval_ms,ms,26,50.09999999997672
Leaflet,1.9.4,SVG,comparison-instrument-2026-10-06T15-51-13.379Z,mixed-3000-seed-41544c53,zoom,camera_api_sync_ms,ms,26,31.799999952316284
Leaflet,1.9.4,SVG,comparison-instrument-2026-10-06T15-51-13.379Z,mixed-3000-seed-41544c53,zoom,frame_interval_ms,ms,27,66.59999999997672
Leaflet,1.9.4,SVG,comparison-instrument-2026-10-06T15-51-13.379Z,mixed-3000-seed-41544c53,zoom,camera_api_sync_ms,ms,27,28.200000047683716
Leaflet,1.9.4,SVG,comparison-instrument-2026-10-06T15-51-13.379Z,mixed-3000-seed-41544c53,zoom,frame_interval_ms,ms,28,49
Leaflet,1.9.4,SVG,comparison-instrument-2026-10-06T15-51-13.379Z,mixed-3000-seed-41544c53,zoom,camera_api_sync_ms,ms,28,30.899999856948853
Leaflet,1.9.4,SVG,comparison-instrument-2026-10-06T15-51-13.379Z,mixed-3000-seed-41544c53,zoom,frame_interval_ms,ms,29,50.09999999997672
Leaflet,1.9.4,SVG,comparison-instrument-2026-10-06T15-51-13.379Z,mixed-3000-seed-41544c53,zoom,camera_api_sync_ms,ms,29,24.700000047683716
Leaflet,1.9.4,SVG,comparison-instrument-2026-10-06T15-51-13.379Z,mixed-3000-seed-41544c53,zoom,frame_interval_ms,ms,30,49.90000000002328
Leaflet,1.9.4,SVG,comparison-instrument-2026-10-06T15-51-13.379Z,mixed-3000-seed-41544c53,zoom,camera_api_sync_ms,ms,30,23.799999952316284
Leaflet,1.9.4,SVG,comparison-instrument-2026-10-06T15-51-13.379Z,mixed-3000-seed-41544c53,zoom,motion_elapsed_ms,ms,0,1549
Leaflet,1.9.4,SVG,comparison-instrument-2026-10-06T15-51-13.379Z,mixed-3000-seed-41544c53,zoom,camera_updates,count,0,31
Leaflet,1.9.4,SVG,comparison-instrument-2026-10-06T15-51-13.379Z,mixed-3000-seed-41544c53,zoom,svg_attribute_writes,count,0,669662
Leaflet,1.9.4,SVG,comparison-instrument-2026-10-06T15-51-13.379Z,mixed-3000-seed-41544c53,zoom,svg_attribute_removals,count,0,0
Leaflet,1.9.4,SVG,comparison-instrument-2026-10-06T15-51-13.379Z,mixed-3000-seed-41544c53,zoom,dom_added_nodes,count,0,0
Leaflet,1.9.4,SVG,comparison-instrument-2026-10-06T15-51-13.379Z,mixed-3000-seed-41544c53,zoom,dom_removed_nodes,count,0,0
Leaflet,1.9.4,Canvas,comparison-instrument-2026-10-06T15-51-13.379Z,mixed-3000-seed-41544c53,zoom,frame_interval_ms,ms,0,17.599999999976717
Leaflet,1.9.4,Canvas,comparison-instrument-2026-10-06T15-51-13.379Z,mixed-3000-seed-41544c53,zoom,camera_api_sync_ms,ms,0,9.900000095367432
Leaflet,1.9.4,Canvas,comparison-instrument-2026-10-06T15-51-13.379Z,mixed-3000-seed-41544c53,zoom,frame_interval_ms,ms,1,50
Leaflet,1.9.4,Canvas,comparison-instrument-2026-10-06T15-51-13.379Z,mixed-3000-seed-41544c53,zoom,camera_api_sync_ms,ms,1,12.900000095367432
Leaflet,1.9.4,Canvas,comparison-instrument-2026-10-06T15-51-13.379Z,mixed-3000-seed-41544c53,zoom,frame_interval_ms,ms,2,65.69999999995343
Leaflet,1.9.4,Canvas,comparison-instrument-2026-10-06T15-51-13.379Z,mixed-3000-seed-41544c53,zoom,camera_api_sync_ms,ms,2,8.799999952316284
Leaflet,1.9.4,Canvas,comparison-instrument-2026-10-06T15-51-13.379Z,mixed-3000-seed-41544c53,zoom,frame_interval_ms,ms,3,51
Leaflet,1.9.4,Canvas,comparison-instrument-2026-10-06T15-51-13.379Z,mixed-3000-seed-41544c53,zoom,camera_api_sync_ms,ms,3,9
Leaflet,1.9.4,Canvas,comparison-instrument-2026-10-06T15-51-13.379Z,mixed-3000-seed-41544c53,zoom,frame_interval_ms,ms,4,65.70000000006985
Leaflet,1.9.4,Canvas,comparison-instrument-2026-10-06T15-51-13.379Z,mixed-3000-seed-41544c53,zoom,camera_api_sync_ms,ms,4,8.5
Leaflet,1.9.4,Canvas,comparison-instrument-2026-10-06T15-51-13.379Z,mixed-3000-seed-41544c53,zoom,frame_interval_ms,ms,5,50.89999999990687
Leaflet,1.9.4,Canvas,comparison-instrument-2026-10-06T15-51-13.379Z,mixed-3000-seed-41544c53,zoom,camera_api_sync_ms,ms,5,15.5
Leaflet,1.9.4,Canvas,comparison-instrument-2026-10-06T15-51-13.379Z,mixed-3000-seed-41544c53,zoom,frame_interval_ms,ms,6,66.70000000006985
Leaflet,1.9.4,Canvas,comparison-instrument-2026-10-06T15-51-13.379Z,mixed-3000-seed-41544c53,zoom,camera_api_sync_ms,ms,6,7.900000095367432
Leaflet,1.9.4,Canvas,comparison-instrument-2026-10-06T15-51-13.379Z,mixed-3000-seed-41544c53,zoom,frame_interval_ms,ms,7,32.40000000002328
Leaflet,1.9.4,Canvas,comparison-instrument-2026-10-06T15-51-13.379Z,mixed-3000-seed-41544c53,zoom,camera_api_sync_ms,ms,7,9.799999952316284
Leaflet,1.9.4,Canvas,comparison-instrument-2026-10-06T15-51-13.379Z,mixed-3000-seed-41544c53,zoom,frame_interval_ms,ms,8,51
Leaflet,1.9.4,Canvas,comparison-instrument-2026-10-06T15-51-13.379Z,mixed-3000-seed-41544c53,zoom,camera_api_sync_ms,ms,8,7.799999952316284
Leaflet,1.9.4,Canvas,comparison-instrument-2026-10-06T15-51-13.379Z,mixed-3000-seed-41544c53,zoom,frame_interval_ms,ms,9,32.29999999993015
Leaflet,1.9.4,Canvas,comparison-instrument-2026-10-06T15-51-13.379Z,mixed-3000-seed-41544c53,zoom,camera_api_sync_ms,ms,9,11.699999809265137
Leaflet,1.9.4,Canvas,comparison-instrument-2026-10-06T15-51-13.379Z,mixed-3000-seed-41544c53,zoom,frame_interval_ms,ms,10,34.300000000046566
Leaflet,1.9.4,Canvas,comparison-instrument-2026-10-06T15-51-13.379Z,mixed-3000-seed-41544c53,zoom,camera_api_sync_ms,ms,10,6.900000095367432
Leaflet,1.9.4,Canvas,comparison-instrument-2026-10-06T15-51-13.379Z,mixed-3000-seed-41544c53,zoom,frame_interval_ms,ms,11,32.40000000002328
Leaflet,1.9.4,Canvas,comparison-instrument-2026-10-06T15-51-13.379Z,mixed-3000-seed-41544c53,zoom,camera_api_sync_ms,ms,11,7.299999952316284
Leaflet,1.9.4,Canvas,comparison-instrument-2026-10-06T15-51-13.379Z,mixed-3000-seed-41544c53,zoom,frame_interval_ms,ms,12,33.39999999990687
Leaflet,1.9.4,Canvas,comparison-instrument-2026-10-06T15-51-13.379Z,mixed-3000-seed-41544c53,zoom,camera_api_sync_ms,ms,12,7.1000001430511475
Leaflet,1.9.4,Canvas,comparison-instrument-2026-10-06T15-51-13.379Z,mixed-3000-seed-41544c53,zoom,frame_interval_ms,ms,13,34.20000000006985
Leaflet,1.9.4,Canvas,comparison-instrument-2026-10-06T15-51-13.379Z,mixed-3000-seed-41544c53,zoom,camera_api_sync_ms,ms,13,8.599999904632568
Leaflet,1.9.4,Canvas,comparison-instrument-2026-10-06T15-51-13.379Z,mixed-3000-seed-41544c53,zoom,frame_interval_ms,ms,14,16.699999999953434
Leaflet,1.9.4,Canvas,comparison-instrument-2026-10-06T15-51-13.379Z,mixed-3000-seed-41544c53,zoom,camera_api_sync_ms,ms,14,6.400000095367432
Leaflet,1.9.4,Canvas,comparison-instrument-2026-10-06T15-51-13.379Z,mixed-3000-seed-41544c53,zoom,frame_interval_ms,ms,15,33.40000000002328
Leaflet,1.9.4,Canvas,comparison-instrument-2026-10-06T15-51-13.379Z,mixed-3000-seed-41544c53,zoom,camera_api_sync_ms,ms,15,6.400000095367432
Leaflet,1.9.4,Canvas,comparison-instrument-2026-10-06T15-51-13.379Z,mixed-3000-seed-41544c53,zoom,frame_interval_ms,ms,16,32.300000000046566
Leaflet,1.9.4,Canvas,comparison-instrument-2026-10-06T15-51-13.379Z,mixed-3000-seed-41544c53,zoom,camera_api_sync_ms,ms,16,7
Leaflet,1.9.4,Canvas,comparison-instrument-2026-10-06T15-51-13.379Z,mixed-3000-seed-41544c53,zoom,frame_interval_ms,ms,17,17.699999999953434
Leaflet,1.9.4,Canvas,comparison-instrument-2026-10-06T15-51-13.379Z,mixed-3000-seed-41544c53,zoom,camera_api_sync_ms,ms,17,9.800000190734863
Leaflet,1.9.4,Canvas,comparison-instrument-2026-10-06T15-51-13.379Z,mixed-3000-seed-41544c53,zoom,frame_interval_ms,ms,18,32.300000000046566
Leaflet,1.9.4,Canvas,comparison-instrument-2026-10-06T15-51-13.379Z,mixed-3000-seed-41544c53,zoom,camera_api_sync_ms,ms,18,6.299999952316284
Leaflet,1.9.4,Canvas,comparison-instrument-2026-10-06T15-51-13.379Z,mixed-3000-seed-41544c53,zoom,frame_interval_ms,ms,19,16.699999999953434
Leaflet,1.9.4,Canvas,comparison-instrument-2026-10-06T15-51-13.379Z,mixed-3000-seed-41544c53,zoom,camera_api_sync_ms,ms,19,6.700000047683716
Leaflet,1.9.4,Canvas,comparison-instrument-2026-10-06T15-51-13.379Z,mixed-3000-seed-41544c53,zoom,frame_interval_ms,ms,20,34.300000000046566
Leaflet,1.9.4,Canvas,comparison-instrument-2026-10-06T15-51-13.379Z,mixed-3000-seed-41544c53,zoom,camera_api_sync_ms,ms,20,6.6000001430511475
Leaflet,1.9.4,Canvas,comparison-instrument-2026-10-06T15-51-13.379Z,mixed-3000-seed-41544c53,zoom,frame_interval_ms,ms,21,15.699999999953434
Leaflet,1.9.4,Canvas,comparison-instrument-2026-10-06T15-51-13.379Z,mixed-3000-seed-41544c53,zoom,camera_api_sync_ms,ms,21,9.900000095367432
Leaflet,1.9.4,Canvas,comparison-instrument-2026-10-06T15-51-13.379Z,mixed-3000-seed-41544c53,zoom,frame_interval_ms,ms,22,33.300000000046566
Leaflet,1.9.4,Canvas,comparison-instrument-2026-10-06T15-51-13.379Z,mixed-3000-seed-41544c53,zoom,camera_api_sync_ms,ms,22,6.900000095367432
Leaflet,1.9.4,Canvas,comparison-instrument-2026-10-06T15-51-13.379Z,mixed-3000-seed-41544c53,zoom,frame_interval_ms,ms,23,17.599999999976717
Leaflet,1.9.4,Canvas,comparison-instrument-2026-10-06T15-51-13.379Z,mixed-3000-seed-41544c53,zoom,camera_api_sync_ms,ms,23,6.8999998569488525
Leaflet,1.9.4,Canvas,comparison-instrument-2026-10-06T15-51-13.379Z,mixed-3000-seed-41544c53,zoom,frame_interval_ms,ms,24,33.40000000002328
Leaflet,1.9.4,Canvas,comparison-instrument-2026-10-06T15-51-13.379Z,mixed-3000-seed-41544c53,zoom,camera_api_sync_ms,ms,24,6.800000190734863
Leaflet,1.9.4,Canvas,comparison-instrument-2026-10-06T15-51-13.379Z,mixed-3000-seed-41544c53,zoom,frame_interval_ms,ms,25,33.29999999993015
Leaflet,1.9.4,Canvas,comparison-instrument-2026-10-06T15-51-13.379Z,mixed-3000-seed-41544c53,zoom,camera_api_sync_ms,ms,25,9.5
Leaflet,1.9.4,Canvas,comparison-instrument-2026-10-06T15-51-13.379Z,mixed-3000-seed-41544c53,zoom,frame_interval_ms,ms,26,15.70000000006985
Leaflet,1.9.4,Canvas,comparison-instrument-2026-10-06T15-51-13.379Z,mixed-3000-seed-41544c53,zoom,camera_api_sync_ms,ms,26,6.700000047683716
Leaflet,1.9.4,Canvas,comparison-instrument-2026-10-06T15-51-13.379Z,mixed-3000-seed-41544c53,zoom,frame_interval_ms,ms,27,34.199999999953434
Leaflet,1.9.4,Canvas,comparison-instrument-2026-10-06T15-51-13.379Z,mixed-3000-seed-41544c53,zoom,camera_api_sync_ms,ms,27,7.200000047683716
Leaflet,1.9.4,Canvas,comparison-instrument-2026-10-06T15-51-13.379Z,mixed-3000-seed-41544c53,zoom,frame_interval_ms,ms,28,33.5
Leaflet,1.9.4,Canvas,comparison-instrument-2026-10-06T15-51-13.379Z,mixed-3000-seed-41544c53,zoom,camera_api_sync_ms,ms,28,6.700000047683716
Leaflet,1.9.4,Canvas,comparison-instrument-2026-10-06T15-51-13.379Z,mixed-3000-seed-41544c53,zoom,frame_interval_ms,ms,29,33.199999999953434
Leaflet,1.9.4,Canvas,comparison-instrument-2026-10-06T15-51-13.379Z,mixed-3000-seed-41544c53,zoom,camera_api_sync_ms,ms,29,6.900000095367432
Leaflet,1.9.4,Canvas,comparison-instrument-2026-10-06T15-51-13.379Z,mixed-3000-seed-41544c53,zoom,frame_interval_ms,ms,30,32.5
Leaflet,1.9.4,Canvas,comparison-instrument-2026-10-06T15-51-13.379Z,mixed-3000-seed-41544c53,zoom,camera_api_sync_ms,ms,30,10.100000143051147
Leaflet,1.9.4,Canvas,comparison-instrument-2026-10-06T15-51-13.379Z,mixed-3000-seed-41544c53,zoom,frame_interval_ms,ms,31,34.20000000006985
Leaflet,1.9.4,Canvas,comparison-instrument-2026-10-06T15-51-13.379Z,mixed-3000-seed-41544c53,zoom,camera_api_sync_ms,ms,31,7.299999952316284
Leaflet,1.9.4,Canvas,comparison-instrument-2026-10-06T15-51-13.379Z,mixed-3000-seed-41544c53,zoom,frame_interval_ms,ms,32,50
Leaflet,1.9.4,Canvas,comparison-instrument-2026-10-06T15-51-13.379Z,mixed-3000-seed-41544c53,zoom,camera_api_sync_ms,ms,32,7.3999998569488525
Leaflet,1.9.4,Canvas,comparison-instrument-2026-10-06T15-51-13.379Z,mixed-3000-seed-41544c53,zoom,frame_interval_ms,ms,33,33.40000000002328
Leaflet,1.9.4,Canvas,comparison-instrument-2026-10-06T15-51-13.379Z,mixed-3000-seed-41544c53,zoom,camera_api_sync_ms,ms,33,7.799999952316284
Leaflet,1.9.4,Canvas,comparison-instrument-2026-10-06T15-51-13.379Z,mixed-3000-seed-41544c53,zoom,frame_interval_ms,ms,34,49
Leaflet,1.9.4,Canvas,comparison-instrument-2026-10-06T15-51-13.379Z,mixed-3000-seed-41544c53,zoom,camera_api_sync_ms,ms,34,10.900000095367432
Leaflet,1.9.4,Canvas,comparison-instrument-2026-10-06T15-51-13.379Z,mixed-3000-seed-41544c53,zoom,frame_interval_ms,ms,35,50
Leaflet,1.9.4,Canvas,comparison-instrument-2026-10-06T15-51-13.379Z,mixed-3000-seed-41544c53,zoom,camera_api_sync_ms,ms,35,9
Leaflet,1.9.4,Canvas,comparison-instrument-2026-10-06T15-51-13.379Z,mixed-3000-seed-41544c53,zoom,frame_interval_ms,ms,36,67.59999999997672
Leaflet,1.9.4,Canvas,comparison-instrument-2026-10-06T15-51-13.379Z,mixed-3000-seed-41544c53,zoom,camera_api_sync_ms,ms,36,8.5
Leaflet,1.9.4,Canvas,comparison-instrument-2026-10-06T15-51-13.379Z,mixed-3000-seed-41544c53,zoom,frame_interval_ms,ms,37,50
Leaflet,1.9.4,Canvas,comparison-instrument-2026-10-06T15-51-13.379Z,mixed-3000-seed-41544c53,zoom,camera_api_sync_ms,ms,37,8.799999952316284
Leaflet,1.9.4,Canvas,comparison-instrument-2026-10-06T15-51-13.379Z,mixed-3000-seed-41544c53,zoom,frame_interval_ms,ms,38,50
Leaflet,1.9.4,Canvas,comparison-instrument-2026-10-06T15-51-13.379Z,mixed-3000-seed-41544c53,zoom,camera_api_sync_ms,ms,38,118.69999980926514
Leaflet,1.9.4,Canvas,comparison-instrument-2026-10-06T15-51-13.379Z,mixed-3000-seed-41544c53,zoom,frame_interval_ms,ms,39,166.69999999995343
Leaflet,1.9.4,Canvas,comparison-instrument-2026-10-06T15-51-13.379Z,mixed-3000-seed-41544c53,zoom,camera_api_sync_ms,ms,39,9.400000095367432
Leaflet,1.9.4,Canvas,comparison-instrument-2026-10-06T15-51-13.379Z,mixed-3000-seed-41544c53,zoom,motion_elapsed_ms,ms,0,1634.2999999999302
Leaflet,1.9.4,Canvas,comparison-instrument-2026-10-06T15-51-13.379Z,mixed-3000-seed-41544c53,zoom,camera_updates,count,0,40
Leaflet,1.9.4,Canvas,comparison-instrument-2026-10-06T15-51-13.379Z,mixed-3000-seed-41544c53,zoom,svg_attribute_writes,N/A,0,N/A
Leaflet,1.9.4,Canvas,comparison-instrument-2026-10-06T15-51-13.379Z,mixed-3000-seed-41544c53,zoom,svg_attribute_removals,N/A,0,N/A
Leaflet,1.9.4,Canvas,comparison-instrument-2026-10-06T15-51-13.379Z,mixed-3000-seed-41544c53,zoom,dom_added_nodes,N/A,0,N/A
Leaflet,1.9.4,Canvas,comparison-instrument-2026-10-06T15-51-13.379Z,mixed-3000-seed-41544c53,zoom,dom_removed_nodes,N/A,0,N/A
Atlas,f393bc3bb2ad,SVG,comparison-instrument-2026-10-06T15-51-13.379Z,mixed-3000-seed-41544c53,position-single,operation_sync_ms,ms,0,0
Atlas,f393bc3bb2ad,SVG,comparison-instrument-2026-10-06T15-51-13.379Z,mixed-3000-seed-41544c53,position-single,operation_to_raf_opportunities_ms,ms,0,34.700000047683716
Atlas,f393bc3bb2ad,SVG,comparison-instrument-2026-10-06T15-51-13.379Z,mixed-3000-seed-41544c53,position-single,svg_attribute_writes,count,0,15003
Atlas,f393bc3bb2ad,SVG,comparison-instrument-2026-10-06T15-51-13.379Z,mixed-3000-seed-41544c53,position-single,svg_attribute_removals,count,0,7200
Atlas,f393bc3bb2ad,SVG,comparison-instrument-2026-10-06T15-51-13.379Z,mixed-3000-seed-41544c53,position-single,dom_added_nodes,count,0,0
Atlas,f393bc3bb2ad,SVG,comparison-instrument-2026-10-06T15-51-13.379Z,mixed-3000-seed-41544c53,position-single,dom_removed_nodes,count,0,0
Leaflet,1.9.4,SVG,comparison-instrument-2026-10-06T15-51-13.379Z,mixed-3000-seed-41544c53,position-single,operation_sync_ms,ms,0,0.09999990463256836
Leaflet,1.9.4,SVG,comparison-instrument-2026-10-06T15-51-13.379Z,mixed-3000-seed-41544c53,position-single,operation_to_raf_opportunities_ms,ms,0,12.900000095367432
Leaflet,1.9.4,SVG,comparison-instrument-2026-10-06T15-51-13.379Z,mixed-3000-seed-41544c53,position-single,svg_attribute_writes,count,0,1
Leaflet,1.9.4,SVG,comparison-instrument-2026-10-06T15-51-13.379Z,mixed-3000-seed-41544c53,position-single,svg_attribute_removals,count,0,0
Leaflet,1.9.4,SVG,comparison-instrument-2026-10-06T15-51-13.379Z,mixed-3000-seed-41544c53,position-single,dom_added_nodes,count,0,0
Leaflet,1.9.4,SVG,comparison-instrument-2026-10-06T15-51-13.379Z,mixed-3000-seed-41544c53,position-single,dom_removed_nodes,count,0,0
Leaflet,1.9.4,Canvas,comparison-instrument-2026-10-06T15-51-13.379Z,mixed-3000-seed-41544c53,position-single,operation_sync_ms,ms,0,0
Leaflet,1.9.4,Canvas,comparison-instrument-2026-10-06T15-51-13.379Z,mixed-3000-seed-41544c53,position-single,operation_to_raf_opportunities_ms,ms,0,15.699999809265137
Leaflet,1.9.4,Canvas,comparison-instrument-2026-10-06T15-51-13.379Z,mixed-3000-seed-41544c53,position-single,svg_attribute_writes,N/A,0,N/A
Leaflet,1.9.4,Canvas,comparison-instrument-2026-10-06T15-51-13.379Z,mixed-3000-seed-41544c53,position-single,svg_attribute_removals,N/A,0,N/A
Leaflet,1.9.4,Canvas,comparison-instrument-2026-10-06T15-51-13.379Z,mixed-3000-seed-41544c53,position-single,dom_added_nodes,N/A,0,N/A
Leaflet,1.9.4,Canvas,comparison-instrument-2026-10-06T15-51-13.379Z,mixed-3000-seed-41544c53,position-single,dom_removed_nodes,N/A,0,N/A
Atlas,f393bc3bb2ad,SVG,comparison-instrument-2026-10-06T15-51-13.379Z,mixed-3000-seed-41544c53,position-series,operation_sync_ms,ms,0,0.19999980926513672
Atlas,f393bc3bb2ad,SVG,comparison-instrument-2026-10-06T15-51-13.379Z,mixed-3000-seed-41544c53,position-series,operation_to_raf_opportunities_ms,ms,0,36.299999952316284
Atlas,f393bc3bb2ad,SVG,comparison-instrument-2026-10-06T15-51-13.379Z,mixed-3000-seed-41544c53,position-series,svg_attribute_writes,count,0,15003
Atlas,f393bc3bb2ad,SVG,comparison-instrument-2026-10-06T15-51-13.379Z,mixed-3000-seed-41544c53,position-series,svg_attribute_removals,count,0,7200
Atlas,f393bc3bb2ad,SVG,comparison-instrument-2026-10-06T15-51-13.379Z,mixed-3000-seed-41544c53,position-series,dom_added_nodes,count,0,0
Atlas,f393bc3bb2ad,SVG,comparison-instrument-2026-10-06T15-51-13.379Z,mixed-3000-seed-41544c53,position-series,dom_removed_nodes,count,0,0
Leaflet,1.9.4,SVG,comparison-instrument-2026-10-06T15-51-13.379Z,mixed-3000-seed-41544c53,position-series,operation_sync_ms,ms,0,0.40000009536743164
Leaflet,1.9.4,SVG,comparison-instrument-2026-10-06T15-51-13.379Z,mixed-3000-seed-41544c53,position-series,operation_to_raf_opportunities_ms,ms,0,25
Leaflet,1.9.4,SVG,comparison-instrument-2026-10-06T15-51-13.379Z,mixed-3000-seed-41544c53,position-series,svg_attribute_writes,count,0,120
Leaflet,1.9.4,SVG,comparison-instrument-2026-10-06T15-51-13.379Z,mixed-3000-seed-41544c53,position-series,svg_attribute_removals,count,0,0
Leaflet,1.9.4,SVG,comparison-instrument-2026-10-06T15-51-13.379Z,mixed-3000-seed-41544c53,position-series,dom_added_nodes,count,0,0
Leaflet,1.9.4,SVG,comparison-instrument-2026-10-06T15-51-13.379Z,mixed-3000-seed-41544c53,position-series,dom_removed_nodes,count,0,0
Leaflet,1.9.4,Canvas,comparison-instrument-2026-10-06T15-51-13.379Z,mixed-3000-seed-41544c53,position-series,operation_sync_ms,ms,0,0.20000004768371582
Leaflet,1.9.4,Canvas,comparison-instrument-2026-10-06T15-51-13.379Z,mixed-3000-seed-41544c53,position-series,operation_to_raf_opportunities_ms,ms,0,45.200000047683716
Leaflet,1.9.4,Canvas,comparison-instrument-2026-10-06T15-51-13.379Z,mixed-3000-seed-41544c53,position-series,svg_attribute_writes,N/A,0,N/A
Leaflet,1.9.4,Canvas,comparison-instrument-2026-10-06T15-51-13.379Z,mixed-3000-seed-41544c53,position-series,svg_attribute_removals,N/A,0,N/A
Leaflet,1.9.4,Canvas,comparison-instrument-2026-10-06T15-51-13.379Z,mixed-3000-seed-41544c53,position-series,dom_added_nodes,N/A,0,N/A
Leaflet,1.9.4,Canvas,comparison-instrument-2026-10-06T15-51-13.379Z,mixed-3000-seed-41544c53,position-series,dom_removed_nodes,N/A,0,N/A
Atlas,f393bc3bb2ad,SVG,comparison-instrument-2026-10-06T15-51-13.379Z,mixed-3000-seed-41544c53,add-100,operation_sync_ms,ms,0,2.200000047683716
Atlas,f393bc3bb2ad,SVG,comparison-instrument-2026-10-06T15-51-13.379Z,mixed-3000-seed-41544c53,add-100,cumulative_operation_ms,ms,100,2.200000047683716
Atlas,f393bc3bb2ad,SVG,comparison-instrument-2026-10-06T15-51-13.379Z,mixed-3000-seed-41544c53,add-100,operation_to_raf_opportunities_ms,ms,0,43.10000014305115
Atlas,f393bc3bb2ad,SVG,comparison-instrument-2026-10-06T15-51-13.379Z,mixed-3000-seed-41544c53,add-100,svg_attribute_writes,count,0,15803
Atlas,f393bc3bb2ad,SVG,comparison-instrument-2026-10-06T15-51-13.379Z,mixed-3000-seed-41544c53,add-100,svg_attribute_removals,count,0,7300
Atlas,f393bc3bb2ad,SVG,comparison-instrument-2026-10-06T15-51-13.379Z,mixed-3000-seed-41544c53,add-100,dom_added_nodes,count,0,100
Atlas,f393bc3bb2ad,SVG,comparison-instrument-2026-10-06T15-51-13.379Z,mixed-3000-seed-41544c53,add-100,dom_removed_nodes,count,0,0
Leaflet,1.9.4,SVG,comparison-instrument-2026-10-06T15-51-13.379Z,mixed-3000-seed-41544c53,add-100,operation_sync_ms,ms,0,0.6000001430511475
Leaflet,1.9.4,SVG,comparison-instrument-2026-10-06T15-51-13.379Z,mixed-3000-seed-41544c53,add-100,cumulative_operation_ms,ms,100,0.6000001430511475
Leaflet,1.9.4,SVG,comparison-instrument-2026-10-06T15-51-13.379Z,mixed-3000-seed-41544c53,add-100,operation_to_raf_opportunities_ms,ms,0,24.90000009536743
Leaflet,1.9.4,SVG,comparison-instrument-2026-10-06T15-51-13.379Z,mixed-3000-seed-41544c53,add-100,svg_attribute_writes,count,0,900
Leaflet,1.9.4,SVG,comparison-instrument-2026-10-06T15-51-13.379Z,mixed-3000-seed-41544c53,add-100,svg_attribute_removals,count,0,200
Leaflet,1.9.4,SVG,comparison-instrument-2026-10-06T15-51-13.379Z,mixed-3000-seed-41544c53,add-100,dom_added_nodes,count,0,100
Leaflet,1.9.4,SVG,comparison-instrument-2026-10-06T15-51-13.379Z,mixed-3000-seed-41544c53,add-100,dom_removed_nodes,count,0,0
Leaflet,1.9.4,Canvas,comparison-instrument-2026-10-06T15-51-13.379Z,mixed-3000-seed-41544c53,add-100,operation_sync_ms,ms,0,0.2999999523162842
Leaflet,1.9.4,Canvas,comparison-instrument-2026-10-06T15-51-13.379Z,mixed-3000-seed-41544c53,add-100,cumulative_operation_ms,ms,100,0.2999999523162842
Leaflet,1.9.4,Canvas,comparison-instrument-2026-10-06T15-51-13.379Z,mixed-3000-seed-41544c53,add-100,operation_to_raf_opportunities_ms,ms,0,45.69999980926514
Leaflet,1.9.4,Canvas,comparison-instrument-2026-10-06T15-51-13.379Z,mixed-3000-seed-41544c53,add-100,svg_attribute_writes,N/A,0,N/A
Leaflet,1.9.4,Canvas,comparison-instrument-2026-10-06T15-51-13.379Z,mixed-3000-seed-41544c53,add-100,svg_attribute_removals,N/A,0,N/A
Leaflet,1.9.4,Canvas,comparison-instrument-2026-10-06T15-51-13.379Z,mixed-3000-seed-41544c53,add-100,dom_added_nodes,N/A,0,N/A
Leaflet,1.9.4,Canvas,comparison-instrument-2026-10-06T15-51-13.379Z,mixed-3000-seed-41544c53,add-100,dom_removed_nodes,N/A,0,N/A
Atlas,f393bc3bb2ad,SVG,comparison-instrument-2026-10-06T15-51-13.379Z,mixed-3000-seed-41544c53,add-500,operation_sync_ms,ms,0,16.299999952316284
Atlas,f393bc3bb2ad,SVG,comparison-instrument-2026-10-06T15-51-13.379Z,mixed-3000-seed-41544c53,add-500,cumulative_operation_ms,ms,100,2.0999999046325684
Atlas,f393bc3bb2ad,SVG,comparison-instrument-2026-10-06T15-51-13.379Z,mixed-3000-seed-41544c53,add-500,cumulative_operation_ms,ms,200,7.5
Atlas,f393bc3bb2ad,SVG,comparison-instrument-2026-10-06T15-51-13.379Z,mixed-3000-seed-41544c53,add-500,cumulative_operation_ms,ms,300,9.799999952316284
Atlas,f393bc3bb2ad,SVG,comparison-instrument-2026-10-06T15-51-13.379Z,mixed-3000-seed-41544c53,add-500,cumulative_operation_ms,ms,400,12.099999904632568
Atlas,f393bc3bb2ad,SVG,comparison-instrument-2026-10-06T15-51-13.379Z,mixed-3000-seed-41544c53,add-500,cumulative_operation_ms,ms,500,16.299999952316284
Atlas,f393bc3bb2ad,SVG,comparison-instrument-2026-10-06T15-51-13.379Z,mixed-3000-seed-41544c53,add-500,operation_to_raf_opportunities_ms,ms,0,67.29999995231628
Atlas,f393bc3bb2ad,SVG,comparison-instrument-2026-10-06T15-51-13.379Z,mixed-3000-seed-41544c53,add-500,svg_attribute_writes,count,0,19003
Atlas,f393bc3bb2ad,SVG,comparison-instrument-2026-10-06T15-51-13.379Z,mixed-3000-seed-41544c53,add-500,svg_attribute_removals,count,0,7700
Atlas,f393bc3bb2ad,SVG,comparison-instrument-2026-10-06T15-51-13.379Z,mixed-3000-seed-41544c53,add-500,dom_added_nodes,count,0,500
Atlas,f393bc3bb2ad,SVG,comparison-instrument-2026-10-06T15-51-13.379Z,mixed-3000-seed-41544c53,add-500,dom_removed_nodes,count,0,0
Leaflet,1.9.4,SVG,comparison-instrument-2026-10-06T15-51-13.379Z,mixed-3000-seed-41544c53,add-500,operation_sync_ms,ms,0,2.799999952316284
Leaflet,1.9.4,SVG,comparison-instrument-2026-10-06T15-51-13.379Z,mixed-3000-seed-41544c53,add-500,cumulative_operation_ms,ms,100,0.7999999523162842
Leaflet,1.9.4,SVG,comparison-instrument-2026-10-06T15-51-13.379Z,mixed-3000-seed-41544c53,add-500,cumulative_operation_ms,ms,200,1.2999999523162842
Leaflet,1.9.4,SVG,comparison-instrument-2026-10-06T15-51-13.379Z,mixed-3000-seed-41544c53,add-500,cumulative_operation_ms,ms,300,1.9000000953674316
Leaflet,1.9.4,SVG,comparison-instrument-2026-10-06T15-51-13.379Z,mixed-3000-seed-41544c53,add-500,cumulative_operation_ms,ms,400,2.299999952316284
Leaflet,1.9.4,SVG,comparison-instrument-2026-10-06T15-51-13.379Z,mixed-3000-seed-41544c53,add-500,cumulative_operation_ms,ms,500,2.799999952316284
Leaflet,1.9.4,SVG,comparison-instrument-2026-10-06T15-51-13.379Z,mixed-3000-seed-41544c53,add-500,operation_to_raf_opportunities_ms,ms,0,25.700000047683716
Leaflet,1.9.4,SVG,comparison-instrument-2026-10-06T15-51-13.379Z,mixed-3000-seed-41544c53,add-500,svg_attribute_writes,count,0,4500
Leaflet,1.9.4,SVG,comparison-instrument-2026-10-06T15-51-13.379Z,mixed-3000-seed-41544c53,add-500,svg_attribute_removals,count,0,1000
Leaflet,1.9.4,SVG,comparison-instrument-2026-10-06T15-51-13.379Z,mixed-3000-seed-41544c53,add-500,dom_added_nodes,count,0,500
Leaflet,1.9.4,SVG,comparison-instrument-2026-10-06T15-51-13.379Z,mixed-3000-seed-41544c53,add-500,dom_removed_nodes,count,0,0
Leaflet,1.9.4,Canvas,comparison-instrument-2026-10-06T15-51-13.379Z,mixed-3000-seed-41544c53,add-500,operation_sync_ms,ms,0,0.5
Leaflet,1.9.4,Canvas,comparison-instrument-2026-10-06T15-51-13.379Z,mixed-3000-seed-41544c53,add-500,cumulative_operation_ms,ms,100,0.09999990463256836
Leaflet,1.9.4,Canvas,comparison-instrument-2026-10-06T15-51-13.379Z,mixed-3000-seed-41544c53,add-500,cumulative_operation_ms,ms,200,0.20000004768371582
Leaflet,1.9.4,Canvas,comparison-instrument-2026-10-06T15-51-13.379Z,mixed-3000-seed-41544c53,add-500,cumulative_operation_ms,ms,300,0.2999999523162842
Leaflet,1.9.4,Canvas,comparison-instrument-2026-10-06T15-51-13.379Z,mixed-3000-seed-41544c53,add-500,cumulative_operation_ms,ms,400,0.5
Leaflet,1.9.4,Canvas,comparison-instrument-2026-10-06T15-51-13.379Z,mixed-3000-seed-41544c53,add-500,cumulative_operation_ms,ms,500,0.5
Leaflet,1.9.4,Canvas,comparison-instrument-2026-10-06T15-51-13.379Z,mixed-3000-seed-41544c53,add-500,operation_to_raf_opportunities_ms,ms,0,48.299999952316284
Leaflet,1.9.4,Canvas,comparison-instrument-2026-10-06T15-51-13.379Z,mixed-3000-seed-41544c53,add-500,svg_attribute_writes,N/A,0,N/A
Leaflet,1.9.4,Canvas,comparison-instrument-2026-10-06T15-51-13.379Z,mixed-3000-seed-41544c53,add-500,svg_attribute_removals,N/A,0,N/A
Leaflet,1.9.4,Canvas,comparison-instrument-2026-10-06T15-51-13.379Z,mixed-3000-seed-41544c53,add-500,dom_added_nodes,N/A,0,N/A
Leaflet,1.9.4,Canvas,comparison-instrument-2026-10-06T15-51-13.379Z,mixed-3000-seed-41544c53,add-500,dom_removed_nodes,N/A,0,N/A
Atlas,f393bc3bb2ad,SVG,comparison-instrument-2026-10-06T15-51-13.379Z,mixed-3000-seed-41544c53,add-1000,operation_sync_ms,ms,0,29.90000009536743
Atlas,f393bc3bb2ad,SVG,comparison-instrument-2026-10-06T15-51-13.379Z,mixed-3000-seed-41544c53,add-1000,cumulative_operation_ms,ms,100,2.299999952316284
Atlas,f393bc3bb2ad,SVG,comparison-instrument-2026-10-06T15-51-13.379Z,mixed-3000-seed-41544c53,add-1000,cumulative_operation_ms,ms,200,9.5
Atlas,f393bc3bb2ad,SVG,comparison-instrument-2026-10-06T15-51-13.379Z,mixed-3000-seed-41544c53,add-1000,cumulative_operation_ms,ms,300,11.799999952316284
Atlas,f393bc3bb2ad,SVG,comparison-instrument-2026-10-06T15-51-13.379Z,mixed-3000-seed-41544c53,add-1000,cumulative_operation_ms,ms,400,13.900000095367432
Atlas,f393bc3bb2ad,SVG,comparison-instrument-2026-10-06T15-51-13.379Z,mixed-3000-seed-41544c53,add-1000,cumulative_operation_ms,ms,500,17
Atlas,f393bc3bb2ad,SVG,comparison-instrument-2026-10-06T15-51-13.379Z,mixed-3000-seed-41544c53,add-1000,cumulative_operation_ms,ms,600,19.59999990463257
Atlas,f393bc3bb2ad,SVG,comparison-instrument-2026-10-06T15-51-13.379Z,mixed-3000-seed-41544c53,add-1000,cumulative_operation_ms,ms,700,22.09999990463257
Atlas,f393bc3bb2ad,SVG,comparison-instrument-2026-10-06T15-51-13.379Z,mixed-3000-seed-41544c53,add-1000,cumulative_operation_ms,ms,800,24.799999952316284
Atlas,f393bc3bb2ad,SVG,comparison-instrument-2026-10-06T15-51-13.379Z,mixed-3000-seed-41544c53,add-1000,cumulative_operation_ms,ms,900,27.40000009536743
Atlas,f393bc3bb2ad,SVG,comparison-instrument-2026-10-06T15-51-13.379Z,mixed-3000-seed-41544c53,add-1000,cumulative_operation_ms,ms,1000,29.90000009536743
Atlas,f393bc3bb2ad,SVG,comparison-instrument-2026-10-06T15-51-13.379Z,mixed-3000-seed-41544c53,add-1000,operation_to_raf_opportunities_ms,ms,0,79.70000004768372
Atlas,f393bc3bb2ad,SVG,comparison-instrument-2026-10-06T15-51-13.379Z,mixed-3000-seed-41544c53,add-1000,svg_attribute_writes,count,0,23003
Atlas,f393bc3bb2ad,SVG,comparison-instrument-2026-10-06T15-51-13.379Z,mixed-3000-seed-41544c53,add-1000,svg_attribute_removals,count,0,8200
Atlas,f393bc3bb2ad,SVG,comparison-instrument-2026-10-06T15-51-13.379Z,mixed-3000-seed-41544c53,add-1000,dom_added_nodes,count,0,1000
Atlas,f393bc3bb2ad,SVG,comparison-instrument-2026-10-06T15-51-13.379Z,mixed-3000-seed-41544c53,add-1000,dom_removed_nodes,count,0,0
Leaflet,1.9.4,SVG,comparison-instrument-2026-10-06T15-51-13.379Z,mixed-3000-seed-41544c53,add-1000,operation_sync_ms,ms,0,5.1000001430511475
Leaflet,1.9.4,SVG,comparison-instrument-2026-10-06T15-51-13.379Z,mixed-3000-seed-41544c53,add-1000,cumulative_operation_ms,ms,100,0.6000001430511475
Leaflet,1.9.4,SVG,comparison-instrument-2026-10-06T15-51-13.379Z,mixed-3000-seed-41544c53,add-1000,cumulative_operation_ms,ms,200,1.1000001430511475
Leaflet,1.9.4,SVG,comparison-instrument-2026-10-06T15-51-13.379Z,mixed-3000-seed-41544c53,add-1000,cumulative_operation_ms,ms,300,1.5
Leaflet,1.9.4,SVG,comparison-instrument-2026-10-06T15-51-13.379Z,mixed-3000-seed-41544c53,add-1000,cumulative_operation_ms,ms,400,2
Leaflet,1.9.4,SVG,comparison-instrument-2026-10-06T15-51-13.379Z,mixed-3000-seed-41544c53,add-1000,cumulative_operation_ms,ms,500,2.5
Leaflet,1.9.4,SVG,comparison-instrument-2026-10-06T15-51-13.379Z,mixed-3000-seed-41544c53,add-1000,cumulative_operation_ms,ms,600,3
Leaflet,1.9.4,SVG,comparison-instrument-2026-10-06T15-51-13.379Z,mixed-3000-seed-41544c53,add-1000,cumulative_operation_ms,ms,700,3.5
Leaflet,1.9.4,SVG,comparison-instrument-2026-10-06T15-51-13.379Z,mixed-3000-seed-41544c53,add-1000,cumulative_operation_ms,ms,800,4
Leaflet,1.9.4,SVG,comparison-instrument-2026-10-06T15-51-13.379Z,mixed-3000-seed-41544c53,add-1000,cumulative_operation_ms,ms,900,4.5
Leaflet,1.9.4,SVG,comparison-instrument-2026-10-06T15-51-13.379Z,mixed-3000-seed-41544c53,add-1000,cumulative_operation_ms,ms,1000,5.1000001430511475
Leaflet,1.9.4,SVG,comparison-instrument-2026-10-06T15-51-13.379Z,mixed-3000-seed-41544c53,add-1000,operation_to_raf_opportunities_ms,ms,0,27.600000143051147
Leaflet,1.9.4,SVG,comparison-instrument-2026-10-06T15-51-13.379Z,mixed-3000-seed-41544c53,add-1000,svg_attribute_writes,count,0,9000
Leaflet,1.9.4,SVG,comparison-instrument-2026-10-06T15-51-13.379Z,mixed-3000-seed-41544c53,add-1000,svg_attribute_removals,count,0,2000
Leaflet,1.9.4,SVG,comparison-instrument-2026-10-06T15-51-13.379Z,mixed-3000-seed-41544c53,add-1000,dom_added_nodes,count,0,1000
Leaflet,1.9.4,SVG,comparison-instrument-2026-10-06T15-51-13.379Z,mixed-3000-seed-41544c53,add-1000,dom_removed_nodes,count,0,0
Leaflet,1.9.4,Canvas,comparison-instrument-2026-10-06T15-51-13.379Z,mixed-3000-seed-41544c53,add-1000,operation_sync_ms,ms,0,0.9000000953674316
Leaflet,1.9.4,Canvas,comparison-instrument-2026-10-06T15-51-13.379Z,mixed-3000-seed-41544c53,add-1000,cumulative_operation_ms,ms,100,0.09999990463256836
Leaflet,1.9.4,Canvas,comparison-instrument-2026-10-06T15-51-13.379Z,mixed-3000-seed-41544c53,add-1000,cumulative_operation_ms,ms,200,0.20000004768371582
Leaflet,1.9.4,Canvas,comparison-instrument-2026-10-06T15-51-13.379Z,mixed-3000-seed-41544c53,add-1000,cumulative_operation_ms,ms,300,0.2999999523162842
Leaflet,1.9.4,Canvas,comparison-instrument-2026-10-06T15-51-13.379Z,mixed-3000-seed-41544c53,add-1000,cumulative_operation_ms,ms,400,0.40000009536743164
Leaflet,1.9.4,Canvas,comparison-instrument-2026-10-06T15-51-13.379Z,mixed-3000-seed-41544c53,add-1000,cumulative_operation_ms,ms,500,0.5
Leaflet,1.9.4,Canvas,comparison-instrument-2026-10-06T15-51-13.379Z,mixed-3000-seed-41544c53,add-1000,cumulative_operation_ms,ms,600,0.5
Leaflet,1.9.4,Canvas,comparison-instrument-2026-10-06T15-51-13.379Z,mixed-3000-seed-41544c53,add-1000,cumulative_operation_ms,ms,700,0.7000000476837158
Leaflet,1.9.4,Canvas,comparison-instrument-2026-10-06T15-51-13.379Z,mixed-3000-seed-41544c53,add-1000,cumulative_operation_ms,ms,800,0.7000000476837158
Leaflet,1.9.4,Canvas,comparison-instrument-2026-10-06T15-51-13.379Z,mixed-3000-seed-41544c53,add-1000,cumulative_operation_ms,ms,900,0.7999999523162842
Leaflet,1.9.4,Canvas,comparison-instrument-2026-10-06T15-51-13.379Z,mixed-3000-seed-41544c53,add-1000,cumulative_operation_ms,ms,1000,0.9000000953674316
Leaflet,1.9.4,Canvas,comparison-instrument-2026-10-06T15-51-13.379Z,mixed-3000-seed-41544c53,add-1000,operation_to_raf_opportunities_ms,ms,0,50.90000009536743
Leaflet,1.9.4,Canvas,comparison-instrument-2026-10-06T15-51-13.379Z,mixed-3000-seed-41544c53,add-1000,svg_attribute_writes,N/A,0,N/A
Leaflet,1.9.4,Canvas,comparison-instrument-2026-10-06T15-51-13.379Z,mixed-3000-seed-41544c53,add-1000,svg_attribute_removals,N/A,0,N/A
Leaflet,1.9.4,Canvas,comparison-instrument-2026-10-06T15-51-13.379Z,mixed-3000-seed-41544c53,add-1000,dom_added_nodes,N/A,0,N/A
Leaflet,1.9.4,Canvas,comparison-instrument-2026-10-06T15-51-13.379Z,mixed-3000-seed-41544c53,add-1000,dom_removed_nodes,N/A,0,N/A
Atlas,f393bc3bb2ad,SVG,comparison-instrument-2026-10-06T15-51-13.379Z,mixed-3000-seed-41544c53,remove-100,operation_sync_ms,ms,0,13.700000047683716
Atlas,f393bc3bb2ad,SVG,comparison-instrument-2026-10-06T15-51-13.379Z,mixed-3000-seed-41544c53,remove-100,cumulative_operation_ms,ms,100,13.700000047683716
Atlas,f393bc3bb2ad,SVG,comparison-instrument-2026-10-06T15-51-13.379Z,mixed-3000-seed-41544c53,remove-100,operation_to_raf_opportunities_ms,ms,0,55.10000014305115
Atlas,f393bc3bb2ad,SVG,comparison-instrument-2026-10-06T15-51-13.379Z,mixed-3000-seed-41544c53,remove-100,svg_attribute_writes,count,0,14513
Atlas,f393bc3bb2ad,SVG,comparison-instrument-2026-10-06T15-51-13.379Z,mixed-3000-seed-41544c53,remove-100,svg_attribute_removals,count,0,6965
Atlas,f393bc3bb2ad,SVG,comparison-instrument-2026-10-06T15-51-13.379Z,mixed-3000-seed-41544c53,remove-100,dom_added_nodes,count,0,0
Atlas,f393bc3bb2ad,SVG,comparison-instrument-2026-10-06T15-51-13.379Z,mixed-3000-seed-41544c53,remove-100,dom_removed_nodes,count,0,235
Leaflet,1.9.4,SVG,comparison-instrument-2026-10-06T15-51-13.379Z,mixed-3000-seed-41544c53,remove-100,operation_sync_ms,ms,0,0.5
Leaflet,1.9.4,SVG,comparison-instrument-2026-10-06T15-51-13.379Z,mixed-3000-seed-41544c53,remove-100,cumulative_operation_ms,ms,100,0.40000009536743164
Leaflet,1.9.4,SVG,comparison-instrument-2026-10-06T15-51-13.379Z,mixed-3000-seed-41544c53,remove-100,operation_to_raf_opportunities_ms,ms,0,14.099999904632568
Leaflet,1.9.4,SVG,comparison-instrument-2026-10-06T15-51-13.379Z,mixed-3000-seed-41544c53,remove-100,svg_attribute_writes,count,0,0
Leaflet,1.9.4,SVG,comparison-instrument-2026-10-06T15-51-13.379Z,mixed-3000-seed-41544c53,remove-100,svg_attribute_removals,count,0,0
Leaflet,1.9.4,SVG,comparison-instrument-2026-10-06T15-51-13.379Z,mixed-3000-seed-41544c53,remove-100,dom_added_nodes,count,0,0
Leaflet,1.9.4,SVG,comparison-instrument-2026-10-06T15-51-13.379Z,mixed-3000-seed-41544c53,remove-100,dom_removed_nodes,count,0,235
Leaflet,1.9.4,Canvas,comparison-instrument-2026-10-06T15-51-13.379Z,mixed-3000-seed-41544c53,remove-100,operation_sync_ms,ms,0,0.2999999523162842
Leaflet,1.9.4,Canvas,comparison-instrument-2026-10-06T15-51-13.379Z,mixed-3000-seed-41544c53,remove-100,cumulative_operation_ms,ms,100,0.19999980926513672
Leaflet,1.9.4,Canvas,comparison-instrument-2026-10-06T15-51-13.379Z,mixed-3000-seed-41544c53,remove-100,operation_to_raf_opportunities_ms,ms,0,41.39999985694885
Leaflet,1.9.4,Canvas,comparison-instrument-2026-10-06T15-51-13.379Z,mixed-3000-seed-41544c53,remove-100,svg_attribute_writes,N/A,0,N/A
Leaflet,1.9.4,Canvas,comparison-instrument-2026-10-06T15-51-13.379Z,mixed-3000-seed-41544c53,remove-100,svg_attribute_removals,N/A,0,N/A
Leaflet,1.9.4,Canvas,comparison-instrument-2026-10-06T15-51-13.379Z,mixed-3000-seed-41544c53,remove-100,dom_added_nodes,N/A,0,N/A
Leaflet,1.9.4,Canvas,comparison-instrument-2026-10-06T15-51-13.379Z,mixed-3000-seed-41544c53,remove-100,dom_removed_nodes,N/A,0,N/A
Atlas,f393bc3bb2ad,SVG,comparison-instrument-2026-10-06T15-51-13.379Z,mixed-3000-seed-41544c53,remove-500,operation_sync_ms,ms,0,48.5
Atlas,f393bc3bb2ad,SVG,comparison-instrument-2026-10-06T15-51-13.379Z,mixed-3000-seed-41544c53,remove-500,cumulative_operation_ms,ms,100,9.5
Atlas,f393bc3bb2ad,SVG,comparison-instrument-2026-10-06T15-51-13.379Z,mixed-3000-seed-41544c53,remove-500,cumulative_operation_ms,ms,200,20.600000143051147
Atlas,f393bc3bb2ad,SVG,comparison-instrument-2026-10-06T15-51-13.379Z,mixed-3000-seed-41544c53,remove-500,cumulative_operation_ms,ms,300,29.5
Atlas,f393bc3bb2ad,SVG,comparison-instrument-2026-10-06T15-51-13.379Z,mixed-3000-seed-41544c53,remove-500,cumulative_operation_ms,ms,400,38.30000019073486
Atlas,f393bc3bb2ad,SVG,comparison-instrument-2026-10-06T15-51-13.379Z,mixed-3000-seed-41544c53,remove-500,cumulative_operation_ms,ms,500,48.5
Atlas,f393bc3bb2ad,SVG,comparison-instrument-2026-10-06T15-51-13.379Z,mixed-3000-seed-41544c53,remove-500,operation_to_raf_opportunities_ms,ms,0,87.5
Atlas,f393bc3bb2ad,SVG,comparison-instrument-2026-10-06T15-51-13.379Z,mixed-3000-seed-41544c53,remove-500,svg_attribute_writes,count,0,12511
Atlas,f393bc3bb2ad,SVG,comparison-instrument-2026-10-06T15-51-13.379Z,mixed-3000-seed-41544c53,remove-500,svg_attribute_removals,count,0,6004
Atlas,f393bc3bb2ad,SVG,comparison-instrument-2026-10-06T15-51-13.379Z,mixed-3000-seed-41544c53,remove-500,dom_added_nodes,count,0,0
Atlas,f393bc3bb2ad,SVG,comparison-instrument-2026-10-06T15-51-13.379Z,mixed-3000-seed-41544c53,remove-500,dom_removed_nodes,count,0,1196
Leaflet,1.9.4,SVG,comparison-instrument-2026-10-06T15-51-13.379Z,mixed-3000-seed-41544c53,remove-500,operation_sync_ms,ms,0,1.7999999523162842
Leaflet,1.9.4,SVG,comparison-instrument-2026-10-06T15-51-13.379Z,mixed-3000-seed-41544c53,remove-500,cumulative_operation_ms,ms,100,0.39999985694885254
Leaflet,1.9.4,SVG,comparison-instrument-2026-10-06T15-51-13.379Z,mixed-3000-seed-41544c53,remove-500,cumulative_operation_ms,ms,200,0.7999999523162842
Leaflet,1.9.4,SVG,comparison-instrument-2026-10-06T15-51-13.379Z,mixed-3000-seed-41544c53,remove-500,cumulative_operation_ms,ms,300,1
Leaflet,1.9.4,SVG,comparison-instrument-2026-10-06T15-51-13.379Z,mixed-3000-seed-41544c53,remove-500,cumulative_operation_ms,ms,400,1.3999998569488525
Leaflet,1.9.4,SVG,comparison-instrument-2026-10-06T15-51-13.379Z,mixed-3000-seed-41544c53,remove-500,cumulative_operation_ms,ms,500,1.7999999523162842
Leaflet,1.9.4,SVG,comparison-instrument-2026-10-06T15-51-13.379Z,mixed-3000-seed-41544c53,remove-500,operation_to_raf_opportunities_ms,ms,0,11.399999856948853
Leaflet,1.9.4,SVG,comparison-instrument-2026-10-06T15-51-13.379Z,mixed-3000-seed-41544c53,remove-500,svg_attribute_writes,count,0,0
Leaflet,1.9.4,SVG,comparison-instrument-2026-10-06T15-51-13.379Z,mixed-3000-seed-41544c53,remove-500,svg_attribute_removals,count,0,0
Leaflet,1.9.4,SVG,comparison-instrument-2026-10-06T15-51-13.379Z,mixed-3000-seed-41544c53,remove-500,dom_added_nodes,count,0,0
Leaflet,1.9.4,SVG,comparison-instrument-2026-10-06T15-51-13.379Z,mixed-3000-seed-41544c53,remove-500,dom_removed_nodes,count,0,1196
Leaflet,1.9.4,Canvas,comparison-instrument-2026-10-06T15-51-13.379Z,mixed-3000-seed-41544c53,remove-500,operation_sync_ms,ms,0,0.7000000476837158
Leaflet,1.9.4,Canvas,comparison-instrument-2026-10-06T15-51-13.379Z,mixed-3000-seed-41544c53,remove-500,cumulative_operation_ms,ms,100,0.20000004768371582
Leaflet,1.9.4,Canvas,comparison-instrument-2026-10-06T15-51-13.379Z,mixed-3000-seed-41544c53,remove-500,cumulative_operation_ms,ms,200,0.2999999523162842
Leaflet,1.9.4,Canvas,comparison-instrument-2026-10-06T15-51-13.379Z,mixed-3000-seed-41544c53,remove-500,cumulative_operation_ms,ms,300,0.40000009536743164
Leaflet,1.9.4,Canvas,comparison-instrument-2026-10-06T15-51-13.379Z,mixed-3000-seed-41544c53,remove-500,cumulative_operation_ms,ms,400,0.5999999046325684
Leaflet,1.9.4,Canvas,comparison-instrument-2026-10-06T15-51-13.379Z,mixed-3000-seed-41544c53,remove-500,cumulative_operation_ms,ms,500,0.5999999046325684
Leaflet,1.9.4,Canvas,comparison-instrument-2026-10-06T15-51-13.379Z,mixed-3000-seed-41544c53,remove-500,operation_to_raf_opportunities_ms,ms,0,36.09999990463257
Leaflet,1.9.4,Canvas,comparison-instrument-2026-10-06T15-51-13.379Z,mixed-3000-seed-41544c53,remove-500,svg_attribute_writes,N/A,0,N/A
Leaflet,1.9.4,Canvas,comparison-instrument-2026-10-06T15-51-13.379Z,mixed-3000-seed-41544c53,remove-500,svg_attribute_removals,N/A,0,N/A
Leaflet,1.9.4,Canvas,comparison-instrument-2026-10-06T15-51-13.379Z,mixed-3000-seed-41544c53,remove-500,dom_added_nodes,N/A,0,N/A
Leaflet,1.9.4,Canvas,comparison-instrument-2026-10-06T15-51-13.379Z,mixed-3000-seed-41544c53,remove-500,dom_removed_nodes,N/A,0,N/A
Atlas,f393bc3bb2ad,SVG,comparison-instrument-2026-10-06T15-51-13.379Z,mixed-3000-seed-41544c53,remove-1000,operation_sync_ms,ms,0,88.70000004768372
Atlas,f393bc3bb2ad,SVG,comparison-instrument-2026-10-06T15-51-13.379Z,mixed-3000-seed-41544c53,remove-1000,cumulative_operation_ms,ms,100,9.700000047683716
Atlas,f393bc3bb2ad,SVG,comparison-instrument-2026-10-06T15-51-13.379Z,mixed-3000-seed-41544c53,remove-1000,cumulative_operation_ms,ms,200,24.200000047683716
Atlas,f393bc3bb2ad,SVG,comparison-instrument-2026-10-06T15-51-13.379Z,mixed-3000-seed-41544c53,remove-1000,cumulative_operation_ms,ms,300,33.30000019073486
Atlas,f393bc3bb2ad,SVG,comparison-instrument-2026-10-06T15-51-13.379Z,mixed-3000-seed-41544c53,remove-1000,cumulative_operation_ms,ms,400,42.200000047683716
Atlas,f393bc3bb2ad,SVG,comparison-instrument-2026-10-06T15-51-13.379Z,mixed-3000-seed-41544c53,remove-1000,cumulative_operation_ms,ms,500,50.5
Atlas,f393bc3bb2ad,SVG,comparison-instrument-2026-10-06T15-51-13.379Z,mixed-3000-seed-41544c53,remove-1000,cumulative_operation_ms,ms,600,59.40000009536743
Atlas,f393bc3bb2ad,SVG,comparison-instrument-2026-10-06T15-51-13.379Z,mixed-3000-seed-41544c53,remove-1000,cumulative_operation_ms,ms,700,67.10000014305115
Atlas,f393bc3bb2ad,SVG,comparison-instrument-2026-10-06T15-51-13.379Z,mixed-3000-seed-41544c53,remove-1000,cumulative_operation_ms,ms,800,74.60000014305115
Atlas,f393bc3bb2ad,SVG,comparison-instrument-2026-10-06T15-51-13.379Z,mixed-3000-seed-41544c53,remove-1000,cumulative_operation_ms,ms,900,81.60000014305115
Atlas,f393bc3bb2ad,SVG,comparison-instrument-2026-10-06T15-51-13.379Z,mixed-3000-seed-41544c53,remove-1000,cumulative_operation_ms,ms,1000,88.70000004768372
Atlas,f393bc3bb2ad,SVG,comparison-instrument-2026-10-06T15-51-13.379Z,mixed-3000-seed-41544c53,remove-1000,operation_to_raf_opportunities_ms,ms,0,119
Atlas,f393bc3bb2ad,SVG,comparison-instrument-2026-10-06T15-51-13.379Z,mixed-3000-seed-41544c53,remove-1000,svg_attribute_writes,count,0,10013
Atlas,f393bc3bb2ad,SVG,comparison-instrument-2026-10-06T15-51-13.379Z,mixed-3000-seed-41544c53,remove-1000,svg_attribute_removals,count,0,4805
Atlas,f393bc3bb2ad,SVG,comparison-instrument-2026-10-06T15-51-13.379Z,mixed-3000-seed-41544c53,remove-1000,dom_added_nodes,count,0,0
Atlas,f393bc3bb2ad,SVG,comparison-instrument-2026-10-06T15-51-13.379Z,mixed-3000-seed-41544c53,remove-1000,dom_removed_nodes,count,0,2395
Leaflet,1.9.4,SVG,comparison-instrument-2026-10-06T15-51-13.379Z,mixed-3000-seed-41544c53,remove-1000,operation_sync_ms,ms,0,3.3999998569488525
Leaflet,1.9.4,SVG,comparison-instrument-2026-10-06T15-51-13.379Z,mixed-3000-seed-41544c53,remove-1000,cumulative_operation_ms,ms,100,0.2999999523162842
Leaflet,1.9.4,SVG,comparison-instrument-2026-10-06T15-51-13.379Z,mixed-3000-seed-41544c53,remove-1000,cumulative_operation_ms,ms,200,0.6999998092651367
Leaflet,1.9.4,SVG,comparison-instrument-2026-10-06T15-51-13.379Z,mixed-3000-seed-41544c53,remove-1000,cumulative_operation_ms,ms,300,0.8999998569488525
Leaflet,1.9.4,SVG,comparison-instrument-2026-10-06T15-51-13.379Z,mixed-3000-seed-41544c53,remove-1000,cumulative_operation_ms,ms,400,1.2999999523162842
Leaflet,1.9.4,SVG,comparison-instrument-2026-10-06T15-51-13.379Z,mixed-3000-seed-41544c53,remove-1000,cumulative_operation_ms,ms,500,1.5999999046325684
Leaflet,1.9.4,SVG,comparison-instrument-2026-10-06T15-51-13.379Z,mixed-3000-seed-41544c53,remove-1000,cumulative_operation_ms,ms,600,1.8999998569488525
Leaflet,1.9.4,SVG,comparison-instrument-2026-10-06T15-51-13.379Z,mixed-3000-seed-41544c53,remove-1000,cumulative_operation_ms,ms,700,2.299999952316284
Leaflet,1.9.4,SVG,comparison-instrument-2026-10-06T15-51-13.379Z,mixed-3000-seed-41544c53,remove-1000,cumulative_operation_ms,ms,800,2.5999999046325684
Leaflet,1.9.4,SVG,comparison-instrument-2026-10-06T15-51-13.379Z,mixed-3000-seed-41544c53,remove-1000,cumulative_operation_ms,ms,900,3
Leaflet,1.9.4,SVG,comparison-instrument-2026-10-06T15-51-13.379Z,mixed-3000-seed-41544c53,remove-1000,cumulative_operation_ms,ms,1000,3.299999952316284
Leaflet,1.9.4,SVG,comparison-instrument-2026-10-06T15-51-13.379Z,mixed-3000-seed-41544c53,remove-1000,operation_to_raf_opportunities_ms,ms,0,12.799999952316284
Leaflet,1.9.4,SVG,comparison-instrument-2026-10-06T15-51-13.379Z,mixed-3000-seed-41544c53,remove-1000,svg_attribute_writes,count,0,0
Leaflet,1.9.4,SVG,comparison-instrument-2026-10-06T15-51-13.379Z,mixed-3000-seed-41544c53,remove-1000,svg_attribute_removals,count,0,0
Leaflet,1.9.4,SVG,comparison-instrument-2026-10-06T15-51-13.379Z,mixed-3000-seed-41544c53,remove-1000,dom_added_nodes,count,0,0
Leaflet,1.9.4,SVG,comparison-instrument-2026-10-06T15-51-13.379Z,mixed-3000-seed-41544c53,remove-1000,dom_removed_nodes,count,0,2395
Leaflet,1.9.4,Canvas,comparison-instrument-2026-10-06T15-51-13.379Z,mixed-3000-seed-41544c53,remove-1000,operation_sync_ms,ms,0,1.2000000476837158
Leaflet,1.9.4,Canvas,comparison-instrument-2026-10-06T15-51-13.379Z,mixed-3000-seed-41544c53,remove-1000,cumulative_operation_ms,ms,100,0.20000004768371582
Leaflet,1.9.4,Canvas,comparison-instrument-2026-10-06T15-51-13.379Z,mixed-3000-seed-41544c53,remove-1000,cumulative_operation_ms,ms,200,0.2999999523162842
Leaflet,1.9.4,Canvas,comparison-instrument-2026-10-06T15-51-13.379Z,mixed-3000-seed-41544c53,remove-1000,cumulative_operation_ms,ms,300,0.40000009536743164
Leaflet,1.9.4,Canvas,comparison-instrument-2026-10-06T15-51-13.379Z,mixed-3000-seed-41544c53,remove-1000,cumulative_operation_ms,ms,400,0.5
Leaflet,1.9.4,Canvas,comparison-instrument-2026-10-06T15-51-13.379Z,mixed-3000-seed-41544c53,remove-1000,cumulative_operation_ms,ms,500,0.5999999046325684
Leaflet,1.9.4,Canvas,comparison-instrument-2026-10-06T15-51-13.379Z,mixed-3000-seed-41544c53,remove-1000,cumulative_operation_ms,ms,600,0.7999999523162842
Leaflet,1.9.4,Canvas,comparison-instrument-2026-10-06T15-51-13.379Z,mixed-3000-seed-41544c53,remove-1000,cumulative_operation_ms,ms,700,0.7999999523162842
Leaflet,1.9.4,Canvas,comparison-instrument-2026-10-06T15-51-13.379Z,mixed-3000-seed-41544c53,remove-1000,cumulative_operation_ms,ms,800,0.9000000953674316
Leaflet,1.9.4,Canvas,comparison-instrument-2026-10-06T15-51-13.379Z,mixed-3000-seed-41544c53,remove-1000,cumulative_operation_ms,ms,900,1
Leaflet,1.9.4,Canvas,comparison-instrument-2026-10-06T15-51-13.379Z,mixed-3000-seed-41544c53,remove-1000,cumulative_operation_ms,ms,1000,1.0999999046325684
Leaflet,1.9.4,Canvas,comparison-instrument-2026-10-06T15-51-13.379Z,mixed-3000-seed-41544c53,remove-1000,operation_to_raf_opportunities_ms,ms,0,29.90000009536743
Leaflet,1.9.4,Canvas,comparison-instrument-2026-10-06T15-51-13.379Z,mixed-3000-seed-41544c53,remove-1000,svg_attribute_writes,N/A,0,N/A
Leaflet,1.9.4,Canvas,comparison-instrument-2026-10-06T15-51-13.379Z,mixed-3000-seed-41544c53,remove-1000,svg_attribute_removals,N/A,0,N/A
Leaflet,1.9.4,Canvas,comparison-instrument-2026-10-06T15-51-13.379Z,mixed-3000-seed-41544c53,remove-1000,dom_added_nodes,N/A,0,N/A
Leaflet,1.9.4,Canvas,comparison-instrument-2026-10-06T15-51-13.379Z,mixed-3000-seed-41544c53,remove-1000,dom_removed_nodes,N/A,0,N/A
Atlas,f393bc3bb2ad,SVG,comparison-instrument-2026-10-06T15-51-13.379Z,mixed-3000-seed-41544c53,route-update,operation_sync_ms,ms,0,0
Atlas,f393bc3bb2ad,SVG,comparison-instrument-2026-10-06T15-51-13.379Z,mixed-3000-seed-41544c53,route-update,operation_to_raf_opportunities_ms,ms,0,40.700000047683716
Atlas,f393bc3bb2ad,SVG,comparison-instrument-2026-10-06T15-51-13.379Z,mixed-3000-seed-41544c53,route-update,svg_attribute_writes,count,0,15017
Atlas,f393bc3bb2ad,SVG,comparison-instrument-2026-10-06T15-51-13.379Z,mixed-3000-seed-41544c53,route-update,svg_attribute_removals,count,0,7201
Atlas,f393bc3bb2ad,SVG,comparison-instrument-2026-10-06T15-51-13.379Z,mixed-3000-seed-41544c53,route-update,dom_added_nodes,count,0,2
Atlas,f393bc3bb2ad,SVG,comparison-instrument-2026-10-06T15-51-13.379Z,mixed-3000-seed-41544c53,route-update,dom_removed_nodes,count,0,1
Leaflet,1.9.4,SVG,comparison-instrument-2026-10-06T15-51-13.379Z,mixed-3000-seed-41544c53,route-update,operation_sync_ms,ms,0,12.5
Leaflet,1.9.4,SVG,comparison-instrument-2026-10-06T15-51-13.379Z,mixed-3000-seed-41544c53,route-update,operation_to_raf_opportunities_ms,ms,0,67.09999990463257
Leaflet,1.9.4,SVG,comparison-instrument-2026-10-06T15-51-13.379Z,mixed-3000-seed-41544c53,route-update,svg_attribute_writes,count,0,19
Leaflet,1.9.4,SVG,comparison-instrument-2026-10-06T15-51-13.379Z,mixed-3000-seed-41544c53,route-update,svg_attribute_removals,count,0,4
Leaflet,1.9.4,SVG,comparison-instrument-2026-10-06T15-51-13.379Z,mixed-3000-seed-41544c53,route-update,dom_added_nodes,count,0,7195
Leaflet,1.9.4,SVG,comparison-instrument-2026-10-06T15-51-13.379Z,mixed-3000-seed-41544c53,route-update,dom_removed_nodes,count,0,7194
Leaflet,1.9.4,Canvas,comparison-instrument-2026-10-06T15-51-13.379Z,mixed-3000-seed-41544c53,route-update,operation_sync_ms,ms,0,1.1000001430511475
Leaflet,1.9.4,Canvas,comparison-instrument-2026-10-06T15-51-13.379Z,mixed-3000-seed-41544c53,route-update,operation_to_raf_opportunities_ms,ms,0,43.90000009536743
Leaflet,1.9.4,Canvas,comparison-instrument-2026-10-06T15-51-13.379Z,mixed-3000-seed-41544c53,route-update,svg_attribute_writes,N/A,0,N/A
Leaflet,1.9.4,Canvas,comparison-instrument-2026-10-06T15-51-13.379Z,mixed-3000-seed-41544c53,route-update,svg_attribute_removals,N/A,0,N/A
Leaflet,1.9.4,Canvas,comparison-instrument-2026-10-06T15-51-13.379Z,mixed-3000-seed-41544c53,route-update,dom_added_nodes,N/A,0,N/A
Leaflet,1.9.4,Canvas,comparison-instrument-2026-10-06T15-51-13.379Z,mixed-3000-seed-41544c53,route-update,dom_removed_nodes,N/A,0,N/A
Atlas,f393bc3bb2ad,SVG,comparison-instrument-2026-10-06T15-51-13.379Z,mixed-3000-seed-41544c53,hit,spatial_hit_test_sync_ms,ms,0,0
Atlas,f393bc3bb2ad,SVG,comparison-instrument-2026-10-06T15-51-13.379Z,mixed-3000-seed-41544c53,hit,spatial_hit_test_sync_ms,ms,1,0.20000004768371582
Atlas,f393bc3bb2ad,SVG,comparison-instrument-2026-10-06T15-51-13.379Z,mixed-3000-seed-41544c53,hit,spatial_hit_test_sync_ms,ms,2,0
Atlas,f393bc3bb2ad,SVG,comparison-instrument-2026-10-06T15-51-13.379Z,mixed-3000-seed-41544c53,hit,spatial_hit_test_sync_ms,ms,3,0
Atlas,f393bc3bb2ad,SVG,comparison-instrument-2026-10-06T15-51-13.379Z,mixed-3000-seed-41544c53,hit,spatial_hit_test_sync_ms,ms,4,0.09999990463256836
Atlas,f393bc3bb2ad,SVG,comparison-instrument-2026-10-06T15-51-13.379Z,mixed-3000-seed-41544c53,hit,spatial_hit_test_sync_ms,ms,5,0
Atlas,f393bc3bb2ad,SVG,comparison-instrument-2026-10-06T15-51-13.379Z,mixed-3000-seed-41544c53,hit,spatial_hit_test_sync_ms,ms,6,0.10000014305114746
Atlas,f393bc3bb2ad,SVG,comparison-instrument-2026-10-06T15-51-13.379Z,mixed-3000-seed-41544c53,hit,spatial_hit_test_sync_ms,ms,7,0
Atlas,f393bc3bb2ad,SVG,comparison-instrument-2026-10-06T15-51-13.379Z,mixed-3000-seed-41544c53,hit,spatial_hit_test_sync_ms,ms,8,0.09999990463256836
Atlas,f393bc3bb2ad,SVG,comparison-instrument-2026-10-06T15-51-13.379Z,mixed-3000-seed-41544c53,hit,spatial_hit_test_sync_ms,ms,9,0
Atlas,f393bc3bb2ad,SVG,comparison-instrument-2026-10-06T15-51-13.379Z,mixed-3000-seed-41544c53,hit,spatial_hit_test_sync_ms,ms,10,0
Atlas,f393bc3bb2ad,SVG,comparison-instrument-2026-10-06T15-51-13.379Z,mixed-3000-seed-41544c53,hit,spatial_hit_test_sync_ms,ms,11,0.09999990463256836
Atlas,f393bc3bb2ad,SVG,comparison-instrument-2026-10-06T15-51-13.379Z,mixed-3000-seed-41544c53,hit,spatial_hit_test_sync_ms,ms,12,0
Atlas,f393bc3bb2ad,SVG,comparison-instrument-2026-10-06T15-51-13.379Z,mixed-3000-seed-41544c53,hit,spatial_hit_test_sync_ms,ms,13,0
Atlas,f393bc3bb2ad,SVG,comparison-instrument-2026-10-06T15-51-13.379Z,mixed-3000-seed-41544c53,hit,spatial_hit_test_sync_ms,ms,14,0.10000014305114746
Atlas,f393bc3bb2ad,SVG,comparison-instrument-2026-10-06T15-51-13.379Z,mixed-3000-seed-41544c53,hit,spatial_hit_test_sync_ms,ms,15,0
Atlas,f393bc3bb2ad,SVG,comparison-instrument-2026-10-06T15-51-13.379Z,mixed-3000-seed-41544c53,hit,spatial_hit_test_sync_ms,ms,16,0.09999990463256836
Atlas,f393bc3bb2ad,SVG,comparison-instrument-2026-10-06T15-51-13.379Z,mixed-3000-seed-41544c53,hit,spatial_hit_test_sync_ms,ms,17,0.10000014305114746
Atlas,f393bc3bb2ad,SVG,comparison-instrument-2026-10-06T15-51-13.379Z,mixed-3000-seed-41544c53,hit,spatial_hit_test_sync_ms,ms,18,0
Atlas,f393bc3bb2ad,SVG,comparison-instrument-2026-10-06T15-51-13.379Z,mixed-3000-seed-41544c53,hit,spatial_hit_test_sync_ms,ms,19,0
Atlas,f393bc3bb2ad,SVG,comparison-instrument-2026-10-06T15-51-13.379Z,mixed-3000-seed-41544c53,hit,spatial_hit_test_sync_ms,ms,20,0.09999990463256836
Atlas,f393bc3bb2ad,SVG,comparison-instrument-2026-10-06T15-51-13.379Z,mixed-3000-seed-41544c53,hit,spatial_hit_test_sync_ms,ms,21,0
Atlas,f393bc3bb2ad,SVG,comparison-instrument-2026-10-06T15-51-13.379Z,mixed-3000-seed-41544c53,hit,spatial_hit_test_sync_ms,ms,22,0
Atlas,f393bc3bb2ad,SVG,comparison-instrument-2026-10-06T15-51-13.379Z,mixed-3000-seed-41544c53,hit,spatial_hit_test_sync_ms,ms,23,0.09999990463256836
Atlas,f393bc3bb2ad,SVG,comparison-instrument-2026-10-06T15-51-13.379Z,mixed-3000-seed-41544c53,hit,spatial_hit_test_sync_ms,ms,24,0.10000014305114746
Atlas,f393bc3bb2ad,SVG,comparison-instrument-2026-10-06T15-51-13.379Z,mixed-3000-seed-41544c53,hit,spatial_hit_test_sync_ms,ms,25,0
Atlas,f393bc3bb2ad,SVG,comparison-instrument-2026-10-06T15-51-13.379Z,mixed-3000-seed-41544c53,hit,spatial_hit_test_sync_ms,ms,26,0
Atlas,f393bc3bb2ad,SVG,comparison-instrument-2026-10-06T15-51-13.379Z,mixed-3000-seed-41544c53,hit,spatial_hit_test_sync_ms,ms,27,0.09999990463256836
Atlas,f393bc3bb2ad,SVG,comparison-instrument-2026-10-06T15-51-13.379Z,mixed-3000-seed-41544c53,hit,spatial_hit_test_sync_ms,ms,28,0.10000014305114746
Atlas,f393bc3bb2ad,SVG,comparison-instrument-2026-10-06T15-51-13.379Z,mixed-3000-seed-41544c53,hit,spatial_hit_test_sync_ms,ms,29,0
Atlas,f393bc3bb2ad,SVG,comparison-instrument-2026-10-06T15-51-13.379Z,mixed-3000-seed-41544c53,hit,spatial_hit_test_sync_ms,ms,30,0.09999990463256836
Atlas,f393bc3bb2ad,SVG,comparison-instrument-2026-10-06T15-51-13.379Z,mixed-3000-seed-41544c53,hit,spatial_hit_test_sync_ms,ms,31,0
Atlas,f393bc3bb2ad,SVG,comparison-instrument-2026-10-06T15-51-13.379Z,mixed-3000-seed-41544c53,hit,spatial_hit_test_sync_ms,ms,32,0
Atlas,f393bc3bb2ad,SVG,comparison-instrument-2026-10-06T15-51-13.379Z,mixed-3000-seed-41544c53,hit,spatial_hit_test_sync_ms,ms,33,0
Atlas,f393bc3bb2ad,SVG,comparison-instrument-2026-10-06T15-51-13.379Z,mixed-3000-seed-41544c53,hit,spatial_hit_test_sync_ms,ms,34,0.09999990463256836
Atlas,f393bc3bb2ad,SVG,comparison-instrument-2026-10-06T15-51-13.379Z,mixed-3000-seed-41544c53,hit,spatial_hit_test_sync_ms,ms,35,0
Atlas,f393bc3bb2ad,SVG,comparison-instrument-2026-10-06T15-51-13.379Z,mixed-3000-seed-41544c53,hit,spatial_hit_test_sync_ms,ms,36,0.10000014305114746
Atlas,f393bc3bb2ad,SVG,comparison-instrument-2026-10-06T15-51-13.379Z,mixed-3000-seed-41544c53,hit,spatial_hit_test_sync_ms,ms,37,0
Atlas,f393bc3bb2ad,SVG,comparison-instrument-2026-10-06T15-51-13.379Z,mixed-3000-seed-41544c53,hit,spatial_hit_test_sync_ms,ms,38,0.09999990463256836
Atlas,f393bc3bb2ad,SVG,comparison-instrument-2026-10-06T15-51-13.379Z,mixed-3000-seed-41544c53,hit,spatial_hit_test_sync_ms,ms,39,0
Atlas,f393bc3bb2ad,SVG,comparison-instrument-2026-10-06T15-51-13.379Z,mixed-3000-seed-41544c53,hit,spatial_hit_test_sync_ms,ms,40,0
Atlas,f393bc3bb2ad,SVG,comparison-instrument-2026-10-06T15-51-13.379Z,mixed-3000-seed-41544c53,hit,spatial_hit_test_sync_ms,ms,41,0.10000014305114746
Atlas,f393bc3bb2ad,SVG,comparison-instrument-2026-10-06T15-51-13.379Z,mixed-3000-seed-41544c53,hit,spatial_hit_test_sync_ms,ms,42,0
Atlas,f393bc3bb2ad,SVG,comparison-instrument-2026-10-06T15-51-13.379Z,mixed-3000-seed-41544c53,hit,spatial_hit_test_sync_ms,ms,43,0.09999990463256836
Atlas,f393bc3bb2ad,SVG,comparison-instrument-2026-10-06T15-51-13.379Z,mixed-3000-seed-41544c53,hit,spatial_hit_test_sync_ms,ms,44,0
Atlas,f393bc3bb2ad,SVG,comparison-instrument-2026-10-06T15-51-13.379Z,mixed-3000-seed-41544c53,hit,spatial_hit_test_sync_ms,ms,45,0.09999990463256836
Atlas,f393bc3bb2ad,SVG,comparison-instrument-2026-10-06T15-51-13.379Z,mixed-3000-seed-41544c53,hit,spatial_hit_test_sync_ms,ms,46,0
Atlas,f393bc3bb2ad,SVG,comparison-instrument-2026-10-06T15-51-13.379Z,mixed-3000-seed-41544c53,hit,spatial_hit_test_sync_ms,ms,47,0.10000014305114746
Atlas,f393bc3bb2ad,SVG,comparison-instrument-2026-10-06T15-51-13.379Z,mixed-3000-seed-41544c53,hit,spatial_hit_test_sync_ms,ms,48,0
Atlas,f393bc3bb2ad,SVG,comparison-instrument-2026-10-06T15-51-13.379Z,mixed-3000-seed-41544c53,hit,spatial_hit_test_sync_ms,ms,49,0.09999990463256836
Atlas,f393bc3bb2ad,SVG,comparison-instrument-2026-10-06T15-51-13.379Z,mixed-3000-seed-41544c53,hit,spatial_hit_test_sync_ms,ms,50,0
Atlas,f393bc3bb2ad,SVG,comparison-instrument-2026-10-06T15-51-13.379Z,mixed-3000-seed-41544c53,hit,spatial_hit_test_sync_ms,ms,51,0.10000014305114746
Atlas,f393bc3bb2ad,SVG,comparison-instrument-2026-10-06T15-51-13.379Z,mixed-3000-seed-41544c53,hit,spatial_hit_test_sync_ms,ms,52,0
Atlas,f393bc3bb2ad,SVG,comparison-instrument-2026-10-06T15-51-13.379Z,mixed-3000-seed-41544c53,hit,spatial_hit_test_sync_ms,ms,53,0.09999990463256836
Atlas,f393bc3bb2ad,SVG,comparison-instrument-2026-10-06T15-51-13.379Z,mixed-3000-seed-41544c53,hit,spatial_hit_test_sync_ms,ms,54,0
Atlas,f393bc3bb2ad,SVG,comparison-instrument-2026-10-06T15-51-13.379Z,mixed-3000-seed-41544c53,hit,spatial_hit_test_sync_ms,ms,55,0
Atlas,f393bc3bb2ad,SVG,comparison-instrument-2026-10-06T15-51-13.379Z,mixed-3000-seed-41544c53,hit,spatial_hit_test_sync_ms,ms,56,0.09999990463256836
Atlas,f393bc3bb2ad,SVG,comparison-instrument-2026-10-06T15-51-13.379Z,mixed-3000-seed-41544c53,hit,spatial_hit_test_sync_ms,ms,57,0
Atlas,f393bc3bb2ad,SVG,comparison-instrument-2026-10-06T15-51-13.379Z,mixed-3000-seed-41544c53,hit,spatial_hit_test_sync_ms,ms,58,0.10000014305114746
Atlas,f393bc3bb2ad,SVG,comparison-instrument-2026-10-06T15-51-13.379Z,mixed-3000-seed-41544c53,hit,spatial_hit_test_sync_ms,ms,59,0
Atlas,f393bc3bb2ad,SVG,comparison-instrument-2026-10-06T15-51-13.379Z,mixed-3000-seed-41544c53,hit,spatial_hit_test_sync_ms,ms,60,0.09999990463256836
Atlas,f393bc3bb2ad,SVG,comparison-instrument-2026-10-06T15-51-13.379Z,mixed-3000-seed-41544c53,hit,spatial_hit_test_sync_ms,ms,61,0
Atlas,f393bc3bb2ad,SVG,comparison-instrument-2026-10-06T15-51-13.379Z,mixed-3000-seed-41544c53,hit,spatial_hit_test_sync_ms,ms,62,0
Atlas,f393bc3bb2ad,SVG,comparison-instrument-2026-10-06T15-51-13.379Z,mixed-3000-seed-41544c53,hit,spatial_hit_test_sync_ms,ms,63,0
Atlas,f393bc3bb2ad,SVG,comparison-instrument-2026-10-06T15-51-13.379Z,mixed-3000-seed-41544c53,hit,spatial_hit_test_sync_ms,ms,64,0.10000014305114746
Atlas,f393bc3bb2ad,SVG,comparison-instrument-2026-10-06T15-51-13.379Z,mixed-3000-seed-41544c53,hit,spatial_hit_test_sync_ms,ms,65,0
Atlas,f393bc3bb2ad,SVG,comparison-instrument-2026-10-06T15-51-13.379Z,mixed-3000-seed-41544c53,hit,spatial_hit_test_sync_ms,ms,66,0.09999990463256836
Atlas,f393bc3bb2ad,SVG,comparison-instrument-2026-10-06T15-51-13.379Z,mixed-3000-seed-41544c53,hit,spatial_hit_test_sync_ms,ms,67,0
Atlas,f393bc3bb2ad,SVG,comparison-instrument-2026-10-06T15-51-13.379Z,mixed-3000-seed-41544c53,hit,spatial_hit_test_sync_ms,ms,68,0.09999990463256836
Atlas,f393bc3bb2ad,SVG,comparison-instrument-2026-10-06T15-51-13.379Z,mixed-3000-seed-41544c53,hit,spatial_hit_test_sync_ms,ms,69,0.10000014305114746
Atlas,f393bc3bb2ad,SVG,comparison-instrument-2026-10-06T15-51-13.379Z,mixed-3000-seed-41544c53,hit,spatial_hit_test_sync_ms,ms,70,0
Atlas,f393bc3bb2ad,SVG,comparison-instrument-2026-10-06T15-51-13.379Z,mixed-3000-seed-41544c53,hit,spatial_hit_test_sync_ms,ms,71,0
Atlas,f393bc3bb2ad,SVG,comparison-instrument-2026-10-06T15-51-13.379Z,mixed-3000-seed-41544c53,hit,spatial_hit_test_sync_ms,ms,72,0.09999990463256836
Atlas,f393bc3bb2ad,SVG,comparison-instrument-2026-10-06T15-51-13.379Z,mixed-3000-seed-41544c53,hit,spatial_hit_test_sync_ms,ms,73,0
Atlas,f393bc3bb2ad,SVG,comparison-instrument-2026-10-06T15-51-13.379Z,mixed-3000-seed-41544c53,hit,spatial_hit_test_sync_ms,ms,74,0
Atlas,f393bc3bb2ad,SVG,comparison-instrument-2026-10-06T15-51-13.379Z,mixed-3000-seed-41544c53,hit,spatial_hit_test_sync_ms,ms,75,0.10000014305114746
Atlas,f393bc3bb2ad,SVG,comparison-instrument-2026-10-06T15-51-13.379Z,mixed-3000-seed-41544c53,hit,spatial_hit_test_sync_ms,ms,76,0
Atlas,f393bc3bb2ad,SVG,comparison-instrument-2026-10-06T15-51-13.379Z,mixed-3000-seed-41544c53,hit,spatial_hit_test_sync_ms,ms,77,0
Atlas,f393bc3bb2ad,SVG,comparison-instrument-2026-10-06T15-51-13.379Z,mixed-3000-seed-41544c53,hit,spatial_hit_test_sync_ms,ms,78,0.09999990463256836
Atlas,f393bc3bb2ad,SVG,comparison-instrument-2026-10-06T15-51-13.379Z,mixed-3000-seed-41544c53,hit,spatial_hit_test_sync_ms,ms,79,0.09999990463256836
Atlas,f393bc3bb2ad,SVG,comparison-instrument-2026-10-06T15-51-13.379Z,mixed-3000-seed-41544c53,hit,spatial_hit_test_sync_ms,ms,80,0
Atlas,f393bc3bb2ad,SVG,comparison-instrument-2026-10-06T15-51-13.379Z,mixed-3000-seed-41544c53,hit,spatial_hit_test_sync_ms,ms,81,0.10000014305114746
Atlas,f393bc3bb2ad,SVG,comparison-instrument-2026-10-06T15-51-13.379Z,mixed-3000-seed-41544c53,hit,spatial_hit_test_sync_ms,ms,82,0
Atlas,f393bc3bb2ad,SVG,comparison-instrument-2026-10-06T15-51-13.379Z,mixed-3000-seed-41544c53,hit,spatial_hit_test_sync_ms,ms,83,0
Atlas,f393bc3bb2ad,SVG,comparison-instrument-2026-10-06T15-51-13.379Z,mixed-3000-seed-41544c53,hit,spatial_hit_test_sync_ms,ms,84,0
Atlas,f393bc3bb2ad,SVG,comparison-instrument-2026-10-06T15-51-13.379Z,mixed-3000-seed-41544c53,hit,spatial_hit_test_sync_ms,ms,85,0.20000004768371582
Atlas,f393bc3bb2ad,SVG,comparison-instrument-2026-10-06T15-51-13.379Z,mixed-3000-seed-41544c53,hit,spatial_hit_test_sync_ms,ms,86,0
Atlas,f393bc3bb2ad,SVG,comparison-instrument-2026-10-06T15-51-13.379Z,mixed-3000-seed-41544c53,hit,spatial_hit_test_sync_ms,ms,87,0.09999990463256836
Atlas,f393bc3bb2ad,SVG,comparison-instrument-2026-10-06T15-51-13.379Z,mixed-3000-seed-41544c53,hit,spatial_hit_test_sync_ms,ms,88,0
Atlas,f393bc3bb2ad,SVG,comparison-instrument-2026-10-06T15-51-13.379Z,mixed-3000-seed-41544c53,hit,spatial_hit_test_sync_ms,ms,89,0
Atlas,f393bc3bb2ad,SVG,comparison-instrument-2026-10-06T15-51-13.379Z,mixed-3000-seed-41544c53,hit,spatial_hit_test_sync_ms,ms,90,0
Atlas,f393bc3bb2ad,SVG,comparison-instrument-2026-10-06T15-51-13.379Z,mixed-3000-seed-41544c53,hit,spatial_hit_test_sync_ms,ms,91,0.09999990463256836
Atlas,f393bc3bb2ad,SVG,comparison-instrument-2026-10-06T15-51-13.379Z,mixed-3000-seed-41544c53,hit,spatial_hit_test_sync_ms,ms,92,0.10000014305114746
Atlas,f393bc3bb2ad,SVG,comparison-instrument-2026-10-06T15-51-13.379Z,mixed-3000-seed-41544c53,hit,spatial_hit_test_sync_ms,ms,93,0
Atlas,f393bc3bb2ad,SVG,comparison-instrument-2026-10-06T15-51-13.379Z,mixed-3000-seed-41544c53,hit,spatial_hit_test_sync_ms,ms,94,0.09999990463256836
Atlas,f393bc3bb2ad,SVG,comparison-instrument-2026-10-06T15-51-13.379Z,mixed-3000-seed-41544c53,hit,spatial_hit_test_sync_ms,ms,95,0
Atlas,f393bc3bb2ad,SVG,comparison-instrument-2026-10-06T15-51-13.379Z,mixed-3000-seed-41544c53,hit,spatial_hit_test_sync_ms,ms,96,0.10000014305114746
Atlas,f393bc3bb2ad,SVG,comparison-instrument-2026-10-06T15-51-13.379Z,mixed-3000-seed-41544c53,hit,spatial_hit_test_sync_ms,ms,97,0
Atlas,f393bc3bb2ad,SVG,comparison-instrument-2026-10-06T15-51-13.379Z,mixed-3000-seed-41544c53,hit,spatial_hit_test_sync_ms,ms,98,0
Atlas,f393bc3bb2ad,SVG,comparison-instrument-2026-10-06T15-51-13.379Z,mixed-3000-seed-41544c53,hit,spatial_hit_test_sync_ms,ms,99,0.09999990463256836
Atlas,f393bc3bb2ad,SVG,comparison-instrument-2026-10-06T15-51-13.379Z,mixed-3000-seed-41544c53,hit,spatial_hit_test_sync_ms,ms,100,0
Atlas,f393bc3bb2ad,SVG,comparison-instrument-2026-10-06T15-51-13.379Z,mixed-3000-seed-41544c53,hit,spatial_hit_test_sync_ms,ms,101,0.09999990463256836
Atlas,f393bc3bb2ad,SVG,comparison-instrument-2026-10-06T15-51-13.379Z,mixed-3000-seed-41544c53,hit,spatial_hit_test_sync_ms,ms,102,0
Atlas,f393bc3bb2ad,SVG,comparison-instrument-2026-10-06T15-51-13.379Z,mixed-3000-seed-41544c53,hit,spatial_hit_test_sync_ms,ms,103,0
Atlas,f393bc3bb2ad,SVG,comparison-instrument-2026-10-06T15-51-13.379Z,mixed-3000-seed-41544c53,hit,spatial_hit_test_sync_ms,ms,104,0
Atlas,f393bc3bb2ad,SVG,comparison-instrument-2026-10-06T15-51-13.379Z,mixed-3000-seed-41544c53,hit,spatial_hit_test_sync_ms,ms,105,0.10000014305114746
Atlas,f393bc3bb2ad,SVG,comparison-instrument-2026-10-06T15-51-13.379Z,mixed-3000-seed-41544c53,hit,spatial_hit_test_sync_ms,ms,106,0.09999990463256836
Atlas,f393bc3bb2ad,SVG,comparison-instrument-2026-10-06T15-51-13.379Z,mixed-3000-seed-41544c53,hit,spatial_hit_test_sync_ms,ms,107,0
Atlas,f393bc3bb2ad,SVG,comparison-instrument-2026-10-06T15-51-13.379Z,mixed-3000-seed-41544c53,hit,spatial_hit_test_sync_ms,ms,108,0.10000014305114746
Atlas,f393bc3bb2ad,SVG,comparison-instrument-2026-10-06T15-51-13.379Z,mixed-3000-seed-41544c53,hit,spatial_hit_test_sync_ms,ms,109,0
Atlas,f393bc3bb2ad,SVG,comparison-instrument-2026-10-06T15-51-13.379Z,mixed-3000-seed-41544c53,hit,spatial_hit_test_sync_ms,ms,110,0.09999990463256836
Atlas,f393bc3bb2ad,SVG,comparison-instrument-2026-10-06T15-51-13.379Z,mixed-3000-seed-41544c53,hit,spatial_hit_test_sync_ms,ms,111,0
Atlas,f393bc3bb2ad,SVG,comparison-instrument-2026-10-06T15-51-13.379Z,mixed-3000-seed-41544c53,hit,spatial_hit_test_sync_ms,ms,112,0
Atlas,f393bc3bb2ad,SVG,comparison-instrument-2026-10-06T15-51-13.379Z,mixed-3000-seed-41544c53,hit,spatial_hit_test_sync_ms,ms,113,0.09999990463256836
Atlas,f393bc3bb2ad,SVG,comparison-instrument-2026-10-06T15-51-13.379Z,mixed-3000-seed-41544c53,hit,spatial_hit_test_sync_ms,ms,114,0
Atlas,f393bc3bb2ad,SVG,comparison-instrument-2026-10-06T15-51-13.379Z,mixed-3000-seed-41544c53,hit,spatial_hit_test_sync_ms,ms,115,0.10000014305114746
Atlas,f393bc3bb2ad,SVG,comparison-instrument-2026-10-06T15-51-13.379Z,mixed-3000-seed-41544c53,hit,spatial_hit_test_sync_ms,ms,116,0
Atlas,f393bc3bb2ad,SVG,comparison-instrument-2026-10-06T15-51-13.379Z,mixed-3000-seed-41544c53,hit,spatial_hit_test_sync_ms,ms,117,0.09999990463256836
Atlas,f393bc3bb2ad,SVG,comparison-instrument-2026-10-06T15-51-13.379Z,mixed-3000-seed-41544c53,hit,spatial_hit_test_sync_ms,ms,118,0
Atlas,f393bc3bb2ad,SVG,comparison-instrument-2026-10-06T15-51-13.379Z,mixed-3000-seed-41544c53,hit,spatial_hit_test_sync_ms,ms,119,0.10000014305114746
Atlas,f393bc3bb2ad,SVG,comparison-instrument-2026-10-06T15-51-13.379Z,mixed-3000-seed-41544c53,hit,spatial_hit_test_sync_ms,ms,120,0
Atlas,f393bc3bb2ad,SVG,comparison-instrument-2026-10-06T15-51-13.379Z,mixed-3000-seed-41544c53,hit,spatial_hit_test_sync_ms,ms,121,0
Atlas,f393bc3bb2ad,SVG,comparison-instrument-2026-10-06T15-51-13.379Z,mixed-3000-seed-41544c53,hit,spatial_hit_test_sync_ms,ms,122,0.09999990463256836
Atlas,f393bc3bb2ad,SVG,comparison-instrument-2026-10-06T15-51-13.379Z,mixed-3000-seed-41544c53,hit,spatial_hit_test_sync_ms,ms,123,0
Atlas,f393bc3bb2ad,SVG,comparison-instrument-2026-10-06T15-51-13.379Z,mixed-3000-seed-41544c53,hit,spatial_hit_test_sync_ms,ms,124,0
Atlas,f393bc3bb2ad,SVG,comparison-instrument-2026-10-06T15-51-13.379Z,mixed-3000-seed-41544c53,hit,spatial_hit_test_sync_ms,ms,125,0.09999990463256836
Atlas,f393bc3bb2ad,SVG,comparison-instrument-2026-10-06T15-51-13.379Z,mixed-3000-seed-41544c53,hit,spatial_hit_test_sync_ms,ms,126,0
Atlas,f393bc3bb2ad,SVG,comparison-instrument-2026-10-06T15-51-13.379Z,mixed-3000-seed-41544c53,hit,spatial_hit_test_sync_ms,ms,127,0.10000014305114746
Atlas,f393bc3bb2ad,SVG,comparison-instrument-2026-10-06T15-51-13.379Z,mixed-3000-seed-41544c53,hit,spatial_hit_test_sync_ms,ms,128,0.09999990463256836
Atlas,f393bc3bb2ad,SVG,comparison-instrument-2026-10-06T15-51-13.379Z,mixed-3000-seed-41544c53,hit,spatial_hit_test_sync_ms,ms,129,0
Atlas,f393bc3bb2ad,SVG,comparison-instrument-2026-10-06T15-51-13.379Z,mixed-3000-seed-41544c53,hit,spatial_hit_test_sync_ms,ms,130,0
Atlas,f393bc3bb2ad,SVG,comparison-instrument-2026-10-06T15-51-13.379Z,mixed-3000-seed-41544c53,hit,spatial_hit_test_sync_ms,ms,131,0
Atlas,f393bc3bb2ad,SVG,comparison-instrument-2026-10-06T15-51-13.379Z,mixed-3000-seed-41544c53,hit,spatial_hit_test_sync_ms,ms,132,0.10000014305114746
Atlas,f393bc3bb2ad,SVG,comparison-instrument-2026-10-06T15-51-13.379Z,mixed-3000-seed-41544c53,hit,spatial_hit_test_sync_ms,ms,133,0
Atlas,f393bc3bb2ad,SVG,comparison-instrument-2026-10-06T15-51-13.379Z,mixed-3000-seed-41544c53,hit,spatial_hit_test_sync_ms,ms,134,0
Atlas,f393bc3bb2ad,SVG,comparison-instrument-2026-10-06T15-51-13.379Z,mixed-3000-seed-41544c53,hit,spatial_hit_test_sync_ms,ms,135,0.09999990463256836
Atlas,f393bc3bb2ad,SVG,comparison-instrument-2026-10-06T15-51-13.379Z,mixed-3000-seed-41544c53,hit,spatial_hit_test_sync_ms,ms,136,0.09999990463256836
Atlas,f393bc3bb2ad,SVG,comparison-instrument-2026-10-06T15-51-13.379Z,mixed-3000-seed-41544c53,hit,spatial_hit_test_sync_ms,ms,137,0
Atlas,f393bc3bb2ad,SVG,comparison-instrument-2026-10-06T15-51-13.379Z,mixed-3000-seed-41544c53,hit,spatial_hit_test_sync_ms,ms,138,0
Atlas,f393bc3bb2ad,SVG,comparison-instrument-2026-10-06T15-51-13.379Z,mixed-3000-seed-41544c53,hit,spatial_hit_test_sync_ms,ms,139,0.10000014305114746
Atlas,f393bc3bb2ad,SVG,comparison-instrument-2026-10-06T15-51-13.379Z,mixed-3000-seed-41544c53,hit,spatial_hit_test_sync_ms,ms,140,0
Atlas,f393bc3bb2ad,SVG,comparison-instrument-2026-10-06T15-51-13.379Z,mixed-3000-seed-41544c53,hit,spatial_hit_test_sync_ms,ms,141,0.09999990463256836
Atlas,f393bc3bb2ad,SVG,comparison-instrument-2026-10-06T15-51-13.379Z,mixed-3000-seed-41544c53,hit,spatial_hit_test_sync_ms,ms,142,0.10000014305114746
Atlas,f393bc3bb2ad,SVG,comparison-instrument-2026-10-06T15-51-13.379Z,mixed-3000-seed-41544c53,hit,spatial_hit_test_sync_ms,ms,143,0
Atlas,f393bc3bb2ad,SVG,comparison-instrument-2026-10-06T15-51-13.379Z,mixed-3000-seed-41544c53,hit,spatial_hit_test_sync_ms,ms,144,0.09999990463256836
Atlas,f393bc3bb2ad,SVG,comparison-instrument-2026-10-06T15-51-13.379Z,mixed-3000-seed-41544c53,hit,spatial_hit_test_sync_ms,ms,145,0
Atlas,f393bc3bb2ad,SVG,comparison-instrument-2026-10-06T15-51-13.379Z,mixed-3000-seed-41544c53,hit,spatial_hit_test_sync_ms,ms,146,0.09999990463256836
Atlas,f393bc3bb2ad,SVG,comparison-instrument-2026-10-06T15-51-13.379Z,mixed-3000-seed-41544c53,hit,spatial_hit_test_sync_ms,ms,147,0
Atlas,f393bc3bb2ad,SVG,comparison-instrument-2026-10-06T15-51-13.379Z,mixed-3000-seed-41544c53,hit,spatial_hit_test_sync_ms,ms,148,0
Atlas,f393bc3bb2ad,SVG,comparison-instrument-2026-10-06T15-51-13.379Z,mixed-3000-seed-41544c53,hit,spatial_hit_test_sync_ms,ms,149,0
Atlas,f393bc3bb2ad,SVG,comparison-instrument-2026-10-06T15-51-13.379Z,mixed-3000-seed-41544c53,hit,spatial_hit_test_sync_ms,ms,150,0.10000014305114746
Atlas,f393bc3bb2ad,SVG,comparison-instrument-2026-10-06T15-51-13.379Z,mixed-3000-seed-41544c53,hit,spatial_hit_test_sync_ms,ms,151,0
Atlas,f393bc3bb2ad,SVG,comparison-instrument-2026-10-06T15-51-13.379Z,mixed-3000-seed-41544c53,hit,spatial_hit_test_sync_ms,ms,152,0.09999990463256836
Atlas,f393bc3bb2ad,SVG,comparison-instrument-2026-10-06T15-51-13.379Z,mixed-3000-seed-41544c53,hit,spatial_hit_test_sync_ms,ms,153,0
Atlas,f393bc3bb2ad,SVG,comparison-instrument-2026-10-06T15-51-13.379Z,mixed-3000-seed-41544c53,hit,spatial_hit_test_sync_ms,ms,154,0.10000014305114746
Atlas,f393bc3bb2ad,SVG,comparison-instrument-2026-10-06T15-51-13.379Z,mixed-3000-seed-41544c53,hit,spatial_hit_test_sync_ms,ms,155,0
Atlas,f393bc3bb2ad,SVG,comparison-instrument-2026-10-06T15-51-13.379Z,mixed-3000-seed-41544c53,hit,spatial_hit_test_sync_ms,ms,156,0
Atlas,f393bc3bb2ad,SVG,comparison-instrument-2026-10-06T15-51-13.379Z,mixed-3000-seed-41544c53,hit,spatial_hit_test_sync_ms,ms,157,0.09999990463256836
Atlas,f393bc3bb2ad,SVG,comparison-instrument-2026-10-06T15-51-13.379Z,mixed-3000-seed-41544c53,hit,spatial_hit_test_sync_ms,ms,158,0.09999990463256836
Atlas,f393bc3bb2ad,SVG,comparison-instrument-2026-10-06T15-51-13.379Z,mixed-3000-seed-41544c53,hit,spatial_hit_test_sync_ms,ms,159,0
Atlas,f393bc3bb2ad,SVG,comparison-instrument-2026-10-06T15-51-13.379Z,mixed-3000-seed-41544c53,hit,spatial_hit_test_sync_ms,ms,160,0
Atlas,f393bc3bb2ad,SVG,comparison-instrument-2026-10-06T15-51-13.379Z,mixed-3000-seed-41544c53,hit,spatial_hit_test_sync_ms,ms,161,0.10000014305114746
Atlas,f393bc3bb2ad,SVG,comparison-instrument-2026-10-06T15-51-13.379Z,mixed-3000-seed-41544c53,hit,spatial_hit_test_sync_ms,ms,162,0
Atlas,f393bc3bb2ad,SVG,comparison-instrument-2026-10-06T15-51-13.379Z,mixed-3000-seed-41544c53,hit,spatial_hit_test_sync_ms,ms,163,0.09999990463256836
Atlas,f393bc3bb2ad,SVG,comparison-instrument-2026-10-06T15-51-13.379Z,mixed-3000-seed-41544c53,hit,spatial_hit_test_sync_ms,ms,164,0
Atlas,f393bc3bb2ad,SVG,comparison-instrument-2026-10-06T15-51-13.379Z,mixed-3000-seed-41544c53,hit,spatial_hit_test_sync_ms,ms,165,0.10000014305114746
Atlas,f393bc3bb2ad,SVG,comparison-instrument-2026-10-06T15-51-13.379Z,mixed-3000-seed-41544c53,hit,spatial_hit_test_sync_ms,ms,166,0
Atlas,f393bc3bb2ad,SVG,comparison-instrument-2026-10-06T15-51-13.379Z,mixed-3000-seed-41544c53,hit,spatial_hit_test_sync_ms,ms,167,0
Atlas,f393bc3bb2ad,SVG,comparison-instrument-2026-10-06T15-51-13.379Z,mixed-3000-seed-41544c53,hit,spatial_hit_test_sync_ms,ms,168,0.09999990463256836
Atlas,f393bc3bb2ad,SVG,comparison-instrument-2026-10-06T15-51-13.379Z,mixed-3000-seed-41544c53,hit,spatial_hit_test_sync_ms,ms,169,0
Atlas,f393bc3bb2ad,SVG,comparison-instrument-2026-10-06T15-51-13.379Z,mixed-3000-seed-41544c53,hit,spatial_hit_test_sync_ms,ms,170,0
Atlas,f393bc3bb2ad,SVG,comparison-instrument-2026-10-06T15-51-13.379Z,mixed-3000-seed-41544c53,hit,spatial_hit_test_sync_ms,ms,171,0.09999990463256836
Atlas,f393bc3bb2ad,SVG,comparison-instrument-2026-10-06T15-51-13.379Z,mixed-3000-seed-41544c53,hit,spatial_hit_test_sync_ms,ms,172,0
Atlas,f393bc3bb2ad,SVG,comparison-instrument-2026-10-06T15-51-13.379Z,mixed-3000-seed-41544c53,hit,spatial_hit_test_sync_ms,ms,173,0.10000014305114746
Atlas,f393bc3bb2ad,SVG,comparison-instrument-2026-10-06T15-51-13.379Z,mixed-3000-seed-41544c53,hit,spatial_hit_test_sync_ms,ms,174,0
Atlas,f393bc3bb2ad,SVG,comparison-instrument-2026-10-06T15-51-13.379Z,mixed-3000-seed-41544c53,hit,spatial_hit_test_sync_ms,ms,175,0.09999990463256836
Atlas,f393bc3bb2ad,SVG,comparison-instrument-2026-10-06T15-51-13.379Z,mixed-3000-seed-41544c53,hit,spatial_hit_test_sync_ms,ms,176,0.10000014305114746
Atlas,f393bc3bb2ad,SVG,comparison-instrument-2026-10-06T15-51-13.379Z,mixed-3000-seed-41544c53,hit,spatial_hit_test_sync_ms,ms,177,0
Atlas,f393bc3bb2ad,SVG,comparison-instrument-2026-10-06T15-51-13.379Z,mixed-3000-seed-41544c53,hit,spatial_hit_test_sync_ms,ms,178,0
Atlas,f393bc3bb2ad,SVG,comparison-instrument-2026-10-06T15-51-13.379Z,mixed-3000-seed-41544c53,hit,spatial_hit_test_sync_ms,ms,179,0
Atlas,f393bc3bb2ad,SVG,comparison-instrument-2026-10-06T15-51-13.379Z,mixed-3000-seed-41544c53,hit,spatial_hit_test_sync_ms,ms,180,0.09999990463256836
Atlas,f393bc3bb2ad,SVG,comparison-instrument-2026-10-06T15-51-13.379Z,mixed-3000-seed-41544c53,hit,spatial_hit_test_sync_ms,ms,181,0.09999990463256836
Atlas,f393bc3bb2ad,SVG,comparison-instrument-2026-10-06T15-51-13.379Z,mixed-3000-seed-41544c53,hit,spatial_hit_test_sync_ms,ms,182,0
Atlas,f393bc3bb2ad,SVG,comparison-instrument-2026-10-06T15-51-13.379Z,mixed-3000-seed-41544c53,hit,spatial_hit_test_sync_ms,ms,183,0
Atlas,f393bc3bb2ad,SVG,comparison-instrument-2026-10-06T15-51-13.379Z,mixed-3000-seed-41544c53,hit,spatial_hit_test_sync_ms,ms,184,0
Atlas,f393bc3bb2ad,SVG,comparison-instrument-2026-10-06T15-51-13.379Z,mixed-3000-seed-41544c53,hit,spatial_hit_test_sync_ms,ms,185,0.20000004768371582
Atlas,f393bc3bb2ad,SVG,comparison-instrument-2026-10-06T15-51-13.379Z,mixed-3000-seed-41544c53,hit,spatial_hit_test_sync_ms,ms,186,0
Atlas,f393bc3bb2ad,SVG,comparison-instrument-2026-10-06T15-51-13.379Z,mixed-3000-seed-41544c53,hit,spatial_hit_test_sync_ms,ms,187,0
Atlas,f393bc3bb2ad,SVG,comparison-instrument-2026-10-06T15-51-13.379Z,mixed-3000-seed-41544c53,hit,spatial_hit_test_sync_ms,ms,188,0
Atlas,f393bc3bb2ad,SVG,comparison-instrument-2026-10-06T15-51-13.379Z,mixed-3000-seed-41544c53,hit,spatial_hit_test_sync_ms,ms,189,0.10000014305114746
Atlas,f393bc3bb2ad,SVG,comparison-instrument-2026-10-06T15-51-13.379Z,mixed-3000-seed-41544c53,hit,spatial_hit_test_sync_ms,ms,190,0
Atlas,f393bc3bb2ad,SVG,comparison-instrument-2026-10-06T15-51-13.379Z,mixed-3000-seed-41544c53,hit,spatial_hit_test_sync_ms,ms,191,0.09999990463256836
Atlas,f393bc3bb2ad,SVG,comparison-instrument-2026-10-06T15-51-13.379Z,mixed-3000-seed-41544c53,hit,spatial_hit_test_sync_ms,ms,192,0
Atlas,f393bc3bb2ad,SVG,comparison-instrument-2026-10-06T15-51-13.379Z,mixed-3000-seed-41544c53,hit,spatial_hit_test_sync_ms,ms,193,0.09999990463256836
Atlas,f393bc3bb2ad,SVG,comparison-instrument-2026-10-06T15-51-13.379Z,mixed-3000-seed-41544c53,hit,spatial_hit_test_sync_ms,ms,194,0
Atlas,f393bc3bb2ad,SVG,comparison-instrument-2026-10-06T15-51-13.379Z,mixed-3000-seed-41544c53,hit,spatial_hit_test_sync_ms,ms,195,0.10000014305114746
Atlas,f393bc3bb2ad,SVG,comparison-instrument-2026-10-06T15-51-13.379Z,mixed-3000-seed-41544c53,hit,spatial_hit_test_sync_ms,ms,196,0
Atlas,f393bc3bb2ad,SVG,comparison-instrument-2026-10-06T15-51-13.379Z,mixed-3000-seed-41544c53,hit,spatial_hit_test_sync_ms,ms,197,0
Atlas,f393bc3bb2ad,SVG,comparison-instrument-2026-10-06T15-51-13.379Z,mixed-3000-seed-41544c53,hit,spatial_hit_test_sync_ms,ms,198,0.09999990463256836
Atlas,f393bc3bb2ad,SVG,comparison-instrument-2026-10-06T15-51-13.379Z,mixed-3000-seed-41544c53,hit,spatial_hit_test_sync_ms,ms,199,0
Atlas,f393bc3bb2ad,SVG,comparison-instrument-2026-10-06T15-51-13.379Z,mixed-3000-seed-41544c53,hit,svg_attribute_writes,count,0,0
Atlas,f393bc3bb2ad,SVG,comparison-instrument-2026-10-06T15-51-13.379Z,mixed-3000-seed-41544c53,hit,svg_attribute_removals,count,0,0
Atlas,f393bc3bb2ad,SVG,comparison-instrument-2026-10-06T15-51-13.379Z,mixed-3000-seed-41544c53,hit,dom_added_nodes,count,0,0
Atlas,f393bc3bb2ad,SVG,comparison-instrument-2026-10-06T15-51-13.379Z,mixed-3000-seed-41544c53,hit,dom_removed_nodes,count,0,0
Leaflet,1.9.4,SVG,comparison-instrument-2026-10-06T15-51-13.379Z,mixed-3000-seed-41544c53,hit,not_applicable,N/A,0,N/A
Leaflet,1.9.4,Canvas,comparison-instrument-2026-10-06T15-51-13.379Z,mixed-3000-seed-41544c53,hit,not_applicable,N/A,0,N/A
Atlas,f393bc3bb2ad,SVG,comparison-instrument-2026-10-06T15-51-13.379Z,mixed-3000-seed-41544c53,miss,spatial_hit_test_sync_ms,ms,0,2.3000001907348633
Atlas,f393bc3bb2ad,SVG,comparison-instrument-2026-10-06T15-51-13.379Z,mixed-3000-seed-41544c53,miss,spatial_hit_test_sync_ms,ms,1,2.5
Atlas,f393bc3bb2ad,SVG,comparison-instrument-2026-10-06T15-51-13.379Z,mixed-3000-seed-41544c53,miss,spatial_hit_test_sync_ms,ms,2,2.299999952316284
Atlas,f393bc3bb2ad,SVG,comparison-instrument-2026-10-06T15-51-13.379Z,mixed-3000-seed-41544c53,miss,spatial_hit_test_sync_ms,ms,3,2.5
Atlas,f393bc3bb2ad,SVG,comparison-instrument-2026-10-06T15-51-13.379Z,mixed-3000-seed-41544c53,miss,spatial_hit_test_sync_ms,ms,4,2.299999952316284
Atlas,f393bc3bb2ad,SVG,comparison-instrument-2026-10-06T15-51-13.379Z,mixed-3000-seed-41544c53,miss,spatial_hit_test_sync_ms,ms,5,2.299999952316284
Atlas,f393bc3bb2ad,SVG,comparison-instrument-2026-10-06T15-51-13.379Z,mixed-3000-seed-41544c53,miss,spatial_hit_test_sync_ms,ms,6,2.4000000953674316
Atlas,f393bc3bb2ad,SVG,comparison-instrument-2026-10-06T15-51-13.379Z,mixed-3000-seed-41544c53,miss,spatial_hit_test_sync_ms,ms,7,2.299999952316284
Atlas,f393bc3bb2ad,SVG,comparison-instrument-2026-10-06T15-51-13.379Z,mixed-3000-seed-41544c53,miss,spatial_hit_test_sync_ms,ms,8,2.4000000953674316
Atlas,f393bc3bb2ad,SVG,comparison-instrument-2026-10-06T15-51-13.379Z,mixed-3000-seed-41544c53,miss,spatial_hit_test_sync_ms,ms,9,2.3999998569488525
Atlas,f393bc3bb2ad,SVG,comparison-instrument-2026-10-06T15-51-13.379Z,mixed-3000-seed-41544c53,miss,spatial_hit_test_sync_ms,ms,10,2.299999952316284
Atlas,f393bc3bb2ad,SVG,comparison-instrument-2026-10-06T15-51-13.379Z,mixed-3000-seed-41544c53,miss,spatial_hit_test_sync_ms,ms,11,2.3000001907348633
Atlas,f393bc3bb2ad,SVG,comparison-instrument-2026-10-06T15-51-13.379Z,mixed-3000-seed-41544c53,miss,spatial_hit_test_sync_ms,ms,12,2.299999952316284
Atlas,f393bc3bb2ad,SVG,comparison-instrument-2026-10-06T15-51-13.379Z,mixed-3000-seed-41544c53,miss,spatial_hit_test_sync_ms,ms,13,2.299999952316284
Atlas,f393bc3bb2ad,SVG,comparison-instrument-2026-10-06T15-51-13.379Z,mixed-3000-seed-41544c53,miss,spatial_hit_test_sync_ms,ms,14,2.4000000953674316
Atlas,f393bc3bb2ad,SVG,comparison-instrument-2026-10-06T15-51-13.379Z,mixed-3000-seed-41544c53,miss,spatial_hit_test_sync_ms,ms,15,2.299999952316284
Atlas,f393bc3bb2ad,SVG,comparison-instrument-2026-10-06T15-51-13.379Z,mixed-3000-seed-41544c53,miss,spatial_hit_test_sync_ms,ms,16,2.3999998569488525
Atlas,f393bc3bb2ad,SVG,comparison-instrument-2026-10-06T15-51-13.379Z,mixed-3000-seed-41544c53,miss,spatial_hit_test_sync_ms,ms,17,2.3000001907348633
Atlas,f393bc3bb2ad,SVG,comparison-instrument-2026-10-06T15-51-13.379Z,mixed-3000-seed-41544c53,miss,spatial_hit_test_sync_ms,ms,18,6.799999952316284
Atlas,f393bc3bb2ad,SVG,comparison-instrument-2026-10-06T15-51-13.379Z,mixed-3000-seed-41544c53,miss,spatial_hit_test_sync_ms,ms,19,2.5
Atlas,f393bc3bb2ad,SVG,comparison-instrument-2026-10-06T15-51-13.379Z,mixed-3000-seed-41544c53,miss,spatial_hit_test_sync_ms,ms,20,2.3999998569488525
Atlas,f393bc3bb2ad,SVG,comparison-instrument-2026-10-06T15-51-13.379Z,mixed-3000-seed-41544c53,miss,spatial_hit_test_sync_ms,ms,21,2.3000001907348633
Atlas,f393bc3bb2ad,SVG,comparison-instrument-2026-10-06T15-51-13.379Z,mixed-3000-seed-41544c53,miss,spatial_hit_test_sync_ms,ms,22,2.3999998569488525
Atlas,f393bc3bb2ad,SVG,comparison-instrument-2026-10-06T15-51-13.379Z,mixed-3000-seed-41544c53,miss,spatial_hit_test_sync_ms,ms,23,2.4000000953674316
Atlas,f393bc3bb2ad,SVG,comparison-instrument-2026-10-06T15-51-13.379Z,mixed-3000-seed-41544c53,miss,spatial_hit_test_sync_ms,ms,24,2.299999952316284
Atlas,f393bc3bb2ad,SVG,comparison-instrument-2026-10-06T15-51-13.379Z,mixed-3000-seed-41544c53,miss,spatial_hit_test_sync_ms,ms,25,2.299999952316284
Atlas,f393bc3bb2ad,SVG,comparison-instrument-2026-10-06T15-51-13.379Z,mixed-3000-seed-41544c53,miss,spatial_hit_test_sync_ms,ms,26,2.4000000953674316
Atlas,f393bc3bb2ad,SVG,comparison-instrument-2026-10-06T15-51-13.379Z,mixed-3000-seed-41544c53,miss,spatial_hit_test_sync_ms,ms,27,2.299999952316284
Atlas,f393bc3bb2ad,SVG,comparison-instrument-2026-10-06T15-51-13.379Z,mixed-3000-seed-41544c53,miss,spatial_hit_test_sync_ms,ms,28,2.299999952316284
Atlas,f393bc3bb2ad,SVG,comparison-instrument-2026-10-06T15-51-13.379Z,mixed-3000-seed-41544c53,miss,spatial_hit_test_sync_ms,ms,29,2.4000000953674316
Atlas,f393bc3bb2ad,SVG,comparison-instrument-2026-10-06T15-51-13.379Z,mixed-3000-seed-41544c53,miss,spatial_hit_test_sync_ms,ms,30,2.299999952316284
Atlas,f393bc3bb2ad,SVG,comparison-instrument-2026-10-06T15-51-13.379Z,mixed-3000-seed-41544c53,miss,spatial_hit_test_sync_ms,ms,31,2.4000000953674316
Atlas,f393bc3bb2ad,SVG,comparison-instrument-2026-10-06T15-51-13.379Z,mixed-3000-seed-41544c53,miss,spatial_hit_test_sync_ms,ms,32,2.299999952316284
Atlas,f393bc3bb2ad,SVG,comparison-instrument-2026-10-06T15-51-13.379Z,mixed-3000-seed-41544c53,miss,spatial_hit_test_sync_ms,ms,33,2.299999952316284
Atlas,f393bc3bb2ad,SVG,comparison-instrument-2026-10-06T15-51-13.379Z,mixed-3000-seed-41544c53,miss,spatial_hit_test_sync_ms,ms,34,2.4000000953674316
Atlas,f393bc3bb2ad,SVG,comparison-instrument-2026-10-06T15-51-13.379Z,mixed-3000-seed-41544c53,miss,spatial_hit_test_sync_ms,ms,35,2.299999952316284
Atlas,f393bc3bb2ad,SVG,comparison-instrument-2026-10-06T15-51-13.379Z,mixed-3000-seed-41544c53,miss,spatial_hit_test_sync_ms,ms,36,2.299999952316284
Atlas,f393bc3bb2ad,SVG,comparison-instrument-2026-10-06T15-51-13.379Z,mixed-3000-seed-41544c53,miss,spatial_hit_test_sync_ms,ms,37,2.4000000953674316
Atlas,f393bc3bb2ad,SVG,comparison-instrument-2026-10-06T15-51-13.379Z,mixed-3000-seed-41544c53,miss,spatial_hit_test_sync_ms,ms,38,2.299999952316284
Atlas,f393bc3bb2ad,SVG,comparison-instrument-2026-10-06T15-51-13.379Z,mixed-3000-seed-41544c53,miss,spatial_hit_test_sync_ms,ms,39,2.3999998569488525
Atlas,f393bc3bb2ad,SVG,comparison-instrument-2026-10-06T15-51-13.379Z,mixed-3000-seed-41544c53,miss,spatial_hit_test_sync_ms,ms,40,2.3000001907348633
Atlas,f393bc3bb2ad,SVG,comparison-instrument-2026-10-06T15-51-13.379Z,mixed-3000-seed-41544c53,miss,spatial_hit_test_sync_ms,ms,41,2.299999952316284
Atlas,f393bc3bb2ad,SVG,comparison-instrument-2026-10-06T15-51-13.379Z,mixed-3000-seed-41544c53,miss,spatial_hit_test_sync_ms,ms,42,2.299999952316284
Atlas,f393bc3bb2ad,SVG,comparison-instrument-2026-10-06T15-51-13.379Z,mixed-3000-seed-41544c53,miss,spatial_hit_test_sync_ms,ms,43,2.299999952316284
Atlas,f393bc3bb2ad,SVG,comparison-instrument-2026-10-06T15-51-13.379Z,mixed-3000-seed-41544c53,miss,spatial_hit_test_sync_ms,ms,44,2.4000000953674316
Atlas,f393bc3bb2ad,SVG,comparison-instrument-2026-10-06T15-51-13.379Z,mixed-3000-seed-41544c53,miss,spatial_hit_test_sync_ms,ms,45,2.299999952316284
Atlas,f393bc3bb2ad,SVG,comparison-instrument-2026-10-06T15-51-13.379Z,mixed-3000-seed-41544c53,miss,spatial_hit_test_sync_ms,ms,46,2.200000047683716
Atlas,f393bc3bb2ad,SVG,comparison-instrument-2026-10-06T15-51-13.379Z,mixed-3000-seed-41544c53,miss,spatial_hit_test_sync_ms,ms,47,2.3999998569488525
Atlas,f393bc3bb2ad,SVG,comparison-instrument-2026-10-06T15-51-13.379Z,mixed-3000-seed-41544c53,miss,spatial_hit_test_sync_ms,ms,48,2.3000001907348633
Atlas,f393bc3bb2ad,SVG,comparison-instrument-2026-10-06T15-51-13.379Z,mixed-3000-seed-41544c53,miss,spatial_hit_test_sync_ms,ms,49,2.3999998569488525
Atlas,f393bc3bb2ad,SVG,comparison-instrument-2026-10-06T15-51-13.379Z,mixed-3000-seed-41544c53,miss,spatial_hit_test_sync_ms,ms,50,2.299999952316284
Atlas,f393bc3bb2ad,SVG,comparison-instrument-2026-10-06T15-51-13.379Z,mixed-3000-seed-41544c53,miss,spatial_hit_test_sync_ms,ms,51,2.3000001907348633
Atlas,f393bc3bb2ad,SVG,comparison-instrument-2026-10-06T15-51-13.379Z,mixed-3000-seed-41544c53,miss,spatial_hit_test_sync_ms,ms,52,2.299999952316284
Atlas,f393bc3bb2ad,SVG,comparison-instrument-2026-10-06T15-51-13.379Z,mixed-3000-seed-41544c53,miss,spatial_hit_test_sync_ms,ms,53,2.299999952316284
Atlas,f393bc3bb2ad,SVG,comparison-instrument-2026-10-06T15-51-13.379Z,mixed-3000-seed-41544c53,miss,spatial_hit_test_sync_ms,ms,54,2.4000000953674316
Atlas,f393bc3bb2ad,SVG,comparison-instrument-2026-10-06T15-51-13.379Z,mixed-3000-seed-41544c53,miss,spatial_hit_test_sync_ms,ms,55,2.1999998092651367
Atlas,f393bc3bb2ad,SVG,comparison-instrument-2026-10-06T15-51-13.379Z,mixed-3000-seed-41544c53,miss,spatial_hit_test_sync_ms,ms,56,2.4000000953674316
Atlas,f393bc3bb2ad,SVG,comparison-instrument-2026-10-06T15-51-13.379Z,mixed-3000-seed-41544c53,miss,spatial_hit_test_sync_ms,ms,57,2.299999952316284
Atlas,f393bc3bb2ad,SVG,comparison-instrument-2026-10-06T15-51-13.379Z,mixed-3000-seed-41544c53,miss,spatial_hit_test_sync_ms,ms,58,2.4000000953674316
Atlas,f393bc3bb2ad,SVG,comparison-instrument-2026-10-06T15-51-13.379Z,mixed-3000-seed-41544c53,miss,spatial_hit_test_sync_ms,ms,59,2.299999952316284
Atlas,f393bc3bb2ad,SVG,comparison-instrument-2026-10-06T15-51-13.379Z,mixed-3000-seed-41544c53,miss,spatial_hit_test_sync_ms,ms,60,2.299999952316284
Atlas,f393bc3bb2ad,SVG,comparison-instrument-2026-10-06T15-51-13.379Z,mixed-3000-seed-41544c53,miss,spatial_hit_test_sync_ms,ms,61,2.299999952316284
Atlas,f393bc3bb2ad,SVG,comparison-instrument-2026-10-06T15-51-13.379Z,mixed-3000-seed-41544c53,miss,spatial_hit_test_sync_ms,ms,62,2.3000001907348633
Atlas,f393bc3bb2ad,SVG,comparison-instrument-2026-10-06T15-51-13.379Z,mixed-3000-seed-41544c53,miss,spatial_hit_test_sync_ms,ms,63,2.3999998569488525
Atlas,f393bc3bb2ad,SVG,comparison-instrument-2026-10-06T15-51-13.379Z,mixed-3000-seed-41544c53,miss,spatial_hit_test_sync_ms,ms,64,2.299999952316284
Atlas,f393bc3bb2ad,SVG,comparison-instrument-2026-10-06T15-51-13.379Z,mixed-3000-seed-41544c53,miss,spatial_hit_test_sync_ms,ms,65,2.3000001907348633
Atlas,f393bc3bb2ad,SVG,comparison-instrument-2026-10-06T15-51-13.379Z,mixed-3000-seed-41544c53,miss,spatial_hit_test_sync_ms,ms,66,2.299999952316284
Atlas,f393bc3bb2ad,SVG,comparison-instrument-2026-10-06T15-51-13.379Z,mixed-3000-seed-41544c53,miss,spatial_hit_test_sync_ms,ms,67,2.299999952316284
Atlas,f393bc3bb2ad,SVG,comparison-instrument-2026-10-06T15-51-13.379Z,mixed-3000-seed-41544c53,miss,spatial_hit_test_sync_ms,ms,68,2.299999952316284
Atlas,f393bc3bb2ad,SVG,comparison-instrument-2026-10-06T15-51-13.379Z,mixed-3000-seed-41544c53,miss,spatial_hit_test_sync_ms,ms,69,2.4000000953674316
Atlas,f393bc3bb2ad,SVG,comparison-instrument-2026-10-06T15-51-13.379Z,mixed-3000-seed-41544c53,miss,spatial_hit_test_sync_ms,ms,70,2.299999952316284
Atlas,f393bc3bb2ad,SVG,comparison-instrument-2026-10-06T15-51-13.379Z,mixed-3000-seed-41544c53,miss,spatial_hit_test_sync_ms,ms,71,2.299999952316284
Atlas,f393bc3bb2ad,SVG,comparison-instrument-2026-10-06T15-51-13.379Z,mixed-3000-seed-41544c53,miss,spatial_hit_test_sync_ms,ms,72,2.299999952316284
Atlas,f393bc3bb2ad,SVG,comparison-instrument-2026-10-06T15-51-13.379Z,mixed-3000-seed-41544c53,miss,spatial_hit_test_sync_ms,ms,73,2.3000001907348633
Atlas,f393bc3bb2ad,SVG,comparison-instrument-2026-10-06T15-51-13.379Z,mixed-3000-seed-41544c53,miss,spatial_hit_test_sync_ms,ms,74,2.3999998569488525
Atlas,f393bc3bb2ad,SVG,comparison-instrument-2026-10-06T15-51-13.379Z,mixed-3000-seed-41544c53,miss,spatial_hit_test_sync_ms,ms,75,2.200000047683716
Atlas,f393bc3bb2ad,SVG,comparison-instrument-2026-10-06T15-51-13.379Z,mixed-3000-seed-41544c53,miss,spatial_hit_test_sync_ms,ms,76,2.4000000953674316
Atlas,f393bc3bb2ad,SVG,comparison-instrument-2026-10-06T15-51-13.379Z,mixed-3000-seed-41544c53,miss,spatial_hit_test_sync_ms,ms,77,2.299999952316284
Atlas,f393bc3bb2ad,SVG,comparison-instrument-2026-10-06T15-51-13.379Z,mixed-3000-seed-41544c53,miss,spatial_hit_test_sync_ms,ms,78,2.299999952316284
Atlas,f393bc3bb2ad,SVG,comparison-instrument-2026-10-06T15-51-13.379Z,mixed-3000-seed-41544c53,miss,spatial_hit_test_sync_ms,ms,79,2.299999952316284
Atlas,f393bc3bb2ad,SVG,comparison-instrument-2026-10-06T15-51-13.379Z,mixed-3000-seed-41544c53,miss,spatial_hit_test_sync_ms,ms,80,2.4000000953674316
Atlas,f393bc3bb2ad,SVG,comparison-instrument-2026-10-06T15-51-13.379Z,mixed-3000-seed-41544c53,miss,spatial_hit_test_sync_ms,ms,81,11.799999952316284
Atlas,f393bc3bb2ad,SVG,comparison-instrument-2026-10-06T15-51-13.379Z,mixed-3000-seed-41544c53,miss,spatial_hit_test_sync_ms,ms,82,2.4000000953674316
Atlas,f393bc3bb2ad,SVG,comparison-instrument-2026-10-06T15-51-13.379Z,mixed-3000-seed-41544c53,miss,spatial_hit_test_sync_ms,ms,83,2.3999998569488525
Atlas,f393bc3bb2ad,SVG,comparison-instrument-2026-10-06T15-51-13.379Z,mixed-3000-seed-41544c53,miss,spatial_hit_test_sync_ms,ms,84,2.4000000953674316
Atlas,f393bc3bb2ad,SVG,comparison-instrument-2026-10-06T15-51-13.379Z,mixed-3000-seed-41544c53,miss,spatial_hit_test_sync_ms,ms,85,2.299999952316284
Atlas,f393bc3bb2ad,SVG,comparison-instrument-2026-10-06T15-51-13.379Z,mixed-3000-seed-41544c53,miss,spatial_hit_test_sync_ms,ms,86,2.4000000953674316
Atlas,f393bc3bb2ad,SVG,comparison-instrument-2026-10-06T15-51-13.379Z,mixed-3000-seed-41544c53,miss,spatial_hit_test_sync_ms,ms,87,2.1999998092651367
Atlas,f393bc3bb2ad,SVG,comparison-instrument-2026-10-06T15-51-13.379Z,mixed-3000-seed-41544c53,miss,spatial_hit_test_sync_ms,ms,88,2.4000000953674316
Atlas,f393bc3bb2ad,SVG,comparison-instrument-2026-10-06T15-51-13.379Z,mixed-3000-seed-41544c53,miss,spatial_hit_test_sync_ms,ms,89,2.299999952316284
Atlas,f393bc3bb2ad,SVG,comparison-instrument-2026-10-06T15-51-13.379Z,mixed-3000-seed-41544c53,miss,spatial_hit_test_sync_ms,ms,90,2.4000000953674316
Atlas,f393bc3bb2ad,SVG,comparison-instrument-2026-10-06T15-51-13.379Z,mixed-3000-seed-41544c53,miss,spatial_hit_test_sync_ms,ms,91,2.299999952316284
Atlas,f393bc3bb2ad,SVG,comparison-instrument-2026-10-06T15-51-13.379Z,mixed-3000-seed-41544c53,miss,spatial_hit_test_sync_ms,ms,92,2.299999952316284
Atlas,f393bc3bb2ad,SVG,comparison-instrument-2026-10-06T15-51-13.379Z,mixed-3000-seed-41544c53,miss,spatial_hit_test_sync_ms,ms,93,2.4000000953674316
Atlas,f393bc3bb2ad,SVG,comparison-instrument-2026-10-06T15-51-13.379Z,mixed-3000-seed-41544c53,miss,spatial_hit_test_sync_ms,ms,94,2.299999952316284
Atlas,f393bc3bb2ad,SVG,comparison-instrument-2026-10-06T15-51-13.379Z,mixed-3000-seed-41544c53,miss,spatial_hit_test_sync_ms,ms,95,2.299999952316284
Atlas,f393bc3bb2ad,SVG,comparison-instrument-2026-10-06T15-51-13.379Z,mixed-3000-seed-41544c53,miss,spatial_hit_test_sync_ms,ms,96,2.4000000953674316
Atlas,f393bc3bb2ad,SVG,comparison-instrument-2026-10-06T15-51-13.379Z,mixed-3000-seed-41544c53,miss,spatial_hit_test_sync_ms,ms,97,2.299999952316284
Atlas,f393bc3bb2ad,SVG,comparison-instrument-2026-10-06T15-51-13.379Z,mixed-3000-seed-41544c53,miss,spatial_hit_test_sync_ms,ms,98,2.299999952316284
Atlas,f393bc3bb2ad,SVG,comparison-instrument-2026-10-06T15-51-13.379Z,mixed-3000-seed-41544c53,miss,spatial_hit_test_sync_ms,ms,99,2.4000000953674316
Atlas,f393bc3bb2ad,SVG,comparison-instrument-2026-10-06T15-51-13.379Z,mixed-3000-seed-41544c53,miss,spatial_hit_test_sync_ms,ms,100,2.3999998569488525
Atlas,f393bc3bb2ad,SVG,comparison-instrument-2026-10-06T15-51-13.379Z,mixed-3000-seed-41544c53,miss,spatial_hit_test_sync_ms,ms,101,2.4000000953674316
Atlas,f393bc3bb2ad,SVG,comparison-instrument-2026-10-06T15-51-13.379Z,mixed-3000-seed-41544c53,miss,spatial_hit_test_sync_ms,ms,102,2.299999952316284
Atlas,f393bc3bb2ad,SVG,comparison-instrument-2026-10-06T15-51-13.379Z,mixed-3000-seed-41544c53,miss,spatial_hit_test_sync_ms,ms,103,2.299999952316284
Atlas,f393bc3bb2ad,SVG,comparison-instrument-2026-10-06T15-51-13.379Z,mixed-3000-seed-41544c53,miss,spatial_hit_test_sync_ms,ms,104,2.4000000953674316
Atlas,f393bc3bb2ad,SVG,comparison-instrument-2026-10-06T15-51-13.379Z,mixed-3000-seed-41544c53,miss,spatial_hit_test_sync_ms,ms,105,2.299999952316284
Atlas,f393bc3bb2ad,SVG,comparison-instrument-2026-10-06T15-51-13.379Z,mixed-3000-seed-41544c53,miss,spatial_hit_test_sync_ms,ms,106,2.299999952316284
Atlas,f393bc3bb2ad,SVG,comparison-instrument-2026-10-06T15-51-13.379Z,mixed-3000-seed-41544c53,miss,spatial_hit_test_sync_ms,ms,107,2.4000000953674316
Atlas,f393bc3bb2ad,SVG,comparison-instrument-2026-10-06T15-51-13.379Z,mixed-3000-seed-41544c53,miss,spatial_hit_test_sync_ms,ms,108,2.299999952316284
Atlas,f393bc3bb2ad,SVG,comparison-instrument-2026-10-06T15-51-13.379Z,mixed-3000-seed-41544c53,miss,spatial_hit_test_sync_ms,ms,109,2.4000000953674316
Atlas,f393bc3bb2ad,SVG,comparison-instrument-2026-10-06T15-51-13.379Z,mixed-3000-seed-41544c53,miss,spatial_hit_test_sync_ms,ms,110,2.299999952316284
Atlas,f393bc3bb2ad,SVG,comparison-instrument-2026-10-06T15-51-13.379Z,mixed-3000-seed-41544c53,miss,spatial_hit_test_sync_ms,ms,111,2.299999952316284
Atlas,f393bc3bb2ad,SVG,comparison-instrument-2026-10-06T15-51-13.379Z,mixed-3000-seed-41544c53,miss,spatial_hit_test_sync_ms,ms,112,2.299999952316284
Atlas,f393bc3bb2ad,SVG,comparison-instrument-2026-10-06T15-51-13.379Z,mixed-3000-seed-41544c53,miss,spatial_hit_test_sync_ms,ms,113,2.3000001907348633
Atlas,f393bc3bb2ad,SVG,comparison-instrument-2026-10-06T15-51-13.379Z,mixed-3000-seed-41544c53,miss,spatial_hit_test_sync_ms,ms,114,2.5
Atlas,f393bc3bb2ad,SVG,comparison-instrument-2026-10-06T15-51-13.379Z,mixed-3000-seed-41544c53,miss,spatial_hit_test_sync_ms,ms,115,2.299999952316284
Atlas,f393bc3bb2ad,SVG,comparison-instrument-2026-10-06T15-51-13.379Z,mixed-3000-seed-41544c53,miss,spatial_hit_test_sync_ms,ms,116,2.3999998569488525
Atlas,f393bc3bb2ad,SVG,comparison-instrument-2026-10-06T15-51-13.379Z,mixed-3000-seed-41544c53,miss,spatial_hit_test_sync_ms,ms,117,2.4000000953674316
Atlas,f393bc3bb2ad,SVG,comparison-instrument-2026-10-06T15-51-13.379Z,mixed-3000-seed-41544c53,miss,spatial_hit_test_sync_ms,ms,118,2.299999952316284
Atlas,f393bc3bb2ad,SVG,comparison-instrument-2026-10-06T15-51-13.379Z,mixed-3000-seed-41544c53,miss,spatial_hit_test_sync_ms,ms,119,2.299999952316284
Atlas,f393bc3bb2ad,SVG,comparison-instrument-2026-10-06T15-51-13.379Z,mixed-3000-seed-41544c53,miss,spatial_hit_test_sync_ms,ms,120,2.3000001907348633
Atlas,f393bc3bb2ad,SVG,comparison-instrument-2026-10-06T15-51-13.379Z,mixed-3000-seed-41544c53,miss,spatial_hit_test_sync_ms,ms,121,2.299999952316284
Atlas,f393bc3bb2ad,SVG,comparison-instrument-2026-10-06T15-51-13.379Z,mixed-3000-seed-41544c53,miss,spatial_hit_test_sync_ms,ms,122,2.299999952316284
Atlas,f393bc3bb2ad,SVG,comparison-instrument-2026-10-06T15-51-13.379Z,mixed-3000-seed-41544c53,miss,spatial_hit_test_sync_ms,ms,123,2.299999952316284
Atlas,f393bc3bb2ad,SVG,comparison-instrument-2026-10-06T15-51-13.379Z,mixed-3000-seed-41544c53,miss,spatial_hit_test_sync_ms,ms,124,2.4000000953674316
Atlas,f393bc3bb2ad,SVG,comparison-instrument-2026-10-06T15-51-13.379Z,mixed-3000-seed-41544c53,miss,spatial_hit_test_sync_ms,ms,125,2.299999952316284
Atlas,f393bc3bb2ad,SVG,comparison-instrument-2026-10-06T15-51-13.379Z,mixed-3000-seed-41544c53,miss,spatial_hit_test_sync_ms,ms,126,2.299999952316284
Atlas,f393bc3bb2ad,SVG,comparison-instrument-2026-10-06T15-51-13.379Z,mixed-3000-seed-41544c53,miss,spatial_hit_test_sync_ms,ms,127,2.299999952316284
Atlas,f393bc3bb2ad,SVG,comparison-instrument-2026-10-06T15-51-13.379Z,mixed-3000-seed-41544c53,miss,spatial_hit_test_sync_ms,ms,128,2.4000000953674316
Atlas,f393bc3bb2ad,SVG,comparison-instrument-2026-10-06T15-51-13.379Z,mixed-3000-seed-41544c53,miss,spatial_hit_test_sync_ms,ms,129,2.299999952316284
Atlas,f393bc3bb2ad,SVG,comparison-instrument-2026-10-06T15-51-13.379Z,mixed-3000-seed-41544c53,miss,spatial_hit_test_sync_ms,ms,130,2.299999952316284
Atlas,f393bc3bb2ad,SVG,comparison-instrument-2026-10-06T15-51-13.379Z,mixed-3000-seed-41544c53,miss,spatial_hit_test_sync_ms,ms,131,2.3000001907348633
Atlas,f393bc3bb2ad,SVG,comparison-instrument-2026-10-06T15-51-13.379Z,mixed-3000-seed-41544c53,miss,spatial_hit_test_sync_ms,ms,132,2.3999998569488525
Atlas,f393bc3bb2ad,SVG,comparison-instrument-2026-10-06T15-51-13.379Z,mixed-3000-seed-41544c53,miss,spatial_hit_test_sync_ms,ms,133,2.299999952316284
Atlas,f393bc3bb2ad,SVG,comparison-instrument-2026-10-06T15-51-13.379Z,mixed-3000-seed-41544c53,miss,spatial_hit_test_sync_ms,ms,134,2.4000000953674316
Atlas,f393bc3bb2ad,SVG,comparison-instrument-2026-10-06T15-51-13.379Z,mixed-3000-seed-41544c53,miss,spatial_hit_test_sync_ms,ms,135,2.299999952316284
Atlas,f393bc3bb2ad,SVG,comparison-instrument-2026-10-06T15-51-13.379Z,mixed-3000-seed-41544c53,miss,spatial_hit_test_sync_ms,ms,136,2.299999952316284
Atlas,f393bc3bb2ad,SVG,comparison-instrument-2026-10-06T15-51-13.379Z,mixed-3000-seed-41544c53,miss,spatial_hit_test_sync_ms,ms,137,2.3000001907348633
Atlas,f393bc3bb2ad,SVG,comparison-instrument-2026-10-06T15-51-13.379Z,mixed-3000-seed-41544c53,miss,spatial_hit_test_sync_ms,ms,138,2.299999952316284
Atlas,f393bc3bb2ad,SVG,comparison-instrument-2026-10-06T15-51-13.379Z,mixed-3000-seed-41544c53,miss,spatial_hit_test_sync_ms,ms,139,2.3999998569488525
Atlas,f393bc3bb2ad,SVG,comparison-instrument-2026-10-06T15-51-13.379Z,mixed-3000-seed-41544c53,miss,spatial_hit_test_sync_ms,ms,140,2.4000000953674316
Atlas,f393bc3bb2ad,SVG,comparison-instrument-2026-10-06T15-51-13.379Z,mixed-3000-seed-41544c53,miss,spatial_hit_test_sync_ms,ms,141,2.299999952316284
Atlas,f393bc3bb2ad,SVG,comparison-instrument-2026-10-06T15-51-13.379Z,mixed-3000-seed-41544c53,miss,spatial_hit_test_sync_ms,ms,142,2.4000000953674316
Atlas,f393bc3bb2ad,SVG,comparison-instrument-2026-10-06T15-51-13.379Z,mixed-3000-seed-41544c53,miss,spatial_hit_test_sync_ms,ms,143,2.299999952316284
Atlas,f393bc3bb2ad,SVG,comparison-instrument-2026-10-06T15-51-13.379Z,mixed-3000-seed-41544c53,miss,spatial_hit_test_sync_ms,ms,144,2.299999952316284
Atlas,f393bc3bb2ad,SVG,comparison-instrument-2026-10-06T15-51-13.379Z,mixed-3000-seed-41544c53,miss,spatial_hit_test_sync_ms,ms,145,2.5
Atlas,f393bc3bb2ad,SVG,comparison-instrument-2026-10-06T15-51-13.379Z,mixed-3000-seed-41544c53,miss,spatial_hit_test_sync_ms,ms,146,2.299999952316284
Atlas,f393bc3bb2ad,SVG,comparison-instrument-2026-10-06T15-51-13.379Z,mixed-3000-seed-41544c53,miss,spatial_hit_test_sync_ms,ms,147,2.3000001907348633
Atlas,f393bc3bb2ad,SVG,comparison-instrument-2026-10-06T15-51-13.379Z,mixed-3000-seed-41544c53,miss,spatial_hit_test_sync_ms,ms,148,2.299999952316284
Atlas,f393bc3bb2ad,SVG,comparison-instrument-2026-10-06T15-51-13.379Z,mixed-3000-seed-41544c53,miss,spatial_hit_test_sync_ms,ms,149,2.3999998569488525
Atlas,f393bc3bb2ad,SVG,comparison-instrument-2026-10-06T15-51-13.379Z,mixed-3000-seed-41544c53,miss,spatial_hit_test_sync_ms,ms,150,2.3000001907348633
Atlas,f393bc3bb2ad,SVG,comparison-instrument-2026-10-06T15-51-13.379Z,mixed-3000-seed-41544c53,miss,spatial_hit_test_sync_ms,ms,151,2.299999952316284
Atlas,f393bc3bb2ad,SVG,comparison-instrument-2026-10-06T15-51-13.379Z,mixed-3000-seed-41544c53,miss,spatial_hit_test_sync_ms,ms,152,2.3999998569488525
Atlas,f393bc3bb2ad,SVG,comparison-instrument-2026-10-06T15-51-13.379Z,mixed-3000-seed-41544c53,miss,spatial_hit_test_sync_ms,ms,153,2.3000001907348633
Atlas,f393bc3bb2ad,SVG,comparison-instrument-2026-10-06T15-51-13.379Z,mixed-3000-seed-41544c53,miss,spatial_hit_test_sync_ms,ms,154,2.3999998569488525
Atlas,f393bc3bb2ad,SVG,comparison-instrument-2026-10-06T15-51-13.379Z,mixed-3000-seed-41544c53,miss,spatial_hit_test_sync_ms,ms,155,2.299999952316284
Atlas,f393bc3bb2ad,SVG,comparison-instrument-2026-10-06T15-51-13.379Z,mixed-3000-seed-41544c53,miss,spatial_hit_test_sync_ms,ms,156,2.3000001907348633
Atlas,f393bc3bb2ad,SVG,comparison-instrument-2026-10-06T15-51-13.379Z,mixed-3000-seed-41544c53,miss,spatial_hit_test_sync_ms,ms,157,2.299999952316284
Atlas,f393bc3bb2ad,SVG,comparison-instrument-2026-10-06T15-51-13.379Z,mixed-3000-seed-41544c53,miss,spatial_hit_test_sync_ms,ms,158,2.3999998569488525
Atlas,f393bc3bb2ad,SVG,comparison-instrument-2026-10-06T15-51-13.379Z,mixed-3000-seed-41544c53,miss,spatial_hit_test_sync_ms,ms,159,2.3000001907348633
Atlas,f393bc3bb2ad,SVG,comparison-instrument-2026-10-06T15-51-13.379Z,mixed-3000-seed-41544c53,miss,spatial_hit_test_sync_ms,ms,160,2.299999952316284
Atlas,f393bc3bb2ad,SVG,comparison-instrument-2026-10-06T15-51-13.379Z,mixed-3000-seed-41544c53,miss,spatial_hit_test_sync_ms,ms,161,2.3999998569488525
Atlas,f393bc3bb2ad,SVG,comparison-instrument-2026-10-06T15-51-13.379Z,mixed-3000-seed-41544c53,miss,spatial_hit_test_sync_ms,ms,162,2.4000000953674316
Atlas,f393bc3bb2ad,SVG,comparison-instrument-2026-10-06T15-51-13.379Z,mixed-3000-seed-41544c53,miss,spatial_hit_test_sync_ms,ms,163,2.299999952316284
Atlas,f393bc3bb2ad,SVG,comparison-instrument-2026-10-06T15-51-13.379Z,mixed-3000-seed-41544c53,miss,spatial_hit_test_sync_ms,ms,164,2.299999952316284
Atlas,f393bc3bb2ad,SVG,comparison-instrument-2026-10-06T15-51-13.379Z,mixed-3000-seed-41544c53,miss,spatial_hit_test_sync_ms,ms,165,2.3000001907348633
Atlas,f393bc3bb2ad,SVG,comparison-instrument-2026-10-06T15-51-13.379Z,mixed-3000-seed-41544c53,miss,spatial_hit_test_sync_ms,ms,166,2.299999952316284
Atlas,f393bc3bb2ad,SVG,comparison-instrument-2026-10-06T15-51-13.379Z,mixed-3000-seed-41544c53,miss,spatial_hit_test_sync_ms,ms,167,2.299999952316284
Atlas,f393bc3bb2ad,SVG,comparison-instrument-2026-10-06T15-51-13.379Z,mixed-3000-seed-41544c53,miss,spatial_hit_test_sync_ms,ms,168,2.4000000953674316
Atlas,f393bc3bb2ad,SVG,comparison-instrument-2026-10-06T15-51-13.379Z,mixed-3000-seed-41544c53,miss,spatial_hit_test_sync_ms,ms,169,2.299999952316284
Atlas,f393bc3bb2ad,SVG,comparison-instrument-2026-10-06T15-51-13.379Z,mixed-3000-seed-41544c53,miss,spatial_hit_test_sync_ms,ms,170,2.299999952316284
Atlas,f393bc3bb2ad,SVG,comparison-instrument-2026-10-06T15-51-13.379Z,mixed-3000-seed-41544c53,miss,spatial_hit_test_sync_ms,ms,171,2.4000000953674316
Atlas,f393bc3bb2ad,SVG,comparison-instrument-2026-10-06T15-51-13.379Z,mixed-3000-seed-41544c53,miss,spatial_hit_test_sync_ms,ms,172,2.299999952316284
Atlas,f393bc3bb2ad,SVG,comparison-instrument-2026-10-06T15-51-13.379Z,mixed-3000-seed-41544c53,miss,spatial_hit_test_sync_ms,ms,173,2.299999952316284
Atlas,f393bc3bb2ad,SVG,comparison-instrument-2026-10-06T15-51-13.379Z,mixed-3000-seed-41544c53,miss,spatial_hit_test_sync_ms,ms,174,2.299999952316284
Atlas,f393bc3bb2ad,SVG,comparison-instrument-2026-10-06T15-51-13.379Z,mixed-3000-seed-41544c53,miss,spatial_hit_test_sync_ms,ms,175,2.4000000953674316
Atlas,f393bc3bb2ad,SVG,comparison-instrument-2026-10-06T15-51-13.379Z,mixed-3000-seed-41544c53,miss,spatial_hit_test_sync_ms,ms,176,2.299999952316284
Atlas,f393bc3bb2ad,SVG,comparison-instrument-2026-10-06T15-51-13.379Z,mixed-3000-seed-41544c53,miss,spatial_hit_test_sync_ms,ms,177,2.299999952316284
Atlas,f393bc3bb2ad,SVG,comparison-instrument-2026-10-06T15-51-13.379Z,mixed-3000-seed-41544c53,miss,spatial_hit_test_sync_ms,ms,178,2.299999952316284
Atlas,f393bc3bb2ad,SVG,comparison-instrument-2026-10-06T15-51-13.379Z,mixed-3000-seed-41544c53,miss,spatial_hit_test_sync_ms,ms,179,2.4000000953674316
Atlas,f393bc3bb2ad,SVG,comparison-instrument-2026-10-06T15-51-13.379Z,mixed-3000-seed-41544c53,miss,spatial_hit_test_sync_ms,ms,180,2.299999952316284
Atlas,f393bc3bb2ad,SVG,comparison-instrument-2026-10-06T15-51-13.379Z,mixed-3000-seed-41544c53,miss,spatial_hit_test_sync_ms,ms,181,2.299999952316284
Atlas,f393bc3bb2ad,SVG,comparison-instrument-2026-10-06T15-51-13.379Z,mixed-3000-seed-41544c53,miss,spatial_hit_test_sync_ms,ms,182,2.3000001907348633
Atlas,f393bc3bb2ad,SVG,comparison-instrument-2026-10-06T15-51-13.379Z,mixed-3000-seed-41544c53,miss,spatial_hit_test_sync_ms,ms,183,2.299999952316284
Atlas,f393bc3bb2ad,SVG,comparison-instrument-2026-10-06T15-51-13.379Z,mixed-3000-seed-41544c53,miss,spatial_hit_test_sync_ms,ms,184,2.3999998569488525
Atlas,f393bc3bb2ad,SVG,comparison-instrument-2026-10-06T15-51-13.379Z,mixed-3000-seed-41544c53,miss,spatial_hit_test_sync_ms,ms,185,2.3000001907348633
Atlas,f393bc3bb2ad,SVG,comparison-instrument-2026-10-06T15-51-13.379Z,mixed-3000-seed-41544c53,miss,spatial_hit_test_sync_ms,ms,186,2.299999952316284
Atlas,f393bc3bb2ad,SVG,comparison-instrument-2026-10-06T15-51-13.379Z,mixed-3000-seed-41544c53,miss,spatial_hit_test_sync_ms,ms,187,2.3999998569488525
Atlas,f393bc3bb2ad,SVG,comparison-instrument-2026-10-06T15-51-13.379Z,mixed-3000-seed-41544c53,miss,spatial_hit_test_sync_ms,ms,188,2.3000001907348633
Atlas,f393bc3bb2ad,SVG,comparison-instrument-2026-10-06T15-51-13.379Z,mixed-3000-seed-41544c53,miss,spatial_hit_test_sync_ms,ms,189,2.299999952316284
Atlas,f393bc3bb2ad,SVG,comparison-instrument-2026-10-06T15-51-13.379Z,mixed-3000-seed-41544c53,miss,spatial_hit_test_sync_ms,ms,190,2.3999998569488525
Atlas,f393bc3bb2ad,SVG,comparison-instrument-2026-10-06T15-51-13.379Z,mixed-3000-seed-41544c53,miss,spatial_hit_test_sync_ms,ms,191,2.5
Atlas,f393bc3bb2ad,SVG,comparison-instrument-2026-10-06T15-51-13.379Z,mixed-3000-seed-41544c53,miss,spatial_hit_test_sync_ms,ms,192,2.3000001907348633
Atlas,f393bc3bb2ad,SVG,comparison-instrument-2026-10-06T15-51-13.379Z,mixed-3000-seed-41544c53,miss,spatial_hit_test_sync_ms,ms,193,2.299999952316284
Atlas,f393bc3bb2ad,SVG,comparison-instrument-2026-10-06T15-51-13.379Z,mixed-3000-seed-41544c53,miss,spatial_hit_test_sync_ms,ms,194,2.299999952316284
Atlas,f393bc3bb2ad,SVG,comparison-instrument-2026-10-06T15-51-13.379Z,mixed-3000-seed-41544c53,miss,spatial_hit_test_sync_ms,ms,195,2.799999952316284
Atlas,f393bc3bb2ad,SVG,comparison-instrument-2026-10-06T15-51-13.379Z,mixed-3000-seed-41544c53,miss,spatial_hit_test_sync_ms,ms,196,2.299999952316284
Atlas,f393bc3bb2ad,SVG,comparison-instrument-2026-10-06T15-51-13.379Z,mixed-3000-seed-41544c53,miss,spatial_hit_test_sync_ms,ms,197,2.3000001907348633
Atlas,f393bc3bb2ad,SVG,comparison-instrument-2026-10-06T15-51-13.379Z,mixed-3000-seed-41544c53,miss,spatial_hit_test_sync_ms,ms,198,2.3999998569488525
Atlas,f393bc3bb2ad,SVG,comparison-instrument-2026-10-06T15-51-13.379Z,mixed-3000-seed-41544c53,miss,spatial_hit_test_sync_ms,ms,199,2.4000000953674316
Atlas,f393bc3bb2ad,SVG,comparison-instrument-2026-10-06T15-51-13.379Z,mixed-3000-seed-41544c53,miss,svg_attribute_writes,count,0,0
Atlas,f393bc3bb2ad,SVG,comparison-instrument-2026-10-06T15-51-13.379Z,mixed-3000-seed-41544c53,miss,svg_attribute_removals,count,0,0
Atlas,f393bc3bb2ad,SVG,comparison-instrument-2026-10-06T15-51-13.379Z,mixed-3000-seed-41544c53,miss,dom_added_nodes,count,0,0
Atlas,f393bc3bb2ad,SVG,comparison-instrument-2026-10-06T15-51-13.379Z,mixed-3000-seed-41544c53,miss,dom_removed_nodes,count,0,0
Leaflet,1.9.4,SVG,comparison-instrument-2026-10-06T15-51-13.379Z,mixed-3000-seed-41544c53,miss,not_applicable,N/A,0,N/A
Leaflet,1.9.4,Canvas,comparison-instrument-2026-10-06T15-51-13.379Z,mixed-3000-seed-41544c53,miss,not_applicable,N/A,0,N/A
Atlas,f393bc3bb2ad,SVG,comparison-instrument-2026-10-06T15-51-13.379Z,mixed-3000-seed-41544c53,wheel-input,synthetic_wheel_dispatch_sync_ms,ms,0,0.10000014305114746
Atlas,f393bc3bb2ad,SVG,comparison-instrument-2026-10-06T15-51-13.379Z,mixed-3000-seed-41544c53,wheel-input,synthetic_wheel_dispatch_sync_ms,ms,1,0
Atlas,f393bc3bb2ad,SVG,comparison-instrument-2026-10-06T15-51-13.379Z,mixed-3000-seed-41544c53,wheel-input,synthetic_wheel_dispatch_sync_ms,ms,2,0
Atlas,f393bc3bb2ad,SVG,comparison-instrument-2026-10-06T15-51-13.379Z,mixed-3000-seed-41544c53,wheel-input,synthetic_wheel_dispatch_sync_ms,ms,3,0.09999990463256836
Atlas,f393bc3bb2ad,SVG,comparison-instrument-2026-10-06T15-51-13.379Z,mixed-3000-seed-41544c53,wheel-input,synthetic_wheel_dispatch_sync_ms,ms,4,0
Atlas,f393bc3bb2ad,SVG,comparison-instrument-2026-10-06T15-51-13.379Z,mixed-3000-seed-41544c53,wheel-input,synthetic_wheel_dispatch_sync_ms,ms,5,0
Atlas,f393bc3bb2ad,SVG,comparison-instrument-2026-10-06T15-51-13.379Z,mixed-3000-seed-41544c53,wheel-input,synthetic_wheel_dispatch_sync_ms,ms,6,0
Atlas,f393bc3bb2ad,SVG,comparison-instrument-2026-10-06T15-51-13.379Z,mixed-3000-seed-41544c53,wheel-input,synthetic_wheel_dispatch_sync_ms,ms,7,0.09999990463256836
Atlas,f393bc3bb2ad,SVG,comparison-instrument-2026-10-06T15-51-13.379Z,mixed-3000-seed-41544c53,wheel-input,synthetic_wheel_dispatch_sync_ms,ms,8,0
Atlas,f393bc3bb2ad,SVG,comparison-instrument-2026-10-06T15-51-13.379Z,mixed-3000-seed-41544c53,wheel-input,synthetic_wheel_dispatch_sync_ms,ms,9,0
Atlas,f393bc3bb2ad,SVG,comparison-instrument-2026-10-06T15-51-13.379Z,mixed-3000-seed-41544c53,wheel-input,svg_attribute_writes,count,0,150030
Atlas,f393bc3bb2ad,SVG,comparison-instrument-2026-10-06T15-51-13.379Z,mixed-3000-seed-41544c53,wheel-input,svg_attribute_removals,count,0,72000
Atlas,f393bc3bb2ad,SVG,comparison-instrument-2026-10-06T15-51-13.379Z,mixed-3000-seed-41544c53,wheel-input,dom_added_nodes,count,0,0
Atlas,f393bc3bb2ad,SVG,comparison-instrument-2026-10-06T15-51-13.379Z,mixed-3000-seed-41544c53,wheel-input,dom_removed_nodes,count,0,0
Leaflet,1.9.4,SVG,comparison-instrument-2026-10-06T15-51-13.379Z,mixed-3000-seed-41544c53,wheel-input,not_applicable,N/A,0,N/A
Leaflet,1.9.4,Canvas,comparison-instrument-2026-10-06T15-51-13.379Z,mixed-3000-seed-41544c53,wheel-input,not_applicable,N/A,0,N/A
Atlas,f393bc3bb2ad,SVG,comparison-instrument-2026-10-06T15-51-13.379Z,mixed-5000-seed-41544c53,load,atlas_load_promise_ms,ms,0,60.5
Atlas,f393bc3bb2ad,SVG,comparison-instrument-2026-10-06T15-51-13.379Z,mixed-5000-seed-41544c53,load,create_to_raf_opportunities_ms,ms,0,227.79999995231628
Atlas,f393bc3bb2ad,SVG,comparison-instrument-2026-10-06T15-51-13.379Z,mixed-5000-seed-41544c53,load,semantic_roots,count,0,5000
Atlas,f393bc3bb2ad,SVG,comparison-instrument-2026-10-06T15-51-13.379Z,mixed-5000-seed-41544c53,load,owned_points,count,0,8996
Atlas,f393bc3bb2ad,SVG,comparison-instrument-2026-10-06T15-51-13.379Z,mixed-5000-seed-41544c53,load,visual_primitives,count,0,11996
Atlas,f393bc3bb2ad,SVG,comparison-instrument-2026-10-06T15-51-13.379Z,mixed-5000-seed-41544c53,load,svg_element_nodes,count,0,23994
Atlas,f393bc3bb2ad,SVG,comparison-instrument-2026-10-06T15-51-13.379Z,mixed-5000-seed-41544c53,load,owned_element_nodes,count,0,23996
Atlas,f393bc3bb2ad,SVG,comparison-instrument-2026-10-06T15-51-13.379Z,mixed-5000-seed-41544c53,load,svg_attribute_writes,count,0,102974
Atlas,f393bc3bb2ad,SVG,comparison-instrument-2026-10-06T15-51-13.379Z,mixed-5000-seed-41544c53,load,svg_attribute_removals,count,0,11996
Atlas,f393bc3bb2ad,SVG,comparison-instrument-2026-10-06T15-51-13.379Z,mixed-5000-seed-41544c53,load,dom_added_nodes,count,0,11997
Atlas,f393bc3bb2ad,SVG,comparison-instrument-2026-10-06T15-51-13.379Z,mixed-5000-seed-41544c53,load,dom_removed_nodes,count,0,0
Leaflet,1.9.4,SVG,comparison-instrument-2026-10-06T15-51-13.379Z,mixed-5000-seed-41544c53,load,leaflet_scene_setup_ms,ms,0,158.20000004768372
Leaflet,1.9.4,SVG,comparison-instrument-2026-10-06T15-51-13.379Z,mixed-5000-seed-41544c53,load,create_to_raf_opportunities_ms,ms,0,196.39999985694885
Leaflet,1.9.4,SVG,comparison-instrument-2026-10-06T15-51-13.379Z,mixed-5000-seed-41544c53,load,semantic_roots,count,0,5000
Leaflet,1.9.4,SVG,comparison-instrument-2026-10-06T15-51-13.379Z,mixed-5000-seed-41544c53,load,owned_points,count,0,8996
Leaflet,1.9.4,SVG,comparison-instrument-2026-10-06T15-51-13.379Z,mixed-5000-seed-41544c53,load,visual_primitives,count,0,11996
Leaflet,1.9.4,SVG,comparison-instrument-2026-10-06T15-51-13.379Z,mixed-5000-seed-41544c53,load,svg_element_nodes,count,0,11998
Leaflet,1.9.4,SVG,comparison-instrument-2026-10-06T15-51-13.379Z,mixed-5000-seed-41544c53,load,owned_element_nodes,count,0,12012
Leaflet,1.9.4,SVG,comparison-instrument-2026-10-06T15-51-13.379Z,mixed-5000-seed-41544c53,load,svg_attribute_writes,count,0,103968
Leaflet,1.9.4,SVG,comparison-instrument-2026-10-06T15-51-13.379Z,mixed-5000-seed-41544c53,load,svg_attribute_removals,count,0,23992
Leaflet,1.9.4,SVG,comparison-instrument-2026-10-06T15-51-13.379Z,mixed-5000-seed-41544c53,load,dom_added_nodes,count,0,12010
Leaflet,1.9.4,SVG,comparison-instrument-2026-10-06T15-51-13.379Z,mixed-5000-seed-41544c53,load,dom_removed_nodes,count,0,0
Leaflet,1.9.4,Canvas,comparison-instrument-2026-10-06T15-51-13.379Z,mixed-5000-seed-41544c53,load,leaflet_scene_setup_ms,ms,0,19.200000047683716
Leaflet,1.9.4,Canvas,comparison-instrument-2026-10-06T15-51-13.379Z,mixed-5000-seed-41544c53,load,create_to_raf_opportunities_ms,ms,0,108.20000004768372
Leaflet,1.9.4,Canvas,comparison-instrument-2026-10-06T15-51-13.379Z,mixed-5000-seed-41544c53,load,semantic_roots,count,0,5000
Leaflet,1.9.4,Canvas,comparison-instrument-2026-10-06T15-51-13.379Z,mixed-5000-seed-41544c53,load,owned_points,count,0,8996
Leaflet,1.9.4,Canvas,comparison-instrument-2026-10-06T15-51-13.379Z,mixed-5000-seed-41544c53,load,visual_primitives,count,0,11996
Leaflet,1.9.4,Canvas,comparison-instrument-2026-10-06T15-51-13.379Z,mixed-5000-seed-41544c53,load,svg_element_nodes,count,0,N/A
Leaflet,1.9.4,Canvas,comparison-instrument-2026-10-06T15-51-13.379Z,mixed-5000-seed-41544c53,load,owned_element_nodes,count,0,15
Leaflet,1.9.4,Canvas,comparison-instrument-2026-10-06T15-51-13.379Z,mixed-5000-seed-41544c53,load,svg_attribute_writes,N/A,0,N/A
Leaflet,1.9.4,Canvas,comparison-instrument-2026-10-06T15-51-13.379Z,mixed-5000-seed-41544c53,load,svg_attribute_removals,N/A,0,N/A
Leaflet,1.9.4,Canvas,comparison-instrument-2026-10-06T15-51-13.379Z,mixed-5000-seed-41544c53,load,dom_added_nodes,N/A,0,N/A
Leaflet,1.9.4,Canvas,comparison-instrument-2026-10-06T15-51-13.379Z,mixed-5000-seed-41544c53,load,dom_removed_nodes,N/A,0,N/A
Atlas,f393bc3bb2ad,SVG,comparison-instrument-2026-10-06T15-51-13.379Z,mixed-5000-seed-41544c53,pan,frame_interval_ms,ms,0,16.79999999993015
Atlas,f393bc3bb2ad,SVG,comparison-instrument-2026-10-06T15-51-13.379Z,mixed-5000-seed-41544c53,pan,camera_api_sync_ms,ms,0,0
Atlas,f393bc3bb2ad,SVG,comparison-instrument-2026-10-06T15-51-13.379Z,mixed-5000-seed-41544c53,pan,frame_interval_ms,ms,1,16.599999999976717
Atlas,f393bc3bb2ad,SVG,comparison-instrument-2026-10-06T15-51-13.379Z,mixed-5000-seed-41544c53,pan,camera_api_sync_ms,ms,1,0.09999990463256836
Atlas,f393bc3bb2ad,SVG,comparison-instrument-2026-10-06T15-51-13.379Z,mixed-5000-seed-41544c53,pan,frame_interval_ms,ms,2,50
Atlas,f393bc3bb2ad,SVG,comparison-instrument-2026-10-06T15-51-13.379Z,mixed-5000-seed-41544c53,pan,camera_api_sync_ms,ms,2,0.10000014305114746
Atlas,f393bc3bb2ad,SVG,comparison-instrument-2026-10-06T15-51-13.379Z,mixed-5000-seed-41544c53,pan,frame_interval_ms,ms,3,50
Atlas,f393bc3bb2ad,SVG,comparison-instrument-2026-10-06T15-51-13.379Z,mixed-5000-seed-41544c53,pan,camera_api_sync_ms,ms,3,0
Atlas,f393bc3bb2ad,SVG,comparison-instrument-2026-10-06T15-51-13.379Z,mixed-5000-seed-41544c53,pan,frame_interval_ms,ms,4,65.70000000006985
Atlas,f393bc3bb2ad,SVG,comparison-instrument-2026-10-06T15-51-13.379Z,mixed-5000-seed-41544c53,pan,camera_api_sync_ms,ms,4,0.10000014305114746
Atlas,f393bc3bb2ad,SVG,comparison-instrument-2026-10-06T15-51-13.379Z,mixed-5000-seed-41544c53,pan,frame_interval_ms,ms,5,66.69999999995343
Atlas,f393bc3bb2ad,SVG,comparison-instrument-2026-10-06T15-51-13.379Z,mixed-5000-seed-41544c53,pan,camera_api_sync_ms,ms,5,0
Atlas,f393bc3bb2ad,SVG,comparison-instrument-2026-10-06T15-51-13.379Z,mixed-5000-seed-41544c53,pan,frame_interval_ms,ms,6,67.59999999997672
Atlas,f393bc3bb2ad,SVG,comparison-instrument-2026-10-06T15-51-13.379Z,mixed-5000-seed-41544c53,pan,camera_api_sync_ms,ms,6,0.10000014305114746
Atlas,f393bc3bb2ad,SVG,comparison-instrument-2026-10-06T15-51-13.379Z,mixed-5000-seed-41544c53,pan,frame_interval_ms,ms,7,65.80000000004657
Atlas,f393bc3bb2ad,SVG,comparison-instrument-2026-10-06T15-51-13.379Z,mixed-5000-seed-41544c53,pan,camera_api_sync_ms,ms,7,0
Atlas,f393bc3bb2ad,SVG,comparison-instrument-2026-10-06T15-51-13.379Z,mixed-5000-seed-41544c53,pan,frame_interval_ms,ms,8,66.59999999997672
Atlas,f393bc3bb2ad,SVG,comparison-instrument-2026-10-06T15-51-13.379Z,mixed-5000-seed-41544c53,pan,camera_api_sync_ms,ms,8,0.09999990463256836
Atlas,f393bc3bb2ad,SVG,comparison-instrument-2026-10-06T15-51-13.379Z,mixed-5000-seed-41544c53,pan,frame_interval_ms,ms,9,50.90000000002328
Atlas,f393bc3bb2ad,SVG,comparison-instrument-2026-10-06T15-51-13.379Z,mixed-5000-seed-41544c53,pan,camera_api_sync_ms,ms,9,0
Atlas,f393bc3bb2ad,SVG,comparison-instrument-2026-10-06T15-51-13.379Z,mixed-5000-seed-41544c53,pan,frame_interval_ms,ms,10,66.69999999995343
Atlas,f393bc3bb2ad,SVG,comparison-instrument-2026-10-06T15-51-13.379Z,mixed-5000-seed-41544c53,pan,camera_api_sync_ms,ms,10,0
Atlas,f393bc3bb2ad,SVG,comparison-instrument-2026-10-06T15-51-13.379Z,mixed-5000-seed-41544c53,pan,frame_interval_ms,ms,11,66.70000000006985
Atlas,f393bc3bb2ad,SVG,comparison-instrument-2026-10-06T15-51-13.379Z,mixed-5000-seed-41544c53,pan,camera_api_sync_ms,ms,11,0
Atlas,f393bc3bb2ad,SVG,comparison-instrument-2026-10-06T15-51-13.379Z,mixed-5000-seed-41544c53,pan,frame_interval_ms,ms,12,66.59999999997672
Atlas,f393bc3bb2ad,SVG,comparison-instrument-2026-10-06T15-51-13.379Z,mixed-5000-seed-41544c53,pan,camera_api_sync_ms,ms,12,0
Atlas,f393bc3bb2ad,SVG,comparison-instrument-2026-10-06T15-51-13.379Z,mixed-5000-seed-41544c53,pan,frame_interval_ms,ms,13,83.40000000002328
Atlas,f393bc3bb2ad,SVG,comparison-instrument-2026-10-06T15-51-13.379Z,mixed-5000-seed-41544c53,pan,camera_api_sync_ms,ms,13,0.10000014305114746
Atlas,f393bc3bb2ad,SVG,comparison-instrument-2026-10-06T15-51-13.379Z,mixed-5000-seed-41544c53,pan,frame_interval_ms,ms,14,83.19999999995343
Atlas,f393bc3bb2ad,SVG,comparison-instrument-2026-10-06T15-51-13.379Z,mixed-5000-seed-41544c53,pan,camera_api_sync_ms,ms,14,0.10000014305114746
Atlas,f393bc3bb2ad,SVG,comparison-instrument-2026-10-06T15-51-13.379Z,mixed-5000-seed-41544c53,pan,frame_interval_ms,ms,15,200.09999999997672
Atlas,f393bc3bb2ad,SVG,comparison-instrument-2026-10-06T15-51-13.379Z,mixed-5000-seed-41544c53,pan,camera_api_sync_ms,ms,15,0.09999990463256836
Atlas,f393bc3bb2ad,SVG,comparison-instrument-2026-10-06T15-51-13.379Z,mixed-5000-seed-41544c53,pan,frame_interval_ms,ms,16,66.70000000006985
Atlas,f393bc3bb2ad,SVG,comparison-instrument-2026-10-06T15-51-13.379Z,mixed-5000-seed-41544c53,pan,camera_api_sync_ms,ms,16,0.10000014305114746
Atlas,f393bc3bb2ad,SVG,comparison-instrument-2026-10-06T15-51-13.379Z,mixed-5000-seed-41544c53,pan,frame_interval_ms,ms,17,65.69999999995343
Atlas,f393bc3bb2ad,SVG,comparison-instrument-2026-10-06T15-51-13.379Z,mixed-5000-seed-41544c53,pan,camera_api_sync_ms,ms,17,0
Atlas,f393bc3bb2ad,SVG,comparison-instrument-2026-10-06T15-51-13.379Z,mixed-5000-seed-41544c53,pan,frame_interval_ms,ms,18,67.59999999997672
Atlas,f393bc3bb2ad,SVG,comparison-instrument-2026-10-06T15-51-13.379Z,mixed-5000-seed-41544c53,pan,camera_api_sync_ms,ms,18,0
Atlas,f393bc3bb2ad,SVG,comparison-instrument-2026-10-06T15-51-13.379Z,mixed-5000-seed-41544c53,pan,frame_interval_ms,ms,19,50
Atlas,f393bc3bb2ad,SVG,comparison-instrument-2026-10-06T15-51-13.379Z,mixed-5000-seed-41544c53,pan,camera_api_sync_ms,ms,19,0.09999990463256836
Atlas,f393bc3bb2ad,SVG,comparison-instrument-2026-10-06T15-51-13.379Z,mixed-5000-seed-41544c53,pan,frame_interval_ms,ms,20,66.70000000006985
Atlas,f393bc3bb2ad,SVG,comparison-instrument-2026-10-06T15-51-13.379Z,mixed-5000-seed-41544c53,pan,camera_api_sync_ms,ms,20,0.09999990463256836
Atlas,f393bc3bb2ad,SVG,comparison-instrument-2026-10-06T15-51-13.379Z,mixed-5000-seed-41544c53,pan,frame_interval_ms,ms,21,66.69999999995343
Atlas,f393bc3bb2ad,SVG,comparison-instrument-2026-10-06T15-51-13.379Z,mixed-5000-seed-41544c53,pan,camera_api_sync_ms,ms,21,0
Atlas,f393bc3bb2ad,SVG,comparison-instrument-2026-10-06T15-51-13.379Z,mixed-5000-seed-41544c53,pan,frame_interval_ms,ms,22,50
Atlas,f393bc3bb2ad,SVG,comparison-instrument-2026-10-06T15-51-13.379Z,mixed-5000-seed-41544c53,pan,camera_api_sync_ms,ms,22,0
Atlas,f393bc3bb2ad,SVG,comparison-instrument-2026-10-06T15-51-13.379Z,mixed-5000-seed-41544c53,pan,motion_elapsed_ms,ms,0,1516.7999999999302
Atlas,f393bc3bb2ad,SVG,comparison-instrument-2026-10-06T15-51-13.379Z,mixed-5000-seed-41544c53,pan,camera_updates,count,0,23
Atlas,f393bc3bb2ad,SVG,comparison-instrument-2026-10-06T15-51-13.379Z,mixed-5000-seed-41544c53,pan,svg_attribute_writes,count,0,574885
Atlas,f393bc3bb2ad,SVG,comparison-instrument-2026-10-06T15-51-13.379Z,mixed-5000-seed-41544c53,pan,svg_attribute_removals,count,0,275908
Atlas,f393bc3bb2ad,SVG,comparison-instrument-2026-10-06T15-51-13.379Z,mixed-5000-seed-41544c53,pan,dom_added_nodes,count,0,0
Atlas,f393bc3bb2ad,SVG,comparison-instrument-2026-10-06T15-51-13.379Z,mixed-5000-seed-41544c53,pan,dom_removed_nodes,count,0,0
Leaflet,1.9.4,SVG,comparison-instrument-2026-10-06T15-51-13.379Z,mixed-5000-seed-41544c53,pan,frame_interval_ms,ms,0,16.600000000093132
Leaflet,1.9.4,SVG,comparison-instrument-2026-10-06T15-51-13.379Z,mixed-5000-seed-41544c53,pan,camera_api_sync_ms,ms,0,11.299999952316284
Leaflet,1.9.4,SVG,comparison-instrument-2026-10-06T15-51-13.379Z,mixed-5000-seed-41544c53,pan,frame_interval_ms,ms,1,33.39999999990687
Leaflet,1.9.4,SVG,comparison-instrument-2026-10-06T15-51-13.379Z,mixed-5000-seed-41544c53,pan,camera_api_sync_ms,ms,1,11.400000095367432
Leaflet,1.9.4,SVG,comparison-instrument-2026-10-06T15-51-13.379Z,mixed-5000-seed-41544c53,pan,frame_interval_ms,ms,2,33.300000000046566
Leaflet,1.9.4,SVG,comparison-instrument-2026-10-06T15-51-13.379Z,mixed-5000-seed-41544c53,pan,camera_api_sync_ms,ms,2,11.200000047683716
Leaflet,1.9.4,SVG,comparison-instrument-2026-10-06T15-51-13.379Z,mixed-5000-seed-41544c53,pan,frame_interval_ms,ms,3,33.40000000002328
Leaflet,1.9.4,SVG,comparison-instrument-2026-10-06T15-51-13.379Z,mixed-5000-seed-41544c53,pan,camera_api_sync_ms,ms,3,11
Leaflet,1.9.4,SVG,comparison-instrument-2026-10-06T15-51-13.379Z,mixed-5000-seed-41544c53,pan,frame_interval_ms,ms,4,33.29999999993015
Leaflet,1.9.4,SVG,comparison-instrument-2026-10-06T15-51-13.379Z,mixed-5000-seed-41544c53,pan,camera_api_sync_ms,ms,4,11.099999904632568
Leaflet,1.9.4,SVG,comparison-instrument-2026-10-06T15-51-13.379Z,mixed-5000-seed-41544c53,pan,frame_interval_ms,ms,5,33.300000000046566
Leaflet,1.9.4,SVG,comparison-instrument-2026-10-06T15-51-13.379Z,mixed-5000-seed-41544c53,pan,camera_api_sync_ms,ms,5,11.299999952316284
Leaflet,1.9.4,SVG,comparison-instrument-2026-10-06T15-51-13.379Z,mixed-5000-seed-41544c53,pan,frame_interval_ms,ms,6,33.40000000002328
Leaflet,1.9.4,SVG,comparison-instrument-2026-10-06T15-51-13.379Z,mixed-5000-seed-41544c53,pan,camera_api_sync_ms,ms,6,11.5
Leaflet,1.9.4,SVG,comparison-instrument-2026-10-06T15-51-13.379Z,mixed-5000-seed-41544c53,pan,frame_interval_ms,ms,7,33.29999999993015
Leaflet,1.9.4,SVG,comparison-instrument-2026-10-06T15-51-13.379Z,mixed-5000-seed-41544c53,pan,camera_api_sync_ms,ms,7,16.899999856948853
Leaflet,1.9.4,SVG,comparison-instrument-2026-10-06T15-51-13.379Z,mixed-5000-seed-41544c53,pan,frame_interval_ms,ms,8,50
Leaflet,1.9.4,SVG,comparison-instrument-2026-10-06T15-51-13.379Z,mixed-5000-seed-41544c53,pan,camera_api_sync_ms,ms,8,13.700000047683716
Leaflet,1.9.4,SVG,comparison-instrument-2026-10-06T15-51-13.379Z,mixed-5000-seed-41544c53,pan,frame_interval_ms,ms,9,50
Leaflet,1.9.4,SVG,comparison-instrument-2026-10-06T15-51-13.379Z,mixed-5000-seed-41544c53,pan,camera_api_sync_ms,ms,9,13.799999952316284
Leaflet,1.9.4,SVG,comparison-instrument-2026-10-06T15-51-13.379Z,mixed-5000-seed-41544c53,pan,frame_interval_ms,ms,10,33.300000000046566
Leaflet,1.9.4,SVG,comparison-instrument-2026-10-06T15-51-13.379Z,mixed-5000-seed-41544c53,pan,camera_api_sync_ms,ms,10,14.199999809265137
Leaflet,1.9.4,SVG,comparison-instrument-2026-10-06T15-51-13.379Z,mixed-5000-seed-41544c53,pan,frame_interval_ms,ms,11,50
Leaflet,1.9.4,SVG,comparison-instrument-2026-10-06T15-51-13.379Z,mixed-5000-seed-41544c53,pan,camera_api_sync_ms,ms,11,13.900000095367432
Leaflet,1.9.4,SVG,comparison-instrument-2026-10-06T15-51-13.379Z,mixed-5000-seed-41544c53,pan,frame_interval_ms,ms,12,33.40000000002328
Leaflet,1.9.4,SVG,comparison-instrument-2026-10-06T15-51-13.379Z,mixed-5000-seed-41544c53,pan,camera_api_sync_ms,ms,12,15.5
Leaflet,1.9.4,SVG,comparison-instrument-2026-10-06T15-51-13.379Z,mixed-5000-seed-41544c53,pan,frame_interval_ms,ms,13,50
Leaflet,1.9.4,SVG,comparison-instrument-2026-10-06T15-51-13.379Z,mixed-5000-seed-41544c53,pan,camera_api_sync_ms,ms,13,13.699999809265137
Leaflet,1.9.4,SVG,comparison-instrument-2026-10-06T15-51-13.379Z,mixed-5000-seed-41544c53,pan,frame_interval_ms,ms,14,49.90000000002328
Leaflet,1.9.4,SVG,comparison-instrument-2026-10-06T15-51-13.379Z,mixed-5000-seed-41544c53,pan,camera_api_sync_ms,ms,14,14.5
Leaflet,1.9.4,SVG,comparison-instrument-2026-10-06T15-51-13.379Z,mixed-5000-seed-41544c53,pan,frame_interval_ms,ms,15,33.39999999990687
Leaflet,1.9.4,SVG,comparison-instrument-2026-10-06T15-51-13.379Z,mixed-5000-seed-41544c53,pan,camera_api_sync_ms,ms,15,13.5
Leaflet,1.9.4,SVG,comparison-instrument-2026-10-06T15-51-13.379Z,mixed-5000-seed-41544c53,pan,frame_interval_ms,ms,16,50
Leaflet,1.9.4,SVG,comparison-instrument-2026-10-06T15-51-13.379Z,mixed-5000-seed-41544c53,pan,camera_api_sync_ms,ms,16,13.800000190734863
Leaflet,1.9.4,SVG,comparison-instrument-2026-10-06T15-51-13.379Z,mixed-5000-seed-41544c53,pan,frame_interval_ms,ms,17,33.300000000046566
Leaflet,1.9.4,SVG,comparison-instrument-2026-10-06T15-51-13.379Z,mixed-5000-seed-41544c53,pan,camera_api_sync_ms,ms,17,13.699999809265137
Leaflet,1.9.4,SVG,comparison-instrument-2026-10-06T15-51-13.379Z,mixed-5000-seed-41544c53,pan,frame_interval_ms,ms,18,50
Leaflet,1.9.4,SVG,comparison-instrument-2026-10-06T15-51-13.379Z,mixed-5000-seed-41544c53,pan,camera_api_sync_ms,ms,18,14.400000095367432
Leaflet,1.9.4,SVG,comparison-instrument-2026-10-06T15-51-13.379Z,mixed-5000-seed-41544c53,pan,frame_interval_ms,ms,19,33.40000000002328
Leaflet,1.9.4,SVG,comparison-instrument-2026-10-06T15-51-13.379Z,mixed-5000-seed-41544c53,pan,camera_api_sync_ms,ms,19,15.799999952316284
Leaflet,1.9.4,SVG,comparison-instrument-2026-10-06T15-51-13.379Z,mixed-5000-seed-41544c53,pan,frame_interval_ms,ms,20,66.59999999997672
Leaflet,1.9.4,SVG,comparison-instrument-2026-10-06T15-51-13.379Z,mixed-5000-seed-41544c53,pan,camera_api_sync_ms,ms,20,13.700000047683716
Leaflet,1.9.4,SVG,comparison-instrument-2026-10-06T15-51-13.379Z,mixed-5000-seed-41544c53,pan,frame_interval_ms,ms,21,50
Leaflet,1.9.4,SVG,comparison-instrument-2026-10-06T15-51-13.379Z,mixed-5000-seed-41544c53,pan,camera_api_sync_ms,ms,21,13.899999856948853
Leaflet,1.9.4,SVG,comparison-instrument-2026-10-06T15-51-13.379Z,mixed-5000-seed-41544c53,pan,frame_interval_ms,ms,22,33.300000000046566
Leaflet,1.9.4,SVG,comparison-instrument-2026-10-06T15-51-13.379Z,mixed-5000-seed-41544c53,pan,camera_api_sync_ms,ms,22,13.200000047683716
Leaflet,1.9.4,SVG,comparison-instrument-2026-10-06T15-51-13.379Z,mixed-5000-seed-41544c53,pan,frame_interval_ms,ms,23,50
Leaflet,1.9.4,SVG,comparison-instrument-2026-10-06T15-51-13.379Z,mixed-5000-seed-41544c53,pan,camera_api_sync_ms,ms,23,13.400000095367432
Leaflet,1.9.4,SVG,comparison-instrument-2026-10-06T15-51-13.379Z,mixed-5000-seed-41544c53,pan,frame_interval_ms,ms,24,33.39999999990687
Leaflet,1.9.4,SVG,comparison-instrument-2026-10-06T15-51-13.379Z,mixed-5000-seed-41544c53,pan,camera_api_sync_ms,ms,24,13.900000095367432
Leaflet,1.9.4,SVG,comparison-instrument-2026-10-06T15-51-13.379Z,mixed-5000-seed-41544c53,pan,frame_interval_ms,ms,25,33.300000000046566
Leaflet,1.9.4,SVG,comparison-instrument-2026-10-06T15-51-13.379Z,mixed-5000-seed-41544c53,pan,camera_api_sync_ms,ms,25,13
Leaflet,1.9.4,SVG,comparison-instrument-2026-10-06T15-51-13.379Z,mixed-5000-seed-41544c53,pan,frame_interval_ms,ms,26,50
Leaflet,1.9.4,SVG,comparison-instrument-2026-10-06T15-51-13.379Z,mixed-5000-seed-41544c53,pan,camera_api_sync_ms,ms,26,13.400000095367432
Leaflet,1.9.4,SVG,comparison-instrument-2026-10-06T15-51-13.379Z,mixed-5000-seed-41544c53,pan,frame_interval_ms,ms,27,33.300000000046566
Leaflet,1.9.4,SVG,comparison-instrument-2026-10-06T15-51-13.379Z,mixed-5000-seed-41544c53,pan,camera_api_sync_ms,ms,27,14.099999904632568
Leaflet,1.9.4,SVG,comparison-instrument-2026-10-06T15-51-13.379Z,mixed-5000-seed-41544c53,pan,frame_interval_ms,ms,28,33.39999999990687
Leaflet,1.9.4,SVG,comparison-instrument-2026-10-06T15-51-13.379Z,mixed-5000-seed-41544c53,pan,camera_api_sync_ms,ms,28,13.600000143051147
Leaflet,1.9.4,SVG,comparison-instrument-2026-10-06T15-51-13.379Z,mixed-5000-seed-41544c53,pan,frame_interval_ms,ms,29,50
Leaflet,1.9.4,SVG,comparison-instrument-2026-10-06T15-51-13.379Z,mixed-5000-seed-41544c53,pan,camera_api_sync_ms,ms,29,13.100000143051147
Leaflet,1.9.4,SVG,comparison-instrument-2026-10-06T15-51-13.379Z,mixed-5000-seed-41544c53,pan,frame_interval_ms,ms,30,32.90000000002328
Leaflet,1.9.4,SVG,comparison-instrument-2026-10-06T15-51-13.379Z,mixed-5000-seed-41544c53,pan,camera_api_sync_ms,ms,30,13.599999904632568
Leaflet,1.9.4,SVG,comparison-instrument-2026-10-06T15-51-13.379Z,mixed-5000-seed-41544c53,pan,frame_interval_ms,ms,31,33.70000000006985
Leaflet,1.9.4,SVG,comparison-instrument-2026-10-06T15-51-13.379Z,mixed-5000-seed-41544c53,pan,camera_api_sync_ms,ms,31,13.800000190734863
Leaflet,1.9.4,SVG,comparison-instrument-2026-10-06T15-51-13.379Z,mixed-5000-seed-41544c53,pan,frame_interval_ms,ms,32,50.09999999997672
Leaflet,1.9.4,SVG,comparison-instrument-2026-10-06T15-51-13.379Z,mixed-5000-seed-41544c53,pan,camera_api_sync_ms,ms,32,13.599999904632568
Leaflet,1.9.4,SVG,comparison-instrument-2026-10-06T15-51-13.379Z,mixed-5000-seed-41544c53,pan,frame_interval_ms,ms,33,33.29999999993015
Leaflet,1.9.4,SVG,comparison-instrument-2026-10-06T15-51-13.379Z,mixed-5000-seed-41544c53,pan,camera_api_sync_ms,ms,33,14.799999952316284
Leaflet,1.9.4,SVG,comparison-instrument-2026-10-06T15-51-13.379Z,mixed-5000-seed-41544c53,pan,frame_interval_ms,ms,34,33.300000000046566
Leaflet,1.9.4,SVG,comparison-instrument-2026-10-06T15-51-13.379Z,mixed-5000-seed-41544c53,pan,camera_api_sync_ms,ms,34,14.099999904632568
Leaflet,1.9.4,SVG,comparison-instrument-2026-10-06T15-51-13.379Z,mixed-5000-seed-41544c53,pan,frame_interval_ms,ms,35,50
Leaflet,1.9.4,SVG,comparison-instrument-2026-10-06T15-51-13.379Z,mixed-5000-seed-41544c53,pan,camera_api_sync_ms,ms,35,13.200000047683716
Leaflet,1.9.4,SVG,comparison-instrument-2026-10-06T15-51-13.379Z,mixed-5000-seed-41544c53,pan,frame_interval_ms,ms,36,33.40000000002328
Leaflet,1.9.4,SVG,comparison-instrument-2026-10-06T15-51-13.379Z,mixed-5000-seed-41544c53,pan,camera_api_sync_ms,ms,36,13.200000047683716
Leaflet,1.9.4,SVG,comparison-instrument-2026-10-06T15-51-13.379Z,mixed-5000-seed-41544c53,pan,frame_interval_ms,ms,37,33.29999999993015
Leaflet,1.9.4,SVG,comparison-instrument-2026-10-06T15-51-13.379Z,mixed-5000-seed-41544c53,pan,camera_api_sync_ms,ms,37,14.100000143051147
Leaflet,1.9.4,SVG,comparison-instrument-2026-10-06T15-51-13.379Z,mixed-5000-seed-41544c53,pan,motion_elapsed_ms,ms,0,1500
Leaflet,1.9.4,SVG,comparison-instrument-2026-10-06T15-51-13.379Z,mixed-5000-seed-41544c53,pan,camera_updates,count,0,38
Leaflet,1.9.4,SVG,comparison-instrument-2026-10-06T15-51-13.379Z,mixed-5000-seed-41544c53,pan,svg_attribute_writes,count,0,455886
Leaflet,1.9.4,SVG,comparison-instrument-2026-10-06T15-51-13.379Z,mixed-5000-seed-41544c53,pan,svg_attribute_removals,count,0,0
Leaflet,1.9.4,SVG,comparison-instrument-2026-10-06T15-51-13.379Z,mixed-5000-seed-41544c53,pan,dom_added_nodes,count,0,0
Leaflet,1.9.4,SVG,comparison-instrument-2026-10-06T15-51-13.379Z,mixed-5000-seed-41544c53,pan,dom_removed_nodes,count,0,0
Leaflet,1.9.4,Canvas,comparison-instrument-2026-10-06T15-51-13.379Z,mixed-5000-seed-41544c53,pan,frame_interval_ms,ms,0,16.599999999976717
Leaflet,1.9.4,Canvas,comparison-instrument-2026-10-06T15-51-13.379Z,mixed-5000-seed-41544c53,pan,camera_api_sync_ms,ms,0,8.400000095367432
Leaflet,1.9.4,Canvas,comparison-instrument-2026-10-06T15-51-13.379Z,mixed-5000-seed-41544c53,pan,frame_interval_ms,ms,1,83.40000000002328
Leaflet,1.9.4,Canvas,comparison-instrument-2026-10-06T15-51-13.379Z,mixed-5000-seed-41544c53,pan,camera_api_sync_ms,ms,1,8.799999952316284
Leaflet,1.9.4,Canvas,comparison-instrument-2026-10-06T15-51-13.379Z,mixed-5000-seed-41544c53,pan,frame_interval_ms,ms,2,100
Leaflet,1.9.4,Canvas,comparison-instrument-2026-10-06T15-51-13.379Z,mixed-5000-seed-41544c53,pan,camera_api_sync_ms,ms,2,8.200000047683716
Leaflet,1.9.4,Canvas,comparison-instrument-2026-10-06T15-51-13.379Z,mixed-5000-seed-41544c53,pan,frame_interval_ms,ms,3,83.30000000004657
Leaflet,1.9.4,Canvas,comparison-instrument-2026-10-06T15-51-13.379Z,mixed-5000-seed-41544c53,pan,camera_api_sync_ms,ms,3,8.900000095367432
Leaflet,1.9.4,Canvas,comparison-instrument-2026-10-06T15-51-13.379Z,mixed-5000-seed-41544c53,pan,frame_interval_ms,ms,4,116.69999999995343
Leaflet,1.9.4,Canvas,comparison-instrument-2026-10-06T15-51-13.379Z,mixed-5000-seed-41544c53,pan,camera_api_sync_ms,ms,4,8.799999952316284
Leaflet,1.9.4,Canvas,comparison-instrument-2026-10-06T15-51-13.379Z,mixed-5000-seed-41544c53,pan,frame_interval_ms,ms,5,83.30000000004657
Leaflet,1.9.4,Canvas,comparison-instrument-2026-10-06T15-51-13.379Z,mixed-5000-seed-41544c53,pan,camera_api_sync_ms,ms,5,7.799999952316284
Leaflet,1.9.4,Canvas,comparison-instrument-2026-10-06T15-51-13.379Z,mixed-5000-seed-41544c53,pan,frame_interval_ms,ms,6,82.29999999993015
Leaflet,1.9.4,Canvas,comparison-instrument-2026-10-06T15-51-13.379Z,mixed-5000-seed-41544c53,pan,camera_api_sync_ms,ms,6,7.900000095367432
Leaflet,1.9.4,Canvas,comparison-instrument-2026-10-06T15-51-13.379Z,mixed-5000-seed-41544c53,pan,frame_interval_ms,ms,7,84.40000000002328
Leaflet,1.9.4,Canvas,comparison-instrument-2026-10-06T15-51-13.379Z,mixed-5000-seed-41544c53,pan,camera_api_sync_ms,ms,7,8.700000047683716
Leaflet,1.9.4,Canvas,comparison-instrument-2026-10-06T15-51-13.379Z,mixed-5000-seed-41544c53,pan,frame_interval_ms,ms,8,100
Leaflet,1.9.4,Canvas,comparison-instrument-2026-10-06T15-51-13.379Z,mixed-5000-seed-41544c53,pan,camera_api_sync_ms,ms,8,7.799999952316284
Leaflet,1.9.4,Canvas,comparison-instrument-2026-10-06T15-51-13.379Z,mixed-5000-seed-41544c53,pan,frame_interval_ms,ms,9,83.40000000002328
Leaflet,1.9.4,Canvas,comparison-instrument-2026-10-06T15-51-13.379Z,mixed-5000-seed-41544c53,pan,camera_api_sync_ms,ms,9,8
Leaflet,1.9.4,Canvas,comparison-instrument-2026-10-06T15-51-13.379Z,mixed-5000-seed-41544c53,pan,frame_interval_ms,ms,10,83.19999999995343
Leaflet,1.9.4,Canvas,comparison-instrument-2026-10-06T15-51-13.379Z,mixed-5000-seed-41544c53,pan,camera_api_sync_ms,ms,10,7.8999998569488525
Leaflet,1.9.4,Canvas,comparison-instrument-2026-10-06T15-51-13.379Z,mixed-5000-seed-41544c53,pan,frame_interval_ms,ms,11,83.40000000002328
Leaflet,1.9.4,Canvas,comparison-instrument-2026-10-06T15-51-13.379Z,mixed-5000-seed-41544c53,pan,camera_api_sync_ms,ms,11,10.200000047683716
Leaflet,1.9.4,Canvas,comparison-instrument-2026-10-06T15-51-13.379Z,mixed-5000-seed-41544c53,pan,frame_interval_ms,ms,12,99.80000000004657
Leaflet,1.9.4,Canvas,comparison-instrument-2026-10-06T15-51-13.379Z,mixed-5000-seed-41544c53,pan,camera_api_sync_ms,ms,12,8.200000047683716
Leaflet,1.9.4,Canvas,comparison-instrument-2026-10-06T15-51-13.379Z,mixed-5000-seed-41544c53,pan,frame_interval_ms,ms,13,83.5
Leaflet,1.9.4,Canvas,comparison-instrument-2026-10-06T15-51-13.379Z,mixed-5000-seed-41544c53,pan,camera_api_sync_ms,ms,13,8.100000143051147
Leaflet,1.9.4,Canvas,comparison-instrument-2026-10-06T15-51-13.379Z,mixed-5000-seed-41544c53,pan,frame_interval_ms,ms,14,83.39999999990687
Leaflet,1.9.4,Canvas,comparison-instrument-2026-10-06T15-51-13.379Z,mixed-5000-seed-41544c53,pan,camera_api_sync_ms,ms,14,8.199999809265137
Leaflet,1.9.4,Canvas,comparison-instrument-2026-10-06T15-51-13.379Z,mixed-5000-seed-41544c53,pan,frame_interval_ms,ms,15,100
Leaflet,1.9.4,Canvas,comparison-instrument-2026-10-06T15-51-13.379Z,mixed-5000-seed-41544c53,pan,camera_api_sync_ms,ms,15,7.800000190734863
Leaflet,1.9.4,Canvas,comparison-instrument-2026-10-06T15-51-13.379Z,mixed-5000-seed-41544c53,pan,frame_interval_ms,ms,16,83.30000000004657
Leaflet,1.9.4,Canvas,comparison-instrument-2026-10-06T15-51-13.379Z,mixed-5000-seed-41544c53,pan,camera_api_sync_ms,ms,16,7.799999952316284
Leaflet,1.9.4,Canvas,comparison-instrument-2026-10-06T15-51-13.379Z,mixed-5000-seed-41544c53,pan,frame_interval_ms,ms,17,100
Leaflet,1.9.4,Canvas,comparison-instrument-2026-10-06T15-51-13.379Z,mixed-5000-seed-41544c53,pan,camera_api_sync_ms,ms,17,8.299999952316284
Leaflet,1.9.4,Canvas,comparison-instrument-2026-10-06T15-51-13.379Z,mixed-5000-seed-41544c53,pan,motion_elapsed_ms,ms,0,1550
Leaflet,1.9.4,Canvas,comparison-instrument-2026-10-06T15-51-13.379Z,mixed-5000-seed-41544c53,pan,camera_updates,count,0,18
Leaflet,1.9.4,Canvas,comparison-instrument-2026-10-06T15-51-13.379Z,mixed-5000-seed-41544c53,pan,svg_attribute_writes,N/A,0,N/A
Leaflet,1.9.4,Canvas,comparison-instrument-2026-10-06T15-51-13.379Z,mixed-5000-seed-41544c53,pan,svg_attribute_removals,N/A,0,N/A
Leaflet,1.9.4,Canvas,comparison-instrument-2026-10-06T15-51-13.379Z,mixed-5000-seed-41544c53,pan,dom_added_nodes,N/A,0,N/A
Leaflet,1.9.4,Canvas,comparison-instrument-2026-10-06T15-51-13.379Z,mixed-5000-seed-41544c53,pan,dom_removed_nodes,N/A,0,N/A
Atlas,f393bc3bb2ad,SVG,comparison-instrument-2026-10-06T15-51-13.379Z,mixed-5000-seed-41544c53,zoom,frame_interval_ms,ms,0,16.600000000093132
Atlas,f393bc3bb2ad,SVG,comparison-instrument-2026-10-06T15-51-13.379Z,mixed-5000-seed-41544c53,zoom,camera_api_sync_ms,ms,0,0
Atlas,f393bc3bb2ad,SVG,comparison-instrument-2026-10-06T15-51-13.379Z,mixed-5000-seed-41544c53,zoom,frame_interval_ms,ms,1,16.699999999953434
Atlas,f393bc3bb2ad,SVG,comparison-instrument-2026-10-06T15-51-13.379Z,mixed-5000-seed-41544c53,zoom,camera_api_sync_ms,ms,1,0
Atlas,f393bc3bb2ad,SVG,comparison-instrument-2026-10-06T15-51-13.379Z,mixed-5000-seed-41544c53,zoom,frame_interval_ms,ms,2,66.69999999995343
Atlas,f393bc3bb2ad,SVG,comparison-instrument-2026-10-06T15-51-13.379Z,mixed-5000-seed-41544c53,zoom,camera_api_sync_ms,ms,2,0
Atlas,f393bc3bb2ad,SVG,comparison-instrument-2026-10-06T15-51-13.379Z,mixed-5000-seed-41544c53,zoom,frame_interval_ms,ms,3,83.20000000006985
Atlas,f393bc3bb2ad,SVG,comparison-instrument-2026-10-06T15-51-13.379Z,mixed-5000-seed-41544c53,zoom,camera_api_sync_ms,ms,3,0
Atlas,f393bc3bb2ad,SVG,comparison-instrument-2026-10-06T15-51-13.379Z,mixed-5000-seed-41544c53,zoom,frame_interval_ms,ms,4,66.69999999995343
Atlas,f393bc3bb2ad,SVG,comparison-instrument-2026-10-06T15-51-13.379Z,mixed-5000-seed-41544c53,zoom,camera_api_sync_ms,ms,4,0
Atlas,f393bc3bb2ad,SVG,comparison-instrument-2026-10-06T15-51-13.379Z,mixed-5000-seed-41544c53,zoom,frame_interval_ms,ms,5,66.70000000006985
Atlas,f393bc3bb2ad,SVG,comparison-instrument-2026-10-06T15-51-13.379Z,mixed-5000-seed-41544c53,zoom,camera_api_sync_ms,ms,5,0.09999990463256836
Atlas,f393bc3bb2ad,SVG,comparison-instrument-2026-10-06T15-51-13.379Z,mixed-5000-seed-41544c53,zoom,frame_interval_ms,ms,6,66.69999999995343
Atlas,f393bc3bb2ad,SVG,comparison-instrument-2026-10-06T15-51-13.379Z,mixed-5000-seed-41544c53,zoom,camera_api_sync_ms,ms,6,0
Atlas,f393bc3bb2ad,SVG,comparison-instrument-2026-10-06T15-51-13.379Z,mixed-5000-seed-41544c53,zoom,frame_interval_ms,ms,7,66.59999999997672
Atlas,f393bc3bb2ad,SVG,comparison-instrument-2026-10-06T15-51-13.379Z,mixed-5000-seed-41544c53,zoom,camera_api_sync_ms,ms,7,0
Atlas,f393bc3bb2ad,SVG,comparison-instrument-2026-10-06T15-51-13.379Z,mixed-5000-seed-41544c53,zoom,frame_interval_ms,ms,8,82.40000000002328
Atlas,f393bc3bb2ad,SVG,comparison-instrument-2026-10-06T15-51-13.379Z,mixed-5000-seed-41544c53,zoom,camera_api_sync_ms,ms,8,0
Atlas,f393bc3bb2ad,SVG,comparison-instrument-2026-10-06T15-51-13.379Z,mixed-5000-seed-41544c53,zoom,frame_interval_ms,ms,9,67.59999999997672
Atlas,f393bc3bb2ad,SVG,comparison-instrument-2026-10-06T15-51-13.379Z,mixed-5000-seed-41544c53,zoom,camera_api_sync_ms,ms,9,0
Atlas,f393bc3bb2ad,SVG,comparison-instrument-2026-10-06T15-51-13.379Z,mixed-5000-seed-41544c53,zoom,frame_interval_ms,ms,10,65.80000000004657
Atlas,f393bc3bb2ad,SVG,comparison-instrument-2026-10-06T15-51-13.379Z,mixed-5000-seed-41544c53,zoom,camera_api_sync_ms,ms,10,0
Atlas,f393bc3bb2ad,SVG,comparison-instrument-2026-10-06T15-51-13.379Z,mixed-5000-seed-41544c53,zoom,frame_interval_ms,ms,11,84.19999999995343
Atlas,f393bc3bb2ad,SVG,comparison-instrument-2026-10-06T15-51-13.379Z,mixed-5000-seed-41544c53,zoom,camera_api_sync_ms,ms,11,0
Atlas,f393bc3bb2ad,SVG,comparison-instrument-2026-10-06T15-51-13.379Z,mixed-5000-seed-41544c53,zoom,frame_interval_ms,ms,12,66.70000000006985
Atlas,f393bc3bb2ad,SVG,comparison-instrument-2026-10-06T15-51-13.379Z,mixed-5000-seed-41544c53,zoom,camera_api_sync_ms,ms,12,0
Atlas,f393bc3bb2ad,SVG,comparison-instrument-2026-10-06T15-51-13.379Z,mixed-5000-seed-41544c53,zoom,frame_interval_ms,ms,13,66.69999999995343
Atlas,f393bc3bb2ad,SVG,comparison-instrument-2026-10-06T15-51-13.379Z,mixed-5000-seed-41544c53,zoom,camera_api_sync_ms,ms,13,0
Atlas,f393bc3bb2ad,SVG,comparison-instrument-2026-10-06T15-51-13.379Z,mixed-5000-seed-41544c53,zoom,frame_interval_ms,ms,14,66.59999999997672
Atlas,f393bc3bb2ad,SVG,comparison-instrument-2026-10-06T15-51-13.379Z,mixed-5000-seed-41544c53,zoom,camera_api_sync_ms,ms,14,0
Atlas,f393bc3bb2ad,SVG,comparison-instrument-2026-10-06T15-51-13.379Z,mixed-5000-seed-41544c53,zoom,frame_interval_ms,ms,15,66.80000000004657
Atlas,f393bc3bb2ad,SVG,comparison-instrument-2026-10-06T15-51-13.379Z,mixed-5000-seed-41544c53,zoom,camera_api_sync_ms,ms,15,0
Atlas,f393bc3bb2ad,SVG,comparison-instrument-2026-10-06T15-51-13.379Z,mixed-5000-seed-41544c53,zoom,frame_interval_ms,ms,16,83.29999999993015
Atlas,f393bc3bb2ad,SVG,comparison-instrument-2026-10-06T15-51-13.379Z,mixed-5000-seed-41544c53,zoom,camera_api_sync_ms,ms,16,0
Atlas,f393bc3bb2ad,SVG,comparison-instrument-2026-10-06T15-51-13.379Z,mixed-5000-seed-41544c53,zoom,frame_interval_ms,ms,17,65.60000000009313
Atlas,f393bc3bb2ad,SVG,comparison-instrument-2026-10-06T15-51-13.379Z,mixed-5000-seed-41544c53,zoom,camera_api_sync_ms,ms,17,0.10000014305114746
Atlas,f393bc3bb2ad,SVG,comparison-instrument-2026-10-06T15-51-13.379Z,mixed-5000-seed-41544c53,zoom,frame_interval_ms,ms,18,84.29999999993015
Atlas,f393bc3bb2ad,SVG,comparison-instrument-2026-10-06T15-51-13.379Z,mixed-5000-seed-41544c53,zoom,camera_api_sync_ms,ms,18,0
Atlas,f393bc3bb2ad,SVG,comparison-instrument-2026-10-06T15-51-13.379Z,mixed-5000-seed-41544c53,zoom,frame_interval_ms,ms,19,83.40000000002328
Atlas,f393bc3bb2ad,SVG,comparison-instrument-2026-10-06T15-51-13.379Z,mixed-5000-seed-41544c53,zoom,camera_api_sync_ms,ms,19,0.09999990463256836
Atlas,f393bc3bb2ad,SVG,comparison-instrument-2026-10-06T15-51-13.379Z,mixed-5000-seed-41544c53,zoom,frame_interval_ms,ms,20,83.40000000002328
Atlas,f393bc3bb2ad,SVG,comparison-instrument-2026-10-06T15-51-13.379Z,mixed-5000-seed-41544c53,zoom,camera_api_sync_ms,ms,20,0.09999990463256836
Atlas,f393bc3bb2ad,SVG,comparison-instrument-2026-10-06T15-51-13.379Z,mixed-5000-seed-41544c53,zoom,frame_interval_ms,ms,21,83.29999999993015
Atlas,f393bc3bb2ad,SVG,comparison-instrument-2026-10-06T15-51-13.379Z,mixed-5000-seed-41544c53,zoom,camera_api_sync_ms,ms,21,0.09999990463256836
Atlas,f393bc3bb2ad,SVG,comparison-instrument-2026-10-06T15-51-13.379Z,mixed-5000-seed-41544c53,zoom,motion_elapsed_ms,ms,0,1500
Atlas,f393bc3bb2ad,SVG,comparison-instrument-2026-10-06T15-51-13.379Z,mixed-5000-seed-41544c53,zoom,camera_updates,count,0,22
Atlas,f393bc3bb2ad,SVG,comparison-instrument-2026-10-06T15-51-13.379Z,mixed-5000-seed-41544c53,zoom,svg_attribute_writes,count,0,549890
Atlas,f393bc3bb2ad,SVG,comparison-instrument-2026-10-06T15-51-13.379Z,mixed-5000-seed-41544c53,zoom,svg_attribute_removals,count,0,263912
Atlas,f393bc3bb2ad,SVG,comparison-instrument-2026-10-06T15-51-13.379Z,mixed-5000-seed-41544c53,zoom,dom_added_nodes,count,0,0
Atlas,f393bc3bb2ad,SVG,comparison-instrument-2026-10-06T15-51-13.379Z,mixed-5000-seed-41544c53,zoom,dom_removed_nodes,count,0,0
Leaflet,1.9.4,SVG,comparison-instrument-2026-10-06T15-51-13.379Z,mixed-5000-seed-41544c53,zoom,frame_interval_ms,ms,0,16.800000000046566
Leaflet,1.9.4,SVG,comparison-instrument-2026-10-06T15-51-13.379Z,mixed-5000-seed-41544c53,zoom,camera_api_sync_ms,ms,0,48.89999985694885
Leaflet,1.9.4,SVG,comparison-instrument-2026-10-06T15-51-13.379Z,mixed-5000-seed-41544c53,zoom,frame_interval_ms,ms,1,83.19999999995343
Leaflet,1.9.4,SVG,comparison-instrument-2026-10-06T15-51-13.379Z,mixed-5000-seed-41544c53,zoom,camera_api_sync_ms,ms,1,48.299999952316284
Leaflet,1.9.4,SVG,comparison-instrument-2026-10-06T15-51-13.379Z,mixed-5000-seed-41544c53,zoom,frame_interval_ms,ms,2,83.30000000004657
Leaflet,1.9.4,SVG,comparison-instrument-2026-10-06T15-51-13.379Z,mixed-5000-seed-41544c53,zoom,camera_api_sync_ms,ms,2,59.5
Leaflet,1.9.4,SVG,comparison-instrument-2026-10-06T15-51-13.379Z,mixed-5000-seed-41544c53,zoom,frame_interval_ms,ms,3,99.09999999997672
Leaflet,1.9.4,SVG,comparison-instrument-2026-10-06T15-51-13.379Z,mixed-5000-seed-41544c53,zoom,camera_api_sync_ms,ms,3,52.09999990463257
Leaflet,1.9.4,SVG,comparison-instrument-2026-10-06T15-51-13.379Z,mixed-5000-seed-41544c53,zoom,frame_interval_ms,ms,4,101
Leaflet,1.9.4,SVG,comparison-instrument-2026-10-06T15-51-13.379Z,mixed-5000-seed-41544c53,zoom,camera_api_sync_ms,ms,4,41.39999985694885
Leaflet,1.9.4,SVG,comparison-instrument-2026-10-06T15-51-13.379Z,mixed-5000-seed-41544c53,zoom,frame_interval_ms,ms,5,66.69999999995343
Leaflet,1.9.4,SVG,comparison-instrument-2026-10-06T15-51-13.379Z,mixed-5000-seed-41544c53,zoom,camera_api_sync_ms,ms,5,45.299999952316284
Leaflet,1.9.4,SVG,comparison-instrument-2026-10-06T15-51-13.379Z,mixed-5000-seed-41544c53,zoom,frame_interval_ms,ms,6,83.30000000004657
Leaflet,1.9.4,SVG,comparison-instrument-2026-10-06T15-51-13.379Z,mixed-5000-seed-41544c53,zoom,camera_api_sync_ms,ms,6,35.59999990463257
Leaflet,1.9.4,SVG,comparison-instrument-2026-10-06T15-51-13.379Z,mixed-5000-seed-41544c53,zoom,frame_interval_ms,ms,7,82.40000000002328
Leaflet,1.9.4,SVG,comparison-instrument-2026-10-06T15-51-13.379Z,mixed-5000-seed-41544c53,zoom,camera_api_sync_ms,ms,7,44.799999952316284
Leaflet,1.9.4,SVG,comparison-instrument-2026-10-06T15-51-13.379Z,mixed-5000-seed-41544c53,zoom,frame_interval_ms,ms,8,67.59999999997672
Leaflet,1.9.4,SVG,comparison-instrument-2026-10-06T15-51-13.379Z,mixed-5000-seed-41544c53,zoom,camera_api_sync_ms,ms,8,31.59999990463257
Leaflet,1.9.4,SVG,comparison-instrument-2026-10-06T15-51-13.379Z,mixed-5000-seed-41544c53,zoom,frame_interval_ms,ms,9,66.59999999997672
Leaflet,1.9.4,SVG,comparison-instrument-2026-10-06T15-51-13.379Z,mixed-5000-seed-41544c53,zoom,camera_api_sync_ms,ms,9,39.299999952316284
Leaflet,1.9.4,SVG,comparison-instrument-2026-10-06T15-51-13.379Z,mixed-5000-seed-41544c53,zoom,frame_interval_ms,ms,10,83.40000000002328
Leaflet,1.9.4,SVG,comparison-instrument-2026-10-06T15-51-13.379Z,mixed-5000-seed-41544c53,zoom,camera_api_sync_ms,ms,10,36.200000047683716
Leaflet,1.9.4,SVG,comparison-instrument-2026-10-06T15-51-13.379Z,mixed-5000-seed-41544c53,zoom,frame_interval_ms,ms,11,66.59999999997672
Leaflet,1.9.4,SVG,comparison-instrument-2026-10-06T15-51-13.379Z,mixed-5000-seed-41544c53,zoom,camera_api_sync_ms,ms,11,35.5
Leaflet,1.9.4,SVG,comparison-instrument-2026-10-06T15-51-13.379Z,mixed-5000-seed-41544c53,zoom,frame_interval_ms,ms,12,66.70000000006985
Leaflet,1.9.4,SVG,comparison-instrument-2026-10-06T15-51-13.379Z,mixed-5000-seed-41544c53,zoom,camera_api_sync_ms,ms,12,53.09999990463257
Leaflet,1.9.4,SVG,comparison-instrument-2026-10-06T15-51-13.379Z,mixed-5000-seed-41544c53,zoom,frame_interval_ms,ms,13,83.29999999993015
Leaflet,1.9.4,SVG,comparison-instrument-2026-10-06T15-51-13.379Z,mixed-5000-seed-41544c53,zoom,camera_api_sync_ms,ms,13,46.40000009536743
Leaflet,1.9.4,SVG,comparison-instrument-2026-10-06T15-51-13.379Z,mixed-5000-seed-41544c53,zoom,frame_interval_ms,ms,14,116.70000000006985
Leaflet,1.9.4,SVG,comparison-instrument-2026-10-06T15-51-13.379Z,mixed-5000-seed-41544c53,zoom,camera_api_sync_ms,ms,14,73.79999995231628
Leaflet,1.9.4,SVG,comparison-instrument-2026-10-06T15-51-13.379Z,mixed-5000-seed-41544c53,zoom,frame_interval_ms,ms,15,116.69999999995343
Leaflet,1.9.4,SVG,comparison-instrument-2026-10-06T15-51-13.379Z,mixed-5000-seed-41544c53,zoom,camera_api_sync_ms,ms,15,68.10000014305115
Leaflet,1.9.4,SVG,comparison-instrument-2026-10-06T15-51-13.379Z,mixed-5000-seed-41544c53,zoom,frame_interval_ms,ms,16,115.69999999995343
Leaflet,1.9.4,SVG,comparison-instrument-2026-10-06T15-51-13.379Z,mixed-5000-seed-41544c53,zoom,camera_api_sync_ms,ms,16,62.40000009536743
Leaflet,1.9.4,SVG,comparison-instrument-2026-10-06T15-51-13.379Z,mixed-5000-seed-41544c53,zoom,frame_interval_ms,ms,17,100.90000000002328
Leaflet,1.9.4,SVG,comparison-instrument-2026-10-06T15-51-13.379Z,mixed-5000-seed-41544c53,zoom,camera_api_sync_ms,ms,17,54.200000047683716
Leaflet,1.9.4,SVG,comparison-instrument-2026-10-06T15-51-13.379Z,mixed-5000-seed-41544c53,zoom,motion_elapsed_ms,ms,0,1500
Leaflet,1.9.4,SVG,comparison-instrument-2026-10-06T15-51-13.379Z,mixed-5000-seed-41544c53,zoom,camera_updates,count,0,18
Leaflet,1.9.4,SVG,comparison-instrument-2026-10-06T15-51-13.379Z,mixed-5000-seed-41544c53,zoom,svg_attribute_writes,count,0,647820
Leaflet,1.9.4,SVG,comparison-instrument-2026-10-06T15-51-13.379Z,mixed-5000-seed-41544c53,zoom,svg_attribute_removals,count,0,0
Leaflet,1.9.4,SVG,comparison-instrument-2026-10-06T15-51-13.379Z,mixed-5000-seed-41544c53,zoom,dom_added_nodes,count,0,0
Leaflet,1.9.4,SVG,comparison-instrument-2026-10-06T15-51-13.379Z,mixed-5000-seed-41544c53,zoom,dom_removed_nodes,count,0,0
Leaflet,1.9.4,Canvas,comparison-instrument-2026-10-06T15-51-13.379Z,mixed-5000-seed-41544c53,zoom,frame_interval_ms,ms,0,16.599999999976717
Leaflet,1.9.4,Canvas,comparison-instrument-2026-10-06T15-51-13.379Z,mixed-5000-seed-41544c53,zoom,camera_api_sync_ms,ms,0,19.59999990463257
Leaflet,1.9.4,Canvas,comparison-instrument-2026-10-06T15-51-13.379Z,mixed-5000-seed-41544c53,zoom,frame_interval_ms,ms,1,83.40000000002328
Leaflet,1.9.4,Canvas,comparison-instrument-2026-10-06T15-51-13.379Z,mixed-5000-seed-41544c53,zoom,camera_api_sync_ms,ms,1,15
Leaflet,1.9.4,Canvas,comparison-instrument-2026-10-06T15-51-13.379Z,mixed-5000-seed-41544c53,zoom,frame_interval_ms,ms,2,100
Leaflet,1.9.4,Canvas,comparison-instrument-2026-10-06T15-51-13.379Z,mixed-5000-seed-41544c53,zoom,camera_api_sync_ms,ms,2,22.299999952316284
Leaflet,1.9.4,Canvas,comparison-instrument-2026-10-06T15-51-13.379Z,mixed-5000-seed-41544c53,zoom,frame_interval_ms,ms,3,116.59999999997672
Leaflet,1.9.4,Canvas,comparison-instrument-2026-10-06T15-51-13.379Z,mixed-5000-seed-41544c53,zoom,camera_api_sync_ms,ms,3,16.600000143051147
Leaflet,1.9.4,Canvas,comparison-instrument-2026-10-06T15-51-13.379Z,mixed-5000-seed-41544c53,zoom,frame_interval_ms,ms,4,83.40000000002328
Leaflet,1.9.4,Canvas,comparison-instrument-2026-10-06T15-51-13.379Z,mixed-5000-seed-41544c53,zoom,camera_api_sync_ms,ms,4,19.299999952316284
Leaflet,1.9.4,Canvas,comparison-instrument-2026-10-06T15-51-13.379Z,mixed-5000-seed-41544c53,zoom,frame_interval_ms,ms,5,83.30000000004657
Leaflet,1.9.4,Canvas,comparison-instrument-2026-10-06T15-51-13.379Z,mixed-5000-seed-41544c53,zoom,camera_api_sync_ms,ms,5,15.200000047683716
Leaflet,1.9.4,Canvas,comparison-instrument-2026-10-06T15-51-13.379Z,mixed-5000-seed-41544c53,zoom,frame_interval_ms,ms,6,50.09999999997672
Leaflet,1.9.4,Canvas,comparison-instrument-2026-10-06T15-51-13.379Z,mixed-5000-seed-41544c53,zoom,camera_api_sync_ms,ms,6,13.900000095367432
Leaflet,1.9.4,Canvas,comparison-instrument-2026-10-06T15-51-13.379Z,mixed-5000-seed-41544c53,zoom,frame_interval_ms,ms,7,48.90000000002328
Leaflet,1.9.4,Canvas,comparison-instrument-2026-10-06T15-51-13.379Z,mixed-5000-seed-41544c53,zoom,camera_api_sync_ms,ms,7,15.800000190734863
Leaflet,1.9.4,Canvas,comparison-instrument-2026-10-06T15-51-13.379Z,mixed-5000-seed-41544c53,zoom,frame_interval_ms,ms,8,67.59999999997672
Leaflet,1.9.4,Canvas,comparison-instrument-2026-10-06T15-51-13.379Z,mixed-5000-seed-41544c53,zoom,camera_api_sync_ms,ms,8,13.899999856948853
Leaflet,1.9.4,Canvas,comparison-instrument-2026-10-06T15-51-13.379Z,mixed-5000-seed-41544c53,zoom,frame_interval_ms,ms,9,32.699999999953434
Leaflet,1.9.4,Canvas,comparison-instrument-2026-10-06T15-51-13.379Z,mixed-5000-seed-41544c53,zoom,camera_api_sync_ms,ms,9,15.899999856948853
Leaflet,1.9.4,Canvas,comparison-instrument-2026-10-06T15-51-13.379Z,mixed-5000-seed-41544c53,zoom,frame_interval_ms,ms,10,50.70000000006985
Leaflet,1.9.4,Canvas,comparison-instrument-2026-10-06T15-51-13.379Z,mixed-5000-seed-41544c53,zoom,camera_api_sync_ms,ms,10,13.700000047683716
Leaflet,1.9.4,Canvas,comparison-instrument-2026-10-06T15-51-13.379Z,mixed-5000-seed-41544c53,zoom,frame_interval_ms,ms,11,50
Leaflet,1.9.4,Canvas,comparison-instrument-2026-10-06T15-51-13.379Z,mixed-5000-seed-41544c53,zoom,camera_api_sync_ms,ms,11,12.700000047683716
Leaflet,1.9.4,Canvas,comparison-instrument-2026-10-06T15-51-13.379Z,mixed-5000-seed-41544c53,zoom,frame_interval_ms,ms,12,33.39999999990687
Leaflet,1.9.4,Canvas,comparison-instrument-2026-10-06T15-51-13.379Z,mixed-5000-seed-41544c53,zoom,camera_api_sync_ms,ms,12,16.09999990463257
Leaflet,1.9.4,Canvas,comparison-instrument-2026-10-06T15-51-13.379Z,mixed-5000-seed-41544c53,zoom,frame_interval_ms,ms,13,49
Leaflet,1.9.4,Canvas,comparison-instrument-2026-10-06T15-51-13.379Z,mixed-5000-seed-41544c53,zoom,camera_api_sync_ms,ms,13,14.200000047683716
Leaflet,1.9.4,Canvas,comparison-instrument-2026-10-06T15-51-13.379Z,mixed-5000-seed-41544c53,zoom,frame_interval_ms,ms,14,50.90000000002328
Leaflet,1.9.4,Canvas,comparison-instrument-2026-10-06T15-51-13.379Z,mixed-5000-seed-41544c53,zoom,camera_api_sync_ms,ms,14,16.40000009536743
Leaflet,1.9.4,Canvas,comparison-instrument-2026-10-06T15-51-13.379Z,mixed-5000-seed-41544c53,zoom,frame_interval_ms,ms,15,50.09999999997672
Leaflet,1.9.4,Canvas,comparison-instrument-2026-10-06T15-51-13.379Z,mixed-5000-seed-41544c53,zoom,camera_api_sync_ms,ms,15,13.400000095367432
Leaflet,1.9.4,Canvas,comparison-instrument-2026-10-06T15-51-13.379Z,mixed-5000-seed-41544c53,zoom,frame_interval_ms,ms,16,49.90000000002328
Leaflet,1.9.4,Canvas,comparison-instrument-2026-10-06T15-51-13.379Z,mixed-5000-seed-41544c53,zoom,camera_api_sync_ms,ms,16,25.200000047683716
Leaflet,1.9.4,Canvas,comparison-instrument-2026-10-06T15-51-13.379Z,mixed-5000-seed-41544c53,zoom,frame_interval_ms,ms,17,65.70000000006985
Leaflet,1.9.4,Canvas,comparison-instrument-2026-10-06T15-51-13.379Z,mixed-5000-seed-41544c53,zoom,camera_api_sync_ms,ms,17,150.29999995231628
Leaflet,1.9.4,Canvas,comparison-instrument-2026-10-06T15-51-13.379Z,mixed-5000-seed-41544c53,zoom,frame_interval_ms,ms,18,201
Leaflet,1.9.4,Canvas,comparison-instrument-2026-10-06T15-51-13.379Z,mixed-5000-seed-41544c53,zoom,camera_api_sync_ms,ms,18,16.5
Leaflet,1.9.4,Canvas,comparison-instrument-2026-10-06T15-51-13.379Z,mixed-5000-seed-41544c53,zoom,frame_interval_ms,ms,19,99
Leaflet,1.9.4,Canvas,comparison-instrument-2026-10-06T15-51-13.379Z,mixed-5000-seed-41544c53,zoom,camera_api_sync_ms,ms,19,20.799999952316284
Leaflet,1.9.4,Canvas,comparison-instrument-2026-10-06T15-51-13.379Z,mixed-5000-seed-41544c53,zoom,frame_interval_ms,ms,20,100
Leaflet,1.9.4,Canvas,comparison-instrument-2026-10-06T15-51-13.379Z,mixed-5000-seed-41544c53,zoom,camera_api_sync_ms,ms,20,17.299999952316284
Leaflet,1.9.4,Canvas,comparison-instrument-2026-10-06T15-51-13.379Z,mixed-5000-seed-41544c53,zoom,frame_interval_ms,ms,21,101
Leaflet,1.9.4,Canvas,comparison-instrument-2026-10-06T15-51-13.379Z,mixed-5000-seed-41544c53,zoom,camera_api_sync_ms,ms,21,18.600000143051147
Leaflet,1.9.4,Canvas,comparison-instrument-2026-10-06T15-51-13.379Z,mixed-5000-seed-41544c53,zoom,motion_elapsed_ms,ms,0,1583.3000000000466
Leaflet,1.9.4,Canvas,comparison-instrument-2026-10-06T15-51-13.379Z,mixed-5000-seed-41544c53,zoom,camera_updates,count,0,22
Leaflet,1.9.4,Canvas,comparison-instrument-2026-10-06T15-51-13.379Z,mixed-5000-seed-41544c53,zoom,svg_attribute_writes,N/A,0,N/A
Leaflet,1.9.4,Canvas,comparison-instrument-2026-10-06T15-51-13.379Z,mixed-5000-seed-41544c53,zoom,svg_attribute_removals,N/A,0,N/A
Leaflet,1.9.4,Canvas,comparison-instrument-2026-10-06T15-51-13.379Z,mixed-5000-seed-41544c53,zoom,dom_added_nodes,N/A,0,N/A
Leaflet,1.9.4,Canvas,comparison-instrument-2026-10-06T15-51-13.379Z,mixed-5000-seed-41544c53,zoom,dom_removed_nodes,N/A,0,N/A
Atlas,f393bc3bb2ad,SVG,comparison-instrument-2026-10-06T15-51-13.379Z,mixed-5000-seed-41544c53,position-single,operation_sync_ms,ms,0,0.09999990463256836
Atlas,f393bc3bb2ad,SVG,comparison-instrument-2026-10-06T15-51-13.379Z,mixed-5000-seed-41544c53,position-single,operation_to_raf_opportunities_ms,ms,0,64.19999980926514
Atlas,f393bc3bb2ad,SVG,comparison-instrument-2026-10-06T15-51-13.379Z,mixed-5000-seed-41544c53,position-single,svg_attribute_writes,count,0,24995
Atlas,f393bc3bb2ad,SVG,comparison-instrument-2026-10-06T15-51-13.379Z,mixed-5000-seed-41544c53,position-single,svg_attribute_removals,count,0,11996
Atlas,f393bc3bb2ad,SVG,comparison-instrument-2026-10-06T15-51-13.379Z,mixed-5000-seed-41544c53,position-single,dom_added_nodes,count,0,0
Atlas,f393bc3bb2ad,SVG,comparison-instrument-2026-10-06T15-51-13.379Z,mixed-5000-seed-41544c53,position-single,dom_removed_nodes,count,0,0
Leaflet,1.9.4,SVG,comparison-instrument-2026-10-06T15-51-13.379Z,mixed-5000-seed-41544c53,position-single,operation_sync_ms,ms,0,0.20000004768371582
Leaflet,1.9.4,SVG,comparison-instrument-2026-10-06T15-51-13.379Z,mixed-5000-seed-41544c53,position-single,operation_to_raf_opportunities_ms,ms,0,25.299999952316284
Leaflet,1.9.4,SVG,comparison-instrument-2026-10-06T15-51-13.379Z,mixed-5000-seed-41544c53,position-single,svg_attribute_writes,count,0,1
Leaflet,1.9.4,SVG,comparison-instrument-2026-10-06T15-51-13.379Z,mixed-5000-seed-41544c53,position-single,svg_attribute_removals,count,0,0
Leaflet,1.9.4,SVG,comparison-instrument-2026-10-06T15-51-13.379Z,mixed-5000-seed-41544c53,position-single,dom_added_nodes,count,0,0
Leaflet,1.9.4,SVG,comparison-instrument-2026-10-06T15-51-13.379Z,mixed-5000-seed-41544c53,position-single,dom_removed_nodes,count,0,0
Leaflet,1.9.4,Canvas,comparison-instrument-2026-10-06T15-51-13.379Z,mixed-5000-seed-41544c53,position-single,operation_sync_ms,ms,0,0
Leaflet,1.9.4,Canvas,comparison-instrument-2026-10-06T15-51-13.379Z,mixed-5000-seed-41544c53,position-single,operation_to_raf_opportunities_ms,ms,0,4
Leaflet,1.9.4,Canvas,comparison-instrument-2026-10-06T15-51-13.379Z,mixed-5000-seed-41544c53,position-single,svg_attribute_writes,N/A,0,N/A
Leaflet,1.9.4,Canvas,comparison-instrument-2026-10-06T15-51-13.379Z,mixed-5000-seed-41544c53,position-single,svg_attribute_removals,N/A,0,N/A
Leaflet,1.9.4,Canvas,comparison-instrument-2026-10-06T15-51-13.379Z,mixed-5000-seed-41544c53,position-single,dom_added_nodes,N/A,0,N/A
Leaflet,1.9.4,Canvas,comparison-instrument-2026-10-06T15-51-13.379Z,mixed-5000-seed-41544c53,position-single,dom_removed_nodes,N/A,0,N/A
Atlas,f393bc3bb2ad,SVG,comparison-instrument-2026-10-06T15-51-13.379Z,mixed-5000-seed-41544c53,position-series,operation_sync_ms,ms,0,0.10000014305114746
Atlas,f393bc3bb2ad,SVG,comparison-instrument-2026-10-06T15-51-13.379Z,mixed-5000-seed-41544c53,position-series,operation_to_raf_opportunities_ms,ms,0,60.200000047683716
Atlas,f393bc3bb2ad,SVG,comparison-instrument-2026-10-06T15-51-13.379Z,mixed-5000-seed-41544c53,position-series,svg_attribute_writes,count,0,24995
Atlas,f393bc3bb2ad,SVG,comparison-instrument-2026-10-06T15-51-13.379Z,mixed-5000-seed-41544c53,position-series,svg_attribute_removals,count,0,11996
Atlas,f393bc3bb2ad,SVG,comparison-instrument-2026-10-06T15-51-13.379Z,mixed-5000-seed-41544c53,position-series,dom_added_nodes,count,0,0
Atlas,f393bc3bb2ad,SVG,comparison-instrument-2026-10-06T15-51-13.379Z,mixed-5000-seed-41544c53,position-series,dom_removed_nodes,count,0,0
Leaflet,1.9.4,SVG,comparison-instrument-2026-10-06T15-51-13.379Z,mixed-5000-seed-41544c53,position-series,operation_sync_ms,ms,0,0.2999999523162842
Leaflet,1.9.4,SVG,comparison-instrument-2026-10-06T15-51-13.379Z,mixed-5000-seed-41544c53,position-series,operation_to_raf_opportunities_ms,ms,0,112.90000009536743
Leaflet,1.9.4,SVG,comparison-instrument-2026-10-06T15-51-13.379Z,mixed-5000-seed-41544c53,position-series,svg_attribute_writes,count,0,120
Leaflet,1.9.4,SVG,comparison-instrument-2026-10-06T15-51-13.379Z,mixed-5000-seed-41544c53,position-series,svg_attribute_removals,count,0,0
Leaflet,1.9.4,SVG,comparison-instrument-2026-10-06T15-51-13.379Z,mixed-5000-seed-41544c53,position-series,dom_added_nodes,count,0,0
Leaflet,1.9.4,SVG,comparison-instrument-2026-10-06T15-51-13.379Z,mixed-5000-seed-41544c53,position-series,dom_removed_nodes,count,0,0
Leaflet,1.9.4,Canvas,comparison-instrument-2026-10-06T15-51-13.379Z,mixed-5000-seed-41544c53,position-series,operation_sync_ms,ms,0,0.09999990463256836
Leaflet,1.9.4,Canvas,comparison-instrument-2026-10-06T15-51-13.379Z,mixed-5000-seed-41544c53,position-series,operation_to_raf_opportunities_ms,ms,0,81.09999990463257
Leaflet,1.9.4,Canvas,comparison-instrument-2026-10-06T15-51-13.379Z,mixed-5000-seed-41544c53,position-series,svg_attribute_writes,N/A,0,N/A
Leaflet,1.9.4,Canvas,comparison-instrument-2026-10-06T15-51-13.379Z,mixed-5000-seed-41544c53,position-series,svg_attribute_removals,N/A,0,N/A
Leaflet,1.9.4,Canvas,comparison-instrument-2026-10-06T15-51-13.379Z,mixed-5000-seed-41544c53,position-series,dom_added_nodes,N/A,0,N/A
Leaflet,1.9.4,Canvas,comparison-instrument-2026-10-06T15-51-13.379Z,mixed-5000-seed-41544c53,position-series,dom_removed_nodes,N/A,0,N/A
Atlas,f393bc3bb2ad,SVG,comparison-instrument-2026-10-06T15-51-13.379Z,mixed-5000-seed-41544c53,add-100,operation_sync_ms,ms,0,12.5
Atlas,f393bc3bb2ad,SVG,comparison-instrument-2026-10-06T15-51-13.379Z,mixed-5000-seed-41544c53,add-100,cumulative_operation_ms,ms,100,12.5
Atlas,f393bc3bb2ad,SVG,comparison-instrument-2026-10-06T15-51-13.379Z,mixed-5000-seed-41544c53,add-100,operation_to_raf_opportunities_ms,ms,0,91.29999995231628
Atlas,f393bc3bb2ad,SVG,comparison-instrument-2026-10-06T15-51-13.379Z,mixed-5000-seed-41544c53,add-100,svg_attribute_writes,count,0,25795
Atlas,f393bc3bb2ad,SVG,comparison-instrument-2026-10-06T15-51-13.379Z,mixed-5000-seed-41544c53,add-100,svg_attribute_removals,count,0,12096
Atlas,f393bc3bb2ad,SVG,comparison-instrument-2026-10-06T15-51-13.379Z,mixed-5000-seed-41544c53,add-100,dom_added_nodes,count,0,100
Atlas,f393bc3bb2ad,SVG,comparison-instrument-2026-10-06T15-51-13.379Z,mixed-5000-seed-41544c53,add-100,dom_removed_nodes,count,0,0
Leaflet,1.9.4,SVG,comparison-instrument-2026-10-06T15-51-13.379Z,mixed-5000-seed-41544c53,add-100,operation_sync_ms,ms,0,0.8999998569488525
Leaflet,1.9.4,SVG,comparison-instrument-2026-10-06T15-51-13.379Z,mixed-5000-seed-41544c53,add-100,cumulative_operation_ms,ms,100,0.8999998569488525
Leaflet,1.9.4,SVG,comparison-instrument-2026-10-06T15-51-13.379Z,mixed-5000-seed-41544c53,add-100,operation_to_raf_opportunities_ms,ms,0,19.09999990463257
Leaflet,1.9.4,SVG,comparison-instrument-2026-10-06T15-51-13.379Z,mixed-5000-seed-41544c53,add-100,svg_attribute_writes,count,0,900
Leaflet,1.9.4,SVG,comparison-instrument-2026-10-06T15-51-13.379Z,mixed-5000-seed-41544c53,add-100,svg_attribute_removals,count,0,200
Leaflet,1.9.4,SVG,comparison-instrument-2026-10-06T15-51-13.379Z,mixed-5000-seed-41544c53,add-100,dom_added_nodes,count,0,100
Leaflet,1.9.4,SVG,comparison-instrument-2026-10-06T15-51-13.379Z,mixed-5000-seed-41544c53,add-100,dom_removed_nodes,count,0,0
Leaflet,1.9.4,Canvas,comparison-instrument-2026-10-06T15-51-13.379Z,mixed-5000-seed-41544c53,add-100,operation_sync_ms,ms,0,0.10000014305114746
Leaflet,1.9.4,Canvas,comparison-instrument-2026-10-06T15-51-13.379Z,mixed-5000-seed-41544c53,add-100,cumulative_operation_ms,ms,100,0.10000014305114746
Leaflet,1.9.4,Canvas,comparison-instrument-2026-10-06T15-51-13.379Z,mixed-5000-seed-41544c53,add-100,operation_to_raf_opportunities_ms,ms,0,85.20000004768372
Leaflet,1.9.4,Canvas,comparison-instrument-2026-10-06T15-51-13.379Z,mixed-5000-seed-41544c53,add-100,svg_attribute_writes,N/A,0,N/A
Leaflet,1.9.4,Canvas,comparison-instrument-2026-10-06T15-51-13.379Z,mixed-5000-seed-41544c53,add-100,svg_attribute_removals,N/A,0,N/A
Leaflet,1.9.4,Canvas,comparison-instrument-2026-10-06T15-51-13.379Z,mixed-5000-seed-41544c53,add-100,dom_added_nodes,N/A,0,N/A
Leaflet,1.9.4,Canvas,comparison-instrument-2026-10-06T15-51-13.379Z,mixed-5000-seed-41544c53,add-100,dom_removed_nodes,N/A,0,N/A
Atlas,f393bc3bb2ad,SVG,comparison-instrument-2026-10-06T15-51-13.379Z,mixed-5000-seed-41544c53,add-500,operation_sync_ms,ms,0,19.5
Atlas,f393bc3bb2ad,SVG,comparison-instrument-2026-10-06T15-51-13.379Z,mixed-5000-seed-41544c53,add-500,cumulative_operation_ms,ms,100,3.299999952316284
Atlas,f393bc3bb2ad,SVG,comparison-instrument-2026-10-06T15-51-13.379Z,mixed-5000-seed-41544c53,add-500,cumulative_operation_ms,ms,200,8.5
Atlas,f393bc3bb2ad,SVG,comparison-instrument-2026-10-06T15-51-13.379Z,mixed-5000-seed-41544c53,add-500,cumulative_operation_ms,ms,300,11.899999856948853
Atlas,f393bc3bb2ad,SVG,comparison-instrument-2026-10-06T15-51-13.379Z,mixed-5000-seed-41544c53,add-500,cumulative_operation_ms,ms,400,16
Atlas,f393bc3bb2ad,SVG,comparison-instrument-2026-10-06T15-51-13.379Z,mixed-5000-seed-41544c53,add-500,cumulative_operation_ms,ms,500,19.5
Atlas,f393bc3bb2ad,SVG,comparison-instrument-2026-10-06T15-51-13.379Z,mixed-5000-seed-41544c53,add-500,operation_to_raf_opportunities_ms,ms,0,97.09999990463257
Atlas,f393bc3bb2ad,SVG,comparison-instrument-2026-10-06T15-51-13.379Z,mixed-5000-seed-41544c53,add-500,svg_attribute_writes,count,0,28995
Atlas,f393bc3bb2ad,SVG,comparison-instrument-2026-10-06T15-51-13.379Z,mixed-5000-seed-41544c53,add-500,svg_attribute_removals,count,0,12496
Atlas,f393bc3bb2ad,SVG,comparison-instrument-2026-10-06T15-51-13.379Z,mixed-5000-seed-41544c53,add-500,dom_added_nodes,count,0,500
Atlas,f393bc3bb2ad,SVG,comparison-instrument-2026-10-06T15-51-13.379Z,mixed-5000-seed-41544c53,add-500,dom_removed_nodes,count,0,0
Leaflet,1.9.4,SVG,comparison-instrument-2026-10-06T15-51-13.379Z,mixed-5000-seed-41544c53,add-500,operation_sync_ms,ms,0,3.1000001430511475
Leaflet,1.9.4,SVG,comparison-instrument-2026-10-06T15-51-13.379Z,mixed-5000-seed-41544c53,add-500,cumulative_operation_ms,ms,100,0.8000001907348633
Leaflet,1.9.4,SVG,comparison-instrument-2026-10-06T15-51-13.379Z,mixed-5000-seed-41544c53,add-500,cumulative_operation_ms,ms,200,1.4000000953674316
Leaflet,1.9.4,SVG,comparison-instrument-2026-10-06T15-51-13.379Z,mixed-5000-seed-41544c53,add-500,cumulative_operation_ms,ms,300,2
Leaflet,1.9.4,SVG,comparison-instrument-2026-10-06T15-51-13.379Z,mixed-5000-seed-41544c53,add-500,cumulative_operation_ms,ms,400,2.6000001430511475
Leaflet,1.9.4,SVG,comparison-instrument-2026-10-06T15-51-13.379Z,mixed-5000-seed-41544c53,add-500,cumulative_operation_ms,ms,500,3.1000001430511475
Leaflet,1.9.4,SVG,comparison-instrument-2026-10-06T15-51-13.379Z,mixed-5000-seed-41544c53,add-500,operation_to_raf_opportunities_ms,ms,0,25.5
Leaflet,1.9.4,SVG,comparison-instrument-2026-10-06T15-51-13.379Z,mixed-5000-seed-41544c53,add-500,svg_attribute_writes,count,0,4500
Leaflet,1.9.4,SVG,comparison-instrument-2026-10-06T15-51-13.379Z,mixed-5000-seed-41544c53,add-500,svg_attribute_removals,count,0,1000
Leaflet,1.9.4,SVG,comparison-instrument-2026-10-06T15-51-13.379Z,mixed-5000-seed-41544c53,add-500,dom_added_nodes,count,0,500
Leaflet,1.9.4,SVG,comparison-instrument-2026-10-06T15-51-13.379Z,mixed-5000-seed-41544c53,add-500,dom_removed_nodes,count,0,0
Leaflet,1.9.4,Canvas,comparison-instrument-2026-10-06T15-51-13.379Z,mixed-5000-seed-41544c53,add-500,operation_sync_ms,ms,0,0.6000001430511475
Leaflet,1.9.4,Canvas,comparison-instrument-2026-10-06T15-51-13.379Z,mixed-5000-seed-41544c53,add-500,cumulative_operation_ms,ms,100,0.20000004768371582
Leaflet,1.9.4,Canvas,comparison-instrument-2026-10-06T15-51-13.379Z,mixed-5000-seed-41544c53,add-500,cumulative_operation_ms,ms,200,0.40000009536743164
Leaflet,1.9.4,Canvas,comparison-instrument-2026-10-06T15-51-13.379Z,mixed-5000-seed-41544c53,add-500,cumulative_operation_ms,ms,300,0.40000009536743164
Leaflet,1.9.4,Canvas,comparison-instrument-2026-10-06T15-51-13.379Z,mixed-5000-seed-41544c53,add-500,cumulative_operation_ms,ms,400,0.6000001430511475
Leaflet,1.9.4,Canvas,comparison-instrument-2026-10-06T15-51-13.379Z,mixed-5000-seed-41544c53,add-500,cumulative_operation_ms,ms,500,0.6000001430511475
Leaflet,1.9.4,Canvas,comparison-instrument-2026-10-06T15-51-13.379Z,mixed-5000-seed-41544c53,add-500,operation_to_raf_opportunities_ms,ms,0,88.79999995231628
Leaflet,1.9.4,Canvas,comparison-instrument-2026-10-06T15-51-13.379Z,mixed-5000-seed-41544c53,add-500,svg_attribute_writes,N/A,0,N/A
Leaflet,1.9.4,Canvas,comparison-instrument-2026-10-06T15-51-13.379Z,mixed-5000-seed-41544c53,add-500,svg_attribute_removals,N/A,0,N/A
Leaflet,1.9.4,Canvas,comparison-instrument-2026-10-06T15-51-13.379Z,mixed-5000-seed-41544c53,add-500,dom_added_nodes,N/A,0,N/A
Leaflet,1.9.4,Canvas,comparison-instrument-2026-10-06T15-51-13.379Z,mixed-5000-seed-41544c53,add-500,dom_removed_nodes,N/A,0,N/A
Atlas,f393bc3bb2ad,SVG,comparison-instrument-2026-10-06T15-51-13.379Z,mixed-5000-seed-41544c53,add-1000,operation_sync_ms,ms,0,43.799999952316284
Atlas,f393bc3bb2ad,SVG,comparison-instrument-2026-10-06T15-51-13.379Z,mixed-5000-seed-41544c53,add-1000,cumulative_operation_ms,ms,100,3.5
Atlas,f393bc3bb2ad,SVG,comparison-instrument-2026-10-06T15-51-13.379Z,mixed-5000-seed-41544c53,add-1000,cumulative_operation_ms,ms,200,8.799999952316284
Atlas,f393bc3bb2ad,SVG,comparison-instrument-2026-10-06T15-51-13.379Z,mixed-5000-seed-41544c53,add-1000,cumulative_operation_ms,ms,300,13.200000047683716
Atlas,f393bc3bb2ad,SVG,comparison-instrument-2026-10-06T15-51-13.379Z,mixed-5000-seed-41544c53,add-1000,cumulative_operation_ms,ms,400,18.100000143051147
Atlas,f393bc3bb2ad,SVG,comparison-instrument-2026-10-06T15-51-13.379Z,mixed-5000-seed-41544c53,add-1000,cumulative_operation_ms,ms,500,22.200000047683716
Atlas,f393bc3bb2ad,SVG,comparison-instrument-2026-10-06T15-51-13.379Z,mixed-5000-seed-41544c53,add-1000,cumulative_operation_ms,ms,600,26.299999952316284
Atlas,f393bc3bb2ad,SVG,comparison-instrument-2026-10-06T15-51-13.379Z,mixed-5000-seed-41544c53,add-1000,cumulative_operation_ms,ms,700,30.5
Atlas,f393bc3bb2ad,SVG,comparison-instrument-2026-10-06T15-51-13.379Z,mixed-5000-seed-41544c53,add-1000,cumulative_operation_ms,ms,800,35.10000014305115
Atlas,f393bc3bb2ad,SVG,comparison-instrument-2026-10-06T15-51-13.379Z,mixed-5000-seed-41544c53,add-1000,cumulative_operation_ms,ms,900,39.40000009536743
Atlas,f393bc3bb2ad,SVG,comparison-instrument-2026-10-06T15-51-13.379Z,mixed-5000-seed-41544c53,add-1000,cumulative_operation_ms,ms,1000,43.799999952316284
Atlas,f393bc3bb2ad,SVG,comparison-instrument-2026-10-06T15-51-13.379Z,mixed-5000-seed-41544c53,add-1000,operation_to_raf_opportunities_ms,ms,0,132.10000014305115
Atlas,f393bc3bb2ad,SVG,comparison-instrument-2026-10-06T15-51-13.379Z,mixed-5000-seed-41544c53,add-1000,svg_attribute_writes,count,0,32995
Atlas,f393bc3bb2ad,SVG,comparison-instrument-2026-10-06T15-51-13.379Z,mixed-5000-seed-41544c53,add-1000,svg_attribute_removals,count,0,12996
Atlas,f393bc3bb2ad,SVG,comparison-instrument-2026-10-06T15-51-13.379Z,mixed-5000-seed-41544c53,add-1000,dom_added_nodes,count,0,1000
Atlas,f393bc3bb2ad,SVG,comparison-instrument-2026-10-06T15-51-13.379Z,mixed-5000-seed-41544c53,add-1000,dom_removed_nodes,count,0,0
Leaflet,1.9.4,SVG,comparison-instrument-2026-10-06T15-51-13.379Z,mixed-5000-seed-41544c53,add-1000,operation_sync_ms,ms,0,14.099999904632568
Leaflet,1.9.4,SVG,comparison-instrument-2026-10-06T15-51-13.379Z,mixed-5000-seed-41544c53,add-1000,cumulative_operation_ms,ms,100,0.8999998569488525
Leaflet,1.9.4,SVG,comparison-instrument-2026-10-06T15-51-13.379Z,mixed-5000-seed-41544c53,add-1000,cumulative_operation_ms,ms,200,1.7000000476837158
Leaflet,1.9.4,SVG,comparison-instrument-2026-10-06T15-51-13.379Z,mixed-5000-seed-41544c53,add-1000,cumulative_operation_ms,ms,300,2.5999999046325684
Leaflet,1.9.4,SVG,comparison-instrument-2026-10-06T15-51-13.379Z,mixed-5000-seed-41544c53,add-1000,cumulative_operation_ms,ms,400,3.299999952316284
Leaflet,1.9.4,SVG,comparison-instrument-2026-10-06T15-51-13.379Z,mixed-5000-seed-41544c53,add-1000,cumulative_operation_ms,ms,500,4
Leaflet,1.9.4,SVG,comparison-instrument-2026-10-06T15-51-13.379Z,mixed-5000-seed-41544c53,add-1000,cumulative_operation_ms,ms,600,11.599999904632568
Leaflet,1.9.4,SVG,comparison-instrument-2026-10-06T15-51-13.379Z,mixed-5000-seed-41544c53,add-1000,cumulative_operation_ms,ms,700,12.200000047683716
Leaflet,1.9.4,SVG,comparison-instrument-2026-10-06T15-51-13.379Z,mixed-5000-seed-41544c53,add-1000,cumulative_operation_ms,ms,800,12.799999952316284
Leaflet,1.9.4,SVG,comparison-instrument-2026-10-06T15-51-13.379Z,mixed-5000-seed-41544c53,add-1000,cumulative_operation_ms,ms,900,13.5
Leaflet,1.9.4,SVG,comparison-instrument-2026-10-06T15-51-13.379Z,mixed-5000-seed-41544c53,add-1000,cumulative_operation_ms,ms,1000,14.099999904632568
Leaflet,1.9.4,SVG,comparison-instrument-2026-10-06T15-51-13.379Z,mixed-5000-seed-41544c53,add-1000,operation_to_raf_opportunities_ms,ms,0,38.09999990463257
Leaflet,1.9.4,SVG,comparison-instrument-2026-10-06T15-51-13.379Z,mixed-5000-seed-41544c53,add-1000,svg_attribute_writes,count,0,9000
Leaflet,1.9.4,SVG,comparison-instrument-2026-10-06T15-51-13.379Z,mixed-5000-seed-41544c53,add-1000,svg_attribute_removals,count,0,2000
Leaflet,1.9.4,SVG,comparison-instrument-2026-10-06T15-51-13.379Z,mixed-5000-seed-41544c53,add-1000,dom_added_nodes,count,0,1000
Leaflet,1.9.4,SVG,comparison-instrument-2026-10-06T15-51-13.379Z,mixed-5000-seed-41544c53,add-1000,dom_removed_nodes,count,0,0
Leaflet,1.9.4,Canvas,comparison-instrument-2026-10-06T15-51-13.379Z,mixed-5000-seed-41544c53,add-1000,operation_sync_ms,ms,0,1.1000001430511475
Leaflet,1.9.4,Canvas,comparison-instrument-2026-10-06T15-51-13.379Z,mixed-5000-seed-41544c53,add-1000,cumulative_operation_ms,ms,100,0.10000014305114746
Leaflet,1.9.4,Canvas,comparison-instrument-2026-10-06T15-51-13.379Z,mixed-5000-seed-41544c53,add-1000,cumulative_operation_ms,ms,200,0.20000004768371582
Leaflet,1.9.4,Canvas,comparison-instrument-2026-10-06T15-51-13.379Z,mixed-5000-seed-41544c53,add-1000,cumulative_operation_ms,ms,300,0.2999999523162842
Leaflet,1.9.4,Canvas,comparison-instrument-2026-10-06T15-51-13.379Z,mixed-5000-seed-41544c53,add-1000,cumulative_operation_ms,ms,400,0.5
Leaflet,1.9.4,Canvas,comparison-instrument-2026-10-06T15-51-13.379Z,mixed-5000-seed-41544c53,add-1000,cumulative_operation_ms,ms,500,0.5
Leaflet,1.9.4,Canvas,comparison-instrument-2026-10-06T15-51-13.379Z,mixed-5000-seed-41544c53,add-1000,cumulative_operation_ms,ms,600,0.7000000476837158
Leaflet,1.9.4,Canvas,comparison-instrument-2026-10-06T15-51-13.379Z,mixed-5000-seed-41544c53,add-1000,cumulative_operation_ms,ms,700,0.7999999523162842
Leaflet,1.9.4,Canvas,comparison-instrument-2026-10-06T15-51-13.379Z,mixed-5000-seed-41544c53,add-1000,cumulative_operation_ms,ms,800,0.9000000953674316
Leaflet,1.9.4,Canvas,comparison-instrument-2026-10-06T15-51-13.379Z,mixed-5000-seed-41544c53,add-1000,cumulative_operation_ms,ms,900,1
Leaflet,1.9.4,Canvas,comparison-instrument-2026-10-06T15-51-13.379Z,mixed-5000-seed-41544c53,add-1000,cumulative_operation_ms,ms,1000,1.1000001430511475
Leaflet,1.9.4,Canvas,comparison-instrument-2026-10-06T15-51-13.379Z,mixed-5000-seed-41544c53,add-1000,operation_to_raf_opportunities_ms,ms,0,93.29999995231628
Leaflet,1.9.4,Canvas,comparison-instrument-2026-10-06T15-51-13.379Z,mixed-5000-seed-41544c53,add-1000,svg_attribute_writes,N/A,0,N/A
Leaflet,1.9.4,Canvas,comparison-instrument-2026-10-06T15-51-13.379Z,mixed-5000-seed-41544c53,add-1000,svg_attribute_removals,N/A,0,N/A
Leaflet,1.9.4,Canvas,comparison-instrument-2026-10-06T15-51-13.379Z,mixed-5000-seed-41544c53,add-1000,dom_added_nodes,N/A,0,N/A
Leaflet,1.9.4,Canvas,comparison-instrument-2026-10-06T15-51-13.379Z,mixed-5000-seed-41544c53,add-1000,dom_removed_nodes,N/A,0,N/A
Atlas,f393bc3bb2ad,SVG,comparison-instrument-2026-10-06T15-51-13.379Z,mixed-5000-seed-41544c53,remove-100,operation_sync_ms,ms,0,23.59999990463257
Atlas,f393bc3bb2ad,SVG,comparison-instrument-2026-10-06T15-51-13.379Z,mixed-5000-seed-41544c53,remove-100,cumulative_operation_ms,ms,100,23.59999990463257
Atlas,f393bc3bb2ad,SVG,comparison-instrument-2026-10-06T15-51-13.379Z,mixed-5000-seed-41544c53,remove-100,operation_to_raf_opportunities_ms,ms,0,97.89999985694885
Atlas,f393bc3bb2ad,SVG,comparison-instrument-2026-10-06T15-51-13.379Z,mixed-5000-seed-41544c53,remove-100,svg_attribute_writes,count,0,24505
Atlas,f393bc3bb2ad,SVG,comparison-instrument-2026-10-06T15-51-13.379Z,mixed-5000-seed-41544c53,remove-100,svg_attribute_removals,count,0,11761
Atlas,f393bc3bb2ad,SVG,comparison-instrument-2026-10-06T15-51-13.379Z,mixed-5000-seed-41544c53,remove-100,dom_added_nodes,count,0,0
Atlas,f393bc3bb2ad,SVG,comparison-instrument-2026-10-06T15-51-13.379Z,mixed-5000-seed-41544c53,remove-100,dom_removed_nodes,count,0,235
Leaflet,1.9.4,SVG,comparison-instrument-2026-10-06T15-51-13.379Z,mixed-5000-seed-41544c53,remove-100,operation_sync_ms,ms,0,0.7000000476837158
Leaflet,1.9.4,SVG,comparison-instrument-2026-10-06T15-51-13.379Z,mixed-5000-seed-41544c53,remove-100,cumulative_operation_ms,ms,100,0.5999999046325684
Leaflet,1.9.4,SVG,comparison-instrument-2026-10-06T15-51-13.379Z,mixed-5000-seed-41544c53,remove-100,operation_to_raf_opportunities_ms,ms,0,22.5
Leaflet,1.9.4,SVG,comparison-instrument-2026-10-06T15-51-13.379Z,mixed-5000-seed-41544c53,remove-100,svg_attribute_writes,count,0,0
Leaflet,1.9.4,SVG,comparison-instrument-2026-10-06T15-51-13.379Z,mixed-5000-seed-41544c53,remove-100,svg_attribute_removals,count,0,0
Leaflet,1.9.4,SVG,comparison-instrument-2026-10-06T15-51-13.379Z,mixed-5000-seed-41544c53,remove-100,dom_added_nodes,count,0,0
Leaflet,1.9.4,SVG,comparison-instrument-2026-10-06T15-51-13.379Z,mixed-5000-seed-41544c53,remove-100,dom_removed_nodes,count,0,235
Leaflet,1.9.4,Canvas,comparison-instrument-2026-10-06T15-51-13.379Z,mixed-5000-seed-41544c53,remove-100,operation_sync_ms,ms,0,0.20000004768371582
Leaflet,1.9.4,Canvas,comparison-instrument-2026-10-06T15-51-13.379Z,mixed-5000-seed-41544c53,remove-100,cumulative_operation_ms,ms,100,0.09999990463256836
Leaflet,1.9.4,Canvas,comparison-instrument-2026-10-06T15-51-13.379Z,mixed-5000-seed-41544c53,remove-100,operation_to_raf_opportunities_ms,ms,0,74.20000004768372
Leaflet,1.9.4,Canvas,comparison-instrument-2026-10-06T15-51-13.379Z,mixed-5000-seed-41544c53,remove-100,svg_attribute_writes,N/A,0,N/A
Leaflet,1.9.4,Canvas,comparison-instrument-2026-10-06T15-51-13.379Z,mixed-5000-seed-41544c53,remove-100,svg_attribute_removals,N/A,0,N/A
Leaflet,1.9.4,Canvas,comparison-instrument-2026-10-06T15-51-13.379Z,mixed-5000-seed-41544c53,remove-100,dom_added_nodes,N/A,0,N/A
Leaflet,1.9.4,Canvas,comparison-instrument-2026-10-06T15-51-13.379Z,mixed-5000-seed-41544c53,remove-100,dom_removed_nodes,N/A,0,N/A
Atlas,f393bc3bb2ad,SVG,comparison-instrument-2026-10-06T15-51-13.379Z,mixed-5000-seed-41544c53,remove-500,operation_sync_ms,ms,0,93.59999990463257
Atlas,f393bc3bb2ad,SVG,comparison-instrument-2026-10-06T15-51-13.379Z,mixed-5000-seed-41544c53,remove-500,cumulative_operation_ms,ms,100,26.09999990463257
Atlas,f393bc3bb2ad,SVG,comparison-instrument-2026-10-06T15-51-13.379Z,mixed-5000-seed-41544c53,remove-500,cumulative_operation_ms,ms,200,46
Atlas,f393bc3bb2ad,SVG,comparison-instrument-2026-10-06T15-51-13.379Z,mixed-5000-seed-41544c53,remove-500,cumulative_operation_ms,ms,300,62
Atlas,f393bc3bb2ad,SVG,comparison-instrument-2026-10-06T15-51-13.379Z,mixed-5000-seed-41544c53,remove-500,cumulative_operation_ms,ms,400,78.20000004768372
Atlas,f393bc3bb2ad,SVG,comparison-instrument-2026-10-06T15-51-13.379Z,mixed-5000-seed-41544c53,remove-500,cumulative_operation_ms,ms,500,93.59999990463257
Atlas,f393bc3bb2ad,SVG,comparison-instrument-2026-10-06T15-51-13.379Z,mixed-5000-seed-41544c53,remove-500,operation_to_raf_opportunities_ms,ms,0,158.09999990463257
Atlas,f393bc3bb2ad,SVG,comparison-instrument-2026-10-06T15-51-13.379Z,mixed-5000-seed-41544c53,remove-500,svg_attribute_writes,count,0,22503
Atlas,f393bc3bb2ad,SVG,comparison-instrument-2026-10-06T15-51-13.379Z,mixed-5000-seed-41544c53,remove-500,svg_attribute_removals,count,0,10800
Atlas,f393bc3bb2ad,SVG,comparison-instrument-2026-10-06T15-51-13.379Z,mixed-5000-seed-41544c53,remove-500,dom_added_nodes,count,0,0
Atlas,f393bc3bb2ad,SVG,comparison-instrument-2026-10-06T15-51-13.379Z,mixed-5000-seed-41544c53,remove-500,dom_removed_nodes,count,0,1196
Leaflet,1.9.4,SVG,comparison-instrument-2026-10-06T15-51-13.379Z,mixed-5000-seed-41544c53,remove-500,operation_sync_ms,ms,0,2.8000001907348633
Leaflet,1.9.4,SVG,comparison-instrument-2026-10-06T15-51-13.379Z,mixed-5000-seed-41544c53,remove-500,cumulative_operation_ms,ms,100,0.6000001430511475
Leaflet,1.9.4,SVG,comparison-instrument-2026-10-06T15-51-13.379Z,mixed-5000-seed-41544c53,remove-500,cumulative_operation_ms,ms,200,1.1000001430511475
Leaflet,1.9.4,SVG,comparison-instrument-2026-10-06T15-51-13.379Z,mixed-5000-seed-41544c53,remove-500,cumulative_operation_ms,ms,300,1.8000001907348633
Leaflet,1.9.4,SVG,comparison-instrument-2026-10-06T15-51-13.379Z,mixed-5000-seed-41544c53,remove-500,cumulative_operation_ms,ms,400,2.200000047683716
Leaflet,1.9.4,SVG,comparison-instrument-2026-10-06T15-51-13.379Z,mixed-5000-seed-41544c53,remove-500,cumulative_operation_ms,ms,500,2.700000047683716
Leaflet,1.9.4,SVG,comparison-instrument-2026-10-06T15-51-13.379Z,mixed-5000-seed-41544c53,remove-500,operation_to_raf_opportunities_ms,ms,0,33.80000019073486
Leaflet,1.9.4,SVG,comparison-instrument-2026-10-06T15-51-13.379Z,mixed-5000-seed-41544c53,remove-500,svg_attribute_writes,count,0,0
Leaflet,1.9.4,SVG,comparison-instrument-2026-10-06T15-51-13.379Z,mixed-5000-seed-41544c53,remove-500,svg_attribute_removals,count,0,0
Leaflet,1.9.4,SVG,comparison-instrument-2026-10-06T15-51-13.379Z,mixed-5000-seed-41544c53,remove-500,dom_added_nodes,count,0,0
Leaflet,1.9.4,SVG,comparison-instrument-2026-10-06T15-51-13.379Z,mixed-5000-seed-41544c53,remove-500,dom_removed_nodes,count,0,1196
Leaflet,1.9.4,Canvas,comparison-instrument-2026-10-06T15-51-13.379Z,mixed-5000-seed-41544c53,remove-500,operation_sync_ms,ms,0,0.7999999523162842
Leaflet,1.9.4,Canvas,comparison-instrument-2026-10-06T15-51-13.379Z,mixed-5000-seed-41544c53,remove-500,cumulative_operation_ms,ms,100,0.20000004768371582
Leaflet,1.9.4,Canvas,comparison-instrument-2026-10-06T15-51-13.379Z,mixed-5000-seed-41544c53,remove-500,cumulative_operation_ms,ms,200,0.2999999523162842
Leaflet,1.9.4,Canvas,comparison-instrument-2026-10-06T15-51-13.379Z,mixed-5000-seed-41544c53,remove-500,cumulative_operation_ms,ms,300,0.39999985694885254
Leaflet,1.9.4,Canvas,comparison-instrument-2026-10-06T15-51-13.379Z,mixed-5000-seed-41544c53,remove-500,cumulative_operation_ms,ms,400,0.5999999046325684
Leaflet,1.9.4,Canvas,comparison-instrument-2026-10-06T15-51-13.379Z,mixed-5000-seed-41544c53,remove-500,cumulative_operation_ms,ms,500,0.5999999046325684
Leaflet,1.9.4,Canvas,comparison-instrument-2026-10-06T15-51-13.379Z,mixed-5000-seed-41544c53,remove-500,operation_to_raf_opportunities_ms,ms,0,68.09999990463257
Leaflet,1.9.4,Canvas,comparison-instrument-2026-10-06T15-51-13.379Z,mixed-5000-seed-41544c53,remove-500,svg_attribute_writes,N/A,0,N/A
Leaflet,1.9.4,Canvas,comparison-instrument-2026-10-06T15-51-13.379Z,mixed-5000-seed-41544c53,remove-500,svg_attribute_removals,N/A,0,N/A
Leaflet,1.9.4,Canvas,comparison-instrument-2026-10-06T15-51-13.379Z,mixed-5000-seed-41544c53,remove-500,dom_added_nodes,N/A,0,N/A
Leaflet,1.9.4,Canvas,comparison-instrument-2026-10-06T15-51-13.379Z,mixed-5000-seed-41544c53,remove-500,dom_removed_nodes,N/A,0,N/A
Atlas,f393bc3bb2ad,SVG,comparison-instrument-2026-10-06T15-51-13.379Z,mixed-5000-seed-41544c53,remove-1000,operation_sync_ms,ms,0,161.59999990463257
Atlas,f393bc3bb2ad,SVG,comparison-instrument-2026-10-06T15-51-13.379Z,mixed-5000-seed-41544c53,remove-1000,cumulative_operation_ms,ms,100,17.09999990463257
Atlas,f393bc3bb2ad,SVG,comparison-instrument-2026-10-06T15-51-13.379Z,mixed-5000-seed-41544c53,remove-1000,cumulative_operation_ms,ms,200,36.69999980926514
Atlas,f393bc3bb2ad,SVG,comparison-instrument-2026-10-06T15-51-13.379Z,mixed-5000-seed-41544c53,remove-1000,cumulative_operation_ms,ms,300,54.69999980926514
Atlas,f393bc3bb2ad,SVG,comparison-instrument-2026-10-06T15-51-13.379Z,mixed-5000-seed-41544c53,remove-1000,cumulative_operation_ms,ms,400,70
Atlas,f393bc3bb2ad,SVG,comparison-instrument-2026-10-06T15-51-13.379Z,mixed-5000-seed-41544c53,remove-1000,cumulative_operation_ms,ms,500,85.69999980926514
Atlas,f393bc3bb2ad,SVG,comparison-instrument-2026-10-06T15-51-13.379Z,mixed-5000-seed-41544c53,remove-1000,cumulative_operation_ms,ms,600,100.69999980926514
Atlas,f393bc3bb2ad,SVG,comparison-instrument-2026-10-06T15-51-13.379Z,mixed-5000-seed-41544c53,remove-1000,cumulative_operation_ms,ms,700,115.5
Atlas,f393bc3bb2ad,SVG,comparison-instrument-2026-10-06T15-51-13.379Z,mixed-5000-seed-41544c53,remove-1000,cumulative_operation_ms,ms,800,129.79999995231628
Atlas,f393bc3bb2ad,SVG,comparison-instrument-2026-10-06T15-51-13.379Z,mixed-5000-seed-41544c53,remove-1000,cumulative_operation_ms,ms,900,144.59999990463257
Atlas,f393bc3bb2ad,SVG,comparison-instrument-2026-10-06T15-51-13.379Z,mixed-5000-seed-41544c53,remove-1000,cumulative_operation_ms,ms,1000,161.59999990463257
Atlas,f393bc3bb2ad,SVG,comparison-instrument-2026-10-06T15-51-13.379Z,mixed-5000-seed-41544c53,remove-1000,operation_to_raf_opportunities_ms,ms,0,230.5
Atlas,f393bc3bb2ad,SVG,comparison-instrument-2026-10-06T15-51-13.379Z,mixed-5000-seed-41544c53,remove-1000,svg_attribute_writes,count,0,20005
Atlas,f393bc3bb2ad,SVG,comparison-instrument-2026-10-06T15-51-13.379Z,mixed-5000-seed-41544c53,remove-1000,svg_attribute_removals,count,0,9601
Atlas,f393bc3bb2ad,SVG,comparison-instrument-2026-10-06T15-51-13.379Z,mixed-5000-seed-41544c53,remove-1000,dom_added_nodes,count,0,0
Atlas,f393bc3bb2ad,SVG,comparison-instrument-2026-10-06T15-51-13.379Z,mixed-5000-seed-41544c53,remove-1000,dom_removed_nodes,count,0,2395
Leaflet,1.9.4,SVG,comparison-instrument-2026-10-06T15-51-13.379Z,mixed-5000-seed-41544c53,remove-1000,operation_sync_ms,ms,0,5.200000047683716
Leaflet,1.9.4,SVG,comparison-instrument-2026-10-06T15-51-13.379Z,mixed-5000-seed-41544c53,remove-1000,cumulative_operation_ms,ms,100,0.5999999046325684
Leaflet,1.9.4,SVG,comparison-instrument-2026-10-06T15-51-13.379Z,mixed-5000-seed-41544c53,remove-1000,cumulative_operation_ms,ms,200,1.2000000476837158
Leaflet,1.9.4,SVG,comparison-instrument-2026-10-06T15-51-13.379Z,mixed-5000-seed-41544c53,remove-1000,cumulative_operation_ms,ms,300,1.7999999523162842
Leaflet,1.9.4,SVG,comparison-instrument-2026-10-06T15-51-13.379Z,mixed-5000-seed-41544c53,remove-1000,cumulative_operation_ms,ms,400,2.200000047683716
Leaflet,1.9.4,SVG,comparison-instrument-2026-10-06T15-51-13.379Z,mixed-5000-seed-41544c53,remove-1000,cumulative_operation_ms,ms,500,2.700000047683716
Leaflet,1.9.4,SVG,comparison-instrument-2026-10-06T15-51-13.379Z,mixed-5000-seed-41544c53,remove-1000,cumulative_operation_ms,ms,600,3
Leaflet,1.9.4,SVG,comparison-instrument-2026-10-06T15-51-13.379Z,mixed-5000-seed-41544c53,remove-1000,cumulative_operation_ms,ms,700,3.5
Leaflet,1.9.4,SVG,comparison-instrument-2026-10-06T15-51-13.379Z,mixed-5000-seed-41544c53,remove-1000,cumulative_operation_ms,ms,800,3.9000000953674316
Leaflet,1.9.4,SVG,comparison-instrument-2026-10-06T15-51-13.379Z,mixed-5000-seed-41544c53,remove-1000,cumulative_operation_ms,ms,900,4.599999904632568
Leaflet,1.9.4,SVG,comparison-instrument-2026-10-06T15-51-13.379Z,mixed-5000-seed-41544c53,remove-1000,cumulative_operation_ms,ms,1000,5.099999904632568
Leaflet,1.9.4,SVG,comparison-instrument-2026-10-06T15-51-13.379Z,mixed-5000-seed-41544c53,remove-1000,operation_to_raf_opportunities_ms,ms,0,32.90000009536743
Leaflet,1.9.4,SVG,comparison-instrument-2026-10-06T15-51-13.379Z,mixed-5000-seed-41544c53,remove-1000,svg_attribute_writes,count,0,0
Leaflet,1.9.4,SVG,comparison-instrument-2026-10-06T15-51-13.379Z,mixed-5000-seed-41544c53,remove-1000,svg_attribute_removals,count,0,0
Leaflet,1.9.4,SVG,comparison-instrument-2026-10-06T15-51-13.379Z,mixed-5000-seed-41544c53,remove-1000,dom_added_nodes,count,0,0
Leaflet,1.9.4,SVG,comparison-instrument-2026-10-06T15-51-13.379Z,mixed-5000-seed-41544c53,remove-1000,dom_removed_nodes,count,0,2395
Leaflet,1.9.4,Canvas,comparison-instrument-2026-10-06T15-51-13.379Z,mixed-5000-seed-41544c53,remove-1000,operation_sync_ms,ms,0,1.7999999523162842
Leaflet,1.9.4,Canvas,comparison-instrument-2026-10-06T15-51-13.379Z,mixed-5000-seed-41544c53,remove-1000,cumulative_operation_ms,ms,100,0.2999999523162842
Leaflet,1.9.4,Canvas,comparison-instrument-2026-10-06T15-51-13.379Z,mixed-5000-seed-41544c53,remove-1000,cumulative_operation_ms,ms,200,0.40000009536743164
Leaflet,1.9.4,Canvas,comparison-instrument-2026-10-06T15-51-13.379Z,mixed-5000-seed-41544c53,remove-1000,cumulative_operation_ms,ms,300,0.6000001430511475
Leaflet,1.9.4,Canvas,comparison-instrument-2026-10-06T15-51-13.379Z,mixed-5000-seed-41544c53,remove-1000,cumulative_operation_ms,ms,400,0.7000000476837158
Leaflet,1.9.4,Canvas,comparison-instrument-2026-10-06T15-51-13.379Z,mixed-5000-seed-41544c53,remove-1000,cumulative_operation_ms,ms,500,0.7999999523162842
Leaflet,1.9.4,Canvas,comparison-instrument-2026-10-06T15-51-13.379Z,mixed-5000-seed-41544c53,remove-1000,cumulative_operation_ms,ms,600,1
Leaflet,1.9.4,Canvas,comparison-instrument-2026-10-06T15-51-13.379Z,mixed-5000-seed-41544c53,remove-1000,cumulative_operation_ms,ms,700,1.1000001430511475
Leaflet,1.9.4,Canvas,comparison-instrument-2026-10-06T15-51-13.379Z,mixed-5000-seed-41544c53,remove-1000,cumulative_operation_ms,ms,800,1.2999999523162842
Leaflet,1.9.4,Canvas,comparison-instrument-2026-10-06T15-51-13.379Z,mixed-5000-seed-41544c53,remove-1000,cumulative_operation_ms,ms,900,1.4000000953674316
Leaflet,1.9.4,Canvas,comparison-instrument-2026-10-06T15-51-13.379Z,mixed-5000-seed-41544c53,remove-1000,cumulative_operation_ms,ms,1000,1.6000001430511475
Leaflet,1.9.4,Canvas,comparison-instrument-2026-10-06T15-51-13.379Z,mixed-5000-seed-41544c53,remove-1000,operation_to_raf_opportunities_ms,ms,0,76.5
Leaflet,1.9.4,Canvas,comparison-instrument-2026-10-06T15-51-13.379Z,mixed-5000-seed-41544c53,remove-1000,svg_attribute_writes,N/A,0,N/A
Leaflet,1.9.4,Canvas,comparison-instrument-2026-10-06T15-51-13.379Z,mixed-5000-seed-41544c53,remove-1000,svg_attribute_removals,N/A,0,N/A
Leaflet,1.9.4,Canvas,comparison-instrument-2026-10-06T15-51-13.379Z,mixed-5000-seed-41544c53,remove-1000,dom_added_nodes,N/A,0,N/A
Leaflet,1.9.4,Canvas,comparison-instrument-2026-10-06T15-51-13.379Z,mixed-5000-seed-41544c53,remove-1000,dom_removed_nodes,N/A,0,N/A
Atlas,f393bc3bb2ad,SVG,comparison-instrument-2026-10-06T15-51-13.379Z,mixed-5000-seed-41544c53,route-update,operation_sync_ms,ms,0,0.09999990463256836
Atlas,f393bc3bb2ad,SVG,comparison-instrument-2026-10-06T15-51-13.379Z,mixed-5000-seed-41544c53,route-update,operation_to_raf_opportunities_ms,ms,0,74.79999995231628
Atlas,f393bc3bb2ad,SVG,comparison-instrument-2026-10-06T15-51-13.379Z,mixed-5000-seed-41544c53,route-update,svg_attribute_writes,count,0,25009
Atlas,f393bc3bb2ad,SVG,comparison-instrument-2026-10-06T15-51-13.379Z,mixed-5000-seed-41544c53,route-update,svg_attribute_removals,count,0,11997
Atlas,f393bc3bb2ad,SVG,comparison-instrument-2026-10-06T15-51-13.379Z,mixed-5000-seed-41544c53,route-update,dom_added_nodes,count,0,2
Atlas,f393bc3bb2ad,SVG,comparison-instrument-2026-10-06T15-51-13.379Z,mixed-5000-seed-41544c53,route-update,dom_removed_nodes,count,0,1
Leaflet,1.9.4,SVG,comparison-instrument-2026-10-06T15-51-13.379Z,mixed-5000-seed-41544c53,route-update,operation_sync_ms,ms,0,27.799999952316284
Leaflet,1.9.4,SVG,comparison-instrument-2026-10-06T15-51-13.379Z,mixed-5000-seed-41544c53,route-update,operation_to_raf_opportunities_ms,ms,0,115
Leaflet,1.9.4,SVG,comparison-instrument-2026-10-06T15-51-13.379Z,mixed-5000-seed-41544c53,route-update,svg_attribute_writes,count,0,19
Leaflet,1.9.4,SVG,comparison-instrument-2026-10-06T15-51-13.379Z,mixed-5000-seed-41544c53,route-update,svg_attribute_removals,count,0,4
Leaflet,1.9.4,SVG,comparison-instrument-2026-10-06T15-51-13.379Z,mixed-5000-seed-41544c53,route-update,dom_added_nodes,count,0,11991
Leaflet,1.9.4,SVG,comparison-instrument-2026-10-06T15-51-13.379Z,mixed-5000-seed-41544c53,route-update,dom_removed_nodes,count,0,11990
Leaflet,1.9.4,Canvas,comparison-instrument-2026-10-06T15-51-13.379Z,mixed-5000-seed-41544c53,route-update,operation_sync_ms,ms,0,1.7999999523162842
Leaflet,1.9.4,Canvas,comparison-instrument-2026-10-06T15-51-13.379Z,mixed-5000-seed-41544c53,route-update,operation_to_raf_opportunities_ms,ms,0,87.5
Leaflet,1.9.4,Canvas,comparison-instrument-2026-10-06T15-51-13.379Z,mixed-5000-seed-41544c53,route-update,svg_attribute_writes,N/A,0,N/A
Leaflet,1.9.4,Canvas,comparison-instrument-2026-10-06T15-51-13.379Z,mixed-5000-seed-41544c53,route-update,svg_attribute_removals,N/A,0,N/A
Leaflet,1.9.4,Canvas,comparison-instrument-2026-10-06T15-51-13.379Z,mixed-5000-seed-41544c53,route-update,dom_added_nodes,N/A,0,N/A
Leaflet,1.9.4,Canvas,comparison-instrument-2026-10-06T15-51-13.379Z,mixed-5000-seed-41544c53,route-update,dom_removed_nodes,N/A,0,N/A
Atlas,f393bc3bb2ad,SVG,comparison-instrument-2026-10-06T15-51-13.379Z,mixed-5000-seed-41544c53,hit,spatial_hit_test_sync_ms,ms,0,0.09999990463256836
Atlas,f393bc3bb2ad,SVG,comparison-instrument-2026-10-06T15-51-13.379Z,mixed-5000-seed-41544c53,hit,spatial_hit_test_sync_ms,ms,1,0.10000014305114746
Atlas,f393bc3bb2ad,SVG,comparison-instrument-2026-10-06T15-51-13.379Z,mixed-5000-seed-41544c53,hit,spatial_hit_test_sync_ms,ms,2,0
Atlas,f393bc3bb2ad,SVG,comparison-instrument-2026-10-06T15-51-13.379Z,mixed-5000-seed-41544c53,hit,spatial_hit_test_sync_ms,ms,3,0
Atlas,f393bc3bb2ad,SVG,comparison-instrument-2026-10-06T15-51-13.379Z,mixed-5000-seed-41544c53,hit,spatial_hit_test_sync_ms,ms,4,0.09999990463256836
Atlas,f393bc3bb2ad,SVG,comparison-instrument-2026-10-06T15-51-13.379Z,mixed-5000-seed-41544c53,hit,spatial_hit_test_sync_ms,ms,5,0.09999990463256836
Atlas,f393bc3bb2ad,SVG,comparison-instrument-2026-10-06T15-51-13.379Z,mixed-5000-seed-41544c53,hit,spatial_hit_test_sync_ms,ms,6,0
Atlas,f393bc3bb2ad,SVG,comparison-instrument-2026-10-06T15-51-13.379Z,mixed-5000-seed-41544c53,hit,spatial_hit_test_sync_ms,ms,7,0.10000014305114746
Atlas,f393bc3bb2ad,SVG,comparison-instrument-2026-10-06T15-51-13.379Z,mixed-5000-seed-41544c53,hit,spatial_hit_test_sync_ms,ms,8,0.09999990463256836
Atlas,f393bc3bb2ad,SVG,comparison-instrument-2026-10-06T15-51-13.379Z,mixed-5000-seed-41544c53,hit,spatial_hit_test_sync_ms,ms,9,0.10000014305114746
Atlas,f393bc3bb2ad,SVG,comparison-instrument-2026-10-06T15-51-13.379Z,mixed-5000-seed-41544c53,hit,spatial_hit_test_sync_ms,ms,10,0
Atlas,f393bc3bb2ad,SVG,comparison-instrument-2026-10-06T15-51-13.379Z,mixed-5000-seed-41544c53,hit,spatial_hit_test_sync_ms,ms,11,0.09999990463256836
Atlas,f393bc3bb2ad,SVG,comparison-instrument-2026-10-06T15-51-13.379Z,mixed-5000-seed-41544c53,hit,spatial_hit_test_sync_ms,ms,12,0.09999990463256836
Atlas,f393bc3bb2ad,SVG,comparison-instrument-2026-10-06T15-51-13.379Z,mixed-5000-seed-41544c53,hit,spatial_hit_test_sync_ms,ms,13,0.10000014305114746
Atlas,f393bc3bb2ad,SVG,comparison-instrument-2026-10-06T15-51-13.379Z,mixed-5000-seed-41544c53,hit,spatial_hit_test_sync_ms,ms,14,0
Atlas,f393bc3bb2ad,SVG,comparison-instrument-2026-10-06T15-51-13.379Z,mixed-5000-seed-41544c53,hit,spatial_hit_test_sync_ms,ms,15,0.09999990463256836
Atlas,f393bc3bb2ad,SVG,comparison-instrument-2026-10-06T15-51-13.379Z,mixed-5000-seed-41544c53,hit,spatial_hit_test_sync_ms,ms,16,0.10000014305114746
Atlas,f393bc3bb2ad,SVG,comparison-instrument-2026-10-06T15-51-13.379Z,mixed-5000-seed-41544c53,hit,spatial_hit_test_sync_ms,ms,17,0
Atlas,f393bc3bb2ad,SVG,comparison-instrument-2026-10-06T15-51-13.379Z,mixed-5000-seed-41544c53,hit,spatial_hit_test_sync_ms,ms,18,0.09999990463256836
Atlas,f393bc3bb2ad,SVG,comparison-instrument-2026-10-06T15-51-13.379Z,mixed-5000-seed-41544c53,hit,spatial_hit_test_sync_ms,ms,19,0.09999990463256836
Atlas,f393bc3bb2ad,SVG,comparison-instrument-2026-10-06T15-51-13.379Z,mixed-5000-seed-41544c53,hit,spatial_hit_test_sync_ms,ms,20,0
Atlas,f393bc3bb2ad,SVG,comparison-instrument-2026-10-06T15-51-13.379Z,mixed-5000-seed-41544c53,hit,spatial_hit_test_sync_ms,ms,21,0.10000014305114746
Atlas,f393bc3bb2ad,SVG,comparison-instrument-2026-10-06T15-51-13.379Z,mixed-5000-seed-41544c53,hit,spatial_hit_test_sync_ms,ms,22,0.09999990463256836
Atlas,f393bc3bb2ad,SVG,comparison-instrument-2026-10-06T15-51-13.379Z,mixed-5000-seed-41544c53,hit,spatial_hit_test_sync_ms,ms,23,0
Atlas,f393bc3bb2ad,SVG,comparison-instrument-2026-10-06T15-51-13.379Z,mixed-5000-seed-41544c53,hit,spatial_hit_test_sync_ms,ms,24,0.10000014305114746
Atlas,f393bc3bb2ad,SVG,comparison-instrument-2026-10-06T15-51-13.379Z,mixed-5000-seed-41544c53,hit,spatial_hit_test_sync_ms,ms,25,0
Atlas,f393bc3bb2ad,SVG,comparison-instrument-2026-10-06T15-51-13.379Z,mixed-5000-seed-41544c53,hit,spatial_hit_test_sync_ms,ms,26,0.19999980926513672
Atlas,f393bc3bb2ad,SVG,comparison-instrument-2026-10-06T15-51-13.379Z,mixed-5000-seed-41544c53,hit,spatial_hit_test_sync_ms,ms,27,0
Atlas,f393bc3bb2ad,SVG,comparison-instrument-2026-10-06T15-51-13.379Z,mixed-5000-seed-41544c53,hit,spatial_hit_test_sync_ms,ms,28,0
Atlas,f393bc3bb2ad,SVG,comparison-instrument-2026-10-06T15-51-13.379Z,mixed-5000-seed-41544c53,hit,spatial_hit_test_sync_ms,ms,29,0.10000014305114746
Atlas,f393bc3bb2ad,SVG,comparison-instrument-2026-10-06T15-51-13.379Z,mixed-5000-seed-41544c53,hit,spatial_hit_test_sync_ms,ms,30,0.09999990463256836
Atlas,f393bc3bb2ad,SVG,comparison-instrument-2026-10-06T15-51-13.379Z,mixed-5000-seed-41544c53,hit,spatial_hit_test_sync_ms,ms,31,0.10000014305114746
Atlas,f393bc3bb2ad,SVG,comparison-instrument-2026-10-06T15-51-13.379Z,mixed-5000-seed-41544c53,hit,spatial_hit_test_sync_ms,ms,32,0.09999990463256836
Atlas,f393bc3bb2ad,SVG,comparison-instrument-2026-10-06T15-51-13.379Z,mixed-5000-seed-41544c53,hit,spatial_hit_test_sync_ms,ms,33,0
Atlas,f393bc3bb2ad,SVG,comparison-instrument-2026-10-06T15-51-13.379Z,mixed-5000-seed-41544c53,hit,spatial_hit_test_sync_ms,ms,34,0.09999990463256836
Atlas,f393bc3bb2ad,SVG,comparison-instrument-2026-10-06T15-51-13.379Z,mixed-5000-seed-41544c53,hit,spatial_hit_test_sync_ms,ms,35,0.10000014305114746
Atlas,f393bc3bb2ad,SVG,comparison-instrument-2026-10-06T15-51-13.379Z,mixed-5000-seed-41544c53,hit,spatial_hit_test_sync_ms,ms,36,0
Atlas,f393bc3bb2ad,SVG,comparison-instrument-2026-10-06T15-51-13.379Z,mixed-5000-seed-41544c53,hit,spatial_hit_test_sync_ms,ms,37,0
Atlas,f393bc3bb2ad,SVG,comparison-instrument-2026-10-06T15-51-13.379Z,mixed-5000-seed-41544c53,hit,spatial_hit_test_sync_ms,ms,38,0.09999990463256836
Atlas,f393bc3bb2ad,SVG,comparison-instrument-2026-10-06T15-51-13.379Z,mixed-5000-seed-41544c53,hit,spatial_hit_test_sync_ms,ms,39,0.10000014305114746
Atlas,f393bc3bb2ad,SVG,comparison-instrument-2026-10-06T15-51-13.379Z,mixed-5000-seed-41544c53,hit,spatial_hit_test_sync_ms,ms,40,0
Atlas,f393bc3bb2ad,SVG,comparison-instrument-2026-10-06T15-51-13.379Z,mixed-5000-seed-41544c53,hit,spatial_hit_test_sync_ms,ms,41,0.09999990463256836
Atlas,f393bc3bb2ad,SVG,comparison-instrument-2026-10-06T15-51-13.379Z,mixed-5000-seed-41544c53,hit,spatial_hit_test_sync_ms,ms,42,0.09999990463256836
Atlas,f393bc3bb2ad,SVG,comparison-instrument-2026-10-06T15-51-13.379Z,mixed-5000-seed-41544c53,hit,spatial_hit_test_sync_ms,ms,43,0
Atlas,f393bc3bb2ad,SVG,comparison-instrument-2026-10-06T15-51-13.379Z,mixed-5000-seed-41544c53,hit,spatial_hit_test_sync_ms,ms,44,0.10000014305114746
Atlas,f393bc3bb2ad,SVG,comparison-instrument-2026-10-06T15-51-13.379Z,mixed-5000-seed-41544c53,hit,spatial_hit_test_sync_ms,ms,45,0
Atlas,f393bc3bb2ad,SVG,comparison-instrument-2026-10-06T15-51-13.379Z,mixed-5000-seed-41544c53,hit,spatial_hit_test_sync_ms,ms,46,0.09999990463256836
Atlas,f393bc3bb2ad,SVG,comparison-instrument-2026-10-06T15-51-13.379Z,mixed-5000-seed-41544c53,hit,spatial_hit_test_sync_ms,ms,47,0.20000004768371582
Atlas,f393bc3bb2ad,SVG,comparison-instrument-2026-10-06T15-51-13.379Z,mixed-5000-seed-41544c53,hit,spatial_hit_test_sync_ms,ms,48,0
Atlas,f393bc3bb2ad,SVG,comparison-instrument-2026-10-06T15-51-13.379Z,mixed-5000-seed-41544c53,hit,spatial_hit_test_sync_ms,ms,49,0
Atlas,f393bc3bb2ad,SVG,comparison-instrument-2026-10-06T15-51-13.379Z,mixed-5000-seed-41544c53,hit,spatial_hit_test_sync_ms,ms,50,0.09999990463256836
Atlas,f393bc3bb2ad,SVG,comparison-instrument-2026-10-06T15-51-13.379Z,mixed-5000-seed-41544c53,hit,spatial_hit_test_sync_ms,ms,51,0.10000014305114746
Atlas,f393bc3bb2ad,SVG,comparison-instrument-2026-10-06T15-51-13.379Z,mixed-5000-seed-41544c53,hit,spatial_hit_test_sync_ms,ms,52,0.09999990463256836
Atlas,f393bc3bb2ad,SVG,comparison-instrument-2026-10-06T15-51-13.379Z,mixed-5000-seed-41544c53,hit,spatial_hit_test_sync_ms,ms,53,0
Atlas,f393bc3bb2ad,SVG,comparison-instrument-2026-10-06T15-51-13.379Z,mixed-5000-seed-41544c53,hit,spatial_hit_test_sync_ms,ms,54,0.10000014305114746
Atlas,f393bc3bb2ad,SVG,comparison-instrument-2026-10-06T15-51-13.379Z,mixed-5000-seed-41544c53,hit,spatial_hit_test_sync_ms,ms,55,0
Atlas,f393bc3bb2ad,SVG,comparison-instrument-2026-10-06T15-51-13.379Z,mixed-5000-seed-41544c53,hit,spatial_hit_test_sync_ms,ms,56,0.19999980926513672
Atlas,f393bc3bb2ad,SVG,comparison-instrument-2026-10-06T15-51-13.379Z,mixed-5000-seed-41544c53,hit,spatial_hit_test_sync_ms,ms,57,0
Atlas,f393bc3bb2ad,SVG,comparison-instrument-2026-10-06T15-51-13.379Z,mixed-5000-seed-41544c53,hit,spatial_hit_test_sync_ms,ms,58,0
Atlas,f393bc3bb2ad,SVG,comparison-instrument-2026-10-06T15-51-13.379Z,mixed-5000-seed-41544c53,hit,spatial_hit_test_sync_ms,ms,59,0.20000004768371582
Atlas,f393bc3bb2ad,SVG,comparison-instrument-2026-10-06T15-51-13.379Z,mixed-5000-seed-41544c53,hit,spatial_hit_test_sync_ms,ms,60,0
Atlas,f393bc3bb2ad,SVG,comparison-instrument-2026-10-06T15-51-13.379Z,mixed-5000-seed-41544c53,hit,spatial_hit_test_sync_ms,ms,61,0.10000014305114746
Atlas,f393bc3bb2ad,SVG,comparison-instrument-2026-10-06T15-51-13.379Z,mixed-5000-seed-41544c53,hit,spatial_hit_test_sync_ms,ms,62,0
Atlas,f393bc3bb2ad,SVG,comparison-instrument-2026-10-06T15-51-13.379Z,mixed-5000-seed-41544c53,hit,spatial_hit_test_sync_ms,ms,63,0.09999990463256836
Atlas,f393bc3bb2ad,SVG,comparison-instrument-2026-10-06T15-51-13.379Z,mixed-5000-seed-41544c53,hit,spatial_hit_test_sync_ms,ms,64,0.09999990463256836
Atlas,f393bc3bb2ad,SVG,comparison-instrument-2026-10-06T15-51-13.379Z,mixed-5000-seed-41544c53,hit,spatial_hit_test_sync_ms,ms,65,0.10000014305114746
Atlas,f393bc3bb2ad,SVG,comparison-instrument-2026-10-06T15-51-13.379Z,mixed-5000-seed-41544c53,hit,spatial_hit_test_sync_ms,ms,66,0
Atlas,f393bc3bb2ad,SVG,comparison-instrument-2026-10-06T15-51-13.379Z,mixed-5000-seed-41544c53,hit,spatial_hit_test_sync_ms,ms,67,0.09999990463256836
Atlas,f393bc3bb2ad,SVG,comparison-instrument-2026-10-06T15-51-13.379Z,mixed-5000-seed-41544c53,hit,spatial_hit_test_sync_ms,ms,68,0.10000014305114746
Atlas,f393bc3bb2ad,SVG,comparison-instrument-2026-10-06T15-51-13.379Z,mixed-5000-seed-41544c53,hit,spatial_hit_test_sync_ms,ms,69,0
Atlas,f393bc3bb2ad,SVG,comparison-instrument-2026-10-06T15-51-13.379Z,mixed-5000-seed-41544c53,hit,spatial_hit_test_sync_ms,ms,70,0.09999990463256836
Atlas,f393bc3bb2ad,SVG,comparison-instrument-2026-10-06T15-51-13.379Z,mixed-5000-seed-41544c53,hit,spatial_hit_test_sync_ms,ms,71,0.09999990463256836
Atlas,f393bc3bb2ad,SVG,comparison-instrument-2026-10-06T15-51-13.379Z,mixed-5000-seed-41544c53,hit,spatial_hit_test_sync_ms,ms,72,0
Atlas,f393bc3bb2ad,SVG,comparison-instrument-2026-10-06T15-51-13.379Z,mixed-5000-seed-41544c53,hit,spatial_hit_test_sync_ms,ms,73,0.10000014305114746
Atlas,f393bc3bb2ad,SVG,comparison-instrument-2026-10-06T15-51-13.379Z,mixed-5000-seed-41544c53,hit,spatial_hit_test_sync_ms,ms,74,0
Atlas,f393bc3bb2ad,SVG,comparison-instrument-2026-10-06T15-51-13.379Z,mixed-5000-seed-41544c53,hit,spatial_hit_test_sync_ms,ms,75,0.20000004768371582
Atlas,f393bc3bb2ad,SVG,comparison-instrument-2026-10-06T15-51-13.379Z,mixed-5000-seed-41544c53,hit,spatial_hit_test_sync_ms,ms,76,0
Atlas,f393bc3bb2ad,SVG,comparison-instrument-2026-10-06T15-51-13.379Z,mixed-5000-seed-41544c53,hit,spatial_hit_test_sync_ms,ms,77,0.09999990463256836
Atlas,f393bc3bb2ad,SVG,comparison-instrument-2026-10-06T15-51-13.379Z,mixed-5000-seed-41544c53,hit,spatial_hit_test_sync_ms,ms,78,0
Atlas,f393bc3bb2ad,SVG,comparison-instrument-2026-10-06T15-51-13.379Z,mixed-5000-seed-41544c53,hit,spatial_hit_test_sync_ms,ms,79,0.09999990463256836
Atlas,f393bc3bb2ad,SVG,comparison-instrument-2026-10-06T15-51-13.379Z,mixed-5000-seed-41544c53,hit,spatial_hit_test_sync_ms,ms,80,0.10000014305114746
Atlas,f393bc3bb2ad,SVG,comparison-instrument-2026-10-06T15-51-13.379Z,mixed-5000-seed-41544c53,hit,spatial_hit_test_sync_ms,ms,81,0
Atlas,f393bc3bb2ad,SVG,comparison-instrument-2026-10-06T15-51-13.379Z,mixed-5000-seed-41544c53,hit,spatial_hit_test_sync_ms,ms,82,0.09999990463256836
Atlas,f393bc3bb2ad,SVG,comparison-instrument-2026-10-06T15-51-13.379Z,mixed-5000-seed-41544c53,hit,spatial_hit_test_sync_ms,ms,83,0.10000014305114746
Atlas,f393bc3bb2ad,SVG,comparison-instrument-2026-10-06T15-51-13.379Z,mixed-5000-seed-41544c53,hit,spatial_hit_test_sync_ms,ms,84,0.19999980926513672
Atlas,f393bc3bb2ad,SVG,comparison-instrument-2026-10-06T15-51-13.379Z,mixed-5000-seed-41544c53,hit,spatial_hit_test_sync_ms,ms,85,0
Atlas,f393bc3bb2ad,SVG,comparison-instrument-2026-10-06T15-51-13.379Z,mixed-5000-seed-41544c53,hit,spatial_hit_test_sync_ms,ms,86,0.20000004768371582
Atlas,f393bc3bb2ad,SVG,comparison-instrument-2026-10-06T15-51-13.379Z,mixed-5000-seed-41544c53,hit,spatial_hit_test_sync_ms,ms,87,0
Atlas,f393bc3bb2ad,SVG,comparison-instrument-2026-10-06T15-51-13.379Z,mixed-5000-seed-41544c53,hit,spatial_hit_test_sync_ms,ms,88,0.10000014305114746
Atlas,f393bc3bb2ad,SVG,comparison-instrument-2026-10-06T15-51-13.379Z,mixed-5000-seed-41544c53,hit,spatial_hit_test_sync_ms,ms,89,0.09999990463256836
Atlas,f393bc3bb2ad,SVG,comparison-instrument-2026-10-06T15-51-13.379Z,mixed-5000-seed-41544c53,hit,spatial_hit_test_sync_ms,ms,90,0.09999990463256836
Atlas,f393bc3bb2ad,SVG,comparison-instrument-2026-10-06T15-51-13.379Z,mixed-5000-seed-41544c53,hit,spatial_hit_test_sync_ms,ms,91,0.10000014305114746
Atlas,f393bc3bb2ad,SVG,comparison-instrument-2026-10-06T15-51-13.379Z,mixed-5000-seed-41544c53,hit,spatial_hit_test_sync_ms,ms,92,0
Atlas,f393bc3bb2ad,SVG,comparison-instrument-2026-10-06T15-51-13.379Z,mixed-5000-seed-41544c53,hit,spatial_hit_test_sync_ms,ms,93,0.09999990463256836
Atlas,f393bc3bb2ad,SVG,comparison-instrument-2026-10-06T15-51-13.379Z,mixed-5000-seed-41544c53,hit,spatial_hit_test_sync_ms,ms,94,0.10000014305114746
Atlas,f393bc3bb2ad,SVG,comparison-instrument-2026-10-06T15-51-13.379Z,mixed-5000-seed-41544c53,hit,spatial_hit_test_sync_ms,ms,95,0
Atlas,f393bc3bb2ad,SVG,comparison-instrument-2026-10-06T15-51-13.379Z,mixed-5000-seed-41544c53,hit,spatial_hit_test_sync_ms,ms,96,0.09999990463256836
Atlas,f393bc3bb2ad,SVG,comparison-instrument-2026-10-06T15-51-13.379Z,mixed-5000-seed-41544c53,hit,spatial_hit_test_sync_ms,ms,97,0
Atlas,f393bc3bb2ad,SVG,comparison-instrument-2026-10-06T15-51-13.379Z,mixed-5000-seed-41544c53,hit,spatial_hit_test_sync_ms,ms,98,0.09999990463256836
Atlas,f393bc3bb2ad,SVG,comparison-instrument-2026-10-06T15-51-13.379Z,mixed-5000-seed-41544c53,hit,spatial_hit_test_sync_ms,ms,99,0
Atlas,f393bc3bb2ad,SVG,comparison-instrument-2026-10-06T15-51-13.379Z,mixed-5000-seed-41544c53,hit,spatial_hit_test_sync_ms,ms,100,0.10000014305114746
Atlas,f393bc3bb2ad,SVG,comparison-instrument-2026-10-06T15-51-13.379Z,mixed-5000-seed-41544c53,hit,spatial_hit_test_sync_ms,ms,101,0.09999990463256836
Atlas,f393bc3bb2ad,SVG,comparison-instrument-2026-10-06T15-51-13.379Z,mixed-5000-seed-41544c53,hit,spatial_hit_test_sync_ms,ms,102,0
Atlas,f393bc3bb2ad,SVG,comparison-instrument-2026-10-06T15-51-13.379Z,mixed-5000-seed-41544c53,hit,spatial_hit_test_sync_ms,ms,103,0.10000014305114746
Atlas,f393bc3bb2ad,SVG,comparison-instrument-2026-10-06T15-51-13.379Z,mixed-5000-seed-41544c53,hit,spatial_hit_test_sync_ms,ms,104,0.19999980926513672
Atlas,f393bc3bb2ad,SVG,comparison-instrument-2026-10-06T15-51-13.379Z,mixed-5000-seed-41544c53,hit,spatial_hit_test_sync_ms,ms,105,0
Atlas,f393bc3bb2ad,SVG,comparison-instrument-2026-10-06T15-51-13.379Z,mixed-5000-seed-41544c53,hit,spatial_hit_test_sync_ms,ms,106,0
Atlas,f393bc3bb2ad,SVG,comparison-instrument-2026-10-06T15-51-13.379Z,mixed-5000-seed-41544c53,hit,spatial_hit_test_sync_ms,ms,107,0.10000014305114746
Atlas,f393bc3bb2ad,SVG,comparison-instrument-2026-10-06T15-51-13.379Z,mixed-5000-seed-41544c53,hit,spatial_hit_test_sync_ms,ms,108,0.09999990463256836
Atlas,f393bc3bb2ad,SVG,comparison-instrument-2026-10-06T15-51-13.379Z,mixed-5000-seed-41544c53,hit,spatial_hit_test_sync_ms,ms,109,0.10000014305114746
Atlas,f393bc3bb2ad,SVG,comparison-instrument-2026-10-06T15-51-13.379Z,mixed-5000-seed-41544c53,hit,spatial_hit_test_sync_ms,ms,110,0.09999990463256836
Atlas,f393bc3bb2ad,SVG,comparison-instrument-2026-10-06T15-51-13.379Z,mixed-5000-seed-41544c53,hit,spatial_hit_test_sync_ms,ms,111,0
Atlas,f393bc3bb2ad,SVG,comparison-instrument-2026-10-06T15-51-13.379Z,mixed-5000-seed-41544c53,hit,spatial_hit_test_sync_ms,ms,112,0.09999990463256836
Atlas,f393bc3bb2ad,SVG,comparison-instrument-2026-10-06T15-51-13.379Z,mixed-5000-seed-41544c53,hit,spatial_hit_test_sync_ms,ms,113,0.10000014305114746
Atlas,f393bc3bb2ad,SVG,comparison-instrument-2026-10-06T15-51-13.379Z,mixed-5000-seed-41544c53,hit,spatial_hit_test_sync_ms,ms,114,0.09999990463256836
Atlas,f393bc3bb2ad,SVG,comparison-instrument-2026-10-06T15-51-13.379Z,mixed-5000-seed-41544c53,hit,spatial_hit_test_sync_ms,ms,115,0
Atlas,f393bc3bb2ad,SVG,comparison-instrument-2026-10-06T15-51-13.379Z,mixed-5000-seed-41544c53,hit,spatial_hit_test_sync_ms,ms,116,0.10000014305114746
Atlas,f393bc3bb2ad,SVG,comparison-instrument-2026-10-06T15-51-13.379Z,mixed-5000-seed-41544c53,hit,spatial_hit_test_sync_ms,ms,117,0
Atlas,f393bc3bb2ad,SVG,comparison-instrument-2026-10-06T15-51-13.379Z,mixed-5000-seed-41544c53,hit,spatial_hit_test_sync_ms,ms,118,0.09999990463256836
Atlas,f393bc3bb2ad,SVG,comparison-instrument-2026-10-06T15-51-13.379Z,mixed-5000-seed-41544c53,hit,spatial_hit_test_sync_ms,ms,119,0.09999990463256836
Atlas,f393bc3bb2ad,SVG,comparison-instrument-2026-10-06T15-51-13.379Z,mixed-5000-seed-41544c53,hit,spatial_hit_test_sync_ms,ms,120,0.10000014305114746
Atlas,f393bc3bb2ad,SVG,comparison-instrument-2026-10-06T15-51-13.379Z,mixed-5000-seed-41544c53,hit,spatial_hit_test_sync_ms,ms,121,0
Atlas,f393bc3bb2ad,SVG,comparison-instrument-2026-10-06T15-51-13.379Z,mixed-5000-seed-41544c53,hit,spatial_hit_test_sync_ms,ms,122,0.10000014305114746
Atlas,f393bc3bb2ad,SVG,comparison-instrument-2026-10-06T15-51-13.379Z,mixed-5000-seed-41544c53,hit,spatial_hit_test_sync_ms,ms,123,0.09999990463256836
Atlas,f393bc3bb2ad,SVG,comparison-instrument-2026-10-06T15-51-13.379Z,mixed-5000-seed-41544c53,hit,spatial_hit_test_sync_ms,ms,124,0.09999990463256836
Atlas,f393bc3bb2ad,SVG,comparison-instrument-2026-10-06T15-51-13.379Z,mixed-5000-seed-41544c53,hit,spatial_hit_test_sync_ms,ms,125,0.10000014305114746
Atlas,f393bc3bb2ad,SVG,comparison-instrument-2026-10-06T15-51-13.379Z,mixed-5000-seed-41544c53,hit,spatial_hit_test_sync_ms,ms,126,0
Atlas,f393bc3bb2ad,SVG,comparison-instrument-2026-10-06T15-51-13.379Z,mixed-5000-seed-41544c53,hit,spatial_hit_test_sync_ms,ms,127,0.09999990463256836
Atlas,f393bc3bb2ad,SVG,comparison-instrument-2026-10-06T15-51-13.379Z,mixed-5000-seed-41544c53,hit,spatial_hit_test_sync_ms,ms,128,0
Atlas,f393bc3bb2ad,SVG,comparison-instrument-2026-10-06T15-51-13.379Z,mixed-5000-seed-41544c53,hit,spatial_hit_test_sync_ms,ms,129,0.10000014305114746
Atlas,f393bc3bb2ad,SVG,comparison-instrument-2026-10-06T15-51-13.379Z,mixed-5000-seed-41544c53,hit,spatial_hit_test_sync_ms,ms,130,0.09999990463256836
Atlas,f393bc3bb2ad,SVG,comparison-instrument-2026-10-06T15-51-13.379Z,mixed-5000-seed-41544c53,hit,spatial_hit_test_sync_ms,ms,131,0
Atlas,f393bc3bb2ad,SVG,comparison-instrument-2026-10-06T15-51-13.379Z,mixed-5000-seed-41544c53,hit,spatial_hit_test_sync_ms,ms,132,0.09999990463256836
Atlas,f393bc3bb2ad,SVG,comparison-instrument-2026-10-06T15-51-13.379Z,mixed-5000-seed-41544c53,hit,spatial_hit_test_sync_ms,ms,133,0.10000014305114746
Atlas,f393bc3bb2ad,SVG,comparison-instrument-2026-10-06T15-51-13.379Z,mixed-5000-seed-41544c53,hit,spatial_hit_test_sync_ms,ms,134,0.09999990463256836
Atlas,f393bc3bb2ad,SVG,comparison-instrument-2026-10-06T15-51-13.379Z,mixed-5000-seed-41544c53,hit,spatial_hit_test_sync_ms,ms,135,0
Atlas,f393bc3bb2ad,SVG,comparison-instrument-2026-10-06T15-51-13.379Z,mixed-5000-seed-41544c53,hit,spatial_hit_test_sync_ms,ms,136,0.10000014305114746
Atlas,f393bc3bb2ad,SVG,comparison-instrument-2026-10-06T15-51-13.379Z,mixed-5000-seed-41544c53,hit,spatial_hit_test_sync_ms,ms,137,0.09999990463256836
Atlas,f393bc3bb2ad,SVG,comparison-instrument-2026-10-06T15-51-13.379Z,mixed-5000-seed-41544c53,hit,spatial_hit_test_sync_ms,ms,138,0.09999990463256836
Atlas,f393bc3bb2ad,SVG,comparison-instrument-2026-10-06T15-51-13.379Z,mixed-5000-seed-41544c53,hit,spatial_hit_test_sync_ms,ms,139,0
Atlas,f393bc3bb2ad,SVG,comparison-instrument-2026-10-06T15-51-13.379Z,mixed-5000-seed-41544c53,hit,spatial_hit_test_sync_ms,ms,140,0.10000014305114746
Atlas,f393bc3bb2ad,SVG,comparison-instrument-2026-10-06T15-51-13.379Z,mixed-5000-seed-41544c53,hit,spatial_hit_test_sync_ms,ms,141,0
Atlas,f393bc3bb2ad,SVG,comparison-instrument-2026-10-06T15-51-13.379Z,mixed-5000-seed-41544c53,hit,spatial_hit_test_sync_ms,ms,142,0.09999990463256836
Atlas,f393bc3bb2ad,SVG,comparison-instrument-2026-10-06T15-51-13.379Z,mixed-5000-seed-41544c53,hit,spatial_hit_test_sync_ms,ms,143,0.10000014305114746
Atlas,f393bc3bb2ad,SVG,comparison-instrument-2026-10-06T15-51-13.379Z,mixed-5000-seed-41544c53,hit,spatial_hit_test_sync_ms,ms,144,5.5
Atlas,f393bc3bb2ad,SVG,comparison-instrument-2026-10-06T15-51-13.379Z,mixed-5000-seed-41544c53,hit,spatial_hit_test_sync_ms,ms,145,0.19999980926513672
Atlas,f393bc3bb2ad,SVG,comparison-instrument-2026-10-06T15-51-13.379Z,mixed-5000-seed-41544c53,hit,spatial_hit_test_sync_ms,ms,146,0
Atlas,f393bc3bb2ad,SVG,comparison-instrument-2026-10-06T15-51-13.379Z,mixed-5000-seed-41544c53,hit,spatial_hit_test_sync_ms,ms,147,0.10000014305114746
Atlas,f393bc3bb2ad,SVG,comparison-instrument-2026-10-06T15-51-13.379Z,mixed-5000-seed-41544c53,hit,spatial_hit_test_sync_ms,ms,148,0
Atlas,f393bc3bb2ad,SVG,comparison-instrument-2026-10-06T15-51-13.379Z,mixed-5000-seed-41544c53,hit,spatial_hit_test_sync_ms,ms,149,0.09999990463256836
Atlas,f393bc3bb2ad,SVG,comparison-instrument-2026-10-06T15-51-13.379Z,mixed-5000-seed-41544c53,hit,spatial_hit_test_sync_ms,ms,150,0.10000014305114746
Atlas,f393bc3bb2ad,SVG,comparison-instrument-2026-10-06T15-51-13.379Z,mixed-5000-seed-41544c53,hit,spatial_hit_test_sync_ms,ms,151,0.09999990463256836
Atlas,f393bc3bb2ad,SVG,comparison-instrument-2026-10-06T15-51-13.379Z,mixed-5000-seed-41544c53,hit,spatial_hit_test_sync_ms,ms,152,0
Atlas,f393bc3bb2ad,SVG,comparison-instrument-2026-10-06T15-51-13.379Z,mixed-5000-seed-41544c53,hit,spatial_hit_test_sync_ms,ms,153,0.09999990463256836
Atlas,f393bc3bb2ad,SVG,comparison-instrument-2026-10-06T15-51-13.379Z,mixed-5000-seed-41544c53,hit,spatial_hit_test_sync_ms,ms,154,0.10000014305114746
Atlas,f393bc3bb2ad,SVG,comparison-instrument-2026-10-06T15-51-13.379Z,mixed-5000-seed-41544c53,hit,spatial_hit_test_sync_ms,ms,155,0.09999990463256836
Atlas,f393bc3bb2ad,SVG,comparison-instrument-2026-10-06T15-51-13.379Z,mixed-5000-seed-41544c53,hit,spatial_hit_test_sync_ms,ms,156,0.10000014305114746
Atlas,f393bc3bb2ad,SVG,comparison-instrument-2026-10-06T15-51-13.379Z,mixed-5000-seed-41544c53,hit,spatial_hit_test_sync_ms,ms,157,0
Atlas,f393bc3bb2ad,SVG,comparison-instrument-2026-10-06T15-51-13.379Z,mixed-5000-seed-41544c53,hit,spatial_hit_test_sync_ms,ms,158,0.09999990463256836
Atlas,f393bc3bb2ad,SVG,comparison-instrument-2026-10-06T15-51-13.379Z,mixed-5000-seed-41544c53,hit,spatial_hit_test_sync_ms,ms,159,0
Atlas,f393bc3bb2ad,SVG,comparison-instrument-2026-10-06T15-51-13.379Z,mixed-5000-seed-41544c53,hit,spatial_hit_test_sync_ms,ms,160,0.09999990463256836
Atlas,f393bc3bb2ad,SVG,comparison-instrument-2026-10-06T15-51-13.379Z,mixed-5000-seed-41544c53,hit,spatial_hit_test_sync_ms,ms,161,0.10000014305114746
Atlas,f393bc3bb2ad,SVG,comparison-instrument-2026-10-06T15-51-13.379Z,mixed-5000-seed-41544c53,hit,spatial_hit_test_sync_ms,ms,162,0.09999990463256836
Atlas,f393bc3bb2ad,SVG,comparison-instrument-2026-10-06T15-51-13.379Z,mixed-5000-seed-41544c53,hit,spatial_hit_test_sync_ms,ms,163,0.10000014305114746
Atlas,f393bc3bb2ad,SVG,comparison-instrument-2026-10-06T15-51-13.379Z,mixed-5000-seed-41544c53,hit,spatial_hit_test_sync_ms,ms,164,0.09999990463256836
Atlas,f393bc3bb2ad,SVG,comparison-instrument-2026-10-06T15-51-13.379Z,mixed-5000-seed-41544c53,hit,spatial_hit_test_sync_ms,ms,165,0
Atlas,f393bc3bb2ad,SVG,comparison-instrument-2026-10-06T15-51-13.379Z,mixed-5000-seed-41544c53,hit,spatial_hit_test_sync_ms,ms,166,0.09999990463256836
Atlas,f393bc3bb2ad,SVG,comparison-instrument-2026-10-06T15-51-13.379Z,mixed-5000-seed-41544c53,hit,spatial_hit_test_sync_ms,ms,167,0.10000014305114746
Atlas,f393bc3bb2ad,SVG,comparison-instrument-2026-10-06T15-51-13.379Z,mixed-5000-seed-41544c53,hit,spatial_hit_test_sync_ms,ms,168,0.09999990463256836
Atlas,f393bc3bb2ad,SVG,comparison-instrument-2026-10-06T15-51-13.379Z,mixed-5000-seed-41544c53,hit,spatial_hit_test_sync_ms,ms,169,0
Atlas,f393bc3bb2ad,SVG,comparison-instrument-2026-10-06T15-51-13.379Z,mixed-5000-seed-41544c53,hit,spatial_hit_test_sync_ms,ms,170,0.10000014305114746
Atlas,f393bc3bb2ad,SVG,comparison-instrument-2026-10-06T15-51-13.379Z,mixed-5000-seed-41544c53,hit,spatial_hit_test_sync_ms,ms,171,0
Atlas,f393bc3bb2ad,SVG,comparison-instrument-2026-10-06T15-51-13.379Z,mixed-5000-seed-41544c53,hit,spatial_hit_test_sync_ms,ms,172,0.19999980926513672
Atlas,f393bc3bb2ad,SVG,comparison-instrument-2026-10-06T15-51-13.379Z,mixed-5000-seed-41544c53,hit,spatial_hit_test_sync_ms,ms,173,0
Atlas,f393bc3bb2ad,SVG,comparison-instrument-2026-10-06T15-51-13.379Z,mixed-5000-seed-41544c53,hit,spatial_hit_test_sync_ms,ms,174,0.20000004768371582
Atlas,f393bc3bb2ad,SVG,comparison-instrument-2026-10-06T15-51-13.379Z,mixed-5000-seed-41544c53,hit,spatial_hit_test_sync_ms,ms,175,0
Atlas,f393bc3bb2ad,SVG,comparison-instrument-2026-10-06T15-51-13.379Z,mixed-5000-seed-41544c53,hit,spatial_hit_test_sync_ms,ms,176,0.10000014305114746
Atlas,f393bc3bb2ad,SVG,comparison-instrument-2026-10-06T15-51-13.379Z,mixed-5000-seed-41544c53,hit,spatial_hit_test_sync_ms,ms,177,0
Atlas,f393bc3bb2ad,SVG,comparison-instrument-2026-10-06T15-51-13.379Z,mixed-5000-seed-41544c53,hit,spatial_hit_test_sync_ms,ms,178,0.09999990463256836
Atlas,f393bc3bb2ad,SVG,comparison-instrument-2026-10-06T15-51-13.379Z,mixed-5000-seed-41544c53,hit,spatial_hit_test_sync_ms,ms,179,0.09999990463256836
Atlas,f393bc3bb2ad,SVG,comparison-instrument-2026-10-06T15-51-13.379Z,mixed-5000-seed-41544c53,hit,spatial_hit_test_sync_ms,ms,180,0.10000014305114746
Atlas,f393bc3bb2ad,SVG,comparison-instrument-2026-10-06T15-51-13.379Z,mixed-5000-seed-41544c53,hit,spatial_hit_test_sync_ms,ms,181,0
Atlas,f393bc3bb2ad,SVG,comparison-instrument-2026-10-06T15-51-13.379Z,mixed-5000-seed-41544c53,hit,spatial_hit_test_sync_ms,ms,182,0.20000004768371582
Atlas,f393bc3bb2ad,SVG,comparison-instrument-2026-10-06T15-51-13.379Z,mixed-5000-seed-41544c53,hit,spatial_hit_test_sync_ms,ms,183,0
Atlas,f393bc3bb2ad,SVG,comparison-instrument-2026-10-06T15-51-13.379Z,mixed-5000-seed-41544c53,hit,spatial_hit_test_sync_ms,ms,184,0
Atlas,f393bc3bb2ad,SVG,comparison-instrument-2026-10-06T15-51-13.379Z,mixed-5000-seed-41544c53,hit,spatial_hit_test_sync_ms,ms,185,0.09999990463256836
Atlas,f393bc3bb2ad,SVG,comparison-instrument-2026-10-06T15-51-13.379Z,mixed-5000-seed-41544c53,hit,spatial_hit_test_sync_ms,ms,186,0.09999990463256836
Atlas,f393bc3bb2ad,SVG,comparison-instrument-2026-10-06T15-51-13.379Z,mixed-5000-seed-41544c53,hit,spatial_hit_test_sync_ms,ms,187,0.10000014305114746
Atlas,f393bc3bb2ad,SVG,comparison-instrument-2026-10-06T15-51-13.379Z,mixed-5000-seed-41544c53,hit,spatial_hit_test_sync_ms,ms,188,0.09999990463256836
Atlas,f393bc3bb2ad,SVG,comparison-instrument-2026-10-06T15-51-13.379Z,mixed-5000-seed-41544c53,hit,spatial_hit_test_sync_ms,ms,189,0.10000014305114746
Atlas,f393bc3bb2ad,SVG,comparison-instrument-2026-10-06T15-51-13.379Z,mixed-5000-seed-41544c53,hit,spatial_hit_test_sync_ms,ms,190,0
Atlas,f393bc3bb2ad,SVG,comparison-instrument-2026-10-06T15-51-13.379Z,mixed-5000-seed-41544c53,hit,spatial_hit_test_sync_ms,ms,191,0.09999990463256836
Atlas,f393bc3bb2ad,SVG,comparison-instrument-2026-10-06T15-51-13.379Z,mixed-5000-seed-41544c53,hit,spatial_hit_test_sync_ms,ms,192,0
Atlas,f393bc3bb2ad,SVG,comparison-instrument-2026-10-06T15-51-13.379Z,mixed-5000-seed-41544c53,hit,spatial_hit_test_sync_ms,ms,193,0.09999990463256836
Atlas,f393bc3bb2ad,SVG,comparison-instrument-2026-10-06T15-51-13.379Z,mixed-5000-seed-41544c53,hit,spatial_hit_test_sync_ms,ms,194,0.10000014305114746
Atlas,f393bc3bb2ad,SVG,comparison-instrument-2026-10-06T15-51-13.379Z,mixed-5000-seed-41544c53,hit,spatial_hit_test_sync_ms,ms,195,0.09999990463256836
Atlas,f393bc3bb2ad,SVG,comparison-instrument-2026-10-06T15-51-13.379Z,mixed-5000-seed-41544c53,hit,spatial_hit_test_sync_ms,ms,196,0.10000014305114746
Atlas,f393bc3bb2ad,SVG,comparison-instrument-2026-10-06T15-51-13.379Z,mixed-5000-seed-41544c53,hit,spatial_hit_test_sync_ms,ms,197,0.09999990463256836
Atlas,f393bc3bb2ad,SVG,comparison-instrument-2026-10-06T15-51-13.379Z,mixed-5000-seed-41544c53,hit,spatial_hit_test_sync_ms,ms,198,0
Atlas,f393bc3bb2ad,SVG,comparison-instrument-2026-10-06T15-51-13.379Z,mixed-5000-seed-41544c53,hit,spatial_hit_test_sync_ms,ms,199,0.09999990463256836
Atlas,f393bc3bb2ad,SVG,comparison-instrument-2026-10-06T15-51-13.379Z,mixed-5000-seed-41544c53,hit,svg_attribute_writes,count,0,0
Atlas,f393bc3bb2ad,SVG,comparison-instrument-2026-10-06T15-51-13.379Z,mixed-5000-seed-41544c53,hit,svg_attribute_removals,count,0,0
Atlas,f393bc3bb2ad,SVG,comparison-instrument-2026-10-06T15-51-13.379Z,mixed-5000-seed-41544c53,hit,dom_added_nodes,count,0,0
Atlas,f393bc3bb2ad,SVG,comparison-instrument-2026-10-06T15-51-13.379Z,mixed-5000-seed-41544c53,hit,dom_removed_nodes,count,0,0
Leaflet,1.9.4,SVG,comparison-instrument-2026-10-06T15-51-13.379Z,mixed-5000-seed-41544c53,hit,not_applicable,N/A,0,N/A
Leaflet,1.9.4,Canvas,comparison-instrument-2026-10-06T15-51-13.379Z,mixed-5000-seed-41544c53,hit,not_applicable,N/A,0,N/A
Atlas,f393bc3bb2ad,SVG,comparison-instrument-2026-10-06T15-51-13.379Z,mixed-5000-seed-41544c53,miss,spatial_hit_test_sync_ms,ms,0,4.5
Atlas,f393bc3bb2ad,SVG,comparison-instrument-2026-10-06T15-51-13.379Z,mixed-5000-seed-41544c53,miss,spatial_hit_test_sync_ms,ms,1,4
Atlas,f393bc3bb2ad,SVG,comparison-instrument-2026-10-06T15-51-13.379Z,mixed-5000-seed-41544c53,miss,spatial_hit_test_sync_ms,ms,2,4.400000095367432
Atlas,f393bc3bb2ad,SVG,comparison-instrument-2026-10-06T15-51-13.379Z,mixed-5000-seed-41544c53,miss,spatial_hit_test_sync_ms,ms,3,4.5
Atlas,f393bc3bb2ad,SVG,comparison-instrument-2026-10-06T15-51-13.379Z,mixed-5000-seed-41544c53,miss,spatial_hit_test_sync_ms,ms,4,4.5
Atlas,f393bc3bb2ad,SVG,comparison-instrument-2026-10-06T15-51-13.379Z,mixed-5000-seed-41544c53,miss,spatial_hit_test_sync_ms,ms,5,4.799999952316284
Atlas,f393bc3bb2ad,SVG,comparison-instrument-2026-10-06T15-51-13.379Z,mixed-5000-seed-41544c53,miss,spatial_hit_test_sync_ms,ms,6,4.700000047683716
Atlas,f393bc3bb2ad,SVG,comparison-instrument-2026-10-06T15-51-13.379Z,mixed-5000-seed-41544c53,miss,spatial_hit_test_sync_ms,ms,7,4.700000047683716
Atlas,f393bc3bb2ad,SVG,comparison-instrument-2026-10-06T15-51-13.379Z,mixed-5000-seed-41544c53,miss,spatial_hit_test_sync_ms,ms,8,4.8999998569488525
Atlas,f393bc3bb2ad,SVG,comparison-instrument-2026-10-06T15-51-13.379Z,mixed-5000-seed-41544c53,miss,spatial_hit_test_sync_ms,ms,9,4.900000095367432
Atlas,f393bc3bb2ad,SVG,comparison-instrument-2026-10-06T15-51-13.379Z,mixed-5000-seed-41544c53,miss,spatial_hit_test_sync_ms,ms,10,5
Atlas,f393bc3bb2ad,SVG,comparison-instrument-2026-10-06T15-51-13.379Z,mixed-5000-seed-41544c53,miss,spatial_hit_test_sync_ms,ms,11,4.599999904632568
Atlas,f393bc3bb2ad,SVG,comparison-instrument-2026-10-06T15-51-13.379Z,mixed-5000-seed-41544c53,miss,spatial_hit_test_sync_ms,ms,12,5.300000190734863
Atlas,f393bc3bb2ad,SVG,comparison-instrument-2026-10-06T15-51-13.379Z,mixed-5000-seed-41544c53,miss,spatial_hit_test_sync_ms,ms,13,4.699999809265137
Atlas,f393bc3bb2ad,SVG,comparison-instrument-2026-10-06T15-51-13.379Z,mixed-5000-seed-41544c53,miss,spatial_hit_test_sync_ms,ms,14,3.9000000953674316
Atlas,f393bc3bb2ad,SVG,comparison-instrument-2026-10-06T15-51-13.379Z,mixed-5000-seed-41544c53,miss,spatial_hit_test_sync_ms,ms,15,4.5
Atlas,f393bc3bb2ad,SVG,comparison-instrument-2026-10-06T15-51-13.379Z,mixed-5000-seed-41544c53,miss,spatial_hit_test_sync_ms,ms,16,4.599999904632568
Atlas,f393bc3bb2ad,SVG,comparison-instrument-2026-10-06T15-51-13.379Z,mixed-5000-seed-41544c53,miss,spatial_hit_test_sync_ms,ms,17,4.5
Atlas,f393bc3bb2ad,SVG,comparison-instrument-2026-10-06T15-51-13.379Z,mixed-5000-seed-41544c53,miss,spatial_hit_test_sync_ms,ms,18,4.5
Atlas,f393bc3bb2ad,SVG,comparison-instrument-2026-10-06T15-51-13.379Z,mixed-5000-seed-41544c53,miss,spatial_hit_test_sync_ms,ms,19,4.6000001430511475
Atlas,f393bc3bb2ad,SVG,comparison-instrument-2026-10-06T15-51-13.379Z,mixed-5000-seed-41544c53,miss,spatial_hit_test_sync_ms,ms,20,4.3999998569488525
Atlas,f393bc3bb2ad,SVG,comparison-instrument-2026-10-06T15-51-13.379Z,mixed-5000-seed-41544c53,miss,spatial_hit_test_sync_ms,ms,21,4.6000001430511475
Atlas,f393bc3bb2ad,SVG,comparison-instrument-2026-10-06T15-51-13.379Z,mixed-5000-seed-41544c53,miss,spatial_hit_test_sync_ms,ms,22,4.299999952316284
Atlas,f393bc3bb2ad,SVG,comparison-instrument-2026-10-06T15-51-13.379Z,mixed-5000-seed-41544c53,miss,spatial_hit_test_sync_ms,ms,23,4
Atlas,f393bc3bb2ad,SVG,comparison-instrument-2026-10-06T15-51-13.379Z,mixed-5000-seed-41544c53,miss,spatial_hit_test_sync_ms,ms,24,4
Atlas,f393bc3bb2ad,SVG,comparison-instrument-2026-10-06T15-51-13.379Z,mixed-5000-seed-41544c53,miss,spatial_hit_test_sync_ms,ms,25,4.400000095367432
Atlas,f393bc3bb2ad,SVG,comparison-instrument-2026-10-06T15-51-13.379Z,mixed-5000-seed-41544c53,miss,spatial_hit_test_sync_ms,ms,26,4.3999998569488525
Atlas,f393bc3bb2ad,SVG,comparison-instrument-2026-10-06T15-51-13.379Z,mixed-5000-seed-41544c53,miss,spatial_hit_test_sync_ms,ms,27,4.400000095367432
Atlas,f393bc3bb2ad,SVG,comparison-instrument-2026-10-06T15-51-13.379Z,mixed-5000-seed-41544c53,miss,spatial_hit_test_sync_ms,ms,28,4
Atlas,f393bc3bb2ad,SVG,comparison-instrument-2026-10-06T15-51-13.379Z,mixed-5000-seed-41544c53,miss,spatial_hit_test_sync_ms,ms,29,4.099999904632568
Atlas,f393bc3bb2ad,SVG,comparison-instrument-2026-10-06T15-51-13.379Z,mixed-5000-seed-41544c53,miss,spatial_hit_test_sync_ms,ms,30,3.9000000953674316
Atlas,f393bc3bb2ad,SVG,comparison-instrument-2026-10-06T15-51-13.379Z,mixed-5000-seed-41544c53,miss,spatial_hit_test_sync_ms,ms,31,4
Atlas,f393bc3bb2ad,SVG,comparison-instrument-2026-10-06T15-51-13.379Z,mixed-5000-seed-41544c53,miss,spatial_hit_test_sync_ms,ms,32,4.200000047683716
Atlas,f393bc3bb2ad,SVG,comparison-instrument-2026-10-06T15-51-13.379Z,mixed-5000-seed-41544c53,miss,spatial_hit_test_sync_ms,ms,33,3.8999998569488525
Atlas,f393bc3bb2ad,SVG,comparison-instrument-2026-10-06T15-51-13.379Z,mixed-5000-seed-41544c53,miss,spatial_hit_test_sync_ms,ms,34,4
Atlas,f393bc3bb2ad,SVG,comparison-instrument-2026-10-06T15-51-13.379Z,mixed-5000-seed-41544c53,miss,spatial_hit_test_sync_ms,ms,35,7.1000001430511475
Atlas,f393bc3bb2ad,SVG,comparison-instrument-2026-10-06T15-51-13.379Z,mixed-5000-seed-41544c53,miss,spatial_hit_test_sync_ms,ms,36,4
Atlas,f393bc3bb2ad,SVG,comparison-instrument-2026-10-06T15-51-13.379Z,mixed-5000-seed-41544c53,miss,spatial_hit_test_sync_ms,ms,37,3.8999998569488525
Atlas,f393bc3bb2ad,SVG,comparison-instrument-2026-10-06T15-51-13.379Z,mixed-5000-seed-41544c53,miss,spatial_hit_test_sync_ms,ms,38,4
Atlas,f393bc3bb2ad,SVG,comparison-instrument-2026-10-06T15-51-13.379Z,mixed-5000-seed-41544c53,miss,spatial_hit_test_sync_ms,ms,39,3.9000000953674316
Atlas,f393bc3bb2ad,SVG,comparison-instrument-2026-10-06T15-51-13.379Z,mixed-5000-seed-41544c53,miss,spatial_hit_test_sync_ms,ms,40,4.200000047683716
Atlas,f393bc3bb2ad,SVG,comparison-instrument-2026-10-06T15-51-13.379Z,mixed-5000-seed-41544c53,miss,spatial_hit_test_sync_ms,ms,41,4.5
Atlas,f393bc3bb2ad,SVG,comparison-instrument-2026-10-06T15-51-13.379Z,mixed-5000-seed-41544c53,miss,spatial_hit_test_sync_ms,ms,42,4.299999952316284
Atlas,f393bc3bb2ad,SVG,comparison-instrument-2026-10-06T15-51-13.379Z,mixed-5000-seed-41544c53,miss,spatial_hit_test_sync_ms,ms,43,4.900000095367432
Atlas,f393bc3bb2ad,SVG,comparison-instrument-2026-10-06T15-51-13.379Z,mixed-5000-seed-41544c53,miss,spatial_hit_test_sync_ms,ms,44,4.799999952316284
Atlas,f393bc3bb2ad,SVG,comparison-instrument-2026-10-06T15-51-13.379Z,mixed-5000-seed-41544c53,miss,spatial_hit_test_sync_ms,ms,45,4.400000095367432
Atlas,f393bc3bb2ad,SVG,comparison-instrument-2026-10-06T15-51-13.379Z,mixed-5000-seed-41544c53,miss,spatial_hit_test_sync_ms,ms,46,5
Atlas,f393bc3bb2ad,SVG,comparison-instrument-2026-10-06T15-51-13.379Z,mixed-5000-seed-41544c53,miss,spatial_hit_test_sync_ms,ms,47,7.199999809265137
Atlas,f393bc3bb2ad,SVG,comparison-instrument-2026-10-06T15-51-13.379Z,mixed-5000-seed-41544c53,miss,spatial_hit_test_sync_ms,ms,48,10.300000190734863
Atlas,f393bc3bb2ad,SVG,comparison-instrument-2026-10-06T15-51-13.379Z,mixed-5000-seed-41544c53,miss,spatial_hit_test_sync_ms,ms,49,9.799999952316284
Atlas,f393bc3bb2ad,SVG,comparison-instrument-2026-10-06T15-51-13.379Z,mixed-5000-seed-41544c53,miss,spatial_hit_test_sync_ms,ms,50,9.5
Atlas,f393bc3bb2ad,SVG,comparison-instrument-2026-10-06T15-51-13.379Z,mixed-5000-seed-41544c53,miss,spatial_hit_test_sync_ms,ms,51,6.3999998569488525
Atlas,f393bc3bb2ad,SVG,comparison-instrument-2026-10-06T15-51-13.379Z,mixed-5000-seed-41544c53,miss,spatial_hit_test_sync_ms,ms,52,8.600000143051147
Atlas,f393bc3bb2ad,SVG,comparison-instrument-2026-10-06T15-51-13.379Z,mixed-5000-seed-41544c53,miss,spatial_hit_test_sync_ms,ms,53,10.799999952316284
Atlas,f393bc3bb2ad,SVG,comparison-instrument-2026-10-06T15-51-13.379Z,mixed-5000-seed-41544c53,miss,spatial_hit_test_sync_ms,ms,54,10
Atlas,f393bc3bb2ad,SVG,comparison-instrument-2026-10-06T15-51-13.379Z,mixed-5000-seed-41544c53,miss,spatial_hit_test_sync_ms,ms,55,12.5
Atlas,f393bc3bb2ad,SVG,comparison-instrument-2026-10-06T15-51-13.379Z,mixed-5000-seed-41544c53,miss,spatial_hit_test_sync_ms,ms,56,11
Atlas,f393bc3bb2ad,SVG,comparison-instrument-2026-10-06T15-51-13.379Z,mixed-5000-seed-41544c53,miss,spatial_hit_test_sync_ms,ms,57,11.400000095367432
Atlas,f393bc3bb2ad,SVG,comparison-instrument-2026-10-06T15-51-13.379Z,mixed-5000-seed-41544c53,miss,spatial_hit_test_sync_ms,ms,58,10.200000047683716
Atlas,f393bc3bb2ad,SVG,comparison-instrument-2026-10-06T15-51-13.379Z,mixed-5000-seed-41544c53,miss,spatial_hit_test_sync_ms,ms,59,8.299999952316284
Atlas,f393bc3bb2ad,SVG,comparison-instrument-2026-10-06T15-51-13.379Z,mixed-5000-seed-41544c53,miss,spatial_hit_test_sync_ms,ms,60,7.599999904632568
Atlas,f393bc3bb2ad,SVG,comparison-instrument-2026-10-06T15-51-13.379Z,mixed-5000-seed-41544c53,miss,spatial_hit_test_sync_ms,ms,61,8.300000190734863
Atlas,f393bc3bb2ad,SVG,comparison-instrument-2026-10-06T15-51-13.379Z,mixed-5000-seed-41544c53,miss,spatial_hit_test_sync_ms,ms,62,5.5
Atlas,f393bc3bb2ad,SVG,comparison-instrument-2026-10-06T15-51-13.379Z,mixed-5000-seed-41544c53,miss,spatial_hit_test_sync_ms,ms,63,4.699999809265137
Atlas,f393bc3bb2ad,SVG,comparison-instrument-2026-10-06T15-51-13.379Z,mixed-5000-seed-41544c53,miss,spatial_hit_test_sync_ms,ms,64,5.6000001430511475
Atlas,f393bc3bb2ad,SVG,comparison-instrument-2026-10-06T15-51-13.379Z,mixed-5000-seed-41544c53,miss,spatial_hit_test_sync_ms,ms,65,4.700000047683716
Atlas,f393bc3bb2ad,SVG,comparison-instrument-2026-10-06T15-51-13.379Z,mixed-5000-seed-41544c53,miss,spatial_hit_test_sync_ms,ms,66,5.099999904632568
Atlas,f393bc3bb2ad,SVG,comparison-instrument-2026-10-06T15-51-13.379Z,mixed-5000-seed-41544c53,miss,spatial_hit_test_sync_ms,ms,67,4.599999904632568
Atlas,f393bc3bb2ad,SVG,comparison-instrument-2026-10-06T15-51-13.379Z,mixed-5000-seed-41544c53,miss,spatial_hit_test_sync_ms,ms,68,4.6000001430511475
Atlas,f393bc3bb2ad,SVG,comparison-instrument-2026-10-06T15-51-13.379Z,mixed-5000-seed-41544c53,miss,spatial_hit_test_sync_ms,ms,69,10
Atlas,f393bc3bb2ad,SVG,comparison-instrument-2026-10-06T15-51-13.379Z,mixed-5000-seed-41544c53,miss,spatial_hit_test_sync_ms,ms,70,10.599999904632568
Atlas,f393bc3bb2ad,SVG,comparison-instrument-2026-10-06T15-51-13.379Z,mixed-5000-seed-41544c53,miss,spatial_hit_test_sync_ms,ms,71,6.699999809265137
Atlas,f393bc3bb2ad,SVG,comparison-instrument-2026-10-06T15-51-13.379Z,mixed-5000-seed-41544c53,miss,spatial_hit_test_sync_ms,ms,72,8.5
Atlas,f393bc3bb2ad,SVG,comparison-instrument-2026-10-06T15-51-13.379Z,mixed-5000-seed-41544c53,miss,spatial_hit_test_sync_ms,ms,73,9.5
Atlas,f393bc3bb2ad,SVG,comparison-instrument-2026-10-06T15-51-13.379Z,mixed-5000-seed-41544c53,miss,spatial_hit_test_sync_ms,ms,74,12.5
Atlas,f393bc3bb2ad,SVG,comparison-instrument-2026-10-06T15-51-13.379Z,mixed-5000-seed-41544c53,miss,spatial_hit_test_sync_ms,ms,75,12.5
Atlas,f393bc3bb2ad,SVG,comparison-instrument-2026-10-06T15-51-13.379Z,mixed-5000-seed-41544c53,miss,spatial_hit_test_sync_ms,ms,76,10.5
Atlas,f393bc3bb2ad,SVG,comparison-instrument-2026-10-06T15-51-13.379Z,mixed-5000-seed-41544c53,miss,spatial_hit_test_sync_ms,ms,77,8.100000143051147
Atlas,f393bc3bb2ad,SVG,comparison-instrument-2026-10-06T15-51-13.379Z,mixed-5000-seed-41544c53,miss,spatial_hit_test_sync_ms,ms,78,6.5
Atlas,f393bc3bb2ad,SVG,comparison-instrument-2026-10-06T15-51-13.379Z,mixed-5000-seed-41544c53,miss,spatial_hit_test_sync_ms,ms,79,9.299999952316284
Atlas,f393bc3bb2ad,SVG,comparison-instrument-2026-10-06T15-51-13.379Z,mixed-5000-seed-41544c53,miss,spatial_hit_test_sync_ms,ms,80,9.099999904632568
Atlas,f393bc3bb2ad,SVG,comparison-instrument-2026-10-06T15-51-13.379Z,mixed-5000-seed-41544c53,miss,spatial_hit_test_sync_ms,ms,81,8.200000047683716
Atlas,f393bc3bb2ad,SVG,comparison-instrument-2026-10-06T15-51-13.379Z,mixed-5000-seed-41544c53,miss,spatial_hit_test_sync_ms,ms,82,9.100000143051147
Atlas,f393bc3bb2ad,SVG,comparison-instrument-2026-10-06T15-51-13.379Z,mixed-5000-seed-41544c53,miss,spatial_hit_test_sync_ms,ms,83,9.699999809265137
Atlas,f393bc3bb2ad,SVG,comparison-instrument-2026-10-06T15-51-13.379Z,mixed-5000-seed-41544c53,miss,spatial_hit_test_sync_ms,ms,84,10.600000143051147
Atlas,f393bc3bb2ad,SVG,comparison-instrument-2026-10-06T15-51-13.379Z,mixed-5000-seed-41544c53,miss,spatial_hit_test_sync_ms,ms,85,8.599999904632568
Atlas,f393bc3bb2ad,SVG,comparison-instrument-2026-10-06T15-51-13.379Z,mixed-5000-seed-41544c53,miss,spatial_hit_test_sync_ms,ms,86,5.5
Atlas,f393bc3bb2ad,SVG,comparison-instrument-2026-10-06T15-51-13.379Z,mixed-5000-seed-41544c53,miss,spatial_hit_test_sync_ms,ms,87,5.400000095367432
Atlas,f393bc3bb2ad,SVG,comparison-instrument-2026-10-06T15-51-13.379Z,mixed-5000-seed-41544c53,miss,spatial_hit_test_sync_ms,ms,88,7.299999952316284
Atlas,f393bc3bb2ad,SVG,comparison-instrument-2026-10-06T15-51-13.379Z,mixed-5000-seed-41544c53,miss,spatial_hit_test_sync_ms,ms,89,5.5
Atlas,f393bc3bb2ad,SVG,comparison-instrument-2026-10-06T15-51-13.379Z,mixed-5000-seed-41544c53,miss,spatial_hit_test_sync_ms,ms,90,5.299999952316284
Atlas,f393bc3bb2ad,SVG,comparison-instrument-2026-10-06T15-51-13.379Z,mixed-5000-seed-41544c53,miss,spatial_hit_test_sync_ms,ms,91,7.6000001430511475
Atlas,f393bc3bb2ad,SVG,comparison-instrument-2026-10-06T15-51-13.379Z,mixed-5000-seed-41544c53,miss,spatial_hit_test_sync_ms,ms,92,4.8999998569488525
Atlas,f393bc3bb2ad,SVG,comparison-instrument-2026-10-06T15-51-13.379Z,mixed-5000-seed-41544c53,miss,spatial_hit_test_sync_ms,ms,93,5
Atlas,f393bc3bb2ad,SVG,comparison-instrument-2026-10-06T15-51-13.379Z,mixed-5000-seed-41544c53,miss,spatial_hit_test_sync_ms,ms,94,5.799999952316284
Atlas,f393bc3bb2ad,SVG,comparison-instrument-2026-10-06T15-51-13.379Z,mixed-5000-seed-41544c53,miss,spatial_hit_test_sync_ms,ms,95,5.300000190734863
Atlas,f393bc3bb2ad,SVG,comparison-instrument-2026-10-06T15-51-13.379Z,mixed-5000-seed-41544c53,miss,spatial_hit_test_sync_ms,ms,96,4.5
Atlas,f393bc3bb2ad,SVG,comparison-instrument-2026-10-06T15-51-13.379Z,mixed-5000-seed-41544c53,miss,spatial_hit_test_sync_ms,ms,97,7.599999904632568
Atlas,f393bc3bb2ad,SVG,comparison-instrument-2026-10-06T15-51-13.379Z,mixed-5000-seed-41544c53,miss,spatial_hit_test_sync_ms,ms,98,4.799999952316284
Atlas,f393bc3bb2ad,SVG,comparison-instrument-2026-10-06T15-51-13.379Z,mixed-5000-seed-41544c53,miss,spatial_hit_test_sync_ms,ms,99,4.400000095367432
Atlas,f393bc3bb2ad,SVG,comparison-instrument-2026-10-06T15-51-13.379Z,mixed-5000-seed-41544c53,miss,spatial_hit_test_sync_ms,ms,100,4.299999952316284
Atlas,f393bc3bb2ad,SVG,comparison-instrument-2026-10-06T15-51-13.379Z,mixed-5000-seed-41544c53,miss,spatial_hit_test_sync_ms,ms,101,4.299999952316284
Atlas,f393bc3bb2ad,SVG,comparison-instrument-2026-10-06T15-51-13.379Z,mixed-5000-seed-41544c53,miss,spatial_hit_test_sync_ms,ms,102,4.5
Atlas,f393bc3bb2ad,SVG,comparison-instrument-2026-10-06T15-51-13.379Z,mixed-5000-seed-41544c53,miss,spatial_hit_test_sync_ms,ms,103,4.1000001430511475
Atlas,f393bc3bb2ad,SVG,comparison-instrument-2026-10-06T15-51-13.379Z,mixed-5000-seed-41544c53,miss,spatial_hit_test_sync_ms,ms,104,4.299999952316284
Atlas,f393bc3bb2ad,SVG,comparison-instrument-2026-10-06T15-51-13.379Z,mixed-5000-seed-41544c53,miss,spatial_hit_test_sync_ms,ms,105,4.599999904632568
Atlas,f393bc3bb2ad,SVG,comparison-instrument-2026-10-06T15-51-13.379Z,mixed-5000-seed-41544c53,miss,spatial_hit_test_sync_ms,ms,106,5.6000001430511475
Atlas,f393bc3bb2ad,SVG,comparison-instrument-2026-10-06T15-51-13.379Z,mixed-5000-seed-41544c53,miss,spatial_hit_test_sync_ms,ms,107,4.799999952316284
Atlas,f393bc3bb2ad,SVG,comparison-instrument-2026-10-06T15-51-13.379Z,mixed-5000-seed-41544c53,miss,spatial_hit_test_sync_ms,ms,108,4.299999952316284
Atlas,f393bc3bb2ad,SVG,comparison-instrument-2026-10-06T15-51-13.379Z,mixed-5000-seed-41544c53,miss,spatial_hit_test_sync_ms,ms,109,4.700000047683716
Atlas,f393bc3bb2ad,SVG,comparison-instrument-2026-10-06T15-51-13.379Z,mixed-5000-seed-41544c53,miss,spatial_hit_test_sync_ms,ms,110,5.3999998569488525
Atlas,f393bc3bb2ad,SVG,comparison-instrument-2026-10-06T15-51-13.379Z,mixed-5000-seed-41544c53,miss,spatial_hit_test_sync_ms,ms,111,4.900000095367432
Atlas,f393bc3bb2ad,SVG,comparison-instrument-2026-10-06T15-51-13.379Z,mixed-5000-seed-41544c53,miss,spatial_hit_test_sync_ms,ms,112,4.5
Atlas,f393bc3bb2ad,SVG,comparison-instrument-2026-10-06T15-51-13.379Z,mixed-5000-seed-41544c53,miss,spatial_hit_test_sync_ms,ms,113,4.400000095367432
Atlas,f393bc3bb2ad,SVG,comparison-instrument-2026-10-06T15-51-13.379Z,mixed-5000-seed-41544c53,miss,spatial_hit_test_sync_ms,ms,114,4.5
Atlas,f393bc3bb2ad,SVG,comparison-instrument-2026-10-06T15-51-13.379Z,mixed-5000-seed-41544c53,miss,spatial_hit_test_sync_ms,ms,115,4.699999809265137
Atlas,f393bc3bb2ad,SVG,comparison-instrument-2026-10-06T15-51-13.379Z,mixed-5000-seed-41544c53,miss,spatial_hit_test_sync_ms,ms,116,4.400000095367432
Atlas,f393bc3bb2ad,SVG,comparison-instrument-2026-10-06T15-51-13.379Z,mixed-5000-seed-41544c53,miss,spatial_hit_test_sync_ms,ms,117,6.5
Atlas,f393bc3bb2ad,SVG,comparison-instrument-2026-10-06T15-51-13.379Z,mixed-5000-seed-41544c53,miss,spatial_hit_test_sync_ms,ms,118,4.799999952316284
Atlas,f393bc3bb2ad,SVG,comparison-instrument-2026-10-06T15-51-13.379Z,mixed-5000-seed-41544c53,miss,spatial_hit_test_sync_ms,ms,119,4.5
Atlas,f393bc3bb2ad,SVG,comparison-instrument-2026-10-06T15-51-13.379Z,mixed-5000-seed-41544c53,miss,spatial_hit_test_sync_ms,ms,120,4.6000001430511475
Atlas,f393bc3bb2ad,SVG,comparison-instrument-2026-10-06T15-51-13.379Z,mixed-5000-seed-41544c53,miss,spatial_hit_test_sync_ms,ms,121,4.299999952316284
Atlas,f393bc3bb2ad,SVG,comparison-instrument-2026-10-06T15-51-13.379Z,mixed-5000-seed-41544c53,miss,spatial_hit_test_sync_ms,ms,122,4.200000047683716
Atlas,f393bc3bb2ad,SVG,comparison-instrument-2026-10-06T15-51-13.379Z,mixed-5000-seed-41544c53,miss,spatial_hit_test_sync_ms,ms,123,4.699999809265137
Atlas,f393bc3bb2ad,SVG,comparison-instrument-2026-10-06T15-51-13.379Z,mixed-5000-seed-41544c53,miss,spatial_hit_test_sync_ms,ms,124,4.6000001430511475
Atlas,f393bc3bb2ad,SVG,comparison-instrument-2026-10-06T15-51-13.379Z,mixed-5000-seed-41544c53,miss,spatial_hit_test_sync_ms,ms,125,4.3999998569488525
Atlas,f393bc3bb2ad,SVG,comparison-instrument-2026-10-06T15-51-13.379Z,mixed-5000-seed-41544c53,miss,spatial_hit_test_sync_ms,ms,126,4.300000190734863
Atlas,f393bc3bb2ad,SVG,comparison-instrument-2026-10-06T15-51-13.379Z,mixed-5000-seed-41544c53,miss,spatial_hit_test_sync_ms,ms,127,4.199999809265137
Atlas,f393bc3bb2ad,SVG,comparison-instrument-2026-10-06T15-51-13.379Z,mixed-5000-seed-41544c53,miss,spatial_hit_test_sync_ms,ms,128,4.400000095367432
Atlas,f393bc3bb2ad,SVG,comparison-instrument-2026-10-06T15-51-13.379Z,mixed-5000-seed-41544c53,miss,spatial_hit_test_sync_ms,ms,129,4
Atlas,f393bc3bb2ad,SVG,comparison-instrument-2026-10-06T15-51-13.379Z,mixed-5000-seed-41544c53,miss,spatial_hit_test_sync_ms,ms,130,4.799999952316284
Atlas,f393bc3bb2ad,SVG,comparison-instrument-2026-10-06T15-51-13.379Z,mixed-5000-seed-41544c53,miss,spatial_hit_test_sync_ms,ms,131,4.5
Atlas,f393bc3bb2ad,SVG,comparison-instrument-2026-10-06T15-51-13.379Z,mixed-5000-seed-41544c53,miss,spatial_hit_test_sync_ms,ms,132,4.299999952316284
Atlas,f393bc3bb2ad,SVG,comparison-instrument-2026-10-06T15-51-13.379Z,mixed-5000-seed-41544c53,miss,spatial_hit_test_sync_ms,ms,133,4.200000047683716
Atlas,f393bc3bb2ad,SVG,comparison-instrument-2026-10-06T15-51-13.379Z,mixed-5000-seed-41544c53,miss,spatial_hit_test_sync_ms,ms,134,4.1000001430511475
Atlas,f393bc3bb2ad,SVG,comparison-instrument-2026-10-06T15-51-13.379Z,mixed-5000-seed-41544c53,miss,spatial_hit_test_sync_ms,ms,135,4.799999952316284
Atlas,f393bc3bb2ad,SVG,comparison-instrument-2026-10-06T15-51-13.379Z,mixed-5000-seed-41544c53,miss,spatial_hit_test_sync_ms,ms,136,4.099999904632568
Atlas,f393bc3bb2ad,SVG,comparison-instrument-2026-10-06T15-51-13.379Z,mixed-5000-seed-41544c53,miss,spatial_hit_test_sync_ms,ms,137,4.200000047683716
Atlas,f393bc3bb2ad,SVG,comparison-instrument-2026-10-06T15-51-13.379Z,mixed-5000-seed-41544c53,miss,spatial_hit_test_sync_ms,ms,138,4
Atlas,f393bc3bb2ad,SVG,comparison-instrument-2026-10-06T15-51-13.379Z,mixed-5000-seed-41544c53,miss,spatial_hit_test_sync_ms,ms,139,4.700000047683716
Atlas,f393bc3bb2ad,SVG,comparison-instrument-2026-10-06T15-51-13.379Z,mixed-5000-seed-41544c53,miss,spatial_hit_test_sync_ms,ms,140,4.200000047683716
Atlas,f393bc3bb2ad,SVG,comparison-instrument-2026-10-06T15-51-13.379Z,mixed-5000-seed-41544c53,miss,spatial_hit_test_sync_ms,ms,141,4.200000047683716
Atlas,f393bc3bb2ad,SVG,comparison-instrument-2026-10-06T15-51-13.379Z,mixed-5000-seed-41544c53,miss,spatial_hit_test_sync_ms,ms,142,4.099999904632568
Atlas,f393bc3bb2ad,SVG,comparison-instrument-2026-10-06T15-51-13.379Z,mixed-5000-seed-41544c53,miss,spatial_hit_test_sync_ms,ms,143,4.299999952316284
Atlas,f393bc3bb2ad,SVG,comparison-instrument-2026-10-06T15-51-13.379Z,mixed-5000-seed-41544c53,miss,spatial_hit_test_sync_ms,ms,144,4.800000190734863
Atlas,f393bc3bb2ad,SVG,comparison-instrument-2026-10-06T15-51-13.379Z,mixed-5000-seed-41544c53,miss,spatial_hit_test_sync_ms,ms,145,5.200000047683716
Atlas,f393bc3bb2ad,SVG,comparison-instrument-2026-10-06T15-51-13.379Z,mixed-5000-seed-41544c53,miss,spatial_hit_test_sync_ms,ms,146,4.3999998569488525
Atlas,f393bc3bb2ad,SVG,comparison-instrument-2026-10-06T15-51-13.379Z,mixed-5000-seed-41544c53,miss,spatial_hit_test_sync_ms,ms,147,4.200000047683716
Atlas,f393bc3bb2ad,SVG,comparison-instrument-2026-10-06T15-51-13.379Z,mixed-5000-seed-41544c53,miss,spatial_hit_test_sync_ms,ms,148,5.400000095367432
Atlas,f393bc3bb2ad,SVG,comparison-instrument-2026-10-06T15-51-13.379Z,mixed-5000-seed-41544c53,miss,spatial_hit_test_sync_ms,ms,149,4.5
Atlas,f393bc3bb2ad,SVG,comparison-instrument-2026-10-06T15-51-13.379Z,mixed-5000-seed-41544c53,miss,spatial_hit_test_sync_ms,ms,150,4.200000047683716
Atlas,f393bc3bb2ad,SVG,comparison-instrument-2026-10-06T15-51-13.379Z,mixed-5000-seed-41544c53,miss,spatial_hit_test_sync_ms,ms,151,4.199999809265137
Atlas,f393bc3bb2ad,SVG,comparison-instrument-2026-10-06T15-51-13.379Z,mixed-5000-seed-41544c53,miss,spatial_hit_test_sync_ms,ms,152,4.1000001430511475
Atlas,f393bc3bb2ad,SVG,comparison-instrument-2026-10-06T15-51-13.379Z,mixed-5000-seed-41544c53,miss,spatial_hit_test_sync_ms,ms,153,4.200000047683716
Atlas,f393bc3bb2ad,SVG,comparison-instrument-2026-10-06T15-51-13.379Z,mixed-5000-seed-41544c53,miss,spatial_hit_test_sync_ms,ms,154,4.699999809265137
Atlas,f393bc3bb2ad,SVG,comparison-instrument-2026-10-06T15-51-13.379Z,mixed-5000-seed-41544c53,miss,spatial_hit_test_sync_ms,ms,155,4.6000001430511475
Atlas,f393bc3bb2ad,SVG,comparison-instrument-2026-10-06T15-51-13.379Z,mixed-5000-seed-41544c53,miss,spatial_hit_test_sync_ms,ms,156,4.099999904632568
Atlas,f393bc3bb2ad,SVG,comparison-instrument-2026-10-06T15-51-13.379Z,mixed-5000-seed-41544c53,miss,spatial_hit_test_sync_ms,ms,157,4.200000047683716
Atlas,f393bc3bb2ad,SVG,comparison-instrument-2026-10-06T15-51-13.379Z,mixed-5000-seed-41544c53,miss,spatial_hit_test_sync_ms,ms,158,4.200000047683716
Atlas,f393bc3bb2ad,SVG,comparison-instrument-2026-10-06T15-51-13.379Z,mixed-5000-seed-41544c53,miss,spatial_hit_test_sync_ms,ms,159,4.299999952316284
Atlas,f393bc3bb2ad,SVG,comparison-instrument-2026-10-06T15-51-13.379Z,mixed-5000-seed-41544c53,miss,spatial_hit_test_sync_ms,ms,160,4.099999904632568
Atlas,f393bc3bb2ad,SVG,comparison-instrument-2026-10-06T15-51-13.379Z,mixed-5000-seed-41544c53,miss,spatial_hit_test_sync_ms,ms,161,4
Atlas,f393bc3bb2ad,SVG,comparison-instrument-2026-10-06T15-51-13.379Z,mixed-5000-seed-41544c53,miss,spatial_hit_test_sync_ms,ms,162,4.1000001430511475
Atlas,f393bc3bb2ad,SVG,comparison-instrument-2026-10-06T15-51-13.379Z,mixed-5000-seed-41544c53,miss,spatial_hit_test_sync_ms,ms,163,4.5
Atlas,f393bc3bb2ad,SVG,comparison-instrument-2026-10-06T15-51-13.379Z,mixed-5000-seed-41544c53,miss,spatial_hit_test_sync_ms,ms,164,4.099999904632568
Atlas,f393bc3bb2ad,SVG,comparison-instrument-2026-10-06T15-51-13.379Z,mixed-5000-seed-41544c53,miss,spatial_hit_test_sync_ms,ms,165,4
Atlas,f393bc3bb2ad,SVG,comparison-instrument-2026-10-06T15-51-13.379Z,mixed-5000-seed-41544c53,miss,spatial_hit_test_sync_ms,ms,166,4.299999952316284
Atlas,f393bc3bb2ad,SVG,comparison-instrument-2026-10-06T15-51-13.379Z,mixed-5000-seed-41544c53,miss,spatial_hit_test_sync_ms,ms,167,4
Atlas,f393bc3bb2ad,SVG,comparison-instrument-2026-10-06T15-51-13.379Z,mixed-5000-seed-41544c53,miss,spatial_hit_test_sync_ms,ms,168,4
Atlas,f393bc3bb2ad,SVG,comparison-instrument-2026-10-06T15-51-13.379Z,mixed-5000-seed-41544c53,miss,spatial_hit_test_sync_ms,ms,169,4.800000190734863
Atlas,f393bc3bb2ad,SVG,comparison-instrument-2026-10-06T15-51-13.379Z,mixed-5000-seed-41544c53,miss,spatial_hit_test_sync_ms,ms,170,4.199999809265137
Atlas,f393bc3bb2ad,SVG,comparison-instrument-2026-10-06T15-51-13.379Z,mixed-5000-seed-41544c53,miss,spatial_hit_test_sync_ms,ms,171,4.6000001430511475
Atlas,f393bc3bb2ad,SVG,comparison-instrument-2026-10-06T15-51-13.379Z,mixed-5000-seed-41544c53,miss,spatial_hit_test_sync_ms,ms,172,4.799999952316284
Atlas,f393bc3bb2ad,SVG,comparison-instrument-2026-10-06T15-51-13.379Z,mixed-5000-seed-41544c53,miss,spatial_hit_test_sync_ms,ms,173,4.299999952316284
Atlas,f393bc3bb2ad,SVG,comparison-instrument-2026-10-06T15-51-13.379Z,mixed-5000-seed-41544c53,miss,spatial_hit_test_sync_ms,ms,174,4
Atlas,f393bc3bb2ad,SVG,comparison-instrument-2026-10-06T15-51-13.379Z,mixed-5000-seed-41544c53,miss,spatial_hit_test_sync_ms,ms,175,4
Atlas,f393bc3bb2ad,SVG,comparison-instrument-2026-10-06T15-51-13.379Z,mixed-5000-seed-41544c53,miss,spatial_hit_test_sync_ms,ms,176,3.9000000953674316
Atlas,f393bc3bb2ad,SVG,comparison-instrument-2026-10-06T15-51-13.379Z,mixed-5000-seed-41544c53,miss,spatial_hit_test_sync_ms,ms,177,4.200000047683716
Atlas,f393bc3bb2ad,SVG,comparison-instrument-2026-10-06T15-51-13.379Z,mixed-5000-seed-41544c53,miss,spatial_hit_test_sync_ms,ms,178,4.199999809265137
Atlas,f393bc3bb2ad,SVG,comparison-instrument-2026-10-06T15-51-13.379Z,mixed-5000-seed-41544c53,miss,spatial_hit_test_sync_ms,ms,179,4.1000001430511475
Atlas,f393bc3bb2ad,SVG,comparison-instrument-2026-10-06T15-51-13.379Z,mixed-5000-seed-41544c53,miss,spatial_hit_test_sync_ms,ms,180,4
Atlas,f393bc3bb2ad,SVG,comparison-instrument-2026-10-06T15-51-13.379Z,mixed-5000-seed-41544c53,miss,spatial_hit_test_sync_ms,ms,181,4
Atlas,f393bc3bb2ad,SVG,comparison-instrument-2026-10-06T15-51-13.379Z,mixed-5000-seed-41544c53,miss,spatial_hit_test_sync_ms,ms,182,4.3999998569488525
Atlas,f393bc3bb2ad,SVG,comparison-instrument-2026-10-06T15-51-13.379Z,mixed-5000-seed-41544c53,miss,spatial_hit_test_sync_ms,ms,183,4.200000047683716
Atlas,f393bc3bb2ad,SVG,comparison-instrument-2026-10-06T15-51-13.379Z,mixed-5000-seed-41544c53,miss,spatial_hit_test_sync_ms,ms,184,4
Atlas,f393bc3bb2ad,SVG,comparison-instrument-2026-10-06T15-51-13.379Z,mixed-5000-seed-41544c53,miss,spatial_hit_test_sync_ms,ms,185,3.799999952316284
Atlas,f393bc3bb2ad,SVG,comparison-instrument-2026-10-06T15-51-13.379Z,mixed-5000-seed-41544c53,miss,spatial_hit_test_sync_ms,ms,186,4.1000001430511475
Atlas,f393bc3bb2ad,SVG,comparison-instrument-2026-10-06T15-51-13.379Z,mixed-5000-seed-41544c53,miss,spatial_hit_test_sync_ms,ms,187,4.5
Atlas,f393bc3bb2ad,SVG,comparison-instrument-2026-10-06T15-51-13.379Z,mixed-5000-seed-41544c53,miss,spatial_hit_test_sync_ms,ms,188,4.599999904632568
Atlas,f393bc3bb2ad,SVG,comparison-instrument-2026-10-06T15-51-13.379Z,mixed-5000-seed-41544c53,miss,spatial_hit_test_sync_ms,ms,189,4.6000001430511475
Atlas,f393bc3bb2ad,SVG,comparison-instrument-2026-10-06T15-51-13.379Z,mixed-5000-seed-41544c53,miss,spatial_hit_test_sync_ms,ms,190,4.099999904632568
Atlas,f393bc3bb2ad,SVG,comparison-instrument-2026-10-06T15-51-13.379Z,mixed-5000-seed-41544c53,miss,spatial_hit_test_sync_ms,ms,191,4.099999904632568
Atlas,f393bc3bb2ad,SVG,comparison-instrument-2026-10-06T15-51-13.379Z,mixed-5000-seed-41544c53,miss,spatial_hit_test_sync_ms,ms,192,4.200000047683716
Atlas,f393bc3bb2ad,SVG,comparison-instrument-2026-10-06T15-51-13.379Z,mixed-5000-seed-41544c53,miss,spatial_hit_test_sync_ms,ms,193,4.1000001430511475
Atlas,f393bc3bb2ad,SVG,comparison-instrument-2026-10-06T15-51-13.379Z,mixed-5000-seed-41544c53,miss,spatial_hit_test_sync_ms,ms,194,4
Atlas,f393bc3bb2ad,SVG,comparison-instrument-2026-10-06T15-51-13.379Z,mixed-5000-seed-41544c53,miss,spatial_hit_test_sync_ms,ms,195,3.8999998569488525
Atlas,f393bc3bb2ad,SVG,comparison-instrument-2026-10-06T15-51-13.379Z,mixed-5000-seed-41544c53,miss,spatial_hit_test_sync_ms,ms,196,4.1000001430511475
Atlas,f393bc3bb2ad,SVG,comparison-instrument-2026-10-06T15-51-13.379Z,mixed-5000-seed-41544c53,miss,spatial_hit_test_sync_ms,ms,197,4.099999904632568
Atlas,f393bc3bb2ad,SVG,comparison-instrument-2026-10-06T15-51-13.379Z,mixed-5000-seed-41544c53,miss,spatial_hit_test_sync_ms,ms,198,4.599999904632568
Atlas,f393bc3bb2ad,SVG,comparison-instrument-2026-10-06T15-51-13.379Z,mixed-5000-seed-41544c53,miss,spatial_hit_test_sync_ms,ms,199,4.6000001430511475
Atlas,f393bc3bb2ad,SVG,comparison-instrument-2026-10-06T15-51-13.379Z,mixed-5000-seed-41544c53,miss,svg_attribute_writes,count,0,0
Atlas,f393bc3bb2ad,SVG,comparison-instrument-2026-10-06T15-51-13.379Z,mixed-5000-seed-41544c53,miss,svg_attribute_removals,count,0,0
Atlas,f393bc3bb2ad,SVG,comparison-instrument-2026-10-06T15-51-13.379Z,mixed-5000-seed-41544c53,miss,dom_added_nodes,count,0,0
Atlas,f393bc3bb2ad,SVG,comparison-instrument-2026-10-06T15-51-13.379Z,mixed-5000-seed-41544c53,miss,dom_removed_nodes,count,0,0
Leaflet,1.9.4,SVG,comparison-instrument-2026-10-06T15-51-13.379Z,mixed-5000-seed-41544c53,miss,not_applicable,N/A,0,N/A
Leaflet,1.9.4,Canvas,comparison-instrument-2026-10-06T15-51-13.379Z,mixed-5000-seed-41544c53,miss,not_applicable,N/A,0,N/A
Atlas,f393bc3bb2ad,SVG,comparison-instrument-2026-10-06T15-51-13.379Z,mixed-5000-seed-41544c53,wheel-input,synthetic_wheel_dispatch_sync_ms,ms,0,0.10000014305114746
Atlas,f393bc3bb2ad,SVG,comparison-instrument-2026-10-06T15-51-13.379Z,mixed-5000-seed-41544c53,wheel-input,synthetic_wheel_dispatch_sync_ms,ms,1,0.09999990463256836
Atlas,f393bc3bb2ad,SVG,comparison-instrument-2026-10-06T15-51-13.379Z,mixed-5000-seed-41544c53,wheel-input,synthetic_wheel_dispatch_sync_ms,ms,2,0
Atlas,f393bc3bb2ad,SVG,comparison-instrument-2026-10-06T15-51-13.379Z,mixed-5000-seed-41544c53,wheel-input,synthetic_wheel_dispatch_sync_ms,ms,3,0.09999990463256836
Atlas,f393bc3bb2ad,SVG,comparison-instrument-2026-10-06T15-51-13.379Z,mixed-5000-seed-41544c53,wheel-input,synthetic_wheel_dispatch_sync_ms,ms,4,0
Atlas,f393bc3bb2ad,SVG,comparison-instrument-2026-10-06T15-51-13.379Z,mixed-5000-seed-41544c53,wheel-input,synthetic_wheel_dispatch_sync_ms,ms,5,0.10000014305114746
Atlas,f393bc3bb2ad,SVG,comparison-instrument-2026-10-06T15-51-13.379Z,mixed-5000-seed-41544c53,wheel-input,synthetic_wheel_dispatch_sync_ms,ms,6,0.20000004768371582
Atlas,f393bc3bb2ad,SVG,comparison-instrument-2026-10-06T15-51-13.379Z,mixed-5000-seed-41544c53,wheel-input,synthetic_wheel_dispatch_sync_ms,ms,7,0
Atlas,f393bc3bb2ad,SVG,comparison-instrument-2026-10-06T15-51-13.379Z,mixed-5000-seed-41544c53,wheel-input,synthetic_wheel_dispatch_sync_ms,ms,8,0.10000014305114746
Atlas,f393bc3bb2ad,SVG,comparison-instrument-2026-10-06T15-51-13.379Z,mixed-5000-seed-41544c53,wheel-input,synthetic_wheel_dispatch_sync_ms,ms,9,0.09999990463256836
Atlas,f393bc3bb2ad,SVG,comparison-instrument-2026-10-06T15-51-13.379Z,mixed-5000-seed-41544c53,wheel-input,svg_attribute_writes,count,0,249950
Atlas,f393bc3bb2ad,SVG,comparison-instrument-2026-10-06T15-51-13.379Z,mixed-5000-seed-41544c53,wheel-input,svg_attribute_removals,count,0,119960
Atlas,f393bc3bb2ad,SVG,comparison-instrument-2026-10-06T15-51-13.379Z,mixed-5000-seed-41544c53,wheel-input,dom_added_nodes,count,0,0
Atlas,f393bc3bb2ad,SVG,comparison-instrument-2026-10-06T15-51-13.379Z,mixed-5000-seed-41544c53,wheel-input,dom_removed_nodes,count,0,0
Leaflet,1.9.4,SVG,comparison-instrument-2026-10-06T15-51-13.379Z,mixed-5000-seed-41544c53,wheel-input,not_applicable,N/A,0,N/A
Leaflet,1.9.4,Canvas,comparison-instrument-2026-10-06T15-51-13.379Z,mixed-5000-seed-41544c53,wheel-input,not_applicable,N/A,0,N/A
