phase,roots,repeat,scenario,metric,unit,sample,value
"instrument","3000","0","pick-hit","spatial_pick_sync_ms","ms","0","0.5"
"instrument","3000","0","pick-hit","spatial_pick_sync_ms","ms","1","0.20000004768371582"
"instrument","3000","0","pick-hit","spatial_pick_sync_ms","ms","2","0.20000004768371582"
"instrument","3000","0","pick-hit","spatial_pick_sync_ms","ms","3","0.09999990463256836"
"instrument","3000","0","pick-hit","spatial_pick_sync_ms","ms","4","0.10000014305114746"
"instrument","3000","0","pick-hit","spatial_pick_sync_ms","ms","5","0.19999980926513672"
"instrument","3000","0","pick-hit","spatial_pick_sync_ms","ms","6","0.10000014305114746"
"instrument","3000","0","pick-hit","spatial_pick_sync_ms","ms","7","0.20000004768371582"
"instrument","3000","0","pick-hit","spatial_pick_sync_ms","ms","8","0.09999990463256836"
"instrument","3000","0","pick-hit","spatial_pick_sync_ms","ms","9","0.09999990463256836"
"instrument","3000","0","pick-hit","spatial_pick_sync_ms","ms","10","0.10000014305114746"
"instrument","3000","0","pick-hit","spatial_pick_sync_ms","ms","11","0.20000004768371582"
"instrument","3000","0","pick-hit","spatial_pick_sync_ms","ms","12","0"
"instrument","3000","0","pick-hit","spatial_pick_sync_ms","ms","13","0.19999980926513672"
"instrument","3000","0","pick-hit","spatial_pick_sync_ms","ms","14","0.10000014305114746"
"instrument","3000","0","pick-hit","spatial_pick_sync_ms","ms","15","0.20000004768371582"
"instrument","3000","0","pick-hit","spatial_pick_sync_ms","ms","16","0"
"instrument","3000","0","pick-hit","spatial_pick_sync_ms","ms","17","0.19999980926513672"
"instrument","3000","0","pick-hit","spatial_pick_sync_ms","ms","18","0.10000014305114746"
"instrument","3000","0","pick-hit","spatial_pick_sync_ms","ms","19","0.10000014305114746"
"instrument","3000","0","pick-hit","spatial_pick_sync_ms","ms","20","0.09999990463256836"
"instrument","3000","0","pick-hit","spatial_pick_sync_ms","ms","21","0.09999990463256836"
"instrument","3000","0","pick-hit","spatial_pick_sync_ms","ms","22","0.10000014305114746"
"instrument","3000","0","pick-hit","spatial_pick_sync_ms","ms","23","0.20000004768371582"
"instrument","3000","0","pick-hit","spatial_pick_sync_ms","ms","24","0.09999990463256836"
"instrument","3000","0","pick-hit","spatial_pick_sync_ms","ms","25","0.09999990463256836"
"instrument","3000","0","pick-hit","spatial_pick_sync_ms","ms","26","0.10000014305114746"
"instrument","3000","0","pick-hit","spatial_pick_sync_ms","ms","27","0.09999990463256836"
"instrument","3000","0","pick-hit","spatial_pick_sync_ms","ms","28","0.20000004768371582"
"instrument","3000","0","pick-hit","spatial_pick_sync_ms","ms","29","0.09999990463256836"
"instrument","3000","0","pick-hit","spatial_pick_sync_ms","ms","30","0.10000014305114746"
"instrument","3000","0","pick-hit","spatial_pick_sync_ms","ms","31","0.09999990463256836"
"instrument","3000","0","pick-hit","spatial_pick_sync_ms","ms","32","0.20000004768371582"
"instrument","3000","0","pick-hit","spatial_pick_sync_ms","ms","33","0.09999990463256836"
"instrument","3000","0","pick-hit","spatial_pick_sync_ms","ms","34","0.10000014305114746"
"instrument","3000","0","pick-hit","spatial_pick_sync_ms","ms","35","0.20000004768371582"
"instrument","3000","0","pick-hit","spatial_pick_sync_ms","ms","36","0.09999990463256836"
"instrument","3000","0","pick-hit","spatial_pick_sync_ms","ms","37","0.09999990463256836"
"instrument","3000","0","pick-hit","spatial_pick_sync_ms","ms","38","0.10000014305114746"
"instrument","3000","0","pick-hit","spatial_pick_sync_ms","ms","39","0.20000004768371582"
"instrument","3000","0","pick-hit","svg_attribute_writes","count","0","0"
"instrument","3000","0","pick-hit","svg_map_geometry_writes","count","0","0"
"instrument","3000","0","pick-hit","svg_symbol_scale_writes","count","0","0"
"instrument","3000","0","pick-hit","svg_viewbox_writes","count","0","0"
"instrument","3000","0","pick-hit","root_iterator_creations","count","0","0"
"instrument","3000","0","pick-hit","root_iterator_next_calls","count","0","0"
"instrument","3000","0","pick-hit","runtime_points_getter_reads","count","0","0"
"instrument","3000","0","pick-hit","runtime_contour_getter_reads","count","0","0"
"instrument","3000","0","pick-hit","runtime_baseZ_getter_reads","count","0","0"
"instrument","3000","0","pick-hit","runtime_height_getter_reads","count","0","0"
"instrument","3000","0","pick-hit","renderer_scene_reads","count","0","0"
"instrument","3000","0","pick-hit","renderer_entries_exposed","count","0","0"
"instrument","3000","0","pick-hit","renderer_composition_changes","count","0","0"
"instrument","3000","0","pick-hit","renderer_changed_entries","count","0","0"
"instrument","3000","0","pick-hit","renderer_callbacks","count","0","0"
"instrument","3000","0","pick-hit","svg_element_nodes","count","0","16085"
"instrument","3000","0","pick-hit","shadow_element_nodes","count","0","16086"
"instrument","3000","0","pick-hit","shadow_all_nodes","count","0","16089"
"instrument","3000","0","pick-hit","appearances_all_layers","count","0","8035"
"instrument","3000","0","pick-hit","appearances_visible_layers","count","0","2659"
"instrument","3000","0","pick-hit","visible_point_symbols","count","0","1477"
"instrument","3000","0","pick-hit","visible_route_fragments","count","0","604"
"instrument","3000","0","pick-hit","visible_polygon_paths","count","0","277"
"instrument","3000","0","pick-hit","layers","count","0","13"
"instrument","3000","0","pick-hit","visible_layers","count","0","5"
"instrument","3000","0","pick-miss","spatial_pick_sync_ms","ms","0","1"
"instrument","3000","0","pick-miss","spatial_pick_sync_ms","ms","1","0.6000001430511475"
"instrument","3000","0","pick-miss","spatial_pick_sync_ms","ms","2","0.5"
"instrument","3000","0","pick-miss","spatial_pick_sync_ms","ms","3","0.5"
"instrument","3000","0","pick-miss","spatial_pick_sync_ms","ms","4","0.5"
"instrument","3000","0","pick-miss","spatial_pick_sync_ms","ms","5","0.5999999046325684"
"instrument","3000","0","pick-miss","spatial_pick_sync_ms","ms","6","0.5"
"instrument","3000","0","pick-miss","spatial_pick_sync_ms","ms","7","0.6000001430511475"
"instrument","3000","0","pick-miss","spatial_pick_sync_ms","ms","8","0.5999999046325684"
"instrument","3000","0","pick-miss","spatial_pick_sync_ms","ms","9","0.40000009536743164"
"instrument","3000","0","pick-miss","spatial_pick_sync_ms","ms","10","0.5999999046325684"
"instrument","3000","0","pick-miss","spatial_pick_sync_ms","ms","11","0.5999999046325684"
"instrument","3000","0","pick-miss","spatial_pick_sync_ms","ms","12","0.7000000476837158"
"instrument","3000","0","pick-miss","spatial_pick_sync_ms","ms","13","0.40000009536743164"
"instrument","3000","0","pick-miss","spatial_pick_sync_ms","ms","14","0.5999999046325684"
"instrument","3000","0","pick-miss","spatial_pick_sync_ms","ms","15","0.5"
"instrument","3000","0","pick-miss","spatial_pick_sync_ms","ms","16","0.5"
"instrument","3000","0","pick-miss","spatial_pick_sync_ms","ms","17","0.5"
"instrument","3000","0","pick-miss","spatial_pick_sync_ms","ms","18","0.6000001430511475"
"instrument","3000","0","pick-miss","spatial_pick_sync_ms","ms","19","0.5999999046325684"
"instrument","3000","0","pick-miss","spatial_pick_sync_ms","ms","20","0.40000009536743164"
"instrument","3000","0","pick-miss","spatial_pick_sync_ms","ms","21","0.5999999046325684"
"instrument","3000","0","pick-miss","spatial_pick_sync_ms","ms","22","0.5"
"instrument","3000","0","pick-miss","spatial_pick_sync_ms","ms","23","0.5"
"instrument","3000","0","pick-miss","spatial_pick_sync_ms","ms","24","0.5999999046325684"
"instrument","3000","0","pick-miss","spatial_pick_sync_ms","ms","25","0.5"
"instrument","3000","0","pick-miss","spatial_pick_sync_ms","ms","26","0.5"
"instrument","3000","0","pick-miss","spatial_pick_sync_ms","ms","27","0.5"
"instrument","3000","0","pick-miss","spatial_pick_sync_ms","ms","28","0.6000001430511475"
"instrument","3000","0","pick-miss","spatial_pick_sync_ms","ms","29","0.5"
"instrument","3000","0","pick-miss","spatial_pick_sync_ms","ms","30","0.5999999046325684"
"instrument","3000","0","pick-miss","spatial_pick_sync_ms","ms","31","0.5"
"instrument","3000","0","pick-miss","spatial_pick_sync_ms","ms","32","0.6000001430511475"
"instrument","3000","0","pick-miss","spatial_pick_sync_ms","ms","33","0.39999985694885254"
"instrument","3000","0","pick-miss","spatial_pick_sync_ms","ms","34","0.6000001430511475"
"instrument","3000","0","pick-miss","spatial_pick_sync_ms","ms","35","0.5999999046325684"
"instrument","3000","0","pick-miss","spatial_pick_sync_ms","ms","36","0.5"
"instrument","3000","0","pick-miss","spatial_pick_sync_ms","ms","37","0.5"
"instrument","3000","0","pick-miss","spatial_pick_sync_ms","ms","38","0.5"
"instrument","3000","0","pick-miss","spatial_pick_sync_ms","ms","39","0.5"
"instrument","3000","0","pick-miss","svg_attribute_writes","count","0","0"
"instrument","3000","0","pick-miss","svg_map_geometry_writes","count","0","0"
"instrument","3000","0","pick-miss","svg_symbol_scale_writes","count","0","0"
"instrument","3000","0","pick-miss","svg_viewbox_writes","count","0","0"
"instrument","3000","0","pick-miss","root_iterator_creations","count","0","0"
"instrument","3000","0","pick-miss","root_iterator_next_calls","count","0","0"
"instrument","3000","0","pick-miss","runtime_points_getter_reads","count","0","0"
"instrument","3000","0","pick-miss","runtime_contour_getter_reads","count","0","0"
"instrument","3000","0","pick-miss","runtime_baseZ_getter_reads","count","0","0"
"instrument","3000","0","pick-miss","runtime_height_getter_reads","count","0","0"
"instrument","3000","0","pick-miss","renderer_scene_reads","count","0","0"
"instrument","3000","0","pick-miss","renderer_entries_exposed","count","0","0"
"instrument","3000","0","pick-miss","renderer_composition_changes","count","0","0"
"instrument","3000","0","pick-miss","renderer_changed_entries","count","0","0"
"instrument","3000","0","pick-miss","renderer_callbacks","count","0","0"
"instrument","3000","0","pick-miss","svg_element_nodes","count","0","16085"
"instrument","3000","0","pick-miss","shadow_element_nodes","count","0","16086"
"instrument","3000","0","pick-miss","shadow_all_nodes","count","0","16089"
"instrument","3000","0","pick-miss","appearances_all_layers","count","0","8035"
"instrument","3000","0","pick-miss","appearances_visible_layers","count","0","2659"
"instrument","3000","0","pick-miss","visible_point_symbols","count","0","1477"
"instrument","3000","0","pick-miss","visible_route_fragments","count","0","604"
"instrument","3000","0","pick-miss","visible_polygon_paths","count","0","277"
"instrument","3000","0","pick-miss","layers","count","0","13"
"instrument","3000","0","pick-miss","visible_layers","count","0","5"
"instrument","3000","0","floor-switch","operation_sync_ms","ms","0","0"
"instrument","3000","0","floor-switch","operation_to_two_raf_ms","ms","0","18.899999856948853"
"instrument","3000","0","floor-switch","raf_interval_ms","ms","0","16.700000000000728"
"instrument","3000","0","floor-switch","svg_mutation_observed","boolean","0","1"
"instrument","3000","0","floor-switch","svg_last_delivery_from_start_ms","ms","0","1.2999999523162842"
"instrument","3000","0","floor-switch","post_sync_svg_delivery_ms","ms","0","1.2999999523162842"
"instrument","3000","0","floor-switch","svg_attribute_writes","count","0","1"
"instrument","3000","0","floor-switch","svg_map_geometry_writes","count","0","0"
"instrument","3000","0","floor-switch","svg_symbol_scale_writes","count","0","0"
"instrument","3000","0","floor-switch","svg_viewbox_writes","count","0","0"
"instrument","3000","0","floor-switch","root_iterator_creations","count","0","0"
"instrument","3000","0","floor-switch","root_iterator_next_calls","count","0","0"
"instrument","3000","0","floor-switch","runtime_points_getter_reads","count","0","0"
"instrument","3000","0","floor-switch","runtime_contour_getter_reads","count","0","0"
"instrument","3000","0","floor-switch","runtime_baseZ_getter_reads","count","0","0"
"instrument","3000","0","floor-switch","runtime_height_getter_reads","count","0","0"
"instrument","3000","0","floor-switch","renderer_scene_reads","count","0","0"
"instrument","3000","0","floor-switch","renderer_entries_exposed","count","0","0"
"instrument","3000","0","floor-switch","renderer_composition_changes","count","0","0"
"instrument","3000","0","floor-switch","renderer_changed_entries","count","0","0"
"instrument","3000","0","floor-switch","renderer_callbacks","count","0","1"
"instrument","3000","0","floor-switch","svg_element_nodes","count","0","16085"
"instrument","3000","0","floor-switch","shadow_element_nodes","count","0","16086"
"instrument","3000","0","floor-switch","shadow_all_nodes","count","0","16089"
"instrument","3000","0","floor-switch","appearances_all_layers","count","0","8035"
"instrument","3000","0","floor-switch","appearances_visible_layers","count","0","2629"
"instrument","3000","0","floor-switch","visible_point_symbols","count","0","1373"
"instrument","3000","0","floor-switch","visible_route_fragments","count","0","603"
"instrument","3000","0","floor-switch","visible_polygon_paths","count","0","302"
"instrument","3000","0","floor-switch","layers","count","0","13"
"instrument","3000","0","floor-switch","visible_layers","count","0","5"
"instrument","3000","0","vertex-position","operation_sync_ms","ms","0","0"
"instrument","3000","0","vertex-position","operation_to_two_raf_ms","ms","0","21.5"
"instrument","3000","0","vertex-position","raf_interval_ms","ms","0","16.599999999998545"
"instrument","3000","0","vertex-position","svg_mutation_observed","boolean","0","1"
"instrument","3000","0","vertex-position","svg_last_delivery_from_start_ms","ms","0","4.900000095367432"
"instrument","3000","0","vertex-position","post_sync_svg_delivery_ms","ms","0","4.900000095367432"
"instrument","3000","0","vertex-position","svg_attribute_writes","count","0","4"
"instrument","3000","0","vertex-position","svg_map_geometry_writes","count","0","4"
"instrument","3000","0","vertex-position","svg_symbol_scale_writes","count","0","0"
"instrument","3000","0","vertex-position","svg_viewbox_writes","count","0","0"
"instrument","3000","0","vertex-position","root_iterator_creations","count","0","0"
"instrument","3000","0","vertex-position","root_iterator_next_calls","count","0","0"
"instrument","3000","0","vertex-position","runtime_points_getter_reads","count","0","13"
"instrument","3000","0","vertex-position","runtime_contour_getter_reads","count","0","0"
"instrument","3000","0","vertex-position","runtime_baseZ_getter_reads","count","0","0"
"instrument","3000","0","vertex-position","runtime_height_getter_reads","count","0","0"
"instrument","3000","0","vertex-position","renderer_scene_reads","count","0","0"
"instrument","3000","0","vertex-position","renderer_entries_exposed","count","0","0"
"instrument","3000","0","vertex-position","renderer_composition_changes","count","0","0"
"instrument","3000","0","vertex-position","renderer_changed_entries","count","0","0"
"instrument","3000","0","vertex-position","renderer_callbacks","count","0","1"
"instrument","3000","0","vertex-position","svg_element_nodes","count","0","16085"
"instrument","3000","0","vertex-position","shadow_element_nodes","count","0","16086"
"instrument","3000","0","vertex-position","shadow_all_nodes","count","0","16089"
"instrument","3000","0","vertex-position","appearances_all_layers","count","0","8035"
"instrument","3000","0","vertex-position","appearances_visible_layers","count","0","2659"
"instrument","3000","0","vertex-position","visible_point_symbols","count","0","1477"
"instrument","3000","0","vertex-position","visible_route_fragments","count","0","604"
"instrument","3000","0","vertex-position","visible_polygon_paths","count","0","277"
"instrument","3000","0","vertex-position","layers","count","0","13"
"instrument","3000","0","vertex-position","visible_layers","count","0","5"
"instrument","3000","0","route-add","operation_sync_ms","ms","0","0"
"instrument","3000","0","route-add","operation_to_two_raf_ms","ms","0","39"
"instrument","3000","0","route-add","raf_interval_ms","ms","0","33.399999999999636"
"instrument","3000","0","route-add","svg_mutation_observed","boolean","0","1"
"instrument","3000","0","route-add","svg_last_delivery_from_start_ms","ms","0","36.59999990463257"
"instrument","3000","0","route-add","post_sync_svg_delivery_ms","ms","0","36.59999990463257"
"instrument","3000","0","route-add","svg_attribute_writes","count","0","38"
"instrument","3000","0","route-add","svg_map_geometry_writes","count","0","4"
"instrument","3000","0","route-add","svg_symbol_scale_writes","count","0","1"
"instrument","3000","0","route-add","svg_viewbox_writes","count","0","0"
"instrument","3000","0","route-add","root_iterator_creations","count","0","1"
"instrument","3000","0","route-add","root_iterator_next_calls","count","0","3001"
"instrument","3000","0","route-add","runtime_points_getter_reads","count","0","9650"
"instrument","3000","0","route-add","runtime_contour_getter_reads","count","0","3624"
"instrument","3000","0","route-add","runtime_baseZ_getter_reads","count","0","7236"
"instrument","3000","0","route-add","runtime_height_getter_reads","count","0","7236"
"instrument","3000","0","route-add","renderer_scene_reads","count","0","0"
"instrument","3000","0","route-add","renderer_entries_exposed","count","0","0"
"instrument","3000","0","route-add","renderer_composition_changes","count","0","0"
"instrument","3000","0","route-add","renderer_changed_entries","count","0","0"
"instrument","3000","0","route-add","renderer_callbacks","count","0","1"
"instrument","3000","0","route-add","svg_element_nodes","count","0","16093"
"instrument","3000","0","route-add","shadow_element_nodes","count","0","16094"
"instrument","3000","0","route-add","shadow_all_nodes","count","0","16097"
"instrument","3000","0","route-add","appearances_all_layers","count","0","8039"
"instrument","3000","0","route-add","appearances_visible_layers","count","0","2661"
"instrument","3000","0","route-add","visible_point_symbols","count","0","1478"
"instrument","3000","0","route-add","visible_route_fragments","count","0","605"
"instrument","3000","0","route-add","visible_polygon_paths","count","0","277"
"instrument","3000","0","route-add","layers","count","0","13"
"instrument","3000","0","route-add","visible_layers","count","0","5"
"instrument","3000","0","route-insert","operation_sync_ms","ms","0","0.09999990463256836"
"instrument","3000","0","route-insert","operation_to_two_raf_ms","ms","0","45.200000047683716"
"instrument","3000","0","route-insert","raf_interval_ms","ms","0","33.29999999999927"
"instrument","3000","0","route-insert","svg_mutation_observed","boolean","0","1"
"instrument","3000","0","route-insert","svg_last_delivery_from_start_ms","ms","0","42.799999952316284"
"instrument","3000","0","route-insert","post_sync_svg_delivery_ms","ms","0","42.700000047683716"
"instrument","3000","0","route-insert","svg_attribute_writes","count","0","9"
"instrument","3000","0","route-insert","svg_map_geometry_writes","count","0","2"
"instrument","3000","0","route-insert","svg_symbol_scale_writes","count","0","1"
"instrument","3000","0","route-insert","svg_viewbox_writes","count","0","0"
"instrument","3000","0","route-insert","root_iterator_creations","count","0","1"
"instrument","3000","0","route-insert","root_iterator_next_calls","count","0","3001"
"instrument","3000","0","route-insert","runtime_points_getter_reads","count","0","9647"
"instrument","3000","0","route-insert","runtime_contour_getter_reads","count","0","3624"
"instrument","3000","0","route-insert","runtime_baseZ_getter_reads","count","0","7236"
"instrument","3000","0","route-insert","runtime_height_getter_reads","count","0","7236"
"instrument","3000","0","route-insert","renderer_scene_reads","count","0","0"
"instrument","3000","0","route-insert","renderer_entries_exposed","count","0","0"
"instrument","3000","0","route-insert","renderer_composition_changes","count","0","0"
"instrument","3000","0","route-insert","renderer_changed_entries","count","0","0"
"instrument","3000","0","route-insert","renderer_callbacks","count","0","1"
"instrument","3000","0","route-insert","svg_element_nodes","count","0","16087"
"instrument","3000","0","route-insert","shadow_element_nodes","count","0","16088"
"instrument","3000","0","route-insert","shadow_all_nodes","count","0","16091"
"instrument","3000","0","route-insert","appearances_all_layers","count","0","8036"
"instrument","3000","0","route-insert","appearances_visible_layers","count","0","2660"
"instrument","3000","0","route-insert","visible_point_symbols","count","0","1478"
"instrument","3000","0","route-insert","visible_route_fragments","count","0","604"
"instrument","3000","0","route-insert","visible_polygon_paths","count","0","277"
"instrument","3000","0","route-insert","layers","count","0","13"
"instrument","3000","0","route-insert","visible_layers","count","0","5"
"instrument","3000","0","route-remove","operation_sync_ms","ms","0","0"
"instrument","3000","0","route-remove","operation_to_two_raf_ms","ms","0","54.80000019073486"
"instrument","3000","0","route-remove","raf_interval_ms","ms","0","33.399999999999636"
"instrument","3000","0","route-remove","svg_mutation_observed","boolean","0","1"
"instrument","3000","0","route-remove","svg_last_delivery_from_start_ms","ms","0","53.200000047683716"
"instrument","3000","0","route-remove","post_sync_svg_delivery_ms","ms","0","53.200000047683716"
"instrument","3000","0","route-remove","svg_attribute_writes","count","0","1"
"instrument","3000","0","route-remove","svg_map_geometry_writes","count","0","1"
"instrument","3000","0","route-remove","svg_symbol_scale_writes","count","0","0"
"instrument","3000","0","route-remove","svg_viewbox_writes","count","0","0"
"instrument","3000","0","route-remove","root_iterator_creations","count","0","1"
"instrument","3000","0","route-remove","root_iterator_next_calls","count","0","3001"
"instrument","3000","0","route-remove","runtime_points_getter_reads","count","0","9648"
"instrument","3000","0","route-remove","runtime_contour_getter_reads","count","0","3624"
"instrument","3000","0","route-remove","runtime_baseZ_getter_reads","count","0","7236"
"instrument","3000","0","route-remove","runtime_height_getter_reads","count","0","7236"
"instrument","3000","0","route-remove","renderer_scene_reads","count","0","0"
"instrument","3000","0","route-remove","renderer_entries_exposed","count","0","0"
"instrument","3000","0","route-remove","renderer_composition_changes","count","0","0"
"instrument","3000","0","route-remove","renderer_changed_entries","count","0","0"
"instrument","3000","0","route-remove","renderer_callbacks","count","0","1"
"instrument","3000","0","route-remove","svg_element_nodes","count","0","16083"
"instrument","3000","0","route-remove","shadow_element_nodes","count","0","16084"
"instrument","3000","0","route-remove","shadow_all_nodes","count","0","16087"
"instrument","3000","0","route-remove","appearances_all_layers","count","0","8034"
"instrument","3000","0","route-remove","appearances_visible_layers","count","0","2659"
"instrument","3000","0","route-remove","visible_point_symbols","count","0","1477"
"instrument","3000","0","route-remove","visible_route_fragments","count","0","604"
"instrument","3000","0","route-remove","visible_polygon_paths","count","0","277"
"instrument","3000","0","route-remove","layers","count","0","13"
"instrument","3000","0","route-remove","visible_layers","count","0","5"
"instrument","3000","0","route-replacePoints","operation_sync_ms","ms","0","0"
"instrument","3000","0","route-replacePoints","operation_to_two_raf_ms","ms","0","54.80000019073486"
"instrument","3000","0","route-replacePoints","raf_interval_ms","ms","0","33.399999999999636"
"instrument","3000","0","route-replacePoints","svg_mutation_observed","boolean","0","1"
"instrument","3000","0","route-replacePoints","svg_last_delivery_from_start_ms","ms","0","51.90000009536743"
"instrument","3000","0","route-replacePoints","post_sync_svg_delivery_ms","ms","0","51.90000009536743"
"instrument","3000","0","route-replacePoints","svg_attribute_writes","count","0","11"
"instrument","3000","0","route-replacePoints","svg_map_geometry_writes","count","0","4"
"instrument","3000","0","route-replacePoints","svg_symbol_scale_writes","count","0","1"
"instrument","3000","0","route-replacePoints","svg_viewbox_writes","count","0","0"
"instrument","3000","0","route-replacePoints","root_iterator_creations","count","0","1"
"instrument","3000","0","route-replacePoints","root_iterator_next_calls","count","0","3001"
"instrument","3000","0","route-replacePoints","runtime_points_getter_reads","count","0","9647"
"instrument","3000","0","route-replacePoints","runtime_contour_getter_reads","count","0","3624"
"instrument","3000","0","route-replacePoints","runtime_baseZ_getter_reads","count","0","7236"
"instrument","3000","0","route-replacePoints","runtime_height_getter_reads","count","0","7236"
"instrument","3000","0","route-replacePoints","renderer_scene_reads","count","0","0"
"instrument","3000","0","route-replacePoints","renderer_entries_exposed","count","0","0"
"instrument","3000","0","route-replacePoints","renderer_composition_changes","count","0","0"
"instrument","3000","0","route-replacePoints","renderer_changed_entries","count","0","0"
"instrument","3000","0","route-replacePoints","renderer_callbacks","count","0","1"
"instrument","3000","0","route-replacePoints","svg_element_nodes","count","0","16085"
"instrument","3000","0","route-replacePoints","shadow_element_nodes","count","0","16086"
"instrument","3000","0","route-replacePoints","shadow_all_nodes","count","0","16089"
"instrument","3000","0","route-replacePoints","appearances_all_layers","count","0","8035"
"instrument","3000","0","route-replacePoints","appearances_visible_layers","count","0","2660"
"instrument","3000","0","route-replacePoints","visible_point_symbols","count","0","1478"
"instrument","3000","0","route-replacePoints","visible_route_fragments","count","0","604"
"instrument","3000","0","route-replacePoints","visible_polygon_paths","count","0","277"
"instrument","3000","0","route-replacePoints","layers","count","0","13"
"instrument","3000","0","route-replacePoints","visible_layers","count","0","5"
"instrument","3000","0","polygon-vertex","operation_sync_ms","ms","0","0.09999990463256836"
"instrument","3000","0","polygon-vertex","operation_to_two_raf_ms","ms","0","24.699999809265137"
"instrument","3000","0","polygon-vertex","raf_interval_ms","ms","0","16.600000000000364"
"instrument","3000","0","polygon-vertex","svg_mutation_observed","boolean","0","1"
"instrument","3000","0","polygon-vertex","svg_last_delivery_from_start_ms","ms","0","8.099999904632568"
"instrument","3000","0","polygon-vertex","post_sync_svg_delivery_ms","ms","0","8"
"instrument","3000","0","polygon-vertex","svg_attribute_writes","count","0","2"
"instrument","3000","0","polygon-vertex","svg_map_geometry_writes","count","0","2"
"instrument","3000","0","polygon-vertex","svg_symbol_scale_writes","count","0","0"
"instrument","3000","0","polygon-vertex","svg_viewbox_writes","count","0","0"
"instrument","3000","0","polygon-vertex","root_iterator_creations","count","0","0"
"instrument","3000","0","polygon-vertex","root_iterator_next_calls","count","0","0"
"instrument","3000","0","polygon-vertex","runtime_points_getter_reads","count","0","0"
"instrument","3000","0","polygon-vertex","runtime_contour_getter_reads","count","0","16"
"instrument","3000","0","polygon-vertex","runtime_baseZ_getter_reads","count","0","12"
"instrument","3000","0","polygon-vertex","runtime_height_getter_reads","count","0","12"
"instrument","3000","0","polygon-vertex","renderer_scene_reads","count","0","0"
"instrument","3000","0","polygon-vertex","renderer_entries_exposed","count","0","0"
"instrument","3000","0","polygon-vertex","renderer_composition_changes","count","0","0"
"instrument","3000","0","polygon-vertex","renderer_changed_entries","count","0","0"
"instrument","3000","0","polygon-vertex","renderer_callbacks","count","0","1"
"instrument","3000","0","polygon-vertex","svg_element_nodes","count","0","16085"
"instrument","3000","0","polygon-vertex","shadow_element_nodes","count","0","16086"
"instrument","3000","0","polygon-vertex","shadow_all_nodes","count","0","16089"
"instrument","3000","0","polygon-vertex","appearances_all_layers","count","0","8035"
"instrument","3000","0","polygon-vertex","appearances_visible_layers","count","0","2659"
"instrument","3000","0","polygon-vertex","visible_point_symbols","count","0","1477"
"instrument","3000","0","polygon-vertex","visible_route_fragments","count","0","604"
"instrument","3000","0","polygon-vertex","visible_polygon_paths","count","0","277"
"instrument","3000","0","polygon-vertex","layers","count","0","13"
"instrument","3000","0","polygon-vertex","visible_layers","count","0","5"
"instrument","3000","0","polygon-baseZ","operation_sync_ms","ms","0","0"
"instrument","3000","0","polygon-baseZ","operation_to_two_raf_ms","ms","0","22"
"instrument","3000","0","polygon-baseZ","raf_interval_ms","ms","0","16.600000000000364"
"instrument","3000","0","polygon-baseZ","svg_mutation_observed","boolean","0","1"
"instrument","3000","0","polygon-baseZ","svg_last_delivery_from_start_ms","ms","0","11.700000047683716"
"instrument","3000","0","polygon-baseZ","post_sync_svg_delivery_ms","ms","0","11.700000047683716"
"instrument","3000","0","polygon-baseZ","svg_attribute_writes","count","0","9"
"instrument","3000","0","polygon-baseZ","svg_map_geometry_writes","count","0","1"
"instrument","3000","0","polygon-baseZ","svg_symbol_scale_writes","count","0","0"
"instrument","3000","0","polygon-baseZ","svg_viewbox_writes","count","0","0"
"instrument","3000","0","polygon-baseZ","root_iterator_creations","count","0","0"
"instrument","3000","0","polygon-baseZ","root_iterator_next_calls","count","0","0"
"instrument","3000","0","polygon-baseZ","runtime_points_getter_reads","count","0","1808"
"instrument","3000","0","polygon-baseZ","runtime_contour_getter_reads","count","0","12"
"instrument","3000","0","polygon-baseZ","runtime_baseZ_getter_reads","count","0","12"
"instrument","3000","0","polygon-baseZ","runtime_height_getter_reads","count","0","12"
"instrument","3000","0","polygon-baseZ","renderer_scene_reads","count","0","0"
"instrument","3000","0","polygon-baseZ","renderer_entries_exposed","count","0","0"
"instrument","3000","0","polygon-baseZ","renderer_composition_changes","count","0","0"
"instrument","3000","0","polygon-baseZ","renderer_changed_entries","count","0","0"
"instrument","3000","0","polygon-baseZ","renderer_callbacks","count","0","1"
"instrument","3000","0","polygon-baseZ","svg_element_nodes","count","0","16085"
"instrument","3000","0","polygon-baseZ","shadow_element_nodes","count","0","16086"
"instrument","3000","0","polygon-baseZ","shadow_all_nodes","count","0","16089"
"instrument","3000","0","polygon-baseZ","appearances_all_layers","count","0","8035"
"instrument","3000","0","polygon-baseZ","appearances_visible_layers","count","0","2658"
"instrument","3000","0","polygon-baseZ","visible_point_symbols","count","0","1477"
"instrument","3000","0","polygon-baseZ","visible_route_fragments","count","0","604"
"instrument","3000","0","polygon-baseZ","visible_polygon_paths","count","0","276"
"instrument","3000","0","polygon-baseZ","layers","count","0","13"
"instrument","3000","0","polygon-baseZ","visible_layers","count","0","5"
"instrument","3000","0","polygon-height","operation_sync_ms","ms","0","0"
"instrument","3000","0","polygon-height","operation_to_two_raf_ms","ms","0","24.09999990463257"
"instrument","3000","0","polygon-height","raf_interval_ms","ms","0","16.799999999999272"
"instrument","3000","0","polygon-height","svg_mutation_observed","boolean","0","1"
"instrument","3000","0","polygon-height","svg_last_delivery_from_start_ms","ms","0","12.599999904632568"
"instrument","3000","0","polygon-height","post_sync_svg_delivery_ms","ms","0","12.599999904632568"
"instrument","3000","0","polygon-height","svg_attribute_writes","count","0","0"
"instrument","3000","0","polygon-height","svg_map_geometry_writes","count","0","0"
"instrument","3000","0","polygon-height","svg_symbol_scale_writes","count","0","0"
"instrument","3000","0","polygon-height","svg_viewbox_writes","count","0","0"
"instrument","3000","0","polygon-height","root_iterator_creations","count","0","0"
"instrument","3000","0","polygon-height","root_iterator_next_calls","count","0","0"
"instrument","3000","0","polygon-height","runtime_points_getter_reads","count","0","1808"
"instrument","3000","0","polygon-height","runtime_contour_getter_reads","count","0","4"
"instrument","3000","0","polygon-height","runtime_baseZ_getter_reads","count","0","12"
"instrument","3000","0","polygon-height","runtime_height_getter_reads","count","0","12"
"instrument","3000","0","polygon-height","renderer_scene_reads","count","0","0"
"instrument","3000","0","polygon-height","renderer_entries_exposed","count","0","0"
"instrument","3000","0","polygon-height","renderer_composition_changes","count","0","0"
"instrument","3000","0","polygon-height","renderer_changed_entries","count","0","0"
"instrument","3000","0","polygon-height","renderer_callbacks","count","0","1"
"instrument","3000","0","polygon-height","svg_element_nodes","count","0","16083"
"instrument","3000","0","polygon-height","shadow_element_nodes","count","0","16084"
"instrument","3000","0","polygon-height","shadow_all_nodes","count","0","16087"
"instrument","3000","0","polygon-height","appearances_all_layers","count","0","8034"
"instrument","3000","0","polygon-height","appearances_visible_layers","count","0","2659"
"instrument","3000","0","polygon-height","visible_point_symbols","count","0","1477"
"instrument","3000","0","polygon-height","visible_route_fragments","count","0","604"
"instrument","3000","0","polygon-height","visible_polygon_paths","count","0","277"
"instrument","3000","0","polygon-height","layers","count","0","13"
"instrument","3000","0","polygon-height","visible_layers","count","0","5"
"instrument","3000","0","root-add","operation_sync_ms","ms","0","0.3000001907348633"
"instrument","3000","0","root-add","operation_to_two_raf_ms","ms","0","57.700000047683716"
"instrument","3000","0","root-add","raf_interval_ms","ms","0","50"
"instrument","3000","0","root-add","svg_mutation_observed","boolean","0","1"
"instrument","3000","0","root-add","svg_last_delivery_from_start_ms","ms","0","55.200000047683716"
"instrument","3000","0","root-add","post_sync_svg_delivery_ms","ms","0","54.89999985694885"
"instrument","3000","0","root-add","svg_attribute_writes","count","0","8"
"instrument","3000","0","root-add","svg_map_geometry_writes","count","0","1"
"instrument","3000","0","root-add","svg_symbol_scale_writes","count","0","1"
"instrument","3000","0","root-add","svg_viewbox_writes","count","0","0"
"instrument","3000","0","root-add","root_iterator_creations","count","0","2"
"instrument","3000","0","root-add","root_iterator_next_calls","count","0","6003"
"instrument","3000","0","root-add","runtime_points_getter_reads","count","0","9647"
"instrument","3000","0","root-add","runtime_contour_getter_reads","count","0","3624"
"instrument","3000","0","root-add","runtime_baseZ_getter_reads","count","0","7236"
"instrument","3000","0","root-add","runtime_height_getter_reads","count","0","7236"
"instrument","3000","0","root-add","renderer_scene_reads","count","0","0"
"instrument","3000","0","root-add","renderer_entries_exposed","count","0","0"
"instrument","3000","0","root-add","renderer_composition_changes","count","0","0"
"instrument","3000","0","root-add","renderer_changed_entries","count","0","0"
"instrument","3000","0","root-add","renderer_callbacks","count","0","1"
"instrument","3000","0","root-add","svg_element_nodes","count","0","16087"
"instrument","3000","0","root-add","shadow_element_nodes","count","0","16088"
"instrument","3000","0","root-add","shadow_all_nodes","count","0","16091"
"instrument","3000","0","root-add","appearances_all_layers","count","0","8036"
"instrument","3000","0","root-add","appearances_visible_layers","count","0","2660"
"instrument","3000","0","root-add","visible_point_symbols","count","0","1478"
"instrument","3000","0","root-add","visible_route_fragments","count","0","604"
"instrument","3000","0","root-add","visible_polygon_paths","count","0","277"
"instrument","3000","0","root-add","layers","count","0","13"
"instrument","3000","0","root-add","visible_layers","count","0","5"
"instrument","3000","0","root-remove","operation_sync_ms","ms","0","0.3000001907348633"
"instrument","3000","0","root-remove","operation_to_two_raf_ms","ms","0","44.60000014305115"
"instrument","3000","0","root-remove","raf_interval_ms","ms","0","33.29999999999927"
"instrument","3000","0","root-remove","svg_mutation_observed","boolean","0","1"
"instrument","3000","0","root-remove","svg_last_delivery_from_start_ms","ms","0","42.5"
"instrument","3000","0","root-remove","post_sync_svg_delivery_ms","ms","0","42.19999980926514"
"instrument","3000","0","root-remove","svg_attribute_writes","count","0","0"
"instrument","3000","0","root-remove","svg_map_geometry_writes","count","0","0"
"instrument","3000","0","root-remove","svg_symbol_scale_writes","count","0","0"
"instrument","3000","0","root-remove","svg_viewbox_writes","count","0","0"
"instrument","3000","0","root-remove","root_iterator_creations","count","0","2"
"instrument","3000","0","root-remove","root_iterator_next_calls","count","0","6000"
"instrument","3000","0","root-remove","runtime_points_getter_reads","count","0","9647"
"instrument","3000","0","root-remove","runtime_contour_getter_reads","count","0","3624"
"instrument","3000","0","root-remove","runtime_baseZ_getter_reads","count","0","7236"
"instrument","3000","0","root-remove","runtime_height_getter_reads","count","0","7236"
"instrument","3000","0","root-remove","renderer_scene_reads","count","0","0"
"instrument","3000","0","root-remove","renderer_entries_exposed","count","0","0"
"instrument","3000","0","root-remove","renderer_composition_changes","count","0","0"
"instrument","3000","0","root-remove","renderer_changed_entries","count","0","0"
"instrument","3000","0","root-remove","renderer_callbacks","count","0","1"
"instrument","3000","0","root-remove","svg_element_nodes","count","0","16083"
"instrument","3000","0","root-remove","shadow_element_nodes","count","0","16084"
"instrument","3000","0","root-remove","shadow_all_nodes","count","0","16087"
"instrument","3000","0","root-remove","appearances_all_layers","count","0","8034"
"instrument","3000","0","root-remove","appearances_visible_layers","count","0","2658"
"instrument","3000","0","root-remove","visible_point_symbols","count","0","1476"
"instrument","3000","0","root-remove","visible_route_fragments","count","0","604"
"instrument","3000","0","root-remove","visible_polygon_paths","count","0","277"
"instrument","3000","0","root-remove","layers","count","0","13"
"instrument","3000","0","root-remove","visible_layers","count","0","5"
"instrument","3000","0","layer-direct-add","operation_sync_ms","ms","0","0"
"instrument","3000","0","layer-direct-add","operation_to_two_raf_ms","ms","0","53.60000014305115"
"instrument","3000","0","layer-direct-add","raf_interval_ms","ms","0","33.20000000000073"
"instrument","3000","0","layer-direct-add","svg_mutation_observed","boolean","0","1"
"instrument","3000","0","layer-direct-add","svg_last_delivery_from_start_ms","ms","0","51.10000014305115"
"instrument","3000","0","layer-direct-add","post_sync_svg_delivery_ms","ms","0","51.10000014305115"
"instrument","3000","0","layer-direct-add","svg_attribute_writes","count","0","34"
"instrument","3000","0","layer-direct-add","svg_map_geometry_writes","count","0","4"
"instrument","3000","0","layer-direct-add","svg_symbol_scale_writes","count","0","3"
"instrument","3000","0","layer-direct-add","svg_viewbox_writes","count","0","0"
"instrument","3000","0","layer-direct-add","root_iterator_creations","count","0","1"
"instrument","3000","0","layer-direct-add","root_iterator_next_calls","count","0","3001"
"instrument","3000","0","layer-direct-add","runtime_points_getter_reads","count","0","9648"
"instrument","3000","0","layer-direct-add","runtime_contour_getter_reads","count","0","3624"
"instrument","3000","0","layer-direct-add","runtime_baseZ_getter_reads","count","0","7236"
"instrument","3000","0","layer-direct-add","runtime_height_getter_reads","count","0","7236"
"instrument","3000","0","layer-direct-add","renderer_scene_reads","count","0","0"
"instrument","3000","0","layer-direct-add","renderer_entries_exposed","count","0","0"
"instrument","3000","0","layer-direct-add","renderer_composition_changes","count","0","0"
"instrument","3000","0","layer-direct-add","renderer_changed_entries","count","0","0"
"instrument","3000","0","layer-direct-add","renderer_callbacks","count","0","1"
"instrument","3000","0","layer-direct-add","svg_element_nodes","count","0","16091"
"instrument","3000","0","layer-direct-add","shadow_element_nodes","count","0","16092"
"instrument","3000","0","layer-direct-add","shadow_all_nodes","count","0","16095"
"instrument","3000","0","layer-direct-add","appearances_all_layers","count","0","8038"
"instrument","3000","0","layer-direct-add","appearances_visible_layers","count","0","2662"
"instrument","3000","0","layer-direct-add","visible_point_symbols","count","0","1480"
"instrument","3000","0","layer-direct-add","visible_route_fragments","count","0","604"
"instrument","3000","0","layer-direct-add","visible_polygon_paths","count","0","277"
"instrument","3000","0","layer-direct-add","layers","count","0","13"
"instrument","3000","0","layer-direct-add","visible_layers","count","0","5"
"instrument","3000","0","layer-direct-remove","operation_sync_ms","ms","0","0"
"instrument","3000","0","layer-direct-remove","operation_to_two_raf_ms","ms","0","50"
"instrument","3000","0","layer-direct-remove","raf_interval_ms","ms","0","33.29999999999927"
"instrument","3000","0","layer-direct-remove","svg_mutation_observed","boolean","0","1"
"instrument","3000","0","layer-direct-remove","svg_last_delivery_from_start_ms","ms","0","47.39999985694885"
"instrument","3000","0","layer-direct-remove","post_sync_svg_delivery_ms","ms","0","47.39999985694885"
"instrument","3000","0","layer-direct-remove","svg_attribute_writes","count","0","10"
"instrument","3000","0","layer-direct-remove","svg_map_geometry_writes","count","0","1"
"instrument","3000","0","layer-direct-remove","svg_symbol_scale_writes","count","0","0"
"instrument","3000","0","layer-direct-remove","svg_viewbox_writes","count","0","0"
"instrument","3000","0","layer-direct-remove","root_iterator_creations","count","0","1"
"instrument","3000","0","layer-direct-remove","root_iterator_next_calls","count","0","3001"
"instrument","3000","0","layer-direct-remove","runtime_points_getter_reads","count","0","9647"
"instrument","3000","0","layer-direct-remove","runtime_contour_getter_reads","count","0","3624"
"instrument","3000","0","layer-direct-remove","runtime_baseZ_getter_reads","count","0","7236"
"instrument","3000","0","layer-direct-remove","runtime_height_getter_reads","count","0","7236"
"instrument","3000","0","layer-direct-remove","renderer_scene_reads","count","0","0"
"instrument","3000","0","layer-direct-remove","renderer_entries_exposed","count","0","0"
"instrument","3000","0","layer-direct-remove","renderer_composition_changes","count","0","0"
"instrument","3000","0","layer-direct-remove","renderer_changed_entries","count","0","0"
"instrument","3000","0","layer-direct-remove","renderer_callbacks","count","0","1"
"instrument","3000","0","layer-direct-remove","svg_element_nodes","count","0","16081"
"instrument","3000","0","layer-direct-remove","shadow_element_nodes","count","0","16082"
"instrument","3000","0","layer-direct-remove","shadow_all_nodes","count","0","16085"
"instrument","3000","0","layer-direct-remove","appearances_all_layers","count","0","8033"
"instrument","3000","0","layer-direct-remove","appearances_visible_layers","count","0","2657"
"instrument","3000","0","layer-direct-remove","visible_point_symbols","count","0","1475"
"instrument","3000","0","layer-direct-remove","visible_route_fragments","count","0","604"
"instrument","3000","0","layer-direct-remove","visible_polygon_paths","count","0","277"
"instrument","3000","0","layer-direct-remove","layers","count","0","13"
"instrument","3000","0","layer-direct-remove","visible_layers","count","0","5"
"instrument","3000","0","load","load_call_sync_ms","ms","0","66.79999995231628"
"instrument","3000","0","load","load_promise_ms","ms","0","84.79999995231628"
"instrument","3000","0","load","operation_to_two_raf_ms","ms","0","144.5"
"instrument","3000","0","load","raf_interval_ms","ms","0","33.30000000000291"
"instrument","3000","0","load","svg_mutation_observed","boolean","0","1"
"instrument","3000","0","load","svg_last_delivery_from_start_ms","ms","0","119.60000014305115"
"instrument","3000","0","load","post_sync_svg_delivery_ms","ms","0","52.80000019073486"
"instrument","3000","0","load","svg_attribute_writes","count","0","73834"
"instrument","3000","0","load","svg_map_geometry_writes","count","0","11044"
"instrument","3000","0","load","svg_symbol_scale_writes","count","0","4318"
"instrument","3000","0","load","svg_viewbox_writes","count","0","1"
"instrument","3000","0","load","root_iterator_creations","count","0","2"
"instrument","3000","0","load","root_iterator_next_calls","count","0","6002"
"instrument","3000","0","load","runtime_points_getter_reads","count","0","9648"
"instrument","3000","0","load","runtime_contour_getter_reads","count","0","7248"
"instrument","3000","0","load","runtime_baseZ_getter_reads","count","0","7236"
"instrument","3000","0","load","runtime_height_getter_reads","count","0","7236"
"instrument","3000","0","load","renderer_scene_reads","count","0","2"
"instrument","3000","0","load","renderer_entries_exposed","count","0","16070"
"instrument","3000","0","load","renderer_composition_changes","count","0","0"
"instrument","3000","0","load","renderer_changed_entries","count","0","8035"
"instrument","3000","0","load","renderer_callbacks","count","0","1"
"instrument","3000","0","load","svg_element_nodes","count","0","16085"
"instrument","3000","0","load","shadow_element_nodes","count","0","16086"
"instrument","3000","0","load","shadow_all_nodes","count","0","16089"
"instrument","3000","0","load","appearances_all_layers","count","0","8035"
"instrument","3000","0","load","appearances_visible_layers","count","0","8035"
"instrument","3000","0","load","visible_point_symbols","count","0","4318"
"instrument","3000","0","load","visible_route_fragments","count","0","1808"
"instrument","3000","0","load","visible_polygon_paths","count","0","906"
"instrument","3000","0","load","layers","count","0","13"
"instrument","3000","0","load","visible_layers","count","0","13"
"instrument","3000","0","pan","raf_interval_ms","ms","0","16.599999999998545"
"instrument","3000","0","pan","camera_api_sync_ms","ms","0","0"
"instrument","3000","0","pan","svg_last_delivery_from_start_ms","ms","0","16.700000047683716"
"instrument","3000","0","pan","post_sync_svg_delivery_ms","ms","0","16.700000047683716"
"instrument","3000","0","pan","raf_interval_ms","ms","1","16.700000000000728"
"instrument","3000","0","pan","camera_api_sync_ms","ms","1","0"
"instrument","3000","0","pan","svg_last_delivery_from_start_ms","ms","1","16.59999990463257"
"instrument","3000","0","pan","post_sync_svg_delivery_ms","ms","1","16.59999990463257"
"instrument","3000","0","pan","raf_interval_ms","ms","2","16.700000000000728"
"instrument","3000","0","pan","camera_api_sync_ms","ms","2","0"
"instrument","3000","0","pan","svg_last_delivery_from_start_ms","ms","2","16.799999952316284"
"instrument","3000","0","pan","post_sync_svg_delivery_ms","ms","2","16.799999952316284"
"instrument","3000","0","pan","raf_interval_ms","ms","3","16.700000000000728"
"instrument","3000","0","pan","camera_api_sync_ms","ms","3","0"
"instrument","3000","0","pan","svg_last_delivery_from_start_ms","ms","3","16.600000143051147"
"instrument","3000","0","pan","post_sync_svg_delivery_ms","ms","3","16.600000143051147"
"instrument","3000","0","pan","raf_interval_ms","ms","4","16.599999999998545"
"instrument","3000","0","pan","camera_api_sync_ms","ms","4","0"
"instrument","3000","0","pan","svg_last_delivery_from_start_ms","ms","4","16.59999990463257"
"instrument","3000","0","pan","post_sync_svg_delivery_ms","ms","4","16.59999990463257"
"instrument","3000","0","pan","raf_interval_ms","ms","5","16.700000000000728"
"instrument","3000","0","pan","camera_api_sync_ms","ms","5","0"
"instrument","3000","0","pan","svg_last_delivery_from_start_ms","ms","5","16.799999952316284"
"instrument","3000","0","pan","post_sync_svg_delivery_ms","ms","5","16.799999952316284"
"instrument","3000","0","pan","raf_interval_ms","ms","6","16.599999999998545"
"instrument","3000","0","pan","camera_api_sync_ms","ms","6","0"
"instrument","3000","0","pan","svg_last_delivery_from_start_ms","ms","6","16.600000143051147"
"instrument","3000","0","pan","post_sync_svg_delivery_ms","ms","6","16.600000143051147"
"instrument","3000","0","pan","raf_interval_ms","ms","7","16.700000000000728"
"instrument","3000","0","pan","camera_api_sync_ms","ms","7","0"
"instrument","3000","0","pan","svg_last_delivery_from_start_ms","ms","7","16.59999990463257"
"instrument","3000","0","pan","post_sync_svg_delivery_ms","ms","7","16.59999990463257"
"instrument","3000","0","pan","raf_interval_ms","ms","8","16.700000000000728"
"instrument","3000","0","pan","camera_api_sync_ms","ms","8","0"
"instrument","3000","0","pan","svg_last_delivery_from_start_ms","ms","8","16.700000047683716"
"instrument","3000","0","pan","post_sync_svg_delivery_ms","ms","8","16.700000047683716"
"instrument","3000","0","pan","raf_interval_ms","ms","9","16.700000000000728"
"instrument","3000","0","pan","camera_api_sync_ms","ms","9","0"
"instrument","3000","0","pan","svg_last_delivery_from_start_ms","ms","9","16.700000047683716"
"instrument","3000","0","pan","post_sync_svg_delivery_ms","ms","9","16.700000047683716"
"instrument","3000","0","pan","raf_interval_ms","ms","10","16.599999999998545"
"instrument","3000","0","pan","camera_api_sync_ms","ms","10","0"
"instrument","3000","0","pan","svg_last_delivery_from_start_ms","ms","10","16.399999856948853"
"instrument","3000","0","pan","post_sync_svg_delivery_ms","ms","10","16.399999856948853"
"instrument","3000","0","pan","raf_interval_ms","ms","11","16.700000000000728"
"instrument","3000","0","pan","camera_api_sync_ms","ms","11","0"
"instrument","3000","0","pan","svg_last_delivery_from_start_ms","ms","11","16.90000009536743"
"instrument","3000","0","pan","post_sync_svg_delivery_ms","ms","11","16.90000009536743"
"instrument","3000","0","pan","raf_interval_ms","ms","12","16.700000000000728"
"instrument","3000","0","pan","camera_api_sync_ms","ms","12","0"
"instrument","3000","0","pan","svg_last_delivery_from_start_ms","ms","12","15.799999952316284"
"instrument","3000","0","pan","post_sync_svg_delivery_ms","ms","12","15.799999952316284"
"instrument","3000","0","pan","raf_interval_ms","ms","13","16.599999999998545"
"instrument","3000","0","pan","camera_api_sync_ms","ms","13","0"
"instrument","3000","0","pan","svg_last_delivery_from_start_ms","ms","13","17.5"
"instrument","3000","0","pan","post_sync_svg_delivery_ms","ms","13","17.5"
"instrument","3000","0","pan","raf_interval_ms","ms","14","16.700000000000728"
"instrument","3000","0","pan","camera_api_sync_ms","ms","14","0"
"instrument","3000","0","pan","svg_last_delivery_from_start_ms","ms","14","16.700000047683716"
"instrument","3000","0","pan","post_sync_svg_delivery_ms","ms","14","16.700000047683716"
"instrument","3000","0","pan","raf_interval_ms","ms","15","16.599999999998545"
"instrument","3000","0","pan","camera_api_sync_ms","ms","15","0"
"instrument","3000","0","pan","svg_last_delivery_from_start_ms","ms","15","16.700000047683716"
"instrument","3000","0","pan","post_sync_svg_delivery_ms","ms","15","16.700000047683716"
"instrument","3000","0","pan","raf_interval_ms","ms","16","16.700000000000728"
"instrument","3000","0","pan","camera_api_sync_ms","ms","16","0"
"instrument","3000","0","pan","svg_last_delivery_from_start_ms","ms","16","15.799999952316284"
"instrument","3000","0","pan","post_sync_svg_delivery_ms","ms","16","15.799999952316284"
"instrument","3000","0","pan","raf_interval_ms","ms","17","16.700000000000728"
"instrument","3000","0","pan","camera_api_sync_ms","ms","17","0"
"instrument","3000","0","pan","svg_last_delivery_from_start_ms","ms","17","17.5"
"instrument","3000","0","pan","post_sync_svg_delivery_ms","ms","17","17.5"
"instrument","3000","0","pan","raf_interval_ms","ms","18","16.599999999998545"
"instrument","3000","0","pan","camera_api_sync_ms","ms","18","0"
"instrument","3000","0","pan","svg_last_delivery_from_start_ms","ms","18","16.700000047683716"
"instrument","3000","0","pan","post_sync_svg_delivery_ms","ms","18","16.700000047683716"
"instrument","3000","0","pan","raf_interval_ms","ms","19","16.700000000000728"
"instrument","3000","0","pan","camera_api_sync_ms","ms","19","0"
"instrument","3000","0","pan","svg_last_delivery_from_start_ms","ms","19","16.699999809265137"
"instrument","3000","0","pan","post_sync_svg_delivery_ms","ms","19","16.699999809265137"
"instrument","3000","0","pan","raf_interval_ms","ms","20","16.700000000000728"
"instrument","3000","0","pan","camera_api_sync_ms","ms","20","0"
"instrument","3000","0","pan","svg_last_delivery_from_start_ms","ms","20","16.600000143051147"
"instrument","3000","0","pan","post_sync_svg_delivery_ms","ms","20","16.600000143051147"
"instrument","3000","0","pan","raf_interval_ms","ms","21","16.599999999998545"
"instrument","3000","0","pan","camera_api_sync_ms","ms","21","0"
"instrument","3000","0","pan","svg_last_delivery_from_start_ms","ms","21","16.700000047683716"
"instrument","3000","0","pan","post_sync_svg_delivery_ms","ms","21","16.700000047683716"
"instrument","3000","0","pan","raf_interval_ms","ms","22","16.700000000000728"
"instrument","3000","0","pan","camera_api_sync_ms","ms","22","0"
"instrument","3000","0","pan","svg_last_delivery_from_start_ms","ms","22","16.59999990463257"
"instrument","3000","0","pan","post_sync_svg_delivery_ms","ms","22","16.59999990463257"
"instrument","3000","0","pan","raf_interval_ms","ms","23","16.700000000000728"
"instrument","3000","0","pan","camera_api_sync_ms","ms","23","0"
"instrument","3000","0","pan","svg_last_delivery_from_start_ms","ms","23","16.59999990463257"
"instrument","3000","0","pan","post_sync_svg_delivery_ms","ms","23","16.59999990463257"
"instrument","3000","0","pan","svg_attribute_writes","count","0","24"
"instrument","3000","0","pan","svg_map_geometry_writes","count","0","0"
"instrument","3000","0","pan","svg_symbol_scale_writes","count","0","0"
"instrument","3000","0","pan","svg_viewbox_writes","count","0","24"
"instrument","3000","0","pan","root_iterator_creations","count","0","0"
"instrument","3000","0","pan","root_iterator_next_calls","count","0","0"
"instrument","3000","0","pan","runtime_points_getter_reads","count","0","0"
"instrument","3000","0","pan","runtime_contour_getter_reads","count","0","0"
"instrument","3000","0","pan","runtime_baseZ_getter_reads","count","0","0"
"instrument","3000","0","pan","runtime_height_getter_reads","count","0","0"
"instrument","3000","0","pan","renderer_scene_reads","count","0","0"
"instrument","3000","0","pan","renderer_entries_exposed","count","0","0"
"instrument","3000","0","pan","renderer_composition_changes","count","0","0"
"instrument","3000","0","pan","renderer_changed_entries","count","0","0"
"instrument","3000","0","pan","renderer_callbacks","count","0","24"
"instrument","3000","0","pan","svg_element_nodes","count","0","16085"
"instrument","3000","0","pan","shadow_element_nodes","count","0","16086"
"instrument","3000","0","pan","shadow_all_nodes","count","0","16089"
"instrument","3000","0","pan","appearances_all_layers","count","0","8035"
"instrument","3000","0","pan","appearances_visible_layers","count","0","2659"
"instrument","3000","0","pan","visible_point_symbols","count","0","1477"
"instrument","3000","0","pan","visible_route_fragments","count","0","604"
"instrument","3000","0","pan","visible_polygon_paths","count","0","277"
"instrument","3000","0","pan","layers","count","0","13"
"instrument","3000","0","pan","visible_layers","count","0","5"
"instrument","3000","0","zoom","raf_interval_ms","ms","0","16.700000000000728"
"instrument","3000","0","zoom","camera_api_sync_ms","ms","0","0"
"instrument","3000","0","zoom","svg_last_delivery_from_start_ms","ms","0","20.299999952316284"
"instrument","3000","0","zoom","post_sync_svg_delivery_ms","ms","0","20.299999952316284"
"instrument","3000","0","zoom","raf_interval_ms","ms","1","16.700000000000728"
"instrument","3000","0","zoom","camera_api_sync_ms","ms","1","0"
"instrument","3000","0","zoom","svg_last_delivery_from_start_ms","ms","1","15.699999809265137"
"instrument","3000","0","zoom","post_sync_svg_delivery_ms","ms","1","15.699999809265137"
"instrument","3000","0","zoom","raf_interval_ms","ms","2","16.599999999998545"
"instrument","3000","0","zoom","camera_api_sync_ms","ms","2","0"
"instrument","3000","0","zoom","svg_last_delivery_from_start_ms","ms","2","16"
"instrument","3000","0","zoom","post_sync_svg_delivery_ms","ms","2","16"
"instrument","3000","0","zoom","raf_interval_ms","ms","3","16.700000000000728"
"instrument","3000","0","zoom","camera_api_sync_ms","ms","3","0"
"instrument","3000","0","zoom","svg_last_delivery_from_start_ms","ms","3","16.700000047683716"
"instrument","3000","0","zoom","post_sync_svg_delivery_ms","ms","3","16.700000047683716"
"instrument","3000","0","zoom","raf_interval_ms","ms","4","16.700000000000728"
"instrument","3000","0","zoom","camera_api_sync_ms","ms","4","0"
"instrument","3000","0","zoom","svg_last_delivery_from_start_ms","ms","4","17.40000009536743"
"instrument","3000","0","zoom","post_sync_svg_delivery_ms","ms","4","17.40000009536743"
"instrument","3000","0","zoom","raf_interval_ms","ms","5","16.599999999998545"
"instrument","3000","0","zoom","camera_api_sync_ms","ms","5","0"
"instrument","3000","0","zoom","svg_last_delivery_from_start_ms","ms","5","16.5"
"instrument","3000","0","zoom","post_sync_svg_delivery_ms","ms","5","16.5"
"instrument","3000","0","zoom","raf_interval_ms","ms","6","16.700000000000728"
"instrument","3000","0","zoom","camera_api_sync_ms","ms","6","0"
"instrument","3000","0","zoom","svg_last_delivery_from_start_ms","ms","6","15.700000047683716"
"instrument","3000","0","zoom","post_sync_svg_delivery_ms","ms","6","15.700000047683716"
"instrument","3000","0","zoom","raf_interval_ms","ms","7","16.700000000000728"
"instrument","3000","0","zoom","camera_api_sync_ms","ms","7","0"
"instrument","3000","0","zoom","svg_last_delivery_from_start_ms","ms","7","17.199999809265137"
"instrument","3000","0","zoom","post_sync_svg_delivery_ms","ms","7","17.199999809265137"
"instrument","3000","0","zoom","raf_interval_ms","ms","8","16.700000000000728"
"instrument","3000","0","zoom","camera_api_sync_ms","ms","8","0"
"instrument","3000","0","zoom","svg_last_delivery_from_start_ms","ms","8","17.100000143051147"
"instrument","3000","0","zoom","post_sync_svg_delivery_ms","ms","8","17.100000143051147"
"instrument","3000","0","zoom","raf_interval_ms","ms","9","16.599999999998545"
"instrument","3000","0","zoom","camera_api_sync_ms","ms","9","0"
"instrument","3000","0","zoom","svg_last_delivery_from_start_ms","ms","9","16.59999990463257"
"instrument","3000","0","zoom","post_sync_svg_delivery_ms","ms","9","16.59999990463257"
"instrument","3000","0","zoom","raf_interval_ms","ms","10","16.700000000000728"
"instrument","3000","0","zoom","camera_api_sync_ms","ms","10","0"
"instrument","3000","0","zoom","svg_last_delivery_from_start_ms","ms","10","16.600000143051147"
"instrument","3000","0","zoom","post_sync_svg_delivery_ms","ms","10","16.600000143051147"
"instrument","3000","0","zoom","raf_interval_ms","ms","11","16.599999999998545"
"instrument","3000","0","zoom","camera_api_sync_ms","ms","11","0"
"instrument","3000","0","zoom","svg_last_delivery_from_start_ms","ms","11","16.699999809265137"
"instrument","3000","0","zoom","post_sync_svg_delivery_ms","ms","11","16.699999809265137"
"instrument","3000","0","zoom","raf_interval_ms","ms","12","16.700000000000728"
"instrument","3000","0","zoom","camera_api_sync_ms","ms","12","0"
"instrument","3000","0","zoom","svg_last_delivery_from_start_ms","ms","12","16.600000143051147"
"instrument","3000","0","zoom","post_sync_svg_delivery_ms","ms","12","16.600000143051147"
"instrument","3000","0","zoom","raf_interval_ms","ms","13","16.700000000000728"
"instrument","3000","0","zoom","camera_api_sync_ms","ms","13","0"
"instrument","3000","0","zoom","svg_last_delivery_from_start_ms","ms","13","16.5"
"instrument","3000","0","zoom","post_sync_svg_delivery_ms","ms","13","16.5"
"instrument","3000","0","zoom","raf_interval_ms","ms","14","16.599999999998545"
"instrument","3000","0","zoom","camera_api_sync_ms","ms","14","0"
"instrument","3000","0","zoom","svg_last_delivery_from_start_ms","ms","14","16.899999856948853"
"instrument","3000","0","zoom","post_sync_svg_delivery_ms","ms","14","16.899999856948853"
"instrument","3000","0","zoom","raf_interval_ms","ms","15","16.700000000000728"
"instrument","3000","0","zoom","camera_api_sync_ms","ms","15","0"
"instrument","3000","0","zoom","svg_last_delivery_from_start_ms","ms","15","16.600000143051147"
"instrument","3000","0","zoom","post_sync_svg_delivery_ms","ms","15","16.600000143051147"
"instrument","3000","0","zoom","raf_interval_ms","ms","16","16.700000000000728"
"instrument","3000","0","zoom","camera_api_sync_ms","ms","16","0"
"instrument","3000","0","zoom","svg_last_delivery_from_start_ms","ms","16","16.700000047683716"
"instrument","3000","0","zoom","post_sync_svg_delivery_ms","ms","16","16.700000047683716"
"instrument","3000","0","zoom","raf_interval_ms","ms","17","16.700000000000728"
"instrument","3000","0","zoom","camera_api_sync_ms","ms","17","0.09999990463256836"
"instrument","3000","0","zoom","svg_last_delivery_from_start_ms","ms","17","16.5"
"instrument","3000","0","zoom","post_sync_svg_delivery_ms","ms","17","16.40000009536743"
"instrument","3000","0","zoom","raf_interval_ms","ms","18","16.599999999998545"
"instrument","3000","0","zoom","camera_api_sync_ms","ms","18","0"
"instrument","3000","0","zoom","svg_last_delivery_from_start_ms","ms","18","16"
"instrument","3000","0","zoom","post_sync_svg_delivery_ms","ms","18","16"
"instrument","3000","0","zoom","raf_interval_ms","ms","19","16.700000000000728"
"instrument","3000","0","zoom","camera_api_sync_ms","ms","19","0"
"instrument","3000","0","zoom","svg_last_delivery_from_start_ms","ms","19","17.59999990463257"
"instrument","3000","0","zoom","post_sync_svg_delivery_ms","ms","19","17.59999990463257"
"instrument","3000","0","zoom","raf_interval_ms","ms","20","16.599999999998545"
"instrument","3000","0","zoom","camera_api_sync_ms","ms","20","0"
"instrument","3000","0","zoom","svg_last_delivery_from_start_ms","ms","20","15.900000095367432"
"instrument","3000","0","zoom","post_sync_svg_delivery_ms","ms","20","15.900000095367432"
"instrument","3000","0","zoom","raf_interval_ms","ms","21","16.700000000000728"
"instrument","3000","0","zoom","camera_api_sync_ms","ms","21","0"
"instrument","3000","0","zoom","svg_last_delivery_from_start_ms","ms","21","17.59999990463257"
"instrument","3000","0","zoom","post_sync_svg_delivery_ms","ms","21","17.59999990463257"
"instrument","3000","0","zoom","raf_interval_ms","ms","22","16.700000000000728"
"instrument","3000","0","zoom","camera_api_sync_ms","ms","22","0"
"instrument","3000","0","zoom","svg_last_delivery_from_start_ms","ms","22","16.5"
"instrument","3000","0","zoom","post_sync_svg_delivery_ms","ms","22","16.5"
"instrument","3000","0","zoom","raf_interval_ms","ms","23","16.599999999998545"
"instrument","3000","0","zoom","camera_api_sync_ms","ms","23","0"
"instrument","3000","0","zoom","svg_last_delivery_from_start_ms","ms","23","16.5"
"instrument","3000","0","zoom","post_sync_svg_delivery_ms","ms","23","16.5"
"instrument","3000","0","zoom","svg_attribute_writes","count","0","103656"
"instrument","3000","0","zoom","svg_map_geometry_writes","count","0","0"
"instrument","3000","0","zoom","svg_symbol_scale_writes","count","0","103632"
"instrument","3000","0","zoom","svg_viewbox_writes","count","0","24"
"instrument","3000","0","zoom","root_iterator_creations","count","0","0"
"instrument","3000","0","zoom","root_iterator_next_calls","count","0","0"
"instrument","3000","0","zoom","runtime_points_getter_reads","count","0","0"
"instrument","3000","0","zoom","runtime_contour_getter_reads","count","0","0"
"instrument","3000","0","zoom","runtime_baseZ_getter_reads","count","0","0"
"instrument","3000","0","zoom","runtime_height_getter_reads","count","0","0"
"instrument","3000","0","zoom","renderer_scene_reads","count","0","0"
"instrument","3000","0","zoom","renderer_entries_exposed","count","0","0"
"instrument","3000","0","zoom","renderer_composition_changes","count","0","0"
"instrument","3000","0","zoom","renderer_changed_entries","count","0","0"
"instrument","3000","0","zoom","renderer_callbacks","count","0","24"
"instrument","3000","0","zoom","svg_element_nodes","count","0","16085"
"instrument","3000","0","zoom","shadow_element_nodes","count","0","16086"
"instrument","3000","0","zoom","shadow_all_nodes","count","0","16089"
"instrument","3000","0","zoom","appearances_all_layers","count","0","8035"
"instrument","3000","0","zoom","appearances_visible_layers","count","0","2659"
"instrument","3000","0","zoom","visible_point_symbols","count","0","1477"
"instrument","3000","0","zoom","visible_route_fragments","count","0","604"
"instrument","3000","0","zoom","visible_polygon_paths","count","0","277"
"instrument","3000","0","zoom","layers","count","0","13"
"instrument","3000","0","zoom","visible_layers","count","0","5"
"instrument","3000","1","pick-miss","spatial_pick_sync_ms","ms","0","1.0999999046325684"
"instrument","3000","1","pick-miss","spatial_pick_sync_ms","ms","1","0.5999999046325684"
"instrument","3000","1","pick-miss","spatial_pick_sync_ms","ms","2","0.6000001430511475"
"instrument","3000","1","pick-miss","spatial_pick_sync_ms","ms","3","0.5"
"instrument","3000","1","pick-miss","spatial_pick_sync_ms","ms","4","0.5"
"instrument","3000","1","pick-miss","spatial_pick_sync_ms","ms","5","0.5999999046325684"
"instrument","3000","1","pick-miss","spatial_pick_sync_ms","ms","6","0.39999985694885254"
"instrument","3000","1","pick-miss","spatial_pick_sync_ms","ms","7","0.6000001430511475"
"instrument","3000","1","pick-miss","spatial_pick_sync_ms","ms","8","0.5"
"instrument","3000","1","pick-miss","spatial_pick_sync_ms","ms","9","0.5"
"instrument","3000","1","pick-miss","spatial_pick_sync_ms","ms","10","0.5"
"instrument","3000","1","pick-miss","spatial_pick_sync_ms","ms","11","0.5999999046325684"
"instrument","3000","1","pick-miss","spatial_pick_sync_ms","ms","12","0.5999999046325684"
"instrument","3000","1","pick-miss","spatial_pick_sync_ms","ms","13","0.5"
"instrument","3000","1","pick-miss","spatial_pick_sync_ms","ms","14","0.5"
"instrument","3000","1","pick-miss","spatial_pick_sync_ms","ms","15","0.6000001430511475"
"instrument","3000","1","pick-miss","spatial_pick_sync_ms","ms","16","0.5"
"instrument","3000","1","pick-miss","spatial_pick_sync_ms","ms","17","0.5"
"instrument","3000","1","pick-miss","spatial_pick_sync_ms","ms","18","0.5"
"instrument","3000","1","pick-miss","spatial_pick_sync_ms","ms","19","0.5999999046325684"
"instrument","3000","1","pick-miss","spatial_pick_sync_ms","ms","20","0.5"
"instrument","3000","1","pick-miss","spatial_pick_sync_ms","ms","21","0.5"
"instrument","3000","1","pick-miss","spatial_pick_sync_ms","ms","22","0.6000001430511475"
"instrument","3000","1","pick-miss","spatial_pick_sync_ms","ms","23","0.5"
"instrument","3000","1","pick-miss","spatial_pick_sync_ms","ms","24","0.5999999046325684"
"instrument","3000","1","pick-miss","spatial_pick_sync_ms","ms","25","0.5"
"instrument","3000","1","pick-miss","spatial_pick_sync_ms","ms","26","0.5"
"instrument","3000","1","pick-miss","spatial_pick_sync_ms","ms","27","0.5"
"instrument","3000","1","pick-miss","spatial_pick_sync_ms","ms","28","0.5999999046325684"
"instrument","3000","1","pick-miss","spatial_pick_sync_ms","ms","29","0.6000001430511475"
"instrument","3000","1","pick-miss","spatial_pick_sync_ms","ms","30","0.5"
"instrument","3000","1","pick-miss","spatial_pick_sync_ms","ms","31","0.5"
"instrument","3000","1","pick-miss","spatial_pick_sync_ms","ms","32","0.5999999046325684"
"instrument","3000","1","pick-miss","spatial_pick_sync_ms","ms","33","0.5"
"instrument","3000","1","pick-miss","spatial_pick_sync_ms","ms","34","0.5"
"instrument","3000","1","pick-miss","spatial_pick_sync_ms","ms","35","0.6000001430511475"
"instrument","3000","1","pick-miss","spatial_pick_sync_ms","ms","36","0.5"
"instrument","3000","1","pick-miss","spatial_pick_sync_ms","ms","37","0.5999999046325684"
"instrument","3000","1","pick-miss","spatial_pick_sync_ms","ms","38","0.5"
"instrument","3000","1","pick-miss","spatial_pick_sync_ms","ms","39","0.5999999046325684"
"instrument","3000","1","pick-miss","svg_attribute_writes","count","0","0"
"instrument","3000","1","pick-miss","svg_map_geometry_writes","count","0","0"
"instrument","3000","1","pick-miss","svg_symbol_scale_writes","count","0","0"
"instrument","3000","1","pick-miss","svg_viewbox_writes","count","0","0"
"instrument","3000","1","pick-miss","root_iterator_creations","count","0","0"
"instrument","3000","1","pick-miss","root_iterator_next_calls","count","0","0"
"instrument","3000","1","pick-miss","runtime_points_getter_reads","count","0","0"
"instrument","3000","1","pick-miss","runtime_contour_getter_reads","count","0","0"
"instrument","3000","1","pick-miss","runtime_baseZ_getter_reads","count","0","0"
"instrument","3000","1","pick-miss","runtime_height_getter_reads","count","0","0"
"instrument","3000","1","pick-miss","renderer_scene_reads","count","0","0"
"instrument","3000","1","pick-miss","renderer_entries_exposed","count","0","0"
"instrument","3000","1","pick-miss","renderer_composition_changes","count","0","0"
"instrument","3000","1","pick-miss","renderer_changed_entries","count","0","0"
"instrument","3000","1","pick-miss","renderer_callbacks","count","0","0"
"instrument","3000","1","pick-miss","svg_element_nodes","count","0","16085"
"instrument","3000","1","pick-miss","shadow_element_nodes","count","0","16086"
"instrument","3000","1","pick-miss","shadow_all_nodes","count","0","16089"
"instrument","3000","1","pick-miss","appearances_all_layers","count","0","8035"
"instrument","3000","1","pick-miss","appearances_visible_layers","count","0","2659"
"instrument","3000","1","pick-miss","visible_point_symbols","count","0","1477"
"instrument","3000","1","pick-miss","visible_route_fragments","count","0","604"
"instrument","3000","1","pick-miss","visible_polygon_paths","count","0","277"
"instrument","3000","1","pick-miss","layers","count","0","13"
"instrument","3000","1","pick-miss","visible_layers","count","0","5"
"instrument","3000","1","floor-switch","operation_sync_ms","ms","0","0"
"instrument","3000","1","floor-switch","operation_to_two_raf_ms","ms","0","21.200000047683716"
"instrument","3000","1","floor-switch","raf_interval_ms","ms","0","16.700000000000728"
"instrument","3000","1","floor-switch","svg_mutation_observed","boolean","0","1"
"instrument","3000","1","floor-switch","svg_last_delivery_from_start_ms","ms","0","6.599999904632568"
"instrument","3000","1","floor-switch","post_sync_svg_delivery_ms","ms","0","6.599999904632568"
"instrument","3000","1","floor-switch","svg_attribute_writes","count","0","1"
"instrument","3000","1","floor-switch","svg_map_geometry_writes","count","0","0"
"instrument","3000","1","floor-switch","svg_symbol_scale_writes","count","0","0"
"instrument","3000","1","floor-switch","svg_viewbox_writes","count","0","0"
"instrument","3000","1","floor-switch","root_iterator_creations","count","0","0"
"instrument","3000","1","floor-switch","root_iterator_next_calls","count","0","0"
"instrument","3000","1","floor-switch","runtime_points_getter_reads","count","0","0"
"instrument","3000","1","floor-switch","runtime_contour_getter_reads","count","0","0"
"instrument","3000","1","floor-switch","runtime_baseZ_getter_reads","count","0","0"
"instrument","3000","1","floor-switch","runtime_height_getter_reads","count","0","0"
"instrument","3000","1","floor-switch","renderer_scene_reads","count","0","0"
"instrument","3000","1","floor-switch","renderer_entries_exposed","count","0","0"
"instrument","3000","1","floor-switch","renderer_composition_changes","count","0","0"
"instrument","3000","1","floor-switch","renderer_changed_entries","count","0","0"
"instrument","3000","1","floor-switch","renderer_callbacks","count","0","1"
"instrument","3000","1","floor-switch","svg_element_nodes","count","0","16085"
"instrument","3000","1","floor-switch","shadow_element_nodes","count","0","16086"
"instrument","3000","1","floor-switch","shadow_all_nodes","count","0","16089"
"instrument","3000","1","floor-switch","appearances_all_layers","count","0","8035"
"instrument","3000","1","floor-switch","appearances_visible_layers","count","0","2629"
"instrument","3000","1","floor-switch","visible_point_symbols","count","0","1373"
"instrument","3000","1","floor-switch","visible_route_fragments","count","0","603"
"instrument","3000","1","floor-switch","visible_polygon_paths","count","0","302"
"instrument","3000","1","floor-switch","layers","count","0","13"
"instrument","3000","1","floor-switch","visible_layers","count","0","5"
"instrument","3000","1","vertex-position","operation_sync_ms","ms","0","0.09999990463256836"
"instrument","3000","1","vertex-position","operation_to_two_raf_ms","ms","0","24.700000047683716"
"instrument","3000","1","vertex-position","raf_interval_ms","ms","0","16.599999999998545"
"instrument","3000","1","vertex-position","svg_mutation_observed","boolean","0","1"
"instrument","3000","1","vertex-position","svg_last_delivery_from_start_ms","ms","0","7"
"instrument","3000","1","vertex-position","post_sync_svg_delivery_ms","ms","0","6.900000095367432"
"instrument","3000","1","vertex-position","svg_attribute_writes","count","0","4"
"instrument","3000","1","vertex-position","svg_map_geometry_writes","count","0","4"
"instrument","3000","1","vertex-position","svg_symbol_scale_writes","count","0","0"
"instrument","3000","1","vertex-position","svg_viewbox_writes","count","0","0"
"instrument","3000","1","vertex-position","root_iterator_creations","count","0","0"
"instrument","3000","1","vertex-position","root_iterator_next_calls","count","0","0"
"instrument","3000","1","vertex-position","runtime_points_getter_reads","count","0","13"
"instrument","3000","1","vertex-position","runtime_contour_getter_reads","count","0","0"
"instrument","3000","1","vertex-position","runtime_baseZ_getter_reads","count","0","0"
"instrument","3000","1","vertex-position","runtime_height_getter_reads","count","0","0"
"instrument","3000","1","vertex-position","renderer_scene_reads","count","0","0"
"instrument","3000","1","vertex-position","renderer_entries_exposed","count","0","0"
"instrument","3000","1","vertex-position","renderer_composition_changes","count","0","0"
"instrument","3000","1","vertex-position","renderer_changed_entries","count","0","0"
"instrument","3000","1","vertex-position","renderer_callbacks","count","0","1"
"instrument","3000","1","vertex-position","svg_element_nodes","count","0","16085"
"instrument","3000","1","vertex-position","shadow_element_nodes","count","0","16086"
"instrument","3000","1","vertex-position","shadow_all_nodes","count","0","16089"
"instrument","3000","1","vertex-position","appearances_all_layers","count","0","8035"
"instrument","3000","1","vertex-position","appearances_visible_layers","count","0","2659"
"instrument","3000","1","vertex-position","visible_point_symbols","count","0","1477"
"instrument","3000","1","vertex-position","visible_route_fragments","count","0","604"
"instrument","3000","1","vertex-position","visible_polygon_paths","count","0","277"
"instrument","3000","1","vertex-position","layers","count","0","13"
"instrument","3000","1","vertex-position","visible_layers","count","0","5"
"instrument","3000","1","route-add","operation_sync_ms","ms","0","0"
"instrument","3000","1","route-add","operation_to_two_raf_ms","ms","0","41.5"
"instrument","3000","1","route-add","raf_interval_ms","ms","0","33.29999999999927"
"instrument","3000","1","route-add","svg_mutation_observed","boolean","0","1"
"instrument","3000","1","route-add","svg_last_delivery_from_start_ms","ms","0","39"
"instrument","3000","1","route-add","post_sync_svg_delivery_ms","ms","0","39"
"instrument","3000","1","route-add","svg_attribute_writes","count","0","38"
"instrument","3000","1","route-add","svg_map_geometry_writes","count","0","4"
"instrument","3000","1","route-add","svg_symbol_scale_writes","count","0","1"
"instrument","3000","1","route-add","svg_viewbox_writes","count","0","0"
"instrument","3000","1","route-add","root_iterator_creations","count","0","1"
"instrument","3000","1","route-add","root_iterator_next_calls","count","0","3001"
"instrument","3000","1","route-add","runtime_points_getter_reads","count","0","9650"
"instrument","3000","1","route-add","runtime_contour_getter_reads","count","0","3624"
"instrument","3000","1","route-add","runtime_baseZ_getter_reads","count","0","7236"
"instrument","3000","1","route-add","runtime_height_getter_reads","count","0","7236"
"instrument","3000","1","route-add","renderer_scene_reads","count","0","0"
"instrument","3000","1","route-add","renderer_entries_exposed","count","0","0"
"instrument","3000","1","route-add","renderer_composition_changes","count","0","0"
"instrument","3000","1","route-add","renderer_changed_entries","count","0","0"
"instrument","3000","1","route-add","renderer_callbacks","count","0","1"
"instrument","3000","1","route-add","svg_element_nodes","count","0","16093"
"instrument","3000","1","route-add","shadow_element_nodes","count","0","16094"
"instrument","3000","1","route-add","shadow_all_nodes","count","0","16097"
"instrument","3000","1","route-add","appearances_all_layers","count","0","8039"
"instrument","3000","1","route-add","appearances_visible_layers","count","0","2661"
"instrument","3000","1","route-add","visible_point_symbols","count","0","1478"
"instrument","3000","1","route-add","visible_route_fragments","count","0","605"
"instrument","3000","1","route-add","visible_polygon_paths","count","0","277"
"instrument","3000","1","route-add","layers","count","0","13"
"instrument","3000","1","route-add","visible_layers","count","0","5"
"instrument","3000","1","route-insert","operation_sync_ms","ms","0","0"
"instrument","3000","1","route-insert","operation_to_two_raf_ms","ms","0","50.5"
"instrument","3000","1","route-insert","raf_interval_ms","ms","0","33.39999999999782"
"instrument","3000","1","route-insert","svg_mutation_observed","boolean","0","1"
"instrument","3000","1","route-insert","svg_last_delivery_from_start_ms","ms","0","48.30000019073486"
"instrument","3000","1","route-insert","post_sync_svg_delivery_ms","ms","0","48.30000019073486"
"instrument","3000","1","route-insert","svg_attribute_writes","count","0","9"
"instrument","3000","1","route-insert","svg_map_geometry_writes","count","0","2"
"instrument","3000","1","route-insert","svg_symbol_scale_writes","count","0","1"
"instrument","3000","1","route-insert","svg_viewbox_writes","count","0","0"
"instrument","3000","1","route-insert","root_iterator_creations","count","0","1"
"instrument","3000","1","route-insert","root_iterator_next_calls","count","0","3001"
"instrument","3000","1","route-insert","runtime_points_getter_reads","count","0","9647"
"instrument","3000","1","route-insert","runtime_contour_getter_reads","count","0","3624"
"instrument","3000","1","route-insert","runtime_baseZ_getter_reads","count","0","7236"
"instrument","3000","1","route-insert","runtime_height_getter_reads","count","0","7236"
"instrument","3000","1","route-insert","renderer_scene_reads","count","0","0"
"instrument","3000","1","route-insert","renderer_entries_exposed","count","0","0"
"instrument","3000","1","route-insert","renderer_composition_changes","count","0","0"
"instrument","3000","1","route-insert","renderer_changed_entries","count","0","0"
"instrument","3000","1","route-insert","renderer_callbacks","count","0","1"
"instrument","3000","1","route-insert","svg_element_nodes","count","0","16087"
"instrument","3000","1","route-insert","shadow_element_nodes","count","0","16088"
"instrument","3000","1","route-insert","shadow_all_nodes","count","0","16091"
"instrument","3000","1","route-insert","appearances_all_layers","count","0","8036"
"instrument","3000","1","route-insert","appearances_visible_layers","count","0","2660"
"instrument","3000","1","route-insert","visible_point_symbols","count","0","1478"
"instrument","3000","1","route-insert","visible_route_fragments","count","0","604"
"instrument","3000","1","route-insert","visible_polygon_paths","count","0","277"
"instrument","3000","1","route-insert","layers","count","0","13"
"instrument","3000","1","route-insert","visible_layers","count","0","5"
"instrument","3000","1","route-remove","operation_sync_ms","ms","0","0"
"instrument","3000","1","route-remove","operation_to_two_raf_ms","ms","0","48"
"instrument","3000","1","route-remove","raf_interval_ms","ms","0","33.29999999999927"
"instrument","3000","1","route-remove","svg_mutation_observed","boolean","0","1"
"instrument","3000","1","route-remove","svg_last_delivery_from_start_ms","ms","0","46.39999985694885"
"instrument","3000","1","route-remove","post_sync_svg_delivery_ms","ms","0","46.39999985694885"
"instrument","3000","1","route-remove","svg_attribute_writes","count","0","1"
"instrument","3000","1","route-remove","svg_map_geometry_writes","count","0","1"
"instrument","3000","1","route-remove","svg_symbol_scale_writes","count","0","0"
"instrument","3000","1","route-remove","svg_viewbox_writes","count","0","0"
"instrument","3000","1","route-remove","root_iterator_creations","count","0","1"
"instrument","3000","1","route-remove","root_iterator_next_calls","count","0","3001"
"instrument","3000","1","route-remove","runtime_points_getter_reads","count","0","9648"
"instrument","3000","1","route-remove","runtime_contour_getter_reads","count","0","3624"
"instrument","3000","1","route-remove","runtime_baseZ_getter_reads","count","0","7236"
"instrument","3000","1","route-remove","runtime_height_getter_reads","count","0","7236"
"instrument","3000","1","route-remove","renderer_scene_reads","count","0","0"
"instrument","3000","1","route-remove","renderer_entries_exposed","count","0","0"
"instrument","3000","1","route-remove","renderer_composition_changes","count","0","0"
"instrument","3000","1","route-remove","renderer_changed_entries","count","0","0"
"instrument","3000","1","route-remove","renderer_callbacks","count","0","1"
"instrument","3000","1","route-remove","svg_element_nodes","count","0","16083"
"instrument","3000","1","route-remove","shadow_element_nodes","count","0","16084"
"instrument","3000","1","route-remove","shadow_all_nodes","count","0","16087"
"instrument","3000","1","route-remove","appearances_all_layers","count","0","8034"
"instrument","3000","1","route-remove","appearances_visible_layers","count","0","2659"
"instrument","3000","1","route-remove","visible_point_symbols","count","0","1477"
"instrument","3000","1","route-remove","visible_route_fragments","count","0","604"
"instrument","3000","1","route-remove","visible_polygon_paths","count","0","277"
"instrument","3000","1","route-remove","layers","count","0","13"
"instrument","3000","1","route-remove","visible_layers","count","0","5"
"instrument","3000","1","route-replacePoints","operation_sync_ms","ms","0","0.10000014305114746"
"instrument","3000","1","route-replacePoints","operation_to_two_raf_ms","ms","0","46.799999952316284"
"instrument","3000","1","route-replacePoints","raf_interval_ms","ms","0","33.39999999999782"
"instrument","3000","1","route-replacePoints","svg_mutation_observed","boolean","0","1"
"instrument","3000","1","route-replacePoints","svg_last_delivery_from_start_ms","ms","0","44.299999952316284"
"instrument","3000","1","route-replacePoints","post_sync_svg_delivery_ms","ms","0","44.19999980926514"
"instrument","3000","1","route-replacePoints","svg_attribute_writes","count","0","11"
"instrument","3000","1","route-replacePoints","svg_map_geometry_writes","count","0","4"
"instrument","3000","1","route-replacePoints","svg_symbol_scale_writes","count","0","1"
"instrument","3000","1","route-replacePoints","svg_viewbox_writes","count","0","0"
"instrument","3000","1","route-replacePoints","root_iterator_creations","count","0","1"
"instrument","3000","1","route-replacePoints","root_iterator_next_calls","count","0","3001"
"instrument","3000","1","route-replacePoints","runtime_points_getter_reads","count","0","9647"
"instrument","3000","1","route-replacePoints","runtime_contour_getter_reads","count","0","3624"
"instrument","3000","1","route-replacePoints","runtime_baseZ_getter_reads","count","0","7236"
"instrument","3000","1","route-replacePoints","runtime_height_getter_reads","count","0","7236"
"instrument","3000","1","route-replacePoints","renderer_scene_reads","count","0","0"
"instrument","3000","1","route-replacePoints","renderer_entries_exposed","count","0","0"
"instrument","3000","1","route-replacePoints","renderer_composition_changes","count","0","0"
"instrument","3000","1","route-replacePoints","renderer_changed_entries","count","0","0"
"instrument","3000","1","route-replacePoints","renderer_callbacks","count","0","1"
"instrument","3000","1","route-replacePoints","svg_element_nodes","count","0","16085"
"instrument","3000","1","route-replacePoints","shadow_element_nodes","count","0","16086"
"instrument","3000","1","route-replacePoints","shadow_all_nodes","count","0","16089"
"instrument","3000","1","route-replacePoints","appearances_all_layers","count","0","8035"
"instrument","3000","1","route-replacePoints","appearances_visible_layers","count","0","2660"
"instrument","3000","1","route-replacePoints","visible_point_symbols","count","0","1478"
"instrument","3000","1","route-replacePoints","visible_route_fragments","count","0","604"
"instrument","3000","1","route-replacePoints","visible_polygon_paths","count","0","277"
"instrument","3000","1","route-replacePoints","layers","count","0","13"
"instrument","3000","1","route-replacePoints","visible_layers","count","0","5"
"instrument","3000","1","polygon-vertex","operation_sync_ms","ms","0","0"
"instrument","3000","1","polygon-vertex","operation_to_two_raf_ms","ms","0","34.39999985694885"
"instrument","3000","1","polygon-vertex","raf_interval_ms","ms","0","16.700000000000728"
"instrument","3000","1","polygon-vertex","svg_mutation_observed","boolean","0","1"
"instrument","3000","1","polygon-vertex","svg_last_delivery_from_start_ms","ms","0","13.899999856948853"
"instrument","3000","1","polygon-vertex","post_sync_svg_delivery_ms","ms","0","13.899999856948853"
"instrument","3000","1","polygon-vertex","svg_attribute_writes","count","0","2"
"instrument","3000","1","polygon-vertex","svg_map_geometry_writes","count","0","2"
"instrument","3000","1","polygon-vertex","svg_symbol_scale_writes","count","0","0"
"instrument","3000","1","polygon-vertex","svg_viewbox_writes","count","0","0"
"instrument","3000","1","polygon-vertex","root_iterator_creations","count","0","0"
"instrument","3000","1","polygon-vertex","root_iterator_next_calls","count","0","0"
"instrument","3000","1","polygon-vertex","runtime_points_getter_reads","count","0","0"
"instrument","3000","1","polygon-vertex","runtime_contour_getter_reads","count","0","16"
"instrument","3000","1","polygon-vertex","runtime_baseZ_getter_reads","count","0","12"
"instrument","3000","1","polygon-vertex","runtime_height_getter_reads","count","0","12"
"instrument","3000","1","polygon-vertex","renderer_scene_reads","count","0","0"
"instrument","3000","1","polygon-vertex","renderer_entries_exposed","count","0","0"
"instrument","3000","1","polygon-vertex","renderer_composition_changes","count","0","0"
"instrument","3000","1","polygon-vertex","renderer_changed_entries","count","0","0"
"instrument","3000","1","polygon-vertex","renderer_callbacks","count","0","1"
"instrument","3000","1","polygon-vertex","svg_element_nodes","count","0","16085"
"instrument","3000","1","polygon-vertex","shadow_element_nodes","count","0","16086"
"instrument","3000","1","polygon-vertex","shadow_all_nodes","count","0","16089"
"instrument","3000","1","polygon-vertex","appearances_all_layers","count","0","8035"
"instrument","3000","1","polygon-vertex","appearances_visible_layers","count","0","2659"
"instrument","3000","1","polygon-vertex","visible_point_symbols","count","0","1477"
"instrument","3000","1","polygon-vertex","visible_route_fragments","count","0","604"
"instrument","3000","1","polygon-vertex","visible_polygon_paths","count","0","277"
"instrument","3000","1","polygon-vertex","layers","count","0","13"
"instrument","3000","1","polygon-vertex","visible_layers","count","0","5"
"instrument","3000","1","polygon-baseZ","operation_sync_ms","ms","0","0"
"instrument","3000","1","polygon-baseZ","operation_to_two_raf_ms","ms","0","16.90000009536743"
"instrument","3000","1","polygon-baseZ","raf_interval_ms","ms","0","16.600000000002183"
"instrument","3000","1","polygon-baseZ","svg_mutation_observed","boolean","0","1"
"instrument","3000","1","polygon-baseZ","svg_last_delivery_from_start_ms","ms","0","6.900000095367432"
"instrument","3000","1","polygon-baseZ","post_sync_svg_delivery_ms","ms","0","6.900000095367432"
"instrument","3000","1","polygon-baseZ","svg_attribute_writes","count","0","9"
"instrument","3000","1","polygon-baseZ","svg_map_geometry_writes","count","0","1"
"instrument","3000","1","polygon-baseZ","svg_symbol_scale_writes","count","0","0"
"instrument","3000","1","polygon-baseZ","svg_viewbox_writes","count","0","0"
"instrument","3000","1","polygon-baseZ","root_iterator_creations","count","0","0"
"instrument","3000","1","polygon-baseZ","root_iterator_next_calls","count","0","0"
"instrument","3000","1","polygon-baseZ","runtime_points_getter_reads","count","0","1808"
"instrument","3000","1","polygon-baseZ","runtime_contour_getter_reads","count","0","12"
"instrument","3000","1","polygon-baseZ","runtime_baseZ_getter_reads","count","0","12"
"instrument","3000","1","polygon-baseZ","runtime_height_getter_reads","count","0","12"
"instrument","3000","1","polygon-baseZ","renderer_scene_reads","count","0","0"
"instrument","3000","1","polygon-baseZ","renderer_entries_exposed","count","0","0"
"instrument","3000","1","polygon-baseZ","renderer_composition_changes","count","0","0"
"instrument","3000","1","polygon-baseZ","renderer_changed_entries","count","0","0"
"instrument","3000","1","polygon-baseZ","renderer_callbacks","count","0","1"
"instrument","3000","1","polygon-baseZ","svg_element_nodes","count","0","16085"
"instrument","3000","1","polygon-baseZ","shadow_element_nodes","count","0","16086"
"instrument","3000","1","polygon-baseZ","shadow_all_nodes","count","0","16089"
"instrument","3000","1","polygon-baseZ","appearances_all_layers","count","0","8035"
"instrument","3000","1","polygon-baseZ","appearances_visible_layers","count","0","2658"
"instrument","3000","1","polygon-baseZ","visible_point_symbols","count","0","1477"
"instrument","3000","1","polygon-baseZ","visible_route_fragments","count","0","604"
"instrument","3000","1","polygon-baseZ","visible_polygon_paths","count","0","276"
"instrument","3000","1","polygon-baseZ","layers","count","0","13"
"instrument","3000","1","polygon-baseZ","visible_layers","count","0","5"
"instrument","3000","1","polygon-height","operation_sync_ms","ms","0","0"
"instrument","3000","1","polygon-height","operation_to_two_raf_ms","ms","0","23.800000190734863"
"instrument","3000","1","polygon-height","raf_interval_ms","ms","0","16.69999999999709"
"instrument","3000","1","polygon-height","svg_mutation_observed","boolean","0","1"
"instrument","3000","1","polygon-height","svg_last_delivery_from_start_ms","ms","0","12.600000143051147"
"instrument","3000","1","polygon-height","post_sync_svg_delivery_ms","ms","0","12.600000143051147"
"instrument","3000","1","polygon-height","svg_attribute_writes","count","0","0"
"instrument","3000","1","polygon-height","svg_map_geometry_writes","count","0","0"
"instrument","3000","1","polygon-height","svg_symbol_scale_writes","count","0","0"
"instrument","3000","1","polygon-height","svg_viewbox_writes","count","0","0"
"instrument","3000","1","polygon-height","root_iterator_creations","count","0","0"
"instrument","3000","1","polygon-height","root_iterator_next_calls","count","0","0"
"instrument","3000","1","polygon-height","runtime_points_getter_reads","count","0","1808"
"instrument","3000","1","polygon-height","runtime_contour_getter_reads","count","0","4"
"instrument","3000","1","polygon-height","runtime_baseZ_getter_reads","count","0","12"
"instrument","3000","1","polygon-height","runtime_height_getter_reads","count","0","12"
"instrument","3000","1","polygon-height","renderer_scene_reads","count","0","0"
"instrument","3000","1","polygon-height","renderer_entries_exposed","count","0","0"
"instrument","3000","1","polygon-height","renderer_composition_changes","count","0","0"
"instrument","3000","1","polygon-height","renderer_changed_entries","count","0","0"
"instrument","3000","1","polygon-height","renderer_callbacks","count","0","1"
"instrument","3000","1","polygon-height","svg_element_nodes","count","0","16083"
"instrument","3000","1","polygon-height","shadow_element_nodes","count","0","16084"
"instrument","3000","1","polygon-height","shadow_all_nodes","count","0","16087"
"instrument","3000","1","polygon-height","appearances_all_layers","count","0","8034"
"instrument","3000","1","polygon-height","appearances_visible_layers","count","0","2659"
"instrument","3000","1","polygon-height","visible_point_symbols","count","0","1477"
"instrument","3000","1","polygon-height","visible_route_fragments","count","0","604"
"instrument","3000","1","polygon-height","visible_polygon_paths","count","0","277"
"instrument","3000","1","polygon-height","layers","count","0","13"
"instrument","3000","1","polygon-height","visible_layers","count","0","5"
"instrument","3000","1","root-add","operation_sync_ms","ms","0","0.20000004768371582"
"instrument","3000","1","root-add","operation_to_two_raf_ms","ms","0","44.700000047683716"
"instrument","3000","1","root-add","raf_interval_ms","ms","0","33.29999999999927"
"instrument","3000","1","root-add","svg_mutation_observed","boolean","0","1"
"instrument","3000","1","root-add","svg_last_delivery_from_start_ms","ms","0","42.200000047683716"
"instrument","3000","1","root-add","post_sync_svg_delivery_ms","ms","0","42"
"instrument","3000","1","root-add","svg_attribute_writes","count","0","8"
"instrument","3000","1","root-add","svg_map_geometry_writes","count","0","1"
"instrument","3000","1","root-add","svg_symbol_scale_writes","count","0","1"
"instrument","3000","1","root-add","svg_viewbox_writes","count","0","0"
"instrument","3000","1","root-add","root_iterator_creations","count","0","2"
"instrument","3000","1","root-add","root_iterator_next_calls","count","0","6003"
"instrument","3000","1","root-add","runtime_points_getter_reads","count","0","9647"
"instrument","3000","1","root-add","runtime_contour_getter_reads","count","0","3624"
"instrument","3000","1","root-add","runtime_baseZ_getter_reads","count","0","7236"
"instrument","3000","1","root-add","runtime_height_getter_reads","count","0","7236"
"instrument","3000","1","root-add","renderer_scene_reads","count","0","0"
"instrument","3000","1","root-add","renderer_entries_exposed","count","0","0"
"instrument","3000","1","root-add","renderer_composition_changes","count","0","0"
"instrument","3000","1","root-add","renderer_changed_entries","count","0","0"
"instrument","3000","1","root-add","renderer_callbacks","count","0","1"
"instrument","3000","1","root-add","svg_element_nodes","count","0","16087"
"instrument","3000","1","root-add","shadow_element_nodes","count","0","16088"
"instrument","3000","1","root-add","shadow_all_nodes","count","0","16091"
"instrument","3000","1","root-add","appearances_all_layers","count","0","8036"
"instrument","3000","1","root-add","appearances_visible_layers","count","0","2660"
"instrument","3000","1","root-add","visible_point_symbols","count","0","1478"
"instrument","3000","1","root-add","visible_route_fragments","count","0","604"
"instrument","3000","1","root-add","visible_polygon_paths","count","0","277"
"instrument","3000","1","root-add","layers","count","0","13"
"instrument","3000","1","root-add","visible_layers","count","0","5"
"instrument","3000","1","root-remove","operation_sync_ms","ms","0","0.2999999523162842"
"instrument","3000","1","root-remove","operation_to_two_raf_ms","ms","0","55.5"
"instrument","3000","1","root-remove","raf_interval_ms","ms","0","50"
"instrument","3000","1","root-remove","svg_mutation_observed","boolean","0","1"
"instrument","3000","1","root-remove","svg_last_delivery_from_start_ms","ms","0","53.200000047683716"
"instrument","3000","1","root-remove","post_sync_svg_delivery_ms","ms","0","52.90000009536743"
"instrument","3000","1","root-remove","svg_attribute_writes","count","0","0"
"instrument","3000","1","root-remove","svg_map_geometry_writes","count","0","0"
"instrument","3000","1","root-remove","svg_symbol_scale_writes","count","0","0"
"instrument","3000","1","root-remove","svg_viewbox_writes","count","0","0"
"instrument","3000","1","root-remove","root_iterator_creations","count","0","2"
"instrument","3000","1","root-remove","root_iterator_next_calls","count","0","6000"
"instrument","3000","1","root-remove","runtime_points_getter_reads","count","0","9647"
"instrument","3000","1","root-remove","runtime_contour_getter_reads","count","0","3624"
"instrument","3000","1","root-remove","runtime_baseZ_getter_reads","count","0","7236"
"instrument","3000","1","root-remove","runtime_height_getter_reads","count","0","7236"
"instrument","3000","1","root-remove","renderer_scene_reads","count","0","0"
"instrument","3000","1","root-remove","renderer_entries_exposed","count","0","0"
"instrument","3000","1","root-remove","renderer_composition_changes","count","0","0"
"instrument","3000","1","root-remove","renderer_changed_entries","count","0","0"
"instrument","3000","1","root-remove","renderer_callbacks","count","0","1"
"instrument","3000","1","root-remove","svg_element_nodes","count","0","16083"
"instrument","3000","1","root-remove","shadow_element_nodes","count","0","16084"
"instrument","3000","1","root-remove","shadow_all_nodes","count","0","16087"
"instrument","3000","1","root-remove","appearances_all_layers","count","0","8034"
"instrument","3000","1","root-remove","appearances_visible_layers","count","0","2658"
"instrument","3000","1","root-remove","visible_point_symbols","count","0","1476"
"instrument","3000","1","root-remove","visible_route_fragments","count","0","604"
"instrument","3000","1","root-remove","visible_polygon_paths","count","0","277"
"instrument","3000","1","root-remove","layers","count","0","13"
"instrument","3000","1","root-remove","visible_layers","count","0","5"
"instrument","3000","1","layer-direct-add","operation_sync_ms","ms","0","0"
"instrument","3000","1","layer-direct-add","operation_to_two_raf_ms","ms","0","45.700000047683716"
"instrument","3000","1","layer-direct-add","raf_interval_ms","ms","0","33.30000000000291"
"instrument","3000","1","layer-direct-add","svg_mutation_observed","boolean","0","1"
"instrument","3000","1","layer-direct-add","svg_last_delivery_from_start_ms","ms","0","43.40000009536743"
"instrument","3000","1","layer-direct-add","post_sync_svg_delivery_ms","ms","0","43.40000009536743"
"instrument","3000","1","layer-direct-add","svg_attribute_writes","count","0","34"
"instrument","3000","1","layer-direct-add","svg_map_geometry_writes","count","0","4"
"instrument","3000","1","layer-direct-add","svg_symbol_scale_writes","count","0","3"
"instrument","3000","1","layer-direct-add","svg_viewbox_writes","count","0","0"
"instrument","3000","1","layer-direct-add","root_iterator_creations","count","0","1"
"instrument","3000","1","layer-direct-add","root_iterator_next_calls","count","0","3001"
"instrument","3000","1","layer-direct-add","runtime_points_getter_reads","count","0","9648"
"instrument","3000","1","layer-direct-add","runtime_contour_getter_reads","count","0","3624"
"instrument","3000","1","layer-direct-add","runtime_baseZ_getter_reads","count","0","7236"
"instrument","3000","1","layer-direct-add","runtime_height_getter_reads","count","0","7236"
"instrument","3000","1","layer-direct-add","renderer_scene_reads","count","0","0"
"instrument","3000","1","layer-direct-add","renderer_entries_exposed","count","0","0"
"instrument","3000","1","layer-direct-add","renderer_composition_changes","count","0","0"
"instrument","3000","1","layer-direct-add","renderer_changed_entries","count","0","0"
"instrument","3000","1","layer-direct-add","renderer_callbacks","count","0","1"
"instrument","3000","1","layer-direct-add","svg_element_nodes","count","0","16091"
"instrument","3000","1","layer-direct-add","shadow_element_nodes","count","0","16092"
"instrument","3000","1","layer-direct-add","shadow_all_nodes","count","0","16095"
"instrument","3000","1","layer-direct-add","appearances_all_layers","count","0","8038"
"instrument","3000","1","layer-direct-add","appearances_visible_layers","count","0","2662"
"instrument","3000","1","layer-direct-add","visible_point_symbols","count","0","1480"
"instrument","3000","1","layer-direct-add","visible_route_fragments","count","0","604"
"instrument","3000","1","layer-direct-add","visible_polygon_paths","count","0","277"
"instrument","3000","1","layer-direct-add","layers","count","0","13"
"instrument","3000","1","layer-direct-add","visible_layers","count","0","5"
"instrument","3000","1","layer-direct-remove","operation_sync_ms","ms","0","0"
"instrument","3000","1","layer-direct-remove","operation_to_two_raf_ms","ms","0","44.30000019073486"
"instrument","3000","1","layer-direct-remove","raf_interval_ms","ms","0","33.30000000000291"
"instrument","3000","1","layer-direct-remove","svg_mutation_observed","boolean","0","1"
"instrument","3000","1","layer-direct-remove","svg_last_delivery_from_start_ms","ms","0","41.700000047683716"
"instrument","3000","1","layer-direct-remove","post_sync_svg_delivery_ms","ms","0","41.700000047683716"
"instrument","3000","1","layer-direct-remove","svg_attribute_writes","count","0","10"
"instrument","3000","1","layer-direct-remove","svg_map_geometry_writes","count","0","1"
"instrument","3000","1","layer-direct-remove","svg_symbol_scale_writes","count","0","0"
"instrument","3000","1","layer-direct-remove","svg_viewbox_writes","count","0","0"
"instrument","3000","1","layer-direct-remove","root_iterator_creations","count","0","1"
"instrument","3000","1","layer-direct-remove","root_iterator_next_calls","count","0","3001"
"instrument","3000","1","layer-direct-remove","runtime_points_getter_reads","count","0","9647"
"instrument","3000","1","layer-direct-remove","runtime_contour_getter_reads","count","0","3624"
"instrument","3000","1","layer-direct-remove","runtime_baseZ_getter_reads","count","0","7236"
"instrument","3000","1","layer-direct-remove","runtime_height_getter_reads","count","0","7236"
"instrument","3000","1","layer-direct-remove","renderer_scene_reads","count","0","0"
"instrument","3000","1","layer-direct-remove","renderer_entries_exposed","count","0","0"
"instrument","3000","1","layer-direct-remove","renderer_composition_changes","count","0","0"
"instrument","3000","1","layer-direct-remove","renderer_changed_entries","count","0","0"
"instrument","3000","1","layer-direct-remove","renderer_callbacks","count","0","1"
"instrument","3000","1","layer-direct-remove","svg_element_nodes","count","0","16081"
"instrument","3000","1","layer-direct-remove","shadow_element_nodes","count","0","16082"
"instrument","3000","1","layer-direct-remove","shadow_all_nodes","count","0","16085"
"instrument","3000","1","layer-direct-remove","appearances_all_layers","count","0","8033"
"instrument","3000","1","layer-direct-remove","appearances_visible_layers","count","0","2657"
"instrument","3000","1","layer-direct-remove","visible_point_symbols","count","0","1475"
"instrument","3000","1","layer-direct-remove","visible_route_fragments","count","0","604"
"instrument","3000","1","layer-direct-remove","visible_polygon_paths","count","0","277"
"instrument","3000","1","layer-direct-remove","layers","count","0","13"
"instrument","3000","1","layer-direct-remove","visible_layers","count","0","5"
"instrument","3000","1","load","load_call_sync_ms","ms","0","64.30000019073486"
"instrument","3000","1","load","load_promise_ms","ms","0","82.10000014305115"
"instrument","3000","1","load","operation_to_two_raf_ms","ms","0","136.40000009536743"
"instrument","3000","1","load","raf_interval_ms","ms","0","50"
"instrument","3000","1","load","svg_mutation_observed","boolean","0","1"
"instrument","3000","1","load","svg_last_delivery_from_start_ms","ms","0","112.90000009536743"
"instrument","3000","1","load","post_sync_svg_delivery_ms","ms","0","48.59999990463257"
"instrument","3000","1","load","svg_attribute_writes","count","0","73834"
"instrument","3000","1","load","svg_map_geometry_writes","count","0","11044"
"instrument","3000","1","load","svg_symbol_scale_writes","count","0","4318"
"instrument","3000","1","load","svg_viewbox_writes","count","0","1"
"instrument","3000","1","load","root_iterator_creations","count","0","2"
"instrument","3000","1","load","root_iterator_next_calls","count","0","6002"
"instrument","3000","1","load","runtime_points_getter_reads","count","0","9648"
"instrument","3000","1","load","runtime_contour_getter_reads","count","0","7248"
"instrument","3000","1","load","runtime_baseZ_getter_reads","count","0","7236"
"instrument","3000","1","load","runtime_height_getter_reads","count","0","7236"
"instrument","3000","1","load","renderer_scene_reads","count","0","2"
"instrument","3000","1","load","renderer_entries_exposed","count","0","16070"
"instrument","3000","1","load","renderer_composition_changes","count","0","0"
"instrument","3000","1","load","renderer_changed_entries","count","0","8035"
"instrument","3000","1","load","renderer_callbacks","count","0","1"
"instrument","3000","1","load","svg_element_nodes","count","0","16085"
"instrument","3000","1","load","shadow_element_nodes","count","0","16086"
"instrument","3000","1","load","shadow_all_nodes","count","0","16089"
"instrument","3000","1","load","appearances_all_layers","count","0","8035"
"instrument","3000","1","load","appearances_visible_layers","count","0","8035"
"instrument","3000","1","load","visible_point_symbols","count","0","4318"
"instrument","3000","1","load","visible_route_fragments","count","0","1808"
"instrument","3000","1","load","visible_polygon_paths","count","0","906"
"instrument","3000","1","load","layers","count","0","13"
"instrument","3000","1","load","visible_layers","count","0","13"
"instrument","3000","1","pan","raf_interval_ms","ms","0","16.69999999999709"
"instrument","3000","1","pan","camera_api_sync_ms","ms","0","0"
"instrument","3000","1","pan","svg_last_delivery_from_start_ms","ms","0","15.799999952316284"
"instrument","3000","1","pan","post_sync_svg_delivery_ms","ms","0","15.799999952316284"
"instrument","3000","1","pan","raf_interval_ms","ms","1","16.600000000002183"
"instrument","3000","1","pan","camera_api_sync_ms","ms","1","0"
"instrument","3000","1","pan","svg_last_delivery_from_start_ms","ms","1","17.600000143051147"
"instrument","3000","1","pan","post_sync_svg_delivery_ms","ms","1","17.600000143051147"
"instrument","3000","1","pan","raf_interval_ms","ms","2","16.599999999998545"
"instrument","3000","1","pan","camera_api_sync_ms","ms","2","0"
"instrument","3000","1","pan","svg_last_delivery_from_start_ms","ms","2","16.59999990463257"
"instrument","3000","1","pan","post_sync_svg_delivery_ms","ms","2","16.59999990463257"
"instrument","3000","1","pan","raf_interval_ms","ms","3","16.799999999999272"
"instrument","3000","1","pan","camera_api_sync_ms","ms","3","0"
"instrument","3000","1","pan","svg_last_delivery_from_start_ms","ms","3","16.100000143051147"
"instrument","3000","1","pan","post_sync_svg_delivery_ms","ms","3","16.100000143051147"
"instrument","3000","1","pan","raf_interval_ms","ms","4","16.600000000002183"
"instrument","3000","1","pan","camera_api_sync_ms","ms","4","0"
"instrument","3000","1","pan","svg_last_delivery_from_start_ms","ms","4","16.699999809265137"
"instrument","3000","1","pan","post_sync_svg_delivery_ms","ms","4","16.699999809265137"
"instrument","3000","1","pan","raf_interval_ms","ms","5","16.599999999998545"
"instrument","3000","1","pan","camera_api_sync_ms","ms","5","0"
"instrument","3000","1","pan","svg_last_delivery_from_start_ms","ms","5","16.800000190734863"
"instrument","3000","1","pan","post_sync_svg_delivery_ms","ms","5","16.800000190734863"
"instrument","3000","1","pan","raf_interval_ms","ms","6","16.700000000000728"
"instrument","3000","1","pan","camera_api_sync_ms","ms","6","0"
"instrument","3000","1","pan","svg_last_delivery_from_start_ms","ms","6","16.59999990463257"
"instrument","3000","1","pan","post_sync_svg_delivery_ms","ms","6","16.59999990463257"
"instrument","3000","1","pan","raf_interval_ms","ms","7","16.700000000000728"
"instrument","3000","1","pan","camera_api_sync_ms","ms","7","0.09999990463256836"
"instrument","3000","1","pan","svg_last_delivery_from_start_ms","ms","7","17.299999952316284"
"instrument","3000","1","pan","post_sync_svg_delivery_ms","ms","7","17.200000047683716"
"instrument","3000","1","pan","raf_interval_ms","ms","8","16.700000000000728"
"instrument","3000","1","pan","camera_api_sync_ms","ms","8","0"
"instrument","3000","1","pan","svg_last_delivery_from_start_ms","ms","8","15.600000143051147"
"instrument","3000","1","pan","post_sync_svg_delivery_ms","ms","8","15.600000143051147"
"instrument","3000","1","pan","raf_interval_ms","ms","9","16.69999999999709"
"instrument","3000","1","pan","camera_api_sync_ms","ms","9","0"
"instrument","3000","1","pan","svg_last_delivery_from_start_ms","ms","9","17.699999809265137"
"instrument","3000","1","pan","post_sync_svg_delivery_ms","ms","9","17.699999809265137"
"instrument","3000","1","pan","raf_interval_ms","ms","10","16.600000000002183"
"instrument","3000","1","pan","camera_api_sync_ms","ms","10","0"
"instrument","3000","1","pan","svg_last_delivery_from_start_ms","ms","10","16.600000143051147"
"instrument","3000","1","pan","post_sync_svg_delivery_ms","ms","10","16.600000143051147"
"instrument","3000","1","pan","raf_interval_ms","ms","11","16.700000000000728"
"instrument","3000","1","pan","camera_api_sync_ms","ms","11","0.09999990463256836"
"instrument","3000","1","pan","svg_last_delivery_from_start_ms","ms","11","16.09999990463257"
"instrument","3000","1","pan","post_sync_svg_delivery_ms","ms","11","16"
"instrument","3000","1","pan","raf_interval_ms","ms","12","16.599999999998545"
"instrument","3000","1","pan","camera_api_sync_ms","ms","12","0"
"instrument","3000","1","pan","svg_last_delivery_from_start_ms","ms","12","16.700000047683716"
"instrument","3000","1","pan","post_sync_svg_delivery_ms","ms","12","16.700000047683716"
"instrument","3000","1","pan","raf_interval_ms","ms","13","16.700000000000728"
"instrument","3000","1","pan","camera_api_sync_ms","ms","13","0.09999990463256836"
"instrument","3000","1","pan","svg_last_delivery_from_start_ms","ms","13","17.200000047683716"
"instrument","3000","1","pan","post_sync_svg_delivery_ms","ms","13","17.100000143051147"
"instrument","3000","1","pan","raf_interval_ms","ms","14","16.599999999998545"
"instrument","3000","1","pan","camera_api_sync_ms","ms","14","0"
"instrument","3000","1","pan","svg_last_delivery_from_start_ms","ms","14","16"
"instrument","3000","1","pan","post_sync_svg_delivery_ms","ms","14","16"
"instrument","3000","1","pan","raf_interval_ms","ms","15","16.799999999999272"
"instrument","3000","1","pan","camera_api_sync_ms","ms","15","0"
"instrument","3000","1","pan","svg_last_delivery_from_start_ms","ms","15","17.399999856948853"
"instrument","3000","1","pan","post_sync_svg_delivery_ms","ms","15","17.399999856948853"
"instrument","3000","1","pan","raf_interval_ms","ms","16","16.600000000002183"
"instrument","3000","1","pan","camera_api_sync_ms","ms","16","0"
"instrument","3000","1","pan","svg_last_delivery_from_start_ms","ms","16","16.200000047683716"
"instrument","3000","1","pan","post_sync_svg_delivery_ms","ms","16","16.200000047683716"
"instrument","3000","1","pan","raf_interval_ms","ms","17","16.599999999998545"
"instrument","3000","1","pan","camera_api_sync_ms","ms","17","0"
"instrument","3000","1","pan","svg_last_delivery_from_start_ms","ms","17","17.100000143051147"
"instrument","3000","1","pan","post_sync_svg_delivery_ms","ms","17","17.100000143051147"
"instrument","3000","1","pan","raf_interval_ms","ms","18","16.700000000000728"
"instrument","3000","1","pan","camera_api_sync_ms","ms","18","0"
"instrument","3000","1","pan","svg_last_delivery_from_start_ms","ms","18","15.899999856948853"
"instrument","3000","1","pan","post_sync_svg_delivery_ms","ms","18","15.899999856948853"
"instrument","3000","1","pan","raf_interval_ms","ms","19","16.700000000000728"
"instrument","3000","1","pan","camera_api_sync_ms","ms","19","0"
"instrument","3000","1","pan","svg_last_delivery_from_start_ms","ms","19","17.5"
"instrument","3000","1","pan","post_sync_svg_delivery_ms","ms","19","17.5"
"instrument","3000","1","pan","raf_interval_ms","ms","20","16.700000000000728"
"instrument","3000","1","pan","camera_api_sync_ms","ms","20","0"
"instrument","3000","1","pan","svg_last_delivery_from_start_ms","ms","20","16.100000143051147"
"instrument","3000","1","pan","post_sync_svg_delivery_ms","ms","20","16.100000143051147"
"instrument","3000","1","pan","raf_interval_ms","ms","21","16.599999999998545"
"instrument","3000","1","pan","camera_api_sync_ms","ms","21","0"
"instrument","3000","1","pan","svg_last_delivery_from_start_ms","ms","21","17.09999990463257"
"instrument","3000","1","pan","post_sync_svg_delivery_ms","ms","21","17.09999990463257"
"instrument","3000","1","pan","raf_interval_ms","ms","22","16.700000000000728"
"instrument","3000","1","pan","camera_api_sync_ms","ms","22","0"
"instrument","3000","1","pan","svg_last_delivery_from_start_ms","ms","22","16.5"
"instrument","3000","1","pan","post_sync_svg_delivery_ms","ms","22","16.5"
"instrument","3000","1","pan","raf_interval_ms","ms","23","16.599999999998545"
"instrument","3000","1","pan","camera_api_sync_ms","ms","23","0"
"instrument","3000","1","pan","svg_last_delivery_from_start_ms","ms","23","16.700000047683716"
"instrument","3000","1","pan","post_sync_svg_delivery_ms","ms","23","16.700000047683716"
"instrument","3000","1","pan","svg_attribute_writes","count","0","24"
"instrument","3000","1","pan","svg_map_geometry_writes","count","0","0"
"instrument","3000","1","pan","svg_symbol_scale_writes","count","0","0"
"instrument","3000","1","pan","svg_viewbox_writes","count","0","24"
"instrument","3000","1","pan","root_iterator_creations","count","0","0"
"instrument","3000","1","pan","root_iterator_next_calls","count","0","0"
"instrument","3000","1","pan","runtime_points_getter_reads","count","0","0"
"instrument","3000","1","pan","runtime_contour_getter_reads","count","0","0"
"instrument","3000","1","pan","runtime_baseZ_getter_reads","count","0","0"
"instrument","3000","1","pan","runtime_height_getter_reads","count","0","0"
"instrument","3000","1","pan","renderer_scene_reads","count","0","0"
"instrument","3000","1","pan","renderer_entries_exposed","count","0","0"
"instrument","3000","1","pan","renderer_composition_changes","count","0","0"
"instrument","3000","1","pan","renderer_changed_entries","count","0","0"
"instrument","3000","1","pan","renderer_callbacks","count","0","24"
"instrument","3000","1","pan","svg_element_nodes","count","0","16085"
"instrument","3000","1","pan","shadow_element_nodes","count","0","16086"
"instrument","3000","1","pan","shadow_all_nodes","count","0","16089"
"instrument","3000","1","pan","appearances_all_layers","count","0","8035"
"instrument","3000","1","pan","appearances_visible_layers","count","0","2659"
"instrument","3000","1","pan","visible_point_symbols","count","0","1477"
"instrument","3000","1","pan","visible_route_fragments","count","0","604"
"instrument","3000","1","pan","visible_polygon_paths","count","0","277"
"instrument","3000","1","pan","layers","count","0","13"
"instrument","3000","1","pan","visible_layers","count","0","5"
"instrument","3000","1","zoom","raf_interval_ms","ms","0","16.700000000000728"
"instrument","3000","1","zoom","camera_api_sync_ms","ms","0","0"
"instrument","3000","1","zoom","svg_last_delivery_from_start_ms","ms","0","20.200000047683716"
"instrument","3000","1","zoom","post_sync_svg_delivery_ms","ms","0","20.200000047683716"
"instrument","3000","1","zoom","raf_interval_ms","ms","1","16.599999999998545"
"instrument","3000","1","zoom","camera_api_sync_ms","ms","1","0"
"instrument","3000","1","zoom","svg_last_delivery_from_start_ms","ms","1","15.799999952316284"
"instrument","3000","1","zoom","post_sync_svg_delivery_ms","ms","1","15.799999952316284"
"instrument","3000","1","zoom","raf_interval_ms","ms","2","16.700000000000728"
"instrument","3000","1","zoom","camera_api_sync_ms","ms","2","0"
"instrument","3000","1","zoom","svg_last_delivery_from_start_ms","ms","2","16.600000143051147"
"instrument","3000","1","zoom","post_sync_svg_delivery_ms","ms","2","16.600000143051147"
"instrument","3000","1","zoom","raf_interval_ms","ms","3","16.700000000000728"
"instrument","3000","1","zoom","camera_api_sync_ms","ms","3","0"
"instrument","3000","1","zoom","svg_last_delivery_from_start_ms","ms","3","16.700000047683716"
"instrument","3000","1","zoom","post_sync_svg_delivery_ms","ms","3","16.700000047683716"
"instrument","3000","1","zoom","raf_interval_ms","ms","4","16.700000000000728"
"instrument","3000","1","zoom","camera_api_sync_ms","ms","4","0"
"instrument","3000","1","zoom","svg_last_delivery_from_start_ms","ms","4","16.59999990463257"
"instrument","3000","1","zoom","post_sync_svg_delivery_ms","ms","4","16.59999990463257"
"instrument","3000","1","zoom","raf_interval_ms","ms","5","16.700000000000728"
"instrument","3000","1","zoom","camera_api_sync_ms","ms","5","0"
"instrument","3000","1","zoom","svg_last_delivery_from_start_ms","ms","5","15.799999952316284"
"instrument","3000","1","zoom","post_sync_svg_delivery_ms","ms","5","15.799999952316284"
"instrument","3000","1","zoom","raf_interval_ms","ms","6","16.599999999998545"
"instrument","3000","1","zoom","camera_api_sync_ms","ms","6","0"
"instrument","3000","1","zoom","svg_last_delivery_from_start_ms","ms","6","18.200000047683716"
"instrument","3000","1","zoom","post_sync_svg_delivery_ms","ms","6","18.200000047683716"
"instrument","3000","1","zoom","raf_interval_ms","ms","7","16.700000000000728"
"instrument","3000","1","zoom","camera_api_sync_ms","ms","7","0"
"instrument","3000","1","zoom","svg_last_delivery_from_start_ms","ms","7","27.40000009536743"
"instrument","3000","1","zoom","post_sync_svg_delivery_ms","ms","7","27.40000009536743"
"instrument","3000","1","zoom","raf_interval_ms","ms","8","16.700000000000728"
"instrument","3000","1","zoom","camera_api_sync_ms","ms","8","0"
"instrument","3000","1","zoom","svg_last_delivery_from_start_ms","ms","8","24"
"instrument","3000","1","zoom","post_sync_svg_delivery_ms","ms","8","24"
"instrument","3000","1","zoom","raf_interval_ms","ms","9","33.29999999999927"
"instrument","3000","1","zoom","camera_api_sync_ms","ms","9","0"
"instrument","3000","1","zoom","svg_last_delivery_from_start_ms","ms","9","126.90000009536743"
"instrument","3000","1","zoom","post_sync_svg_delivery_ms","ms","9","126.90000009536743"
"instrument","3000","1","zoom","raf_interval_ms","ms","10","16.599999999998545"
"instrument","3000","1","zoom","camera_api_sync_ms","ms","10","0.09999990463256836"
"instrument","3000","1","zoom","svg_last_delivery_from_start_ms","ms","10","36.5"
"instrument","3000","1","zoom","post_sync_svg_delivery_ms","ms","10","36.40000009536743"
"instrument","3000","1","zoom","raf_interval_ms","ms","11","133.40000000000146"
"instrument","3000","1","zoom","camera_api_sync_ms","ms","11","0"
"instrument","3000","1","zoom","svg_last_delivery_from_start_ms","ms","11","29.200000047683716"
"instrument","3000","1","zoom","post_sync_svg_delivery_ms","ms","11","29.200000047683716"
"instrument","3000","1","zoom","raf_interval_ms","ms","12","33.29999999999927"
"instrument","3000","1","zoom","camera_api_sync_ms","ms","12","0.09999990463256836"
"instrument","3000","1","zoom","svg_last_delivery_from_start_ms","ms","12","20.399999856948853"
"instrument","3000","1","zoom","post_sync_svg_delivery_ms","ms","12","20.299999952316284"
"instrument","3000","1","zoom","raf_interval_ms","ms","13","16.700000000000728"
"instrument","3000","1","zoom","camera_api_sync_ms","ms","13","0.10000014305114746"
"instrument","3000","1","zoom","svg_last_delivery_from_start_ms","ms","13","38"
"instrument","3000","1","zoom","post_sync_svg_delivery_ms","ms","13","37.89999985694885"
"instrument","3000","1","zoom","raf_interval_ms","ms","14","49.89999999999782"
"instrument","3000","1","zoom","camera_api_sync_ms","ms","14","0"
"instrument","3000","1","zoom","svg_last_delivery_from_start_ms","ms","14","31.40000009536743"
"instrument","3000","1","zoom","post_sync_svg_delivery_ms","ms","14","31.40000009536743"
"instrument","3000","1","zoom","raf_interval_ms","ms","15","33.400000000001455"
"instrument","3000","1","zoom","camera_api_sync_ms","ms","15","0"
"instrument","3000","1","zoom","svg_last_delivery_from_start_ms","ms","15","18.90000009536743"
"instrument","3000","1","zoom","post_sync_svg_delivery_ms","ms","15","18.90000009536743"
"instrument","3000","1","zoom","raf_interval_ms","ms","16","16.700000000000728"
"instrument","3000","1","zoom","camera_api_sync_ms","ms","16","0.09999990463256836"
"instrument","3000","1","zoom","svg_last_delivery_from_start_ms","ms","16","13.399999856948853"
"instrument","3000","1","zoom","post_sync_svg_delivery_ms","ms","16","13.299999952316284"
"instrument","3000","1","zoom","raf_interval_ms","ms","17","16.599999999998545"
"instrument","3000","1","zoom","camera_api_sync_ms","ms","17","0.10000014305114746"
"instrument","3000","1","zoom","svg_last_delivery_from_start_ms","ms","17","18.100000143051147"
"instrument","3000","1","zoom","post_sync_svg_delivery_ms","ms","17","18"
"instrument","3000","1","zoom","raf_interval_ms","ms","18","16.700000000000728"
"instrument","3000","1","zoom","camera_api_sync_ms","ms","18","0"
"instrument","3000","1","zoom","svg_last_delivery_from_start_ms","ms","18","17.700000047683716"
"instrument","3000","1","zoom","post_sync_svg_delivery_ms","ms","18","17.700000047683716"
"instrument","3000","1","zoom","raf_interval_ms","ms","19","16.700000000000728"
"instrument","3000","1","zoom","camera_api_sync_ms","ms","19","0"
"instrument","3000","1","zoom","svg_last_delivery_from_start_ms","ms","19","13.599999904632568"
"instrument","3000","1","zoom","post_sync_svg_delivery_ms","ms","19","13.599999904632568"
"instrument","3000","1","zoom","raf_interval_ms","ms","20","16.599999999998545"
"instrument","3000","1","zoom","camera_api_sync_ms","ms","20","0.10000014305114746"
"instrument","3000","1","zoom","svg_last_delivery_from_start_ms","ms","20","16.800000190734863"
"instrument","3000","1","zoom","post_sync_svg_delivery_ms","ms","20","16.700000047683716"
"instrument","3000","1","zoom","raf_interval_ms","ms","21","16.700000000000728"
"instrument","3000","1","zoom","camera_api_sync_ms","ms","21","0"
"instrument","3000","1","zoom","svg_last_delivery_from_start_ms","ms","21","16.59999990463257"
"instrument","3000","1","zoom","post_sync_svg_delivery_ms","ms","21","16.59999990463257"
"instrument","3000","1","zoom","raf_interval_ms","ms","22","16.700000000000728"
"instrument","3000","1","zoom","camera_api_sync_ms","ms","22","0"
"instrument","3000","1","zoom","svg_last_delivery_from_start_ms","ms","22","16.700000047683716"
"instrument","3000","1","zoom","post_sync_svg_delivery_ms","ms","22","16.700000047683716"
"instrument","3000","1","zoom","raf_interval_ms","ms","23","16.599999999998545"
"instrument","3000","1","zoom","camera_api_sync_ms","ms","23","0"
"instrument","3000","1","zoom","svg_last_delivery_from_start_ms","ms","23","16.799999952316284"
"instrument","3000","1","zoom","post_sync_svg_delivery_ms","ms","23","16.799999952316284"
"instrument","3000","1","zoom","svg_attribute_writes","count","0","103656"
"instrument","3000","1","zoom","svg_map_geometry_writes","count","0","0"
"instrument","3000","1","zoom","svg_symbol_scale_writes","count","0","103632"
"instrument","3000","1","zoom","svg_viewbox_writes","count","0","24"
"instrument","3000","1","zoom","root_iterator_creations","count","0","0"
"instrument","3000","1","zoom","root_iterator_next_calls","count","0","0"
"instrument","3000","1","zoom","runtime_points_getter_reads","count","0","0"
"instrument","3000","1","zoom","runtime_contour_getter_reads","count","0","0"
"instrument","3000","1","zoom","runtime_baseZ_getter_reads","count","0","0"
"instrument","3000","1","zoom","runtime_height_getter_reads","count","0","0"
"instrument","3000","1","zoom","renderer_scene_reads","count","0","0"
"instrument","3000","1","zoom","renderer_entries_exposed","count","0","0"
"instrument","3000","1","zoom","renderer_composition_changes","count","0","0"
"instrument","3000","1","zoom","renderer_changed_entries","count","0","0"
"instrument","3000","1","zoom","renderer_callbacks","count","0","24"
"instrument","3000","1","zoom","svg_element_nodes","count","0","16085"
"instrument","3000","1","zoom","shadow_element_nodes","count","0","16086"
"instrument","3000","1","zoom","shadow_all_nodes","count","0","16089"
"instrument","3000","1","zoom","appearances_all_layers","count","0","8035"
"instrument","3000","1","zoom","appearances_visible_layers","count","0","2659"
"instrument","3000","1","zoom","visible_point_symbols","count","0","1477"
"instrument","3000","1","zoom","visible_route_fragments","count","0","604"
"instrument","3000","1","zoom","visible_polygon_paths","count","0","277"
"instrument","3000","1","zoom","layers","count","0","13"
"instrument","3000","1","zoom","visible_layers","count","0","5"
"instrument","3000","1","pick-hit","spatial_pick_sync_ms","ms","0","0.5"
"instrument","3000","1","pick-hit","spatial_pick_sync_ms","ms","1","0.09999990463256836"
"instrument","3000","1","pick-hit","spatial_pick_sync_ms","ms","2","0.10000014305114746"
"instrument","3000","1","pick-hit","spatial_pick_sync_ms","ms","3","0.09999990463256836"
"instrument","3000","1","pick-hit","spatial_pick_sync_ms","ms","4","0.20000004768371582"
"instrument","3000","1","pick-hit","spatial_pick_sync_ms","ms","5","0.20000004768371582"
"instrument","3000","1","pick-hit","spatial_pick_sync_ms","ms","6","0"
"instrument","3000","1","pick-hit","spatial_pick_sync_ms","ms","7","0.20000004768371582"
"instrument","3000","1","pick-hit","spatial_pick_sync_ms","ms","8","0.09999990463256836"
"instrument","3000","1","pick-hit","spatial_pick_sync_ms","ms","9","0.20000004768371582"
"instrument","3000","1","pick-hit","spatial_pick_sync_ms","ms","10","0"
"instrument","3000","1","pick-hit","spatial_pick_sync_ms","ms","11","0.20000004768371582"
"instrument","3000","1","pick-hit","spatial_pick_sync_ms","ms","12","0.09999990463256836"
"instrument","3000","1","pick-hit","spatial_pick_sync_ms","ms","13","0.09999990463256836"
"instrument","3000","1","pick-hit","spatial_pick_sync_ms","ms","14","0.10000014305114746"
"instrument","3000","1","pick-hit","spatial_pick_sync_ms","ms","15","0.20000004768371582"
"instrument","3000","1","pick-hit","spatial_pick_sync_ms","ms","16","0.09999990463256836"
"instrument","3000","1","pick-hit","spatial_pick_sync_ms","ms","17","0.09999990463256836"
"instrument","3000","1","pick-hit","spatial_pick_sync_ms","ms","18","0.20000004768371582"
"instrument","3000","1","pick-hit","spatial_pick_sync_ms","ms","19","0"
"instrument","3000","1","pick-hit","spatial_pick_sync_ms","ms","20","0.20000004768371582"
"instrument","3000","1","pick-hit","spatial_pick_sync_ms","ms","21","0.09999990463256836"
"instrument","3000","1","pick-hit","spatial_pick_sync_ms","ms","22","0.10000014305114746"
"instrument","3000","1","pick-hit","spatial_pick_sync_ms","ms","23","0.20000004768371582"
"instrument","3000","1","pick-hit","spatial_pick_sync_ms","ms","24","0.09999990463256836"
"instrument","3000","1","pick-hit","spatial_pick_sync_ms","ms","25","0.09999990463256836"
"instrument","3000","1","pick-hit","spatial_pick_sync_ms","ms","26","0.20000004768371582"
"instrument","3000","1","pick-hit","spatial_pick_sync_ms","ms","27","0.20000004768371582"
"instrument","3000","1","pick-hit","spatial_pick_sync_ms","ms","28","0.09999990463256836"
"instrument","3000","1","pick-hit","spatial_pick_sync_ms","ms","29","0.10000014305114746"
"instrument","3000","1","pick-hit","spatial_pick_sync_ms","ms","30","0.09999990463256836"
"instrument","3000","1","pick-hit","spatial_pick_sync_ms","ms","31","0.10000014305114746"
"instrument","3000","1","pick-hit","spatial_pick_sync_ms","ms","32","0.19999980926513672"
"instrument","3000","1","pick-hit","spatial_pick_sync_ms","ms","33","0.10000014305114746"
"instrument","3000","1","pick-hit","spatial_pick_sync_ms","ms","34","0.20000004768371582"
"instrument","3000","1","pick-hit","spatial_pick_sync_ms","ms","35","0.09999990463256836"
"instrument","3000","1","pick-hit","spatial_pick_sync_ms","ms","36","0.09999990463256836"
"instrument","3000","1","pick-hit","spatial_pick_sync_ms","ms","37","0.20000004768371582"
"instrument","3000","1","pick-hit","spatial_pick_sync_ms","ms","38","0"
"instrument","3000","1","pick-hit","spatial_pick_sync_ms","ms","39","0.20000004768371582"
"instrument","3000","1","pick-hit","svg_attribute_writes","count","0","0"
"instrument","3000","1","pick-hit","svg_map_geometry_writes","count","0","0"
"instrument","3000","1","pick-hit","svg_symbol_scale_writes","count","0","0"
"instrument","3000","1","pick-hit","svg_viewbox_writes","count","0","0"
"instrument","3000","1","pick-hit","root_iterator_creations","count","0","0"
"instrument","3000","1","pick-hit","root_iterator_next_calls","count","0","0"
"instrument","3000","1","pick-hit","runtime_points_getter_reads","count","0","0"
"instrument","3000","1","pick-hit","runtime_contour_getter_reads","count","0","0"
"instrument","3000","1","pick-hit","runtime_baseZ_getter_reads","count","0","0"
"instrument","3000","1","pick-hit","runtime_height_getter_reads","count","0","0"
"instrument","3000","1","pick-hit","renderer_scene_reads","count","0","0"
"instrument","3000","1","pick-hit","renderer_entries_exposed","count","0","0"
"instrument","3000","1","pick-hit","renderer_composition_changes","count","0","0"
"instrument","3000","1","pick-hit","renderer_changed_entries","count","0","0"
"instrument","3000","1","pick-hit","renderer_callbacks","count","0","0"
"instrument","3000","1","pick-hit","svg_element_nodes","count","0","16085"
"instrument","3000","1","pick-hit","shadow_element_nodes","count","0","16086"
"instrument","3000","1","pick-hit","shadow_all_nodes","count","0","16089"
"instrument","3000","1","pick-hit","appearances_all_layers","count","0","8035"
"instrument","3000","1","pick-hit","appearances_visible_layers","count","0","2659"
"instrument","3000","1","pick-hit","visible_point_symbols","count","0","1477"
"instrument","3000","1","pick-hit","visible_route_fragments","count","0","604"
"instrument","3000","1","pick-hit","visible_polygon_paths","count","0","277"
"instrument","3000","1","pick-hit","layers","count","0","13"
"instrument","3000","1","pick-hit","visible_layers","count","0","5"
"instrument","3000","2","floor-switch","operation_sync_ms","ms","0","0"
"instrument","3000","2","floor-switch","operation_to_two_raf_ms","ms","0","26.90000009536743"
"instrument","3000","2","floor-switch","raf_interval_ms","ms","0","16.599999999998545"
"instrument","3000","2","floor-switch","svg_mutation_observed","boolean","0","1"
"instrument","3000","2","floor-switch","svg_last_delivery_from_start_ms","ms","0","10.900000095367432"
"instrument","3000","2","floor-switch","post_sync_svg_delivery_ms","ms","0","10.900000095367432"
"instrument","3000","2","floor-switch","svg_attribute_writes","count","0","1"
"instrument","3000","2","floor-switch","svg_map_geometry_writes","count","0","0"
"instrument","3000","2","floor-switch","svg_symbol_scale_writes","count","0","0"
"instrument","3000","2","floor-switch","svg_viewbox_writes","count","0","0"
"instrument","3000","2","floor-switch","root_iterator_creations","count","0","0"
"instrument","3000","2","floor-switch","root_iterator_next_calls","count","0","0"
"instrument","3000","2","floor-switch","runtime_points_getter_reads","count","0","0"
"instrument","3000","2","floor-switch","runtime_contour_getter_reads","count","0","0"
"instrument","3000","2","floor-switch","runtime_baseZ_getter_reads","count","0","0"
"instrument","3000","2","floor-switch","runtime_height_getter_reads","count","0","0"
"instrument","3000","2","floor-switch","renderer_scene_reads","count","0","0"
"instrument","3000","2","floor-switch","renderer_entries_exposed","count","0","0"
"instrument","3000","2","floor-switch","renderer_composition_changes","count","0","0"
"instrument","3000","2","floor-switch","renderer_changed_entries","count","0","0"
"instrument","3000","2","floor-switch","renderer_callbacks","count","0","1"
"instrument","3000","2","floor-switch","svg_element_nodes","count","0","16085"
"instrument","3000","2","floor-switch","shadow_element_nodes","count","0","16086"
"instrument","3000","2","floor-switch","shadow_all_nodes","count","0","16089"
"instrument","3000","2","floor-switch","appearances_all_layers","count","0","8035"
"instrument","3000","2","floor-switch","appearances_visible_layers","count","0","2629"
"instrument","3000","2","floor-switch","visible_point_symbols","count","0","1373"
"instrument","3000","2","floor-switch","visible_route_fragments","count","0","603"
"instrument","3000","2","floor-switch","visible_polygon_paths","count","0","302"
"instrument","3000","2","floor-switch","layers","count","0","13"
"instrument","3000","2","floor-switch","visible_layers","count","0","5"
"instrument","3000","2","vertex-position","operation_sync_ms","ms","0","0.09999990463256836"
"instrument","3000","2","vertex-position","operation_to_two_raf_ms","ms","0","18.299999952316284"
"instrument","3000","2","vertex-position","raf_interval_ms","ms","0","16.599999999998545"
"instrument","3000","2","vertex-position","svg_mutation_observed","boolean","0","1"
"instrument","3000","2","vertex-position","svg_last_delivery_from_start_ms","ms","0","7.5"
"instrument","3000","2","vertex-position","post_sync_svg_delivery_ms","ms","0","7.400000095367432"
"instrument","3000","2","vertex-position","svg_attribute_writes","count","0","4"
"instrument","3000","2","vertex-position","svg_map_geometry_writes","count","0","4"
"instrument","3000","2","vertex-position","svg_symbol_scale_writes","count","0","0"
"instrument","3000","2","vertex-position","svg_viewbox_writes","count","0","0"
"instrument","3000","2","vertex-position","root_iterator_creations","count","0","0"
"instrument","3000","2","vertex-position","root_iterator_next_calls","count","0","0"
"instrument","3000","2","vertex-position","runtime_points_getter_reads","count","0","13"
"instrument","3000","2","vertex-position","runtime_contour_getter_reads","count","0","0"
"instrument","3000","2","vertex-position","runtime_baseZ_getter_reads","count","0","0"
"instrument","3000","2","vertex-position","runtime_height_getter_reads","count","0","0"
"instrument","3000","2","vertex-position","renderer_scene_reads","count","0","0"
"instrument","3000","2","vertex-position","renderer_entries_exposed","count","0","0"
"instrument","3000","2","vertex-position","renderer_composition_changes","count","0","0"
"instrument","3000","2","vertex-position","renderer_changed_entries","count","0","0"
"instrument","3000","2","vertex-position","renderer_callbacks","count","0","1"
"instrument","3000","2","vertex-position","svg_element_nodes","count","0","16085"
"instrument","3000","2","vertex-position","shadow_element_nodes","count","0","16086"
"instrument","3000","2","vertex-position","shadow_all_nodes","count","0","16089"
"instrument","3000","2","vertex-position","appearances_all_layers","count","0","8035"
"instrument","3000","2","vertex-position","appearances_visible_layers","count","0","2659"
"instrument","3000","2","vertex-position","visible_point_symbols","count","0","1477"
"instrument","3000","2","vertex-position","visible_route_fragments","count","0","604"
"instrument","3000","2","vertex-position","visible_polygon_paths","count","0","277"
"instrument","3000","2","vertex-position","layers","count","0","13"
"instrument","3000","2","vertex-position","visible_layers","count","0","5"
"instrument","3000","2","route-add","operation_sync_ms","ms","0","0.10000014305114746"
"instrument","3000","2","route-add","operation_to_two_raf_ms","ms","0","49.799999952316284"
"instrument","3000","2","route-add","raf_interval_ms","ms","0","33.30000000000291"
"instrument","3000","2","route-add","svg_mutation_observed","boolean","0","1"
"instrument","3000","2","route-add","svg_last_delivery_from_start_ms","ms","0","46.90000009536743"
"instrument","3000","2","route-add","post_sync_svg_delivery_ms","ms","0","46.799999952316284"
"instrument","3000","2","route-add","svg_attribute_writes","count","0","38"
"instrument","3000","2","route-add","svg_map_geometry_writes","count","0","4"
"instrument","3000","2","route-add","svg_symbol_scale_writes","count","0","1"
"instrument","3000","2","route-add","svg_viewbox_writes","count","0","0"
"instrument","3000","2","route-add","root_iterator_creations","count","0","1"
"instrument","3000","2","route-add","root_iterator_next_calls","count","0","3001"
"instrument","3000","2","route-add","runtime_points_getter_reads","count","0","9650"
"instrument","3000","2","route-add","runtime_contour_getter_reads","count","0","3624"
"instrument","3000","2","route-add","runtime_baseZ_getter_reads","count","0","7236"
"instrument","3000","2","route-add","runtime_height_getter_reads","count","0","7236"
"instrument","3000","2","route-add","renderer_scene_reads","count","0","0"
"instrument","3000","2","route-add","renderer_entries_exposed","count","0","0"
"instrument","3000","2","route-add","renderer_composition_changes","count","0","0"
"instrument","3000","2","route-add","renderer_changed_entries","count","0","0"
"instrument","3000","2","route-add","renderer_callbacks","count","0","1"
"instrument","3000","2","route-add","svg_element_nodes","count","0","16093"
"instrument","3000","2","route-add","shadow_element_nodes","count","0","16094"
"instrument","3000","2","route-add","shadow_all_nodes","count","0","16097"
"instrument","3000","2","route-add","appearances_all_layers","count","0","8039"
"instrument","3000","2","route-add","appearances_visible_layers","count","0","2661"
"instrument","3000","2","route-add","visible_point_symbols","count","0","1478"
"instrument","3000","2","route-add","visible_route_fragments","count","0","605"
"instrument","3000","2","route-add","visible_polygon_paths","count","0","277"
"instrument","3000","2","route-add","layers","count","0","13"
"instrument","3000","2","route-add","visible_layers","count","0","5"
"instrument","3000","2","route-insert","operation_sync_ms","ms","0","0"
"instrument","3000","2","route-insert","operation_to_two_raf_ms","ms","0","44.10000014305115"
"instrument","3000","2","route-insert","raf_interval_ms","ms","0","33.39999999999782"
"instrument","3000","2","route-insert","svg_mutation_observed","boolean","0","1"
"instrument","3000","2","route-insert","svg_last_delivery_from_start_ms","ms","0","41.40000009536743"
"instrument","3000","2","route-insert","post_sync_svg_delivery_ms","ms","0","41.40000009536743"
"instrument","3000","2","route-insert","svg_attribute_writes","count","0","9"
"instrument","3000","2","route-insert","svg_map_geometry_writes","count","0","2"
"instrument","3000","2","route-insert","svg_symbol_scale_writes","count","0","1"
"instrument","3000","2","route-insert","svg_viewbox_writes","count","0","0"
"instrument","3000","2","route-insert","root_iterator_creations","count","0","1"
"instrument","3000","2","route-insert","root_iterator_next_calls","count","0","3001"
"instrument","3000","2","route-insert","runtime_points_getter_reads","count","0","9647"
"instrument","3000","2","route-insert","runtime_contour_getter_reads","count","0","3624"
"instrument","3000","2","route-insert","runtime_baseZ_getter_reads","count","0","7236"
"instrument","3000","2","route-insert","runtime_height_getter_reads","count","0","7236"
"instrument","3000","2","route-insert","renderer_scene_reads","count","0","0"
"instrument","3000","2","route-insert","renderer_entries_exposed","count","0","0"
"instrument","3000","2","route-insert","renderer_composition_changes","count","0","0"
"instrument","3000","2","route-insert","renderer_changed_entries","count","0","0"
"instrument","3000","2","route-insert","renderer_callbacks","count","0","1"
"instrument","3000","2","route-insert","svg_element_nodes","count","0","16087"
"instrument","3000","2","route-insert","shadow_element_nodes","count","0","16088"
"instrument","3000","2","route-insert","shadow_all_nodes","count","0","16091"
"instrument","3000","2","route-insert","appearances_all_layers","count","0","8036"
"instrument","3000","2","route-insert","appearances_visible_layers","count","0","2660"
"instrument","3000","2","route-insert","visible_point_symbols","count","0","1478"
"instrument","3000","2","route-insert","visible_route_fragments","count","0","604"
"instrument","3000","2","route-insert","visible_polygon_paths","count","0","277"
"instrument","3000","2","route-insert","layers","count","0","13"
"instrument","3000","2","route-insert","visible_layers","count","0","5"
"instrument","3000","2","route-remove","operation_sync_ms","ms","0","0"
"instrument","3000","2","route-remove","operation_to_two_raf_ms","ms","0","50.40000009536743"
"instrument","3000","2","route-remove","raf_interval_ms","ms","0","33.30000000000291"
"instrument","3000","2","route-remove","svg_mutation_observed","boolean","0","1"
"instrument","3000","2","route-remove","svg_last_delivery_from_start_ms","ms","0","48.60000014305115"
"instrument","3000","2","route-remove","post_sync_svg_delivery_ms","ms","0","48.60000014305115"
"instrument","3000","2","route-remove","svg_attribute_writes","count","0","1"
"instrument","3000","2","route-remove","svg_map_geometry_writes","count","0","1"
"instrument","3000","2","route-remove","svg_symbol_scale_writes","count","0","0"
"instrument","3000","2","route-remove","svg_viewbox_writes","count","0","0"
"instrument","3000","2","route-remove","root_iterator_creations","count","0","1"
"instrument","3000","2","route-remove","root_iterator_next_calls","count","0","3001"
"instrument","3000","2","route-remove","runtime_points_getter_reads","count","0","9648"
"instrument","3000","2","route-remove","runtime_contour_getter_reads","count","0","3624"
"instrument","3000","2","route-remove","runtime_baseZ_getter_reads","count","0","7236"
"instrument","3000","2","route-remove","runtime_height_getter_reads","count","0","7236"
"instrument","3000","2","route-remove","renderer_scene_reads","count","0","0"
"instrument","3000","2","route-remove","renderer_entries_exposed","count","0","0"
"instrument","3000","2","route-remove","renderer_composition_changes","count","0","0"
"instrument","3000","2","route-remove","renderer_changed_entries","count","0","0"
"instrument","3000","2","route-remove","renderer_callbacks","count","0","1"
"instrument","3000","2","route-remove","svg_element_nodes","count","0","16083"
"instrument","3000","2","route-remove","shadow_element_nodes","count","0","16084"
"instrument","3000","2","route-remove","shadow_all_nodes","count","0","16087"
"instrument","3000","2","route-remove","appearances_all_layers","count","0","8034"
"instrument","3000","2","route-remove","appearances_visible_layers","count","0","2659"
"instrument","3000","2","route-remove","visible_point_symbols","count","0","1477"
"instrument","3000","2","route-remove","visible_route_fragments","count","0","604"
"instrument","3000","2","route-remove","visible_polygon_paths","count","0","277"
"instrument","3000","2","route-remove","layers","count","0","13"
"instrument","3000","2","route-remove","visible_layers","count","0","5"
"instrument","3000","2","route-replacePoints","operation_sync_ms","ms","0","0"
"instrument","3000","2","route-replacePoints","operation_to_two_raf_ms","ms","0","41.799999952316284"
"instrument","3000","2","route-replacePoints","raf_interval_ms","ms","0","50.099999999998545"
"instrument","3000","2","route-replacePoints","svg_mutation_observed","boolean","0","1"
"instrument","3000","2","route-replacePoints","svg_last_delivery_from_start_ms","ms","0","39.09999990463257"
"instrument","3000","2","route-replacePoints","post_sync_svg_delivery_ms","ms","0","39.09999990463257"
"instrument","3000","2","route-replacePoints","svg_attribute_writes","count","0","11"
"instrument","3000","2","route-replacePoints","svg_map_geometry_writes","count","0","4"
"instrument","3000","2","route-replacePoints","svg_symbol_scale_writes","count","0","1"
"instrument","3000","2","route-replacePoints","svg_viewbox_writes","count","0","0"
"instrument","3000","2","route-replacePoints","root_iterator_creations","count","0","1"
"instrument","3000","2","route-replacePoints","root_iterator_next_calls","count","0","3001"
"instrument","3000","2","route-replacePoints","runtime_points_getter_reads","count","0","9647"
"instrument","3000","2","route-replacePoints","runtime_contour_getter_reads","count","0","3624"
"instrument","3000","2","route-replacePoints","runtime_baseZ_getter_reads","count","0","7236"
"instrument","3000","2","route-replacePoints","runtime_height_getter_reads","count","0","7236"
"instrument","3000","2","route-replacePoints","renderer_scene_reads","count","0","0"
"instrument","3000","2","route-replacePoints","renderer_entries_exposed","count","0","0"
"instrument","3000","2","route-replacePoints","renderer_composition_changes","count","0","0"
"instrument","3000","2","route-replacePoints","renderer_changed_entries","count","0","0"
"instrument","3000","2","route-replacePoints","renderer_callbacks","count","0","1"
"instrument","3000","2","route-replacePoints","svg_element_nodes","count","0","16085"
"instrument","3000","2","route-replacePoints","shadow_element_nodes","count","0","16086"
"instrument","3000","2","route-replacePoints","shadow_all_nodes","count","0","16089"
"instrument","3000","2","route-replacePoints","appearances_all_layers","count","0","8035"
"instrument","3000","2","route-replacePoints","appearances_visible_layers","count","0","2660"
"instrument","3000","2","route-replacePoints","visible_point_symbols","count","0","1478"
"instrument","3000","2","route-replacePoints","visible_route_fragments","count","0","604"
"instrument","3000","2","route-replacePoints","visible_polygon_paths","count","0","277"
"instrument","3000","2","route-replacePoints","layers","count","0","13"
"instrument","3000","2","route-replacePoints","visible_layers","count","0","5"
"instrument","3000","2","polygon-vertex","operation_sync_ms","ms","0","0.09999990463256836"
"instrument","3000","2","polygon-vertex","operation_to_two_raf_ms","ms","0","24.799999952316284"
"instrument","3000","2","polygon-vertex","raf_interval_ms","ms","0","16.69999999999709"
"instrument","3000","2","polygon-vertex","svg_mutation_observed","boolean","0","1"
"instrument","3000","2","polygon-vertex","svg_last_delivery_from_start_ms","ms","0","8.599999904632568"
"instrument","3000","2","polygon-vertex","post_sync_svg_delivery_ms","ms","0","8.5"
"instrument","3000","2","polygon-vertex","svg_attribute_writes","count","0","2"
"instrument","3000","2","polygon-vertex","svg_map_geometry_writes","count","0","2"
"instrument","3000","2","polygon-vertex","svg_symbol_scale_writes","count","0","0"
"instrument","3000","2","polygon-vertex","svg_viewbox_writes","count","0","0"
"instrument","3000","2","polygon-vertex","root_iterator_creations","count","0","0"
"instrument","3000","2","polygon-vertex","root_iterator_next_calls","count","0","0"
"instrument","3000","2","polygon-vertex","runtime_points_getter_reads","count","0","0"
"instrument","3000","2","polygon-vertex","runtime_contour_getter_reads","count","0","16"
"instrument","3000","2","polygon-vertex","runtime_baseZ_getter_reads","count","0","12"
"instrument","3000","2","polygon-vertex","runtime_height_getter_reads","count","0","12"
"instrument","3000","2","polygon-vertex","renderer_scene_reads","count","0","0"
"instrument","3000","2","polygon-vertex","renderer_entries_exposed","count","0","0"
"instrument","3000","2","polygon-vertex","renderer_composition_changes","count","0","0"
"instrument","3000","2","polygon-vertex","renderer_changed_entries","count","0","0"
"instrument","3000","2","polygon-vertex","renderer_callbacks","count","0","1"
"instrument","3000","2","polygon-vertex","svg_element_nodes","count","0","16085"
"instrument","3000","2","polygon-vertex","shadow_element_nodes","count","0","16086"
"instrument","3000","2","polygon-vertex","shadow_all_nodes","count","0","16089"
"instrument","3000","2","polygon-vertex","appearances_all_layers","count","0","8035"
"instrument","3000","2","polygon-vertex","appearances_visible_layers","count","0","2659"
"instrument","3000","2","polygon-vertex","visible_point_symbols","count","0","1477"
"instrument","3000","2","polygon-vertex","visible_route_fragments","count","0","604"
"instrument","3000","2","polygon-vertex","visible_polygon_paths","count","0","277"
"instrument","3000","2","polygon-vertex","layers","count","0","13"
"instrument","3000","2","polygon-vertex","visible_layers","count","0","5"
"instrument","3000","2","polygon-baseZ","operation_sync_ms","ms","0","0"
"instrument","3000","2","polygon-baseZ","operation_to_two_raf_ms","ms","0","21"
"instrument","3000","2","polygon-baseZ","raf_interval_ms","ms","0","16.600000000002183"
"instrument","3000","2","polygon-baseZ","svg_mutation_observed","boolean","0","1"
"instrument","3000","2","polygon-baseZ","svg_last_delivery_from_start_ms","ms","0","10.700000047683716"
"instrument","3000","2","polygon-baseZ","post_sync_svg_delivery_ms","ms","0","10.700000047683716"
"instrument","3000","2","polygon-baseZ","svg_attribute_writes","count","0","9"
"instrument","3000","2","polygon-baseZ","svg_map_geometry_writes","count","0","1"
"instrument","3000","2","polygon-baseZ","svg_symbol_scale_writes","count","0","0"
"instrument","3000","2","polygon-baseZ","svg_viewbox_writes","count","0","0"
"instrument","3000","2","polygon-baseZ","root_iterator_creations","count","0","0"
"instrument","3000","2","polygon-baseZ","root_iterator_next_calls","count","0","0"
"instrument","3000","2","polygon-baseZ","runtime_points_getter_reads","count","0","1808"
"instrument","3000","2","polygon-baseZ","runtime_contour_getter_reads","count","0","12"
"instrument","3000","2","polygon-baseZ","runtime_baseZ_getter_reads","count","0","12"
"instrument","3000","2","polygon-baseZ","runtime_height_getter_reads","count","0","12"
"instrument","3000","2","polygon-baseZ","renderer_scene_reads","count","0","0"
"instrument","3000","2","polygon-baseZ","renderer_entries_exposed","count","0","0"
"instrument","3000","2","polygon-baseZ","renderer_composition_changes","count","0","0"
"instrument","3000","2","polygon-baseZ","renderer_changed_entries","count","0","0"
"instrument","3000","2","polygon-baseZ","renderer_callbacks","count","0","1"
"instrument","3000","2","polygon-baseZ","svg_element_nodes","count","0","16085"
"instrument","3000","2","polygon-baseZ","shadow_element_nodes","count","0","16086"
"instrument","3000","2","polygon-baseZ","shadow_all_nodes","count","0","16089"
"instrument","3000","2","polygon-baseZ","appearances_all_layers","count","0","8035"
"instrument","3000","2","polygon-baseZ","appearances_visible_layers","count","0","2658"
"instrument","3000","2","polygon-baseZ","visible_point_symbols","count","0","1477"
"instrument","3000","2","polygon-baseZ","visible_route_fragments","count","0","604"
"instrument","3000","2","polygon-baseZ","visible_polygon_paths","count","0","276"
"instrument","3000","2","polygon-baseZ","layers","count","0","13"
"instrument","3000","2","polygon-baseZ","visible_layers","count","0","5"
"instrument","3000","2","polygon-height","operation_sync_ms","ms","0","0"
"instrument","3000","2","polygon-height","operation_to_two_raf_ms","ms","0","21.59999990463257"
"instrument","3000","2","polygon-height","raf_interval_ms","ms","0","16.700000000000728"
"instrument","3000","2","polygon-height","svg_mutation_observed","boolean","0","1"
"instrument","3000","2","polygon-height","svg_last_delivery_from_start_ms","ms","0","10.799999952316284"
"instrument","3000","2","polygon-height","post_sync_svg_delivery_ms","ms","0","10.799999952316284"
"instrument","3000","2","polygon-height","svg_attribute_writes","count","0","0"
"instrument","3000","2","polygon-height","svg_map_geometry_writes","count","0","0"
"instrument","3000","2","polygon-height","svg_symbol_scale_writes","count","0","0"
"instrument","3000","2","polygon-height","svg_viewbox_writes","count","0","0"
"instrument","3000","2","polygon-height","root_iterator_creations","count","0","0"
"instrument","3000","2","polygon-height","root_iterator_next_calls","count","0","0"
"instrument","3000","2","polygon-height","runtime_points_getter_reads","count","0","1808"
"instrument","3000","2","polygon-height","runtime_contour_getter_reads","count","0","4"
"instrument","3000","2","polygon-height","runtime_baseZ_getter_reads","count","0","12"
"instrument","3000","2","polygon-height","runtime_height_getter_reads","count","0","12"
"instrument","3000","2","polygon-height","renderer_scene_reads","count","0","0"
"instrument","3000","2","polygon-height","renderer_entries_exposed","count","0","0"
"instrument","3000","2","polygon-height","renderer_composition_changes","count","0","0"
"instrument","3000","2","polygon-height","renderer_changed_entries","count","0","0"
"instrument","3000","2","polygon-height","renderer_callbacks","count","0","1"
"instrument","3000","2","polygon-height","svg_element_nodes","count","0","16083"
"instrument","3000","2","polygon-height","shadow_element_nodes","count","0","16084"
"instrument","3000","2","polygon-height","shadow_all_nodes","count","0","16087"
"instrument","3000","2","polygon-height","appearances_all_layers","count","0","8034"
"instrument","3000","2","polygon-height","appearances_visible_layers","count","0","2659"
"instrument","3000","2","polygon-height","visible_point_symbols","count","0","1477"
"instrument","3000","2","polygon-height","visible_route_fragments","count","0","604"
"instrument","3000","2","polygon-height","visible_polygon_paths","count","0","277"
"instrument","3000","2","polygon-height","layers","count","0","13"
"instrument","3000","2","polygon-height","visible_layers","count","0","5"
"instrument","3000","2","root-add","operation_sync_ms","ms","0","0.39999985694885254"
"instrument","3000","2","root-add","operation_to_two_raf_ms","ms","0","58.19999980926514"
"instrument","3000","2","root-add","raf_interval_ms","ms","0","50"
"instrument","3000","2","root-add","svg_mutation_observed","boolean","0","1"
"instrument","3000","2","root-add","svg_last_delivery_from_start_ms","ms","0","55.59999990463257"
"instrument","3000","2","root-add","post_sync_svg_delivery_ms","ms","0","55.200000047683716"
"instrument","3000","2","root-add","svg_attribute_writes","count","0","8"
"instrument","3000","2","root-add","svg_map_geometry_writes","count","0","1"
"instrument","3000","2","root-add","svg_symbol_scale_writes","count","0","1"
"instrument","3000","2","root-add","svg_viewbox_writes","count","0","0"
"instrument","3000","2","root-add","root_iterator_creations","count","0","2"
"instrument","3000","2","root-add","root_iterator_next_calls","count","0","6003"
"instrument","3000","2","root-add","runtime_points_getter_reads","count","0","9647"
"instrument","3000","2","root-add","runtime_contour_getter_reads","count","0","3624"
"instrument","3000","2","root-add","runtime_baseZ_getter_reads","count","0","7236"
"instrument","3000","2","root-add","runtime_height_getter_reads","count","0","7236"
"instrument","3000","2","root-add","renderer_scene_reads","count","0","0"
"instrument","3000","2","root-add","renderer_entries_exposed","count","0","0"
"instrument","3000","2","root-add","renderer_composition_changes","count","0","0"
"instrument","3000","2","root-add","renderer_changed_entries","count","0","0"
"instrument","3000","2","root-add","renderer_callbacks","count","0","1"
"instrument","3000","2","root-add","svg_element_nodes","count","0","16087"
"instrument","3000","2","root-add","shadow_element_nodes","count","0","16088"
"instrument","3000","2","root-add","shadow_all_nodes","count","0","16091"
"instrument","3000","2","root-add","appearances_all_layers","count","0","8036"
"instrument","3000","2","root-add","appearances_visible_layers","count","0","2660"
"instrument","3000","2","root-add","visible_point_symbols","count","0","1478"
"instrument","3000","2","root-add","visible_route_fragments","count","0","604"
"instrument","3000","2","root-add","visible_polygon_paths","count","0","277"
"instrument","3000","2","root-add","layers","count","0","13"
"instrument","3000","2","root-add","visible_layers","count","0","5"
"instrument","3000","2","root-remove","operation_sync_ms","ms","0","0.2999999523162842"
"instrument","3000","2","root-remove","operation_to_two_raf_ms","ms","0","46.299999952316284"
"instrument","3000","2","root-remove","raf_interval_ms","ms","0","33.39999999999782"
"instrument","3000","2","root-remove","svg_mutation_observed","boolean","0","1"
"instrument","3000","2","root-remove","svg_last_delivery_from_start_ms","ms","0","44.09999990463257"
"instrument","3000","2","root-remove","post_sync_svg_delivery_ms","ms","0","43.799999952316284"
"instrument","3000","2","root-remove","svg_attribute_writes","count","0","0"
"instrument","3000","2","root-remove","svg_map_geometry_writes","count","0","0"
"instrument","3000","2","root-remove","svg_symbol_scale_writes","count","0","0"
"instrument","3000","2","root-remove","svg_viewbox_writes","count","0","0"
"instrument","3000","2","root-remove","root_iterator_creations","count","0","2"
"instrument","3000","2","root-remove","root_iterator_next_calls","count","0","6000"
"instrument","3000","2","root-remove","runtime_points_getter_reads","count","0","9647"
"instrument","3000","2","root-remove","runtime_contour_getter_reads","count","0","3624"
"instrument","3000","2","root-remove","runtime_baseZ_getter_reads","count","0","7236"
"instrument","3000","2","root-remove","runtime_height_getter_reads","count","0","7236"
"instrument","3000","2","root-remove","renderer_scene_reads","count","0","0"
"instrument","3000","2","root-remove","renderer_entries_exposed","count","0","0"
"instrument","3000","2","root-remove","renderer_composition_changes","count","0","0"
"instrument","3000","2","root-remove","renderer_changed_entries","count","0","0"
"instrument","3000","2","root-remove","renderer_callbacks","count","0","1"
"instrument","3000","2","root-remove","svg_element_nodes","count","0","16083"
"instrument","3000","2","root-remove","shadow_element_nodes","count","0","16084"
"instrument","3000","2","root-remove","shadow_all_nodes","count","0","16087"
"instrument","3000","2","root-remove","appearances_all_layers","count","0","8034"
"instrument","3000","2","root-remove","appearances_visible_layers","count","0","2658"
"instrument","3000","2","root-remove","visible_point_symbols","count","0","1476"
"instrument","3000","2","root-remove","visible_route_fragments","count","0","604"
"instrument","3000","2","root-remove","visible_polygon_paths","count","0","277"
"instrument","3000","2","root-remove","layers","count","0","13"
"instrument","3000","2","root-remove","visible_layers","count","0","5"
"instrument","3000","2","layer-direct-add","operation_sync_ms","ms","0","0.09999990463256836"
"instrument","3000","2","layer-direct-add","operation_to_two_raf_ms","ms","0","50.799999952316284"
"instrument","3000","2","layer-direct-add","raf_interval_ms","ms","0","33.29999999999927"
"instrument","3000","2","layer-direct-add","svg_mutation_observed","boolean","0","1"
"instrument","3000","2","layer-direct-add","svg_last_delivery_from_start_ms","ms","0","48.39999985694885"
"instrument","3000","2","layer-direct-add","post_sync_svg_delivery_ms","ms","0","48.299999952316284"
"instrument","3000","2","layer-direct-add","svg_attribute_writes","count","0","34"
"instrument","3000","2","layer-direct-add","svg_map_geometry_writes","count","0","4"
"instrument","3000","2","layer-direct-add","svg_symbol_scale_writes","count","0","3"
"instrument","3000","2","layer-direct-add","svg_viewbox_writes","count","0","0"
"instrument","3000","2","layer-direct-add","root_iterator_creations","count","0","1"
"instrument","3000","2","layer-direct-add","root_iterator_next_calls","count","0","3001"
"instrument","3000","2","layer-direct-add","runtime_points_getter_reads","count","0","9648"
"instrument","3000","2","layer-direct-add","runtime_contour_getter_reads","count","0","3624"
"instrument","3000","2","layer-direct-add","runtime_baseZ_getter_reads","count","0","7236"
"instrument","3000","2","layer-direct-add","runtime_height_getter_reads","count","0","7236"
"instrument","3000","2","layer-direct-add","renderer_scene_reads","count","0","0"
"instrument","3000","2","layer-direct-add","renderer_entries_exposed","count","0","0"
"instrument","3000","2","layer-direct-add","renderer_composition_changes","count","0","0"
"instrument","3000","2","layer-direct-add","renderer_changed_entries","count","0","0"
"instrument","3000","2","layer-direct-add","renderer_callbacks","count","0","1"
"instrument","3000","2","layer-direct-add","svg_element_nodes","count","0","16091"
"instrument","3000","2","layer-direct-add","shadow_element_nodes","count","0","16092"
"instrument","3000","2","layer-direct-add","shadow_all_nodes","count","0","16095"
"instrument","3000","2","layer-direct-add","appearances_all_layers","count","0","8038"
"instrument","3000","2","layer-direct-add","appearances_visible_layers","count","0","2662"
"instrument","3000","2","layer-direct-add","visible_point_symbols","count","0","1480"
"instrument","3000","2","layer-direct-add","visible_route_fragments","count","0","604"
"instrument","3000","2","layer-direct-add","visible_polygon_paths","count","0","277"
"instrument","3000","2","layer-direct-add","layers","count","0","13"
"instrument","3000","2","layer-direct-add","visible_layers","count","0","5"
"instrument","3000","2","layer-direct-remove","operation_sync_ms","ms","0","0"
"instrument","3000","2","layer-direct-remove","operation_to_two_raf_ms","ms","0","47.299999952316284"
"instrument","3000","2","layer-direct-remove","raf_interval_ms","ms","0","33.29999999999927"
"instrument","3000","2","layer-direct-remove","svg_mutation_observed","boolean","0","1"
"instrument","3000","2","layer-direct-remove","svg_last_delivery_from_start_ms","ms","0","44.59999990463257"
"instrument","3000","2","layer-direct-remove","post_sync_svg_delivery_ms","ms","0","44.59999990463257"
"instrument","3000","2","layer-direct-remove","svg_attribute_writes","count","0","10"
"instrument","3000","2","layer-direct-remove","svg_map_geometry_writes","count","0","1"
"instrument","3000","2","layer-direct-remove","svg_symbol_scale_writes","count","0","0"
"instrument","3000","2","layer-direct-remove","svg_viewbox_writes","count","0","0"
"instrument","3000","2","layer-direct-remove","root_iterator_creations","count","0","1"
"instrument","3000","2","layer-direct-remove","root_iterator_next_calls","count","0","3001"
"instrument","3000","2","layer-direct-remove","runtime_points_getter_reads","count","0","9647"
"instrument","3000","2","layer-direct-remove","runtime_contour_getter_reads","count","0","3624"
"instrument","3000","2","layer-direct-remove","runtime_baseZ_getter_reads","count","0","7236"
"instrument","3000","2","layer-direct-remove","runtime_height_getter_reads","count","0","7236"
"instrument","3000","2","layer-direct-remove","renderer_scene_reads","count","0","0"
"instrument","3000","2","layer-direct-remove","renderer_entries_exposed","count","0","0"
"instrument","3000","2","layer-direct-remove","renderer_composition_changes","count","0","0"
"instrument","3000","2","layer-direct-remove","renderer_changed_entries","count","0","0"
"instrument","3000","2","layer-direct-remove","renderer_callbacks","count","0","1"
"instrument","3000","2","layer-direct-remove","svg_element_nodes","count","0","16081"
"instrument","3000","2","layer-direct-remove","shadow_element_nodes","count","0","16082"
"instrument","3000","2","layer-direct-remove","shadow_all_nodes","count","0","16085"
"instrument","3000","2","layer-direct-remove","appearances_all_layers","count","0","8033"
"instrument","3000","2","layer-direct-remove","appearances_visible_layers","count","0","2657"
"instrument","3000","2","layer-direct-remove","visible_point_symbols","count","0","1475"
"instrument","3000","2","layer-direct-remove","visible_route_fragments","count","0","604"
"instrument","3000","2","layer-direct-remove","visible_polygon_paths","count","0","277"
"instrument","3000","2","layer-direct-remove","layers","count","0","13"
"instrument","3000","2","layer-direct-remove","visible_layers","count","0","5"
"instrument","3000","2","load","load_call_sync_ms","ms","0","64.5"
"instrument","3000","2","load","load_promise_ms","ms","0","82.39999985694885"
"instrument","3000","2","load","operation_to_two_raf_ms","ms","0","137.70000004768372"
"instrument","3000","2","load","raf_interval_ms","ms","0","50"
"instrument","3000","2","load","svg_mutation_observed","boolean","0","1"
"instrument","3000","2","load","svg_last_delivery_from_start_ms","ms","0","113.5"
"instrument","3000","2","load","post_sync_svg_delivery_ms","ms","0","49"
"instrument","3000","2","load","svg_attribute_writes","count","0","73834"
"instrument","3000","2","load","svg_map_geometry_writes","count","0","11044"
"instrument","3000","2","load","svg_symbol_scale_writes","count","0","4318"
"instrument","3000","2","load","svg_viewbox_writes","count","0","1"
"instrument","3000","2","load","root_iterator_creations","count","0","2"
"instrument","3000","2","load","root_iterator_next_calls","count","0","6002"
"instrument","3000","2","load","runtime_points_getter_reads","count","0","9648"
"instrument","3000","2","load","runtime_contour_getter_reads","count","0","7248"
"instrument","3000","2","load","runtime_baseZ_getter_reads","count","0","7236"
"instrument","3000","2","load","runtime_height_getter_reads","count","0","7236"
"instrument","3000","2","load","renderer_scene_reads","count","0","2"
"instrument","3000","2","load","renderer_entries_exposed","count","0","16070"
"instrument","3000","2","load","renderer_composition_changes","count","0","0"
"instrument","3000","2","load","renderer_changed_entries","count","0","8035"
"instrument","3000","2","load","renderer_callbacks","count","0","1"
"instrument","3000","2","load","svg_element_nodes","count","0","16085"
"instrument","3000","2","load","shadow_element_nodes","count","0","16086"
"instrument","3000","2","load","shadow_all_nodes","count","0","16089"
"instrument","3000","2","load","appearances_all_layers","count","0","8035"
"instrument","3000","2","load","appearances_visible_layers","count","0","8035"
"instrument","3000","2","load","visible_point_symbols","count","0","4318"
"instrument","3000","2","load","visible_route_fragments","count","0","1808"
"instrument","3000","2","load","visible_polygon_paths","count","0","906"
"instrument","3000","2","load","layers","count","0","13"
"instrument","3000","2","load","visible_layers","count","0","13"
"instrument","3000","2","pan","raf_interval_ms","ms","0","16.700000000000728"
"instrument","3000","2","pan","camera_api_sync_ms","ms","0","0"
"instrument","3000","2","pan","svg_last_delivery_from_start_ms","ms","0","16.700000047683716"
"instrument","3000","2","pan","post_sync_svg_delivery_ms","ms","0","16.700000047683716"
"instrument","3000","2","pan","raf_interval_ms","ms","1","16.599999999998545"
"instrument","3000","2","pan","camera_api_sync_ms","ms","1","0"
"instrument","3000","2","pan","svg_last_delivery_from_start_ms","ms","1","16.700000047683716"
"instrument","3000","2","pan","post_sync_svg_delivery_ms","ms","1","16.700000047683716"
"instrument","3000","2","pan","raf_interval_ms","ms","2","16.700000000000728"
"instrument","3000","2","pan","camera_api_sync_ms","ms","2","0"
"instrument","3000","2","pan","svg_last_delivery_from_start_ms","ms","2","16.59999990463257"
"instrument","3000","2","pan","post_sync_svg_delivery_ms","ms","2","16.59999990463257"
"instrument","3000","2","pan","raf_interval_ms","ms","3","16.700000000000728"
"instrument","3000","2","pan","camera_api_sync_ms","ms","3","0"
"instrument","3000","2","pan","svg_last_delivery_from_start_ms","ms","3","16.40000009536743"
"instrument","3000","2","pan","post_sync_svg_delivery_ms","ms","3","16.40000009536743"
"instrument","3000","2","pan","raf_interval_ms","ms","4","16.700000000000728"
"instrument","3000","2","pan","camera_api_sync_ms","ms","4","0"
"instrument","3000","2","pan","svg_last_delivery_from_start_ms","ms","4","16.5"
"instrument","3000","2","pan","post_sync_svg_delivery_ms","ms","4","16.5"
"instrument","3000","2","pan","raf_interval_ms","ms","5","16.69999999999709"
"instrument","3000","2","pan","camera_api_sync_ms","ms","5","0"
"instrument","3000","2","pan","svg_last_delivery_from_start_ms","ms","5","17.09999990463257"
"instrument","3000","2","pan","post_sync_svg_delivery_ms","ms","5","17.09999990463257"
"instrument","3000","2","pan","raf_interval_ms","ms","6","16.600000000002183"
"instrument","3000","2","pan","camera_api_sync_ms","ms","6","0"
"instrument","3000","2","pan","svg_last_delivery_from_start_ms","ms","6","16.700000047683716"
"instrument","3000","2","pan","post_sync_svg_delivery_ms","ms","6","16.700000047683716"
"instrument","3000","2","pan","raf_interval_ms","ms","7","16.599999999998545"
"instrument","3000","2","pan","camera_api_sync_ms","ms","7","0"
"instrument","3000","2","pan","svg_last_delivery_from_start_ms","ms","7","16.700000047683716"
"instrument","3000","2","pan","post_sync_svg_delivery_ms","ms","7","16.700000047683716"
"instrument","3000","2","pan","raf_interval_ms","ms","8","16.700000000000728"
"instrument","3000","2","pan","camera_api_sync_ms","ms","8","0"
"instrument","3000","2","pan","svg_last_delivery_from_start_ms","ms","8","16.59999990463257"
"instrument","3000","2","pan","post_sync_svg_delivery_ms","ms","8","16.59999990463257"
"instrument","3000","2","pan","raf_interval_ms","ms","9","16.700000000000728"
"instrument","3000","2","pan","camera_api_sync_ms","ms","9","0"
"instrument","3000","2","pan","svg_last_delivery_from_start_ms","ms","9","16.700000047683716"
"instrument","3000","2","pan","post_sync_svg_delivery_ms","ms","9","16.700000047683716"
"instrument","3000","2","pan","raf_interval_ms","ms","10","16.700000000000728"
"instrument","3000","2","pan","camera_api_sync_ms","ms","10","0"
"instrument","3000","2","pan","svg_last_delivery_from_start_ms","ms","10","16.799999952316284"
"instrument","3000","2","pan","post_sync_svg_delivery_ms","ms","10","16.799999952316284"
"instrument","3000","2","pan","raf_interval_ms","ms","11","16.599999999998545"
"instrument","3000","2","pan","camera_api_sync_ms","ms","11","0"
"instrument","3000","2","pan","svg_last_delivery_from_start_ms","ms","11","16.59999990463257"
"instrument","3000","2","pan","post_sync_svg_delivery_ms","ms","11","16.59999990463257"
"instrument","3000","2","pan","raf_interval_ms","ms","12","16.700000000000728"
"instrument","3000","2","pan","camera_api_sync_ms","ms","12","0"
"instrument","3000","2","pan","svg_last_delivery_from_start_ms","ms","12","16.600000143051147"
"instrument","3000","2","pan","post_sync_svg_delivery_ms","ms","12","16.600000143051147"
"instrument","3000","2","pan","raf_interval_ms","ms","13","16.599999999998545"
"instrument","3000","2","pan","camera_api_sync_ms","ms","13","0"
"instrument","3000","2","pan","svg_last_delivery_from_start_ms","ms","13","16.700000047683716"
"instrument","3000","2","pan","post_sync_svg_delivery_ms","ms","13","16.700000047683716"
"instrument","3000","2","pan","raf_interval_ms","ms","14","16.799999999999272"
"instrument","3000","2","pan","camera_api_sync_ms","ms","14","0"
"instrument","3000","2","pan","svg_last_delivery_from_start_ms","ms","14","15.699999809265137"
"instrument","3000","2","pan","post_sync_svg_delivery_ms","ms","14","15.699999809265137"
"instrument","3000","2","pan","raf_interval_ms","ms","15","16.600000000002183"
"instrument","3000","2","pan","camera_api_sync_ms","ms","15","0.10000014305114746"
"instrument","3000","2","pan","svg_last_delivery_from_start_ms","ms","15","17.600000143051147"
"instrument","3000","2","pan","post_sync_svg_delivery_ms","ms","15","17.5"
"instrument","3000","2","pan","raf_interval_ms","ms","16","16.599999999998545"
"instrument","3000","2","pan","camera_api_sync_ms","ms","16","0"
"instrument","3000","2","pan","svg_last_delivery_from_start_ms","ms","16","16.700000047683716"
"instrument","3000","2","pan","post_sync_svg_delivery_ms","ms","16","16.700000047683716"
"instrument","3000","2","pan","raf_interval_ms","ms","17","16.700000000000728"
"instrument","3000","2","pan","camera_api_sync_ms","ms","17","0"
"instrument","3000","2","pan","svg_last_delivery_from_start_ms","ms","17","16.59999990463257"
"instrument","3000","2","pan","post_sync_svg_delivery_ms","ms","17","16.59999990463257"
"instrument","3000","2","pan","raf_interval_ms","ms","18","16.700000000000728"
"instrument","3000","2","pan","camera_api_sync_ms","ms","18","0"
"instrument","3000","2","pan","svg_last_delivery_from_start_ms","ms","18","16.700000047683716"
"instrument","3000","2","pan","post_sync_svg_delivery_ms","ms","18","16.700000047683716"
"instrument","3000","2","pan","raf_interval_ms","ms","19","16.700000000000728"
"instrument","3000","2","pan","camera_api_sync_ms","ms","19","0"
"instrument","3000","2","pan","svg_last_delivery_from_start_ms","ms","19","15.899999856948853"
"instrument","3000","2","pan","post_sync_svg_delivery_ms","ms","19","15.899999856948853"
"instrument","3000","2","pan","raf_interval_ms","ms","20","16.599999999998545"
"instrument","3000","2","pan","camera_api_sync_ms","ms","20","0"
"instrument","3000","2","pan","svg_last_delivery_from_start_ms","ms","20","17.300000190734863"
"instrument","3000","2","pan","post_sync_svg_delivery_ms","ms","20","17.300000190734863"
"instrument","3000","2","pan","raf_interval_ms","ms","21","16.700000000000728"
"instrument","3000","2","pan","camera_api_sync_ms","ms","21","0"
"instrument","3000","2","pan","svg_last_delivery_from_start_ms","ms","21","16.299999952316284"
"instrument","3000","2","pan","post_sync_svg_delivery_ms","ms","21","16.299999952316284"
"instrument","3000","2","pan","raf_interval_ms","ms","22","16.700000000000728"
"instrument","3000","2","pan","camera_api_sync_ms","ms","22","0"
"instrument","3000","2","pan","svg_last_delivery_from_start_ms","ms","22","17.200000047683716"
"instrument","3000","2","pan","post_sync_svg_delivery_ms","ms","22","17.200000047683716"
"instrument","3000","2","pan","raf_interval_ms","ms","23","16.599999999998545"
"instrument","3000","2","pan","camera_api_sync_ms","ms","23","0"
"instrument","3000","2","pan","svg_last_delivery_from_start_ms","ms","23","16.699999809265137"
"instrument","3000","2","pan","post_sync_svg_delivery_ms","ms","23","16.699999809265137"
"instrument","3000","2","pan","svg_attribute_writes","count","0","24"
"instrument","3000","2","pan","svg_map_geometry_writes","count","0","0"
"instrument","3000","2","pan","svg_symbol_scale_writes","count","0","0"
"instrument","3000","2","pan","svg_viewbox_writes","count","0","24"
"instrument","3000","2","pan","root_iterator_creations","count","0","0"
"instrument","3000","2","pan","root_iterator_next_calls","count","0","0"
"instrument","3000","2","pan","runtime_points_getter_reads","count","0","0"
"instrument","3000","2","pan","runtime_contour_getter_reads","count","0","0"
"instrument","3000","2","pan","runtime_baseZ_getter_reads","count","0","0"
"instrument","3000","2","pan","runtime_height_getter_reads","count","0","0"
"instrument","3000","2","pan","renderer_scene_reads","count","0","0"
"instrument","3000","2","pan","renderer_entries_exposed","count","0","0"
"instrument","3000","2","pan","renderer_composition_changes","count","0","0"
"instrument","3000","2","pan","renderer_changed_entries","count","0","0"
"instrument","3000","2","pan","renderer_callbacks","count","0","24"
"instrument","3000","2","pan","svg_element_nodes","count","0","16085"
"instrument","3000","2","pan","shadow_element_nodes","count","0","16086"
"instrument","3000","2","pan","shadow_all_nodes","count","0","16089"
"instrument","3000","2","pan","appearances_all_layers","count","0","8035"
"instrument","3000","2","pan","appearances_visible_layers","count","0","2659"
"instrument","3000","2","pan","visible_point_symbols","count","0","1477"
"instrument","3000","2","pan","visible_route_fragments","count","0","604"
"instrument","3000","2","pan","visible_polygon_paths","count","0","277"
"instrument","3000","2","pan","layers","count","0","13"
"instrument","3000","2","pan","visible_layers","count","0","5"
"instrument","3000","2","zoom","raf_interval_ms","ms","0","16.700000000000728"
"instrument","3000","2","zoom","camera_api_sync_ms","ms","0","0"
"instrument","3000","2","zoom","svg_last_delivery_from_start_ms","ms","0","19.299999952316284"
"instrument","3000","2","zoom","post_sync_svg_delivery_ms","ms","0","19.299999952316284"
"instrument","3000","2","zoom","raf_interval_ms","ms","1","16.700000000000728"
"instrument","3000","2","zoom","camera_api_sync_ms","ms","1","0"
"instrument","3000","2","zoom","svg_last_delivery_from_start_ms","ms","1","16.299999952316284"
"instrument","3000","2","zoom","post_sync_svg_delivery_ms","ms","1","16.299999952316284"
"instrument","3000","2","zoom","raf_interval_ms","ms","2","16.700000000000728"
"instrument","3000","2","zoom","camera_api_sync_ms","ms","2","0.09999990463256836"
"instrument","3000","2","zoom","svg_last_delivery_from_start_ms","ms","2","15.799999952316284"
"instrument","3000","2","zoom","post_sync_svg_delivery_ms","ms","2","15.700000047683716"
"instrument","3000","2","zoom","raf_interval_ms","ms","3","16.599999999998545"
"instrument","3000","2","zoom","camera_api_sync_ms","ms","3","0"
"instrument","3000","2","zoom","svg_last_delivery_from_start_ms","ms","3","16.799999952316284"
"instrument","3000","2","zoom","post_sync_svg_delivery_ms","ms","3","16.799999952316284"
"instrument","3000","2","zoom","raf_interval_ms","ms","4","16.700000000000728"
"instrument","3000","2","zoom","camera_api_sync_ms","ms","4","0"
"instrument","3000","2","zoom","svg_last_delivery_from_start_ms","ms","4","17.40000009536743"
"instrument","3000","2","zoom","post_sync_svg_delivery_ms","ms","4","17.40000009536743"
"instrument","3000","2","zoom","raf_interval_ms","ms","5","16.599999999998545"
"instrument","3000","2","zoom","camera_api_sync_ms","ms","5","0.09999990463256836"
"instrument","3000","2","zoom","svg_last_delivery_from_start_ms","ms","5","16.200000047683716"
"instrument","3000","2","zoom","post_sync_svg_delivery_ms","ms","5","16.100000143051147"
"instrument","3000","2","zoom","raf_interval_ms","ms","6","16.700000000000728"
"instrument","3000","2","zoom","camera_api_sync_ms","ms","6","0"
"instrument","3000","2","zoom","svg_last_delivery_from_start_ms","ms","6","16.700000047683716"
"instrument","3000","2","zoom","post_sync_svg_delivery_ms","ms","6","16.700000047683716"
"instrument","3000","2","zoom","raf_interval_ms","ms","7","16.700000000000728"
"instrument","3000","2","zoom","camera_api_sync_ms","ms","7","0"
"instrument","3000","2","zoom","svg_last_delivery_from_start_ms","ms","7","17.299999952316284"
"instrument","3000","2","zoom","post_sync_svg_delivery_ms","ms","7","17.299999952316284"
"instrument","3000","2","zoom","raf_interval_ms","ms","8","16.700000000000728"
"instrument","3000","2","zoom","camera_api_sync_ms","ms","8","0"
"instrument","3000","2","zoom","svg_last_delivery_from_start_ms","ms","8","16.399999856948853"
"instrument","3000","2","zoom","post_sync_svg_delivery_ms","ms","8","16.399999856948853"
"instrument","3000","2","zoom","raf_interval_ms","ms","9","16.599999999998545"
"instrument","3000","2","zoom","camera_api_sync_ms","ms","9","0"
"instrument","3000","2","zoom","svg_last_delivery_from_start_ms","ms","9","16.100000143051147"
"instrument","3000","2","zoom","post_sync_svg_delivery_ms","ms","9","16.100000143051147"
"instrument","3000","2","zoom","raf_interval_ms","ms","10","16.599999999998545"
"instrument","3000","2","zoom","camera_api_sync_ms","ms","10","0"
"instrument","3000","2","zoom","svg_last_delivery_from_start_ms","ms","10","17.299999952316284"
"instrument","3000","2","zoom","post_sync_svg_delivery_ms","ms","10","17.299999952316284"
"instrument","3000","2","zoom","raf_interval_ms","ms","11","16.700000000000728"
"instrument","3000","2","zoom","camera_api_sync_ms","ms","11","0"
"instrument","3000","2","zoom","svg_last_delivery_from_start_ms","ms","11","16.5"
"instrument","3000","2","zoom","post_sync_svg_delivery_ms","ms","11","16.5"
"instrument","3000","2","zoom","raf_interval_ms","ms","12","16.700000000000728"
"instrument","3000","2","zoom","camera_api_sync_ms","ms","12","0"
"instrument","3000","2","zoom","svg_last_delivery_from_start_ms","ms","12","16.59999990463257"
"instrument","3000","2","zoom","post_sync_svg_delivery_ms","ms","12","16.59999990463257"
"instrument","3000","2","zoom","raf_interval_ms","ms","13","16.700000000000728"
"instrument","3000","2","zoom","camera_api_sync_ms","ms","13","0"
"instrument","3000","2","zoom","svg_last_delivery_from_start_ms","ms","13","16.700000047683716"
"instrument","3000","2","zoom","post_sync_svg_delivery_ms","ms","13","16.700000047683716"
"instrument","3000","2","zoom","raf_interval_ms","ms","14","16.700000000000728"
"instrument","3000","2","zoom","camera_api_sync_ms","ms","14","0"
"instrument","3000","2","zoom","svg_last_delivery_from_start_ms","ms","14","16.700000047683716"
"instrument","3000","2","zoom","post_sync_svg_delivery_ms","ms","14","16.700000047683716"
"instrument","3000","2","zoom","raf_interval_ms","ms","15","16.599999999998545"
"instrument","3000","2","zoom","camera_api_sync_ms","ms","15","0"
"instrument","3000","2","zoom","svg_last_delivery_from_start_ms","ms","15","16.40000009536743"
"instrument","3000","2","zoom","post_sync_svg_delivery_ms","ms","15","16.40000009536743"
"instrument","3000","2","zoom","raf_interval_ms","ms","16","16.599999999998545"
"instrument","3000","2","zoom","camera_api_sync_ms","ms","16","0"
"instrument","3000","2","zoom","svg_last_delivery_from_start_ms","ms","16","16.09999990463257"
"instrument","3000","2","zoom","post_sync_svg_delivery_ms","ms","16","16.09999990463257"
"instrument","3000","2","zoom","raf_interval_ms","ms","17","16.700000000000728"
"instrument","3000","2","zoom","camera_api_sync_ms","ms","17","0"
"instrument","3000","2","zoom","svg_last_delivery_from_start_ms","ms","17","16.700000047683716"
"instrument","3000","2","zoom","post_sync_svg_delivery_ms","ms","17","16.700000047683716"
"instrument","3000","2","zoom","raf_interval_ms","ms","18","16.600000000002183"
"instrument","3000","2","zoom","camera_api_sync_ms","ms","18","0"
"instrument","3000","2","zoom","svg_last_delivery_from_start_ms","ms","18","16.799999952316284"
"instrument","3000","2","zoom","post_sync_svg_delivery_ms","ms","18","16.799999952316284"
"instrument","3000","2","zoom","raf_interval_ms","ms","19","16.799999999999272"
"instrument","3000","2","zoom","camera_api_sync_ms","ms","19","0"
"instrument","3000","2","zoom","svg_last_delivery_from_start_ms","ms","19","17.100000143051147"
"instrument","3000","2","zoom","post_sync_svg_delivery_ms","ms","19","17.100000143051147"
"instrument","3000","2","zoom","raf_interval_ms","ms","20","16.700000000000728"
"instrument","3000","2","zoom","camera_api_sync_ms","ms","20","0"
"instrument","3000","2","zoom","svg_last_delivery_from_start_ms","ms","20","16.700000047683716"
"instrument","3000","2","zoom","post_sync_svg_delivery_ms","ms","20","16.700000047683716"
"instrument","3000","2","zoom","raf_interval_ms","ms","21","16.599999999998545"
"instrument","3000","2","zoom","camera_api_sync_ms","ms","21","0"
"instrument","3000","2","zoom","svg_last_delivery_from_start_ms","ms","21","16.59999990463257"
"instrument","3000","2","zoom","post_sync_svg_delivery_ms","ms","21","16.59999990463257"
"instrument","3000","2","zoom","raf_interval_ms","ms","22","16.599999999998545"
"instrument","3000","2","zoom","camera_api_sync_ms","ms","22","0"
"instrument","3000","2","zoom","svg_last_delivery_from_start_ms","ms","22","16.700000047683716"
"instrument","3000","2","zoom","post_sync_svg_delivery_ms","ms","22","16.700000047683716"
"instrument","3000","2","zoom","raf_interval_ms","ms","23","16.80000000000291"
"instrument","3000","2","zoom","camera_api_sync_ms","ms","23","0.09999990463256836"
"instrument","3000","2","zoom","svg_last_delivery_from_start_ms","ms","23","16.59999990463257"
"instrument","3000","2","zoom","post_sync_svg_delivery_ms","ms","23","16.5"
"instrument","3000","2","zoom","svg_attribute_writes","count","0","103656"
"instrument","3000","2","zoom","svg_map_geometry_writes","count","0","0"
"instrument","3000","2","zoom","svg_symbol_scale_writes","count","0","103632"
"instrument","3000","2","zoom","svg_viewbox_writes","count","0","24"
"instrument","3000","2","zoom","root_iterator_creations","count","0","0"
"instrument","3000","2","zoom","root_iterator_next_calls","count","0","0"
"instrument","3000","2","zoom","runtime_points_getter_reads","count","0","0"
"instrument","3000","2","zoom","runtime_contour_getter_reads","count","0","0"
"instrument","3000","2","zoom","runtime_baseZ_getter_reads","count","0","0"
"instrument","3000","2","zoom","runtime_height_getter_reads","count","0","0"
"instrument","3000","2","zoom","renderer_scene_reads","count","0","0"
"instrument","3000","2","zoom","renderer_entries_exposed","count","0","0"
"instrument","3000","2","zoom","renderer_composition_changes","count","0","0"
"instrument","3000","2","zoom","renderer_changed_entries","count","0","0"
"instrument","3000","2","zoom","renderer_callbacks","count","0","24"
"instrument","3000","2","zoom","svg_element_nodes","count","0","16085"
"instrument","3000","2","zoom","shadow_element_nodes","count","0","16086"
"instrument","3000","2","zoom","shadow_all_nodes","count","0","16089"
"instrument","3000","2","zoom","appearances_all_layers","count","0","8035"
"instrument","3000","2","zoom","appearances_visible_layers","count","0","2659"
"instrument","3000","2","zoom","visible_point_symbols","count","0","1477"
"instrument","3000","2","zoom","visible_route_fragments","count","0","604"
"instrument","3000","2","zoom","visible_polygon_paths","count","0","277"
"instrument","3000","2","zoom","layers","count","0","13"
"instrument","3000","2","zoom","visible_layers","count","0","5"
"instrument","3000","2","pick-hit","spatial_pick_sync_ms","ms","0","0.39999985694885254"
"instrument","3000","2","pick-hit","spatial_pick_sync_ms","ms","1","0.09999990463256836"
"instrument","3000","2","pick-hit","spatial_pick_sync_ms","ms","2","0.10000014305114746"
"instrument","3000","2","pick-hit","spatial_pick_sync_ms","ms","3","0.19999980926513672"
"instrument","3000","2","pick-hit","spatial_pick_sync_ms","ms","4","0.10000014305114746"
"instrument","3000","2","pick-hit","spatial_pick_sync_ms","ms","5","0"
"instrument","3000","2","pick-hit","spatial_pick_sync_ms","ms","6","0.20000004768371582"
"instrument","3000","2","pick-hit","spatial_pick_sync_ms","ms","7","0.09999990463256836"
"instrument","3000","2","pick-hit","spatial_pick_sync_ms","ms","8","0.09999990463256836"
"instrument","3000","2","pick-hit","spatial_pick_sync_ms","ms","9","0.10000014305114746"
"instrument","3000","2","pick-hit","spatial_pick_sync_ms","ms","10","0.20000004768371582"
"instrument","3000","2","pick-hit","spatial_pick_sync_ms","ms","11","0.09999990463256836"
"instrument","3000","2","pick-hit","spatial_pick_sync_ms","ms","12","0.09999990463256836"
"instrument","3000","2","pick-hit","spatial_pick_sync_ms","ms","13","0.10000014305114746"
"instrument","3000","2","pick-hit","spatial_pick_sync_ms","ms","14","0.09999990463256836"
"instrument","3000","2","pick-hit","spatial_pick_sync_ms","ms","15","0.10000014305114746"
"instrument","3000","2","pick-hit","spatial_pick_sync_ms","ms","16","0.09999990463256836"
"instrument","3000","2","pick-hit","spatial_pick_sync_ms","ms","17","0.09999990463256836"
"instrument","3000","2","pick-hit","spatial_pick_sync_ms","ms","18","0.20000004768371582"
"instrument","3000","2","pick-hit","spatial_pick_sync_ms","ms","19","0.10000014305114746"
"instrument","3000","2","pick-hit","spatial_pick_sync_ms","ms","20","0.09999990463256836"
"instrument","3000","2","pick-hit","spatial_pick_sync_ms","ms","21","0.09999990463256836"
"instrument","3000","2","pick-hit","spatial_pick_sync_ms","ms","22","0.10000014305114746"
"instrument","3000","2","pick-hit","spatial_pick_sync_ms","ms","23","0.09999990463256836"
"instrument","3000","2","pick-hit","spatial_pick_sync_ms","ms","24","0.20000004768371582"
"instrument","3000","2","pick-hit","spatial_pick_sync_ms","ms","25","0.09999990463256836"
"instrument","3000","2","pick-hit","spatial_pick_sync_ms","ms","26","0.10000014305114746"
"instrument","3000","2","pick-hit","spatial_pick_sync_ms","ms","27","0.09999990463256836"
"instrument","3000","2","pick-hit","spatial_pick_sync_ms","ms","28","0.10000014305114746"
"instrument","3000","2","pick-hit","spatial_pick_sync_ms","ms","29","0.19999980926513672"
"instrument","3000","2","pick-hit","spatial_pick_sync_ms","ms","30","0"
"instrument","3000","2","pick-hit","spatial_pick_sync_ms","ms","31","0.20000004768371582"
"instrument","3000","2","pick-hit","spatial_pick_sync_ms","ms","32","0.10000014305114746"
"instrument","3000","2","pick-hit","spatial_pick_sync_ms","ms","33","0.09999990463256836"
"instrument","3000","2","pick-hit","spatial_pick_sync_ms","ms","34","0.20000004768371582"
"instrument","3000","2","pick-hit","spatial_pick_sync_ms","ms","35","0.09999990463256836"
"instrument","3000","2","pick-hit","spatial_pick_sync_ms","ms","36","0.10000014305114746"
"instrument","3000","2","pick-hit","spatial_pick_sync_ms","ms","37","0.09999990463256836"
"instrument","3000","2","pick-hit","spatial_pick_sync_ms","ms","38","0.09999990463256836"
"instrument","3000","2","pick-hit","spatial_pick_sync_ms","ms","39","0.10000014305114746"
"instrument","3000","2","pick-hit","svg_attribute_writes","count","0","0"
"instrument","3000","2","pick-hit","svg_map_geometry_writes","count","0","0"
"instrument","3000","2","pick-hit","svg_symbol_scale_writes","count","0","0"
"instrument","3000","2","pick-hit","svg_viewbox_writes","count","0","0"
"instrument","3000","2","pick-hit","root_iterator_creations","count","0","0"
"instrument","3000","2","pick-hit","root_iterator_next_calls","count","0","0"
"instrument","3000","2","pick-hit","runtime_points_getter_reads","count","0","0"
"instrument","3000","2","pick-hit","runtime_contour_getter_reads","count","0","0"
"instrument","3000","2","pick-hit","runtime_baseZ_getter_reads","count","0","0"
"instrument","3000","2","pick-hit","runtime_height_getter_reads","count","0","0"
"instrument","3000","2","pick-hit","renderer_scene_reads","count","0","0"
"instrument","3000","2","pick-hit","renderer_entries_exposed","count","0","0"
"instrument","3000","2","pick-hit","renderer_composition_changes","count","0","0"
"instrument","3000","2","pick-hit","renderer_changed_entries","count","0","0"
"instrument","3000","2","pick-hit","renderer_callbacks","count","0","0"
"instrument","3000","2","pick-hit","svg_element_nodes","count","0","16085"
"instrument","3000","2","pick-hit","shadow_element_nodes","count","0","16086"
"instrument","3000","2","pick-hit","shadow_all_nodes","count","0","16089"
"instrument","3000","2","pick-hit","appearances_all_layers","count","0","8035"
"instrument","3000","2","pick-hit","appearances_visible_layers","count","0","2659"
"instrument","3000","2","pick-hit","visible_point_symbols","count","0","1477"
"instrument","3000","2","pick-hit","visible_route_fragments","count","0","604"
"instrument","3000","2","pick-hit","visible_polygon_paths","count","0","277"
"instrument","3000","2","pick-hit","layers","count","0","13"
"instrument","3000","2","pick-hit","visible_layers","count","0","5"
"instrument","3000","2","pick-miss","spatial_pick_sync_ms","ms","0","1"
"instrument","3000","2","pick-miss","spatial_pick_sync_ms","ms","1","0.7000000476837158"
"instrument","3000","2","pick-miss","spatial_pick_sync_ms","ms","2","0.5"
"instrument","3000","2","pick-miss","spatial_pick_sync_ms","ms","3","0.5999999046325684"
"instrument","3000","2","pick-miss","spatial_pick_sync_ms","ms","4","0.5"
"instrument","3000","2","pick-miss","spatial_pick_sync_ms","ms","5","0.5"
"instrument","3000","2","pick-miss","spatial_pick_sync_ms","ms","6","0.5"
"instrument","3000","2","pick-miss","spatial_pick_sync_ms","ms","7","0.5999999046325684"
"instrument","3000","2","pick-miss","spatial_pick_sync_ms","ms","8","0.5"
"instrument","3000","2","pick-miss","spatial_pick_sync_ms","ms","9","0.5"
"instrument","3000","2","pick-miss","spatial_pick_sync_ms","ms","10","0.5"
"instrument","3000","2","pick-miss","spatial_pick_sync_ms","ms","11","0.6000001430511475"
"instrument","3000","2","pick-miss","spatial_pick_sync_ms","ms","12","0.5"
"instrument","3000","2","pick-miss","spatial_pick_sync_ms","ms","13","0.5"
"instrument","3000","2","pick-miss","spatial_pick_sync_ms","ms","14","0.5999999046325684"
"instrument","3000","2","pick-miss","spatial_pick_sync_ms","ms","15","0.5"
"instrument","3000","2","pick-miss","spatial_pick_sync_ms","ms","16","0.5"
"instrument","3000","2","pick-miss","spatial_pick_sync_ms","ms","17","0.6000001430511475"
"instrument","3000","2","pick-miss","spatial_pick_sync_ms","ms","18","0.5"
"instrument","3000","2","pick-miss","spatial_pick_sync_ms","ms","19","0.5"
"instrument","3000","2","pick-miss","spatial_pick_sync_ms","ms","20","0.5"
"instrument","3000","2","pick-miss","spatial_pick_sync_ms","ms","21","0.5"
"instrument","3000","2","pick-miss","spatial_pick_sync_ms","ms","22","0.5999999046325684"
"instrument","3000","2","pick-miss","spatial_pick_sync_ms","ms","23","0.5"
"instrument","3000","2","pick-miss","spatial_pick_sync_ms","ms","24","0.5999999046325684"
"instrument","3000","2","pick-miss","spatial_pick_sync_ms","ms","25","0.5"
"instrument","3000","2","pick-miss","spatial_pick_sync_ms","ms","26","0.5"
"instrument","3000","2","pick-miss","spatial_pick_sync_ms","ms","27","0.5"
"instrument","3000","2","pick-miss","spatial_pick_sync_ms","ms","28","0.6000001430511475"
"instrument","3000","2","pick-miss","spatial_pick_sync_ms","ms","29","0.5"
"instrument","3000","2","pick-miss","spatial_pick_sync_ms","ms","30","0.39999985694885254"
"instrument","3000","2","pick-miss","spatial_pick_sync_ms","ms","31","0.7000000476837158"
"instrument","3000","2","pick-miss","spatial_pick_sync_ms","ms","32","0.40000009536743164"
"instrument","3000","2","pick-miss","spatial_pick_sync_ms","ms","33","0.5999999046325684"
"instrument","3000","2","pick-miss","spatial_pick_sync_ms","ms","34","0.5"
"instrument","3000","2","pick-miss","spatial_pick_sync_ms","ms","35","0.6000001430511475"
"instrument","3000","2","pick-miss","spatial_pick_sync_ms","ms","36","0.5"
"instrument","3000","2","pick-miss","spatial_pick_sync_ms","ms","37","0.5"
"instrument","3000","2","pick-miss","spatial_pick_sync_ms","ms","38","0.5999999046325684"
"instrument","3000","2","pick-miss","spatial_pick_sync_ms","ms","39","0.40000009536743164"
"instrument","3000","2","pick-miss","svg_attribute_writes","count","0","0"
"instrument","3000","2","pick-miss","svg_map_geometry_writes","count","0","0"
"instrument","3000","2","pick-miss","svg_symbol_scale_writes","count","0","0"
"instrument","3000","2","pick-miss","svg_viewbox_writes","count","0","0"
"instrument","3000","2","pick-miss","root_iterator_creations","count","0","0"
"instrument","3000","2","pick-miss","root_iterator_next_calls","count","0","0"
"instrument","3000","2","pick-miss","runtime_points_getter_reads","count","0","0"
"instrument","3000","2","pick-miss","runtime_contour_getter_reads","count","0","0"
"instrument","3000","2","pick-miss","runtime_baseZ_getter_reads","count","0","0"
"instrument","3000","2","pick-miss","runtime_height_getter_reads","count","0","0"
"instrument","3000","2","pick-miss","renderer_scene_reads","count","0","0"
"instrument","3000","2","pick-miss","renderer_entries_exposed","count","0","0"
"instrument","3000","2","pick-miss","renderer_composition_changes","count","0","0"
"instrument","3000","2","pick-miss","renderer_changed_entries","count","0","0"
"instrument","3000","2","pick-miss","renderer_callbacks","count","0","0"
"instrument","3000","2","pick-miss","svg_element_nodes","count","0","16085"
"instrument","3000","2","pick-miss","shadow_element_nodes","count","0","16086"
"instrument","3000","2","pick-miss","shadow_all_nodes","count","0","16089"
"instrument","3000","2","pick-miss","appearances_all_layers","count","0","8035"
"instrument","3000","2","pick-miss","appearances_visible_layers","count","0","2659"
"instrument","3000","2","pick-miss","visible_point_symbols","count","0","1477"
"instrument","3000","2","pick-miss","visible_route_fragments","count","0","604"
"instrument","3000","2","pick-miss","visible_polygon_paths","count","0","277"
"instrument","3000","2","pick-miss","layers","count","0","13"
"instrument","3000","2","pick-miss","visible_layers","count","0","5"
"instrument","5000","0","pick-hit","spatial_pick_sync_ms","ms","0","0.5999999046325684"
"instrument","5000","0","pick-hit","spatial_pick_sync_ms","ms","1","0.20000004768371582"
"instrument","5000","0","pick-hit","spatial_pick_sync_ms","ms","2","0.20000004768371582"
"instrument","5000","0","pick-hit","spatial_pick_sync_ms","ms","3","0.20000004768371582"
"instrument","5000","0","pick-hit","spatial_pick_sync_ms","ms","4","0.19999980926513672"
"instrument","5000","0","pick-hit","spatial_pick_sync_ms","ms","5","0.10000014305114746"
"instrument","5000","0","pick-hit","spatial_pick_sync_ms","ms","6","0.20000004768371582"
"instrument","5000","0","pick-hit","spatial_pick_sync_ms","ms","7","0.19999980926513672"
"instrument","5000","0","pick-hit","spatial_pick_sync_ms","ms","8","0.3000001907348633"
"instrument","5000","0","pick-hit","spatial_pick_sync_ms","ms","9","0.19999980926513672"
"instrument","5000","0","pick-hit","spatial_pick_sync_ms","ms","10","0.20000004768371582"
"instrument","5000","0","pick-hit","spatial_pick_sync_ms","ms","11","0.10000014305114746"
"instrument","5000","0","pick-hit","spatial_pick_sync_ms","ms","12","0.19999980926513672"
"instrument","5000","0","pick-hit","spatial_pick_sync_ms","ms","13","0.3000001907348633"
"instrument","5000","0","pick-hit","spatial_pick_sync_ms","ms","14","0.09999990463256836"
"instrument","5000","0","pick-hit","spatial_pick_sync_ms","ms","15","0.20000004768371582"
"instrument","5000","0","pick-hit","spatial_pick_sync_ms","ms","16","0.09999990463256836"
"instrument","5000","0","pick-hit","spatial_pick_sync_ms","ms","17","0.2999999523162842"
"instrument","5000","0","pick-hit","spatial_pick_sync_ms","ms","18","0.20000004768371582"
"instrument","5000","0","pick-hit","spatial_pick_sync_ms","ms","19","0.10000014305114746"
"instrument","5000","0","pick-hit","spatial_pick_sync_ms","ms","20","0.2999999523162842"
"instrument","5000","0","pick-hit","spatial_pick_sync_ms","ms","21","0.20000004768371582"
"instrument","5000","0","pick-hit","spatial_pick_sync_ms","ms","22","0.19999980926513672"
"instrument","5000","0","pick-hit","spatial_pick_sync_ms","ms","23","0.10000014305114746"
"instrument","5000","0","pick-hit","spatial_pick_sync_ms","ms","24","0.20000004768371582"
"instrument","5000","0","pick-hit","spatial_pick_sync_ms","ms","25","0.19999980926513672"
"instrument","5000","0","pick-hit","spatial_pick_sync_ms","ms","26","0.20000004768371582"
"instrument","5000","0","pick-hit","spatial_pick_sync_ms","ms","27","0.20000004768371582"
"instrument","5000","0","pick-hit","spatial_pick_sync_ms","ms","28","0.20000004768371582"
"instrument","5000","0","pick-hit","spatial_pick_sync_ms","ms","29","0.20000004768371582"
"instrument","5000","0","pick-hit","spatial_pick_sync_ms","ms","30","0.19999980926513672"
"instrument","5000","0","pick-hit","spatial_pick_sync_ms","ms","31","0.20000004768371582"
"instrument","5000","0","pick-hit","spatial_pick_sync_ms","ms","32","0.20000004768371582"
"instrument","5000","0","pick-hit","spatial_pick_sync_ms","ms","33","0.09999990463256836"
"instrument","5000","0","pick-hit","spatial_pick_sync_ms","ms","34","0.3000001907348633"
"instrument","5000","0","pick-hit","spatial_pick_sync_ms","ms","35","0.09999990463256836"
"instrument","5000","0","pick-hit","spatial_pick_sync_ms","ms","36","0.20000004768371582"
"instrument","5000","0","pick-hit","spatial_pick_sync_ms","ms","37","0.20000004768371582"
"instrument","5000","0","pick-hit","spatial_pick_sync_ms","ms","38","0.2999999523162842"
"instrument","5000","0","pick-hit","spatial_pick_sync_ms","ms","39","0.09999990463256836"
"instrument","5000","0","pick-hit","svg_attribute_writes","count","0","0"
"instrument","5000","0","pick-hit","svg_map_geometry_writes","count","0","0"
"instrument","5000","0","pick-hit","svg_symbol_scale_writes","count","0","0"
"instrument","5000","0","pick-hit","svg_viewbox_writes","count","0","0"
"instrument","5000","0","pick-hit","root_iterator_creations","count","0","0"
"instrument","5000","0","pick-hit","root_iterator_next_calls","count","0","0"
"instrument","5000","0","pick-hit","runtime_points_getter_reads","count","0","0"
"instrument","5000","0","pick-hit","runtime_contour_getter_reads","count","0","0"
"instrument","5000","0","pick-hit","runtime_baseZ_getter_reads","count","0","0"
"instrument","5000","0","pick-hit","runtime_height_getter_reads","count","0","0"
"instrument","5000","0","pick-hit","renderer_scene_reads","count","0","0"
"instrument","5000","0","pick-hit","renderer_entries_exposed","count","0","0"
"instrument","5000","0","pick-hit","renderer_composition_changes","count","0","0"
"instrument","5000","0","pick-hit","renderer_changed_entries","count","0","0"
"instrument","5000","0","pick-hit","renderer_callbacks","count","0","0"
"instrument","5000","0","pick-hit","svg_element_nodes","count","0","26837"
"instrument","5000","0","pick-hit","shadow_element_nodes","count","0","26838"
"instrument","5000","0","pick-hit","shadow_all_nodes","count","0","26841"
"instrument","5000","0","pick-hit","appearances_all_layers","count","0","13411"
"instrument","5000","0","pick-hit","appearances_visible_layers","count","0","4433"
"instrument","5000","0","pick-hit","visible_point_symbols","count","0","2479"
"instrument","5000","0","pick-hit","visible_route_fragments","count","0","996"
"instrument","5000","0","pick-hit","visible_polygon_paths","count","0","453"
"instrument","5000","0","pick-hit","layers","count","0","13"
"instrument","5000","0","pick-hit","visible_layers","count","0","5"
"instrument","5000","0","pick-miss","spatial_pick_sync_ms","ms","0","1.7000000476837158"
"instrument","5000","0","pick-miss","spatial_pick_sync_ms","ms","1","1.0999999046325684"
"instrument","5000","0","pick-miss","spatial_pick_sync_ms","ms","2","1"
"instrument","5000","0","pick-miss","spatial_pick_sync_ms","ms","3","1"
"instrument","5000","0","pick-miss","spatial_pick_sync_ms","ms","4","1"
"instrument","5000","0","pick-miss","spatial_pick_sync_ms","ms","5","1.0999999046325684"
"instrument","5000","0","pick-miss","spatial_pick_sync_ms","ms","6","1"
"instrument","5000","0","pick-miss","spatial_pick_sync_ms","ms","7","0.9000000953674316"
"instrument","5000","0","pick-miss","spatial_pick_sync_ms","ms","8","1"
"instrument","5000","0","pick-miss","spatial_pick_sync_ms","ms","9","1.0999999046325684"
"instrument","5000","0","pick-miss","spatial_pick_sync_ms","ms","10","1"
"instrument","5000","0","pick-miss","spatial_pick_sync_ms","ms","11","0.9000000953674316"
"instrument","5000","0","pick-miss","spatial_pick_sync_ms","ms","12","1.0999999046325684"
"instrument","5000","0","pick-miss","spatial_pick_sync_ms","ms","13","1.1000001430511475"
"instrument","5000","0","pick-miss","spatial_pick_sync_ms","ms","14","0.8999998569488525"
"instrument","5000","0","pick-miss","spatial_pick_sync_ms","ms","15","1"
"instrument","5000","0","pick-miss","spatial_pick_sync_ms","ms","16","1"
"instrument","5000","0","pick-miss","spatial_pick_sync_ms","ms","17","1"
"instrument","5000","0","pick-miss","spatial_pick_sync_ms","ms","18","1"
"instrument","5000","0","pick-miss","spatial_pick_sync_ms","ms","19","0.8999998569488525"
"instrument","5000","0","pick-miss","spatial_pick_sync_ms","ms","20","1"
"instrument","5000","0","pick-miss","spatial_pick_sync_ms","ms","21","1"
"instrument","5000","0","pick-miss","spatial_pick_sync_ms","ms","22","1"
"instrument","5000","0","pick-miss","spatial_pick_sync_ms","ms","23","1"
"instrument","5000","0","pick-miss","spatial_pick_sync_ms","ms","24","1"
"instrument","5000","0","pick-miss","spatial_pick_sync_ms","ms","25","1.1000001430511475"
"instrument","5000","0","pick-miss","spatial_pick_sync_ms","ms","26","1"
"instrument","5000","0","pick-miss","spatial_pick_sync_ms","ms","27","1"
"instrument","5000","0","pick-miss","spatial_pick_sync_ms","ms","28","1"
"instrument","5000","0","pick-miss","spatial_pick_sync_ms","ms","29","1"
"instrument","5000","0","pick-miss","spatial_pick_sync_ms","ms","30","1.0999999046325684"
"instrument","5000","0","pick-miss","spatial_pick_sync_ms","ms","31","0.9000000953674316"
"instrument","5000","0","pick-miss","spatial_pick_sync_ms","ms","32","1.0999999046325684"
"instrument","5000","0","pick-miss","spatial_pick_sync_ms","ms","33","0.9000000953674316"
"instrument","5000","0","pick-miss","spatial_pick_sync_ms","ms","34","1"
"instrument","5000","0","pick-miss","spatial_pick_sync_ms","ms","35","1"
"instrument","5000","0","pick-miss","spatial_pick_sync_ms","ms","36","1.0999999046325684"
"instrument","5000","0","pick-miss","spatial_pick_sync_ms","ms","37","0.9000000953674316"
"instrument","5000","0","pick-miss","spatial_pick_sync_ms","ms","38","1.0999999046325684"
"instrument","5000","0","pick-miss","spatial_pick_sync_ms","ms","39","0.9000000953674316"
"instrument","5000","0","pick-miss","svg_attribute_writes","count","0","0"
"instrument","5000","0","pick-miss","svg_map_geometry_writes","count","0","0"
"instrument","5000","0","pick-miss","svg_symbol_scale_writes","count","0","0"
"instrument","5000","0","pick-miss","svg_viewbox_writes","count","0","0"
"instrument","5000","0","pick-miss","root_iterator_creations","count","0","0"
"instrument","5000","0","pick-miss","root_iterator_next_calls","count","0","0"
"instrument","5000","0","pick-miss","runtime_points_getter_reads","count","0","0"
"instrument","5000","0","pick-miss","runtime_contour_getter_reads","count","0","0"
"instrument","5000","0","pick-miss","runtime_baseZ_getter_reads","count","0","0"
"instrument","5000","0","pick-miss","runtime_height_getter_reads","count","0","0"
"instrument","5000","0","pick-miss","renderer_scene_reads","count","0","0"
"instrument","5000","0","pick-miss","renderer_entries_exposed","count","0","0"
"instrument","5000","0","pick-miss","renderer_composition_changes","count","0","0"
"instrument","5000","0","pick-miss","renderer_changed_entries","count","0","0"
"instrument","5000","0","pick-miss","renderer_callbacks","count","0","0"
"instrument","5000","0","pick-miss","svg_element_nodes","count","0","26837"
"instrument","5000","0","pick-miss","shadow_element_nodes","count","0","26838"
"instrument","5000","0","pick-miss","shadow_all_nodes","count","0","26841"
"instrument","5000","0","pick-miss","appearances_all_layers","count","0","13411"
"instrument","5000","0","pick-miss","appearances_visible_layers","count","0","4433"
"instrument","5000","0","pick-miss","visible_point_symbols","count","0","2479"
"instrument","5000","0","pick-miss","visible_route_fragments","count","0","996"
"instrument","5000","0","pick-miss","visible_polygon_paths","count","0","453"
"instrument","5000","0","pick-miss","layers","count","0","13"
"instrument","5000","0","pick-miss","visible_layers","count","0","5"
"instrument","5000","0","floor-switch","operation_sync_ms","ms","0","0"
"instrument","5000","0","floor-switch","operation_to_two_raf_ms","ms","0","31.5"
"instrument","5000","0","floor-switch","raf_interval_ms","ms","0","16.599999999998545"
"instrument","5000","0","floor-switch","svg_mutation_observed","boolean","0","1"
"instrument","5000","0","floor-switch","svg_last_delivery_from_start_ms","ms","0","14.899999856948853"
"instrument","5000","0","floor-switch","post_sync_svg_delivery_ms","ms","0","14.899999856948853"
"instrument","5000","0","floor-switch","svg_attribute_writes","count","0","1"
"instrument","5000","0","floor-switch","svg_map_geometry_writes","count","0","0"
"instrument","5000","0","floor-switch","svg_symbol_scale_writes","count","0","0"
"instrument","5000","0","floor-switch","svg_viewbox_writes","count","0","0"
"instrument","5000","0","floor-switch","root_iterator_creations","count","0","0"
"instrument","5000","0","floor-switch","root_iterator_next_calls","count","0","0"
"instrument","5000","0","floor-switch","runtime_points_getter_reads","count","0","0"
"instrument","5000","0","floor-switch","runtime_contour_getter_reads","count","0","0"
"instrument","5000","0","floor-switch","runtime_baseZ_getter_reads","count","0","0"
"instrument","5000","0","floor-switch","runtime_height_getter_reads","count","0","0"
"instrument","5000","0","floor-switch","renderer_scene_reads","count","0","0"
"instrument","5000","0","floor-switch","renderer_entries_exposed","count","0","0"
"instrument","5000","0","floor-switch","renderer_composition_changes","count","0","0"
"instrument","5000","0","floor-switch","renderer_changed_entries","count","0","0"
"instrument","5000","0","floor-switch","renderer_callbacks","count","0","1"
"instrument","5000","0","floor-switch","svg_element_nodes","count","0","26837"
"instrument","5000","0","floor-switch","shadow_element_nodes","count","0","26838"
"instrument","5000","0","floor-switch","shadow_all_nodes","count","0","26841"
"instrument","5000","0","floor-switch","appearances_all_layers","count","0","13411"
"instrument","5000","0","floor-switch","appearances_visible_layers","count","0","4391"
"instrument","5000","0","floor-switch","visible_point_symbols","count","0","2313"
"instrument","5000","0","floor-switch","visible_route_fragments","count","0","995"
"instrument","5000","0","floor-switch","visible_polygon_paths","count","0","494"
"instrument","5000","0","floor-switch","layers","count","0","13"
"instrument","5000","0","floor-switch","visible_layers","count","0","5"
"instrument","5000","0","vertex-position","operation_sync_ms","ms","0","0"
"instrument","5000","0","vertex-position","operation_to_two_raf_ms","ms","0","30.299999952316284"
"instrument","5000","0","vertex-position","raf_interval_ms","ms","0","16.700000000004366"
"instrument","5000","0","vertex-position","svg_mutation_observed","boolean","0","1"
"instrument","5000","0","vertex-position","svg_last_delivery_from_start_ms","ms","0","13.399999856948853"
"instrument","5000","0","vertex-position","post_sync_svg_delivery_ms","ms","0","13.399999856948853"
"instrument","5000","0","vertex-position","svg_attribute_writes","count","0","4"
"instrument","5000","0","vertex-position","svg_map_geometry_writes","count","0","4"
"instrument","5000","0","vertex-position","svg_symbol_scale_writes","count","0","0"
"instrument","5000","0","vertex-position","svg_viewbox_writes","count","0","0"
"instrument","5000","0","vertex-position","root_iterator_creations","count","0","0"
"instrument","5000","0","vertex-position","root_iterator_next_calls","count","0","0"
"instrument","5000","0","vertex-position","runtime_points_getter_reads","count","0","13"
"instrument","5000","0","vertex-position","runtime_contour_getter_reads","count","0","0"
"instrument","5000","0","vertex-position","runtime_baseZ_getter_reads","count","0","0"
"instrument","5000","0","vertex-position","runtime_height_getter_reads","count","0","0"
"instrument","5000","0","vertex-position","renderer_scene_reads","count","0","0"
"instrument","5000","0","vertex-position","renderer_entries_exposed","count","0","0"
"instrument","5000","0","vertex-position","renderer_composition_changes","count","0","0"
"instrument","5000","0","vertex-position","renderer_changed_entries","count","0","0"
"instrument","5000","0","vertex-position","renderer_callbacks","count","0","1"
"instrument","5000","0","vertex-position","svg_element_nodes","count","0","26837"
"instrument","5000","0","vertex-position","shadow_element_nodes","count","0","26838"
"instrument","5000","0","vertex-position","shadow_all_nodes","count","0","26841"
"instrument","5000","0","vertex-position","appearances_all_layers","count","0","13411"
"instrument","5000","0","vertex-position","appearances_visible_layers","count","0","4433"
"instrument","5000","0","vertex-position","visible_point_symbols","count","0","2479"
"instrument","5000","0","vertex-position","visible_route_fragments","count","0","996"
"instrument","5000","0","vertex-position","visible_polygon_paths","count","0","453"
"instrument","5000","0","vertex-position","layers","count","0","13"
"instrument","5000","0","vertex-position","visible_layers","count","0","5"
"instrument","5000","0","route-add","operation_sync_ms","ms","0","0"
"instrument","5000","0","route-add","operation_to_two_raf_ms","ms","0","63.39999985694885"
"instrument","5000","0","route-add","raf_interval_ms","ms","0","50"
"instrument","5000","0","route-add","svg_mutation_observed","boolean","0","1"
"instrument","5000","0","route-add","svg_last_delivery_from_start_ms","ms","0","59.39999985694885"
"instrument","5000","0","route-add","post_sync_svg_delivery_ms","ms","0","59.39999985694885"
"instrument","5000","0","route-add","svg_attribute_writes","count","0","38"
"instrument","5000","0","route-add","svg_map_geometry_writes","count","0","4"
"instrument","5000","0","route-add","svg_symbol_scale_writes","count","0","1"
"instrument","5000","0","route-add","svg_viewbox_writes","count","0","0"
"instrument","5000","0","route-add","root_iterator_creations","count","0","1"
"instrument","5000","0","route-add","root_iterator_next_calls","count","0","5001"
"instrument","5000","0","route-add","runtime_points_getter_reads","count","0","15922"
"instrument","5000","0","route-add","runtime_contour_getter_reads","count","0","5928"
"instrument","5000","0","route-add","runtime_baseZ_getter_reads","count","0","11844"
"instrument","5000","0","route-add","runtime_height_getter_reads","count","0","11844"
"instrument","5000","0","route-add","renderer_scene_reads","count","0","0"
"instrument","5000","0","route-add","renderer_entries_exposed","count","0","0"
"instrument","5000","0","route-add","renderer_composition_changes","count","0","0"
"instrument","5000","0","route-add","renderer_changed_entries","count","0","0"
"instrument","5000","0","route-add","renderer_callbacks","count","0","1"
"instrument","5000","0","route-add","svg_element_nodes","count","0","26845"
"instrument","5000","0","route-add","shadow_element_nodes","count","0","26846"
"instrument","5000","0","route-add","shadow_all_nodes","count","0","26849"
"instrument","5000","0","route-add","appearances_all_layers","count","0","13415"
"instrument","5000","0","route-add","appearances_visible_layers","count","0","4435"
"instrument","5000","0","route-add","visible_point_symbols","count","0","2480"
"instrument","5000","0","route-add","visible_route_fragments","count","0","997"
"instrument","5000","0","route-add","visible_polygon_paths","count","0","453"
"instrument","5000","0","route-add","layers","count","0","13"
"instrument","5000","0","route-add","visible_layers","count","0","5"
"instrument","5000","0","route-insert","operation_sync_ms","ms","0","0"
"instrument","5000","0","route-insert","operation_to_two_raf_ms","ms","0","62.299999952316284"
"instrument","5000","0","route-insert","raf_interval_ms","ms","0","50"
"instrument","5000","0","route-insert","svg_mutation_observed","boolean","0","1"
"instrument","5000","0","route-insert","svg_last_delivery_from_start_ms","ms","0","58.5"
"instrument","5000","0","route-insert","post_sync_svg_delivery_ms","ms","0","58.5"
"instrument","5000","0","route-insert","svg_attribute_writes","count","0","9"
"instrument","5000","0","route-insert","svg_map_geometry_writes","count","0","2"
"instrument","5000","0","route-insert","svg_symbol_scale_writes","count","0","1"
"instrument","5000","0","route-insert","svg_viewbox_writes","count","0","0"
"instrument","5000","0","route-insert","root_iterator_creations","count","0","1"
"instrument","5000","0","route-insert","root_iterator_next_calls","count","0","5001"
"instrument","5000","0","route-insert","runtime_points_getter_reads","count","0","15919"
"instrument","5000","0","route-insert","runtime_contour_getter_reads","count","0","5928"
"instrument","5000","0","route-insert","runtime_baseZ_getter_reads","count","0","11844"
"instrument","5000","0","route-insert","runtime_height_getter_reads","count","0","11844"
"instrument","5000","0","route-insert","renderer_scene_reads","count","0","0"
"instrument","5000","0","route-insert","renderer_entries_exposed","count","0","0"
"instrument","5000","0","route-insert","renderer_composition_changes","count","0","0"
"instrument","5000","0","route-insert","renderer_changed_entries","count","0","0"
"instrument","5000","0","route-insert","renderer_callbacks","count","0","1"
"instrument","5000","0","route-insert","svg_element_nodes","count","0","26839"
"instrument","5000","0","route-insert","shadow_element_nodes","count","0","26840"
"instrument","5000","0","route-insert","shadow_all_nodes","count","0","26843"
"instrument","5000","0","route-insert","appearances_all_layers","count","0","13412"
"instrument","5000","0","route-insert","appearances_visible_layers","count","0","4434"
"instrument","5000","0","route-insert","visible_point_symbols","count","0","2480"
"instrument","5000","0","route-insert","visible_route_fragments","count","0","996"
"instrument","5000","0","route-insert","visible_polygon_paths","count","0","453"
"instrument","5000","0","route-insert","layers","count","0","13"
"instrument","5000","0","route-insert","visible_layers","count","0","5"
"instrument","5000","0","route-remove","operation_sync_ms","ms","0","0"
"instrument","5000","0","route-remove","operation_to_two_raf_ms","ms","0","61.299999952316284"
"instrument","5000","0","route-remove","raf_interval_ms","ms","0","50"
"instrument","5000","0","route-remove","svg_mutation_observed","boolean","0","1"
"instrument","5000","0","route-remove","svg_last_delivery_from_start_ms","ms","0","58.700000047683716"
"instrument","5000","0","route-remove","post_sync_svg_delivery_ms","ms","0","58.700000047683716"
"instrument","5000","0","route-remove","svg_attribute_writes","count","0","1"
"instrument","5000","0","route-remove","svg_map_geometry_writes","count","0","1"
"instrument","5000","0","route-remove","svg_symbol_scale_writes","count","0","0"
"instrument","5000","0","route-remove","svg_viewbox_writes","count","0","0"
"instrument","5000","0","route-remove","root_iterator_creations","count","0","1"
"instrument","5000","0","route-remove","root_iterator_next_calls","count","0","5001"
"instrument","5000","0","route-remove","runtime_points_getter_reads","count","0","15920"
"instrument","5000","0","route-remove","runtime_contour_getter_reads","count","0","5928"
"instrument","5000","0","route-remove","runtime_baseZ_getter_reads","count","0","11844"
"instrument","5000","0","route-remove","runtime_height_getter_reads","count","0","11844"
"instrument","5000","0","route-remove","renderer_scene_reads","count","0","0"
"instrument","5000","0","route-remove","renderer_entries_exposed","count","0","0"
"instrument","5000","0","route-remove","renderer_composition_changes","count","0","0"
"instrument","5000","0","route-remove","renderer_changed_entries","count","0","0"
"instrument","5000","0","route-remove","renderer_callbacks","count","0","1"
"instrument","5000","0","route-remove","svg_element_nodes","count","0","26835"
"instrument","5000","0","route-remove","shadow_element_nodes","count","0","26836"
"instrument","5000","0","route-remove","shadow_all_nodes","count","0","26839"
"instrument","5000","0","route-remove","appearances_all_layers","count","0","13410"
"instrument","5000","0","route-remove","appearances_visible_layers","count","0","4433"
"instrument","5000","0","route-remove","visible_point_symbols","count","0","2479"
"instrument","5000","0","route-remove","visible_route_fragments","count","0","996"
"instrument","5000","0","route-remove","visible_polygon_paths","count","0","453"
"instrument","5000","0","route-remove","layers","count","0","13"
"instrument","5000","0","route-remove","visible_layers","count","0","5"
"instrument","5000","0","route-replacePoints","operation_sync_ms","ms","0","0"
"instrument","5000","0","route-replacePoints","operation_to_two_raf_ms","ms","0","300.5"
"instrument","5000","0","route-replacePoints","raf_interval_ms","ms","0","283.3000000000029"
"instrument","5000","0","route-replacePoints","svg_mutation_observed","boolean","0","1"
"instrument","5000","0","route-replacePoints","svg_last_delivery_from_start_ms","ms","0","295.2999999523163"
"instrument","5000","0","route-replacePoints","post_sync_svg_delivery_ms","ms","0","295.2999999523163"
"instrument","5000","0","route-replacePoints","svg_attribute_writes","count","0","11"
"instrument","5000","0","route-replacePoints","svg_map_geometry_writes","count","0","4"
"instrument","5000","0","route-replacePoints","svg_symbol_scale_writes","count","0","1"
"instrument","5000","0","route-replacePoints","svg_viewbox_writes","count","0","0"
"instrument","5000","0","route-replacePoints","root_iterator_creations","count","0","1"
"instrument","5000","0","route-replacePoints","root_iterator_next_calls","count","0","5001"
"instrument","5000","0","route-replacePoints","runtime_points_getter_reads","count","0","15919"
"instrument","5000","0","route-replacePoints","runtime_contour_getter_reads","count","0","5928"
"instrument","5000","0","route-replacePoints","runtime_baseZ_getter_reads","count","0","11844"
"instrument","5000","0","route-replacePoints","runtime_height_getter_reads","count","0","11844"
"instrument","5000","0","route-replacePoints","renderer_scene_reads","count","0","0"
"instrument","5000","0","route-replacePoints","renderer_entries_exposed","count","0","0"
"instrument","5000","0","route-replacePoints","renderer_composition_changes","count","0","0"
"instrument","5000","0","route-replacePoints","renderer_changed_entries","count","0","0"
"instrument","5000","0","route-replacePoints","renderer_callbacks","count","0","1"
"instrument","5000","0","route-replacePoints","svg_element_nodes","count","0","26837"
"instrument","5000","0","route-replacePoints","shadow_element_nodes","count","0","26838"
"instrument","5000","0","route-replacePoints","shadow_all_nodes","count","0","26841"
"instrument","5000","0","route-replacePoints","appearances_all_layers","count","0","13411"
"instrument","5000","0","route-replacePoints","appearances_visible_layers","count","0","4434"
"instrument","5000","0","route-replacePoints","visible_point_symbols","count","0","2480"
"instrument","5000","0","route-replacePoints","visible_route_fragments","count","0","996"
"instrument","5000","0","route-replacePoints","visible_polygon_paths","count","0","453"
"instrument","5000","0","route-replacePoints","layers","count","0","13"
"instrument","5000","0","route-replacePoints","visible_layers","count","0","5"
"instrument","5000","0","polygon-vertex","operation_sync_ms","ms","0","0"
"instrument","5000","0","polygon-vertex","operation_to_two_raf_ms","ms","0","22.299999952316284"
"instrument","5000","0","polygon-vertex","raf_interval_ms","ms","0","16.799999999995634"
"instrument","5000","0","polygon-vertex","svg_mutation_observed","boolean","0","1"
"instrument","5000","0","polygon-vertex","svg_last_delivery_from_start_ms","ms","0","5.400000095367432"
"instrument","5000","0","polygon-vertex","post_sync_svg_delivery_ms","ms","0","5.400000095367432"
"instrument","5000","0","polygon-vertex","svg_attribute_writes","count","0","2"
"instrument","5000","0","polygon-vertex","svg_map_geometry_writes","count","0","2"
"instrument","5000","0","polygon-vertex","svg_symbol_scale_writes","count","0","0"
"instrument","5000","0","polygon-vertex","svg_viewbox_writes","count","0","0"
"instrument","5000","0","polygon-vertex","root_iterator_creations","count","0","0"
"instrument","5000","0","polygon-vertex","root_iterator_next_calls","count","0","0"
"instrument","5000","0","polygon-vertex","runtime_points_getter_reads","count","0","0"
"instrument","5000","0","polygon-vertex","runtime_contour_getter_reads","count","0","16"
"instrument","5000","0","polygon-vertex","runtime_baseZ_getter_reads","count","0","12"
"instrument","5000","0","polygon-vertex","runtime_height_getter_reads","count","0","12"
"instrument","5000","0","polygon-vertex","renderer_scene_reads","count","0","0"
"instrument","5000","0","polygon-vertex","renderer_entries_exposed","count","0","0"
"instrument","5000","0","polygon-vertex","renderer_composition_changes","count","0","0"
"instrument","5000","0","polygon-vertex","renderer_changed_entries","count","0","0"
"instrument","5000","0","polygon-vertex","renderer_callbacks","count","0","1"
"instrument","5000","0","polygon-vertex","svg_element_nodes","count","0","26837"
"instrument","5000","0","polygon-vertex","shadow_element_nodes","count","0","26838"
"instrument","5000","0","polygon-vertex","shadow_all_nodes","count","0","26841"
"instrument","5000","0","polygon-vertex","appearances_all_layers","count","0","13411"
"instrument","5000","0","polygon-vertex","appearances_visible_layers","count","0","4433"
"instrument","5000","0","polygon-vertex","visible_point_symbols","count","0","2479"
"instrument","5000","0","polygon-vertex","visible_route_fragments","count","0","996"
"instrument","5000","0","polygon-vertex","visible_polygon_paths","count","0","453"
"instrument","5000","0","polygon-vertex","layers","count","0","13"
"instrument","5000","0","polygon-vertex","visible_layers","count","0","5"
"instrument","5000","0","polygon-baseZ","operation_sync_ms","ms","0","0"
"instrument","5000","0","polygon-baseZ","operation_to_two_raf_ms","ms","0","25.700000047683716"
"instrument","5000","0","polygon-baseZ","raf_interval_ms","ms","0","16.69999999999709"
"instrument","5000","0","polygon-baseZ","svg_mutation_observed","boolean","0","1"
"instrument","5000","0","polygon-baseZ","svg_last_delivery_from_start_ms","ms","0","17.700000047683716"
"instrument","5000","0","polygon-baseZ","post_sync_svg_delivery_ms","ms","0","17.700000047683716"
"instrument","5000","0","polygon-baseZ","svg_attribute_writes","count","0","9"
"instrument","5000","0","polygon-baseZ","svg_map_geometry_writes","count","0","1"
"instrument","5000","0","polygon-baseZ","svg_symbol_scale_writes","count","0","0"
"instrument","5000","0","polygon-baseZ","svg_viewbox_writes","count","0","0"
"instrument","5000","0","polygon-baseZ","root_iterator_creations","count","0","0"
"instrument","5000","0","polygon-baseZ","root_iterator_next_calls","count","0","0"
"instrument","5000","0","polygon-baseZ","runtime_points_getter_reads","count","0","2984"
"instrument","5000","0","polygon-baseZ","runtime_contour_getter_reads","count","0","12"
"instrument","5000","0","polygon-baseZ","runtime_baseZ_getter_reads","count","0","12"
"instrument","5000","0","polygon-baseZ","runtime_height_getter_reads","count","0","12"
"instrument","5000","0","polygon-baseZ","renderer_scene_reads","count","0","0"
"instrument","5000","0","polygon-baseZ","renderer_entries_exposed","count","0","0"
"instrument","5000","0","polygon-baseZ","renderer_composition_changes","count","0","0"
"instrument","5000","0","polygon-baseZ","renderer_changed_entries","count","0","0"
"instrument","5000","0","polygon-baseZ","renderer_callbacks","count","0","1"
"instrument","5000","0","polygon-baseZ","svg_element_nodes","count","0","26837"
"instrument","5000","0","polygon-baseZ","shadow_element_nodes","count","0","26838"
"instrument","5000","0","polygon-baseZ","shadow_all_nodes","count","0","26841"
"instrument","5000","0","polygon-baseZ","appearances_all_layers","count","0","13411"
"instrument","5000","0","polygon-baseZ","appearances_visible_layers","count","0","4432"
"instrument","5000","0","polygon-baseZ","visible_point_symbols","count","0","2479"
"instrument","5000","0","polygon-baseZ","visible_route_fragments","count","0","996"
"instrument","5000","0","polygon-baseZ","visible_polygon_paths","count","0","452"
"instrument","5000","0","polygon-baseZ","layers","count","0","13"
"instrument","5000","0","polygon-baseZ","visible_layers","count","0","5"
"instrument","5000","0","polygon-height","operation_sync_ms","ms","0","0"
"instrument","5000","0","polygon-height","operation_to_two_raf_ms","ms","0","28.5"
"instrument","5000","0","polygon-height","raf_interval_ms","ms","0","16.700000000004366"
"instrument","5000","0","polygon-height","svg_mutation_observed","boolean","0","1"
"instrument","5000","0","polygon-height","svg_last_delivery_from_start_ms","ms","0","20.59999990463257"
"instrument","5000","0","polygon-height","post_sync_svg_delivery_ms","ms","0","20.59999990463257"
"instrument","5000","0","polygon-height","svg_attribute_writes","count","0","0"
"instrument","5000","0","polygon-height","svg_map_geometry_writes","count","0","0"
"instrument","5000","0","polygon-height","svg_symbol_scale_writes","count","0","0"
"instrument","5000","0","polygon-height","svg_viewbox_writes","count","0","0"
"instrument","5000","0","polygon-height","root_iterator_creations","count","0","0"
"instrument","5000","0","polygon-height","root_iterator_next_calls","count","0","0"
"instrument","5000","0","polygon-height","runtime_points_getter_reads","count","0","2984"
"instrument","5000","0","polygon-height","runtime_contour_getter_reads","count","0","4"
"instrument","5000","0","polygon-height","runtime_baseZ_getter_reads","count","0","12"
"instrument","5000","0","polygon-height","runtime_height_getter_reads","count","0","12"
"instrument","5000","0","polygon-height","renderer_scene_reads","count","0","0"
"instrument","5000","0","polygon-height","renderer_entries_exposed","count","0","0"
"instrument","5000","0","polygon-height","renderer_composition_changes","count","0","0"
"instrument","5000","0","polygon-height","renderer_changed_entries","count","0","0"
"instrument","5000","0","polygon-height","renderer_callbacks","count","0","1"
"instrument","5000","0","polygon-height","svg_element_nodes","count","0","26835"
"instrument","5000","0","polygon-height","shadow_element_nodes","count","0","26836"
"instrument","5000","0","polygon-height","shadow_all_nodes","count","0","26839"
"instrument","5000","0","polygon-height","appearances_all_layers","count","0","13410"
"instrument","5000","0","polygon-height","appearances_visible_layers","count","0","4433"
"instrument","5000","0","polygon-height","visible_point_symbols","count","0","2479"
"instrument","5000","0","polygon-height","visible_route_fragments","count","0","996"
"instrument","5000","0","polygon-height","visible_polygon_paths","count","0","453"
"instrument","5000","0","polygon-height","layers","count","0","13"
"instrument","5000","0","polygon-height","visible_layers","count","0","5"
"instrument","5000","0","root-add","operation_sync_ms","ms","0","0.5"
"instrument","5000","0","root-add","operation_to_two_raf_ms","ms","0","70.30000019073486"
"instrument","5000","0","root-add","raf_interval_ms","ms","0","49.900000000001455"
"instrument","5000","0","root-add","svg_mutation_observed","boolean","0","1"
"instrument","5000","0","root-add","svg_last_delivery_from_start_ms","ms","0","66.40000009536743"
"instrument","5000","0","root-add","post_sync_svg_delivery_ms","ms","0","65.90000009536743"
"instrument","5000","0","root-add","svg_attribute_writes","count","0","8"
"instrument","5000","0","root-add","svg_map_geometry_writes","count","0","1"
"instrument","5000","0","root-add","svg_symbol_scale_writes","count","0","1"
"instrument","5000","0","root-add","svg_viewbox_writes","count","0","0"
"instrument","5000","0","root-add","root_iterator_creations","count","0","2"
"instrument","5000","0","root-add","root_iterator_next_calls","count","0","10003"
"instrument","5000","0","root-add","runtime_points_getter_reads","count","0","15919"
"instrument","5000","0","root-add","runtime_contour_getter_reads","count","0","5928"
"instrument","5000","0","root-add","runtime_baseZ_getter_reads","count","0","11844"
"instrument","5000","0","root-add","runtime_height_getter_reads","count","0","11844"
"instrument","5000","0","root-add","renderer_scene_reads","count","0","0"
"instrument","5000","0","root-add","renderer_entries_exposed","count","0","0"
"instrument","5000","0","root-add","renderer_composition_changes","count","0","0"
"instrument","5000","0","root-add","renderer_changed_entries","count","0","0"
"instrument","5000","0","root-add","renderer_callbacks","count","0","1"
"instrument","5000","0","root-add","svg_element_nodes","count","0","26839"
"instrument","5000","0","root-add","shadow_element_nodes","count","0","26840"
"instrument","5000","0","root-add","shadow_all_nodes","count","0","26843"
"instrument","5000","0","root-add","appearances_all_layers","count","0","13412"
"instrument","5000","0","root-add","appearances_visible_layers","count","0","4434"
"instrument","5000","0","root-add","visible_point_symbols","count","0","2480"
"instrument","5000","0","root-add","visible_route_fragments","count","0","996"
"instrument","5000","0","root-add","visible_polygon_paths","count","0","453"
"instrument","5000","0","root-add","layers","count","0","13"
"instrument","5000","0","root-add","visible_layers","count","0","5"
"instrument","5000","0","root-remove","operation_sync_ms","ms","0","0.5"
"instrument","5000","0","root-remove","operation_to_two_raf_ms","ms","0","66"
"instrument","5000","0","root-remove","raf_interval_ms","ms","0","50"
"instrument","5000","0","root-remove","svg_mutation_observed","boolean","0","1"
"instrument","5000","0","root-remove","svg_last_delivery_from_start_ms","ms","0","62.200000047683716"
"instrument","5000","0","root-remove","post_sync_svg_delivery_ms","ms","0","61.700000047683716"
"instrument","5000","0","root-remove","svg_attribute_writes","count","0","0"
"instrument","5000","0","root-remove","svg_map_geometry_writes","count","0","0"
"instrument","5000","0","root-remove","svg_symbol_scale_writes","count","0","0"
"instrument","5000","0","root-remove","svg_viewbox_writes","count","0","0"
"instrument","5000","0","root-remove","root_iterator_creations","count","0","2"
"instrument","5000","0","root-remove","root_iterator_next_calls","count","0","10000"
"instrument","5000","0","root-remove","runtime_points_getter_reads","count","0","15919"
"instrument","5000","0","root-remove","runtime_contour_getter_reads","count","0","5928"
"instrument","5000","0","root-remove","runtime_baseZ_getter_reads","count","0","11844"
"instrument","5000","0","root-remove","runtime_height_getter_reads","count","0","11844"
"instrument","5000","0","root-remove","renderer_scene_reads","count","0","0"
"instrument","5000","0","root-remove","renderer_entries_exposed","count","0","0"
"instrument","5000","0","root-remove","renderer_composition_changes","count","0","0"
"instrument","5000","0","root-remove","renderer_changed_entries","count","0","0"
"instrument","5000","0","root-remove","renderer_callbacks","count","0","1"
"instrument","5000","0","root-remove","svg_element_nodes","count","0","26835"
"instrument","5000","0","root-remove","shadow_element_nodes","count","0","26836"
"instrument","5000","0","root-remove","shadow_all_nodes","count","0","26839"
"instrument","5000","0","root-remove","appearances_all_layers","count","0","13410"
"instrument","5000","0","root-remove","appearances_visible_layers","count","0","4432"
"instrument","5000","0","root-remove","visible_point_symbols","count","0","2478"
"instrument","5000","0","root-remove","visible_route_fragments","count","0","996"
"instrument","5000","0","root-remove","visible_polygon_paths","count","0","453"
"instrument","5000","0","root-remove","layers","count","0","13"
"instrument","5000","0","root-remove","visible_layers","count","0","5"
"instrument","5000","0","layer-direct-add","operation_sync_ms","ms","0","0"
"instrument","5000","0","layer-direct-add","operation_to_two_raf_ms","ms","0","71.29999995231628"
"instrument","5000","0","layer-direct-add","raf_interval_ms","ms","0","50"
"instrument","5000","0","layer-direct-add","svg_mutation_observed","boolean","0","1"
"instrument","5000","0","layer-direct-add","svg_last_delivery_from_start_ms","ms","0","67.39999985694885"
"instrument","5000","0","layer-direct-add","post_sync_svg_delivery_ms","ms","0","67.39999985694885"
"instrument","5000","0","layer-direct-add","svg_attribute_writes","count","0","34"
"instrument","5000","0","layer-direct-add","svg_map_geometry_writes","count","0","4"
"instrument","5000","0","layer-direct-add","svg_symbol_scale_writes","count","0","3"
"instrument","5000","0","layer-direct-add","svg_viewbox_writes","count","0","0"
"instrument","5000","0","layer-direct-add","root_iterator_creations","count","0","1"
"instrument","5000","0","layer-direct-add","root_iterator_next_calls","count","0","5001"
"instrument","5000","0","layer-direct-add","runtime_points_getter_reads","count","0","15920"
"instrument","5000","0","layer-direct-add","runtime_contour_getter_reads","count","0","5928"
"instrument","5000","0","layer-direct-add","runtime_baseZ_getter_reads","count","0","11844"
"instrument","5000","0","layer-direct-add","runtime_height_getter_reads","count","0","11844"
"instrument","5000","0","layer-direct-add","renderer_scene_reads","count","0","0"
"instrument","5000","0","layer-direct-add","renderer_entries_exposed","count","0","0"
"instrument","5000","0","layer-direct-add","renderer_composition_changes","count","0","0"
"instrument","5000","0","layer-direct-add","renderer_changed_entries","count","0","0"
"instrument","5000","0","layer-direct-add","renderer_callbacks","count","0","1"
"instrument","5000","0","layer-direct-add","svg_element_nodes","count","0","26843"
"instrument","5000","0","layer-direct-add","shadow_element_nodes","count","0","26844"
"instrument","5000","0","layer-direct-add","shadow_all_nodes","count","0","26847"
"instrument","5000","0","layer-direct-add","appearances_all_layers","count","0","13414"
"instrument","5000","0","layer-direct-add","appearances_visible_layers","count","0","4436"
"instrument","5000","0","layer-direct-add","visible_point_symbols","count","0","2482"
"instrument","5000","0","layer-direct-add","visible_route_fragments","count","0","996"
"instrument","5000","0","layer-direct-add","visible_polygon_paths","count","0","453"
"instrument","5000","0","layer-direct-add","layers","count","0","13"
"instrument","5000","0","layer-direct-add","visible_layers","count","0","5"
"instrument","5000","0","layer-direct-remove","operation_sync_ms","ms","0","0"
"instrument","5000","0","layer-direct-remove","operation_to_two_raf_ms","ms","0","64.5"
"instrument","5000","0","layer-direct-remove","raf_interval_ms","ms","0","50"
"instrument","5000","0","layer-direct-remove","svg_mutation_observed","boolean","0","1"
"instrument","5000","0","layer-direct-remove","svg_last_delivery_from_start_ms","ms","0","61"
"instrument","5000","0","layer-direct-remove","post_sync_svg_delivery_ms","ms","0","61"
"instrument","5000","0","layer-direct-remove","svg_attribute_writes","count","0","10"
"instrument","5000","0","layer-direct-remove","svg_map_geometry_writes","count","0","1"
"instrument","5000","0","layer-direct-remove","svg_symbol_scale_writes","count","0","0"
"instrument","5000","0","layer-direct-remove","svg_viewbox_writes","count","0","0"
"instrument","5000","0","layer-direct-remove","root_iterator_creations","count","0","1"
"instrument","5000","0","layer-direct-remove","root_iterator_next_calls","count","0","5001"
"instrument","5000","0","layer-direct-remove","runtime_points_getter_reads","count","0","15919"
"instrument","5000","0","layer-direct-remove","runtime_contour_getter_reads","count","0","5928"
"instrument","5000","0","layer-direct-remove","runtime_baseZ_getter_reads","count","0","11844"
"instrument","5000","0","layer-direct-remove","runtime_height_getter_reads","count","0","11844"
"instrument","5000","0","layer-direct-remove","renderer_scene_reads","count","0","0"
"instrument","5000","0","layer-direct-remove","renderer_entries_exposed","count","0","0"
"instrument","5000","0","layer-direct-remove","renderer_composition_changes","count","0","0"
"instrument","5000","0","layer-direct-remove","renderer_changed_entries","count","0","0"
"instrument","5000","0","layer-direct-remove","renderer_callbacks","count","0","1"
"instrument","5000","0","layer-direct-remove","svg_element_nodes","count","0","26833"
"instrument","5000","0","layer-direct-remove","shadow_element_nodes","count","0","26834"
"instrument","5000","0","layer-direct-remove","shadow_all_nodes","count","0","26837"
"instrument","5000","0","layer-direct-remove","appearances_all_layers","count","0","13409"
"instrument","5000","0","layer-direct-remove","appearances_visible_layers","count","0","4431"
"instrument","5000","0","layer-direct-remove","visible_point_symbols","count","0","2477"
"instrument","5000","0","layer-direct-remove","visible_route_fragments","count","0","996"
"instrument","5000","0","layer-direct-remove","visible_polygon_paths","count","0","453"
"instrument","5000","0","layer-direct-remove","layers","count","0","13"
"instrument","5000","0","layer-direct-remove","visible_layers","count","0","5"
"instrument","5000","0","load","load_call_sync_ms","ms","0","104.20000004768372"
"instrument","5000","0","load","load_promise_ms","ms","0","135.5"
"instrument","5000","0","load","operation_to_two_raf_ms","ms","0","233.80000019073486"
"instrument","5000","0","load","raf_interval_ms","ms","0","83.40000000000146"
"instrument","5000","0","load","svg_mutation_observed","boolean","0","1"
"instrument","5000","0","load","svg_last_delivery_from_start_ms","ms","0","192.10000014305115"
"instrument","5000","0","load","post_sync_svg_delivery_ms","ms","0","87.90000009536743"
"instrument","5000","0","load","svg_attribute_writes","count","0","123170"
"instrument","5000","0","load","svg_map_geometry_writes","count","0","18460"
"instrument","5000","0","load","svg_symbol_scale_writes","count","0","7262"
"instrument","5000","0","load","svg_viewbox_writes","count","0","1"
"instrument","5000","0","load","root_iterator_creations","count","0","2"
"instrument","5000","0","load","root_iterator_next_calls","count","0","10002"
"instrument","5000","0","load","runtime_points_getter_reads","count","0","15920"
"instrument","5000","0","load","runtime_contour_getter_reads","count","0","11856"
"instrument","5000","0","load","runtime_baseZ_getter_reads","count","0","11844"
"instrument","5000","0","load","runtime_height_getter_reads","count","0","11844"
"instrument","5000","0","load","renderer_scene_reads","count","0","2"
"instrument","5000","0","load","renderer_entries_exposed","count","0","26822"
"instrument","5000","0","load","renderer_composition_changes","count","0","0"
"instrument","5000","0","load","renderer_changed_entries","count","0","13411"
"instrument","5000","0","load","renderer_callbacks","count","0","1"
"instrument","5000","0","load","svg_element_nodes","count","0","26837"
"instrument","5000","0","load","shadow_element_nodes","count","0","26838"
"instrument","5000","0","load","shadow_all_nodes","count","0","26841"
"instrument","5000","0","load","appearances_all_layers","count","0","13411"
"instrument","5000","0","load","appearances_visible_layers","count","0","13411"
"instrument","5000","0","load","visible_point_symbols","count","0","7262"
"instrument","5000","0","load","visible_route_fragments","count","0","2984"
"instrument","5000","0","load","visible_polygon_paths","count","0","1482"
"instrument","5000","0","load","layers","count","0","13"
"instrument","5000","0","load","visible_layers","count","0","13"
"instrument","5000","0","pan","raf_interval_ms","ms","0","16.69999999999709"
"instrument","5000","0","pan","camera_api_sync_ms","ms","0","0"
"instrument","5000","0","pan","svg_last_delivery_from_start_ms","ms","0","16.699999809265137"
"instrument","5000","0","pan","post_sync_svg_delivery_ms","ms","0","16.699999809265137"
"instrument","5000","0","pan","raf_interval_ms","ms","1","16.700000000004366"
"instrument","5000","0","pan","camera_api_sync_ms","ms","1","0.10000014305114746"
"instrument","5000","0","pan","svg_last_delivery_from_start_ms","ms","1","15.800000190734863"
"instrument","5000","0","pan","post_sync_svg_delivery_ms","ms","1","15.700000047683716"
"instrument","5000","0","pan","raf_interval_ms","ms","2","16.599999999998545"
"instrument","5000","0","pan","camera_api_sync_ms","ms","2","0"
"instrument","5000","0","pan","svg_last_delivery_from_start_ms","ms","2","17.59999990463257"
"instrument","5000","0","pan","post_sync_svg_delivery_ms","ms","2","17.59999990463257"
"instrument","5000","0","pan","raf_interval_ms","ms","3","16.69999999999709"
"instrument","5000","0","pan","camera_api_sync_ms","ms","3","0"
"instrument","5000","0","pan","svg_last_delivery_from_start_ms","ms","3","16.59999990463257"
"instrument","5000","0","pan","post_sync_svg_delivery_ms","ms","3","16.59999990463257"
"instrument","5000","0","pan","raf_interval_ms","ms","4","16.599999999998545"
"instrument","5000","0","pan","camera_api_sync_ms","ms","4","0"
"instrument","5000","0","pan","svg_last_delivery_from_start_ms","ms","4","16.700000047683716"
"instrument","5000","0","pan","post_sync_svg_delivery_ms","ms","4","16.700000047683716"
"instrument","5000","0","pan","raf_interval_ms","ms","5","16.700000000004366"
"instrument","5000","0","pan","camera_api_sync_ms","ms","5","0"
"instrument","5000","0","pan","svg_last_delivery_from_start_ms","ms","5","15.799999952316284"
"instrument","5000","0","pan","post_sync_svg_delivery_ms","ms","5","15.799999952316284"
"instrument","5000","0","pan","raf_interval_ms","ms","6","16.69999999999709"
"instrument","5000","0","pan","camera_api_sync_ms","ms","6","0"
"instrument","5000","0","pan","svg_last_delivery_from_start_ms","ms","6","17.5"
"instrument","5000","0","pan","post_sync_svg_delivery_ms","ms","6","17.5"
"instrument","5000","0","pan","raf_interval_ms","ms","7","16.700000000004366"
"instrument","5000","0","pan","camera_api_sync_ms","ms","7","0"
"instrument","5000","0","pan","svg_last_delivery_from_start_ms","ms","7","16"
"instrument","5000","0","pan","post_sync_svg_delivery_ms","ms","7","16"
"instrument","5000","0","pan","raf_interval_ms","ms","8","16.69999999999709"
"instrument","5000","0","pan","camera_api_sync_ms","ms","8","0"
"instrument","5000","0","pan","svg_last_delivery_from_start_ms","ms","8","17.300000190734863"
"instrument","5000","0","pan","post_sync_svg_delivery_ms","ms","8","17.300000190734863"
"instrument","5000","0","pan","raf_interval_ms","ms","9","16.599999999998545"
"instrument","5000","0","pan","camera_api_sync_ms","ms","9","0"
"instrument","5000","0","pan","svg_last_delivery_from_start_ms","ms","9","16.699999809265137"
"instrument","5000","0","pan","post_sync_svg_delivery_ms","ms","9","16.699999809265137"
"instrument","5000","0","pan","raf_interval_ms","ms","10","16.599999999998545"
"instrument","5000","0","pan","camera_api_sync_ms","ms","10","0"
"instrument","5000","0","pan","svg_last_delivery_from_start_ms","ms","10","15.800000190734863"
"instrument","5000","0","pan","post_sync_svg_delivery_ms","ms","10","15.800000190734863"
"instrument","5000","0","pan","raf_interval_ms","ms","11","16.80000000000291"
"instrument","5000","0","pan","camera_api_sync_ms","ms","11","0"
"instrument","5000","0","pan","svg_last_delivery_from_start_ms","ms","11","17.09999990463257"
"instrument","5000","0","pan","post_sync_svg_delivery_ms","ms","11","17.09999990463257"
"instrument","5000","0","pan","raf_interval_ms","ms","12","16.599999999998545"
"instrument","5000","0","pan","camera_api_sync_ms","ms","12","0"
"instrument","5000","0","pan","svg_last_delivery_from_start_ms","ms","12","17"
"instrument","5000","0","pan","post_sync_svg_delivery_ms","ms","12","17"
"instrument","5000","0","pan","raf_interval_ms","ms","13","16.700000000004366"
"instrument","5000","0","pan","camera_api_sync_ms","ms","13","0"
"instrument","5000","0","pan","svg_last_delivery_from_start_ms","ms","13","16.799999952316284"
"instrument","5000","0","pan","post_sync_svg_delivery_ms","ms","13","16.799999952316284"
"instrument","5000","0","pan","raf_interval_ms","ms","14","16.599999999998545"
"instrument","5000","0","pan","camera_api_sync_ms","ms","14","0"
"instrument","5000","0","pan","svg_last_delivery_from_start_ms","ms","14","16.600000143051147"
"instrument","5000","0","pan","post_sync_svg_delivery_ms","ms","14","16.600000143051147"
"instrument","5000","0","pan","raf_interval_ms","ms","15","16.599999999998545"
"instrument","5000","0","pan","camera_api_sync_ms","ms","15","0.09999990463256836"
"instrument","5000","0","pan","svg_last_delivery_from_start_ms","ms","15","15.599999904632568"
"instrument","5000","0","pan","post_sync_svg_delivery_ms","ms","15","15.5"
"instrument","5000","0","pan","raf_interval_ms","ms","16","16.69999999999709"
"instrument","5000","0","pan","camera_api_sync_ms","ms","16","0.09999990463256836"
"instrument","5000","0","pan","svg_last_delivery_from_start_ms","ms","16","17.799999952316284"
"instrument","5000","0","pan","post_sync_svg_delivery_ms","ms","16","17.700000047683716"
"instrument","5000","0","pan","raf_interval_ms","ms","17","16.700000000004366"
"instrument","5000","0","pan","camera_api_sync_ms","ms","17","0"
"instrument","5000","0","pan","svg_last_delivery_from_start_ms","ms","17","16.299999952316284"
"instrument","5000","0","pan","post_sync_svg_delivery_ms","ms","17","16.299999952316284"
"instrument","5000","0","pan","raf_interval_ms","ms","18","16.69999999999709"
"instrument","5000","0","pan","camera_api_sync_ms","ms","18","0"
"instrument","5000","0","pan","svg_last_delivery_from_start_ms","ms","18","16.899999856948853"
"instrument","5000","0","pan","post_sync_svg_delivery_ms","ms","18","16.899999856948853"
"instrument","5000","0","pan","raf_interval_ms","ms","19","16.700000000004366"
"instrument","5000","0","pan","camera_api_sync_ms","ms","19","0"
"instrument","5000","0","pan","svg_last_delivery_from_start_ms","ms","19","16.300000190734863"
"instrument","5000","0","pan","post_sync_svg_delivery_ms","ms","19","16.300000190734863"
"instrument","5000","0","pan","raf_interval_ms","ms","20","16.599999999998545"
"instrument","5000","0","pan","camera_api_sync_ms","ms","20","0"
"instrument","5000","0","pan","svg_last_delivery_from_start_ms","ms","20","17"
"instrument","5000","0","pan","post_sync_svg_delivery_ms","ms","20","17"
"instrument","5000","0","pan","raf_interval_ms","ms","21","16.69999999999709"
"instrument","5000","0","pan","camera_api_sync_ms","ms","21","0"
"instrument","5000","0","pan","svg_last_delivery_from_start_ms","ms","21","15.699999809265137"
"instrument","5000","0","pan","post_sync_svg_delivery_ms","ms","21","15.699999809265137"
"instrument","5000","0","pan","raf_interval_ms","ms","22","16.599999999998545"
"instrument","5000","0","pan","camera_api_sync_ms","ms","22","0"
"instrument","5000","0","pan","svg_last_delivery_from_start_ms","ms","22","16.800000190734863"
"instrument","5000","0","pan","post_sync_svg_delivery_ms","ms","22","16.800000190734863"
"instrument","5000","0","pan","raf_interval_ms","ms","23","16.700000000004366"
"instrument","5000","0","pan","camera_api_sync_ms","ms","23","0.09999990463256836"
"instrument","5000","0","pan","svg_last_delivery_from_start_ms","ms","23","17.59999990463257"
"instrument","5000","0","pan","post_sync_svg_delivery_ms","ms","23","17.5"
"instrument","5000","0","pan","svg_attribute_writes","count","0","24"
"instrument","5000","0","pan","svg_map_geometry_writes","count","0","0"
"instrument","5000","0","pan","svg_symbol_scale_writes","count","0","0"
"instrument","5000","0","pan","svg_viewbox_writes","count","0","24"
"instrument","5000","0","pan","root_iterator_creations","count","0","0"
"instrument","5000","0","pan","root_iterator_next_calls","count","0","0"
"instrument","5000","0","pan","runtime_points_getter_reads","count","0","0"
"instrument","5000","0","pan","runtime_contour_getter_reads","count","0","0"
"instrument","5000","0","pan","runtime_baseZ_getter_reads","count","0","0"
"instrument","5000","0","pan","runtime_height_getter_reads","count","0","0"
"instrument","5000","0","pan","renderer_scene_reads","count","0","0"
"instrument","5000","0","pan","renderer_entries_exposed","count","0","0"
"instrument","5000","0","pan","renderer_composition_changes","count","0","0"
"instrument","5000","0","pan","renderer_changed_entries","count","0","0"
"instrument","5000","0","pan","renderer_callbacks","count","0","24"
"instrument","5000","0","pan","svg_element_nodes","count","0","26837"
"instrument","5000","0","pan","shadow_element_nodes","count","0","26838"
"instrument","5000","0","pan","shadow_all_nodes","count","0","26841"
"instrument","5000","0","pan","appearances_all_layers","count","0","13411"
"instrument","5000","0","pan","appearances_visible_layers","count","0","4433"
"instrument","5000","0","pan","visible_point_symbols","count","0","2479"
"instrument","5000","0","pan","visible_route_fragments","count","0","996"
"instrument","5000","0","pan","visible_polygon_paths","count","0","453"
"instrument","5000","0","pan","layers","count","0","13"
"instrument","5000","0","pan","visible_layers","count","0","5"
"instrument","5000","0","zoom","raf_interval_ms","ms","0","16.700000000004366"
"instrument","5000","0","zoom","camera_api_sync_ms","ms","0","0"
"instrument","5000","0","zoom","svg_last_delivery_from_start_ms","ms","0","26"
"instrument","5000","0","zoom","post_sync_svg_delivery_ms","ms","0","26"
"instrument","5000","0","zoom","raf_interval_ms","ms","1","16.599999999998545"
"instrument","5000","0","zoom","camera_api_sync_ms","ms","1","0"
"instrument","5000","0","zoom","svg_last_delivery_from_start_ms","ms","1","23.299999952316284"
"instrument","5000","0","zoom","post_sync_svg_delivery_ms","ms","1","23.299999952316284"
"instrument","5000","0","zoom","raf_interval_ms","ms","2","16.69999999999709"
"instrument","5000","0","zoom","camera_api_sync_ms","ms","2","0"
"instrument","5000","0","zoom","svg_last_delivery_from_start_ms","ms","2","25.600000143051147"
"instrument","5000","0","zoom","post_sync_svg_delivery_ms","ms","2","25.600000143051147"
"instrument","5000","0","zoom","raf_interval_ms","ms","3","33.30000000000291"
"instrument","5000","0","zoom","camera_api_sync_ms","ms","3","0"
"instrument","5000","0","zoom","svg_last_delivery_from_start_ms","ms","3","24.59999990463257"
"instrument","5000","0","zoom","post_sync_svg_delivery_ms","ms","3","24.59999990463257"
"instrument","5000","0","zoom","raf_interval_ms","ms","4","16.599999999998545"
"instrument","5000","0","zoom","camera_api_sync_ms","ms","4","0"
"instrument","5000","0","zoom","svg_last_delivery_from_start_ms","ms","4","27.5"
"instrument","5000","0","zoom","post_sync_svg_delivery_ms","ms","4","27.5"
"instrument","5000","0","zoom","raf_interval_ms","ms","5","33.30000000000291"
"instrument","5000","0","zoom","camera_api_sync_ms","ms","5","0"
"instrument","5000","0","zoom","svg_last_delivery_from_start_ms","ms","5","30.100000143051147"
"instrument","5000","0","zoom","post_sync_svg_delivery_ms","ms","5","30.100000143051147"
"instrument","5000","0","zoom","raf_interval_ms","ms","6","33.5"
"instrument","5000","0","zoom","camera_api_sync_ms","ms","6","0.09999990463256836"
"instrument","5000","0","zoom","svg_last_delivery_from_start_ms","ms","6","47.39999985694885"
"instrument","5000","0","zoom","post_sync_svg_delivery_ms","ms","6","47.299999952316284"
"instrument","5000","0","zoom","raf_interval_ms","ms","7","49.89999999999418"
"instrument","5000","0","zoom","camera_api_sync_ms","ms","7","0"
"instrument","5000","0","zoom","svg_last_delivery_from_start_ms","ms","7","28.90000009536743"
"instrument","5000","0","zoom","post_sync_svg_delivery_ms","ms","7","28.90000009536743"
"instrument","5000","0","zoom","raf_interval_ms","ms","8","16.700000000004366"
"instrument","5000","0","zoom","camera_api_sync_ms","ms","8","0"
"instrument","5000","0","zoom","svg_last_delivery_from_start_ms","ms","8","27.299999952316284"
"instrument","5000","0","zoom","post_sync_svg_delivery_ms","ms","8","27.299999952316284"
"instrument","5000","0","zoom","raf_interval_ms","ms","9","33.400000000001455"
"instrument","5000","0","zoom","camera_api_sync_ms","ms","9","0.10000014305114746"
"instrument","5000","0","zoom","svg_last_delivery_from_start_ms","ms","9","21.200000047683716"
"instrument","5000","0","zoom","post_sync_svg_delivery_ms","ms","9","21.09999990463257"
"instrument","5000","0","zoom","raf_interval_ms","ms","10","16.599999999998545"
"instrument","5000","0","zoom","camera_api_sync_ms","ms","10","0"
"instrument","5000","0","zoom","svg_last_delivery_from_start_ms","ms","10","22.59999990463257"
"instrument","5000","0","zoom","post_sync_svg_delivery_ms","ms","10","22.59999990463257"
"instrument","5000","0","zoom","raf_interval_ms","ms","11","33.299999999995634"
"instrument","5000","0","zoom","camera_api_sync_ms","ms","11","0"
"instrument","5000","0","zoom","svg_last_delivery_from_start_ms","ms","11","21.5"
"instrument","5000","0","zoom","post_sync_svg_delivery_ms","ms","11","21.5"
"instrument","5000","0","zoom","raf_interval_ms","ms","12","16.700000000004366"
"instrument","5000","0","zoom","camera_api_sync_ms","ms","12","0"
"instrument","5000","0","zoom","svg_last_delivery_from_start_ms","ms","12","21.90000009536743"
"instrument","5000","0","zoom","post_sync_svg_delivery_ms","ms","12","21.90000009536743"
"instrument","5000","0","zoom","raf_interval_ms","ms","13","16.599999999998545"
"instrument","5000","0","zoom","camera_api_sync_ms","ms","13","0"
"instrument","5000","0","zoom","svg_last_delivery_from_start_ms","ms","13","22.799999952316284"
"instrument","5000","0","zoom","post_sync_svg_delivery_ms","ms","13","22.799999952316284"
"instrument","5000","0","zoom","raf_interval_ms","ms","14","16.80000000000291"
"instrument","5000","0","zoom","camera_api_sync_ms","ms","14","0"
"instrument","5000","0","zoom","svg_last_delivery_from_start_ms","ms","14","22.299999952316284"
"instrument","5000","0","zoom","post_sync_svg_delivery_ms","ms","14","22.299999952316284"
"instrument","5000","0","zoom","raf_interval_ms","ms","15","33.19999999999709"
"instrument","5000","0","zoom","camera_api_sync_ms","ms","15","0"
"instrument","5000","0","zoom","svg_last_delivery_from_start_ms","ms","15","20.800000190734863"
"instrument","5000","0","zoom","post_sync_svg_delivery_ms","ms","15","20.800000190734863"
"instrument","5000","0","zoom","raf_interval_ms","ms","16","16.69999999999709"
"instrument","5000","0","zoom","camera_api_sync_ms","ms","16","0"
"instrument","5000","0","zoom","svg_last_delivery_from_start_ms","ms","16","23.199999809265137"
"instrument","5000","0","zoom","post_sync_svg_delivery_ms","ms","16","23.199999809265137"
"instrument","5000","0","zoom","raf_interval_ms","ms","17","16.700000000004366"
"instrument","5000","0","zoom","camera_api_sync_ms","ms","17","0"
"instrument","5000","0","zoom","svg_last_delivery_from_start_ms","ms","17","22.100000143051147"
"instrument","5000","0","zoom","post_sync_svg_delivery_ms","ms","17","22.100000143051147"
"instrument","5000","0","zoom","raf_interval_ms","ms","18","33.299999999995634"
"instrument","5000","0","zoom","camera_api_sync_ms","ms","18","0.09999990463256836"
"instrument","5000","0","zoom","svg_last_delivery_from_start_ms","ms","18","285.59999990463257"
"instrument","5000","0","zoom","post_sync_svg_delivery_ms","ms","18","285.5"
"instrument","5000","0","zoom","raf_interval_ms","ms","19","16.60000000000582"
"instrument","5000","0","zoom","camera_api_sync_ms","ms","19","0"
"instrument","5000","0","zoom","svg_last_delivery_from_start_ms","ms","19","23.90000009536743"
"instrument","5000","0","zoom","post_sync_svg_delivery_ms","ms","19","23.90000009536743"
"instrument","5000","0","zoom","raf_interval_ms","ms","20","283.3999999999942"
"instrument","5000","0","zoom","camera_api_sync_ms","ms","20","0"
"instrument","5000","0","zoom","svg_last_delivery_from_start_ms","ms","20","22.09999990463257"
"instrument","5000","0","zoom","post_sync_svg_delivery_ms","ms","20","22.09999990463257"
"instrument","5000","0","zoom","raf_interval_ms","ms","21","33.30000000000291"
"instrument","5000","0","zoom","camera_api_sync_ms","ms","21","0"
"instrument","5000","0","zoom","svg_last_delivery_from_start_ms","ms","21","32.799999952316284"
"instrument","5000","0","zoom","post_sync_svg_delivery_ms","ms","21","32.799999952316284"
"instrument","5000","0","zoom","raf_interval_ms","ms","22","33.400000000001455"
"instrument","5000","0","zoom","camera_api_sync_ms","ms","22","0"
"instrument","5000","0","zoom","svg_last_delivery_from_start_ms","ms","22","21.300000190734863"
"instrument","5000","0","zoom","post_sync_svg_delivery_ms","ms","22","21.300000190734863"
"instrument","5000","0","zoom","raf_interval_ms","ms","23","16.69999999999709"
"instrument","5000","0","zoom","camera_api_sync_ms","ms","23","0"
"instrument","5000","0","zoom","svg_last_delivery_from_start_ms","ms","23","25.90000009536743"
"instrument","5000","0","zoom","post_sync_svg_delivery_ms","ms","23","25.90000009536743"
"instrument","5000","0","zoom","svg_attribute_writes","count","0","174312"
"instrument","5000","0","zoom","svg_map_geometry_writes","count","0","0"
"instrument","5000","0","zoom","svg_symbol_scale_writes","count","0","174288"
"instrument","5000","0","zoom","svg_viewbox_writes","count","0","24"
"instrument","5000","0","zoom","root_iterator_creations","count","0","0"
"instrument","5000","0","zoom","root_iterator_next_calls","count","0","0"
"instrument","5000","0","zoom","runtime_points_getter_reads","count","0","0"
"instrument","5000","0","zoom","runtime_contour_getter_reads","count","0","0"
"instrument","5000","0","zoom","runtime_baseZ_getter_reads","count","0","0"
"instrument","5000","0","zoom","runtime_height_getter_reads","count","0","0"
"instrument","5000","0","zoom","renderer_scene_reads","count","0","0"
"instrument","5000","0","zoom","renderer_entries_exposed","count","0","0"
"instrument","5000","0","zoom","renderer_composition_changes","count","0","0"
"instrument","5000","0","zoom","renderer_changed_entries","count","0","0"
"instrument","5000","0","zoom","renderer_callbacks","count","0","24"
"instrument","5000","0","zoom","svg_element_nodes","count","0","26837"
"instrument","5000","0","zoom","shadow_element_nodes","count","0","26838"
"instrument","5000","0","zoom","shadow_all_nodes","count","0","26841"
"instrument","5000","0","zoom","appearances_all_layers","count","0","13411"
"instrument","5000","0","zoom","appearances_visible_layers","count","0","4433"
"instrument","5000","0","zoom","visible_point_symbols","count","0","2479"
"instrument","5000","0","zoom","visible_route_fragments","count","0","996"
"instrument","5000","0","zoom","visible_polygon_paths","count","0","453"
"instrument","5000","0","zoom","layers","count","0","13"
"instrument","5000","0","zoom","visible_layers","count","0","5"
"instrument","5000","1","pick-miss","spatial_pick_sync_ms","ms","0","1.9000000953674316"
"instrument","5000","1","pick-miss","spatial_pick_sync_ms","ms","1","1.0999999046325684"
"instrument","5000","1","pick-miss","spatial_pick_sync_ms","ms","2","1"
"instrument","5000","1","pick-miss","spatial_pick_sync_ms","ms","3","1"
"instrument","5000","1","pick-miss","spatial_pick_sync_ms","ms","4","1.1000001430511475"
"instrument","5000","1","pick-miss","spatial_pick_sync_ms","ms","5","0.8999998569488525"
"instrument","5000","1","pick-miss","spatial_pick_sync_ms","ms","6","1"
"instrument","5000","1","pick-miss","spatial_pick_sync_ms","ms","7","1.1000001430511475"
"instrument","5000","1","pick-miss","spatial_pick_sync_ms","ms","8","1"
"instrument","5000","1","pick-miss","spatial_pick_sync_ms","ms","9","1"
"instrument","5000","1","pick-miss","spatial_pick_sync_ms","ms","10","1"
"instrument","5000","1","pick-miss","spatial_pick_sync_ms","ms","11","1"
"instrument","5000","1","pick-miss","spatial_pick_sync_ms","ms","12","1"
"instrument","5000","1","pick-miss","spatial_pick_sync_ms","ms","13","1.0999999046325684"
"instrument","5000","1","pick-miss","spatial_pick_sync_ms","ms","14","0.9000000953674316"
"instrument","5000","1","pick-miss","spatial_pick_sync_ms","ms","15","1.0999999046325684"
"instrument","5000","1","pick-miss","spatial_pick_sync_ms","ms","16","0.9000000953674316"
"instrument","5000","1","pick-miss","spatial_pick_sync_ms","ms","17","1.0999999046325684"
"instrument","5000","1","pick-miss","spatial_pick_sync_ms","ms","18","1"
"instrument","5000","1","pick-miss","spatial_pick_sync_ms","ms","19","1"
"instrument","5000","1","pick-miss","spatial_pick_sync_ms","ms","20","1"
"instrument","5000","1","pick-miss","spatial_pick_sync_ms","ms","21","1.1000001430511475"
"instrument","5000","1","pick-miss","spatial_pick_sync_ms","ms","22","0.8999998569488525"
"instrument","5000","1","pick-miss","spatial_pick_sync_ms","ms","23","1.1000001430511475"
"instrument","5000","1","pick-miss","spatial_pick_sync_ms","ms","24","0.8999998569488525"
"instrument","5000","1","pick-miss","spatial_pick_sync_ms","ms","25","1"
"instrument","5000","1","pick-miss","spatial_pick_sync_ms","ms","26","1.1000001430511475"
"instrument","5000","1","pick-miss","spatial_pick_sync_ms","ms","27","1"
"instrument","5000","1","pick-miss","spatial_pick_sync_ms","ms","28","1"
"instrument","5000","1","pick-miss","spatial_pick_sync_ms","ms","29","1"
"instrument","5000","1","pick-miss","spatial_pick_sync_ms","ms","30","0.8999998569488525"
"instrument","5000","1","pick-miss","spatial_pick_sync_ms","ms","31","1.1000001430511475"
"instrument","5000","1","pick-miss","spatial_pick_sync_ms","ms","32","1"
"instrument","5000","1","pick-miss","spatial_pick_sync_ms","ms","33","1"
"instrument","5000","1","pick-miss","spatial_pick_sync_ms","ms","34","1"
"instrument","5000","1","pick-miss","spatial_pick_sync_ms","ms","35","1.0999999046325684"
"instrument","5000","1","pick-miss","spatial_pick_sync_ms","ms","36","0.9000000953674316"
"instrument","5000","1","pick-miss","spatial_pick_sync_ms","ms","37","1.0999999046325684"
"instrument","5000","1","pick-miss","spatial_pick_sync_ms","ms","38","1"
"instrument","5000","1","pick-miss","spatial_pick_sync_ms","ms","39","1"
"instrument","5000","1","pick-miss","svg_attribute_writes","count","0","0"
"instrument","5000","1","pick-miss","svg_map_geometry_writes","count","0","0"
"instrument","5000","1","pick-miss","svg_symbol_scale_writes","count","0","0"
"instrument","5000","1","pick-miss","svg_viewbox_writes","count","0","0"
"instrument","5000","1","pick-miss","root_iterator_creations","count","0","0"
"instrument","5000","1","pick-miss","root_iterator_next_calls","count","0","0"
"instrument","5000","1","pick-miss","runtime_points_getter_reads","count","0","0"
"instrument","5000","1","pick-miss","runtime_contour_getter_reads","count","0","0"
"instrument","5000","1","pick-miss","runtime_baseZ_getter_reads","count","0","0"
"instrument","5000","1","pick-miss","runtime_height_getter_reads","count","0","0"
"instrument","5000","1","pick-miss","renderer_scene_reads","count","0","0"
"instrument","5000","1","pick-miss","renderer_entries_exposed","count","0","0"
"instrument","5000","1","pick-miss","renderer_composition_changes","count","0","0"
"instrument","5000","1","pick-miss","renderer_changed_entries","count","0","0"
"instrument","5000","1","pick-miss","renderer_callbacks","count","0","0"
"instrument","5000","1","pick-miss","svg_element_nodes","count","0","26837"
"instrument","5000","1","pick-miss","shadow_element_nodes","count","0","26838"
"instrument","5000","1","pick-miss","shadow_all_nodes","count","0","26841"
"instrument","5000","1","pick-miss","appearances_all_layers","count","0","13411"
"instrument","5000","1","pick-miss","appearances_visible_layers","count","0","4433"
"instrument","5000","1","pick-miss","visible_point_symbols","count","0","2479"
"instrument","5000","1","pick-miss","visible_route_fragments","count","0","996"
"instrument","5000","1","pick-miss","visible_polygon_paths","count","0","453"
"instrument","5000","1","pick-miss","layers","count","0","13"
"instrument","5000","1","pick-miss","visible_layers","count","0","5"
"instrument","5000","1","floor-switch","operation_sync_ms","ms","0","0"
"instrument","5000","1","floor-switch","operation_to_two_raf_ms","ms","0","26.5"
"instrument","5000","1","floor-switch","raf_interval_ms","ms","0","16.69999999999709"
"instrument","5000","1","floor-switch","svg_mutation_observed","boolean","0","1"
"instrument","5000","1","floor-switch","svg_last_delivery_from_start_ms","ms","0","10.400000095367432"
"instrument","5000","1","floor-switch","post_sync_svg_delivery_ms","ms","0","10.400000095367432"
"instrument","5000","1","floor-switch","svg_attribute_writes","count","0","1"
"instrument","5000","1","floor-switch","svg_map_geometry_writes","count","0","0"
"instrument","5000","1","floor-switch","svg_symbol_scale_writes","count","0","0"
"instrument","5000","1","floor-switch","svg_viewbox_writes","count","0","0"
"instrument","5000","1","floor-switch","root_iterator_creations","count","0","0"
"instrument","5000","1","floor-switch","root_iterator_next_calls","count","0","0"
"instrument","5000","1","floor-switch","runtime_points_getter_reads","count","0","0"
"instrument","5000","1","floor-switch","runtime_contour_getter_reads","count","0","0"
"instrument","5000","1","floor-switch","runtime_baseZ_getter_reads","count","0","0"
"instrument","5000","1","floor-switch","runtime_height_getter_reads","count","0","0"
"instrument","5000","1","floor-switch","renderer_scene_reads","count","0","0"
"instrument","5000","1","floor-switch","renderer_entries_exposed","count","0","0"
"instrument","5000","1","floor-switch","renderer_composition_changes","count","0","0"
"instrument","5000","1","floor-switch","renderer_changed_entries","count","0","0"
"instrument","5000","1","floor-switch","renderer_callbacks","count","0","1"
"instrument","5000","1","floor-switch","svg_element_nodes","count","0","26837"
"instrument","5000","1","floor-switch","shadow_element_nodes","count","0","26838"
"instrument","5000","1","floor-switch","shadow_all_nodes","count","0","26841"
"instrument","5000","1","floor-switch","appearances_all_layers","count","0","13411"
"instrument","5000","1","floor-switch","appearances_visible_layers","count","0","4391"
"instrument","5000","1","floor-switch","visible_point_symbols","count","0","2313"
"instrument","5000","1","floor-switch","visible_route_fragments","count","0","995"
"instrument","5000","1","floor-switch","visible_polygon_paths","count","0","494"
"instrument","5000","1","floor-switch","layers","count","0","13"
"instrument","5000","1","floor-switch","visible_layers","count","0","5"
"instrument","5000","1","vertex-position","operation_sync_ms","ms","0","0"
"instrument","5000","1","vertex-position","operation_to_two_raf_ms","ms","0","19.59999990463257"
"instrument","5000","1","vertex-position","raf_interval_ms","ms","0","16.69999999999709"
"instrument","5000","1","vertex-position","svg_mutation_observed","boolean","0","1"
"instrument","5000","1","vertex-position","svg_last_delivery_from_start_ms","ms","0","5.299999952316284"
"instrument","5000","1","vertex-position","post_sync_svg_delivery_ms","ms","0","5.299999952316284"
"instrument","5000","1","vertex-position","svg_attribute_writes","count","0","4"
"instrument","5000","1","vertex-position","svg_map_geometry_writes","count","0","4"
"instrument","5000","1","vertex-position","svg_symbol_scale_writes","count","0","0"
"instrument","5000","1","vertex-position","svg_viewbox_writes","count","0","0"
"instrument","5000","1","vertex-position","root_iterator_creations","count","0","0"
"instrument","5000","1","vertex-position","root_iterator_next_calls","count","0","0"
"instrument","5000","1","vertex-position","runtime_points_getter_reads","count","0","13"
"instrument","5000","1","vertex-position","runtime_contour_getter_reads","count","0","0"
"instrument","5000","1","vertex-position","runtime_baseZ_getter_reads","count","0","0"
"instrument","5000","1","vertex-position","runtime_height_getter_reads","count","0","0"
"instrument","5000","1","vertex-position","renderer_scene_reads","count","0","0"
"instrument","5000","1","vertex-position","renderer_entries_exposed","count","0","0"
"instrument","5000","1","vertex-position","renderer_composition_changes","count","0","0"
"instrument","5000","1","vertex-position","renderer_changed_entries","count","0","0"
"instrument","5000","1","vertex-position","renderer_callbacks","count","0","1"
"instrument","5000","1","vertex-position","svg_element_nodes","count","0","26837"
"instrument","5000","1","vertex-position","shadow_element_nodes","count","0","26838"
"instrument","5000","1","vertex-position","shadow_all_nodes","count","0","26841"
"instrument","5000","1","vertex-position","appearances_all_layers","count","0","13411"
"instrument","5000","1","vertex-position","appearances_visible_layers","count","0","4433"
"instrument","5000","1","vertex-position","visible_point_symbols","count","0","2479"
"instrument","5000","1","vertex-position","visible_route_fragments","count","0","996"
"instrument","5000","1","vertex-position","visible_polygon_paths","count","0","453"
"instrument","5000","1","vertex-position","layers","count","0","13"
"instrument","5000","1","vertex-position","visible_layers","count","0","5"
"instrument","5000","1","route-add","operation_sync_ms","ms","0","0"
"instrument","5000","1","route-add","operation_to_two_raf_ms","ms","0","75.39999985694885"
"instrument","5000","1","route-add","raf_interval_ms","ms","0","50"
"instrument","5000","1","route-add","svg_mutation_observed","boolean","0","1"
"instrument","5000","1","route-add","svg_last_delivery_from_start_ms","ms","0","71.5"
"instrument","5000","1","route-add","post_sync_svg_delivery_ms","ms","0","71.5"
"instrument","5000","1","route-add","svg_attribute_writes","count","0","38"
"instrument","5000","1","route-add","svg_map_geometry_writes","count","0","4"
"instrument","5000","1","route-add","svg_symbol_scale_writes","count","0","1"
"instrument","5000","1","route-add","svg_viewbox_writes","count","0","0"
"instrument","5000","1","route-add","root_iterator_creations","count","0","1"
"instrument","5000","1","route-add","root_iterator_next_calls","count","0","5001"
"instrument","5000","1","route-add","runtime_points_getter_reads","count","0","15922"
"instrument","5000","1","route-add","runtime_contour_getter_reads","count","0","5928"
"instrument","5000","1","route-add","runtime_baseZ_getter_reads","count","0","11844"
"instrument","5000","1","route-add","runtime_height_getter_reads","count","0","11844"
"instrument","5000","1","route-add","renderer_scene_reads","count","0","0"
"instrument","5000","1","route-add","renderer_entries_exposed","count","0","0"
"instrument","5000","1","route-add","renderer_composition_changes","count","0","0"
"instrument","5000","1","route-add","renderer_changed_entries","count","0","0"
"instrument","5000","1","route-add","renderer_callbacks","count","0","1"
"instrument","5000","1","route-add","svg_element_nodes","count","0","26845"
"instrument","5000","1","route-add","shadow_element_nodes","count","0","26846"
"instrument","5000","1","route-add","shadow_all_nodes","count","0","26849"
"instrument","5000","1","route-add","appearances_all_layers","count","0","13415"
"instrument","5000","1","route-add","appearances_visible_layers","count","0","4435"
"instrument","5000","1","route-add","visible_point_symbols","count","0","2480"
"instrument","5000","1","route-add","visible_route_fragments","count","0","997"
"instrument","5000","1","route-add","visible_polygon_paths","count","0","453"
"instrument","5000","1","route-add","layers","count","0","13"
"instrument","5000","1","route-add","visible_layers","count","0","5"
"instrument","5000","1","route-insert","operation_sync_ms","ms","0","0.09999990463256836"
"instrument","5000","1","route-insert","operation_to_two_raf_ms","ms","0","75"
"instrument","5000","1","route-insert","raf_interval_ms","ms","0","50"
"instrument","5000","1","route-insert","svg_mutation_observed","boolean","0","1"
"instrument","5000","1","route-insert","svg_last_delivery_from_start_ms","ms","0","71.20000004768372"
"instrument","5000","1","route-insert","post_sync_svg_delivery_ms","ms","0","71.10000014305115"
"instrument","5000","1","route-insert","svg_attribute_writes","count","0","9"
"instrument","5000","1","route-insert","svg_map_geometry_writes","count","0","2"
"instrument","5000","1","route-insert","svg_symbol_scale_writes","count","0","1"
"instrument","5000","1","route-insert","svg_viewbox_writes","count","0","0"
"instrument","5000","1","route-insert","root_iterator_creations","count","0","1"
"instrument","5000","1","route-insert","root_iterator_next_calls","count","0","5001"
"instrument","5000","1","route-insert","runtime_points_getter_reads","count","0","15919"
"instrument","5000","1","route-insert","runtime_contour_getter_reads","count","0","5928"
"instrument","5000","1","route-insert","runtime_baseZ_getter_reads","count","0","11844"
"instrument","5000","1","route-insert","runtime_height_getter_reads","count","0","11844"
"instrument","5000","1","route-insert","renderer_scene_reads","count","0","0"
"instrument","5000","1","route-insert","renderer_entries_exposed","count","0","0"
"instrument","5000","1","route-insert","renderer_composition_changes","count","0","0"
"instrument","5000","1","route-insert","renderer_changed_entries","count","0","0"
"instrument","5000","1","route-insert","renderer_callbacks","count","0","1"
"instrument","5000","1","route-insert","svg_element_nodes","count","0","26839"
"instrument","5000","1","route-insert","shadow_element_nodes","count","0","26840"
"instrument","5000","1","route-insert","shadow_all_nodes","count","0","26843"
"instrument","5000","1","route-insert","appearances_all_layers","count","0","13412"
"instrument","5000","1","route-insert","appearances_visible_layers","count","0","4434"
"instrument","5000","1","route-insert","visible_point_symbols","count","0","2480"
"instrument","5000","1","route-insert","visible_route_fragments","count","0","996"
"instrument","5000","1","route-insert","visible_polygon_paths","count","0","453"
"instrument","5000","1","route-insert","layers","count","0","13"
"instrument","5000","1","route-insert","visible_layers","count","0","5"
"instrument","5000","1","route-remove","operation_sync_ms","ms","0","0"
"instrument","5000","1","route-remove","operation_to_two_raf_ms","ms","0","64.90000009536743"
"instrument","5000","1","route-remove","raf_interval_ms","ms","0","50"
"instrument","5000","1","route-remove","svg_mutation_observed","boolean","0","1"
"instrument","5000","1","route-remove","svg_last_delivery_from_start_ms","ms","0","61.80000019073486"
"instrument","5000","1","route-remove","post_sync_svg_delivery_ms","ms","0","61.80000019073486"
"instrument","5000","1","route-remove","svg_attribute_writes","count","0","1"
"instrument","5000","1","route-remove","svg_map_geometry_writes","count","0","1"
"instrument","5000","1","route-remove","svg_symbol_scale_writes","count","0","0"
"instrument","5000","1","route-remove","svg_viewbox_writes","count","0","0"
"instrument","5000","1","route-remove","root_iterator_creations","count","0","1"
"instrument","5000","1","route-remove","root_iterator_next_calls","count","0","5001"
"instrument","5000","1","route-remove","runtime_points_getter_reads","count","0","15920"
"instrument","5000","1","route-remove","runtime_contour_getter_reads","count","0","5928"
"instrument","5000","1","route-remove","runtime_baseZ_getter_reads","count","0","11844"
"instrument","5000","1","route-remove","runtime_height_getter_reads","count","0","11844"
"instrument","5000","1","route-remove","renderer_scene_reads","count","0","0"
"instrument","5000","1","route-remove","renderer_entries_exposed","count","0","0"
"instrument","5000","1","route-remove","renderer_composition_changes","count","0","0"
"instrument","5000","1","route-remove","renderer_changed_entries","count","0","0"
"instrument","5000","1","route-remove","renderer_callbacks","count","0","1"
"instrument","5000","1","route-remove","svg_element_nodes","count","0","26835"
"instrument","5000","1","route-remove","shadow_element_nodes","count","0","26836"
"instrument","5000","1","route-remove","shadow_all_nodes","count","0","26839"
"instrument","5000","1","route-remove","appearances_all_layers","count","0","13410"
"instrument","5000","1","route-remove","appearances_visible_layers","count","0","4433"
"instrument","5000","1","route-remove","visible_point_symbols","count","0","2479"
"instrument","5000","1","route-remove","visible_route_fragments","count","0","996"
"instrument","5000","1","route-remove","visible_polygon_paths","count","0","453"
"instrument","5000","1","route-remove","layers","count","0","13"
"instrument","5000","1","route-remove","visible_layers","count","0","5"
"instrument","5000","1","route-replacePoints","operation_sync_ms","ms","0","0"
"instrument","5000","1","route-replacePoints","operation_to_two_raf_ms","ms","0","62.700000047683716"
"instrument","5000","1","route-replacePoints","raf_interval_ms","ms","0","50"
"instrument","5000","1","route-replacePoints","svg_mutation_observed","boolean","0","1"
"instrument","5000","1","route-replacePoints","svg_last_delivery_from_start_ms","ms","0","58.700000047683716"
"instrument","5000","1","route-replacePoints","post_sync_svg_delivery_ms","ms","0","58.700000047683716"
"instrument","5000","1","route-replacePoints","svg_attribute_writes","count","0","11"
"instrument","5000","1","route-replacePoints","svg_map_geometry_writes","count","0","4"
"instrument","5000","1","route-replacePoints","svg_symbol_scale_writes","count","0","1"
"instrument","5000","1","route-replacePoints","svg_viewbox_writes","count","0","0"
"instrument","5000","1","route-replacePoints","root_iterator_creations","count","0","1"
"instrument","5000","1","route-replacePoints","root_iterator_next_calls","count","0","5001"
"instrument","5000","1","route-replacePoints","runtime_points_getter_reads","count","0","15919"
"instrument","5000","1","route-replacePoints","runtime_contour_getter_reads","count","0","5928"
"instrument","5000","1","route-replacePoints","runtime_baseZ_getter_reads","count","0","11844"
"instrument","5000","1","route-replacePoints","runtime_height_getter_reads","count","0","11844"
"instrument","5000","1","route-replacePoints","renderer_scene_reads","count","0","0"
"instrument","5000","1","route-replacePoints","renderer_entries_exposed","count","0","0"
"instrument","5000","1","route-replacePoints","renderer_composition_changes","count","0","0"
"instrument","5000","1","route-replacePoints","renderer_changed_entries","count","0","0"
"instrument","5000","1","route-replacePoints","renderer_callbacks","count","0","1"
"instrument","5000","1","route-replacePoints","svg_element_nodes","count","0","26837"
"instrument","5000","1","route-replacePoints","shadow_element_nodes","count","0","26838"
"instrument","5000","1","route-replacePoints","shadow_all_nodes","count","0","26841"
"instrument","5000","1","route-replacePoints","appearances_all_layers","count","0","13411"
"instrument","5000","1","route-replacePoints","appearances_visible_layers","count","0","4434"
"instrument","5000","1","route-replacePoints","visible_point_symbols","count","0","2480"
"instrument","5000","1","route-replacePoints","visible_route_fragments","count","0","996"
"instrument","5000","1","route-replacePoints","visible_polygon_paths","count","0","453"
"instrument","5000","1","route-replacePoints","layers","count","0","13"
"instrument","5000","1","route-replacePoints","visible_layers","count","0","5"
"instrument","5000","1","polygon-vertex","operation_sync_ms","ms","0","0"
"instrument","5000","1","polygon-vertex","operation_to_two_raf_ms","ms","0","29.700000047683716"
"instrument","5000","1","polygon-vertex","raf_interval_ms","ms","0","16.69999999999709"
"instrument","5000","1","polygon-vertex","svg_mutation_observed","boolean","0","1"
"instrument","5000","1","polygon-vertex","svg_last_delivery_from_start_ms","ms","0","13"
"instrument","5000","1","polygon-vertex","post_sync_svg_delivery_ms","ms","0","13"
"instrument","5000","1","polygon-vertex","svg_attribute_writes","count","0","2"
"instrument","5000","1","polygon-vertex","svg_map_geometry_writes","count","0","2"
"instrument","5000","1","polygon-vertex","svg_symbol_scale_writes","count","0","0"
"instrument","5000","1","polygon-vertex","svg_viewbox_writes","count","0","0"
"instrument","5000","1","polygon-vertex","root_iterator_creations","count","0","0"
"instrument","5000","1","polygon-vertex","root_iterator_next_calls","count","0","0"
"instrument","5000","1","polygon-vertex","runtime_points_getter_reads","count","0","0"
"instrument","5000","1","polygon-vertex","runtime_contour_getter_reads","count","0","16"
"instrument","5000","1","polygon-vertex","runtime_baseZ_getter_reads","count","0","12"
"instrument","5000","1","polygon-vertex","runtime_height_getter_reads","count","0","12"
"instrument","5000","1","polygon-vertex","renderer_scene_reads","count","0","0"
"instrument","5000","1","polygon-vertex","renderer_entries_exposed","count","0","0"
"instrument","5000","1","polygon-vertex","renderer_composition_changes","count","0","0"
"instrument","5000","1","polygon-vertex","renderer_changed_entries","count","0","0"
"instrument","5000","1","polygon-vertex","renderer_callbacks","count","0","1"
"instrument","5000","1","polygon-vertex","svg_element_nodes","count","0","26837"
"instrument","5000","1","polygon-vertex","shadow_element_nodes","count","0","26838"
"instrument","5000","1","polygon-vertex","shadow_all_nodes","count","0","26841"
"instrument","5000","1","polygon-vertex","appearances_all_layers","count","0","13411"
"instrument","5000","1","polygon-vertex","appearances_visible_layers","count","0","4433"
"instrument","5000","1","polygon-vertex","visible_point_symbols","count","0","2479"
"instrument","5000","1","polygon-vertex","visible_route_fragments","count","0","996"
"instrument","5000","1","polygon-vertex","visible_polygon_paths","count","0","453"
"instrument","5000","1","polygon-vertex","layers","count","0","13"
"instrument","5000","1","polygon-vertex","visible_layers","count","0","5"
"instrument","5000","1","polygon-baseZ","operation_sync_ms","ms","0","0.40000009536743164"
"instrument","5000","1","polygon-baseZ","operation_to_two_raf_ms","ms","0","17.600000143051147"
"instrument","5000","1","polygon-baseZ","raf_interval_ms","ms","0","16.700000000004366"
"instrument","5000","1","polygon-baseZ","svg_mutation_observed","boolean","0","1"
"instrument","5000","1","polygon-baseZ","svg_last_delivery_from_start_ms","ms","0","14.5"
"instrument","5000","1","polygon-baseZ","post_sync_svg_delivery_ms","ms","0","14.099999904632568"
"instrument","5000","1","polygon-baseZ","svg_attribute_writes","count","0","9"
"instrument","5000","1","polygon-baseZ","svg_map_geometry_writes","count","0","1"
"instrument","5000","1","polygon-baseZ","svg_symbol_scale_writes","count","0","0"
"instrument","5000","1","polygon-baseZ","svg_viewbox_writes","count","0","0"
"instrument","5000","1","polygon-baseZ","root_iterator_creations","count","0","0"
"instrument","5000","1","polygon-baseZ","root_iterator_next_calls","count","0","0"
"instrument","5000","1","polygon-baseZ","runtime_points_getter_reads","count","0","2984"
"instrument","5000","1","polygon-baseZ","runtime_contour_getter_reads","count","0","12"
"instrument","5000","1","polygon-baseZ","runtime_baseZ_getter_reads","count","0","12"
"instrument","5000","1","polygon-baseZ","runtime_height_getter_reads","count","0","12"
"instrument","5000","1","polygon-baseZ","renderer_scene_reads","count","0","0"
"instrument","5000","1","polygon-baseZ","renderer_entries_exposed","count","0","0"
"instrument","5000","1","polygon-baseZ","renderer_composition_changes","count","0","0"
"instrument","5000","1","polygon-baseZ","renderer_changed_entries","count","0","0"
"instrument","5000","1","polygon-baseZ","renderer_callbacks","count","0","1"
"instrument","5000","1","polygon-baseZ","svg_element_nodes","count","0","26837"
"instrument","5000","1","polygon-baseZ","shadow_element_nodes","count","0","26838"
"instrument","5000","1","polygon-baseZ","shadow_all_nodes","count","0","26841"
"instrument","5000","1","polygon-baseZ","appearances_all_layers","count","0","13411"
"instrument","5000","1","polygon-baseZ","appearances_visible_layers","count","0","4432"
"instrument","5000","1","polygon-baseZ","visible_point_symbols","count","0","2479"
"instrument","5000","1","polygon-baseZ","visible_route_fragments","count","0","996"
"instrument","5000","1","polygon-baseZ","visible_polygon_paths","count","0","452"
"instrument","5000","1","polygon-baseZ","layers","count","0","13"
"instrument","5000","1","polygon-baseZ","visible_layers","count","0","5"
"instrument","5000","1","polygon-height","operation_sync_ms","ms","0","0"
"instrument","5000","1","polygon-height","operation_to_two_raf_ms","ms","0","25.199999809265137"
"instrument","5000","1","polygon-height","raf_interval_ms","ms","0","16.599999999998545"
"instrument","5000","1","polygon-height","svg_mutation_observed","boolean","0","1"
"instrument","5000","1","polygon-height","svg_last_delivery_from_start_ms","ms","0","17.199999809265137"
"instrument","5000","1","polygon-height","post_sync_svg_delivery_ms","ms","0","17.199999809265137"
"instrument","5000","1","polygon-height","svg_attribute_writes","count","0","0"
"instrument","5000","1","polygon-height","svg_map_geometry_writes","count","0","0"
"instrument","5000","1","polygon-height","svg_symbol_scale_writes","count","0","0"
"instrument","5000","1","polygon-height","svg_viewbox_writes","count","0","0"
"instrument","5000","1","polygon-height","root_iterator_creations","count","0","0"
"instrument","5000","1","polygon-height","root_iterator_next_calls","count","0","0"
"instrument","5000","1","polygon-height","runtime_points_getter_reads","count","0","2984"
"instrument","5000","1","polygon-height","runtime_contour_getter_reads","count","0","4"
"instrument","5000","1","polygon-height","runtime_baseZ_getter_reads","count","0","12"
"instrument","5000","1","polygon-height","runtime_height_getter_reads","count","0","12"
"instrument","5000","1","polygon-height","renderer_scene_reads","count","0","0"
"instrument","5000","1","polygon-height","renderer_entries_exposed","count","0","0"
"instrument","5000","1","polygon-height","renderer_composition_changes","count","0","0"
"instrument","5000","1","polygon-height","renderer_changed_entries","count","0","0"
"instrument","5000","1","polygon-height","renderer_callbacks","count","0","1"
"instrument","5000","1","polygon-height","svg_element_nodes","count","0","26835"
"instrument","5000","1","polygon-height","shadow_element_nodes","count","0","26836"
"instrument","5000","1","polygon-height","shadow_all_nodes","count","0","26839"
"instrument","5000","1","polygon-height","appearances_all_layers","count","0","13410"
"instrument","5000","1","polygon-height","appearances_visible_layers","count","0","4433"
"instrument","5000","1","polygon-height","visible_point_symbols","count","0","2479"
"instrument","5000","1","polygon-height","visible_route_fragments","count","0","996"
"instrument","5000","1","polygon-height","visible_polygon_paths","count","0","453"
"instrument","5000","1","polygon-height","layers","count","0","13"
"instrument","5000","1","polygon-height","visible_layers","count","0","5"
"instrument","5000","1","root-add","operation_sync_ms","ms","0","0.39999985694885254"
"instrument","5000","1","root-add","operation_to_two_raf_ms","ms","0","69.69999980926514"
"instrument","5000","1","root-add","raf_interval_ms","ms","0","50"
"instrument","5000","1","root-add","svg_mutation_observed","boolean","0","1"
"instrument","5000","1","root-add","svg_last_delivery_from_start_ms","ms","0","66"
"instrument","5000","1","root-add","post_sync_svg_delivery_ms","ms","0","65.60000014305115"
"instrument","5000","1","root-add","svg_attribute_writes","count","0","8"
"instrument","5000","1","root-add","svg_map_geometry_writes","count","0","1"
"instrument","5000","1","root-add","svg_symbol_scale_writes","count","0","1"
"instrument","5000","1","root-add","svg_viewbox_writes","count","0","0"
"instrument","5000","1","root-add","root_iterator_creations","count","0","2"
"instrument","5000","1","root-add","root_iterator_next_calls","count","0","10003"
"instrument","5000","1","root-add","runtime_points_getter_reads","count","0","15919"
"instrument","5000","1","root-add","runtime_contour_getter_reads","count","0","5928"
"instrument","5000","1","root-add","runtime_baseZ_getter_reads","count","0","11844"
"instrument","5000","1","root-add","runtime_height_getter_reads","count","0","11844"
"instrument","5000","1","root-add","renderer_scene_reads","count","0","0"
"instrument","5000","1","root-add","renderer_entries_exposed","count","0","0"
"instrument","5000","1","root-add","renderer_composition_changes","count","0","0"
"instrument","5000","1","root-add","renderer_changed_entries","count","0","0"
"instrument","5000","1","root-add","renderer_callbacks","count","0","1"
"instrument","5000","1","root-add","svg_element_nodes","count","0","26839"
"instrument","5000","1","root-add","shadow_element_nodes","count","0","26840"
"instrument","5000","1","root-add","shadow_all_nodes","count","0","26843"
"instrument","5000","1","root-add","appearances_all_layers","count","0","13412"
"instrument","5000","1","root-add","appearances_visible_layers","count","0","4434"
"instrument","5000","1","root-add","visible_point_symbols","count","0","2480"
"instrument","5000","1","root-add","visible_route_fragments","count","0","996"
"instrument","5000","1","root-add","visible_polygon_paths","count","0","453"
"instrument","5000","1","root-add","layers","count","0","13"
"instrument","5000","1","root-add","visible_layers","count","0","5"
"instrument","5000","1","root-remove","operation_sync_ms","ms","0","0.6000001430511475"
"instrument","5000","1","root-remove","operation_to_two_raf_ms","ms","0","87.70000004768372"
"instrument","5000","1","root-remove","raf_interval_ms","ms","0","50.099999999998545"
"instrument","5000","1","root-remove","svg_mutation_observed","boolean","0","1"
"instrument","5000","1","root-remove","svg_last_delivery_from_start_ms","ms","0","84.10000014305115"
"instrument","5000","1","root-remove","post_sync_svg_delivery_ms","ms","0","83.5"
"instrument","5000","1","root-remove","svg_attribute_writes","count","0","0"
"instrument","5000","1","root-remove","svg_map_geometry_writes","count","0","0"
"instrument","5000","1","root-remove","svg_symbol_scale_writes","count","0","0"
"instrument","5000","1","root-remove","svg_viewbox_writes","count","0","0"
"instrument","5000","1","root-remove","root_iterator_creations","count","0","2"
"instrument","5000","1","root-remove","root_iterator_next_calls","count","0","10000"
"instrument","5000","1","root-remove","runtime_points_getter_reads","count","0","15919"
"instrument","5000","1","root-remove","runtime_contour_getter_reads","count","0","5928"
"instrument","5000","1","root-remove","runtime_baseZ_getter_reads","count","0","11844"
"instrument","5000","1","root-remove","runtime_height_getter_reads","count","0","11844"
"instrument","5000","1","root-remove","renderer_scene_reads","count","0","0"
"instrument","5000","1","root-remove","renderer_entries_exposed","count","0","0"
"instrument","5000","1","root-remove","renderer_composition_changes","count","0","0"
"instrument","5000","1","root-remove","renderer_changed_entries","count","0","0"
"instrument","5000","1","root-remove","renderer_callbacks","count","0","1"
"instrument","5000","1","root-remove","svg_element_nodes","count","0","26835"
"instrument","5000","1","root-remove","shadow_element_nodes","count","0","26836"
"instrument","5000","1","root-remove","shadow_all_nodes","count","0","26839"
"instrument","5000","1","root-remove","appearances_all_layers","count","0","13410"
"instrument","5000","1","root-remove","appearances_visible_layers","count","0","4432"
"instrument","5000","1","root-remove","visible_point_symbols","count","0","2478"
"instrument","5000","1","root-remove","visible_route_fragments","count","0","996"
"instrument","5000","1","root-remove","visible_polygon_paths","count","0","453"
"instrument","5000","1","root-remove","layers","count","0","13"
"instrument","5000","1","root-remove","visible_layers","count","0","5"
"instrument","5000","1","layer-direct-add","operation_sync_ms","ms","0","0"
"instrument","5000","1","layer-direct-add","operation_to_two_raf_ms","ms","0","80.40000009536743"
"instrument","5000","1","layer-direct-add","raf_interval_ms","ms","0","66.69999999999709"
"instrument","5000","1","layer-direct-add","svg_mutation_observed","boolean","0","1"
"instrument","5000","1","layer-direct-add","svg_last_delivery_from_start_ms","ms","0","74.59999990463257"
"instrument","5000","1","layer-direct-add","post_sync_svg_delivery_ms","ms","0","74.59999990463257"
"instrument","5000","1","layer-direct-add","svg_attribute_writes","count","0","34"
"instrument","5000","1","layer-direct-add","svg_map_geometry_writes","count","0","4"
"instrument","5000","1","layer-direct-add","svg_symbol_scale_writes","count","0","3"
"instrument","5000","1","layer-direct-add","svg_viewbox_writes","count","0","0"
"instrument","5000","1","layer-direct-add","root_iterator_creations","count","0","1"
"instrument","5000","1","layer-direct-add","root_iterator_next_calls","count","0","5001"
"instrument","5000","1","layer-direct-add","runtime_points_getter_reads","count","0","15920"
"instrument","5000","1","layer-direct-add","runtime_contour_getter_reads","count","0","5928"
"instrument","5000","1","layer-direct-add","runtime_baseZ_getter_reads","count","0","11844"
"instrument","5000","1","layer-direct-add","runtime_height_getter_reads","count","0","11844"
"instrument","5000","1","layer-direct-add","renderer_scene_reads","count","0","0"
"instrument","5000","1","layer-direct-add","renderer_entries_exposed","count","0","0"
"instrument","5000","1","layer-direct-add","renderer_composition_changes","count","0","0"
"instrument","5000","1","layer-direct-add","renderer_changed_entries","count","0","0"
"instrument","5000","1","layer-direct-add","renderer_callbacks","count","0","1"
"instrument","5000","1","layer-direct-add","svg_element_nodes","count","0","26843"
"instrument","5000","1","layer-direct-add","shadow_element_nodes","count","0","26844"
"instrument","5000","1","layer-direct-add","shadow_all_nodes","count","0","26847"
"instrument","5000","1","layer-direct-add","appearances_all_layers","count","0","13414"
"instrument","5000","1","layer-direct-add","appearances_visible_layers","count","0","4436"
"instrument","5000","1","layer-direct-add","visible_point_symbols","count","0","2482"
"instrument","5000","1","layer-direct-add","visible_route_fragments","count","0","996"
"instrument","5000","1","layer-direct-add","visible_polygon_paths","count","0","453"
"instrument","5000","1","layer-direct-add","layers","count","0","13"
"instrument","5000","1","layer-direct-add","visible_layers","count","0","5"
"instrument","5000","1","layer-direct-remove","operation_sync_ms","ms","0","0.10000014305114746"
"instrument","5000","1","layer-direct-remove","operation_to_two_raf_ms","ms","0","73.30000019073486"
"instrument","5000","1","layer-direct-remove","raf_interval_ms","ms","0","50.099999999998545"
"instrument","5000","1","layer-direct-remove","svg_mutation_observed","boolean","0","1"
"instrument","5000","1","layer-direct-remove","svg_last_delivery_from_start_ms","ms","0","69.70000004768372"
"instrument","5000","1","layer-direct-remove","post_sync_svg_delivery_ms","ms","0","69.59999990463257"
"instrument","5000","1","layer-direct-remove","svg_attribute_writes","count","0","10"
"instrument","5000","1","layer-direct-remove","svg_map_geometry_writes","count","0","1"
"instrument","5000","1","layer-direct-remove","svg_symbol_scale_writes","count","0","0"
"instrument","5000","1","layer-direct-remove","svg_viewbox_writes","count","0","0"
"instrument","5000","1","layer-direct-remove","root_iterator_creations","count","0","1"
"instrument","5000","1","layer-direct-remove","root_iterator_next_calls","count","0","5001"
"instrument","5000","1","layer-direct-remove","runtime_points_getter_reads","count","0","15919"
"instrument","5000","1","layer-direct-remove","runtime_contour_getter_reads","count","0","5928"
"instrument","5000","1","layer-direct-remove","runtime_baseZ_getter_reads","count","0","11844"
"instrument","5000","1","layer-direct-remove","runtime_height_getter_reads","count","0","11844"
"instrument","5000","1","layer-direct-remove","renderer_scene_reads","count","0","0"
"instrument","5000","1","layer-direct-remove","renderer_entries_exposed","count","0","0"
"instrument","5000","1","layer-direct-remove","renderer_composition_changes","count","0","0"
"instrument","5000","1","layer-direct-remove","renderer_changed_entries","count","0","0"
"instrument","5000","1","layer-direct-remove","renderer_callbacks","count","0","1"
"instrument","5000","1","layer-direct-remove","svg_element_nodes","count","0","26833"
"instrument","5000","1","layer-direct-remove","shadow_element_nodes","count","0","26834"
"instrument","5000","1","layer-direct-remove","shadow_all_nodes","count","0","26837"
"instrument","5000","1","layer-direct-remove","appearances_all_layers","count","0","13409"
"instrument","5000","1","layer-direct-remove","appearances_visible_layers","count","0","4431"
"instrument","5000","1","layer-direct-remove","visible_point_symbols","count","0","2477"
"instrument","5000","1","layer-direct-remove","visible_route_fragments","count","0","996"
"instrument","5000","1","layer-direct-remove","visible_polygon_paths","count","0","453"
"instrument","5000","1","layer-direct-remove","layers","count","0","13"
"instrument","5000","1","layer-direct-remove","visible_layers","count","0","5"
"instrument","5000","1","load","load_call_sync_ms","ms","0","102.59999990463257"
"instrument","5000","1","load","load_promise_ms","ms","0","131.89999985694885"
"instrument","5000","1","load","operation_to_two_raf_ms","ms","0","229.39999985694885"
"instrument","5000","1","load","raf_interval_ms","ms","0","66.60000000000582"
"instrument","5000","1","load","svg_mutation_observed","boolean","0","1"
"instrument","5000","1","load","svg_last_delivery_from_start_ms","ms","0","188.39999985694885"
"instrument","5000","1","load","post_sync_svg_delivery_ms","ms","0","85.79999995231628"
"instrument","5000","1","load","svg_attribute_writes","count","0","123170"
"instrument","5000","1","load","svg_map_geometry_writes","count","0","18460"
"instrument","5000","1","load","svg_symbol_scale_writes","count","0","7262"
"instrument","5000","1","load","svg_viewbox_writes","count","0","1"
"instrument","5000","1","load","root_iterator_creations","count","0","2"
"instrument","5000","1","load","root_iterator_next_calls","count","0","10002"
"instrument","5000","1","load","runtime_points_getter_reads","count","0","15920"
"instrument","5000","1","load","runtime_contour_getter_reads","count","0","11856"
"instrument","5000","1","load","runtime_baseZ_getter_reads","count","0","11844"
"instrument","5000","1","load","runtime_height_getter_reads","count","0","11844"
"instrument","5000","1","load","renderer_scene_reads","count","0","2"
"instrument","5000","1","load","renderer_entries_exposed","count","0","26822"
"instrument","5000","1","load","renderer_composition_changes","count","0","0"
"instrument","5000","1","load","renderer_changed_entries","count","0","13411"
"instrument","5000","1","load","renderer_callbacks","count","0","1"
"instrument","5000","1","load","svg_element_nodes","count","0","26837"
"instrument","5000","1","load","shadow_element_nodes","count","0","26838"
"instrument","5000","1","load","shadow_all_nodes","count","0","26841"
"instrument","5000","1","load","appearances_all_layers","count","0","13411"
"instrument","5000","1","load","appearances_visible_layers","count","0","13411"
"instrument","5000","1","load","visible_point_symbols","count","0","7262"
"instrument","5000","1","load","visible_route_fragments","count","0","2984"
"instrument","5000","1","load","visible_polygon_paths","count","0","1482"
"instrument","5000","1","load","layers","count","0","13"
"instrument","5000","1","load","visible_layers","count","0","13"
"instrument","5000","1","pan","raf_interval_ms","ms","0","16.69999999999709"
"instrument","5000","1","pan","camera_api_sync_ms","ms","0","0"
"instrument","5000","1","pan","svg_last_delivery_from_start_ms","ms","0","16.700000047683716"
"instrument","5000","1","pan","post_sync_svg_delivery_ms","ms","0","16.700000047683716"
"instrument","5000","1","pan","raf_interval_ms","ms","1","16.60000000000582"
"instrument","5000","1","pan","camera_api_sync_ms","ms","1","0"
"instrument","5000","1","pan","svg_last_delivery_from_start_ms","ms","1","16.299999952316284"
"instrument","5000","1","pan","post_sync_svg_delivery_ms","ms","1","16.299999952316284"
"instrument","5000","1","pan","raf_interval_ms","ms","2","16.69999999999709"
"instrument","5000","1","pan","camera_api_sync_ms","ms","2","0"
"instrument","5000","1","pan","svg_last_delivery_from_start_ms","ms","2","16.40000009536743"
"instrument","5000","1","pan","post_sync_svg_delivery_ms","ms","2","16.40000009536743"
"instrument","5000","1","pan","raf_interval_ms","ms","3","16.69999999999709"
"instrument","5000","1","pan","camera_api_sync_ms","ms","3","0"
"instrument","5000","1","pan","svg_last_delivery_from_start_ms","ms","3","17.299999952316284"
"instrument","5000","1","pan","post_sync_svg_delivery_ms","ms","3","17.299999952316284"
"instrument","5000","1","pan","raf_interval_ms","ms","4","16.60000000000582"
"instrument","5000","1","pan","camera_api_sync_ms","ms","4","0"
"instrument","5000","1","pan","svg_last_delivery_from_start_ms","ms","4","16.59999990463257"
"instrument","5000","1","pan","post_sync_svg_delivery_ms","ms","4","16.59999990463257"
"instrument","5000","1","pan","raf_interval_ms","ms","5","16.69999999999709"
"instrument","5000","1","pan","camera_api_sync_ms","ms","5","0"
"instrument","5000","1","pan","svg_last_delivery_from_start_ms","ms","5","16.700000047683716"
"instrument","5000","1","pan","post_sync_svg_delivery_ms","ms","5","16.700000047683716"
"instrument","5000","1","pan","raf_interval_ms","ms","6","16.599999999998545"
"instrument","5000","1","pan","camera_api_sync_ms","ms","6","0"
"instrument","5000","1","pan","svg_last_delivery_from_start_ms","ms","6","16.59999990463257"
"instrument","5000","1","pan","post_sync_svg_delivery_ms","ms","6","16.59999990463257"
"instrument","5000","1","pan","raf_interval_ms","ms","7","16.700000000004366"
"instrument","5000","1","pan","camera_api_sync_ms","ms","7","0"
"instrument","5000","1","pan","svg_last_delivery_from_start_ms","ms","7","16.59999990463257"
"instrument","5000","1","pan","post_sync_svg_delivery_ms","ms","7","16.59999990463257"
"instrument","5000","1","pan","raf_interval_ms","ms","8","16.69999999999709"
"instrument","5000","1","pan","camera_api_sync_ms","ms","8","0.10000014305114746"
"instrument","5000","1","pan","svg_last_delivery_from_start_ms","ms","8","16.200000047683716"
"instrument","5000","1","pan","post_sync_svg_delivery_ms","ms","8","16.09999990463257"
"instrument","5000","1","pan","raf_interval_ms","ms","9","16.69999999999709"
"instrument","5000","1","pan","camera_api_sync_ms","ms","9","0"
"instrument","5000","1","pan","svg_last_delivery_from_start_ms","ms","9","17.09999990463257"
"instrument","5000","1","pan","post_sync_svg_delivery_ms","ms","9","17.09999990463257"
"instrument","5000","1","pan","raf_interval_ms","ms","10","16.60000000000582"
"instrument","5000","1","pan","camera_api_sync_ms","ms","10","0"
"instrument","5000","1","pan","svg_last_delivery_from_start_ms","ms","10","16.700000047683716"
"instrument","5000","1","pan","post_sync_svg_delivery_ms","ms","10","16.700000047683716"
"instrument","5000","1","pan","raf_interval_ms","ms","11","16.69999999999709"
"instrument","5000","1","pan","camera_api_sync_ms","ms","11","0"
"instrument","5000","1","pan","svg_last_delivery_from_start_ms","ms","11","16.700000047683716"
"instrument","5000","1","pan","post_sync_svg_delivery_ms","ms","11","16.700000047683716"
"instrument","5000","1","pan","raf_interval_ms","ms","12","16.69999999999709"
"instrument","5000","1","pan","camera_api_sync_ms","ms","12","0"
"instrument","5000","1","pan","svg_last_delivery_from_start_ms","ms","12","16.700000047683716"
"instrument","5000","1","pan","post_sync_svg_delivery_ms","ms","12","16.700000047683716"
"instrument","5000","1","pan","raf_interval_ms","ms","13","16.60000000000582"
"instrument","5000","1","pan","camera_api_sync_ms","ms","13","0"
"instrument","5000","1","pan","svg_last_delivery_from_start_ms","ms","13","16.700000047683716"
"instrument","5000","1","pan","post_sync_svg_delivery_ms","ms","13","16.700000047683716"
"instrument","5000","1","pan","raf_interval_ms","ms","14","16.69999999999709"
"instrument","5000","1","pan","camera_api_sync_ms","ms","14","0"
"instrument","5000","1","pan","svg_last_delivery_from_start_ms","ms","14","16.59999990463257"
"instrument","5000","1","pan","post_sync_svg_delivery_ms","ms","14","16.59999990463257"
"instrument","5000","1","pan","raf_interval_ms","ms","15","16.69999999999709"
"instrument","5000","1","pan","camera_api_sync_ms","ms","15","0"
"instrument","5000","1","pan","svg_last_delivery_from_start_ms","ms","15","16.700000047683716"
"instrument","5000","1","pan","post_sync_svg_delivery_ms","ms","15","16.700000047683716"
"instrument","5000","1","pan","raf_interval_ms","ms","16","16.60000000000582"
"instrument","5000","1","pan","camera_api_sync_ms","ms","16","0"
"instrument","5000","1","pan","svg_last_delivery_from_start_ms","ms","16","16.59999990463257"
"instrument","5000","1","pan","post_sync_svg_delivery_ms","ms","16","16.59999990463257"
"instrument","5000","1","pan","raf_interval_ms","ms","17","16.69999999999709"
"instrument","5000","1","pan","camera_api_sync_ms","ms","17","0"
"instrument","5000","1","pan","svg_last_delivery_from_start_ms","ms","17","16.700000047683716"
"instrument","5000","1","pan","post_sync_svg_delivery_ms","ms","17","16.700000047683716"
"instrument","5000","1","pan","raf_interval_ms","ms","18","16.69999999999709"
"instrument","5000","1","pan","camera_api_sync_ms","ms","18","0"
"instrument","5000","1","pan","svg_last_delivery_from_start_ms","ms","18","16.59999990463257"
"instrument","5000","1","pan","post_sync_svg_delivery_ms","ms","18","16.59999990463257"
"instrument","5000","1","pan","raf_interval_ms","ms","19","16.60000000000582"
"instrument","5000","1","pan","camera_api_sync_ms","ms","19","0.10000014305114746"
"instrument","5000","1","pan","svg_last_delivery_from_start_ms","ms","19","16.40000009536743"
"instrument","5000","1","pan","post_sync_svg_delivery_ms","ms","19","16.299999952316284"
"instrument","5000","1","pan","raf_interval_ms","ms","20","16.69999999999709"
"instrument","5000","1","pan","camera_api_sync_ms","ms","20","0.09999990463256836"
"instrument","5000","1","pan","svg_last_delivery_from_start_ms","ms","20","16.5"
"instrument","5000","1","pan","post_sync_svg_delivery_ms","ms","20","16.40000009536743"
"instrument","5000","1","pan","raf_interval_ms","ms","21","16.599999999998545"
"instrument","5000","1","pan","camera_api_sync_ms","ms","21","0"
"instrument","5000","1","pan","svg_last_delivery_from_start_ms","ms","21","17.09999990463257"
"instrument","5000","1","pan","post_sync_svg_delivery_ms","ms","21","17.09999990463257"
"instrument","5000","1","pan","raf_interval_ms","ms","22","16.700000000004366"
"instrument","5000","1","pan","camera_api_sync_ms","ms","22","0.10000014305114746"
"instrument","5000","1","pan","svg_last_delivery_from_start_ms","ms","22","16.700000047683716"
"instrument","5000","1","pan","post_sync_svg_delivery_ms","ms","22","16.59999990463257"
"instrument","5000","1","pan","raf_interval_ms","ms","23","16.599999999998545"
"instrument","5000","1","pan","camera_api_sync_ms","ms","23","0"
"instrument","5000","1","pan","svg_last_delivery_from_start_ms","ms","23","16.600000143051147"
"instrument","5000","1","pan","post_sync_svg_delivery_ms","ms","23","16.600000143051147"
"instrument","5000","1","pan","svg_attribute_writes","count","0","24"
"instrument","5000","1","pan","svg_map_geometry_writes","count","0","0"
"instrument","5000","1","pan","svg_symbol_scale_writes","count","0","0"
"instrument","5000","1","pan","svg_viewbox_writes","count","0","24"
"instrument","5000","1","pan","root_iterator_creations","count","0","0"
"instrument","5000","1","pan","root_iterator_next_calls","count","0","0"
"instrument","5000","1","pan","runtime_points_getter_reads","count","0","0"
"instrument","5000","1","pan","runtime_contour_getter_reads","count","0","0"
"instrument","5000","1","pan","runtime_baseZ_getter_reads","count","0","0"
"instrument","5000","1","pan","runtime_height_getter_reads","count","0","0"
"instrument","5000","1","pan","renderer_scene_reads","count","0","0"
"instrument","5000","1","pan","renderer_entries_exposed","count","0","0"
"instrument","5000","1","pan","renderer_composition_changes","count","0","0"
"instrument","5000","1","pan","renderer_changed_entries","count","0","0"
"instrument","5000","1","pan","renderer_callbacks","count","0","24"
"instrument","5000","1","pan","svg_element_nodes","count","0","26837"
"instrument","5000","1","pan","shadow_element_nodes","count","0","26838"
"instrument","5000","1","pan","shadow_all_nodes","count","0","26841"
"instrument","5000","1","pan","appearances_all_layers","count","0","13411"
"instrument","5000","1","pan","appearances_visible_layers","count","0","4433"
"instrument","5000","1","pan","visible_point_symbols","count","0","2479"
"instrument","5000","1","pan","visible_route_fragments","count","0","996"
"instrument","5000","1","pan","visible_polygon_paths","count","0","453"
"instrument","5000","1","pan","layers","count","0","13"
"instrument","5000","1","pan","visible_layers","count","0","5"
"instrument","5000","1","zoom","raf_interval_ms","ms","0","16.700000000004366"
"instrument","5000","1","zoom","camera_api_sync_ms","ms","0","0"
"instrument","5000","1","zoom","svg_last_delivery_from_start_ms","ms","0","21.299999952316284"
"instrument","5000","1","zoom","post_sync_svg_delivery_ms","ms","0","21.299999952316284"
"instrument","5000","1","zoom","raf_interval_ms","ms","1","16.599999999998545"
"instrument","5000","1","zoom","camera_api_sync_ms","ms","1","0"
"instrument","5000","1","zoom","svg_last_delivery_from_start_ms","ms","1","23.09999990463257"
"instrument","5000","1","zoom","post_sync_svg_delivery_ms","ms","1","23.09999990463257"
"instrument","5000","1","zoom","raf_interval_ms","ms","2","16.69999999999709"
"instrument","5000","1","zoom","camera_api_sync_ms","ms","2","0"
"instrument","5000","1","zoom","svg_last_delivery_from_start_ms","ms","2","26.700000047683716"
"instrument","5000","1","zoom","post_sync_svg_delivery_ms","ms","2","26.700000047683716"
"instrument","5000","1","zoom","raf_interval_ms","ms","3","33.30000000000291"
"instrument","5000","1","zoom","camera_api_sync_ms","ms","3","0"
"instrument","5000","1","zoom","svg_last_delivery_from_start_ms","ms","3","20.90000009536743"
"instrument","5000","1","zoom","post_sync_svg_delivery_ms","ms","3","20.90000009536743"
"instrument","5000","1","zoom","raf_interval_ms","ms","4","16.69999999999709"
"instrument","5000","1","zoom","camera_api_sync_ms","ms","4","0"
"instrument","5000","1","zoom","svg_last_delivery_from_start_ms","ms","4","24"
"instrument","5000","1","zoom","post_sync_svg_delivery_ms","ms","4","24"
"instrument","5000","1","zoom","raf_interval_ms","ms","5","16.700000000004366"
"instrument","5000","1","zoom","camera_api_sync_ms","ms","5","0.09999990463256836"
"instrument","5000","1","zoom","svg_last_delivery_from_start_ms","ms","5","22.5"
"instrument","5000","1","zoom","post_sync_svg_delivery_ms","ms","5","22.40000009536743"
"instrument","5000","1","zoom","raf_interval_ms","ms","6","33.299999999995634"
"instrument","5000","1","zoom","camera_api_sync_ms","ms","6","0"
"instrument","5000","1","zoom","svg_last_delivery_from_start_ms","ms","6","23.5"
"instrument","5000","1","zoom","post_sync_svg_delivery_ms","ms","6","23.5"
"instrument","5000","1","zoom","raf_interval_ms","ms","7","16.700000000004366"
"instrument","5000","1","zoom","camera_api_sync_ms","ms","7","0"
"instrument","5000","1","zoom","svg_last_delivery_from_start_ms","ms","7","21.700000047683716"
"instrument","5000","1","zoom","post_sync_svg_delivery_ms","ms","7","21.700000047683716"
"instrument","5000","1","zoom","raf_interval_ms","ms","8","16.599999999998545"
"instrument","5000","1","zoom","camera_api_sync_ms","ms","8","0"
"instrument","5000","1","zoom","svg_last_delivery_from_start_ms","ms","8","21.399999856948853"
"instrument","5000","1","zoom","post_sync_svg_delivery_ms","ms","8","21.399999856948853"
"instrument","5000","1","zoom","raf_interval_ms","ms","9","33.400000000001455"
"instrument","5000","1","zoom","camera_api_sync_ms","ms","9","0.10000014305114746"
"instrument","5000","1","zoom","svg_last_delivery_from_start_ms","ms","9","24.40000009536743"
"instrument","5000","1","zoom","post_sync_svg_delivery_ms","ms","9","24.299999952316284"
"instrument","5000","1","zoom","raf_interval_ms","ms","10","16.599999999998545"
"instrument","5000","1","zoom","camera_api_sync_ms","ms","10","0"
"instrument","5000","1","zoom","svg_last_delivery_from_start_ms","ms","10","28.09999990463257"
"instrument","5000","1","zoom","post_sync_svg_delivery_ms","ms","10","28.09999990463257"
"instrument","5000","1","zoom","raf_interval_ms","ms","11","33.400000000001455"
"instrument","5000","1","zoom","camera_api_sync_ms","ms","11","0"
"instrument","5000","1","zoom","svg_last_delivery_from_start_ms","ms","11","20.90000009536743"
"instrument","5000","1","zoom","post_sync_svg_delivery_ms","ms","11","20.90000009536743"
"instrument","5000","1","zoom","raf_interval_ms","ms","12","16.599999999998545"
"instrument","5000","1","zoom","camera_api_sync_ms","ms","12","0"
"instrument","5000","1","zoom","svg_last_delivery_from_start_ms","ms","12","20.799999952316284"
"instrument","5000","1","zoom","post_sync_svg_delivery_ms","ms","12","20.799999952316284"
"instrument","5000","1","zoom","raf_interval_ms","ms","13","16.69999999999709"
"instrument","5000","1","zoom","camera_api_sync_ms","ms","13","0"
"instrument","5000","1","zoom","svg_last_delivery_from_start_ms","ms","13","20.299999952316284"
"instrument","5000","1","zoom","post_sync_svg_delivery_ms","ms","13","20.299999952316284"
"instrument","5000","1","zoom","raf_interval_ms","ms","14","16.700000000004366"
"instrument","5000","1","zoom","camera_api_sync_ms","ms","14","0.10000014305114746"
"instrument","5000","1","zoom","svg_last_delivery_from_start_ms","ms","14","24.700000047683716"
"instrument","5000","1","zoom","post_sync_svg_delivery_ms","ms","14","24.59999990463257"
"instrument","5000","1","zoom","raf_interval_ms","ms","15","33.299999999995634"
"instrument","5000","1","zoom","camera_api_sync_ms","ms","15","0.10000014305114746"
"instrument","5000","1","zoom","svg_last_delivery_from_start_ms","ms","15","23.90000009536743"
"instrument","5000","1","zoom","post_sync_svg_delivery_ms","ms","15","23.799999952316284"
"instrument","5000","1","zoom","raf_interval_ms","ms","16","16.599999999998545"
"instrument","5000","1","zoom","camera_api_sync_ms","ms","16","0"
"instrument","5000","1","zoom","svg_last_delivery_from_start_ms","ms","16","31.899999856948853"
"instrument","5000","1","zoom","post_sync_svg_delivery_ms","ms","16","31.899999856948853"
"instrument","5000","1","zoom","raf_interval_ms","ms","17","33.5"
"instrument","5000","1","zoom","camera_api_sync_ms","ms","17","0.10000014305114746"
"instrument","5000","1","zoom","svg_last_delivery_from_start_ms","ms","17","34.30000019073486"
"instrument","5000","1","zoom","post_sync_svg_delivery_ms","ms","17","34.200000047683716"
"instrument","5000","1","zoom","raf_interval_ms","ms","18","33.200000000004366"
"instrument","5000","1","zoom","camera_api_sync_ms","ms","18","0.09999990463256836"
"instrument","5000","1","zoom","svg_last_delivery_from_start_ms","ms","18","32.39999985694885"
"instrument","5000","1","zoom","post_sync_svg_delivery_ms","ms","18","32.299999952316284"
"instrument","5000","1","zoom","raf_interval_ms","ms","19","33.400000000001455"
"instrument","5000","1","zoom","camera_api_sync_ms","ms","19","0"
"instrument","5000","1","zoom","svg_last_delivery_from_start_ms","ms","19","25.799999952316284"
"instrument","5000","1","zoom","post_sync_svg_delivery_ms","ms","19","25.799999952316284"
"instrument","5000","1","zoom","raf_interval_ms","ms","20","33.299999999995634"
"instrument","5000","1","zoom","camera_api_sync_ms","ms","20","0"
"instrument","5000","1","zoom","svg_last_delivery_from_start_ms","ms","20","25.200000047683716"
"instrument","5000","1","zoom","post_sync_svg_delivery_ms","ms","20","25.200000047683716"
"instrument","5000","1","zoom","raf_interval_ms","ms","21","16.700000000004366"
"instrument","5000","1","zoom","camera_api_sync_ms","ms","21","0"
"instrument","5000","1","zoom","svg_last_delivery_from_start_ms","ms","21","25.399999856948853"
"instrument","5000","1","zoom","post_sync_svg_delivery_ms","ms","21","25.399999856948853"
"instrument","5000","1","zoom","raf_interval_ms","ms","22","33.299999999995634"
"instrument","5000","1","zoom","camera_api_sync_ms","ms","22","0"
"instrument","5000","1","zoom","svg_last_delivery_from_start_ms","ms","22","28"
"instrument","5000","1","zoom","post_sync_svg_delivery_ms","ms","22","28"
"instrument","5000","1","zoom","raf_interval_ms","ms","23","33.30000000000291"
"instrument","5000","1","zoom","camera_api_sync_ms","ms","23","0"
"instrument","5000","1","zoom","svg_last_delivery_from_start_ms","ms","23","27.5"
"instrument","5000","1","zoom","post_sync_svg_delivery_ms","ms","23","27.5"
"instrument","5000","1","zoom","svg_attribute_writes","count","0","174312"
"instrument","5000","1","zoom","svg_map_geometry_writes","count","0","0"
"instrument","5000","1","zoom","svg_symbol_scale_writes","count","0","174288"
"instrument","5000","1","zoom","svg_viewbox_writes","count","0","24"
"instrument","5000","1","zoom","root_iterator_creations","count","0","0"
"instrument","5000","1","zoom","root_iterator_next_calls","count","0","0"
"instrument","5000","1","zoom","runtime_points_getter_reads","count","0","0"
"instrument","5000","1","zoom","runtime_contour_getter_reads","count","0","0"
"instrument","5000","1","zoom","runtime_baseZ_getter_reads","count","0","0"
"instrument","5000","1","zoom","runtime_height_getter_reads","count","0","0"
"instrument","5000","1","zoom","renderer_scene_reads","count","0","0"
"instrument","5000","1","zoom","renderer_entries_exposed","count","0","0"
"instrument","5000","1","zoom","renderer_composition_changes","count","0","0"
"instrument","5000","1","zoom","renderer_changed_entries","count","0","0"
"instrument","5000","1","zoom","renderer_callbacks","count","0","24"
"instrument","5000","1","zoom","svg_element_nodes","count","0","26837"
"instrument","5000","1","zoom","shadow_element_nodes","count","0","26838"
"instrument","5000","1","zoom","shadow_all_nodes","count","0","26841"
"instrument","5000","1","zoom","appearances_all_layers","count","0","13411"
"instrument","5000","1","zoom","appearances_visible_layers","count","0","4433"
"instrument","5000","1","zoom","visible_point_symbols","count","0","2479"
"instrument","5000","1","zoom","visible_route_fragments","count","0","996"
"instrument","5000","1","zoom","visible_polygon_paths","count","0","453"
"instrument","5000","1","zoom","layers","count","0","13"
"instrument","5000","1","zoom","visible_layers","count","0","5"
"instrument","5000","1","pick-hit","spatial_pick_sync_ms","ms","0","1"
"instrument","5000","1","pick-hit","spatial_pick_sync_ms","ms","1","0.2999999523162842"
"instrument","5000","1","pick-hit","spatial_pick_sync_ms","ms","2","0.20000004768371582"
"instrument","5000","1","pick-hit","spatial_pick_sync_ms","ms","3","0.20000004768371582"
"instrument","5000","1","pick-hit","spatial_pick_sync_ms","ms","4","0.20000004768371582"
"instrument","5000","1","pick-hit","spatial_pick_sync_ms","ms","5","0.19999980926513672"
"instrument","5000","1","pick-hit","spatial_pick_sync_ms","ms","6","0.20000004768371582"
"instrument","5000","1","pick-hit","spatial_pick_sync_ms","ms","7","0.20000004768371582"
"instrument","5000","1","pick-hit","spatial_pick_sync_ms","ms","8","0.20000004768371582"
"instrument","5000","1","pick-hit","spatial_pick_sync_ms","ms","9","0.2999999523162842"
"instrument","5000","1","pick-hit","spatial_pick_sync_ms","ms","10","0.20000004768371582"
"instrument","5000","1","pick-hit","spatial_pick_sync_ms","ms","11","0.2999999523162842"
"instrument","5000","1","pick-hit","spatial_pick_sync_ms","ms","12","0.09999990463256836"
"instrument","5000","1","pick-hit","spatial_pick_sync_ms","ms","13","0.20000004768371582"
"instrument","5000","1","pick-hit","spatial_pick_sync_ms","ms","14","0.2999999523162842"
"instrument","5000","1","pick-hit","spatial_pick_sync_ms","ms","15","0.20000004768371582"
"instrument","5000","1","pick-hit","spatial_pick_sync_ms","ms","16","0.10000014305114746"
"instrument","5000","1","pick-hit","spatial_pick_sync_ms","ms","17","0.2999999523162842"
"instrument","5000","1","pick-hit","spatial_pick_sync_ms","ms","18","0.09999990463256836"
"instrument","5000","1","pick-hit","spatial_pick_sync_ms","ms","19","0.20000004768371582"
"instrument","5000","1","pick-hit","spatial_pick_sync_ms","ms","20","0.20000004768371582"
"instrument","5000","1","pick-hit","spatial_pick_sync_ms","ms","21","0.2999999523162842"
"instrument","5000","1","pick-hit","spatial_pick_sync_ms","ms","22","0.20000004768371582"
"instrument","5000","1","pick-hit","spatial_pick_sync_ms","ms","23","0.20000004768371582"
"instrument","5000","1","pick-hit","spatial_pick_sync_ms","ms","24","0.19999980926513672"
"instrument","5000","1","pick-hit","spatial_pick_sync_ms","ms","25","0.20000004768371582"
"instrument","5000","1","pick-hit","spatial_pick_sync_ms","ms","26","0.20000004768371582"
"instrument","5000","1","pick-hit","spatial_pick_sync_ms","ms","27","0.20000004768371582"
"instrument","5000","1","pick-hit","spatial_pick_sync_ms","ms","28","0.20000004768371582"
"instrument","5000","1","pick-hit","spatial_pick_sync_ms","ms","29","0.19999980926513672"
"instrument","5000","1","pick-hit","spatial_pick_sync_ms","ms","30","0.3000001907348633"
"instrument","5000","1","pick-hit","spatial_pick_sync_ms","ms","31","0.19999980926513672"
"instrument","5000","1","pick-hit","spatial_pick_sync_ms","ms","32","0.20000004768371582"
"instrument","5000","1","pick-hit","spatial_pick_sync_ms","ms","33","0.10000014305114746"
"instrument","5000","1","pick-hit","spatial_pick_sync_ms","ms","34","0.19999980926513672"
"instrument","5000","1","pick-hit","spatial_pick_sync_ms","ms","35","0.20000004768371582"
"instrument","5000","1","pick-hit","spatial_pick_sync_ms","ms","36","0.2999999523162842"
"instrument","5000","1","pick-hit","spatial_pick_sync_ms","ms","37","0.10000014305114746"
"instrument","5000","1","pick-hit","spatial_pick_sync_ms","ms","38","0.20000004768371582"
"instrument","5000","1","pick-hit","spatial_pick_sync_ms","ms","39","0.19999980926513672"
"instrument","5000","1","pick-hit","svg_attribute_writes","count","0","0"
"instrument","5000","1","pick-hit","svg_map_geometry_writes","count","0","0"
"instrument","5000","1","pick-hit","svg_symbol_scale_writes","count","0","0"
"instrument","5000","1","pick-hit","svg_viewbox_writes","count","0","0"
"instrument","5000","1","pick-hit","root_iterator_creations","count","0","0"
"instrument","5000","1","pick-hit","root_iterator_next_calls","count","0","0"
"instrument","5000","1","pick-hit","runtime_points_getter_reads","count","0","0"
"instrument","5000","1","pick-hit","runtime_contour_getter_reads","count","0","0"
"instrument","5000","1","pick-hit","runtime_baseZ_getter_reads","count","0","0"
"instrument","5000","1","pick-hit","runtime_height_getter_reads","count","0","0"
"instrument","5000","1","pick-hit","renderer_scene_reads","count","0","0"
"instrument","5000","1","pick-hit","renderer_entries_exposed","count","0","0"
"instrument","5000","1","pick-hit","renderer_composition_changes","count","0","0"
"instrument","5000","1","pick-hit","renderer_changed_entries","count","0","0"
"instrument","5000","1","pick-hit","renderer_callbacks","count","0","0"
"instrument","5000","1","pick-hit","svg_element_nodes","count","0","26837"
"instrument","5000","1","pick-hit","shadow_element_nodes","count","0","26838"
"instrument","5000","1","pick-hit","shadow_all_nodes","count","0","26841"
"instrument","5000","1","pick-hit","appearances_all_layers","count","0","13411"
"instrument","5000","1","pick-hit","appearances_visible_layers","count","0","4433"
"instrument","5000","1","pick-hit","visible_point_symbols","count","0","2479"
"instrument","5000","1","pick-hit","visible_route_fragments","count","0","996"
"instrument","5000","1","pick-hit","visible_polygon_paths","count","0","453"
"instrument","5000","1","pick-hit","layers","count","0","13"
"instrument","5000","1","pick-hit","visible_layers","count","0","5"
"instrument","5000","2","floor-switch","operation_sync_ms","ms","0","0"
"instrument","5000","2","floor-switch","operation_to_two_raf_ms","ms","0","32"
"instrument","5000","2","floor-switch","raf_interval_ms","ms","0","16.69999999999709"
"instrument","5000","2","floor-switch","svg_mutation_observed","boolean","0","1"
"instrument","5000","2","floor-switch","svg_last_delivery_from_start_ms","ms","0","15.299999952316284"
"instrument","5000","2","floor-switch","post_sync_svg_delivery_ms","ms","0","15.299999952316284"
"instrument","5000","2","floor-switch","svg_attribute_writes","count","0","1"
"instrument","5000","2","floor-switch","svg_map_geometry_writes","count","0","0"
"instrument","5000","2","floor-switch","svg_symbol_scale_writes","count","0","0"
"instrument","5000","2","floor-switch","svg_viewbox_writes","count","0","0"
"instrument","5000","2","floor-switch","root_iterator_creations","count","0","0"
"instrument","5000","2","floor-switch","root_iterator_next_calls","count","0","0"
"instrument","5000","2","floor-switch","runtime_points_getter_reads","count","0","0"
"instrument","5000","2","floor-switch","runtime_contour_getter_reads","count","0","0"
"instrument","5000","2","floor-switch","runtime_baseZ_getter_reads","count","0","0"
"instrument","5000","2","floor-switch","runtime_height_getter_reads","count","0","0"
"instrument","5000","2","floor-switch","renderer_scene_reads","count","0","0"
"instrument","5000","2","floor-switch","renderer_entries_exposed","count","0","0"
"instrument","5000","2","floor-switch","renderer_composition_changes","count","0","0"
"instrument","5000","2","floor-switch","renderer_changed_entries","count","0","0"
"instrument","5000","2","floor-switch","renderer_callbacks","count","0","1"
"instrument","5000","2","floor-switch","svg_element_nodes","count","0","26837"
"instrument","5000","2","floor-switch","shadow_element_nodes","count","0","26838"
"instrument","5000","2","floor-switch","shadow_all_nodes","count","0","26841"
"instrument","5000","2","floor-switch","appearances_all_layers","count","0","13411"
"instrument","5000","2","floor-switch","appearances_visible_layers","count","0","4391"
"instrument","5000","2","floor-switch","visible_point_symbols","count","0","2313"
"instrument","5000","2","floor-switch","visible_route_fragments","count","0","995"
"instrument","5000","2","floor-switch","visible_polygon_paths","count","0","494"
"instrument","5000","2","floor-switch","layers","count","0","13"
"instrument","5000","2","floor-switch","visible_layers","count","0","5"
"instrument","5000","2","vertex-position","operation_sync_ms","ms","0","0.10000014305114746"
"instrument","5000","2","vertex-position","operation_to_two_raf_ms","ms","0","34"
"instrument","5000","2","vertex-position","raf_interval_ms","ms","0","16.700000000004366"
"instrument","5000","2","vertex-position","svg_mutation_observed","boolean","0","1"
"instrument","5000","2","vertex-position","svg_last_delivery_from_start_ms","ms","0","19.800000190734863"
"instrument","5000","2","vertex-position","post_sync_svg_delivery_ms","ms","0","19.700000047683716"
"instrument","5000","2","vertex-position","svg_attribute_writes","count","0","4"
"instrument","5000","2","vertex-position","svg_map_geometry_writes","count","0","4"
"instrument","5000","2","vertex-position","svg_symbol_scale_writes","count","0","0"
"instrument","5000","2","vertex-position","svg_viewbox_writes","count","0","0"
"instrument","5000","2","vertex-position","root_iterator_creations","count","0","0"
"instrument","5000","2","vertex-position","root_iterator_next_calls","count","0","0"
"instrument","5000","2","vertex-position","runtime_points_getter_reads","count","0","13"
"instrument","5000","2","vertex-position","runtime_contour_getter_reads","count","0","0"
"instrument","5000","2","vertex-position","runtime_baseZ_getter_reads","count","0","0"
"instrument","5000","2","vertex-position","runtime_height_getter_reads","count","0","0"
"instrument","5000","2","vertex-position","renderer_scene_reads","count","0","0"
"instrument","5000","2","vertex-position","renderer_entries_exposed","count","0","0"
"instrument","5000","2","vertex-position","renderer_composition_changes","count","0","0"
"instrument","5000","2","vertex-position","renderer_changed_entries","count","0","0"
"instrument","5000","2","vertex-position","renderer_callbacks","count","0","1"
"instrument","5000","2","vertex-position","svg_element_nodes","count","0","26837"
"instrument","5000","2","vertex-position","shadow_element_nodes","count","0","26838"
"instrument","5000","2","vertex-position","shadow_all_nodes","count","0","26841"
"instrument","5000","2","vertex-position","appearances_all_layers","count","0","13411"
"instrument","5000","2","vertex-position","appearances_visible_layers","count","0","4433"
"instrument","5000","2","vertex-position","visible_point_symbols","count","0","2479"
"instrument","5000","2","vertex-position","visible_route_fragments","count","0","996"
"instrument","5000","2","vertex-position","visible_polygon_paths","count","0","453"
"instrument","5000","2","vertex-position","layers","count","0","13"
"instrument","5000","2","vertex-position","visible_layers","count","0","5"
"instrument","5000","2","route-add","operation_sync_ms","ms","0","0.09999990463256836"
"instrument","5000","2","route-add","operation_to_two_raf_ms","ms","0","68.69999980926514"
"instrument","5000","2","route-add","raf_interval_ms","ms","0","50"
"instrument","5000","2","route-add","svg_mutation_observed","boolean","0","1"
"instrument","5000","2","route-add","svg_last_delivery_from_start_ms","ms","0","64.69999980926514"
"instrument","5000","2","route-add","post_sync_svg_delivery_ms","ms","0","64.59999990463257"
"instrument","5000","2","route-add","svg_attribute_writes","count","0","38"
"instrument","5000","2","route-add","svg_map_geometry_writes","count","0","4"
"instrument","5000","2","route-add","svg_symbol_scale_writes","count","0","1"
"instrument","5000","2","route-add","svg_viewbox_writes","count","0","0"
"instrument","5000","2","route-add","root_iterator_creations","count","0","1"
"instrument","5000","2","route-add","root_iterator_next_calls","count","0","5001"
"instrument","5000","2","route-add","runtime_points_getter_reads","count","0","15922"
"instrument","5000","2","route-add","runtime_contour_getter_reads","count","0","5928"
"instrument","5000","2","route-add","runtime_baseZ_getter_reads","count","0","11844"
"instrument","5000","2","route-add","runtime_height_getter_reads","count","0","11844"
"instrument","5000","2","route-add","renderer_scene_reads","count","0","0"
"instrument","5000","2","route-add","renderer_entries_exposed","count","0","0"
"instrument","5000","2","route-add","renderer_composition_changes","count","0","0"
"instrument","5000","2","route-add","renderer_changed_entries","count","0","0"
"instrument","5000","2","route-add","renderer_callbacks","count","0","1"
"instrument","5000","2","route-add","svg_element_nodes","count","0","26845"
"instrument","5000","2","route-add","shadow_element_nodes","count","0","26846"
"instrument","5000","2","route-add","shadow_all_nodes","count","0","26849"
"instrument","5000","2","route-add","appearances_all_layers","count","0","13415"
"instrument","5000","2","route-add","appearances_visible_layers","count","0","4435"
"instrument","5000","2","route-add","visible_point_symbols","count","0","2480"
"instrument","5000","2","route-add","visible_route_fragments","count","0","997"
"instrument","5000","2","route-add","visible_polygon_paths","count","0","453"
"instrument","5000","2","route-add","layers","count","0","13"
"instrument","5000","2","route-add","visible_layers","count","0","5"
"instrument","5000","2","route-insert","operation_sync_ms","ms","0","0"
"instrument","5000","2","route-insert","operation_to_two_raf_ms","ms","0","71.89999985694885"
"instrument","5000","2","route-insert","raf_interval_ms","ms","0","50"
"instrument","5000","2","route-insert","svg_mutation_observed","boolean","0","1"
"instrument","5000","2","route-insert","svg_last_delivery_from_start_ms","ms","0","68"
"instrument","5000","2","route-insert","post_sync_svg_delivery_ms","ms","0","68"
"instrument","5000","2","route-insert","svg_attribute_writes","count","0","9"
"instrument","5000","2","route-insert","svg_map_geometry_writes","count","0","2"
"instrument","5000","2","route-insert","svg_symbol_scale_writes","count","0","1"
"instrument","5000","2","route-insert","svg_viewbox_writes","count","0","0"
"instrument","5000","2","route-insert","root_iterator_creations","count","0","1"
"instrument","5000","2","route-insert","root_iterator_next_calls","count","0","5001"
"instrument","5000","2","route-insert","runtime_points_getter_reads","count","0","15919"
"instrument","5000","2","route-insert","runtime_contour_getter_reads","count","0","5928"
"instrument","5000","2","route-insert","runtime_baseZ_getter_reads","count","0","11844"
"instrument","5000","2","route-insert","runtime_height_getter_reads","count","0","11844"
"instrument","5000","2","route-insert","renderer_scene_reads","count","0","0"
"instrument","5000","2","route-insert","renderer_entries_exposed","count","0","0"
"instrument","5000","2","route-insert","renderer_composition_changes","count","0","0"
"instrument","5000","2","route-insert","renderer_changed_entries","count","0","0"
"instrument","5000","2","route-insert","renderer_callbacks","count","0","1"
"instrument","5000","2","route-insert","svg_element_nodes","count","0","26839"
"instrument","5000","2","route-insert","shadow_element_nodes","count","0","26840"
"instrument","5000","2","route-insert","shadow_all_nodes","count","0","26843"
"instrument","5000","2","route-insert","appearances_all_layers","count","0","13412"
"instrument","5000","2","route-insert","appearances_visible_layers","count","0","4434"
"instrument","5000","2","route-insert","visible_point_symbols","count","0","2480"
"instrument","5000","2","route-insert","visible_route_fragments","count","0","996"
"instrument","5000","2","route-insert","visible_polygon_paths","count","0","453"
"instrument","5000","2","route-insert","layers","count","0","13"
"instrument","5000","2","route-insert","visible_layers","count","0","5"
"instrument","5000","2","route-remove","operation_sync_ms","ms","0","0"
"instrument","5000","2","route-remove","operation_to_two_raf_ms","ms","0","73.19999980926514"
"instrument","5000","2","route-remove","raf_interval_ms","ms","0","50"
"instrument","5000","2","route-remove","svg_mutation_observed","boolean","0","1"
"instrument","5000","2","route-remove","svg_last_delivery_from_start_ms","ms","0","70.59999990463257"
"instrument","5000","2","route-remove","post_sync_svg_delivery_ms","ms","0","70.59999990463257"
"instrument","5000","2","route-remove","svg_attribute_writes","count","0","1"
"instrument","5000","2","route-remove","svg_map_geometry_writes","count","0","1"
"instrument","5000","2","route-remove","svg_symbol_scale_writes","count","0","0"
"instrument","5000","2","route-remove","svg_viewbox_writes","count","0","0"
"instrument","5000","2","route-remove","root_iterator_creations","count","0","1"
"instrument","5000","2","route-remove","root_iterator_next_calls","count","0","5001"
"instrument","5000","2","route-remove","runtime_points_getter_reads","count","0","15920"
"instrument","5000","2","route-remove","runtime_contour_getter_reads","count","0","5928"
"instrument","5000","2","route-remove","runtime_baseZ_getter_reads","count","0","11844"
"instrument","5000","2","route-remove","runtime_height_getter_reads","count","0","11844"
"instrument","5000","2","route-remove","renderer_scene_reads","count","0","0"
"instrument","5000","2","route-remove","renderer_entries_exposed","count","0","0"
"instrument","5000","2","route-remove","renderer_composition_changes","count","0","0"
"instrument","5000","2","route-remove","renderer_changed_entries","count","0","0"
"instrument","5000","2","route-remove","renderer_callbacks","count","0","1"
"instrument","5000","2","route-remove","svg_element_nodes","count","0","26835"
"instrument","5000","2","route-remove","shadow_element_nodes","count","0","26836"
"instrument","5000","2","route-remove","shadow_all_nodes","count","0","26839"
"instrument","5000","2","route-remove","appearances_all_layers","count","0","13410"
"instrument","5000","2","route-remove","appearances_visible_layers","count","0","4433"
"instrument","5000","2","route-remove","visible_point_symbols","count","0","2479"
"instrument","5000","2","route-remove","visible_route_fragments","count","0","996"
"instrument","5000","2","route-remove","visible_polygon_paths","count","0","453"
"instrument","5000","2","route-remove","layers","count","0","13"
"instrument","5000","2","route-remove","visible_layers","count","0","5"
"instrument","5000","2","route-replacePoints","operation_sync_ms","ms","0","0"
"instrument","5000","2","route-replacePoints","operation_to_two_raf_ms","ms","0","65.09999990463257"
"instrument","5000","2","route-replacePoints","raf_interval_ms","ms","0","50.099999999998545"
"instrument","5000","2","route-replacePoints","svg_mutation_observed","boolean","0","1"
"instrument","5000","2","route-replacePoints","svg_last_delivery_from_start_ms","ms","0","61"
"instrument","5000","2","route-replacePoints","post_sync_svg_delivery_ms","ms","0","61"
"instrument","5000","2","route-replacePoints","svg_attribute_writes","count","0","11"
"instrument","5000","2","route-replacePoints","svg_map_geometry_writes","count","0","4"
"instrument","5000","2","route-replacePoints","svg_symbol_scale_writes","count","0","1"
"instrument","5000","2","route-replacePoints","svg_viewbox_writes","count","0","0"
"instrument","5000","2","route-replacePoints","root_iterator_creations","count","0","1"
"instrument","5000","2","route-replacePoints","root_iterator_next_calls","count","0","5001"
"instrument","5000","2","route-replacePoints","runtime_points_getter_reads","count","0","15919"
"instrument","5000","2","route-replacePoints","runtime_contour_getter_reads","count","0","5928"
"instrument","5000","2","route-replacePoints","runtime_baseZ_getter_reads","count","0","11844"
"instrument","5000","2","route-replacePoints","runtime_height_getter_reads","count","0","11844"
"instrument","5000","2","route-replacePoints","renderer_scene_reads","count","0","0"
"instrument","5000","2","route-replacePoints","renderer_entries_exposed","count","0","0"
"instrument","5000","2","route-replacePoints","renderer_composition_changes","count","0","0"
"instrument","5000","2","route-replacePoints","renderer_changed_entries","count","0","0"
"instrument","5000","2","route-replacePoints","renderer_callbacks","count","0","1"
"instrument","5000","2","route-replacePoints","svg_element_nodes","count","0","26837"
"instrument","5000","2","route-replacePoints","shadow_element_nodes","count","0","26838"
"instrument","5000","2","route-replacePoints","shadow_all_nodes","count","0","26841"
"instrument","5000","2","route-replacePoints","appearances_all_layers","count","0","13411"
"instrument","5000","2","route-replacePoints","appearances_visible_layers","count","0","4434"
"instrument","5000","2","route-replacePoints","visible_point_symbols","count","0","2480"
"instrument","5000","2","route-replacePoints","visible_route_fragments","count","0","996"
"instrument","5000","2","route-replacePoints","visible_polygon_paths","count","0","453"
"instrument","5000","2","route-replacePoints","layers","count","0","13"
"instrument","5000","2","route-replacePoints","visible_layers","count","0","5"
"instrument","5000","2","polygon-vertex","operation_sync_ms","ms","0","0"
"instrument","5000","2","polygon-vertex","operation_to_two_raf_ms","ms","0","28.59999990463257"
"instrument","5000","2","polygon-vertex","raf_interval_ms","ms","0","16.69999999999709"
"instrument","5000","2","polygon-vertex","svg_mutation_observed","boolean","0","1"
"instrument","5000","2","polygon-vertex","svg_last_delivery_from_start_ms","ms","0","12.099999904632568"
"instrument","5000","2","polygon-vertex","post_sync_svg_delivery_ms","ms","0","12.099999904632568"
"instrument","5000","2","polygon-vertex","svg_attribute_writes","count","0","2"
"instrument","5000","2","polygon-vertex","svg_map_geometry_writes","count","0","2"
"instrument","5000","2","polygon-vertex","svg_symbol_scale_writes","count","0","0"
"instrument","5000","2","polygon-vertex","svg_viewbox_writes","count","0","0"
"instrument","5000","2","polygon-vertex","root_iterator_creations","count","0","0"
"instrument","5000","2","polygon-vertex","root_iterator_next_calls","count","0","0"
"instrument","5000","2","polygon-vertex","runtime_points_getter_reads","count","0","0"
"instrument","5000","2","polygon-vertex","runtime_contour_getter_reads","count","0","16"
"instrument","5000","2","polygon-vertex","runtime_baseZ_getter_reads","count","0","12"
"instrument","5000","2","polygon-vertex","runtime_height_getter_reads","count","0","12"
"instrument","5000","2","polygon-vertex","renderer_scene_reads","count","0","0"
"instrument","5000","2","polygon-vertex","renderer_entries_exposed","count","0","0"
"instrument","5000","2","polygon-vertex","renderer_composition_changes","count","0","0"
"instrument","5000","2","polygon-vertex","renderer_changed_entries","count","0","0"
"instrument","5000","2","polygon-vertex","renderer_callbacks","count","0","1"
"instrument","5000","2","polygon-vertex","svg_element_nodes","count","0","26837"
"instrument","5000","2","polygon-vertex","shadow_element_nodes","count","0","26838"
"instrument","5000","2","polygon-vertex","shadow_all_nodes","count","0","26841"
"instrument","5000","2","polygon-vertex","appearances_all_layers","count","0","13411"
"instrument","5000","2","polygon-vertex","appearances_visible_layers","count","0","4433"
"instrument","5000","2","polygon-vertex","visible_point_symbols","count","0","2479"
"instrument","5000","2","polygon-vertex","visible_route_fragments","count","0","996"
"instrument","5000","2","polygon-vertex","visible_polygon_paths","count","0","453"
"instrument","5000","2","polygon-vertex","layers","count","0","13"
"instrument","5000","2","polygon-vertex","visible_layers","count","0","5"
"instrument","5000","2","polygon-baseZ","operation_sync_ms","ms","0","0"
"instrument","5000","2","polygon-baseZ","operation_to_two_raf_ms","ms","0","18.59999990463257"
"instrument","5000","2","polygon-baseZ","raf_interval_ms","ms","0","16.700000000004366"
"instrument","5000","2","polygon-baseZ","svg_mutation_observed","boolean","0","1"
"instrument","5000","2","polygon-baseZ","svg_last_delivery_from_start_ms","ms","0","12.400000095367432"
"instrument","5000","2","polygon-baseZ","post_sync_svg_delivery_ms","ms","0","12.400000095367432"
"instrument","5000","2","polygon-baseZ","svg_attribute_writes","count","0","9"
"instrument","5000","2","polygon-baseZ","svg_map_geometry_writes","count","0","1"
"instrument","5000","2","polygon-baseZ","svg_symbol_scale_writes","count","0","0"
"instrument","5000","2","polygon-baseZ","svg_viewbox_writes","count","0","0"
"instrument","5000","2","polygon-baseZ","root_iterator_creations","count","0","0"
"instrument","5000","2","polygon-baseZ","root_iterator_next_calls","count","0","0"
"instrument","5000","2","polygon-baseZ","runtime_points_getter_reads","count","0","2984"
"instrument","5000","2","polygon-baseZ","runtime_contour_getter_reads","count","0","12"
"instrument","5000","2","polygon-baseZ","runtime_baseZ_getter_reads","count","0","12"
"instrument","5000","2","polygon-baseZ","runtime_height_getter_reads","count","0","12"
"instrument","5000","2","polygon-baseZ","renderer_scene_reads","count","0","0"
"instrument","5000","2","polygon-baseZ","renderer_entries_exposed","count","0","0"
"instrument","5000","2","polygon-baseZ","renderer_composition_changes","count","0","0"
"instrument","5000","2","polygon-baseZ","renderer_changed_entries","count","0","0"
"instrument","5000","2","polygon-baseZ","renderer_callbacks","count","0","1"
"instrument","5000","2","polygon-baseZ","svg_element_nodes","count","0","26837"
"instrument","5000","2","polygon-baseZ","shadow_element_nodes","count","0","26838"
"instrument","5000","2","polygon-baseZ","shadow_all_nodes","count","0","26841"
"instrument","5000","2","polygon-baseZ","appearances_all_layers","count","0","13411"
"instrument","5000","2","polygon-baseZ","appearances_visible_layers","count","0","4432"
"instrument","5000","2","polygon-baseZ","visible_point_symbols","count","0","2479"
"instrument","5000","2","polygon-baseZ","visible_route_fragments","count","0","996"
"instrument","5000","2","polygon-baseZ","visible_polygon_paths","count","0","452"
"instrument","5000","2","polygon-baseZ","layers","count","0","13"
"instrument","5000","2","polygon-baseZ","visible_layers","count","0","5"
"instrument","5000","2","polygon-height","operation_sync_ms","ms","0","0"
"instrument","5000","2","polygon-height","operation_to_two_raf_ms","ms","0","25.299999952316284"
"instrument","5000","2","polygon-height","raf_interval_ms","ms","0","16.700000000004366"
"instrument","5000","2","polygon-height","svg_mutation_observed","boolean","0","1"
"instrument","5000","2","polygon-height","svg_last_delivery_from_start_ms","ms","0","18.5"
"instrument","5000","2","polygon-height","post_sync_svg_delivery_ms","ms","0","18.5"
"instrument","5000","2","polygon-height","svg_attribute_writes","count","0","0"
"instrument","5000","2","polygon-height","svg_map_geometry_writes","count","0","0"
"instrument","5000","2","polygon-height","svg_symbol_scale_writes","count","0","0"
"instrument","5000","2","polygon-height","svg_viewbox_writes","count","0","0"
"instrument","5000","2","polygon-height","root_iterator_creations","count","0","0"
"instrument","5000","2","polygon-height","root_iterator_next_calls","count","0","0"
"instrument","5000","2","polygon-height","runtime_points_getter_reads","count","0","2984"
"instrument","5000","2","polygon-height","runtime_contour_getter_reads","count","0","4"
"instrument","5000","2","polygon-height","runtime_baseZ_getter_reads","count","0","12"
"instrument","5000","2","polygon-height","runtime_height_getter_reads","count","0","12"
"instrument","5000","2","polygon-height","renderer_scene_reads","count","0","0"
"instrument","5000","2","polygon-height","renderer_entries_exposed","count","0","0"
"instrument","5000","2","polygon-height","renderer_composition_changes","count","0","0"
"instrument","5000","2","polygon-height","renderer_changed_entries","count","0","0"
"instrument","5000","2","polygon-height","renderer_callbacks","count","0","1"
"instrument","5000","2","polygon-height","svg_element_nodes","count","0","26835"
"instrument","5000","2","polygon-height","shadow_element_nodes","count","0","26836"
"instrument","5000","2","polygon-height","shadow_all_nodes","count","0","26839"
"instrument","5000","2","polygon-height","appearances_all_layers","count","0","13410"
"instrument","5000","2","polygon-height","appearances_visible_layers","count","0","4433"
"instrument","5000","2","polygon-height","visible_point_symbols","count","0","2479"
"instrument","5000","2","polygon-height","visible_route_fragments","count","0","996"
"instrument","5000","2","polygon-height","visible_polygon_paths","count","0","453"
"instrument","5000","2","polygon-height","layers","count","0","13"
"instrument","5000","2","polygon-height","visible_layers","count","0","5"
"instrument","5000","2","root-add","operation_sync_ms","ms","0","0.5"
"instrument","5000","2","root-add","operation_to_two_raf_ms","ms","0","77.40000009536743"
"instrument","5000","2","root-add","raf_interval_ms","ms","0","49.900000000001455"
"instrument","5000","2","root-add","svg_mutation_observed","boolean","0","1"
"instrument","5000","2","root-add","svg_last_delivery_from_start_ms","ms","0","72.90000009536743"
"instrument","5000","2","root-add","post_sync_svg_delivery_ms","ms","0","72.40000009536743"
"instrument","5000","2","root-add","svg_attribute_writes","count","0","8"
"instrument","5000","2","root-add","svg_map_geometry_writes","count","0","1"
"instrument","5000","2","root-add","svg_symbol_scale_writes","count","0","1"
"instrument","5000","2","root-add","svg_viewbox_writes","count","0","0"
"instrument","5000","2","root-add","root_iterator_creations","count","0","2"
"instrument","5000","2","root-add","root_iterator_next_calls","count","0","10003"
"instrument","5000","2","root-add","runtime_points_getter_reads","count","0","15919"
"instrument","5000","2","root-add","runtime_contour_getter_reads","count","0","5928"
"instrument","5000","2","root-add","runtime_baseZ_getter_reads","count","0","11844"
"instrument","5000","2","root-add","runtime_height_getter_reads","count","0","11844"
"instrument","5000","2","root-add","renderer_scene_reads","count","0","0"
"instrument","5000","2","root-add","renderer_entries_exposed","count","0","0"
"instrument","5000","2","root-add","renderer_composition_changes","count","0","0"
"instrument","5000","2","root-add","renderer_changed_entries","count","0","0"
"instrument","5000","2","root-add","renderer_callbacks","count","0","1"
"instrument","5000","2","root-add","svg_element_nodes","count","0","26839"
"instrument","5000","2","root-add","shadow_element_nodes","count","0","26840"
"instrument","5000","2","root-add","shadow_all_nodes","count","0","26843"
"instrument","5000","2","root-add","appearances_all_layers","count","0","13412"
"instrument","5000","2","root-add","appearances_visible_layers","count","0","4434"
"instrument","5000","2","root-add","visible_point_symbols","count","0","2480"
"instrument","5000","2","root-add","visible_route_fragments","count","0","996"
"instrument","5000","2","root-add","visible_polygon_paths","count","0","453"
"instrument","5000","2","root-add","layers","count","0","13"
"instrument","5000","2","root-add","visible_layers","count","0","5"
"instrument","5000","2","root-remove","operation_sync_ms","ms","0","0.6000001430511475"
"instrument","5000","2","root-remove","operation_to_two_raf_ms","ms","0","71.30000019073486"
"instrument","5000","2","root-remove","raf_interval_ms","ms","0","66.59999999999127"
"instrument","5000","2","root-remove","svg_mutation_observed","boolean","0","1"
"instrument","5000","2","root-remove","svg_last_delivery_from_start_ms","ms","0","67.30000019073486"
"instrument","5000","2","root-remove","post_sync_svg_delivery_ms","ms","0","66.70000004768372"
"instrument","5000","2","root-remove","svg_attribute_writes","count","0","0"
"instrument","5000","2","root-remove","svg_map_geometry_writes","count","0","0"
"instrument","5000","2","root-remove","svg_symbol_scale_writes","count","0","0"
"instrument","5000","2","root-remove","svg_viewbox_writes","count","0","0"
"instrument","5000","2","root-remove","root_iterator_creations","count","0","2"
"instrument","5000","2","root-remove","root_iterator_next_calls","count","0","10000"
"instrument","5000","2","root-remove","runtime_points_getter_reads","count","0","15919"
"instrument","5000","2","root-remove","runtime_contour_getter_reads","count","0","5928"
"instrument","5000","2","root-remove","runtime_baseZ_getter_reads","count","0","11844"
"instrument","5000","2","root-remove","runtime_height_getter_reads","count","0","11844"
"instrument","5000","2","root-remove","renderer_scene_reads","count","0","0"
"instrument","5000","2","root-remove","renderer_entries_exposed","count","0","0"
"instrument","5000","2","root-remove","renderer_composition_changes","count","0","0"
"instrument","5000","2","root-remove","renderer_changed_entries","count","0","0"
"instrument","5000","2","root-remove","renderer_callbacks","count","0","1"
"instrument","5000","2","root-remove","svg_element_nodes","count","0","26835"
"instrument","5000","2","root-remove","shadow_element_nodes","count","0","26836"
"instrument","5000","2","root-remove","shadow_all_nodes","count","0","26839"
"instrument","5000","2","root-remove","appearances_all_layers","count","0","13410"
"instrument","5000","2","root-remove","appearances_visible_layers","count","0","4432"
"instrument","5000","2","root-remove","visible_point_symbols","count","0","2478"
"instrument","5000","2","root-remove","visible_route_fragments","count","0","996"
"instrument","5000","2","root-remove","visible_polygon_paths","count","0","453"
"instrument","5000","2","root-remove","layers","count","0","13"
"instrument","5000","2","root-remove","visible_layers","count","0","5"
"instrument","5000","2","layer-direct-add","operation_sync_ms","ms","0","0"
"instrument","5000","2","layer-direct-add","operation_to_two_raf_ms","ms","0","72.10000014305115"
"instrument","5000","2","layer-direct-add","raf_interval_ms","ms","0","50"
"instrument","5000","2","layer-direct-add","svg_mutation_observed","boolean","0","1"
"instrument","5000","2","layer-direct-add","svg_last_delivery_from_start_ms","ms","0","68.10000014305115"
"instrument","5000","2","layer-direct-add","post_sync_svg_delivery_ms","ms","0","68.10000014305115"
"instrument","5000","2","layer-direct-add","svg_attribute_writes","count","0","34"
"instrument","5000","2","layer-direct-add","svg_map_geometry_writes","count","0","4"
"instrument","5000","2","layer-direct-add","svg_symbol_scale_writes","count","0","3"
"instrument","5000","2","layer-direct-add","svg_viewbox_writes","count","0","0"
"instrument","5000","2","layer-direct-add","root_iterator_creations","count","0","1"
"instrument","5000","2","layer-direct-add","root_iterator_next_calls","count","0","5001"
"instrument","5000","2","layer-direct-add","runtime_points_getter_reads","count","0","15920"
"instrument","5000","2","layer-direct-add","runtime_contour_getter_reads","count","0","5928"
"instrument","5000","2","layer-direct-add","runtime_baseZ_getter_reads","count","0","11844"
"instrument","5000","2","layer-direct-add","runtime_height_getter_reads","count","0","11844"
"instrument","5000","2","layer-direct-add","renderer_scene_reads","count","0","0"
"instrument","5000","2","layer-direct-add","renderer_entries_exposed","count","0","0"
"instrument","5000","2","layer-direct-add","renderer_composition_changes","count","0","0"
"instrument","5000","2","layer-direct-add","renderer_changed_entries","count","0","0"
"instrument","5000","2","layer-direct-add","renderer_callbacks","count","0","1"
"instrument","5000","2","layer-direct-add","svg_element_nodes","count","0","26843"
"instrument","5000","2","layer-direct-add","shadow_element_nodes","count","0","26844"
"instrument","5000","2","layer-direct-add","shadow_all_nodes","count","0","26847"
"instrument","5000","2","layer-direct-add","appearances_all_layers","count","0","13414"
"instrument","5000","2","layer-direct-add","appearances_visible_layers","count","0","4436"
"instrument","5000","2","layer-direct-add","visible_point_symbols","count","0","2482"
"instrument","5000","2","layer-direct-add","visible_route_fragments","count","0","996"
"instrument","5000","2","layer-direct-add","visible_polygon_paths","count","0","453"
"instrument","5000","2","layer-direct-add","layers","count","0","13"
"instrument","5000","2","layer-direct-add","visible_layers","count","0","5"
"instrument","5000","2","layer-direct-remove","operation_sync_ms","ms","0","0"
"instrument","5000","2","layer-direct-remove","operation_to_two_raf_ms","ms","0","72.60000014305115"
"instrument","5000","2","layer-direct-remove","raf_interval_ms","ms","0","50"
"instrument","5000","2","layer-direct-remove","svg_mutation_observed","boolean","0","1"
"instrument","5000","2","layer-direct-remove","svg_last_delivery_from_start_ms","ms","0","68.29999995231628"
"instrument","5000","2","layer-direct-remove","post_sync_svg_delivery_ms","ms","0","68.29999995231628"
"instrument","5000","2","layer-direct-remove","svg_attribute_writes","count","0","10"
"instrument","5000","2","layer-direct-remove","svg_map_geometry_writes","count","0","1"
"instrument","5000","2","layer-direct-remove","svg_symbol_scale_writes","count","0","0"
"instrument","5000","2","layer-direct-remove","svg_viewbox_writes","count","0","0"
"instrument","5000","2","layer-direct-remove","root_iterator_creations","count","0","1"
"instrument","5000","2","layer-direct-remove","root_iterator_next_calls","count","0","5001"
"instrument","5000","2","layer-direct-remove","runtime_points_getter_reads","count","0","15919"
"instrument","5000","2","layer-direct-remove","runtime_contour_getter_reads","count","0","5928"
"instrument","5000","2","layer-direct-remove","runtime_baseZ_getter_reads","count","0","11844"
"instrument","5000","2","layer-direct-remove","runtime_height_getter_reads","count","0","11844"
"instrument","5000","2","layer-direct-remove","renderer_scene_reads","count","0","0"
"instrument","5000","2","layer-direct-remove","renderer_entries_exposed","count","0","0"
"instrument","5000","2","layer-direct-remove","renderer_composition_changes","count","0","0"
"instrument","5000","2","layer-direct-remove","renderer_changed_entries","count","0","0"
"instrument","5000","2","layer-direct-remove","renderer_callbacks","count","0","1"
"instrument","5000","2","layer-direct-remove","svg_element_nodes","count","0","26833"
"instrument","5000","2","layer-direct-remove","shadow_element_nodes","count","0","26834"
"instrument","5000","2","layer-direct-remove","shadow_all_nodes","count","0","26837"
"instrument","5000","2","layer-direct-remove","appearances_all_layers","count","0","13409"
"instrument","5000","2","layer-direct-remove","appearances_visible_layers","count","0","4431"
"instrument","5000","2","layer-direct-remove","visible_point_symbols","count","0","2477"
"instrument","5000","2","layer-direct-remove","visible_route_fragments","count","0","996"
"instrument","5000","2","layer-direct-remove","visible_polygon_paths","count","0","453"
"instrument","5000","2","layer-direct-remove","layers","count","0","13"
"instrument","5000","2","layer-direct-remove","visible_layers","count","0","5"
"instrument","5000","2","load","load_call_sync_ms","ms","0","109.79999995231628"
"instrument","5000","2","load","load_promise_ms","ms","0","139.40000009536743"
"instrument","5000","2","load","operation_to_two_raf_ms","ms","0","232.70000004768372"
"instrument","5000","2","load","raf_interval_ms","ms","0","83.39999999999418"
"instrument","5000","2","load","svg_mutation_observed","boolean","0","1"
"instrument","5000","2","load","svg_last_delivery_from_start_ms","ms","0","191.29999995231628"
"instrument","5000","2","load","post_sync_svg_delivery_ms","ms","0","81.5"
"instrument","5000","2","load","svg_attribute_writes","count","0","123170"
"instrument","5000","2","load","svg_map_geometry_writes","count","0","18460"
"instrument","5000","2","load","svg_symbol_scale_writes","count","0","7262"
"instrument","5000","2","load","svg_viewbox_writes","count","0","1"
"instrument","5000","2","load","root_iterator_creations","count","0","2"
"instrument","5000","2","load","root_iterator_next_calls","count","0","10002"
"instrument","5000","2","load","runtime_points_getter_reads","count","0","15920"
"instrument","5000","2","load","runtime_contour_getter_reads","count","0","11856"
"instrument","5000","2","load","runtime_baseZ_getter_reads","count","0","11844"
"instrument","5000","2","load","runtime_height_getter_reads","count","0","11844"
"instrument","5000","2","load","renderer_scene_reads","count","0","2"
"instrument","5000","2","load","renderer_entries_exposed","count","0","26822"
"instrument","5000","2","load","renderer_composition_changes","count","0","0"
"instrument","5000","2","load","renderer_changed_entries","count","0","13411"
"instrument","5000","2","load","renderer_callbacks","count","0","1"
"instrument","5000","2","load","svg_element_nodes","count","0","26837"
"instrument","5000","2","load","shadow_element_nodes","count","0","26838"
"instrument","5000","2","load","shadow_all_nodes","count","0","26841"
"instrument","5000","2","load","appearances_all_layers","count","0","13411"
"instrument","5000","2","load","appearances_visible_layers","count","0","13411"
"instrument","5000","2","load","visible_point_symbols","count","0","7262"
"instrument","5000","2","load","visible_route_fragments","count","0","2984"
"instrument","5000","2","load","visible_polygon_paths","count","0","1482"
"instrument","5000","2","load","layers","count","0","13"
"instrument","5000","2","load","visible_layers","count","0","13"
"instrument","5000","2","pan","raf_interval_ms","ms","0","16.69999999999709"
"instrument","5000","2","pan","camera_api_sync_ms","ms","0","0"
"instrument","5000","2","pan","svg_last_delivery_from_start_ms","ms","0","16.799999952316284"
"instrument","5000","2","pan","post_sync_svg_delivery_ms","ms","0","16.799999952316284"
"instrument","5000","2","pan","raf_interval_ms","ms","1","16.69999999999709"
"instrument","5000","2","pan","camera_api_sync_ms","ms","1","0"
"instrument","5000","2","pan","svg_last_delivery_from_start_ms","ms","1","16.5"
"instrument","5000","2","pan","post_sync_svg_delivery_ms","ms","1","16.5"
"instrument","5000","2","pan","raf_interval_ms","ms","2","16.70000000001164"
"instrument","5000","2","pan","camera_api_sync_ms","ms","2","0"
"instrument","5000","2","pan","svg_last_delivery_from_start_ms","ms","2","15.699999809265137"
"instrument","5000","2","pan","post_sync_svg_delivery_ms","ms","2","15.699999809265137"
"instrument","5000","2","pan","raf_interval_ms","ms","3","16.59999999999127"
"instrument","5000","2","pan","camera_api_sync_ms","ms","3","0"
"instrument","5000","2","pan","svg_last_delivery_from_start_ms","ms","3","17.600000143051147"
"instrument","5000","2","pan","post_sync_svg_delivery_ms","ms","3","17.600000143051147"
"instrument","5000","2","pan","raf_interval_ms","ms","4","16.69999999999709"
"instrument","5000","2","pan","camera_api_sync_ms","ms","4","0"
"instrument","5000","2","pan","svg_last_delivery_from_start_ms","ms","4","16.700000047683716"
"instrument","5000","2","pan","post_sync_svg_delivery_ms","ms","4","16.700000047683716"
"instrument","5000","2","pan","raf_interval_ms","ms","5","16.70000000001164"
"instrument","5000","2","pan","camera_api_sync_ms","ms","5","0"
"instrument","5000","2","pan","svg_last_delivery_from_start_ms","ms","5","16.699999809265137"
"instrument","5000","2","pan","post_sync_svg_delivery_ms","ms","5","16.699999809265137"
"instrument","5000","2","pan","raf_interval_ms","ms","6","16.59999999999127"
"instrument","5000","2","pan","camera_api_sync_ms","ms","6","0"
"instrument","5000","2","pan","svg_last_delivery_from_start_ms","ms","6","16.600000143051147"
"instrument","5000","2","pan","post_sync_svg_delivery_ms","ms","6","16.600000143051147"
"instrument","5000","2","pan","raf_interval_ms","ms","7","16.69999999999709"
"instrument","5000","2","pan","camera_api_sync_ms","ms","7","0"
"instrument","5000","2","pan","svg_last_delivery_from_start_ms","ms","7","16.700000047683716"
"instrument","5000","2","pan","post_sync_svg_delivery_ms","ms","7","16.700000047683716"
"instrument","5000","2","pan","raf_interval_ms","ms","8","16.60000000000582"
"instrument","5000","2","pan","camera_api_sync_ms","ms","8","0.09999990463256836"
"instrument","5000","2","pan","svg_last_delivery_from_start_ms","ms","8","16.699999809265137"
"instrument","5000","2","pan","post_sync_svg_delivery_ms","ms","8","16.59999990463257"
"instrument","5000","2","pan","raf_interval_ms","ms","9","16.69999999999709"
"instrument","5000","2","pan","camera_api_sync_ms","ms","9","0"
"instrument","5000","2","pan","svg_last_delivery_from_start_ms","ms","9","16.300000190734863"
"instrument","5000","2","pan","post_sync_svg_delivery_ms","ms","9","16.300000190734863"
"instrument","5000","2","pan","raf_interval_ms","ms","10","16.69999999999709"
"instrument","5000","2","pan","camera_api_sync_ms","ms","10","0"
"instrument","5000","2","pan","svg_last_delivery_from_start_ms","ms","10","17"
"instrument","5000","2","pan","post_sync_svg_delivery_ms","ms","10","17"
"instrument","5000","2","pan","raf_interval_ms","ms","11","16.70000000001164"
"instrument","5000","2","pan","camera_api_sync_ms","ms","11","0.09999990463256836"
"instrument","5000","2","pan","svg_last_delivery_from_start_ms","ms","11","16.699999809265137"
"instrument","5000","2","pan","post_sync_svg_delivery_ms","ms","11","16.59999990463257"
"instrument","5000","2","pan","raf_interval_ms","ms","12","16.59999999999127"
"instrument","5000","2","pan","camera_api_sync_ms","ms","12","0"
"instrument","5000","2","pan","svg_last_delivery_from_start_ms","ms","12","16.600000143051147"
"instrument","5000","2","pan","post_sync_svg_delivery_ms","ms","12","16.600000143051147"
"instrument","5000","2","pan","raf_interval_ms","ms","13","16.69999999999709"
"instrument","5000","2","pan","camera_api_sync_ms","ms","13","0"
"instrument","5000","2","pan","svg_last_delivery_from_start_ms","ms","13","16.700000047683716"
"instrument","5000","2","pan","post_sync_svg_delivery_ms","ms","13","16.700000047683716"
"instrument","5000","2","pan","raf_interval_ms","ms","14","16.70000000001164"
"instrument","5000","2","pan","camera_api_sync_ms","ms","14","0"
"instrument","5000","2","pan","svg_last_delivery_from_start_ms","ms","14","16.09999990463257"
"instrument","5000","2","pan","post_sync_svg_delivery_ms","ms","14","16.09999990463257"
"instrument","5000","2","pan","raf_interval_ms","ms","15","16.59999999999127"
"instrument","5000","2","pan","camera_api_sync_ms","ms","15","0"
"instrument","5000","2","pan","svg_last_delivery_from_start_ms","ms","15","16.90000009536743"
"instrument","5000","2","pan","post_sync_svg_delivery_ms","ms","15","16.90000009536743"
"instrument","5000","2","pan","raf_interval_ms","ms","16","16.69999999999709"
"instrument","5000","2","pan","camera_api_sync_ms","ms","16","0"
"instrument","5000","2","pan","svg_last_delivery_from_start_ms","ms","16","16.799999952316284"
"instrument","5000","2","pan","post_sync_svg_delivery_ms","ms","16","16.799999952316284"
"instrument","5000","2","pan","raf_interval_ms","ms","17","16.60000000000582"
"instrument","5000","2","pan","camera_api_sync_ms","ms","17","0.09999990463256836"
"instrument","5000","2","pan","svg_last_delivery_from_start_ms","ms","17","16.799999952316284"
"instrument","5000","2","pan","post_sync_svg_delivery_ms","ms","17","16.700000047683716"
"instrument","5000","2","pan","raf_interval_ms","ms","18","16.69999999999709"
"instrument","5000","2","pan","camera_api_sync_ms","ms","18","0.09999990463256836"
"instrument","5000","2","pan","svg_last_delivery_from_start_ms","ms","18","16.40000009536743"
"instrument","5000","2","pan","post_sync_svg_delivery_ms","ms","18","16.300000190734863"
"instrument","5000","2","pan","raf_interval_ms","ms","19","16.69999999999709"
"instrument","5000","2","pan","camera_api_sync_ms","ms","19","0"
"instrument","5000","2","pan","svg_last_delivery_from_start_ms","ms","19","17"
"instrument","5000","2","pan","post_sync_svg_delivery_ms","ms","19","17"
"instrument","5000","2","pan","raf_interval_ms","ms","20","16.60000000000582"
"instrument","5000","2","pan","camera_api_sync_ms","ms","20","0"
"instrument","5000","2","pan","svg_last_delivery_from_start_ms","ms","20","16.699999809265137"
"instrument","5000","2","pan","post_sync_svg_delivery_ms","ms","20","16.699999809265137"
"instrument","5000","2","pan","raf_interval_ms","ms","21","16.69999999999709"
"instrument","5000","2","pan","camera_api_sync_ms","ms","21","0"
"instrument","5000","2","pan","svg_last_delivery_from_start_ms","ms","21","16.300000190734863"
"instrument","5000","2","pan","post_sync_svg_delivery_ms","ms","21","16.300000190734863"
"instrument","5000","2","pan","raf_interval_ms","ms","22","16.69999999999709"
"instrument","5000","2","pan","camera_api_sync_ms","ms","22","0"
"instrument","5000","2","pan","svg_last_delivery_from_start_ms","ms","22","17"
"instrument","5000","2","pan","post_sync_svg_delivery_ms","ms","22","17"
"instrument","5000","2","pan","raf_interval_ms","ms","23","16.60000000000582"
"instrument","5000","2","pan","camera_api_sync_ms","ms","23","0"
"instrument","5000","2","pan","svg_last_delivery_from_start_ms","ms","23","16.699999809265137"
"instrument","5000","2","pan","post_sync_svg_delivery_ms","ms","23","16.699999809265137"
"instrument","5000","2","pan","svg_attribute_writes","count","0","24"
"instrument","5000","2","pan","svg_map_geometry_writes","count","0","0"
"instrument","5000","2","pan","svg_symbol_scale_writes","count","0","0"
"instrument","5000","2","pan","svg_viewbox_writes","count","0","24"
"instrument","5000","2","pan","root_iterator_creations","count","0","0"
"instrument","5000","2","pan","root_iterator_next_calls","count","0","0"
"instrument","5000","2","pan","runtime_points_getter_reads","count","0","0"
"instrument","5000","2","pan","runtime_contour_getter_reads","count","0","0"
"instrument","5000","2","pan","runtime_baseZ_getter_reads","count","0","0"
"instrument","5000","2","pan","runtime_height_getter_reads","count","0","0"
"instrument","5000","2","pan","renderer_scene_reads","count","0","0"
"instrument","5000","2","pan","renderer_entries_exposed","count","0","0"
"instrument","5000","2","pan","renderer_composition_changes","count","0","0"
"instrument","5000","2","pan","renderer_changed_entries","count","0","0"
"instrument","5000","2","pan","renderer_callbacks","count","0","24"
"instrument","5000","2","pan","svg_element_nodes","count","0","26837"
"instrument","5000","2","pan","shadow_element_nodes","count","0","26838"
"instrument","5000","2","pan","shadow_all_nodes","count","0","26841"
"instrument","5000","2","pan","appearances_all_layers","count","0","13411"
"instrument","5000","2","pan","appearances_visible_layers","count","0","4433"
"instrument","5000","2","pan","visible_point_symbols","count","0","2479"
"instrument","5000","2","pan","visible_route_fragments","count","0","996"
"instrument","5000","2","pan","visible_polygon_paths","count","0","453"
"instrument","5000","2","pan","layers","count","0","13"
"instrument","5000","2","pan","visible_layers","count","0","5"
"instrument","5000","2","zoom","raf_interval_ms","ms","0","16.60000000000582"
"instrument","5000","2","zoom","camera_api_sync_ms","ms","0","0"
"instrument","5000","2","zoom","svg_last_delivery_from_start_ms","ms","0","20.5"
"instrument","5000","2","zoom","post_sync_svg_delivery_ms","ms","0","20.5"
"instrument","5000","2","zoom","raf_interval_ms","ms","1","16.69999999999709"
"instrument","5000","2","zoom","camera_api_sync_ms","ms","1","0"
"instrument","5000","2","zoom","svg_last_delivery_from_start_ms","ms","1","19.899999856948853"
"instrument","5000","2","zoom","post_sync_svg_delivery_ms","ms","1","19.899999856948853"
"instrument","5000","2","zoom","raf_interval_ms","ms","2","16.69999999999709"
"instrument","5000","2","zoom","camera_api_sync_ms","ms","2","0.10000014305114746"
"instrument","5000","2","zoom","svg_last_delivery_from_start_ms","ms","2","20"
"instrument","5000","2","zoom","post_sync_svg_delivery_ms","ms","2","19.899999856948853"
"instrument","5000","2","zoom","raf_interval_ms","ms","3","16.60000000000582"
"instrument","5000","2","zoom","camera_api_sync_ms","ms","3","0"
"instrument","5000","2","zoom","svg_last_delivery_from_start_ms","ms","3","26.299999952316284"
"instrument","5000","2","zoom","post_sync_svg_delivery_ms","ms","3","26.299999952316284"
"instrument","5000","2","zoom","raf_interval_ms","ms","4","33.30000000000291"
"instrument","5000","2","zoom","camera_api_sync_ms","ms","4","0"
"instrument","5000","2","zoom","svg_last_delivery_from_start_ms","ms","4","19.5"
"instrument","5000","2","zoom","post_sync_svg_delivery_ms","ms","4","19.5"
"instrument","5000","2","zoom","raf_interval_ms","ms","5","16.69999999999709"
"instrument","5000","2","zoom","camera_api_sync_ms","ms","5","0"
"instrument","5000","2","zoom","svg_last_delivery_from_start_ms","ms","5","20.200000047683716"
"instrument","5000","2","zoom","post_sync_svg_delivery_ms","ms","5","20.200000047683716"
"instrument","5000","2","zoom","raf_interval_ms","ms","6","16.69999999999709"
"instrument","5000","2","zoom","camera_api_sync_ms","ms","6","0"
"instrument","5000","2","zoom","svg_last_delivery_from_start_ms","ms","6","26.899999856948853"
"instrument","5000","2","zoom","post_sync_svg_delivery_ms","ms","6","26.899999856948853"
"instrument","5000","2","zoom","raf_interval_ms","ms","7","33.40000000000873"
"instrument","5000","2","zoom","camera_api_sync_ms","ms","7","0"
"instrument","5000","2","zoom","svg_last_delivery_from_start_ms","ms","7","19.90000009536743"
"instrument","5000","2","zoom","post_sync_svg_delivery_ms","ms","7","19.90000009536743"
"instrument","5000","2","zoom","raf_interval_ms","ms","8","16.59999999999127"
"instrument","5000","2","zoom","camera_api_sync_ms","ms","8","0"
"instrument","5000","2","zoom","svg_last_delivery_from_start_ms","ms","8","19.799999952316284"
"instrument","5000","2","zoom","post_sync_svg_delivery_ms","ms","8","19.799999952316284"
"instrument","5000","2","zoom","raf_interval_ms","ms","9","16.69999999999709"
"instrument","5000","2","zoom","camera_api_sync_ms","ms","9","0.09999990463256836"
"instrument","5000","2","zoom","svg_last_delivery_from_start_ms","ms","9","19.700000047683716"
"instrument","5000","2","zoom","post_sync_svg_delivery_ms","ms","9","19.600000143051147"
"instrument","5000","2","zoom","raf_interval_ms","ms","10","16.60000000000582"
"instrument","5000","2","zoom","camera_api_sync_ms","ms","10","0"
"instrument","5000","2","zoom","svg_last_delivery_from_start_ms","ms","10","20.09999990463257"
"instrument","5000","2","zoom","post_sync_svg_delivery_ms","ms","10","20.09999990463257"
"instrument","5000","2","zoom","raf_interval_ms","ms","11","16.69999999999709"
"instrument","5000","2","zoom","camera_api_sync_ms","ms","11","0"
"instrument","5000","2","zoom","svg_last_delivery_from_start_ms","ms","11","20.799999952316284"
"instrument","5000","2","zoom","post_sync_svg_delivery_ms","ms","11","20.799999952316284"
"instrument","5000","2","zoom","raf_interval_ms","ms","12","33.30000000000291"
"instrument","5000","2","zoom","camera_api_sync_ms","ms","12","0"
"instrument","5000","2","zoom","svg_last_delivery_from_start_ms","ms","12","19.600000143051147"
"instrument","5000","2","zoom","post_sync_svg_delivery_ms","ms","12","19.600000143051147"
"instrument","5000","2","zoom","raf_interval_ms","ms","13","16.69999999999709"
"instrument","5000","2","zoom","camera_api_sync_ms","ms","13","0"
"instrument","5000","2","zoom","svg_last_delivery_from_start_ms","ms","13","19.40000009536743"
"instrument","5000","2","zoom","post_sync_svg_delivery_ms","ms","13","19.40000009536743"
"instrument","5000","2","zoom","raf_interval_ms","ms","14","16.69999999999709"
"instrument","5000","2","zoom","camera_api_sync_ms","ms","14","0"
"instrument","5000","2","zoom","svg_last_delivery_from_start_ms","ms","14","19.299999952316284"
"instrument","5000","2","zoom","post_sync_svg_delivery_ms","ms","14","19.299999952316284"
"instrument","5000","2","zoom","raf_interval_ms","ms","15","16.60000000000582"
"instrument","5000","2","zoom","camera_api_sync_ms","ms","15","0"
"instrument","5000","2","zoom","svg_last_delivery_from_start_ms","ms","15","19.799999952316284"
"instrument","5000","2","zoom","post_sync_svg_delivery_ms","ms","15","19.799999952316284"
"instrument","5000","2","zoom","raf_interval_ms","ms","16","16.69999999999709"
"instrument","5000","2","zoom","camera_api_sync_ms","ms","16","0"
"instrument","5000","2","zoom","svg_last_delivery_from_start_ms","ms","16","21.90000009536743"
"instrument","5000","2","zoom","post_sync_svg_delivery_ms","ms","16","21.90000009536743"
"instrument","5000","2","zoom","raf_interval_ms","ms","17","33.30000000000291"
"instrument","5000","2","zoom","camera_api_sync_ms","ms","17","0"
"instrument","5000","2","zoom","svg_last_delivery_from_start_ms","ms","17","20.200000047683716"
"instrument","5000","2","zoom","post_sync_svg_delivery_ms","ms","17","20.200000047683716"
"instrument","5000","2","zoom","raf_interval_ms","ms","18","16.69999999999709"
"instrument","5000","2","zoom","camera_api_sync_ms","ms","18","0"
"instrument","5000","2","zoom","svg_last_delivery_from_start_ms","ms","18","20.5"
"instrument","5000","2","zoom","post_sync_svg_delivery_ms","ms","18","20.5"
"instrument","5000","2","zoom","raf_interval_ms","ms","19","16.60000000000582"
"instrument","5000","2","zoom","camera_api_sync_ms","ms","19","0"
"instrument","5000","2","zoom","svg_last_delivery_from_start_ms","ms","19","26.09999990463257"
"instrument","5000","2","zoom","post_sync_svg_delivery_ms","ms","19","26.09999990463257"
"instrument","5000","2","zoom","raf_interval_ms","ms","20","33.30000000000291"
"instrument","5000","2","zoom","camera_api_sync_ms","ms","20","0"
"instrument","5000","2","zoom","svg_last_delivery_from_start_ms","ms","20","21.700000047683716"
"instrument","5000","2","zoom","post_sync_svg_delivery_ms","ms","20","21.700000047683716"
"instrument","5000","2","zoom","raf_interval_ms","ms","21","16.69999999999709"
"instrument","5000","2","zoom","camera_api_sync_ms","ms","21","0"
"instrument","5000","2","zoom","svg_last_delivery_from_start_ms","ms","21","28.59999990463257"
"instrument","5000","2","zoom","post_sync_svg_delivery_ms","ms","21","28.59999990463257"
"instrument","5000","2","zoom","raf_interval_ms","ms","22","33.39999999999418"
"instrument","5000","2","zoom","camera_api_sync_ms","ms","22","0.10000014305114746"
"instrument","5000","2","zoom","svg_last_delivery_from_start_ms","ms","22","22.700000047683716"
"instrument","5000","2","zoom","post_sync_svg_delivery_ms","ms","22","22.59999990463257"
"instrument","5000","2","zoom","raf_interval_ms","ms","23","16.69999999999709"
"instrument","5000","2","zoom","camera_api_sync_ms","ms","23","0"
"instrument","5000","2","zoom","svg_last_delivery_from_start_ms","ms","23","27.5"
"instrument","5000","2","zoom","post_sync_svg_delivery_ms","ms","23","27.5"
"instrument","5000","2","zoom","svg_attribute_writes","count","0","174312"
"instrument","5000","2","zoom","svg_map_geometry_writes","count","0","0"
"instrument","5000","2","zoom","svg_symbol_scale_writes","count","0","174288"
"instrument","5000","2","zoom","svg_viewbox_writes","count","0","24"
"instrument","5000","2","zoom","root_iterator_creations","count","0","0"
"instrument","5000","2","zoom","root_iterator_next_calls","count","0","0"
"instrument","5000","2","zoom","runtime_points_getter_reads","count","0","0"
"instrument","5000","2","zoom","runtime_contour_getter_reads","count","0","0"
"instrument","5000","2","zoom","runtime_baseZ_getter_reads","count","0","0"
"instrument","5000","2","zoom","runtime_height_getter_reads","count","0","0"
"instrument","5000","2","zoom","renderer_scene_reads","count","0","0"
"instrument","5000","2","zoom","renderer_entries_exposed","count","0","0"
"instrument","5000","2","zoom","renderer_composition_changes","count","0","0"
"instrument","5000","2","zoom","renderer_changed_entries","count","0","0"
"instrument","5000","2","zoom","renderer_callbacks","count","0","24"
"instrument","5000","2","zoom","svg_element_nodes","count","0","26837"
"instrument","5000","2","zoom","shadow_element_nodes","count","0","26838"
"instrument","5000","2","zoom","shadow_all_nodes","count","0","26841"
"instrument","5000","2","zoom","appearances_all_layers","count","0","13411"
"instrument","5000","2","zoom","appearances_visible_layers","count","0","4433"
"instrument","5000","2","zoom","visible_point_symbols","count","0","2479"
"instrument","5000","2","zoom","visible_route_fragments","count","0","996"
"instrument","5000","2","zoom","visible_polygon_paths","count","0","453"
"instrument","5000","2","zoom","layers","count","0","13"
"instrument","5000","2","zoom","visible_layers","count","0","5"
"instrument","5000","2","pick-hit","spatial_pick_sync_ms","ms","0","0.7000000476837158"
"instrument","5000","2","pick-hit","spatial_pick_sync_ms","ms","1","0.19999980926513672"
"instrument","5000","2","pick-hit","spatial_pick_sync_ms","ms","2","0.3000001907348633"
"instrument","5000","2","pick-hit","spatial_pick_sync_ms","ms","3","0.09999990463256836"
"instrument","5000","2","pick-hit","spatial_pick_sync_ms","ms","4","0.20000004768371582"
"instrument","5000","2","pick-hit","spatial_pick_sync_ms","ms","5","0.20000004768371582"
"instrument","5000","2","pick-hit","spatial_pick_sync_ms","ms","6","0.19999980926513672"
"instrument","5000","2","pick-hit","spatial_pick_sync_ms","ms","7","0.20000004768371582"
"instrument","5000","2","pick-hit","spatial_pick_sync_ms","ms","8","0.2999999523162842"
"instrument","5000","2","pick-hit","spatial_pick_sync_ms","ms","9","0.20000004768371582"
"instrument","5000","2","pick-hit","spatial_pick_sync_ms","ms","10","0.20000004768371582"
"instrument","5000","2","pick-hit","spatial_pick_sync_ms","ms","11","0.20000004768371582"
"instrument","5000","2","pick-hit","spatial_pick_sync_ms","ms","12","0.20000004768371582"
"instrument","5000","2","pick-hit","spatial_pick_sync_ms","ms","13","0.19999980926513672"
"instrument","5000","2","pick-hit","spatial_pick_sync_ms","ms","14","0.20000004768371582"
"instrument","5000","2","pick-hit","spatial_pick_sync_ms","ms","15","0.10000014305114746"
"instrument","5000","2","pick-hit","spatial_pick_sync_ms","ms","16","0.2999999523162842"
"instrument","5000","2","pick-hit","spatial_pick_sync_ms","ms","17","0.09999990463256836"
"instrument","5000","2","pick-hit","spatial_pick_sync_ms","ms","18","0.20000004768371582"
"instrument","5000","2","pick-hit","spatial_pick_sync_ms","ms","19","0.20000004768371582"
"instrument","5000","2","pick-hit","spatial_pick_sync_ms","ms","20","0.2999999523162842"
"instrument","5000","2","pick-hit","spatial_pick_sync_ms","ms","21","0.09999990463256836"
"instrument","5000","2","pick-hit","spatial_pick_sync_ms","ms","22","0.20000004768371582"
"instrument","5000","2","pick-hit","spatial_pick_sync_ms","ms","23","0.20000004768371582"
"instrument","5000","2","pick-hit","spatial_pick_sync_ms","ms","24","0.20000004768371582"
"instrument","5000","2","pick-hit","spatial_pick_sync_ms","ms","25","0.20000004768371582"
"instrument","5000","2","pick-hit","spatial_pick_sync_ms","ms","26","0.19999980926513672"
"instrument","5000","2","pick-hit","spatial_pick_sync_ms","ms","27","0.20000004768371582"
"instrument","5000","2","pick-hit","spatial_pick_sync_ms","ms","28","0.20000004768371582"
"instrument","5000","2","pick-hit","spatial_pick_sync_ms","ms","29","0.20000004768371582"
"instrument","5000","2","pick-hit","spatial_pick_sync_ms","ms","30","0.20000004768371582"
"instrument","5000","2","pick-hit","spatial_pick_sync_ms","ms","31","0.19999980926513672"
"instrument","5000","2","pick-hit","spatial_pick_sync_ms","ms","32","0.10000014305114746"
"instrument","5000","2","pick-hit","spatial_pick_sync_ms","ms","33","0.2999999523162842"
"instrument","5000","2","pick-hit","spatial_pick_sync_ms","ms","34","2.5999999046325684"
"instrument","5000","2","pick-hit","spatial_pick_sync_ms","ms","35","0.40000009536743164"
"instrument","5000","2","pick-hit","spatial_pick_sync_ms","ms","36","0.20000004768371582"
"instrument","5000","2","pick-hit","spatial_pick_sync_ms","ms","37","0.20000004768371582"
"instrument","5000","2","pick-hit","spatial_pick_sync_ms","ms","38","0.19999980926513672"
"instrument","5000","2","pick-hit","spatial_pick_sync_ms","ms","39","0.3000001907348633"
"instrument","5000","2","pick-hit","svg_attribute_writes","count","0","0"
"instrument","5000","2","pick-hit","svg_map_geometry_writes","count","0","0"
"instrument","5000","2","pick-hit","svg_symbol_scale_writes","count","0","0"
"instrument","5000","2","pick-hit","svg_viewbox_writes","count","0","0"
"instrument","5000","2","pick-hit","root_iterator_creations","count","0","0"
"instrument","5000","2","pick-hit","root_iterator_next_calls","count","0","0"
"instrument","5000","2","pick-hit","runtime_points_getter_reads","count","0","0"
"instrument","5000","2","pick-hit","runtime_contour_getter_reads","count","0","0"
"instrument","5000","2","pick-hit","runtime_baseZ_getter_reads","count","0","0"
"instrument","5000","2","pick-hit","runtime_height_getter_reads","count","0","0"
"instrument","5000","2","pick-hit","renderer_scene_reads","count","0","0"
"instrument","5000","2","pick-hit","renderer_entries_exposed","count","0","0"
"instrument","5000","2","pick-hit","renderer_composition_changes","count","0","0"
"instrument","5000","2","pick-hit","renderer_changed_entries","count","0","0"
"instrument","5000","2","pick-hit","renderer_callbacks","count","0","0"
"instrument","5000","2","pick-hit","svg_element_nodes","count","0","26837"
"instrument","5000","2","pick-hit","shadow_element_nodes","count","0","26838"
"instrument","5000","2","pick-hit","shadow_all_nodes","count","0","26841"
"instrument","5000","2","pick-hit","appearances_all_layers","count","0","13411"
"instrument","5000","2","pick-hit","appearances_visible_layers","count","0","4433"
"instrument","5000","2","pick-hit","visible_point_symbols","count","0","2479"
"instrument","5000","2","pick-hit","visible_route_fragments","count","0","996"
"instrument","5000","2","pick-hit","visible_polygon_paths","count","0","453"
"instrument","5000","2","pick-hit","layers","count","0","13"
"instrument","5000","2","pick-hit","visible_layers","count","0","5"
"instrument","5000","2","pick-miss","spatial_pick_sync_ms","ms","0","1.7999999523162842"
"instrument","5000","2","pick-miss","spatial_pick_sync_ms","ms","1","1.0999999046325684"
"instrument","5000","2","pick-miss","spatial_pick_sync_ms","ms","2","1"
"instrument","5000","2","pick-miss","spatial_pick_sync_ms","ms","3","1"
"instrument","5000","2","pick-miss","spatial_pick_sync_ms","ms","4","1.1000001430511475"
"instrument","5000","2","pick-miss","spatial_pick_sync_ms","ms","5","1"
"instrument","5000","2","pick-miss","spatial_pick_sync_ms","ms","6","1"
"instrument","5000","2","pick-miss","spatial_pick_sync_ms","ms","7","1.0999999046325684"
"instrument","5000","2","pick-miss","spatial_pick_sync_ms","ms","8","0.9000000953674316"
"instrument","5000","2","pick-miss","spatial_pick_sync_ms","ms","9","1"
"instrument","5000","2","pick-miss","spatial_pick_sync_ms","ms","10","1"
"instrument","5000","2","pick-miss","spatial_pick_sync_ms","ms","11","1.0999999046325684"
"instrument","5000","2","pick-miss","spatial_pick_sync_ms","ms","12","1.0999999046325684"
"instrument","5000","2","pick-miss","spatial_pick_sync_ms","ms","13","1.1000001430511475"
"instrument","5000","2","pick-miss","spatial_pick_sync_ms","ms","14","1.0999999046325684"
"instrument","5000","2","pick-miss","spatial_pick_sync_ms","ms","15","1"
"instrument","5000","2","pick-miss","spatial_pick_sync_ms","ms","16","1.1000001430511475"
"instrument","5000","2","pick-miss","spatial_pick_sync_ms","ms","17","1"
"instrument","5000","2","pick-miss","spatial_pick_sync_ms","ms","18","0.8999998569488525"
"instrument","5000","2","pick-miss","spatial_pick_sync_ms","ms","19","1.1000001430511475"
"instrument","5000","2","pick-miss","spatial_pick_sync_ms","ms","20","1"
"instrument","5000","2","pick-miss","spatial_pick_sync_ms","ms","21","1"
"instrument","5000","2","pick-miss","spatial_pick_sync_ms","ms","22","1"
"instrument","5000","2","pick-miss","spatial_pick_sync_ms","ms","23","1.0999999046325684"
"instrument","5000","2","pick-miss","spatial_pick_sync_ms","ms","24","0.9000000953674316"
"instrument","5000","2","pick-miss","spatial_pick_sync_ms","ms","25","1.0999999046325684"
"instrument","5000","2","pick-miss","spatial_pick_sync_ms","ms","26","0.9000000953674316"
"instrument","5000","2","pick-miss","spatial_pick_sync_ms","ms","27","1.0999999046325684"
"instrument","5000","2","pick-miss","spatial_pick_sync_ms","ms","28","1"
"instrument","5000","2","pick-miss","spatial_pick_sync_ms","ms","29","1"
"instrument","5000","2","pick-miss","spatial_pick_sync_ms","ms","30","1"
"instrument","5000","2","pick-miss","spatial_pick_sync_ms","ms","31","0.9000000953674316"
"instrument","5000","2","pick-miss","spatial_pick_sync_ms","ms","32","1.0999999046325684"
"instrument","5000","2","pick-miss","spatial_pick_sync_ms","ms","33","1"
"instrument","5000","2","pick-miss","spatial_pick_sync_ms","ms","34","1"
"instrument","5000","2","pick-miss","spatial_pick_sync_ms","ms","35","1"
"instrument","5000","2","pick-miss","spatial_pick_sync_ms","ms","36","1"
"instrument","5000","2","pick-miss","spatial_pick_sync_ms","ms","37","1"
"instrument","5000","2","pick-miss","spatial_pick_sync_ms","ms","38","1"
"instrument","5000","2","pick-miss","spatial_pick_sync_ms","ms","39","1"
"instrument","5000","2","pick-miss","svg_attribute_writes","count","0","0"
"instrument","5000","2","pick-miss","svg_map_geometry_writes","count","0","0"
"instrument","5000","2","pick-miss","svg_symbol_scale_writes","count","0","0"
"instrument","5000","2","pick-miss","svg_viewbox_writes","count","0","0"
"instrument","5000","2","pick-miss","root_iterator_creations","count","0","0"
"instrument","5000","2","pick-miss","root_iterator_next_calls","count","0","0"
"instrument","5000","2","pick-miss","runtime_points_getter_reads","count","0","0"
"instrument","5000","2","pick-miss","runtime_contour_getter_reads","count","0","0"
"instrument","5000","2","pick-miss","runtime_baseZ_getter_reads","count","0","0"
"instrument","5000","2","pick-miss","runtime_height_getter_reads","count","0","0"
"instrument","5000","2","pick-miss","renderer_scene_reads","count","0","0"
"instrument","5000","2","pick-miss","renderer_entries_exposed","count","0","0"
"instrument","5000","2","pick-miss","renderer_composition_changes","count","0","0"
"instrument","5000","2","pick-miss","renderer_changed_entries","count","0","0"
"instrument","5000","2","pick-miss","renderer_callbacks","count","0","0"
"instrument","5000","2","pick-miss","svg_element_nodes","count","0","26837"
"instrument","5000","2","pick-miss","shadow_element_nodes","count","0","26838"
"instrument","5000","2","pick-miss","shadow_all_nodes","count","0","26841"
"instrument","5000","2","pick-miss","appearances_all_layers","count","0","13411"
"instrument","5000","2","pick-miss","appearances_visible_layers","count","0","4433"
"instrument","5000","2","pick-miss","visible_point_symbols","count","0","2479"
"instrument","5000","2","pick-miss","visible_route_fragments","count","0","996"
"instrument","5000","2","pick-miss","visible_polygon_paths","count","0","453"
"instrument","5000","2","pick-miss","layers","count","0","13"
"instrument","5000","2","pick-miss","visible_layers","count","0","5"
