phase,roots,scenario,metric,unit,interpretation,before_sample_count,after_sample_count,before_repeat_count,after_repeat_count,before_median,after_median,delta_median,delta_median_percent,before_p95,after_p95,delta_p95,delta_p95_percent,before_max,after_max,delta_max,delta_max_percent
instrument,3000,floor-switch,appearances_all_layers,count,instrumentation_or_snapshot,3,3,3,3,8035.0,8035.0,0.0,0.0,8035.0,8035.0,0.0,0.0,8035.0,8035.0,0.0,0.0
instrument,3000,floor-switch,appearances_visible_layers,count,instrumentation_or_snapshot,3,3,3,3,2629.0,2629.0,0.0,0.0,2629.0,2629.0,0.0,0.0,2629.0,2629.0,0.0,0.0
instrument,3000,floor-switch,layers,count,instrumentation_or_snapshot,3,3,3,3,13.0,13.0,0.0,0.0,13.0,13.0,0.0,0.0,13.0,13.0,0.0,0.0
instrument,3000,floor-switch,operation_sync_ms,ms,diagnostic_instrumented_timing,3,3,3,3,0.0,0.0,0.0,,0.0,0.09999990463256836,0.09999990463256836,,0.0,0.09999990463256836,0.09999990463256836,
instrument,3000,floor-switch,operation_to_two_raf_ms,ms,diagnostic_instrumented_timing,3,3,3,3,21.200000047683716,23.59999990463257,2.3999998569488525,11.320754016748568,26.90000009536743,31.5,4.599999904632568,17.100371332060902,26.90000009536743,31.5,4.599999904632568,17.100371332060902
instrument,3000,floor-switch,post_sync_svg_delivery_ms,ms,diagnostic_instrumented_timing,3,3,3,3,6.599999904632568,6.099999904632568,-0.5,-7.5757576852243265,10.900000095367432,14.799999952316284,3.8999998569488525,35.779814888317084,10.900000095367432,14.799999952316284,3.8999998569488525,35.779814888317084
instrument,3000,floor-switch,raf_interval_ms,ms,diagnostic_instrumented_timing,3,3,3,3,16.700000000000728,16.700000000000728,0.0,0.0,16.700000000000728,16.700000000000728,0.0,0.0,16.700000000000728,16.700000000000728,0.0,0.0
instrument,3000,floor-switch,renderer_callbacks,count,instrumentation_or_snapshot,3,3,3,3,1.0,1.0,0.0,0.0,1.0,1.0,0.0,0.0,1.0,1.0,0.0,0.0
instrument,3000,floor-switch,root_iterator_creations,count,instrumentation_or_snapshot,3,3,3,3,0.0,0.0,0.0,,0.0,0.0,0.0,,0.0,0.0,0.0,
instrument,3000,floor-switch,root_iterator_next_calls,count,instrumentation_or_snapshot,3,3,3,3,0.0,0.0,0.0,,0.0,0.0,0.0,,0.0,0.0,0.0,
instrument,3000,floor-switch,runtime_baseZ_getter_reads,count,instrumentation_or_snapshot,3,3,3,3,0.0,0.0,0.0,,0.0,0.0,0.0,,0.0,0.0,0.0,
instrument,3000,floor-switch,runtime_contour_getter_reads,count,instrumentation_or_snapshot,3,3,3,3,0.0,0.0,0.0,,0.0,0.0,0.0,,0.0,0.0,0.0,
instrument,3000,floor-switch,runtime_height_getter_reads,count,instrumentation_or_snapshot,3,3,3,3,0.0,0.0,0.0,,0.0,0.0,0.0,,0.0,0.0,0.0,
instrument,3000,floor-switch,runtime_points_getter_reads,count,instrumentation_or_snapshot,3,3,3,3,0.0,0.0,0.0,,0.0,0.0,0.0,,0.0,0.0,0.0,
instrument,3000,floor-switch,shadow_all_nodes,count,instrumentation_or_snapshot,3,3,3,3,16089.0,16089.0,0.0,0.0,16089.0,16089.0,0.0,0.0,16089.0,16089.0,0.0,0.0
instrument,3000,floor-switch,shadow_element_nodes,count,instrumentation_or_snapshot,3,3,3,3,16086.0,16086.0,0.0,0.0,16086.0,16086.0,0.0,0.0,16086.0,16086.0,0.0,0.0
instrument,3000,floor-switch,svg_attribute_writes,count,instrumentation_or_snapshot,3,3,3,3,1.0,1.0,0.0,0.0,1.0,1.0,0.0,0.0,1.0,1.0,0.0,0.0
instrument,3000,floor-switch,svg_element_nodes,count,instrumentation_or_snapshot,3,3,3,3,16085.0,16085.0,0.0,0.0,16085.0,16085.0,0.0,0.0,16085.0,16085.0,0.0,0.0
instrument,3000,floor-switch,svg_last_delivery_from_start_ms,ms,diagnostic_instrumented_timing,3,3,3,3,6.599999904632568,6.099999904632568,-0.5,-7.5757576852243265,10.900000095367432,14.899999856948853,3.999999761581421,36.69724519802019,10.900000095367432,14.899999856948853,3.999999761581421,36.69724519802019
instrument,3000,floor-switch,svg_map_geometry_writes,count,instrumentation_or_snapshot,3,3,3,3,0.0,0.0,0.0,,0.0,0.0,0.0,,0.0,0.0,0.0,
instrument,3000,floor-switch,svg_mutation_observed,boolean,instrumentation_or_snapshot,3,3,3,3,1.0,1.0,0.0,0.0,1.0,1.0,0.0,0.0,1.0,1.0,0.0,0.0
instrument,3000,floor-switch,svg_symbol_scale_writes,count,instrumentation_or_snapshot,3,3,3,3,0.0,0.0,0.0,,0.0,0.0,0.0,,0.0,0.0,0.0,
instrument,3000,floor-switch,svg_viewbox_writes,count,instrumentation_or_snapshot,3,3,3,3,0.0,0.0,0.0,,0.0,0.0,0.0,,0.0,0.0,0.0,
instrument,3000,floor-switch,visible_layers,count,instrumentation_or_snapshot,3,3,3,3,5.0,5.0,0.0,0.0,5.0,5.0,0.0,0.0,5.0,5.0,0.0,0.0
instrument,3000,floor-switch,visible_point_symbols,count,instrumentation_or_snapshot,3,3,3,3,1373.0,1373.0,0.0,0.0,1373.0,1373.0,0.0,0.0,1373.0,1373.0,0.0,0.0
instrument,3000,floor-switch,visible_polygon_paths,count,instrumentation_or_snapshot,3,3,3,3,302.0,302.0,0.0,0.0,302.0,302.0,0.0,0.0,302.0,302.0,0.0,0.0
instrument,3000,floor-switch,visible_route_fragments,count,instrumentation_or_snapshot,3,3,3,3,603.0,603.0,0.0,0.0,603.0,603.0,0.0,0.0,603.0,603.0,0.0,0.0
instrument,3000,layer-direct-add,appearances_all_layers,count,instrumentation_or_snapshot,3,3,3,3,8038.0,8038.0,0.0,0.0,8038.0,8038.0,0.0,0.0,8038.0,8038.0,0.0,0.0
instrument,3000,layer-direct-add,appearances_visible_layers,count,instrumentation_or_snapshot,3,3,3,3,2662.0,2662.0,0.0,0.0,2662.0,2662.0,0.0,0.0,2662.0,2662.0,0.0,0.0
instrument,3000,layer-direct-add,layers,count,instrumentation_or_snapshot,3,3,3,3,13.0,13.0,0.0,0.0,13.0,13.0,0.0,0.0,13.0,13.0,0.0,0.0
instrument,3000,layer-direct-add,operation_sync_ms,ms,diagnostic_instrumented_timing,3,3,3,3,0.0,0.0,0.0,,0.09999990463256836,0.0,-0.09999990463256836,-100.0,0.09999990463256836,0.0,-0.09999990463256836,-100.0
instrument,3000,layer-direct-add,operation_to_two_raf_ms,ms,diagnostic_instrumented_timing,3,3,3,3,50.799999952316284,53.19999980926514,2.3999998569488525,4.7244091716567445,53.60000014305115,59.39999985694885,5.799999713897705,10.820894959735616,53.60000014305115,59.39999985694885,5.799999713897705,10.820894959735616
instrument,3000,layer-direct-add,post_sync_svg_delivery_ms,ms,diagnostic_instrumented_timing,3,3,3,3,48.299999952316284,50.0,1.7000000476837158,3.51966883925885,51.10000014305115,56.5,5.3999998569488525,10.567514367577107,51.10000014305115,56.5,5.3999998569488525,10.567514367577107
instrument,3000,layer-direct-add,raf_interval_ms,ms,diagnostic_instrumented_timing,3,3,3,3,33.29999999999927,33.39999999999782,0.09999999999854481,0.3003003002959369,33.30000000000291,33.399999999999636,0.09999999999672582,0.3003003002904417,33.30000000000291,33.399999999999636,0.09999999999672582,0.3003003002904417
instrument,3000,layer-direct-add,renderer_callbacks,count,instrumentation_or_snapshot,3,3,3,3,1.0,1.0,0.0,0.0,1.0,1.0,0.0,0.0,1.0,1.0,0.0,0.0
instrument,3000,layer-direct-add,root_iterator_creations,count,instrumentation_or_snapshot,3,3,3,3,1.0,1.0,0.0,0.0,1.0,1.0,0.0,0.0,1.0,1.0,0.0,0.0
instrument,3000,layer-direct-add,root_iterator_next_calls,count,instrumentation_or_snapshot,3,3,3,3,3001.0,3001.0,0.0,0.0,3001.0,3001.0,0.0,0.0,3001.0,3001.0,0.0,0.0
instrument,3000,layer-direct-add,runtime_baseZ_getter_reads,count,instrumentation_or_snapshot,3,3,3,3,7236.0,7236.0,0.0,0.0,7236.0,7236.0,0.0,0.0,7236.0,7236.0,0.0,0.0
instrument,3000,layer-direct-add,runtime_contour_getter_reads,count,instrumentation_or_snapshot,3,3,3,3,3624.0,3624.0,0.0,0.0,3624.0,3624.0,0.0,0.0,3624.0,3624.0,0.0,0.0
instrument,3000,layer-direct-add,runtime_height_getter_reads,count,instrumentation_or_snapshot,3,3,3,3,7236.0,7236.0,0.0,0.0,7236.0,7236.0,0.0,0.0,7236.0,7236.0,0.0,0.0
instrument,3000,layer-direct-add,runtime_points_getter_reads,count,instrumentation_or_snapshot,3,3,3,3,9648.0,9648.0,0.0,0.0,9648.0,9648.0,0.0,0.0,9648.0,9648.0,0.0,0.0
instrument,3000,layer-direct-add,shadow_all_nodes,count,instrumentation_or_snapshot,3,3,3,3,16095.0,16095.0,0.0,0.0,16095.0,16095.0,0.0,0.0,16095.0,16095.0,0.0,0.0
instrument,3000,layer-direct-add,shadow_element_nodes,count,instrumentation_or_snapshot,3,3,3,3,16092.0,16092.0,0.0,0.0,16092.0,16092.0,0.0,0.0,16092.0,16092.0,0.0,0.0
instrument,3000,layer-direct-add,svg_attribute_writes,count,instrumentation_or_snapshot,3,3,3,3,34.0,34.0,0.0,0.0,34.0,34.0,0.0,0.0,34.0,34.0,0.0,0.0
instrument,3000,layer-direct-add,svg_element_nodes,count,instrumentation_or_snapshot,3,3,3,3,16091.0,16091.0,0.0,0.0,16091.0,16091.0,0.0,0.0,16091.0,16091.0,0.0,0.0
instrument,3000,layer-direct-add,svg_last_delivery_from_start_ms,ms,diagnostic_instrumented_timing,3,3,3,3,48.39999985694885,50.0,1.6000001430511475,3.305785429297751,51.10000014305115,56.5,5.3999998569488525,10.567514367577107,51.10000014305115,56.5,5.3999998569488525,10.567514367577107
instrument,3000,layer-direct-add,svg_map_geometry_writes,count,instrumentation_or_snapshot,3,3,3,3,4.0,4.0,0.0,0.0,4.0,4.0,0.0,0.0,4.0,4.0,0.0,0.0
instrument,3000,layer-direct-add,svg_mutation_observed,boolean,instrumentation_or_snapshot,3,3,3,3,1.0,1.0,0.0,0.0,1.0,1.0,0.0,0.0,1.0,1.0,0.0,0.0
instrument,3000,layer-direct-add,svg_symbol_scale_writes,count,instrumentation_or_snapshot,3,3,3,3,3.0,3.0,0.0,0.0,3.0,3.0,0.0,0.0,3.0,3.0,0.0,0.0
instrument,3000,layer-direct-add,svg_viewbox_writes,count,instrumentation_or_snapshot,3,3,3,3,0.0,0.0,0.0,,0.0,0.0,0.0,,0.0,0.0,0.0,
instrument,3000,layer-direct-add,visible_layers,count,instrumentation_or_snapshot,3,3,3,3,5.0,5.0,0.0,0.0,5.0,5.0,0.0,0.0,5.0,5.0,0.0,0.0
instrument,3000,layer-direct-add,visible_point_symbols,count,instrumentation_or_snapshot,3,3,3,3,1480.0,1480.0,0.0,0.0,1480.0,1480.0,0.0,0.0,1480.0,1480.0,0.0,0.0
instrument,3000,layer-direct-add,visible_polygon_paths,count,instrumentation_or_snapshot,3,3,3,3,277.0,277.0,0.0,0.0,277.0,277.0,0.0,0.0,277.0,277.0,0.0,0.0
instrument,3000,layer-direct-add,visible_route_fragments,count,instrumentation_or_snapshot,3,3,3,3,604.0,604.0,0.0,0.0,604.0,604.0,0.0,0.0,604.0,604.0,0.0,0.0
instrument,3000,layer-direct-remove,appearances_all_layers,count,instrumentation_or_snapshot,3,3,3,3,8033.0,8033.0,0.0,0.0,8033.0,8033.0,0.0,0.0,8033.0,8033.0,0.0,0.0
instrument,3000,layer-direct-remove,appearances_visible_layers,count,instrumentation_or_snapshot,3,3,3,3,2657.0,2657.0,0.0,0.0,2657.0,2657.0,0.0,0.0,2657.0,2657.0,0.0,0.0
instrument,3000,layer-direct-remove,layers,count,instrumentation_or_snapshot,3,3,3,3,13.0,13.0,0.0,0.0,13.0,13.0,0.0,0.0,13.0,13.0,0.0,0.0
instrument,3000,layer-direct-remove,operation_sync_ms,ms,diagnostic_instrumented_timing,3,3,3,3,0.0,0.0,0.0,,0.0,0.0,0.0,,0.0,0.0,0.0,
instrument,3000,layer-direct-remove,operation_to_two_raf_ms,ms,diagnostic_instrumented_timing,3,3,3,3,47.299999952316284,51.39999985694885,4.099999904632568,8.668075917052493,50.0,51.799999952316284,1.7999999523162842,3.5999999046325684,50.0,51.799999952316284,1.7999999523162842,3.5999999046325684
instrument,3000,layer-direct-remove,post_sync_svg_delivery_ms,ms,diagnostic_instrumented_timing,3,3,3,3,44.59999990463257,48.299999952316284,3.700000047683716,8.295964250213821,47.39999985694885,49.299999952316284,1.9000000953674316,4.00843903185981,47.39999985694885,49.299999952316284,1.9000000953674316,4.00843903185981
instrument,3000,layer-direct-remove,raf_interval_ms,ms,diagnostic_instrumented_timing,3,3,3,3,33.29999999999927,33.39999999999782,0.09999999999854481,0.3003003002959369,33.30000000000291,33.400000000001455,0.09999999999854481,0.3003003002959041,33.30000000000291,33.400000000001455,0.09999999999854481,0.3003003002959041
instrument,3000,layer-direct-remove,renderer_callbacks,count,instrumentation_or_snapshot,3,3,3,3,1.0,1.0,0.0,0.0,1.0,1.0,0.0,0.0,1.0,1.0,0.0,0.0
instrument,3000,layer-direct-remove,root_iterator_creations,count,instrumentation_or_snapshot,3,3,3,3,1.0,1.0,0.0,0.0,1.0,1.0,0.0,0.0,1.0,1.0,0.0,0.0
instrument,3000,layer-direct-remove,root_iterator_next_calls,count,instrumentation_or_snapshot,3,3,3,3,3001.0,3001.0,0.0,0.0,3001.0,3001.0,0.0,0.0,3001.0,3001.0,0.0,0.0
instrument,3000,layer-direct-remove,runtime_baseZ_getter_reads,count,instrumentation_or_snapshot,3,3,3,3,7236.0,7236.0,0.0,0.0,7236.0,7236.0,0.0,0.0,7236.0,7236.0,0.0,0.0
instrument,3000,layer-direct-remove,runtime_contour_getter_reads,count,instrumentation_or_snapshot,3,3,3,3,3624.0,3624.0,0.0,0.0,3624.0,3624.0,0.0,0.0,3624.0,3624.0,0.0,0.0
instrument,3000,layer-direct-remove,runtime_height_getter_reads,count,instrumentation_or_snapshot,3,3,3,3,7236.0,7236.0,0.0,0.0,7236.0,7236.0,0.0,0.0,7236.0,7236.0,0.0,0.0
instrument,3000,layer-direct-remove,runtime_points_getter_reads,count,instrumentation_or_snapshot,3,3,3,3,9647.0,9647.0,0.0,0.0,9647.0,9647.0,0.0,0.0,9647.0,9647.0,0.0,0.0
instrument,3000,layer-direct-remove,shadow_all_nodes,count,instrumentation_or_snapshot,3,3,3,3,16085.0,16085.0,0.0,0.0,16085.0,16085.0,0.0,0.0,16085.0,16085.0,0.0,0.0
instrument,3000,layer-direct-remove,shadow_element_nodes,count,instrumentation_or_snapshot,3,3,3,3,16082.0,16082.0,0.0,0.0,16082.0,16082.0,0.0,0.0,16082.0,16082.0,0.0,0.0
instrument,3000,layer-direct-remove,svg_attribute_writes,count,instrumentation_or_snapshot,3,3,3,3,10.0,10.0,0.0,0.0,10.0,10.0,0.0,0.0,10.0,10.0,0.0,0.0
instrument,3000,layer-direct-remove,svg_element_nodes,count,instrumentation_or_snapshot,3,3,3,3,16081.0,16081.0,0.0,0.0,16081.0,16081.0,0.0,0.0,16081.0,16081.0,0.0,0.0
instrument,3000,layer-direct-remove,svg_last_delivery_from_start_ms,ms,diagnostic_instrumented_timing,3,3,3,3,44.59999990463257,48.299999952316284,3.700000047683716,8.295964250213821,47.39999985694885,49.299999952316284,1.9000000953674316,4.00843903185981,47.39999985694885,49.299999952316284,1.9000000953674316,4.00843903185981
instrument,3000,layer-direct-remove,svg_map_geometry_writes,count,instrumentation_or_snapshot,3,3,3,3,1.0,1.0,0.0,0.0,1.0,1.0,0.0,0.0,1.0,1.0,0.0,0.0
instrument,3000,layer-direct-remove,svg_mutation_observed,boolean,instrumentation_or_snapshot,3,3,3,3,1.0,1.0,0.0,0.0,1.0,1.0,0.0,0.0,1.0,1.0,0.0,0.0
instrument,3000,layer-direct-remove,svg_symbol_scale_writes,count,instrumentation_or_snapshot,3,3,3,3,0.0,0.0,0.0,,0.0,0.0,0.0,,0.0,0.0,0.0,
instrument,3000,layer-direct-remove,svg_viewbox_writes,count,instrumentation_or_snapshot,3,3,3,3,0.0,0.0,0.0,,0.0,0.0,0.0,,0.0,0.0,0.0,
instrument,3000,layer-direct-remove,visible_layers,count,instrumentation_or_snapshot,3,3,3,3,5.0,5.0,0.0,0.0,5.0,5.0,0.0,0.0,5.0,5.0,0.0,0.0
instrument,3000,layer-direct-remove,visible_point_symbols,count,instrumentation_or_snapshot,3,3,3,3,1475.0,1475.0,0.0,0.0,1475.0,1475.0,0.0,0.0,1475.0,1475.0,0.0,0.0
instrument,3000,layer-direct-remove,visible_polygon_paths,count,instrumentation_or_snapshot,3,3,3,3,277.0,277.0,0.0,0.0,277.0,277.0,0.0,0.0,277.0,277.0,0.0,0.0
instrument,3000,layer-direct-remove,visible_route_fragments,count,instrumentation_or_snapshot,3,3,3,3,604.0,604.0,0.0,0.0,604.0,604.0,0.0,0.0,604.0,604.0,0.0,0.0
instrument,3000,load,appearances_all_layers,count,instrumentation_or_snapshot,3,3,3,3,8035.0,8035.0,0.0,0.0,8035.0,8035.0,0.0,0.0,8035.0,8035.0,0.0,0.0
instrument,3000,load,appearances_visible_layers,count,instrumentation_or_snapshot,3,3,3,3,8035.0,8035.0,0.0,0.0,8035.0,8035.0,0.0,0.0,8035.0,8035.0,0.0,0.0
instrument,3000,load,layers,count,instrumentation_or_snapshot,3,3,3,3,13.0,13.0,0.0,0.0,13.0,13.0,0.0,0.0,13.0,13.0,0.0,0.0
instrument,3000,load,load_call_sync_ms,ms,diagnostic_instrumented_timing,3,3,3,3,64.5,67.70000004768372,3.200000047683716,4.961240384005761,66.79999995231628,68.79999995231628,2.0,2.994011978185114,66.79999995231628,68.79999995231628,2.0,2.994011978185114
instrument,3000,load,load_promise_ms,ms,diagnostic_instrumented_timing,3,3,3,3,82.39999985694885,87.70000004768372,5.300000190734863,6.432039077592195,84.79999995231628,91.89999985694885,7.099999904632568,8.37264140168037,84.79999995231628,91.89999985694885,7.099999904632568,8.37264140168037
instrument,3000,load,operation_to_two_raf_ms,ms,diagnostic_instrumented_timing,3,3,3,3,137.70000004768372,150.40000009536743,12.700000047683716,9.222948470069623,144.5,152.70000004768372,8.200000047683716,5.674740517428177,144.5,152.70000004768372,8.200000047683716,5.674740517428177
instrument,3000,load,post_sync_svg_delivery_ms,ms,diagnostic_instrumented_timing,3,3,3,3,49.0,54.5,5.5,11.224489795918368,52.80000019073486,56.700000047683716,3.8999998569488525,7.386363338750914,52.80000019073486,56.700000047683716,3.8999998569488525,7.386363338750914
instrument,3000,load,raf_interval_ms,ms,diagnostic_instrumented_timing,3,3,3,3,50.0,49.900000000001455,-0.09999999999854481,-0.19999999999708962,50.0,50.0,0.0,0.0,50.0,50.0,0.0,0.0
instrument,3000,load,renderer_callbacks,count,instrumentation_or_snapshot,3,3,3,3,1.0,1.0,0.0,0.0,1.0,1.0,0.0,0.0,1.0,1.0,0.0,0.0
instrument,3000,load,renderer_changed_entries,count,instrumentation_or_snapshot,3,3,3,3,8035.0,8035.0,0.0,0.0,8035.0,8035.0,0.0,0.0,8035.0,8035.0,0.0,0.0
instrument,3000,load,renderer_composition_changes,count,instrumentation_or_snapshot,3,3,3,3,0.0,0.0,0.0,,0.0,0.0,0.0,,0.0,0.0,0.0,
instrument,3000,load,renderer_entries_exposed,count,instrumentation_or_snapshot,3,3,3,3,16070.0,16070.0,0.0,0.0,16070.0,16070.0,0.0,0.0,16070.0,16070.0,0.0,0.0
instrument,3000,load,renderer_scene_reads,count,instrumentation_or_snapshot,3,3,3,3,2.0,2.0,0.0,0.0,2.0,2.0,0.0,0.0,2.0,2.0,0.0,0.0
instrument,3000,load,root_iterator_creations,count,instrumentation_or_snapshot,3,3,3,3,2.0,2.0,0.0,0.0,2.0,2.0,0.0,0.0,2.0,2.0,0.0,0.0
instrument,3000,load,root_iterator_next_calls,count,instrumentation_or_snapshot,3,3,3,3,6002.0,6002.0,0.0,0.0,6002.0,6002.0,0.0,0.0,6002.0,6002.0,0.0,0.0
instrument,3000,load,runtime_baseZ_getter_reads,count,instrumentation_or_snapshot,3,3,3,3,7236.0,7236.0,0.0,0.0,7236.0,7236.0,0.0,0.0,7236.0,7236.0,0.0,0.0
instrument,3000,load,runtime_contour_getter_reads,count,instrumentation_or_snapshot,3,3,3,3,7248.0,7248.0,0.0,0.0,7248.0,7248.0,0.0,0.0,7248.0,7248.0,0.0,0.0
instrument,3000,load,runtime_height_getter_reads,count,instrumentation_or_snapshot,3,3,3,3,7236.0,7236.0,0.0,0.0,7236.0,7236.0,0.0,0.0,7236.0,7236.0,0.0,0.0
instrument,3000,load,runtime_points_getter_reads,count,instrumentation_or_snapshot,3,3,3,3,9648.0,9648.0,0.0,0.0,9648.0,9648.0,0.0,0.0,9648.0,9648.0,0.0,0.0
instrument,3000,load,shadow_all_nodes,count,instrumentation_or_snapshot,3,3,3,3,16089.0,16089.0,0.0,0.0,16089.0,16089.0,0.0,0.0,16089.0,16089.0,0.0,0.0
instrument,3000,load,shadow_element_nodes,count,instrumentation_or_snapshot,3,3,3,3,16086.0,16086.0,0.0,0.0,16086.0,16086.0,0.0,0.0,16086.0,16086.0,0.0,0.0
instrument,3000,load,svg_attribute_writes,count,instrumentation_or_snapshot,3,3,3,3,73834.0,73834.0,0.0,0.0,73834.0,73834.0,0.0,0.0,73834.0,73834.0,0.0,0.0
instrument,3000,load,svg_element_nodes,count,instrumentation_or_snapshot,3,3,3,3,16085.0,16085.0,0.0,0.0,16085.0,16085.0,0.0,0.0,16085.0,16085.0,0.0,0.0
instrument,3000,load,svg_last_delivery_from_start_ms,ms,diagnostic_instrumented_timing,3,3,3,3,113.5,122.20000004768372,8.700000047683716,7.665198279897548,119.60000014305115,123.90000009536743,4.299999952316284,3.5953176815828938,119.60000014305115,123.90000009536743,4.299999952316284,3.5953176815828938
instrument,3000,load,svg_map_geometry_writes,count,instrumentation_or_snapshot,3,3,3,3,11044.0,11044.0,0.0,0.0,11044.0,11044.0,0.0,0.0,11044.0,11044.0,0.0,0.0
instrument,3000,load,svg_mutation_observed,boolean,instrumentation_or_snapshot,3,3,3,3,1.0,1.0,0.0,0.0,1.0,1.0,0.0,0.0,1.0,1.0,0.0,0.0
instrument,3000,load,svg_symbol_scale_writes,count,instrumentation_or_snapshot,3,3,3,3,4318.0,4318.0,0.0,0.0,4318.0,4318.0,0.0,0.0,4318.0,4318.0,0.0,0.0
instrument,3000,load,svg_viewbox_writes,count,instrumentation_or_snapshot,3,3,3,3,1.0,1.0,0.0,0.0,1.0,1.0,0.0,0.0,1.0,1.0,0.0,0.0
instrument,3000,load,visible_layers,count,instrumentation_or_snapshot,3,3,3,3,13.0,13.0,0.0,0.0,13.0,13.0,0.0,0.0,13.0,13.0,0.0,0.0
instrument,3000,load,visible_point_symbols,count,instrumentation_or_snapshot,3,3,3,3,4318.0,4318.0,0.0,0.0,4318.0,4318.0,0.0,0.0,4318.0,4318.0,0.0,0.0
instrument,3000,load,visible_polygon_paths,count,instrumentation_or_snapshot,3,3,3,3,906.0,906.0,0.0,0.0,906.0,906.0,0.0,0.0,906.0,906.0,0.0,0.0
instrument,3000,load,visible_route_fragments,count,instrumentation_or_snapshot,3,3,3,3,1808.0,1808.0,0.0,0.0,1808.0,1808.0,0.0,0.0,1808.0,1808.0,0.0,0.0
instrument,3000,pan,appearances_all_layers,count,instrumentation_or_snapshot,3,3,3,3,8035.0,8035.0,0.0,0.0,8035.0,8035.0,0.0,0.0,8035.0,8035.0,0.0,0.0
instrument,3000,pan,appearances_visible_layers,count,instrumentation_or_snapshot,3,3,3,3,2659.0,2659.0,0.0,0.0,2659.0,2659.0,0.0,0.0,2659.0,2659.0,0.0,0.0
instrument,3000,pan,camera_api_sync_ms,ms,diagnostic_instrumented_timing,72,72,3,3,0.0,0.0,0.0,,0.09999990463256836,0.10000014305114746,2.384185791015625e-07,0.00023841880647545478,0.10000014305114746,0.10000014305114746,0.0,0.0
instrument,3000,pan,layers,count,instrumentation_or_snapshot,3,3,3,3,13.0,13.0,0.0,0.0,13.0,13.0,0.0,0.0,13.0,13.0,0.0,0.0
instrument,3000,pan,post_sync_svg_delivery_ms,ms,diagnostic_instrumented_timing,72,72,3,3,16.699999928474426,16.600000143051147,-0.09999978542327881,-0.5988011128836811,17.5,17.5,0.0,0.0,17.699999809265137,17.600000143051147,-0.09999966621398926,-0.5649698717038631
instrument,3000,pan,raf_interval_ms,ms,diagnostic_instrumented_timing,72,72,3,3,16.700000000000728,16.700000000000728,0.0,0.0,16.700000000000728,16.799999999999272,0.09999999999854481,0.598802395200841,16.799999999999272,16.799999999999272,0.0,0.0
instrument,3000,pan,renderer_callbacks,count,instrumentation_or_snapshot,3,3,3,3,24.0,24.0,0.0,0.0,24.0,24.0,0.0,0.0,24.0,24.0,0.0,0.0
instrument,3000,pan,root_iterator_creations,count,instrumentation_or_snapshot,3,3,3,3,0.0,0.0,0.0,,0.0,0.0,0.0,,0.0,0.0,0.0,
instrument,3000,pan,root_iterator_next_calls,count,instrumentation_or_snapshot,3,3,3,3,0.0,0.0,0.0,,0.0,0.0,0.0,,0.0,0.0,0.0,
instrument,3000,pan,runtime_baseZ_getter_reads,count,instrumentation_or_snapshot,3,3,3,3,0.0,0.0,0.0,,0.0,0.0,0.0,,0.0,0.0,0.0,
instrument,3000,pan,runtime_contour_getter_reads,count,instrumentation_or_snapshot,3,3,3,3,0.0,0.0,0.0,,0.0,0.0,0.0,,0.0,0.0,0.0,
instrument,3000,pan,runtime_height_getter_reads,count,instrumentation_or_snapshot,3,3,3,3,0.0,0.0,0.0,,0.0,0.0,0.0,,0.0,0.0,0.0,
instrument,3000,pan,runtime_points_getter_reads,count,instrumentation_or_snapshot,3,3,3,3,0.0,0.0,0.0,,0.0,0.0,0.0,,0.0,0.0,0.0,
instrument,3000,pan,shadow_all_nodes,count,instrumentation_or_snapshot,3,3,3,3,16089.0,16089.0,0.0,0.0,16089.0,16089.0,0.0,0.0,16089.0,16089.0,0.0,0.0
instrument,3000,pan,shadow_element_nodes,count,instrumentation_or_snapshot,3,3,3,3,16086.0,16086.0,0.0,0.0,16086.0,16086.0,0.0,0.0,16086.0,16086.0,0.0,0.0
instrument,3000,pan,svg_attribute_writes,count,instrumentation_or_snapshot,3,3,3,3,24.0,24.0,0.0,0.0,24.0,24.0,0.0,0.0,24.0,24.0,0.0,0.0
instrument,3000,pan,svg_element_nodes,count,instrumentation_or_snapshot,3,3,3,3,16085.0,16085.0,0.0,0.0,16085.0,16085.0,0.0,0.0,16085.0,16085.0,0.0,0.0
instrument,3000,pan,svg_last_delivery_from_start_ms,ms,diagnostic_instrumented_timing,72,72,3,3,16.699999928474426,16.699999809265137,-1.1920928955078125e-07,-7.138280841997059e-07,17.5,17.5,0.0,0.0,17.699999809265137,17.700000047683716,2.384185791015625e-07,1.346997636557947e-06
instrument,3000,pan,svg_map_geometry_writes,count,instrumentation_or_snapshot,3,3,3,3,0.0,0.0,0.0,,0.0,0.0,0.0,,0.0,0.0,0.0,
instrument,3000,pan,svg_symbol_scale_writes,count,instrumentation_or_snapshot,3,3,3,3,0.0,0.0,0.0,,0.0,0.0,0.0,,0.0,0.0,0.0,
instrument,3000,pan,svg_viewbox_writes,count,instrumentation_or_snapshot,3,3,3,3,24.0,24.0,0.0,0.0,24.0,24.0,0.0,0.0,24.0,24.0,0.0,0.0
instrument,3000,pan,visible_layers,count,instrumentation_or_snapshot,3,3,3,3,5.0,5.0,0.0,0.0,5.0,5.0,0.0,0.0,5.0,5.0,0.0,0.0
instrument,3000,pan,visible_point_symbols,count,instrumentation_or_snapshot,3,3,3,3,1477.0,1477.0,0.0,0.0,1477.0,1477.0,0.0,0.0,1477.0,1477.0,0.0,0.0
instrument,3000,pan,visible_polygon_paths,count,instrumentation_or_snapshot,3,3,3,3,277.0,277.0,0.0,0.0,277.0,277.0,0.0,0.0,277.0,277.0,0.0,0.0
instrument,3000,pan,visible_route_fragments,count,instrumentation_or_snapshot,3,3,3,3,604.0,604.0,0.0,0.0,604.0,604.0,0.0,0.0,604.0,604.0,0.0,0.0
instrument,3000,pick-hit,appearances_all_layers,count,instrumentation_or_snapshot,3,3,3,3,8035.0,8035.0,0.0,0.0,8035.0,8035.0,0.0,0.0,8035.0,8035.0,0.0,0.0
instrument,3000,pick-hit,appearances_visible_layers,count,instrumentation_or_snapshot,3,3,3,3,2659.0,2659.0,0.0,0.0,2659.0,2659.0,0.0,0.0,2659.0,2659.0,0.0,0.0
instrument,3000,pick-hit,layers,count,instrumentation_or_snapshot,3,3,3,3,13.0,13.0,0.0,0.0,13.0,13.0,0.0,0.0,13.0,13.0,0.0,0.0
instrument,3000,pick-hit,renderer_callbacks,count,instrumentation_or_snapshot,3,3,3,3,0.0,0.0,0.0,,0.0,0.0,0.0,,0.0,0.0,0.0,
instrument,3000,pick-hit,root_iterator_creations,count,instrumentation_or_snapshot,3,3,3,3,0.0,0.0,0.0,,0.0,0.0,0.0,,0.0,0.0,0.0,
instrument,3000,pick-hit,root_iterator_next_calls,count,instrumentation_or_snapshot,3,3,3,3,0.0,0.0,0.0,,0.0,0.0,0.0,,0.0,0.0,0.0,
instrument,3000,pick-hit,runtime_baseZ_getter_reads,count,instrumentation_or_snapshot,3,3,3,3,0.0,0.0,0.0,,0.0,0.0,0.0,,0.0,0.0,0.0,
instrument,3000,pick-hit,runtime_contour_getter_reads,count,instrumentation_or_snapshot,3,3,3,3,0.0,0.0,0.0,,0.0,0.0,0.0,,0.0,0.0,0.0,
instrument,3000,pick-hit,runtime_height_getter_reads,count,instrumentation_or_snapshot,3,3,3,3,0.0,0.0,0.0,,0.0,0.0,0.0,,0.0,0.0,0.0,
instrument,3000,pick-hit,runtime_points_getter_reads,count,instrumentation_or_snapshot,3,3,3,3,0.0,0.0,0.0,,0.0,0.0,0.0,,0.0,0.0,0.0,
instrument,3000,pick-hit,shadow_all_nodes,count,instrumentation_or_snapshot,3,3,3,3,16089.0,16089.0,0.0,0.0,16089.0,16089.0,0.0,0.0,16089.0,16089.0,0.0,0.0
instrument,3000,pick-hit,shadow_element_nodes,count,instrumentation_or_snapshot,3,3,3,3,16086.0,16086.0,0.0,0.0,16086.0,16086.0,0.0,0.0,16086.0,16086.0,0.0,0.0
instrument,3000,pick-hit,spatial_pick_sync_ms,ms,diagnostic_instrumented_timing,120,120,3,3,0.10000014305114746,0.10000014305114746,0.0,0.0,0.20000004768371582,0.20000004768371582,0.0,0.0,0.5,0.5,0.0,0.0
instrument,3000,pick-hit,svg_attribute_writes,count,instrumentation_or_snapshot,3,3,3,3,0.0,0.0,0.0,,0.0,0.0,0.0,,0.0,0.0,0.0,
instrument,3000,pick-hit,svg_element_nodes,count,instrumentation_or_snapshot,3,3,3,3,16085.0,16085.0,0.0,0.0,16085.0,16085.0,0.0,0.0,16085.0,16085.0,0.0,0.0
instrument,3000,pick-hit,svg_map_geometry_writes,count,instrumentation_or_snapshot,3,3,3,3,0.0,0.0,0.0,,0.0,0.0,0.0,,0.0,0.0,0.0,
instrument,3000,pick-hit,svg_symbol_scale_writes,count,instrumentation_or_snapshot,3,3,3,3,0.0,0.0,0.0,,0.0,0.0,0.0,,0.0,0.0,0.0,
instrument,3000,pick-hit,svg_viewbox_writes,count,instrumentation_or_snapshot,3,3,3,3,0.0,0.0,0.0,,0.0,0.0,0.0,,0.0,0.0,0.0,
instrument,3000,pick-hit,visible_layers,count,instrumentation_or_snapshot,3,3,3,3,5.0,5.0,0.0,0.0,5.0,5.0,0.0,0.0,5.0,5.0,0.0,0.0
instrument,3000,pick-hit,visible_point_symbols,count,instrumentation_or_snapshot,3,3,3,3,1477.0,1477.0,0.0,0.0,1477.0,1477.0,0.0,0.0,1477.0,1477.0,0.0,0.0
instrument,3000,pick-hit,visible_polygon_paths,count,instrumentation_or_snapshot,3,3,3,3,277.0,277.0,0.0,0.0,277.0,277.0,0.0,0.0,277.0,277.0,0.0,0.0
instrument,3000,pick-hit,visible_route_fragments,count,instrumentation_or_snapshot,3,3,3,3,604.0,604.0,0.0,0.0,604.0,604.0,0.0,0.0,604.0,604.0,0.0,0.0
instrument,3000,pick-miss,appearances_all_layers,count,instrumentation_or_snapshot,3,3,3,3,8035.0,8035.0,0.0,0.0,8035.0,8035.0,0.0,0.0,8035.0,8035.0,0.0,0.0
instrument,3000,pick-miss,appearances_visible_layers,count,instrumentation_or_snapshot,3,3,3,3,2659.0,2659.0,0.0,0.0,2659.0,2659.0,0.0,0.0,2659.0,2659.0,0.0,0.0
instrument,3000,pick-miss,layers,count,instrumentation_or_snapshot,3,3,3,3,13.0,13.0,0.0,0.0,13.0,13.0,0.0,0.0,13.0,13.0,0.0,0.0
instrument,3000,pick-miss,renderer_callbacks,count,instrumentation_or_snapshot,3,3,3,3,0.0,0.0,0.0,,0.0,0.0,0.0,,0.0,0.0,0.0,
instrument,3000,pick-miss,root_iterator_creations,count,instrumentation_or_snapshot,3,3,3,3,0.0,0.0,0.0,,0.0,0.0,0.0,,0.0,0.0,0.0,
instrument,3000,pick-miss,root_iterator_next_calls,count,instrumentation_or_snapshot,3,3,3,3,0.0,0.0,0.0,,0.0,0.0,0.0,,0.0,0.0,0.0,
instrument,3000,pick-miss,runtime_baseZ_getter_reads,count,instrumentation_or_snapshot,3,3,3,3,0.0,0.0,0.0,,0.0,0.0,0.0,,0.0,0.0,0.0,
instrument,3000,pick-miss,runtime_contour_getter_reads,count,instrumentation_or_snapshot,3,3,3,3,0.0,0.0,0.0,,0.0,0.0,0.0,,0.0,0.0,0.0,
instrument,3000,pick-miss,runtime_height_getter_reads,count,instrumentation_or_snapshot,3,3,3,3,0.0,0.0,0.0,,0.0,0.0,0.0,,0.0,0.0,0.0,
instrument,3000,pick-miss,runtime_points_getter_reads,count,instrumentation_or_snapshot,3,3,3,3,0.0,0.0,0.0,,0.0,0.0,0.0,,0.0,0.0,0.0,
instrument,3000,pick-miss,shadow_all_nodes,count,instrumentation_or_snapshot,3,3,3,3,16089.0,16089.0,0.0,0.0,16089.0,16089.0,0.0,0.0,16089.0,16089.0,0.0,0.0
instrument,3000,pick-miss,shadow_element_nodes,count,instrumentation_or_snapshot,3,3,3,3,16086.0,16086.0,0.0,0.0,16086.0,16086.0,0.0,0.0,16086.0,16086.0,0.0,0.0
instrument,3000,pick-miss,spatial_pick_sync_ms,ms,diagnostic_instrumented_timing,120,120,3,3,0.5,0.5,0.0,0.0,0.6000001430511475,0.6000001430511475,0.0,0.0,1.0999999046325684,1.2000000476837158,0.10000014305114746,9.090922883720648
instrument,3000,pick-miss,svg_attribute_writes,count,instrumentation_or_snapshot,3,3,3,3,0.0,0.0,0.0,,0.0,0.0,0.0,,0.0,0.0,0.0,
instrument,3000,pick-miss,svg_element_nodes,count,instrumentation_or_snapshot,3,3,3,3,16085.0,16085.0,0.0,0.0,16085.0,16085.0,0.0,0.0,16085.0,16085.0,0.0,0.0
instrument,3000,pick-miss,svg_map_geometry_writes,count,instrumentation_or_snapshot,3,3,3,3,0.0,0.0,0.0,,0.0,0.0,0.0,,0.0,0.0,0.0,
instrument,3000,pick-miss,svg_symbol_scale_writes,count,instrumentation_or_snapshot,3,3,3,3,0.0,0.0,0.0,,0.0,0.0,0.0,,0.0,0.0,0.0,
instrument,3000,pick-miss,svg_viewbox_writes,count,instrumentation_or_snapshot,3,3,3,3,0.0,0.0,0.0,,0.0,0.0,0.0,,0.0,0.0,0.0,
instrument,3000,pick-miss,visible_layers,count,instrumentation_or_snapshot,3,3,3,3,5.0,5.0,0.0,0.0,5.0,5.0,0.0,0.0,5.0,5.0,0.0,0.0
instrument,3000,pick-miss,visible_point_symbols,count,instrumentation_or_snapshot,3,3,3,3,1477.0,1477.0,0.0,0.0,1477.0,1477.0,0.0,0.0,1477.0,1477.0,0.0,0.0
instrument,3000,pick-miss,visible_polygon_paths,count,instrumentation_or_snapshot,3,3,3,3,277.0,277.0,0.0,0.0,277.0,277.0,0.0,0.0,277.0,277.0,0.0,0.0
instrument,3000,pick-miss,visible_route_fragments,count,instrumentation_or_snapshot,3,3,3,3,604.0,604.0,0.0,0.0,604.0,604.0,0.0,0.0,604.0,604.0,0.0,0.0
instrument,3000,polygon-baseZ,appearances_all_layers,count,instrumentation_or_snapshot,3,3,3,3,8035.0,8035.0,0.0,0.0,8035.0,8035.0,0.0,0.0,8035.0,8035.0,0.0,0.0
instrument,3000,polygon-baseZ,appearances_visible_layers,count,instrumentation_or_snapshot,3,3,3,3,2658.0,2658.0,0.0,0.0,2658.0,2658.0,0.0,0.0,2658.0,2658.0,0.0,0.0
instrument,3000,polygon-baseZ,layers,count,instrumentation_or_snapshot,3,3,3,3,13.0,13.0,0.0,0.0,13.0,13.0,0.0,0.0,13.0,13.0,0.0,0.0
instrument,3000,polygon-baseZ,operation_sync_ms,ms,diagnostic_instrumented_timing,3,3,3,3,0.0,0.09999990463256836,0.09999990463256836,,0.0,0.09999990463256836,0.09999990463256836,,0.0,0.09999990463256836,0.09999990463256836,
instrument,3000,polygon-baseZ,operation_to_two_raf_ms,ms,diagnostic_instrumented_timing,3,3,3,3,21.0,18.5,-2.5,-11.904761904761903,22.0,19.399999856948853,-2.6000001430511475,-11.818182468414307,22.0,19.399999856948853,-2.6000001430511475,-11.818182468414307
instrument,3000,polygon-baseZ,post_sync_svg_delivery_ms,ms,diagnostic_instrumented_timing,3,3,3,3,10.700000047683716,8.300000190734863,-2.3999998569488525,-22.42990510517234,11.700000047683716,11.399999856948853,-0.3000001907348633,-2.564104183864984,11.700000047683716,11.399999856948853,-0.3000001907348633,-2.564104183864984
instrument,3000,polygon-baseZ,raf_interval_ms,ms,diagnostic_instrumented_timing,3,3,3,3,16.600000000002183,16.599999999998545,-3.637978807091713e-12,-2.1915534982477314e-11,16.600000000002183,16.69999999999891,0.09999999999672582,0.6024096385344136,16.600000000002183,16.69999999999891,0.09999999999672582,0.6024096385344136
instrument,3000,polygon-baseZ,renderer_callbacks,count,instrumentation_or_snapshot,3,3,3,3,1.0,1.0,0.0,0.0,1.0,1.0,0.0,0.0,1.0,1.0,0.0,0.0
instrument,3000,polygon-baseZ,root_iterator_creations,count,instrumentation_or_snapshot,3,3,3,3,0.0,0.0,0.0,,0.0,0.0,0.0,,0.0,0.0,0.0,
instrument,3000,polygon-baseZ,root_iterator_next_calls,count,instrumentation_or_snapshot,3,3,3,3,0.0,0.0,0.0,,0.0,0.0,0.0,,0.0,0.0,0.0,
instrument,3000,polygon-baseZ,runtime_baseZ_getter_reads,count,instrumentation_or_snapshot,3,3,3,3,12.0,12.0,0.0,0.0,12.0,12.0,0.0,0.0,12.0,12.0,0.0,0.0
instrument,3000,polygon-baseZ,runtime_contour_getter_reads,count,instrumentation_or_snapshot,3,3,3,3,12.0,12.0,0.0,0.0,12.0,12.0,0.0,0.0,12.0,12.0,0.0,0.0
instrument,3000,polygon-baseZ,runtime_height_getter_reads,count,instrumentation_or_snapshot,3,3,3,3,12.0,12.0,0.0,0.0,12.0,12.0,0.0,0.0,12.0,12.0,0.0,0.0
instrument,3000,polygon-baseZ,runtime_points_getter_reads,count,instrumentation_or_snapshot,3,3,3,3,1808.0,1808.0,0.0,0.0,1808.0,1808.0,0.0,0.0,1808.0,1808.0,0.0,0.0
instrument,3000,polygon-baseZ,shadow_all_nodes,count,instrumentation_or_snapshot,3,3,3,3,16089.0,16089.0,0.0,0.0,16089.0,16089.0,0.0,0.0,16089.0,16089.0,0.0,0.0
instrument,3000,polygon-baseZ,shadow_element_nodes,count,instrumentation_or_snapshot,3,3,3,3,16086.0,16086.0,0.0,0.0,16086.0,16086.0,0.0,0.0,16086.0,16086.0,0.0,0.0
instrument,3000,polygon-baseZ,svg_attribute_writes,count,instrumentation_or_snapshot,3,3,3,3,9.0,9.0,0.0,0.0,9.0,9.0,0.0,0.0,9.0,9.0,0.0,0.0
instrument,3000,polygon-baseZ,svg_element_nodes,count,instrumentation_or_snapshot,3,3,3,3,16085.0,16085.0,0.0,0.0,16085.0,16085.0,0.0,0.0,16085.0,16085.0,0.0,0.0
instrument,3000,polygon-baseZ,svg_last_delivery_from_start_ms,ms,diagnostic_instrumented_timing,3,3,3,3,10.700000047683716,8.400000095367432,-2.299999952316284,-21.49532656136929,11.700000047683716,11.399999856948853,-0.3000001907348633,-2.564104183864984,11.700000047683716,11.399999856948853,-0.3000001907348633,-2.564104183864984
instrument,3000,polygon-baseZ,svg_map_geometry_writes,count,instrumentation_or_snapshot,3,3,3,3,1.0,1.0,0.0,0.0,1.0,1.0,0.0,0.0,1.0,1.0,0.0,0.0
instrument,3000,polygon-baseZ,svg_mutation_observed,boolean,instrumentation_or_snapshot,3,3,3,3,1.0,1.0,0.0,0.0,1.0,1.0,0.0,0.0,1.0,1.0,0.0,0.0
instrument,3000,polygon-baseZ,svg_symbol_scale_writes,count,instrumentation_or_snapshot,3,3,3,3,0.0,0.0,0.0,,0.0,0.0,0.0,,0.0,0.0,0.0,
instrument,3000,polygon-baseZ,svg_viewbox_writes,count,instrumentation_or_snapshot,3,3,3,3,0.0,0.0,0.0,,0.0,0.0,0.0,,0.0,0.0,0.0,
instrument,3000,polygon-baseZ,visible_layers,count,instrumentation_or_snapshot,3,3,3,3,5.0,5.0,0.0,0.0,5.0,5.0,0.0,0.0,5.0,5.0,0.0,0.0
instrument,3000,polygon-baseZ,visible_point_symbols,count,instrumentation_or_snapshot,3,3,3,3,1477.0,1477.0,0.0,0.0,1477.0,1477.0,0.0,0.0,1477.0,1477.0,0.0,0.0
instrument,3000,polygon-baseZ,visible_polygon_paths,count,instrumentation_or_snapshot,3,3,3,3,276.0,276.0,0.0,0.0,276.0,276.0,0.0,0.0,276.0,276.0,0.0,0.0
instrument,3000,polygon-baseZ,visible_route_fragments,count,instrumentation_or_snapshot,3,3,3,3,604.0,604.0,0.0,0.0,604.0,604.0,0.0,0.0,604.0,604.0,0.0,0.0
instrument,3000,polygon-height,appearances_all_layers,count,instrumentation_or_snapshot,3,3,3,3,8034.0,8034.0,0.0,0.0,8034.0,8034.0,0.0,0.0,8034.0,8034.0,0.0,0.0
instrument,3000,polygon-height,appearances_visible_layers,count,instrumentation_or_snapshot,3,3,3,3,2659.0,2659.0,0.0,0.0,2659.0,2659.0,0.0,0.0,2659.0,2659.0,0.0,0.0
instrument,3000,polygon-height,layers,count,instrumentation_or_snapshot,3,3,3,3,13.0,13.0,0.0,0.0,13.0,13.0,0.0,0.0,13.0,13.0,0.0,0.0
instrument,3000,polygon-height,operation_sync_ms,ms,diagnostic_instrumented_timing,3,3,3,3,0.0,0.0,0.0,,0.0,0.09999990463256836,0.09999990463256836,,0.0,0.09999990463256836,0.09999990463256836,
instrument,3000,polygon-height,operation_to_two_raf_ms,ms,diagnostic_instrumented_timing,3,3,3,3,23.800000190734863,22.09999990463257,-1.700000286102295,-7.14285828772426,24.09999990463257,33.59999990463257,9.5,39.41908729291689,24.09999990463257,33.59999990463257,9.5,39.41908729291689
instrument,3000,polygon-height,post_sync_svg_delivery_ms,ms,diagnostic_instrumented_timing,3,3,3,3,12.599999904632568,11.299999952316284,-1.2999999523162842,-10.317460017109372,12.600000143051147,31.699999809265137,19.09999966621399,151.5872972171954,12.600000143051147,31.699999809265137,19.09999966621399,151.5872972171954
instrument,3000,polygon-height,raf_interval_ms,ms,diagnostic_instrumented_timing,3,3,3,3,16.700000000000728,16.69999999999709,-3.637978807091713e-12,-2.1784304234081164e-11,16.799999999999272,16.69999999999709,-0.10000000000218279,-0.5952380952511138,16.799999999999272,16.69999999999709,-0.10000000000218279,-0.5952380952511138
instrument,3000,polygon-height,renderer_callbacks,count,instrumentation_or_snapshot,3,3,3,3,1.0,1.0,0.0,0.0,1.0,1.0,0.0,0.0,1.0,1.0,0.0,0.0
instrument,3000,polygon-height,root_iterator_creations,count,instrumentation_or_snapshot,3,3,3,3,0.0,0.0,0.0,,0.0,0.0,0.0,,0.0,0.0,0.0,
instrument,3000,polygon-height,root_iterator_next_calls,count,instrumentation_or_snapshot,3,3,3,3,0.0,0.0,0.0,,0.0,0.0,0.0,,0.0,0.0,0.0,
instrument,3000,polygon-height,runtime_baseZ_getter_reads,count,instrumentation_or_snapshot,3,3,3,3,12.0,12.0,0.0,0.0,12.0,12.0,0.0,0.0,12.0,12.0,0.0,0.0
instrument,3000,polygon-height,runtime_contour_getter_reads,count,instrumentation_or_snapshot,3,3,3,3,4.0,4.0,0.0,0.0,4.0,4.0,0.0,0.0,4.0,4.0,0.0,0.0
instrument,3000,polygon-height,runtime_height_getter_reads,count,instrumentation_or_snapshot,3,3,3,3,12.0,12.0,0.0,0.0,12.0,12.0,0.0,0.0,12.0,12.0,0.0,0.0
instrument,3000,polygon-height,runtime_points_getter_reads,count,instrumentation_or_snapshot,3,3,3,3,1808.0,1808.0,0.0,0.0,1808.0,1808.0,0.0,0.0,1808.0,1808.0,0.0,0.0
instrument,3000,polygon-height,shadow_all_nodes,count,instrumentation_or_snapshot,3,3,3,3,16087.0,16087.0,0.0,0.0,16087.0,16087.0,0.0,0.0,16087.0,16087.0,0.0,0.0
instrument,3000,polygon-height,shadow_element_nodes,count,instrumentation_or_snapshot,3,3,3,3,16084.0,16084.0,0.0,0.0,16084.0,16084.0,0.0,0.0,16084.0,16084.0,0.0,0.0
instrument,3000,polygon-height,svg_attribute_writes,count,instrumentation_or_snapshot,3,3,3,3,0.0,0.0,0.0,,0.0,0.0,0.0,,0.0,0.0,0.0,
instrument,3000,polygon-height,svg_element_nodes,count,instrumentation_or_snapshot,3,3,3,3,16083.0,16083.0,0.0,0.0,16083.0,16083.0,0.0,0.0,16083.0,16083.0,0.0,0.0
instrument,3000,polygon-height,svg_last_delivery_from_start_ms,ms,diagnostic_instrumented_timing,3,3,3,3,12.599999904632568,11.399999856948853,-1.2000000476837158,-9.523809974335942,12.600000143051147,31.699999809265137,19.09999966621399,151.5872972171954,12.600000143051147,31.699999809265137,19.09999966621399,151.5872972171954
instrument,3000,polygon-height,svg_map_geometry_writes,count,instrumentation_or_snapshot,3,3,3,3,0.0,0.0,0.0,,0.0,0.0,0.0,,0.0,0.0,0.0,
instrument,3000,polygon-height,svg_mutation_observed,boolean,instrumentation_or_snapshot,3,3,3,3,1.0,1.0,0.0,0.0,1.0,1.0,0.0,0.0,1.0,1.0,0.0,0.0
instrument,3000,polygon-height,svg_symbol_scale_writes,count,instrumentation_or_snapshot,3,3,3,3,0.0,0.0,0.0,,0.0,0.0,0.0,,0.0,0.0,0.0,
instrument,3000,polygon-height,svg_viewbox_writes,count,instrumentation_or_snapshot,3,3,3,3,0.0,0.0,0.0,,0.0,0.0,0.0,,0.0,0.0,0.0,
instrument,3000,polygon-height,visible_layers,count,instrumentation_or_snapshot,3,3,3,3,5.0,5.0,0.0,0.0,5.0,5.0,0.0,0.0,5.0,5.0,0.0,0.0
instrument,3000,polygon-height,visible_point_symbols,count,instrumentation_or_snapshot,3,3,3,3,1477.0,1477.0,0.0,0.0,1477.0,1477.0,0.0,0.0,1477.0,1477.0,0.0,0.0
instrument,3000,polygon-height,visible_polygon_paths,count,instrumentation_or_snapshot,3,3,3,3,277.0,277.0,0.0,0.0,277.0,277.0,0.0,0.0,277.0,277.0,0.0,0.0
instrument,3000,polygon-height,visible_route_fragments,count,instrumentation_or_snapshot,3,3,3,3,604.0,604.0,0.0,0.0,604.0,604.0,0.0,0.0,604.0,604.0,0.0,0.0
instrument,3000,polygon-vertex,appearances_all_layers,count,instrumentation_or_snapshot,3,3,3,3,8035.0,8035.0,0.0,0.0,8035.0,8035.0,0.0,0.0,8035.0,8035.0,0.0,0.0
instrument,3000,polygon-vertex,appearances_visible_layers,count,instrumentation_or_snapshot,3,3,3,3,2659.0,2659.0,0.0,0.0,2659.0,2659.0,0.0,0.0,2659.0,2659.0,0.0,0.0
instrument,3000,polygon-vertex,layers,count,instrumentation_or_snapshot,3,3,3,3,13.0,13.0,0.0,0.0,13.0,13.0,0.0,0.0,13.0,13.0,0.0,0.0
instrument,3000,polygon-vertex,operation_sync_ms,ms,diagnostic_instrumented_timing,3,3,3,3,0.09999990463256836,0.09999990463256836,0.0,0.0,0.09999990463256836,0.09999990463256836,0.0,0.0,0.09999990463256836,0.09999990463256836,0.0,0.0
instrument,3000,polygon-vertex,operation_to_two_raf_ms,ms,diagnostic_instrumented_timing,3,3,3,3,24.799999952316284,20.200000047683716,-4.599999904632568,-18.548386747891644,34.39999985694885,21.299999952316284,-13.099999904632568,-38.0813952299664,34.39999985694885,21.299999952316284,-13.099999904632568,-38.0813952299664
instrument,3000,polygon-vertex,post_sync_svg_delivery_ms,ms,diagnostic_instrumented_timing,3,3,3,3,8.5,4.799999952316284,-3.700000047683716,-43.52941232569078,13.899999856948853,4.800000190734863,-9.09999966621399,-65.46762417169911,13.899999856948853,4.800000190734863,-9.09999966621399,-65.46762417169911
instrument,3000,polygon-vertex,raf_interval_ms,ms,diagnostic_instrumented_timing,3,3,3,3,16.69999999999709,16.600000000002183,-0.09999999999490683,-0.5988023951791871,16.700000000000728,16.700000000000728,0.0,0.0,16.700000000000728,16.700000000000728,0.0,0.0
instrument,3000,polygon-vertex,renderer_callbacks,count,instrumentation_or_snapshot,3,3,3,3,1.0,1.0,0.0,0.0,1.0,1.0,0.0,0.0,1.0,1.0,0.0,0.0
instrument,3000,polygon-vertex,root_iterator_creations,count,instrumentation_or_snapshot,3,3,3,3,0.0,0.0,0.0,,0.0,0.0,0.0,,0.0,0.0,0.0,
instrument,3000,polygon-vertex,root_iterator_next_calls,count,instrumentation_or_snapshot,3,3,3,3,0.0,0.0,0.0,,0.0,0.0,0.0,,0.0,0.0,0.0,
instrument,3000,polygon-vertex,runtime_baseZ_getter_reads,count,instrumentation_or_snapshot,3,3,3,3,12.0,12.0,0.0,0.0,12.0,12.0,0.0,0.0,12.0,12.0,0.0,0.0
instrument,3000,polygon-vertex,runtime_contour_getter_reads,count,instrumentation_or_snapshot,3,3,3,3,16.0,16.0,0.0,0.0,16.0,16.0,0.0,0.0,16.0,16.0,0.0,0.0
instrument,3000,polygon-vertex,runtime_height_getter_reads,count,instrumentation_or_snapshot,3,3,3,3,12.0,12.0,0.0,0.0,12.0,12.0,0.0,0.0,12.0,12.0,0.0,0.0
instrument,3000,polygon-vertex,runtime_points_getter_reads,count,instrumentation_or_snapshot,3,3,3,3,0.0,0.0,0.0,,0.0,0.0,0.0,,0.0,0.0,0.0,
instrument,3000,polygon-vertex,shadow_all_nodes,count,instrumentation_or_snapshot,3,3,3,3,16089.0,16089.0,0.0,0.0,16089.0,16089.0,0.0,0.0,16089.0,16089.0,0.0,0.0
instrument,3000,polygon-vertex,shadow_element_nodes,count,instrumentation_or_snapshot,3,3,3,3,16086.0,16086.0,0.0,0.0,16086.0,16086.0,0.0,0.0,16086.0,16086.0,0.0,0.0
instrument,3000,polygon-vertex,svg_attribute_writes,count,instrumentation_or_snapshot,3,3,3,3,2.0,2.0,0.0,0.0,2.0,2.0,0.0,0.0,2.0,2.0,0.0,0.0
instrument,3000,polygon-vertex,svg_element_nodes,count,instrumentation_or_snapshot,3,3,3,3,16085.0,16085.0,0.0,0.0,16085.0,16085.0,0.0,0.0,16085.0,16085.0,0.0,0.0
instrument,3000,polygon-vertex,svg_last_delivery_from_start_ms,ms,diagnostic_instrumented_timing,3,3,3,3,8.599999904632568,4.799999952316284,-3.799999952316284,-44.186046447155604,13.899999856948853,4.900000095367432,-8.999999761581421,-64.74820038996018,13.899999856948853,4.900000095367432,-8.999999761581421,-64.74820038996018
instrument,3000,polygon-vertex,svg_map_geometry_writes,count,instrumentation_or_snapshot,3,3,3,3,2.0,2.0,0.0,0.0,2.0,2.0,0.0,0.0,2.0,2.0,0.0,0.0
instrument,3000,polygon-vertex,svg_mutation_observed,boolean,instrumentation_or_snapshot,3,3,3,3,1.0,1.0,0.0,0.0,1.0,1.0,0.0,0.0,1.0,1.0,0.0,0.0
instrument,3000,polygon-vertex,svg_symbol_scale_writes,count,instrumentation_or_snapshot,3,3,3,3,0.0,0.0,0.0,,0.0,0.0,0.0,,0.0,0.0,0.0,
instrument,3000,polygon-vertex,svg_viewbox_writes,count,instrumentation_or_snapshot,3,3,3,3,0.0,0.0,0.0,,0.0,0.0,0.0,,0.0,0.0,0.0,
instrument,3000,polygon-vertex,visible_layers,count,instrumentation_or_snapshot,3,3,3,3,5.0,5.0,0.0,0.0,5.0,5.0,0.0,0.0,5.0,5.0,0.0,0.0
instrument,3000,polygon-vertex,visible_point_symbols,count,instrumentation_or_snapshot,3,3,3,3,1477.0,1477.0,0.0,0.0,1477.0,1477.0,0.0,0.0,1477.0,1477.0,0.0,0.0
instrument,3000,polygon-vertex,visible_polygon_paths,count,instrumentation_or_snapshot,3,3,3,3,277.0,277.0,0.0,0.0,277.0,277.0,0.0,0.0,277.0,277.0,0.0,0.0
instrument,3000,polygon-vertex,visible_route_fragments,count,instrumentation_or_snapshot,3,3,3,3,604.0,604.0,0.0,0.0,604.0,604.0,0.0,0.0,604.0,604.0,0.0,0.0
instrument,3000,root-add,appearances_all_layers,count,instrumentation_or_snapshot,3,3,3,3,8036.0,8036.0,0.0,0.0,8036.0,8036.0,0.0,0.0,8036.0,8036.0,0.0,0.0
instrument,3000,root-add,appearances_visible_layers,count,instrumentation_or_snapshot,3,3,3,3,2660.0,2660.0,0.0,0.0,2660.0,2660.0,0.0,0.0,2660.0,2660.0,0.0,0.0
instrument,3000,root-add,layers,count,instrumentation_or_snapshot,3,3,3,3,13.0,13.0,0.0,0.0,13.0,13.0,0.0,0.0,13.0,13.0,0.0,0.0
instrument,3000,root-add,operation_sync_ms,ms,diagnostic_instrumented_timing,3,3,3,3,0.3000001907348633,0.40000009536743164,0.09999990463256836,33.33328035146055,0.39999985694885254,0.40000009536743164,2.384185791015625e-07,5.960466609168032e-05,0.39999985694885254,0.40000009536743164,2.384185791015625e-07,5.960466609168032e-05
instrument,3000,root-add,operation_to_two_raf_ms,ms,diagnostic_instrumented_timing,3,3,3,3,57.700000047683716,42.80000019073486,-14.899999856948853,-25.823223300927868,58.19999980926514,44.09999990463257,-14.099999904632568,-24.226804039246616,58.19999980926514,44.09999990463257,-14.099999904632568,-24.226804039246616
instrument,3000,root-add,post_sync_svg_delivery_ms,ms,diagnostic_instrumented_timing,3,3,3,3,54.89999985694885,40.0,-14.899999856948853,-27.140254819259198,55.200000047683716,41.200000047683716,-14.0,-25.362318818670843,55.200000047683716,41.200000047683716,-14.0,-25.362318818670843
instrument,3000,root-add,raf_interval_ms,ms,diagnostic_instrumented_timing,3,3,3,3,50.0,33.30000000000109,-16.69999999999891,-33.39999999999782,50.0,33.39999999999782,-16.600000000002183,-33.200000000004366,50.0,33.39999999999782,-16.600000000002183,-33.200000000004366
instrument,3000,root-add,renderer_callbacks,count,instrumentation_or_snapshot,3,3,3,3,1.0,1.0,0.0,0.0,1.0,1.0,0.0,0.0,1.0,1.0,0.0,0.0
instrument,3000,root-add,root_iterator_creations,count,instrumentation_or_snapshot,3,3,3,3,2.0,2.0,0.0,0.0,2.0,2.0,0.0,0.0,2.0,2.0,0.0,0.0
instrument,3000,root-add,root_iterator_next_calls,count,instrumentation_or_snapshot,3,3,3,3,6003.0,6003.0,0.0,0.0,6003.0,6003.0,0.0,0.0,6003.0,6003.0,0.0,0.0
instrument,3000,root-add,runtime_baseZ_getter_reads,count,instrumentation_or_snapshot,3,3,3,3,7236.0,7236.0,0.0,0.0,7236.0,7236.0,0.0,0.0,7236.0,7236.0,0.0,0.0
instrument,3000,root-add,runtime_contour_getter_reads,count,instrumentation_or_snapshot,3,3,3,3,3624.0,3624.0,0.0,0.0,3624.0,3624.0,0.0,0.0,3624.0,3624.0,0.0,0.0
instrument,3000,root-add,runtime_height_getter_reads,count,instrumentation_or_snapshot,3,3,3,3,7236.0,7236.0,0.0,0.0,7236.0,7236.0,0.0,0.0,7236.0,7236.0,0.0,0.0
instrument,3000,root-add,runtime_points_getter_reads,count,instrumentation_or_snapshot,3,3,3,3,9647.0,9647.0,0.0,0.0,9647.0,9647.0,0.0,0.0,9647.0,9647.0,0.0,0.0
instrument,3000,root-add,shadow_all_nodes,count,instrumentation_or_snapshot,3,3,3,3,16091.0,16091.0,0.0,0.0,16091.0,16091.0,0.0,0.0,16091.0,16091.0,0.0,0.0
instrument,3000,root-add,shadow_element_nodes,count,instrumentation_or_snapshot,3,3,3,3,16088.0,16088.0,0.0,0.0,16088.0,16088.0,0.0,0.0,16088.0,16088.0,0.0,0.0
instrument,3000,root-add,svg_attribute_writes,count,instrumentation_or_snapshot,3,3,3,3,8.0,8.0,0.0,0.0,8.0,8.0,0.0,0.0,8.0,8.0,0.0,0.0
instrument,3000,root-add,svg_element_nodes,count,instrumentation_or_snapshot,3,3,3,3,16087.0,16087.0,0.0,0.0,16087.0,16087.0,0.0,0.0,16087.0,16087.0,0.0,0.0
instrument,3000,root-add,svg_last_delivery_from_start_ms,ms,diagnostic_instrumented_timing,3,3,3,3,55.200000047683716,40.40000009536743,-14.799999952316284,-26.811594093354202,55.59999990463257,41.5,-14.099999904632568,-25.359712102189704,55.59999990463257,41.5,-14.099999904632568,-25.359712102189704
instrument,3000,root-add,svg_map_geometry_writes,count,instrumentation_or_snapshot,3,3,3,3,1.0,1.0,0.0,0.0,1.0,1.0,0.0,0.0,1.0,1.0,0.0,0.0
instrument,3000,root-add,svg_mutation_observed,boolean,instrumentation_or_snapshot,3,3,3,3,1.0,1.0,0.0,0.0,1.0,1.0,0.0,0.0,1.0,1.0,0.0,0.0
instrument,3000,root-add,svg_symbol_scale_writes,count,instrumentation_or_snapshot,3,3,3,3,1.0,1.0,0.0,0.0,1.0,1.0,0.0,0.0,1.0,1.0,0.0,0.0
instrument,3000,root-add,svg_viewbox_writes,count,instrumentation_or_snapshot,3,3,3,3,0.0,0.0,0.0,,0.0,0.0,0.0,,0.0,0.0,0.0,
instrument,3000,root-add,visible_layers,count,instrumentation_or_snapshot,3,3,3,3,5.0,5.0,0.0,0.0,5.0,5.0,0.0,0.0,5.0,5.0,0.0,0.0
instrument,3000,root-add,visible_point_symbols,count,instrumentation_or_snapshot,3,3,3,3,1478.0,1478.0,0.0,0.0,1478.0,1478.0,0.0,0.0,1478.0,1478.0,0.0,0.0
instrument,3000,root-add,visible_polygon_paths,count,instrumentation_or_snapshot,3,3,3,3,277.0,277.0,0.0,0.0,277.0,277.0,0.0,0.0,277.0,277.0,0.0,0.0
instrument,3000,root-add,visible_route_fragments,count,instrumentation_or_snapshot,3,3,3,3,604.0,604.0,0.0,0.0,604.0,604.0,0.0,0.0,604.0,604.0,0.0,0.0
instrument,3000,root-remove,appearances_all_layers,count,instrumentation_or_snapshot,3,3,3,3,8034.0,8034.0,0.0,0.0,8034.0,8034.0,0.0,0.0,8034.0,8034.0,0.0,0.0
instrument,3000,root-remove,appearances_visible_layers,count,instrumentation_or_snapshot,3,3,3,3,2658.0,2658.0,0.0,0.0,2658.0,2658.0,0.0,0.0,2658.0,2658.0,0.0,0.0
instrument,3000,root-remove,layers,count,instrumentation_or_snapshot,3,3,3,3,13.0,13.0,0.0,0.0,13.0,13.0,0.0,0.0,13.0,13.0,0.0,0.0
instrument,3000,root-remove,operation_sync_ms,ms,diagnostic_instrumented_timing,3,3,3,3,0.2999999523162842,0.40000009536743164,0.10000014305114746,33.33338631524822,0.3000001907348633,0.5,0.19999980926513672,66.6665607029211,0.3000001907348633,0.5,0.19999980926513672,66.6665607029211
instrument,3000,root-remove,operation_to_two_raf_ms,ms,diagnostic_instrumented_timing,3,3,3,3,46.299999952316284,45.30000019073486,-0.9999997615814209,-2.1598267011043335,55.5,52.40000009536743,-3.0999999046325684,-5.5855854137523755,55.5,52.40000009536743,-3.0999999046325684,-5.5855854137523755
instrument,3000,root-remove,post_sync_svg_delivery_ms,ms,diagnostic_instrumented_timing,3,3,3,3,43.799999952316284,42.30000019073486,-1.499999761581421,-3.424656993640239,52.90000009536743,49.799999952316284,-3.1000001430511475,-5.860113681403606,52.90000009536743,49.799999952316284,-3.1000001430511475,-5.860113681403606
instrument,3000,root-remove,raf_interval_ms,ms,diagnostic_instrumented_timing,3,3,3,3,33.39999999999782,33.399999999999636,1.8189894035458565e-12,5.446076058520884e-12,50.0,33.400000000001455,-16.599999999998545,-33.19999999999709,50.0,33.400000000001455,-16.599999999998545,-33.19999999999709
instrument,3000,root-remove,renderer_callbacks,count,instrumentation_or_snapshot,3,3,3,3,1.0,1.0,0.0,0.0,1.0,1.0,0.0,0.0,1.0,1.0,0.0,0.0
instrument,3000,root-remove,root_iterator_creations,count,instrumentation_or_snapshot,3,3,3,3,2.0,2.0,0.0,0.0,2.0,2.0,0.0,0.0,2.0,2.0,0.0,0.0
instrument,3000,root-remove,root_iterator_next_calls,count,instrumentation_or_snapshot,3,3,3,3,6000.0,6000.0,0.0,0.0,6000.0,6000.0,0.0,0.0,6000.0,6000.0,0.0,0.0
instrument,3000,root-remove,runtime_baseZ_getter_reads,count,instrumentation_or_snapshot,3,3,3,3,7236.0,7236.0,0.0,0.0,7236.0,7236.0,0.0,0.0,7236.0,7236.0,0.0,0.0
instrument,3000,root-remove,runtime_contour_getter_reads,count,instrumentation_or_snapshot,3,3,3,3,3624.0,3624.0,0.0,0.0,3624.0,3624.0,0.0,0.0,3624.0,3624.0,0.0,0.0
instrument,3000,root-remove,runtime_height_getter_reads,count,instrumentation_or_snapshot,3,3,3,3,7236.0,7236.0,0.0,0.0,7236.0,7236.0,0.0,0.0,7236.0,7236.0,0.0,0.0
instrument,3000,root-remove,runtime_points_getter_reads,count,instrumentation_or_snapshot,3,3,3,3,9647.0,9647.0,0.0,0.0,9647.0,9647.0,0.0,0.0,9647.0,9647.0,0.0,0.0
instrument,3000,root-remove,shadow_all_nodes,count,instrumentation_or_snapshot,3,3,3,3,16087.0,16087.0,0.0,0.0,16087.0,16087.0,0.0,0.0,16087.0,16087.0,0.0,0.0
instrument,3000,root-remove,shadow_element_nodes,count,instrumentation_or_snapshot,3,3,3,3,16084.0,16084.0,0.0,0.0,16084.0,16084.0,0.0,0.0,16084.0,16084.0,0.0,0.0
instrument,3000,root-remove,svg_attribute_writes,count,instrumentation_or_snapshot,3,3,3,3,0.0,0.0,0.0,,0.0,0.0,0.0,,0.0,0.0,0.0,
instrument,3000,root-remove,svg_element_nodes,count,instrumentation_or_snapshot,3,3,3,3,16083.0,16083.0,0.0,0.0,16083.0,16083.0,0.0,0.0,16083.0,16083.0,0.0,0.0
instrument,3000,root-remove,svg_last_delivery_from_start_ms,ms,diagnostic_instrumented_timing,3,3,3,3,44.09999990463257,42.80000019073486,-1.299999713897705,-2.947845162605418,53.200000047683716,50.200000047683716,-3.0,-5.63909773930652,53.200000047683716,50.200000047683716,-3.0,-5.63909773930652
instrument,3000,root-remove,svg_map_geometry_writes,count,instrumentation_or_snapshot,3,3,3,3,0.0,0.0,0.0,,0.0,0.0,0.0,,0.0,0.0,0.0,
instrument,3000,root-remove,svg_mutation_observed,boolean,instrumentation_or_snapshot,3,3,3,3,1.0,1.0,0.0,0.0,1.0,1.0,0.0,0.0,1.0,1.0,0.0,0.0
instrument,3000,root-remove,svg_symbol_scale_writes,count,instrumentation_or_snapshot,3,3,3,3,0.0,0.0,0.0,,0.0,0.0,0.0,,0.0,0.0,0.0,
instrument,3000,root-remove,svg_viewbox_writes,count,instrumentation_or_snapshot,3,3,3,3,0.0,0.0,0.0,,0.0,0.0,0.0,,0.0,0.0,0.0,
instrument,3000,root-remove,visible_layers,count,instrumentation_or_snapshot,3,3,3,3,5.0,5.0,0.0,0.0,5.0,5.0,0.0,0.0,5.0,5.0,0.0,0.0
instrument,3000,root-remove,visible_point_symbols,count,instrumentation_or_snapshot,3,3,3,3,1476.0,1476.0,0.0,0.0,1476.0,1476.0,0.0,0.0,1476.0,1476.0,0.0,0.0
instrument,3000,root-remove,visible_polygon_paths,count,instrumentation_or_snapshot,3,3,3,3,277.0,277.0,0.0,0.0,277.0,277.0,0.0,0.0,277.0,277.0,0.0,0.0
instrument,3000,root-remove,visible_route_fragments,count,instrumentation_or_snapshot,3,3,3,3,604.0,604.0,0.0,0.0,604.0,604.0,0.0,0.0,604.0,604.0,0.0,0.0
instrument,3000,route-add,appearances_all_layers,count,instrumentation_or_snapshot,3,3,3,3,8039.0,8039.0,0.0,0.0,8039.0,8039.0,0.0,0.0,8039.0,8039.0,0.0,0.0
instrument,3000,route-add,appearances_visible_layers,count,instrumentation_or_snapshot,3,3,3,3,2661.0,2661.0,0.0,0.0,2661.0,2661.0,0.0,0.0,2661.0,2661.0,0.0,0.0
instrument,3000,route-add,layers,count,instrumentation_or_snapshot,3,3,3,3,13.0,13.0,0.0,0.0,13.0,13.0,0.0,0.0,13.0,13.0,0.0,0.0
instrument,3000,route-add,operation_sync_ms,ms,diagnostic_instrumented_timing,3,3,3,3,0.0,0.0,0.0,,0.10000014305114746,0.09999990463256836,-2.384185791015625e-07,-0.00023841823804153723,0.10000014305114746,0.09999990463256836,-2.384185791015625e-07,-0.00023841823804153723
instrument,3000,route-add,operation_to_two_raf_ms,ms,diagnostic_instrumented_timing,3,3,3,3,41.5,19.399999856948853,-22.100000143051147,-53.25301239289433,49.799999952316284,23.09999990463257,-26.700000047683716,-53.614457978411814,49.799999952316284,23.09999990463257,-26.700000047683716,-53.614457978411814
instrument,3000,route-add,post_sync_svg_delivery_ms,ms,diagnostic_instrumented_timing,3,3,3,3,39.0,13.0,-26.0,-66.66666666666666,46.799999952316284,20.299999952316284,-26.5,-56.623931681624775,46.799999952316284,20.299999952316284,-26.5,-56.623931681624775
instrument,3000,route-add,raf_interval_ms,ms,diagnostic_instrumented_timing,3,3,3,3,33.30000000000291,16.700000000000728,-16.600000000002183,-49.84984984985205,33.399999999999636,16.700000000000728,-16.69999999999891,-49.99999999999727,33.399999999999636,16.700000000000728,-16.69999999999891,-49.99999999999727
instrument,3000,route-add,renderer_callbacks,count,instrumentation_or_snapshot,3,3,3,3,1.0,1.0,0.0,0.0,1.0,1.0,0.0,0.0,1.0,1.0,0.0,0.0
instrument,3000,route-add,root_iterator_creations,count,instrumentation_or_snapshot,3,3,3,3,1.0,0.0,-1.0,-100.0,1.0,0.0,-1.0,-100.0,1.0,0.0,-1.0,-100.0
instrument,3000,route-add,root_iterator_next_calls,count,instrumentation_or_snapshot,3,3,3,3,3001.0,0.0,-3001.0,-100.0,3001.0,0.0,-3001.0,-100.0,3001.0,0.0,-3001.0,-100.0
instrument,3000,route-add,runtime_baseZ_getter_reads,count,instrumentation_or_snapshot,3,3,3,3,7236.0,0.0,-7236.0,-100.0,7236.0,0.0,-7236.0,-100.0,7236.0,0.0,-7236.0,-100.0
instrument,3000,route-add,runtime_contour_getter_reads,count,instrumentation_or_snapshot,3,3,3,3,3624.0,0.0,-3624.0,-100.0,3624.0,0.0,-3624.0,-100.0,3624.0,0.0,-3624.0,-100.0
instrument,3000,route-add,runtime_height_getter_reads,count,instrumentation_or_snapshot,3,3,3,3,7236.0,0.0,-7236.0,-100.0,7236.0,0.0,-7236.0,-100.0,7236.0,0.0,-7236.0,-100.0
instrument,3000,route-add,runtime_points_getter_reads,count,instrumentation_or_snapshot,3,3,3,3,9650.0,2426.0,-7224.0,-74.86010362694302,9650.0,2426.0,-7224.0,-74.86010362694302,9650.0,2426.0,-7224.0,-74.86010362694302
instrument,3000,route-add,shadow_all_nodes,count,instrumentation_or_snapshot,3,3,3,3,16097.0,16097.0,0.0,0.0,16097.0,16097.0,0.0,0.0,16097.0,16097.0,0.0,0.0
instrument,3000,route-add,shadow_element_nodes,count,instrumentation_or_snapshot,3,3,3,3,16094.0,16094.0,0.0,0.0,16094.0,16094.0,0.0,0.0,16094.0,16094.0,0.0,0.0
instrument,3000,route-add,svg_attribute_writes,count,instrumentation_or_snapshot,3,3,3,3,38.0,38.0,0.0,0.0,38.0,38.0,0.0,0.0,38.0,38.0,0.0,0.0
instrument,3000,route-add,svg_element_nodes,count,instrumentation_or_snapshot,3,3,3,3,16093.0,16093.0,0.0,0.0,16093.0,16093.0,0.0,0.0,16093.0,16093.0,0.0,0.0
instrument,3000,route-add,svg_last_delivery_from_start_ms,ms,diagnostic_instrumented_timing,3,3,3,3,39.0,13.0,-26.0,-66.66666666666666,46.90000009536743,20.299999952316284,-26.600000143051147,-56.71641810013253,46.90000009536743,20.299999952316284,-26.600000143051147,-56.71641810013253
instrument,3000,route-add,svg_map_geometry_writes,count,instrumentation_or_snapshot,3,3,3,3,4.0,4.0,0.0,0.0,4.0,4.0,0.0,0.0,4.0,4.0,0.0,0.0
instrument,3000,route-add,svg_mutation_observed,boolean,instrumentation_or_snapshot,3,3,3,3,1.0,1.0,0.0,0.0,1.0,1.0,0.0,0.0,1.0,1.0,0.0,0.0
instrument,3000,route-add,svg_symbol_scale_writes,count,instrumentation_or_snapshot,3,3,3,3,1.0,1.0,0.0,0.0,1.0,1.0,0.0,0.0,1.0,1.0,0.0,0.0
instrument,3000,route-add,svg_viewbox_writes,count,instrumentation_or_snapshot,3,3,3,3,0.0,0.0,0.0,,0.0,0.0,0.0,,0.0,0.0,0.0,
instrument,3000,route-add,visible_layers,count,instrumentation_or_snapshot,3,3,3,3,5.0,5.0,0.0,0.0,5.0,5.0,0.0,0.0,5.0,5.0,0.0,0.0
instrument,3000,route-add,visible_point_symbols,count,instrumentation_or_snapshot,3,3,3,3,1478.0,1478.0,0.0,0.0,1478.0,1478.0,0.0,0.0,1478.0,1478.0,0.0,0.0
instrument,3000,route-add,visible_polygon_paths,count,instrumentation_or_snapshot,3,3,3,3,277.0,277.0,0.0,0.0,277.0,277.0,0.0,0.0,277.0,277.0,0.0,0.0
instrument,3000,route-add,visible_route_fragments,count,instrumentation_or_snapshot,3,3,3,3,605.0,605.0,0.0,0.0,605.0,605.0,0.0,0.0,605.0,605.0,0.0,0.0
instrument,3000,route-insert,appearances_all_layers,count,instrumentation_or_snapshot,3,3,3,3,8036.0,8036.0,0.0,0.0,8036.0,8036.0,0.0,0.0,8036.0,8036.0,0.0,0.0
instrument,3000,route-insert,appearances_visible_layers,count,instrumentation_or_snapshot,3,3,3,3,2660.0,2660.0,0.0,0.0,2660.0,2660.0,0.0,0.0,2660.0,2660.0,0.0,0.0
instrument,3000,route-insert,layers,count,instrumentation_or_snapshot,3,3,3,3,13.0,13.0,0.0,0.0,13.0,13.0,0.0,0.0,13.0,13.0,0.0,0.0
instrument,3000,route-insert,operation_sync_ms,ms,diagnostic_instrumented_timing,3,3,3,3,0.0,0.0,0.0,,0.09999990463256836,0.0,-0.09999990463256836,-100.0,0.09999990463256836,0.0,-0.09999990463256836,-100.0
instrument,3000,route-insert,operation_to_two_raf_ms,ms,diagnostic_instrumented_timing,3,3,3,3,45.200000047683716,21.399999856948853,-23.800000190734863,-52.65486762306873,50.5,31.899999856948853,-18.600000143051147,-36.831683451586436,50.5,31.899999856948853,-18.600000143051147,-36.831683451586436
instrument,3000,route-insert,post_sync_svg_delivery_ms,ms,diagnostic_instrumented_timing,3,3,3,3,42.700000047683716,14.0,-28.700000047683716,-67.21311479071196,48.30000019073486,23.399999856948853,-24.90000033378601,-51.552795518544215,48.30000019073486,23.399999856948853,-24.90000033378601,-51.552795518544215
instrument,3000,route-insert,raf_interval_ms,ms,diagnostic_instrumented_timing,3,3,3,3,33.39999999999782,16.700000000000728,-16.69999999999709,-49.99999999999456,33.39999999999782,16.799999999999272,-16.599999999998545,-49.700598802394104,33.39999999999782,16.799999999999272,-16.599999999998545,-49.700598802394104
instrument,3000,route-insert,renderer_callbacks,count,instrumentation_or_snapshot,3,3,3,3,1.0,1.0,0.0,0.0,1.0,1.0,0.0,0.0,1.0,1.0,0.0,0.0
instrument,3000,route-insert,root_iterator_creations,count,instrumentation_or_snapshot,3,3,3,3,1.0,0.0,-1.0,-100.0,1.0,0.0,-1.0,-100.0,1.0,0.0,-1.0,-100.0
instrument,3000,route-insert,root_iterator_next_calls,count,instrumentation_or_snapshot,3,3,3,3,3001.0,0.0,-3001.0,-100.0,3001.0,0.0,-3001.0,-100.0,3001.0,0.0,-3001.0,-100.0
instrument,3000,route-insert,runtime_baseZ_getter_reads,count,instrumentation_or_snapshot,3,3,3,3,7236.0,0.0,-7236.0,-100.0,7236.0,0.0,-7236.0,-100.0,7236.0,0.0,-7236.0,-100.0
instrument,3000,route-insert,runtime_contour_getter_reads,count,instrumentation_or_snapshot,3,3,3,3,3624.0,0.0,-3624.0,-100.0,3624.0,0.0,-3624.0,-100.0,3624.0,0.0,-3624.0,-100.0
instrument,3000,route-insert,runtime_height_getter_reads,count,instrumentation_or_snapshot,3,3,3,3,7236.0,0.0,-7236.0,-100.0,7236.0,0.0,-7236.0,-100.0,7236.0,0.0,-7236.0,-100.0
instrument,3000,route-insert,runtime_points_getter_reads,count,instrumentation_or_snapshot,3,3,3,3,9647.0,2423.0,-7224.0,-74.88338343526485,9647.0,2423.0,-7224.0,-74.88338343526485,9647.0,2423.0,-7224.0,-74.88338343526485
instrument,3000,route-insert,shadow_all_nodes,count,instrumentation_or_snapshot,3,3,3,3,16091.0,16091.0,0.0,0.0,16091.0,16091.0,0.0,0.0,16091.0,16091.0,0.0,0.0
instrument,3000,route-insert,shadow_element_nodes,count,instrumentation_or_snapshot,3,3,3,3,16088.0,16088.0,0.0,0.0,16088.0,16088.0,0.0,0.0,16088.0,16088.0,0.0,0.0
instrument,3000,route-insert,svg_attribute_writes,count,instrumentation_or_snapshot,3,3,3,3,9.0,9.0,0.0,0.0,9.0,9.0,0.0,0.0,9.0,9.0,0.0,0.0
instrument,3000,route-insert,svg_element_nodes,count,instrumentation_or_snapshot,3,3,3,3,16087.0,16087.0,0.0,0.0,16087.0,16087.0,0.0,0.0,16087.0,16087.0,0.0,0.0
instrument,3000,route-insert,svg_last_delivery_from_start_ms,ms,diagnostic_instrumented_timing,3,3,3,3,42.799999952316284,14.0,-28.799999952316284,-67.28971958972552,48.30000019073486,23.399999856948853,-24.90000033378601,-51.552795518544215,48.30000019073486,23.399999856948853,-24.90000033378601,-51.552795518544215
instrument,3000,route-insert,svg_map_geometry_writes,count,instrumentation_or_snapshot,3,3,3,3,2.0,2.0,0.0,0.0,2.0,2.0,0.0,0.0,2.0,2.0,0.0,0.0
instrument,3000,route-insert,svg_mutation_observed,boolean,instrumentation_or_snapshot,3,3,3,3,1.0,1.0,0.0,0.0,1.0,1.0,0.0,0.0,1.0,1.0,0.0,0.0
instrument,3000,route-insert,svg_symbol_scale_writes,count,instrumentation_or_snapshot,3,3,3,3,1.0,1.0,0.0,0.0,1.0,1.0,0.0,0.0,1.0,1.0,0.0,0.0
instrument,3000,route-insert,svg_viewbox_writes,count,instrumentation_or_snapshot,3,3,3,3,0.0,0.0,0.0,,0.0,0.0,0.0,,0.0,0.0,0.0,
instrument,3000,route-insert,visible_layers,count,instrumentation_or_snapshot,3,3,3,3,5.0,5.0,0.0,0.0,5.0,5.0,0.0,0.0,5.0,5.0,0.0,0.0
instrument,3000,route-insert,visible_point_symbols,count,instrumentation_or_snapshot,3,3,3,3,1478.0,1478.0,0.0,0.0,1478.0,1478.0,0.0,0.0,1478.0,1478.0,0.0,0.0
instrument,3000,route-insert,visible_polygon_paths,count,instrumentation_or_snapshot,3,3,3,3,277.0,277.0,0.0,0.0,277.0,277.0,0.0,0.0,277.0,277.0,0.0,0.0
instrument,3000,route-insert,visible_route_fragments,count,instrumentation_or_snapshot,3,3,3,3,604.0,604.0,0.0,0.0,604.0,604.0,0.0,0.0,604.0,604.0,0.0,0.0
instrument,3000,route-remove,appearances_all_layers,count,instrumentation_or_snapshot,3,3,3,3,8034.0,8034.0,0.0,0.0,8034.0,8034.0,0.0,0.0,8034.0,8034.0,0.0,0.0
instrument,3000,route-remove,appearances_visible_layers,count,instrumentation_or_snapshot,3,3,3,3,2659.0,2659.0,0.0,0.0,2659.0,2659.0,0.0,0.0,2659.0,2659.0,0.0,0.0
instrument,3000,route-remove,layers,count,instrumentation_or_snapshot,3,3,3,3,13.0,13.0,0.0,0.0,13.0,13.0,0.0,0.0,13.0,13.0,0.0,0.0
instrument,3000,route-remove,operation_sync_ms,ms,diagnostic_instrumented_timing,3,3,3,3,0.0,0.09999990463256836,0.09999990463256836,,0.0,0.20000004768371582,0.20000004768371582,,0.0,0.20000004768371582,0.20000004768371582,
instrument,3000,route-remove,operation_to_two_raf_ms,ms,diagnostic_instrumented_timing,3,3,3,3,50.40000009536743,21.09999990463257,-29.300000190734863,-58.13492090335929,54.80000019073486,25.09999990463257,-29.700000286102295,-54.19708062541891,54.80000019073486,25.09999990463257,-29.700000286102295,-54.19708062541891
instrument,3000,route-remove,post_sync_svg_delivery_ms,ms,diagnostic_instrumented_timing,3,3,3,3,48.60000014305115,14.399999856948853,-34.200000286102295,-70.37037075192731,53.200000047683716,15.400000095367432,-37.799999952316284,-71.0526314256311,53.200000047683716,15.400000095367432,-37.799999952316284,-71.0526314256311
instrument,3000,route-remove,raf_interval_ms,ms,diagnostic_instrumented_timing,3,3,3,3,33.30000000000291,16.69999999999709,-16.60000000000582,-49.84984984986297,33.399999999999636,16.700000000000728,-16.69999999999891,-49.99999999999727,33.399999999999636,16.700000000000728,-16.69999999999891,-49.99999999999727
instrument,3000,route-remove,renderer_callbacks,count,instrumentation_or_snapshot,3,3,3,3,1.0,1.0,0.0,0.0,1.0,1.0,0.0,0.0,1.0,1.0,0.0,0.0
instrument,3000,route-remove,root_iterator_creations,count,instrumentation_or_snapshot,3,3,3,3,1.0,0.0,-1.0,-100.0,1.0,0.0,-1.0,-100.0,1.0,0.0,-1.0,-100.0
instrument,3000,route-remove,root_iterator_next_calls,count,instrumentation_or_snapshot,3,3,3,3,3001.0,0.0,-3001.0,-100.0,3001.0,0.0,-3001.0,-100.0,3001.0,0.0,-3001.0,-100.0
instrument,3000,route-remove,runtime_baseZ_getter_reads,count,instrumentation_or_snapshot,3,3,3,3,7236.0,0.0,-7236.0,-100.0,7236.0,0.0,-7236.0,-100.0,7236.0,0.0,-7236.0,-100.0
instrument,3000,route-remove,runtime_contour_getter_reads,count,instrumentation_or_snapshot,3,3,3,3,3624.0,0.0,-3624.0,-100.0,3624.0,0.0,-3624.0,-100.0,3624.0,0.0,-3624.0,-100.0
instrument,3000,route-remove,runtime_height_getter_reads,count,instrumentation_or_snapshot,3,3,3,3,7236.0,0.0,-7236.0,-100.0,7236.0,0.0,-7236.0,-100.0,7236.0,0.0,-7236.0,-100.0
instrument,3000,route-remove,runtime_points_getter_reads,count,instrumentation_or_snapshot,3,3,3,3,9648.0,2424.0,-7224.0,-74.87562189054727,9648.0,2424.0,-7224.0,-74.87562189054727,9648.0,2424.0,-7224.0,-74.87562189054727
instrument,3000,route-remove,shadow_all_nodes,count,instrumentation_or_snapshot,3,3,3,3,16087.0,16087.0,0.0,0.0,16087.0,16087.0,0.0,0.0,16087.0,16087.0,0.0,0.0
instrument,3000,route-remove,shadow_element_nodes,count,instrumentation_or_snapshot,3,3,3,3,16084.0,16084.0,0.0,0.0,16084.0,16084.0,0.0,0.0,16084.0,16084.0,0.0,0.0
instrument,3000,route-remove,svg_attribute_writes,count,instrumentation_or_snapshot,3,3,3,3,1.0,1.0,0.0,0.0,1.0,1.0,0.0,0.0,1.0,1.0,0.0,0.0
instrument,3000,route-remove,svg_element_nodes,count,instrumentation_or_snapshot,3,3,3,3,16083.0,16083.0,0.0,0.0,16083.0,16083.0,0.0,0.0,16083.0,16083.0,0.0,0.0
instrument,3000,route-remove,svg_last_delivery_from_start_ms,ms,diagnostic_instrumented_timing,3,3,3,3,48.60000014305115,14.599999904632568,-34.00000023841858,-69.95884802127911,53.200000047683716,15.5,-37.700000047683716,-70.86466168024964,53.200000047683716,15.5,-37.700000047683716,-70.86466168024964
instrument,3000,route-remove,svg_map_geometry_writes,count,instrumentation_or_snapshot,3,3,3,3,1.0,1.0,0.0,0.0,1.0,1.0,0.0,0.0,1.0,1.0,0.0,0.0
instrument,3000,route-remove,svg_mutation_observed,boolean,instrumentation_or_snapshot,3,3,3,3,1.0,1.0,0.0,0.0,1.0,1.0,0.0,0.0,1.0,1.0,0.0,0.0
instrument,3000,route-remove,svg_symbol_scale_writes,count,instrumentation_or_snapshot,3,3,3,3,0.0,0.0,0.0,,0.0,0.0,0.0,,0.0,0.0,0.0,
instrument,3000,route-remove,svg_viewbox_writes,count,instrumentation_or_snapshot,3,3,3,3,0.0,0.0,0.0,,0.0,0.0,0.0,,0.0,0.0,0.0,
instrument,3000,route-remove,visible_layers,count,instrumentation_or_snapshot,3,3,3,3,5.0,5.0,0.0,0.0,5.0,5.0,0.0,0.0,5.0,5.0,0.0,0.0
instrument,3000,route-remove,visible_point_symbols,count,instrumentation_or_snapshot,3,3,3,3,1477.0,1477.0,0.0,0.0,1477.0,1477.0,0.0,0.0,1477.0,1477.0,0.0,0.0
instrument,3000,route-remove,visible_polygon_paths,count,instrumentation_or_snapshot,3,3,3,3,277.0,277.0,0.0,0.0,277.0,277.0,0.0,0.0,277.0,277.0,0.0,0.0
instrument,3000,route-remove,visible_route_fragments,count,instrumentation_or_snapshot,3,3,3,3,604.0,604.0,0.0,0.0,604.0,604.0,0.0,0.0,604.0,604.0,0.0,0.0
instrument,3000,route-replacePoints,appearances_all_layers,count,instrumentation_or_snapshot,3,3,3,3,8035.0,8035.0,0.0,0.0,8035.0,8035.0,0.0,0.0,8035.0,8035.0,0.0,0.0
instrument,3000,route-replacePoints,appearances_visible_layers,count,instrumentation_or_snapshot,3,3,3,3,2660.0,2660.0,0.0,0.0,2660.0,2660.0,0.0,0.0,2660.0,2660.0,0.0,0.0
instrument,3000,route-replacePoints,layers,count,instrumentation_or_snapshot,3,3,3,3,13.0,13.0,0.0,0.0,13.0,13.0,0.0,0.0,13.0,13.0,0.0,0.0
instrument,3000,route-replacePoints,operation_sync_ms,ms,diagnostic_instrumented_timing,3,3,3,3,0.0,0.09999990463256836,0.09999990463256836,,0.10000014305114746,0.10000014305114746,0.0,0.0,0.10000014305114746,0.10000014305114746,0.0,0.0
instrument,3000,route-replacePoints,operation_to_two_raf_ms,ms,diagnostic_instrumented_timing,3,3,3,3,46.799999952316284,19.0,-27.799999952316284,-59.4017093603445,54.80000019073486,51.69999980926514,-3.1000003814697266,-5.656934982992663,54.80000019073486,51.69999980926514,-3.1000003814697266,-5.656934982992663
instrument,3000,route-replacePoints,post_sync_svg_delivery_ms,ms,diagnostic_instrumented_timing,3,3,3,3,44.19999980926514,13.200000047683716,-30.99999976158142,-70.13574636958086,51.90000009536743,48.89999985694885,-3.000000238418579,-5.780347269568421,51.90000009536743,48.89999985694885,-3.000000238418579,-5.780347269568421
instrument,3000,route-replacePoints,raf_interval_ms,ms,diagnostic_instrumented_timing,3,3,3,3,33.399999999999636,16.799999999999272,-16.600000000000364,-49.70059880239684,50.099999999998545,33.39999999999782,-16.700000000000728,-33.33333333333575,50.099999999998545,33.39999999999782,-16.700000000000728,-33.33333333333575
instrument,3000,route-replacePoints,renderer_callbacks,count,instrumentation_or_snapshot,3,3,3,3,1.0,1.0,0.0,0.0,1.0,1.0,0.0,0.0,1.0,1.0,0.0,0.0
instrument,3000,route-replacePoints,root_iterator_creations,count,instrumentation_or_snapshot,3,3,3,3,1.0,0.0,-1.0,-100.0,1.0,0.0,-1.0,-100.0,1.0,0.0,-1.0,-100.0
instrument,3000,route-replacePoints,root_iterator_next_calls,count,instrumentation_or_snapshot,3,3,3,3,3001.0,0.0,-3001.0,-100.0,3001.0,0.0,-3001.0,-100.0,3001.0,0.0,-3001.0,-100.0
instrument,3000,route-replacePoints,runtime_baseZ_getter_reads,count,instrumentation_or_snapshot,3,3,3,3,7236.0,0.0,-7236.0,-100.0,7236.0,0.0,-7236.0,-100.0,7236.0,0.0,-7236.0,-100.0
instrument,3000,route-replacePoints,runtime_contour_getter_reads,count,instrumentation_or_snapshot,3,3,3,3,3624.0,0.0,-3624.0,-100.0,3624.0,0.0,-3624.0,-100.0,3624.0,0.0,-3624.0,-100.0
instrument,3000,route-replacePoints,runtime_height_getter_reads,count,instrumentation_or_snapshot,3,3,3,3,7236.0,0.0,-7236.0,-100.0,7236.0,0.0,-7236.0,-100.0,7236.0,0.0,-7236.0,-100.0
instrument,3000,route-replacePoints,runtime_points_getter_reads,count,instrumentation_or_snapshot,3,3,3,3,9647.0,2423.0,-7224.0,-74.88338343526485,9647.0,2423.0,-7224.0,-74.88338343526485,9647.0,2423.0,-7224.0,-74.88338343526485
instrument,3000,route-replacePoints,shadow_all_nodes,count,instrumentation_or_snapshot,3,3,3,3,16089.0,16089.0,0.0,0.0,16089.0,16089.0,0.0,0.0,16089.0,16089.0,0.0,0.0
instrument,3000,route-replacePoints,shadow_element_nodes,count,instrumentation_or_snapshot,3,3,3,3,16086.0,16086.0,0.0,0.0,16086.0,16086.0,0.0,0.0,16086.0,16086.0,0.0,0.0
instrument,3000,route-replacePoints,svg_attribute_writes,count,instrumentation_or_snapshot,3,3,3,3,11.0,11.0,0.0,0.0,11.0,11.0,0.0,0.0,11.0,11.0,0.0,0.0
instrument,3000,route-replacePoints,svg_element_nodes,count,instrumentation_or_snapshot,3,3,3,3,16085.0,16085.0,0.0,0.0,16085.0,16085.0,0.0,0.0,16085.0,16085.0,0.0,0.0
instrument,3000,route-replacePoints,svg_last_delivery_from_start_ms,ms,diagnostic_instrumented_timing,3,3,3,3,44.299999952316284,13.300000190734863,-30.99999976158142,-69.97742617370035,51.90000009536743,48.89999985694885,-3.000000238418579,-5.780347269568421,51.90000009536743,48.89999985694885,-3.000000238418579,-5.780347269568421
instrument,3000,route-replacePoints,svg_map_geometry_writes,count,instrumentation_or_snapshot,3,3,3,3,4.0,4.0,0.0,0.0,4.0,4.0,0.0,0.0,4.0,4.0,0.0,0.0
instrument,3000,route-replacePoints,svg_mutation_observed,boolean,instrumentation_or_snapshot,3,3,3,3,1.0,1.0,0.0,0.0,1.0,1.0,0.0,0.0,1.0,1.0,0.0,0.0
instrument,3000,route-replacePoints,svg_symbol_scale_writes,count,instrumentation_or_snapshot,3,3,3,3,1.0,1.0,0.0,0.0,1.0,1.0,0.0,0.0,1.0,1.0,0.0,0.0
instrument,3000,route-replacePoints,svg_viewbox_writes,count,instrumentation_or_snapshot,3,3,3,3,0.0,0.0,0.0,,0.0,0.0,0.0,,0.0,0.0,0.0,
instrument,3000,route-replacePoints,visible_layers,count,instrumentation_or_snapshot,3,3,3,3,5.0,5.0,0.0,0.0,5.0,5.0,0.0,0.0,5.0,5.0,0.0,0.0
instrument,3000,route-replacePoints,visible_point_symbols,count,instrumentation_or_snapshot,3,3,3,3,1478.0,1478.0,0.0,0.0,1478.0,1478.0,0.0,0.0,1478.0,1478.0,0.0,0.0
instrument,3000,route-replacePoints,visible_polygon_paths,count,instrumentation_or_snapshot,3,3,3,3,277.0,277.0,0.0,0.0,277.0,277.0,0.0,0.0,277.0,277.0,0.0,0.0
instrument,3000,route-replacePoints,visible_route_fragments,count,instrumentation_or_snapshot,3,3,3,3,604.0,604.0,0.0,0.0,604.0,604.0,0.0,0.0,604.0,604.0,0.0,0.0
instrument,3000,vertex-position,appearances_all_layers,count,instrumentation_or_snapshot,3,3,3,3,8035.0,8035.0,0.0,0.0,8035.0,8035.0,0.0,0.0,8035.0,8035.0,0.0,0.0
instrument,3000,vertex-position,appearances_visible_layers,count,instrumentation_or_snapshot,3,3,3,3,2659.0,2659.0,0.0,0.0,2659.0,2659.0,0.0,0.0,2659.0,2659.0,0.0,0.0
instrument,3000,vertex-position,layers,count,instrumentation_or_snapshot,3,3,3,3,13.0,13.0,0.0,0.0,13.0,13.0,0.0,0.0,13.0,13.0,0.0,0.0
instrument,3000,vertex-position,operation_sync_ms,ms,diagnostic_instrumented_timing,3,3,3,3,0.09999990463256836,0.0,-0.09999990463256836,-100.0,0.09999990463256836,0.0,-0.09999990463256836,-100.0,0.09999990463256836,0.0,-0.09999990463256836,-100.0
instrument,3000,vertex-position,operation_to_two_raf_ms,ms,diagnostic_instrumented_timing,3,3,3,3,21.5,29.40000009536743,7.900000095367432,36.74418649008108,24.700000047683716,39.39999985694885,14.699999809265137,59.514169153386916,24.700000047683716,39.39999985694885,14.699999809265137,59.514169153386916
instrument,3000,vertex-position,post_sync_svg_delivery_ms,ms,diagnostic_instrumented_timing,3,3,3,3,6.900000095367432,13.0,6.099999904632568,88.40579449742366,7.400000095367432,36.200000047683716,28.799999952316284,389.18918352914267,7.400000095367432,36.200000047683716,28.799999952316284,389.18918352914267
instrument,3000,vertex-position,raf_interval_ms,ms,diagnostic_instrumented_timing,3,3,3,3,16.599999999998545,16.700000000000728,0.10000000000218279,0.602409638567419,16.599999999998545,16.700000000000728,0.10000000000218279,0.602409638567419,16.599999999998545,16.700000000000728,0.10000000000218279,0.602409638567419
instrument,3000,vertex-position,renderer_callbacks,count,instrumentation_or_snapshot,3,3,3,3,1.0,1.0,0.0,0.0,1.0,1.0,0.0,0.0,1.0,1.0,0.0,0.0
instrument,3000,vertex-position,root_iterator_creations,count,instrumentation_or_snapshot,3,3,3,3,0.0,0.0,0.0,,0.0,0.0,0.0,,0.0,0.0,0.0,
instrument,3000,vertex-position,root_iterator_next_calls,count,instrumentation_or_snapshot,3,3,3,3,0.0,0.0,0.0,,0.0,0.0,0.0,,0.0,0.0,0.0,
instrument,3000,vertex-position,runtime_baseZ_getter_reads,count,instrumentation_or_snapshot,3,3,3,3,0.0,0.0,0.0,,0.0,0.0,0.0,,0.0,0.0,0.0,
instrument,3000,vertex-position,runtime_contour_getter_reads,count,instrumentation_or_snapshot,3,3,3,3,0.0,0.0,0.0,,0.0,0.0,0.0,,0.0,0.0,0.0,
instrument,3000,vertex-position,runtime_height_getter_reads,count,instrumentation_or_snapshot,3,3,3,3,0.0,0.0,0.0,,0.0,0.0,0.0,,0.0,0.0,0.0,
instrument,3000,vertex-position,runtime_points_getter_reads,count,instrumentation_or_snapshot,3,3,3,3,13.0,13.0,0.0,0.0,13.0,13.0,0.0,0.0,13.0,13.0,0.0,0.0
instrument,3000,vertex-position,shadow_all_nodes,count,instrumentation_or_snapshot,3,3,3,3,16089.0,16089.0,0.0,0.0,16089.0,16089.0,0.0,0.0,16089.0,16089.0,0.0,0.0
instrument,3000,vertex-position,shadow_element_nodes,count,instrumentation_or_snapshot,3,3,3,3,16086.0,16086.0,0.0,0.0,16086.0,16086.0,0.0,0.0,16086.0,16086.0,0.0,0.0
instrument,3000,vertex-position,svg_attribute_writes,count,instrumentation_or_snapshot,3,3,3,3,4.0,4.0,0.0,0.0,4.0,4.0,0.0,0.0,4.0,4.0,0.0,0.0
instrument,3000,vertex-position,svg_element_nodes,count,instrumentation_or_snapshot,3,3,3,3,16085.0,16085.0,0.0,0.0,16085.0,16085.0,0.0,0.0,16085.0,16085.0,0.0,0.0
instrument,3000,vertex-position,svg_last_delivery_from_start_ms,ms,diagnostic_instrumented_timing,3,3,3,3,7.0,13.0,6.0,85.71428571428571,7.5,36.200000047683716,28.700000047683716,382.6666673024496,7.5,36.200000047683716,28.700000047683716,382.6666673024496
instrument,3000,vertex-position,svg_map_geometry_writes,count,instrumentation_or_snapshot,3,3,3,3,4.0,4.0,0.0,0.0,4.0,4.0,0.0,0.0,4.0,4.0,0.0,0.0
instrument,3000,vertex-position,svg_mutation_observed,boolean,instrumentation_or_snapshot,3,3,3,3,1.0,1.0,0.0,0.0,1.0,1.0,0.0,0.0,1.0,1.0,0.0,0.0
instrument,3000,vertex-position,svg_symbol_scale_writes,count,instrumentation_or_snapshot,3,3,3,3,0.0,0.0,0.0,,0.0,0.0,0.0,,0.0,0.0,0.0,
instrument,3000,vertex-position,svg_viewbox_writes,count,instrumentation_or_snapshot,3,3,3,3,0.0,0.0,0.0,,0.0,0.0,0.0,,0.0,0.0,0.0,
instrument,3000,vertex-position,visible_layers,count,instrumentation_or_snapshot,3,3,3,3,5.0,5.0,0.0,0.0,5.0,5.0,0.0,0.0,5.0,5.0,0.0,0.0
instrument,3000,vertex-position,visible_point_symbols,count,instrumentation_or_snapshot,3,3,3,3,1477.0,1477.0,0.0,0.0,1477.0,1477.0,0.0,0.0,1477.0,1477.0,0.0,0.0
instrument,3000,vertex-position,visible_polygon_paths,count,instrumentation_or_snapshot,3,3,3,3,277.0,277.0,0.0,0.0,277.0,277.0,0.0,0.0,277.0,277.0,0.0,0.0
instrument,3000,vertex-position,visible_route_fragments,count,instrumentation_or_snapshot,3,3,3,3,604.0,604.0,0.0,0.0,604.0,604.0,0.0,0.0,604.0,604.0,0.0,0.0
instrument,3000,zoom,appearances_all_layers,count,instrumentation_or_snapshot,3,3,3,3,8035.0,8035.0,0.0,0.0,8035.0,8035.0,0.0,0.0,8035.0,8035.0,0.0,0.0
instrument,3000,zoom,appearances_visible_layers,count,instrumentation_or_snapshot,3,3,3,3,2659.0,2659.0,0.0,0.0,2659.0,2659.0,0.0,0.0,2659.0,2659.0,0.0,0.0
instrument,3000,zoom,camera_api_sync_ms,ms,diagnostic_instrumented_timing,72,72,3,3,0.0,0.0,0.0,,0.09999990463256836,0.10000014305114746,2.384185791015625e-07,0.00023841880647545478,0.10000014305114746,0.10000014305114746,0.0,0.0
instrument,3000,zoom,layers,count,instrumentation_or_snapshot,3,3,3,3,13.0,13.0,0.0,0.0,13.0,13.0,0.0,0.0,13.0,13.0,0.0,0.0
instrument,3000,zoom,post_sync_svg_delivery_ms,ms,diagnostic_instrumented_timing,72,72,3,3,16.700000047683716,16.699999809265137,-2.384185791015625e-07,-1.4276561582084011e-06,31.40000009536743,19.799999952316284,-11.600000143051147,-36.94267550261104,126.90000009536743,90.90000009536743,-36.0,-28.36879430492152
instrument,3000,zoom,raf_interval_ms,ms,diagnostic_instrumented_timing,72,72,3,3,16.700000000000728,16.700000000000728,0.0,0.0,33.29999999999927,16.799999999999272,-16.5,-49.54954954955063,133.40000000000146,83.20000000000073,-50.20000000000073,-37.63118440779623
instrument,3000,zoom,renderer_callbacks,count,instrumentation_or_snapshot,3,3,3,3,24.0,24.0,0.0,0.0,24.0,24.0,0.0,0.0,24.0,24.0,0.0,0.0
instrument,3000,zoom,root_iterator_creations,count,instrumentation_or_snapshot,3,3,3,3,0.0,0.0,0.0,,0.0,0.0,0.0,,0.0,0.0,0.0,
instrument,3000,zoom,root_iterator_next_calls,count,instrumentation_or_snapshot,3,3,3,3,0.0,0.0,0.0,,0.0,0.0,0.0,,0.0,0.0,0.0,
instrument,3000,zoom,runtime_baseZ_getter_reads,count,instrumentation_or_snapshot,3,3,3,3,0.0,0.0,0.0,,0.0,0.0,0.0,,0.0,0.0,0.0,
instrument,3000,zoom,runtime_contour_getter_reads,count,instrumentation_or_snapshot,3,3,3,3,0.0,0.0,0.0,,0.0,0.0,0.0,,0.0,0.0,0.0,
instrument,3000,zoom,runtime_height_getter_reads,count,instrumentation_or_snapshot,3,3,3,3,0.0,0.0,0.0,,0.0,0.0,0.0,,0.0,0.0,0.0,
instrument,3000,zoom,runtime_points_getter_reads,count,instrumentation_or_snapshot,3,3,3,3,0.0,0.0,0.0,,0.0,0.0,0.0,,0.0,0.0,0.0,
instrument,3000,zoom,shadow_all_nodes,count,instrumentation_or_snapshot,3,3,3,3,16089.0,16089.0,0.0,0.0,16089.0,16089.0,0.0,0.0,16089.0,16089.0,0.0,0.0
instrument,3000,zoom,shadow_element_nodes,count,instrumentation_or_snapshot,3,3,3,3,16086.0,16086.0,0.0,0.0,16086.0,16086.0,0.0,0.0,16086.0,16086.0,0.0,0.0
instrument,3000,zoom,svg_attribute_writes,count,instrumentation_or_snapshot,3,3,3,3,103656.0,103656.0,0.0,0.0,103656.0,103656.0,0.0,0.0,103656.0,103656.0,0.0,0.0
instrument,3000,zoom,svg_element_nodes,count,instrumentation_or_snapshot,3,3,3,3,16085.0,16085.0,0.0,0.0,16085.0,16085.0,0.0,0.0,16085.0,16085.0,0.0,0.0
instrument,3000,zoom,svg_last_delivery_from_start_ms,ms,diagnostic_instrumented_timing,72,72,3,3,16.700000047683716,16.700000047683716,0.0,0.0,31.40000009536743,19.799999952316284,-11.600000143051147,-36.94267550261104,126.90000009536743,90.90000009536743,-36.0,-28.36879430492152
instrument,3000,zoom,svg_map_geometry_writes,count,instrumentation_or_snapshot,3,3,3,3,0.0,0.0,0.0,,0.0,0.0,0.0,,0.0,0.0,0.0,
instrument,3000,zoom,svg_symbol_scale_writes,count,instrumentation_or_snapshot,3,3,3,3,103632.0,103632.0,0.0,0.0,103632.0,103632.0,0.0,0.0,103632.0,103632.0,0.0,0.0
instrument,3000,zoom,svg_viewbox_writes,count,instrumentation_or_snapshot,3,3,3,3,24.0,24.0,0.0,0.0,24.0,24.0,0.0,0.0,24.0,24.0,0.0,0.0
instrument,3000,zoom,visible_layers,count,instrumentation_or_snapshot,3,3,3,3,5.0,5.0,0.0,0.0,5.0,5.0,0.0,0.0,5.0,5.0,0.0,0.0
instrument,3000,zoom,visible_point_symbols,count,instrumentation_or_snapshot,3,3,3,3,1477.0,1477.0,0.0,0.0,1477.0,1477.0,0.0,0.0,1477.0,1477.0,0.0,0.0
instrument,3000,zoom,visible_polygon_paths,count,instrumentation_or_snapshot,3,3,3,3,277.0,277.0,0.0,0.0,277.0,277.0,0.0,0.0,277.0,277.0,0.0,0.0
instrument,3000,zoom,visible_route_fragments,count,instrumentation_or_snapshot,3,3,3,3,604.0,604.0,0.0,0.0,604.0,604.0,0.0,0.0,604.0,604.0,0.0,0.0
instrument,5000,floor-switch,appearances_all_layers,count,instrumentation_or_snapshot,3,3,3,3,13411.0,13411.0,0.0,0.0,13411.0,13411.0,0.0,0.0,13411.0,13411.0,0.0,0.0
instrument,5000,floor-switch,appearances_visible_layers,count,instrumentation_or_snapshot,3,3,3,3,4391.0,4391.0,0.0,0.0,4391.0,4391.0,0.0,0.0,4391.0,4391.0,0.0,0.0
instrument,5000,floor-switch,layers,count,instrumentation_or_snapshot,3,3,3,3,13.0,13.0,0.0,0.0,13.0,13.0,0.0,0.0,13.0,13.0,0.0,0.0
instrument,5000,floor-switch,operation_sync_ms,ms,diagnostic_instrumented_timing,3,3,3,3,0.0,0.0,0.0,,0.0,0.10000014305114746,0.10000014305114746,,0.0,0.10000014305114746,0.10000014305114746,
instrument,5000,floor-switch,operation_to_two_raf_ms,ms,diagnostic_instrumented_timing,3,3,3,3,31.5,22.200000047683716,-9.299999952316284,-29.52380937243265,32.0,27.600000143051147,-4.3999998569488525,-13.749999552965164,32.0,27.600000143051147,-4.3999998569488525,-13.749999552965164
instrument,5000,floor-switch,post_sync_svg_delivery_ms,ms,diagnostic_instrumented_timing,3,3,3,3,14.899999856948853,7.0,-7.8999998569488525,-53.02013377714605,15.299999952316284,10.300000190734863,-4.999999761581421,-32.679737105649245,15.299999952316284,10.300000190734863,-4.999999761581421,-32.679737105649245
instrument,5000,floor-switch,raf_interval_ms,ms,diagnostic_instrumented_timing,3,3,3,3,16.69999999999709,16.599999999998545,-0.09999999999854481,-0.5988023952009714,16.69999999999709,16.599999999998545,-0.09999999999854481,-0.5988023952009714,16.69999999999709,16.599999999998545,-0.09999999999854481,-0.5988023952009714
instrument,5000,floor-switch,renderer_callbacks,count,instrumentation_or_snapshot,3,3,3,3,1.0,1.0,0.0,0.0,1.0,1.0,0.0,0.0,1.0,1.0,0.0,0.0
instrument,5000,floor-switch,root_iterator_creations,count,instrumentation_or_snapshot,3,3,3,3,0.0,0.0,0.0,,0.0,0.0,0.0,,0.0,0.0,0.0,
instrument,5000,floor-switch,root_iterator_next_calls,count,instrumentation_or_snapshot,3,3,3,3,0.0,0.0,0.0,,0.0,0.0,0.0,,0.0,0.0,0.0,
instrument,5000,floor-switch,runtime_baseZ_getter_reads,count,instrumentation_or_snapshot,3,3,3,3,0.0,0.0,0.0,,0.0,0.0,0.0,,0.0,0.0,0.0,
instrument,5000,floor-switch,runtime_contour_getter_reads,count,instrumentation_or_snapshot,3,3,3,3,0.0,0.0,0.0,,0.0,0.0,0.0,,0.0,0.0,0.0,
instrument,5000,floor-switch,runtime_height_getter_reads,count,instrumentation_or_snapshot,3,3,3,3,0.0,0.0,0.0,,0.0,0.0,0.0,,0.0,0.0,0.0,
instrument,5000,floor-switch,runtime_points_getter_reads,count,instrumentation_or_snapshot,3,3,3,3,0.0,0.0,0.0,,0.0,0.0,0.0,,0.0,0.0,0.0,
instrument,5000,floor-switch,shadow_all_nodes,count,instrumentation_or_snapshot,3,3,3,3,26841.0,26841.0,0.0,0.0,26841.0,26841.0,0.0,0.0,26841.0,26841.0,0.0,0.0
instrument,5000,floor-switch,shadow_element_nodes,count,instrumentation_or_snapshot,3,3,3,3,26838.0,26838.0,0.0,0.0,26838.0,26838.0,0.0,0.0,26838.0,26838.0,0.0,0.0
instrument,5000,floor-switch,svg_attribute_writes,count,instrumentation_or_snapshot,3,3,3,3,1.0,1.0,0.0,0.0,1.0,1.0,0.0,0.0,1.0,1.0,0.0,0.0
instrument,5000,floor-switch,svg_element_nodes,count,instrumentation_or_snapshot,3,3,3,3,26837.0,26837.0,0.0,0.0,26837.0,26837.0,0.0,0.0,26837.0,26837.0,0.0,0.0
instrument,5000,floor-switch,svg_last_delivery_from_start_ms,ms,diagnostic_instrumented_timing,3,3,3,3,14.899999856948853,7.0,-7.8999998569488525,-53.02013377714605,15.299999952316284,10.300000190734863,-4.999999761581421,-32.679737105649245,15.299999952316284,10.300000190734863,-4.999999761581421,-32.679737105649245
instrument,5000,floor-switch,svg_map_geometry_writes,count,instrumentation_or_snapshot,3,3,3,3,0.0,0.0,0.0,,0.0,0.0,0.0,,0.0,0.0,0.0,
instrument,5000,floor-switch,svg_mutation_observed,boolean,instrumentation_or_snapshot,3,3,3,3,1.0,1.0,0.0,0.0,1.0,1.0,0.0,0.0,1.0,1.0,0.0,0.0
instrument,5000,floor-switch,svg_symbol_scale_writes,count,instrumentation_or_snapshot,3,3,3,3,0.0,0.0,0.0,,0.0,0.0,0.0,,0.0,0.0,0.0,
instrument,5000,floor-switch,svg_viewbox_writes,count,instrumentation_or_snapshot,3,3,3,3,0.0,0.0,0.0,,0.0,0.0,0.0,,0.0,0.0,0.0,
instrument,5000,floor-switch,visible_layers,count,instrumentation_or_snapshot,3,3,3,3,5.0,5.0,0.0,0.0,5.0,5.0,0.0,0.0,5.0,5.0,0.0,0.0
instrument,5000,floor-switch,visible_point_symbols,count,instrumentation_or_snapshot,3,3,3,3,2313.0,2313.0,0.0,0.0,2313.0,2313.0,0.0,0.0,2313.0,2313.0,0.0,0.0
instrument,5000,floor-switch,visible_polygon_paths,count,instrumentation_or_snapshot,3,3,3,3,494.0,494.0,0.0,0.0,494.0,494.0,0.0,0.0,494.0,494.0,0.0,0.0
instrument,5000,floor-switch,visible_route_fragments,count,instrumentation_or_snapshot,3,3,3,3,995.0,995.0,0.0,0.0,995.0,995.0,0.0,0.0,995.0,995.0,0.0,0.0
instrument,5000,layer-direct-add,appearances_all_layers,count,instrumentation_or_snapshot,3,3,3,3,13414.0,13414.0,0.0,0.0,13414.0,13414.0,0.0,0.0,13414.0,13414.0,0.0,0.0
instrument,5000,layer-direct-add,appearances_visible_layers,count,instrumentation_or_snapshot,3,3,3,3,4436.0,4436.0,0.0,0.0,4436.0,4436.0,0.0,0.0,4436.0,4436.0,0.0,0.0
instrument,5000,layer-direct-add,layers,count,instrumentation_or_snapshot,3,3,3,3,13.0,13.0,0.0,0.0,13.0,13.0,0.0,0.0,13.0,13.0,0.0,0.0
instrument,5000,layer-direct-add,operation_sync_ms,ms,diagnostic_instrumented_timing,3,3,3,3,0.0,0.0,0.0,,0.0,0.0,0.0,,0.0,0.0,0.0,
instrument,5000,layer-direct-add,operation_to_two_raf_ms,ms,diagnostic_instrumented_timing,3,3,3,3,72.10000014305115,83.79999995231628,11.699999809265137,16.227461561791355,80.40000009536743,253.20000004768372,172.79999995231628,214.9253728200839,80.40000009536743,253.20000004768372,172.79999995231628,214.9253728200839
instrument,5000,layer-direct-add,post_sync_svg_delivery_ms,ms,diagnostic_instrumented_timing,3,3,3,3,68.10000014305115,78.39999985694885,10.299999713897705,15.124815994510252,74.59999990463257,248.09999990463257,173.5,232.57372683887345,74.59999990463257,248.09999990463257,173.5,232.57372683887345
instrument,5000,layer-direct-add,raf_interval_ms,ms,diagnostic_instrumented_timing,3,3,3,3,50.0,66.5,16.5,33.0,66.69999999999709,233.3000000000029,166.60000000000582,249.77511244379772,66.69999999999709,233.3000000000029,166.60000000000582,249.77511244379772
instrument,5000,layer-direct-add,renderer_callbacks,count,instrumentation_or_snapshot,3,3,3,3,1.0,1.0,0.0,0.0,1.0,1.0,0.0,0.0,1.0,1.0,0.0,0.0
instrument,5000,layer-direct-add,root_iterator_creations,count,instrumentation_or_snapshot,3,3,3,3,1.0,1.0,0.0,0.0,1.0,1.0,0.0,0.0,1.0,1.0,0.0,0.0
instrument,5000,layer-direct-add,root_iterator_next_calls,count,instrumentation_or_snapshot,3,3,3,3,5001.0,5001.0,0.0,0.0,5001.0,5001.0,0.0,0.0,5001.0,5001.0,0.0,0.0
instrument,5000,layer-direct-add,runtime_baseZ_getter_reads,count,instrumentation_or_snapshot,3,3,3,3,11844.0,11844.0,0.0,0.0,11844.0,11844.0,0.0,0.0,11844.0,11844.0,0.0,0.0
instrument,5000,layer-direct-add,runtime_contour_getter_reads,count,instrumentation_or_snapshot,3,3,3,3,5928.0,5928.0,0.0,0.0,5928.0,5928.0,0.0,0.0,5928.0,5928.0,0.0,0.0
instrument,5000,layer-direct-add,runtime_height_getter_reads,count,instrumentation_or_snapshot,3,3,3,3,11844.0,11844.0,0.0,0.0,11844.0,11844.0,0.0,0.0,11844.0,11844.0,0.0,0.0
instrument,5000,layer-direct-add,runtime_points_getter_reads,count,instrumentation_or_snapshot,3,3,3,3,15920.0,15920.0,0.0,0.0,15920.0,15920.0,0.0,0.0,15920.0,15920.0,0.0,0.0
instrument,5000,layer-direct-add,shadow_all_nodes,count,instrumentation_or_snapshot,3,3,3,3,26847.0,26847.0,0.0,0.0,26847.0,26847.0,0.0,0.0,26847.0,26847.0,0.0,0.0
instrument,5000,layer-direct-add,shadow_element_nodes,count,instrumentation_or_snapshot,3,3,3,3,26844.0,26844.0,0.0,0.0,26844.0,26844.0,0.0,0.0,26844.0,26844.0,0.0,0.0
instrument,5000,layer-direct-add,svg_attribute_writes,count,instrumentation_or_snapshot,3,3,3,3,34.0,34.0,0.0,0.0,34.0,34.0,0.0,0.0,34.0,34.0,0.0,0.0
instrument,5000,layer-direct-add,svg_element_nodes,count,instrumentation_or_snapshot,3,3,3,3,26843.0,26843.0,0.0,0.0,26843.0,26843.0,0.0,0.0,26843.0,26843.0,0.0,0.0
instrument,5000,layer-direct-add,svg_last_delivery_from_start_ms,ms,diagnostic_instrumented_timing,3,3,3,3,68.10000014305115,78.39999985694885,10.299999713897705,15.124815994510252,74.59999990463257,248.09999990463257,173.5,232.57372683887345,74.59999990463257,248.09999990463257,173.5,232.57372683887345
instrument,5000,layer-direct-add,svg_map_geometry_writes,count,instrumentation_or_snapshot,3,3,3,3,4.0,4.0,0.0,0.0,4.0,4.0,0.0,0.0,4.0,4.0,0.0,0.0
instrument,5000,layer-direct-add,svg_mutation_observed,boolean,instrumentation_or_snapshot,3,3,3,3,1.0,1.0,0.0,0.0,1.0,1.0,0.0,0.0,1.0,1.0,0.0,0.0
instrument,5000,layer-direct-add,svg_symbol_scale_writes,count,instrumentation_or_snapshot,3,3,3,3,3.0,3.0,0.0,0.0,3.0,3.0,0.0,0.0,3.0,3.0,0.0,0.0
instrument,5000,layer-direct-add,svg_viewbox_writes,count,instrumentation_or_snapshot,3,3,3,3,0.0,0.0,0.0,,0.0,0.0,0.0,,0.0,0.0,0.0,
instrument,5000,layer-direct-add,visible_layers,count,instrumentation_or_snapshot,3,3,3,3,5.0,5.0,0.0,0.0,5.0,5.0,0.0,0.0,5.0,5.0,0.0,0.0
instrument,5000,layer-direct-add,visible_point_symbols,count,instrumentation_or_snapshot,3,3,3,3,2482.0,2482.0,0.0,0.0,2482.0,2482.0,0.0,0.0,2482.0,2482.0,0.0,0.0
instrument,5000,layer-direct-add,visible_polygon_paths,count,instrumentation_or_snapshot,3,3,3,3,453.0,453.0,0.0,0.0,453.0,453.0,0.0,0.0,453.0,453.0,0.0,0.0
instrument,5000,layer-direct-add,visible_route_fragments,count,instrumentation_or_snapshot,3,3,3,3,996.0,996.0,0.0,0.0,996.0,996.0,0.0,0.0,996.0,996.0,0.0,0.0
instrument,5000,layer-direct-remove,appearances_all_layers,count,instrumentation_or_snapshot,3,3,3,3,13409.0,13409.0,0.0,0.0,13409.0,13409.0,0.0,0.0,13409.0,13409.0,0.0,0.0
instrument,5000,layer-direct-remove,appearances_visible_layers,count,instrumentation_or_snapshot,3,3,3,3,4431.0,4431.0,0.0,0.0,4431.0,4431.0,0.0,0.0,4431.0,4431.0,0.0,0.0
instrument,5000,layer-direct-remove,layers,count,instrumentation_or_snapshot,3,3,3,3,13.0,13.0,0.0,0.0,13.0,13.0,0.0,0.0,13.0,13.0,0.0,0.0
instrument,5000,layer-direct-remove,operation_sync_ms,ms,diagnostic_instrumented_timing,3,3,3,3,0.0,0.09999990463256836,0.09999990463256836,,0.10000014305114746,0.10000014305114746,0.0,0.0,0.10000014305114746,0.10000014305114746,0.0,0.0
instrument,5000,layer-direct-remove,operation_to_two_raf_ms,ms,diagnostic_instrumented_timing,3,3,3,3,72.60000014305115,69.40000009536743,-3.200000047683716,-4.407713555617673,73.30000019073486,73.19999980926514,-0.10000038146972656,-0.1364261680893783,73.30000019073486,73.19999980926514,-0.10000038146972656,-0.1364261680893783
instrument,5000,layer-direct-remove,post_sync_svg_delivery_ms,ms,diagnostic_instrumented_timing,3,3,3,3,68.29999995231628,65.5,-2.799999952316284,-4.0995606943940075,69.59999990463257,69.09999990463257,-0.5,-0.7183908055820558,69.59999990463257,69.09999990463257,-0.5,-0.7183908055820558
instrument,5000,layer-direct-remove,raf_interval_ms,ms,diagnostic_instrumented_timing,3,3,3,3,50.0,50.0,0.0,0.0,50.099999999998545,66.69999999999709,16.599999999998545,33.13373253492819,50.099999999998545,66.69999999999709,16.599999999998545,33.13373253492819
instrument,5000,layer-direct-remove,renderer_callbacks,count,instrumentation_or_snapshot,3,3,3,3,1.0,1.0,0.0,0.0,1.0,1.0,0.0,0.0,1.0,1.0,0.0,0.0
instrument,5000,layer-direct-remove,root_iterator_creations,count,instrumentation_or_snapshot,3,3,3,3,1.0,1.0,0.0,0.0,1.0,1.0,0.0,0.0,1.0,1.0,0.0,0.0
instrument,5000,layer-direct-remove,root_iterator_next_calls,count,instrumentation_or_snapshot,3,3,3,3,5001.0,5001.0,0.0,0.0,5001.0,5001.0,0.0,0.0,5001.0,5001.0,0.0,0.0
instrument,5000,layer-direct-remove,runtime_baseZ_getter_reads,count,instrumentation_or_snapshot,3,3,3,3,11844.0,11844.0,0.0,0.0,11844.0,11844.0,0.0,0.0,11844.0,11844.0,0.0,0.0
instrument,5000,layer-direct-remove,runtime_contour_getter_reads,count,instrumentation_or_snapshot,3,3,3,3,5928.0,5928.0,0.0,0.0,5928.0,5928.0,0.0,0.0,5928.0,5928.0,0.0,0.0
instrument,5000,layer-direct-remove,runtime_height_getter_reads,count,instrumentation_or_snapshot,3,3,3,3,11844.0,11844.0,0.0,0.0,11844.0,11844.0,0.0,0.0,11844.0,11844.0,0.0,0.0
instrument,5000,layer-direct-remove,runtime_points_getter_reads,count,instrumentation_or_snapshot,3,3,3,3,15919.0,15919.0,0.0,0.0,15919.0,15919.0,0.0,0.0,15919.0,15919.0,0.0,0.0
instrument,5000,layer-direct-remove,shadow_all_nodes,count,instrumentation_or_snapshot,3,3,3,3,26837.0,26837.0,0.0,0.0,26837.0,26837.0,0.0,0.0,26837.0,26837.0,0.0,0.0
instrument,5000,layer-direct-remove,shadow_element_nodes,count,instrumentation_or_snapshot,3,3,3,3,26834.0,26834.0,0.0,0.0,26834.0,26834.0,0.0,0.0,26834.0,26834.0,0.0,0.0
instrument,5000,layer-direct-remove,svg_attribute_writes,count,instrumentation_or_snapshot,3,3,3,3,10.0,10.0,0.0,0.0,10.0,10.0,0.0,0.0,10.0,10.0,0.0,0.0
instrument,5000,layer-direct-remove,svg_element_nodes,count,instrumentation_or_snapshot,3,3,3,3,26833.0,26833.0,0.0,0.0,26833.0,26833.0,0.0,0.0,26833.0,26833.0,0.0,0.0
instrument,5000,layer-direct-remove,svg_last_delivery_from_start_ms,ms,diagnostic_instrumented_timing,3,3,3,3,68.29999995231628,65.59999990463257,-2.700000047683716,-3.953147949588175,69.70000004768372,69.09999990463257,-0.6000001430511475,-0.8608323423825978,69.70000004768372,69.09999990463257,-0.6000001430511475,-0.8608323423825978
instrument,5000,layer-direct-remove,svg_map_geometry_writes,count,instrumentation_or_snapshot,3,3,3,3,1.0,1.0,0.0,0.0,1.0,1.0,0.0,0.0,1.0,1.0,0.0,0.0
instrument,5000,layer-direct-remove,svg_mutation_observed,boolean,instrumentation_or_snapshot,3,3,3,3,1.0,1.0,0.0,0.0,1.0,1.0,0.0,0.0,1.0,1.0,0.0,0.0
instrument,5000,layer-direct-remove,svg_symbol_scale_writes,count,instrumentation_or_snapshot,3,3,3,3,0.0,0.0,0.0,,0.0,0.0,0.0,,0.0,0.0,0.0,
instrument,5000,layer-direct-remove,svg_viewbox_writes,count,instrumentation_or_snapshot,3,3,3,3,0.0,0.0,0.0,,0.0,0.0,0.0,,0.0,0.0,0.0,
instrument,5000,layer-direct-remove,visible_layers,count,instrumentation_or_snapshot,3,3,3,3,5.0,5.0,0.0,0.0,5.0,5.0,0.0,0.0,5.0,5.0,0.0,0.0
instrument,5000,layer-direct-remove,visible_point_symbols,count,instrumentation_or_snapshot,3,3,3,3,2477.0,2477.0,0.0,0.0,2477.0,2477.0,0.0,0.0,2477.0,2477.0,0.0,0.0
instrument,5000,layer-direct-remove,visible_polygon_paths,count,instrumentation_or_snapshot,3,3,3,3,453.0,453.0,0.0,0.0,453.0,453.0,0.0,0.0,453.0,453.0,0.0,0.0
instrument,5000,layer-direct-remove,visible_route_fragments,count,instrumentation_or_snapshot,3,3,3,3,996.0,996.0,0.0,0.0,996.0,996.0,0.0,0.0,996.0,996.0,0.0,0.0
instrument,5000,load,appearances_all_layers,count,instrumentation_or_snapshot,3,3,3,3,13411.0,13411.0,0.0,0.0,13411.0,13411.0,0.0,0.0,13411.0,13411.0,0.0,0.0
instrument,5000,load,appearances_visible_layers,count,instrumentation_or_snapshot,3,3,3,3,13411.0,13411.0,0.0,0.0,13411.0,13411.0,0.0,0.0,13411.0,13411.0,0.0,0.0
instrument,5000,load,layers,count,instrumentation_or_snapshot,3,3,3,3,13.0,13.0,0.0,0.0,13.0,13.0,0.0,0.0,13.0,13.0,0.0,0.0
instrument,5000,load,load_call_sync_ms,ms,diagnostic_instrumented_timing,3,3,3,3,104.20000004768372,109.10000014305115,4.900000095367432,4.702495290907013,109.79999995231628,116.29999995231628,6.5,5.9198542830808805,109.79999995231628,116.29999995231628,6.5,5.9198542830808805
instrument,5000,load,load_promise_ms,ms,diagnostic_instrumented_timing,3,3,3,3,135.5,140.0,4.5,3.3210332103321036,139.40000009536743,154.40000009536743,15.0,10.760401714302784,139.40000009536743,154.40000009536743,15.0,10.760401714302784
instrument,5000,load,operation_to_two_raf_ms,ms,diagnostic_instrumented_timing,3,3,3,3,232.70000004768372,255.70000004768372,23.0,9.883970775800153,233.80000019073486,272.7999999523163,38.99999976158142,16.680923750968812,233.80000019073486,272.7999999523163,38.99999976158142,16.680923750968812
instrument,5000,load,post_sync_svg_delivery_ms,ms,diagnostic_instrumented_timing,3,3,3,3,85.79999995231628,94.29999995231628,8.5,9.906759912265631,87.90000009536743,103.5,15.599999904632568,17.74744014528702,87.90000009536743,103.5,15.599999904632568,17.74744014528702
instrument,5000,load,raf_interval_ms,ms,diagnostic_instrumented_timing,3,3,3,3,83.39999999999418,83.30000000000291,-0.09999999999126885,-0.11990407672814848,83.40000000000146,99.90000000000146,16.5,19.78417266187016,83.40000000000146,99.90000000000146,16.5,19.78417266187016
instrument,5000,load,renderer_callbacks,count,instrumentation_or_snapshot,3,3,3,3,1.0,1.0,0.0,0.0,1.0,1.0,0.0,0.0,1.0,1.0,0.0,0.0
instrument,5000,load,renderer_changed_entries,count,instrumentation_or_snapshot,3,3,3,3,13411.0,13411.0,0.0,0.0,13411.0,13411.0,0.0,0.0,13411.0,13411.0,0.0,0.0
instrument,5000,load,renderer_composition_changes,count,instrumentation_or_snapshot,3,3,3,3,0.0,0.0,0.0,,0.0,0.0,0.0,,0.0,0.0,0.0,
instrument,5000,load,renderer_entries_exposed,count,instrumentation_or_snapshot,3,3,3,3,26822.0,26822.0,0.0,0.0,26822.0,26822.0,0.0,0.0,26822.0,26822.0,0.0,0.0
instrument,5000,load,renderer_scene_reads,count,instrumentation_or_snapshot,3,3,3,3,2.0,2.0,0.0,0.0,2.0,2.0,0.0,0.0,2.0,2.0,0.0,0.0
instrument,5000,load,root_iterator_creations,count,instrumentation_or_snapshot,3,3,3,3,2.0,2.0,0.0,0.0,2.0,2.0,0.0,0.0,2.0,2.0,0.0,0.0
instrument,5000,load,root_iterator_next_calls,count,instrumentation_or_snapshot,3,3,3,3,10002.0,10002.0,0.0,0.0,10002.0,10002.0,0.0,0.0,10002.0,10002.0,0.0,0.0
instrument,5000,load,runtime_baseZ_getter_reads,count,instrumentation_or_snapshot,3,3,3,3,11844.0,11844.0,0.0,0.0,11844.0,11844.0,0.0,0.0,11844.0,11844.0,0.0,0.0
instrument,5000,load,runtime_contour_getter_reads,count,instrumentation_or_snapshot,3,3,3,3,11856.0,11856.0,0.0,0.0,11856.0,11856.0,0.0,0.0,11856.0,11856.0,0.0,0.0
instrument,5000,load,runtime_height_getter_reads,count,instrumentation_or_snapshot,3,3,3,3,11844.0,11844.0,0.0,0.0,11844.0,11844.0,0.0,0.0,11844.0,11844.0,0.0,0.0
instrument,5000,load,runtime_points_getter_reads,count,instrumentation_or_snapshot,3,3,3,3,15920.0,15920.0,0.0,0.0,15920.0,15920.0,0.0,0.0,15920.0,15920.0,0.0,0.0
instrument,5000,load,shadow_all_nodes,count,instrumentation_or_snapshot,3,3,3,3,26841.0,26841.0,0.0,0.0,26841.0,26841.0,0.0,0.0,26841.0,26841.0,0.0,0.0
instrument,5000,load,shadow_element_nodes,count,instrumentation_or_snapshot,3,3,3,3,26838.0,26838.0,0.0,0.0,26838.0,26838.0,0.0,0.0,26838.0,26838.0,0.0,0.0
instrument,5000,load,svg_attribute_writes,count,instrumentation_or_snapshot,3,3,3,3,123170.0,123170.0,0.0,0.0,123170.0,123170.0,0.0,0.0,123170.0,123170.0,0.0,0.0
instrument,5000,load,svg_element_nodes,count,instrumentation_or_snapshot,3,3,3,3,26837.0,26837.0,0.0,0.0,26837.0,26837.0,0.0,0.0,26837.0,26837.0,0.0,0.0
instrument,5000,load,svg_last_delivery_from_start_ms,ms,diagnostic_instrumented_timing,3,3,3,3,191.29999995231628,201.70000004768372,10.400000095367432,5.436487244098145,192.10000014305115,219.79999995231628,27.699999809265137,14.41957302896292,192.10000014305115,219.79999995231628,27.699999809265137,14.41957302896292
instrument,5000,load,svg_map_geometry_writes,count,instrumentation_or_snapshot,3,3,3,3,18460.0,18460.0,0.0,0.0,18460.0,18460.0,0.0,0.0,18460.0,18460.0,0.0,0.0
instrument,5000,load,svg_mutation_observed,boolean,instrumentation_or_snapshot,3,3,3,3,1.0,1.0,0.0,0.0,1.0,1.0,0.0,0.0,1.0,1.0,0.0,0.0
instrument,5000,load,svg_symbol_scale_writes,count,instrumentation_or_snapshot,3,3,3,3,7262.0,7262.0,0.0,0.0,7262.0,7262.0,0.0,0.0,7262.0,7262.0,0.0,0.0
instrument,5000,load,svg_viewbox_writes,count,instrumentation_or_snapshot,3,3,3,3,1.0,1.0,0.0,0.0,1.0,1.0,0.0,0.0,1.0,1.0,0.0,0.0
instrument,5000,load,visible_layers,count,instrumentation_or_snapshot,3,3,3,3,13.0,13.0,0.0,0.0,13.0,13.0,0.0,0.0,13.0,13.0,0.0,0.0
instrument,5000,load,visible_point_symbols,count,instrumentation_or_snapshot,3,3,3,3,7262.0,7262.0,0.0,0.0,7262.0,7262.0,0.0,0.0,7262.0,7262.0,0.0,0.0
instrument,5000,load,visible_polygon_paths,count,instrumentation_or_snapshot,3,3,3,3,1482.0,1482.0,0.0,0.0,1482.0,1482.0,0.0,0.0,1482.0,1482.0,0.0,0.0
instrument,5000,load,visible_route_fragments,count,instrumentation_or_snapshot,3,3,3,3,2984.0,2984.0,0.0,0.0,2984.0,2984.0,0.0,0.0,2984.0,2984.0,0.0,0.0
instrument,5000,pan,appearances_all_layers,count,instrumentation_or_snapshot,3,3,3,3,13411.0,13411.0,0.0,0.0,13411.0,13411.0,0.0,0.0,13411.0,13411.0,0.0,0.0
instrument,5000,pan,appearances_visible_layers,count,instrumentation_or_snapshot,3,3,3,3,4433.0,4433.0,0.0,0.0,4433.0,4433.0,0.0,0.0,4433.0,4433.0,0.0,0.0
instrument,5000,pan,camera_api_sync_ms,ms,diagnostic_instrumented_timing,72,72,3,3,0.0,0.0,0.0,,0.10000014305114746,0.10000014305114746,0.0,0.0,0.10000014305114746,0.10000014305114746,0.0,0.0
instrument,5000,pan,layers,count,instrumentation_or_snapshot,3,3,3,3,13.0,13.0,0.0,0.0,13.0,13.0,0.0,0.0,13.0,13.0,0.0,0.0
instrument,5000,pan,post_sync_svg_delivery_ms,ms,diagnostic_instrumented_timing,72,72,3,3,16.699999809265137,16.649999976158142,-0.04999983310699463,-0.29940020166500114,17.5,17.200000047683716,-0.2999999523162842,-1.714285441807338,17.700000047683716,17.59999990463257,-0.10000014305114746,-0.5649725580889692
instrument,5000,pan,raf_interval_ms,ms,diagnostic_instrumented_timing,72,72,3,3,16.69999999999709,16.69999999999709,0.0,0.0,16.70000000001164,16.70000000001164,0.0,0.0,16.80000000000291,16.80000000000291,0.0,0.0
instrument,5000,pan,renderer_callbacks,count,instrumentation_or_snapshot,3,3,3,3,24.0,24.0,0.0,0.0,24.0,24.0,0.0,0.0,24.0,24.0,0.0,0.0
instrument,5000,pan,root_iterator_creations,count,instrumentation_or_snapshot,3,3,3,3,0.0,0.0,0.0,,0.0,0.0,0.0,,0.0,0.0,0.0,
instrument,5000,pan,root_iterator_next_calls,count,instrumentation_or_snapshot,3,3,3,3,0.0,0.0,0.0,,0.0,0.0,0.0,,0.0,0.0,0.0,
instrument,5000,pan,runtime_baseZ_getter_reads,count,instrumentation_or_snapshot,3,3,3,3,0.0,0.0,0.0,,0.0,0.0,0.0,,0.0,0.0,0.0,
instrument,5000,pan,runtime_contour_getter_reads,count,instrumentation_or_snapshot,3,3,3,3,0.0,0.0,0.0,,0.0,0.0,0.0,,0.0,0.0,0.0,
instrument,5000,pan,runtime_height_getter_reads,count,instrumentation_or_snapshot,3,3,3,3,0.0,0.0,0.0,,0.0,0.0,0.0,,0.0,0.0,0.0,
instrument,5000,pan,runtime_points_getter_reads,count,instrumentation_or_snapshot,3,3,3,3,0.0,0.0,0.0,,0.0,0.0,0.0,,0.0,0.0,0.0,
instrument,5000,pan,shadow_all_nodes,count,instrumentation_or_snapshot,3,3,3,3,26841.0,26841.0,0.0,0.0,26841.0,26841.0,0.0,0.0,26841.0,26841.0,0.0,0.0
instrument,5000,pan,shadow_element_nodes,count,instrumentation_or_snapshot,3,3,3,3,26838.0,26838.0,0.0,0.0,26838.0,26838.0,0.0,0.0,26838.0,26838.0,0.0,0.0
instrument,5000,pan,svg_attribute_writes,count,instrumentation_or_snapshot,3,3,3,3,24.0,24.0,0.0,0.0,24.0,24.0,0.0,0.0,24.0,24.0,0.0,0.0
instrument,5000,pan,svg_element_nodes,count,instrumentation_or_snapshot,3,3,3,3,26837.0,26837.0,0.0,0.0,26837.0,26837.0,0.0,0.0,26837.0,26837.0,0.0,0.0
instrument,5000,pan,svg_last_delivery_from_start_ms,ms,diagnostic_instrumented_timing,72,72,3,3,16.699999809265137,16.700000047683716,2.384185791015625e-07,1.4276561785904226e-06,17.59999990463257,17.299999952316284,-0.2999999523162842,-1.7045451928515067,17.799999952316284,17.59999990463257,-0.20000004768371582,-1.1235957765139777
instrument,5000,pan,svg_map_geometry_writes,count,instrumentation_or_snapshot,3,3,3,3,0.0,0.0,0.0,,0.0,0.0,0.0,,0.0,0.0,0.0,
instrument,5000,pan,svg_symbol_scale_writes,count,instrumentation_or_snapshot,3,3,3,3,0.0,0.0,0.0,,0.0,0.0,0.0,,0.0,0.0,0.0,
instrument,5000,pan,svg_viewbox_writes,count,instrumentation_or_snapshot,3,3,3,3,24.0,24.0,0.0,0.0,24.0,24.0,0.0,0.0,24.0,24.0,0.0,0.0
instrument,5000,pan,visible_layers,count,instrumentation_or_snapshot,3,3,3,3,5.0,5.0,0.0,0.0,5.0,5.0,0.0,0.0,5.0,5.0,0.0,0.0
instrument,5000,pan,visible_point_symbols,count,instrumentation_or_snapshot,3,3,3,3,2479.0,2479.0,0.0,0.0,2479.0,2479.0,0.0,0.0,2479.0,2479.0,0.0,0.0
instrument,5000,pan,visible_polygon_paths,count,instrumentation_or_snapshot,3,3,3,3,453.0,453.0,0.0,0.0,453.0,453.0,0.0,0.0,453.0,453.0,0.0,0.0
instrument,5000,pan,visible_route_fragments,count,instrumentation_or_snapshot,3,3,3,3,996.0,996.0,0.0,0.0,996.0,996.0,0.0,0.0,996.0,996.0,0.0,0.0
instrument,5000,pick-hit,appearances_all_layers,count,instrumentation_or_snapshot,3,3,3,3,13411.0,13411.0,0.0,0.0,13411.0,13411.0,0.0,0.0,13411.0,13411.0,0.0,0.0
instrument,5000,pick-hit,appearances_visible_layers,count,instrumentation_or_snapshot,3,3,3,3,4433.0,4433.0,0.0,0.0,4433.0,4433.0,0.0,0.0,4433.0,4433.0,0.0,0.0
instrument,5000,pick-hit,layers,count,instrumentation_or_snapshot,3,3,3,3,13.0,13.0,0.0,0.0,13.0,13.0,0.0,0.0,13.0,13.0,0.0,0.0
instrument,5000,pick-hit,renderer_callbacks,count,instrumentation_or_snapshot,3,3,3,3,0.0,0.0,0.0,,0.0,0.0,0.0,,0.0,0.0,0.0,
instrument,5000,pick-hit,root_iterator_creations,count,instrumentation_or_snapshot,3,3,3,3,0.0,0.0,0.0,,0.0,0.0,0.0,,0.0,0.0,0.0,
instrument,5000,pick-hit,root_iterator_next_calls,count,instrumentation_or_snapshot,3,3,3,3,0.0,0.0,0.0,,0.0,0.0,0.0,,0.0,0.0,0.0,
instrument,5000,pick-hit,runtime_baseZ_getter_reads,count,instrumentation_or_snapshot,3,3,3,3,0.0,0.0,0.0,,0.0,0.0,0.0,,0.0,0.0,0.0,
instrument,5000,pick-hit,runtime_contour_getter_reads,count,instrumentation_or_snapshot,3,3,3,3,0.0,0.0,0.0,,0.0,0.0,0.0,,0.0,0.0,0.0,
instrument,5000,pick-hit,runtime_height_getter_reads,count,instrumentation_or_snapshot,3,3,3,3,0.0,0.0,0.0,,0.0,0.0,0.0,,0.0,0.0,0.0,
instrument,5000,pick-hit,runtime_points_getter_reads,count,instrumentation_or_snapshot,3,3,3,3,0.0,0.0,0.0,,0.0,0.0,0.0,,0.0,0.0,0.0,
instrument,5000,pick-hit,shadow_all_nodes,count,instrumentation_or_snapshot,3,3,3,3,26841.0,26841.0,0.0,0.0,26841.0,26841.0,0.0,0.0,26841.0,26841.0,0.0,0.0
instrument,5000,pick-hit,shadow_element_nodes,count,instrumentation_or_snapshot,3,3,3,3,26838.0,26838.0,0.0,0.0,26838.0,26838.0,0.0,0.0,26838.0,26838.0,0.0,0.0
instrument,5000,pick-hit,spatial_pick_sync_ms,ms,diagnostic_instrumented_timing,120,120,3,3,0.20000004768371582,0.20000004768371582,0.0,0.0,0.3000001907348633,0.3000001907348633,0.0,0.0,2.5999999046325684,3.200000047683716,0.6000001430511475,23.076929425347014
instrument,5000,pick-hit,svg_attribute_writes,count,instrumentation_or_snapshot,3,3,3,3,0.0,0.0,0.0,,0.0,0.0,0.0,,0.0,0.0,0.0,
instrument,5000,pick-hit,svg_element_nodes,count,instrumentation_or_snapshot,3,3,3,3,26837.0,26837.0,0.0,0.0,26837.0,26837.0,0.0,0.0,26837.0,26837.0,0.0,0.0
instrument,5000,pick-hit,svg_map_geometry_writes,count,instrumentation_or_snapshot,3,3,3,3,0.0,0.0,0.0,,0.0,0.0,0.0,,0.0,0.0,0.0,
instrument,5000,pick-hit,svg_symbol_scale_writes,count,instrumentation_or_snapshot,3,3,3,3,0.0,0.0,0.0,,0.0,0.0,0.0,,0.0,0.0,0.0,
instrument,5000,pick-hit,svg_viewbox_writes,count,instrumentation_or_snapshot,3,3,3,3,0.0,0.0,0.0,,0.0,0.0,0.0,,0.0,0.0,0.0,
instrument,5000,pick-hit,visible_layers,count,instrumentation_or_snapshot,3,3,3,3,5.0,5.0,0.0,0.0,5.0,5.0,0.0,0.0,5.0,5.0,0.0,0.0
instrument,5000,pick-hit,visible_point_symbols,count,instrumentation_or_snapshot,3,3,3,3,2479.0,2479.0,0.0,0.0,2479.0,2479.0,0.0,0.0,2479.0,2479.0,0.0,0.0
instrument,5000,pick-hit,visible_polygon_paths,count,instrumentation_or_snapshot,3,3,3,3,453.0,453.0,0.0,0.0,453.0,453.0,0.0,0.0,453.0,453.0,0.0,0.0
instrument,5000,pick-hit,visible_route_fragments,count,instrumentation_or_snapshot,3,3,3,3,996.0,996.0,0.0,0.0,996.0,996.0,0.0,0.0,996.0,996.0,0.0,0.0
instrument,5000,pick-miss,appearances_all_layers,count,instrumentation_or_snapshot,3,3,3,3,13411.0,13411.0,0.0,0.0,13411.0,13411.0,0.0,0.0,13411.0,13411.0,0.0,0.0
instrument,5000,pick-miss,appearances_visible_layers,count,instrumentation_or_snapshot,3,3,3,3,4433.0,4433.0,0.0,0.0,4433.0,4433.0,0.0,0.0,4433.0,4433.0,0.0,0.0
instrument,5000,pick-miss,layers,count,instrumentation_or_snapshot,3,3,3,3,13.0,13.0,0.0,0.0,13.0,13.0,0.0,0.0,13.0,13.0,0.0,0.0
instrument,5000,pick-miss,renderer_callbacks,count,instrumentation_or_snapshot,3,3,3,3,0.0,0.0,0.0,,0.0,0.0,0.0,,0.0,0.0,0.0,
instrument,5000,pick-miss,root_iterator_creations,count,instrumentation_or_snapshot,3,3,3,3,0.0,0.0,0.0,,0.0,0.0,0.0,,0.0,0.0,0.0,
instrument,5000,pick-miss,root_iterator_next_calls,count,instrumentation_or_snapshot,3,3,3,3,0.0,0.0,0.0,,0.0,0.0,0.0,,0.0,0.0,0.0,
instrument,5000,pick-miss,runtime_baseZ_getter_reads,count,instrumentation_or_snapshot,3,3,3,3,0.0,0.0,0.0,,0.0,0.0,0.0,,0.0,0.0,0.0,
instrument,5000,pick-miss,runtime_contour_getter_reads,count,instrumentation_or_snapshot,3,3,3,3,0.0,0.0,0.0,,0.0,0.0,0.0,,0.0,0.0,0.0,
instrument,5000,pick-miss,runtime_height_getter_reads,count,instrumentation_or_snapshot,3,3,3,3,0.0,0.0,0.0,,0.0,0.0,0.0,,0.0,0.0,0.0,
instrument,5000,pick-miss,runtime_points_getter_reads,count,instrumentation_or_snapshot,3,3,3,3,0.0,0.0,0.0,,0.0,0.0,0.0,,0.0,0.0,0.0,
instrument,5000,pick-miss,shadow_all_nodes,count,instrumentation_or_snapshot,3,3,3,3,26841.0,26841.0,0.0,0.0,26841.0,26841.0,0.0,0.0,26841.0,26841.0,0.0,0.0
instrument,5000,pick-miss,shadow_element_nodes,count,instrumentation_or_snapshot,3,3,3,3,26838.0,26838.0,0.0,0.0,26838.0,26838.0,0.0,0.0,26838.0,26838.0,0.0,0.0
instrument,5000,pick-miss,spatial_pick_sync_ms,ms,diagnostic_instrumented_timing,120,120,3,3,1.0,1.0,0.0,0.0,1.1000001430511475,1.2000000476837158,0.09999990463256836,9.090899238902972,1.9000000953674316,3.1000001430511475,1.2000000476837158,63.15789407640287
instrument,5000,pick-miss,svg_attribute_writes,count,instrumentation_or_snapshot,3,3,3,3,0.0,0.0,0.0,,0.0,0.0,0.0,,0.0,0.0,0.0,
instrument,5000,pick-miss,svg_element_nodes,count,instrumentation_or_snapshot,3,3,3,3,26837.0,26837.0,0.0,0.0,26837.0,26837.0,0.0,0.0,26837.0,26837.0,0.0,0.0
instrument,5000,pick-miss,svg_map_geometry_writes,count,instrumentation_or_snapshot,3,3,3,3,0.0,0.0,0.0,,0.0,0.0,0.0,,0.0,0.0,0.0,
instrument,5000,pick-miss,svg_symbol_scale_writes,count,instrumentation_or_snapshot,3,3,3,3,0.0,0.0,0.0,,0.0,0.0,0.0,,0.0,0.0,0.0,
instrument,5000,pick-miss,svg_viewbox_writes,count,instrumentation_or_snapshot,3,3,3,3,0.0,0.0,0.0,,0.0,0.0,0.0,,0.0,0.0,0.0,
instrument,5000,pick-miss,visible_layers,count,instrumentation_or_snapshot,3,3,3,3,5.0,5.0,0.0,0.0,5.0,5.0,0.0,0.0,5.0,5.0,0.0,0.0
instrument,5000,pick-miss,visible_point_symbols,count,instrumentation_or_snapshot,3,3,3,3,2479.0,2479.0,0.0,0.0,2479.0,2479.0,0.0,0.0,2479.0,2479.0,0.0,0.0
instrument,5000,pick-miss,visible_polygon_paths,count,instrumentation_or_snapshot,3,3,3,3,453.0,453.0,0.0,0.0,453.0,453.0,0.0,0.0,453.0,453.0,0.0,0.0
instrument,5000,pick-miss,visible_route_fragments,count,instrumentation_or_snapshot,3,3,3,3,996.0,996.0,0.0,0.0,996.0,996.0,0.0,0.0,996.0,996.0,0.0,0.0
instrument,5000,polygon-baseZ,appearances_all_layers,count,instrumentation_or_snapshot,3,3,3,3,13411.0,13411.0,0.0,0.0,13411.0,13411.0,0.0,0.0,13411.0,13411.0,0.0,0.0
instrument,5000,polygon-baseZ,appearances_visible_layers,count,instrumentation_or_snapshot,3,3,3,3,4432.0,4432.0,0.0,0.0,4432.0,4432.0,0.0,0.0,4432.0,4432.0,0.0,0.0
instrument,5000,polygon-baseZ,layers,count,instrumentation_or_snapshot,3,3,3,3,13.0,13.0,0.0,0.0,13.0,13.0,0.0,0.0,13.0,13.0,0.0,0.0
instrument,5000,polygon-baseZ,operation_sync_ms,ms,diagnostic_instrumented_timing,3,3,3,3,0.0,0.0,0.0,,0.40000009536743164,0.10000014305114746,-0.2999999523162842,-74.99997019768472,0.40000009536743164,0.10000014305114746,-0.2999999523162842,-74.99997019768472
instrument,5000,polygon-baseZ,operation_to_two_raf_ms,ms,diagnostic_instrumented_timing,3,3,3,3,18.59999990463257,24.100000143051147,5.500000238418579,29.56989390655176,25.700000047683716,27.100000143051147,1.4000000953674316,5.447471178092899,25.700000047683716,27.100000143051147,1.4000000953674316,5.447471178092899
instrument,5000,polygon-baseZ,post_sync_svg_delivery_ms,ms,diagnostic_instrumented_timing,3,3,3,3,14.099999904632568,20.0,5.900000095367432,41.84397259058832,17.700000047683716,20.59999990463257,2.8999998569488525,16.384179938622975,17.700000047683716,20.59999990463257,2.8999998569488525,16.384179938622975
instrument,5000,polygon-baseZ,raf_interval_ms,ms,diagnostic_instrumented_timing,3,3,3,3,16.700000000004366,16.69999999999709,-7.275957614183426e-12,-4.3568608468152835e-11,16.700000000004366,16.80000000000291,0.09999999999854481,0.5988023952007105,16.700000000004366,16.80000000000291,0.09999999999854481,0.5988023952007105
instrument,5000,polygon-baseZ,renderer_callbacks,count,instrumentation_or_snapshot,3,3,3,3,1.0,1.0,0.0,0.0,1.0,1.0,0.0,0.0,1.0,1.0,0.0,0.0
instrument,5000,polygon-baseZ,root_iterator_creations,count,instrumentation_or_snapshot,3,3,3,3,0.0,0.0,0.0,,0.0,0.0,0.0,,0.0,0.0,0.0,
instrument,5000,polygon-baseZ,root_iterator_next_calls,count,instrumentation_or_snapshot,3,3,3,3,0.0,0.0,0.0,,0.0,0.0,0.0,,0.0,0.0,0.0,
instrument,5000,polygon-baseZ,runtime_baseZ_getter_reads,count,instrumentation_or_snapshot,3,3,3,3,12.0,12.0,0.0,0.0,12.0,12.0,0.0,0.0,12.0,12.0,0.0,0.0
instrument,5000,polygon-baseZ,runtime_contour_getter_reads,count,instrumentation_or_snapshot,3,3,3,3,12.0,12.0,0.0,0.0,12.0,12.0,0.0,0.0,12.0,12.0,0.0,0.0
instrument,5000,polygon-baseZ,runtime_height_getter_reads,count,instrumentation_or_snapshot,3,3,3,3,12.0,12.0,0.0,0.0,12.0,12.0,0.0,0.0,12.0,12.0,0.0,0.0
instrument,5000,polygon-baseZ,runtime_points_getter_reads,count,instrumentation_or_snapshot,3,3,3,3,2984.0,2984.0,0.0,0.0,2984.0,2984.0,0.0,0.0,2984.0,2984.0,0.0,0.0
instrument,5000,polygon-baseZ,shadow_all_nodes,count,instrumentation_or_snapshot,3,3,3,3,26841.0,26841.0,0.0,0.0,26841.0,26841.0,0.0,0.0,26841.0,26841.0,0.0,0.0
instrument,5000,polygon-baseZ,shadow_element_nodes,count,instrumentation_or_snapshot,3,3,3,3,26838.0,26838.0,0.0,0.0,26838.0,26838.0,0.0,0.0,26838.0,26838.0,0.0,0.0
instrument,5000,polygon-baseZ,svg_attribute_writes,count,instrumentation_or_snapshot,3,3,3,3,9.0,9.0,0.0,0.0,9.0,9.0,0.0,0.0,9.0,9.0,0.0,0.0
instrument,5000,polygon-baseZ,svg_element_nodes,count,instrumentation_or_snapshot,3,3,3,3,26837.0,26837.0,0.0,0.0,26837.0,26837.0,0.0,0.0,26837.0,26837.0,0.0,0.0
instrument,5000,polygon-baseZ,svg_last_delivery_from_start_ms,ms,diagnostic_instrumented_timing,3,3,3,3,14.5,20.0,5.5,37.93103448275862,17.700000047683716,20.700000047683716,3.0,16.949152496711946,17.700000047683716,20.700000047683716,3.0,16.949152496711946
instrument,5000,polygon-baseZ,svg_map_geometry_writes,count,instrumentation_or_snapshot,3,3,3,3,1.0,1.0,0.0,0.0,1.0,1.0,0.0,0.0,1.0,1.0,0.0,0.0
instrument,5000,polygon-baseZ,svg_mutation_observed,boolean,instrumentation_or_snapshot,3,3,3,3,1.0,1.0,0.0,0.0,1.0,1.0,0.0,0.0,1.0,1.0,0.0,0.0
instrument,5000,polygon-baseZ,svg_symbol_scale_writes,count,instrumentation_or_snapshot,3,3,3,3,0.0,0.0,0.0,,0.0,0.0,0.0,,0.0,0.0,0.0,
instrument,5000,polygon-baseZ,svg_viewbox_writes,count,instrumentation_or_snapshot,3,3,3,3,0.0,0.0,0.0,,0.0,0.0,0.0,,0.0,0.0,0.0,
instrument,5000,polygon-baseZ,visible_layers,count,instrumentation_or_snapshot,3,3,3,3,5.0,5.0,0.0,0.0,5.0,5.0,0.0,0.0,5.0,5.0,0.0,0.0
instrument,5000,polygon-baseZ,visible_point_symbols,count,instrumentation_or_snapshot,3,3,3,3,2479.0,2479.0,0.0,0.0,2479.0,2479.0,0.0,0.0,2479.0,2479.0,0.0,0.0
instrument,5000,polygon-baseZ,visible_polygon_paths,count,instrumentation_or_snapshot,3,3,3,3,452.0,452.0,0.0,0.0,452.0,452.0,0.0,0.0,452.0,452.0,0.0,0.0
instrument,5000,polygon-baseZ,visible_route_fragments,count,instrumentation_or_snapshot,3,3,3,3,996.0,996.0,0.0,0.0,996.0,996.0,0.0,0.0,996.0,996.0,0.0,0.0
instrument,5000,polygon-height,appearances_all_layers,count,instrumentation_or_snapshot,3,3,3,3,13410.0,13410.0,0.0,0.0,13410.0,13410.0,0.0,0.0,13410.0,13410.0,0.0,0.0
instrument,5000,polygon-height,appearances_visible_layers,count,instrumentation_or_snapshot,3,3,3,3,4433.0,4433.0,0.0,0.0,4433.0,4433.0,0.0,0.0,4433.0,4433.0,0.0,0.0
instrument,5000,polygon-height,layers,count,instrumentation_or_snapshot,3,3,3,3,13.0,13.0,0.0,0.0,13.0,13.0,0.0,0.0,13.0,13.0,0.0,0.0
instrument,5000,polygon-height,operation_sync_ms,ms,diagnostic_instrumented_timing,3,3,3,3,0.0,0.0,0.0,,0.0,0.0,0.0,,0.0,0.0,0.0,
instrument,5000,polygon-height,operation_to_two_raf_ms,ms,diagnostic_instrumented_timing,3,3,3,3,25.299999952316284,28.59999990463257,3.299999952316284,13.043478096979838,28.5,33.0,4.5,15.789473684210526,28.5,33.0,4.5,15.789473684210526
instrument,5000,polygon-height,post_sync_svg_delivery_ms,ms,diagnostic_instrumented_timing,3,3,3,3,18.5,22.799999952316284,4.299999952316284,23.243242985493428,20.59999990463257,26.200000047683716,5.6000001430511475,27.184466839690657,20.59999990463257,26.200000047683716,5.6000001430511475,27.184466839690657
instrument,5000,polygon-height,raf_interval_ms,ms,diagnostic_instrumented_timing,3,3,3,3,16.700000000004366,16.69999999999709,-7.275957614183426e-12,-4.3568608468152835e-11,16.700000000004366,16.69999999999709,-7.275957614183426e-12,-4.3568608468152835e-11,16.700000000004366,16.69999999999709,-7.275957614183426e-12,-4.3568608468152835e-11
instrument,5000,polygon-height,renderer_callbacks,count,instrumentation_or_snapshot,3,3,3,3,1.0,1.0,0.0,0.0,1.0,1.0,0.0,0.0,1.0,1.0,0.0,0.0
instrument,5000,polygon-height,root_iterator_creations,count,instrumentation_or_snapshot,3,3,3,3,0.0,0.0,0.0,,0.0,0.0,0.0,,0.0,0.0,0.0,
instrument,5000,polygon-height,root_iterator_next_calls,count,instrumentation_or_snapshot,3,3,3,3,0.0,0.0,0.0,,0.0,0.0,0.0,,0.0,0.0,0.0,
instrument,5000,polygon-height,runtime_baseZ_getter_reads,count,instrumentation_or_snapshot,3,3,3,3,12.0,12.0,0.0,0.0,12.0,12.0,0.0,0.0,12.0,12.0,0.0,0.0
instrument,5000,polygon-height,runtime_contour_getter_reads,count,instrumentation_or_snapshot,3,3,3,3,4.0,4.0,0.0,0.0,4.0,4.0,0.0,0.0,4.0,4.0,0.0,0.0
instrument,5000,polygon-height,runtime_height_getter_reads,count,instrumentation_or_snapshot,3,3,3,3,12.0,12.0,0.0,0.0,12.0,12.0,0.0,0.0,12.0,12.0,0.0,0.0
instrument,5000,polygon-height,runtime_points_getter_reads,count,instrumentation_or_snapshot,3,3,3,3,2984.0,2984.0,0.0,0.0,2984.0,2984.0,0.0,0.0,2984.0,2984.0,0.0,0.0
instrument,5000,polygon-height,shadow_all_nodes,count,instrumentation_or_snapshot,3,3,3,3,26839.0,26839.0,0.0,0.0,26839.0,26839.0,0.0,0.0,26839.0,26839.0,0.0,0.0
instrument,5000,polygon-height,shadow_element_nodes,count,instrumentation_or_snapshot,3,3,3,3,26836.0,26836.0,0.0,0.0,26836.0,26836.0,0.0,0.0,26836.0,26836.0,0.0,0.0
instrument,5000,polygon-height,svg_attribute_writes,count,instrumentation_or_snapshot,3,3,3,3,0.0,0.0,0.0,,0.0,0.0,0.0,,0.0,0.0,0.0,
instrument,5000,polygon-height,svg_element_nodes,count,instrumentation_or_snapshot,3,3,3,3,26835.0,26835.0,0.0,0.0,26835.0,26835.0,0.0,0.0,26835.0,26835.0,0.0,0.0
instrument,5000,polygon-height,svg_last_delivery_from_start_ms,ms,diagnostic_instrumented_timing,3,3,3,3,18.5,22.799999952316284,4.299999952316284,23.243242985493428,20.59999990463257,26.200000047683716,5.6000001430511475,27.184466839690657,20.59999990463257,26.200000047683716,5.6000001430511475,27.184466839690657
instrument,5000,polygon-height,svg_map_geometry_writes,count,instrumentation_or_snapshot,3,3,3,3,0.0,0.0,0.0,,0.0,0.0,0.0,,0.0,0.0,0.0,
instrument,5000,polygon-height,svg_mutation_observed,boolean,instrumentation_or_snapshot,3,3,3,3,1.0,1.0,0.0,0.0,1.0,1.0,0.0,0.0,1.0,1.0,0.0,0.0
instrument,5000,polygon-height,svg_symbol_scale_writes,count,instrumentation_or_snapshot,3,3,3,3,0.0,0.0,0.0,,0.0,0.0,0.0,,0.0,0.0,0.0,
instrument,5000,polygon-height,svg_viewbox_writes,count,instrumentation_or_snapshot,3,3,3,3,0.0,0.0,0.0,,0.0,0.0,0.0,,0.0,0.0,0.0,
instrument,5000,polygon-height,visible_layers,count,instrumentation_or_snapshot,3,3,3,3,5.0,5.0,0.0,0.0,5.0,5.0,0.0,0.0,5.0,5.0,0.0,0.0
instrument,5000,polygon-height,visible_point_symbols,count,instrumentation_or_snapshot,3,3,3,3,2479.0,2479.0,0.0,0.0,2479.0,2479.0,0.0,0.0,2479.0,2479.0,0.0,0.0
instrument,5000,polygon-height,visible_polygon_paths,count,instrumentation_or_snapshot,3,3,3,3,453.0,453.0,0.0,0.0,453.0,453.0,0.0,0.0,453.0,453.0,0.0,0.0
instrument,5000,polygon-height,visible_route_fragments,count,instrumentation_or_snapshot,3,3,3,3,996.0,996.0,0.0,0.0,996.0,996.0,0.0,0.0,996.0,996.0,0.0,0.0
instrument,5000,polygon-vertex,appearances_all_layers,count,instrumentation_or_snapshot,3,3,3,3,13411.0,13411.0,0.0,0.0,13411.0,13411.0,0.0,0.0,13411.0,13411.0,0.0,0.0
instrument,5000,polygon-vertex,appearances_visible_layers,count,instrumentation_or_snapshot,3,3,3,3,4433.0,4433.0,0.0,0.0,4433.0,4433.0,0.0,0.0,4433.0,4433.0,0.0,0.0
instrument,5000,polygon-vertex,layers,count,instrumentation_or_snapshot,3,3,3,3,13.0,13.0,0.0,0.0,13.0,13.0,0.0,0.0,13.0,13.0,0.0,0.0
instrument,5000,polygon-vertex,operation_sync_ms,ms,diagnostic_instrumented_timing,3,3,3,3,0.0,0.09999990463256836,0.09999990463256836,,0.0,0.09999990463256836,0.09999990463256836,,0.0,0.09999990463256836,0.09999990463256836,
instrument,5000,polygon-vertex,operation_to_two_raf_ms,ms,diagnostic_instrumented_timing,3,3,3,3,28.59999990463257,28.09999990463257,-0.5,-1.7482517540813383,29.700000047683716,57.59999990463257,27.899999856948853,93.9393933069194,29.700000047683716,57.59999990463257,27.899999856948853,93.9393933069194
instrument,5000,polygon-vertex,post_sync_svg_delivery_ms,ms,diagnostic_instrumented_timing,3,3,3,3,12.099999904632568,11.5,-0.5999999046325684,-4.958676936872158,13.0,12.5,-0.5,-3.8461538461538463,13.0,12.5,-0.5,-3.8461538461538463
instrument,5000,polygon-vertex,raf_interval_ms,ms,diagnostic_instrumented_timing,3,3,3,3,16.69999999999709,16.599999999998545,-0.09999999999854481,-0.5988023952009714,16.799999999995634,16.599999999998545,-0.19999999999708962,-1.190476190459176,16.799999999995634,16.599999999998545,-0.19999999999708962,-1.190476190459176
instrument,5000,polygon-vertex,renderer_callbacks,count,instrumentation_or_snapshot,3,3,3,3,1.0,1.0,0.0,0.0,1.0,1.0,0.0,0.0,1.0,1.0,0.0,0.0
instrument,5000,polygon-vertex,root_iterator_creations,count,instrumentation_or_snapshot,3,3,3,3,0.0,0.0,0.0,,0.0,0.0,0.0,,0.0,0.0,0.0,
instrument,5000,polygon-vertex,root_iterator_next_calls,count,instrumentation_or_snapshot,3,3,3,3,0.0,0.0,0.0,,0.0,0.0,0.0,,0.0,0.0,0.0,
instrument,5000,polygon-vertex,runtime_baseZ_getter_reads,count,instrumentation_or_snapshot,3,3,3,3,12.0,12.0,0.0,0.0,12.0,12.0,0.0,0.0,12.0,12.0,0.0,0.0
instrument,5000,polygon-vertex,runtime_contour_getter_reads,count,instrumentation_or_snapshot,3,3,3,3,16.0,16.0,0.0,0.0,16.0,16.0,0.0,0.0,16.0,16.0,0.0,0.0
instrument,5000,polygon-vertex,runtime_height_getter_reads,count,instrumentation_or_snapshot,3,3,3,3,12.0,12.0,0.0,0.0,12.0,12.0,0.0,0.0,12.0,12.0,0.0,0.0
instrument,5000,polygon-vertex,runtime_points_getter_reads,count,instrumentation_or_snapshot,3,3,3,3,0.0,0.0,0.0,,0.0,0.0,0.0,,0.0,0.0,0.0,
instrument,5000,polygon-vertex,shadow_all_nodes,count,instrumentation_or_snapshot,3,3,3,3,26841.0,26841.0,0.0,0.0,26841.0,26841.0,0.0,0.0,26841.0,26841.0,0.0,0.0
instrument,5000,polygon-vertex,shadow_element_nodes,count,instrumentation_or_snapshot,3,3,3,3,26838.0,26838.0,0.0,0.0,26838.0,26838.0,0.0,0.0,26838.0,26838.0,0.0,0.0
instrument,5000,polygon-vertex,svg_attribute_writes,count,instrumentation_or_snapshot,3,3,3,3,2.0,2.0,0.0,0.0,2.0,2.0,0.0,0.0,2.0,2.0,0.0,0.0
instrument,5000,polygon-vertex,svg_element_nodes,count,instrumentation_or_snapshot,3,3,3,3,26837.0,26837.0,0.0,0.0,26837.0,26837.0,0.0,0.0,26837.0,26837.0,0.0,0.0
instrument,5000,polygon-vertex,svg_last_delivery_from_start_ms,ms,diagnostic_instrumented_timing,3,3,3,3,12.099999904632568,11.599999904632568,-0.5,-4.132231437527297,13.0,12.599999904632568,-0.40000009536743164,-3.076923810518705,13.0,12.599999904632568,-0.40000009536743164,-3.076923810518705
instrument,5000,polygon-vertex,svg_map_geometry_writes,count,instrumentation_or_snapshot,3,3,3,3,2.0,2.0,0.0,0.0,2.0,2.0,0.0,0.0,2.0,2.0,0.0,0.0
instrument,5000,polygon-vertex,svg_mutation_observed,boolean,instrumentation_or_snapshot,3,3,3,3,1.0,1.0,0.0,0.0,1.0,1.0,0.0,0.0,1.0,1.0,0.0,0.0
instrument,5000,polygon-vertex,svg_symbol_scale_writes,count,instrumentation_or_snapshot,3,3,3,3,0.0,0.0,0.0,,0.0,0.0,0.0,,0.0,0.0,0.0,
instrument,5000,polygon-vertex,svg_viewbox_writes,count,instrumentation_or_snapshot,3,3,3,3,0.0,0.0,0.0,,0.0,0.0,0.0,,0.0,0.0,0.0,
instrument,5000,polygon-vertex,visible_layers,count,instrumentation_or_snapshot,3,3,3,3,5.0,5.0,0.0,0.0,5.0,5.0,0.0,0.0,5.0,5.0,0.0,0.0
instrument,5000,polygon-vertex,visible_point_symbols,count,instrumentation_or_snapshot,3,3,3,3,2479.0,2479.0,0.0,0.0,2479.0,2479.0,0.0,0.0,2479.0,2479.0,0.0,0.0
instrument,5000,polygon-vertex,visible_polygon_paths,count,instrumentation_or_snapshot,3,3,3,3,453.0,453.0,0.0,0.0,453.0,453.0,0.0,0.0,453.0,453.0,0.0,0.0
instrument,5000,polygon-vertex,visible_route_fragments,count,instrumentation_or_snapshot,3,3,3,3,996.0,996.0,0.0,0.0,996.0,996.0,0.0,0.0,996.0,996.0,0.0,0.0
instrument,5000,root-add,appearances_all_layers,count,instrumentation_or_snapshot,3,3,3,3,13412.0,13412.0,0.0,0.0,13412.0,13412.0,0.0,0.0,13412.0,13412.0,0.0,0.0
instrument,5000,root-add,appearances_visible_layers,count,instrumentation_or_snapshot,3,3,3,3,4434.0,4434.0,0.0,0.0,4434.0,4434.0,0.0,0.0,4434.0,4434.0,0.0,0.0
instrument,5000,root-add,layers,count,instrumentation_or_snapshot,3,3,3,3,13.0,13.0,0.0,0.0,13.0,13.0,0.0,0.0,13.0,13.0,0.0,0.0
instrument,5000,root-add,operation_sync_ms,ms,diagnostic_instrumented_timing,3,3,3,3,0.5,0.5,0.0,0.0,0.5,0.5,0.0,0.0,0.5,0.5,0.0,0.0
instrument,5000,root-add,operation_to_two_raf_ms,ms,diagnostic_instrumented_timing,3,3,3,3,70.30000019073486,79.0,8.699999809265137,12.37553312327266,77.40000009536743,79.59999990463257,2.1999998092651367,2.8423770110522413,77.40000009536743,79.59999990463257,2.1999998092651367,2.8423770110522413
instrument,5000,root-add,post_sync_svg_delivery_ms,ms,diagnostic_instrumented_timing,3,3,3,3,65.90000009536743,74.0,8.099999904632568,12.29135036860489,72.40000009536743,74.29999995231628,1.8999998569488525,2.624309191223918,72.40000009536743,74.29999995231628,1.8999998569488525,2.624309191223918
instrument,5000,root-add,raf_interval_ms,ms,diagnostic_instrumented_timing,3,3,3,3,49.900000000001455,66.60000000000582,16.700000000004366,33.46693386774324,50.0,66.69999999999709,16.69999999999709,33.39999999999418,50.0,66.69999999999709,16.69999999999709,33.39999999999418
instrument,5000,root-add,renderer_callbacks,count,instrumentation_or_snapshot,3,3,3,3,1.0,1.0,0.0,0.0,1.0,1.0,0.0,0.0,1.0,1.0,0.0,0.0
instrument,5000,root-add,root_iterator_creations,count,instrumentation_or_snapshot,3,3,3,3,2.0,2.0,0.0,0.0,2.0,2.0,0.0,0.0,2.0,2.0,0.0,0.0
instrument,5000,root-add,root_iterator_next_calls,count,instrumentation_or_snapshot,3,3,3,3,10003.0,10003.0,0.0,0.0,10003.0,10003.0,0.0,0.0,10003.0,10003.0,0.0,0.0
instrument,5000,root-add,runtime_baseZ_getter_reads,count,instrumentation_or_snapshot,3,3,3,3,11844.0,11844.0,0.0,0.0,11844.0,11844.0,0.0,0.0,11844.0,11844.0,0.0,0.0
instrument,5000,root-add,runtime_contour_getter_reads,count,instrumentation_or_snapshot,3,3,3,3,5928.0,5928.0,0.0,0.0,5928.0,5928.0,0.0,0.0,5928.0,5928.0,0.0,0.0
instrument,5000,root-add,runtime_height_getter_reads,count,instrumentation_or_snapshot,3,3,3,3,11844.0,11844.0,0.0,0.0,11844.0,11844.0,0.0,0.0,11844.0,11844.0,0.0,0.0
instrument,5000,root-add,runtime_points_getter_reads,count,instrumentation_or_snapshot,3,3,3,3,15919.0,15919.0,0.0,0.0,15919.0,15919.0,0.0,0.0,15919.0,15919.0,0.0,0.0
instrument,5000,root-add,shadow_all_nodes,count,instrumentation_or_snapshot,3,3,3,3,26843.0,26843.0,0.0,0.0,26843.0,26843.0,0.0,0.0,26843.0,26843.0,0.0,0.0
instrument,5000,root-add,shadow_element_nodes,count,instrumentation_or_snapshot,3,3,3,3,26840.0,26840.0,0.0,0.0,26840.0,26840.0,0.0,0.0,26840.0,26840.0,0.0,0.0
instrument,5000,root-add,svg_attribute_writes,count,instrumentation_or_snapshot,3,3,3,3,8.0,8.0,0.0,0.0,8.0,8.0,0.0,0.0,8.0,8.0,0.0,0.0
instrument,5000,root-add,svg_element_nodes,count,instrumentation_or_snapshot,3,3,3,3,26839.0,26839.0,0.0,0.0,26839.0,26839.0,0.0,0.0,26839.0,26839.0,0.0,0.0
instrument,5000,root-add,svg_last_delivery_from_start_ms,ms,diagnostic_instrumented_timing,3,3,3,3,66.40000009536743,74.5,8.099999904632568,12.198795019576643,72.90000009536743,74.79999995231628,1.8999998569488525,2.6063098140785756,72.90000009536743,74.79999995231628,1.8999998569488525,2.6063098140785756
instrument,5000,root-add,svg_map_geometry_writes,count,instrumentation_or_snapshot,3,3,3,3,1.0,1.0,0.0,0.0,1.0,1.0,0.0,0.0,1.0,1.0,0.0,0.0
instrument,5000,root-add,svg_mutation_observed,boolean,instrumentation_or_snapshot,3,3,3,3,1.0,1.0,0.0,0.0,1.0,1.0,0.0,0.0,1.0,1.0,0.0,0.0
instrument,5000,root-add,svg_symbol_scale_writes,count,instrumentation_or_snapshot,3,3,3,3,1.0,1.0,0.0,0.0,1.0,1.0,0.0,0.0,1.0,1.0,0.0,0.0
instrument,5000,root-add,svg_viewbox_writes,count,instrumentation_or_snapshot,3,3,3,3,0.0,0.0,0.0,,0.0,0.0,0.0,,0.0,0.0,0.0,
instrument,5000,root-add,visible_layers,count,instrumentation_or_snapshot,3,3,3,3,5.0,5.0,0.0,0.0,5.0,5.0,0.0,0.0,5.0,5.0,0.0,0.0
instrument,5000,root-add,visible_point_symbols,count,instrumentation_or_snapshot,3,3,3,3,2480.0,2480.0,0.0,0.0,2480.0,2480.0,0.0,0.0,2480.0,2480.0,0.0,0.0
instrument,5000,root-add,visible_polygon_paths,count,instrumentation_or_snapshot,3,3,3,3,453.0,453.0,0.0,0.0,453.0,453.0,0.0,0.0,453.0,453.0,0.0,0.0
instrument,5000,root-add,visible_route_fragments,count,instrumentation_or_snapshot,3,3,3,3,996.0,996.0,0.0,0.0,996.0,996.0,0.0,0.0,996.0,996.0,0.0,0.0
instrument,5000,root-remove,appearances_all_layers,count,instrumentation_or_snapshot,3,3,3,3,13410.0,13410.0,0.0,0.0,13410.0,13410.0,0.0,0.0,13410.0,13410.0,0.0,0.0
instrument,5000,root-remove,appearances_visible_layers,count,instrumentation_or_snapshot,3,3,3,3,4432.0,4432.0,0.0,0.0,4432.0,4432.0,0.0,0.0,4432.0,4432.0,0.0,0.0
instrument,5000,root-remove,layers,count,instrumentation_or_snapshot,3,3,3,3,13.0,13.0,0.0,0.0,13.0,13.0,0.0,0.0,13.0,13.0,0.0,0.0
instrument,5000,root-remove,operation_sync_ms,ms,diagnostic_instrumented_timing,3,3,3,3,0.6000001430511475,0.5999999046325684,-2.384185791015625e-07,-3.9736420376359536e-05,0.6000001430511475,0.5999999046325684,-2.384185791015625e-07,-3.9736420376359536e-05,0.6000001430511475,0.5999999046325684,-2.384185791015625e-07,-3.9736420376359536e-05
instrument,5000,root-remove,operation_to_two_raf_ms,ms,diagnostic_instrumented_timing,3,3,3,3,71.30000019073486,77.79999995231628,6.499999761581421,9.116409178391656,87.70000004768372,84.70000004768372,-3.0,-3.4207525637045135,87.70000004768372,84.70000004768372,-3.0,-3.4207525637045135
instrument,5000,root-remove,post_sync_svg_delivery_ms,ms,diagnostic_instrumented_timing,3,3,3,3,66.70000004768372,73.20000004768372,6.5,9.745127429315085,83.5,80.0,-3.5,-4.191616766467066,83.5,80.0,-3.5,-4.191616766467066
instrument,5000,root-remove,raf_interval_ms,ms,diagnostic_instrumented_timing,3,3,3,3,50.099999999998545,66.69999999999709,16.599999999998545,33.13373253492819,66.59999999999127,66.70000000000437,0.10000000001309672,0.15015015016983457,66.59999999999127,66.70000000000437,0.10000000001309672,0.15015015016983457
instrument,5000,root-remove,renderer_callbacks,count,instrumentation_or_snapshot,3,3,3,3,1.0,1.0,0.0,0.0,1.0,1.0,0.0,0.0,1.0,1.0,0.0,0.0
instrument,5000,root-remove,root_iterator_creations,count,instrumentation_or_snapshot,3,3,3,3,2.0,2.0,0.0,0.0,2.0,2.0,0.0,0.0,2.0,2.0,0.0,0.0
instrument,5000,root-remove,root_iterator_next_calls,count,instrumentation_or_snapshot,3,3,3,3,10000.0,10000.0,0.0,0.0,10000.0,10000.0,0.0,0.0,10000.0,10000.0,0.0,0.0
instrument,5000,root-remove,runtime_baseZ_getter_reads,count,instrumentation_or_snapshot,3,3,3,3,11844.0,11844.0,0.0,0.0,11844.0,11844.0,0.0,0.0,11844.0,11844.0,0.0,0.0
instrument,5000,root-remove,runtime_contour_getter_reads,count,instrumentation_or_snapshot,3,3,3,3,5928.0,5928.0,0.0,0.0,5928.0,5928.0,0.0,0.0,5928.0,5928.0,0.0,0.0
instrument,5000,root-remove,runtime_height_getter_reads,count,instrumentation_or_snapshot,3,3,3,3,11844.0,11844.0,0.0,0.0,11844.0,11844.0,0.0,0.0,11844.0,11844.0,0.0,0.0
instrument,5000,root-remove,runtime_points_getter_reads,count,instrumentation_or_snapshot,3,3,3,3,15919.0,15919.0,0.0,0.0,15919.0,15919.0,0.0,0.0,15919.0,15919.0,0.0,0.0
instrument,5000,root-remove,shadow_all_nodes,count,instrumentation_or_snapshot,3,3,3,3,26839.0,26839.0,0.0,0.0,26839.0,26839.0,0.0,0.0,26839.0,26839.0,0.0,0.0
instrument,5000,root-remove,shadow_element_nodes,count,instrumentation_or_snapshot,3,3,3,3,26836.0,26836.0,0.0,0.0,26836.0,26836.0,0.0,0.0,26836.0,26836.0,0.0,0.0
instrument,5000,root-remove,svg_attribute_writes,count,instrumentation_or_snapshot,3,3,3,3,0.0,0.0,0.0,,0.0,0.0,0.0,,0.0,0.0,0.0,
instrument,5000,root-remove,svg_element_nodes,count,instrumentation_or_snapshot,3,3,3,3,26835.0,26835.0,0.0,0.0,26835.0,26835.0,0.0,0.0,26835.0,26835.0,0.0,0.0
instrument,5000,root-remove,svg_last_delivery_from_start_ms,ms,diagnostic_instrumented_timing,3,3,3,3,67.30000019073486,73.79999995231628,6.499999761581421,9.65824627512597,84.10000014305115,80.5,-3.6000001430511475,-4.280618474349196,84.10000014305115,80.5,-3.6000001430511475,-4.280618474349196
instrument,5000,root-remove,svg_map_geometry_writes,count,instrumentation_or_snapshot,3,3,3,3,0.0,0.0,0.0,,0.0,0.0,0.0,,0.0,0.0,0.0,
instrument,5000,root-remove,svg_mutation_observed,boolean,instrumentation_or_snapshot,3,3,3,3,1.0,1.0,0.0,0.0,1.0,1.0,0.0,0.0,1.0,1.0,0.0,0.0
instrument,5000,root-remove,svg_symbol_scale_writes,count,instrumentation_or_snapshot,3,3,3,3,0.0,0.0,0.0,,0.0,0.0,0.0,,0.0,0.0,0.0,
instrument,5000,root-remove,svg_viewbox_writes,count,instrumentation_or_snapshot,3,3,3,3,0.0,0.0,0.0,,0.0,0.0,0.0,,0.0,0.0,0.0,
instrument,5000,root-remove,visible_layers,count,instrumentation_or_snapshot,3,3,3,3,5.0,5.0,0.0,0.0,5.0,5.0,0.0,0.0,5.0,5.0,0.0,0.0
instrument,5000,root-remove,visible_point_symbols,count,instrumentation_or_snapshot,3,3,3,3,2478.0,2478.0,0.0,0.0,2478.0,2478.0,0.0,0.0,2478.0,2478.0,0.0,0.0
instrument,5000,root-remove,visible_polygon_paths,count,instrumentation_or_snapshot,3,3,3,3,453.0,453.0,0.0,0.0,453.0,453.0,0.0,0.0,453.0,453.0,0.0,0.0
instrument,5000,root-remove,visible_route_fragments,count,instrumentation_or_snapshot,3,3,3,3,996.0,996.0,0.0,0.0,996.0,996.0,0.0,0.0,996.0,996.0,0.0,0.0
instrument,5000,route-add,appearances_all_layers,count,instrumentation_or_snapshot,3,3,3,3,13415.0,13415.0,0.0,0.0,13415.0,13415.0,0.0,0.0,13415.0,13415.0,0.0,0.0
instrument,5000,route-add,appearances_visible_layers,count,instrumentation_or_snapshot,3,3,3,3,4435.0,4435.0,0.0,0.0,4435.0,4435.0,0.0,0.0,4435.0,4435.0,0.0,0.0
instrument,5000,route-add,layers,count,instrumentation_or_snapshot,3,3,3,3,13.0,13.0,0.0,0.0,13.0,13.0,0.0,0.0,13.0,13.0,0.0,0.0
instrument,5000,route-add,operation_sync_ms,ms,diagnostic_instrumented_timing,3,3,3,3,0.0,0.0,0.0,,0.09999990463256836,0.20000004768371582,0.10000014305114746,100.00023841880648,0.09999990463256836,0.20000004768371582,0.10000014305114746,100.00023841880648
instrument,5000,route-add,operation_to_two_raf_ms,ms,diagnostic_instrumented_timing,3,3,3,3,68.69999980926514,31.09999990463257,-37.59999990463257,-54.73071325913118,75.39999985694885,44.39999985694885,-31.0,-41.11405843344049,75.39999985694885,44.39999985694885,-31.0,-41.11405843344049
instrument,5000,route-add,post_sync_svg_delivery_ms,ms,diagnostic_instrumented_timing,3,3,3,3,64.59999990463257,25.899999856948853,-38.700000047683716,-59.9071209052873,71.5,39.200000047683716,-32.299999952316284,-45.17482510813466,71.5,39.200000047683716,-32.299999952316284,-45.17482510813466
instrument,5000,route-add,raf_interval_ms,ms,diagnostic_instrumented_timing,3,3,3,3,50.0,16.700000000004366,-33.299999999995634,-66.59999999999127,50.0,16.700000000004366,-33.299999999995634,-66.59999999999127,50.0,16.700000000004366,-33.299999999995634,-66.59999999999127
instrument,5000,route-add,renderer_callbacks,count,instrumentation_or_snapshot,3,3,3,3,1.0,1.0,0.0,0.0,1.0,1.0,0.0,0.0,1.0,1.0,0.0,0.0
instrument,5000,route-add,root_iterator_creations,count,instrumentation_or_snapshot,3,3,3,3,1.0,0.0,-1.0,-100.0,1.0,0.0,-1.0,-100.0,1.0,0.0,-1.0,-100.0
instrument,5000,route-add,root_iterator_next_calls,count,instrumentation_or_snapshot,3,3,3,3,5001.0,0.0,-5001.0,-100.0,5001.0,0.0,-5001.0,-100.0,5001.0,0.0,-5001.0,-100.0
instrument,5000,route-add,runtime_baseZ_getter_reads,count,instrumentation_or_snapshot,3,3,3,3,11844.0,0.0,-11844.0,-100.0,11844.0,0.0,-11844.0,-100.0,11844.0,0.0,-11844.0,-100.0
instrument,5000,route-add,runtime_contour_getter_reads,count,instrumentation_or_snapshot,3,3,3,3,5928.0,0.0,-5928.0,-100.0,5928.0,0.0,-5928.0,-100.0,5928.0,0.0,-5928.0,-100.0
instrument,5000,route-add,runtime_height_getter_reads,count,instrumentation_or_snapshot,3,3,3,3,11844.0,0.0,-11844.0,-100.0,11844.0,0.0,-11844.0,-100.0,11844.0,0.0,-11844.0,-100.0
instrument,5000,route-add,runtime_points_getter_reads,count,instrumentation_or_snapshot,3,3,3,3,15922.0,3994.0,-11928.0,-74.91521165682703,15922.0,3994.0,-11928.0,-74.91521165682703,15922.0,3994.0,-11928.0,-74.91521165682703
instrument,5000,route-add,shadow_all_nodes,count,instrumentation_or_snapshot,3,3,3,3,26849.0,26849.0,0.0,0.0,26849.0,26849.0,0.0,0.0,26849.0,26849.0,0.0,0.0
instrument,5000,route-add,shadow_element_nodes,count,instrumentation_or_snapshot,3,3,3,3,26846.0,26846.0,0.0,0.0,26846.0,26846.0,0.0,0.0,26846.0,26846.0,0.0,0.0
instrument,5000,route-add,svg_attribute_writes,count,instrumentation_or_snapshot,3,3,3,3,38.0,38.0,0.0,0.0,38.0,38.0,0.0,0.0,38.0,38.0,0.0,0.0
instrument,5000,route-add,svg_element_nodes,count,instrumentation_or_snapshot,3,3,3,3,26845.0,26845.0,0.0,0.0,26845.0,26845.0,0.0,0.0,26845.0,26845.0,0.0,0.0
instrument,5000,route-add,svg_last_delivery_from_start_ms,ms,diagnostic_instrumented_timing,3,3,3,3,64.69999980926514,25.899999856948853,-38.799999952316284,-59.96908820200656,71.5,39.200000047683716,-32.299999952316284,-45.17482510813466,71.5,39.200000047683716,-32.299999952316284,-45.17482510813466
instrument,5000,route-add,svg_map_geometry_writes,count,instrumentation_or_snapshot,3,3,3,3,4.0,4.0,0.0,0.0,4.0,4.0,0.0,0.0,4.0,4.0,0.0,0.0
instrument,5000,route-add,svg_mutation_observed,boolean,instrumentation_or_snapshot,3,3,3,3,1.0,1.0,0.0,0.0,1.0,1.0,0.0,0.0,1.0,1.0,0.0,0.0
instrument,5000,route-add,svg_symbol_scale_writes,count,instrumentation_or_snapshot,3,3,3,3,1.0,1.0,0.0,0.0,1.0,1.0,0.0,0.0,1.0,1.0,0.0,0.0
instrument,5000,route-add,svg_viewbox_writes,count,instrumentation_or_snapshot,3,3,3,3,0.0,0.0,0.0,,0.0,0.0,0.0,,0.0,0.0,0.0,
instrument,5000,route-add,visible_layers,count,instrumentation_or_snapshot,3,3,3,3,5.0,5.0,0.0,0.0,5.0,5.0,0.0,0.0,5.0,5.0,0.0,0.0
instrument,5000,route-add,visible_point_symbols,count,instrumentation_or_snapshot,3,3,3,3,2480.0,2480.0,0.0,0.0,2480.0,2480.0,0.0,0.0,2480.0,2480.0,0.0,0.0
instrument,5000,route-add,visible_polygon_paths,count,instrumentation_or_snapshot,3,3,3,3,453.0,453.0,0.0,0.0,453.0,453.0,0.0,0.0,453.0,453.0,0.0,0.0
instrument,5000,route-add,visible_route_fragments,count,instrumentation_or_snapshot,3,3,3,3,997.0,997.0,0.0,0.0,997.0,997.0,0.0,0.0,997.0,997.0,0.0,0.0
instrument,5000,route-insert,appearances_all_layers,count,instrumentation_or_snapshot,3,3,3,3,13412.0,13412.0,0.0,0.0,13412.0,13412.0,0.0,0.0,13412.0,13412.0,0.0,0.0
instrument,5000,route-insert,appearances_visible_layers,count,instrumentation_or_snapshot,3,3,3,3,4434.0,4434.0,0.0,0.0,4434.0,4434.0,0.0,0.0,4434.0,4434.0,0.0,0.0
instrument,5000,route-insert,layers,count,instrumentation_or_snapshot,3,3,3,3,13.0,13.0,0.0,0.0,13.0,13.0,0.0,0.0,13.0,13.0,0.0,0.0
instrument,5000,route-insert,operation_sync_ms,ms,diagnostic_instrumented_timing,3,3,3,3,0.0,0.09999990463256836,0.09999990463256836,,0.09999990463256836,0.10000014305114746,2.384185791015625e-07,0.00023841880647545478,0.09999990463256836,0.10000014305114746,2.384185791015625e-07,0.00023841880647545478
instrument,5000,route-insert,operation_to_two_raf_ms,ms,diagnostic_instrumented_timing,3,3,3,3,71.89999985694885,32.799999952316284,-39.09999990463257,-54.381084815612425,75.0,36.200000047683716,-38.799999952316284,-51.73333326975504,75.0,36.200000047683716,-38.799999952316284,-51.73333326975504
instrument,5000,route-insert,post_sync_svg_delivery_ms,ms,diagnostic_instrumented_timing,3,3,3,3,68.0,22.799999952316284,-45.200000047683716,-66.47058830541724,71.10000014305115,32.09999990463257,-39.00000023841858,-54.852320900072726,71.10000014305115,32.09999990463257,-39.00000023841858,-54.852320900072726
instrument,5000,route-insert,raf_interval_ms,ms,diagnostic_instrumented_timing,3,3,3,3,50.0,16.69999999999709,-33.30000000000291,-66.60000000000582,50.0,16.700000000004366,-33.299999999995634,-66.59999999999127,50.0,16.700000000004366,-33.299999999995634,-66.59999999999127
instrument,5000,route-insert,renderer_callbacks,count,instrumentation_or_snapshot,3,3,3,3,1.0,1.0,0.0,0.0,1.0,1.0,0.0,0.0,1.0,1.0,0.0,0.0
instrument,5000,route-insert,root_iterator_creations,count,instrumentation_or_snapshot,3,3,3,3,1.0,0.0,-1.0,-100.0,1.0,0.0,-1.0,-100.0,1.0,0.0,-1.0,-100.0
instrument,5000,route-insert,root_iterator_next_calls,count,instrumentation_or_snapshot,3,3,3,3,5001.0,0.0,-5001.0,-100.0,5001.0,0.0,-5001.0,-100.0,5001.0,0.0,-5001.0,-100.0
instrument,5000,route-insert,runtime_baseZ_getter_reads,count,instrumentation_or_snapshot,3,3,3,3,11844.0,0.0,-11844.0,-100.0,11844.0,0.0,-11844.0,-100.0,11844.0,0.0,-11844.0,-100.0
instrument,5000,route-insert,runtime_contour_getter_reads,count,instrumentation_or_snapshot,3,3,3,3,5928.0,0.0,-5928.0,-100.0,5928.0,0.0,-5928.0,-100.0,5928.0,0.0,-5928.0,-100.0
instrument,5000,route-insert,runtime_height_getter_reads,count,instrumentation_or_snapshot,3,3,3,3,11844.0,0.0,-11844.0,-100.0,11844.0,0.0,-11844.0,-100.0,11844.0,0.0,-11844.0,-100.0
instrument,5000,route-insert,runtime_points_getter_reads,count,instrumentation_or_snapshot,3,3,3,3,15919.0,3991.0,-11928.0,-74.92932973176707,15919.0,3991.0,-11928.0,-74.92932973176707,15919.0,3991.0,-11928.0,-74.92932973176707
instrument,5000,route-insert,shadow_all_nodes,count,instrumentation_or_snapshot,3,3,3,3,26843.0,26843.0,0.0,0.0,26843.0,26843.0,0.0,0.0,26843.0,26843.0,0.0,0.0
instrument,5000,route-insert,shadow_element_nodes,count,instrumentation_or_snapshot,3,3,3,3,26840.0,26840.0,0.0,0.0,26840.0,26840.0,0.0,0.0,26840.0,26840.0,0.0,0.0
instrument,5000,route-insert,svg_attribute_writes,count,instrumentation_or_snapshot,3,3,3,3,9.0,9.0,0.0,0.0,9.0,9.0,0.0,0.0,9.0,9.0,0.0,0.0
instrument,5000,route-insert,svg_element_nodes,count,instrumentation_or_snapshot,3,3,3,3,26839.0,26839.0,0.0,0.0,26839.0,26839.0,0.0,0.0,26839.0,26839.0,0.0,0.0
instrument,5000,route-insert,svg_last_delivery_from_start_ms,ms,diagnostic_instrumented_timing,3,3,3,3,68.0,22.799999952316284,-45.200000047683716,-66.47058830541724,71.20000004768372,32.200000047683716,-39.0,-54.77528086219257,71.20000004768372,32.200000047683716,-39.0,-54.77528086219257
instrument,5000,route-insert,svg_map_geometry_writes,count,instrumentation_or_snapshot,3,3,3,3,2.0,2.0,0.0,0.0,2.0,2.0,0.0,0.0,2.0,2.0,0.0,0.0
instrument,5000,route-insert,svg_mutation_observed,boolean,instrumentation_or_snapshot,3,3,3,3,1.0,1.0,0.0,0.0,1.0,1.0,0.0,0.0,1.0,1.0,0.0,0.0
instrument,5000,route-insert,svg_symbol_scale_writes,count,instrumentation_or_snapshot,3,3,3,3,1.0,1.0,0.0,0.0,1.0,1.0,0.0,0.0,1.0,1.0,0.0,0.0
instrument,5000,route-insert,svg_viewbox_writes,count,instrumentation_or_snapshot,3,3,3,3,0.0,0.0,0.0,,0.0,0.0,0.0,,0.0,0.0,0.0,
instrument,5000,route-insert,visible_layers,count,instrumentation_or_snapshot,3,3,3,3,5.0,5.0,0.0,0.0,5.0,5.0,0.0,0.0,5.0,5.0,0.0,0.0
instrument,5000,route-insert,visible_point_symbols,count,instrumentation_or_snapshot,3,3,3,3,2480.0,2480.0,0.0,0.0,2480.0,2480.0,0.0,0.0,2480.0,2480.0,0.0,0.0
instrument,5000,route-insert,visible_polygon_paths,count,instrumentation_or_snapshot,3,3,3,3,453.0,453.0,0.0,0.0,453.0,453.0,0.0,0.0,453.0,453.0,0.0,0.0
instrument,5000,route-insert,visible_route_fragments,count,instrumentation_or_snapshot,3,3,3,3,996.0,996.0,0.0,0.0,996.0,996.0,0.0,0.0,996.0,996.0,0.0,0.0
instrument,5000,route-remove,appearances_all_layers,count,instrumentation_or_snapshot,3,3,3,3,13410.0,13410.0,0.0,0.0,13410.0,13410.0,0.0,0.0,13410.0,13410.0,0.0,0.0
instrument,5000,route-remove,appearances_visible_layers,count,instrumentation_or_snapshot,3,3,3,3,4433.0,4433.0,0.0,0.0,4433.0,4433.0,0.0,0.0,4433.0,4433.0,0.0,0.0
instrument,5000,route-remove,layers,count,instrumentation_or_snapshot,3,3,3,3,13.0,13.0,0.0,0.0,13.0,13.0,0.0,0.0,13.0,13.0,0.0,0.0
instrument,5000,route-remove,operation_sync_ms,ms,diagnostic_instrumented_timing,3,3,3,3,0.0,0.09999990463256836,0.09999990463256836,,0.0,0.10000014305114746,0.10000014305114746,,0.0,0.10000014305114746,0.10000014305114746,
instrument,5000,route-remove,operation_to_two_raf_ms,ms,diagnostic_instrumented_timing,3,3,3,3,64.90000009536743,32.299999952316284,-32.60000014305115,-50.23112495400156,73.19999980926514,38.799999952316284,-34.39999985694885,-46.99453544615275,73.19999980926514,38.799999952316284,-34.39999985694885,-46.99453544615275
instrument,5000,route-remove,post_sync_svg_delivery_ms,ms,diagnostic_instrumented_timing,3,3,3,3,61.80000019073486,28.799999952316284,-33.00000023841858,-53.398058473414025,70.59999990463257,36.200000047683716,-34.39999985694885,-48.72521232778589,70.59999990463257,36.200000047683716,-34.39999985694885,-48.72521232778589
instrument,5000,route-remove,raf_interval_ms,ms,diagnostic_instrumented_timing,3,3,3,3,50.0,16.69999999999709,-33.30000000000291,-66.60000000000582,50.0,16.700000000004366,-33.299999999995634,-66.59999999999127,50.0,16.700000000004366,-33.299999999995634,-66.59999999999127
instrument,5000,route-remove,renderer_callbacks,count,instrumentation_or_snapshot,3,3,3,3,1.0,1.0,0.0,0.0,1.0,1.0,0.0,0.0,1.0,1.0,0.0,0.0
instrument,5000,route-remove,root_iterator_creations,count,instrumentation_or_snapshot,3,3,3,3,1.0,0.0,-1.0,-100.0,1.0,0.0,-1.0,-100.0,1.0,0.0,-1.0,-100.0
instrument,5000,route-remove,root_iterator_next_calls,count,instrumentation_or_snapshot,3,3,3,3,5001.0,0.0,-5001.0,-100.0,5001.0,0.0,-5001.0,-100.0,5001.0,0.0,-5001.0,-100.0
instrument,5000,route-remove,runtime_baseZ_getter_reads,count,instrumentation_or_snapshot,3,3,3,3,11844.0,0.0,-11844.0,-100.0,11844.0,0.0,-11844.0,-100.0,11844.0,0.0,-11844.0,-100.0
instrument,5000,route-remove,runtime_contour_getter_reads,count,instrumentation_or_snapshot,3,3,3,3,5928.0,0.0,-5928.0,-100.0,5928.0,0.0,-5928.0,-100.0,5928.0,0.0,-5928.0,-100.0
instrument,5000,route-remove,runtime_height_getter_reads,count,instrumentation_or_snapshot,3,3,3,3,11844.0,0.0,-11844.0,-100.0,11844.0,0.0,-11844.0,-100.0,11844.0,0.0,-11844.0,-100.0
instrument,5000,route-remove,runtime_points_getter_reads,count,instrumentation_or_snapshot,3,3,3,3,15920.0,3992.0,-11928.0,-74.92462311557789,15920.0,3992.0,-11928.0,-74.92462311557789,15920.0,3992.0,-11928.0,-74.92462311557789
instrument,5000,route-remove,shadow_all_nodes,count,instrumentation_or_snapshot,3,3,3,3,26839.0,26839.0,0.0,0.0,26839.0,26839.0,0.0,0.0,26839.0,26839.0,0.0,0.0
instrument,5000,route-remove,shadow_element_nodes,count,instrumentation_or_snapshot,3,3,3,3,26836.0,26836.0,0.0,0.0,26836.0,26836.0,0.0,0.0,26836.0,26836.0,0.0,0.0
instrument,5000,route-remove,svg_attribute_writes,count,instrumentation_or_snapshot,3,3,3,3,1.0,1.0,0.0,0.0,1.0,1.0,0.0,0.0,1.0,1.0,0.0,0.0
instrument,5000,route-remove,svg_element_nodes,count,instrumentation_or_snapshot,3,3,3,3,26835.0,26835.0,0.0,0.0,26835.0,26835.0,0.0,0.0,26835.0,26835.0,0.0,0.0
instrument,5000,route-remove,svg_last_delivery_from_start_ms,ms,diagnostic_instrumented_timing,3,3,3,3,61.80000019073486,28.799999952316284,-33.00000023841858,-53.398058473414025,70.59999990463257,36.299999952316284,-34.299999952316284,-48.58356940318582,70.59999990463257,36.299999952316284,-34.299999952316284,-48.58356940318582
instrument,5000,route-remove,svg_map_geometry_writes,count,instrumentation_or_snapshot,3,3,3,3,1.0,1.0,0.0,0.0,1.0,1.0,0.0,0.0,1.0,1.0,0.0,0.0
instrument,5000,route-remove,svg_mutation_observed,boolean,instrumentation_or_snapshot,3,3,3,3,1.0,1.0,0.0,0.0,1.0,1.0,0.0,0.0,1.0,1.0,0.0,0.0
instrument,5000,route-remove,svg_symbol_scale_writes,count,instrumentation_or_snapshot,3,3,3,3,0.0,0.0,0.0,,0.0,0.0,0.0,,0.0,0.0,0.0,
instrument,5000,route-remove,svg_viewbox_writes,count,instrumentation_or_snapshot,3,3,3,3,0.0,0.0,0.0,,0.0,0.0,0.0,,0.0,0.0,0.0,
instrument,5000,route-remove,visible_layers,count,instrumentation_or_snapshot,3,3,3,3,5.0,5.0,0.0,0.0,5.0,5.0,0.0,0.0,5.0,5.0,0.0,0.0
instrument,5000,route-remove,visible_point_symbols,count,instrumentation_or_snapshot,3,3,3,3,2479.0,2479.0,0.0,0.0,2479.0,2479.0,0.0,0.0,2479.0,2479.0,0.0,0.0
instrument,5000,route-remove,visible_polygon_paths,count,instrumentation_or_snapshot,3,3,3,3,453.0,453.0,0.0,0.0,453.0,453.0,0.0,0.0,453.0,453.0,0.0,0.0
instrument,5000,route-remove,visible_route_fragments,count,instrumentation_or_snapshot,3,3,3,3,996.0,996.0,0.0,0.0,996.0,996.0,0.0,0.0,996.0,996.0,0.0,0.0
instrument,5000,route-replacePoints,appearances_all_layers,count,instrumentation_or_snapshot,3,3,3,3,13411.0,13411.0,0.0,0.0,13411.0,13411.0,0.0,0.0,13411.0,13411.0,0.0,0.0
instrument,5000,route-replacePoints,appearances_visible_layers,count,instrumentation_or_snapshot,3,3,3,3,4434.0,4434.0,0.0,0.0,4434.0,4434.0,0.0,0.0,4434.0,4434.0,0.0,0.0
instrument,5000,route-replacePoints,layers,count,instrumentation_or_snapshot,3,3,3,3,13.0,13.0,0.0,0.0,13.0,13.0,0.0,0.0,13.0,13.0,0.0,0.0
instrument,5000,route-replacePoints,operation_sync_ms,ms,diagnostic_instrumented_timing,3,3,3,3,0.0,0.0,0.0,,0.0,0.09999990463256836,0.09999990463256836,,0.0,0.09999990463256836,0.09999990463256836,
instrument,5000,route-replacePoints,operation_to_two_raf_ms,ms,diagnostic_instrumented_timing,3,3,3,3,65.09999990463257,30.899999856948853,-34.200000047683716,-52.534562362188296,300.5,32.09999990463257,-268.40000009536743,-89.31780369230198,300.5,32.09999990463257,-268.40000009536743,-89.31780369230198
instrument,5000,route-replacePoints,post_sync_svg_delivery_ms,ms,diagnostic_instrumented_timing,3,3,3,3,61.0,26.09999990463257,-34.90000009536743,-57.213114910438414,295.2999999523163,27.5,-267.7999999523163,-90.68743650374515,295.2999999523163,27.5,-267.7999999523163,-90.68743650374515
instrument,5000,route-replacePoints,raf_interval_ms,ms,diagnostic_instrumented_timing,3,3,3,3,50.099999999998545,16.599999999998545,-33.5,-66.8662674650718,283.3000000000029,16.599999999998545,-266.70000000000437,-94.1404871161319,283.3000000000029,16.599999999998545,-266.70000000000437,-94.1404871161319
instrument,5000,route-replacePoints,renderer_callbacks,count,instrumentation_or_snapshot,3,3,3,3,1.0,1.0,0.0,0.0,1.0,1.0,0.0,0.0,1.0,1.0,0.0,0.0
instrument,5000,route-replacePoints,root_iterator_creations,count,instrumentation_or_snapshot,3,3,3,3,1.0,0.0,-1.0,-100.0,1.0,0.0,-1.0,-100.0,1.0,0.0,-1.0,-100.0
instrument,5000,route-replacePoints,root_iterator_next_calls,count,instrumentation_or_snapshot,3,3,3,3,5001.0,0.0,-5001.0,-100.0,5001.0,0.0,-5001.0,-100.0,5001.0,0.0,-5001.0,-100.0
instrument,5000,route-replacePoints,runtime_baseZ_getter_reads,count,instrumentation_or_snapshot,3,3,3,3,11844.0,0.0,-11844.0,-100.0,11844.0,0.0,-11844.0,-100.0,11844.0,0.0,-11844.0,-100.0
instrument,5000,route-replacePoints,runtime_contour_getter_reads,count,instrumentation_or_snapshot,3,3,3,3,5928.0,0.0,-5928.0,-100.0,5928.0,0.0,-5928.0,-100.0,5928.0,0.0,-5928.0,-100.0
instrument,5000,route-replacePoints,runtime_height_getter_reads,count,instrumentation_or_snapshot,3,3,3,3,11844.0,0.0,-11844.0,-100.0,11844.0,0.0,-11844.0,-100.0,11844.0,0.0,-11844.0,-100.0
instrument,5000,route-replacePoints,runtime_points_getter_reads,count,instrumentation_or_snapshot,3,3,3,3,15919.0,3991.0,-11928.0,-74.92932973176707,15919.0,3991.0,-11928.0,-74.92932973176707,15919.0,3991.0,-11928.0,-74.92932973176707
instrument,5000,route-replacePoints,shadow_all_nodes,count,instrumentation_or_snapshot,3,3,3,3,26841.0,26841.0,0.0,0.0,26841.0,26841.0,0.0,0.0,26841.0,26841.0,0.0,0.0
instrument,5000,route-replacePoints,shadow_element_nodes,count,instrumentation_or_snapshot,3,3,3,3,26838.0,26838.0,0.0,0.0,26838.0,26838.0,0.0,0.0,26838.0,26838.0,0.0,0.0
instrument,5000,route-replacePoints,svg_attribute_writes,count,instrumentation_or_snapshot,3,3,3,3,11.0,11.0,0.0,0.0,11.0,11.0,0.0,0.0,11.0,11.0,0.0,0.0
instrument,5000,route-replacePoints,svg_element_nodes,count,instrumentation_or_snapshot,3,3,3,3,26837.0,26837.0,0.0,0.0,26837.0,26837.0,0.0,0.0,26837.0,26837.0,0.0,0.0
instrument,5000,route-replacePoints,svg_last_delivery_from_start_ms,ms,diagnostic_instrumented_timing,3,3,3,3,61.0,26.09999990463257,-34.90000009536743,-57.213114910438414,295.2999999523163,27.5,-267.7999999523163,-90.68743650374515,295.2999999523163,27.5,-267.7999999523163,-90.68743650374515
instrument,5000,route-replacePoints,svg_map_geometry_writes,count,instrumentation_or_snapshot,3,3,3,3,4.0,4.0,0.0,0.0,4.0,4.0,0.0,0.0,4.0,4.0,0.0,0.0
instrument,5000,route-replacePoints,svg_mutation_observed,boolean,instrumentation_or_snapshot,3,3,3,3,1.0,1.0,0.0,0.0,1.0,1.0,0.0,0.0,1.0,1.0,0.0,0.0
instrument,5000,route-replacePoints,svg_symbol_scale_writes,count,instrumentation_or_snapshot,3,3,3,3,1.0,1.0,0.0,0.0,1.0,1.0,0.0,0.0,1.0,1.0,0.0,0.0
instrument,5000,route-replacePoints,svg_viewbox_writes,count,instrumentation_or_snapshot,3,3,3,3,0.0,0.0,0.0,,0.0,0.0,0.0,,0.0,0.0,0.0,
instrument,5000,route-replacePoints,visible_layers,count,instrumentation_or_snapshot,3,3,3,3,5.0,5.0,0.0,0.0,5.0,5.0,0.0,0.0,5.0,5.0,0.0,0.0
instrument,5000,route-replacePoints,visible_point_symbols,count,instrumentation_or_snapshot,3,3,3,3,2480.0,2480.0,0.0,0.0,2480.0,2480.0,0.0,0.0,2480.0,2480.0,0.0,0.0
instrument,5000,route-replacePoints,visible_polygon_paths,count,instrumentation_or_snapshot,3,3,3,3,453.0,453.0,0.0,0.0,453.0,453.0,0.0,0.0,453.0,453.0,0.0,0.0
instrument,5000,route-replacePoints,visible_route_fragments,count,instrumentation_or_snapshot,3,3,3,3,996.0,996.0,0.0,0.0,996.0,996.0,0.0,0.0,996.0,996.0,0.0,0.0
instrument,5000,vertex-position,appearances_all_layers,count,instrumentation_or_snapshot,3,3,3,3,13411.0,13411.0,0.0,0.0,13411.0,13411.0,0.0,0.0,13411.0,13411.0,0.0,0.0
instrument,5000,vertex-position,appearances_visible_layers,count,instrumentation_or_snapshot,3,3,3,3,4433.0,4433.0,0.0,0.0,4433.0,4433.0,0.0,0.0,4433.0,4433.0,0.0,0.0
instrument,5000,vertex-position,layers,count,instrumentation_or_snapshot,3,3,3,3,13.0,13.0,0.0,0.0,13.0,13.0,0.0,0.0,13.0,13.0,0.0,0.0
instrument,5000,vertex-position,operation_sync_ms,ms,diagnostic_instrumented_timing,3,3,3,3,0.0,0.0,0.0,,0.10000014305114746,0.10000014305114746,0.0,0.0,0.10000014305114746,0.10000014305114746,0.0,0.0
instrument,5000,vertex-position,operation_to_two_raf_ms,ms,diagnostic_instrumented_timing,3,3,3,3,30.299999952316284,21.09999990463257,-9.200000047683716,-30.363036508785278,34.0,47.0,13.0,38.23529411764706,34.0,47.0,13.0,38.23529411764706
instrument,5000,vertex-position,post_sync_svg_delivery_ms,ms,diagnostic_instrumented_timing,3,3,3,3,13.399999856948853,8.799999952316284,-4.599999904632568,-34.32835786372894,19.700000047683716,40.40000009536743,20.700000047683716,105.07614211969295,19.700000047683716,40.40000009536743,20.700000047683716,105.07614211969295
instrument,5000,vertex-position,raf_interval_ms,ms,diagnostic_instrumented_timing,3,3,3,3,16.700000000004366,16.69999999999709,-7.275957614183426e-12,-4.3568608468152835e-11,16.700000000004366,16.69999999999709,-7.275957614183426e-12,-4.3568608468152835e-11,16.700000000004366,16.69999999999709,-7.275957614183426e-12,-4.3568608468152835e-11
instrument,5000,vertex-position,renderer_callbacks,count,instrumentation_or_snapshot,3,3,3,3,1.0,1.0,0.0,0.0,1.0,1.0,0.0,0.0,1.0,1.0,0.0,0.0
instrument,5000,vertex-position,root_iterator_creations,count,instrumentation_or_snapshot,3,3,3,3,0.0,0.0,0.0,,0.0,0.0,0.0,,0.0,0.0,0.0,
instrument,5000,vertex-position,root_iterator_next_calls,count,instrumentation_or_snapshot,3,3,3,3,0.0,0.0,0.0,,0.0,0.0,0.0,,0.0,0.0,0.0,
instrument,5000,vertex-position,runtime_baseZ_getter_reads,count,instrumentation_or_snapshot,3,3,3,3,0.0,0.0,0.0,,0.0,0.0,0.0,,0.0,0.0,0.0,
instrument,5000,vertex-position,runtime_contour_getter_reads,count,instrumentation_or_snapshot,3,3,3,3,0.0,0.0,0.0,,0.0,0.0,0.0,,0.0,0.0,0.0,
instrument,5000,vertex-position,runtime_height_getter_reads,count,instrumentation_or_snapshot,3,3,3,3,0.0,0.0,0.0,,0.0,0.0,0.0,,0.0,0.0,0.0,
instrument,5000,vertex-position,runtime_points_getter_reads,count,instrumentation_or_snapshot,3,3,3,3,13.0,13.0,0.0,0.0,13.0,13.0,0.0,0.0,13.0,13.0,0.0,0.0
instrument,5000,vertex-position,shadow_all_nodes,count,instrumentation_or_snapshot,3,3,3,3,26841.0,26841.0,0.0,0.0,26841.0,26841.0,0.0,0.0,26841.0,26841.0,0.0,0.0
instrument,5000,vertex-position,shadow_element_nodes,count,instrumentation_or_snapshot,3,3,3,3,26838.0,26838.0,0.0,0.0,26838.0,26838.0,0.0,0.0,26838.0,26838.0,0.0,0.0
instrument,5000,vertex-position,svg_attribute_writes,count,instrumentation_or_snapshot,3,3,3,3,4.0,4.0,0.0,0.0,4.0,4.0,0.0,0.0,4.0,4.0,0.0,0.0
instrument,5000,vertex-position,svg_element_nodes,count,instrumentation_or_snapshot,3,3,3,3,26837.0,26837.0,0.0,0.0,26837.0,26837.0,0.0,0.0,26837.0,26837.0,0.0,0.0
instrument,5000,vertex-position,svg_last_delivery_from_start_ms,ms,diagnostic_instrumented_timing,3,3,3,3,13.399999856948853,8.900000095367432,-4.499999761581421,-33.58208813149987,19.800000190734863,40.40000009536743,20.59999990463257,104.04040255652146,19.800000190734863,40.40000009536743,20.59999990463257,104.04040255652146
instrument,5000,vertex-position,svg_map_geometry_writes,count,instrumentation_or_snapshot,3,3,3,3,4.0,4.0,0.0,0.0,4.0,4.0,0.0,0.0,4.0,4.0,0.0,0.0
instrument,5000,vertex-position,svg_mutation_observed,boolean,instrumentation_or_snapshot,3,3,3,3,1.0,1.0,0.0,0.0,1.0,1.0,0.0,0.0,1.0,1.0,0.0,0.0
instrument,5000,vertex-position,svg_symbol_scale_writes,count,instrumentation_or_snapshot,3,3,3,3,0.0,0.0,0.0,,0.0,0.0,0.0,,0.0,0.0,0.0,
instrument,5000,vertex-position,svg_viewbox_writes,count,instrumentation_or_snapshot,3,3,3,3,0.0,0.0,0.0,,0.0,0.0,0.0,,0.0,0.0,0.0,
instrument,5000,vertex-position,visible_layers,count,instrumentation_or_snapshot,3,3,3,3,5.0,5.0,0.0,0.0,5.0,5.0,0.0,0.0,5.0,5.0,0.0,0.0
instrument,5000,vertex-position,visible_point_symbols,count,instrumentation_or_snapshot,3,3,3,3,2479.0,2479.0,0.0,0.0,2479.0,2479.0,0.0,0.0,2479.0,2479.0,0.0,0.0
instrument,5000,vertex-position,visible_polygon_paths,count,instrumentation_or_snapshot,3,3,3,3,453.0,453.0,0.0,0.0,453.0,453.0,0.0,0.0,453.0,453.0,0.0,0.0
instrument,5000,vertex-position,visible_route_fragments,count,instrumentation_or_snapshot,3,3,3,3,996.0,996.0,0.0,0.0,996.0,996.0,0.0,0.0,996.0,996.0,0.0,0.0
instrument,5000,zoom,appearances_all_layers,count,instrumentation_or_snapshot,3,3,3,3,13411.0,13411.0,0.0,0.0,13411.0,13411.0,0.0,0.0,13411.0,13411.0,0.0,0.0
instrument,5000,zoom,appearances_visible_layers,count,instrumentation_or_snapshot,3,3,3,3,4433.0,4433.0,0.0,0.0,4433.0,4433.0,0.0,0.0,4433.0,4433.0,0.0,0.0
instrument,5000,zoom,camera_api_sync_ms,ms,diagnostic_instrumented_timing,72,72,3,3,0.0,0.0,0.0,,0.10000014305114746,0.10000014305114746,0.0,0.0,0.10000014305114746,0.10000014305114746,0.0,0.0
instrument,5000,zoom,layers,count,instrumentation_or_snapshot,3,3,3,3,13.0,13.0,0.0,0.0,13.0,13.0,0.0,0.0,13.0,13.0,0.0,0.0
instrument,5000,zoom,post_sync_svg_delivery_ms,ms,diagnostic_instrumented_timing,72,72,3,3,22.699999928474426,22.649999976158142,-0.04999995231628418,-0.22026410781422623,32.799999952316284,31.5,-1.2999999523162842,-3.96341449453106,285.5,408.40000009536743,122.90000009536743,43.047285497501726
instrument,5000,zoom,raf_interval_ms,ms,diagnostic_instrumented_timing,72,72,3,3,16.700000000004366,16.700000000008004,3.637978807091713e-12,2.1784304234076417e-11,33.5,33.400000000001455,-0.09999999999854481,-0.2985074626822233,283.3999999999942,416.6999999999971,133.3000000000029,47.03599153140637
instrument,5000,zoom,renderer_callbacks,count,instrumentation_or_snapshot,3,3,3,3,24.0,24.0,0.0,0.0,24.0,24.0,0.0,0.0,24.0,24.0,0.0,0.0
instrument,5000,zoom,root_iterator_creations,count,instrumentation_or_snapshot,3,3,3,3,0.0,0.0,0.0,,0.0,0.0,0.0,,0.0,0.0,0.0,
instrument,5000,zoom,root_iterator_next_calls,count,instrumentation_or_snapshot,3,3,3,3,0.0,0.0,0.0,,0.0,0.0,0.0,,0.0,0.0,0.0,
instrument,5000,zoom,runtime_baseZ_getter_reads,count,instrumentation_or_snapshot,3,3,3,3,0.0,0.0,0.0,,0.0,0.0,0.0,,0.0,0.0,0.0,
instrument,5000,zoom,runtime_contour_getter_reads,count,instrumentation_or_snapshot,3,3,3,3,0.0,0.0,0.0,,0.0,0.0,0.0,,0.0,0.0,0.0,
instrument,5000,zoom,runtime_height_getter_reads,count,instrumentation_or_snapshot,3,3,3,3,0.0,0.0,0.0,,0.0,0.0,0.0,,0.0,0.0,0.0,
instrument,5000,zoom,runtime_points_getter_reads,count,instrumentation_or_snapshot,3,3,3,3,0.0,0.0,0.0,,0.0,0.0,0.0,,0.0,0.0,0.0,
instrument,5000,zoom,shadow_all_nodes,count,instrumentation_or_snapshot,3,3,3,3,26841.0,26841.0,0.0,0.0,26841.0,26841.0,0.0,0.0,26841.0,26841.0,0.0,0.0
instrument,5000,zoom,shadow_element_nodes,count,instrumentation_or_snapshot,3,3,3,3,26838.0,26838.0,0.0,0.0,26838.0,26838.0,0.0,0.0,26838.0,26838.0,0.0,0.0
instrument,5000,zoom,svg_attribute_writes,count,instrumentation_or_snapshot,3,3,3,3,174312.0,174312.0,0.0,0.0,174312.0,174312.0,0.0,0.0,174312.0,174312.0,0.0,0.0
instrument,5000,zoom,svg_element_nodes,count,instrumentation_or_snapshot,3,3,3,3,26837.0,26837.0,0.0,0.0,26837.0,26837.0,0.0,0.0,26837.0,26837.0,0.0,0.0
instrument,5000,zoom,svg_last_delivery_from_start_ms,ms,diagnostic_instrumented_timing,72,72,3,3,22.75,22.649999976158142,-0.10000002384185791,-0.439560544359815,32.799999952316284,31.5,-1.2999999523162842,-3.96341449453106,285.59999990463257,408.40000009536743,122.80000019073486,42.997198960693346
instrument,5000,zoom,svg_map_geometry_writes,count,instrumentation_or_snapshot,3,3,3,3,0.0,0.0,0.0,,0.0,0.0,0.0,,0.0,0.0,0.0,
instrument,5000,zoom,svg_symbol_scale_writes,count,instrumentation_or_snapshot,3,3,3,3,174288.0,174288.0,0.0,0.0,174288.0,174288.0,0.0,0.0,174288.0,174288.0,0.0,0.0
instrument,5000,zoom,svg_viewbox_writes,count,instrumentation_or_snapshot,3,3,3,3,24.0,24.0,0.0,0.0,24.0,24.0,0.0,0.0,24.0,24.0,0.0,0.0
instrument,5000,zoom,visible_layers,count,instrumentation_or_snapshot,3,3,3,3,5.0,5.0,0.0,0.0,5.0,5.0,0.0,0.0,5.0,5.0,0.0,0.0
instrument,5000,zoom,visible_point_symbols,count,instrumentation_or_snapshot,3,3,3,3,2479.0,2479.0,0.0,0.0,2479.0,2479.0,0.0,0.0,2479.0,2479.0,0.0,0.0
instrument,5000,zoom,visible_polygon_paths,count,instrumentation_or_snapshot,3,3,3,3,453.0,453.0,0.0,0.0,453.0,453.0,0.0,0.0,453.0,453.0,0.0,0.0
instrument,5000,zoom,visible_route_fragments,count,instrumentation_or_snapshot,3,3,3,3,996.0,996.0,0.0,0.0,996.0,996.0,0.0,0.0,996.0,996.0,0.0,0.0
