phase,roots,scenario,metric,unit,sample_count,repeat_count,median,p95,max
"instrument","3000","pick-hit","spatial_pick_sync_ms","ms","120","3","0.10000014305114746","0.20000004768371582","0.5"
"instrument","3000","pick-hit","svg_attribute_writes","count","3","3","0","0","0"
"instrument","3000","pick-hit","svg_map_geometry_writes","count","3","3","0","0","0"
"instrument","3000","pick-hit","svg_symbol_scale_writes","count","3","3","0","0","0"
"instrument","3000","pick-hit","svg_viewbox_writes","count","3","3","0","0","0"
"instrument","3000","pick-hit","root_iterator_creations","count","3","3","0","0","0"
"instrument","3000","pick-hit","root_iterator_next_calls","count","3","3","0","0","0"
"instrument","3000","pick-hit","runtime_points_getter_reads","count","3","3","0","0","0"
"instrument","3000","pick-hit","runtime_contour_getter_reads","count","3","3","0","0","0"
"instrument","3000","pick-hit","runtime_baseZ_getter_reads","count","3","3","0","0","0"
"instrument","3000","pick-hit","runtime_height_getter_reads","count","3","3","0","0","0"
"instrument","3000","pick-hit","renderer_scene_reads","count","3","3","0","0","0"
"instrument","3000","pick-hit","renderer_entries_exposed","count","3","3","0","0","0"
"instrument","3000","pick-hit","renderer_composition_changes","count","3","3","0","0","0"
"instrument","3000","pick-hit","renderer_changed_entries","count","3","3","0","0","0"
"instrument","3000","pick-hit","renderer_callbacks","count","3","3","0","0","0"
"instrument","3000","pick-hit","svg_element_nodes","count","3","3","16085","16085","16085"
"instrument","3000","pick-hit","shadow_element_nodes","count","3","3","16086","16086","16086"
"instrument","3000","pick-hit","shadow_all_nodes","count","3","3","16089","16089","16089"
"instrument","3000","pick-hit","appearances_all_layers","count","3","3","8035","8035","8035"
"instrument","3000","pick-hit","appearances_visible_layers","count","3","3","2659","2659","2659"
"instrument","3000","pick-hit","visible_point_symbols","count","3","3","1477","1477","1477"
"instrument","3000","pick-hit","visible_route_fragments","count","3","3","604","604","604"
"instrument","3000","pick-hit","visible_polygon_paths","count","3","3","277","277","277"
"instrument","3000","pick-hit","layers","count","3","3","13","13","13"
"instrument","3000","pick-hit","visible_layers","count","3","3","5","5","5"
"instrument","3000","pick-miss","spatial_pick_sync_ms","ms","120","3","0.5","0.6000001430511475","1.0999999046325684"
"instrument","3000","pick-miss","svg_attribute_writes","count","3","3","0","0","0"
"instrument","3000","pick-miss","svg_map_geometry_writes","count","3","3","0","0","0"
"instrument","3000","pick-miss","svg_symbol_scale_writes","count","3","3","0","0","0"
"instrument","3000","pick-miss","svg_viewbox_writes","count","3","3","0","0","0"
"instrument","3000","pick-miss","root_iterator_creations","count","3","3","0","0","0"
"instrument","3000","pick-miss","root_iterator_next_calls","count","3","3","0","0","0"
"instrument","3000","pick-miss","runtime_points_getter_reads","count","3","3","0","0","0"
"instrument","3000","pick-miss","runtime_contour_getter_reads","count","3","3","0","0","0"
"instrument","3000","pick-miss","runtime_baseZ_getter_reads","count","3","3","0","0","0"
"instrument","3000","pick-miss","runtime_height_getter_reads","count","3","3","0","0","0"
"instrument","3000","pick-miss","renderer_scene_reads","count","3","3","0","0","0"
"instrument","3000","pick-miss","renderer_entries_exposed","count","3","3","0","0","0"
"instrument","3000","pick-miss","renderer_composition_changes","count","3","3","0","0","0"
"instrument","3000","pick-miss","renderer_changed_entries","count","3","3","0","0","0"
"instrument","3000","pick-miss","renderer_callbacks","count","3","3","0","0","0"
"instrument","3000","pick-miss","svg_element_nodes","count","3","3","16085","16085","16085"
"instrument","3000","pick-miss","shadow_element_nodes","count","3","3","16086","16086","16086"
"instrument","3000","pick-miss","shadow_all_nodes","count","3","3","16089","16089","16089"
"instrument","3000","pick-miss","appearances_all_layers","count","3","3","8035","8035","8035"
"instrument","3000","pick-miss","appearances_visible_layers","count","3","3","2659","2659","2659"
"instrument","3000","pick-miss","visible_point_symbols","count","3","3","1477","1477","1477"
"instrument","3000","pick-miss","visible_route_fragments","count","3","3","604","604","604"
"instrument","3000","pick-miss","visible_polygon_paths","count","3","3","277","277","277"
"instrument","3000","pick-miss","layers","count","3","3","13","13","13"
"instrument","3000","pick-miss","visible_layers","count","3","3","5","5","5"
"instrument","3000","floor-switch","operation_sync_ms","ms","3","3","0","0","0"
"instrument","3000","floor-switch","operation_to_two_raf_ms","ms","3","3","21.200000047683716","26.90000009536743","26.90000009536743"
"instrument","3000","floor-switch","raf_interval_ms","ms","3","3","16.700000000000728","16.700000000000728","16.700000000000728"
"instrument","3000","floor-switch","svg_mutation_observed","boolean","3","3","1","1","1"
"instrument","3000","floor-switch","svg_last_delivery_from_start_ms","ms","3","3","6.599999904632568","10.900000095367432","10.900000095367432"
"instrument","3000","floor-switch","post_sync_svg_delivery_ms","ms","3","3","6.599999904632568","10.900000095367432","10.900000095367432"
"instrument","3000","floor-switch","svg_attribute_writes","count","3","3","1","1","1"
"instrument","3000","floor-switch","svg_map_geometry_writes","count","3","3","0","0","0"
"instrument","3000","floor-switch","svg_symbol_scale_writes","count","3","3","0","0","0"
"instrument","3000","floor-switch","svg_viewbox_writes","count","3","3","0","0","0"
"instrument","3000","floor-switch","root_iterator_creations","count","3","3","0","0","0"
"instrument","3000","floor-switch","root_iterator_next_calls","count","3","3","0","0","0"
"instrument","3000","floor-switch","runtime_points_getter_reads","count","3","3","0","0","0"
"instrument","3000","floor-switch","runtime_contour_getter_reads","count","3","3","0","0","0"
"instrument","3000","floor-switch","runtime_baseZ_getter_reads","count","3","3","0","0","0"
"instrument","3000","floor-switch","runtime_height_getter_reads","count","3","3","0","0","0"
"instrument","3000","floor-switch","renderer_scene_reads","count","3","3","0","0","0"
"instrument","3000","floor-switch","renderer_entries_exposed","count","3","3","0","0","0"
"instrument","3000","floor-switch","renderer_composition_changes","count","3","3","0","0","0"
"instrument","3000","floor-switch","renderer_changed_entries","count","3","3","0","0","0"
"instrument","3000","floor-switch","renderer_callbacks","count","3","3","1","1","1"
"instrument","3000","floor-switch","svg_element_nodes","count","3","3","16085","16085","16085"
"instrument","3000","floor-switch","shadow_element_nodes","count","3","3","16086","16086","16086"
"instrument","3000","floor-switch","shadow_all_nodes","count","3","3","16089","16089","16089"
"instrument","3000","floor-switch","appearances_all_layers","count","3","3","8035","8035","8035"
"instrument","3000","floor-switch","appearances_visible_layers","count","3","3","2629","2629","2629"
"instrument","3000","floor-switch","visible_point_symbols","count","3","3","1373","1373","1373"
"instrument","3000","floor-switch","visible_route_fragments","count","3","3","603","603","603"
"instrument","3000","floor-switch","visible_polygon_paths","count","3","3","302","302","302"
"instrument","3000","floor-switch","layers","count","3","3","13","13","13"
"instrument","3000","floor-switch","visible_layers","count","3","3","5","5","5"
"instrument","3000","vertex-position","operation_sync_ms","ms","3","3","0.09999990463256836","0.09999990463256836","0.09999990463256836"
"instrument","3000","vertex-position","operation_to_two_raf_ms","ms","3","3","21.5","24.700000047683716","24.700000047683716"
"instrument","3000","vertex-position","raf_interval_ms","ms","3","3","16.599999999998545","16.599999999998545","16.599999999998545"
"instrument","3000","vertex-position","svg_mutation_observed","boolean","3","3","1","1","1"
"instrument","3000","vertex-position","svg_last_delivery_from_start_ms","ms","3","3","7","7.5","7.5"
"instrument","3000","vertex-position","post_sync_svg_delivery_ms","ms","3","3","6.900000095367432","7.400000095367432","7.400000095367432"
"instrument","3000","vertex-position","svg_attribute_writes","count","3","3","4","4","4"
"instrument","3000","vertex-position","svg_map_geometry_writes","count","3","3","4","4","4"
"instrument","3000","vertex-position","svg_symbol_scale_writes","count","3","3","0","0","0"
"instrument","3000","vertex-position","svg_viewbox_writes","count","3","3","0","0","0"
"instrument","3000","vertex-position","root_iterator_creations","count","3","3","0","0","0"
"instrument","3000","vertex-position","root_iterator_next_calls","count","3","3","0","0","0"
"instrument","3000","vertex-position","runtime_points_getter_reads","count","3","3","13","13","13"
"instrument","3000","vertex-position","runtime_contour_getter_reads","count","3","3","0","0","0"
"instrument","3000","vertex-position","runtime_baseZ_getter_reads","count","3","3","0","0","0"
"instrument","3000","vertex-position","runtime_height_getter_reads","count","3","3","0","0","0"
"instrument","3000","vertex-position","renderer_scene_reads","count","3","3","0","0","0"
"instrument","3000","vertex-position","renderer_entries_exposed","count","3","3","0","0","0"
"instrument","3000","vertex-position","renderer_composition_changes","count","3","3","0","0","0"
"instrument","3000","vertex-position","renderer_changed_entries","count","3","3","0","0","0"
"instrument","3000","vertex-position","renderer_callbacks","count","3","3","1","1","1"
"instrument","3000","vertex-position","svg_element_nodes","count","3","3","16085","16085","16085"
"instrument","3000","vertex-position","shadow_element_nodes","count","3","3","16086","16086","16086"
"instrument","3000","vertex-position","shadow_all_nodes","count","3","3","16089","16089","16089"
"instrument","3000","vertex-position","appearances_all_layers","count","3","3","8035","8035","8035"
"instrument","3000","vertex-position","appearances_visible_layers","count","3","3","2659","2659","2659"
"instrument","3000","vertex-position","visible_point_symbols","count","3","3","1477","1477","1477"
"instrument","3000","vertex-position","visible_route_fragments","count","3","3","604","604","604"
"instrument","3000","vertex-position","visible_polygon_paths","count","3","3","277","277","277"
"instrument","3000","vertex-position","layers","count","3","3","13","13","13"
"instrument","3000","vertex-position","visible_layers","count","3","3","5","5","5"
"instrument","3000","route-add","operation_sync_ms","ms","3","3","0","0.10000014305114746","0.10000014305114746"
"instrument","3000","route-add","operation_to_two_raf_ms","ms","3","3","41.5","49.799999952316284","49.799999952316284"
"instrument","3000","route-add","raf_interval_ms","ms","3","3","33.30000000000291","33.399999999999636","33.399999999999636"
"instrument","3000","route-add","svg_mutation_observed","boolean","3","3","1","1","1"
"instrument","3000","route-add","svg_last_delivery_from_start_ms","ms","3","3","39","46.90000009536743","46.90000009536743"
"instrument","3000","route-add","post_sync_svg_delivery_ms","ms","3","3","39","46.799999952316284","46.799999952316284"
"instrument","3000","route-add","svg_attribute_writes","count","3","3","38","38","38"
"instrument","3000","route-add","svg_map_geometry_writes","count","3","3","4","4","4"
"instrument","3000","route-add","svg_symbol_scale_writes","count","3","3","1","1","1"
"instrument","3000","route-add","svg_viewbox_writes","count","3","3","0","0","0"
"instrument","3000","route-add","root_iterator_creations","count","3","3","1","1","1"
"instrument","3000","route-add","root_iterator_next_calls","count","3","3","3001","3001","3001"
"instrument","3000","route-add","runtime_points_getter_reads","count","3","3","9650","9650","9650"
"instrument","3000","route-add","runtime_contour_getter_reads","count","3","3","3624","3624","3624"
"instrument","3000","route-add","runtime_baseZ_getter_reads","count","3","3","7236","7236","7236"
"instrument","3000","route-add","runtime_height_getter_reads","count","3","3","7236","7236","7236"
"instrument","3000","route-add","renderer_scene_reads","count","3","3","0","0","0"
"instrument","3000","route-add","renderer_entries_exposed","count","3","3","0","0","0"
"instrument","3000","route-add","renderer_composition_changes","count","3","3","0","0","0"
"instrument","3000","route-add","renderer_changed_entries","count","3","3","0","0","0"
"instrument","3000","route-add","renderer_callbacks","count","3","3","1","1","1"
"instrument","3000","route-add","svg_element_nodes","count","3","3","16093","16093","16093"
"instrument","3000","route-add","shadow_element_nodes","count","3","3","16094","16094","16094"
"instrument","3000","route-add","shadow_all_nodes","count","3","3","16097","16097","16097"
"instrument","3000","route-add","appearances_all_layers","count","3","3","8039","8039","8039"
"instrument","3000","route-add","appearances_visible_layers","count","3","3","2661","2661","2661"
"instrument","3000","route-add","visible_point_symbols","count","3","3","1478","1478","1478"
"instrument","3000","route-add","visible_route_fragments","count","3","3","605","605","605"
"instrument","3000","route-add","visible_polygon_paths","count","3","3","277","277","277"
"instrument","3000","route-add","layers","count","3","3","13","13","13"
"instrument","3000","route-add","visible_layers","count","3","3","5","5","5"
"instrument","3000","route-insert","operation_sync_ms","ms","3","3","0","0.09999990463256836","0.09999990463256836"
"instrument","3000","route-insert","operation_to_two_raf_ms","ms","3","3","45.200000047683716","50.5","50.5"
"instrument","3000","route-insert","raf_interval_ms","ms","3","3","33.39999999999782","33.39999999999782","33.39999999999782"
"instrument","3000","route-insert","svg_mutation_observed","boolean","3","3","1","1","1"
"instrument","3000","route-insert","svg_last_delivery_from_start_ms","ms","3","3","42.799999952316284","48.30000019073486","48.30000019073486"
"instrument","3000","route-insert","post_sync_svg_delivery_ms","ms","3","3","42.700000047683716","48.30000019073486","48.30000019073486"
"instrument","3000","route-insert","svg_attribute_writes","count","3","3","9","9","9"
"instrument","3000","route-insert","svg_map_geometry_writes","count","3","3","2","2","2"
"instrument","3000","route-insert","svg_symbol_scale_writes","count","3","3","1","1","1"
"instrument","3000","route-insert","svg_viewbox_writes","count","3","3","0","0","0"
"instrument","3000","route-insert","root_iterator_creations","count","3","3","1","1","1"
"instrument","3000","route-insert","root_iterator_next_calls","count","3","3","3001","3001","3001"
"instrument","3000","route-insert","runtime_points_getter_reads","count","3","3","9647","9647","9647"
"instrument","3000","route-insert","runtime_contour_getter_reads","count","3","3","3624","3624","3624"
"instrument","3000","route-insert","runtime_baseZ_getter_reads","count","3","3","7236","7236","7236"
"instrument","3000","route-insert","runtime_height_getter_reads","count","3","3","7236","7236","7236"
"instrument","3000","route-insert","renderer_scene_reads","count","3","3","0","0","0"
"instrument","3000","route-insert","renderer_entries_exposed","count","3","3","0","0","0"
"instrument","3000","route-insert","renderer_composition_changes","count","3","3","0","0","0"
"instrument","3000","route-insert","renderer_changed_entries","count","3","3","0","0","0"
"instrument","3000","route-insert","renderer_callbacks","count","3","3","1","1","1"
"instrument","3000","route-insert","svg_element_nodes","count","3","3","16087","16087","16087"
"instrument","3000","route-insert","shadow_element_nodes","count","3","3","16088","16088","16088"
"instrument","3000","route-insert","shadow_all_nodes","count","3","3","16091","16091","16091"
"instrument","3000","route-insert","appearances_all_layers","count","3","3","8036","8036","8036"
"instrument","3000","route-insert","appearances_visible_layers","count","3","3","2660","2660","2660"
"instrument","3000","route-insert","visible_point_symbols","count","3","3","1478","1478","1478"
"instrument","3000","route-insert","visible_route_fragments","count","3","3","604","604","604"
"instrument","3000","route-insert","visible_polygon_paths","count","3","3","277","277","277"
"instrument","3000","route-insert","layers","count","3","3","13","13","13"
"instrument","3000","route-insert","visible_layers","count","3","3","5","5","5"
"instrument","3000","route-remove","operation_sync_ms","ms","3","3","0","0","0"
"instrument","3000","route-remove","operation_to_two_raf_ms","ms","3","3","50.40000009536743","54.80000019073486","54.80000019073486"
"instrument","3000","route-remove","raf_interval_ms","ms","3","3","33.30000000000291","33.399999999999636","33.399999999999636"
"instrument","3000","route-remove","svg_mutation_observed","boolean","3","3","1","1","1"
"instrument","3000","route-remove","svg_last_delivery_from_start_ms","ms","3","3","48.60000014305115","53.200000047683716","53.200000047683716"
"instrument","3000","route-remove","post_sync_svg_delivery_ms","ms","3","3","48.60000014305115","53.200000047683716","53.200000047683716"
"instrument","3000","route-remove","svg_attribute_writes","count","3","3","1","1","1"
"instrument","3000","route-remove","svg_map_geometry_writes","count","3","3","1","1","1"
"instrument","3000","route-remove","svg_symbol_scale_writes","count","3","3","0","0","0"
"instrument","3000","route-remove","svg_viewbox_writes","count","3","3","0","0","0"
"instrument","3000","route-remove","root_iterator_creations","count","3","3","1","1","1"
"instrument","3000","route-remove","root_iterator_next_calls","count","3","3","3001","3001","3001"
"instrument","3000","route-remove","runtime_points_getter_reads","count","3","3","9648","9648","9648"
"instrument","3000","route-remove","runtime_contour_getter_reads","count","3","3","3624","3624","3624"
"instrument","3000","route-remove","runtime_baseZ_getter_reads","count","3","3","7236","7236","7236"
"instrument","3000","route-remove","runtime_height_getter_reads","count","3","3","7236","7236","7236"
"instrument","3000","route-remove","renderer_scene_reads","count","3","3","0","0","0"
"instrument","3000","route-remove","renderer_entries_exposed","count","3","3","0","0","0"
"instrument","3000","route-remove","renderer_composition_changes","count","3","3","0","0","0"
"instrument","3000","route-remove","renderer_changed_entries","count","3","3","0","0","0"
"instrument","3000","route-remove","renderer_callbacks","count","3","3","1","1","1"
"instrument","3000","route-remove","svg_element_nodes","count","3","3","16083","16083","16083"
"instrument","3000","route-remove","shadow_element_nodes","count","3","3","16084","16084","16084"
"instrument","3000","route-remove","shadow_all_nodes","count","3","3","16087","16087","16087"
"instrument","3000","route-remove","appearances_all_layers","count","3","3","8034","8034","8034"
"instrument","3000","route-remove","appearances_visible_layers","count","3","3","2659","2659","2659"
"instrument","3000","route-remove","visible_point_symbols","count","3","3","1477","1477","1477"
"instrument","3000","route-remove","visible_route_fragments","count","3","3","604","604","604"
"instrument","3000","route-remove","visible_polygon_paths","count","3","3","277","277","277"
"instrument","3000","route-remove","layers","count","3","3","13","13","13"
"instrument","3000","route-remove","visible_layers","count","3","3","5","5","5"
"instrument","3000","route-replacePoints","operation_sync_ms","ms","3","3","0","0.10000014305114746","0.10000014305114746"
"instrument","3000","route-replacePoints","operation_to_two_raf_ms","ms","3","3","46.799999952316284","54.80000019073486","54.80000019073486"
"instrument","3000","route-replacePoints","raf_interval_ms","ms","3","3","33.399999999999636","50.099999999998545","50.099999999998545"
"instrument","3000","route-replacePoints","svg_mutation_observed","boolean","3","3","1","1","1"
"instrument","3000","route-replacePoints","svg_last_delivery_from_start_ms","ms","3","3","44.299999952316284","51.90000009536743","51.90000009536743"
"instrument","3000","route-replacePoints","post_sync_svg_delivery_ms","ms","3","3","44.19999980926514","51.90000009536743","51.90000009536743"
"instrument","3000","route-replacePoints","svg_attribute_writes","count","3","3","11","11","11"
"instrument","3000","route-replacePoints","svg_map_geometry_writes","count","3","3","4","4","4"
"instrument","3000","route-replacePoints","svg_symbol_scale_writes","count","3","3","1","1","1"
"instrument","3000","route-replacePoints","svg_viewbox_writes","count","3","3","0","0","0"
"instrument","3000","route-replacePoints","root_iterator_creations","count","3","3","1","1","1"
"instrument","3000","route-replacePoints","root_iterator_next_calls","count","3","3","3001","3001","3001"
"instrument","3000","route-replacePoints","runtime_points_getter_reads","count","3","3","9647","9647","9647"
"instrument","3000","route-replacePoints","runtime_contour_getter_reads","count","3","3","3624","3624","3624"
"instrument","3000","route-replacePoints","runtime_baseZ_getter_reads","count","3","3","7236","7236","7236"
"instrument","3000","route-replacePoints","runtime_height_getter_reads","count","3","3","7236","7236","7236"
"instrument","3000","route-replacePoints","renderer_scene_reads","count","3","3","0","0","0"
"instrument","3000","route-replacePoints","renderer_entries_exposed","count","3","3","0","0","0"
"instrument","3000","route-replacePoints","renderer_composition_changes","count","3","3","0","0","0"
"instrument","3000","route-replacePoints","renderer_changed_entries","count","3","3","0","0","0"
"instrument","3000","route-replacePoints","renderer_callbacks","count","3","3","1","1","1"
"instrument","3000","route-replacePoints","svg_element_nodes","count","3","3","16085","16085","16085"
"instrument","3000","route-replacePoints","shadow_element_nodes","count","3","3","16086","16086","16086"
"instrument","3000","route-replacePoints","shadow_all_nodes","count","3","3","16089","16089","16089"
"instrument","3000","route-replacePoints","appearances_all_layers","count","3","3","8035","8035","8035"
"instrument","3000","route-replacePoints","appearances_visible_layers","count","3","3","2660","2660","2660"
"instrument","3000","route-replacePoints","visible_point_symbols","count","3","3","1478","1478","1478"
"instrument","3000","route-replacePoints","visible_route_fragments","count","3","3","604","604","604"
"instrument","3000","route-replacePoints","visible_polygon_paths","count","3","3","277","277","277"
"instrument","3000","route-replacePoints","layers","count","3","3","13","13","13"
"instrument","3000","route-replacePoints","visible_layers","count","3","3","5","5","5"
"instrument","3000","polygon-vertex","operation_sync_ms","ms","3","3","0.09999990463256836","0.09999990463256836","0.09999990463256836"
"instrument","3000","polygon-vertex","operation_to_two_raf_ms","ms","3","3","24.799999952316284","34.39999985694885","34.39999985694885"
"instrument","3000","polygon-vertex","raf_interval_ms","ms","3","3","16.69999999999709","16.700000000000728","16.700000000000728"
"instrument","3000","polygon-vertex","svg_mutation_observed","boolean","3","3","1","1","1"
"instrument","3000","polygon-vertex","svg_last_delivery_from_start_ms","ms","3","3","8.599999904632568","13.899999856948853","13.899999856948853"
"instrument","3000","polygon-vertex","post_sync_svg_delivery_ms","ms","3","3","8.5","13.899999856948853","13.899999856948853"
"instrument","3000","polygon-vertex","svg_attribute_writes","count","3","3","2","2","2"
"instrument","3000","polygon-vertex","svg_map_geometry_writes","count","3","3","2","2","2"
"instrument","3000","polygon-vertex","svg_symbol_scale_writes","count","3","3","0","0","0"
"instrument","3000","polygon-vertex","svg_viewbox_writes","count","3","3","0","0","0"
"instrument","3000","polygon-vertex","root_iterator_creations","count","3","3","0","0","0"
"instrument","3000","polygon-vertex","root_iterator_next_calls","count","3","3","0","0","0"
"instrument","3000","polygon-vertex","runtime_points_getter_reads","count","3","3","0","0","0"
"instrument","3000","polygon-vertex","runtime_contour_getter_reads","count","3","3","16","16","16"
"instrument","3000","polygon-vertex","runtime_baseZ_getter_reads","count","3","3","12","12","12"
"instrument","3000","polygon-vertex","runtime_height_getter_reads","count","3","3","12","12","12"
"instrument","3000","polygon-vertex","renderer_scene_reads","count","3","3","0","0","0"
"instrument","3000","polygon-vertex","renderer_entries_exposed","count","3","3","0","0","0"
"instrument","3000","polygon-vertex","renderer_composition_changes","count","3","3","0","0","0"
"instrument","3000","polygon-vertex","renderer_changed_entries","count","3","3","0","0","0"
"instrument","3000","polygon-vertex","renderer_callbacks","count","3","3","1","1","1"
"instrument","3000","polygon-vertex","svg_element_nodes","count","3","3","16085","16085","16085"
"instrument","3000","polygon-vertex","shadow_element_nodes","count","3","3","16086","16086","16086"
"instrument","3000","polygon-vertex","shadow_all_nodes","count","3","3","16089","16089","16089"
"instrument","3000","polygon-vertex","appearances_all_layers","count","3","3","8035","8035","8035"
"instrument","3000","polygon-vertex","appearances_visible_layers","count","3","3","2659","2659","2659"
"instrument","3000","polygon-vertex","visible_point_symbols","count","3","3","1477","1477","1477"
"instrument","3000","polygon-vertex","visible_route_fragments","count","3","3","604","604","604"
"instrument","3000","polygon-vertex","visible_polygon_paths","count","3","3","277","277","277"
"instrument","3000","polygon-vertex","layers","count","3","3","13","13","13"
"instrument","3000","polygon-vertex","visible_layers","count","3","3","5","5","5"
"instrument","3000","polygon-baseZ","operation_sync_ms","ms","3","3","0","0","0"
"instrument","3000","polygon-baseZ","operation_to_two_raf_ms","ms","3","3","21","22","22"
"instrument","3000","polygon-baseZ","raf_interval_ms","ms","3","3","16.600000000002183","16.600000000002183","16.600000000002183"
"instrument","3000","polygon-baseZ","svg_mutation_observed","boolean","3","3","1","1","1"
"instrument","3000","polygon-baseZ","svg_last_delivery_from_start_ms","ms","3","3","10.700000047683716","11.700000047683716","11.700000047683716"
"instrument","3000","polygon-baseZ","post_sync_svg_delivery_ms","ms","3","3","10.700000047683716","11.700000047683716","11.700000047683716"
"instrument","3000","polygon-baseZ","svg_attribute_writes","count","3","3","9","9","9"
"instrument","3000","polygon-baseZ","svg_map_geometry_writes","count","3","3","1","1","1"
"instrument","3000","polygon-baseZ","svg_symbol_scale_writes","count","3","3","0","0","0"
"instrument","3000","polygon-baseZ","svg_viewbox_writes","count","3","3","0","0","0"
"instrument","3000","polygon-baseZ","root_iterator_creations","count","3","3","0","0","0"
"instrument","3000","polygon-baseZ","root_iterator_next_calls","count","3","3","0","0","0"
"instrument","3000","polygon-baseZ","runtime_points_getter_reads","count","3","3","1808","1808","1808"
"instrument","3000","polygon-baseZ","runtime_contour_getter_reads","count","3","3","12","12","12"
"instrument","3000","polygon-baseZ","runtime_baseZ_getter_reads","count","3","3","12","12","12"
"instrument","3000","polygon-baseZ","runtime_height_getter_reads","count","3","3","12","12","12"
"instrument","3000","polygon-baseZ","renderer_scene_reads","count","3","3","0","0","0"
"instrument","3000","polygon-baseZ","renderer_entries_exposed","count","3","3","0","0","0"
"instrument","3000","polygon-baseZ","renderer_composition_changes","count","3","3","0","0","0"
"instrument","3000","polygon-baseZ","renderer_changed_entries","count","3","3","0","0","0"
"instrument","3000","polygon-baseZ","renderer_callbacks","count","3","3","1","1","1"
"instrument","3000","polygon-baseZ","svg_element_nodes","count","3","3","16085","16085","16085"
"instrument","3000","polygon-baseZ","shadow_element_nodes","count","3","3","16086","16086","16086"
"instrument","3000","polygon-baseZ","shadow_all_nodes","count","3","3","16089","16089","16089"
"instrument","3000","polygon-baseZ","appearances_all_layers","count","3","3","8035","8035","8035"
"instrument","3000","polygon-baseZ","appearances_visible_layers","count","3","3","2658","2658","2658"
"instrument","3000","polygon-baseZ","visible_point_symbols","count","3","3","1477","1477","1477"
"instrument","3000","polygon-baseZ","visible_route_fragments","count","3","3","604","604","604"
"instrument","3000","polygon-baseZ","visible_polygon_paths","count","3","3","276","276","276"
"instrument","3000","polygon-baseZ","layers","count","3","3","13","13","13"
"instrument","3000","polygon-baseZ","visible_layers","count","3","3","5","5","5"
"instrument","3000","polygon-height","operation_sync_ms","ms","3","3","0","0","0"
"instrument","3000","polygon-height","operation_to_two_raf_ms","ms","3","3","23.800000190734863","24.09999990463257","24.09999990463257"
"instrument","3000","polygon-height","raf_interval_ms","ms","3","3","16.700000000000728","16.799999999999272","16.799999999999272"
"instrument","3000","polygon-height","svg_mutation_observed","boolean","3","3","1","1","1"
"instrument","3000","polygon-height","svg_last_delivery_from_start_ms","ms","3","3","12.599999904632568","12.600000143051147","12.600000143051147"
"instrument","3000","polygon-height","post_sync_svg_delivery_ms","ms","3","3","12.599999904632568","12.600000143051147","12.600000143051147"
"instrument","3000","polygon-height","svg_attribute_writes","count","3","3","0","0","0"
"instrument","3000","polygon-height","svg_map_geometry_writes","count","3","3","0","0","0"
"instrument","3000","polygon-height","svg_symbol_scale_writes","count","3","3","0","0","0"
"instrument","3000","polygon-height","svg_viewbox_writes","count","3","3","0","0","0"
"instrument","3000","polygon-height","root_iterator_creations","count","3","3","0","0","0"
"instrument","3000","polygon-height","root_iterator_next_calls","count","3","3","0","0","0"
"instrument","3000","polygon-height","runtime_points_getter_reads","count","3","3","1808","1808","1808"
"instrument","3000","polygon-height","runtime_contour_getter_reads","count","3","3","4","4","4"
"instrument","3000","polygon-height","runtime_baseZ_getter_reads","count","3","3","12","12","12"
"instrument","3000","polygon-height","runtime_height_getter_reads","count","3","3","12","12","12"
"instrument","3000","polygon-height","renderer_scene_reads","count","3","3","0","0","0"
"instrument","3000","polygon-height","renderer_entries_exposed","count","3","3","0","0","0"
"instrument","3000","polygon-height","renderer_composition_changes","count","3","3","0","0","0"
"instrument","3000","polygon-height","renderer_changed_entries","count","3","3","0","0","0"
"instrument","3000","polygon-height","renderer_callbacks","count","3","3","1","1","1"
"instrument","3000","polygon-height","svg_element_nodes","count","3","3","16083","16083","16083"
"instrument","3000","polygon-height","shadow_element_nodes","count","3","3","16084","16084","16084"
"instrument","3000","polygon-height","shadow_all_nodes","count","3","3","16087","16087","16087"
"instrument","3000","polygon-height","appearances_all_layers","count","3","3","8034","8034","8034"
"instrument","3000","polygon-height","appearances_visible_layers","count","3","3","2659","2659","2659"
"instrument","3000","polygon-height","visible_point_symbols","count","3","3","1477","1477","1477"
"instrument","3000","polygon-height","visible_route_fragments","count","3","3","604","604","604"
"instrument","3000","polygon-height","visible_polygon_paths","count","3","3","277","277","277"
"instrument","3000","polygon-height","layers","count","3","3","13","13","13"
"instrument","3000","polygon-height","visible_layers","count","3","3","5","5","5"
"instrument","3000","root-add","operation_sync_ms","ms","3","3","0.3000001907348633","0.39999985694885254","0.39999985694885254"
"instrument","3000","root-add","operation_to_two_raf_ms","ms","3","3","57.700000047683716","58.19999980926514","58.19999980926514"
"instrument","3000","root-add","raf_interval_ms","ms","3","3","50","50","50"
"instrument","3000","root-add","svg_mutation_observed","boolean","3","3","1","1","1"
"instrument","3000","root-add","svg_last_delivery_from_start_ms","ms","3","3","55.200000047683716","55.59999990463257","55.59999990463257"
"instrument","3000","root-add","post_sync_svg_delivery_ms","ms","3","3","54.89999985694885","55.200000047683716","55.200000047683716"
"instrument","3000","root-add","svg_attribute_writes","count","3","3","8","8","8"
"instrument","3000","root-add","svg_map_geometry_writes","count","3","3","1","1","1"
"instrument","3000","root-add","svg_symbol_scale_writes","count","3","3","1","1","1"
"instrument","3000","root-add","svg_viewbox_writes","count","3","3","0","0","0"
"instrument","3000","root-add","root_iterator_creations","count","3","3","2","2","2"
"instrument","3000","root-add","root_iterator_next_calls","count","3","3","6003","6003","6003"
"instrument","3000","root-add","runtime_points_getter_reads","count","3","3","9647","9647","9647"
"instrument","3000","root-add","runtime_contour_getter_reads","count","3","3","3624","3624","3624"
"instrument","3000","root-add","runtime_baseZ_getter_reads","count","3","3","7236","7236","7236"
"instrument","3000","root-add","runtime_height_getter_reads","count","3","3","7236","7236","7236"
"instrument","3000","root-add","renderer_scene_reads","count","3","3","0","0","0"
"instrument","3000","root-add","renderer_entries_exposed","count","3","3","0","0","0"
"instrument","3000","root-add","renderer_composition_changes","count","3","3","0","0","0"
"instrument","3000","root-add","renderer_changed_entries","count","3","3","0","0","0"
"instrument","3000","root-add","renderer_callbacks","count","3","3","1","1","1"
"instrument","3000","root-add","svg_element_nodes","count","3","3","16087","16087","16087"
"instrument","3000","root-add","shadow_element_nodes","count","3","3","16088","16088","16088"
"instrument","3000","root-add","shadow_all_nodes","count","3","3","16091","16091","16091"
"instrument","3000","root-add","appearances_all_layers","count","3","3","8036","8036","8036"
"instrument","3000","root-add","appearances_visible_layers","count","3","3","2660","2660","2660"
"instrument","3000","root-add","visible_point_symbols","count","3","3","1478","1478","1478"
"instrument","3000","root-add","visible_route_fragments","count","3","3","604","604","604"
"instrument","3000","root-add","visible_polygon_paths","count","3","3","277","277","277"
"instrument","3000","root-add","layers","count","3","3","13","13","13"
"instrument","3000","root-add","visible_layers","count","3","3","5","5","5"
"instrument","3000","root-remove","operation_sync_ms","ms","3","3","0.2999999523162842","0.3000001907348633","0.3000001907348633"
"instrument","3000","root-remove","operation_to_two_raf_ms","ms","3","3","46.299999952316284","55.5","55.5"
"instrument","3000","root-remove","raf_interval_ms","ms","3","3","33.39999999999782","50","50"
"instrument","3000","root-remove","svg_mutation_observed","boolean","3","3","1","1","1"
"instrument","3000","root-remove","svg_last_delivery_from_start_ms","ms","3","3","44.09999990463257","53.200000047683716","53.200000047683716"
"instrument","3000","root-remove","post_sync_svg_delivery_ms","ms","3","3","43.799999952316284","52.90000009536743","52.90000009536743"
"instrument","3000","root-remove","svg_attribute_writes","count","3","3","0","0","0"
"instrument","3000","root-remove","svg_map_geometry_writes","count","3","3","0","0","0"
"instrument","3000","root-remove","svg_symbol_scale_writes","count","3","3","0","0","0"
"instrument","3000","root-remove","svg_viewbox_writes","count","3","3","0","0","0"
"instrument","3000","root-remove","root_iterator_creations","count","3","3","2","2","2"
"instrument","3000","root-remove","root_iterator_next_calls","count","3","3","6000","6000","6000"
"instrument","3000","root-remove","runtime_points_getter_reads","count","3","3","9647","9647","9647"
"instrument","3000","root-remove","runtime_contour_getter_reads","count","3","3","3624","3624","3624"
"instrument","3000","root-remove","runtime_baseZ_getter_reads","count","3","3","7236","7236","7236"
"instrument","3000","root-remove","runtime_height_getter_reads","count","3","3","7236","7236","7236"
"instrument","3000","root-remove","renderer_scene_reads","count","3","3","0","0","0"
"instrument","3000","root-remove","renderer_entries_exposed","count","3","3","0","0","0"
"instrument","3000","root-remove","renderer_composition_changes","count","3","3","0","0","0"
"instrument","3000","root-remove","renderer_changed_entries","count","3","3","0","0","0"
"instrument","3000","root-remove","renderer_callbacks","count","3","3","1","1","1"
"instrument","3000","root-remove","svg_element_nodes","count","3","3","16083","16083","16083"
"instrument","3000","root-remove","shadow_element_nodes","count","3","3","16084","16084","16084"
"instrument","3000","root-remove","shadow_all_nodes","count","3","3","16087","16087","16087"
"instrument","3000","root-remove","appearances_all_layers","count","3","3","8034","8034","8034"
"instrument","3000","root-remove","appearances_visible_layers","count","3","3","2658","2658","2658"
"instrument","3000","root-remove","visible_point_symbols","count","3","3","1476","1476","1476"
"instrument","3000","root-remove","visible_route_fragments","count","3","3","604","604","604"
"instrument","3000","root-remove","visible_polygon_paths","count","3","3","277","277","277"
"instrument","3000","root-remove","layers","count","3","3","13","13","13"
"instrument","3000","root-remove","visible_layers","count","3","3","5","5","5"
"instrument","3000","layer-direct-add","operation_sync_ms","ms","3","3","0","0.09999990463256836","0.09999990463256836"
"instrument","3000","layer-direct-add","operation_to_two_raf_ms","ms","3","3","50.799999952316284","53.60000014305115","53.60000014305115"
"instrument","3000","layer-direct-add","raf_interval_ms","ms","3","3","33.29999999999927","33.30000000000291","33.30000000000291"
"instrument","3000","layer-direct-add","svg_mutation_observed","boolean","3","3","1","1","1"
"instrument","3000","layer-direct-add","svg_last_delivery_from_start_ms","ms","3","3","48.39999985694885","51.10000014305115","51.10000014305115"
"instrument","3000","layer-direct-add","post_sync_svg_delivery_ms","ms","3","3","48.299999952316284","51.10000014305115","51.10000014305115"
"instrument","3000","layer-direct-add","svg_attribute_writes","count","3","3","34","34","34"
"instrument","3000","layer-direct-add","svg_map_geometry_writes","count","3","3","4","4","4"
"instrument","3000","layer-direct-add","svg_symbol_scale_writes","count","3","3","3","3","3"
"instrument","3000","layer-direct-add","svg_viewbox_writes","count","3","3","0","0","0"
"instrument","3000","layer-direct-add","root_iterator_creations","count","3","3","1","1","1"
"instrument","3000","layer-direct-add","root_iterator_next_calls","count","3","3","3001","3001","3001"
"instrument","3000","layer-direct-add","runtime_points_getter_reads","count","3","3","9648","9648","9648"
"instrument","3000","layer-direct-add","runtime_contour_getter_reads","count","3","3","3624","3624","3624"
"instrument","3000","layer-direct-add","runtime_baseZ_getter_reads","count","3","3","7236","7236","7236"
"instrument","3000","layer-direct-add","runtime_height_getter_reads","count","3","3","7236","7236","7236"
"instrument","3000","layer-direct-add","renderer_scene_reads","count","3","3","0","0","0"
"instrument","3000","layer-direct-add","renderer_entries_exposed","count","3","3","0","0","0"
"instrument","3000","layer-direct-add","renderer_composition_changes","count","3","3","0","0","0"
"instrument","3000","layer-direct-add","renderer_changed_entries","count","3","3","0","0","0"
"instrument","3000","layer-direct-add","renderer_callbacks","count","3","3","1","1","1"
"instrument","3000","layer-direct-add","svg_element_nodes","count","3","3","16091","16091","16091"
"instrument","3000","layer-direct-add","shadow_element_nodes","count","3","3","16092","16092","16092"
"instrument","3000","layer-direct-add","shadow_all_nodes","count","3","3","16095","16095","16095"
"instrument","3000","layer-direct-add","appearances_all_layers","count","3","3","8038","8038","8038"
"instrument","3000","layer-direct-add","appearances_visible_layers","count","3","3","2662","2662","2662"
"instrument","3000","layer-direct-add","visible_point_symbols","count","3","3","1480","1480","1480"
"instrument","3000","layer-direct-add","visible_route_fragments","count","3","3","604","604","604"
"instrument","3000","layer-direct-add","visible_polygon_paths","count","3","3","277","277","277"
"instrument","3000","layer-direct-add","layers","count","3","3","13","13","13"
"instrument","3000","layer-direct-add","visible_layers","count","3","3","5","5","5"
"instrument","3000","layer-direct-remove","operation_sync_ms","ms","3","3","0","0","0"
"instrument","3000","layer-direct-remove","operation_to_two_raf_ms","ms","3","3","47.299999952316284","50","50"
"instrument","3000","layer-direct-remove","raf_interval_ms","ms","3","3","33.29999999999927","33.30000000000291","33.30000000000291"
"instrument","3000","layer-direct-remove","svg_mutation_observed","boolean","3","3","1","1","1"
"instrument","3000","layer-direct-remove","svg_last_delivery_from_start_ms","ms","3","3","44.59999990463257","47.39999985694885","47.39999985694885"
"instrument","3000","layer-direct-remove","post_sync_svg_delivery_ms","ms","3","3","44.59999990463257","47.39999985694885","47.39999985694885"
"instrument","3000","layer-direct-remove","svg_attribute_writes","count","3","3","10","10","10"
"instrument","3000","layer-direct-remove","svg_map_geometry_writes","count","3","3","1","1","1"
"instrument","3000","layer-direct-remove","svg_symbol_scale_writes","count","3","3","0","0","0"
"instrument","3000","layer-direct-remove","svg_viewbox_writes","count","3","3","0","0","0"
"instrument","3000","layer-direct-remove","root_iterator_creations","count","3","3","1","1","1"
"instrument","3000","layer-direct-remove","root_iterator_next_calls","count","3","3","3001","3001","3001"
"instrument","3000","layer-direct-remove","runtime_points_getter_reads","count","3","3","9647","9647","9647"
"instrument","3000","layer-direct-remove","runtime_contour_getter_reads","count","3","3","3624","3624","3624"
"instrument","3000","layer-direct-remove","runtime_baseZ_getter_reads","count","3","3","7236","7236","7236"
"instrument","3000","layer-direct-remove","runtime_height_getter_reads","count","3","3","7236","7236","7236"
"instrument","3000","layer-direct-remove","renderer_scene_reads","count","3","3","0","0","0"
"instrument","3000","layer-direct-remove","renderer_entries_exposed","count","3","3","0","0","0"
"instrument","3000","layer-direct-remove","renderer_composition_changes","count","3","3","0","0","0"
"instrument","3000","layer-direct-remove","renderer_changed_entries","count","3","3","0","0","0"
"instrument","3000","layer-direct-remove","renderer_callbacks","count","3","3","1","1","1"
"instrument","3000","layer-direct-remove","svg_element_nodes","count","3","3","16081","16081","16081"
"instrument","3000","layer-direct-remove","shadow_element_nodes","count","3","3","16082","16082","16082"
"instrument","3000","layer-direct-remove","shadow_all_nodes","count","3","3","16085","16085","16085"
"instrument","3000","layer-direct-remove","appearances_all_layers","count","3","3","8033","8033","8033"
"instrument","3000","layer-direct-remove","appearances_visible_layers","count","3","3","2657","2657","2657"
"instrument","3000","layer-direct-remove","visible_point_symbols","count","3","3","1475","1475","1475"
"instrument","3000","layer-direct-remove","visible_route_fragments","count","3","3","604","604","604"
"instrument","3000","layer-direct-remove","visible_polygon_paths","count","3","3","277","277","277"
"instrument","3000","layer-direct-remove","layers","count","3","3","13","13","13"
"instrument","3000","layer-direct-remove","visible_layers","count","3","3","5","5","5"
"instrument","3000","load","load_call_sync_ms","ms","3","3","64.5","66.79999995231628","66.79999995231628"
"instrument","3000","load","load_promise_ms","ms","3","3","82.39999985694885","84.79999995231628","84.79999995231628"
"instrument","3000","load","operation_to_two_raf_ms","ms","3","3","137.70000004768372","144.5","144.5"
"instrument","3000","load","raf_interval_ms","ms","3","3","50","50","50"
"instrument","3000","load","svg_mutation_observed","boolean","3","3","1","1","1"
"instrument","3000","load","svg_last_delivery_from_start_ms","ms","3","3","113.5","119.60000014305115","119.60000014305115"
"instrument","3000","load","post_sync_svg_delivery_ms","ms","3","3","49","52.80000019073486","52.80000019073486"
"instrument","3000","load","svg_attribute_writes","count","3","3","73834","73834","73834"
"instrument","3000","load","svg_map_geometry_writes","count","3","3","11044","11044","11044"
"instrument","3000","load","svg_symbol_scale_writes","count","3","3","4318","4318","4318"
"instrument","3000","load","svg_viewbox_writes","count","3","3","1","1","1"
"instrument","3000","load","root_iterator_creations","count","3","3","2","2","2"
"instrument","3000","load","root_iterator_next_calls","count","3","3","6002","6002","6002"
"instrument","3000","load","runtime_points_getter_reads","count","3","3","9648","9648","9648"
"instrument","3000","load","runtime_contour_getter_reads","count","3","3","7248","7248","7248"
"instrument","3000","load","runtime_baseZ_getter_reads","count","3","3","7236","7236","7236"
"instrument","3000","load","runtime_height_getter_reads","count","3","3","7236","7236","7236"
"instrument","3000","load","renderer_scene_reads","count","3","3","2","2","2"
"instrument","3000","load","renderer_entries_exposed","count","3","3","16070","16070","16070"
"instrument","3000","load","renderer_composition_changes","count","3","3","0","0","0"
"instrument","3000","load","renderer_changed_entries","count","3","3","8035","8035","8035"
"instrument","3000","load","renderer_callbacks","count","3","3","1","1","1"
"instrument","3000","load","svg_element_nodes","count","3","3","16085","16085","16085"
"instrument","3000","load","shadow_element_nodes","count","3","3","16086","16086","16086"
"instrument","3000","load","shadow_all_nodes","count","3","3","16089","16089","16089"
"instrument","3000","load","appearances_all_layers","count","3","3","8035","8035","8035"
"instrument","3000","load","appearances_visible_layers","count","3","3","8035","8035","8035"
"instrument","3000","load","visible_point_symbols","count","3","3","4318","4318","4318"
"instrument","3000","load","visible_route_fragments","count","3","3","1808","1808","1808"
"instrument","3000","load","visible_polygon_paths","count","3","3","906","906","906"
"instrument","3000","load","layers","count","3","3","13","13","13"
"instrument","3000","load","visible_layers","count","3","3","13","13","13"
"instrument","3000","pan","raf_interval_ms","ms","72","3","16.700000000000728","16.700000000000728","16.799999999999272"
"instrument","3000","pan","camera_api_sync_ms","ms","72","3","0","0.09999990463256836","0.10000014305114746"
"instrument","3000","pan","svg_last_delivery_from_start_ms","ms","72","3","16.699999928474426","17.5","17.699999809265137"
"instrument","3000","pan","post_sync_svg_delivery_ms","ms","72","3","16.699999928474426","17.5","17.699999809265137"
"instrument","3000","pan","svg_attribute_writes","count","3","3","24","24","24"
"instrument","3000","pan","svg_map_geometry_writes","count","3","3","0","0","0"
"instrument","3000","pan","svg_symbol_scale_writes","count","3","3","0","0","0"
"instrument","3000","pan","svg_viewbox_writes","count","3","3","24","24","24"
"instrument","3000","pan","root_iterator_creations","count","3","3","0","0","0"
"instrument","3000","pan","root_iterator_next_calls","count","3","3","0","0","0"
"instrument","3000","pan","runtime_points_getter_reads","count","3","3","0","0","0"
"instrument","3000","pan","runtime_contour_getter_reads","count","3","3","0","0","0"
"instrument","3000","pan","runtime_baseZ_getter_reads","count","3","3","0","0","0"
"instrument","3000","pan","runtime_height_getter_reads","count","3","3","0","0","0"
"instrument","3000","pan","renderer_scene_reads","count","3","3","0","0","0"
"instrument","3000","pan","renderer_entries_exposed","count","3","3","0","0","0"
"instrument","3000","pan","renderer_composition_changes","count","3","3","0","0","0"
"instrument","3000","pan","renderer_changed_entries","count","3","3","0","0","0"
"instrument","3000","pan","renderer_callbacks","count","3","3","24","24","24"
"instrument","3000","pan","svg_element_nodes","count","3","3","16085","16085","16085"
"instrument","3000","pan","shadow_element_nodes","count","3","3","16086","16086","16086"
"instrument","3000","pan","shadow_all_nodes","count","3","3","16089","16089","16089"
"instrument","3000","pan","appearances_all_layers","count","3","3","8035","8035","8035"
"instrument","3000","pan","appearances_visible_layers","count","3","3","2659","2659","2659"
"instrument","3000","pan","visible_point_symbols","count","3","3","1477","1477","1477"
"instrument","3000","pan","visible_route_fragments","count","3","3","604","604","604"
"instrument","3000","pan","visible_polygon_paths","count","3","3","277","277","277"
"instrument","3000","pan","layers","count","3","3","13","13","13"
"instrument","3000","pan","visible_layers","count","3","3","5","5","5"
"instrument","3000","zoom","raf_interval_ms","ms","72","3","16.700000000000728","33.29999999999927","133.40000000000146"
"instrument","3000","zoom","camera_api_sync_ms","ms","72","3","0","0.09999990463256836","0.10000014305114746"
"instrument","3000","zoom","svg_last_delivery_from_start_ms","ms","72","3","16.700000047683716","31.40000009536743","126.90000009536743"
"instrument","3000","zoom","post_sync_svg_delivery_ms","ms","72","3","16.700000047683716","31.40000009536743","126.90000009536743"
"instrument","3000","zoom","svg_attribute_writes","count","3","3","103656","103656","103656"
"instrument","3000","zoom","svg_map_geometry_writes","count","3","3","0","0","0"
"instrument","3000","zoom","svg_symbol_scale_writes","count","3","3","103632","103632","103632"
"instrument","3000","zoom","svg_viewbox_writes","count","3","3","24","24","24"
"instrument","3000","zoom","root_iterator_creations","count","3","3","0","0","0"
"instrument","3000","zoom","root_iterator_next_calls","count","3","3","0","0","0"
"instrument","3000","zoom","runtime_points_getter_reads","count","3","3","0","0","0"
"instrument","3000","zoom","runtime_contour_getter_reads","count","3","3","0","0","0"
"instrument","3000","zoom","runtime_baseZ_getter_reads","count","3","3","0","0","0"
"instrument","3000","zoom","runtime_height_getter_reads","count","3","3","0","0","0"
"instrument","3000","zoom","renderer_scene_reads","count","3","3","0","0","0"
"instrument","3000","zoom","renderer_entries_exposed","count","3","3","0","0","0"
"instrument","3000","zoom","renderer_composition_changes","count","3","3","0","0","0"
"instrument","3000","zoom","renderer_changed_entries","count","3","3","0","0","0"
"instrument","3000","zoom","renderer_callbacks","count","3","3","24","24","24"
"instrument","3000","zoom","svg_element_nodes","count","3","3","16085","16085","16085"
"instrument","3000","zoom","shadow_element_nodes","count","3","3","16086","16086","16086"
"instrument","3000","zoom","shadow_all_nodes","count","3","3","16089","16089","16089"
"instrument","3000","zoom","appearances_all_layers","count","3","3","8035","8035","8035"
"instrument","3000","zoom","appearances_visible_layers","count","3","3","2659","2659","2659"
"instrument","3000","zoom","visible_point_symbols","count","3","3","1477","1477","1477"
"instrument","3000","zoom","visible_route_fragments","count","3","3","604","604","604"
"instrument","3000","zoom","visible_polygon_paths","count","3","3","277","277","277"
"instrument","3000","zoom","layers","count","3","3","13","13","13"
"instrument","3000","zoom","visible_layers","count","3","3","5","5","5"
"instrument","5000","pick-hit","spatial_pick_sync_ms","ms","120","3","0.20000004768371582","0.3000001907348633","2.5999999046325684"
"instrument","5000","pick-hit","svg_attribute_writes","count","3","3","0","0","0"
"instrument","5000","pick-hit","svg_map_geometry_writes","count","3","3","0","0","0"
"instrument","5000","pick-hit","svg_symbol_scale_writes","count","3","3","0","0","0"
"instrument","5000","pick-hit","svg_viewbox_writes","count","3","3","0","0","0"
"instrument","5000","pick-hit","root_iterator_creations","count","3","3","0","0","0"
"instrument","5000","pick-hit","root_iterator_next_calls","count","3","3","0","0","0"
"instrument","5000","pick-hit","runtime_points_getter_reads","count","3","3","0","0","0"
"instrument","5000","pick-hit","runtime_contour_getter_reads","count","3","3","0","0","0"
"instrument","5000","pick-hit","runtime_baseZ_getter_reads","count","3","3","0","0","0"
"instrument","5000","pick-hit","runtime_height_getter_reads","count","3","3","0","0","0"
"instrument","5000","pick-hit","renderer_scene_reads","count","3","3","0","0","0"
"instrument","5000","pick-hit","renderer_entries_exposed","count","3","3","0","0","0"
"instrument","5000","pick-hit","renderer_composition_changes","count","3","3","0","0","0"
"instrument","5000","pick-hit","renderer_changed_entries","count","3","3","0","0","0"
"instrument","5000","pick-hit","renderer_callbacks","count","3","3","0","0","0"
"instrument","5000","pick-hit","svg_element_nodes","count","3","3","26837","26837","26837"
"instrument","5000","pick-hit","shadow_element_nodes","count","3","3","26838","26838","26838"
"instrument","5000","pick-hit","shadow_all_nodes","count","3","3","26841","26841","26841"
"instrument","5000","pick-hit","appearances_all_layers","count","3","3","13411","13411","13411"
"instrument","5000","pick-hit","appearances_visible_layers","count","3","3","4433","4433","4433"
"instrument","5000","pick-hit","visible_point_symbols","count","3","3","2479","2479","2479"
"instrument","5000","pick-hit","visible_route_fragments","count","3","3","996","996","996"
"instrument","5000","pick-hit","visible_polygon_paths","count","3","3","453","453","453"
"instrument","5000","pick-hit","layers","count","3","3","13","13","13"
"instrument","5000","pick-hit","visible_layers","count","3","3","5","5","5"
"instrument","5000","pick-miss","spatial_pick_sync_ms","ms","120","3","1","1.1000001430511475","1.9000000953674316"
"instrument","5000","pick-miss","svg_attribute_writes","count","3","3","0","0","0"
"instrument","5000","pick-miss","svg_map_geometry_writes","count","3","3","0","0","0"
"instrument","5000","pick-miss","svg_symbol_scale_writes","count","3","3","0","0","0"
"instrument","5000","pick-miss","svg_viewbox_writes","count","3","3","0","0","0"
"instrument","5000","pick-miss","root_iterator_creations","count","3","3","0","0","0"
"instrument","5000","pick-miss","root_iterator_next_calls","count","3","3","0","0","0"
"instrument","5000","pick-miss","runtime_points_getter_reads","count","3","3","0","0","0"
"instrument","5000","pick-miss","runtime_contour_getter_reads","count","3","3","0","0","0"
"instrument","5000","pick-miss","runtime_baseZ_getter_reads","count","3","3","0","0","0"
"instrument","5000","pick-miss","runtime_height_getter_reads","count","3","3","0","0","0"
"instrument","5000","pick-miss","renderer_scene_reads","count","3","3","0","0","0"
"instrument","5000","pick-miss","renderer_entries_exposed","count","3","3","0","0","0"
"instrument","5000","pick-miss","renderer_composition_changes","count","3","3","0","0","0"
"instrument","5000","pick-miss","renderer_changed_entries","count","3","3","0","0","0"
"instrument","5000","pick-miss","renderer_callbacks","count","3","3","0","0","0"
"instrument","5000","pick-miss","svg_element_nodes","count","3","3","26837","26837","26837"
"instrument","5000","pick-miss","shadow_element_nodes","count","3","3","26838","26838","26838"
"instrument","5000","pick-miss","shadow_all_nodes","count","3","3","26841","26841","26841"
"instrument","5000","pick-miss","appearances_all_layers","count","3","3","13411","13411","13411"
"instrument","5000","pick-miss","appearances_visible_layers","count","3","3","4433","4433","4433"
"instrument","5000","pick-miss","visible_point_symbols","count","3","3","2479","2479","2479"
"instrument","5000","pick-miss","visible_route_fragments","count","3","3","996","996","996"
"instrument","5000","pick-miss","visible_polygon_paths","count","3","3","453","453","453"
"instrument","5000","pick-miss","layers","count","3","3","13","13","13"
"instrument","5000","pick-miss","visible_layers","count","3","3","5","5","5"
"instrument","5000","floor-switch","operation_sync_ms","ms","3","3","0","0","0"
"instrument","5000","floor-switch","operation_to_two_raf_ms","ms","3","3","31.5","32","32"
"instrument","5000","floor-switch","raf_interval_ms","ms","3","3","16.69999999999709","16.69999999999709","16.69999999999709"
"instrument","5000","floor-switch","svg_mutation_observed","boolean","3","3","1","1","1"
"instrument","5000","floor-switch","svg_last_delivery_from_start_ms","ms","3","3","14.899999856948853","15.299999952316284","15.299999952316284"
"instrument","5000","floor-switch","post_sync_svg_delivery_ms","ms","3","3","14.899999856948853","15.299999952316284","15.299999952316284"
"instrument","5000","floor-switch","svg_attribute_writes","count","3","3","1","1","1"
"instrument","5000","floor-switch","svg_map_geometry_writes","count","3","3","0","0","0"
"instrument","5000","floor-switch","svg_symbol_scale_writes","count","3","3","0","0","0"
"instrument","5000","floor-switch","svg_viewbox_writes","count","3","3","0","0","0"
"instrument","5000","floor-switch","root_iterator_creations","count","3","3","0","0","0"
"instrument","5000","floor-switch","root_iterator_next_calls","count","3","3","0","0","0"
"instrument","5000","floor-switch","runtime_points_getter_reads","count","3","3","0","0","0"
"instrument","5000","floor-switch","runtime_contour_getter_reads","count","3","3","0","0","0"
"instrument","5000","floor-switch","runtime_baseZ_getter_reads","count","3","3","0","0","0"
"instrument","5000","floor-switch","runtime_height_getter_reads","count","3","3","0","0","0"
"instrument","5000","floor-switch","renderer_scene_reads","count","3","3","0","0","0"
"instrument","5000","floor-switch","renderer_entries_exposed","count","3","3","0","0","0"
"instrument","5000","floor-switch","renderer_composition_changes","count","3","3","0","0","0"
"instrument","5000","floor-switch","renderer_changed_entries","count","3","3","0","0","0"
"instrument","5000","floor-switch","renderer_callbacks","count","3","3","1","1","1"
"instrument","5000","floor-switch","svg_element_nodes","count","3","3","26837","26837","26837"
"instrument","5000","floor-switch","shadow_element_nodes","count","3","3","26838","26838","26838"
"instrument","5000","floor-switch","shadow_all_nodes","count","3","3","26841","26841","26841"
"instrument","5000","floor-switch","appearances_all_layers","count","3","3","13411","13411","13411"
"instrument","5000","floor-switch","appearances_visible_layers","count","3","3","4391","4391","4391"
"instrument","5000","floor-switch","visible_point_symbols","count","3","3","2313","2313","2313"
"instrument","5000","floor-switch","visible_route_fragments","count","3","3","995","995","995"
"instrument","5000","floor-switch","visible_polygon_paths","count","3","3","494","494","494"
"instrument","5000","floor-switch","layers","count","3","3","13","13","13"
"instrument","5000","floor-switch","visible_layers","count","3","3","5","5","5"
"instrument","5000","vertex-position","operation_sync_ms","ms","3","3","0","0.10000014305114746","0.10000014305114746"
"instrument","5000","vertex-position","operation_to_two_raf_ms","ms","3","3","30.299999952316284","34","34"
"instrument","5000","vertex-position","raf_interval_ms","ms","3","3","16.700000000004366","16.700000000004366","16.700000000004366"
"instrument","5000","vertex-position","svg_mutation_observed","boolean","3","3","1","1","1"
"instrument","5000","vertex-position","svg_last_delivery_from_start_ms","ms","3","3","13.399999856948853","19.800000190734863","19.800000190734863"
"instrument","5000","vertex-position","post_sync_svg_delivery_ms","ms","3","3","13.399999856948853","19.700000047683716","19.700000047683716"
"instrument","5000","vertex-position","svg_attribute_writes","count","3","3","4","4","4"
"instrument","5000","vertex-position","svg_map_geometry_writes","count","3","3","4","4","4"
"instrument","5000","vertex-position","svg_symbol_scale_writes","count","3","3","0","0","0"
"instrument","5000","vertex-position","svg_viewbox_writes","count","3","3","0","0","0"
"instrument","5000","vertex-position","root_iterator_creations","count","3","3","0","0","0"
"instrument","5000","vertex-position","root_iterator_next_calls","count","3","3","0","0","0"
"instrument","5000","vertex-position","runtime_points_getter_reads","count","3","3","13","13","13"
"instrument","5000","vertex-position","runtime_contour_getter_reads","count","3","3","0","0","0"
"instrument","5000","vertex-position","runtime_baseZ_getter_reads","count","3","3","0","0","0"
"instrument","5000","vertex-position","runtime_height_getter_reads","count","3","3","0","0","0"
"instrument","5000","vertex-position","renderer_scene_reads","count","3","3","0","0","0"
"instrument","5000","vertex-position","renderer_entries_exposed","count","3","3","0","0","0"
"instrument","5000","vertex-position","renderer_composition_changes","count","3","3","0","0","0"
"instrument","5000","vertex-position","renderer_changed_entries","count","3","3","0","0","0"
"instrument","5000","vertex-position","renderer_callbacks","count","3","3","1","1","1"
"instrument","5000","vertex-position","svg_element_nodes","count","3","3","26837","26837","26837"
"instrument","5000","vertex-position","shadow_element_nodes","count","3","3","26838","26838","26838"
"instrument","5000","vertex-position","shadow_all_nodes","count","3","3","26841","26841","26841"
"instrument","5000","vertex-position","appearances_all_layers","count","3","3","13411","13411","13411"
"instrument","5000","vertex-position","appearances_visible_layers","count","3","3","4433","4433","4433"
"instrument","5000","vertex-position","visible_point_symbols","count","3","3","2479","2479","2479"
"instrument","5000","vertex-position","visible_route_fragments","count","3","3","996","996","996"
"instrument","5000","vertex-position","visible_polygon_paths","count","3","3","453","453","453"
"instrument","5000","vertex-position","layers","count","3","3","13","13","13"
"instrument","5000","vertex-position","visible_layers","count","3","3","5","5","5"
"instrument","5000","route-add","operation_sync_ms","ms","3","3","0","0.09999990463256836","0.09999990463256836"
"instrument","5000","route-add","operation_to_two_raf_ms","ms","3","3","68.69999980926514","75.39999985694885","75.39999985694885"
"instrument","5000","route-add","raf_interval_ms","ms","3","3","50","50","50"
"instrument","5000","route-add","svg_mutation_observed","boolean","3","3","1","1","1"
"instrument","5000","route-add","svg_last_delivery_from_start_ms","ms","3","3","64.69999980926514","71.5","71.5"
"instrument","5000","route-add","post_sync_svg_delivery_ms","ms","3","3","64.59999990463257","71.5","71.5"
"instrument","5000","route-add","svg_attribute_writes","count","3","3","38","38","38"
"instrument","5000","route-add","svg_map_geometry_writes","count","3","3","4","4","4"
"instrument","5000","route-add","svg_symbol_scale_writes","count","3","3","1","1","1"
"instrument","5000","route-add","svg_viewbox_writes","count","3","3","0","0","0"
"instrument","5000","route-add","root_iterator_creations","count","3","3","1","1","1"
"instrument","5000","route-add","root_iterator_next_calls","count","3","3","5001","5001","5001"
"instrument","5000","route-add","runtime_points_getter_reads","count","3","3","15922","15922","15922"
"instrument","5000","route-add","runtime_contour_getter_reads","count","3","3","5928","5928","5928"
"instrument","5000","route-add","runtime_baseZ_getter_reads","count","3","3","11844","11844","11844"
"instrument","5000","route-add","runtime_height_getter_reads","count","3","3","11844","11844","11844"
"instrument","5000","route-add","renderer_scene_reads","count","3","3","0","0","0"
"instrument","5000","route-add","renderer_entries_exposed","count","3","3","0","0","0"
"instrument","5000","route-add","renderer_composition_changes","count","3","3","0","0","0"
"instrument","5000","route-add","renderer_changed_entries","count","3","3","0","0","0"
"instrument","5000","route-add","renderer_callbacks","count","3","3","1","1","1"
"instrument","5000","route-add","svg_element_nodes","count","3","3","26845","26845","26845"
"instrument","5000","route-add","shadow_element_nodes","count","3","3","26846","26846","26846"
"instrument","5000","route-add","shadow_all_nodes","count","3","3","26849","26849","26849"
"instrument","5000","route-add","appearances_all_layers","count","3","3","13415","13415","13415"
"instrument","5000","route-add","appearances_visible_layers","count","3","3","4435","4435","4435"
"instrument","5000","route-add","visible_point_symbols","count","3","3","2480","2480","2480"
"instrument","5000","route-add","visible_route_fragments","count","3","3","997","997","997"
"instrument","5000","route-add","visible_polygon_paths","count","3","3","453","453","453"
"instrument","5000","route-add","layers","count","3","3","13","13","13"
"instrument","5000","route-add","visible_layers","count","3","3","5","5","5"
"instrument","5000","route-insert","operation_sync_ms","ms","3","3","0","0.09999990463256836","0.09999990463256836"
"instrument","5000","route-insert","operation_to_two_raf_ms","ms","3","3","71.89999985694885","75","75"
"instrument","5000","route-insert","raf_interval_ms","ms","3","3","50","50","50"
"instrument","5000","route-insert","svg_mutation_observed","boolean","3","3","1","1","1"
"instrument","5000","route-insert","svg_last_delivery_from_start_ms","ms","3","3","68","71.20000004768372","71.20000004768372"
"instrument","5000","route-insert","post_sync_svg_delivery_ms","ms","3","3","68","71.10000014305115","71.10000014305115"
"instrument","5000","route-insert","svg_attribute_writes","count","3","3","9","9","9"
"instrument","5000","route-insert","svg_map_geometry_writes","count","3","3","2","2","2"
"instrument","5000","route-insert","svg_symbol_scale_writes","count","3","3","1","1","1"
"instrument","5000","route-insert","svg_viewbox_writes","count","3","3","0","0","0"
"instrument","5000","route-insert","root_iterator_creations","count","3","3","1","1","1"
"instrument","5000","route-insert","root_iterator_next_calls","count","3","3","5001","5001","5001"
"instrument","5000","route-insert","runtime_points_getter_reads","count","3","3","15919","15919","15919"
"instrument","5000","route-insert","runtime_contour_getter_reads","count","3","3","5928","5928","5928"
"instrument","5000","route-insert","runtime_baseZ_getter_reads","count","3","3","11844","11844","11844"
"instrument","5000","route-insert","runtime_height_getter_reads","count","3","3","11844","11844","11844"
"instrument","5000","route-insert","renderer_scene_reads","count","3","3","0","0","0"
"instrument","5000","route-insert","renderer_entries_exposed","count","3","3","0","0","0"
"instrument","5000","route-insert","renderer_composition_changes","count","3","3","0","0","0"
"instrument","5000","route-insert","renderer_changed_entries","count","3","3","0","0","0"
"instrument","5000","route-insert","renderer_callbacks","count","3","3","1","1","1"
"instrument","5000","route-insert","svg_element_nodes","count","3","3","26839","26839","26839"
"instrument","5000","route-insert","shadow_element_nodes","count","3","3","26840","26840","26840"
"instrument","5000","route-insert","shadow_all_nodes","count","3","3","26843","26843","26843"
"instrument","5000","route-insert","appearances_all_layers","count","3","3","13412","13412","13412"
"instrument","5000","route-insert","appearances_visible_layers","count","3","3","4434","4434","4434"
"instrument","5000","route-insert","visible_point_symbols","count","3","3","2480","2480","2480"
"instrument","5000","route-insert","visible_route_fragments","count","3","3","996","996","996"
"instrument","5000","route-insert","visible_polygon_paths","count","3","3","453","453","453"
"instrument","5000","route-insert","layers","count","3","3","13","13","13"
"instrument","5000","route-insert","visible_layers","count","3","3","5","5","5"
"instrument","5000","route-remove","operation_sync_ms","ms","3","3","0","0","0"
"instrument","5000","route-remove","operation_to_two_raf_ms","ms","3","3","64.90000009536743","73.19999980926514","73.19999980926514"
"instrument","5000","route-remove","raf_interval_ms","ms","3","3","50","50","50"
"instrument","5000","route-remove","svg_mutation_observed","boolean","3","3","1","1","1"
"instrument","5000","route-remove","svg_last_delivery_from_start_ms","ms","3","3","61.80000019073486","70.59999990463257","70.59999990463257"
"instrument","5000","route-remove","post_sync_svg_delivery_ms","ms","3","3","61.80000019073486","70.59999990463257","70.59999990463257"
"instrument","5000","route-remove","svg_attribute_writes","count","3","3","1","1","1"
"instrument","5000","route-remove","svg_map_geometry_writes","count","3","3","1","1","1"
"instrument","5000","route-remove","svg_symbol_scale_writes","count","3","3","0","0","0"
"instrument","5000","route-remove","svg_viewbox_writes","count","3","3","0","0","0"
"instrument","5000","route-remove","root_iterator_creations","count","3","3","1","1","1"
"instrument","5000","route-remove","root_iterator_next_calls","count","3","3","5001","5001","5001"
"instrument","5000","route-remove","runtime_points_getter_reads","count","3","3","15920","15920","15920"
"instrument","5000","route-remove","runtime_contour_getter_reads","count","3","3","5928","5928","5928"
"instrument","5000","route-remove","runtime_baseZ_getter_reads","count","3","3","11844","11844","11844"
"instrument","5000","route-remove","runtime_height_getter_reads","count","3","3","11844","11844","11844"
"instrument","5000","route-remove","renderer_scene_reads","count","3","3","0","0","0"
"instrument","5000","route-remove","renderer_entries_exposed","count","3","3","0","0","0"
"instrument","5000","route-remove","renderer_composition_changes","count","3","3","0","0","0"
"instrument","5000","route-remove","renderer_changed_entries","count","3","3","0","0","0"
"instrument","5000","route-remove","renderer_callbacks","count","3","3","1","1","1"
"instrument","5000","route-remove","svg_element_nodes","count","3","3","26835","26835","26835"
"instrument","5000","route-remove","shadow_element_nodes","count","3","3","26836","26836","26836"
"instrument","5000","route-remove","shadow_all_nodes","count","3","3","26839","26839","26839"
"instrument","5000","route-remove","appearances_all_layers","count","3","3","13410","13410","13410"
"instrument","5000","route-remove","appearances_visible_layers","count","3","3","4433","4433","4433"
"instrument","5000","route-remove","visible_point_symbols","count","3","3","2479","2479","2479"
"instrument","5000","route-remove","visible_route_fragments","count","3","3","996","996","996"
"instrument","5000","route-remove","visible_polygon_paths","count","3","3","453","453","453"
"instrument","5000","route-remove","layers","count","3","3","13","13","13"
"instrument","5000","route-remove","visible_layers","count","3","3","5","5","5"
"instrument","5000","route-replacePoints","operation_sync_ms","ms","3","3","0","0","0"
"instrument","5000","route-replacePoints","operation_to_two_raf_ms","ms","3","3","65.09999990463257","300.5","300.5"
"instrument","5000","route-replacePoints","raf_interval_ms","ms","3","3","50.099999999998545","283.3000000000029","283.3000000000029"
"instrument","5000","route-replacePoints","svg_mutation_observed","boolean","3","3","1","1","1"
"instrument","5000","route-replacePoints","svg_last_delivery_from_start_ms","ms","3","3","61","295.2999999523163","295.2999999523163"
"instrument","5000","route-replacePoints","post_sync_svg_delivery_ms","ms","3","3","61","295.2999999523163","295.2999999523163"
"instrument","5000","route-replacePoints","svg_attribute_writes","count","3","3","11","11","11"
"instrument","5000","route-replacePoints","svg_map_geometry_writes","count","3","3","4","4","4"
"instrument","5000","route-replacePoints","svg_symbol_scale_writes","count","3","3","1","1","1"
"instrument","5000","route-replacePoints","svg_viewbox_writes","count","3","3","0","0","0"
"instrument","5000","route-replacePoints","root_iterator_creations","count","3","3","1","1","1"
"instrument","5000","route-replacePoints","root_iterator_next_calls","count","3","3","5001","5001","5001"
"instrument","5000","route-replacePoints","runtime_points_getter_reads","count","3","3","15919","15919","15919"
"instrument","5000","route-replacePoints","runtime_contour_getter_reads","count","3","3","5928","5928","5928"
"instrument","5000","route-replacePoints","runtime_baseZ_getter_reads","count","3","3","11844","11844","11844"
"instrument","5000","route-replacePoints","runtime_height_getter_reads","count","3","3","11844","11844","11844"
"instrument","5000","route-replacePoints","renderer_scene_reads","count","3","3","0","0","0"
"instrument","5000","route-replacePoints","renderer_entries_exposed","count","3","3","0","0","0"
"instrument","5000","route-replacePoints","renderer_composition_changes","count","3","3","0","0","0"
"instrument","5000","route-replacePoints","renderer_changed_entries","count","3","3","0","0","0"
"instrument","5000","route-replacePoints","renderer_callbacks","count","3","3","1","1","1"
"instrument","5000","route-replacePoints","svg_element_nodes","count","3","3","26837","26837","26837"
"instrument","5000","route-replacePoints","shadow_element_nodes","count","3","3","26838","26838","26838"
"instrument","5000","route-replacePoints","shadow_all_nodes","count","3","3","26841","26841","26841"
"instrument","5000","route-replacePoints","appearances_all_layers","count","3","3","13411","13411","13411"
"instrument","5000","route-replacePoints","appearances_visible_layers","count","3","3","4434","4434","4434"
"instrument","5000","route-replacePoints","visible_point_symbols","count","3","3","2480","2480","2480"
"instrument","5000","route-replacePoints","visible_route_fragments","count","3","3","996","996","996"
"instrument","5000","route-replacePoints","visible_polygon_paths","count","3","3","453","453","453"
"instrument","5000","route-replacePoints","layers","count","3","3","13","13","13"
"instrument","5000","route-replacePoints","visible_layers","count","3","3","5","5","5"
"instrument","5000","polygon-vertex","operation_sync_ms","ms","3","3","0","0","0"
"instrument","5000","polygon-vertex","operation_to_two_raf_ms","ms","3","3","28.59999990463257","29.700000047683716","29.700000047683716"
"instrument","5000","polygon-vertex","raf_interval_ms","ms","3","3","16.69999999999709","16.799999999995634","16.799999999995634"
"instrument","5000","polygon-vertex","svg_mutation_observed","boolean","3","3","1","1","1"
"instrument","5000","polygon-vertex","svg_last_delivery_from_start_ms","ms","3","3","12.099999904632568","13","13"
"instrument","5000","polygon-vertex","post_sync_svg_delivery_ms","ms","3","3","12.099999904632568","13","13"
"instrument","5000","polygon-vertex","svg_attribute_writes","count","3","3","2","2","2"
"instrument","5000","polygon-vertex","svg_map_geometry_writes","count","3","3","2","2","2"
"instrument","5000","polygon-vertex","svg_symbol_scale_writes","count","3","3","0","0","0"
"instrument","5000","polygon-vertex","svg_viewbox_writes","count","3","3","0","0","0"
"instrument","5000","polygon-vertex","root_iterator_creations","count","3","3","0","0","0"
"instrument","5000","polygon-vertex","root_iterator_next_calls","count","3","3","0","0","0"
"instrument","5000","polygon-vertex","runtime_points_getter_reads","count","3","3","0","0","0"
"instrument","5000","polygon-vertex","runtime_contour_getter_reads","count","3","3","16","16","16"
"instrument","5000","polygon-vertex","runtime_baseZ_getter_reads","count","3","3","12","12","12"
"instrument","5000","polygon-vertex","runtime_height_getter_reads","count","3","3","12","12","12"
"instrument","5000","polygon-vertex","renderer_scene_reads","count","3","3","0","0","0"
"instrument","5000","polygon-vertex","renderer_entries_exposed","count","3","3","0","0","0"
"instrument","5000","polygon-vertex","renderer_composition_changes","count","3","3","0","0","0"
"instrument","5000","polygon-vertex","renderer_changed_entries","count","3","3","0","0","0"
"instrument","5000","polygon-vertex","renderer_callbacks","count","3","3","1","1","1"
"instrument","5000","polygon-vertex","svg_element_nodes","count","3","3","26837","26837","26837"
"instrument","5000","polygon-vertex","shadow_element_nodes","count","3","3","26838","26838","26838"
"instrument","5000","polygon-vertex","shadow_all_nodes","count","3","3","26841","26841","26841"
"instrument","5000","polygon-vertex","appearances_all_layers","count","3","3","13411","13411","13411"
"instrument","5000","polygon-vertex","appearances_visible_layers","count","3","3","4433","4433","4433"
"instrument","5000","polygon-vertex","visible_point_symbols","count","3","3","2479","2479","2479"
"instrument","5000","polygon-vertex","visible_route_fragments","count","3","3","996","996","996"
"instrument","5000","polygon-vertex","visible_polygon_paths","count","3","3","453","453","453"
"instrument","5000","polygon-vertex","layers","count","3","3","13","13","13"
"instrument","5000","polygon-vertex","visible_layers","count","3","3","5","5","5"
"instrument","5000","polygon-baseZ","operation_sync_ms","ms","3","3","0","0.40000009536743164","0.40000009536743164"
"instrument","5000","polygon-baseZ","operation_to_two_raf_ms","ms","3","3","18.59999990463257","25.700000047683716","25.700000047683716"
"instrument","5000","polygon-baseZ","raf_interval_ms","ms","3","3","16.700000000004366","16.700000000004366","16.700000000004366"
"instrument","5000","polygon-baseZ","svg_mutation_observed","boolean","3","3","1","1","1"
"instrument","5000","polygon-baseZ","svg_last_delivery_from_start_ms","ms","3","3","14.5","17.700000047683716","17.700000047683716"
"instrument","5000","polygon-baseZ","post_sync_svg_delivery_ms","ms","3","3","14.099999904632568","17.700000047683716","17.700000047683716"
"instrument","5000","polygon-baseZ","svg_attribute_writes","count","3","3","9","9","9"
"instrument","5000","polygon-baseZ","svg_map_geometry_writes","count","3","3","1","1","1"
"instrument","5000","polygon-baseZ","svg_symbol_scale_writes","count","3","3","0","0","0"
"instrument","5000","polygon-baseZ","svg_viewbox_writes","count","3","3","0","0","0"
"instrument","5000","polygon-baseZ","root_iterator_creations","count","3","3","0","0","0"
"instrument","5000","polygon-baseZ","root_iterator_next_calls","count","3","3","0","0","0"
"instrument","5000","polygon-baseZ","runtime_points_getter_reads","count","3","3","2984","2984","2984"
"instrument","5000","polygon-baseZ","runtime_contour_getter_reads","count","3","3","12","12","12"
"instrument","5000","polygon-baseZ","runtime_baseZ_getter_reads","count","3","3","12","12","12"
"instrument","5000","polygon-baseZ","runtime_height_getter_reads","count","3","3","12","12","12"
"instrument","5000","polygon-baseZ","renderer_scene_reads","count","3","3","0","0","0"
"instrument","5000","polygon-baseZ","renderer_entries_exposed","count","3","3","0","0","0"
"instrument","5000","polygon-baseZ","renderer_composition_changes","count","3","3","0","0","0"
"instrument","5000","polygon-baseZ","renderer_changed_entries","count","3","3","0","0","0"
"instrument","5000","polygon-baseZ","renderer_callbacks","count","3","3","1","1","1"
"instrument","5000","polygon-baseZ","svg_element_nodes","count","3","3","26837","26837","26837"
"instrument","5000","polygon-baseZ","shadow_element_nodes","count","3","3","26838","26838","26838"
"instrument","5000","polygon-baseZ","shadow_all_nodes","count","3","3","26841","26841","26841"
"instrument","5000","polygon-baseZ","appearances_all_layers","count","3","3","13411","13411","13411"
"instrument","5000","polygon-baseZ","appearances_visible_layers","count","3","3","4432","4432","4432"
"instrument","5000","polygon-baseZ","visible_point_symbols","count","3","3","2479","2479","2479"
"instrument","5000","polygon-baseZ","visible_route_fragments","count","3","3","996","996","996"
"instrument","5000","polygon-baseZ","visible_polygon_paths","count","3","3","452","452","452"
"instrument","5000","polygon-baseZ","layers","count","3","3","13","13","13"
"instrument","5000","polygon-baseZ","visible_layers","count","3","3","5","5","5"
"instrument","5000","polygon-height","operation_sync_ms","ms","3","3","0","0","0"
"instrument","5000","polygon-height","operation_to_two_raf_ms","ms","3","3","25.299999952316284","28.5","28.5"
"instrument","5000","polygon-height","raf_interval_ms","ms","3","3","16.700000000004366","16.700000000004366","16.700000000004366"
"instrument","5000","polygon-height","svg_mutation_observed","boolean","3","3","1","1","1"
"instrument","5000","polygon-height","svg_last_delivery_from_start_ms","ms","3","3","18.5","20.59999990463257","20.59999990463257"
"instrument","5000","polygon-height","post_sync_svg_delivery_ms","ms","3","3","18.5","20.59999990463257","20.59999990463257"
"instrument","5000","polygon-height","svg_attribute_writes","count","3","3","0","0","0"
"instrument","5000","polygon-height","svg_map_geometry_writes","count","3","3","0","0","0"
"instrument","5000","polygon-height","svg_symbol_scale_writes","count","3","3","0","0","0"
"instrument","5000","polygon-height","svg_viewbox_writes","count","3","3","0","0","0"
"instrument","5000","polygon-height","root_iterator_creations","count","3","3","0","0","0"
"instrument","5000","polygon-height","root_iterator_next_calls","count","3","3","0","0","0"
"instrument","5000","polygon-height","runtime_points_getter_reads","count","3","3","2984","2984","2984"
"instrument","5000","polygon-height","runtime_contour_getter_reads","count","3","3","4","4","4"
"instrument","5000","polygon-height","runtime_baseZ_getter_reads","count","3","3","12","12","12"
"instrument","5000","polygon-height","runtime_height_getter_reads","count","3","3","12","12","12"
"instrument","5000","polygon-height","renderer_scene_reads","count","3","3","0","0","0"
"instrument","5000","polygon-height","renderer_entries_exposed","count","3","3","0","0","0"
"instrument","5000","polygon-height","renderer_composition_changes","count","3","3","0","0","0"
"instrument","5000","polygon-height","renderer_changed_entries","count","3","3","0","0","0"
"instrument","5000","polygon-height","renderer_callbacks","count","3","3","1","1","1"
"instrument","5000","polygon-height","svg_element_nodes","count","3","3","26835","26835","26835"
"instrument","5000","polygon-height","shadow_element_nodes","count","3","3","26836","26836","26836"
"instrument","5000","polygon-height","shadow_all_nodes","count","3","3","26839","26839","26839"
"instrument","5000","polygon-height","appearances_all_layers","count","3","3","13410","13410","13410"
"instrument","5000","polygon-height","appearances_visible_layers","count","3","3","4433","4433","4433"
"instrument","5000","polygon-height","visible_point_symbols","count","3","3","2479","2479","2479"
"instrument","5000","polygon-height","visible_route_fragments","count","3","3","996","996","996"
"instrument","5000","polygon-height","visible_polygon_paths","count","3","3","453","453","453"
"instrument","5000","polygon-height","layers","count","3","3","13","13","13"
"instrument","5000","polygon-height","visible_layers","count","3","3","5","5","5"
"instrument","5000","root-add","operation_sync_ms","ms","3","3","0.5","0.5","0.5"
"instrument","5000","root-add","operation_to_two_raf_ms","ms","3","3","70.30000019073486","77.40000009536743","77.40000009536743"
"instrument","5000","root-add","raf_interval_ms","ms","3","3","49.900000000001455","50","50"
"instrument","5000","root-add","svg_mutation_observed","boolean","3","3","1","1","1"
"instrument","5000","root-add","svg_last_delivery_from_start_ms","ms","3","3","66.40000009536743","72.90000009536743","72.90000009536743"
"instrument","5000","root-add","post_sync_svg_delivery_ms","ms","3","3","65.90000009536743","72.40000009536743","72.40000009536743"
"instrument","5000","root-add","svg_attribute_writes","count","3","3","8","8","8"
"instrument","5000","root-add","svg_map_geometry_writes","count","3","3","1","1","1"
"instrument","5000","root-add","svg_symbol_scale_writes","count","3","3","1","1","1"
"instrument","5000","root-add","svg_viewbox_writes","count","3","3","0","0","0"
"instrument","5000","root-add","root_iterator_creations","count","3","3","2","2","2"
"instrument","5000","root-add","root_iterator_next_calls","count","3","3","10003","10003","10003"
"instrument","5000","root-add","runtime_points_getter_reads","count","3","3","15919","15919","15919"
"instrument","5000","root-add","runtime_contour_getter_reads","count","3","3","5928","5928","5928"
"instrument","5000","root-add","runtime_baseZ_getter_reads","count","3","3","11844","11844","11844"
"instrument","5000","root-add","runtime_height_getter_reads","count","3","3","11844","11844","11844"
"instrument","5000","root-add","renderer_scene_reads","count","3","3","0","0","0"
"instrument","5000","root-add","renderer_entries_exposed","count","3","3","0","0","0"
"instrument","5000","root-add","renderer_composition_changes","count","3","3","0","0","0"
"instrument","5000","root-add","renderer_changed_entries","count","3","3","0","0","0"
"instrument","5000","root-add","renderer_callbacks","count","3","3","1","1","1"
"instrument","5000","root-add","svg_element_nodes","count","3","3","26839","26839","26839"
"instrument","5000","root-add","shadow_element_nodes","count","3","3","26840","26840","26840"
"instrument","5000","root-add","shadow_all_nodes","count","3","3","26843","26843","26843"
"instrument","5000","root-add","appearances_all_layers","count","3","3","13412","13412","13412"
"instrument","5000","root-add","appearances_visible_layers","count","3","3","4434","4434","4434"
"instrument","5000","root-add","visible_point_symbols","count","3","3","2480","2480","2480"
"instrument","5000","root-add","visible_route_fragments","count","3","3","996","996","996"
"instrument","5000","root-add","visible_polygon_paths","count","3","3","453","453","453"
"instrument","5000","root-add","layers","count","3","3","13","13","13"
"instrument","5000","root-add","visible_layers","count","3","3","5","5","5"
"instrument","5000","root-remove","operation_sync_ms","ms","3","3","0.6000001430511475","0.6000001430511475","0.6000001430511475"
"instrument","5000","root-remove","operation_to_two_raf_ms","ms","3","3","71.30000019073486","87.70000004768372","87.70000004768372"
"instrument","5000","root-remove","raf_interval_ms","ms","3","3","50.099999999998545","66.59999999999127","66.59999999999127"
"instrument","5000","root-remove","svg_mutation_observed","boolean","3","3","1","1","1"
"instrument","5000","root-remove","svg_last_delivery_from_start_ms","ms","3","3","67.30000019073486","84.10000014305115","84.10000014305115"
"instrument","5000","root-remove","post_sync_svg_delivery_ms","ms","3","3","66.70000004768372","83.5","83.5"
"instrument","5000","root-remove","svg_attribute_writes","count","3","3","0","0","0"
"instrument","5000","root-remove","svg_map_geometry_writes","count","3","3","0","0","0"
"instrument","5000","root-remove","svg_symbol_scale_writes","count","3","3","0","0","0"
"instrument","5000","root-remove","svg_viewbox_writes","count","3","3","0","0","0"
"instrument","5000","root-remove","root_iterator_creations","count","3","3","2","2","2"
"instrument","5000","root-remove","root_iterator_next_calls","count","3","3","10000","10000","10000"
"instrument","5000","root-remove","runtime_points_getter_reads","count","3","3","15919","15919","15919"
"instrument","5000","root-remove","runtime_contour_getter_reads","count","3","3","5928","5928","5928"
"instrument","5000","root-remove","runtime_baseZ_getter_reads","count","3","3","11844","11844","11844"
"instrument","5000","root-remove","runtime_height_getter_reads","count","3","3","11844","11844","11844"
"instrument","5000","root-remove","renderer_scene_reads","count","3","3","0","0","0"
"instrument","5000","root-remove","renderer_entries_exposed","count","3","3","0","0","0"
"instrument","5000","root-remove","renderer_composition_changes","count","3","3","0","0","0"
"instrument","5000","root-remove","renderer_changed_entries","count","3","3","0","0","0"
"instrument","5000","root-remove","renderer_callbacks","count","3","3","1","1","1"
"instrument","5000","root-remove","svg_element_nodes","count","3","3","26835","26835","26835"
"instrument","5000","root-remove","shadow_element_nodes","count","3","3","26836","26836","26836"
"instrument","5000","root-remove","shadow_all_nodes","count","3","3","26839","26839","26839"
"instrument","5000","root-remove","appearances_all_layers","count","3","3","13410","13410","13410"
"instrument","5000","root-remove","appearances_visible_layers","count","3","3","4432","4432","4432"
"instrument","5000","root-remove","visible_point_symbols","count","3","3","2478","2478","2478"
"instrument","5000","root-remove","visible_route_fragments","count","3","3","996","996","996"
"instrument","5000","root-remove","visible_polygon_paths","count","3","3","453","453","453"
"instrument","5000","root-remove","layers","count","3","3","13","13","13"
"instrument","5000","root-remove","visible_layers","count","3","3","5","5","5"
"instrument","5000","layer-direct-add","operation_sync_ms","ms","3","3","0","0","0"
"instrument","5000","layer-direct-add","operation_to_two_raf_ms","ms","3","3","72.10000014305115","80.40000009536743","80.40000009536743"
"instrument","5000","layer-direct-add","raf_interval_ms","ms","3","3","50","66.69999999999709","66.69999999999709"
"instrument","5000","layer-direct-add","svg_mutation_observed","boolean","3","3","1","1","1"
"instrument","5000","layer-direct-add","svg_last_delivery_from_start_ms","ms","3","3","68.10000014305115","74.59999990463257","74.59999990463257"
"instrument","5000","layer-direct-add","post_sync_svg_delivery_ms","ms","3","3","68.10000014305115","74.59999990463257","74.59999990463257"
"instrument","5000","layer-direct-add","svg_attribute_writes","count","3","3","34","34","34"
"instrument","5000","layer-direct-add","svg_map_geometry_writes","count","3","3","4","4","4"
"instrument","5000","layer-direct-add","svg_symbol_scale_writes","count","3","3","3","3","3"
"instrument","5000","layer-direct-add","svg_viewbox_writes","count","3","3","0","0","0"
"instrument","5000","layer-direct-add","root_iterator_creations","count","3","3","1","1","1"
"instrument","5000","layer-direct-add","root_iterator_next_calls","count","3","3","5001","5001","5001"
"instrument","5000","layer-direct-add","runtime_points_getter_reads","count","3","3","15920","15920","15920"
"instrument","5000","layer-direct-add","runtime_contour_getter_reads","count","3","3","5928","5928","5928"
"instrument","5000","layer-direct-add","runtime_baseZ_getter_reads","count","3","3","11844","11844","11844"
"instrument","5000","layer-direct-add","runtime_height_getter_reads","count","3","3","11844","11844","11844"
"instrument","5000","layer-direct-add","renderer_scene_reads","count","3","3","0","0","0"
"instrument","5000","layer-direct-add","renderer_entries_exposed","count","3","3","0","0","0"
"instrument","5000","layer-direct-add","renderer_composition_changes","count","3","3","0","0","0"
"instrument","5000","layer-direct-add","renderer_changed_entries","count","3","3","0","0","0"
"instrument","5000","layer-direct-add","renderer_callbacks","count","3","3","1","1","1"
"instrument","5000","layer-direct-add","svg_element_nodes","count","3","3","26843","26843","26843"
"instrument","5000","layer-direct-add","shadow_element_nodes","count","3","3","26844","26844","26844"
"instrument","5000","layer-direct-add","shadow_all_nodes","count","3","3","26847","26847","26847"
"instrument","5000","layer-direct-add","appearances_all_layers","count","3","3","13414","13414","13414"
"instrument","5000","layer-direct-add","appearances_visible_layers","count","3","3","4436","4436","4436"
"instrument","5000","layer-direct-add","visible_point_symbols","count","3","3","2482","2482","2482"
"instrument","5000","layer-direct-add","visible_route_fragments","count","3","3","996","996","996"
"instrument","5000","layer-direct-add","visible_polygon_paths","count","3","3","453","453","453"
"instrument","5000","layer-direct-add","layers","count","3","3","13","13","13"
"instrument","5000","layer-direct-add","visible_layers","count","3","3","5","5","5"
"instrument","5000","layer-direct-remove","operation_sync_ms","ms","3","3","0","0.10000014305114746","0.10000014305114746"
"instrument","5000","layer-direct-remove","operation_to_two_raf_ms","ms","3","3","72.60000014305115","73.30000019073486","73.30000019073486"
"instrument","5000","layer-direct-remove","raf_interval_ms","ms","3","3","50","50.099999999998545","50.099999999998545"
"instrument","5000","layer-direct-remove","svg_mutation_observed","boolean","3","3","1","1","1"
"instrument","5000","layer-direct-remove","svg_last_delivery_from_start_ms","ms","3","3","68.29999995231628","69.70000004768372","69.70000004768372"
"instrument","5000","layer-direct-remove","post_sync_svg_delivery_ms","ms","3","3","68.29999995231628","69.59999990463257","69.59999990463257"
"instrument","5000","layer-direct-remove","svg_attribute_writes","count","3","3","10","10","10"
"instrument","5000","layer-direct-remove","svg_map_geometry_writes","count","3","3","1","1","1"
"instrument","5000","layer-direct-remove","svg_symbol_scale_writes","count","3","3","0","0","0"
"instrument","5000","layer-direct-remove","svg_viewbox_writes","count","3","3","0","0","0"
"instrument","5000","layer-direct-remove","root_iterator_creations","count","3","3","1","1","1"
"instrument","5000","layer-direct-remove","root_iterator_next_calls","count","3","3","5001","5001","5001"
"instrument","5000","layer-direct-remove","runtime_points_getter_reads","count","3","3","15919","15919","15919"
"instrument","5000","layer-direct-remove","runtime_contour_getter_reads","count","3","3","5928","5928","5928"
"instrument","5000","layer-direct-remove","runtime_baseZ_getter_reads","count","3","3","11844","11844","11844"
"instrument","5000","layer-direct-remove","runtime_height_getter_reads","count","3","3","11844","11844","11844"
"instrument","5000","layer-direct-remove","renderer_scene_reads","count","3","3","0","0","0"
"instrument","5000","layer-direct-remove","renderer_entries_exposed","count","3","3","0","0","0"
"instrument","5000","layer-direct-remove","renderer_composition_changes","count","3","3","0","0","0"
"instrument","5000","layer-direct-remove","renderer_changed_entries","count","3","3","0","0","0"
"instrument","5000","layer-direct-remove","renderer_callbacks","count","3","3","1","1","1"
"instrument","5000","layer-direct-remove","svg_element_nodes","count","3","3","26833","26833","26833"
"instrument","5000","layer-direct-remove","shadow_element_nodes","count","3","3","26834","26834","26834"
"instrument","5000","layer-direct-remove","shadow_all_nodes","count","3","3","26837","26837","26837"
"instrument","5000","layer-direct-remove","appearances_all_layers","count","3","3","13409","13409","13409"
"instrument","5000","layer-direct-remove","appearances_visible_layers","count","3","3","4431","4431","4431"
"instrument","5000","layer-direct-remove","visible_point_symbols","count","3","3","2477","2477","2477"
"instrument","5000","layer-direct-remove","visible_route_fragments","count","3","3","996","996","996"
"instrument","5000","layer-direct-remove","visible_polygon_paths","count","3","3","453","453","453"
"instrument","5000","layer-direct-remove","layers","count","3","3","13","13","13"
"instrument","5000","layer-direct-remove","visible_layers","count","3","3","5","5","5"
"instrument","5000","load","load_call_sync_ms","ms","3","3","104.20000004768372","109.79999995231628","109.79999995231628"
"instrument","5000","load","load_promise_ms","ms","3","3","135.5","139.40000009536743","139.40000009536743"
"instrument","5000","load","operation_to_two_raf_ms","ms","3","3","232.70000004768372","233.80000019073486","233.80000019073486"
"instrument","5000","load","raf_interval_ms","ms","3","3","83.39999999999418","83.40000000000146","83.40000000000146"
"instrument","5000","load","svg_mutation_observed","boolean","3","3","1","1","1"
"instrument","5000","load","svg_last_delivery_from_start_ms","ms","3","3","191.29999995231628","192.10000014305115","192.10000014305115"
"instrument","5000","load","post_sync_svg_delivery_ms","ms","3","3","85.79999995231628","87.90000009536743","87.90000009536743"
"instrument","5000","load","svg_attribute_writes","count","3","3","123170","123170","123170"
"instrument","5000","load","svg_map_geometry_writes","count","3","3","18460","18460","18460"
"instrument","5000","load","svg_symbol_scale_writes","count","3","3","7262","7262","7262"
"instrument","5000","load","svg_viewbox_writes","count","3","3","1","1","1"
"instrument","5000","load","root_iterator_creations","count","3","3","2","2","2"
"instrument","5000","load","root_iterator_next_calls","count","3","3","10002","10002","10002"
"instrument","5000","load","runtime_points_getter_reads","count","3","3","15920","15920","15920"
"instrument","5000","load","runtime_contour_getter_reads","count","3","3","11856","11856","11856"
"instrument","5000","load","runtime_baseZ_getter_reads","count","3","3","11844","11844","11844"
"instrument","5000","load","runtime_height_getter_reads","count","3","3","11844","11844","11844"
"instrument","5000","load","renderer_scene_reads","count","3","3","2","2","2"
"instrument","5000","load","renderer_entries_exposed","count","3","3","26822","26822","26822"
"instrument","5000","load","renderer_composition_changes","count","3","3","0","0","0"
"instrument","5000","load","renderer_changed_entries","count","3","3","13411","13411","13411"
"instrument","5000","load","renderer_callbacks","count","3","3","1","1","1"
"instrument","5000","load","svg_element_nodes","count","3","3","26837","26837","26837"
"instrument","5000","load","shadow_element_nodes","count","3","3","26838","26838","26838"
"instrument","5000","load","shadow_all_nodes","count","3","3","26841","26841","26841"
"instrument","5000","load","appearances_all_layers","count","3","3","13411","13411","13411"
"instrument","5000","load","appearances_visible_layers","count","3","3","13411","13411","13411"
"instrument","5000","load","visible_point_symbols","count","3","3","7262","7262","7262"
"instrument","5000","load","visible_route_fragments","count","3","3","2984","2984","2984"
"instrument","5000","load","visible_polygon_paths","count","3","3","1482","1482","1482"
"instrument","5000","load","layers","count","3","3","13","13","13"
"instrument","5000","load","visible_layers","count","3","3","13","13","13"
"instrument","5000","pan","raf_interval_ms","ms","72","3","16.69999999999709","16.70000000001164","16.80000000000291"
"instrument","5000","pan","camera_api_sync_ms","ms","72","3","0","0.10000014305114746","0.10000014305114746"
"instrument","5000","pan","svg_last_delivery_from_start_ms","ms","72","3","16.699999809265137","17.59999990463257","17.799999952316284"
"instrument","5000","pan","post_sync_svg_delivery_ms","ms","72","3","16.699999809265137","17.5","17.700000047683716"
"instrument","5000","pan","svg_attribute_writes","count","3","3","24","24","24"
"instrument","5000","pan","svg_map_geometry_writes","count","3","3","0","0","0"
"instrument","5000","pan","svg_symbol_scale_writes","count","3","3","0","0","0"
"instrument","5000","pan","svg_viewbox_writes","count","3","3","24","24","24"
"instrument","5000","pan","root_iterator_creations","count","3","3","0","0","0"
"instrument","5000","pan","root_iterator_next_calls","count","3","3","0","0","0"
"instrument","5000","pan","runtime_points_getter_reads","count","3","3","0","0","0"
"instrument","5000","pan","runtime_contour_getter_reads","count","3","3","0","0","0"
"instrument","5000","pan","runtime_baseZ_getter_reads","count","3","3","0","0","0"
"instrument","5000","pan","runtime_height_getter_reads","count","3","3","0","0","0"
"instrument","5000","pan","renderer_scene_reads","count","3","3","0","0","0"
"instrument","5000","pan","renderer_entries_exposed","count","3","3","0","0","0"
"instrument","5000","pan","renderer_composition_changes","count","3","3","0","0","0"
"instrument","5000","pan","renderer_changed_entries","count","3","3","0","0","0"
"instrument","5000","pan","renderer_callbacks","count","3","3","24","24","24"
"instrument","5000","pan","svg_element_nodes","count","3","3","26837","26837","26837"
"instrument","5000","pan","shadow_element_nodes","count","3","3","26838","26838","26838"
"instrument","5000","pan","shadow_all_nodes","count","3","3","26841","26841","26841"
"instrument","5000","pan","appearances_all_layers","count","3","3","13411","13411","13411"
"instrument","5000","pan","appearances_visible_layers","count","3","3","4433","4433","4433"
"instrument","5000","pan","visible_point_symbols","count","3","3","2479","2479","2479"
"instrument","5000","pan","visible_route_fragments","count","3","3","996","996","996"
"instrument","5000","pan","visible_polygon_paths","count","3","3","453","453","453"
"instrument","5000","pan","layers","count","3","3","13","13","13"
"instrument","5000","pan","visible_layers","count","3","3","5","5","5"
"instrument","5000","zoom","raf_interval_ms","ms","72","3","16.700000000004366","33.5","283.3999999999942"
"instrument","5000","zoom","camera_api_sync_ms","ms","72","3","0","0.10000014305114746","0.10000014305114746"
"instrument","5000","zoom","svg_last_delivery_from_start_ms","ms","72","3","22.75","32.799999952316284","285.59999990463257"
"instrument","5000","zoom","post_sync_svg_delivery_ms","ms","72","3","22.699999928474426","32.799999952316284","285.5"
"instrument","5000","zoom","svg_attribute_writes","count","3","3","174312","174312","174312"
"instrument","5000","zoom","svg_map_geometry_writes","count","3","3","0","0","0"
"instrument","5000","zoom","svg_symbol_scale_writes","count","3","3","174288","174288","174288"
"instrument","5000","zoom","svg_viewbox_writes","count","3","3","24","24","24"
"instrument","5000","zoom","root_iterator_creations","count","3","3","0","0","0"
"instrument","5000","zoom","root_iterator_next_calls","count","3","3","0","0","0"
"instrument","5000","zoom","runtime_points_getter_reads","count","3","3","0","0","0"
"instrument","5000","zoom","runtime_contour_getter_reads","count","3","3","0","0","0"
"instrument","5000","zoom","runtime_baseZ_getter_reads","count","3","3","0","0","0"
"instrument","5000","zoom","runtime_height_getter_reads","count","3","3","0","0","0"
"instrument","5000","zoom","renderer_scene_reads","count","3","3","0","0","0"
"instrument","5000","zoom","renderer_entries_exposed","count","3","3","0","0","0"
"instrument","5000","zoom","renderer_composition_changes","count","3","3","0","0","0"
"instrument","5000","zoom","renderer_changed_entries","count","3","3","0","0","0"
"instrument","5000","zoom","renderer_callbacks","count","3","3","24","24","24"
"instrument","5000","zoom","svg_element_nodes","count","3","3","26837","26837","26837"
"instrument","5000","zoom","shadow_element_nodes","count","3","3","26838","26838","26838"
"instrument","5000","zoom","shadow_all_nodes","count","3","3","26841","26841","26841"
"instrument","5000","zoom","appearances_all_layers","count","3","3","13411","13411","13411"
"instrument","5000","zoom","appearances_visible_layers","count","3","3","4433","4433","4433"
"instrument","5000","zoom","visible_point_symbols","count","3","3","2479","2479","2479"
"instrument","5000","zoom","visible_route_fragments","count","3","3","996","996","996"
"instrument","5000","zoom","visible_polygon_paths","count","3","3","453","453","453"
"instrument","5000","zoom","layers","count","3","3","13","13","13"
"instrument","5000","zoom","visible_layers","count","3","3","5","5","5"
